# factor-levels: seurat_clusters=c1|c2|c3|c4|c5|c6|c7|c8|c9|c10|c11|c12|c13|c14|c15|c16|c17|c18|c19|c20|c21|c22|c23|c24|c25|c26|c27|c28

p_val	avg_log2FC	pct.1	pct.2	p_val_adj	gene	seurat_clusters
1.74579517992642e-69	2.86497541738436	0.015	0.001	6.38978493804871e-65	METTL27	c16
3.36725683925737e-39	2.8354182686936	0.012	0.001	1.23244967573659e-34	CCR9	c16
4.02680677900796e-39	2.68277657385146	0.013	0.001	1.4738515491847e-34	AC010247.2	c16
3.30074046976773e-39	2.67632655610767	0.012	0.001	1.20810401933969e-34	DACT1	c16
3.45705936630349e-30	2.56767832573116	0.01	0.001	1.26531829866074e-25	AC016405.3	c16
9.2902983702223e-20	2.45395495146684	0.012	0.002	3.40034210648506e-15	VSIG2	c16
0	2.44281591766606	0.176	0.015	0	TTC39C-AS1	c16
1.88457704591984e-38	2.31665156559288	0.01	0.001	6.89774044577121e-34	TNNC1	c16
3.17362229770064e-26	2.2351609921727	0.01	0.001	1.16157749718141e-21	AC008914.1	c16
2.72572854077594e-35	2.22260402181922	0.01	0.001	9.97643903209401e-31	AC093535.1	c16
5.09753300527262e-41	2.18085122221284	0.014	0.001	1.86574805525983e-36	C14orf132	c16
0	2.17789073686809	0.146	0.015	0	NEFL	c16
6.26589221605302e-90	2.17311624854421	0.033	0.003	2.29337920999757e-85	CELA1	c16
6.19351565090658e-84	2.15109270524138	0.032	0.003	2.26688866338832e-79	TMEM45B	c16
7.85646902397775e-76	2.13504932664825	0.027	0.002	2.87554622746609e-71	AC010442.1	c16
1.24269833479263e-28	2.11368166046899	0.012	0.001	4.54840017517451e-24	BFSP2	c16
2.171015439573e-38	2.10412695906651	0.013	0.001	7.94613361038113e-34	PLEKHG5	c16
0	2.07255871768947	0.778	0.11	0	MAL	c16
5.59638175802592e-91	2.06954298026547	0.038	0.004	2.04833168725507e-86	AC136475.5	c16
6.22145487787264e-215	2.06754975913697	0.078	0.006	2.27711469985017e-210	ABO	c16
0	2.06484155919423	0.116	0.009	0	C16orf74	c16
5.91630972415993e-64	2.04023910639576	0.023	0.002	2.16542852213978e-59	ISM1	c16
5.66809773031193e-215	2.03573738786516	0.082	0.007	2.07458045027147e-210	LRRN3	c16
4.51451205078431e-101	1.99479624187155	0.04	0.004	1.65235655570756e-96	MICU3	c16
1.21639109629948e-77	1.99292869342216	0.035	0.004	4.45211305156571e-73	AC110611.2	c16
4.35600152536541e-62	1.98904642007952	0.02	0.002	1.59434011829899e-57	TRBV23-1	c16
9.79947882175618e-126	1.97951772341789	0.052	0.005	3.58670724355098e-121	LYPD3	c16
7.0302261292951e-54	1.96746020171584	0.019	0.001	2.5731330655833e-49	HTR6	c16
2.0916662990922e-150	1.96660404705954	0.056	0.005	7.65570782130737e-146	LACTB2-AS1	c16
1.12720584181305e-79	1.96138212099722	0.032	0.003	4.12568610161994e-75	GREM2	c16
1.43848452573601e-52	1.95853562095938	0.018	0.001	5.26499721264639e-48	SLC5A2	c16
0	1.95387361250324	0.143	0.013	0	CMTM8	c16
2.70392925844299e-46	1.95228955074156	0.016	0.001	9.89665147882718e-42	ATP8A2	c16
5.5142318454702e-38	1.95136732116802	0.011	0.001	2.01826399776055e-33	GNG8	c16
0	1.94896886260945	0.159	0.017	0	FUT7	c16
1.09766537751952e-66	1.94772086305732	0.021	0.001	4.0175650482592e-62	TRAV40	c16
1.19495078878237e-58	1.94503004652278	0.022	0.002	4.37363938202237e-54	ADAM23	c16
3.48395259950038e-76	1.94255546430567	0.032	0.003	1.27516149094313e-71	GTSCR1	c16
9.86522029924778e-196	1.93948902763238	0.073	0.006	3.61076928172768e-191	TSPAN18	c16
9.45629498168904e-39	1.9281822062548	0.011	0.001	3.46109852624801e-34	RNF175	c16
3.01795972591605e-75	1.92686191217715	0.03	0.003	1.10460343928253e-70	FAM184A	c16
2.36583307367137e-16	1.92455254901902	0.013	0.003	8.65918563294459e-12	ANK1	c16
7.41576313699386e-40	1.92072985123047	0.014	0.001	2.71424346577112e-35	MT3	c16
2.43936768656563e-47	1.91893703125958	0.017	0.002	8.92832966959887e-43	AC103563.7	c16
3.64580206828505e-78	1.91191030991488	0.03	0.003	1.33440001501301e-73	TMEM121	c16
0	1.90325087731032	0.332	0.053	0	BEX3	c16
0	1.90165734068633	0.49	0.067	0	PASK	c16
0	1.88337649995879	0.249	0.026	0	FXYD7	c16
1.33101137733536e-175	1.88330361535403	0.064	0.005	4.87163474218515e-171	AC133644.2	c16
1.20188914577315e-20	1.87730666471494	0.011	0.001	4.3990344624443e-16	CIB2	c16
1.10077091836461e-82	1.87568520104208	0.026	0.002	4.02893163830629e-78	CRB3	c16
9.25833293898244e-26	1.87358272850099	0.01	0.001	3.38864243899696e-21	AL109767.1	c16
0	1.87241264574434	0.149	0.015	0	PI16	c16
7.99311446530819e-109	1.86889571377719	0.041	0.003	2.92555982544745e-104	LINC02295	c16
9.86272729770929e-42	1.86854871102436	0.02	0.002	3.60985681823458e-37	RAB25	c16
1.04309601914867e-50	1.84748203557453	0.023	0.002	3.81783573968605e-46	TRBV7-7	c16
5.03977266762117e-28	1.84356637276735	0.011	0.001	1.84460719407602e-23	IL6R-AS1	c16
9.41422177602232e-27	1.83523633599428	0.013	0.002	3.44569931224193e-22	POU2AF1	c16
3.62107458080937e-129	1.83497836359469	0.049	0.004	1.32534950732204e-124	SLC22A17	c16
2.24273988226642e-39	1.83371642353367	0.03	0.005	8.20865224308333e-35	PODXL2	c16
2.63577302674106e-30	1.83277430528373	0.012	0.001	9.64719285517496e-26	AC092142.1	c16
0	1.82450742359346	0.468	0.055	0	TRABD2A	c16
5.41397951802132e-39	1.8233404697642	0.016	0.002	1.98157064339098e-34	TCEAL2	c16
7.42285222130147e-44	1.8176057042344	0.016	0.001	2.71683814151855e-39	CNN3	c16
9.12577034920097e-33	1.81502002992522	0.015	0.002	3.34012320551105e-28	CITED4	c16
0	1.80959403118868	0.259	0.036	0	SLC40A1	c16
3.61587356798588e-118	1.80336923443705	0.053	0.005	1.32344588461851e-113	ST6GALNAC1	c16
1.10624127873834e-67	1.80310155643713	0.035	0.004	4.04895370431021e-63	SUSD4	c16
1.13178373003291e-57	1.79987732209451	0.025	0.003	4.14244163029344e-53	KDF1	c16
0	1.798090806647	0.167	0.018	0	TRBV3-1	c16
6.63268926092612e-32	1.78984799187158	0.017	0.002	2.42763059639157e-27	LINC02754	c16
0	1.78609863262744	0.179	0.017	0	MDS2	c16
0	1.78512942290135	0.347	0.034	0	TSHZ2	c16
8.11631619064866e-36	1.77963155618933	0.016	0.002	2.97065288893931e-31	AC026471.3	c16
0	1.77027324249473	0.183	0.019	0	PCSK1N	c16
2.00496277352403e-293	1.76925255532672	0.151	0.018	7.33836424737531e-289	LINC02762	c16
1.95098447720173e-81	1.76650320074753	0.032	0.003	7.14079828500606e-77	MMP28	c16
2.57512217132867e-56	1.76160419069877	0.019	0.001	9.42520465928007e-52	GPR15	c16
3.55571118061627e-107	1.75670162364499	0.045	0.004	1.30142584921736e-102	HPCAL4	c16
1.28308653738896e-244	1.75518782247997	0.114	0.012	4.69622503549732e-240	HRH2	c16
3.02740954427662e-18	1.75469681514848	0.016	0.003	1.10806216730069e-13	LMNTD2	c16
9.25717372761435e-144	1.75299710229165	0.053	0.004	3.38821815604413e-139	NOG	c16
8.79321315541323e-24	1.74472824972822	0.01	0.001	3.2184039470128e-19	ESAM	c16
1.42681160516277e-301	1.7444847492371	0.146	0.016	5.22227315605625e-297	AC005842.1	c16
1.96971363578316e-56	1.74122915523962	0.017	0.001	7.20934887832993e-52	AC005920.1	c16
0	1.74105055766838	0.328	0.037	0	EPHX2	c16
2.14941235276278e-10	1.73451030034382	0.012	0.003	7.86706415234707e-06	AC005229.4	c16
8.56170291025831e-33	1.73276850115971	0.02	0.003	3.13366888218364e-28	TRBV11-1	c16
6.16760944973762e-32	1.72742540642203	0.01	0.001	2.25740673469847e-27	LINC00659	c16
0	1.72673763103687	0.794	0.139	0	TCF7	c16
5.7657785008447e-142	1.72508759152056	0.057	0.005	2.11033258909417e-137	TTC9	c16
3.53500116663503e-136	1.72469256174147	0.058	0.006	1.29384577700009e-131	AC139720.1	c16
7.44125067462123e-21	1.72427288047358	0.012	0.002	2.72357215941812e-16	EGLN3	c16
4.79462886157623e-29	1.71997271488149	0.016	0.002	1.75488210962551e-24	SLC4A5	c16
1.25516685382144e-28	1.71748781298679	0.012	0.001	4.59403620167184e-24	ANKRD31	c16
2.04583918954948e-130	1.71047489475582	0.061	0.007	7.48797601767007e-126	WNT7A	c16
0	1.71033464108001	0.131	0.012	0	VSIG1	c16
1.25583770923625e-58	1.70845417302417	0.025	0.003	4.59649159957558e-54	BTBD11	c16
3.24806799066362e-34	1.70254743828476	0.026	0.005	1.18882536526279e-29	AC008443.5	c16
7.76134675734294e-214	1.70038255529559	0.087	0.008	2.84073052665509e-209	ATG9B	c16
1.58705812987876e-40	1.69954059000578	0.021	0.003	5.80879146116925e-36	TRBV12-5	c16
1.06303370652793e-24	1.69857396871113	0.012	0.001	3.89080966926287e-20	GSTO2	c16
2.06525018618445e-196	1.68890204482953	0.091	0.01	7.55902220645371e-192	VIPR1	c16
2.85099651809659e-84	1.68558495996633	0.036	0.004	1.04349323558853e-79	RHBDL1	c16
0	1.68522485382255	0.182	0.02	0	LSR	c16
1.39901465296557e-67	1.68296762433886	0.04	0.005	5.12053353131928e-63	CARD17	c16
1.82285085956367e-73	1.68269961001503	0.039	0.005	6.671816431089e-69	HKDC1	c16
8.34405583064266e-23	1.68200505215414	0.01	0.001	3.05400787457352e-18	RCAN3AS	c16
1.97109725140098e-32	1.67948382110304	0.016	0.002	7.21441304985273e-28	SYDE2	c16
5.71716276295882e-52	1.67421675491274	0.018	0.001	2.09253874287056e-47	BX293535.1	c16
0	1.66936178169363	0.948	0.395	0	NOSIP	c16
1.22471301963065e-60	1.6591523084977	0.024	0.002	4.48257212315015e-56	AL034550.2	c16
0	1.65251596310128	0.997	0.458	0	LTB	c16
5.72649459422065e-79	1.64547570040344	0.039	0.004	2.0959542864307e-74	TRAV30	c16
2.20070759614377e-52	1.64153387719675	0.032	0.005	8.0548098726458e-48	MEOX1	c16
1.45257077957387e-32	1.64059053655257	0.013	0.001	5.31655431031833e-28	DTX1	c16
1.27496202305708e-58	1.63355971644091	0.03	0.004	4.66648850059122e-54	DBNDD1	c16
4.421450240478e-15	1.62551233380811	0.011	0.002	1.61829500251735e-10	AC011481.2	c16
3.96144578255618e-158	1.62326537612432	0.063	0.006	1.44992877087339e-153	LEF1-AS1	c16
7.90248490159674e-17	1.62261752659455	0.01	0.001	2.89238849883342e-12	CAVIN1	c16
7.8672438236753e-59	1.62022249876208	0.024	0.002	2.8794899119034e-54	LINC00173	c16
1.7263781613717e-53	1.61941125330756	0.027	0.003	6.31871670843655e-49	NHLRC4	c16
1.24552364667728e-56	1.61867776319525	0.033	0.004	4.55874109920351e-52	PFN2	c16
6.17793476241454e-19	1.61750937670058	0.013	0.002	2.26118590239135e-14	PCBP3	c16
2.13416504878255e-220	1.61686340909404	0.104	0.011	7.811257495049e-216	IATPR	c16
0	1.61605109060502	0.63	0.095	0	LEF1	c16
6.10917029364935e-50	1.61241365486928	0.032	0.005	2.2360174191786e-45	ZNF467	c16
1.39136258094372e-107	1.6075858988512	0.041	0.004	5.09252618251211e-103	SATB1-AS1	c16
4.47084251148907e-283	1.60288800495652	0.132	0.014	1.63637306763012e-278	TRAV23DV6	c16
1.36392604926234e-42	1.60266701913203	0.025	0.003	4.99210573290509e-38	AL360178.1	c16
4.40303019298626e-32	1.60165071850453	0.017	0.002	1.6115530809349e-27	PLLP	c16
0	1.5896726358887	0.587	0.085	0	CCR7	c16
6.0257259513954e-36	1.58744418365167	0.019	0.002	2.20547595547023e-31	AIRE	c16
2.67830466176335e-87	1.57839477095388	0.039	0.004	9.80286289252003e-83	SPINK2	c16
7.4318724064238e-48	1.57331493788517	0.026	0.003	2.72013961947517e-43	HYKK	c16
1.63533122240208e-33	1.57251474236379	0.013	0.001	5.98547580711385e-29	TSHR	c16
0	1.57046722710845	0.35	0.044	0	LINC02273	c16
1.22031807371343e-252	1.56511682370369	0.14	0.018	4.46648618159852e-248	GCSAM	c16
3.89929399888536e-108	1.55880776916462	0.056	0.007	1.42718059653203e-103	FBXL16	c16
2.24762242006626e-187	1.55835646799418	0.093	0.011	8.2265228196845e-183	AK5	c16
4.98242904924775e-72	1.5579851192633	0.035	0.004	1.82361885631517e-67	LMTK3	c16
5.02189375173762e-87	1.55615285978542	0.045	0.005	1.83806333207349e-82	TRBV25-1	c16
7.70753353018672e-28	1.55606712088033	0.012	0.001	2.82103434738364e-23	SALL2	c16
4.46015837505925e-30	1.55408952773537	0.015	0.002	1.63246256685544e-25	C2CD4D	c16
1.99820657684486e-12	1.5493926193552	0.01	0.002	7.31363589190986e-08	AL442663.3	c16
2.17429596770707e-131	1.54651628722508	0.08	0.011	7.95814067140465e-127	FXYD2	c16
0	1.54582076508054	0.406	0.056	0	BEX2	c16
4.97885502076725e-29	1.54464452846694	0.012	0.001	1.82231072615102e-24	HID1	c16
1.10664761984406e-91	1.54259839202819	0.042	0.004	4.05044095339124e-87	AC009041.2	c16
3.25884741055223e-41	1.5364961450072	0.019	0.002	1.19277074073622e-36	PRRT1	c16
8.32793490509402e-67	1.53427652178843	0.057	0.011	3.04810745461346e-62	GPR146	c16
2.35281209185232e-117	1.53349473498602	0.046	0.004	8.61152753738868e-113	FAM153A	c16
4.6014893427607e-18	1.53223297075365	0.01	0.001	1.68419111434384e-13	AC105206.3	c16
6.04669319450721e-25	1.52934877576052	0.01	0.001	2.21315017612158e-20	AL139246.3	c16
0	1.52807741564998	0.247	0.03	0	FBLN5	c16
6.03882200763398e-124	1.52553096484791	0.068	0.009	2.21026924301411e-119	IL23A	c16
2.41722990303029e-307	1.52343411204833	0.143	0.015	8.84730316808116e-303	LINC01215	c16
2.5862796986056e-61	1.52256177811402	0.03	0.003	9.46604232486634e-57	AP000977.1	c16
4.05943976225952e-43	1.5196574090707	0.016	0.001	1.48579554738461e-38	AC016596.1	c16
2.45416461372418e-150	1.51428853961527	0.079	0.01	8.98248790269187e-146	GRAP	c16
5.36060936696771e-84	1.51320665630286	0.057	0.009	1.96203663440385e-79	SULT1B1	c16
4.78056411787727e-33	1.51227265206154	0.016	0.002	1.74973427278426e-28	SDR42E1	c16
6.75173759211138e-16	1.51099125061983	0.013	0.003	2.47120347608869e-11	AC009812.1	c16
9.67870790310569e-79	1.51007902054775	0.033	0.003	3.54250387961571e-74	ECRG4	c16
1.89716022716523e-28	1.50678260151272	0.014	0.002	6.94379614744747e-24	TLR9	c16
4.28876543524532e-23	1.50591144211432	0.012	0.001	1.56973103695414e-18	AL138778.1	c16
4.26537715443249e-250	1.49794590155429	0.119	0.013	1.56117069229384e-245	ANKRD55	c16
0	1.49438462858778	0.788	0.155	0	FCMR	c16
1.99074037708742e-141	1.48650664559623	0.097	0.015	7.28630885417768e-137	AC083798.2	c16
2.99124708629709e-185	1.48633843227297	0.111	0.015	1.0948263460556e-180	TRBV12-3	c16
0	1.4838272659199	0.786	0.154	0	SELL	c16
1.44900569599234e-14	1.4755172895346	0.01	0.002	5.30350574790157e-10	AC087164.1	c16
0	1.47545913425856	0.878	0.202	0	CD27	c16
9.95631380590938e-117	1.47333539793462	0.041	0.003	3.64411041610089e-112	FAM153B	c16
0	1.47319209901034	0.192	0.024	0	LDOC1	c16
1.06051288978131e-28	1.47040250346858	0.014	0.002	3.88158322788856e-24	EFHD1	c16
1.01975484118227e-155	1.47038685498046	0.089	0.012	3.73240469421121e-151	TRBV12-4	c16
9.53769053735432e-20	1.46478748061468	0.01	0.001	3.49089011357705e-15	ZNF793-AS1	c16
1.45991507049402e-200	1.46366249172057	0.094	0.01	5.34343514951516e-196	MORN3	c16
9.05598903051599e-21	1.46078488014328	0.01	0.001	3.31458254505916e-16	AC093690.1	c16
2.1201474201224e-95	1.45913040424502	0.048	0.006	7.75995157239001e-91	TKTL1	c16
1.55902254261747e-288	1.45805542882215	0.133	0.014	5.70617840823419e-284	ACSL6	c16
0	1.45692993854846	0.773	0.189	0	PLSCR3	c16
3.64085188644469e-107	1.45556155018776	0.06	0.008	1.33258819895762e-102	AC004585.1	c16
2.31770371888405e-28	1.45321323090627	0.014	0.002	8.48302738148751e-24	KRT73-AS1	c16
0	1.44835861753046	0.197	0.025	0	LINC02361	c16
2.43409531520661e-18	1.44795045178789	0.01	0.001	8.90903226318772e-14	ZNF460-AS1	c16
7.98168047381745e-41	1.44456855691948	0.024	0.003	2.92137487022193e-36	AL355999.1	c16
4.22021353953667e-21	1.44411626387731	0.012	0.002	1.54464035760582e-16	AC010754.1	c16
2.69630362572972e-16	1.44128078299497	0.013	0.002	9.86874090053334e-12	AC008393.1	c16
6.65344092477236e-32	1.44101770526412	0.014	0.001	2.43522591287593e-27	KISS1R	c16
0	1.43789214422918	0.182	0.02	0	FBLN7	c16
1.27715456772929e-55	1.43078026792853	0.031	0.004	4.67451343334598e-51	AC022182.2	c16
1.09070497733161e-46	1.43041084009771	0.02	0.002	3.99208928753142e-42	AL158055.1	c16
2.74322183020186e-22	1.42761898254128	0.016	0.003	1.00404662207218e-17	B3GNT9	c16
5.29903323291616e-33	1.42515768737647	0.025	0.004	1.93949915357964e-28	LINC01569	c16
0	1.4243501205975	0.342	0.047	0	AC008555.4	c16
2.03380630733289e-57	1.42200126570051	0.03	0.004	7.44393446546912e-53	ELOVL4	c16
0	1.41936484916516	0.267	0.04	0	TRBV7-2	c16
0	1.41609099778666	0.408	0.063	0	MARCKSL1	c16
3.69832142626598e-143	1.40981073046612	0.078	0.01	1.35362262522761e-138	AC136475.1	c16
1.12920660059855e-195	1.40894632165818	0.175	0.034	4.13300907885075e-191	SOCS3	c16
1.66910500974362e-175	1.40841741819373	0.106	0.015	6.10909124616263e-171	INTS6-AS1	c16
4.44457500288177e-91	1.40697477205505	0.045	0.005	1.62675889680476e-86	KCNK12	c16
0	1.40448518537765	0.314	0.043	0	RIC3	c16
1.537510636697e-47	1.40210611769017	0.019	0.002	5.6274426813747e-43	AC104971.3	c16
4.96809899544586e-29	1.40083031217919	0.016	0.002	1.81837391332314e-24	DNAH6	c16
0	1.40000477070166	0.205	0.025	0	TMIGD2	c16
2.86138821845148e-40	1.3988791700054	0.021	0.003	1.04729670183542e-35	LINC00824	c16
9.84670406727472e-26	1.39854256917774	0.013	0.002	3.60399215566322e-21	CNKSR1	c16
1.33155517662905e-13	1.39735933166843	0.013	0.003	4.87362510197999e-09	CDNF	c16
1.01324820761243e-28	1.39540433980584	0.016	0.002	3.70858976468226e-24	GPC2	c16
6.46707914548263e-27	1.39254408510915	0.016	0.002	2.3670156380381e-22	PTGIR	c16
2.11879210103097e-41	1.39253535999192	0.018	0.002	7.75499096898345e-37	LINC01825	c16
5.56025958432084e-80	1.38868729198804	0.05	0.007	2.03511061045727e-75	WDR86	c16
2.71572035017549e-18	1.38704458671209	0.02	0.005	9.9398080536773e-14	PDE9A	c16
0	1.38649304219588	0.224	0.027	0	CYB561D2.1	c16
3.91277724117892e-72	1.3850279505457	0.034	0.004	1.4321155980439e-67	KANK1	c16
3.3664848239339e-16	1.38488519098103	0.012	0.002	1.23216711040805e-11	ESPN	c16
0	1.38332538640969	0.33	0.05	0	NPDC1	c16
1.73383458971595e-117	1.38135822818116	0.086	0.014	6.34600798181934e-113	TRBV29-1	c16
1.56196671706744e-54	1.37917130548643	0.029	0.004	5.71695438113854e-50	SGPP2	c16
2.73773442764536e-14	1.37901055650983	0.012	0.002	1.00203817786248e-09	SLC9A3	c16
3.74639404354535e-144	1.37793053817783	0.084	0.011	1.37121768387803e-139	LMO7	c16
5.6557601587906e-121	1.37149359773279	0.065	0.008	2.07006477571895e-116	LINC01891	c16
9.95805957548404e-18	1.37026854623107	0.013	0.002	3.64474938522291e-13	AL592183.1	c16
3.24195632519858e-270	1.36830595529913	0.119	0.012	1.18658843458593e-265	RNF157	c16
7.29884603179696e-43	1.368211454803	0.028	0.004	2.671450636098e-38	TJP3	c16
0	1.36589367408691	0.295	0.045	0	TRBV5-1	c16
2.43630151411206e-13	1.36295328494602	0.012	0.002	8.91710717180157e-09	TLE2	c16
3.96842587512166e-50	1.36074496617124	0.027	0.003	1.45248355455328e-45	SNPH	c16
1.29470116465379e-301	1.36012373324867	0.167	0.021	4.73873573274935e-297	TRBV2	c16
1.20465119049717e-148	1.35928292268133	0.083	0.011	4.4091438223387e-144	TMEM25	c16
0	1.35798835745596	0.212	0.027	0	CD79B	c16
1.06025459669469e-15	1.35740812452609	0.01	0.002	3.88063784936222e-11	SNHG18	c16
1.41241498412744e-23	1.35061497675235	0.01	0.001	5.16958008340485e-19	SLC5A5	c16
5.69692845417487e-195	1.35006408675745	0.127	0.019	2.08513278351254e-190	SYNJ2	c16
1.9475376661857e-57	1.34840401145144	0.032	0.004	7.1281826120063e-53	CXCR5	c16
0	1.34679341486268	0.542	0.09	0	GPR183	c16
2.88326552915206e-25	1.34395750573458	0.016	0.002	1.05530401632495e-20	FAM171A1	c16
1.68025166567559e-54	1.34257375831512	0.035	0.005	6.14988912153924e-50	ZFYVE9	c16
7.7034168758887e-23	1.33960456802243	0.016	0.003	2.81952761074402e-18	CTRL	c16
5.2844315254845e-141	1.33942283092284	0.085	0.012	1.93415478264258e-136	PLCL1	c16
5.35699326253592e-207	1.33737332568058	0.107	0.013	1.96071310402077e-202	AC012645.3	c16
2.80162772635489e-141	1.33671446798997	0.069	0.008	1.02542376412315e-136	HOOK1	c16
1.39737030379101e-58	1.33640601592604	0.027	0.003	5.11451504890547e-54	REM2	c16
1.10974694885968e-66	1.33504095852056	0.047	0.008	4.06178480752132e-62	NCMAP-DT	c16
1.20244257510833e-193	1.33455751205817	0.102	0.012	4.40106006915399e-189	FAAH2	c16
2.6160363770825e-20	1.33446974878143	0.014	0.002	9.57495474375967e-16	AC011416.3	c16
0	1.33259544157749	0.975	0.367	0	LIMD2	c16
6.0683754791901e-65	1.33011884076447	0.038	0.005	2.22108610913837e-60	BIK	c16
8.42009618950751e-111	1.3288999078341	0.053	0.006	3.08183940632164e-106	CPA5	c16
1.82977220868643e-98	1.32338991324663	0.046	0.005	6.6971492610132e-94	TRBV6-4	c16
4.2758748808905e-243	1.32264154846028	0.224	0.044	1.56501296515473e-238	PLEKHB1	c16
8.55707312259384e-228	1.3212852562917	0.133	0.018	3.13197433360057e-223	TRBV18	c16
1.07275963078637e-191	1.31925881801761	0.247	0.063	3.9264075246412e-187	FHIT	c16
8.33603382599709e-86	1.31765547348516	0.043	0.005	3.05107174065319e-81	LINC00653	c16
2.5598482352981e-20	1.31751124740638	0.02	0.004	9.36930052601456e-16	SMARCD3	c16
3.60485879403283e-24	1.31718540662254	0.023	0.005	1.31941436720396e-19	AC020910.5	c16
1.42000045736958e-31	1.31424114142635	0.03	0.006	5.19734367401839e-27	GPR150	c16
1.09182799498153e-18	1.31090891479574	0.017	0.003	3.99619964443191e-14	PNMA5	c16
7.56594004153758e-21	1.31025008997216	0.012	0.002	2.76920971460317e-16	SPON1	c16
2.06323585813126e-35	1.31002439690385	0.015	0.002	7.55164956434621e-31	AC008443.9	c16
0	1.3064677259896	0.207	0.028	0	GAMT	c16
1.90030684957103e-84	1.30486979503217	0.042	0.005	6.95531310011493e-80	RLN2	c16
0	1.30313815353756	0.369	0.081	0	MYC	c16
2.00963606713948e-172	1.30223062910927	0.115	0.017	7.3554689693372e-168	PRKAG2-AS1	c16
4.83356795871118e-14	1.30104750774907	0.019	0.005	1.76913420856788e-09	GCAT	c16
8.05874129456768e-41	1.30017989109442	0.019	0.002	2.94957990122472e-36	LINC00544	c16
1.78558650066063e-21	1.29950800231866	0.011	0.001	6.53542515106796e-17	AC091814.1	c16
1.54814304124566e-174	1.29802362871403	0.1	0.013	5.66635834526323e-170	AC022916.1	c16
9.76647366643191e-126	1.29571509154138	0.062	0.007	3.57462702665074e-121	CERNA1	c16
0	1.29457016920402	0.234	0.035	0	TRBV19	c16
8.83043074829379e-87	1.29031804824305	0.053	0.007	3.23202595818301e-82	ZBTB16	c16
1.24415915630106e-49	1.28750892796505	0.027	0.003	4.55374692797751e-45	ROPN1L	c16
0	1.28724418254498	0.33	0.052	0	AC245407.2	c16
5.70771032395839e-166	1.2861186678977	0.091	0.012	2.08907905567201e-161	TRBV30	c16
6.49901102440571e-122	1.28441958466839	0.075	0.01	2.37870302504273e-117	AC111182.1	c16
3.18592749549052e-10	1.28407324225311	0.012	0.003	1.16608132262448e-05	FGF14-AS2	c16
4.88432621979374e-74	1.2837077262576	0.035	0.004	1.78771223970671e-69	GCNT4	c16
0	1.28157401853581	0.208	0.03	0	NSG1	c16
4.14989095392661e-25	1.27926659454519	0.013	0.002	1.51890158804668e-20	CACNA1I	c16
3.10092863716842e-286	1.27919475057473	0.346	0.084	1.13497089049001e-281	SH3YL1	c16
1.19050255820165e-13	1.27891507563752	0.01	0.002	4.35735841327386e-09	NAT14	c16
4.98895205150379e-16	1.27850703706833	0.012	0.002	1.8260063403709e-11	AC034231.1	c16
1.77039001251691e-83	1.27790920492374	0.098	0.023	6.47980448481316e-79	MFGE8	c16
1.75914604882793e-213	1.27782001308361	0.112	0.014	6.43865045331512e-209	TRAV38-1	c16
0	1.2771919092991	0.526	0.118	0	YPEL3	c16
1.10334371220563e-59	1.27693268044807	0.032	0.004	4.03834832104383e-55	RNF212	c16
2.83890609532248e-96	1.2737825053135	0.053	0.007	1.03906801994898e-91	TRBV15	c16
3.68242986697376e-52	1.27193749279184	0.067	0.017	1.34780615561106e-47	CCR10	c16
2.22426526127936e-22	1.27191562494928	0.011	0.001	8.1410332828086e-18	EDAR	c16
1.03785377855357e-253	1.27107935548455	0.135	0.017	3.79864861488394e-249	LINC00402	c16
2.32356537384218e-20	1.26944394706238	0.01	0.001	8.50448162479976e-16	FLT4	c16
9.95710984044608e-21	1.26865959880509	0.013	0.002	3.64440177270167e-16	AL157813.1	c16
7.881878187066e-24	1.26791061648566	0.035	0.01	2.88484623524803e-19	AC007114.1	c16
0	1.26668641783606	0.433	0.071	0	TESPA1	c16
1.69882797574669e-132	1.26638258702526	0.098	0.016	6.21788027403047e-128	AP002748.4	c16
4.95153192019486e-39	1.26619956513538	0.023	0.003	1.81231019811052e-34	GNG7	c16
3.69617283267815e-47	1.26485835820563	0.018	0.002	1.35283621848853e-42	CALY	c16
0	1.26464259779971	0.895	0.257	0	FLT3LG	c16
1.62864416868621e-203	1.26343327105574	0.128	0.018	5.96100052180839e-199	PRR7	c16
9.83043554689723e-16	1.26153295614846	0.01	0.002	3.59803771451985e-11	AC124016.2	c16
1.20735832931999e-116	1.25658263043564	0.131	0.03	4.41905222114408e-112	DBP	c16
2.29883386494232e-82	1.25605000352877	0.049	0.007	8.4139618290754e-78	TRBV7-4	c16
0	1.2554931410466	0.672	0.12	0	PRKCQ-AS1	c16
1.84647135027823e-162	1.25451943559485	0.095	0.013	6.75826978915334e-158	AL499604.1	c16
2.80783732066553e-68	1.24914648110326	0.037	0.005	1.02769653773679e-63	SEC14L2	c16
1.62638541436331e-52	1.24724153794904	0.034	0.005	5.95273325511113e-48	LIPE	c16
2.43504300345244e-32	1.24441726176069	0.017	0.002	8.91250089693626e-28	ANKRD18A	c16
6.10648547337503e-164	1.24403396682734	0.089	0.011	2.23503474811e-159	AP000787.1	c16
1.04555700354257e-29	1.24242531138731	0.021	0.004	3.82684318866615e-25	STX17-AS1	c16
4.73470531261651e-107	1.24230449534005	0.071	0.011	1.73294949147077e-102	MEGF6	c16
2.42413791206079e-228	1.24196949990125	0.146	0.021	8.8725871719337e-224	AC013264.1	c16
1.064027828842e-28	1.24112240169864	0.016	0.002	3.89444825634459e-24	AC016957.2	c16
5.74206825353133e-71	1.23921575795107	0.087	0.021	2.101654401475e-66	GSTM3	c16
5.47590113908675e-307	1.23338479613042	0.185	0.025	2.00423457591714e-302	ISYNA1	c16
9.14530544265909e-26	1.23167096848258	0.024	0.005	3.34727324506765e-21	DARS-AS1	c16
5.68445643009212e-13	1.22955449186488	0.011	0.002	2.08056789797802e-08	AC087645.2	c16
2.30742353286179e-61	1.22571188525154	0.04	0.006	8.44540087262744e-57	ZNF395	c16
2.97003922383763e-228	1.22453297466513	0.37	0.111	1.08706405631681e-223	ARMH1	c16
3.95061004811577e-165	1.22336633248605	0.095	0.012	1.44596278371085e-160	AGMAT	c16
0	1.22112698948991	0.703	0.175	0	KLF2	c16
0	1.22102798154211	0.329	0.05	0	LINC01550	c16
9.33139192353267e-32	1.21924543980558	0.014	0.002	3.41538275793219e-27	AC008403.3	c16
9.77508142847828e-15	1.21856439224631	0.012	0.002	3.57777755363734e-10	IER3-AS1	c16
4.25363266994833e-45	1.21725972847589	0.027	0.004	1.55687209352779e-40	LRFN3	c16
9.25076763831731e-24	1.21648341015961	0.018	0.003	3.38587346330052e-19	AC008875.2	c16
8.60501017966449e-93	1.21561541966423	0.065	0.01	3.149519775859e-88	AP003717.4	c16
0	1.21179224538218	0.954	0.473	0	GAS5	c16
5.4710893739898e-16	1.21049991219062	0.016	0.003	2.00247342177401e-11	MAP1A	c16
4.4181930685689e-205	1.20929858644656	0.135	0.02	1.6171028450269e-200	PTP4A3	c16
5.89908435179769e-223	1.20894222165577	0.25	0.057	2.15912386360147e-218	NSMCE3	c16
1.12686443486259e-227	1.20807830664077	0.253	0.057	4.12443651804057e-223	EBPL	c16
0	1.20271264520395	0.944	0.322	0	LIME1	c16
0	1.2022194590078	0.474	0.08	0	SIRPG	c16
2.07624177717299e-41	1.20187518127351	0.03	0.005	7.59925252863086e-37	HIST1H3A	c16
0	1.20087461469384	0.938	0.48	0	JUNB	c16
3.31221468903966e-18	1.19829136936866	0.027	0.008	1.21230369833541e-13	LINC01232	c16
1.88265889536317e-14	1.19764006642102	0.01	0.002	6.89071982291874e-10	DCHS1	c16
5.9354756531916e-29	1.19734087627064	0.017	0.002	2.17244344382466e-24	LINC01237	c16
1.02034579794399e-26	1.19645944960945	0.016	0.002	3.7345676550548e-22	ZNF837	c16
4.65333301892813e-227	1.19534535424586	0.175	0.029	1.70316641825789e-222	WDR86-AS1	c16
7.63040439373393e-169	1.19424879661631	0.113	0.017	2.79280431215056e-164	TRBV4-2	c16
3.58629439626765e-73	1.19376998219241	0.042	0.006	1.31261961197792e-68	OR4D1	c16
5.83160649113625e-52	1.19249453725993	0.025	0.003	2.13442629182078e-47	LINC01259	c16
0	1.19109986462771	0.428	0.091	0	SNHG3	c16
5.26288576060797e-90	1.19000713507933	0.052	0.007	1.92626881724012e-85	TRBV21-1	c16
7.21128285349949e-166	1.18998120562583	0.127	0.021	2.63940163720935e-161	TRBV6-2	c16
0	1.1896885455364	0.23	0.034	0	SPNS3	c16
3.14452452568646e-14	1.18655023614217	0.012	0.002	1.1509274216465e-09	SIRT4	c16
0	1.18585269105803	0.947	0.482	0	TLE5	c16
1.04207778412619e-09	1.18567797010548	0.012	0.003	3.81410889768026e-05	MZF1-AS1	c16
0	1.18528352940007	0.304	0.05	0	POU2F2	c16
1.36728252068348e-37	1.18504664568788	0.023	0.003	5.00439075395361e-33	AC078785.1	c16
2.87504702188065e-49	1.18216412140561	0.035	0.006	1.05229596047854e-44	CHN1	c16
5.16325288432983e-58	1.18171062112666	0.037	0.005	1.88980218819356e-53	MAGEE1	c16
1.1747261602069e-19	1.17770716085724	0.013	0.002	4.29961521897329e-15	COL5A3	c16
9.11615189841343e-44	1.17764703679686	0.035	0.006	3.3366027563383e-39	NOS3	c16
6.59483336370395e-280	1.17464994920623	0.15	0.019	2.41377495944928e-275	TRBV6-1	c16
6.21838819133059e-13	1.17436506454279	0.012	0.002	2.27599226190891e-08	LINC00511	c16
1.77659782294547e-13	1.17351857808229	0.013	0.003	6.50252569176273e-09	ARHGAP5-AS1	c16
1.67398203888454e-34	1.17191448575942	0.018	0.002	6.12694166052129e-30	BEND5	c16
1.24880636714576e-80	1.16914682775503	0.056	0.009	4.5707561843902e-76	AGER	c16
1.83541641076663e-60	1.16837392974023	0.045	0.008	6.71780760504693e-56	TESMIN	c16
1.63474404202209e-287	1.16831989928936	0.199	0.031	5.98332666820506e-283	AC073111.4	c16
2.34643143595963e-119	1.16189617992981	0.095	0.017	8.58817369875583e-115	AC093157.1	c16
7.66646208058318e-188	1.16160163338839	0.123	0.018	2.80600178611425e-183	OLFM2	c16
3.58182748370664e-94	1.15873336981773	0.073	0.013	1.31098467731147e-89	PPP1R3F	c16
1.36096573778642e-15	1.15849790058604	0.011	0.002	4.98127069687208e-11	AC244502.1	c16
1.02188958447188e-57	1.15816480914162	0.049	0.009	3.74021806812554e-53	KRT1	c16
8.50168145856309e-161	1.15753877854823	0.084	0.01	3.11170043064868e-156	TRAV41	c16
8.76496599589439e-78	1.15708980242249	0.047	0.007	3.20806520415731e-73	TRBV5-5	c16
0	1.15701934045911	0.303	0.047	0	RGL4	c16
4.34962125927639e-23	1.15672825868408	0.012	0.001	1.59200487710775e-18	AC104958.2	c16
3.70785208196608e-25	1.15482842681	0.021	0.004	1.3571109405204e-20	C10orf91	c16
4.63767790563303e-42	1.1535103605525	0.037	0.007	1.69743649024075e-37	HAR1A	c16
2.20560580872164e-106	1.15350398943078	0.065	0.009	8.07273782050209e-102	TRAV2	c16
0	1.15029035209331	0.528	0.117	0	THEM4	c16
0	1.14691573668908	0.999	0.889	0	RPS6	c16
1.26331903841057e-260	1.14301901763952	0.17	0.025	4.62387401248654e-256	HAPLN3	c16
8.07371239700727e-270	1.14254589213508	0.168	0.024	2.95505947442863e-265	TRAV38-2DV8	c16
1.57473979633357e-145	1.14229107012569	0.116	0.02	5.76370512856049e-141	FXYD1	c16
4.05319303586433e-56	1.1412627251093	0.057	0.012	1.4835091830567e-51	FAM216A	c16
2.0293233683643e-70	1.13983985072693	0.046	0.007	7.42752646055019e-66	DMTN	c16
2.06657957663196e-24	1.13930133349877	0.021	0.004	7.56388790843064e-20	AC113410.4	c16
0	1.1392320625784	1	0.946	0	RPS12	c16
4.21485824814332e-33	1.1377348089624	0.014	0.001	1.54268026740293e-28	AL117381.1	c16
0	1.13574308467485	0.337	0.055	0	SATB1	c16
9.92609680671619e-15	1.13550046265732	0.01	0.002	3.63305069222619e-10	MAP3K9	c16
4.44201926550091e-89	1.13425608678991	0.07	0.012	1.62582347136599e-84	PTPRN2	c16
1.09638058924053e-49	1.13387828250272	0.038	0.006	4.01286259467928e-45	PLD6	c16
6.70514901144104e-184	1.13273292086919	0.104	0.013	2.45415158967754e-179	RTKN2	c16
1.90042010123942e-201	1.1304652735691	0.237	0.056	6.95572761254639e-197	FAM153CP	c16
2.91526534142356e-44	1.12950519567153	0.031	0.005	1.06701626761444e-39	AC044849.1	c16
5.08490110547026e-217	1.12653470278925	0.142	0.021	1.86112465361317e-212	TRAV12-1	c16
0	1.12645541840183	1	0.948	0	RPL13	c16
1.74557055041083e-253	1.12502222452259	0.132	0.016	6.38896277155869e-249	TRBV5-6	c16
3.75785642089869e-95	1.12119636507753	0.061	0.009	1.37541302861313e-90	AC009133.3	c16
0	1.11904901263164	0.971	0.511	0	IL7R	c16
0	1.11890571534614	0.835	0.285	0	PRDX2	c16
3.16957332788221e-168	1.11883859274956	0.091	0.011	1.16009553373817e-163	TRAV8-1	c16
2.11882034708224e-19	1.11566189423146	0.015	0.003	7.75509435235569e-15	PPP1R32	c16
1.26244590335614e-22	1.11469296066595	0.014	0.002	4.62067825087381e-18	F2RL2	c16
0	1.11397211339565	0.452	0.096	0	PIM2	c16
1.44707656846696e-51	1.11230060887473	0.033	0.005	5.29644494824591e-47	AL359513.1	c16
3.30109830592919e-09	1.11118020237869	0.011	0.003	0.000120823499095314	FAM174B	c16
1.20686056647744e-25	1.10712842876231	0.046	0.014	4.41723035936406e-21	MINDY1	c16
0	1.10527703611248	0.681	0.155	0	TRBC1	c16
3.49191326886412e-53	1.10432891610573	0.043	0.008	1.27807517553696e-48	ZNF48	c16
9.58313125973258e-40	1.10427818698404	0.039	0.008	3.50752187237472e-35	LINC00891	c16
1.0343222571461e-45	1.10426911781189	0.022	0.003	3.78572289338045e-41	TRAV34	c16
9.11440888271969e-172	1.10272553049185	0.169	0.035	3.33596479516423e-167	MAGEF1	c16
0	1.10268718956032	0.213	0.031	0	TXK	c16
2.27626676977469e-18	1.10140802400502	0.013	0.002	8.33136400405236e-14	Z94721.1	c16
0	1.09956348713075	0.844	0.238	0	ISG20	c16
0	1.09917037157349	0.998	0.777	0	EEF1G	c16
0	1.09562073456877	0.715	0.211	0	ADD3	c16
0	1.09512864417313	0.241	0.036	0	TRAV9-2	c16
0	1.09265133325827	0.231	0.034	0	TRBV28	c16
0	1.09167524058856	1	0.917	0	RPS18	c16
1.0229803056319e-137	1.09152817070138	0.166	0.04	3.74421021664332e-133	PDCD4-AS1	c16
2.47470837934702e-159	1.0899098153004	0.091	0.012	9.05768013924801e-155	EPHA4	c16
6.53727209930319e-21	1.08905689569243	0.017	0.003	2.39270696106596e-16	AL590705.1	c16
0	1.08897953209187	1	0.925	0	RPL32	c16
3.07373186512937e-173	1.08738997805303	0.127	0.021	1.125016599956e-168	TRBV6-6	c16
0	1.08650622393503	0.325	0.054	0	NELL2	c16
0	1.08484079532567	0.997	0.7	0	LDHB	c16
2.50159645367014e-72	1.08108662480308	0.06	0.011	9.15609318007809e-68	NUAK2	c16
0	1.08040093795515	0.378	0.089	0	H1FX	c16
0	1.07831030582729	0.958	0.382	0	CD48	c16
2.9557062592512e-77	1.07814142973415	0.057	0.009	1.08181804794853e-72	MLLT11	c16
5.87544375960825e-46	1.07729211059212	0.03	0.005	2.15047117045421e-41	AC090061.1	c16
3.26238146783444e-155	1.0761071058405	0.134	0.025	1.19406424104208e-150	TSPOAP1-AS1	c16
0	1.07569254293253	0.718	0.177	0	OCIAD2	c16
0	1.0750969681901	0.998	0.799	0	EEF1B2	c16
0	1.07487574944521	0.999	0.902	0	RPL18	c16
1.34392597798687e-21	1.07464789186578	0.012	0.002	4.91890347202975e-17	SV2A	c16
0	1.07453501319982	0.999	0.871	0	RPL5	c16
0	1.0738317636899	0.957	0.479	0	C12orf57	c16
0	1.07299891934675	0.794	0.254	0	BIN1	c16
2.79904005940417e-42	1.07266956201104	0.025	0.004	1.02447665214252e-37	AXIN2	c16
1.22391232176417e-22	1.0715091579141	0.016	0.003	4.47964148888904e-18	AC020911.2	c16
0	1.07111429206902	0.464	0.079	0	ITGB2-AS1	c16
4.27714004290039e-55	1.07109409290565	0.029	0.004	1.56547602710197e-50	ALS2CL	c16
0	1.0693057439568	0.999	0.859	0	RPL9	c16
5.0328219957855e-281	1.06911964532309	0.582	0.215	1.84206317867745e-276	MZT2B	c16
2.09421790157423e-68	1.06891034897811	0.039	0.005	7.66504694155183e-64	AFF3	c16
2.2682868231715e-36	1.06877454162571	0.018	0.002	8.30215660149001e-32	AEBP1	c16
4.32401016070618e-27	1.0677239095688	0.018	0.003	1.58263095892007e-22	SLAIN1	c16
1.6755616399812e-285	1.06759252555012	0.209	0.034	6.1327231584952e-281	AC025164.1	c16
3.48410734405431e-21	1.06745497486944	0.011	0.001	1.27521812899732e-16	LINGO3	c16
5.71906882337001e-17	1.06722851523608	0.017	0.004	2.09323638004166e-12	SDR42E2	c16
1.6299042397012e-110	1.06722284100242	0.066	0.009	5.96561250773035e-106	COL18A1	c16
3.96769938080774e-303	1.06676318153367	0.384	0.095	1.45221765036944e-298	LDLRAP1	c16
0	1.06665337520818	1	0.907	0	RPS4X	c16
1.30281966511813e-68	1.06657593248498	0.05	0.008	4.76845025629887e-64	HAR1B	c16
4.63265180911918e-211	1.06396313560298	0.192	0.037	1.69559688865571e-206	MYLIP	c16
1.03670567838959e-43	1.06358187787867	0.024	0.003	3.79444645347373e-39	AC025257.1	c16
1.04506989855466e-22	1.06343610546096	0.017	0.003	3.8250603356999e-18	SERPINB9P1	c16
0	1.06330850900465	0.995	0.507	0	IFITM1	c16
2.16900184247172e-55	1.062648233993	0.048	0.009	7.93876364363075e-51	IGFBP4	c16
2.27985998786673e-143	1.06201262017512	0.144	0.03	8.34451554159102e-139	SLC2A11	c16
1.88100918642293e-175	1.06148030367771	0.166	0.033	6.88468172322656e-171	MAGEH1	c16
0	1.06138736006314	1	0.896	0	RPL29	c16
8.85994024804314e-221	1.06041756653832	0.165	0.027	3.24282673018627e-216	AL139246.5	c16
3.62002883255291e-32	1.05978341363225	0.013	0.001	1.32496675300269e-27	EML5	c16
1.34605671157516e-176	1.05804433437482	0.118	0.018	4.92670217003625e-172	TCAF2	c16
0	1.05708959185524	1	0.918	0	RPS3	c16
2.20504795005677e-22	1.05697065915066	0.012	0.002	8.0706960020028e-18	ACVR1C	c16
0	1.05593240487063	1	0.92	0	RPS3A	c16
1.76031676369856e-177	1.05418155058069	0.123	0.019	6.4429353868131e-173	TRBV5-4	c16
4.57584765507618e-09	1.05288336511137	0.016	0.005	0.000167480600023443	TAF1A-AS1	c16
0	1.05215329323239	0.365	0.071	0	TRBV20-1	c16
2.22547499524579e-257	1.04983034404543	0.211	0.037	8.14546103009911e-253	AC026979.2	c16
0	1.0492407676484	0.327	0.051	0	TNFRSF25	c16
3.5579387994922e-11	1.04875442939585	0.011	0.002	1.30224118000214e-06	TSPAN6	c16
0	1.04863378184875	0.931	0.317	0	CD7	c16
8.35422221391571e-113	1.04846732358999	0.087	0.015	3.05772887251529e-108	F5	c16
6.39369434665929e-17	1.04796568593516	0.02	0.005	2.34015606782077e-12	HIST1H1A	c16
0	1.04513026295147	1	0.937	0	RPS8	c16
2.20202758023238e-09	1.04418960008852	0.012	0.003	8.05964114640854e-05	LCMT1-AS1	c16
2.04730435392634e-15	1.04308664489624	0.019	0.005	7.4933386658058e-11	KTN1-AS1	c16
0	1.04220999083172	1	0.87	0	RPSA	c16
0	1.0411828871484	1	0.896	0	RPL3	c16
3.8674432121523e-42	1.04103240693608	0.031	0.005	1.41552289007986e-37	RHPN1	c16
1.21543483744887e-254	1.04082949761411	0.145	0.019	4.44861304854662e-250	BACH2	c16
0	1.03918530622351	1	0.928	0	RPL19	c16
1.03994875650705e-125	1.03806349908153	0.084	0.013	3.80631644369146e-121	DOCK9	c16
7.10184495379265e-110	1.03740114673865	0.102	0.02	2.59934627153765e-105	CNBD2	c16
2.09943958949755e-126	1.03641096534224	0.113	0.022	7.68415884151997e-122	DEXI	c16
1.94371133858708e-149	1.03634596640473	0.097	0.014	7.11417787036257e-145	AC138150.1	c16
0	1.03621038965361	1	0.931	0	RPL30	c16
3.13578034896012e-35	1.03594762287167	0.021	0.003	1.14772696552289e-30	USP44	c16
0	1.03546603146506	0.498	0.142	0	MZT2A	c16
0	1.03516872364031	0.997	0.795	0	RPL4	c16
1.04940228441106e-296	1.03510859957028	0.272	0.053	3.84091730117291e-292	TRBV7-9	c16
0	1.0350891415268	1	0.916	0	RPL34	c16
6.5970548383916e-237	1.03445424025016	0.203	0.037	2.41458804139971e-232	AL118516.1	c16
2.0534930906783e-22	1.03393444630968	0.014	0.002	7.51599006119164e-18	U47924.2	c16
3.05170690260421e-14	1.03387882971081	0.014	0.003	1.11695524342217e-09	C1QTNF6	c16
1.85437546276956e-100	1.03279090527686	0.062	0.009	6.78719963128286e-96	SARDH	c16
7.6444597490596e-49	1.03278626357026	0.028	0.004	2.7979487127533e-44	SMIM1	c16
3.2271246863026e-140	1.0319550265764	0.083	0.011	1.18115990643362e-135	CCDC65	c16
0	1.03178614238979	0.969	0.588	0	NOP53	c16
0	1.03017285483113	0.997	0.777	0	RPL7	c16
0	1.02987954747195	0.183	0.023	0	TRAV8-4	c16
0	1.02927433366808	1	0.916	0	RPS23	c16
5.93430516892724e-93	1.02907544567174	0.06	0.009	2.17201503487906e-88	TRAV1-1	c16
9.18592747814665e-193	1.02843082252789	0.131	0.02	3.36214131627646e-188	TRAV14DV4	c16
8.86536929287197e-85	1.02820144396361	0.048	0.006	3.24481381488407e-80	AC034238.1	c16
1.00178264771967e-175	1.02601130861422	0.106	0.015	3.66662466891878e-171	TRAV8-3	c16
2.35403209092968e-13	1.0245580847793	0.017	0.004	8.6159928560117e-09	C17orf100	c16
0	1.02447899965767	1	0.89	0	RPS25	c16
0	1.02245338154946	1	0.914	0	RPL18A	c16
0	1.02195760491215	0.999	0.868	0	RPS5	c16
0	1.02117508921062	1	0.93	0	RPL11	c16
6.84957501265614e-268	1.0199176083186	0.174	0.025	2.50701295038227e-263	TRAV21	c16
1.21469272635019e-246	1.01568828784838	0.271	0.06	4.44589684771434e-242	BNIP3	c16
0	1.01542489673148	1	0.928	0	RPS15A	c16
2.91604724264989e-25	1.01523701249756	0.031	0.008	1.06730245128229e-20	AC018816.1	c16
9.60674512142508e-53	1.01522655971376	0.06	0.014	3.51616478189279e-48	DNLZ	c16
4.29448606277398e-261	1.0144112226213	0.2	0.033	1.5718248438359e-256	CCR6	c16
1.10792017537323e-54	1.01391610562296	0.038	0.006	4.05509863388355e-50	SLC25A23	c16
6.16959689327124e-135	1.01358639122422	0.122	0.024	2.25813415890621e-130	ALDOC	c16
2.62349378436813e-12	1.01354174966349	0.023	0.007	9.60224960016581e-08	LY6E-DT	c16
1.85311714953726e-116	1.01325220986703	0.146	0.036	6.78259407902134e-112	KLHL22	c16
0	1.01313492337814	1	0.886	0	RPL35A	c16
0	1.01270487698356	1	0.886	0	RPL37	c16
0	1.01265749725293	0.999	0.862	0	RPS2	c16
0	1.0114709570232	1	0.93	0	RPS14	c16
3.7706128897027e-207	1.01133334721269	0.137	0.02	1.38008202376008e-202	TRBV11-2	c16
3.6315588031731e-23	1.0107834421044	0.025	0.006	1.32918683754939e-18	EDRF1-DT	c16
0	1.01077110323793	0.998	0.859	0	RPL36	c16
1.99913070919121e-78	1.00686676964485	0.039	0.005	7.31701830871073e-74	C12orf42	c16
4.29143333104355e-24	1.00675977280123	0.018	0.003	1.57070751349525e-19	LINC02580	c16
4.94310460660031e-91	1.00610155928354	0.055	0.008	1.80922571706178e-86	FAM227B	c16
0	1.0046055742376	0.998	0.85	0	RPL10A	c16
8.33376153806291e-119	1.00360084203127	0.073	0.01	3.0502400605464e-114	TRAV22	c16
1.49038823386023e-114	1.00268143130944	0.073	0.011	5.45496997475184e-110	IZUMO4	c16
0	1.00245257057353	0.961	0.577	0	PNRC1	c16
3.83941898915888e-125	1.00207957110597	0.078	0.011	1.40526574422204e-120	SPAG5-AS1	c16
1.71226464898509e-125	1.00156097250608	0.144	0.033	6.26705984175034e-121	LYRM9	c16
5.92051633249135e-10	1.00054377076784	0.01	0.002	2.16696818285516e-05	SPATA41	c16
0	1.00025459180513	0.942	0.503	0	SRSF5	c16
5.6797674268306e-31	0.998572023092503	0.019	0.003	2.07885167589427e-26	AC103724.3	c16
2.36597549282641e-25	0.997967347167845	0.023	0.005	8.65970690129395e-21	EML2-AS1	c16
5.39402266015263e-14	0.997530902736584	0.01	0.002	1.97426623384246e-09	PADI4	c16
2.47650023759661e-11	0.997482130759723	0.01	0.002	9.06423851962737e-07	MEST	c16
0	0.996894162058131	0.439	0.104	0	SUSD3	c16
0	0.996415068710537	1	0.897	0	RPLP2	c16
1.35725035432114e-59	0.996179997953615	0.04	0.006	4.96767202185081e-55	PARD6B	c16
0	0.995190937567878	0.336	0.057	0	TMEM204	c16
0	0.994750472988692	0.384	0.072	0	STMN3	c16
4.73380664399398e-07	0.992378608527018	0.012	0.004	0.0173262056976824	AC026304.1	c16
7.01903794341801e-117	0.991606737714878	0.074	0.011	2.56903807767043e-112	CARMIL2	c16
6.08528882390771e-301	0.990561532821499	0.435	0.119	2.22727656243846e-296	EPB41L4A-AS1	c16
1.38118561665906e-60	0.988808528737337	0.071	0.017	5.05527747553384e-56	NR1D1	c16
2.0144913989122e-96	0.98724036314483	0.091	0.018	7.37323996915854e-92	AC093323.1	c16
0	0.987027484763623	0.317	0.042	0	TNFRSF4	c16
5.92217662635038e-12	0.986718201707331	0.01	0.002	2.1675758670105e-07	RDM1	c16
9.62937744414652e-20	0.986223379260101	0.01	0.001	3.52444843833207e-15	AP003327.2	c16
4.09665914758059e-156	0.98524380178418	0.161	0.034	1.49941821460597e-151	HIST3H2A	c16
3.52901469341682e-23	0.984495382298303	0.014	0.002	1.29165466793749e-18	AMN	c16
2.13577101737444e-93	0.983536405240358	0.113	0.027	7.81713550069221e-89	SPAG16	c16
0	0.982913813498721	0.932	0.522	0	EIF3E	c16
0	0.982440340694331	1	0.959	0	RPL10	c16
0	0.98242795669055	1	0.927	0	RPS27A	c16
2.53267580608349e-65	0.981871654326452	0.055	0.01	9.2698467178462e-61	TRBV14	c16
4.11740244201164e-105	0.979813619801094	0.078	0.013	1.50701046780068e-100	MARCH9	c16
2.44213636637633e-56	0.979631265729755	0.039	0.006	8.93846331457402e-52	AL133477.2	c16
0	0.979598982601891	0.969	0.556	0	FYB1	c16
0	0.97958802773915	0.312	0.06	0	S1PR1	c16
6.8019816113683e-133	0.979020249155894	0.19	0.051	2.48959328957691e-128	DPH5	c16
2.1254883991074e-197	0.978730790179707	0.113	0.015	7.77950008957301e-193	TRAV16	c16
1.20127199393778e-39	0.978075994196018	0.026	0.004	4.39677562501166e-35	LINC01431	c16
2.71029838036249e-281	0.976903698590013	0.172	0.024	9.91996310196476e-277	CHRM3-AS2	c16
2.5847758117917e-192	0.97582474098888	0.14	0.022	9.4605379487388e-188	CSGALNACT1	c16
1.28572064224301e-20	0.975423595865602	0.025	0.006	4.70586612267362e-16	AC016394.1	c16
1.01502421409566e-10	0.974522700456289	0.012	0.003	3.71509012601152e-06	AL137779.2	c16
0	0.974088762313985	0.311	0.055	0	AP002387.2	c16
1.51873892864805e-244	0.973358206482347	0.151	0.021	5.55873635274473e-240	TRAV13-2	c16
4.49826296362006e-17	0.973212935771025	0.014	0.003	1.64640922731458e-12	AC006252.1	c16
0	0.972242635873965	0.576	0.168	0	RCAN3	c16
3.99731269465541e-109	0.971874621259504	0.096	0.018	1.46305641937082e-104	AP005019.1	c16
0	0.969961658879414	0.473	0.108	0	DGKA	c16
0	0.969487527594291	0.562	0.128	0	AC243960.1	c16
2.47506543693974e-33	0.969349433851201	0.018	0.002	9.05898700574315e-29	IGSF9B	c16
5.60887694429689e-28	0.966963300217154	0.027	0.006	2.0529050503821e-23	AL022328.4	c16
4.89525629288905e-40	0.965336239810401	0.032	0.006	1.79171275576032e-35	LINC01806	c16
0	0.964530795561055	0.874	0.433	0	SNHG6	c16
1.53316671795481e-71	0.96364838512305	0.058	0.011	5.61154350438641e-67	AP002360.1	c16
0	0.963045435432308	1	0.903	0	RPS13	c16
1.12792312768913e-111	0.962599284993271	0.099	0.019	4.12831143965499e-107	TRBV7-3	c16
2.08389841014222e-85	0.96236900703188	0.054	0.008	7.62727657096153e-81	RASGRF2	c16
2.0970006976589e-52	0.960469206019471	0.03	0.004	7.67523225350135e-48	PLCH2	c16
2.3510748971642e-60	0.959651178595835	0.057	0.011	8.6051692311107e-56	HIST1H2BN	c16
0	0.959233186182143	0.459	0.087	0	ABLIM1	c16
6.67328452187099e-42	0.95886030411235	0.031	0.005	2.44248886785e-37	PRDM8	c16
1.27162033779578e-36	0.958648907226411	0.03	0.006	4.65425759836634e-32	AC107959.1	c16
4.71722457272257e-30	0.958129134319238	0.029	0.006	1.72655136586219e-25	C1orf56	c16
9.89113268353596e-229	0.957267041665549	0.238	0.051	3.620253473501e-224	PITPNA-AS1	c16
3.00443893786313e-108	0.956328414071851	0.084	0.015	1.09965469564728e-103	SBNO1-AS1	c16
0	0.954666482053966	1	0.843	0	RPL24	c16
9.1785662065333e-55	0.953578632680446	0.029	0.004	3.35944701725325e-50	NAP1L3	c16
1.28490386085477e-151	0.950890695755636	0.108	0.017	4.70287662111453e-147	DTX3	c16
1.73441142053464e-140	0.950603108314101	0.17	0.041	6.34811924029883e-136	FBXL8	c16
0	0.947735185651996	0.273	0.048	0	TRAV13-1	c16
2.97140887823919e-65	0.947284320438917	0.076	0.018	1.08756536352432e-60	OSER1-DT	c16
0	0.946553885930467	0.343	0.063	0	SHISAL2A	c16
0	0.945879448124963	0.999	0.909	0	RPS28	c16
0	0.944356691406084	0.76	0.21	0	CD69	c16
1.51036676379148e-67	0.943731285997035	0.046	0.007	5.52809339215318e-63	LRATD2	c16
2.3752427588762e-61	0.943554373367581	0.088	0.024	8.69362602176277e-57	LINC01003	c16
1.69749698955971e-87	0.942887010245388	0.112	0.028	6.2130087314875e-83	GKAP1	c16
0	0.942462853244494	0.999	0.872	0	RPL13A	c16
1.35439782172169e-33	0.941270957209376	0.027	0.005	4.95723146728356e-29	ADGRL1	c16
2.71054829079807e-29	0.94095480616159	0.021	0.004	9.92087779915003e-25	ZNF793	c16
2.72630129514673e-265	0.940624181763513	0.39	0.108	9.97853537036653e-261	U2AF1L4	c16
0	0.938663506670224	0.494	0.112	0	DANCR	c16
0	0.93808838768445	0.928	0.357	0	GIMAP7	c16
0	0.938011654039668	0.871	0.281	0	LAT	c16
3.6634366996557e-47	0.937590336330504	0.032	0.005	1.34085446644098e-42	TRBV11-3	c16
7.83554373997411e-70	0.936666575459129	0.064	0.013	2.86788736426792e-65	RARG	c16
1.23096310678583e-38	0.934944717231752	0.025	0.004	4.50544806714681e-34	SEMA4C	c16
0	0.934765628186414	1	0.907	0	RPL14	c16
2.74882919695207e-73	0.934497046572045	0.073	0.015	1.00609897437643e-68	AREG	c16
2.49315397513046e-40	0.934411381125681	0.043	0.01	9.12519286437499e-36	AC016876.1	c16
1.20538221566e-148	0.934319918011999	0.088	0.012	4.41181944753716e-144	TRAV25	c16
8.33199717615907e-105	0.933755259766281	0.131	0.032	3.04959428644598e-100	TFAP4	c16
0	0.933657538278717	1	0.873	0	RPS16	c16
6.6574191417075e-96	0.932581217914257	0.178	0.056	2.43668198005636e-91	EPHB6	c16
2.42954814561367e-20	0.931904875478129	0.012	0.002	8.89238916776059e-16	TENM1	c16
2.93194497456602e-103	0.931319585229872	0.177	0.053	1.07312118014091e-98	TMEM203	c16
1.4908374686805e-120	0.930213344451887	0.115	0.023	5.45661421911748e-116	BDH1	c16
5.84785246884802e-174	0.92995681008867	0.207	0.048	2.14037248212306e-169	GPX7	c16
6.54789530414188e-122	0.929048135082833	0.083	0.013	2.39659516026897e-117	BX890604.2	c16
0	0.928747075345264	0.998	0.823	0	EEF1D	c16
2.27711549611315e-45	0.928446483020077	0.035	0.006	8.33447042732375e-41	GABBR1	c16
0	0.928115929708479	0.749	0.282	0	DNAJB1	c16
2.11876818920675e-170	0.927689593982167	0.233	0.061	7.75490344931564e-166	AL136454.1	c16
1.02737432954443e-164	0.925357597619625	0.162	0.033	3.76029278356558e-160	TCTEX1D2	c16
3.10312579370933e-19	0.925344580376954	0.016	0.003	1.13577507175555e-14	XKR6	c16
2.92687789767842e-74	0.924874182928163	0.134	0.041	1.07126657932928e-69	CSRNP1	c16
4.6170216658361e-246	0.924807496581104	0.141	0.018	1.68987609991267e-241	TRAV12-3	c16
8.51176027516663e-72	0.923976719671468	0.06	0.011	3.11538937831374e-67	ZNF483	c16
0	0.92388529654626	1	0.91	0	RPL39	c16
0	0.922958092472205	0.387	0.075	0	CRIP2	c16
2.69211726757517e-146	0.922800882799601	0.083	0.011	9.85341841105189e-142	TRAV26-2	c16
8.17497470625097e-19	0.922517154052076	0.01	0.001	2.99212249223492e-14	AL109741.1	c16
0	0.922404729954818	1	0.921	0	RPS27	c16
0	0.922219599699602	0.748	0.182	0	LINC00861	c16
1.31155900620715e-41	0.921090091664896	0.026	0.004	4.80043711861879e-37	AC010247.1	c16
2.21265344838926e-192	0.920485253465408	0.135	0.021	8.09853288644952e-188	TRAV8-6	c16
1.26658033948346e-14	0.920307795323912	0.012	0.002	4.6358107005434e-10	AC026471.2	c16
6.84989775624413e-112	0.919461867552748	0.08	0.013	2.50713107776291e-107	COA6-AS1	c16
9.17341537100639e-284	0.918758031577097	0.228	0.039	3.35756175994205e-279	APBB1	c16
0	0.917934693337451	0.999	0.851	0	RPL23A	c16
8.64826344630199e-300	0.917129434926327	0.898	0.443	3.16535090398099e-295	CNN2	c16
0	0.916587400271808	0.999	0.869	0	RPS21	c16
0	0.915905303015761	0.844	0.254	0	SEPTIN1	c16
9.45758471952947e-22	0.915723376292398	0.016	0.003	3.46157058319498e-17	GRASP	c16
1.95297304481623e-81	0.914296772339329	0.102	0.025	7.14807664133188e-77	TCEA2	c16
6.60852115235294e-236	0.913962594025935	0.15	0.021	2.4187848269727e-231	TRAV4	c16
0	0.913341710635482	0.995	0.818	0	RPL36A	c16
3.67334441050001e-20	0.913237610327049	0.012	0.002	1.34448078768711e-15	GDPD3	c16
0	0.91309135119464	0.994	0.759	0	RPL31	c16
3.28090032544972e-74	0.911811822127981	0.086	0.02	1.20084232811785e-69	OSM	c16
0	0.911165478895147	0.997	0.817	0	RPL22	c16
7.29140493220122e-19	0.910951804103888	0.01	0.001	2.66872711923497e-14	KANK3	c16
1.38694149434658e-212	0.910792392013557	0.16	0.026	5.07634456345792e-208	TRAV8-2	c16
7.5726940087371e-67	0.909647475157009	0.039	0.005	2.77168173413786e-62	LINC01619	c16
5.56938502075991e-08	0.909457561878235	0.01	0.003	0.00203845061144833	AC138649.1	c16
2.22477093549324e-14	0.908766628532025	0.033	0.012	8.14288410099881e-10	OSBPL10	c16
9.19834324771514e-47	0.908565453758536	0.036	0.006	3.36668561209622e-42	ZNF208	c16
1.47318016059307e-18	0.907355507254834	0.016	0.003	5.39198670578669e-14	AL109955.1	c16
3.84325399697223e-119	0.90647706622142	0.1	0.018	1.40666939543181e-114	EID3	c16
3.62591277501132e-14	0.906456175062273	0.01	0.002	1.32712033478189e-09	JAM3	c16
1.2244121496777e-44	0.906162227735129	0.028	0.004	4.48147090903537e-40	AC021683.5	c16
1.18750541711363e-62	0.905667647400554	0.056	0.011	4.34638857717759e-58	FGFBP3	c16
2.52234662908441e-116	0.905557945598611	0.072	0.01	9.23204089711185e-112	LINC00243	c16
0	0.905065573576037	0.576	0.174	0	R3HDM4	c16
1.26500234658081e-19	0.904206266914432	0.013	0.002	4.63003508872044e-15	NLRP6	c16
0	0.903439358968475	0.367	0.073	0	MLLT3	c16
9.40176592655461e-302	0.903384881551956	0.345	0.079	3.44114034677825e-297	GABPB1-IT1	c16
0	0.902343599268357	1	0.872	0	RPL17	c16
0	0.901192139323966	0.736	0.267	0	GIMAP1	c16
4.21755792258755e-131	0.900747285319939	0.135	0.029	1.54366837524627e-126	MINCR	c16
2.05028584738302e-17	0.89984752766687	0.013	0.002	7.50425123000659e-13	AP000446.1	c16
0	0.899833924667674	0.999	0.885	0	RACK1	c16
9.45601937047385e-75	0.898654187809684	0.084	0.019	3.46099764978713e-70	SNHG21	c16
5.39041456877263e-26	0.898410633323405	0.05	0.016	1.97294563631647e-21	SMYD5	c16
2.22909371530692e-69	0.897924407909617	0.068	0.014	8.15870590739487e-65	PRKCA	c16
7.81742245878806e-20	0.89777275139791	0.013	0.002	2.86125479414102e-15	HEMGN	c16
7.44906000627198e-29	0.897686906984458	0.015	0.002	2.72643045289561e-24	FZD3	c16
1.35311335580122e-09	0.897552755378329	0.022	0.008	4.95253019356805e-05	ZP3	c16
5.81312632244114e-32	0.897523495127289	0.023	0.004	2.12766236527668e-27	AF213884.3	c16
1.13313897401613e-61	0.897128060039858	0.039	0.006	4.14740195879644e-57	PCAT1	c16
2.80150540387324e-50	0.896880378335466	0.031	0.004	1.02537899287165e-45	RLN1	c16
2.88609396013325e-20	0.89581147284806	0.013	0.002	1.05633925034837e-15	GLS2	c16
3.92172022786393e-91	0.894869918445015	0.094	0.02	1.43538882060048e-86	AC078883.1	c16
0	0.893907764507127	0.999	0.862	0	RPS9	c16
8.77516248135083e-244	0.893722813070365	0.356	0.097	3.21179721979922e-239	CCDC57	c16
0	0.89321961950385	0.564	0.114	0	BCL11B	c16
5.71607503381844e-114	0.892499369294894	0.286	0.108	2.09214062312789e-109	TCEA3	c16
1.19150153460268e-26	0.892405365602185	0.016	0.002	4.36101476679926e-22	TMEM30B	c16
2.2194941124628e-276	0.89157066152648	0.731	0.318	8.12357040102508e-272	SNHG8	c16
3.12169603782229e-203	0.891242959394581	0.149	0.024	1.14257196680334e-198	FAM117A	c16
3.77243659417982e-16	0.891072214570205	0.01	0.001	1.38074951783575e-11	AC010883.1	c16
3.65179867667177e-24	0.890707613840656	0.016	0.002	1.33659483364863e-19	PRSS16	c16
0	0.89064052001597	1	0.92	0	RPS15	c16
1.60637589953023e-33	0.890112465307901	0.033	0.007	5.87949642987058e-29	AC003102.1	c16
0	0.890099761424198	1	0.911	0	RPL7A	c16
6.63804808246575e-73	0.889846976149369	0.112	0.031	2.42959197866329e-68	HNRNPA1P48	c16
0	0.889199934374914	0.663	0.211	0	VSIR	c16
0	0.888686389917782	1	0.9	0	RPS7	c16
0	0.888685865065182	0.984	0.718	0	RPL27A	c16
0	0.888512699651305	0.998	0.525	0	CD3E	c16
1.07321167303664e-17	0.887227437377096	0.012	0.002	3.92806204448139e-13	AC245297.2	c16
7.06462551331045e-225	0.886463165091378	0.17	0.028	2.58572358412676e-220	TRBV6-5	c16
2.97320250090409e-287	0.885875693164439	0.373	0.092	1.0882218473559e-282	PTGER2	c16
0	0.885860360369568	0.539	0.14	0	PIK3IP1	c16
0	0.885033966815604	0.641	0.178	0	DDIT4	c16
0	0.884563183815315	0.998	0.855	0	RPL21	c16
5.79705593396512e-116	0.88246064360244	0.098	0.018	2.12178044239057e-111	TSGA10	c16
2.55552530812876e-34	0.882320565297011	0.061	0.019	9.35347818028207e-30	TIPARP-AS1	c16
2.03216111260654e-160	0.882091674667962	0.143	0.027	7.4379128882512e-156	ZNF213-AS1	c16
2.8543129235553e-270	0.88157089014765	0.256	0.05	1.04470707315048e-265	MHENCR	c16
2.27616512293237e-53	0.881548013749297	0.036	0.006	8.33099196644477e-49	NT5E	c16
1.26500989048868e-152	0.881034248997392	0.106	0.016	4.63006270017761e-148	MPP6	c16
0	0.880504645033823	0.999	0.808	0	FXYD5	c16
3.49538880453148e-48	0.877186561396344	0.048	0.01	1.27934725634657e-43	KIAA1324	c16
0	0.875800727644928	0.7	0.173	0	TRAC	c16
3.14441703736795e-301	0.875013433566944	0.5	0.145	1.15088807984704e-296	CDC25B	c16
3.7659217307934e-16	0.874357926368703	0.023	0.006	1.37836501268769e-11	AL117332.1	c16
5.96736028429212e-293	0.872643982926988	0.739	0.311	2.18411353765376e-288	FBL	c16
1.78977359532322e-29	0.872033009771292	0.034	0.008	6.55075033624252e-25	UBAC2-AS1	c16
0	0.871337749236563	0.314	0.055	0	CD28	c16
0	0.871146269932039	1	0.961	0	RPL41	c16
1.2035463463947e-50	0.871139776045672	0.109	0.037	4.40509998243925e-46	CBR3	c16
7.3014435659776e-170	0.870394000905638	0.102	0.014	2.67240135958346e-165	LRIG1	c16
3.37754368213301e-50	0.870064613663007	0.064	0.016	1.2362147630975e-45	NDRG2	c16
8.31565777803128e-290	0.868939183332386	0.754	0.32	3.04361390333723e-285	TMEM123	c16
1.58562344079709e-23	0.868806988942039	0.016	0.003	5.80354035566142e-19	CD248	c16
5.69416007990683e-200	0.867581962416576	0.399	0.133	2.0841195308467e-195	NINJ1	c16
4.08688792058099e-227	0.86710551707362	0.16	0.025	1.49584184781185e-222	TRAV17	c16
9.49081533060575e-24	0.86674939302791	0.016	0.002	3.47373331915501e-19	AC006299.1	c16
1.73139347752794e-286	0.866256593524181	0.347	0.081	6.3370732671e-282	SVIP	c16
7.58257804704967e-32	0.866245176755742	0.027	0.005	2.77529939100065e-27	LOXL1	c16
0	0.865956820446284	0.894	0.289	0	TRAF3IP3	c16
1.05072247711773e-144	0.865183972660122	0.228	0.065	3.84574933849859e-140	PVT1	c16
7.03303655227536e-206	0.86500441089641	0.278	0.072	2.5741617084983e-201	ITGA6	c16
0	0.864828434528428	0.85	0.251	0	SPOCK2	c16
0	0.864475066188973	0.491	0.122	0	AC119396.1	c16
4.82031050098915e-25	0.864173836332128	0.029	0.007	1.76428184646704e-20	S100B	c16
1.7325940137287e-25	0.863985670479535	0.017	0.003	6.34146734964842e-21	LTK	c16
1.50339895842124e-150	0.863578675235388	0.179	0.042	5.50259052771758e-146	ABRAXAS1	c16
2.10489236912713e-67	0.86354659047258	0.088	0.022	7.70411656024219e-63	EDA	c16
0	0.861393200614806	0.818	0.25	0	TRBC2	c16
3.20668343349149e-24	0.861060256219402	0.013	0.002	1.17367820349222e-19	C20orf197	c16
3.37801308893006e-69	0.860791211163481	0.054	0.009	1.23638657067929e-64	RADX	c16
1.0325845334074e-52	0.859857652030933	0.044	0.008	3.77936265072441e-48	UBXN10-AS1	c16
8.37674984520279e-36	0.859243960256289	0.036	0.008	3.06597421084267e-31	SNURF	c16
1.88806781667538e-20	0.858672316214138	0.025	0.006	6.91051701581354e-16	RBM26-AS1	c16
6.11780931198723e-14	0.858623159501549	0.012	0.002	2.23917938628044e-09	TRIM2	c16
0	0.857728657301712	0.999	0.895	0	RPLP0	c16
2.10937562467045e-128	0.857279018801826	0.162	0.04	7.7205257238563e-124	ADPRM	c16
0	0.856914335846208	0.983	0.712	0	TOMM7	c16
5.83820117672339e-282	0.856207081306554	0.551	0.186	2.13684001269253e-277	NCBP2AS2	c16
6.81600245906789e-24	0.855182968326343	0.025	0.006	2.49472506004344e-19	STAP1	c16
2.48762815017007e-21	0.85481426291954	0.023	0.005	9.10496779243748e-17	AL359232.1	c16
4.23863515340574e-16	0.854061997299424	0.01	0.002	1.55138285249804e-11	AC098487.1	c16
6.85860368994326e-154	0.853926041424734	0.253	0.074	2.51031753655613e-149	MPI	c16
6.96430766262688e-48	0.853144985885775	0.036	0.006	2.54900624759806e-43	Z93241.1	c16
1.87458045393665e-50	0.85254864225117	0.055	0.012	6.86115191945352e-46	AC009126.1	c16
8.43807272862994e-62	0.852314115205603	0.073	0.017	3.08841899940584e-57	NIPBL-DT	c16
0	0.851827396327603	0.387	0.069	0	SPTBN1	c16
0	0.851469615206207	0.631	0.153	0	ETS1	c16
9.66050338111066e-45	0.850903245867815	0.079	0.024	3.53584084252031e-40	LINC02482	c16
2.36308855462541e-44	0.850359553961132	0.035	0.006	8.64914041878448e-40	BMERB1	c16
6.30415353048473e-17	0.849505183913617	0.01	0.002	2.30738323369272e-12	MCC	c16
1.14389456996859e-55	0.849163872462087	0.134	0.049	4.18676851554203e-51	BAG3	c16
0	0.849049510027303	1	0.895	0	RPL6	c16
1.69892199559137e-239	0.848754691264044	0.657	0.287	6.21822439606396e-235	ICAM2	c16
6.8183056772563e-215	0.847476701656048	0.239	0.053	2.49556806093258e-210	SLC2A4RG	c16
4.46872800483818e-38	0.847340471147712	0.024	0.003	1.63559913705082e-33	CDK5R1	c16
1.13614305707708e-101	0.846788427463568	0.076	0.013	4.15839720320782e-97	AC253572.2	c16
1.05148952430111e-256	0.845232802865067	0.886	0.492	3.84855680789448e-252	SMDT1	c16
0	0.845047108433571	0.974	0.431	0	CD3D	c16
1.06310914174982e-292	0.844619934464148	0.983	0.691	3.8910857697185e-288	HNRNPA1	c16
6.89428927629357e-136	0.844257057299114	0.104	0.017	2.52337881801621e-131	TMEM156	c16
1.01609861649356e-165	0.844124165048662	0.12	0.019	3.71902254622807e-161	TRAV27	c16
8.15647447608566e-17	0.8440078857543	0.018	0.004	2.98535122299211e-12	DICER1-AS1	c16
5.56131325989205e-291	0.843915136445596	0.968	0.629	2.03549626625309e-286	EIF3F	c16
0	0.843631056257098	0.434	0.088	0	MT1X	c16
8.56852452885665e-65	0.843125435546854	0.133	0.044	3.13616566280682e-60	CLUAP1	c16
4.13040607649032e-52	0.842406875605427	0.053	0.011	1.51176992805622e-47	AL080276.2	c16
2.97353782223135e-22	0.842346647149152	0.021	0.004	1.0883445783149e-17	AMIGO1	c16
0	0.842161944582009	1	0.918	0	RPL8	c16
5.00694562876984e-139	0.840953727906349	0.734	0.558	1.83259216958605e-134	RPS4Y1	c16
0	0.840453266766842	0.866	0.376	0	SEPTIN6	c16
0	0.839587201664761	1	0.949	0	RPL28	c16
0	0.839235039351808	0.992	0.78	0	RPL27	c16
0	0.83803529263959	1	0.983	0	EEF1A1	c16
4.38465145791215e-250	0.837992829330527	0.67	0.278	1.60482628011043e-245	SNHG5	c16
6.53080338453729e-71	0.837803551957445	0.08	0.018	2.39033934677449e-66	CASTOR1	c16
4.39735299194798e-41	0.837654160750327	0.09	0.031	1.60947516858288e-36	CPNE2	c16
5.54545010779236e-232	0.837621339560806	0.431	0.138	2.02969019395308e-227	SNHG7	c16
0	0.837521189061316	0.557	0.17	0	TTC39C	c16
1.01834226407577e-253	0.837034089107527	0.674	0.287	3.72723452074371e-249	TRADD	c16
3.11908499231768e-31	0.836328295370612	0.017	0.002	1.1416162980382e-26	AL133410.1	c16
1.8382994168561e-11	0.836157278030271	0.01	0.002	6.72835969563503e-07	ATP13A4	c16
1.07315655726578e-101	0.836054715228962	0.133	0.033	3.9278603152485e-97	NAA80	c16
0	0.835730736184848	0.769	0.252	0	GIMAP5	c16
1.12453892552017e-17	0.835627923432409	0.012	0.002	4.11592492129639e-13	APOA1	c16
1.29881764481139e-162	0.835617929442539	0.255	0.072	4.75380246177415e-158	IL6R	c16
1.81218633974064e-30	0.835584543595752	0.036	0.009	6.63278322208472e-26	LINC00920	c16
4.2599630785137e-183	0.835095339815119	0.232	0.057	1.5591890863668e-178	TRIM52-AS1	c16
8.60211700981901e-57	0.834339998295206	0.041	0.007	3.14846084676385e-52	GPRASP1	c16
1.08415703359069e-128	0.834112263973993	0.19	0.052	3.96812315864528e-124	SNHG30	c16
0	0.833850588680217	0.991	0.749	0	RPS11	c16
2.393085780882e-20	0.833397529352213	0.011	0.001	8.7589332666062e-16	FAM201A	c16
1.88848708902936e-251	0.833021143070021	0.488	0.161	6.91205159455636e-247	ATP6V0E2	c16
1.88112818797754e-251	0.832971031370339	0.345	0.089	6.88511728081659e-247	ATF7IP2	c16
4.22991695231059e-133	0.832884622449907	0.142	0.031	1.5481919037152e-128	PMAIP1	c16
9.9418801875495e-158	0.831624666159409	0.31	0.102	3.63882756744499e-153	RWDD3	c16
1.3069248431205e-18	0.829768968453235	0.011	0.002	4.78347561830533e-14	EXPH5	c16
2.49185515707694e-13	0.829317010722494	0.012	0.002	9.1204390604173e-09	AF131215.6	c16
6.32231403363308e-34	0.827899529477672	0.03	0.006	2.31403015945004e-29	AL022345.4	c16
3.4683129003569e-301	0.827415871500462	0.991	0.755	1.26943720465963e-296	RPL38	c16
2.86730533673281e-94	0.827396290877849	0.113	0.027	1.04946242629758e-89	RASA4	c16
4.07054302659219e-12	0.82630504655245	0.012	0.003	1.48985945316301e-07	AC007993.3	c16
4.22734956549538e-93	0.826248155922706	0.057	0.008	1.54725221446696e-88	OBSCN	c16
1.29509112372876e-55	0.825582037579994	0.049	0.009	4.74016302195965e-51	NR3C2	c16
3.14284518512369e-46	0.825200878864299	0.149	0.063	1.15031276620712e-41	CFP	c16
4.4907964340451e-253	0.825138294236344	0.898	0.501	1.64367640282485e-248	EIF3L	c16
4.52107915093191e-164	0.824859257870347	0.193	0.045	1.65476018003259e-159	PRAF2	c16
4.08277055211075e-156	0.824770929662098	0.209	0.053	1.49433484977806e-151	LPAR6	c16
4.29617192398158e-29	0.823621340029397	0.053	0.017	1.5724418858965e-24	NAPA-AS1	c16
4.86698778124869e-65	0.823597534612655	0.072	0.016	1.78136619781483e-60	SAP25	c16
2.04652249617351e-20	0.822849111417235	0.013	0.002	7.49047698824465e-16	AC246785.3	c16
0	0.822041718341206	0.994	0.755	0	NPM1	c16
2.41641404981305e-20	0.821621694829564	0.015	0.003	8.84431706372076e-16	AL139011.1	c16
4.81749447467611e-272	0.818479549227912	0.722	0.307	1.7632511526762e-267	TNFRSF14	c16
1.49802652848069e-35	0.8177930926248	0.071	0.023	5.48292689689219e-31	CACNA2D4	c16
4.96961942033756e-291	0.816806861672288	0.765	0.321	1.81893040403775e-286	TSTD1	c16
0	0.816714039125147	0.999	0.85	0	RPL35	c16
0	0.816010797510873	0.918	0.333	0	LCK	c16
3.79275841844e-85	0.815958599538447	0.062	0.01	1.38818750873322e-80	SLC25A42	c16
7.12455071375554e-85	0.815840050929493	0.078	0.015	2.60765680674167e-80	AC015982.2	c16
1.07518460539533e-51	0.815716719868722	0.052	0.011	3.93528317420744e-47	AC097534.2	c16
1.17625460526333e-219	0.815313357340454	0.531	0.203	4.30520948072433e-215	SNHG32	c16
1.43976048955293e-239	0.813717820116415	0.218	0.041	5.26966736781268e-235	TNFSF8	c16
1.88672869865869e-276	0.813534253193336	0.759	0.336	6.90561570996068e-272	MCUB	c16
1.00263067821354e-278	0.813422574587478	0.996	0.534	3.66972854532937e-274	CORO1A	c16
1.17529318219114e-61	0.813403067143496	0.056	0.011	4.30169057613778e-57	CFH	c16
1.07202937725616e-115	0.813371244243362	0.079	0.012	3.92373472369525e-111	TRBV10-3	c16
2.60989623906043e-26	0.812809094909334	0.025	0.005	9.5524812245851e-22	DSEL	c16
5.43189724236557e-41	0.812703602341239	0.024	0.003	1.98812870967822e-36	TRAV18	c16
2.89658917668325e-54	0.812394606766512	0.032	0.004	1.06018060455784e-49	CACNA1C-AS1	c16
2.45430277389022e-151	0.810978697743879	0.125	0.022	8.98299358271561e-147	TRBV7-6	c16
0	0.810850639212693	1	0.909	0	RPL12	c16
5.92152137205288e-167	0.80934496243515	0.144	0.026	2.16733603738507e-162	TRAV3	c16
1.44417958905066e-49	0.808826527143305	0.036	0.006	5.28584171388433e-45	AC009041.1	c16
0	0.807966729165991	1	0.905	0	RPL26	c16
1.28791162090767e-32	0.807828211975486	0.058	0.018	4.71388532368416e-28	ZNF90	c16
2.13521465084133e-116	0.80643265795252	0.142	0.034	7.81509914354436e-112	CEP68	c16
1.58672706829554e-50	0.806030373898164	0.074	0.02	5.80757974266852e-46	PHC1	c16
1.15612174575352e-67	0.805891808223365	0.049	0.008	4.23152120163246e-63	AC025171.3	c16
1.08333835651246e-36	0.805463283827171	0.061	0.018	3.96512671867125e-32	C12orf66	c16
1.74976993635183e-168	0.804994493984565	0.125	0.02	6.40433294404133e-164	SMAD3	c16
2.26023118950104e-276	0.803928074467449	0.952	0.602	8.27267217669276e-272	PCED1B-AS1	c16
1.43045837169732e-32	0.802878014414221	0.034	0.008	5.23562068624936e-28	ZNF681	c16
0	0.802160642721762	0.832	0.279	0	CXCR4	c16
0	0.801056265521288	0.856	0.327	0	ICAM3	c16
8.67902924973785e-63	0.800977942634805	0.125	0.041	3.17661149569655e-58	IMMP2L	c16
2.26317382906855e-10	0.800643708007324	0.01	0.002	8.28344253177379e-06	AC012306.2	c16
2.69955409802565e-12	0.800418941287488	0.012	0.003	9.88063795418369e-08	LINC00852	c16
1.20186952504979e-69	0.799629993877054	0.076	0.017	4.39896264863474e-65	LTB4R2	c16
3.91812969399838e-131	0.798697769259155	0.109	0.019	1.43407464930035e-126	TRAV10	c16
0	0.798655167038247	1	0.962	0	RPLP1	c16
4.98652502688686e-85	0.798566693429414	0.073	0.014	1.82511802509086e-80	EVA1C	c16
4.36309426083404e-42	0.798438688545336	0.042	0.009	1.59693613040787e-37	C8orf88	c16
2.46741667090297e-116	0.798329155873386	0.142	0.034	9.03099175717195e-112	GSTM2	c16
4.78695990998835e-93	0.798186780240382	0.062	0.009	1.75207519665484e-88	LINC00954	c16
0	0.796106823192583	0.99	0.731	0	HINT1	c16
2.58478058745625e-243	0.795325849036466	0.926	0.582	9.46055542814863e-239	RPS17	c16
5.6796277673257e-268	0.79421773915125	0.976	0.684	2.07880055911888e-263	BTG1	c16
0	0.792742890075762	0.997	0.78	0	BTF3	c16
1.10314134555606e-245	0.791815707289992	0.722	0.327	4.03760763886973e-241	ABHD14B	c16
2.84376044075944e-245	0.79167802583764	0.393	0.113	1.04084475892236e-240	ILF3-DT	c16
2.67227454827277e-25	0.791421197986858	0.021	0.004	9.78079207413318e-21	AL365203.2	c16
0	0.791413009977672	0.401	0.099	0	RASA3	c16
4.68010557330486e-147	0.790109444756884	0.231	0.065	1.71296544088531e-142	NIPSNAP1	c16
4.27148136652503e-47	0.789643892426289	0.032	0.005	1.56340489496183e-42	TNK1	c16
5.26555626499296e-21	0.788813647865292	0.014	0.002	1.92724624855007e-16	FAM66C	c16
1.18748827709801e-30	0.787777227670334	0.025	0.005	4.34632584300641e-26	SNED1	c16
3.0125745218718e-96	0.787528644984554	0.139	0.038	1.1026324007503e-91	ZNF414	c16
9.40487765761342e-32	0.787186961510721	0.025	0.004	3.44227927146309e-27	KLHL3	c16
1.58179974202642e-17	0.786832386474464	0.019	0.004	5.78954523579088e-13	AL031848.2	c16
2.15482154417327e-15	0.785972076181844	0.011	0.002	7.88686233382858e-11	FSBP	c16
2.87875877970343e-13	0.785794608091109	0.02	0.006	1.05365450095925e-08	GOLGA7B	c16
8.47062546111775e-256	0.78551026504648	0.337	0.084	3.10033362502371e-251	CA5B	c16
2.19827630502158e-18	0.784338224814674	0.017	0.003	8.04591110400948e-14	ZEB1-AS1	c16
0	0.783884298029332	1	0.872	0	NACA	c16
3.36314981364228e-25	0.783422221133572	0.024	0.005	1.23094646329121e-20	FBXL22	c16
1.2941249694582e-63	0.782656316556662	0.117	0.037	4.73662680071396e-59	MAPK3	c16
8.98368394027888e-33	0.78212931385612	0.071	0.024	3.28811815898147e-28	MYL6B	c16
4.73664233104147e-221	0.782032465684245	0.428	0.142	1.73365845958449e-216	THOC3	c16
3.89806674409473e-212	0.781974753884193	0.299	0.079	1.42673140900611e-207	CCDC66	c16
2.06591982578932e-175	0.780473527199503	0.401	0.145	7.56147315437148e-171	USP10	c16
0	0.780381512706657	0.636	0.161	0	RHOH	c16
6.95411058546932e-253	0.779780879575475	0.255	0.052	2.54527401538762e-248	IPCEF1	c16
1.94554118569573e-32	0.779149344319157	0.021	0.003	7.12087529376494e-28	AL009179.1	c16
1.03623833109516e-191	0.779093947199483	0.206	0.045	3.79273591564139e-187	ECE1	c16
1.05545543961678e-183	0.778681898988539	0.438	0.163	3.86307245454136e-179	SNHG16	c16
3.71057759057866e-42	0.778677197910698	0.065	0.018	1.35810850392769e-37	STRBP	c16
1.10470316765386e-08	0.777967372812738	0.016	0.005	0.000404332406392988	CTU1	c16
6.62105624101386e-26	0.777885133368997	0.018	0.003	2.42337279477348e-21	TRBV10-2	c16
3.00078935013084e-91	0.777588248918371	0.151	0.044	1.09831891004139e-86	ZNF639	c16
2.95633543153193e-11	0.777531379607638	0.033	0.014	1.082048331295e-06	REEP6	c16
1.54361611482982e-08	0.777528326078408	0.01	0.003	0.000564978934188861	AL049597.2	c16
0	0.777394781081219	0.728	0.284	0	FOXP1	c16
2.28220104645325e-13	0.77586543824872	0.011	0.002	8.35308405012355e-09	TMEM8B	c16
5.37196306174896e-223	0.774617507507265	0.852	0.476	1.96619220023074e-218	NAP1L1	c16
1.07461252896847e-143	0.774565658592419	0.13	0.025	3.93318931727751e-139	AC139530.1	c16
0	0.77290316641041	0.543	0.13	0	ARID5B	c16
1.12050086304574e-117	0.772809018142969	0.084	0.013	4.1011452088337e-113	AC127521.1	c16
3.12502216221571e-96	0.772459642282076	0.06	0.008	1.14378936159257e-91	CDHR3	c16
3.44243471876748e-15	0.772355990510588	0.013	0.003	1.25996553141609e-10	AL356512.1	c16
9.17318805945782e-253	0.772169036098007	0.988	0.742	3.35747856164216e-248	RPS29	c16
1.02461855235334e-67	0.771688169565819	0.088	0.022	3.75020636346846e-63	SIAH2	c16
1.21887577599337e-13	0.771207470576937	0.019	0.005	4.46120722771335e-09	AL121658.1	c16
5.57244397660466e-17	0.770172651528589	0.024	0.007	2.03957021987707e-12	ANKRD16	c16
1.14321675254288e-68	0.770083624307788	0.049	0.008	4.1842876359822e-64	LINC02325	c16
7.30177586650654e-165	0.7697134900583	0.944	0.675	2.67252298490006e-160	EEF2	c16
5.81158058073943e-12	0.769452142738435	0.026	0.009	2.12709660835644e-07	C19orf73	c16
1.02527826264164e-163	0.76876568925578	0.201	0.048	3.75262096909468e-159	HDAC7	c16
5.11129443685846e-20	0.768711124252875	0.038	0.012	1.87078487683457e-15	CCDC122	c16
4.05045293655154e-243	0.768665054381707	0.952	0.615	1.48250627930723e-238	RPL23	c16
0	0.767985393215628	0.642	0.162	0	ZAP70	c16
9.16341563501909e-265	0.7674870407734	0.914	0.504	3.35390175657334e-260	VAMP2	c16
0	0.767186917694454	0.593	0.156	0	SYTL1	c16
4.44736631691711e-106	0.767068923092992	0.098	0.019	1.62778054565483e-101	AP006621.3	c16
3.03612630842904e-28	0.76702140605762	0.045	0.013	1.11125259014811e-23	MORC4	c16
0	0.766254461476895	0.49	0.097	0	INPP4B	c16
2.04099145017041e-36	0.764740320291656	0.109	0.044	7.4702328067687e-32	AC147067.1	c16
4.83766108291451e-12	0.764263636440343	0.018	0.005	1.77063233295754e-07	CBR3-AS1	c16
1.21687610045342e-35	0.764254083729239	0.059	0.017	4.45388821526955e-31	THAP7-AS1	c16
5.56443729539995e-269	0.763346238869007	0.974	0.651	2.03663969448934e-264	GPSM3	c16
1.26937149792531e-143	0.763083453395961	0.12	0.022	4.64602661955642e-139	NDUFV2-AS1	c16
3.84147966237932e-134	0.762869746919915	0.17	0.042	1.40601997122745e-129	TTC32	c16
1.27133948531714e-55	0.762809403884632	0.084	0.023	4.65322965020927e-51	HABP4	c16
0	0.760550696786267	1	0.909	0	FAU	c16
1.99581315536772e-184	0.760440322038806	0.318	0.095	7.30487572996139e-180	DENND1C	c16
0	0.759934859951727	0.761	0.208	0	CD247	c16
1.81507080229656e-161	0.759771668202492	0.124	0.021	6.64334064348565e-157	RFLNB	c16
1.0677867341428e-185	0.75943043498866	0.145	0.025	3.90820622563606e-181	CARD11	c16
0	0.759171525855561	0.417	0.086	0	BIRC3	c16
5.19027331842448e-201	0.758550277210636	0.514	0.201	1.89969193727655e-196	IMPDH2	c16
4.02503518821571e-93	0.75805838863674	0.089	0.018	1.47320312923883e-88	GRK5	c16
1.43177917480718e-221	0.757658043975002	0.279	0.067	5.24045495771174e-217	MIB2	c16
0	0.757446531133014	0.667	0.231	0	PSIP1	c16
9.92732631627752e-25	0.757381944332604	0.041	0.012	3.63350070502073e-20	ZNF251	c16
1.52610851221626e-298	0.756867378624615	0.634	0.223	5.58570976556274e-294	MGAT4A	c16
4.98949027612453e-195	0.756686484232688	0.608	0.269	1.82620333596434e-190	RASGRP2	c16
0	0.754857754211859	0.998	0.833	0	RPL37A	c16
2.52749410217645e-51	0.75380489238862	0.1	0.032	9.25088116337602e-47	C10orf143	c16
9.38482422651155e-76	0.752528371091773	0.056	0.009	3.43493951514549e-71	SREBF2-AS1	c16
0	0.752388183958487	0.603	0.161	0	KLRB1	c16
1.07179756198786e-149	0.752007013839283	0.151	0.031	3.92288625663176e-145	ENO2	c16
6.76017023438128e-11	0.751267268977218	0.012	0.003	2.47428990748589e-06	LINC02447	c16
2.96227166852773e-142	0.751189833933615	0.323	0.115	1.08422105339784e-137	CCNG1	c16
2.39593493294154e-251	0.750723026395899	0.282	0.061	8.76936144805932e-247	PXN	c16
3.02268893345743e-32	0.75066521388172	0.079	0.029	1.10633437653475e-27	FN3K	c16
7.1984989420458e-23	0.750075709271022	0.013	0.002	2.63472259777818e-18	LINC00384	c16
7.83870805004992e-11	0.74996662313289	0.01	0.002	2.86904553339877e-06	AC051619.6	c16
2.64659103568896e-33	0.748879585679597	0.037	0.009	9.68678784972515e-29	AL645728.1	c16
0	0.748471157251422	0.436	0.095	0	TRAT1	c16
9.11716063605116e-38	0.746726026384479	0.042	0.01	3.33697196440109e-33	STX18-AS1	c16
0	0.745804550949562	1	0.93	0	RPS19	c16
1.58515619074234e-23	0.745677542649439	0.029	0.007	5.80183017373603e-19	AC100861.1	c16
1.10705768941623e-86	0.745499654369946	0.109	0.027	4.05194184903233e-82	TNFAIP8L1	c16
0	0.745134870191173	0.741	0.199	0	ITM2A	c16
7.38470282705394e-27	0.744616197090568	0.018	0.003	2.70287508173001e-22	AC073115.2	c16
5.55096282659475e-15	0.744541652433031	0.016	0.004	2.03170790416194e-10	LIMD1-AS1	c16
1.71544209563494e-120	0.743885444255212	0.356	0.148	6.27868961423343e-116	CFAP36	c16
3.38668188214971e-91	0.742475998298047	0.085	0.017	1.23955943568562e-86	PHLDB3	c16
4.49359016826449e-195	0.742413061808746	0.183	0.036	1.64469893748649e-190	SSBP2	c16
5.65261606466263e-15	0.742393202625265	0.016	0.004	2.06891400582717e-10	AC007541.1	c16
2.42777081864365e-265	0.740380008823061	0.585	0.206	8.88588397331762e-261	CDKN1B	c16
4.54489663451742e-82	0.739861913715662	0.078	0.016	1.66347761719972e-77	CERS4	c16
1.31368226562156e-37	0.739844422428212	0.04	0.009	4.80820846040147e-33	TAF4B	c16
1.03226281146713e-11	0.73959319410818	0.01	0.002	3.77818511625083e-07	OCLN	c16
1.2530280288933e-184	0.739496614469524	0.284	0.08	4.58620788855237e-180	SESN3	c16
3.75103612662198e-142	0.739321908583949	0.148	0.031	1.37291673270491e-137	NCK2	c16
4.26256843993583e-199	0.739248426876109	0.278	0.072	1.56014267470091e-194	SNHG1	c16
2.29358700408175e-48	0.738916964094341	0.032	0.005	8.39475779363962e-44	PXYLP1	c16
2.59447775605328e-153	0.738638368782496	0.213	0.055	9.4960480349306e-149	SUPT3H	c16
6.78624670480518e-218	0.738250860513407	0.52	0.194	2.48383415642574e-213	MFNG	c16
8.23187668825503e-23	0.738111260974277	0.019	0.004	3.01294918666822e-18	DLGAP3	c16
6.30334865164498e-58	0.737710243319671	0.131	0.046	2.30708863998858e-53	LYRM7	c16
0	0.736990638726063	0.473	0.109	0	ANXA2R	c16
0	0.736412360125027	0.424	0.091	0	LY9	c16
2.26510808390381e-18	0.735211085585891	0.011	0.002	8.29052209789635e-14	SGSM1	c16
3.11493002058769e-52	0.732789583970335	0.104	0.034	1.1400955368353e-47	PEX6	c16
1.29048587245478e-37	0.732543459597244	0.045	0.011	4.72330734177173e-33	TOLLIP-AS1	c16
0	0.730919286989124	0.734	0.208	0	RIPOR2	c16
0	0.73002049779184	0.45	0.113	0	GATA3	c16
1.61908748137229e-304	0.729305860839313	0.676	0.241	5.92602209057073e-300	TNFAIP8	c16
0	0.728962280959829	0.509	0.133	0	ARHGAP45	c16
1.0151658588264e-219	0.728946424747082	0.253	0.057	3.71560855989049e-215	ZNF101	c16
2.4954173983264e-24	0.72894508151934	0.016	0.003	9.13347721961447e-20	AC136475.2	c16
4.38260629208763e-242	0.72891531973566	0.255	0.054	1.60407772896699e-237	CEP85L	c16
1.08187002152913e-34	0.728577942070728	0.046	0.012	3.95975246579875e-30	AP002381.2	c16
2.75068598807243e-71	0.728252213114418	0.136	0.043	1.00677857849439e-66	PGAP2	c16
0	0.727961205221369	0.999	0.851	0	UBA52	c16
6.20425415698655e-37	0.727884515015672	0.067	0.021	2.27081906399865e-32	TAF9B	c16
7.0056656606955e-15	0.727184359450991	0.011	0.002	2.56414368847116e-10	LINC02696	c16
3.8272803349273e-209	0.726832804519504	0.387	0.121	1.40082287538674e-204	SRSF8	c16
0	0.72528764041295	0.471	0.109	0	FKBP11	c16
7.98132695626467e-121	0.724991810130065	0.072	0.01	2.92124547926243e-116	IFNG-AS1	c16
6.07896094027924e-184	0.724596554148273	0.153	0.027	2.22496049375161e-179	EPS8L2	c16
1.96510715797959e-181	0.72432709300624	0.145	0.025	7.19248870892111e-177	LINC00426	c16
2.27330994291127e-136	0.723127406910923	0.367	0.145	8.32054172204953e-132	HEBP2	c16
9.74500817986688e-63	0.722981901411046	0.093	0.025	3.56677044391308e-58	ZFP62	c16
7.37068675061826e-67	0.721876043796388	0.043	0.006	2.69774505759379e-62	KRTCAP3	c16
1.94850211863283e-88	0.721361146235069	0.088	0.018	7.13171260440802e-84	AC007952.4	c16
1.75859412561533e-95	0.721291185170638	0.06	0.008	6.43663035916465e-91	BICDL1	c16
4.66063442771319e-99	0.720662318423104	0.202	0.067	1.7058388068873e-94	PRPSAP2	c16
6.98494836052396e-100	0.72036087346693	0.226	0.08	2.55656094943538e-95	RPS10	c16
8.15535150063496e-139	0.720327734527834	0.163	0.038	2.9849402027474e-134	AL450998.2	c16
7.85613696908131e-75	0.720161257777073	0.05	0.008	2.87542469205345e-70	CCDC141	c16
2.80572650954416e-227	0.719908101243584	0.176	0.03	1.02692395975826e-222	TRAV12-2	c16
3.43309012043143e-40	0.719883790119317	0.06	0.016	1.25654531497911e-35	DEAF1	c16
3.30873224544809e-87	0.719074004842818	0.093	0.02	1.21102908915646e-82	CCDC28B	c16
4.23810914100748e-62	0.718494369068013	0.097	0.027	1.55119032670015e-57	RELL2	c16
2.26870881876437e-15	0.718205567784017	0.017	0.004	8.30370114755947e-11	AC005944.1	c16
3.05693298098802e-19	0.716698239245353	0.027	0.007	1.11886804037143e-14	ARF4-AS1	c16
1.20222903963562e-46	0.716583448800771	0.036	0.006	4.40027850797032e-42	TRAV39	c16
2.33128343055175e-120	0.716514451614591	0.193	0.055	8.53273048416247e-116	CENPK	c16
9.07766809309453e-09	0.716478889848235	0.012	0.004	0.000332251729875353	CCDC180	c16
2.47911981006932e-236	0.714819125749249	0.503	0.177	9.07382641683473e-232	RBBP6	c16
1.22197510924925e-120	0.714062362766619	0.115	0.023	4.47255109736317e-116	AL662844.4	c16
0	0.713303508724289	0.609	0.187	0	RCSD1	c16
6.52848346793203e-239	0.712894048215986	0.306	0.076	2.3894902340978e-234	SGTB	c16
2.52254548965821e-49	0.71227101629909	0.088	0.027	9.232768746698e-45	ZNF749	c16
4.92277737582588e-169	0.712094620695062	0.166	0.033	1.80178574732603e-164	CHI3L2	c16
5.56345178395264e-17	0.711781929159957	0.022	0.006	2.03627898744451e-12	FANK1	c16
1.09225279813676e-46	0.711539863137226	0.072	0.02	3.99775446646037e-42	MORC2	c16
4.22623818256589e-198	0.710623502075567	0.786	0.422	1.54684543720094e-193	RGS10	c16
3.34294633617644e-95	0.71044401507696	0.09	0.018	1.22355178850394e-90	RAB39B	c16
2.49566021199827e-25	0.709912725239748	0.065	0.024	9.13436594193488e-21	CHST7	c16
8.0871733013722e-221	0.709788422528919	0.929	0.581	2.95998630003524e-216	EIF3H	c16
2.27374801934842e-139	0.709591359233419	0.3	0.103	8.32214512561716e-135	SIGMAR1	c16
4.51425147508758e-65	0.70876726459337	0.092	0.024	1.65226118239681e-60	TM7SF2	c16
2.17888507508495e-253	0.707759366205611	0.833	0.405	7.97493726331844e-249	GIMAP4	c16
3.02183366771811e-185	0.705885065933568	0.367	0.121	1.10602134072151e-180	PCIF1	c16
3.6599118004592e-69	0.705108044826249	0.113	0.033	1.33956431808607e-64	ARRDC1-AS1	c16
9.89312100578424e-74	0.70495206907677	0.047	0.007	3.62098121932709e-69	NAP1L2	c16
0	0.704524000639835	0.679	0.208	0	ARHGAP15	c16
1.41823945347517e-100	0.704400909275241	0.057	0.007	5.19089822366447e-96	TRAV24	c16
3.80149901099917e-103	0.70408775300489	0.11	0.024	1.39138665301581e-98	RAB3IP	c16
2.88938946068686e-165	0.70309766998399	0.773	0.397	1.057545436506e-160	AQP3	c16
1.65096261669349e-223	0.702426772728465	0.909	0.555	6.04268827335986e-219	EIF3G	c16
2.64835627408935e-15	0.702337282714268	0.01	0.002	9.69324879879444e-11	POU6F1	c16
1.13782567465355e-48	0.702243815039667	0.05	0.011	4.16455575179946e-44	TPCN1	c16
2.72396935913015e-216	0.701731767090271	0.42	0.137	9.97000025135227e-212	NUDT16L1	c16
5.36431648167461e-227	0.701251276063439	0.964	0.676	1.96339347545772e-222	SNHG29	c16
5.45776597806651e-271	0.701023407637205	0.909	0.456	1.99759692563212e-266	PLAAT4	c16
5.4347832356242e-17	0.700929118239048	0.017	0.004	1.98918501207081e-12	LIX1L-AS1	c16
2.9022833434549e-199	0.700343153438345	0.339	0.1	1.06226472653793e-194	STN1	c16
6.62057323580817e-177	0.6993671915908	0.292	0.084	2.42319601003815e-172	RGS14	c16
3.54753768313903e-19	0.698424071161516	0.02	0.005	1.29843426740572e-14	SYNPO2	c16
2.33936930051647e-31	0.697608679028424	0.031	0.006	8.56232557682031e-27	MAP3K14-AS1	c16
9.36103577502733e-106	0.697387274367296	0.136	0.034	3.42623270401775e-101	LINC01089	c16
3.44014307645952e-30	0.696987801594315	0.037	0.009	1.25912676741495e-25	ERICH6-AS1	c16
5.04842642665194e-120	0.696116543821743	0.128	0.028	1.84777455641888e-115	CCDC7	c16
6.1098948414424e-35	0.695523515736643	0.064	0.02	2.23628261091633e-30	LRRC8C-DT	c16
2.08404459518299e-239	0.695159826430901	0.942	0.59	7.62781162282927e-235	CIRBP	c16
8.86375840997881e-07	0.693764304035695	0.024	0.011	0.0324422421563634	MYOM2	c16
3.74119297189668e-27	0.693596843151001	0.029	0.007	1.3693140396439e-22	AC021028.1	c16
3.31655770667852e-157	0.692841320203335	0.306	0.099	1.21389328622141e-152	RNF214	c16
1.57213607218206e-226	0.692809756836336	0.216	0.042	5.75417523779357e-222	RAB37	c16
5.05790445100107e-65	0.692704433624518	0.079	0.019	1.8512436081109e-60	MIR762HG	c16
5.01373862662116e-25	0.692390048394828	0.045	0.014	1.83507847472961e-20	EID2	c16
8.58653831685093e-19	0.692377822817006	0.056	0.023	3.14275888935061e-14	LIPT2	c16
2.92033740293263e-250	0.69177113372247	0.262	0.055	1.06887269284737e-245	TSPYL2	c16
2.85755508929393e-106	0.691257536536184	0.149	0.039	1.04589373823247e-101	PPP1R35	c16
2.12295130192362e-86	0.691077577731906	0.078	0.015	7.77021406017064e-82	SLC37A3	c16
1.86869965851358e-74	0.690598439552555	0.119	0.034	6.83962762012556e-70	CDR2	c16
2.11482810311279e-255	0.690521501020369	0.602	0.222	7.74048234020312e-251	TAF7	c16
2.45502673009678e-53	0.69044467967157	0.061	0.014	8.98564333482722e-49	MAP9	c16
5.90421579130884e-67	0.690437449738125	0.094	0.025	2.16100202177695e-62	FAM24B	c16
7.47470445851144e-141	0.689747522439067	0.219	0.061	2.73581657885977e-136	IKBKE	c16
2.00489824764488e-56	0.689719896841715	0.133	0.047	7.33812807620504e-52	AKAP7	c16
1.91407069390643e-92	0.688945910926857	0.115	0.028	7.00569014676692e-88	GNB1L	c16
2.30486809898823e-33	0.688915797039096	0.031	0.006	8.43604772910681e-29	RORC	c16
2.09194685098446e-72	0.688448410150615	0.969	0.762	7.65673466928823e-68	RPS26	c16
1.04925215024473e-198	0.688248545031443	0.167	0.03	3.84036779511075e-194	TRBV9	c16
1.72056795938589e-231	0.687206139964631	0.941	0.606	6.29745078814828e-227	SSR2	c16
1.52315256493348e-165	0.686995808691395	0.302	0.094	5.57489070291303e-161	PRORP	c16
1.23535841866955e-20	0.686149006274636	0.02	0.004	4.52153534817243e-16	MALINC1	c16
1.18711212438491e-215	0.684917102140599	0.244	0.054	4.3449490864612e-211	ADA	c16
1.42831944861938e-134	0.684639631518929	0.12	0.023	5.22779201389179e-130	RBM38	c16
3.74690901026694e-234	0.684342330438939	0.42	0.128	1.3714061668478e-229	CDKN2D	c16
4.03899405141254e-221	0.682977303839766	0.446	0.15	1.4783122127575e-216	MAN1A2	c16
2.97695983256008e-80	0.682958003969329	0.076	0.015	1.08959706831532e-75	AC124016.1	c16
2.70303183410233e-14	0.682868634755034	0.014	0.003	9.89336681599795e-10	LAPTM4B	c16
3.28176648129609e-114	0.68269703404768	0.086	0.014	1.20115934981918e-109	RNF144A	c16
3.14722262038215e-228	0.681052769718845	0.17	0.027	1.15191495128607e-223	ZNF831	c16
6.80755246335903e-39	0.680667325289745	0.064	0.019	2.49163227711404e-34	CTBP1-DT	c16
3.86329213499623e-166	0.680460536916978	0.175	0.037	1.41400355432997e-161	BCL9L	c16
7.82979832590232e-96	0.680155881295863	0.082	0.015	2.86578448526351e-91	VAMP1	c16
3.75108035389314e-154	0.679613018698598	0.112	0.018	1.37293292032843e-149	APBA2	c16
3.55024473562597e-74	0.679584886107174	0.089	0.021	1.29942507568646e-69	SYNGAP1	c16
1.4263270536911e-27	0.678676524779278	0.036	0.009	5.22049964921481e-23	ETV2	c16
2.39539301719942e-11	0.677631319140222	0.023	0.008	8.76737798225159e-07	TMEM147-AS1	c16
1.30675715230057e-11	0.676772975795956	0.011	0.002	4.78286185313533e-07	RPL34-AS1	c16
1.95694855085665e-95	0.676119462750643	0.049	0.006	7.16262739099042e-91	CD79A	c16
6.55555842888737e-90	0.675773096669393	0.054	0.008	2.39939994055706e-85	KIF5C	c16
7.70815899631942e-212	0.675699299337091	0.819	0.436	2.82126327424287e-207	NSA2	c16
5.43448533367491e-260	0.675387884026628	0.863	0.432	1.98907597697836e-255	PNISR	c16
1.3247756536902e-287	0.675294220209916	0.221	0.037	4.8488113700715e-283	TRAV29DV5	c16
1.10621934574906e-10	0.674821004628236	0.021	0.007	4.04887342737614e-06	YTHDF3-AS1	c16
7.0841549679282e-22	0.673847192234717	0.019	0.004	2.5928715598114e-17	PITPNM2	c16
1.27276640155302e-46	0.673708462150338	0.054	0.013	4.65845230632422e-42	SDCBP2-AS1	c16
2.33466556647824e-92	0.673515446351714	0.135	0.037	8.545109439867e-88	PLCL2	c16
3.87254561797531e-231	0.67213198646225	0.558	0.203	1.41739042163514e-226	IL16	c16
0	0.671810677405285	0.999	0.961	0	TPT1	c16
9.23000064339198e-07	0.671202036417823	0.027	0.013	0.033782725354879	MB21D2	c16
7.17256636725824e-223	0.670930318864905	0.979	0.714	2.62523101608019e-218	RPS20	c16
1.00932992413811e-28	0.669572373787319	0.021	0.004	3.69424845533788e-24	FBXO2	c16
3.28555363362428e-216	0.669196028765278	0.631	0.271	1.20254548544282e-211	SNRPA	c16
2.10544660862307e-123	0.669041908292744	0.348	0.138	7.70614513222129e-119	ZNF581	c16
1.40929820945047e-226	0.668890462600042	0.159	0.025	5.15817237640967e-222	TTN	c16
3.68506101408543e-09	0.668716147719216	0.016	0.005	0.000134876918176541	ZNF554	c16
4.35693595108472e-27	0.668683805917206	0.056	0.019	1.59468212745652e-22	ZNF575	c16
5.74476989470543e-185	0.668278842351862	0.172	0.033	2.10264322916113e-180	BCAS4	c16
1.00005804649058e-09	0.668067773750495	0.01	0.002	3.66031245596019e-05	ZBTB32	c16
5.20296536778934e-11	0.667836242991168	0.029	0.011	1.90433735426457e-06	RFESD	c16
1.85969544775938e-307	0.66758051231003	0.311	0.063	6.80667130834411e-303	UBASH3A	c16
7.99676028609217e-13	0.667172865990982	0.012	0.002	2.9268942323126e-08	BLK	c16
4.45573503880805e-110	0.667127240136595	0.244	0.085	1.63084358155414e-105	THAP11	c16
1.72898371729186e-23	0.666984035700273	0.032	0.009	6.32825330365993e-19	AC093249.6	c16
6.89126624261208e-138	0.666900771522009	0.134	0.027	2.52227235745845e-133	CCL28	c16
0	0.66596016270317	0.509	0.111	0	P2RY8	c16
3.91687254764146e-140	0.665241212925153	0.167	0.039	1.43361452116225e-135	PAXIP1-AS1	c16
0	0.664807966815824	1	0.882	0	RPL15	c16
1.13746158175962e-07	0.664477737588173	0.014	0.005	0.00416322313539838	TXLNB	c16
2.91920991092389e-22	0.661619811551211	0.016	0.003	1.06846001949725e-17	AC020656.2	c16
6.10061213195822e-83	0.661561053293174	0.115	0.03	2.23288504641803e-78	ZNF862	c16
6.07394818895619e-82	0.659569337459166	0.163	0.053	2.22312577663986e-77	CPTP	c16
0	0.659193760402321	0.727	0.209	0	ARL4C	c16
4.45140565181878e-175	0.658242329927182	0.416	0.153	1.62925898262219e-170	CCM2	c16
9.16358947657344e-18	0.658054109543933	0.023	0.006	3.35396538432064e-13	AL353708.3	c16
2.97552643200959e-186	0.657227152053151	0.174	0.034	1.08907242937983e-181	TMEM154	c16
6.00323129913707e-41	0.657162904798348	0.08	0.026	2.19724268779716e-36	SMIM3	c16
2.44692400696177e-194	0.65692224568984	0.293	0.08	8.95598655788078e-190	LINC00623	c16
1.62887547538576e-151	0.656581861731316	0.2	0.05	5.96184712745941e-147	SNHG9	c16
1.14433776654367e-43	0.656383285134973	0.052	0.012	4.18839065932648e-39	SLC35G1	c16
1.11426905196197e-11	0.656248312032818	0.039	0.017	4.078336157086e-07	URB1-AS1	c16
5.19403248333224e-261	0.655836015786296	0.288	0.063	1.90106782922443e-256	PRKCB	c16
5.32450582831339e-205	0.65530242105375	0.556	0.222	1.94882237822098e-200	NUCB2	c16
1.17396685093467e-194	0.655024232326796	0.882	0.531	4.29683607110599e-190	UXT	c16
1.18946475671002e-108	0.654443830177183	0.251	0.089	4.35355995603436e-104	CHMP7	c16
1.08068401720202e-233	0.653830983577989	0.856	0.449	3.95541157136112e-229	LEPROTL1	c16
9.16651744579963e-07	0.652362028045262	0.014	0.005	0.0335503705033712	RORA-AS1	c16
1.55774223549635e-148	0.650807945018191	0.307	0.103	5.70149235614017e-144	BLOC1S4	c16
1.66847921534433e-210	0.650350833077932	0.448	0.154	6.10680077608179e-206	ABTB1	c16
8.82907764500754e-08	0.649763565127257	0.013	0.004	0.00323153070884921	AL358472.2	c16
1.39444300148461e-184	0.649161441609588	0.13	0.02	5.10380082973384e-180	IL2RA	c16
2.71843465876658e-173	0.649105852514664	0.442	0.169	9.94974269455158e-169	GIMAP2	c16
9.6563135716707e-139	0.648941305125434	0.183	0.046	3.53430733036719e-134	LPAR2	c16
1.37223413474229e-227	0.648473996004231	0.675	0.29	5.02251415657026e-223	KRT10	c16
5.50002554160582e-93	0.6477867158156	0.139	0.038	2.01306434848315e-88	AC008105.3	c16
3.56975647722248e-35	0.647783438298817	0.046	0.012	1.3065665682282e-30	AC103591.3	c16
1.42087050814906e-184	0.64682073004396	0.481	0.186	5.20052814687639e-180	FAM107B	c16
3.00395086446357e-210	0.646750745366634	0.536	0.208	1.09947605590231e-205	TMUB1	c16
1.97465172281539e-74	0.646626923432638	0.083	0.019	7.22742277067661e-70	METAP1D	c16
8.00632809249767e-10	0.646562216991241	0.032	0.014	2.93039614513507e-05	PTDSS2	c16
1.28291655313237e-185	0.646445566864903	0.323	0.096	4.69560287611979e-181	TOB1	c16
7.61697430556791e-48	0.646109250985164	0.091	0.029	2.78788876558091e-43	ZSCAN18	c16
7.19075294606238e-156	0.646035025281896	0.199	0.049	2.63188748578829e-151	TTC28-AS1	c16
3.49169640644969e-64	0.645992828587211	0.08	0.02	1.27799580172465e-59	RGS2	c16
8.35677002363939e-21	0.645746647005745	0.014	0.002	3.05866139635225e-16	AC007448.4	c16
2.90046365296272e-64	0.645584558329195	0.07	0.016	1.06159870162089e-59	ARIH2OS	c16
2.0605551202117e-282	0.645415067678393	0.65	0.227	7.54183779548684e-278	PBXIP1	c16
2.26712040263583e-54	0.64488712452186	0.106	0.034	8.29788738568739e-50	MAD2L1	c16
4.16488373493413e-89	0.644642566236898	0.078	0.015	1.52438909582324e-84	P2RX5	c16
6.00476011507148e-144	0.644601720124014	0.532	0.25	2.19780224971731e-139	LSM5	c16
2.52135369421314e-14	0.644301225918956	0.034	0.013	9.22840665618952e-10	AL035587.2	c16
1.82019954544963e-183	0.643840593431644	0.446	0.167	6.6621123563002e-179	SMAP2	c16
6.59079254194283e-25	0.643555057887067	0.025	0.006	2.4122959782765e-20	RAB3D	c16
5.57658793352918e-12	0.642775414654634	0.01	0.002	2.04108694955102e-07	AP002026.1	c16
3.47422636232147e-09	0.642406128228344	0.02	0.007	0.000127160159087328	HIST2H2BF	c16
3.53989454924054e-174	0.642378422725108	0.508	0.213	1.29563680396753e-169	HNRNPD	c16
2.09518354290287e-178	0.642267701749668	0.483	0.191	7.66858128537878e-174	VPS51	c16
2.1010575027117e-38	0.64196206220809	0.038	0.008	7.69008056567508e-34	AL117379.1	c16
3.1692497390722e-169	0.641477878118245	0.421	0.159	1.15997709699781e-164	OXLD1	c16
1.1869754230106e-39	0.640701688629319	0.042	0.009	4.34444874576109e-35	SNHG19	c16
2.45206441419193e-238	0.640361673104779	0.49	0.167	8.97480096238388e-234	CLDND1	c16
5.78242640002037e-201	0.639851383894816	0.872	0.499	2.11642588667145e-196	CUTA	c16
6.64472985685702e-18	0.639841465275144	0.034	0.011	2.43203757490824e-13	TOB1-AS1	c16
4.24083776795629e-32	0.639832544667808	0.039	0.01	1.55218903144968e-27	PAIP2B	c16
4.07808624392371e-30	0.639493865086327	0.049	0.014	1.49262034613852e-25	KYAT1	c16
0	0.638759799595673	0.545	0.141	0	SIT1	c16
5.10268464686399e-34	0.638422205569769	0.093	0.036	1.86763360759869e-29	PKIA	c16
2.9134295569718e-79	0.637683575946	0.093	0.022	1.06634435214725e-74	TSPYL4	c16
2.96320542761832e-36	0.637633508105255	0.041	0.01	1.08456281856258e-31	AC002310.1	c16
4.26606875403365e-133	0.63686994110849	0.23	0.069	1.56142382466386e-128	APOL3	c16
4.22905587318557e-26	0.636567200345514	0.033	0.008	1.54787674014465e-21	AL138724.1	c16
5.94406625738337e-155	0.636101420500654	0.696	0.367	2.17558769086489e-150	ALKBH7	c16
1.21804741735133e-271	0.635716595092331	0.708	0.279	4.45817535224759e-267	SIGIRR	c16
4.8581916053582e-85	0.63540297152276	0.179	0.06	1.77814670947715e-80	CDKN2AIPNL	c16
1.74286180109544e-25	0.635002079991278	0.023	0.004	6.37904847818941e-21	TMSB15B	c16
3.6392595829292e-208	0.634567377690293	0.949	0.629	1.33200539994792e-203	SNRPD2	c16
8.39517717617783e-32	0.634508170268511	0.073	0.026	3.07271879825285e-27	FAM241A	c16
1.54002587769625e-38	0.63419378642389	0.039	0.008	5.63664871495605e-34	HIST1H2AK	c16
4.49523937788349e-25	0.634078621658216	0.03	0.007	1.64530256469914e-20	AL135791.1	c16
5.36647290522957e-20	0.633472368834065	0.017	0.003	1.96418274804307e-15	WNT10A	c16
3.28951722456534e-64	0.633431041746183	0.149	0.053	1.20399619936316e-59	NFATC1	c16
1.9301986691262e-19	0.632354113986792	0.013	0.002	7.0647201488688e-15	BX284668.6	c16
1.72370721953581e-158	0.632108598095607	0.307	0.099	6.30894079422301e-154	ABHD17A	c16
4.67136956318397e-105	0.631855480095031	0.194	0.061	1.70976797382096e-100	TXLNG	c16
1.84215177572354e-94	0.631562179966177	0.118	0.029	6.74245971432571e-90	GGT7	c16
1.03365757963974e-225	0.631347966601715	0.989	0.739	3.78329010723942e-221	COX7C	c16
1.74376825756281e-186	0.631049667939239	0.941	0.64	6.38236619950563e-182	COMMD6	c16
2.77480299068061e-138	0.631027244826395	0.117	0.021	1.01560564261901e-133	CTLA4	c16
1.0340391503263e-33	0.630748159389385	0.019	0.003	3.7846866941093e-29	CNKSR2	c16
1.36188740223307e-14	0.630604144160566	0.027	0.009	4.98464408091327e-10	DERPC	c16
6.3973742673423e-39	0.630237453556702	0.062	0.018	2.34150295558995e-34	ZNF346	c16
1.29066726615504e-107	0.630082540150946	0.351	0.151	4.72397126085405e-103	TP53TG1	c16
1.06891286291411e-120	0.63002755095685	0.267	0.092	3.91232796955194e-116	SMIM27	c16
2.59270075889785e-65	0.629812740997179	0.144	0.05	9.48954404764204e-61	ZNF433-AS1	c16
1.4958715821605e-78	0.629249929510455	0.171	0.058	5.47503957786564e-74	DYNLL2	c16
7.25569030083887e-140	0.628485844751832	0.332	0.12	2.65565520701003e-135	ARL14EP	c16
1.54943601141164e-70	0.628208473005372	0.265	0.12	5.67109074536776e-66	C11orf1	c16
5.45275408081098e-24	0.627256074019392	0.019	0.003	1.99576252111763e-19	SYNM	c16
8.37947474518249e-188	0.626340210662784	0.616	0.276	3.06697155148424e-183	RPL22L1	c16
1.17288141058217e-34	0.626163234682736	0.08	0.028	4.2928632508718e-30	FAM241B	c16
5.02766465597786e-80	0.625971837931946	0.05	0.007	1.84017554073446e-75	AL121839.2	c16
3.07268014521977e-253	0.625496859166469	0.914	0.453	1.12463165995189e-248	IFITM2	c16
0	0.625174018075447	0.505	0.128	0	CD5	c16
2.86207606804272e-98	0.62501503851697	0.179	0.055	1.04754846166432e-93	SH2B1	c16
3.43978134181772e-181	0.624134084123301	0.655	0.311	1.2589943689187e-176	PPA1	c16
6.93851946853564e-234	0.623982443727544	0.273	0.061	2.53956751067873e-229	PLCG1	c16
2.18332971203794e-188	0.623074776200224	0.911	0.558	7.99120507903007e-184	ANP32B	c16
1.32540954508004e-07	0.622073735781218	0.012	0.004	0.00485113147594746	AC008763.1	c16
6.36811407602028e-288	0.62112973108687	0.291	0.059	2.33079343296418e-283	FAM102A	c16
5.85189089083943e-25	0.620466006871182	0.037	0.01	2.14185058495614e-20	LINC00205	c16
6.1197974551947e-73	0.620236150816546	0.064	0.012	2.23990706657581e-68	LOXL1-AS1	c16
8.87801633563916e-83	0.619942146464175	0.159	0.05	3.24944275900729e-78	IL18BP	c16
1.46414719370485e-50	0.619151594059562	0.048	0.01	5.35892514367913e-46	SLC18B1	c16
7.1541469798247e-225	0.619111122164173	0.993	0.777	2.61848933608564e-220	RPL36AL	c16
1.50499965458768e-33	0.618792246474577	0.045	0.012	5.50844923575636e-29	AL162377.1	c16
6.05435859798736e-137	0.618285455415296	0.209	0.058	2.21595579044935e-132	NBPF15	c16
4.87661926357848e-68	0.618073603091787	0.094	0.024	1.78489141666236e-63	SNHG10	c16
2.1557604625e-92	0.618023717872769	0.115	0.028	7.89029886879623e-88	KMT2E-AS1	c16
2.38553356707214e-99	0.617095931280941	0.281	0.111	8.73129140884073e-95	USE1	c16
4.27369854193013e-302	0.616896944592972	0.449	0.121	1.56421640333185e-297	GABPB1-AS1	c16
2.5283739769957e-26	0.616494818547901	0.023	0.004	9.25410159320197e-22	KIR3DL2	c16
2.22657595236728e-38	0.616284776721813	0.028	0.005	8.14949064325949e-34	PVRIG	c16
5.54565360165538e-49	0.615773019125272	0.145	0.058	2.02976467474189e-44	RETREG1	c16
5.33686613248907e-162	0.614635692999452	0.674	0.34	1.95334637315233e-157	IGBP1	c16
1.52301531310684e-12	0.614622013247614	0.026	0.009	5.57438834750234e-08	DDX43	c16
8.50470011212179e-21	0.614548207023747	0.025	0.006	3.1128052880377e-16	ZDBF2	c16
6.2937058147617e-24	0.614320108194198	0.017	0.003	2.30355926526093e-19	ADAMTS10	c16
7.83956287646654e-133	0.61400978342057	0.192	0.051	2.86935840841552e-128	APBA3	c16
1.67935900470923e-202	0.613907243816103	0.999	0.577	6.14662189313626e-198	IL32	c16
3.35879363909194e-125	0.613434036996968	0.188	0.052	1.22935205984404e-120	CEP135	c16
3.88136814851319e-160	0.613376820833134	0.355	0.123	1.42061955603731e-155	SNRPN	c16
1.31090015955863e-132	0.613281287162198	0.104	0.018	4.79802567400055e-128	TRAV5	c16
2.76461407007107e-21	0.613178869516248	0.021	0.004	1.01187639578671e-16	CXorf65	c16
4.96696771299432e-150	0.61312211757764	0.123	0.022	1.81795985263305e-145	ANO9	c16
3.26271202880606e-44	0.61138451176871	0.062	0.017	1.19418522966331e-39	REC8	c16
1.96395049910826e-248	0.611266738231931	0.298	0.068	7.18825522178615e-244	MEI1	c16
7.20350496408651e-154	0.611251451195559	0.678	0.356	2.6365548519053e-149	POLR1D	c16
1.76884032218344e-155	0.610956108923038	0.931	0.608	6.47413246322359e-151	UCP2	c16
8.10144973881238e-88	0.610875952941687	0.074	0.014	2.96521161890272e-83	OSBPL7	c16
2.9418871651322e-28	0.609360641070114	0.058	0.019	1.07676012131004e-23	PXMP2	c16
2.14777028163297e-54	0.60935182625398	0.043	0.008	7.86105400780482e-50	GSDMB	c16
9.09305113573156e-119	0.608511509315383	0.208	0.063	3.32814764618911e-114	COG3	c16
1.45580721779265e-231	0.608456325838231	0.294	0.071	5.32839999784286e-227	WDR54	c16
3.08763564504632e-79	0.608421512698518	0.202	0.075	1.1301055224434e-74	CHMP6	c16
1.55016544116975e-19	0.608360213979488	0.022	0.005	5.6737605312254e-15	LINC01644	c16
2.37727420743656e-07	0.608239153696513	0.014	0.005	0.00870106132663855	CAHM	c16
3.45922824291792e-286	0.607651487685197	0.914	0.353	1.26611212919039e-281	CD3G	c16
1.3466922925594e-20	0.607600725660891	0.024	0.006	4.92902845999665e-16	SPATA24	c16
1.00222390912246e-49	0.607450933385054	0.226	0.111	3.66823972977913e-45	LHPP	c16
2.39897633352465e-214	0.607254777281502	0.697	0.306	8.78049327833358e-210	BIN2	c16
1.55244247891356e-46	0.606437492200962	0.123	0.046	5.68209471707153e-42	SLC27A5	c16
2.6033747567925e-24	0.60637900979104	0.027	0.006	9.52861194733622e-20	GPRC5D-AS1	c16
1.40413748531935e-169	0.606280330672108	0.546	0.239	5.13928361001736e-165	NBEAL1	c16
1.18392810987366e-84	0.606071999300649	0.08	0.016	4.33329527494859e-80	MPP7	c16
2.35879656214892e-17	0.604188006707409	0.022	0.006	8.63343129712126e-13	AL161421.1	c16
4.191317419052e-184	0.603948896703037	0.809	0.439	1.53406408854722e-179	PHB2	c16
2.6507653532793e-59	0.60343999764139	0.12	0.04	9.70206626953756e-55	JMJD4	c16
1.04643512647363e-20	0.603301045161919	0.024	0.006	3.83005720640614e-16	ELMO3	c16
1.11135117576953e-287	0.603249977341946	0.999	0.91	4.06765643843405e-283	RPS24	c16
1.97149991273572e-22	0.602666152911187	0.034	0.01	7.21588683060401e-18	RHEBL1	c16
1.92050928829448e-35	0.602311590542603	0.025	0.004	7.02925604608663e-31	KLF3-AS1	c16
4.69610162716384e-82	0.601492423325463	0.133	0.038	1.71882015655824e-77	ZNF444	c16
1.13560644585733e-120	0.60116042172096	0.712	0.409	4.1564331524824e-116	CORO1B	c16
5.06831122255909e-35	0.600772621781952	0.062	0.019	1.85505259056885e-30	AC097382.3	c16
0	0.599953821079309	0.382	0.077	0	SCML4	c16
4.50496609442659e-170	0.599878480117193	0.142	0.025	1.64886264022108e-165	SMAGP	c16
8.43793635624711e-88	0.599857727770075	0.082	0.016	3.08836908575001e-83	EIF4E3	c16
8.57215148220301e-33	0.599814263673102	0.026	0.005	3.13749316400113e-28	TRBV13	c16
1.44533324327018e-166	0.599360809975988	0.245	0.066	5.29006420369318e-162	ZBTB25	c16
2.91666236776271e-147	0.599002916490567	0.113	0.019	1.06752759322483e-142	AL359220.1	c16
1.84387888011749e-148	0.598468219240937	0.436	0.18	6.74878108911804e-144	CCDC59	c16
7.86516548384075e-23	0.598088523450536	0.052	0.018	2.87872921874055e-18	CCDC9	c16
1.049853672032e-234	0.59772366298777	0.361	0.098	3.84256942500431e-230	ORMDL3	c16
2.35061876542323e-152	0.597061006673812	0.339	0.119	8.60349974332556e-148	MRPS31	c16
1.85457820567627e-211	0.597034724082503	0.497	0.181	6.78794169059571e-207	CRBN	c16
2.40881525742376e-184	0.596514439719541	0.838	0.472	8.81650472369669e-180	ZFAS1	c16
4.53068095757988e-96	0.595661162542848	0.271	0.107	1.65827453728381e-91	C6orf226	c16
1.09292048393803e-239	0.594631586341634	0.418	0.12	4.00019826326158e-235	ITGB7	c16
1.02909645657395e-21	0.593646451469549	0.025	0.006	3.76659594070633e-17	AC211476.2	c16
4.31685589236396e-190	0.593634988023115	0.803	0.434	1.58001242516413e-185	HNRNPA0	c16
4.57783682454124e-168	0.593470491227163	0.424	0.16	1.67553405615034e-163	RNF126	c16
1.25076053813433e-164	0.593169143443915	0.385	0.138	4.57790864562545e-160	LETMD1	c16
1.10419944063753e-39	0.593148615739714	0.064	0.018	4.04148037267743e-35	ZNF287	c16
3.18370022363991e-32	0.592887275077761	0.018	0.002	1.16526611885444e-27	HIST1H2BG	c16
1.71860701982416e-20	0.592797787782289	0.064	0.027	6.29027355325841e-16	BRD3OS	c16
1.59304047475716e-268	0.592409105470267	0.361	0.089	5.83068744165868e-264	CD320	c16
1.96978738884911e-61	0.592066052553601	0.114	0.036	7.20961882192663e-57	AC012146.1	c16
1.81828994819742e-78	0.5913435454848	0.163	0.054	6.65512303939737e-74	TIFA	c16
1.789476285302e-07	0.591099894125847	0.02	0.008	0.00654966215183384	AL162231.2	c16
1.48745395541864e-159	0.590714749556529	0.133	0.024	5.44423022222777e-155	PATJ	c16
2.82469522293261e-48	0.590462624737977	0.113	0.04	1.03386669854556e-43	SCAMP1-AS1	c16
6.38124500205104e-61	0.589687140429177	0.128	0.043	2.3355994832007e-56	CYB561	c16
3.79686380652291e-47	0.589362637526964	0.025	0.003	1.38969012182545e-42	TEPP	c16
6.18683485034308e-89	0.589293206113763	0.252	0.099	2.26444342357407e-84	RPA1	c16
8.00425475478895e-30	0.588887773937945	0.025	0.005	2.9296372828003e-25	AL137003.1	c16
1.91042849622918e-143	0.588744219817614	0.25	0.074	6.99235933904841e-139	SLC25A38	c16
2.25032424845619e-12	0.588210231976822	0.031	0.012	8.23641178177448e-08	ZC4H2	c16
3.43833587621708e-20	0.587913929826148	0.045	0.016	1.25846531405421e-15	MAN1B1-DT	c16
3.61136085171402e-55	0.586985340773513	0.129	0.046	1.32179418533585e-50	PDK2	c16
4.97005713165185e-143	0.586578932986781	0.601	0.301	1.81909061075589e-138	CLNS1A	c16
1.63895935364886e-26	0.586513105687768	0.061	0.022	5.99875513029019e-22	NCDN	c16
1.13944890524559e-168	0.585897394126397	0.144	0.026	4.17049693808938e-164	SH2D3A	c16
5.52963113460473e-07	0.584771979372286	0.019	0.008	0.0202390029157668	SPACA6	c16
1.74945844177053e-13	0.584584971851275	0.014	0.003	6.40319284272431e-09	USP51	c16
2.31995536196517e-27	0.584398078268065	0.021	0.004	8.49126862032873e-23	COLQ	c16
6.5497586605711e-07	0.583932276013847	0.021	0.009	0.0239727716735563	HSD11B1L	c16
1.9544749086237e-65	0.583918684432309	0.101	0.028	7.15357361305361e-61	EID2B	c16
0	0.583655939831745	0.761	0.235	0	ACAP1	c16
2.13400243992576e-148	0.583236375533377	0.337	0.119	7.81066233037228e-144	ARFRP1	c16
3.49891839150908e-189	0.582909029251421	0.957	0.653	1.28063912047624e-184	GSTK1	c16
4.17916767425479e-80	0.582486247680203	0.189	0.068	1.529617160454e-75	ARFIP2	c16
7.2334886249351e-68	0.582477337986498	0.084	0.02	2.6475291716125e-63	VILL	c16
2.40539837884679e-134	0.582094908777615	0.246	0.076	8.80399860641715e-130	KLF9	c16
1.07660467135771e-189	0.582017059747638	0.182	0.036	3.94048075763636e-185	ZEB1	c16
3.40281312752284e-138	0.580780179950277	0.155	0.034	1.24546363280463e-133	NMT2	c16
1.44007199986255e-250	0.579625100977362	0.571	0.202	5.27080752669694e-246	HMGB2	c16
2.39097099991422e-07	0.579312910166704	0.017	0.007	0.00875119295678602	AMY2B	c16
1.48641055454815e-51	0.578493883583918	0.076	0.021	5.44041127070168e-47	BCR	c16
0	0.578240712587029	0.724	0.22	0	LBH	c16
7.65264791213536e-192	0.577727887082381	0.481	0.182	2.80094566232066e-187	MAD1L1	c16
2.96810447648052e-14	0.577695938600093	0.045	0.019	1.08635591943663e-09	AL136038.5	c16
5.49361552859992e-178	0.576915317405619	0.927	0.595	2.01071821962286e-173	APRT	c16
1.48838483647569e-60	0.576674441373961	0.107	0.032	5.44763733998466e-56	TMCO6	c16
1.01347432258879e-08	0.576469697319428	0.022	0.009	0.000370941736810724	PYCARD-AS1	c16
1.65086374096827e-61	0.576409704058877	0.064	0.014	6.04232637831795e-57	EPHA1-AS1	c16
5.24608691265954e-63	0.576277324573217	0.097	0.027	1.92012027090252e-58	MXI1	c16
7.75509390650929e-274	0.57601864193004	0.722	0.278	2.83844192072146e-269	KIF2A	c16
2.13057672585171e-219	0.575540301337593	0.5	0.176	7.79812387428983e-215	ARHGAP9	c16
1.63067142428441e-125	0.575514865552922	0.469	0.216	5.96842048002339e-121	NSMCE1	c16
1.12712140335898e-41	0.575242026617546	0.023	0.003	4.12537704843421e-37	AC233976.1	c16
6.42381481356303e-107	0.574754736350643	0.211	0.068	2.3511804599122e-102	HOTAIRM1	c16
2.36344174842679e-11	0.574460588960584	0.012	0.003	8.6504331434169e-07	EGFL8	c16
1.19188067816369e-78	0.574349196967079	0.159	0.052	4.36240247014693e-74	NAALADL1	c16
0	0.5737712639705	0.537	0.128	0	CAMK4	c16
1.8891070934284e-131	0.573732353639396	0.13	0.026	6.91432087265728e-127	ATP8B2	c16
1.16064840140401e-25	0.572689816871491	0.021	0.004	4.2480892139788e-21	CCDC102A	c16
2.14083085951995e-184	0.571888048430036	0.98	0.726	7.83565502892895e-180	SLC25A6	c16
1.24908445051584e-159	0.571446537263566	0.783	0.444	4.57177399733303e-155	TOMM20	c16
1.16625832074153e-229	0.571426759520039	0.595	0.228	4.26862207974607e-225	ZC3HAV1	c16
7.88842138283017e-181	0.571124567135856	0.98	0.714	2.88724111032967e-176	EIF3K	c16
4.36024655912534e-27	0.570720580547037	0.083	0.034	1.59589384310547e-22	SRP14-AS1	c16
1.19607419013618e-11	0.57040441492118	0.032	0.013	4.37775114331742e-07	ZNF558	c16
7.77955377644596e-47	0.570159382378977	0.083	0.026	2.84739447771699e-42	PDE6B	c16
1.12032115420314e-160	0.569685195236327	0.508	0.216	4.10048745649891e-156	SELENOM	c16
4.13709748718615e-198	0.569594549409882	0.983	0.7	1.514219051285e-193	RAC2	c16
2.84515074130727e-104	0.569467709301708	0.153	0.041	1.04135362282587e-99	TCP11L2	c16
7.67701209237976e-230	0.569397367648846	0.517	0.179	2.80986319593191e-225	PSMB8-AS1	c16
1.32974234402668e-125	0.569225076052465	0.181	0.048	4.86698995337206e-121	AC025159.1	c16
8.25141782744907e-96	0.56922412635842	0.263	0.102	3.02010143902463e-91	ZFAND1	c16
2.50512954506309e-78	0.568306510288632	0.126	0.036	9.16902464788543e-74	KRBOX4	c16
6.39318635395728e-180	0.567519098801343	0.882	0.533	2.33997013741191e-175	HNRNPDL	c16
3.14783269956217e-92	0.567451817975745	0.195	0.065	1.15213824636675e-87	MOAP1	c16
2.85268577858908e-166	0.566921798476489	0.6	0.281	1.04411152182139e-161	CLPP	c16
4.31797623396013e-171	0.566663260154162	0.937	0.669	1.58042248139175e-166	ZFP36L2	c16
1.71253496579384e-11	0.566581120122073	0.02	0.007	6.26804922830204e-07	DIP2C	c16
1.61099251258668e-25	0.566163152005843	0.027	0.006	5.8963936953185e-21	FUT8-AS1	c16
2.19596882644471e-51	0.565556343972068	0.062	0.015	8.0374655016703e-47	AC007383.2	c16
4.43484688603758e-76	0.565389159532129	0.117	0.033	1.62319830875861e-71	GLI4	c16
9.6295717477803e-122	0.565112695339187	0.131	0.029	3.52451955540507e-117	GPR155	c16
3.41581335519886e-10	0.565097659285939	0.012	0.003	1.25022184613633e-05	AL109811.2	c16
2.18293205278376e-26	0.56455812659244	0.052	0.017	7.98974960639385e-22	AL050341.2	c16
8.15607603820872e-35	0.564457979280729	0.065	0.021	2.98520539074477e-30	ACBD4	c16
2.08634013965931e-146	0.564393892506056	0.502	0.225	7.63621354516702e-142	PQBP1	c16
5.06392803494003e-65	0.563750503516579	0.049	0.008	1.8534483000684e-60	SBK1	c16
7.14323128489274e-35	0.563608036456935	0.079	0.028	2.61449408258359e-30	BAG2	c16
6.77498036939457e-102	0.563545627863158	0.22	0.075	2.47971056500211e-97	MPRIP	c16
4.30029759309837e-11	0.563522742961022	0.013	0.003	1.57395192204993e-06	AGBL2	c16
2.88303817775748e-14	0.56317384590073	0.01	0.002	1.05522080344102e-09	MCF2L	c16
2.00193820914693e-182	0.563098674984987	0.41	0.144	7.3272940392987e-178	ATXN7L3B	c16
4.17053944012418e-158	0.563019726920395	0.311	0.1	1.52645914047985e-153	CAMK2G	c16
2.37447928429967e-153	0.562951927078242	0.968	0.714	8.69083162846521e-149	SARAF	c16
6.3539925927868e-154	0.562702674236231	0.576	0.269	2.3256248288859e-149	TRAPPC6A	c16
4.86624775113158e-105	0.562589636985867	0.258	0.094	1.78109533939167e-100	TACC3	c16
8.76302925413493e-34	0.562032370452074	0.081	0.029	3.20735633730593e-29	LINC02245	c16
6.07861190278075e-11	0.561151346233538	0.024	0.009	2.22483274253678e-06	ZFP41	c16
1.31881431288621e-65	0.560801622060417	0.197	0.079	4.82699226659483e-61	EIF2D	c16
4.70238950907578e-33	0.56040147011994	0.086	0.032	1.72112158421683e-28	EXOSC2	c16
3.78797435765162e-184	0.560326381222795	0.823	0.457	1.38643649464407e-179	ANAPC16	c16
8.9139931361515e-53	0.560274370921269	0.1	0.031	3.26261062776281e-48	AC073332.1	c16
1.66977690365351e-149	0.559877793592365	0.471	0.2	6.1115504450622e-145	DNPH1	c16
2.1902144218732e-153	0.559751846296368	0.185	0.043	8.01640380549809e-149	HIVEP2	c16
5.33137271521416e-16	0.558989126121531	0.013	0.003	1.95133572749553e-11	LINC00987	c16
1.24671388458354e-19	0.558536745871792	0.039	0.013	4.56309748896421e-15	HDAC4-AS1	c16
7.59173633504871e-11	0.558381770790904	0.017	0.005	2.77865141599118e-06	AC244033.2	c16
6.68182054928583e-128	0.558370650143846	0.518	0.249	2.44561313924411e-123	ADSL	c16
9.88708210416307e-81	0.556708753188036	0.067	0.012	3.61877092094473e-76	HIP1R	c16
1.32035850783011e-272	0.555659444174604	0.567	0.185	4.832644174509e-268	CDC42SE2	c16
5.73453534908495e-106	0.555528462371132	0.349	0.149	2.09889728311858e-101	PSMG4	c16
0	0.555466113536872	0.505	0.127	0	FYN	c16
1.08601903618639e-51	0.55513325793626	0.097	0.03	3.9749382743458e-47	PRUNE1	c16
6.62440522289774e-157	0.554107505857761	0.845	0.496	2.4245985556328e-152	EID1	c16
6.53679497936598e-160	0.553684827782851	0.295	0.089	2.39253233039774e-155	LINC01138	c16
8.8425181203462e-139	0.553260389000371	0.711	0.389	3.23645005722791e-134	SEPTIN9	c16
3.03742955283592e-17	0.55267188030679	0.017	0.004	1.11172959063347e-12	FAM66B	c16
5.99531564174557e-86	0.552668627493305	0.289	0.125	2.1943454780353e-81	TIMM9	c16
6.9461568008659e-44	0.552426244635445	0.169	0.077	2.54236285068493e-39	SWI5	c16
3.48244512709383e-55	0.552416587702615	0.039	0.006	1.27460974096761e-50	ST8SIA1	c16
3.51139617849875e-07	0.551856786324961	0.01	0.003	0.0128520611529233	IGFBP6	c16
8.03659835388877e-150	0.551854638084976	0.69	0.363	2.94147536350683e-145	C1QBP	c16
1.48131715414723e-35	0.551635665904749	0.042	0.01	5.42176891589427e-31	AC074032.1	c16
1.26859623990751e-51	0.5516212665056	0.093	0.029	4.64318909768547e-47	PARP16	c16
6.36934986927373e-218	0.551446261406364	0.397	0.12	2.33124574565288e-213	FGD3	c16
6.67132037465512e-10	0.551085734009927	0.031	0.013	2.44176997032752e-05	C9orf40	c16
2.72485055231362e-132	0.55097411656275	0.536	0.26	9.97322550652308e-128	FAAP20	c16
2.36271007448957e-77	0.550804005489625	0.139	0.043	8.64775514363926e-73	MZF1	c16
1.35311093233459e-43	0.550384325623447	0.066	0.018	4.95252132343782e-39	AC064807.1	c16
4.8529851133134e-56	0.550149850533892	0.047	0.009	1.77624108132384e-51	AC245014.3	c16
2.20590886609844e-54	0.549390304516813	0.174	0.073	8.07384704080689e-50	TMEM9	c16
8.14907498701778e-123	0.549141156547869	0.149	0.035	2.98264293599838e-118	LINC00476	c16
1.82878158353561e-12	0.548630785862714	0.01	0.002	6.6935234738987e-08	UNC45B	c16
7.3952624825393e-13	0.548417190480386	0.021	0.007	2.70674002123421e-08	THNSL1	c16
1.2512211939557e-42	0.548348667840903	0.156	0.069	4.57959469199727e-38	CCNQ	c16
2.30907333122695e-08	0.547569488335275	0.012	0.004	0.000845143929962375	ZNF710-AS1	c16
1.12716347731464e-112	0.547488319016205	0.286	0.107	4.12553104331932e-108	NT5DC1	c16
1.37656153299157e-206	0.546437579795892	0.78	0.38	5.03835286690245e-202	TBC1D10C	c16
1.82513822845308e-66	0.546093314299758	0.13	0.042	6.68018842996112e-62	SFMBT1	c16
7.52917901523688e-19	0.546013885296624	0.041	0.014	2.75575481136685e-14	ZNF852	c16
4.17209925711616e-11	0.545134221475358	0.015	0.004	1.52703004909708e-06	MAPT	c16
3.73282516125555e-08	0.545129536801921	0.012	0.003	0.00136625133727114	TNKS1BP1	c16
9.33037139740734e-08	0.544269240839655	0.014	0.005	0.00341500923516506	MAGI3	c16
1.34220728528508e-08	0.543254608168152	0.019	0.007	0.000491261288487193	AP003068.2	c16
1.51258596090989e-126	0.543038660210421	0.23	0.071	5.53621587552629e-122	PACS1	c16
6.81474877437147e-172	0.542754104716124	0.328	0.104	2.4942661989077e-167	SINHCAF	c16
5.10603996422832e-49	0.542727160840258	0.181	0.08	1.86886168730721e-44	NOA1	c16
8.67814117746158e-25	0.542186744666897	0.021	0.004	3.17628645236271e-20	ZNF365	c16
7.16526083818821e-140	0.541878500174801	0.177	0.043	2.62255711938527e-135	MT1E	c16
4.02819346556763e-60	0.540534091269556	0.083	0.022	1.47435909033241e-55	AC087239.1	c16
0	0.539810376539653	0.629	0.178	0	EMB	c16
1.54981801143897e-13	0.538983388473245	0.027	0.009	5.67248890366777e-09	AC091729.3	c16
1.00873951253247e-42	0.538878679369331	0.101	0.036	3.6920874898201e-38	CNOT11	c16
2.76319967363925e-115	0.538290588042957	0.106	0.021	1.0113587125487e-110	SLC38A5	c16
1.4165872835916e-40	0.538155057854761	0.144	0.063	5.18485111667361e-36	DDX28	c16
4.59887628005881e-22	0.537770671802535	0.034	0.01	1.68323470726432e-17	AL031963.3	c16
1.31871711090565e-146	0.536801066888914	0.32	0.11	4.82663649762576e-142	MTFP1	c16
1.84369773927736e-137	0.536377866157924	0.182	0.046	6.74811809552906e-133	FBXO44	c16
8.26233931582433e-60	0.535814524338464	0.175	0.069	3.02409881298486e-55	SLC41A3	c16
5.5697334680724e-39	0.535364235232453	0.034	0.006	2.03857814664918e-34	C1orf61	c16
1.5711112325254e-70	0.535170071214049	0.13	0.04	5.75042422216621e-66	ASB16-AS1	c16
7.42950261359917e-67	0.534730924458989	0.068	0.014	2.71927225160343e-62	AC116407.2	c16
8.78110652430715e-14	0.534653559837985	0.029	0.01	3.21397279896166e-09	TMPO-AS1	c16
1.12114099688058e-10	0.534567576929201	0.022	0.008	4.10348816268261e-06	AP004609.3	c16
3.33620379085737e-37	0.533640917848113	0.084	0.029	1.2210839494917e-32	CPSF4	c16
1.62345347797118e-203	0.533556109815891	0.556	0.224	5.94200207472231e-199	KLF3	c16
4.78217106740166e-131	0.532286877087767	0.292	0.101	1.75032243237968e-126	ING4	c16
7.65050006392565e-69	0.531652216478128	0.124	0.038	2.80015952839743e-64	CNPY4	c16
5.26023651791676e-08	0.531543094674887	0.019	0.007	0.00192529916792271	KALRN	c16
3.39760022762941e-68	0.530650687459804	0.052	0.009	1.24355565931464e-63	BTLA	c16
1.23563684618127e-14	0.530047107368464	0.02	0.006	4.52255442070808e-10	ZXDA	c16
3.91895945954145e-188	0.529824188660261	0.898	0.516	1.43437835178677e-183	TSC22D3	c16
3.16937265359247e-52	0.529460329008455	0.19	0.084	1.16002208494138e-47	RPP25L	c16
4.57647427934194e-121	0.529416644218593	0.369	0.152	1.67503535098194e-116	ORAI1	c16
1.07415257376338e-101	0.528688369064234	0.317	0.131	3.93150583523134e-97	PRPF19	c16
1.38364642320897e-45	0.527861216357774	0.053	0.013	5.06428427358715e-41	TIGD1	c16
5.47624959605283e-103	0.527174530139751	0.477	0.238	2.0043621146513e-98	LIMS1	c16
8.89242305918886e-275	0.526779243198991	0.281	0.057	3.25471576389372e-270	RASGRP1	c16
5.10584942786452e-118	0.526354905433517	0.373	0.157	1.86879194909269e-113	MRPL9	c16
4.23648839894075e-58	0.526219159523011	0.083	0.022	1.5505971188963e-53	THAP2	c16
2.48296977165475e-300	0.526177235167427	0.564	0.166	9.08791766123355e-296	RHOF	c16
2.15510502539926e-46	0.526095387071118	0.101	0.035	7.88789990346382e-42	XKR8	c16
6.9728755269166e-36	0.526079631058167	0.12	0.051	2.55214217160675e-31	USP46	c16
1.89895142541711e-23	0.525542469701792	0.09	0.041	6.95035211216917e-19	UCK1	c16
4.52126480661973e-21	0.52553711625257	0.034	0.01	1.65482813187089e-16	MARCH3	c16
9.53680272355107e-107	0.52548970655167	0.247	0.087	3.49056516484693e-102	C12orf76	c16
2.3783541681518e-84	0.525036666301625	0.254	0.103	8.7050140908524e-80	DMAP1	c16
4.69859289044003e-61	0.524734564176698	0.1	0.029	1.71973198382996e-56	DLEU1	c16
4.8083247621789e-180	0.5245105361785	0.173	0.034	1.7598949462051e-175	TMEM71	c16
7.76081962664798e-08	0.523973400096198	0.016	0.006	0.00284053759154943	CCNT2-AS1	c16
3.93754918814382e-17	0.523495356631063	0.012	0.002	1.44118237835252e-12	GIPR	c16
4.53886857338823e-10	0.523107724426179	0.019	0.006	1.66127128654583e-05	AL121603.2	c16
1.155941232299e-150	0.522483671124164	0.74	0.394	4.23086050433758e-146	CALM3	c16
4.29272198424201e-199	0.522240966848607	0.486	0.179	1.57117917345242e-194	RSBN1	c16
2.38102964338586e-80	0.522089059746758	0.119	0.032	8.71480659775657e-76	TGIF2	c16
8.2046141538964e-231	0.522086389994887	0.26	0.057	3.00297082646762e-226	NCR3	c16
3.53480434565974e-14	0.52154504502904	0.027	0.009	1.29377373855492e-09	IGF1R	c16
2.08388610244174e-158	0.521367431745818	0.244	0.067	7.62723152354702e-154	FBXO32	c16
1.96084792945852e-282	0.521021152263385	0.525	0.156	7.17689950661112e-278	CYFIP2	c16
7.34897160254512e-10	0.520733784133367	0.014	0.004	2.68979709624754e-05	AMER1	c16
2.42517193937948e-46	0.520351016126622	0.065	0.017	8.87637181532283e-42	HIST1H2AG	c16
6.00144613087187e-35	0.520167189635267	0.111	0.046	2.19658929836041e-30	FBXO33	c16
8.22936512547801e-165	0.519728280032818	0.127	0.021	3.01202992957621e-160	ANK3	c16
3.32957203064542e-90	0.519633485291266	0.181	0.059	1.21865665893653e-85	PMS2	c16
1.64580736247984e-228	0.519134799947293	0.695	0.298	6.02381952741247e-224	NSD3	c16
1.85684986452048e-15	0.519109677477819	0.025	0.007	6.79625618913139e-11	AZIN1-AS1	c16
1.95323168833942e-136	0.518774459055024	0.363	0.139	7.14902330249111e-132	PIGC	c16
2.83070513815534e-113	0.518734653156423	0.332	0.133	1.03606638761624e-108	NMRK1	c16
5.96656787112286e-144	0.518458300191053	0.209	0.056	2.18382350650968e-139	MALT1	c16
1.21637477489976e-85	0.518233246461581	0.318	0.141	4.45205331361061e-81	SLC44A2	c16
2.18597910794385e-08	0.51812830449027	0.014	0.004	0.000800090213298527	LINC01963	c16
2.06815931030877e-231	0.518094627168719	0.329	0.085	7.56966989166114e-227	MLLT6	c16
3.09965501402597e-75	0.518094618172292	0.146	0.047	1.13450473168364e-70	RPUSD2	c16
7.38916987058991e-13	0.517978464786501	0.025	0.008	2.70451006433461e-08	AP002490.1	c16
3.64257199831391e-134	0.517657997741874	0.472	0.213	1.33321777710287e-129	MAPKAPK5-AS1	c16
1.14851757243408e-112	0.517491046624732	0.227	0.074	4.20368916686598e-108	WDR6	c16
2.82074121598685e-157	0.517273792930851	0.668	0.337	1.03241949246335e-152	RSL24D1	c16
5.22295957330994e-197	0.517220737637498	0.455	0.163	1.91165543342717e-192	SORL1	c16
3.44412770260219e-24	0.517142815443743	0.064	0.024	1.26058518042943e-19	HIST1H2BC	c16
1.53732589007115e-19	0.51698783760624	0.031	0.009	5.62676649024942e-15	ZNF665	c16
6.70677757421658e-17	0.516741946166189	0.051	0.021	2.45474765993901e-12	MRM1	c16
4.48636310310244e-17	0.516652777773202	0.011	0.002	1.64205375936652e-12	AC022182.1	c16
2.13371650106222e-93	0.516483273283376	0.186	0.06	7.80961576553783e-89	PELI1	c16
1.14949092058762e-24	0.516427460169346	0.098	0.045	4.20725171844275e-20	EEPD1	c16
2.84966420222053e-34	0.516151163354446	0.036	0.008	1.04300559465474e-29	IGFBP3	c16
6.0436789782562e-167	0.515995328670846	0.959	0.647	2.21204694283155e-162	EVL	c16
6.66762656718463e-87	0.515486208204147	0.243	0.094	2.44041799985525e-82	GRK6	c16
5.03037132451925e-167	0.514783260747122	0.336	0.11	1.84116620848729e-162	CASP8AP2	c16
2.69809577508687e-101	0.514601852751663	0.327	0.137	9.87530034639544e-97	CARHSP1	c16
3.46998837022301e-55	0.514093655613913	0.203	0.09	1.27005044338532e-50	CASP6	c16
5.35115543595014e-15	0.513840302681	0.078	0.04	1.95857640111211e-10	ZNF677	c16
1.01080070738296e-77	0.513255390423912	0.284	0.126	3.69963166909236e-73	TATDN1	c16
7.29627119690758e-97	0.513253404924522	0.446	0.224	2.67050822078015e-92	S1PR4	c16
3.54351534564528e-25	0.512828996746358	0.037	0.01	1.29696205165963e-20	TRAF3IP2-AS1	c16
7.82995097208963e-10	0.51241820986769	0.017	0.006	2.86584035529452e-05	TAFA2	c16
3.68002817412322e-27	0.51241223807228	0.027	0.006	1.34692711201084e-22	PTPN13	c16
3.22760238299429e-171	0.51237265904895	0.18	0.038	1.18133474819974e-166	TSPAN5	c16
4.1170272454417e-136	0.512350305982422	0.379	0.149	1.50687314210412e-131	POLR2C	c16
2.72809086134134e-15	0.512009408306383	0.019	0.005	9.98508536159546e-11	AASS	c16
7.98362674116153e-14	0.511502627408047	0.01	0.002	2.92208722353253e-09	AC084018.2	c16
2.93537573552469e-140	0.511424665026833	0.572	0.28	1.07437687295939e-135	NME3	c16
1.94028772413007e-28	0.510970147121028	0.019	0.003	7.10164709908848e-24	TRBV10-1	c16
2.49142069064437e-180	0.510425110063435	0.346	0.109	9.11884886982745e-176	PITPNC1	c16
2.196497077083e-193	0.510242217242682	0.48	0.173	8.0393989518315e-189	PLAC8	c16
1.35121698254961e-34	0.510093505479965	0.026	0.004	4.94558927782984e-30	MATN1-AS1	c16
1.40246283481784e-229	0.509055100011227	0.76	0.34	5.13315422171676e-225	EPC1	c16
7.43198543745153e-13	0.50829789267251	0.023	0.007	2.72018098996164e-08	CPLANE2	c16
5.35487713307163e-110	0.508035729227214	0.267	0.096	1.95993857947555e-105	NAE1	c16
2.51938853018094e-52	0.507604012816809	0.108	0.036	9.22121395931525e-48	FAHD2B	c16
0	0.506802552623413	0.345	0.073	0	JAK3	c16
1.33864450055555e-11	0.506798049824104	0.02	0.006	4.89957273648335e-07	AC244213.1	c16
9.71649230018721e-168	0.50628880820694	0.854	0.504	3.55633334679152e-163	UBE2D2	c16
1.04373505574997e-130	0.505807171181402	0.182	0.047	3.82017467755048e-126	TNRC6C	c16
8.54104682705509e-11	0.505337108386558	0.027	0.011	3.12610854917043e-06	KTI12	c16
7.87110018618073e-16	0.504887456215906	0.02	0.005	2.88090137914401e-11	AZIN2	c16
2.01251379039409e-11	0.504574087979112	0.032	0.013	7.36600172422142e-07	RGMB	c16
1.32619323742475e-56	0.503799964978996	0.175	0.072	4.85399986829832e-52	MAP4K2	c16
8.26713660377938e-66	0.503351275993173	0.152	0.053	3.02585466834929e-61	SPOUT1	c16
8.14747335601147e-182	0.50314932684037	0.398	0.136	2.98205672303376e-177	TMC8	c16
8.98769511640459e-27	0.503100507852528	0.025	0.005	3.28958628955525e-22	MAMSTR	c16
7.27924097666376e-142	0.502644405544135	0.347	0.127	2.6642749898687e-137	MOB2	c16
3.00957695831352e-296	0.502613252255585	0.582	0.181	1.10153526251233e-291	EPB41	c16
4.64965242982192e-49	0.502327434487681	0.06	0.015	1.70181928583912e-44	ARHGEF19	c16
2.31376883318655e-101	0.502047267588746	0.212	0.07	8.46862530634609e-97	TAB2	c16
6.63778945268763e-130	0.501631250733372	0.13	0.027	2.4294973175782e-125	FAM118A	c16
3.16835026425671e-170	0.501432809301917	0.858	0.482	1.1596478802206e-165	CCND3	c16
2.69273144921344e-115	0.499285736689391	0.242	0.081	9.85566637726611e-111	WHAMM	c16
7.92574036965495e-192	0.499260074461341	0.641	0.284	2.90090023269741e-187	SF3A2	c16
4.70736413591533e-301	0.49888758943732	0.354	0.079	1.72294234738637e-296	BCL2	c16
4.07957215764637e-169	0.498056318178117	0.332	0.105	1.49316420542015e-164	EHD1	c16
1.90792359803707e-73	0.497897273747497	0.217	0.087	6.98319116117546e-69	GPKOW	c16
1.08757201046623e-149	0.497542004371251	0.937	0.618	3.98062231550745e-145	CNBP	c16
4.9619975179395e-146	0.497472407536229	0.712	0.382	1.81614071154104e-141	RSL1D1	c16
6.04254129126535e-130	0.497041968984905	0.503	0.233	2.21163053801603e-125	HMGA1	c16
7.32473322742453e-168	0.496884538427013	0.571	0.256	2.68092560856965e-163	EAPP	c16
6.91057366215074e-61	0.496866400430436	0.103	0.03	2.52933906608379e-56	EXD3	c16
5.77654615438266e-132	0.496219307678491	0.125	0.025	2.1142736579656e-127	PGGHG	c16
9.07334474627945e-14	0.496095373788279	0.034	0.013	3.32093491058574e-09	RBKS	c16
1.94030130148521e-14	0.495825491228019	0.017	0.004	7.10169679356601e-10	TPM2	c16
4.67496632534891e-67	0.494874146873888	0.058	0.011	1.71108442474095e-62	LAIR2	c16
8.7642660571391e-07	0.494259001504132	0.018	0.007	0.0320780901957348	AC048382.5	c16
4.46640880700646e-204	0.494189196696589	0.645	0.269	1.63475028745243e-199	ARHGEF1	c16
7.43828456374388e-14	0.493891748475866	0.02	0.006	2.7224865331759e-09	HIST1H3H	c16
5.29218118904442e-12	0.49264675869564	0.015	0.004	1.93699123700215e-07	ATP6V0E2-AS1	c16
2.31644874786063e-23	0.492394406601392	0.032	0.009	8.47843406204469e-19	BEX5	c16
8.0539843951288e-67	0.491996445603211	0.26	0.119	2.94783882846109e-62	POLR2H	c16
1.89748190795251e-184	0.49196319800061	0.745	0.375	6.94497353129698e-180	PPP1R2	c16
1.04914633053082e-86	0.491951769527102	0.104	0.025	3.83998048437585e-82	DHRS13	c16
4.20719356293302e-126	0.491445542833241	0.282	0.095	1.53987491596912e-121	HIST1H1C	c16
3.34336540237484e-08	0.4910643965253	0.01	0.003	0.00122370517092322	AL078622.1	c16
1.05904553871954e-42	0.491032829397849	0.042	0.009	3.87621257626739e-38	AHDC1	c16
1.53628416897335e-225	0.490876510032267	0.612	0.24	5.62295368685936e-221	PPP2R5C	c16
2.75243476988711e-61	0.490461388756451	0.148	0.053	1.00741865012638e-56	UBALD2	c16
1.7490224985336e-231	0.49038893678881	0.251	0.053	6.40159724688283e-227	P2RY10	c16
5.56924125292535e-24	0.489843752612499	0.025	0.006	2.03839799098321e-19	TUBB4A	c16
3.09932276102454e-183	0.489409745314346	0.247	0.061	1.13438312376259e-178	TENT5C	c16
1.49584010924118e-10	0.489367748853279	0.044	0.021	5.47492438383363e-06	STOML1	c16
9.26609356192218e-84	0.489288504806556	0.153	0.047	3.39148290459914e-79	PCMTD2	c16
2.12624557976917e-38	0.489254563922538	0.052	0.013	7.78227144651314e-34	PRKCZ	c16
2.02632336886481e-38	0.48899012234854	0.126	0.053	7.41654616238211e-34	PJA1	c16
2.80359268173539e-07	0.488872463562697	0.017	0.007	0.0102614295744197	RAB11FIP5	c16
1.11105289479763e-60	0.488639266879585	0.131	0.044	4.06656470024881e-56	PIP4P2	c16
6.50382743816351e-101	0.488298704919399	0.328	0.139	2.38046588064223e-96	PABPN1	c16
9.42466326189665e-57	0.488043924357198	0.13	0.046	3.44952100048679e-52	C19orf48	c16
1.3904770730129e-81	0.487595673380427	0.103	0.025	5.08928513493451e-77	ADORA2A	c16
9.75205380077264e-31	0.487522982809517	0.093	0.038	3.56934921162079e-26	BNIP1	c16
8.92210983260682e-131	0.487472983696074	0.962	0.672	3.26558141983242e-126	CCNI	c16
4.23325146691713e-112	0.487427162732468	0.322	0.128	1.54941236940634e-107	NOB1	c16
5.39091100922655e-93	0.487075015635782	0.351	0.159	1.97312733848701e-88	SHMT2	c16
3.29911068956011e-163	0.486998682361652	0.999	0.81	1.20750750348589e-158	COX4I1	c16
1.40670581962954e-11	0.486775690696689	0.013	0.003	5.14868397042608e-07	LINC00672	c16
1.87913352109529e-14	0.486648070628859	0.022	0.006	6.87781660056088e-10	LINC01534	c16
6.55016938540051e-135	0.486529955621975	0.1	0.016	2.39742749675044e-130	FOXP3	c16
6.28392345040793e-07	0.486432300604551	0.021	0.009	0.022999788220838	GPR160	c16
1.29396579270653e-49	0.48634128383326	0.111	0.038	4.73604419788518e-45	DXO	c16
2.70669125693064e-24	0.48477439990836	0.027	0.006	9.90676066949184e-20	AC020765.2	c16
1.02466448018971e-21	0.484085146962698	0.061	0.024	3.75037446394236e-17	DHODH	c16
7.31483954012762e-18	0.484055406054917	0.035	0.012	2.67730442008211e-13	TWNK	c16
9.93819445182075e-65	0.483741354892407	0.173	0.066	3.63747855131091e-60	YJU2	c16
5.87884592908527e-23	0.483477619735168	0.069	0.028	2.1517163985045e-18	CDKN2C	c16
3.96223205193707e-152	0.483010286305767	0.584	0.274	1.45021655332949e-147	HNRNPUL1	c16
2.50319179900236e-130	0.482233902008642	0.319	0.116	9.16193230352853e-126	ZCCHC7	c16
5.46043178088099e-163	0.482165010225396	0.429	0.162	1.99857263612025e-158	SHFL	c16
4.28917895713267e-74	0.482006776163226	0.22	0.088	1.56988239010013e-69	SERGEF	c16
4.66403058957002e-30	0.481340564015489	0.056	0.018	1.70708183608852e-25	TTC12	c16
5.51770698142171e-128	0.481313693294289	0.249	0.079	2.01953593227016e-123	WWP1	c16
9.69257264001023e-119	0.480593268365906	0.46	0.214	3.54757851197014e-114	DNAJC19	c16
1.67467580271957e-122	0.480233309144973	0.518	0.248	6.1294809055339e-118	DUSP1	c16
1.8854822142726e-42	0.480035552295565	0.125	0.05	6.90105345245914e-38	RNF139	c16
2.6814167606336e-41	0.48000965430831	0.109	0.041	9.81425348559502e-37	KBTBD4	c16
1.25396836212213e-121	0.47952126365368	0.193	0.054	4.58964960220319e-117	NBPF19	c16
7.05075443885349e-145	0.479350266243298	0.453	0.19	2.58064663216477e-140	INO80E	c16
7.20284598852987e-43	0.479192743020285	0.149	0.064	2.63631366026182e-38	PAICS	c16
3.04300134853247e-89	0.47898775723061	0.084	0.017	1.11376892357637e-84	GLCCI1	c16
2.61579832977855e-11	0.47877589162875	0.01	0.002	9.57408346682246e-07	AC007780.1	c16
5.49872290009987e-56	0.478745539359178	0.056	0.012	2.01258756866555e-51	APOLD1	c16
2.81097728082276e-112	0.478504185663294	0.512	0.257	1.02884579455394e-107	DGCR6L	c16
1.15918305772607e-26	0.478122140230587	0.058	0.02	4.24272590958319e-22	NUDT7	c16
1.22945303038585e-84	0.478034355504201	0.286	0.123	4.49992103651524e-80	EIF1AY	c16
7.4842011974619e-158	0.477909357919748	0.458	0.184	2.73929248028303e-153	RPA2	c16
4.82722215431106e-45	0.477906118852153	0.137	0.055	1.76681158069939e-40	POLL	c16
9.2604575713843e-119	0.477867666755213	0.536	0.271	3.38942007570237e-114	STUB1	c16
1.15733013357153e-104	0.47778800381059	0.161	0.044	4.23594402188515e-100	EIF3J-DT	c16
6.9670319298645e-184	0.477675574013069	0.901	0.532	2.5500033566497e-179	JAK1	c16
2.57118111898074e-11	0.477491418663259	0.019	0.006	9.4107800135814e-07	NACA2	c16
1.00993003437272e-294	0.477060412494747	0.424	0.108	3.69644491880761e-290	SFXN1	c16
5.92840783857181e-130	0.476926005045121	0.466	0.209	2.16985655299567e-125	SS18L2	c16
1.83080448017554e-148	0.476340313048986	0.504	0.218	6.7009274778905e-144	TSC22D4	c16
1.33250311512833e-31	0.47633277990991	0.077	0.028	4.87709465168119e-27	NLE1	c16
5.01859642740838e-140	0.476062893016682	0.34	0.123	1.83685647839574e-135	IFNAR2	c16
1.82590090526839e-92	0.475979288092309	0.152	0.044	6.68297990337282e-88	RELB	c16
1.5669356304499e-155	0.475940157134833	0.505	0.214	5.73514110100968e-151	HDAC1	c16
1.40496807273853e-139	0.475862931705157	0.722	0.394	5.1423236430303e-135	PSMC5	c16
8.32603069981935e-128	0.475821263257209	0.112	0.021	3.04741049644088e-123	CAPN12	c16
8.38211152546703e-149	0.475364801940027	0.3	0.098	3.06793663943619e-144	PSMA3-AS1	c16
0	0.474999714082177	0.63	0.18	0	TUBA4A	c16
5.37722037912837e-62	0.474390722611918	0.144	0.051	1.96811643096477e-57	IMMP1L	c16
6.1489153026953e-26	0.473591025967765	0.126	0.062	2.25056448993951e-21	HSBP1L1	c16
1.74107144227705e-139	0.473430257104135	0.905	0.565	6.37249558587824e-135	UBXN1	c16
5.38250545365381e-124	0.473403002490181	0.286	0.1	1.97005082109183e-119	ACD	c16
1.49441325745302e-114	0.472993931624852	0.584	0.311	5.46970196360381e-110	MRPS24	c16
4.5949483020342e-19	0.472058858004949	0.013	0.002	1.68179702802754e-14	NRG2	c16
6.38242730863552e-77	0.471583993008296	0.106	0.027	2.33603221923369e-72	HIST1H3D	c16
6.17063252389052e-124	0.471440228576453	0.285	0.099	2.25851321006917e-119	SSBP4	c16
2.58812666206187e-143	0.471437460451221	0.595	0.293	9.47280239581264e-139	TTC3	c16
1.33328463467814e-13	0.471110422125407	0.013	0.003	4.87995509138544e-09	ASNS	c16
4.91379797262745e-73	0.471087202243705	0.161	0.055	1.79849919596137e-68	C16orf87	c16
7.04359674087007e-82	0.471083547171266	0.278	0.12	2.57802684312585e-77	MRPS2	c16
4.70970428224666e-100	0.46989808808201	0.072	0.012	1.7237988643451e-95	TRAV36DV7	c16
3.80444630274078e-137	0.468939935465143	0.841	0.503	1.39246539126615e-132	C19orf53	c16
4.92313454897628e-19	0.468770045037282	0.013	0.002	1.80191647627081e-14	ERVMER61-1	c16
1.77184538161479e-54	0.468189942617658	0.082	0.022	6.4851312812483e-50	MAP2K6	c16
1.41175361225008e-146	0.468152107840634	0.509	0.226	5.16715939619652e-142	CAMLG	c16
1.22398865044329e-93	0.467862305210327	0.356	0.161	4.47992085948747e-89	KANSL1-AS1	c16
1.53324448465841e-200	0.467634829969944	0.668	0.298	5.61182813829824e-196	ARID4B	c16
2.08602321671862e-111	0.466642753996529	0.469	0.228	7.63505357551182e-107	THYN1	c16
9.10627467279525e-84	0.466491481073336	0.221	0.083	3.33298759298979e-79	SDHAF3	c16
2.41268677813587e-234	0.465239222186937	0.65	0.23	8.83067487665509e-230	ANXA6	c16
7.42651108445269e-08	0.465104284595337	0.014	0.005	0.00271817732202053	MID2	c16
1.03438912405921e-144	0.464938294881506	0.275	0.086	3.78596763296912e-140	PLEKHA1	c16
1.17639770605091e-141	0.464846530283517	0.988	0.752	4.30573324391695e-137	CD37	c16
2.00903220224971e-152	0.464769918429696	0.308	0.102	7.35325876345416e-148	SERINC5	c16
7.48816953349201e-49	0.464653771742117	0.036	0.006	2.74074493095341e-44	AC022210.2	c16
7.71060392902476e-89	0.46409469862515	0.42	0.21	2.82215814406235e-84	LAGE3	c16
1.83445586871326e-142	0.464035231753511	0.535	0.242	6.71429192507741e-138	CSK	c16
1.74922627531699e-116	0.463839689951941	0.199	0.059	6.40234309028772e-112	SLC7A6	c16
2.09171434703712e-56	0.463744456890485	0.193	0.082	7.65588368159058e-52	BCL7C	c16
6.63494031009217e-26	0.463330423118339	0.023	0.004	2.42845450289684e-21	MCM3AP-AS1	c16
1.70240186731251e-170	0.463309327177246	0.371	0.126	6.2309610745505e-166	CNST	c16
4.04626729315306e-10	0.463177647294383	0.014	0.004	1.48097429196695e-05	NEURL2	c16
1.09529960721742e-123	0.462985541675879	0.655	0.35	4.00890609237646e-119	OXA1L	c16
2.59621633251204e-130	0.462949820507704	0.969	0.68	9.50241139862733e-126	UQCRB	c16
3.92207551004193e-15	0.462662125192641	0.057	0.026	1.43551885743045e-10	MACROD1	c16
4.11931580710016e-166	0.462387928247608	0.43	0.161	1.50771077855673e-161	CFAP97	c16
6.80748883250181e-151	0.462288580644681	0.362	0.13	2.49160898758399e-146	RASSF7	c16
1.13324626542889e-136	0.462113198047166	0.468	0.204	4.14779465609628e-132	GOLGA7	c16
3.55833455407803e-30	0.462099898110703	0.073	0.027	1.3023860301381e-25	TUBD1	c16
3.64903340403448e-84	0.461870076349556	0.24	0.094	1.33558271621066e-79	TBPL1	c16
1.66487241261324e-86	0.461609764611633	0.388	0.191	6.09359951740572e-82	C12orf10	c16
2.21158604282277e-147	0.460945484815565	0.344	0.122	8.09462607533562e-143	MTERF4	c16
5.63791620957857e-192	0.460516356668502	0.29	0.078	2.06353371186785e-187	TARSL2	c16
3.36976408061293e-119	0.460311949254042	0.449	0.205	1.23336735114514e-114	URM1	c16
1.01786244838258e-58	0.459412942088488	0.163	0.063	3.72547834732509e-54	ATPAF1	c16
3.7106230983549e-134	0.459149114804174	0.169	0.041	1.35812516022888e-129	DGKD	c16
4.91195158314372e-193	0.458928601613027	0.49	0.179	1.79782339894643e-188	TES	c16
1.18902854906188e-121	0.458864058003439	0.449	0.204	4.35196339242139e-117	BCAS2	c16
6.38923320447731e-81	0.458861474662985	0.103	0.025	2.33852324517074e-76	NR4A2	c16
1.64156801474881e-152	0.458578928975064	0.71	0.367	6.00830309078213e-148	EIF3D	c16
1.61078364082619e-30	0.458237619774533	0.04	0.01	5.89562920378793e-26	SAMD12	c16
8.28355050735587e-168	0.458145944489476	0.995	0.841	3.03186232119732e-163	ARHGDIB	c16
4.38502984491662e-58	0.458084787546747	0.058	0.012	1.60496477353793e-53	AC012360.3	c16
8.03337781181711e-10	0.457972766593748	0.025	0.01	2.94029661290318e-05	ZBTB18	c16
3.47600009135257e-49	0.457704305576508	0.167	0.071	1.27225079343595e-44	URI1	c16
0	0.457524855278754	0.538	0.15	0	OXNAD1	c16
1.87036011422545e-55	0.457503511824473	0.056	0.012	6.84570505407657e-51	CCDC146	c16
3.49438648337154e-25	0.45749443607489	0.036	0.01	1.27898039677882e-20	AC036176.1	c16
8.37794812332331e-94	0.45740506507507	0.309	0.13	3.06641279261756e-89	PAFAH1B3	c16
4.45350470890448e-180	0.457322720861044	0.505	0.193	1.63002725850613e-175	DEF6	c16
1.94338376543577e-269	0.457292775792547	0.351	0.084	7.11297891987145e-265	CHD3	c16
1.62490415462261e-44	0.457126467564637	0.117	0.044	5.9473116963342e-40	ZC3H3	c16
8.82342466319648e-37	0.457124211885022	0.057	0.016	3.22946166097654e-32	AC004812.2	c16
5.88885862776069e-107	0.456164866280505	0.284	0.108	2.15538114634669e-102	PMM1	c16
4.13349730455635e-08	0.456012869246571	0.052	0.029	0.00151290134844067	CD38	c16
1.600623442654e-31	0.455852579045116	0.105	0.044	5.85844186245792e-27	PGRMC2	c16
2.42056368506563e-132	0.455667833990595	0.971	0.71	8.85950514370872e-128	MIF	c16
3.83858425449236e-22	0.455543644435034	0.097	0.046	1.40496022298675e-17	BOD1	c16
1.5881631580648e-72	0.455076654725066	0.185	0.069	5.81283597483297e-68	ITPKB	c16
6.58967353839232e-90	0.455047637270938	0.183	0.06	2.41188641178697e-85	ZNF652	c16
1.35002505184875e-71	0.454752004063686	0.098	0.025	4.9412266922716e-67	KLHDC7B	c16
1.97173997446267e-67	0.454700611258477	0.124	0.038	7.21676548053081e-63	TSHZ1	c16
9.46882263863624e-64	0.454620331740226	0.094	0.026	3.46568377396725e-59	AC099343.3	c16
2.21842172074172e-13	0.45452745817192	0.02	0.006	8.11964534008677e-09	SUCLG2-AS1	c16
2.75394104785454e-69	0.453745902213534	0.193	0.074	1.00796996292524e-64	POLR1E	c16
1.58832848545367e-61	0.453742985978927	0.064	0.014	5.81344108960899e-57	C5orf63	c16
8.28090804514458e-79	0.453356136162801	0.401	0.206	3.03089515360337e-74	DNAJC4	c16
8.56700749062821e-32	0.451358137986377	0.087	0.033	3.13561041164483e-27	ASB6	c16
1.7773147777722e-90	0.451158501561297	0.212	0.075	6.50514981812404e-86	UBIAD1	c16
1.80275169243243e-201	0.450560744539333	0.371	0.113	6.59825146947195e-197	ODF2L	c16
1.15203220908069e-73	0.450537905913797	0.137	0.043	4.21655308845625e-69	SMYD3	c16
5.18530083247545e-281	0.450362431961371	0.317	0.069	1.89787195769434e-276	CCDC88C	c16
1.29370820569446e-31	0.450361982088127	0.116	0.051	4.7351014036623e-27	ATP23	c16
4.55765516898916e-80	0.45019479525366	0.078	0.016	1.66814736840172e-75	PCBP4	c16
4.93197814935044e-200	0.450139386973357	0.84	0.443	1.80515332244376e-195	SF1	c16
1.4709383294234e-104	0.45010712660623	0.303	0.121	5.38378137952258e-100	DALRD3	c16
1.36394383611847e-114	0.450056762699519	0.198	0.059	4.99217083457721e-110	STAT5B	c16
2.29155926297591e-81	0.449334772439358	0.263	0.11	8.38733605841814e-77	VRK3	c16
1.09259512394339e-112	0.448669229609362	0.358	0.15	3.99900741314522e-108	RNF113A	c16
4.90952138306062e-19	0.447910952512384	0.03	0.009	1.79693392141402e-14	TRIM46	c16
1.5165367193926e-108	0.447877497473976	0.345	0.145	5.55067604664884e-104	GALT	c16
3.01414667337607e-16	0.447247024970177	0.043	0.017	1.10320782392237e-11	IRF2BP1	c16
2.07293402370125e-114	0.447163473425508	0.199	0.059	7.58714582014894e-110	TRIM52	c16
6.58503710409685e-09	0.44561526717777	0.13	0.089	0.000241018943047049	LIMS2	c16
1.32432481076993e-12	0.44539636328819	0.017	0.005	4.84716123989903e-08	BOLA3-AS1	c16
2.5525119575264e-27	0.445386654513677	0.142	0.072	9.34244901574237e-23	HEIH	c16
1.06086559556276e-18	0.445242742686246	0.012	0.002	3.88287416631926e-14	TNFRSF13C	c16
8.64825906165422e-86	0.445053465411465	0.369	0.179	3.16534929915606e-81	ZNHIT3	c16
2.85413556681185e-111	0.444965799363076	0.159	0.042	1.0446421588088e-106	MRNIP	c16
6.20118798200268e-185	0.444434079019191	0.623	0.278	2.2696968132928e-180	SPSB3	c16
4.49796168637171e-15	0.444334247821728	0.038	0.014	1.64629895682891e-10	ZNF563	c16
1.16713778125564e-92	0.443986255424598	0.201	0.068	4.27184099317377e-88	RSAD1	c16
1.33993857723137e-11	0.443859117452638	0.032	0.013	4.90430918652453e-07	LNX2	c16
1.08572769195479e-39	0.443681578837255	0.046	0.011	3.97387192532374e-35	HS3ST3B1	c16
4.79658426596834e-17	0.443114793934055	0.016	0.003	1.75559780718707e-12	FAM229A	c16
3.94057190829168e-23	0.442953180445496	0.108	0.053	1.44228872415384e-18	SFXN4	c16
2.91044585487395e-31	0.442933917572069	0.035	0.008	1.06525228734241e-26	SEC31B	c16
2.17278547737761e-15	0.442925139480809	0.024	0.007	7.95261212574979e-11	ZNF512B	c16
6.1945155411532e-144	0.442536140221152	0.47	0.201	2.26725463321748e-139	LYPLA2	c16
2.34600712818047e-112	0.442256263181592	0.377	0.163	8.58662068985334e-108	SGF29	c16
1.86686279198827e-51	0.441961482805366	0.056	0.013	6.83290450495626e-47	CCDC152	c16
4.77101994287645e-101	0.441750565038636	0.266	0.1	1.74624100929221e-96	N4BP2L1	c16
5.15027974648411e-93	0.441705655038246	0.207	0.071	1.88505389001065e-88	RNF138	c16
6.87963666970385e-109	0.441692425931724	0.383	0.169	2.51801581747831e-104	PEX16	c16
4.12228048422024e-155	0.440855669346483	0.771	0.417	1.50879588002945e-150	CCDC85B	c16
4.41588456973943e-60	0.439995015766991	0.288	0.143	1.61625791137033e-55	SORBS3	c16
1.54719269937336e-26	0.439575763319546	0.058	0.02	5.66287999897644e-22	AP003307.1	c16
1.02559336915811e-71	0.439498140507172	0.176	0.064	3.7537742904556e-67	AKAP17A	c16
3.81202750468606e-120	0.439273372664603	0.922	0.605	1.39524018699014e-115	ERP29	c16
3.44686256274102e-66	0.437207581453987	0.151	0.053	1.26158616658884e-61	FBXW7	c16
1.69064276741713e-140	0.43684968646651	0.749	0.418	6.18792159302344e-136	EIF3M	c16
2.86294993732423e-29	0.436848144985357	0.128	0.061	1.04786830656004e-24	RMND5B	c16
7.6462865469665e-197	0.43677546283938	0.999	0.912	2.79861733905521e-192	PTMA	c16
4.59520541935838e-112	0.436404562889179	0.59	0.315	1.68189113553936e-107	SNRPF	c16
1.10724872584064e-23	0.4363702441059	0.032	0.009	4.05264106144934e-19	VPS13B-DT	c16
7.0395721838089e-144	0.436234195749925	0.873	0.521	2.5765538149959e-139	DAZAP2	c16
1.65263379868615e-50	0.435845583097595	0.046	0.009	6.04880496657119e-46	SLC43A1	c16
1.01471000606613e-154	0.435388907684407	0.481	0.196	3.71394009320266e-150	METTL9	c16
1.73870095443288e-113	0.433873140638312	0.293	0.108	6.3638193633198e-109	MT1F	c16
4.60688250872894e-24	0.433786506747583	0.074	0.03	1.68616506701988e-19	INO80B	c16
2.73249226277993e-213	0.433553183997437	0.626	0.252	1.00011949310008e-208	IKZF1	c16
1.39565957975436e-44	0.432540775207944	0.09	0.029	5.10825362785893e-40	SPIN2B	c16
1.06134395239903e-177	0.431965510033174	0.313	0.094	3.88462500017568e-173	NFKBIZ	c16
1.49928043944213e-23	0.431829211653324	0.024	0.005	5.48751633640216e-19	XYLT1	c16
2.88306746516482e-12	0.431683647304838	0.031	0.012	1.05523152292498e-07	ACTL10	c16
3.5561833209857e-81	0.431633529553411	0.132	0.038	1.30159865731398e-76	ZNF429	c16
2.16202309450439e-108	0.431506258168479	0.872	0.551	7.91322072819551e-104	ATP5PO	c16
3.92463570926949e-72	0.43140498006926	0.067	0.013	1.43645591594973e-67	TRBV24-1	c16
7.28528764085227e-137	0.431365500826896	0.465	0.203	2.66648812942834e-132	PLEKHJ1	c16
2.25501105048937e-185	0.43120843359791	0.642	0.288	8.25356594589613e-181	MED10	c16
1.40956783781746e-68	0.430898633710235	0.239	0.103	5.15915924319569e-64	ZNF580	c16
9.24021063875469e-17	0.430809667947545	0.058	0.026	3.3820094958906e-12	IL11RA	c16
9.16224355751093e-10	0.430460184544139	0.023	0.008	3.35347276448458e-05	PDGFB	c16
2.79331088094368e-130	0.430416346289215	0.112	0.021	1.0223797155342e-125	TRAV20	c16
9.74918272427303e-19	0.430386130919007	0.072	0.033	3.56829836891117e-14	TAF6L	c16
2.97995444069155e-52	0.430278715372507	0.066	0.016	1.09069312483752e-47	ITFG2-AS1	c16
1.24103346822373e-258	0.429984693007717	0.712	0.251	4.54230659704566e-254	SKAP1	c16
1.09387700857004e-23	0.429413712015165	0.084	0.037	4.0036992390672e-19	RANBP10	c16
2.79480751414111e-100	0.429243110918641	0.222	0.076	1.02292749825079e-95	DNAJA3	c16
8.47406133789164e-21	0.429109439070305	0.025	0.006	3.10159119028172e-16	MEF2B	c16
3.62730239271407e-16	0.428335982760062	0.028	0.009	1.32762894875728e-11	GPAT3	c16
2.70801832990528e-14	0.428318757249022	0.013	0.003	9.91161788928631e-10	ADAMTSL5	c16
1.35793302079056e-65	0.427591066163435	0.225	0.096	4.97017064939553e-61	CYHR1	c16
5.68594454342804e-67	0.427418151258467	0.282	0.132	2.0811125623401e-62	A1BG	c16
6.92877527571619e-129	0.42701935260165	0.487	0.224	2.53600103866488e-124	PDCD2	c16
5.08668216695688e-24	0.426385804446317	0.036	0.01	1.86177653992789e-19	LINC00526	c16
5.02469406715211e-48	0.426105144232896	0.108	0.037	1.83908827551835e-43	TRMT2B	c16
1.13772227490917e-12	0.426009761580545	0.041	0.017	4.16417729839506e-08	BX664615.2	c16
8.99628077419637e-36	0.425583692091742	0.041	0.009	3.29272872616361e-31	PABPC1L	c16
1.33637649355458e-07	0.425510481627509	0.039	0.021	0.00489127160405913	ZNF667-AS1	c16
4.03871297350771e-27	0.425311915339689	0.04	0.011	1.47820933543356e-22	EIF1B-AS1	c16
9.48412792635325e-22	0.424554806855169	0.024	0.005	3.47128566232455e-17	AC064836.4	c16
1.77505463967304e-34	0.424419535462059	0.069	0.023	6.49687748666728e-30	AC073896.2	c16
1.30812160322216e-31	0.424160831357355	0.127	0.058	4.78785587995344e-27	GIPC1	c16
8.86510972470671e-119	0.424101855409403	0.874	0.546	3.2447188103399e-114	NDUFB11	c16
9.5009710260133e-180	0.423833639178906	0.421	0.149	3.47745040523113e-175	RRP1B	c16
3.75074330143563e-11	0.423831488942957	0.028	0.011	1.37280955575846e-06	HDAC11	c16
1.70290690837656e-133	0.423663189155182	0.807	0.475	6.23280957534904e-129	GTF3A	c16
1.68488954535825e-96	0.423234522157622	0.117	0.028	6.16686422496572e-92	Z93930.2	c16
8.65127864740405e-258	0.423045704221047	0.22	0.039	3.16645449773636e-253	LTA	c16
3.88461472891904e-34	0.422965941614908	0.056	0.016	1.42180783693166e-29	SLC35E2A	c16
6.2632067578469e-31	0.422135878469607	0.021	0.003	2.29239630543955e-26	DMPK	c16
1.40898946999858e-86	0.421981285011136	0.255	0.102	5.15704235914181e-82	RUVBL1	c16
6.05144574740773e-118	0.42181493643911	0.154	0.038	2.2148896580087e-113	STK26	c16
9.45045945924132e-35	0.42164775268467	0.128	0.057	3.45896266667691e-30	POMC	c16
4.28100132617374e-56	0.421577091226149	0.179	0.074	1.56688929539285e-51	PELP1	c16
1.80301074901424e-33	0.421498620272004	0.05	0.014	6.59919964246701e-29	AC005332.4	c16
7.38976039105498e-52	0.421436066237877	0.098	0.031	2.70472620073003e-47	JMY	c16
1.03658056393154e-13	0.421417791574431	0.013	0.003	3.79398852204582e-09	CCNI2	c16
1.41662643860058e-24	0.421001391658407	0.031	0.008	5.18499442792198e-20	AC058791.1	c16
1.53341171803887e-50	0.420945956332515	0.139	0.054	5.61244022919405e-46	BIN3	c16
4.35926590888997e-96	0.420797504998822	0.203	0.067	1.59553491531282e-91	ASMTL	c16
2.50665040708235e-41	0.420458921007116	0.071	0.021	9.17459115496209e-37	AC079922.2	c16
4.33900132012348e-121	0.420440425606171	0.907	0.602	1.5881178731784e-116	EDF1	c16
2.31246743752824e-60	0.419999312859121	0.163	0.062	8.46386206809712e-56	ARHGAP5	c16
2.12847215579663e-122	0.419922495895835	0.777	0.452	7.79042093743126e-118	EIF4B	c16
2.65077600196148e-19	0.419736129308044	0.014	0.002	9.7021052447792e-15	NECTIN3	c16
8.09482716626989e-08	0.419710238297235	0.013	0.004	0.00296278769112644	AC011447.3	c16
8.153234841059e-117	0.418349525848267	0.942	0.666	2.984165484176e-112	TMA7	c16
2.74845769683236e-34	0.4183077704315	0.042	0.01	1.00596300161761e-29	AC087623.2	c16
5.33282443063459e-16	0.418118760600446	0.013	0.003	1.95186706985657e-11	AL139274.2	c16
5.75904093813256e-81	0.418117913612074	0.194	0.07	2.1078665737659e-76	EEF1AKMT2	c16
7.60861146790085e-26	0.418070209709419	0.043	0.013	2.78482788336639e-21	SNHG20	c16
5.30509956951752e-194	0.417481528922064	0.439	0.151	1.94171949343911e-189	PPP3CC	c16
5.50474590359967e-199	0.41715484029491	0.47	0.164	2.01479204817652e-194	SLC2A3	c16
8.19961175037879e-122	0.416790327270527	0.576	0.293	3.00113989675614e-117	MAF1	c16
3.29700902148394e-216	0.416234504550356	0.329	0.088	1.20673827195334e-211	ERN1	c16
2.17573369378306e-198	0.416191493392927	0.726	0.328	7.96340289261539e-194	CYTIP	c16
2.9252747230302e-173	0.416067957238484	0.488	0.194	1.07067980137628e-168	IRF3	c16
5.71008415364481e-139	0.415989515116694	0.588	0.286	2.08994790107554e-134	TRA2B	c16
5.23876444747108e-84	0.415865233242745	0.281	0.119	1.91744017541889e-79	RPIA	c16
1.20811584016538e-66	0.415856853621735	0.249	0.111	4.42182478658929e-62	R3HCC1	c16
5.4591101482157e-44	0.415501539007966	0.108	0.039	1.99808890534843e-39	FAM122B	c16
1.34433160461195e-13	0.414673811750521	0.05	0.022	4.92038810604021e-09	DENND6B	c16
2.35090183842859e-129	0.414587450126618	0.306	0.109	8.60453581883249e-125	DNAJC9	c16
5.75177979586872e-23	0.41447841932361	0.033	0.009	2.10520892308591e-18	AL627171.1	c16
2.08393895816691e-15	0.414309503549584	0.022	0.006	7.62742498078671e-11	MDGA1	c16
7.98583434479976e-117	0.414166772449878	0.356	0.145	2.92289522854016e-112	C15orf61	c16
2.37821632889164e-30	0.414128172918718	0.023	0.004	8.7045095853763e-26	DNAI2	c16
6.18169523054913e-45	0.414125610676605	0.18	0.083	2.26256227133329e-40	RBM7	c16
7.10322842370516e-160	0.413877259100045	0.448	0.175	2.59985263536032e-155	UPF3A	c16
8.8650039576636e-130	0.413838762279309	0.47	0.21	3.24468009854446e-125	PPHLN1	c16
1.92180211511112e-55	0.413804688751366	0.257	0.126	7.03398792151821e-51	MRPL58	c16
1.53973059502133e-135	0.413622989415073	0.503	0.229	5.63556795083757e-131	MAX	c16
1.37488223853829e-32	0.412836994999268	0.04	0.01	5.03220648127398e-28	HOXB-AS1	c16
4.07893942425191e-88	0.412655538281496	0.332	0.149	1.49293261867044e-83	DEDD2	c16
1.05280648750675e-15	0.412612584127464	0.049	0.02	3.85337702492345e-11	PRXL2B	c16
4.46991230748392e-90	0.411738676262036	0.461	0.239	1.63603260366219e-85	PTRHD1	c16
1.80258431316112e-64	0.411328191482668	0.15	0.053	6.597638844601e-60	LINC00324	c16
1.61906933471177e-131	0.411061264355106	0.997	0.834	5.92595567197856e-127	PFDN5	c16
1.59843125095234e-28	0.410990172300686	0.102	0.045	5.85041822161067e-24	TP53	c16
7.64982833156452e-32	0.410814673049791	0.111	0.048	2.79991366763593e-27	NBPF10	c16
4.67258476209371e-18	0.410630540731652	0.012	0.002	1.71021274877392e-13	EIF2AK3-DT	c16
2.57604785283161e-94	0.409732869625666	0.266	0.104	9.42859274614897e-90	SCRN2	c16
2.79541179492399e-131	0.409616312508594	0.326	0.119	1.02314867106013e-126	XPC	c16
1.64956061196469e-42	0.409542820661625	0.095	0.033	6.03755679585196e-38	PORCN	c16
2.9752019756152e-23	0.409467461193457	0.054	0.02	1.08895367509492e-18	NBPF20	c16
1.11434999204699e-17	0.409322311894234	0.045	0.017	4.07863240589118e-13	PATZ1	c16
6.666653714335e-16	0.409218676262073	0.028	0.009	2.44006192598375e-11	LINC01011	c16
2.52292094354646e-39	0.409163869215321	0.203	0.103	9.2341429454744e-35	NUDT2	c16
1.76825159935141e-28	0.408964918099826	0.076	0.029	6.47197767878611e-24	SYCE1L	c16
5.61677983022766e-26	0.408961223858036	0.021	0.004	2.05579758566163e-21	AL451085.2	c16
1.44788854437528e-253	0.4087702732468	0.476	0.141	5.29941686126795e-249	HIST1H1D	c16
7.94149211904366e-37	0.408448006232342	0.156	0.073	2.90666553049117e-32	DNAJC30	c16
1.05165068927453e-135	0.40800804554407	0.639	0.329	3.8491466878137e-131	EMD	c16
1.43985677842012e-166	0.407507743743235	0.17	0.035	5.27001979469547e-162	MYBL1	c16
3.19206782474793e-97	0.407239735044776	0.52	0.273	1.16832874453599e-92	TXN2	c16
5.012977505433e-175	0.407138692094996	0.321	0.097	1.83479989676353e-170	SNRK	c16
1.85838737158142e-107	0.407119197112142	0.471	0.23	6.80188361872516e-103	EGLN2	c16
1.25418319724909e-60	0.406848242686692	0.153	0.056	4.59043592025138e-56	LINC01278	c16
1.25822620348645e-40	0.406075277414821	0.13	0.054	4.60523372738076e-36	OMA1	c16
4.94927646047524e-34	0.406069844780046	0.146	0.069	1.81148467729854e-29	JMJD7	c16
1.74531831757273e-56	0.405455848095635	0.117	0.039	6.38803957414794e-52	PPOX	c16
6.54051029591049e-60	0.40516618888179	0.109	0.034	2.3938921734062e-55	PHF19	c16
7.60213071588571e-211	0.404886375877814	0.532	0.196	2.78245586332133e-206	CCDC18-AS1	c16
4.57024995517733e-121	0.40476742282578	0.399	0.166	1.67275718609445e-116	TNIP1	c16
7.47506039950422e-18	0.404688140975134	0.069	0.031	2.73594685682254e-13	SNHG25	c16
1.57108752965533e-120	0.404457920949113	0.665	0.357	5.75033746729146e-116	TRAPPC5	c16
1.34743155398582e-12	0.404051679389477	0.089	0.05	4.93173423074349e-08	C11orf71	c16
2.00301200975593e-31	0.403938321806075	0.086	0.033	7.33122425690769e-27	LMF1	c16
2.48277384046311e-160	0.40392251602297	0.377	0.133	9.08720053347904e-156	UBAC2	c16
1.86210005669929e-70	0.403862286560626	0.188	0.071	6.81547241752507e-66	ACYP1	c16
6.87031792501191e-94	0.403524624722368	0.892	0.574	2.51460506373361e-89	SERP1	c16
2.15031074691979e-35	0.403375659846485	0.049	0.013	7.87035236480113e-31	WDR27	c16
2.19462635844332e-138	0.403115102440201	0.692	0.37	8.03255193453841e-134	NDFIP1	c16
1.05578577575624e-57	0.402975827533725	0.129	0.044	3.8642815178454e-53	ULK3	c16
3.89453468437199e-147	0.402828517491895	0.748	0.403	1.42543863982699e-142	WAS	c16
1.52173849000672e-96	0.402338587965839	0.232	0.083	5.56971504727361e-92	CBLL1	c16
4.54631805655048e-178	0.402251866959707	0.787	0.403	1.66399787187804e-173	ARGLU1	c16
2.01918450261391e-144	0.401768381192956	0.291	0.094	7.39041719801719e-140	AC008875.3	c16
8.28742096969727e-31	0.401679277055483	0.111	0.048	3.0332789491189e-26	COQ7	c16
1.66020573765474e-20	0.401612573683663	0.015	0.003	6.07651902039012e-16	CNR2	c16
4.74902303767032e-32	0.401410442125818	0.104	0.043	1.73818992201771e-27	ALKBH2	c16
2.72700214475078e-140	0.401277786865319	0.166	0.038	9.98110055000232e-136	LINC00649	c16
1.29967844351917e-38	0.400775013315903	0.119	0.048	4.75695307112453e-34	SPATC1L	c16
1.35455527275904e-148	0.399821431400593	0.793	0.443	4.95780775382535e-144	NFKBIA	c16
8.58815672771323e-64	0.399743324536457	0.296	0.145	3.14335124391032e-59	VBP1	c16
6.87879259011155e-82	0.399731026941982	0.115	0.03	2.51770687590673e-77	MIATNB	c16
2.07496482170239e-133	0.399473791381784	0.559	0.27	7.59457874391291e-129	PRMT1	c16
5.35032185290784e-62	0.398509807890053	0.181	0.072	1.9582713013828e-57	SDHAF1	c16
3.41962827162322e-46	0.398387088216439	0.073	0.021	1.25161814369681e-41	AC008124.1	c16
2.85512525685372e-46	0.39828486239885	0.15	0.063	1.04500439526103e-41	COPS7B	c16
8.2485828002288e-108	0.397580312510701	0.487	0.24	3.01906379071174e-103	AIMP1	c16
6.72756408501253e-58	0.396343720466581	0.194	0.082	2.46235573075544e-53	LYRM1	c16
1.62089664041406e-146	0.396050389800402	0.297	0.096	5.93264379357949e-142	NDE1	c16
9.04356891034993e-62	0.396022222828017	0.171	0.066	3.31003665687718e-57	LINC01184	c16
1.69130291658517e-222	0.395769365943366	0.215	0.042	6.19033780499336e-218	KLF12	c16
5.18735805887274e-15	0.395731632076037	0.073	0.037	1.89862492312801e-10	ELAC1	c16
3.64559835511447e-188	0.395482644702668	0.766	0.364	1.33432545395545e-183	SLC9A3R1	c16
2.14550716595955e-137	0.395442657698793	0.63	0.316	7.85277077812855e-133	RNPS1	c16
2.44292547803599e-41	0.394658627291476	0.106	0.04	8.94135154215954e-37	DCAF15	c16
3.25855417880347e-33	0.393976897783275	0.104	0.042	1.19266341498386e-28	ZNF138	c16
1.9001610521744e-20	0.393057114455977	0.029	0.008	6.95477946706353e-16	NEK3	c16
2.75721435587608e-29	0.392890580067149	0.07	0.025	1.0091680263942e-24	MTA1	c16
1.25236654585974e-206	0.392738863830674	0.579	0.224	4.58378679450123e-202	FNBP4	c16
4.35189773000269e-78	0.39268098937895	0.247	0.101	1.59283808815828e-73	PRPS1	c16
5.93955422918877e-107	0.391585268432719	0.345	0.143	2.17393624342538e-102	IL27RA	c16
9.70635913762974e-83	0.390945404992751	0.247	0.099	3.55262450796386e-78	B4GALT3	c16
1.2763601154004e-164	0.390788026410404	0.637	0.299	4.67160565837702e-160	LSM14A	c16
5.35748076497874e-63	0.390192687792399	0.3	0.148	1.96089153478987e-58	NME4	c16
2.50015531554929e-16	0.389959921256285	0.072	0.034	9.15081847044195e-12	TMEM129	c16
2.12348548016261e-205	0.389423417326789	0.633	0.26	7.77216920594317e-201	PIK3R1	c16
8.60150019057259e-243	0.389406435883063	0.595	0.207	3.14823508475147e-238	SH3KBP1	c16
6.55679362841985e-179	0.389089920742166	0.355	0.114	2.39985203593795e-174	PDE3B	c16
7.59575332246498e-122	0.389049248869429	0.685	0.379	2.78012167355541e-117	SET	c16
5.1242522645288e-59	0.38862343811623	0.132	0.046	1.87552757134018e-54	FOXO1	c16
2.0340163197716e-82	0.388443681022816	0.299	0.132	7.44470313199604e-78	QTRT1	c16
5.26295238084272e-31	0.38841739927431	0.073	0.026	1.92629320091225e-26	RNASEH1-AS1	c16
8.03801211215321e-34	0.387948660486284	0.061	0.019	2.9419928131692e-29	LINC02328	c16
2.93259858836666e-16	0.387835953640725	0.057	0.025	1.07336040932808e-11	ZCWPW1	c16
6.9035887824331e-118	0.38741617708195	0.698	0.389	2.52678253025834e-113	EIF4A2	c16
7.86642606626477e-19	0.386984565701669	0.036	0.012	2.87919060451357e-14	UNC119B	c16
4.46847195122077e-88	0.386837576133359	0.346	0.158	1.63550541886631e-83	GID8	c16
5.83768107681624e-83	0.386604376696935	0.073	0.014	2.13664965092551e-78	TRBV4-1	c16
3.45444368855747e-10	0.386167629269174	0.012	0.003	1.26436093444892e-05	AC027020.2	c16
5.88219664733396e-104	0.386135372827327	0.612	0.336	2.1529427948907e-99	TOMM22	c16
4.34873139665818e-57	0.386062047521651	0.914	0.691	1.59167917849086e-52	PABPC1	c16
3.33159938654346e-107	0.386008115000477	0.712	0.408	1.21939869146877e-102	COX7A2L	c16
3.29187764167347e-205	0.385858990175406	0.472	0.159	1.20486013562891e-200	TAGAP	c16
1.0821672790607e-115	0.385733929566331	0.881	0.565	3.96084045809007e-111	RBM3	c16
6.2530756048427e-109	0.385535050577821	0.635	0.348	2.28868820212848e-104	RBIS	c16
1.81438073956875e-58	0.385143374511486	0.135	0.047	6.64081494489557e-54	HOOK2	c16
7.87049521655378e-35	0.384998546712435	0.088	0.033	2.88067995421085e-30	ACADSB	c16
1.04901276324177e-69	0.384906907629592	0.275	0.126	3.83949161474119e-65	NSMCE4A	c16
5.10757363479047e-137	0.384892554064916	0.511	0.233	1.86942302606966e-132	SDHAF2	c16
5.26864851997405e-169	0.384846082344502	0.588	0.254	1.9283780447957e-164	RBL2	c16
5.47215515868523e-14	0.384822305622829	0.03	0.01	2.00286350963038e-09	PPP2R3B	c16
1.63222612729729e-190	0.38447837112923	0.203	0.043	5.9741108485208e-186	PRR5	c16
5.63224240460195e-44	0.384124277309347	0.144	0.06	2.06145704250836e-39	ZNF688	c16
7.86597501386759e-82	0.382979484504906	0.358	0.172	2.87902551482568e-77	HNRNPL	c16
1.07806284914311e-49	0.382866050499986	0.092	0.029	3.94581783414871e-45	POMT1	c16
2.75320542491993e-13	0.382584902498516	0.025	0.008	1.00770071757494e-08	PRKN	c16
1.68676203256091e-63	0.382172568948509	0.311	0.155	6.17371771537618e-59	PLGRKT	c16
7.62496961594991e-29	0.382150589338511	0.097	0.041	2.79081512913383e-24	RPARP-AS1	c16
1.08906658981593e-133	0.38205361934785	0.336	0.124	3.98609262538529e-129	PHF14	c16
2.39586555229129e-107	0.381987132454911	0.401	0.18	8.76910750794137e-103	CCDC25	c16
2.32150515892077e-72	0.3818045516488	0.373	0.192	8.49694103216592e-68	NUDCD2	c16
3.58210709270013e-127	0.381718368396661	0.356	0.14	1.31108701699917e-122	SFSWAP	c16
3.75194721018024e-122	0.38135793038473	0.612	0.323	1.37325019839807e-117	C17orf49	c16
3.26232021214472e-159	0.381314664241745	0.517	0.22	1.19404182084709e-154	NOP58	c16
6.64185403594361e-33	0.381264940968491	0.137	0.064	2.43098499569572e-28	ZNF480	c16
7.11083188111315e-161	0.381192593613963	0.975	0.65	2.60263557680623e-156	IL2RG	c16
2.07043844712272e-55	0.381015478336999	0.192	0.082	7.57801176031386e-51	P4HTM	c16
1.18061584770758e-63	0.380997074431606	0.092	0.025	4.3211720641945e-59	AC097376.3	c16
3.17337843921556e-117	0.380929656990333	0.812	0.481	1.16148824253729e-112	HMGN1	c16
1.63029262355458e-170	0.380892574069111	0.224	0.055	5.96703403147212e-166	HELB	c16
4.36971904079087e-29	0.379932952577263	0.075	0.028	1.59936086611987e-24	ZNF263	c16
1.51831790827476e-93	0.379547046580182	0.825	0.492	5.55719537607643e-89	RNASET2	c16
2.71491249880532e-100	0.379498887138024	0.12	0.028	9.93685123687734e-96	AC012615.1	c16
9.67364280769566e-158	0.379369128443143	0.194	0.045	3.54065000404469e-153	TRIB2	c16
1.04429479010654e-141	0.378267752160913	0.998	0.867	3.82222336126895e-137	HLA-E	c16
7.5736106001158e-104	0.378000822750826	0.91	0.587	2.77201721574838e-99	SOD1	c16
1.13288796276076e-109	0.377891933049735	0.311	0.121	4.14648323250066e-105	YDJC	c16
1.49259707246752e-12	0.377648885339176	0.021	0.007	5.46305454493837e-08	L2HGDH	c16
2.19412924855088e-56	0.37755146815988	0.254	0.123	8.03073246262108e-52	GPATCH4	c16
1.13405963616826e-118	0.377421526575549	0.433	0.192	4.15077167433944e-114	TSR2	c16
2.29811954458022e-32	0.377301581462636	0.167	0.084	8.41134734511805e-28	TARBP2	c16
1.67677468135108e-86	0.376815467246132	0.269	0.11	6.13716301121307e-82	CHKB	c16
1.56702786654779e-40	0.376789817483274	0.186	0.09	5.73547869435157e-36	RRS1	c16
1.4762484593204e-28	0.376452837798794	0.075	0.028	5.40321698595858e-24	CIDEB	c16
5.03562415130694e-29	0.37623112436762	0.08	0.031	1.84308879561985e-24	KCNN4	c16
4.50572993936827e-48	0.375947346552328	0.231	0.114	1.64914221510818e-43	HSD17B8	c16
1.02822900987907e-120	0.375835211152739	0.125	0.026	3.76342099905837e-116	AC006369.1	c16
1.49453530609248e-28	0.375410166808014	0.102	0.045	5.47014867382909e-24	RIOX1	c16
2.60408724569401e-115	0.375118347769534	0.467	0.218	9.53121972796464e-111	IGFLR1	c16
5.71566393490733e-65	0.374728541503104	0.164	0.06	2.09199015681543e-60	NFRKB	c16
7.93412338198649e-26	0.374588457366685	0.055	0.019	2.90396849904088e-21	AC027644.3	c16
1.18949643108483e-31	0.374504630877535	0.065	0.022	4.35367588741357e-27	USP53	c16
4.06665248004327e-120	0.373332464986343	0.997	0.89	1.48843547422064e-115	TXNIP	c16
1.66177181611944e-150	0.373256533761398	0.438	0.172	6.08225102417877e-146	RBM4	c16
3.63111733960858e-55	0.373172709907496	0.127	0.044	1.32902525747014e-50	ZNF836	c16
1.76078442895909e-09	0.372821543363071	0.019	0.006	6.44464708843316e-05	ATAD3C	c16
1.12829288345508e-63	0.372299930822966	0.093	0.025	4.12966478273394e-59	DUSP16	c16
2.27831525395098e-58	0.372275999592941	0.317	0.164	8.338861660986e-54	ZNF32	c16
1.72726103953955e-24	0.371838884933092	0.039	0.012	6.32194813081869e-20	TTYH2	c16
7.12517859507965e-118	0.371828666736845	0.387	0.164	2.6078866175851e-113	RBM27	c16
3.29151500989612e-125	0.371419318110157	0.525	0.251	1.20472740877208e-120	PHF11	c16
9.55469976154041e-252	0.371380130219511	0.408	0.111	3.49711565972141e-247	PSTPIP1	c16
1.04973179660453e-52	0.370905952960819	0.25	0.123	3.84212334875225e-48	UNC119	c16
3.49536549779553e-90	0.37052898117168	0.167	0.052	1.27933872584814e-85	LINC01578	c16
1.28351835777228e-106	0.370272557342084	0.747	0.431	4.6978055412823e-102	NDUFA12	c16
2.97519636999514e-86	0.369992858831546	0.375	0.179	1.08895162338192e-81	HIKESHI	c16
2.78607760425291e-235	0.369851407074319	0.565	0.201	1.01973226393261e-230	TNFAIP3	c16
2.75242172406708e-54	0.369468324233555	0.229	0.107	1.00741387522579e-49	RP9	c16
4.26098710693503e-45	0.369439299898834	0.097	0.033	1.55956389100929e-40	FBXO31	c16
1.07837254925131e-24	0.3693327568006	0.045	0.014	3.94695136751473e-20	DFFB	c16
1.78235829831141e-12	0.369306177785667	0.014	0.003	6.5236096076496e-08	ARRDC5	c16
5.66307315608187e-67	0.369045576977991	0.212	0.087	2.07274140585753e-62	UCKL1	c16
4.15901091588586e-66	0.368728422972692	0.188	0.073	1.52223958532339e-61	SMPD1	c16
1.47768993170222e-82	0.368625557080582	0.352	0.168	5.4084929190233e-78	C15orf40	c16
8.09682601195791e-112	0.368333774972934	0.968	0.72	2.96351928863671e-107	PSME1	c16
6.07810795865029e-105	0.36823299131614	0.432	0.205	2.22464829394559e-100	BUD23	c16
2.75535492341313e-146	0.367590498302795	0.506	0.218	1.00848745551844e-141	BTG2	c16
1.66916911972552e-124	0.367560853089832	0.443	0.195	6.10932589510739e-120	CEP57	c16
2.12271190957492e-16	0.367430076409614	0.062	0.028	7.76933786023516e-12	SNHG11	c16
9.65468845657433e-31	0.367354508068816	0.024	0.004	3.53371252199077e-26	WHRN	c16
5.94145687904141e-112	0.367330504680646	0.226	0.073	2.17463263229795e-107	ING5	c16
2.76833419121717e-109	0.367323487206859	0.195	0.059	1.01323799732739e-104	AP3M2	c16
2.08640811640736e-31	0.36722241123131	0.073	0.026	7.63646234686258e-27	LINC02611	c16
9.40513316548799e-39	0.366994963985138	0.026	0.004	3.44237278990026e-34	LINC01260	c16
3.6582672708002e-20	0.366571936572603	0.027	0.007	1.33896240378558e-15	AC073389.1	c16
5.64741069922277e-89	0.366501788249443	0.229	0.085	2.06700879002253e-84	SUZ12	c16
5.22666662383148e-29	0.366371491301499	0.05	0.015	1.91301225098856e-24	LINC02591	c16
1.75644529965524e-37	0.365967734730112	0.133	0.058	6.42876544126813e-33	RPUSD1	c16
1.60206488711216e-28	0.365890771965069	0.122	0.057	5.86371769331923e-24	RRP36	c16
1.68666926006577e-100	0.365662022941517	0.264	0.099	6.17337815876671e-96	CUTC	c16
1.47516258867877e-98	0.365513337184227	0.256	0.096	5.39924259082318e-94	DUSP12	c16
4.27600650925545e-07	0.365328810975166	0.034	0.017	0.0156506114245259	CA11	c16
4.29208612186373e-102	0.365260316713023	0.314	0.128	1.57094644146334e-97	THAP7	c16
7.89761606989473e-31	0.365019027392865	0.047	0.013	2.89060645774217e-26	UBE3D	c16
1.11564745720116e-135	0.364790106983942	0.381	0.147	4.08338125810197e-131	ZNF22	c16
6.30603601400822e-31	0.364745907490471	0.038	0.009	2.30807224148715e-26	GDPD1	c16
6.57370813888596e-87	0.364540255114568	0.322	0.144	2.40604291591365e-82	MED30	c16
6.29196702700988e-96	0.364435025857229	0.529	0.279	2.30292285155589e-91	EIF2S3	c16
2.92775186412581e-84	0.36441267738109	0.285	0.122	1.07158645978869e-79	ARL16	c16
9.82223268967381e-52	0.363255630511425	0.122	0.043	3.59503538674751e-47	EPC2	c16
2.01444921392878e-07	0.36320301362617	0.024	0.011	0.00737308556790075	APLF	c16
6.10245521989315e-27	0.363145586887901	0.069	0.026	2.23355963503309e-22	PBX2	c16
1.95041262067734e-78	0.362946558055129	0.426	0.224	7.13870523294115e-74	DDT	c16
1.63036058754482e-93	0.362875982753051	0.903	0.601	5.9672827864728e-89	ATP5F1D	c16
6.01777347514935e-103	0.362670807718045	0.408	0.189	2.20256526963942e-98	METTL23	c16
6.62473779927137e-66	0.362638537035288	0.172	0.064	2.42472028191131e-61	SNRNP48	c16
3.033052182939e-77	0.362428554038286	0.166	0.056	1.1101274294775e-72	MUTYH	c16
5.88463413287183e-76	0.362279584635382	0.091	0.022	2.15383493897242e-71	ASH1L-AS1	c16
1.99801225974319e-26	0.362244959375243	0.035	0.009	7.31292467188605e-22	CKMT2-AS1	c16
9.33874196096693e-110	0.361754419957635	0.293	0.111	3.4180729451335e-105	MITD1	c16
6.88764523084183e-57	0.361563941671844	0.094	0.027	2.52094703094042e-52	RUNX2	c16
2.91628246566995e-70	0.361442493034841	0.307	0.147	1.06738854525986e-65	PFDN4	c16
1.73680724378762e-95	0.361383281586631	0.274	0.108	6.35688819298707e-91	ZNF394	c16
2.51949568972571e-07	0.361177543402987	0.01	0.003	0.00922160617396508	AP000926.2	c16
9.83234742516956e-58	0.361139061586051	0.102	0.031	3.59873748108631e-53	AC004865.2	c16
9.40773226877077e-46	0.36104563528389	0.238	0.121	3.44332408769279e-41	THAP4	c16
2.73399632236492e-94	0.360835348236967	0.131	0.034	1.00066999394878e-89	ZNF33B	c16
2.19391718425059e-19	0.360489681526761	0.072	0.032	8.02995628607558e-15	TMEM191C	c16
3.46705508464255e-16	0.360469381487412	0.016	0.003	1.26897683153002e-11	ASTN2	c16
6.54835228996712e-42	0.359913936964333	0.188	0.09	2.39676242165087e-37	C12orf43	c16
2.25116100332602e-21	0.359707571937204	0.038	0.012	8.23947438827357e-17	PPT2	c16
8.2645865249777e-17	0.359265120401429	0.097	0.051	3.02492131400709e-12	AL441992.1	c16
5.24567721827935e-63	0.358653219225566	0.164	0.061	1.91997031866242e-58	DPH7	c16
5.11523449470555e-19	0.358612349643144	0.032	0.01	1.87222697740718e-14	HIST1H2AE	c16
3.42760474913597e-12	0.358375997409339	0.01	0.002	1.25453761423126e-07	FZD6	c16
1.88454168781095e-07	0.358356081495562	0.021	0.009	0.00689761103155687	LINC00899	c16
1.03270440325823e-104	0.358045002717168	0.767	0.455	3.77980138636546e-100	SNU13	c16
9.74739765445135e-28	0.357828477373463	0.103	0.046	3.56764501550574e-23	BOLA1	c16
5.39856900803375e-08	0.35772534069764	0.029	0.013	0.00197593024263043	RAB3A	c16
5.55998962161251e-17	0.357639503576341	0.078	0.038	2.0350118014064e-12	CTU2	c16
7.26513892650522e-13	0.357458287312441	0.036	0.014	2.65911349849018e-08	PNPLA7	c16
2.65688190856884e-13	0.357073607274817	0.077	0.041	9.72445347355281e-09	HHLA3	c16
3.86777354512733e-26	0.3568336570935	0.015	0.002	1.41564379525205e-21	LCNL1	c16
4.0183059513824e-105	0.355961138831705	0.387	0.173	1.47074016126547e-100	XPA	c16
1.23218289842379e-67	0.355672322575046	0.229	0.097	4.5099126265209e-63	FRA10AC1	c16
2.47596106092748e-28	0.355654050239425	0.082	0.032	9.06226507910066e-24	TRAF2	c16
8.03294964856361e-111	0.355436567090451	0.283	0.105	2.94013990087077e-106	TAZ	c16
1.52688129192925e-20	0.355363153852627	0.058	0.023	5.58853821659026e-16	FLNB	c16
7.1928767667151e-81	0.354940734733136	0.078	0.016	2.63266482538539e-76	ABCD2	c16
7.04981148206114e-88	0.354175297556748	0.988	0.76	2.5803015005492e-83	ATP5MC2	c16
9.13421603738624e-130	0.353844527041589	0.116	0.022	3.34321441184374e-125	TRAV1-2	c16
3.34392128012091e-104	0.353804399894044	0.746	0.44	1.22390862773705e-99	MRPS21	c16
2.84842202279747e-62	0.353759077402082	0.257	0.119	1.0425509445641e-57	FXN	c16
2.88741276164241e-25	0.353758098519442	0.082	0.034	1.05682194488874e-20	ZNF362	c16
8.37754360250135e-152	0.353509364732838	0.372	0.132	3.06626473395152e-147	PHF1	c16
2.21108032968523e-84	0.353310738977077	0.331	0.151	8.09277511468092e-80	SURF2	c16
4.37581461133985e-60	0.353308734232832	0.177	0.07	1.6015919058965e-55	COX11	c16
9.81915147300563e-76	0.352893138851629	0.232	0.094	3.59390763063479e-71	CDKN2AIP	c16
4.10442688061862e-17	0.352874460404624	0.032	0.011	1.50226128257522e-12	AC008083.3	c16
2.20382823281086e-37	0.35278788700762	0.104	0.04	8.06623171491104e-33	PLCD1	c16
1.93244257049705e-50	0.352744523931207	0.201	0.091	7.07293305227624e-46	ZNF277	c16
9.32587354325124e-148	0.352656237457321	0.667	0.333	3.41336297556539e-143	C9orf78	c16
6.69764339544011e-100	0.352263565003337	0.987	0.785	2.45140445916503e-95	PCBP2	c16
5.03007648765161e-22	0.352117697900661	0.095	0.045	1.84105829524537e-17	AC020915.2	c16
1.89909444775841e-65	0.352116319366521	0.128	0.041	6.95087558824056e-61	BBC3	c16
1.97622990600289e-44	0.3517275570986	0.205	0.099	7.23319907896118e-40	YBEY	c16
9.72133877750983e-119	0.351707103248426	0.82	0.495	3.55810720595637e-114	HNRNPC	c16
3.52202475561974e-97	0.351679662659085	0.394	0.183	1.28909628080438e-92	PITHD1	c16
2.448514975835e-121	0.351118035995014	0.206	0.06	8.9618096630537e-117	ATXN7	c16
1.55185258357561e-70	0.350960433784441	0.126	0.038	5.67993564114508e-66	KPNA5	c16
1.39563045209767e-61	0.350660260324007	0.26	0.122	5.1081470177227e-57	MRPL48	c16
1.61789454648236e-99	0.350650140334085	0.734	0.433	5.92165582958007e-95	RTRAF	c16
2.05057960285152e-95	0.349980524296658	0.445	0.221	7.50532640439686e-91	DHPS	c16
9.83354062469677e-07	0.349880855149786	0.016	0.006	0.0359917420404527	GCC2-AS1	c16
2.44231748128311e-115	0.349627343754376	0.642	0.347	8.93912621324432e-111	IMP3	c16
2.32337031733227e-13	0.348857037377433	0.011	0.002	8.50376769846784e-09	AL096865.1	c16
9.24925067328781e-89	0.348622603931523	0.279	0.114	3.38531823893007e-84	NOL12	c16
8.53203783897143e-09	0.348441303418288	0.079	0.049	0.000312281116944193	PSPH	c16
2.76989244085513e-15	0.347420405668988	0.044	0.018	1.01380833227739e-10	ATP6V1E2	c16
2.64675572024172e-105	0.347242635947598	0.38	0.169	9.68739061165672e-101	SDR39U1	c16
4.19914722597166e-77	0.346896239841655	0.349	0.169	1.53692987617789e-72	RANGRF	c16
9.96389613224634e-113	0.346422278790521	0.277	0.101	3.64688562336348e-108	IL6ST	c16
1.19332025233112e-110	0.346271299075474	0.617	0.331	4.36767145555712e-106	CCT3	c16
2.79660773391793e-106	0.345928683088172	0.252	0.089	1.0235863966913e-101	SLC25A45	c16
1.43471131516358e-90	0.345900001032992	0.982	0.788	5.25118688463023e-86	UBC	c16
4.92795902660006e-27	0.345899901478162	0.116	0.055	1.80368228332589e-22	PRKAR1B	c16
6.75857576555741e-09	0.345848590951391	0.012	0.003	0.000247370631595167	AC009309.1	c16
3.08521671796692e-32	0.345821500514604	0.071	0.025	1.12922017094307e-27	HLA-F-AS1	c16
3.33268611491695e-70	0.345785545108422	0.142	0.046	1.21979644492075e-65	AEBP2	c16
2.84647292854477e-81	0.345624962898897	0.947	0.665	1.04183755657667e-76	GMFG	c16
1.40627622731679e-100	0.344828835208529	0.426	0.203	5.14711161960219e-96	ABHD14A	c16
1.91234647057958e-56	0.344716944681359	0.334	0.179	6.9993793169683e-52	MRPS33	c16
1.65572787948298e-220	0.344565695866273	0.609	0.219	6.06012961169567e-216	GZMK	c16
8.21465650496139e-84	0.344276569630763	0.33	0.151	3.00664642738092e-79	BCL7B	c16
1.43869977309301e-15	0.344053120774944	0.033	0.011	5.26578503949774e-11	CEP70	c16
3.98466609742779e-26	0.343800999052708	0.028	0.006	1.45842763831954e-21	TTC22	c16
1.72224540264294e-28	0.343570109092371	0.133	0.065	6.30359039821342e-24	TMEM39B	c16
2.09975716073969e-125	0.343524858783557	0.45	0.199	7.68532118402335e-121	THOC2	c16
8.7040942883644e-106	0.343264283834139	0.394	0.174	3.18578555048425e-101	FLI1	c16
3.79483305409285e-53	0.343200858716309	0.16	0.064	1.38894684612852e-48	MED16	c16
6.98476874023906e-08	0.343154068384482	0.012	0.004	0.0025564952066149	LINC01715	c16
4.96138852650668e-17	0.343109103634933	0.015	0.003	1.81591781458671e-12	ZNF80	c16
8.21637959854582e-76	0.342814377251612	0.123	0.035	3.00727709686376e-71	TMEM116	c16
5.65888789640059e-16	0.342650687244555	0.043	0.017	2.07120955896158e-11	ROBO3	c16
6.15187029465073e-134	0.342311030774871	0.361	0.137	2.25164604654512e-129	TBCC	c16
1.0388481564449e-68	0.342256137104486	0.201	0.079	3.80228813740399e-64	LRCH4	c16
3.08709768290458e-13	0.342239783526418	0.039	0.016	1.12990862291991e-08	SOCS5	c16
4.21632365144432e-101	0.341899097863518	0.761	0.453	1.54321661966513e-96	SCAND1	c16
4.92319331066353e-40	0.341798782010159	0.153	0.068	1.80193798363596e-35	LINC00339	c16
1.6601349901229e-31	0.341552922995235	0.171	0.088	6.07626007734882e-27	UQCRHL	c16
2.87785621207361e-113	0.341469778090687	0.236	0.077	1.05332415218106e-108	GALM	c16
1.1034083940114e-304	0.341371626882023	0.352	0.077	4.03858506292111e-300	CD40LG	c16
2.25347850983811e-74	0.341332749113408	0.209	0.081	8.24795669385845e-70	LTBP4	c16
3.47052762650037e-10	0.341313507458564	0.014	0.004	1.2702478165754e-05	CCDC120	c16
6.35992122760168e-09	0.341092854772874	0.05	0.027	0.000232779476851449	RELA-DT	c16
1.12884948082053e-107	0.341021753710911	0.145	0.036	4.13170198475122e-103	OXCT1	c16
1.75597868056043e-30	0.340789407642889	0.16	0.082	6.42705756871921e-26	RNF220	c16
6.68135869252743e-30	0.340393118109549	0.119	0.054	2.44544409505197e-25	ARMC6	c16
1.15018479392125e-113	0.34007752527063	0.559	0.275	4.20979136423118e-109	VAMP5	c16
4.6471611640403e-23	0.33996570648645	0.094	0.044	1.70090745765039e-18	FAM13A	c16
4.50954103624075e-129	0.339903923623143	0.184	0.048	1.65053711467448e-124	PDE7A	c16
4.16483667370824e-117	0.339839187620867	0.538	0.264	1.52437187094395e-112	HNRNPH3	c16
2.34982128273291e-18	0.339782064935431	0.034	0.011	8.60058087693071e-14	AC016727.1	c16
1.6661983076717e-136	0.339751506023624	0.517	0.237	6.09845242590919e-132	YTHDC1	c16
4.36130006742949e-61	0.339604353357557	0.269	0.128	1.59627943767987e-56	TRIAP1	c16
1.01310137247626e-103	0.339439850330144	0.53	0.274	3.70805233340037e-99	SBDS	c16
4.79934763166559e-41	0.339231612670201	0.031	0.005	1.75660922666592e-36	GDF11	c16
3.96342422221034e-22	0.339111617171985	0.025	0.006	1.45065289957121e-17	TBKBP1	c16
9.81636337251468e-79	0.338401249160199	0.267	0.114	3.5928871579741e-74	WDR74	c16
1.35617147228601e-39	0.338296909610428	0.199	0.1	4.96372320571403e-35	BET1L	c16
8.31829676356124e-101	0.3382631009748	0.306	0.123	3.04457979843105e-96	TAF3	c16
4.83474517834149e-92	0.338184303379343	0.328	0.143	1.76956508272477e-87	ISY1	c16
6.71348389779044e-144	0.338061290707414	0.62	0.3	2.45720224143028e-139	PARP1	c16
1.40739968543878e-165	0.337501184528619	0.483	0.191	5.15122358867447e-161	CYLD	c16
6.742126299458e-34	0.337427948028938	0.192	0.101	2.46768564686462e-29	IFT57	c16
4.65592501408137e-11	0.337399108613288	0.01	0.002	1.70411511440392e-06	SERPINE2	c16
5.6746965569915e-12	0.337357814505736	0.049	0.023	2.07699568682446e-07	XXYLT1	c16
1.32059790288693e-18	0.337356080176932	0.025	0.007	4.83352038435646e-14	PGAP1	c16
4.15860591718467e-23	0.336992843405342	0.027	0.007	1.52209135174876e-18	SLC4A10	c16
8.73109406232814e-98	0.336686039555335	0.344	0.149	3.19566773775272e-93	ACBD6	c16
4.23056150381527e-22	0.335994037011107	0.062	0.025	1.54842781601143e-17	AC008267.5	c16
3.62907780869841e-13	0.335948334886123	0.05	0.023	1.3282787687617e-08	ZNF236-DT	c16
1.02749259995382e-119	0.335912748526291	0.451	0.202	3.76072566509098e-115	PHF20	c16
7.35810491815739e-68	0.335406048245059	0.283	0.132	2.69313998109479e-63	DCPS	c16
1.65672520096128e-225	0.335349324141856	0.293	0.07	6.06377990803837e-221	PRDM1	c16
6.21611076943932e-16	0.335329023260231	0.075	0.037	2.27515870272249e-11	ALDH6A1	c16
1.91673233218175e-126	0.335322071516853	0.177	0.045	7.01543200901843e-122	ZBP1	c16
7.11196997012301e-87	0.334955744846651	0.562	0.312	2.60305212876472e-82	UQCRC2	c16
4.28594458574698e-26	0.334264284242697	0.076	0.03	1.56869857782925e-21	GIHCG	c16
1.60266627887502e-119	0.333627578559397	0.638	0.339	5.86591884731046e-115	POLR3GL	c16
1.27985246981185e-23	0.332934883397579	0.047	0.016	4.68438802475835e-19	CDC14B	c16
1.5503597891254e-22	0.332858729611181	0.096	0.045	5.67447186417786e-18	LIAS	c16
4.31975855233944e-107	0.332809270571407	0.451	0.214	1.58107482774176e-102	PCED1B	c16
1.53820297831816e-73	0.33274730502063	0.896	0.584	5.6299767209423e-69	GYPC	c16
3.08967698817644e-17	0.332073889051492	0.053	0.022	1.13085267444246e-12	FAM185A	c16
9.7741180238945e-75	0.331748158063851	0.114	0.031	3.57742493792563e-70	SCAI	c16
3.75791210158107e-74	0.331377077767768	0.326	0.156	1.37543340829969e-69	PPIE	c16
5.80228146516764e-29	0.331192051229495	0.08	0.031	2.12369303906601e-24	CCDC34	c16
9.42985324702388e-20	0.331141747093199	0.049	0.018	3.45142058694321e-15	ZNF211	c16
1.21171482223436e-153	0.330220943738467	0.205	0.051	4.43499742085999e-149	TRAF5	c16
1.6334684212926e-153	0.330205308769172	0.328	0.107	5.97865776877303e-149	CCDC69	c16
4.70098391416231e-22	0.33002404279485	0.053	0.019	1.72060712242255e-17	ALDH5A1	c16
2.73609796555618e-54	0.329863350434828	0.095	0.029	1.00143921637322e-49	ZNF692	c16
1.54384502674593e-144	0.329607180478488	0.454	0.188	5.65062718239279e-140	SRPK2	c16
2.22975980911876e-96	0.329548208995439	0.689	0.398	8.16114387735557e-92	EIF3I	c16
1.04770891071176e-17	0.329532948371147	0.032	0.01	3.83471938409612e-13	LINC00539	c16
3.59086695240573e-24	0.329523356314356	0.076	0.031	1.31429321325002e-19	DCAKD	c16
1.29532336707571e-96	0.329184256511558	0.345	0.151	4.74101305583379e-92	ZFAND2B	c16
2.05643529853348e-59	0.329168731781435	0.175	0.069	7.52675883616237e-55	VRK1	c16
8.01139190499887e-93	0.328977966091291	0.383	0.18	2.93224955114864e-88	NUBP2	c16
1.52027824509981e-63	0.328708892579969	0.135	0.045	5.56437040488983e-59	HIST2H2AC	c16
2.88367373591499e-38	0.328657488727745	0.226	0.12	1.05545342408225e-33	STK16	c16
6.5165561690156e-26	0.328207545129966	0.059	0.021	2.3851247234214e-21	GNPDA2	c16
8.11360966673894e-13	0.327441443137046	0.042	0.018	2.96966227412312e-08	LY6G5C	c16
2.55142852977225e-99	0.327100289465061	0.149	0.04	9.3384835618194e-95	GNB5	c16
1.93177588450034e-54	0.326868989722877	0.19	0.082	7.07049291485968e-50	PRKRIP1	c16
6.28037384324124e-38	0.326628185639723	0.043	0.01	2.29867963036473e-33	C21orf62-AS1	c16
2.60574209260577e-85	0.326505971325808	0.368	0.176	9.53727663314639e-81	PPIH	c16
1.41977448216137e-73	0.326228285891768	0.266	0.116	5.19651658215884e-69	GMPS	c16
5.81960612447108e-62	0.325988380193905	0.246	0.112	2.13003403761766e-57	HDAC3	c16
4.05852138262168e-25	0.325869286995723	0.16	0.087	1.48545941125336e-20	FAM210B	c16
5.14831506608382e-42	0.32575635146434	0.157	0.07	1.88433479733734e-37	TSR3	c16
1.85680688855813e-14	0.325496051638486	0.072	0.036	6.79609889281162e-10	INTS5	c16
8.04925300560062e-90	0.32538555632258	0.277	0.112	2.94610709257988e-85	TBC1D10A	c16
5.44243451897035e-79	0.325280515340836	0.299	0.135	1.99198545828834e-74	NXT1	c16
1.16920913073143e-37	0.32502635013553	0.182	0.09	4.27942233939009e-33	CHTF8	c16
7.98739735562404e-60	0.32453480219438	0.274	0.132	2.92346730613196e-55	SLC35C2	c16
2.10763364141231e-52	0.324531504676842	0.142	0.054	7.7141498909332e-48	PRIM1	c16
5.09493118335374e-13	0.324475264976741	0.055	0.026	1.8647957624193e-08	ZNF408	c16
2.45931059873361e-151	0.324170452602239	0.624	0.294	9.0013227224249e-147	TAF1D	c16
2.23177300992239e-92	0.323139901937358	0.367	0.168	8.16851239361692e-88	MED4	c16
3.56206631586624e-102	0.322981242636533	0.479	0.238	1.3037518922702e-97	DAP3	c16
5.42216889446101e-46	0.322942311934468	0.181	0.082	1.98456803706167e-41	CGRRF1	c16
4.28096262517233e-37	0.322861789452926	0.086	0.03	1.56687513043933e-32	CDPF1	c16
1.34630085365197e-08	0.32238636431468	0.017	0.006	0.000492759575445158	PGBD4	c16
4.03051238041453e-56	0.322372675733471	0.193	0.082	1.47520783635552e-51	LRRC47	c16
7.56056523214953e-21	0.322135051686196	0.078	0.035	2.76724248061905e-16	LRRC14	c16
1.65336035415918e-54	0.32193588131281	0.114	0.038	6.05146423225803e-50	FAM76B	c16
1.32727005695123e-09	0.321361700442151	0.012	0.003	4.85794113544719e-05	C6orf99	c16
8.6502646221302e-38	0.321148348036991	0.237	0.129	3.16608335434587e-33	ERI3	c16
9.96994976849241e-48	0.320704569877572	0.271	0.143	3.64910131476591e-43	ISCA2	c16
2.51095759830703e-71	0.320305832126973	0.973	0.734	9.19035590556357e-67	ATP5MG	c16
1.10022997282869e-26	0.319311631127108	0.134	0.067	4.02695172355028e-22	DUSP28	c16
9.72656588224053e-85	0.31921748386	0.783	0.484	3.56002037855886e-80	ATP5F1A	c16
1.65558637841439e-94	0.319055593325696	0.33	0.141	6.05961170363452e-90	NARF	c16
1.12434988604796e-12	0.318950570819064	0.056	0.027	4.11523301792413e-08	ZNF814	c16
4.07610576511131e-95	0.318866787412773	0.336	0.144	1.49189547108839e-90	AKIRIN1	c16
9.48629590907034e-28	0.31869511489962	0.04	0.011	3.47207916567883e-23	PM20D2	c16
3.78477164326829e-70	0.318474309959459	0.23	0.096	1.38526426915263e-65	BORCS6	c16
1.43105005835709e-53	0.31833120039119	0.172	0.071	5.23778631859278e-49	TSPAN32	c16
1.07114307498402e-42	0.318246714908796	0.185	0.087	3.92049076874901e-38	TACO1	c16
4.07243589212142e-68	0.318043546622689	0.352	0.178	1.49055226087536e-63	AP1M1	c16
6.51950061944261e-47	0.317991504026072	0.181	0.081	2.38620242172219e-42	MAP3K1	c16
3.97315376040626e-58	0.317898364858886	0.315	0.163	1.4542140078463e-53	RFXANK	c16
5.36468656369809e-14	0.317821084291018	0.034	0.013	1.96352892917914e-09	MAP3K12	c16
2.66407655963966e-34	0.317231911714178	0.073	0.025	9.75078661593713e-30	AC027097.1	c16
1.40935049161783e-83	0.317229586638528	0.296	0.128	5.15836373437042e-79	ACTR1B	c16
1.47477932865813e-90	0.317162886243512	0.49	0.254	5.39783982082161e-86	MAT2B	c16
9.52578669219466e-36	0.316973818483078	0.103	0.041	3.48653318721017e-31	KBTBD3	c16
2.42963003812159e-08	0.316820212036769	0.012	0.003	0.000889268890252883	TGFBR3L	c16
6.74370413837125e-82	0.316809768709209	0.385	0.188	2.46826315168526e-77	GTF2F1	c16
5.785541115788e-30	0.316702444364005	0.228	0.131	2.11756590378957e-25	TAF10	c16
1.22457783468557e-59	0.316686827683548	0.423	0.242	4.48207733273264e-55	UBL7	c16
2.88154908608867e-125	0.31657698744711	0.509	0.237	1.05467578099931e-120	CPNE1	c16
2.2361764052527e-76	0.316576418793989	0.247	0.102	8.18462926086539e-72	FAM98C	c16
3.84517351037749e-61	0.316464438678274	0.201	0.084	1.40737195653326e-56	ZNF91	c16
2.2720096298696e-32	0.315550259865744	0.073	0.025	8.31578244628572e-28	ZSCAN16	c16
1.03234027369644e-109	0.315544369292624	0.268	0.096	3.77846863575635e-105	SNHG15	c16
1.69983519521918e-32	0.315442906142358	0.094	0.037	6.22156679802173e-28	DUS4L	c16
3.60021459883237e-42	0.315414339670129	0.22	0.112	1.31771454531863e-37	ECSIT	c16
1.00173392207727e-37	0.315068443622127	0.183	0.09	3.66644632819501e-33	BBIP1	c16
2.78172400335534e-89	0.314862413519273	0.404	0.197	1.01813880246809e-84	WASHC1	c16
1.45853895471658e-111	0.314594882528745	0.866	0.553	5.33839842815816e-107	SUB1	c16
6.52895811680804e-11	0.314591133502419	0.06	0.031	2.38966396033291e-06	OXSM	c16
3.59475656833373e-101	0.314515738775032	0.683	0.396	1.31571685157583e-96	PPIG	c16
2.75118699181344e-111	0.313931246884217	0.716	0.405	1.00696195087364e-106	RALY	c16
1.11055260875089e-50	0.313824432800188	0.248	0.123	4.06473360328913e-46	WDR18	c16
9.32926037660247e-60	0.313701904718302	0.097	0.028	3.41460259044027e-55	PDK1	c16
2.21780241171708e-91	0.313534187609634	0.396	0.189	8.11737860712568e-87	FNTA	c16
5.56881273234545e-151	0.313478676524001	0.65	0.316	2.03824114816576e-146	RNF167	c16
5.59478461251874e-184	0.313412553105164	0.421	0.136	2.04774711602798e-179	PTPRCAP	c16
1.41659495479596e-129	0.313222104661624	0.628	0.321	5.18487919404871e-125	IK	c16
5.32080288257849e-49	0.313204715642554	0.112	0.039	1.94746706305255e-44	RITA1	c16
3.21512249807956e-43	0.313045564400301	0.29	0.161	1.1767669855221e-38	TPRKB	c16
5.81069011935709e-69	0.312761536012399	0.225	0.093	2.12677069058589e-64	MCM3	c16
1.33650943369107e-102	0.31225282009529	0.349	0.148	4.89175817825268e-98	UBTF	c16
1.27855274527933e-87	0.31210025102014	0.471	0.247	4.67963090299686e-83	PNKD	c16
1.10144270697763e-222	0.312007720816386	0.439	0.137	4.03139045180884e-218	OFD1	c16
1.16771628435531e-76	0.31175566494282	0.407	0.211	4.27395837236888e-72	WBP1	c16
1.30366784642873e-67	0.311384840073082	0.368	0.192	4.77155468471379e-63	FKBP3	c16
1.46752019366383e-08	0.311270449074396	0.011	0.003	0.000537127066082899	KIAA1324L	c16
4.88193536323607e-61	0.311015038964725	0.067	0.015	1.78683716229803e-56	AC092821.3	c16
9.05294343475111e-47	0.310934493304892	0.168	0.074	3.31346782655326e-42	ZNF880	c16
6.87528275713371e-31	0.310875128951229	0.102	0.043	2.51642224193851e-26	SMIM8	c16
1.13370740068932e-74	0.310429684903476	0.296	0.135	4.14948245726297e-70	HARS	c16
1.63967056028352e-98	0.310345998491406	0.734	0.43	6.0013582176937e-94	CHURC1	c16
2.96254473896115e-82	0.310236949687677	0.229	0.088	1.08432099990717e-77	NUP210	c16
1.04947830948439e-15	0.309749075584445	0.025	0.008	3.84119556054383e-11	AC091271.1	c16
8.63839813151706e-145	0.30963559941173	0.65	0.327	3.16174010011656e-140	ATRX	c16
2.28097961460177e-13	0.309553730346957	0.027	0.009	8.34861348740395e-09	ZRANB3	c16
8.32141934195449e-21	0.309485276774195	0.039	0.013	3.04572269334876e-16	ZNF275	c16
4.65506269701826e-71	0.309446216984329	0.247	0.105	1.70379949773565e-66	SAE1	c16
2.33306744954069e-119	0.309032014494006	0.789	0.464	8.53926017206389e-115	SRRM1	c16
4.65758035722602e-98	0.308790609036886	0.192	0.061	1.70472098654829e-93	ZNF276	c16
2.36838924398858e-106	0.308781725711667	0.519	0.262	8.6685414719226e-102	PDAP1	c16
5.82286524511554e-111	0.308688045415467	0.775	0.45	2.13122690836474e-106	EIF5A	c16
3.27645412512167e-109	0.307878184225857	0.413	0.183	1.19921497433578e-104	NASP	c16
3.15976358993849e-76	0.307591297969876	0.53	0.299	1.15650507155339e-71	SH3BP5	c16
7.02567890593238e-27	0.307512589783475	0.023	0.004	2.57146873636031e-22	SLC16A11	c16
9.61680465123687e-32	0.30748457112592	0.084	0.032	3.51984667039921e-27	MARCH8	c16
2.07106387644725e-63	0.307340112758633	0.102	0.029	7.58030089418459e-59	AMMECR1	c16
1.34690302864597e-34	0.307329485893773	0.115	0.048	4.92979977514713e-30	ANKRD26	c16
1.6126907731208e-66	0.307040717827021	0.283	0.132	5.90260949869943e-62	POLD2	c16
1.17077938770794e-118	0.30674573906172	0.726	0.408	4.28516963694984e-114	SHISA5	c16
2.99377886711433e-13	0.306652529108941	0.024	0.008	1.09575300315252e-08	ZNF709	c16
8.38722561884986e-78	0.306095269383235	0.322	0.149	3.06980844875524e-73	RPS6KB2	c16
3.80372152827313e-27	0.305950328621681	0.093	0.04	1.39220011656325e-22	ACSS1	c16
1.54160220903075e-46	0.305809527389346	0.16	0.068	5.64241824527343e-42	PGS1	c16
2.05513837149724e-78	0.305288955535307	0.915	0.615	7.52201195351705e-74	ATP6V1G1	c16
1.3082827536984e-49	0.305276240101342	0.219	0.104	4.78844570681151e-45	TRPT1	c16
2.68308950205325e-50	0.305273362034673	0.164	0.069	9.82037588646511e-46	TMEM161A	c16
2.59481741443994e-134	0.30518356897355	0.33	0.118	9.49729121859164e-130	RASA2	c16
1.43744474107398e-65	0.304693965938123	0.347	0.176	5.26119149680488e-61	SH3BP1	c16
2.55120655410302e-59	0.304642076127952	0.401	0.225	9.33767110867246e-55	ZNF524	c16
2.48525043524158e-88	0.304403809760946	0.56	0.31	9.09626511802771e-84	DGUOK	c16
1.08342050549317e-78	0.304251802526363	0.307	0.139	3.96542739215553e-74	ILKAP	c16
8.39581534372127e-18	0.30421957248755	0.014	0.003	3.07295237395542e-13	CAMK2N1	c16
5.01408658267339e-11	0.304181042326769	0.034	0.014	1.83520583012429e-06	ZNF419	c16
2.1420407138314e-62	0.304138662421312	0.208	0.088	7.84008321669431e-58	TBC1D17	c16
5.45577044285841e-49	0.303976266966525	0.241	0.12	1.99686653979061e-44	HDDC3	c16
4.32308071150167e-82	0.303860694271952	0.413	0.209	1.58229077121673e-77	PPP6C	c16
1.8806644568088e-17	0.303609975368702	0.086	0.043	6.88341997836589e-13	PDF	c16
1.08996612598377e-38	0.302983501651372	0.101	0.038	3.98938501771318e-34	VMAC	c16
2.17717765772101e-92	0.302303159220637	0.102	0.023	7.96868794502468e-88	TRERF1	c16
3.26742419014528e-08	0.302066655594207	0.033	0.016	0.00119590992783507	TMEM143	c16
6.91639510537501e-274	0.302051417567999	0.46	0.125	2.53146977251831e-269	SLC38A1	c16
1.37781230792584e-39	0.301992087228092	0.069	0.021	5.04293082823937e-35	IPP	c16
6.56764349550764e-53	0.300874324644195	0.084	0.024	2.40382319579075e-48	RGS1	c16
1.23294529034754e-31	0.300855209099526	0.051	0.015	4.51270305720103e-27	LINC00957	c16
8.75051324097441e-55	0.300306990980023	0.225	0.104	3.20277535132904e-50	UQCC3	c16
1.00414931609831e-17	0.29996251878398	0.055	0.023	3.67528691185144e-13	ZSCAN25	c16
7.85442652657149e-19	0.299960720581321	0.071	0.032	2.87479865299043e-14	SLC22A5	c16
1.26489013688485e-84	0.299897099940755	0.431	0.218	4.62962439001224e-80	NDUFAF8	c16
1.44000705198179e-27	0.299788346735388	0.069	0.025	5.27056981095854e-23	SKP2	c16
5.88913308000923e-109	0.299701470154832	0.459	0.216	2.15548159861418e-104	TRABD	c16
9.45872098011338e-94	0.299571758786417	0.163	0.048	3.4619864659313e-89	CERK	c16
2.71550952156138e-37	0.299558392967484	0.035	0.007	9.9390363998668e-33	PLCB1	c16
3.40414496765638e-20	0.298954636078391	0.083	0.038	1.24595109961191e-15	C11orf68	c16
3.26217013243963e-32	0.298676773448669	0.11	0.047	1.19398689017423e-27	MTRR	c16
1.31079321174076e-106	0.298593420422513	0.326	0.132	4.79763423429236e-102	KLHDC2	c16
5.68913754846422e-112	0.297619709563982	0.742	0.432	2.08228123411339e-107	HLA-F	c16
9.40671671838251e-110	0.297567799927515	0.219	0.07	3.44295238609518e-105	RINL	c16
3.45866398174112e-90	0.297476148643219	0.104	0.023	1.26590560395707e-85	MTSS1	c16
1.22960166606275e-55	0.297340419315953	0.267	0.131	4.50046505795627e-51	ELOF1	c16
1.07378668400852e-68	0.297319446756398	0.269	0.121	3.93016664213957e-64	LINC00667	c16
6.79549431849664e-107	0.297261977209554	0.992	0.83	2.48721887551295e-102	H3F3B	c16
1.44934491003374e-22	0.297229270315523	0.03	0.008	5.30474730521449e-18	TRAF4	c16
9.95982913261158e-48	0.296984890000469	0.137	0.054	3.64539706082716e-43	PDCD7	c16
5.78918122817576e-16	0.295902071128438	0.049	0.02	2.11889822132461e-11	AC087741.1	c16
3.35996852643714e-80	0.29581097041532	0.831	0.528	1.22978208036126e-75	ARL6IP4	c16
2.76170479250029e-52	0.295339802373759	0.306	0.162	1.01081157110303e-47	PYM1	c16
9.99615830015545e-98	0.29525898030568	0.455	0.224	3.6586938994399e-93	DENND2D	c16
5.96320599709108e-75	0.295157303631247	0.374	0.189	2.18259302699531e-70	BCCIP	c16
3.8384206370144e-24	0.294938831736172	0.131	0.068	1.40490033735364e-19	CYB561A3	c16
2.18359279928104e-21	0.294401535869329	0.075	0.032	7.99216800464853e-17	TARBP1	c16
7.76294033947877e-07	0.29423156680033	0.014	0.005	0.0284131379365262	RASA4B	c16
5.27981618796796e-87	0.29411790753578	0.926	0.628	1.93246552295815e-82	SSR4	c16
2.77741540795602e-15	0.294045732807168	0.014	0.003	1.01656181346598e-10	KDM7A-DT	c16
1.79419950268259e-24	0.29374722496055	0.159	0.087	6.56694959976853e-20	TRUB2	c16
1.02058248393014e-83	0.293731365623493	1	0.954	3.73543394943269e-79	TMSB10	c16
1.02432131422951e-21	0.293658094609102	0.073	0.031	3.74911844221143e-17	OSGEPL1	c16
9.67166716202482e-26	0.293618827586941	0.023	0.004	3.5399268979727e-21	TRGV5P	c16
5.84117215942617e-71	0.29357472647246	0.479	0.267	2.13792742207157e-66	NECAP2	c16
3.03089609481547e-113	0.29346107690618	0.571	0.292	1.10933827966341e-108	SP110	c16
1.00215684325697e-110	0.293358961406425	0.636	0.346	3.66799426200484e-106	SYF2	c16
7.93816627702828e-27	0.293030883524244	0.102	0.046	2.90544823905512e-22	FBXO4	c16
1.01347661498171e-30	0.293005963024862	0.166	0.085	3.70942575849456e-26	SNX15	c16
1.1044875759595e-06	0.292174806286401	0.01	0.003	0.0404253497676937	AC007686.3	c16
1.42379817249903e-14	0.29145607244998	0.041	0.016	5.21124369116369e-10	AC019163.1	c16
1.26140714043985e-39	0.291233600472695	0.152	0.068	4.61687627472391e-35	PLEKHA3	c16
3.78889548910826e-104	0.290906532358857	0.634	0.346	1.38677363796851e-99	SRSF3	c16
1.85141166974426e-92	0.290864411242921	0.484	0.25	6.77635185243095e-88	THOC7	c16
3.03413660310585e-47	0.290796273559506	0.164	0.07	1.11052433810277e-42	L3MBTL2	c16
4.16574911628222e-71	0.290792471916561	0.202	0.078	1.52470583405045e-66	DNAAF2	c16
8.09059428577708e-67	0.290357669128302	0.196	0.077	2.96123841453727e-62	GRAMD1A	c16
2.52651310185078e-13	0.290325417098739	0.062	0.03	9.24729060408405e-09	EEF1AKMT1	c16
7.91777679243656e-12	0.290261097286638	0.011	0.002	2.89798548379971e-07	CASTOR3	c16
8.62084046930864e-60	0.290033604600739	0.26	0.123	3.15531382017165e-55	CWC27	c16
2.84269965961562e-16	0.290014962661489	0.076	0.037	1.04045650241591e-11	TMEM99	c16
4.28227690911638e-08	0.289855488237079	0.031	0.014	0.00156735617150569	TRIM32	c16
6.90170615188971e-47	0.289707116958701	0.152	0.063	2.52609346865315e-42	RBM43	c16
3.33864694740227e-09	0.289686162685244	0.017	0.006	0.00012219781692187	ATP2A1-AS1	c16
1.56064169475209e-87	0.289598521812663	0.877	0.576	5.71210466696214e-83	TRIR	c16
8.77918679378068e-11	0.289335248797088	0.014	0.004	3.21327015839167e-06	AC009403.2	c16
7.60834416447156e-159	0.28915498454899	0.191	0.044	2.78473004763824e-154	PDE4D	c16
2.26834509027176e-166	0.289030278446249	0.835	0.446	8.30236986490366e-162	STK4	c16
3.03041099779535e-32	0.288846770729039	0.032	0.007	1.10916072930308e-27	MYEF2	c16
5.08528184980245e-103	0.288798430971719	0.634	0.35	1.8612640098462e-98	CCT7	c16
1.29971974372473e-17	0.287968708018345	0.036	0.012	4.75710423400687e-13	ZNF519	c16
3.53836251692863e-56	0.287883167470918	0.104	0.032	1.29507606482105e-51	LRMP	c16
3.59139415245809e-38	0.287829720407635	0.208	0.107	1.31448617374119e-33	HAUS1	c16
8.77722309237739e-114	0.287794134960958	0.546	0.271	3.21255142404105e-109	CD82	c16
9.26599801732654e-91	0.287787979742786	0.392	0.186	3.39144793432169e-86	INTS11	c16
1.73300238586646e-19	0.287732766669095	0.113	0.06	6.34296203250981e-15	UTP4	c16
2.55268215333721e-17	0.287602837985336	0.076	0.036	9.34307194942953e-13	C2orf76	c16
8.82241380267154e-57	0.287354195402581	0.337	0.18	3.22909167591581e-52	ATIC	c16
2.6406677753527e-58	0.28726644422136	0.186	0.077	9.66510812456843e-54	TECPR1	c16
5.16751802017914e-11	0.28688443282635	0.013	0.003	1.89136327056577e-06	PSMA8	c16
4.8427385605414e-110	0.286831264767008	0.74	0.423	1.77249074054376e-105	TECR	c16
5.82241243315917e-14	0.286665793981296	0.134	0.083	2.13106117466059e-09	ZBED5-AS1	c16
4.88989933028342e-30	0.286134458541134	0.096	0.04	1.78975205387703e-25	PER1	c16
4.17662507267927e-41	0.286094005183079	0.351	0.211	1.52868654285134e-36	ADI1	c16
2.03764249046837e-78	0.28509722388527	0.521	0.29	7.45797527936329e-74	PSMB4	c16
1.34501856948388e-41	0.284487718116555	0.168	0.077	4.92290246616793e-37	HIRIP3	c16
1.17713954386569e-81	0.284079432061249	0.29	0.126	4.30844844450283e-77	NSUN5	c16
1.09592984848701e-100	0.283693055331028	0.304	0.12	4.01121283844729e-96	ERG28	c16
8.96513379321881e-249	0.283534027357932	0.413	0.114	3.28132861965602e-244	RNF125	c16
1.33693744153984e-27	0.283495190290531	0.107	0.048	4.89332472977996e-23	TUT1	c16
1.47695690568096e-31	0.283200760198223	0.107	0.046	5.40580997048289e-27	NBPF12	c16
1.21851207521571e-31	0.28308041520929	0.198	0.107	4.45987604649702e-27	TRIM69	c16
2.90978807041808e-87	0.282964560231005	0.787	0.484	1.06501153165372e-82	ATP5IF1	c16
5.20601109259416e-116	0.282724178455534	0.371	0.153	1.90545212000039e-111	SP140L	c16
1.3525958065225e-79	0.282683701061928	0.319	0.145	4.95063591145301e-75	NT5C3A	c16
8.58281976556416e-75	0.282637898729223	0.444	0.24	3.14139786239414e-70	PYCR2	c16
2.44906612755252e-80	0.282311907072959	0.326	0.15	8.96382693345496e-76	MRPS30	c16
7.67614070809966e-135	0.282009227959524	0.439	0.182	2.80954426057156e-130	CCDC167	c16
1.30839134706712e-46	0.281940885338618	0.182	0.082	4.78884316940036e-42	KLHL36	c16
7.27075348046049e-21	0.28189025887586	0.13	0.07	2.66116848138334e-16	PECR	c16
6.53917538035285e-35	0.281543120326476	0.221	0.121	2.39340358096295e-30	GFER	c16
2.01719422578068e-36	0.281454109660381	0.277	0.16	7.38313258577988e-32	SMIM20	c16
6.68026802217435e-24	0.281150983798357	0.152	0.082	2.44504489879604e-19	NINJ2	c16
1.20267711211559e-85	0.280959069931228	0.487	0.258	4.40191849805425e-81	MFF	c16
8.85080024870651e-88	0.280856314585052	0.721	0.438	3.23948139902907e-83	RWDD1	c16
1.03104010186549e-85	0.28076760233335	0.911	0.621	3.7737098768379e-81	CAPZB	c16
2.69412575695405e-10	0.28075509263684	0.042	0.02	9.86076968302753e-06	ZNF599	c16
2.28111047900685e-28	0.280731270208708	0.034	0.008	8.34909246421296e-24	AMPD3	c16
5.52680671426695e-57	0.280667149957615	0.453	0.267	2.02286652548885e-52	CMTM7	c16
5.39201994888728e-08	0.280415852234396	0.016	0.005	0.00197353322149223	AC073195.1	c16
1.2748784646448e-121	0.280245480376131	0.128	0.027	4.66618266844643e-117	SLC9A9	c16
6.8459673754297e-26	0.279914748372842	0.093	0.04	2.50569251908102e-21	RECK	c16
3.18574940298165e-70	0.279901684539255	0.328	0.159	1.16601613898532e-65	SSRP1	c16
5.99744842060671e-102	0.279546917198521	0.572	0.304	2.19512609642626e-97	ZNF428	c16
1.65144902562555e-46	0.279478937692958	0.215	0.104	6.04446857869208e-42	AARSD1	c16
1.85054190373148e-16	0.279052294363492	0.024	0.007	6.77316842184759e-12	ZNF337-AS1	c16
8.57574313472144e-66	0.27888085436248	0.247	0.109	3.1388077447394e-61	OARD1	c16
3.41225528198769e-42	0.278826012852164	0.151	0.065	1.24891955576032e-37	NNT-AS1	c16
5.85781131572576e-14	0.278781970901721	0.067	0.033	2.14401751966879e-09	PDCD2L	c16
2.96491562779935e-117	0.278611710013843	0.127	0.028	1.08518876893084e-112	MMP25-AS1	c16
4.63946448278149e-13	0.278364472068976	0.052	0.024	1.69809039534285e-08	PSTK	c16
3.75168696627508e-66	0.278044780575831	0.391	0.209	1.37315494652634e-61	MRPL21	c16
1.44789981674259e-10	0.277731817639848	0.02	0.007	5.29945811925957e-06	MTURN	c16
1.85320598112313e-50	0.277663454241408	0.286	0.15	6.78291921150876e-46	BAD	c16
3.84368002067504e-38	0.27707802570624	0.072	0.023	1.40682532436727e-33	HSF2	c16
3.85910805176073e-106	0.276707702750089	0.485	0.236	1.41247213802494e-101	SFPQ	c16
7.60582957227304e-13	0.276617375145709	0.014	0.003	2.78380968174766e-08	AC239799.2	c16
1.17333357349305e-39	0.276468065693821	0.175	0.083	4.29451821234191e-35	ABCF2	c16
1.54709930222483e-58	0.276421369192924	0.291	0.146	5.66253815607312e-54	UROS	c16
1.06373343772073e-102	0.276335011226835	0.202	0.064	3.89337075540164e-98	ZBTB24	c16
1.04768083131308e-07	0.276203225528914	0.014	0.005	0.00383461661068902	SLC25A5-AS1	c16
3.42268829782115e-31	0.27599671402142	0.112	0.048	1.25273814388552e-26	ATG10	c16
2.28423850486349e-21	0.275953976186608	0.091	0.043	8.36054135165086e-17	COG8	c16
7.27515074610194e-129	0.2755241788127	0.705	0.378	2.66277792458077e-124	ELF1	c16
2.02863173487333e-93	0.275418906031166	0.288	0.116	7.42499501280988e-89	SUPT20H	c16
5.34719441602875e-73	0.275326003474183	0.414	0.218	1.95712662821068e-68	OLA1	c16
2.56052327921369e-19	0.275302457052039	0.025	0.006	9.37177125425004e-15	LINC00528	c16
1.16079037512944e-74	0.2752408081336	0.632	0.372	4.24860885201127e-70	IFITM3	c16
8.60941447011265e-39	0.275160191676404	0.038	0.008	3.15113179020593e-34	PYROXD2	c16
2.48870391786391e-39	0.275101455352339	0.078	0.025	9.10890520977371e-35	DIPK1A	c16
1.47719976149535e-285	0.274905939631191	0.431	0.11	5.40669884704913e-281	ITK	c16
7.22296971863869e-102	0.274850865602444	0.346	0.144	2.64367914671895e-97	ELOVL5	c16
8.05453880231479e-77	0.274800175800791	0.145	0.045	2.94804174703524e-72	NFKB2	c16
5.98836566421222e-96	0.27463997680558	0.188	0.059	2.19180171675831e-91	TNFRSF10A	c16
2.34987319807974e-20	0.274008081849085	0.036	0.011	8.60077089229165e-16	C3orf18	c16
1.23967633999394e-29	0.273877453964807	0.152	0.076	4.53733937201183e-25	ANKRD13A	c16
5.88592139659162e-88	0.273593287214973	0.148	0.043	2.1543060903665e-83	JADE1	c16
2.37858268059654e-10	0.27350223103616	0.025	0.01	8.70585046925141e-06	SEMA4F	c16
1.04402808661292e-09	0.273434139141042	0.03	0.013	3.82124719981193e-05	ZNF202	c16
1.00669102972575e-12	0.273066257774631	0.029	0.011	3.68458983789921e-08	FAM161A	c16
6.54113857220969e-19	0.272872990700782	0.039	0.013	2.39412212881447e-14	SHLD3	c16
4.67124641877372e-97	0.272810029571707	0.22	0.076	1.70972290173537e-92	XPO4	c16
2.07381290799554e-123	0.272583641373683	0.524	0.248	7.59036262455449e-119	DNMT1	c16
6.24052735966663e-141	0.272295995656533	0.161	0.036	2.28409541891158e-136	RAD51-AS1	c16
1.60759098205904e-144	0.272215674063163	0.525	0.23	5.88394375343431e-140	BTN3A2	c16
7.24929955190968e-68	0.272110148728345	0.518	0.301	2.65331612899446e-63	TMEM256	c16
3.94223684852553e-58	0.271350549796562	0.269	0.13	1.44289810892883e-53	INPP5K	c16
6.99468229060238e-88	0.271264107361446	0.442	0.224	2.56012366518338e-83	RNASEH2B	c16
1.23889419493206e-35	0.271216317831889	0.106	0.042	4.53447664287082e-31	FRMD8	c16
1.60010563809208e-12	0.271206653894316	0.062	0.031	5.85654664598083e-08	RAB43	c16
4.38023984354238e-90	0.271022270140417	0.182	0.059	1.60321158513495e-85	AKTIP	c16
5.6784103320163e-140	0.270849528628448	0.777	0.422	2.07835496562129e-135	PRMT2	c16
5.30213973264557e-17	0.27071836003027	0.026	0.008	1.94063616354561e-12	PLAG1	c16
4.919351409385e-10	0.270633257473975	0.028	0.012	1.800531809349e-05	DCBLD1	c16
3.19795980988364e-27	0.270577054936799	0.053	0.017	1.17048527001551e-22	RALGPS2	c16
2.86762289828675e-09	0.270441617502827	0.029	0.012	0.000104957865700193	CREB3L4	c16
2.46812131334731e-20	0.270398641719409	0.074	0.033	9.0335708189825e-16	CLYBL	c16
2.93816591268145e-35	0.270396703315859	0.041	0.01	1.07539810570054e-30	EPHA1	c16
6.12575954710944e-36	0.269963619844523	0.142	0.065	2.24208925183753e-31	BOP1	c16
2.14862173981217e-34	0.269403551872656	0.137	0.062	7.86417042988651e-30	ALKBH4	c16
9.3324641447949e-73	0.269085372677328	0.233	0.096	3.41577520163638e-68	MX2	c16
1.15776709600725e-71	0.268215286244684	0.31	0.146	4.23754334809614e-67	EXOSC8	c16
1.55596550084755e-23	0.268188496899627	0.039	0.012	5.69498932965213e-19	AL022157.1	c16
3.87347186874322e-85	0.268093696844289	0.504	0.271	1.41772943867871e-80	KHDRBS1	c16
3.93474474674805e-62	0.26771886978459	0.156	0.057	1.44015592475725e-57	HIST1H2AC	c16
1.58563371528779e-43	0.267169720635468	0.168	0.076	5.80357796132484e-39	TBP	c16
1.12200245446358e-11	0.267133114860984	0.083	0.047	4.10664118358216e-07	REPIN1	c16
5.00907618924869e-37	0.267025727618878	0.097	0.037	1.83337197602691e-32	TUBGCP6	c16
3.80250882885565e-73	0.266631093174131	0.901	0.654	1.39175625644946e-68	DDX5	c16
1.12599400011351e-20	0.26634496757241	0.063	0.026	4.12125063981547e-16	EPOR	c16
6.57825481189078e-62	0.266184736654902	0.203	0.085	2.40770704370015e-57	RPRD2	c16
2.46940208769328e-45	0.265751426640017	0.21	0.101	9.03825858116619e-41	RHNO1	c16
2.13551227304317e-19	0.265674610821947	0.101	0.051	7.81618847056532e-15	ELK1	c16
2.10826513303924e-38	0.264955680959081	0.201	0.103	7.71646121343691e-34	UXS1	c16
1.01798527805219e-35	0.264548574864371	0.098	0.038	3.7259279161988e-31	DTD2	c16
7.87649253577135e-13	0.26444275672097	0.034	0.013	2.88287503301767e-08	ZNF345	c16
1.44590862137517e-60	0.264262213394045	0.212	0.091	5.29217014509525e-56	UBQLN2	c16
2.90799026266177e-89	0.264127980109776	0.519	0.278	1.06435351603683e-84	ACP1	c16
4.53885314367829e-11	0.263621998891346	0.051	0.025	1.66126563911769e-06	SH3GLB2	c16
1.06416070458945e-74	0.263426245968684	0.092	0.022	3.89493459486786e-70	CCR4	c16
2.20636144945572e-73	0.263148540207534	0.198	0.075	8.07550354115287e-69	SNHG17	c16
2.19921278656593e-16	0.262439405593869	0.097	0.051	8.04933872010995e-12	MTHFD2L	c16
3.43852241885108e-240	0.262390390053699	0.533	0.166	1.25853359052368e-235	CD6	c16
1.64945892760472e-66	0.262164321034787	0.26	0.117	6.03718462092603e-62	TP53I13	c16
6.89651762081416e-50	0.26212801006013	0.279	0.145	2.52419441439419e-45	PTDSS1	c16
2.59265470637207e-23	0.262093283945084	0.029	0.007	9.48937549079243e-19	SSSCA1-AS1	c16
1.62569423200872e-80	0.262015571998952	0.203	0.074	5.95020345857513e-76	AKAP8L	c16
2.56169926645387e-37	0.261972414941634	0.075	0.024	9.37607548514782e-33	KIAA1328	c16
1.30348555058933e-16	0.261886834664576	0.017	0.004	4.770887463712e-12	NLGN4Y	c16
6.67502258438198e-39	0.261443086396495	0.234	0.125	2.44312501610965e-34	TRMT1	c16
2.6628536607971e-102	0.26140565318026	0.383	0.169	9.74631068388347e-98	GADD45B	c16
8.96402672320465e-20	0.261163045940836	0.026	0.007	3.28092342096013e-15	AC105339.6	c16
1.67658260380749e-15	0.261096736586702	0.054	0.024	6.13645998819581e-11	C14orf93	c16
1.81637638200653e-11	0.261007416371292	0.013	0.003	6.64811919578209e-07	AC011450.1	c16
2.55750349150778e-85	0.260917607187148	0.501	0.269	9.36071852926761e-81	MRFAP1	c16
6.33588477121795e-94	0.260883380777972	0.313	0.131	2.31899718511348e-89	EBLN3P	c16
1.02280140913169e-86	0.26075145069415	0.866	0.565	3.74355543756289e-82	KRTCAP2	c16
1.72512938071423e-35	0.260475593326353	0.124	0.053	6.31414604635216e-31	WDR83	c16
3.29053376535552e-28	0.260380370308264	0.14	0.07	1.20436826345777e-23	METTL21A	c16
7.91798013644348e-09	0.260190133269055	0.025	0.01	0.000289805990973968	NRL	c16
5.28421315027598e-105	0.260004982580449	0.233	0.079	1.93407485513251e-100	GIMAP6	c16
7.07504603667244e-90	0.259975398333633	0.356	0.161	2.58953759988248e-85	U2AF2	c16
3.12778537466594e-78	0.259924660366171	0.442	0.235	1.14480072498148e-73	MRPL38	c16
7.19469178024912e-19	0.259554546320782	0.018	0.004	2.63332913848898e-14	NEO1	c16
1.10758216846676e-121	0.258994045063125	0.432	0.185	4.05386149480519e-117	ANP32E	c16
1.68409609043182e-90	0.258896284154925	0.52	0.277	6.16396010058952e-86	RBCK1	c16
8.70108593204892e-87	0.25859670708909	0.214	0.077	3.18468446198922e-82	CENPT	c16
1.37234184777053e-38	0.258484841309974	0.123	0.051	5.02290839702491e-34	C7orf26	c16
2.23689668826115e-72	0.258405974827649	0.521	0.296	8.18726556870464e-68	PPP2R1A	c16
6.5292265328208e-108	0.258270526367173	0.734	0.422	2.38976220327774e-103	TCEA1	c16
1.53563568705308e-70	0.257844028188664	0.892	0.587	5.62058017818299e-66	HIGD2A	c16
1.34937480356476e-09	0.257483776290446	0.046	0.023	4.93884671852737e-05	TUBG2	c16
3.2324003272822e-07	0.257347694790339	0.043	0.024	0.0118309084378856	EPS8	c16
7.48853385733126e-103	0.257230559402546	0.344	0.145	2.74087827712181e-98	USP1	c16
1.53725395249898e-108	0.25717661569453	0.388	0.167	5.62650319154152e-104	MRFAP1L1	c16
8.86716444347686e-38	0.256923259640077	0.191	0.095	3.24547085795697e-33	TPGS1	c16
4.58213300229772e-29	0.256414821745297	0.124	0.058	1.67710650017099e-24	ESYT2	c16
8.98729524411502e-23	0.256392044471436	0.097	0.045	3.28943993229854e-18	NCAPD2	c16
1.11189697317242e-108	0.256385736312154	0.348	0.141	4.06965411150836e-104	CMTM3	c16
4.95756120691002e-21	0.255875258488515	0.045	0.016	1.81451697734114e-16	AL136419.3	c16
2.85361998213245e-31	0.255762380285662	0.089	0.035	1.0444534496603e-26	HERC6	c16
1.30718556717013e-26	0.255514860823163	0.043	0.013	4.78442989439939e-22	CAPS	c16
1.2623118796147e-86	0.2554058866503	0.606	0.344	4.62018771057775e-82	PDCD5	c16
6.92692425771025e-85	0.255239981152731	0.663	0.387	2.53532354756453e-80	MRPS34	c16
1.60859004014858e-62	0.255156858121641	0.134	0.045	5.88760040594782e-58	MAPK8IP3	c16
1.29512526020224e-27	0.255099415166314	0.071	0.026	4.7402879648662e-23	CBX7	c16
2.83611538685241e-16	0.255081210667005	0.078	0.038	1.03804659274185e-11	NOL4L	c16
1.07414835393425e-86	0.254899500156634	0.656	0.379	3.93149039023474e-82	PSMD4	c16
1.75860023989195e-56	0.254684853033934	0.266	0.129	6.43665273802854e-52	ZRSR2	c16
6.11461070085972e-38	0.25457917718139	0.102	0.039	2.23800866262167e-33	NHEJ1	c16
5.84715827638931e-53	0.254535002814761	0.334	0.182	2.14011840074125e-48	UBE2V2	c16
5.61050459693305e-59	0.254050264085964	0.275	0.133	2.05350078752346e-54	CHRAC1	c16
4.5980252166524e-77	0.253997704388042	0.131	0.038	1.68292320954694e-72	USP20	c16
9.07347135581159e-76	0.253874968825968	0.558	0.321	3.3209812509406e-71	HAX1	c16
2.91086571331824e-61	0.25323705820974	0.352	0.185	1.06540595973161e-56	IDH3B	c16
3.49831553484125e-34	0.253012731085171	0.123	0.054	1.28041846890725e-29	CTDP1	c16
1.54353803826731e-62	0.252817873291382	0.401	0.221	5.64950357386218e-58	SMARCB1	c16
1.63188154623875e-36	0.252765730489084	0.157	0.073	5.97284964738845e-32	HDHD3	c16
9.51938950413382e-80	0.252750745825974	0.396	0.196	3.48419175240802e-75	RBMX	c16
8.63008544006996e-08	0.25266446701229	0.016	0.006	0.00315869757192001	ZSCAN12	c16
2.73550671015478e-16	0.252185737428178	0.014	0.003	1.00122281098375e-11	AC005070.3	c16
2.77693221408669e-44	0.252159348160549	0.122	0.047	1.01638495967787e-39	OGG1	c16
8.37391805121001e-57	0.251974638035393	0.212	0.094	3.06493774592338e-52	GNL3	c16
3.50289887639663e-76	0.251465168473555	0.414	0.213	1.28209601774993e-71	CDC26	c16
5.99838946163082e-19	0.251443480968796	0.113	0.061	2.1954705268515e-14	HDAC10	c16
2.13985255998775e-27	0.250641053424992	0.054	0.018	7.83207435481117e-23	L3MBTL3	c16
2.80050263582554e-34	0.250526590534027	0.149	0.07	1.0250119697385e-29	TRAK2	c16
3.30131565524435e-26	0.250353446823555	0.214	0.126	1.20831454297598e-21	PSMG3	c16
2.27952636188117e-115	0.250023371550283	0.701	0.392	8.34329443712125e-111	TPR	c16
1.80830488702574e-22	0.249966335145922	0.114	0.057	6.6185767170029e-18	CRTC2	c16
3.36522245005479e-31	0.249431508714845	0.086	0.033	1.23170506894455e-26	NOP14-AS1	c16
9.24151991508735e-62	0.248868709414765	0.373	0.202	3.38248870412112e-57	MRPS26	c16
3.92478787458209e-86	0.248376124300461	0.389	0.189	1.43651160997579e-81	TFAM	c16
2.38543751588362e-78	0.248271924096707	0.519	0.289	8.73093985188564e-74	NONO	c16
6.68629522847933e-18	0.248086792766229	0.074	0.035	2.44725091657572e-13	VNN2	c16
2.96244172583104e-76	0.247678173094452	0.091	0.021	1.08428329607142e-71	LAX1	c16
5.87307904070517e-13	0.247655468121865	0.052	0.024	2.1496056596885e-08	AC016065.1	c16
1.61662946929834e-36	0.247504713220905	0.159	0.075	5.91702552057885e-32	BRD8	c16
1.57584805381804e-36	0.24713078224563	0.117	0.049	5.76776146177942e-32	AKAP8	c16
2.91868284691749e-81	0.247046840767196	0.584	0.331	1.06826710880027e-76	SMIM26	c16
1.51077020750255e-23	0.246670166890333	0.064	0.025	5.52957003648007e-19	WDR89	c16
9.08557382315784e-38	0.246562481911547	0.148	0.067	3.325410875014e-33	MAPK13	c16
6.65567080784525e-65	0.246537036692704	0.329	0.165	2.43604207237944e-60	GORASP2	c16
2.67044663179492e-124	0.246196392779409	0.382	0.153	9.7741017170326e-120	PPM1K	c16
1.5139540860023e-19	0.245847905523638	0.088	0.042	5.54122335017701e-15	FBH1	c16
3.03566304622273e-66	0.245598131228892	0.237	0.102	1.11108303154798e-61	MTF2	c16
9.79209177673692e-61	0.245113401782676	0.796	0.507	3.58400351120348e-56	ST13	c16
8.58681576630659e-16	0.245077443155929	0.062	0.028	3.14286043862587e-11	PHF10	c16
5.0079858794596e-90	0.244952513666692	0.513	0.272	1.83297291174101e-85	TMEM243	c16
8.52407621725853e-58	0.2446908347762	0.337	0.178	3.11989713627879e-53	BORCS7	c16
6.33701646567194e-33	0.244674046275316	0.075	0.027	2.31941139660059e-28	ZNF569	c16
8.86846207245516e-83	0.244670789203104	0.685	0.415	3.24594580313931e-78	FKBP8	c16
1.425162723194e-09	0.244659620255034	0.028	0.012	5.21623808316238e-05	CCDC102B	c16
2.31859219979749e-17	0.244509936576319	0.053	0.022	8.48627931047878e-13	RAB33B	c16
3.68814852347662e-92	0.244402699644003	0.113	0.027	1.34989924107768e-87	DGKE	c16
1.20736792031626e-44	0.244161383169275	0.22	0.11	4.41908732514953e-40	YEATS4	c16
6.99577158133957e-92	0.244148242064115	0.358	0.161	2.5605223564861e-87	KRR1	c16
3.08865528890979e-23	0.244048545513401	0.172	0.099	1.13047872229387e-18	ERAL1	c16
1.07551797275814e-19	0.243900043967047	0.024	0.006	3.93650333209206e-15	AC019205.1	c16
2.30884727177243e-07	0.243729911928531	0.012	0.004	0.00845061189941427	GPR82	c16
2.53149319579356e-28	0.243478675402664	0.127	0.06	9.26551824592401e-24	AKT3	c16
1.58006479713405e-10	0.243015196811176	0.017	0.005	5.78319516399035e-06	AC083880.1	c16
4.10299758748178e-85	0.242958106368902	0.149	0.044	1.50173814699421e-80	VCPKMT	c16
1.17689988583169e-123	0.242880079521337	0.387	0.156	4.30757127213256e-119	TMPO	c16
1.4363605732178e-81	0.242733454435775	0.384	0.19	5.25722333403446e-77	CCS	c16
8.22782012879364e-57	0.242704005927233	0.138	0.049	3.01146444533976e-52	ATXN7L1	c16
3.63475517621958e-34	0.242597440132895	0.123	0.053	1.33035674204813e-29	RASSF3	c16
6.1228664143003e-125	0.242232696103743	0.528	0.249	2.24103033629805e-120	MRPS6	c16
2.32164743883533e-58	0.242203383800102	0.204	0.087	8.4974617908812e-54	PRR14	c16
6.16902709916652e-16	0.241888318310179	0.035	0.013	2.25792560856594e-11	C2orf27A	c16
1.55223132444052e-80	0.241767247201415	0.557	0.312	5.68132187058475e-76	CCT2	c16
1.48146850638952e-59	0.241661753757591	0.163	0.062	5.42232288023627e-55	ZNF75A	c16
5.54742286407251e-88	0.241618363275957	0.3	0.127	2.03041224247918e-83	MRPL10	c16
2.0741015761459e-88	0.241594318148605	0.451	0.226	7.5914191788516e-84	SF3A1	c16
4.97399634900662e-52	0.241586566235929	0.141	0.054	1.82053240369991e-47	TRMT10B	c16
2.55999878058272e-72	0.241536248688687	0.325	0.156	9.36985153681082e-68	ZGPAT	c16
1.59288299268463e-45	0.241434149921815	0.147	0.061	5.83011104152501e-41	NELFA	c16
1.92785274702556e-57	0.241099922798918	0.241	0.112	7.05613383938827e-53	EHMT2	c16
1.84187278479243e-128	0.240838837842386	0.583	0.284	6.74143857961877e-124	MEAF6	c16
2.65592994777642e-07	0.240385597759764	0.017	0.006	0.00972096920185648	ZDHHC14	c16
4.17062250123259e-74	0.240304787103275	0.694	0.424	1.52648954167614e-69	UQCRFS1	c16
1.85007054008575e-45	0.240246832362796	0.186	0.086	6.77144318376784e-41	DUS3L	c16
2.18388984634485e-121	0.239443154839216	0.448	0.195	7.99325522660677e-117	ARHGAP4	c16
2.101961595748e-37	0.23936521669938	0.108	0.042	7.69338963659726e-33	ZNF544	c16
3.01038068261502e-128	0.239268848126191	0.49	0.217	1.10182943364392e-123	NAP1L4	c16
7.98793538804687e-85	0.238748227779655	0.346	0.159	2.92366423137903e-80	TCERG1	c16
1.63905746957961e-63	0.23874593511886	0.305	0.15	5.99911424440834e-59	VPS72	c16
6.57811056839066e-28	0.238711167277433	0.115	0.053	2.40765424913666e-23	MAP2K5	c16
6.71712530620491e-45	0.238670781472633	0.284	0.153	2.45853503332406e-40	KLHDC3	c16
7.14250438979922e-42	0.238585156982594	0.094	0.032	2.61422803171041e-37	RAD9A	c16
4.36828091688199e-65	0.238388142936314	0.145	0.049	1.59883449838798e-60	DLGAP1-AS1	c16
3.90655120830755e-82	0.238283991233807	0.302	0.133	1.42983680775265e-77	TGS1	c16
4.35281560814594e-07	0.238232781729842	0.013	0.004	0.015931740407375	ZNF653	c16
1.17521178805527e-104	0.238028824710036	0.326	0.132	4.3013926654611e-100	TRA2A	c16
1.85792364860611e-50	0.237899104858971	0.156	0.063	6.80018634626324e-46	TPD52	c16
2.61924294354876e-08	0.237338411846742	0.043	0.022	0.00095866910976828	IGSF22	c16
1.00987503570934e-14	0.237072208701986	0.029	0.01	3.69624361819977e-10	IRAK1BP1	c16
2.40026808727769e-44	0.236655249734115	0.145	0.06	8.78522122624508e-40	C19orf12	c16
5.7515925456871e-54	0.236622277528594	0.114	0.038	2.10514038764694e-49	NPHP3	c16
1.66048058057745e-145	0.236497845480241	0.572	0.246	6.07752497297153e-141	HIST1H1E	c16
8.51407411223112e-75	0.236332357197957	0.797	0.501	3.11623626581771e-70	TRAPPC1	c16
1.27363342952029e-86	0.236315535757115	0.612	0.347	4.6616257153872e-82	METTL26	c16
8.92249978512268e-59	0.235900691432187	0.248	0.115	3.26572414635275e-54	EIF2B1	c16
1.05645315710586e-17	0.235674298862813	0.032	0.01	3.86672420032315e-13	PHOSPHO2	c16
2.79773566959296e-28	0.235650552278718	0.1	0.043	1.02399923242772e-23	NRM	c16
3.59172243500869e-58	0.23564315957673	0.383	0.211	1.31460632843753e-53	EIF2A	c16
2.61695095866608e-122	0.235426007637591	0.572	0.284	9.57830220381373e-118	RSF1	c16
6.03564911898299e-92	0.234925000736118	0.254	0.096	2.20910793403896e-87	USP36	c16
6.1148045829418e-87	0.234373517241898	0.489	0.257	2.23807962540253e-82	CYBC1	c16
1.80028291168837e-85	0.234264538955958	0.416	0.207	6.5892154850706e-81	NAAA	c16
6.39268075815527e-71	0.234046196871618	0.23	0.095	2.33978508429241e-66	ZC3H6	c16
6.19913217907942e-75	0.234014887875227	0.245	0.102	2.26894436886486e-70	COIL	c16
1.30945296411588e-93	0.233814426666929	0.412	0.196	4.79272879396053e-89	CNOT2	c16
1.70414849083508e-27	0.233795413263447	0.115	0.053	6.23735389130548e-23	RAVER1	c16
4.58909497267212e-27	0.233598246174315	0.098	0.043	1.67965465094772e-22	PDP1	c16
5.65395924294533e-88	0.233504557874195	0.619	0.347	2.06940562251042e-83	SRP9	c16
7.30598669516566e-94	0.233025095387661	0.953	0.626	2.67406419029758e-89	LSP1	c16
3.964958593197e-112	0.232825556742024	0.606	0.311	1.45121449469603e-107	OPTN	c16
1.83978905219585e-85	0.232727500331842	0.26	0.105	6.73381190994202e-81	ICE1	c16
3.69783124596942e-105	0.232661455925449	0.62	0.335	1.35344321433727e-100	AIP	c16
2.39434684746247e-162	0.232444170462677	0.197	0.045	8.76354889639738e-158	ST6GAL1	c16
2.31250555372228e-15	0.232201775437265	0.013	0.002	8.4640015771789e-11	VWDE	c16
8.66468935648884e-25	0.231973755720567	0.101	0.046	3.17136295136848e-20	SH3GL1	c16
7.45237618146733e-65	0.231944241784138	0.258	0.117	2.72764420617886e-60	PHKG2	c16
1.46035121478027e-26	0.230840169463681	0.09	0.038	5.34503148121726e-22	ZNF518B	c16
4.15990271456649e-21	0.230556523747445	0.016	0.003	1.52256599255848e-16	DMKN	c16
9.26359436260075e-92	0.23024765815025	0.275	0.109	3.3905681726555e-87	CCDC186	c16
1.69289739743363e-36	0.230169055937921	0.181	0.089	6.19617376434684e-32	OVCA2	c16
7.15075682994477e-12	0.230149551210849	0.072	0.039	2.61724850732808e-07	TKFC	c16
1.61543658018259e-158	0.230121092982361	0.776	0.408	5.91265942712628e-154	HIST1H4C	c16
8.18857003160217e-73	0.229547181482998	0.212	0.083	2.99709851726671e-68	PSPC1	c16
6.50014695576728e-81	0.229451060641046	0.194	0.068	2.37911878728038e-76	JADE2	c16
8.02789972918521e-56	0.229390127111152	0.196	0.084	2.93829157987908e-51	FAM217B	c16
1.69315501523901e-54	0.229288658887919	0.271	0.135	6.1971166712763e-50	PEX11B	c16
1.14589896814735e-27	0.229267460959845	0.203	0.115	4.19410481331611e-23	BZW2	c16
1.53185576250974e-78	0.229227434726225	0.42	0.216	5.6067452763619e-74	PIH1D1	c16
4.55357593775534e-68	0.229185727134544	0.406	0.218	1.66665432897783e-63	POP5	c16
6.23043135833565e-31	0.228936777524672	0.188	0.1	2.28040018146443e-26	CTDSP2	c16
3.71753983664532e-17	0.228715482520534	0.083	0.041	1.36065675561055e-12	TTLL1	c16
5.5822659366466e-55	0.228307997668375	0.435	0.254	2.04316515547202e-50	RILPL2	c16
4.89664389492533e-120	0.227935773132755	0.504	0.234	1.79222063198162e-115	CDC42SE1	c16
1.24981793655462e-138	0.227601284937266	0.803	0.455	4.57445862958357e-134	ANKRD12	c16
7.13850373791918e-39	0.227263018913802	0.245	0.132	2.6127637531158e-34	EXOSC7	c16
1.17129155389892e-54	0.227201946400137	0.292	0.15	4.28704421642542e-50	RPUSD3	c16
1.63387225428909e-19	0.226774178821382	0.025	0.007	5.98013583792349e-15	HECW2-AS1	c16
3.48060916548706e-87	0.226700622801662	0.689	0.406	1.27393776065992e-82	NOL7	c16
5.19283059389835e-83	0.226697206684953	0.671	0.391	1.90062792567273e-78	DUT	c16
5.67000899742522e-20	0.226119315624163	0.059	0.024	2.0752799931476e-15	KAT2A	c16
3.73698357919976e-82	0.226074564593364	0.216	0.08	1.36777335982291e-77	CSNK1G3	c16
1.81833213642779e-36	0.225993887622059	0.073	0.024	6.65527745253934e-32	UNKL	c16
7.34081346011047e-47	0.225984794471329	0.183	0.083	2.68681113453503e-42	GET4	c16
9.87622728088307e-79	0.2257760535895	0.597	0.345	3.61479794707601e-74	DCXR	c16
1.22442761580919e-12	0.225751173212752	0.044	0.019	4.4815275166232e-08	CCDC61	c16
1.19867765897852e-70	0.22546914582087	0.421	0.227	4.3872800996273e-66	METTL5	c16
2.28218202796841e-41	0.225347848773548	0.26	0.141	8.35301444056718e-37	RBMX2	c16
4.5440243556013e-52	0.225189249337861	0.079	0.022	1.66315835439363e-47	SLC9B2	c16
5.31898607076552e-14	0.225067647959031	0.058	0.027	1.94680209176089e-09	EXOSC6	c16
3.69837288741287e-95	0.224945009095872	0.691	0.397	1.35364146052198e-90	NUCKS1	c16
1.40769428946127e-57	0.224935736247493	0.833	0.537	5.1523018688572e-53	NDUFB9	c16
4.55891592575963e-10	0.22484869318942	0.013	0.004	1.66860881798728e-05	CCND1	c16
2.29199810800872e-79	0.224809767789218	0.439	0.229	8.38894227512271e-75	GRSF1	c16
5.3980176994212e-102	0.224560057015594	0.415	0.19	1.97572845816515e-97	SAFB2	c16
2.68290517529686e-75	0.224352936337322	0.67	0.4	9.81970123210404e-71	PYURF	c16
2.13190663243362e-09	0.224172958695406	0.114	0.076	7.80299146537028e-05	SHLD1	c16
8.29692612131529e-20	0.223974892322324	0.08	0.037	3.03675792966261e-15	CBX4	c16
6.69788961935235e-42	0.223872381276678	0.127	0.051	2.45149457957915e-37	MRPL20-AS1	c16
1.22272383230197e-14	0.223553572917141	0.071	0.035	4.47529149860843e-10	MON1A	c16
3.08146096015875e-24	0.223412111132782	0.137	0.071	1.1278455260277e-19	BCL2L12	c16
3.26138201687617e-44	0.22325625146143	0.078	0.024	1.19369843199685e-39	GCH1	c16
3.18620906840441e-22	0.223224755869786	0.041	0.013	1.1661843811267e-17	PXN-AS1	c16
6.31213516557736e-35	0.222775984103529	0.142	0.065	2.31030459195297e-30	AC010642.2	c16
1.80149659528887e-41	0.22259442698571	0.225	0.114	6.59365768841678e-37	NABP2	c16
1.31277854596083e-49	0.222565490720738	0.242	0.119	4.80490075607122e-45	PRPSAP1	c16
5.47061327008471e-13	0.221357464119255	0.069	0.036	2.00229916298371e-08	DPH2	c16
5.61965813928818e-65	0.221299206188025	0.3	0.145	2.05685107556087e-60	NMRAL1	c16
8.92553860046959e-51	0.221283172216676	0.22	0.104	3.26683638315787e-46	MPPE1	c16
7.39173329371625e-10	0.221233893636684	0.057	0.031	2.70544830283308e-05	IPO4	c16
1.53215537563197e-39	0.220883372244116	0.222	0.115	5.60784189035056e-35	FAM3A	c16
4.82241950045838e-18	0.220883314699903	0.058	0.025	1.76505376136277e-13	LRRC8A	c16
1.50672842645703e-99	0.220868763261091	0.738	0.432	5.51477671367538e-95	PA2G4	c16
4.83794758873643e-59	0.220815298479808	0.454	0.263	1.77073719695342e-54	SPAG7	c16
8.05533339331575e-267	0.220357282272165	0.532	0.156	2.9483325752875e-262	CLEC2D	c16
3.9906394109879e-95	0.220235717204664	0.343	0.148	1.46061393081568e-90	MED15	c16
3.2065193500126e-33	0.220188168811987	0.067	0.022	1.17361814729811e-28	WDR76	c16
1.38633086150171e-93	0.220057115709718	0.256	0.097	5.07410958618242e-89	ZNF131	c16
1.232028370196e-138	0.219359857714823	0.191	0.048	4.50934703775439e-134	DPP4	c16
2.17564638794273e-57	0.219148889623038	0.174	0.07	7.9630833445092e-53	GTPBP10	c16
3.19968244331463e-45	0.218944847524194	0.227	0.113	1.17111577107759e-40	HPF1	c16
4.4768182692082e-70	0.21859565112703	0.347	0.172	1.63856025471289e-65	UBE2J2	c16
1.20822648308976e-38	0.218566443859194	0.046	0.011	4.42222975075684e-34	Z99127.4	c16
4.36872547239504e-67	0.21854211945754	0.37	0.193	1.59899721015131e-62	PRPF31	c16
1.41066791717339e-22	0.218269170555292	0.082	0.036	5.16318564364633e-18	RANBP9	c16
2.70913260169543e-47	0.2181292055963	0.248	0.126	9.91569623546543e-43	STT3B	c16
2.80577781536516e-77	0.217938693781254	0.311	0.142	1.0269427382018e-72	UTP23	c16
2.80877409103758e-10	0.217913840107023	0.028	0.011	1.02803940506066e-05	APTR	c16
3.5687660760397e-103	0.217706357215126	0.567	0.299	1.30620407149129e-98	U2SURP	c16
1.02932880327297e-35	0.217362732483876	0.101	0.039	3.76744635285939e-31	BCKDHB	c16
5.39121764100675e-54	0.217304461606289	0.116	0.039	1.97323956878488e-49	ELK3	c16
3.26500486007897e-07	0.217175339003619	0.027	0.013	0.011950244288375	ZNF343	c16
4.32862916831204e-108	0.217078672192829	0.597	0.312	1.58432156189389e-103	BUB3	c16
2.11882822181962e-21	0.21689803701131	0.145	0.081	7.75512317468198e-17	LYRM4	c16
4.33728588326915e-35	0.216493895539056	0.163	0.079	1.58749000613534e-30	NBPF14	c16
1.16162576949226e-14	0.216456856718859	0.039	0.015	4.25166647891861e-10	BICRA	c16
1.13238468749495e-83	0.216222141722471	0.72	0.432	4.14464119470027e-79	LSM7	c16
2.41709869336516e-16	0.216212116904239	0.061	0.028	8.84682292758583e-12	ZDHHC18	c16
4.35822266049312e-42	0.216117079426751	0.106	0.039	1.59515307596709e-37	CAMKMT	c16
3.1666948531987e-115	0.216079272156225	0.58	0.295	1.15904198321926e-110	GCC2	c16
1.14380433086398e-127	0.215400141389952	0.167	0.041	4.18643823139526e-123	TRAF1	c16
3.61654834356277e-19	0.215141893703163	0.077	0.035	1.32369285922741e-14	IGHMBP2	c16
6.46458625690434e-38	0.215082381013646	0.078	0.026	2.36610321588956e-33	NBPF26	c16
8.6932692457028e-73	0.214819495801972	0.744	0.455	3.18182347661968e-68	SF3B5	c16
3.18985495131404e-51	0.214712754593296	0.222	0.104	1.16751881073045e-46	PCID2	c16
9.03167550947685e-66	0.214222440496796	0.161	0.058	3.30568355322362e-61	LMBR1L	c16
2.85379184746635e-86	0.21374085194574	0.431	0.216	1.04451635409116e-81	DNTTIP2	c16
1.2104770423987e-53	0.213624591316818	0.336	0.181	4.43046702288349e-49	LCMT1	c16
8.43015808916399e-44	0.213563350300329	0.193	0.091	3.08552216221491e-39	UGCG	c16
1.70949014006083e-80	0.213512516591539	0.458	0.241	6.25690486163664e-76	CNOT7	c16
5.47508293821009e-89	0.213474480524052	0.192	0.064	2.00393510621428e-84	ZFP14	c16
2.12374302277733e-69	0.213303692701441	0.755	0.485	7.7731118376673e-65	HNRNPK	c16
4.38946467057129e-75	0.213168910702351	0.603	0.347	1.6065879640758e-70	APEX1	c16
1.01292608311796e-06	0.213149018371757	0.012	0.004	0.0370741075682005	AC020978.7	c16
3.23366852645812e-34	0.213101474023138	0.131	0.059	1.18355501736894e-29	LIG1	c16
1.50117854324982e-55	0.212595632500799	0.907	0.612	5.49446358614866e-51	RAN	c16
1.55147119046441e-44	0.212479843784266	0.15	0.063	5.67853970421878e-40	GTPBP8	c16
1.97752923874599e-10	0.212286589104116	0.042	0.02	7.2379547667342e-06	CACTIN	c16
5.2067958681527e-104	0.212198158061262	0.668	0.378	1.90573935570257e-99	SRRM2	c16
4.42856774730261e-21	0.212000725772138	0.069	0.029	1.62090008119023e-16	LINC01678	c16
4.22209728872574e-41	0.21183359193811	0.29	0.162	1.54532982864651e-36	APEH	c16
1.10179466881246e-50	0.211828822632075	0.912	0.645	4.03267866732048e-46	SKP1	c16
1.12059658099621e-82	0.211765094418487	0.552	0.306	4.10149554610424e-78	PUF60	c16
2.28943325063327e-13	0.211499605968635	0.02	0.006	8.37955464064284e-09	LINC00663	c16
6.65516001924126e-42	0.211093238080345	0.31	0.176	2.43585511864249e-37	SYPL1	c16
1.01123583589736e-232	0.211004980591401	0.43	0.124	3.70122428296791e-228	CCND2	c16
1.44744618808805e-48	0.210966178118401	0.227	0.11	5.29779779302107e-44	RPF1	c16
8.35687631108564e-135	0.210759241802162	0.162	0.037	3.05870029862045e-130	PBX4	c16
1.1847557878417e-19	0.21071363887356	0.115	0.06	4.33632465907942e-15	ERCC4	c16
5.38957558743943e-18	0.210504916118731	0.034	0.011	1.97263856075871e-13	ZNF550	c16
3.24911686198194e-19	0.210297090270337	0.072	0.032	1.18920926265401e-14	BCS1L	c16
6.99876391154978e-83	0.210273705421377	0.188	0.065	2.56161757926634e-78	LINS1	c16
2.41395953439953e-60	0.210179705377569	0.258	0.119	8.83533329185571e-56	TSPYL1	c16
1.46675363384057e-92	0.209979127192954	0.539	0.287	5.36846497521986e-88	GGNBP2	c16
1.43032877736788e-20	0.209970600529275	0.149	0.084	5.23514635804416e-16	DPM1	c16
7.59298297609663e-17	0.209760671849714	0.061	0.027	2.77910769908113e-12	SETD6	c16
7.87276563346436e-48	0.209433524701381	0.183	0.081	2.88151094950429e-43	MRPS9	c16
7.14305820290981e-73	0.209389761292359	0.321	0.151	2.61443073284702e-68	DTD1	c16
2.51102325654517e-48	0.209378451316908	0.056	0.013	9.19059622128096e-44	ADHFE1	c16
5.34715775847617e-51	0.209212860942255	0.297	0.157	1.95711321117986e-46	DRG1	c16
6.41659675417506e-68	0.20919489671375	0.738	0.454	2.34853857799561e-63	C4orf3	c16
6.04327091826679e-12	0.209075165405274	0.011	0.002	2.21189758879483e-07	AC107223.1	c16
8.60636596971358e-09	0.209006584434408	0.029	0.013	0.000315001600857487	XYLT2	c16
8.0320033777116e-21	0.209006219479869	0.08	0.036	2.93979355627622e-16	TJAP1	c16
1.05323337816253e-67	0.208777538653511	0.337	0.168	3.85493948741267e-63	NOP56	c16
1.21116668833911e-18	0.20877357157446	0.043	0.016	4.43299119598996e-14	AC105020.6	c16
4.81858155665926e-114	0.208484735305973	0.606	0.314	1.76364903555286e-109	BCLAF1	c16
1.79172969160287e-46	0.208422241882923	0.13	0.05	6.55790984423567e-42	TMEM263	c16
3.03233320831745e-30	0.20810161137439	0.176	0.092	1.10986427757627e-25	SRSF6	c16
1.31098856765561e-28	0.207800009125775	0.031	0.007	4.79834925647628e-24	TRDC	c16
4.4432988230065e-32	0.207136771697538	0.027	0.005	1.62629180220861e-27	PDZD4	c16
5.79938670289993e-75	0.207130844768604	0.3	0.136	2.1226335271284e-70	ABT1	c16
1.06130755166101e-09	0.207064221161794	0.083	0.05	3.88449176983447e-05	TRAF3IP2	c16
1.40355378513371e-14	0.206881923874708	0.028	0.009	5.13714720896788e-10	LIN9	c16
2.25358050476257e-19	0.206873106550823	0.054	0.021	8.24833000548149e-15	NFXL1	c16
2.29574878800268e-30	0.206688713576062	0.103	0.044	8.40267013896861e-26	NR1D2	c16
2.70213271166933e-48	0.206581789682284	0.256	0.13	9.89007593798093e-44	PDE6D	c16
8.29200403693039e-07	0.206039603230462	0.093	0.063	0.0303495639755689	PARP3	c16
4.80443614821535e-72	0.205810422281737	0.072	0.015	1.7584716746083e-67	LINC00944	c16
1.73734175665911e-26	0.205784263545396	0.12	0.057	6.35884456354799e-22	THAP3	c16
1.79009154898487e-141	0.205576580899281	0.646	0.311	6.55191407843951e-137	IER2	c16
5.00405085397379e-33	0.20538818547994	0.174	0.088	1.83153265306295e-28	FAM207A	c16
7.41230420161265e-69	0.205321724144321	0.323	0.156	2.71297746083225e-64	WTAP	c16
2.03486389494329e-80	0.205289029570141	0.314	0.141	7.44780534188194e-76	OTUD6B-AS1	c16
7.02292285251589e-15	0.205280847488065	0.094	0.051	2.57045999324934e-10	EMC9	c16
1.63442818206815e-53	0.205076404321795	0.204	0.091	5.98217058918762e-49	STYX	c16
5.12151230929669e-119	0.204963394812517	0.749	0.427	1.87452472032568e-114	MPHOSPH8	c16
1.03297793048087e-61	0.204917597441704	0.46	0.264	3.78080252335304e-57	SNRPE	c16
1.60617160263715e-133	0.204776467767329	0.333	0.119	5.87874868281222e-129	CENPC	c16
4.10091646687385e-74	0.204593571802883	0.3	0.136	1.5009764360405e-69	CARD8	c16
5.77685214635012e-136	0.204349128485447	0.686	0.347	2.11438565408561e-131	PAXX	c16
2.52285857802687e-83	0.204320759521565	0.303	0.132	9.23391468143616e-79	PCF11	c16
8.6316689214083e-09	0.204004346119502	0.016	0.005	0.000315927714192465	CDC37L1-DT	c16
3.25979870405523e-69	0.203997467897551	0.611	0.363	1.19311892367125e-64	TMEM14B	c16
1.02016675223724e-16	0.203963539810442	0.053	0.022	3.73391232986354e-12	ZNF548	c16
3.26140804953694e-47	0.203849805650817	0.118	0.043	1.19370796021101e-42	ICOS	c16
9.67381689235466e-29	0.203527879917614	0.073	0.027	3.54071372077073e-24	GTPBP3	c16
8.4585526229212e-24	0.202902506195993	0.072	0.029	3.09591484551539e-19	AL135925.1	c16
1.49750317581421e-160	0.202648786647179	0.316	0.098	5.48101137379761e-156	KIAA0040	c16
2.57744243824163e-88	0.202262999992588	0.351	0.158	9.43369706820819e-84	GBP4	c16
1.70587910324036e-28	0.20222345020344	0.134	0.065	6.24368810577005e-24	PRPF18	c16
7.12703143664516e-139	0.202198335005952	0.504	0.222	2.6085647761265e-134	TNRC6B	c16
1.58796508774639e-73	0.202123334805602	0.505	0.282	5.81211101766057e-69	UBE2N	c16
2.64122247939788e-25	0.202108279829142	0.177	0.099	9.66713839684418e-21	BRD7	c16
2.24704502008704e-28	0.201992421205891	0.197	0.11	8.22440947802057e-24	ASPSCR1	c16
1.32436864325109e-55	0.20175169898002	0.326	0.172	4.84732167116332e-51	POLE3	c16
1.1676705510067e-19	0.201704121560505	0.102	0.052	4.27379098373961e-15	SGSH	c16
1.13750342462756e-75	0.201553262700343	0.557	0.319	4.16337628447933e-71	RAB11B	c16
5.28915470329242e-72	0.201392722195276	0.253	0.108	1.93588351295206e-67	ACTR6	c16
8.24031262904747e-13	0.201376701676051	0.011	0.002	3.01603682535766e-08	AC136475.3	c16
3.27608322054463e-41	0.201326979247139	0.193	0.093	1.19907921955154e-36	PMPCA	c16
1.27079935006565e-35	0.201205499558913	0.081	0.028	4.65125270117528e-31	ALDH18A1	c16
2.49413770632629e-32	0.201170692310805	0.114	0.049	9.12879341892487e-28	THAP12	c16
7.8751257560698e-78	0.201122255429822	0.788	0.493	2.88237477797911e-73	SERBP1	c16
5.63887121676308e-61	0.201040758507227	0.498	0.29	2.06388325404745e-56	SSU72	c16
5.17207163221315e-24	0.201002089313582	0.148	0.08	1.89302993810633e-19	CCNC	c16
1.07292499436128e-31	0.20099646713685	0.166	0.083	3.92701277186172e-27	GTF2H3	c16
1.59711258741046e-67	0.20092210920892	0.206	0.082	5.84559178118102e-63	CCNB1IP1	c16
3.35854048965208e-46	0.200904074360677	0.281	0.151	1.22925940461756e-41	WAC-AS1	c16
1.0386349569988e-14	0.200851910013615	0.036	0.013	3.80150780611132e-10	ZSCAN30	c16
6.43462456386794e-70	0.200420908596	0.41	0.218	2.3551369366213e-65	BRD4	c16
1.36521618642175e-47	0.200111052199257	0.109	0.038	4.99682776392223e-43	TRAPPC2	c16
4.8782678144987e-09	0.199820449473973	0.019	0.007	0.000178549480278467	AC231981.1	c16
1.33491429465909e-149	0.199795214749906	0.545	0.241	4.88591980988175e-145	ATM	c16
3.39848730793295e-82	0.199660993825399	0.27	0.113	1.24388033957654e-77	CTCF	c16
1.35839085943904e-84	0.199403670158508	0.513	0.276	4.97184638463282e-80	PTP4A2	c16
3.7982701500172e-14	0.19932241468192	0.038	0.015	1.3902048576078e-09	ELOA-AS1	c16
3.5873874844795e-26	0.199315642080372	0.068	0.025	1.31301969319434e-21	PPAT	c16
1.37141389857847e-65	0.199238952005505	0.193	0.076	5.01951201018705e-61	TTC19	c16
3.66097694373303e-103	0.1991089305353	0.749	0.437	1.33995417117573e-98	HP1BP3	c16
1.51369781150689e-86	0.199086311965653	0.532	0.29	5.54028535989638e-82	SMAP1	c16
2.66344260540099e-17	0.198969153096734	0.017	0.004	9.74846628002818e-13	AC141424.1	c16
4.90058354250939e-71	0.198269687240317	0.462	0.253	1.79366258239386e-66	FBXW5	c16
1.37403671779815e-63	0.198156814569793	0.23	0.1	5.02911179081302e-59	KLF13	c16
1.39115056368728e-29	0.198115781478399	0.048	0.014	5.09175017815182e-25	ZNF540	c16
4.40603216697721e-08	0.198031860955326	0.016	0.006	0.00161265183343533	SNX25	c16
3.12515438580587e-176	0.197251347597521	0.254	0.065	1.14383775674881e-171	CDC14A	c16
1.11873349941707e-63	0.197246344792835	0.123	0.039	4.09467648121644e-59	SLC39A8	c16
4.4027674687778e-20	0.197237467736239	0.062	0.025	1.61145692124736e-15	ADCK5	c16
4.15705979445504e-58	0.196842679302869	0.338	0.178	1.52152545536849e-53	TAF12	c16
9.70353286811349e-233	0.196827049094931	0.524	0.169	3.55159006505822e-228	DUSP2	c16
1.68085112966856e-48	0.19660868826891	0.172	0.074	6.15208321969991e-44	RERE	c16
8.07107657118852e-42	0.196336623625937	0.249	0.133	2.95409473582071e-37	MRPL2	c16
1.65761383994673e-20	0.19610653693632	0.057	0.022	6.06703241558902e-16	FAM117B	c16
1.58051814443985e-25	0.196067616112855	0.043	0.013	5.7848544604643e-21	MEX3C	c16
1.35273081916959e-21	0.195635267169283	0.071	0.03	4.95113007124263e-17	PGAP3	c16
2.88549479820787e-219	0.195493720754498	0.702	0.255	1.05611995109206e-214	GZMM	c16
8.00018829800906e-15	0.195410575815271	0.025	0.008	2.9281489189543e-10	PLEKHG2	c16
4.08915700033251e-64	0.195232531954903	0.409	0.224	1.4966723536917e-59	FRG1	c16
2.58051698787975e-50	0.195152709758627	0.213	0.099	9.44495022733868e-46	ZFAND2A	c16
1.91798145388851e-82	0.194730648055198	0.227	0.087	7.02000391937733e-78	NFATC2IP	c16
5.95546802312423e-69	0.194725941395673	0.463	0.256	2.1797608511437e-64	PRKCSH	c16
1.47811372033682e-62	0.194375363430723	0.2	0.082	5.41004402780479e-58	STIM2	c16
9.56911185081386e-86	0.194301880977337	0.367	0.171	3.50239062851638e-81	RAB29	c16
6.43767608110488e-33	0.19423222517941	0.134	0.061	2.3562538224452e-28	TMEM216	c16
3.09077505362934e-242	0.19419274879685	0.428	0.119	1.13125457737888e-237	TC2N	c16
1.57632928033945e-29	0.194051153037015	0.042	0.011	5.76952279897042e-25	LTC4S	c16
2.5661369531936e-45	0.194042034872363	0.058	0.014	9.39231786238389e-41	LINC002481	c16
4.82258178347866e-22	0.193919836527082	0.036	0.011	1.76511315857102e-17	NAP1L5	c16
3.61373772142951e-25	0.19383489162345	0.065	0.025	1.32266414342042e-20	ZNF337	c16
4.37602008372666e-18	0.193827175455472	0.071	0.032	1.60166711084479e-13	ASB7	c16
2.257693681509e-13	0.19366893577724	0.067	0.034	8.2633846436911e-09	LINC01128	c16
2.32675057983206e-38	0.193514445911133	0.247	0.134	8.51613979724333e-34	NDUFAF4	c16
6.76004355009465e-33	0.193087485175428	0.145	0.069	2.47424353977014e-28	BLMH	c16
8.94961444089466e-75	0.192944150793117	0.197	0.072	3.27564838151185e-70	C16orf54	c16
4.7900222370829e-27	0.192743085456013	0.087	0.036	1.75319603899471e-22	GADD45A	c16
1.05386289423143e-50	0.192695293489989	0.126	0.046	3.85724357917645e-46	SLC25A12	c16
8.26712398247522e-50	0.19249809687167	0.123	0.044	3.02585004882576e-45	DYRK2	c16
1.66287607066584e-51	0.192311299656569	0.208	0.094	6.08629270624405e-47	TMEM222	c16
7.80324690022285e-49	0.192206257109852	0.244	0.121	2.85606639795057e-44	PIP4P1	c16
7.42023906817585e-68	0.19200137185486	0.366	0.188	2.71588170134304e-63	PMF1	c16
3.149440507148e-10	0.191899945040402	0.02	0.007	1.15272672002124e-05	ZNF674-AS1	c16
3.20142494577819e-34	0.191896448861099	0.186	0.096	1.17175354440428e-29	SLC25A26	c16
2.44653983775735e-55	0.19167102388215	0.993	0.834	8.95458046017569e-51	MYL12A	c16
2.06933696640302e-54	0.19159467301816	0.392	0.221	7.57398023073169e-50	TAF9	c16
6.58487608419695e-25	0.191365628913369	0.115	0.056	2.41013049557692e-20	DPH6	c16
5.79491230949879e-52	0.191195242160262	0.138	0.052	2.12099585439965e-47	BISPR	c16
9.20205626803684e-62	0.190931105118557	0.16	0.059	3.36804461466416e-57	CYP2R1	c16
2.75826004103752e-52	0.190850788018981	0.273	0.137	1.00955075762014e-47	RELA	c16
1.01018248592805e-21	0.190680827647361	0.116	0.059	3.69736891674526e-17	SLC25A25	c16
9.96857081050172e-19	0.190554836127311	0.107	0.056	3.64859660235173e-14	GEMIN8	c16
1.08086293375874e-113	0.190185616684144	0.385	0.16	3.95606642385035e-109	TNFSF10	c16
1.52000440068417e-18	0.189922518498303	0.032	0.01	5.56336810694415e-14	PLA2G4B	c16
2.72858635849686e-56	0.189890967676473	0.319	0.166	9.98689893073436e-52	BCKDHA	c16
7.43789551487351e-169	0.189453139398941	0.448	0.167	2.72234413739885e-164	ZNF292	c16
3.45373348563239e-27	0.189323227052565	0.116	0.054	1.26410099307631e-22	SUGP1	c16
8.02606031345279e-21	0.189123236235581	0.118	0.062	2.93761833532686e-16	COQ8A	c16
5.82204933615176e-10	0.188917186016003	0.011	0.003	2.1309282775249e-05	TET1	c16
1.07846713246482e-08	0.188721976659515	0.023	0.009	0.000394729755153447	AL513550.1	c16
3.4986973312356e-15	0.188709854313388	0.059	0.027	1.28055821020554e-10	SETD1A	c16
3.80947054830273e-13	0.188665538876931	0.02	0.006	1.39430431538428e-08	CADM1	c16
2.67133338048098e-26	0.188584468953091	0.086	0.036	9.77734730589845e-22	SASS6	c16
1.67408930132302e-24	0.188490334155278	0.179	0.102	6.1273342517724e-20	COASY	c16
1.31643910163195e-75	0.188341485029262	0.461	0.247	4.8182987558831e-71	CPNE3	c16
4.63254366232188e-70	0.188144994626501	0.164	0.058	1.69555730584643e-65	PTAR1	c16
4.6249872702753e-07	0.187922385685164	0.035	0.018	0.0169279159079346	GGACT	c16
2.19922107325825e-131	0.187778693424535	0.747	0.402	8.04936905023251e-127	KMT2E	c16
2.02560867012043e-12	0.187745949080639	0.068	0.036	7.4139302935078e-08	DHFR	c16
1.46162756251957e-134	0.187738487640525	0.292	0.095	5.34970304157787e-130	MAP4K1	c16
3.4822671007788e-31	0.187431107643089	0.22	0.124	1.27454458155605e-26	TMEM101	c16
1.52744157404117e-16	0.187346166249858	0.105	0.057	5.5905889051481e-12	PTOV1	c16
1.53156322176421e-52	0.187246076004017	0.31	0.164	5.6056745479792e-48	TMEM18	c16
5.78032375696564e-08	0.187199654113873	0.026	0.012	0.00211565629828699	TCEANC	c16
2.25140714380523e-36	0.187041771187773	0.091	0.034	8.24037528704153e-32	ZNF568	c16
1.12259676784571e-43	0.186970717162376	0.268	0.143	4.10881642999208e-39	TSNAX	c16
2.96027975835069e-64	0.18694541777891	0.552	0.328	1.08349199435394e-59	TEX264	c16
3.16274823022643e-104	0.186925999234328	0.487	0.238	1.15759747974518e-99	REST	c16
8.93042513431892e-73	0.18692518852977	0.372	0.186	3.26862490341207e-68	HTATSF1	c16
5.7680540145532e-55	0.186591675800893	0.229	0.106	2.11116544986662e-50	GMCL1	c16
2.72064515808163e-87	0.186339281155419	0.439	0.22	9.95783334309456e-83	ZNF24	c16
4.04230837366372e-63	0.186296110990719	0.474	0.271	1.47952528784466e-58	GSDMD	c16
1.913849683712e-09	0.186229245905293	0.014	0.004	7.00488122735431e-05	AGBL3	c16
1.08391161356067e-57	0.185936171444126	1	0.889	3.96722489679341e-53	EIF1	c16
4.93337684813916e-45	0.185895261469295	0.106	0.037	1.80566526018741e-40	ZNF107	c16
2.58406491706061e-32	0.185785090988961	0.078	0.028	9.45793600293353e-28	CRTC1	c16
4.07955341953445e-62	0.185518330929014	0.203	0.084	1.4931573470838e-57	CDK10	c16
4.38815604884802e-32	0.185421657207782	0.258	0.15	1.60610899543886e-27	EXOSC5	c16
5.94255777024451e-32	0.185183548692044	0.095	0.038	2.17503556948719e-27	TPT1-AS1	c16
1.4376820538899e-132	0.184961073489024	0.576	0.273	5.26206008544243e-128	MYCBP2	c16
4.89738315596598e-118	0.184888947441206	0.196	0.056	1.79249120891511e-113	TRIM59	c16
1.46813659208795e-23	0.184670648267481	0.099	0.046	5.37352674070109e-19	GSPT2	c16
1.12575870091464e-35	0.184368942348306	0.172	0.084	4.12038942121768e-31	TAF6	c16
8.5134004171051e-103	0.184368512288271	0.188	0.056	3.11598968666464e-98	ADAM8	c16
1.00601005690992e-38	0.184325836871708	0.174	0.083	3.68209740929599e-34	EIPR1	c16
1.86975577510166e-14	0.184099606453059	0.095	0.053	6.8434931124496e-10	PUSL1	c16
1.09406951739122e-33	0.184043299056615	0.092	0.035	4.0044038406036e-29	PPP2R2D	c16
8.35014793055362e-17	0.183366683981067	0.02	0.005	3.05623764406193e-12	SYCP2	c16
4.32421479315163e-68	0.183240162291588	0.617	0.367	1.58270585644143e-63	NHP2	c16
1.13531284520268e-54	0.183068630613319	0.454	0.269	4.15535854472632e-50	MPG	c16
1.59675201997802e-28	0.183017843547867	0.08	0.031	5.84427206832156e-24	FO393401.1	c16
1.55768733918489e-08	0.182962792631812	0.062	0.036	0.000570129143015061	RPS10-NUDT3	c16
3.69907396062103e-45	0.182906430054154	0.254	0.132	1.3538980603269e-40	TSN	c16
8.2437650409496e-11	0.182813183593907	0.018	0.006	3.01730044263796e-06	AL355816.2	c16
1.4077977201756e-63	0.182684078252786	0.435	0.242	5.15268043561471e-59	MCRIP1	c16
2.60631553101876e-52	0.182481085166151	0.138	0.052	9.53937547508175e-48	ALOX12-AS1	c16
1.67841745601302e-33	0.182329618984476	0.258	0.148	6.14317573075324e-29	EBAG9	c16
5.26695391704642e-71	0.182045044425381	0.665	0.399	1.92775780317816e-66	XRCC6	c16
1.37135000292082e-44	0.181836763177521	0.326	0.185	5.0192781456905e-40	JAGN1	c16
1.05778117703451e-80	0.181629202499816	0.869	0.568	3.87158488606403e-76	HCLS1	c16
1.29943265122516e-24	0.181582610908898	0.03	0.007	4.7560534467492e-20	AC104596.1	c16
4.58574092373238e-111	0.18113650646637	0.627	0.329	1.67842703549529e-106	RAD21	c16
3.31829846705477e-62	0.180842157788352	0.728	0.45	1.21453042192672e-57	REX1BD	c16
4.2777191447523e-22	0.180668455021151	0.16	0.091	1.56568798417079e-17	PLA2G12A	c16
4.65124961766638e-12	0.180592750594004	0.117	0.073	1.70240387256207e-07	NTHL1	c16
8.44073626259523e-32	0.18055889252128	0.129	0.059	3.08939387947248e-27	CDIP1	c16
1.49157301110869e-53	0.180427887264983	0.186	0.079	5.45930637795893e-49	RBM10	c16
7.98374118811452e-55	0.179901512435062	0.144	0.054	2.92212911226179e-50	ABHD18	c16
5.16330599794858e-80	0.179797205006265	0.185	0.064	1.88982162830916e-75	AC022706.1	c16
3.68077489176096e-82	0.179675995710251	0.45	0.233	1.34720041813343e-77	SDAD1	c16
3.61436601215707e-143	0.179610191107969	0.241	0.069	1.32289410410961e-138	NLRC5	c16
6.49088939120607e-25	0.179550699046828	0.128	0.065	2.37573042607533e-20	MRM3	c16
3.03927619461557e-07	0.179525573154948	0.023	0.01	0.0111240547999125	ZNF773	c16
8.549710838553e-42	0.179457131035324	0.196	0.095	3.12927966401878e-37	ANKRD39	c16
2.46959591471975e-22	0.179325316767738	0.058	0.022	9.03896800746577e-18	GRPEL2	c16
1.53954948467577e-73	0.178873946361573	0.284	0.127	5.63490506886178e-69	DDX50	c16
2.90841391072962e-97	0.178868197265132	0.599	0.321	1.06450857546615e-92	HNRNPR	c16
3.88717320784253e-38	0.178796771720091	0.262	0.146	1.42274426580245e-33	FMC1	c16
4.03042989831068e-81	0.178776678863982	0.419	0.211	1.47517764708069e-76	PMPCB	c16
7.78803226294151e-130	0.178691309305525	0.583	0.28	2.85049768855922e-125	FNBP1	c16
1.95520673443661e-23	0.178634180595227	0.18	0.104	7.15625216871145e-19	TBRG4	c16
1.69455230844323e-68	0.178446382898684	0.13	0.041	6.20223090413308e-64	DCAF16	c16
1.31607746361169e-24	0.178351229136312	0.045	0.014	4.81697512456514e-20	HOXB4	c16
1.71260188110657e-11	0.178346193919412	0.069	0.037	6.26829414503815e-07	TOMM34	c16
9.94057717036095e-80	0.178319865110992	0.629	0.368	3.63835065012381e-75	ZC3H15	c16
8.59375845550055e-79	0.178180350089393	0.621	0.36	3.14540153229776e-74	PPM1G	c16
9.60786559853338e-11	0.177756300134532	0.042	0.02	3.5165748877192e-06	EXOC3-AS1	c16
5.78519721624378e-83	0.177674986444502	0.586	0.332	2.11744003311739e-78	GPS2	c16
1.87756500658923e-55	0.177369508875745	0.146	0.055	6.87207568061724e-51	PHF12	c16
1.69720206375311e-20	0.177361562350093	0.07	0.03	6.21192927354275e-16	DYRK1B	c16
8.87310198252832e-47	0.177303009817047	0.224	0.109	3.24764405662519e-42	XRCC1	c16
2.19327949174442e-26	0.177183043265311	0.06	0.021	8.02762226773376e-22	SLC25A22	c16
8.82187868456196e-41	0.176513016361051	0.246	0.131	3.22889581733652e-36	UBE2E1	c16
7.54765014162066e-31	0.176444450835756	0.175	0.091	2.76251542833458e-26	DNAJB9	c16
2.07177690962132e-55	0.175542448919032	0.173	0.07	7.58291066690498e-51	GEMIN7	c16
4.44835435147814e-42	0.175485819179203	0.917	0.636	1.62814217618452e-37	OST4	c16
5.94550815490746e-61	0.175442219807973	0.505	0.297	2.17611543977768e-56	POLR2I	c16
3.1854340503751e-18	0.175435634379219	0.084	0.041	1.16590071677779e-13	ORC5	c16
5.87090315321508e-82	0.175428093907141	0.17	0.056	2.14880926310825e-77	ZC3H8	c16
3.23460909897743e-62	0.17539783544918	0.314	0.157	1.18389927631673e-57	SMARCC1	c16
9.04239555330462e-31	0.175312080261476	0.13	0.06	3.30960719646503e-26	RCBTB2	c16
2.94180856599283e-12	0.175227380120146	0.028	0.01	1.07673135323903e-07	ZBTB39	c16
9.59692762223487e-47	0.17505987360881	0.332	0.186	3.51257147901418e-42	MPLKIP	c16
1.74737546132363e-08	0.174794092603583	0.042	0.021	0.000639556892599063	AC006213.2	c16
9.62887749701323e-95	0.174701920808047	0.297	0.12	3.52426545268181e-90	ARHGEF6	c16
3.63268294971415e-68	0.174677370095362	1	0.945	1.32959828642488e-63	HLA-A	c16
1.61575228953404e-46	0.174560060642904	0.167	0.072	5.91381495492355e-42	CD300A	c16
3.45284226375585e-90	0.174362625886161	0.148	0.042	1.26377479695728e-85	MSI2	c16
1.57195308466094e-43	0.174233834224123	0.312	0.175	5.75350548516752e-39	SMIM19	c16
2.09297552603096e-54	0.174186638094641	0.26	0.125	7.66049972282591e-50	KIF22	c16
6.43604180156502e-49	0.174062336190259	0.127	0.047	2.35565565979081e-44	ARHGAP19	c16
2.05660785372562e-69	0.173709720966036	0.392	0.206	7.52739040542113e-65	RPAIN	c16
1.44563375993096e-99	0.173701644683267	0.122	0.029	5.29116412472332e-95	TRAV19	c16
9.38201419687476e-79	0.173672885956602	0.48	0.258	3.43391101619813e-74	COMMD7	c16
6.91116275807909e-15	0.173577092320296	0.064	0.03	2.52955468108453e-10	FAM120C	c16
1.60901826110598e-44	0.17331378248696	0.198	0.094	5.88916773747399e-40	RAD51C	c16
5.41531319400404e-50	0.173299257904947	0.234	0.113	1.98205878213742e-45	ATG4B	c16
1.72744797241048e-24	0.173264537027337	0.087	0.038	6.32263232381958e-20	LIPT1	c16
9.21545696401898e-47	0.17321870588278	0.117	0.043	3.37294940340059e-42	NR2C1	c16
3.14761000277812e-109	0.173032311699446	0.363	0.151	1.15205673711682e-104	RNF216	c16
7.93200707296254e-101	0.172356534873562	0.171	0.05	2.90319390877502e-96	SFI1	c16
8.15250855929682e-07	0.172309597597266	0.036	0.019	0.0298389965778823	C19orf47	c16
9.2355361865995e-60	0.172196642971693	0.464	0.269	3.38029859965728e-55	CWC15	c16
1.95149544135625e-10	0.172156651498733	0.01	0.002	7.14266846490801e-06	AL353759.1	c16
7.35367156781624e-67	0.172122616104706	0.509	0.288	2.69151733053642e-62	PPP1CC	c16
8.81737220074861e-56	0.172089453577176	0.28	0.14	3.227246399196e-51	EEF1E1	c16
1.72686583474152e-107	0.171946124509282	0.677	0.373	6.32050164173742e-103	THRAP3	c16
1.06655888451055e-66	0.171196794830988	0.755	0.474	3.90371217319708e-62	ARF5	c16
1.92485896856174e-34	0.170779692497129	0.15	0.07	7.04517631083283e-30	MKNK2	c16
9.26824947506446e-11	0.17076981359876	0.018	0.006	3.39227199036834e-06	STX1A	c16
6.21577649959038e-38	0.170732567613332	0.203	0.104	2.27503635661508e-33	HSPBP1	c16
4.12372517659509e-76	0.170532001376506	0.276	0.119	1.50932465188557e-71	CRLF3	c16
9.60175945782253e-24	0.170234966028534	0.142	0.075	3.51433997915762e-19	USP5	c16
4.14540377324503e-88	0.170143260610198	0.274	0.111	1.51725923504542e-83	METTL17	c16
1.97704077310489e-74	0.170118216134148	0.203	0.077	7.23616693364121e-70	PMS1	c16
7.88481306475186e-15	0.17004934075642	0.209	0.142	2.88592042982983e-10	MCRIP2	c16
2.89779160503407e-62	0.169779037840311	0.747	0.467	1.06062070535852e-57	UFC1	c16
1.18677438489843e-53	0.169777509513043	0.361	0.199	4.34371292616675e-49	CUEDC2	c16
6.10318054979781e-78	0.169751996609025	0.445	0.227	2.2338251130315e-73	PIM1	c16
1.7675748168596e-07	0.169577171291721	0.028	0.013	0.00646950058718781	ZFP1	c16
8.07704660047133e-14	0.169513158518426	0.149	0.094	2.95627982623851e-09	HYI	c16
1.51001108918253e-09	0.169471269933856	0.089	0.055	5.52679158751697e-05	AKT1S1	c16
7.98605571761392e-97	0.169146418793151	0.332	0.139	2.92297625320387e-92	SP140	c16
1.01366285130845e-27	0.168882359217426	0.194	0.109	3.71010740207408e-23	CFAP410	c16
6.87938084759324e-101	0.168729477482032	0.373	0.161	2.5179221840276e-96	HERPUD2	c16
7.46678470449632e-08	0.1679233288712	0.01	0.003	0.0027329178696927	UTS2	c16
1.03471844098534e-67	0.167900945714276	0.261	0.116	3.78717296585045e-63	TBC1D1	c16
1.30413630025905e-13	0.167868156133143	0.096	0.054	4.77326927257815e-09	STK32C	c16
1.21355831749787e-08	0.167806062796993	0.027	0.011	0.000444174479787395	KLHDC1	c16
6.43684052452526e-98	0.167271152783756	0.597	0.323	2.35594800038149e-93	OSBPL8	c16
1.12097188457178e-32	0.167153619975599	0.11	0.046	4.10286919472119e-28	CSPP1	c16
4.32172158889515e-72	0.166933856506563	0.693	0.42	1.58179331875151e-67	SSBP1	c16
7.05410721957557e-13	0.166630478666343	0.054	0.026	2.58187378343685e-08	ZMYM3	c16
4.43941604283823e-46	0.166479962663477	0.303	0.166	1.62487066583922e-41	ARL2BP	c16
4.98773838645635e-28	0.166081233073049	0.161	0.085	1.82556212682689e-23	POLR3C	c16
3.40160418439489e-61	0.165877678427104	0.804	0.518	1.24502114753037e-56	PSMB10	c16
6.1530413845846e-25	0.165824402714318	0.019	0.003	2.25207467717181e-20	FCGBP	c16
5.00044524813799e-28	0.165706473003649	0.046	0.013	1.83021296527099e-23	NDUFA6-DT	c16
3.00548080307605e-08	0.165666366559601	0.036	0.018	0.00110003602873386	AC022098.1	c16
2.42267037285516e-44	0.165527160490123	0.145	0.06	8.86721583168717e-40	HELQ	c16
9.42836892448542e-17	0.165067507468226	0.043	0.016	3.45087731005091e-12	ZNF487	c16
3.56196588260081e-23	0.165005833338994	0.192	0.113	1.30371513269072e-18	TRAP1	c16
1.98949793989535e-44	0.164933106929309	0.111	0.04	7.28176140981097e-40	ANKH	c16
2.40790748044615e-107	0.1648151984124	0.296	0.112	8.81318216918096e-103	C12orf65	c16
7.87515769160394e-40	0.164734099515166	0.153	0.068	2.88238646670396e-35	ZNF146	c16
2.25078383950828e-56	0.164606930979686	0.201	0.086	8.23809393098427e-52	HOXB2	c16
3.18326384033575e-56	0.16454394860027	0.233	0.108	1.16510639820129e-51	BRIX1	c16
1.84206742010593e-149	0.164519181750507	0.22	0.057	6.7421509643297e-145	ATP2A3	c16
1.49211926600051e-57	0.164388110989628	0.508	0.305	5.46130572548845e-53	PSMD9	c16
2.63605005998506e-38	0.164284081493321	0.121	0.049	9.64820682455132e-34	ATG4D	c16
2.71750477329611e-74	0.164032510275637	0.219	0.086	9.94633922074108e-70	NPAT	c16
3.14268675563757e-73	0.16400590624321	0.584	0.341	1.15025477943091e-68	UBE2B	c16
4.65327436742039e-72	0.163971941729696	0.42	0.219	1.70314495121954e-67	PCNP	c16
2.86889543716535e-63	0.163906253420181	0.496	0.288	1.05004441895689e-58	CHMP4A	c16
9.00012272603675e-24	0.163732001055608	0.139	0.073	3.29413491895671e-19	DHRS12	c16
4.54069801286825e-30	0.16329396829557	0.146	0.072	1.66194087968991e-25	MRPL49	c16
1.81888328672149e-125	0.163085010693689	0.545	0.255	6.65729471772931e-121	AAK1	c16
3.93383398710143e-85	0.163076210411831	0.918	0.63	1.43982257761899e-80	HCST	c16
9.20462415835277e-97	0.162690283784118	0.277	0.107	3.3689844881987e-92	KAT6B	c16
9.55761322159022e-63	0.162434008426291	0.222	0.095	3.49818201523424e-58	ATXN2L	c16
3.47767975320493e-07	0.162401663215758	0.017	0.006	0.0127286556647054	HSPA1L	c16
4.36518758845363e-58	0.162119222874941	0.42	0.237	1.59770230924991e-53	NDUFA10	c16
2.82618731684388e-36	0.161106670350351	0.171	0.083	1.03441281983803e-31	MACO1	c16
1.3118178617928e-27	0.161104099042435	0.17	0.09	4.80138455594782e-23	E2F4	c16
2.05720057416428e-08	0.16078878652863	0.017	0.006	0.00075295598214987	AC005332.5	c16
6.39292135516207e-55	0.160690399225343	0.08	0.022	2.33987314520287e-50	SLC25A4	c16
2.42898886917522e-11	0.160642912818415	0.057	0.029	8.89034216006821e-07	FAAP100	c16
3.76018263432588e-25	0.160606897048041	0.079	0.032	1.37626444598962e-20	NDUFAF7	c16
1.65999854657004e-30	0.160359396714006	0.2	0.11	6.07576068030099e-26	ELP6	c16
1.24371546822028e-109	0.160205181313296	0.453	0.207	4.55212298523306e-105	GPBP1	c16
1.96090320875467e-39	0.160088005030758	0.141	0.061	7.17710183436295e-35	ZNF280D	c16
2.37955479791446e-39	0.160009044378706	0.068	0.02	8.7094085158467e-35	BICD1	c16
2.86278089410807e-56	0.160007517724004	0.297	0.15	1.04780643505249e-51	SMARCA4	c16
4.19447881041894e-15	0.159851932995918	0.049	0.021	1.53522118940143e-10	AP4S1	c16
5.61110477264039e-66	0.159809891557937	0.383	0.201	2.05372045783411e-61	CCDC91	c16
1.01875284745492e-20	0.15957251351664	0.155	0.088	3.72873729696976e-16	SLC39A4	c16
1.37008940257442e-28	0.15945726324506	0.078	0.03	5.01466422236265e-24	AXIN1	c16
2.11054179906622e-56	0.159455622180854	1	0.967	7.72479403876229e-52	HLA-B	c16
6.01180597242569e-75	0.159231570069928	0.634	0.374	2.20038110396753e-70	ANP32A	c16
5.41102166617191e-49	0.159125194013974	0.381	0.22	1.98048804003558e-44	DPY30	c16
8.22222571393288e-60	0.15910932455821	0.808	0.522	3.00941683355657e-55	PSMB8	c16
3.60303539753369e-69	0.159100378240796	0.439	0.239	1.3187469858513e-64	ARF6	c16
3.8554766702967e-25	0.159007015660091	0.067	0.026	1.4111430160953e-20	PARD6A	c16
2.21702166647752e-40	0.158832492172115	0.273	0.151	8.11452100147436e-36	CEBPZOS	c16
1.94318583901383e-63	0.158742905032075	0.6	0.36	7.11225448937452e-59	SNRPC	c16
1.16896802457726e-64	0.158592617363243	0.268	0.123	4.27853986675522e-60	AP1G2	c16
1.42782471297571e-12	0.158390695477447	0.02	0.006	5.22598123196239e-08	BCL9	c16
2.34828373320034e-42	0.158246474697346	0.182	0.085	8.59495329188655e-38	NR2C2AP	c16
2.39983058605484e-60	0.158108339139337	0.409	0.228	8.7836199280193e-56	RPP21	c16
3.96928121363762e-10	0.158063383922999	0.066	0.037	1.45279661700351e-05	SFR1	c16
8.10098171887583e-96	0.158059439683546	0.411	0.191	2.96504031892574e-91	TLK1	c16
1.10595060018396e-32	0.157928900527672	0.186	0.096	4.0478897917333e-28	USP39	c16
1.31195395412024e-08	0.157898532091523	0.024	0.01	0.00048018826674755	FANCB	c16
3.88465141351356e-08	0.157722077161309	0.017	0.006	0.0014218212638601	SLC30A4	c16
6.05295264680732e-33	0.157573066032224	0.334	0.209	2.21544119825795e-28	TXNL4A	c16
1.60382006563822e-18	0.157563585950196	0.036	0.012	5.87014182224243e-14	TSTD3	c16
6.24880278138193e-10	0.157468553730592	0.024	0.009	2.2871243060136e-05	ZNF792	c16
3.89749276866277e-71	0.157331340240722	0.332	0.16	1.42652132825826e-66	SUPT5H	c16
1.30604328045431e-45	0.15699138184245	0.436	0.264	4.78024901079081e-41	HPCAL1	c16
1.64190227270194e-76	0.156982916897923	0.21	0.08	6.00952650831636e-72	PUS7L	c16
5.00845120915452e-71	0.156784129608977	0.134	0.042	1.83314322706265e-66	ANKAR	c16
2.53273449764701e-49	0.156699724649178	0.328	0.18	9.27006153483781e-45	BRMS1	c16
1.83552900585875e-08	0.156301480674068	0.063	0.037	0.000671821971434362	STRADB	c16
9.19962052577718e-74	0.156284421149793	0.779	0.494	3.36715310863971e-69	HNRNPA3	c16
2.5142207106623e-59	0.156268734343295	0.523	0.311	9.20229922309509e-55	PPP1R7	c16
1.29658719838843e-79	0.156148670956894	0.793	0.505	4.7456388048215e-75	SF3B2	c16
9.01334857936343e-11	0.156090763064438	0.034	0.015	3.29897571353281e-06	PLPP6	c16
1.08307143840681e-67	0.156080121401285	0.152	0.052	3.96414977171275e-63	HAUS3	c16
1.84836652302304e-62	0.155750639521911	0.512	0.3	6.76520631091662e-58	ZMAT2	c16
4.00886483302063e-34	0.15573838913104	0.274	0.159	1.46728461753388e-29	KARS	c16
1.66211359220918e-68	0.15566086024474	0.475	0.262	6.08350195884481e-64	PDLIM2	c16
9.54159297186053e-44	0.155554482444717	0.319	0.181	3.49231844363067e-39	HNRNPUL2	c16
4.33026800403105e-85	0.155145017286636	0.326	0.144	1.5849213921554e-80	DGKZ	c16
2.99973902205113e-71	0.154734065751762	0.195	0.074	1.09793447946093e-66	ZNF430	c16
3.87158317779076e-16	0.154672252027795	0.03	0.01	1.4170381589032e-11	ZNF682	c16
4.61873525695876e-31	0.154509770303354	0.161	0.081	1.69050329139948e-26	FBXO25	c16
1.54407133570738e-67	0.15436789944737	0.725	0.453	5.65145549582257e-63	C11orf58	c16
1.53952086470481e-73	0.154102229834551	0.451	0.241	5.63480031690606e-69	STRAP	c16
1.09399354548264e-44	0.153081482620078	0.104	0.037	4.00412577582103e-40	FCHSD1	c16
6.79146501453813e-17	0.152786727013232	0.161	0.099	2.4857441099711e-12	DYRK4	c16
3.75801277826192e-70	0.152697670385641	0.251	0.108	1.37547025697165e-65	WDR43	c16
3.30010071884921e-12	0.15268010656008	0.012	0.003	1.207869864106e-07	AC005224.2	c16
6.06855889297759e-26	0.152660791425378	0.023	0.005	2.22115324041873e-21	SLC14A1	c16
4.92174578680526e-34	0.15223404755135	0.135	0.061	1.80140817542859e-29	SLC35B2	c16
1.08334696191198e-14	0.152211560442438	0.051	0.022	3.96515821529405e-10	UBA6-AS1	c16
1.69567629597855e-53	0.152170932522904	0.443	0.26	6.2063448109111e-49	EIF4H	c16
2.91231232360425e-50	0.151732405874335	0.517	0.321	1.06593543356239e-45	MRPL43	c16
1.79839881046238e-18	0.151698688875744	0.104	0.054	6.58231948617336e-14	RAB28	c16
2.59527704747366e-50	0.151310535271486	0.345	0.192	9.49897352145833e-46	CDIPT	c16
4.22631205953738e-44	0.151179864184255	0.308	0.173	1.54687247691128e-39	WIPI2	c16
4.49228925215543e-30	0.151176100167476	0.059	0.019	1.64422278918141e-25	MAP3K6	c16
1.24251978105876e-64	0.150634239702401	0.587	0.348	4.54774665065317e-60	HNRNPF	c16
3.89828874467221e-32	0.150585675800895	0.267	0.158	1.42681266343747e-27	ZNF622	c16
2.61209585668109e-17	0.150580852514142	0.107	0.058	9.56053204503847e-13	PPP2R5D	c16
8.21275160143866e-35	0.150386966356328	0.183	0.093	3.00594921364257e-30	SUCLA2	c16
1.99472744545384e-27	0.150212829052494	0.21	0.121	7.30090192310561e-23	ETFRF1	c16
6.31497210467782e-59	0.150196755570627	0.237	0.107	2.31134294003313e-54	RHOT2	c16
5.80778761948416e-20	0.150180361114743	0.06	0.024	2.1257083466074e-15	PPP3CB-AS1	c16
4.81649523343615e-54	0.150068223240367	0.121	0.041	1.76288542038996e-49	KIZ	c16
2.88614500119235e-15	0.149859698553405	0.026	0.008	1.05635793188641e-10	HIST4H4	c16
3.49460723411831e-69	0.149804601207444	0.561	0.327	1.27906119375964e-64	HNRNPM	c16
1.62148794666142e-09	0.149613571984222	0.019	0.006	5.93480803357547e-05	CFAP44	c16
5.76202711790039e-14	0.149408397643992	0.041	0.016	2.10895954542272e-09	GTF2IRD2	c16
3.87660211987007e-18	0.14940501591926	0.144	0.083	1.41887514189364e-13	TMEM42	c16
1.41766660613985e-161	0.149191681021551	0.536	0.218	5.18880154513248e-157	SLFN5	c16
1.22572482333959e-17	0.148929632263364	0.093	0.047	4.48627542590523e-13	MKRN2	c16
6.74947975240333e-162	0.148726499403882	0.432	0.156	2.47037708417714e-157	AKNA	c16
1.18539738431661e-09	0.148633662408271	0.106	0.068	4.33867296633723e-05	RNF141	c16
3.22149955611719e-14	0.148386145271057	0.027	0.009	1.17910105253445e-09	LRRC37B	c16
4.88635592867728e-61	0.148368140101728	0.439	0.246	1.78845513345517e-56	FAM204A	c16
1.77393073205326e-30	0.147870181956407	0.198	0.108	6.49276387238813e-26	CISD1	c16
4.94329281390805e-55	0.14781308274697	0.186	0.078	1.80929460281848e-50	KLHDC4	c16
2.28502119023497e-16	0.147785434833749	0.076	0.037	8.36340605837901e-12	ZC3H12A	c16
4.10134322761526e-80	0.147568793657138	0.445	0.231	1.50113263473946e-75	SDHA	c16
3.79122828239031e-24	0.147544382778945	0.106	0.05	1.38762746363768e-19	NCAPH2	c16
1.92672314044527e-81	0.14741939037632	0.578	0.328	7.05199936634374e-77	DDX18	c16
1.63767267019862e-19	0.147296099074606	0.107	0.055	5.99404574019396e-15	CSTF3	c16
1.21631067125772e-31	0.147262002081998	0.932	0.669	4.45181868787036e-27	SUMO2	c16
2.14533497859594e-48	0.147204919234709	0.108	0.037	7.852140555159e-44	TASP1	c16
3.08842943699322e-50	0.147184161721023	0.189	0.083	1.13039605823389e-45	REV1	c16
1.71815523903537e-09	0.147104891822297	0.051	0.027	6.28861999039334e-05	MRGBP	c16
7.89651802644423e-19	0.14693663569839	0.108	0.057	2.89020456285885e-14	AASDH	c16
2.86724622331674e-65	0.146808214190585	0.327	0.161	1.04944079019616e-60	DAXX	c16
1.3587392652093e-69	0.14639072053084	0.33	0.16	4.97312158459255e-65	DDX27	c16
1.70155863056273e-11	0.14625705358125	0.013	0.003	6.22787474372266e-07	BCL7A	c16
2.75542353798203e-67	0.146230518287874	0.142	0.047	1.0085125691368e-62	CTC1	c16
1.37844079300939e-16	0.146094993140264	0.149	0.09	5.04523114649365e-12	SLC35A4	c16
1.37298554525599e-74	0.145991941026833	0.327	0.154	5.02526439419146e-70	C19orf25	c16
5.36460243871333e-79	0.145952294848005	0.213	0.08	1.96349813859347e-74	FAS	c16
7.04537157060529e-16	0.145447296579953	0.069	0.033	2.57867644855724e-11	ZNF181	c16
7.96993625998756e-69	0.145410918884291	0.269	0.119	2.91707637051805e-64	CTDSP1	c16
1.08310661285555e-54	0.145379371837061	0.778	0.509	3.96427851371258e-50	UBE2D3	c16
8.49785929813249e-62	0.145316010983574	0.887	0.627	3.11030148170947e-57	PSMB9	c16
1.14869503618692e-45	0.145284931272629	0.285	0.154	4.20433870194776e-41	TRMT10C	c16
2.15219109036019e-51	0.145042281582661	0.483	0.291	7.87723460982732e-47	CNIH1	c16
9.92824255259055e-27	0.144857089726953	0.13	0.064	3.63383605667367e-22	HEMK1	c16
2.97509220536763e-152	0.14457005682325	0.298	0.093	1.08891349808661e-147	RAPGEF6	c16
3.60493338986322e-08	0.144297372132472	0.046	0.025	0.00131944167002384	VARS2	c16
2.09604944678062e-20	0.144289862809678	0.116	0.06	7.67175058016174e-16	ITGB3BP	c16
1.34386319286298e-09	0.144278250012475	0.019	0.007	4.9186736721978e-05	HIST1H2BF	c16
2.21464690897357e-27	0.14334977258126	0.024	0.005	8.10582915153417e-23	DMWD	c16
2.4761524647857e-31	0.143109657756102	0.1	0.041	9.06296563636213e-27	NSUN6	c16
3.59047252179025e-169	0.142960974687216	0.647	0.283	1.31414884770045e-164	SMCHD1	c16
1.55138730488526e-110	0.142897427965639	0.557	0.278	5.67823267461054e-106	SPTAN1	c16
1.17124232084588e-15	0.142878846443278	0.027	0.008	4.28686401852799e-11	C20orf204	c16
5.50833014576103e-15	0.14281239795852	0.117	0.068	2.01610391664999e-10	TRAPPC12	c16
7.36272367923174e-56	0.142793338974731	0.286	0.142	2.69483049383561e-51	INTS10	c16
8.36186113314359e-31	0.142593329938601	0.224	0.127	3.06052479334189e-26	IFRD2	c16
1.22709955623128e-44	0.142267530829323	0.223	0.111	4.49130708576211e-40	NME6	c16
1.22837692555155e-114	0.142245928311916	0.385	0.159	4.49598238521122e-110	GON4L	c16
1.5770363431752e-155	0.142192765297224	0.66	0.298	5.77211071965554e-151	ZFP36L1	c16
2.14466988992056e-51	0.142073515037395	0.149	0.058	7.84970626409824e-47	INTS8	c16
7.48331265233881e-28	0.142004823564081	0.141	0.071	2.73896726388253e-23	ING3	c16
2.1934967770834e-69	0.141942718357621	0.341	0.168	8.02841755380295e-65	DNAJC2	c16
4.58580103218285e-81	0.141821139029556	0.212	0.078	1.67844903578924e-76	SIN3A	c16
1.02751984688236e-46	0.14139843601315	0.075	0.021	3.76082539157413e-42	CRACR2A	c16
1.91160334120924e-25	0.141332193549957	0.171	0.095	6.99665938915993e-21	GTF3C5	c16
3.48971902219606e-43	0.141328858539169	0.122	0.047	1.27727205931398e-38	BMI1	c16
1.85201526064759e-90	0.141282530071153	0.188	0.061	6.77856105549624e-86	ATG2A	c16
1.00273577898278e-78	0.141258063662963	0.4	0.199	3.67011322465488e-74	HNRNPH1	c16
2.25292924607902e-40	0.141177612455572	0.298	0.17	8.24594633357382e-36	LSM1	c16
8.27887326982815e-11	0.141148587258151	0.05	0.025	3.0301504054898e-06	TNPO2	c16
9.26586960239573e-09	0.14107369755533	0.013	0.004	0.000339140093317286	MXRA7	c16
2.53459997040925e-116	0.140929561562351	0.406	0.171	9.27688935169491e-112	STK38	c16
9.49722267874918e-62	0.140902363934653	0.157	0.058	3.47607847264899e-57	PRKX	c16
1.81077625597253e-83	0.140830958944401	0.635	0.36	6.62762217448506e-79	HMOX2	c16
3.10695245756678e-55	0.140777144703124	0.245	0.116	1.13717566899402e-50	MPHOSPH10	c16
1.2440321975398e-43	0.140727252684731	0.04	0.008	4.55328224621541e-39	TRDV1	c16
3.46262582103017e-30	0.140281397869007	0.183	0.097	1.26735567675525e-25	SRP68	c16
1.6857486620542e-70	0.139979961103308	0.373	0.19	6.17000867798456e-66	CEBPZ	c16
6.8937184954534e-09	0.139968960552828	0.032	0.015	0.00025231699065209	MTMR1	c16
3.75579109243439e-49	0.139653574400818	0.335	0.186	1.37465709774191e-44	EXOSC1	c16
5.99055163210906e-12	0.139479656314594	0.053	0.026	2.19260180286824e-07	TOP3B	c16
4.18958474670581e-33	0.138565973721098	0.068	0.022	1.53342991314179e-28	MAP3K14	c16
2.22215838703116e-39	0.137950433281389	0.197	0.098	8.13332191237276e-35	R3HDM2	c16
5.90147387857184e-08	0.137844936188785	0.099	0.066	0.00215999845429608	CCDC58	c16
1.49228631268176e-69	0.137844482503207	0.24	0.101	5.46191713304652e-65	KRI1	c16
5.56359741499277e-88	0.13776832207948	0.623	0.344	2.0363322898615e-83	ZFP36	c16
2.30789039588753e-33	0.137745250477161	0.135	0.062	8.44710963798796e-29	PINX1	c16
7.67955222739699e-66	0.137487727455222	0.071	0.016	2.81079291074957e-61	NCALD	c16
2.86699546986513e-25	0.13706082531582	0.019	0.003	1.04934901192534e-20	GPR55	c16
5.35586996555377e-73	0.137047968987358	0.598	0.349	1.96030196609233e-68	UBE2V1	c16
2.79060752367814e-51	0.136920715562574	0.201	0.09	1.02139025974144e-46	TCOF1	c16
5.2657871351797e-38	0.136852937160975	0.171	0.081	1.92733074934712e-33	AKT2	c16
6.62657984745419e-10	0.136763052293271	0.09	0.055	2.42539448996671e-05	THG1L	c16
4.34398119007006e-40	0.136699268607993	0.115	0.045	1.58994055537754e-35	AGK	c16
3.94276452722238e-32	0.136665366646348	0.11	0.047	1.44309124460866e-27	TDP1	c16
2.48193777939214e-40	0.136582285212517	0.101	0.037	9.08414046635317e-36	ZNF44	c16
1.93679332599326e-26	0.13643875372182	0.032	0.008	7.08885725246794e-22	CHIC1	c16
4.82108613926115e-55	0.136336845264657	0.261	0.127	1.76456573783097e-50	PRPF38A	c16
6.68446892874196e-29	0.13611428909913	0.102	0.044	2.44658247260885e-24	ZNF512	c16
5.47460306910841e-16	0.135967754686793	0.101	0.055	2.00375946932437e-11	PARP6	c16
1.63309885985264e-40	0.135902272740097	0.253	0.136	5.97730513694664e-36	LMF2	c16
1.05593231387315e-60	0.135869923768142	0.53	0.314	3.86481786200713e-56	APH1A	c16
1.0734483672082e-24	0.135797502701122	0.188	0.108	3.92892836881875e-20	MRPL45	c16
2.51918487783037e-137	0.135742001196089	0.532	0.234	9.22046857134692e-133	SYNRG	c16
1.33622884049482e-60	0.13572285415207	0.198	0.082	4.89073117909511e-56	ARIH1	c16
8.82341256197981e-18	0.135504119941128	0.139	0.081	3.22945723181023e-13	ARV1	c16
8.62037768742455e-35	0.13549853322183	0.337	0.206	3.15514443737426e-30	TMEM141	c16
7.6557159800481e-84	0.135452822266386	0.593	0.331	2.80206860585741e-79	TAF15	c16
2.18326894020765e-30	0.135189943496038	0.073	0.027	7.99098264805402e-26	WDR59	c16
5.9092438839208e-42	0.135170061749657	0.069	0.02	2.16284235395385e-37	LMTK2	c16
5.99996923365828e-18	0.135035512361052	0.069	0.031	2.19604873921127e-13	USP21	c16
3.68810108438614e-58	0.13480614215264	0.56	0.332	1.34988187789617e-53	MRPL34	c16
6.53794326988725e-34	0.134277145973958	0.244	0.137	2.39295261621143e-29	ALKBH5	c16
1.16759739512097e-51	0.134214834467145	0.086	0.025	4.27352322588226e-47	PALM2-AKAP2	c16
1.42397698785858e-27	0.133799333038331	0.127	0.061	5.21189817326118e-23	EML3	c16
2.0973847745502e-66	0.133742781119572	0.444	0.243	7.67663801333118e-62	PNRC2	c16
6.46437250100597e-29	0.133502714460977	0.205	0.115	2.36602497909319e-24	DENND10	c16
5.5989784710588e-07	0.133498546840007	0.018	0.007	0.0204928211019223	AC015813.1	c16
2.42121524636218e-53	0.133480622533719	0.664	0.423	8.86188992321023e-49	RAP1A	c16
8.19356715807282e-24	0.133315738301622	0.197	0.116	2.99892751552623e-19	MRPL44	c16
2.90941744503164e-51	0.133307668860026	0.147	0.057	1.06487587905603e-46	PHF21A	c16
6.51574217200638e-77	0.133179918634427	0.521	0.287	2.38482679237606e-72	MAGOH	c16
3.10098065052173e-14	0.133012922873325	0.07	0.035	1.13498992789746e-09	CENPH	c16
9.2435839909862e-70	0.132994673186775	0.688	0.419	3.38324417654086e-65	UBE2I	c16
3.13486167241831e-56	0.132728430178192	0.444	0.257	1.14739072072182e-51	SRSF9	c16
5.8826912379096e-20	0.132722085192793	0.142	0.079	2.15312381998729e-15	NDRG3	c16
4.25904998467156e-09	0.131973664527061	0.011	0.003	0.000155885488488964	XPNPEP2	c16
1.03503680287863e-103	0.131807035681926	0.193	0.059	3.78833820221609e-99	MBD5	c16
2.06400109719627e-58	0.131731176650005	0.409	0.228	7.55445041584806e-54	METAP2	c16
3.39637375198253e-12	0.131692905468192	0.052	0.025	1.24310675696312e-07	PCYOX1L	c16
4.75888818703693e-25	0.131620781548426	0.044	0.014	1.74180066533739e-20	AC006449.6	c16
3.25053865157871e-82	0.131502543387763	0.268	0.109	1.18972965186432e-77	MAPRE2	c16
1.4414444943188e-44	0.131026875615572	0.21	0.101	5.27583099365624e-40	UNC45A	c16
5.1025261910689e-13	0.130899726386401	0.058	0.028	1.86757561119313e-08	GTF2IRD2B	c16
2.10635466727559e-31	0.130833665325438	0.062	0.02	7.70946871769537e-27	ZNF169	c16
5.11377379334301e-44	0.130712633588656	0.176	0.08	1.87169234610148e-39	TIMM22	c16
2.24910859000165e-62	0.130547317387897	0.222	0.095	8.23196235026505e-58	C1GALT1	c16
1.28882021109201e-54	0.130434904848798	0.369	0.203	4.71721085461788e-50	RBMS1	c16
5.60108528723817e-136	0.130165985472257	0.188	0.047	2.05005322598204e-131	SERPINB9	c16
2.41946414458796e-17	0.129890127510651	0.014	0.003	8.85548071560639e-13	AL391839.3	c16
2.5522058697571e-199	0.129699333664489	0.416	0.129	9.34132870389797e-195	RASAL3	c16
5.37413343477053e-26	0.129524519743908	0.145	0.075	1.96698657846036e-21	DMAC2	c16
6.00755194632744e-81	0.129393873026605	0.216	0.08	2.19882408787531e-76	ZMYM5	c16
3.16507710043817e-46	0.129136825154614	0.159	0.067	1.15844986953137e-41	FBXO3	c16
6.81472494124426e-27	0.12908655176934	0.069	0.026	2.49425747574481e-22	ZNF669	c16
2.92379466956008e-13	0.1290235173314	0.057	0.027	1.07013808700569e-08	NFYA	c16
4.22731522932738e-12	0.128913568200979	0.038	0.016	1.54723964708611e-07	ZNF41	c16
1.05246706125395e-54	0.128732367244741	0.171	0.069	3.85213469089558e-50	NIPAL3	c16
4.70976794715248e-64	0.12869417228964	0.56	0.335	1.72382216633728e-59	SSNA1	c16
2.14717995432313e-23	0.128219528937755	0.027	0.007	7.8588933508181e-19	P3H4	c16
3.48560812020113e-65	0.128025735279654	0.58	0.346	1.27576742807482e-60	PAIP2	c16
3.45393296147019e-16	0.127714881569212	0.088	0.045	1.2641740032277e-11	JMJD8	c16
2.30813997275963e-16	0.127649155025792	0.115	0.064	8.44802311429753e-12	ZNHIT2	c16
4.23836187442219e-34	0.127546376145729	0.114	0.048	1.55128282965727e-29	AGPAT5	c16
2.05754728561354e-38	0.127453270495423	0.109	0.042	7.53082882007412e-34	PCBP1-AS1	c16
4.18625926867413e-78	0.127386563227804	0.584	0.335	1.53221275492742e-73	DDX39B	c16
2.2322551315679e-12	0.127223590247374	0.034	0.013	8.17027700705169e-08	NSMF	c16
3.7440251800044e-32	0.126909728756408	0.237	0.134	1.37035065613341e-27	PAF1	c16
9.56085887518838e-55	0.126893600068953	0.477	0.283	3.4993699569077e-50	EIF1AX	c16
2.41857762916173e-30	0.126876510431829	0.108	0.047	8.85223598049483e-26	FAM193A	c16
9.07153375189601e-35	0.1268539533123	0.042	0.01	3.32027206853146e-30	RAB27B	c16
5.74017813167545e-07	0.126729760946031	0.058	0.035	0.0210096259797453	KHK	c16
1.18626389185198e-56	0.126723353367113	0.295	0.147	4.34184447056744e-52	CORO7	c16
2.22553830666127e-68	0.126659119048332	0.469	0.258	8.14569275621092e-64	STAT1	c16
5.49212871907408e-30	0.126465848474293	0.231	0.133	2.0101740324683e-25	SNRNP35	c16
2.92939177774832e-40	0.126168205875024	0.161	0.073	1.07218668457366e-35	TMEM41A	c16
3.9449068237754e-11	0.126064386287884	0.016	0.005	1.44387534657003e-06	PSMD6-AS2	c16
5.29273731283508e-40	0.125892145616884	0.274	0.151	1.93719478387077e-35	RING1	c16
7.0231133287429e-42	0.12576477790312	0.302	0.17	2.57052970945319e-37	KRCC1	c16
6.14684016388728e-25	0.125585334375272	0.036	0.01	2.24980496838438e-20	GDPD5	c16
1.56384818857388e-50	0.125548414365994	0.216	0.1	5.72384075499926e-46	CARD19	c16
5.62643815275392e-32	0.125476724024967	0.139	0.065	2.05933262828946e-27	FBRS	c16
2.48456259085472e-72	0.12547093732806	0.521	0.294	9.09374753878738e-68	PSMD13	c16
1.760479676987e-32	0.125309853341545	0.204	0.11	6.44353166574013e-28	PRKRA	c16
4.94261488670656e-33	0.125076853037952	0.096	0.038	1.80904647468347e-28	METTL18	c16
7.26466705824637e-09	0.125047710613764	0.017	0.006	0.000265894078998875	LINC02352	c16
2.84149131896724e-23	0.12499758140698	0.122	0.062	1.0400142376552e-18	CMSS1	c16
4.42971230143527e-42	0.124951100597965	0.33	0.191	1.62131899944832e-37	GMPR2	c16
9.4180366971277e-77	0.124930447656924	0.418	0.213	3.44709561151571e-72	ARL5A	c16
1.90480798517755e-99	0.124840408263575	0.247	0.088	6.97178770654835e-95	SEMA4D	c16
6.21825271939289e-45	0.124835552590061	0.34	0.195	2.27594267782499e-40	AAMP	c16
4.93927345181223e-37	0.124549422555355	0.997	0.855	1.80782347609779e-32	CALM1	c16
2.74829169961009e-43	0.124477935098288	0.195	0.093	1.00590224497429e-38	DCP1A	c16
5.98599548222578e-63	0.124059344207287	0.442	0.246	2.19093420644946e-58	DARS	c16
4.93858753039367e-30	0.124004124227056	0.171	0.088	1.80757242199939e-25	CIAPIN1	c16
1.14577495365119e-23	0.123716112404497	0.095	0.044	4.19365090785871e-19	TYSND1	c16
6.71534493458408e-34	0.123597994602137	0.058	0.018	2.45788339950712e-29	FBF1	c16
7.57064079133096e-78	0.12345503800638	0.78	0.476	2.77093023603505e-73	SELPLG	c16
1.27007748932739e-60	0.123385500212923	0.144	0.051	4.64861061868716e-56	TRDMT1	c16
3.19120796356532e-45	0.123277493398876	0.366	0.213	1.16801402674454e-40	STX8	c16
2.00383612724058e-48	0.123125869631415	0.247	0.122	7.33424060931325e-44	VPS26B	c16
3.04503731053748e-39	0.123004451674143	0.137	0.058	1.11451410602982e-34	SESN1	c16
2.5432669708585e-11	0.122858388440391	0.029	0.011	9.30861144003921e-07	AC092329.4	c16
2.52620865542282e-15	0.122842486463243	0.065	0.031	9.24617629971305e-11	SHMT1	c16
1.73526476962454e-56	0.122651355174839	0.203	0.087	6.35124258330279e-52	CLSTN1	c16
1.33909131149015e-48	0.122585475846666	0.04	0.007	4.90120810918511e-44	TRDV2	c16
2.12020448766584e-11	0.122131441149786	0.037	0.016	7.76016044530575e-07	ZNF500	c16
1.81321608254291e-66	0.122011664577916	0.108	0.03	6.63655218371531e-62	RASSF2	c16
8.80517054020236e-14	0.121849737612238	0.065	0.032	3.22278046941947e-09	LARP1B	c16
5.2948878013839e-45	0.121837175361391	0.072	0.02	1.93798188418452e-40	ABCA5	c16
5.41073563401458e-44	0.121729450875321	0.124	0.048	1.98038334940568e-39	RGP1	c16
3.65809359867673e-36	0.121609930366485	0.317	0.188	1.33889883805167e-31	BOLA3	c16
3.79919257441302e-79	0.121430400019782	0.374	0.182	1.39054247416091e-74	PHYKPL	c16
9.66189204667766e-51	0.121272662183796	0.398	0.23	3.53634910800449e-46	RNF5	c16
7.59197030972346e-46	0.121162413025512	0.325	0.183	2.77873705306188e-41	TSTA3	c16
3.3634292249224e-10	0.121146647193673	0.015	0.004	1.23104873061385e-05	AGAP1	c16
5.17034794945468e-34	0.120910759216742	0.13	0.058	1.89239905297991e-29	KDM3A	c16
1.79168693208543e-14	0.120903440058679	0.043	0.018	6.55775334012589e-10	AC060780.1	c16
5.94998469983334e-48	0.120825430596036	0.242	0.121	2.177753899986e-43	DKC1	c16
9.11898849655646e-63	0.120821151794435	0.184	0.072	3.33764097962463e-58	SNAP47	c16
4.51128701842244e-79	0.12077343095159	0.248	0.1	1.6511761616128e-74	DIDO1	c16
8.83248313470188e-64	0.120652023941863	0.311	0.152	3.23277715213224e-59	RBM22	c16
4.370801389996e-79	0.120633909519934	0.214	0.08	1.59975701675244e-74	CCNT1	c16
5.44002011984329e-17	0.120591760925243	0.117	0.065	1.99110176406384e-12	HSCB	c16
1.03104239223968e-62	0.120533426295226	0.553	0.33	3.77371825983645e-58	PIN1	c16
2.47992699330467e-84	0.120427449981739	0.235	0.09	9.07678078819444e-80	DBF4	c16
1.36094032305257e-22	0.120173309174211	0.127	0.066	4.9811776764047e-18	ELP3	c16
4.71999274900421e-13	0.120038727884468	0.076	0.04	1.72756454606303e-08	GNPNAT1	c16
1.13893959716502e-55	0.119930085210589	0.499	0.298	4.16863281958371e-51	SF3B4	c16
3.59752176034485e-85	0.119907007136757	0.427	0.208	1.31672893950382e-80	RASSF5	c16
8.5816870649069e-31	0.119763915268511	0.082	0.031	3.14098328262658e-26	COQ10A	c16
5.91791373603412e-44	0.119595645961625	0.454	0.28	2.16601560652585e-39	MRPS18B	c16
2.3025848468317e-16	0.118893999499898	0.998	0.893	8.42769079788872e-12	ACTG1	c16
1.33267385006698e-09	0.118824690776378	0.043	0.021	4.87771955863016e-05	ZNF671	c16
4.60949111858646e-69	0.118760697342106	0.347	0.169	1.68711984431383e-64	XAF1	c16
3.57234193536121e-60	0.118593948415682	0.35	0.183	1.30751287176156e-55	TSSC4	c16
1.03959447846089e-48	0.118285879752037	0.402	0.236	3.80501975061469e-44	GPS1	c16
8.96088503212034e-65	0.117961871792247	0.274	0.127	3.27977353060637e-60	WDR82	c16
6.64553957949556e-51	0.117956498955681	0.101	0.033	2.43233394149117e-46	NBEAL2	c16
2.30840354615651e-95	0.117879323403956	0.647	0.358	8.44898781928745e-91	SP100	c16
3.86534958925434e-25	0.117745481646895	0.129	0.065	1.41475660316298e-20	GRWD1	c16
1.03443481780074e-15	0.117454993584022	0.04	0.015	3.78613487663247e-11	CR381653.1	c16
9.64099171720873e-108	0.117251886423392	0.39	0.168	3.52869937841557e-103	SECISBP2	c16
4.57771317098393e-115	0.116996431621683	0.777	0.44	1.67548879771183e-110	RBM39	c16
1.52476402748528e-20	0.116641836098947	0.092	0.044	5.58078881699886e-16	MAGED1	c16
6.96735542720068e-55	0.116533708951332	0.58	0.358	2.55012175990972e-50	MRPL54	c16
1.02101723517776e-21	0.116435731439714	0.273	0.179	3.7370251824741e-17	TCEAL8	c16
1.36473914397646e-50	0.116342778206182	0.369	0.209	4.99508174086822e-46	ARRDC1	c16
4.26525057008319e-12	0.116330245951605	0.05	0.023	1.56112436115615e-07	LINC01137	c16
8.74941765068865e-09	0.116299309511375	0.06	0.034	0.000320237435432855	ING1	c16
1.70386107135614e-29	0.116259629619002	0.116	0.052	6.23630190727062e-25	TTC5	c16
9.22419162389493e-23	0.116228152081762	0.218	0.135	3.37614637626178e-18	MRPL46	c16
2.92367456772069e-89	0.11601704451656	0.666	0.387	1.07009412853145e-84	TERF2IP	c16
4.29046994934079e-12	0.116014486458228	0.031	0.012	1.57035490615822e-07	AL691432.2	c16
6.36089445662732e-23	0.115977321987942	0.078	0.033	2.32815098007016e-18	URGCP	c16
1.23973042218876e-75	0.115856518616979	0.372	0.183	4.53753731825307e-71	SAP30BP	c16
3.76152263769301e-32	0.115656777151766	0.12	0.053	1.37675490062202e-27	TMEM209	c16
2.83138909791478e-49	0.115585156931174	0.266	0.135	1.03631672372779e-44	UCHL5	c16
1.06517073443352e-10	0.115422247711712	0.174	0.122	3.89863140510011e-06	OCEL1	c16
1.27304182534017e-70	0.115393736438403	0.418	0.22	4.65946038492756e-66	CNPPD1	c16
1.54693911217689e-26	0.115278215316199	0.108	0.05	5.66195184447862e-22	ZADH2	c16
9.25807064993582e-54	0.115234502378347	0.57	0.355	3.38854643858301e-49	SF3B6	c16
7.96225441606907e-38	0.115194906881186	0.279	0.157	2.91426473882544e-33	TINF2	c16
1.19948245673493e-08	0.115194565206081	0.017	0.006	0.000439022573989551	CCDC84-DT	c16
1.16957327927753e-47	0.11507277671445	0.829	0.541	4.28075515948368e-43	SPCS1	c16
2.10591213228463e-41	0.114782618168654	0.166	0.075	7.70784899537496e-37	RNF44	c16
1.68002787572659e-18	0.114724140051542	0.047	0.018	6.14907002794689e-14	KLC2	c16
2.31721876626943e-30	0.114631467190173	0.136	0.064	8.48125240642274e-26	BLOC1S5	c16
9.31730734418638e-62	0.114627058163166	0.617	0.373	3.41022766104566e-57	GADD45GIP1	c16
5.35193324330264e-55	0.114586914622007	0.266	0.129	1.9588610863812e-50	TPP2	c16
6.67153449499284e-45	0.114286587978503	0.234	0.118	2.44184834051233e-40	UPF3B	c16
1.84745358834875e-07	0.114250431894703	0.018	0.007	0.00676186487871524	FBXL14	c16
1.79738479088763e-45	0.113808233673374	0.513	0.321	6.57860807312781e-41	ETFB	c16
9.28010242093984e-55	0.113479421353979	0.053	0.011	3.39661028708819e-50	ZNF827	c16
2.34609151575023e-17	0.113383488189046	0.052	0.021	8.58692955679742e-13	NBPF9	c16
1.34978211087337e-42	0.113357102610742	0.373	0.222	4.94033750400762e-38	FAM200B	c16
1.43491768026665e-96	0.113315921512222	0.807	0.495	5.25194220154398e-92	FUS	c16
9.12968632104402e-37	0.113123869729726	0.312	0.184	3.34155649036532e-32	NUDT1	c16
5.59334476384785e-46	0.113074102847981	0.086	0.027	2.04722011701595e-41	ZNF10	c16
6.66298659327799e-33	0.113056012049694	0.156	0.076	2.43871972300568e-28	LAS1L	c16
1.88407946580659e-39	0.112879542678843	0.157	0.071	6.8959192527987e-35	MAP7D3	c16
2.48567992949392e-64	0.112847454196726	0.285	0.134	9.09783710994071e-60	JPX	c16
4.58518677261621e-34	0.112765271227924	0.151	0.071	1.67822421064526e-29	OGFOD1	c16
1.74651453306727e-11	0.112732737983139	0.038	0.016	6.39241784247951e-07	AC090825.1	c16
9.63735971509853e-28	0.11267476818114	0.124	0.059	3.52737002932321e-23	DPH1	c16
1.33357384586241e-38	0.112362329159273	0.222	0.115	4.88101363324102e-34	IGSF8	c16
1.0556520161888e-62	0.112057004585768	0.367	0.193	3.86379194445261e-58	SNRNP40	c16
9.05944988432851e-23	0.11199117403558	0.045	0.015	3.31584925216308e-18	GRAMD2B	c16
2.06965822653974e-35	0.111911073687224	0.086	0.031	7.57515607495808e-31	POLH	c16
1.09340500307309e-25	0.111773473599766	0.152	0.081	4.00197165174782e-21	XPO6	c16
9.93523700545193e-24	0.110590736919288	0.178	0.102	3.63639609636546e-19	HMCES	c16
1.03504594371334e-51	0.110086319191582	0.195	0.086	3.78837165858521e-47	RBM26	c16
3.10111590597854e-96	0.110023047070542	0.113	0.026	1.13503943274721e-91	STAMBPL1	c16
3.67727741817767e-28	0.109954121362245	0.043	0.012	1.34592030782721e-23	SLFN13	c16
2.75355224342511e-69	0.10990953641706	0.313	0.147	1.00782765661603e-64	RNF166	c16
6.64122759979552e-14	0.109899495169663	0.053	0.024	2.43075571380116e-09	RWDD2B	c16
8.80575800588664e-28	0.109885956172544	0.164	0.087	3.22299548773457e-23	TFB1M	c16
8.45810067437534e-47	0.109844612839249	0.151	0.062	3.09574942782812e-42	TAMM41	c16
2.62958359964679e-42	0.109807463272364	0.249	0.13	9.6245389330672e-38	ANKRD10	c16
1.83895564572776e-108	0.109653619564327	0.55	0.275	6.73076155892819e-104	RSBN1L	c16
3.43912177832071e-39	0.109247689357209	0.281	0.158	1.25875296208316e-34	ZNRD2	c16
5.8948915076372e-34	0.108986252228598	0.149	0.07	2.15758924071029e-29	CYP4V2	c16
1.86567924633942e-60	0.108738837726555	0.542	0.325	6.8285726095269e-56	CASP4	c16
1.84692939773004e-42	0.108697107019303	0.109	0.04	6.75994628863172e-38	NIFK-AS1	c16
4.51711654937408e-58	0.10868812079376	0.174	0.069	1.65330982823641e-53	ZFP90	c16
1.63941123882657e-17	0.108667891562937	0.034	0.011	6.00040907522912e-13	OTUD3	c16
2.25113682328215e-17	0.108613952452617	0.08	0.039	8.23938588689501e-13	TMEM44-AS1	c16
3.51944299241618e-34	0.108570952681837	0.199	0.104	1.28815132965425e-29	DIMT1	c16
4.84310086512302e-60	0.107667195599457	0.591	0.352	1.77262334764368e-55	SUMO1	c16
2.8288094227401e-27	0.107444732190769	0.052	0.016	1.0353725368171e-22	CASK	c16
5.61416696840513e-25	0.107314429329692	0.133	0.067	2.05484125210596e-20	POLB	c16
1.05343944894533e-43	0.107258041517792	0.185	0.086	3.85569372708479e-39	CLPX	c16
1.83760019826918e-13	0.106777615378832	0.07	0.036	6.72580048568503e-09	AL353807.5	c16
1.04423448453648e-37	0.106675775544424	0.214	0.111	3.82200263685197e-33	NKAPD1	c16
9.54018898479606e-29	0.106583169368313	0.168	0.088	3.49180457032521e-24	CTBP1	c16
1.73880660883102e-17	0.106511881731154	0.056	0.024	6.3642060689824e-13	ZNF420	c16
1.90421682678233e-57	0.106497665459224	0.21	0.091	6.969624007706e-53	IL12RB1	c16
6.51926780236602e-46	0.106333626410108	0.274	0.143	2.38611720834399e-41	IRF2BP2	c16
3.42832211961722e-34	0.106041526260589	0.337	0.208	1.2548001790011e-29	COQ4	c16
2.35820705863378e-40	0.105944712831558	0.183	0.087	8.63127365530548e-36	CBX1	c16
3.2685957511146e-18	0.105927003367057	0.085	0.041	1.19633873086545e-13	DIABLO	c16
5.05947299067634e-64	0.105331331456425	0.752	0.468	1.85181770931745e-59	ARPC4	c16
9.60564423588951e-25	0.105186506085343	0.067	0.025	3.51576184677792e-20	HAUS5	c16
2.20495778543202e-21	0.104798928504739	0.098	0.047	8.07036599045974e-17	POLR2M	c16
6.8023528858234e-62	0.104725347468665	0.408	0.223	2.48972917974022e-57	MAPK1IP1L	c16
5.85051291190199e-34	0.104498556430253	0.155	0.074	2.14134623088525e-29	NUP160	c16
5.7956054441628e-48	0.104341049365402	0.26	0.132	2.12124954861803e-43	ZKSCAN1	c16
4.14857819689865e-15	0.104185377252493	0.073	0.036	1.51842110584687e-10	ZNF626	c16
3.39427193549078e-10	0.104164475926463	0.028	0.011	1.24233747110898e-05	CPT1B	c16
1.1427003162885e-27	0.103807341421169	0.145	0.073	4.18239742764754e-23	FARS2	c16
7.09128594808805e-33	0.103700378872966	0.394	0.254	2.59548156985971e-28	AKR7A2	c16
6.2741600457146e-54	0.10351147209095	0.142	0.053	2.296405318332e-49	LANCL1	c16
4.63811525583588e-82	0.103172485128737	0.192	0.067	1.69759656478849e-77	ANKZF1	c16
1.07982910774175e-21	0.103144026672106	0.047	0.017	3.95228251724559e-17	ADAT2	c16
3.84405895570607e-64	0.103049038605798	0.192	0.076	1.40696401837798e-59	SIPA1	c16
5.43926060245051e-24	0.103039788315595	0.204	0.121	1.99082377310291e-19	MLST8	c16
2.88658678828129e-15	0.102452032108546	0.043	0.017	1.05651963037884e-10	TRMT10A	c16
1.97255797005339e-42	0.102351992208146	0.384	0.231	7.2197594261924e-38	STOML2	c16
1.81431322778336e-46	0.102280616791943	0.323	0.18	6.64056784500989e-42	CHCHD7	c16
4.31551710245931e-56	0.10221542527592	0.421	0.238	1.57952241467113e-51	PTPN2	c16
1.58213512029534e-69	0.101956781859508	0.613	0.362	5.79077275379297e-65	H2AFV	c16
4.76165882131765e-41	0.101867919639409	0.128	0.052	1.74281474519047e-36	GIMAP8	c16
2.029075316032e-26	0.101776646668875	0.086	0.036	7.42661856420871e-22	NUP43	c16
1.6602436985293e-36	0.101524095255719	0.402	0.251	6.07665796098708e-32	TIMM13	c16
2.47370433188668e-18	0.101486614390636	0.06	0.025	9.05400522513845e-14	ZSCAN26	c16
9.98929418544924e-19	0.10144165756399	0.201	0.126	3.65618156481628e-14	GSTM1	c16
7.02464731025441e-63	0.101373174580792	0.388	0.206	2.57109116202622e-58	IAH1	c16
7.87129744562018e-28	0.101358428653169	0.267	0.162	2.88097357807144e-23	POLR2J	c16
2.20201437891633e-12	0.101177717181582	0.063	0.032	8.05959282827165e-08	ABCC5	c16
3.42328036006214e-21	0.101053213234957	0.105	0.052	1.25295484458634e-16	TRIM41	c16
1.76026789530554e-56	0.101043287353223	0.361	0.195	6.44275652360781e-52	TIMM17B	c16
2.962033982925e-20	0.100992389566851	0.082	0.038	1.08413405809038e-15	NAF1	c16
2.60117365367712e-13	0.100691904142867	0.038	0.015	9.52055568982363e-09	BMPR1A	c16
1.92798344063329e-24	0.100656096548445	0.177	0.1	7.05661219106189e-20	WDR77	c16
6.80115093102367e-17	0.100633538631301	0.108	0.059	2.48928925226397e-12	DDX10	c16
6.35966323162828e-25	0.100270564406839	0.068	0.026	2.32770033940827e-20	AC008443.1	c16
7.71905423612572e-44	0.100213798785001	0.367	0.217	2.82525104096437e-39	CIR1	c16
3.20907419392318e-21	0.100137406194303	0.046	0.016	1.17455324571782e-16	MICAL3	c16
7.7572875177374e-17	-6.6870218296105	0	0.039	2.83924480436707e-12	MOGAT1	c16
1.44661463927791e-20	-6.6471163531701	0	0.048	5.29475424122107e-16	LINC01645	c16
2.19432678182825e-14	-6.52595810335649	0	0.033	8.03145545416957e-10	PNPLA3	c16
4.54352723048891e-15	-6.33780069939668	0	0.034	1.66297640163125e-10	UNC13B	c16
1.15652195124822e-18	-6.28649364312204	0	0.043	4.23298599376363e-14	RARA-AS1	c16
3.53549418250469e-14	-6.20582910119994	0	0.032	1.29402622573854e-09	UGGT2	c16
2.31904386995105e-11	-6.20037164758706	0	0.025	8.48793246840784e-07	AATBC	c16
1.63969789651986e-21	-6.19656608810523	0.001	0.051	6.00145827105234e-17	BCAR1	c16
1.69929089318569e-16	-6.18330204310774	0	0.038	6.21957459814893e-12	FAM20C	c16
2.93784659258758e-27	-6.09954806883404	0.001	0.065	1.07528123135298e-22	GMPR	c16
1.187950770822e-42	-6.03024273551939	0.005	0.106	4.34801861628559e-38	C15orf48	c16
1.44756124212307e-16	-5.98940618057564	0.001	0.039	5.29821890229466e-12	TNS1	c16
2.54741568542137e-60	-5.96496788040777	0.003	0.141	9.32379615021074e-56	MARCH1	c16
1.51384232180587e-14	-5.95687349347893	0	0.033	5.54081428204166e-10	LMO2	c16
2.70263074636852e-43	-5.95501253960615	0.002	0.103	9.8918987947834e-39	WDFY4	c16
2.7113367977099e-25	-5.93303094022422	0.001	0.06	9.923763813298e-21	PARAL1	c16
3.68683065027809e-17	-5.92890789969532	0.001	0.041	1.34941688630828e-12	SIGLEC11	c16
1.82064025696323e-26	-5.92172672436714	0.001	0.064	6.66372540451111e-22	AC092691.1	c16
3.47250560287937e-79	-5.86677245527347	0.002	0.177	1.27097177570988e-74	CD33	c16
3.45731178559876e-08	-5.84718667352611	0	0.017	0.001265410686647	TRHDE-AS1	c16
6.57572160864528e-20	-5.81114845619841	0.001	0.047	2.40677986598026e-15	PVALB	c16
7.17031479965599e-33	-5.75753376763428	0.002	0.08	2.62440691982209e-28	ST14	c16
3.85483874757265e-17	-5.75568152892879	0.001	0.041	1.41090952999906e-12	RTN2	c16
1.75489368932163e-159	-5.73043526004609	0.024	0.334	6.4230863922861e-155	LRP1	c16
2.55320568000447e-50	-5.71723949041101	0.003	0.12	9.34498810938437e-46	FOLR3	c16
1.15861746006173e-10	-5.71083312216932	0	0.023	4.24065576557194e-06	RGL3	c16
9.00784528261598e-12	-5.70798821941031	0	0.026	3.29696145189028e-07	KCNMB1	c16
1.58665538859705e-10	-5.70697405675942	0	0.023	5.80731738780406e-06	MMP2-AS1	c16
6.28191770160994e-09	-5.67293945493872	0	0.019	0.000229924469796625	WDR49	c16
1.93931757194989e-58	-5.64745608421749	0.003	0.138	7.09809624509378e-54	FGD2	c16
1.76915925738945e-21	-5.64592485843213	0.001	0.052	6.47529979797113e-17	TRHDE	c16
2.15806870637313e-23	-5.62558410507148	0.001	0.057	7.89874727219629e-19	VTN	c16
2.71463135938325e-11	-5.61554131091363	0	0.025	9.93582223847864e-07	ZNF205	c16
1.37254902140718e-14	-5.59285296689993	0.001	0.034	5.02366667325243e-10	TNNT1	c16
2.42363171263012e-23	-5.57512527960155	0.002	0.058	8.87073443139751e-19	CSF3R	c16
2.69691003839462e-17	-5.55010350026183	0.001	0.041	9.87096043152815e-13	AC069360.1	c16
2.72315698797225e-09	-5.49510715602289	0	0.02	9.96702689167724e-05	A4GALT	c16
1.40173705367772e-18	-5.48493412751958	0.001	0.045	5.13049779016581e-14	LINC00472	c16
2.68460005744908e-17	-5.48202341368943	0.001	0.042	9.82590467026939e-13	WDFY3	c16
1.52147590738408e-42	-5.45309866889095	0.003	0.104	5.56875396861647e-38	ARHGAP6	c16
4.12716386581506e-38	-5.42931200519965	0.002	0.092	1.51058324652697e-33	SIGLEC1	c16
5.53579096288136e-66	-5.41406355580542	0.003	0.152	2.02615485032421e-61	ACVRL1	c16
9.50409290942852e-07	-5.40413237130819	0.001	0.015	0.0347859304577993	MIR34AHG	c16
6.08560598617919e-12	-5.3816211503224	0.001	0.028	2.22739264700144e-07	NRGN	c16
1.1088349588533e-07	-5.37404279536191	0	0.016	0.00405844683289895	ZNF804A	c16
1.28967799650868e-12	-5.37182673817077	0.001	0.029	4.72035043502143e-08	GAPT	c16
4.70036441132718e-65	-5.34094710342433	0.006	0.155	1.72038037818986e-60	NRP2	c16
9.73992936270558e-10	-5.33052446642125	0	0.021	3.56491154604387e-05	TRPV4	c16
6.96811464480757e-11	-5.32328091939857	0.001	0.025	2.55039964114602e-06	CD80	c16
1.06346306523884e-19	-5.31760061703966	0.001	0.047	3.8923811650807e-15	AL035446.2	c16
5.74453777639635e-66	-5.30998754965463	0.005	0.155	2.10255827153883e-61	HK3	c16
9.92801850540953e-15	-5.30655537126701	0.001	0.036	3.63375405316494e-10	AC004540.1	c16
1.21376658228942e-27	-5.29496087395482	0.001	0.067	4.44250706783751e-23	EGR2	c16
4.54101293751681e-31	-5.2895895544079	0.005	0.081	1.66205614526053e-26	ITGB8	c16
1.92739884591978e-08	-5.27910362430251	0.001	0.019	0.000705447251595099	LRRK2	c16
7.05076870096025e-34	-5.27497384572224	0.004	0.086	2.58065185223846e-29	FABP3	c16
6.09971002881987e-24	-5.27189396692597	0.002	0.059	2.23255486764836e-19	IGFBP2	c16
9.45433872628912e-20	-5.26901260122145	0.001	0.047	3.46038251720908e-15	COL8A2	c16
2.75127669496171e-33	-5.26453464660926	0.002	0.082	1.00699478312294e-28	ITGB5	c16
3.2629772920794e-100	-5.22873897820976	0.01	0.227	1.19428231867398e-95	TNFAIP2	c16
7.12213639840582e-45	-5.22334743382799	0.003	0.109	2.60677314318051e-40	PLXNB2	c16
3.34897899590267e-10	-5.21972176596421	0.001	0.023	1.22575980229034e-05	LINC00607	c16
4.66154429372857e-67	-5.21138072801763	0.004	0.157	1.70617182694759e-62	IL18	c16
2.43081514135831e-56	-5.2028079164498	0.006	0.138	8.89702649888556e-52	MITF	c16
1.55151607090686e-28	-5.1960094572943	0.005	0.075	5.67870397112618e-24	LINC02154	c16
2.07397326114597e-07	-5.16604885793382	0	0.015	0.00759094953312036	VAV2	c16
6.22669315607427e-34	-5.16193916505306	0.002	0.083	2.27903196205475e-29	CEBPA	c16
1.70272424307142e-26	-5.1614369482761	0.002	0.066	6.23214100206569e-22	RTN1	c16
2.41055814389254e-68	-5.16056746410445	0.008	0.165	8.82288386246108e-64	ITGAX	c16
3.36749538746214e-05	-5.15401698901518	0	0.01	1	UHRF1	c16
4.71579399747722e-36	-5.12983025822982	0.002	0.087	1.72602776101664e-31	NLRC4	c16
1.42321297875974e-39	-5.1272166230119	0.017	0.12	5.20910182355854e-35	CCL24	c16
2.60020516794294e-07	-5.11596585544474	0	0.015	0.00951701093518794	RAPGEF3	c16
1.60795401298494e-08	-5.11190143751272	0	0.018	0.00058852724829262	LINC02577	c16
2.37454129034654e-43	-5.10978429714303	0.003	0.105	8.69105857679738e-39	ARHGEF28	c16
1.59769821444881e-07	-5.10271194537852	0	0.016	0.00584773523470409	PDLIM4	c16
1.95823977331104e-98	-5.09517189403396	0.008	0.221	7.16735339429575e-94	ADAMTSL4	c16
3.1940426461289e-25	-5.09466919585436	0.002	0.063	1.16905154890964e-20	IL1B	c16
6.05178312005088e-55	-5.08663153745019	0.007	0.136	2.21501313976982e-50	SLC8A1	c16
2.93113970383127e-41	-5.07207535028463	0.003	0.102	1.07282644299928e-36	FGD5	c16
9.10015470327894e-07	-5.07020075792795	0	0.014	0.0333074762294713	SLC28A3	c16
8.46592991259742e-110	-5.05706054910915	0.014	0.248	3.09861500730978e-105	SLC15A3	c16
7.9421847211396e-57	-5.05072444505325	0.005	0.138	2.90691902978431e-52	MOB3B	c16
2.54999545036545e-16	-5.04897406638802	0.001	0.039	9.33323834788259e-12	AC092809.2	c16
3.50338051009302e-25	-5.04671549717118	0.002	0.063	1.28227230049915e-20	AC090559.1	c16
1.38191945964561e-06	-5.04088123193618	0	0.013	0.0505796341424889	DTNA	c16
1.77821839567591e-08	-5.03069643364904	0.002	0.021	0.000650845715001341	FCN1	c16
1.47877477729377e-47	-5.02636490556797	0.004	0.116	5.41246356237291e-43	MIR3945HG	c16
3.66211397389625e-18	-5.02157452918313	0.001	0.043	1.34037033558577e-13	CD5L	c16
5.70374001322508e-40	-5.01750562644316	0.004	0.1	2.08762588224051e-35	LINC02185	c16
5.66033077533528e-08	-5.009309497079	0.001	0.018	0.00207173766708047	SPIRE2	c16
4.14089704204789e-06	-5.0040104352863	0	0.012	0.151560972635995	AL359237.1	c16
2.2233438195535e-20	-5.00365914783553	0.001	0.05	8.13766071394777e-16	ZBTB7C	c16
1.14108576243239e-06	-4.99183039934767	0	0.014	0.0417648799907879	GNG11	c16
6.89084891786461e-80	-4.98988588631236	0.009	0.189	2.52211961242763e-75	RBM47	c16
7.87269719966201e-185	-4.97631519390363	0.213	0.498	2.88148590204829e-180	FN1	c16
2.02488093166307e-62	-4.9637613612897	0.005	0.148	7.41126669797999e-58	CD300LF	c16
1.64446301107843e-09	-4.94777211272824	0.001	0.023	6.01889906684816e-05	DOCK5	c16
8.77629476508039e-11	-4.94651578348481	0.001	0.025	3.21221164696707e-06	CREB5	c16
5.48152195897816e-27	-4.94379509371818	0.002	0.067	2.0062918522056e-22	MGAT3	c16
8.55675298831645e-16	-4.9332188032871	0.001	0.037	3.13185716125371e-11	AGRN	c16
1.73294846671486e-06	-4.93196428007888	0	0.013	0.0634276468302307	AC005280.2	c16
9.38459091498593e-10	-4.91849992244525	0.001	0.022	3.434854120794e-05	NSUN7	c16
5.6674951305392e-06	-4.91490038764728	0	0.012	0.207435989272865	GAB1	c16
5.51520495464678e-28	-4.9047590578404	0.002	0.069	2.01862016545027e-23	SIRPB2	c16
1.64033518981666e-28	-4.90021189211886	0.002	0.071	6.00379082824794e-24	NECTIN2	c16
1.86712557186925e-08	-4.89148037244223	0.001	0.019	0.000683386630559865	CDA	c16
0.000528341433572397	-4.89095926666292	0.003	0.013	1	CXCL10	c16
2.30108371160657e-69	-4.88922074651616	0.005	0.163	8.42219649285122e-65	LRMDA	c16
2.02028482200318e-55	-4.88051579873143	0.006	0.136	7.39444447701383e-51	SERINC2	c16
6.8884604368985e-07	-4.87344059268171	0	0.014	0.0252124540450922	LINC00189	c16
7.8470140526858e-10	-4.87068053348139	0.001	0.023	2.87208561342353e-05	LDLRAD3	c16
1.8397258445838e-13	-4.85951579196981	0.002	0.035	6.73358056376117e-09	TBC1D12	c16
6.52444617096203e-18	-4.8575640067784	0.001	0.044	2.38801254303381e-13	SLC37A2	c16
5.24867511976881e-08	-4.8560565135904	0	0.017	0.00192106758058658	APOC4	c16
1.21547858016874e-32	-4.8548949356421	0.002	0.079	4.44877315127562e-28	LILRA2	c16
1.23135094388188e-09	-4.85435581065279	0.001	0.022	4.50686758970206e-05	PTCRA	c16
1.1570028150915e-16	-4.84508459290754	0.002	0.042	4.2347460035164e-12	KCNE1	c16
1.6423116249175e-08	-4.84128970970961	0.001	0.019	0.000601102477836053	AL157388.1	c16
2.26714645185373e-107	-4.83745897112443	0.014	0.245	8.29798272842984e-103	AC026369.3	c16
2.48671170806734e-48	-4.83475468210326	0.004	0.118	9.10161352269728e-44	MRAS	c16
4.34027305598107e-45	-4.83279375078913	0.005	0.112	1.58858334121963e-40	SPOCD1	c16
2.61351946772912e-20	-4.83255537613104	0.001	0.049	9.56574260383536e-16	CLDN23	c16
3.24863339064835e-33	-4.83241679598238	0.003	0.084	1.1890323073112e-28	TMEM150B	c16
1.15402378870443e-09	-4.82929353939484	0.001	0.022	4.22384246903707e-05	SLC6A12	c16
5.85041302631136e-11	-4.82703973720758	0.001	0.025	2.14130967176022e-06	ANGPT4	c16
2.94612306716208e-27	-4.82211888254508	0.002	0.067	1.07831050381199e-22	FOLR2	c16
1.94863478062796e-99	-4.81894758194511	0.019	0.237	7.1321981605764e-95	TGM2	c16
1.04193134940382e-129	-4.81067160975642	0.024	0.293	3.81357293195291e-125	CD163	c16
2.3089337664025e-13	-4.80868264557761	0.001	0.032	8.4509284784098e-09	ZDHHC19	c16
5.8899227362931e-07	-4.80363937695889	0	0.014	0.0215577062071064	LIN7A	c16
3.61239175024056e-08	-4.80270779771894	0.001	0.018	0.00132217150450555	ADGRE3	c16
1.53390150605484e-170	-4.80036872010837	0.054	0.376	5.61423290231131e-166	SLC11A1	c16
9.97178267518652e-17	-4.80034874519369	0.002	0.042	3.64977217694502e-12	P2RY13	c16
2.68944913765333e-37	-4.7976925550709	0.004	0.094	9.84365278872497e-33	FGD4	c16
6.21702247423699e-15	-4.79515970043271	0.001	0.036	2.27549239579548e-10	MS4A14	c16
1.89577076008398e-16	-4.79091356967952	0.002	0.042	6.93871055898336e-12	ALPK3	c16
5.22303615124349e-58	-4.78130350500119	0.005	0.14	1.91168346171663e-53	CSF1R	c16
2.85332494683611e-64	-4.78081691450665	0.006	0.154	1.04434546379148e-59	BST1	c16
3.05354068718891e-35	-4.77705101486418	0.003	0.087	1.11762642691801e-30	THBD	c16
2.83558935038462e-111	-4.77138457352291	0.018	0.256	1.03785405813427e-106	VMO1	c16
1.40938069928746e-63	-4.76757689711828	0.005	0.151	5.15847429746205e-59	AXL	c16
1.63454977518139e-57	-4.76363843776229	0.012	0.149	5.98261563214139e-53	DMXL2	c16
2.9568454815756e-14	-4.76085673022553	0.001	0.035	1.08223501471148e-09	GPR153	c16
5.96591330487724e-12	-4.76033696878282	0.001	0.028	2.18358392871812e-07	SMIM10	c16
9.13587436825816e-63	-4.75601283346431	0.008	0.154	3.34382137752617e-58	TNS3	c16
2.15517002895254e-15	-4.74371504649425	0.002	0.038	7.88813782296919e-11	WWTR1	c16
3.6076571000578e-72	-4.74284852389131	0.006	0.171	1.32043857519215e-67	MLPH	c16
1.09293368301874e-19	-4.73345608453844	0.001	0.048	4.00024657321688e-15	HCAR3	c16
1.26477284182372e-71	-4.73339702162839	0.009	0.174	4.62919507835899e-67	AGRP	c16
2.48587607947798e-19	-4.73155793815305	0.005	0.053	9.09855503849735e-15	AC013457.1	c16
3.41846146188709e-75	-4.72396487994658	0.009	0.18	1.25119107966529e-70	CLEC12A	c16
3.14421869393282e-16	-4.72344781829025	0.002	0.041	1.15081548416635e-11	NFE2	c16
1.03324800572257e-69	-4.71481328310437	0.005	0.164	3.78179102574517e-65	CD300C	c16
1.69458563160151e-79	-4.7131207128268	0.015	0.197	6.20235287022468e-75	IL3RA	c16
3.02652558391178e-36	-4.71246650415163	0.003	0.091	1.10773862896755e-31	HPGDS	c16
2.50574093338403e-18	-4.70997087885547	0.002	0.046	9.17126239027888e-14	LSAMP	c16
1.23592913879931e-07	-4.70794776099587	0.001	0.017	0.00452362424091936	LAMB1	c16
2.49611916468718e-71	-4.70502134426287	0.009	0.173	9.13604575467156e-67	DSC2	c16
7.75811395238633e-06	-4.68460037749842	0	0.011	0.283954728771292	CSPG4	c16
5.9933034960544e-07	-4.67938895640683	0	0.014	0.0219360901259087	JAG1	c16
1.50172787333692e-23	-4.67028487118254	0.002	0.058	5.49647418920047e-19	LINC01637	c16
3.50877399377201e-34	-4.667585242849	0.003	0.086	1.28424636946049e-29	KMO	c16
4.53287065309503e-09	-4.65732432955133	0.001	0.021	0.000165907598773931	RUBCNL	c16
1.56070769393957e-28	-4.65042907186286	0.002	0.071	5.71234623058821e-24	ST3GAL6	c16
1.87300230755223e-58	-4.64821559745604	0.007	0.144	6.8553757458719e-54	RASAL2	c16
5.67631837781912e-120	-4.64382495413971	0.021	0.274	2.07758928946558e-115	SLCO2B1	c16
2.88455574863094e-36	-4.64303288174502	0.003	0.091	1.05577624955641e-31	SIGLEC7	c16
1.86280619420339e-31	-4.63572187158189	0.003	0.079	6.81805695140383e-27	PLAU	c16
1.19679363055884e-27	-4.62539177671534	0.002	0.068	4.3803843672084e-23	CAVIN3	c16
1.18517554396727e-08	-4.62053054452803	0.001	0.02	0.00043378610084746	CD22	c16
4.81324780642152e-55	-4.61098380284519	0.006	0.136	1.76169682962834e-50	APOL4	c16
1.92521705350825e-59	-4.60768636449821	0.008	0.147	7.04648693754554e-55	ABCC3	c16
3.23068067275708e-09	-4.60501585054986	0.001	0.021	0.000118246143303582	TMEM52B	c16
8.16738406159526e-18	-4.60384874563017	0.002	0.045	2.98934424038448e-13	CDK14	c16
2.45506714089376e-06	-4.60334094427341	0	0.013	0.0898579124238525	CD163L1	c16
2.34238888624281e-22	-4.59975967534603	0.002	0.056	8.5733775625373e-18	AMOTL1	c16
8.07140031398968e-120	-4.59855796826647	0.019	0.271	2.95421322892336e-115	CSTA	c16
4.43059422746522e-09	-4.59678769060853	0.001	0.021	0.000162164179319454	TRPM4	c16
2.18506994349219e-07	-4.58453665777537	0	0.015	0.00799757450017575	PCGF2	c16
2.19316156954213e-58	-4.58221305208297	0.005	0.14	8.02719066068115e-54	ARHGEF10L	c16
1.55916534848198e-11	-4.57977605929136	0.001	0.028	5.70670109197888e-07	ST5	c16
1.84925621379867e-10	-4.57927190784845	0.001	0.024	6.76846266812452e-06	C5AR2	c16
2.37295237321719e-135	-4.57851643247894	0.029	0.308	8.68524298121224e-131	PLXDC2	c16
3.1390438496896e-55	-4.57542367424239	0.006	0.137	1.14892143942489e-50	KCNMA1	c16
3.16486141224364e-33	-4.57165111505403	0.003	0.084	1.15837092549529e-28	FES	c16
7.77462769797548e-12	-4.57055193219671	0.001	0.029	2.84559148373601e-07	PGM5	c16
3.08545535285857e-45	-4.56474973308735	0.005	0.113	1.12930751369976e-40	CD276	c16
5.66713847191882e-36	-4.56271070999592	0.008	0.097	2.07422935210701e-31	TAGLN	c16
3.59419515579518e-39	-4.56246549824464	0.004	0.098	1.31551136897259e-34	KLF4	c16
7.86264280684113e-57	-4.56145083952398	0.008	0.142	2.87780589373192e-52	FMNL2	c16
3.44578718466739e-88	-4.55813677839901	0.01	0.206	1.26119256746011e-83	PPIC	c16
4.24634655946494e-55	-4.55715908828967	0.004	0.132	1.55420530422976e-50	LINC02345	c16
1.65039234737973e-31	-4.55711688346594	0.003	0.079	6.04060103064455e-27	DNASE2B	c16
4.43616547300611e-181	-4.55545069044863	0.094	0.417	1.62368092477497e-176	SPI1	c16
5.67602427571141e-95	-4.55053583136387	0.012	0.221	2.07748164515313e-90	CD86	c16
1.34093448138749e-86	-4.54850770372383	0.024	0.223	4.90795429532636e-82	DST	c16
2.16884976180349e-27	-4.54811052726784	0.003	0.069	7.93820701317696e-23	SIPA1L2	c16
1.09528490818282e-189	-4.54677311961126	0.097	0.43	4.00885229243994e-185	MS4A7	c16
1.02448331935249e-27	-4.54672935974122	0.002	0.069	3.74971139716206e-23	MPEG1	c16
7.81899745598528e-15	-4.54370753001803	0.003	0.039	2.86183125886517e-10	FHAD1	c16
4.70563077980887e-50	-4.54248087870601	0.006	0.125	1.72230792171785e-45	HCAR2	c16
3.48142324292057e-15	-4.54136947698446	0.001	0.037	1.27423572114136e-10	FAM114A1	c16
6.88704229931378e-70	-4.54059071044483	0.007	0.167	2.52072635197184e-65	CCL23	c16
9.19885872606742e-23	-4.53769982312172	0.002	0.057	3.36687428232794e-18	MARVELD1	c16
1.88959049003932e-171	-4.5346820817419	0.149	0.444	6.91609015259292e-167	MCEMP1	c16
4.80878544881568e-44	-4.52813745778481	0.004	0.109	1.76006356212103e-39	LINC02785	c16
1.03998179706189e-73	-4.52682345172308	0.009	0.177	3.80643737542623e-69	KYNU	c16
1.99658602582537e-165	-4.52455158131466	0.097	0.403	7.30770451312345e-161	CD9	c16
5.05814063895229e-118	-4.52181919912934	0.02	0.27	1.85133005526293e-113	HNMT	c16
2.28489353726045e-52	-4.5175525604039	0.009	0.134	8.36293883572697e-48	FRMD4A	c16
5.37441651788451e-05	-4.51193452523952	0.001	0.01	1	HMMR	c16
2.46558789948549e-83	-4.50798865860125	0.138	0.327	9.02429827090685e-79	IFI27	c16
1.54943897856459e-12	-4.50373242689539	0.001	0.03	5.67110160544425e-08	P2RX1	c16
1.05176533330783e-10	-4.49970989640896	0.002	0.027	3.84956629643999e-06	S100A1	c16
1.03594432360054e-146	-4.49505013093276	0.038	0.331	3.79165981881032e-142	RAB31	c16
9.56182827164783e-08	-4.49300642840844	0.001	0.017	0.00349972476570582	U62317.4	c16
1.00397773222922e-27	-4.49003140154425	0.002	0.069	3.67465889773215e-23	CATSPER1	c16
1.88021068348115e-43	-4.48713227813873	0.006	0.111	6.88175912260937e-39	LINC01094	c16
1.99367756885754e-10	-4.48577181968077	0.002	0.026	7.2970592697755e-06	SH3BP4	c16
1.0576954633868e-28	-4.48015220730073	0.003	0.073	3.87127116554204e-24	CLMN	c16
7.36394717591159e-13	-4.47919336151344	0.001	0.031	2.6952783058554e-08	RTL8B	c16
2.99147127946719e-29	-4.47844199202927	0.003	0.074	1.09490840299779e-24	STEAP3	c16
2.01546501856314e-28	-4.47843857548704	0.009	0.082	7.37680351444294e-24	VCAN	c16
2.93386321726333e-157	-4.47832751709055	0.057	0.364	1.07382327615055e-152	GSN	c16
1.08576384486616e-18	-4.46916236498211	0.003	0.049	3.97400424859462e-14	ARHGAP24	c16
5.99947558445742e-35	-4.46797006181643	0.001	0.084	2.19586805866726e-30	LRRC25	c16
2.12445571627999e-66	-4.46369988067682	0.008	0.161	7.77572036715639e-62	DOK3	c16
2.93588167482899e-09	-4.46289924326314	0.002	0.024	0.000107456205180416	ATF3	c16
1.15908058241273e-05	-4.46149362183765	0	0.011	0.424235083968883	AC026904.1	c16
3.13323225369887e-06	-4.46000869866383	0	0.012	0.114679433717632	M1AP	c16
1.60919634308451e-38	-4.45881143739071	0.005	0.099	5.88981953532361e-34	MACC1	c16
8.71847752270914e-09	-4.45861327147731	0.001	0.02	0.000319104995808677	DNALI1	c16
7.53897262466414e-07	-4.45714630971991	0.005	0.022	0.0275933937035332	PPBP	c16
4.14358361000407e-21	-4.45447259895462	0.004	0.057	1.51659303709759e-16	TMEM176A	c16
1.70413231670076e-12	-4.44667763345961	0.001	0.029	6.23729469235644e-08	CDC42EP1	c16
1.00440737833302e-05	-4.44653099174156	0.001	0.012	0.36762314454367	AC007298.1	c16
7.83767759104861e-189	-4.44277811736441	0.219	0.501	2.8686683750997e-184	FCER1G	c16
2.16039086902202e-36	-4.43627451052309	0.003	0.09	7.90724661970749e-32	AF127936.2	c16
3.03966128809649e-14	-4.43426032302489	0.001	0.035	1.1125464280562e-09	SH3PXD2B	c16
3.63316907379766e-147	-4.43402666199685	0.097	0.384	1.32977621270068e-142	S100A8	c16
1.75950077198735e-62	-4.43161246209247	0.009	0.156	6.43994877555091e-58	TRIO	c16
1.94352523010289e-267	-4.42119704858803	0.525	0.683	7.11349669469958e-263	IFI30	c16
2.23615699252716e-38	-4.42055299799768	0.008	0.102	8.18455820834865e-34	SLAMF8	c16
6.26258796359622e-95	-4.41106868901209	0.013	0.222	2.29216982055585e-90	LY86	c16
2.95505452814815e-204	-4.4098375085914	0.358	0.579	1.0815795078475e-199	CST3	c16
4.50943423824515e-86	-4.40636834853473	0.012	0.205	1.65049802554011e-81	TUBB6	c16
4.77815085423399e-08	-4.40229698276726	0.001	0.018	0.00174885099415818	MYO7B	c16
7.42987788613423e-47	-4.39541230470222	0.005	0.116	2.71940960510399e-42	ACOT1	c16
1.42689067984724e-49	-4.39502603576529	0.005	0.123	5.2225625773089e-45	HSD3B7	c16
3.62425245906703e-29	-4.3837755868352	0.009	0.084	1.32651264254312e-24	TMEM176B	c16
2.02157412540862e-11	-4.3835353767806	0.001	0.028	7.3991634564081e-07	DLC1	c16
1.45153250800291e-18	-4.38233331184678	0.001	0.044	5.31275413254145e-14	PKD2L1	c16
5.37341427718579e-163	-4.38110578817448	0.056	0.369	1.96672335959277e-158	TREM1	c16
2.90049837258169e-96	-4.38002859930578	0.018	0.232	1.06161140934863e-91	LPL	c16
1.4879694009713e-14	-4.37977733929029	0.002	0.036	5.44611680449506e-10	DOCK4	c16
1.06633842255226e-54	-4.3745836717648	0.008	0.137	3.90290526038352e-50	ZNF385A	c16
1.70226235095549e-05	-4.37029339813533	0	0.011	0.62304504307322	OR6N1	c16
1.49675296454138e-11	-4.36878494860313	0.001	0.027	5.47826552551792e-07	LINC01150	c16
1.09992616101256e-05	-4.36854845135169	0	0.011	0.402583974192209	LINC01914	c16
1.47803834746427e-168	-4.36680971306931	0.083	0.396	5.40976815555397e-164	VSIG4	c16
5.38556822046788e-26	-4.36673274183608	0.003	0.066	1.97117182437345e-21	AC026689.1	c16
1.36419044093899e-37	-4.36670940891258	0.005	0.096	4.99307343288081e-33	FOLR1	c16
5.94602471634218e-06	-4.36538506180336	0.001	0.013	0.21763045064284	AC011586.2	c16
3.74824250486203e-67	-4.36431457872627	0.01	0.167	1.37189423920455e-62	MYOF	c16
1.12684168998348e-120	-4.36379475866551	0.028	0.283	4.12435326950854e-116	S100A13	c16
1.21134638541613e-07	-4.36230189330243	0.001	0.018	0.00443364890526156	MARCKS	c16
6.27892712320812e-152	-4.35762456270387	0.077	0.373	2.2981501163654e-147	NUPR1	c16
8.10248370448717e-14	-4.35120965127065	0.002	0.035	2.96559006067935e-09	SOGA1	c16
2.97935335770231e-32	-4.34966675058552	0.003	0.081	1.09047312245262e-27	RAB42	c16
8.84139304185677e-102	-4.3446014442371	0.017	0.241	3.23603826725e-97	STAC	c16
1.4960722073799e-32	-4.34168158948498	0.004	0.083	5.47577388623116e-28	DTX4	c16
2.01396554480394e-09	-4.34154972848609	0.002	0.025	7.37131529053691e-05	TTC8	c16
1.24453220566074e-06	-4.3405027135179	0.001	0.015	0.0455511232593889	AC005082.1	c16
2.31344091961312e-39	-4.33762528626071	0.005	0.101	8.46742510987597e-35	COLEC12	c16
1.06218008009431e-05	-4.33661420716431	0	0.011	0.38876853111532	LINC01827	c16
1.31756735430535e-34	-4.33621179415571	0.008	0.094	4.822428273493e-30	CXCL3	c16
8.61663648659627e-140	-4.33579155917738	0.031	0.316	3.1537751204591e-135	RAB13	c16
3.84432345756466e-15	-4.33542747476011	0.002	0.039	1.40706082870324e-10	TOR4A	c16
3.24326317874345e-09	-4.3299558740398	0.002	0.023	0.000118706675605189	MEF2C	c16
4.09925834415344e-37	-4.3273868215777	0.005	0.096	1.5003695465436e-32	TBC1D9	c16
2.3089769042515e-13	-4.32490115516059	0.001	0.031	8.45108636725091e-09	AL035446.1	c16
4.52427665646266e-18	-4.32481282163816	0.003	0.047	1.6559304990319e-13	DOCK1	c16
1.88419534079275e-78	-4.32130448170023	0.012	0.191	6.89634336683554e-74	CLEC7A	c16
3.29169532870833e-65	-4.31965947940718	0.009	0.161	1.20479340726054e-60	HBEGF	c16
1.18009640637398e-19	-4.31432812831416	0.003	0.051	4.31927085696942e-15	SDC2	c16
2.98008503611352e-207	-4.31165575948814	0.339	0.579	1.09074092406791e-202	FABP4	c16
2.06318877480853e-05	-4.30685866159489	0	0.01	0.755147723467669	AL590617.2	c16
7.24217675943873e-162	-4.30616540147755	0.056	0.369	2.65070911572217e-157	SMIM25	c16
1.7337260928878e-41	-4.30578157327569	0.004	0.103	6.34561087257862e-37	FAM3B	c16
7.94489371550693e-165	-4.30523060827963	0.137	0.433	2.90791054881269e-160	MRC1	c16
1.0796028228677e-06	-4.30457156854923	0.001	0.015	0.0395145429197808	PTGS1	c16
3.79788634041048e-202	-4.30453914991148	0.278	0.544	1.39006437945364e-197	SERPINA1	c16
3.8385836137845e-131	-4.30204898787779	0.034	0.305	1.40495998848127e-126	PILRA	c16
1.78541812416638e-193	-4.29955751597731	0.186	0.488	6.53480887626138e-189	ALDH2	c16
3.67534371898596e-226	-4.2982746135997	0.42	0.622	1.34521255458605e-221	C1QB	c16
6.29271630538634e-06	-4.29440815376781	0	0.012	0.230319709493445	TACR2	c16
1.33685076204157e-27	-4.28934874005856	0.003	0.071	4.89300747414837e-23	ANO5	c16
3.37216601945899e-227	-4.28881579552691	0.38	0.608	1.23424648478218e-222	C1QA	c16
3.87394231507163e-05	-4.28263018083112	0	0.01	1	TFPI	c16
2.29588359799026e-155	-4.28190600254715	0.358	0.532	8.40316355700416e-151	GRN	c16
8.92021900336833e-32	-4.28074689473155	0.004	0.082	3.26488935742284e-27	LILRB2	c16
2.69348094930513e-72	-4.27853232444569	0.017	0.186	9.8584096225517e-68	INHBA	c16
1.89048767848456e-05	-4.27411365125402	0	0.01	0.691937395202135	AC012103.1	c16
1.01077438796678e-21	-4.27239698612755	0.003	0.056	3.69953533739721e-17	C8B	c16
2.34166606247049e-42	-4.26954830154136	0.008	0.112	8.57073195524823e-38	DEFB1	c16
2.48813877870476e-60	-4.26891594557262	0.009	0.152	9.10683674393728e-56	ADAP2	c16
1.64379095673068e-05	-4.2656716536826	0	0.011	0.601643928072998	A4GNT	c16
1.03659613690476e-164	-4.26455942010426	0.067	0.38	3.79404552068513e-160	CYP27A1	c16
2.43659698341827e-14	-4.25492628331622	0.002	0.036	8.91818861900921e-10	ST6GALNAC2	c16
1.36510021302712e-11	-4.25118565430392	0.003	0.031	4.99640328970055e-07	CHIT1	c16
1.90471718841868e-154	-4.24721905529126	0.117	0.405	6.97145538133121e-150	S100A9	c16
4.15514496587539e-05	-4.24707152541226	0	0.01	1	AC108210.1	c16
6.33781200096012e-148	-4.24278625767914	0.039	0.336	2.31970257047141e-143	MS4A4A	c16
5.27969884947904e-13	-4.24098356393778	0.001	0.032	1.93242257589782e-08	PRKAR2B	c16
1.03919435021288e-14	-4.24052643847327	0.002	0.037	3.80355524121416e-10	P2RY1	c16
3.91661179077812e-48	-4.23997859940993	0.005	0.12	1.4335190815427e-43	RAB32	c16
4.15514496568059e-05	-4.23880783908997	0	0.01	1	PTK6	c16
7.42613847430383e-54	-4.23741826245877	0.008	0.137	2.71804094297994e-49	KCNE3	c16
2.97318540992598e-45	-4.23532000543296	0.009	0.12	1.08821559188701e-40	LHFPL2	c16
3.9942611098122e-98	-4.23402558094735	0.056	0.278	1.46193950880236e-93	RBP4	c16
1.57917441322795e-06	-4.23279747602565	0.001	0.014	0.0577993626985562	KLK1	c16
4.46074341617761e-21	-4.23083683551774	0.003	0.054	1.63267669775517e-16	CHDH	c16
9.56408550165786e-260	-4.2301312175693	0.459	0.662	3.50055093446179e-255	APOC1	c16
2.35098777698753e-193	-4.22273684307553	0.247	0.522	8.60485036255204e-189	MARCO	c16
3.82303447294416e-44	-4.22162501529114	0.005	0.11	1.39926884744229e-39	SDSL	c16
1.14557306677168e-130	-4.21516954628391	0.173	0.413	4.19291198169101e-126	CFD	c16
1.1564720923503e-210	-4.2138614501028	0.33	0.575	4.23280350521134e-206	C1QC	c16
4.22858925729813e-05	-4.2117991804233	0	0.01	1	KREMEN1	c16
1.55657085578575e-104	-4.20924055542791	0.03	0.26	5.69720498926142e-100	CD14	c16
8.31125722845145e-14	-4.20778415492135	0.001	0.032	3.04200325818551e-09	RASSF8-AS1	c16
1.78064786883529e-61	-4.20761144202987	0.009	0.153	6.51734926472403e-57	PRAM1	c16
3.12631913860863e-151	-4.20595528774474	0.299	0.519	1.14426406792215e-146	CCL18	c16
3.99070352909865e-140	-4.20354319565914	0.04	0.326	1.4606373986854e-135	PPARG	c16
3.30904796524979e-05	-4.20012941444462	0	0.01	1	AC018755.4	c16
6.70317200411391e-54	-4.1971392389334	0.008	0.136	2.45342798522573e-49	BTK	c16
8.90686735038354e-101	-4.19354136035737	0.021	0.244	3.26000251891388e-96	GPD1	c16
1.57952732570958e-227	-4.18763868399771	0.395	0.616	5.78122796482965e-223	TYROBP	c16
1.85238819626661e-116	-4.18692825412923	0.034	0.284	6.77992603715544e-112	CPVL	c16
5.65162084477084e-07	-4.18684709028606	0.001	0.017	0.0206854974539458	PLXNA2	c16
1.01859743838563e-39	-4.18280360594153	0.004	0.1	3.72816848423523e-35	SLC49A3	c16
2.0839596316995e-44	-4.18167222069174	0.045	0.167	7.62750064798333e-40	HLA-DQA2	c16
5.60926500111892e-26	-4.18081151389201	0.004	0.068	2.05304708305953e-21	UACA	c16
0	-4.17953967478452	0.712	0.783	0	HLA-DRA	c16
5.57457152250308e-102	-4.17787647946104	0.024	0.25	2.04034892295135e-97	TGFBI	c16
7.80312454263829e-19	-4.17784742789979	0.002	0.047	2.85602161385104e-14	CCDC170	c16
3.56002289992588e-36	-4.17753859223193	0.006	0.095	1.30300398160187e-31	CTBP2	c16
3.33769926396594e-90	-4.17688964377847	0.018	0.221	1.22163130760417e-85	MGLL	c16
2.07489509233561e-26	-4.17287213321588	0.005	0.071	7.59432352745758e-22	AC020656.1	c16
4.13704422447207e-06	-4.171915700026	0.001	0.013	0.151419955659902	AC004988.1	c16
6.49269573364296e-12	-4.16504773745906	0.001	0.028	2.37639156547066e-07	SIGLEC14	c16
1.47513187700279e-146	-4.16229339750989	0.052	0.345	5.39913018301791e-142	TNFSF13	c16
3.03477580951268e-34	-4.161205304882	0.007	0.092	1.11075829403974e-29	CA2	c16
2.83416878368428e-96	-4.1611521026513	0.017	0.231	1.03733411651628e-91	OSCAR	c16
8.45634069406841e-97	-4.15947989592321	0.02	0.235	3.09510525743598e-92	PHLDA3	c16
1.53369524970305e-194	-4.15748978397247	0.413	0.59	5.61347798343815e-190	HLA-DRB5	c16
4.02013464548112e-07	-4.15473000042752	0.001	0.016	0.0147140948159254	DLEU7	c16
3.30904796521104e-05	-4.15196618231771	0	0.01	1	AC005225.2	c16
2.35049369655406e-33	-4.15126638895981	0.012	0.098	8.60304197875753e-29	CAMP	c16
2.01285979391979e-24	-4.1500630564322	0.005	0.065	7.36726813172581e-20	AL034397.3	c16
1.7873759313885e-139	-4.14935053750315	0.051	0.336	6.54197464647504e-135	ALOX5	c16
7.08519786771047e-07	-4.14865158578652	0.001	0.016	0.0259325327156071	TNFAIP6	c16
1.83346673441277e-32	-4.1485923659105	0.005	0.084	6.71067159462419e-28	DCSTAMP	c16
1.38359990212804e-13	-4.14596265059925	0.002	0.035	5.06411400177883e-09	JDP2	c16
1.38160826779127e-15	-4.14563664312533	0.002	0.04	5.05682442094283e-11	LRRK1	c16
3.28186496568353e-31	-4.13986063368464	0.003	0.079	1.20119539608983e-26	FILIP1L	c16
1.14058513088155e-10	-4.13912058856878	0.001	0.026	4.17465563753956e-06	ARHGAP22	c16
5.57595653933163e-44	-4.13907420986652	0.008	0.115	2.04085585296077e-39	EPB41L1	c16
5.87262203419376e-158	-4.13621087000939	0.211	0.471	2.14943839073526e-153	APOE	c16
6.71048726888768e-39	-4.13460824618622	0.006	0.101	2.45610544528558e-34	DNAJC5B	c16
1.55414957081512e-187	-4.1341313659511	0.3	0.54	5.68834284414041e-183	FBP1	c16
6.39980756087181e-111	-4.12837112897421	0.052	0.294	2.34239356535469e-106	RETN	c16
1.35824844535718e-06	-4.1222426605992	0.001	0.014	0.0497132513485182	HAAO	c16
1.58986965259443e-120	-4.11515438866399	0.031	0.287	5.81908191546088e-116	HCK	c16
4.4900325982899e-06	-4.10837839357553	0.001	0.013	0.164339683130009	OPLAH	c16
2.91239819633025e-67	-4.10319227759866	0.012	0.17	1.06596686383883e-62	MAFB	c16
3.53970618250513e-42	-4.1017816144664	0.007	0.11	1.2955678598587e-37	ANOS1	c16
1.11881778962768e-46	-4.09932478040196	0.012	0.128	4.09498499181627e-42	THBS1	c16
3.72210998748325e-06	-4.09505313886759	0.001	0.013	0.136232947651874	BACE2	c16
1.60795965182957e-28	-4.08878573009447	0.006	0.077	5.8852931216614e-24	GBGT1	c16
3.81760799951934e-59	-4.08678807840805	0.012	0.154	1.39728270390407e-54	CDC42BPB	c16
3.42930196564952e-48	-4.08412125327164	0.008	0.125	1.25515881244738e-43	MMP19	c16
5.64923606175281e-14	-4.08287061632893	0.001	0.033	2.06767689096215e-09	HES2	c16
1.2189792690302e-60	-4.08005267493669	0.013	0.157	4.46158602257744e-56	CLDN7	c16
2.37861564866609e-89	-4.07898130768262	0.016	0.217	8.70597113568277e-85	FFAR4	c16
9.88472043750176e-25	-4.07494648909624	0.005	0.066	3.61790652733002e-20	CYB5R2	c16
1.86064087792653e-192	-4.07450489114473	0.289	0.538	6.81013167729888e-188	CD68	c16
2.4519162454539e-76	-4.07385720263326	0.017	0.195	8.97425864998582e-72	CPM	c16
2.84164720816056e-06	-4.07114136703336	0.001	0.014	0.104007129465885	SLC41A2	c16
2.45967118527687e-14	-4.06693947890898	0.002	0.037	9.00264250523186e-10	KIF13A	c16
6.51945345031647e-97	-4.06105828977403	0.019	0.234	2.38618515735033e-92	SORT1	c16
7.55670987091595e-24	-4.05860552498301	0.002	0.06	2.76583137985395e-19	GPBAR1	c16
7.24263610719547e-30	-4.05702583571989	0.005	0.078	2.65087724159461e-25	ZMYND15	c16
7.58697036420925e-139	-4.05183638664617	0.061	0.343	2.77690702300423e-134	PLAUR	c16
1.5938622669523e-20	-4.04532052862042	0.002	0.051	5.83369528327211e-16	FPR2	c16
4.39312050696473e-59	-4.04122802646048	0.01	0.151	1.60792603675416e-54	SLC43A2	c16
2.37609551195141e-42	-4.0403149891865	0.013	0.121	8.69674718329337e-38	CIITA	c16
1.32177545612674e-08	-4.03874125961201	0.001	0.02	0.000483783034696949	SEPTIN9-DT	c16
2.47741104574144e-17	-4.0356802387984	0.005	0.049	9.06757216851826e-13	ITIH5	c16
7.60824241030606e-124	-4.03170237355099	0.03	0.292	2.78469280459612e-119	SLC7A7	c16
4.81063030034542e-59	-4.03150749916396	0.009	0.15	1.76073879622943e-54	LTBR	c16
1.53965944677645e-41	-4.02861435784503	0.007	0.109	5.63530754114647e-37	LPCAT2	c16
2.44862154014162e-12	-4.02850284237935	0.001	0.03	8.96219969907235e-08	ZBTB47	c16
1.68027717539624e-16	-4.02816968781348	0.002	0.042	6.14998248966776e-12	CLCN4	c16
5.58492327749452e-49	-4.02442226187212	0.008	0.126	2.04413776879577e-44	CSF2RA	c16
4.53075823346759e-08	-4.01942538688709	0.001	0.018	0.00165830282103147	AL132709.8	c16
4.44415410366089e-16	-4.01774437304147	0.003	0.042	1.62660484348092e-11	RARRES1	c16
2.00958564324927e-57	-4.0170103254486	0.009	0.146	7.35528441285666e-53	DAPK1	c16
2.28097853757986e-22	-4.01582849045168	0.003	0.059	8.34860954539605e-18	ZBED3-AS1	c16
9.81875810053116e-105	-4.01578151040732	0.032	0.264	3.59376365237541e-100	MS4A6A	c16
9.45303821524582e-50	-4.01301179102843	0.006	0.124	3.45990651716212e-45	AL121933.2	c16
3.92232520975756e-42	-4.011019047899	0.005	0.107	1.43561025002336e-37	ALDH3B1	c16
1.72619277509975e-32	-4.01073929603574	0.003	0.082	6.31803817614259e-28	RAB7B	c16
3.24205921476675e-18	-4.00778788118347	0.004	0.05	1.18662609319678e-13	TMEM86A	c16
1.06494486004226e-151	-4.00520608554562	0.076	0.374	3.89780468224066e-147	MSR1	c16
2.16876017522828e-106	-4.00005933412684	0.027	0.261	7.93787911735304e-102	PCOLCE2	c16
3.80688052576948e-05	-3.9978119883666	0.001	0.011	1	PKMYT1	c16
9.82173849360961e-10	-3.99346350587602	0.001	0.023	3.59485450604605e-05	RBP1	c16
7.25590245456523e-06	-3.99297822853281	0.001	0.013	0.265573285739542	GRHL1	c16
1.01976058208223e-05	-3.99240154789711	0.001	0.012	0.373242570647916	AC091182.1	c16
2.32850237897565e-103	-3.99177130119201	0.02	0.247	8.52255155728877e-99	GLDN	c16
2.06916485673214e-53	-3.99174584619674	0.013	0.144	7.5733502921253e-49	RASSF4	c16
2.022810250356e-126	-3.99170082242474	0.049	0.315	7.40368779732798e-122	IGSF6	c16
4.00796173019818e-13	-3.9871809391742	0.003	0.035	1.46695407286983e-08	GNA11	c16
1.22421913746523e-69	-3.98523106046062	0.012	0.175	4.4807644650365e-65	SCIMP	c16
7.24205700546237e-10	-3.98489729643595	0.001	0.024	2.65066528456928e-05	TMEM144	c16
1.52798700885901e-12	-3.98389292501869	0.001	0.03	5.59258525112485e-08	ADORA2B	c16
8.96918163549305e-28	-3.97874951918676	0.003	0.071	3.28281017040681e-23	SUCNR1	c16
2.3322934535239e-112	-3.97647376506303	0.046	0.291	8.53642726924283e-108	TREM2	c16
6.73945462627599e-07	-3.97546768488532	0.001	0.015	0.0246670778776328	SIGLEC5	c16
9.77561228342435e-35	-3.9670161169712	0.006	0.092	3.57797185185614e-30	ADAM9	c16
1.34678547690517e-36	-3.9666015098085	0.007	0.098	4.92936952402062e-32	CD36	c16
1.28553363589331e-42	-3.96108970370316	0.005	0.107	4.70518166073311e-38	UNC5B	c16
2.04166461950013e-15	-3.95679277233749	0.003	0.042	7.47269667383243e-11	DZIP1L	c16
4.85367109575105e-108	-3.94963459906267	0.024	0.26	1.77649215775584e-103	FCGR1A	c16
5.66033683657731e-24	-3.94432515374418	0.005	0.065	2.07173988555566e-19	PSD3	c16
1.85463227596772e-13	-3.94346441271803	0.001	0.033	6.78813959326947e-09	LINC01503	c16
4.0375379031886e-51	-3.9409930331398	0.008	0.13	1.47777924794606e-46	LILRB3	c16
9.96642400385471e-50	-3.94060759700978	0.009	0.129	3.64781084965086e-45	TCN2	c16
2.28995274702932e-36	-3.94038795014829	0.005	0.094	8.38145604940202e-32	LILRA6	c16
9.0310508359567e-17	-3.94010217077007	0.002	0.043	3.30545491646851e-12	PDGFC	c16
3.93599922680108e-09	-3.93977695467189	0.001	0.022	0.000144061507700147	AC079209.1	c16
9.18358804295097e-102	-3.93474144653019	0.022	0.248	3.36128505960048e-97	TIMP2	c16
7.34338135105231e-07	-3.93158781645651	0.001	0.015	0.0268775100829865	RND3	c16
1.03247407967001e-10	-3.92007637356726	0.001	0.026	3.77895837900021e-06	RSPO3	c16
5.70474651420219e-08	-3.91934117745372	0.001	0.018	0.00208799427166314	AC009506.1	c16
6.22804422233303e-32	-3.91832712890222	0.006	0.086	2.27952646581611e-27	B3GNT5	c16
1.21842484668778e-37	-3.91605638476562	0.005	0.097	4.45955678136194e-33	PROS1	c16
4.15467479959523e-10	-3.91597213269544	0.001	0.024	1.52065252339985e-05	INSR	c16
3.94240079427581e-05	-3.91235644929149	0	0.01	1	AC093821.1	c16
1.42698677337903e-156	-3.91018559509347	0.095	0.392	5.2229142892446e-152	CXCL16	c16
1.30331309546899e-35	-3.90800329359191	0.006	0.095	4.77025626072607e-31	NRP1	c16
4.44382730693771e-06	-3.90554939888484	0.001	0.013	0.162648523261227	AC006059.1	c16
2.51225856531585e-22	-3.90376336275855	0.002	0.056	9.19511757491253e-18	P4HA2	c16
5.01610954509413e-91	-3.8992786140495	0.018	0.223	1.8359462545999e-86	PTAFR	c16
7.34474655281247e-75	-3.89853427457834	0.012	0.185	2.68825068579489e-70	TNNI2	c16
1.43908304617774e-48	-3.89848977296502	0.008	0.126	5.26718785731513e-44	PYGL	c16
4.29194884476597e-07	-3.89683404960434	0.001	0.016	0.0157089619667279	AL078582.1	c16
1.86598270929999e-08	-3.89487406236733	0.002	0.021	0.00068296833143089	ANKRD50	c16
1.67595365484837e-141	-3.8947356265988	0.047	0.336	6.1341579721105e-137	DAB2	c16
1.01661458259806e-07	-3.89402478976212	0.002	0.02	0.00372091103376715	ERRFI1	c16
1.61430431509654e-19	-3.89390186468431	0.003	0.052	5.90851522368483e-15	NDST1	c16
5.11612124906795e-145	-3.89340476127789	0.068	0.359	1.87255153837136e-140	GPNMB	c16
9.70367762503716e-100	-3.89320893440944	0.031	0.255	3.55164304753985e-95	C2	c16
7.33431079951975e-11	-3.89205698495146	0.002	0.028	2.68443109573222e-06	INKA2	c16
2.03480042242618e-45	-3.88828152085075	0.01	0.123	7.44757302612207e-41	IRF8	c16
1.93055732046301e-64	-3.88779057869804	0.014	0.168	7.06603284862667e-60	KCTD12	c16
1.14933123269305e-11	-3.88150845745951	0.002	0.029	4.20666724477984e-07	TRPC6	c16
0.000226376181933666	-3.88061835412044	0.004	0.015	1	UBE2C	c16
1.7241480318417e-43	-3.88004682299853	0.008	0.114	6.31055421134379e-39	CLEC4A	c16
9.01362616804071e-10	-3.87978507468367	0.001	0.024	3.29907731376458e-05	LBX2-AS1	c16
2.3583839541134e-08	-3.87579022235856	0.001	0.019	0.000863192111045044	AL138828.1	c16
4.8990719934399e-77	-3.87328825935326	0.014	0.193	1.79310934031894e-72	BHLHE41	c16
7.26430173746611e-36	-3.87232563413936	0.005	0.093	2.65880707892997e-31	PAQR5	c16
1.66467796544983e-08	-3.87188099861274	0.001	0.019	0.000609288782134292	OVCH1	c16
5.81205488569943e-141	-3.87131264887728	0.089	0.367	2.12727020871485e-136	PDLIM1	c16
1.23765436575605e-46	-3.86954469307413	0.008	0.122	4.52993874410372e-42	ARL11	c16
3.50434253960122e-41	-3.86867351363308	0.011	0.114	1.28262441291944e-36	IQSEC3	c16
2.05352244154217e-54	-3.86499923613319	0.007	0.136	7.51609748828851e-50	IQSEC2	c16
1.87925210851997e-93	-3.86239022132567	0.021	0.233	6.87825064239396e-89	SYK	c16
8.59429588533909e-44	-3.85849465140026	0.008	0.115	3.14559823699296e-39	TM6SF1	c16
1.19250699983806e-09	-3.85817138188282	0.001	0.023	4.36469487010729e-05	ALDH1A2	c16
7.71454007475256e-28	-3.85437234649306	0.006	0.077	2.82359881276019e-23	AP000547.3	c16
1.72364555935577e-41	-3.85327237818883	0.006	0.107	6.30871511179804e-37	LILRA5	c16
1.84627555052193e-37	-3.84774426181419	0.006	0.099	6.75755314246533e-33	ASGR1	c16
1.27208700530302e-57	-3.84740285597512	0.013	0.153	4.65596564810957e-53	ANPEP	c16
1.0622438760978e-05	-3.84287768452844	0.001	0.012	0.388791881090557	LINC01226	c16
1.45267014824289e-09	-3.84192289867166	0.001	0.023	5.31691800958381e-05	KRT79	c16
6.87124524126416e-09	-3.83900708733902	0.001	0.02	0.000251494447075509	LINC02542	c16
7.35713038283404e-09	-3.83672101932863	0.001	0.02	0.000269278329142109	CDC42EP4	c16
4.14720339320716e-29	-3.83220929998825	0.011	0.087	1.51791791394775e-24	HP	c16
8.73450882909332e-61	-3.82934370253375	0.014	0.161	3.19691757653645e-56	TFEC	c16
1.70997528559943e-13	-3.82745237143992	0.001	0.033	6.25868054282248e-09	BLNK	c16
1.11713065300202e-13	-3.82217440633177	0.003	0.037	4.08880990305268e-09	PPP2R3A	c16
9.95209862061387e-32	-3.82172849394493	0.006	0.086	3.64256761613088e-27	SPRED1	c16
1.25177501294288e-50	-3.81998554636648	0.01	0.134	4.58162172487224e-46	SPARC	c16
2.11685327492472e-15	-3.81870025695031	0.001	0.037	7.74789467155196e-11	ODF3L1	c16
1.87199830891492e-50	-3.81511398418985	0.01	0.133	6.8517010104595e-46	AQP9	c16
5.79880583126399e-06	-3.80300720321249	0.001	0.014	0.212242092230093	TP53INP2	c16
1.91984491721749e-39	-3.79946595235403	0.007	0.104	7.02682438150774e-35	FCGR1B	c16
3.04897488459286e-160	-3.79398840674459	0.155	0.438	1.11595529750983e-155	SERPING1	c16
3.02361161281617e-09	-3.79391277175624	0.002	0.024	0.000110667208640685	DAGLA	c16
1.20575088570985e-20	-3.78993663172123	0.004	0.056	4.41316881678663e-16	TNFRSF12A	c16
1.88627891028397e-05	-3.78802473702158	0.001	0.012	0.690396943953036	PCSK9	c16
1.43583946289292e-18	-3.78695911910368	0.003	0.048	5.25531601813439e-14	RASGRP4	c16
5.70258044252108e-36	-3.78537710458018	0.008	0.097	2.08720146776714e-31	GRK3	c16
2.8645243510103e-24	-3.78284785276845	0.006	0.067	1.04844455771328e-19	CPED1	c16
1.18058238739809e-05	-3.780346519854	0.001	0.012	0.432104959611576	PMFBP1	c16
4.3503316777315e-07	-3.77908714476958	0.001	0.016	0.0159226489736651	CEACAM3	c16
0	-3.77881603146016	0.729	0.772	0	HLA-DRB1	c16
1.52680951017041e-28	-3.7745268257419	0.003	0.073	5.58827548817472e-24	SLC19A3	c16
6.11490407323572e-30	-3.77377789699541	0.003	0.075	2.238116039845e-25	CSF2RB	c16
3.39474043990671e-06	-3.7705211069564	0.004	0.02	0.124250894841026	TYMS	c16
5.37641131885926e-07	-3.76864226526159	0.001	0.017	0.0196782030681568	C1orf53	c16
3.29161930508194e-13	-3.76788712100289	0.003	0.036	1.20476558185304e-08	AC107884.1	c16
5.31504854206873e-12	-3.76779253095658	0.001	0.029	1.94536091688258e-07	CABLES1	c16
2.22867412138339e-05	-3.76120880642034	0.002	0.014	0.815717015167535	TCF4	c16
1.59131797247937e-67	-3.75682798075497	0.015	0.176	5.82438291107174e-63	LAT2	c16
2.39861303645809e-140	-3.75624989670056	0.067	0.353	8.77916357474026e-136	PLBD1	c16
4.31889950930796e-18	-3.75613975999182	0.003	0.048	1.58076040940181e-13	LINC01504	c16
1.08415048965429e-05	-3.75537786575378	0.002	0.014	0.396809920718365	GPR85	c16
8.27334876496883e-250	-3.74431725787224	0.583	0.689	3.02812838146624e-245	LGALS3	c16
5.69848401264362e-07	-3.73993741141972	0.001	0.017	0.0208570213346769	AC020909.2	c16
3.84419570483065e-13	-3.73170244722316	0.003	0.036	1.40701406992507e-08	PLD1	c16
8.32952587562718e-06	-3.72753811757695	0.001	0.014	0.30486897657383	ZNF503	c16
1.61546308226644e-27	-3.7266379020102	0.003	0.071	5.9127564274034e-23	GAPLINC	c16
5.44649715358412e-120	-3.72503251788242	0.084	0.34	1.99347242318333e-115	CCDC88A	c16
2.75700006701754e-74	-3.72185067703453	0.018	0.193	1.00908959452909e-69	SIRPA	c16
2.5322834866699e-49	-3.72092570821203	0.017	0.142	9.2684107895605e-45	IL1RN	c16
2.15733476812552e-46	-3.71574831405851	0.01	0.125	7.89606098481622e-42	FLVCR2	c16
3.03015552356993e-250	-3.71398544422897	0.461	0.662	1.10906722318183e-245	LYZ	c16
9.43298770697542e-31	-3.71297647522066	0.004	0.079	3.45256783063007e-26	AC011899.2	c16
4.29445574470337e-115	-3.71294548660789	0.042	0.293	1.57181374711888e-110	MNDA	c16
1.13031084849679e-142	-3.71008586668629	0.162	0.424	4.13705073658311e-138	CTSL	c16
3.20636671544972e-138	-3.70947339510023	0.074	0.356	1.17356228152175e-133	OLR1	c16
2.25670847625037e-07	-3.70759313366648	0.001	0.016	0.008259778693924	TMEM236	c16
7.23213430369363e-55	-3.70687796123634	0.013	0.147	2.6470334764949e-50	EPAS1	c16
1.73737857226477e-05	-3.70458500483918	0.001	0.012	0.635897931234628	TRIM36	c16
0.000115759645675765	-3.70302681891937	0.001	0.01	1	CYGB	c16
7.19668144421626e-11	-3.70281344815901	0.001	0.026	2.63405737539759e-06	AC067752.1	c16
6.96557995468525e-21	-3.69684290441129	0.003	0.054	2.54947191921435e-16	TMEM74B	c16
9.75674682055529e-43	-3.68565837721056	0.008	0.112	3.57106690379144e-38	LILRB4	c16
4.3465195553669e-89	-3.68510434043686	0.035	0.242	1.59086962245984e-84	TCF7L2	c16
7.1149086218118e-12	-3.68508014309825	0.001	0.028	2.60412770466934e-07	AC004921.1	c16
9.7854325521864e-16	-3.68339148853294	0.002	0.039	3.58156616842575e-11	CNRIP1	c16
1.64741856173435e-103	-3.68280476323826	0.035	0.267	6.02971667780389e-99	FCGR2A	c16
8.65741425020269e-51	-3.68222821739901	0.013	0.139	3.16870018971669e-46	IRAK3	c16
1.4482981367214e-22	-3.67939327624121	0.005	0.062	5.30091601021401e-18	FARP1	c16
1.62586403691477e-32	-3.67628996818048	0.004	0.083	5.95082496151176e-28	RBP7	c16
8.82502463219122e-17	-3.67341243793323	0.003	0.044	3.23004726562831e-12	WLS	c16
3.82591364796522e-05	-3.67277287887008	0.002	0.013	1	BIRC5	c16
2.72565965213485e-31	-3.67180842353022	0.006	0.085	9.97618689277877e-27	ABCG2	c16
8.41154921187599e-51	-3.67031208796791	0.015	0.142	3.07871112703873e-46	GOLIM4	c16
1.86026137554555e-07	-3.6689386739236	0.001	0.017	0.00680874266063426	PRR15	c16
2.64498986106532e-05	-3.66746856673154	0.001	0.011	0.968092739048519	AKR1C1	c16
3.56263504082736e-20	-3.66709804031455	0.004	0.054	1.30396005129322e-15	BATF3	c16
1.41561917122195e-25	-3.66177171909335	0.081	0.167	5.18130772858947e-21	APOC2	c16
1.46744910934425e-76	-3.6596211205239	0.019	0.199	5.37101048511087e-72	FPR1	c16
3.25469838847577e-09	-3.65360478630645	0.001	0.021	0.000119125215716602	OTOA	c16
3.92644538897239e-32	-3.65303532488971	0.011	0.094	1.43711827681778e-27	MDK	c16
1.50372324536804e-64	-3.65082276455493	0.028	0.188	5.50377745037158e-60	MGST1	c16
2.2183627067726e-25	-3.64717590206779	0.005	0.068	8.11942934305839e-21	MYO1E	c16
8.67126289399697e-22	-3.6424100364957	0.004	0.058	3.17376893183183e-17	MILR1	c16
1.34137908669652e-10	-3.64224206847524	0.001	0.024	4.90958159521795e-06	PRRG4	c16
1.3208029722899e-06	-3.64094967969451	0.001	0.016	0.0483427095887826	LINC02432	c16
2.55797592605819e-05	-3.64008823145017	0.001	0.011	0.936244768696558	OPHN1	c16
6.44652890815022e-28	-3.63493280355332	0.007	0.078	2.35949404567206e-23	PLPP3	c16
4.92930524815184e-47	-3.63246187844398	0.019	0.139	1.80417501387605e-42	DUSP6	c16
4.49983192330301e-32	-3.62990370409427	0.006	0.086	1.64698348224813e-27	SEMA3C	c16
7.67978172610659e-25	-3.62942368089974	0.005	0.068	2.81087690957227e-20	MCTP1	c16
3.08786751494328e-22	-3.62560683183121	0.003	0.057	1.13019038914439e-17	SRC	c16
9.84226003355412e-05	-3.62299101183411	0.001	0.01	1	LGALS2	c16
3.38593396044871e-44	-3.62298320064884	0.009	0.118	1.23928568886383e-39	GPX3	c16
2.36294765743843e-49	-3.62031541440909	0.014	0.137	8.64862472099039e-45	PHACTR1	c16
2.44131321477183e-31	-3.61881373697717	0.006	0.084	8.93545049738638e-27	B3GNT7	c16
1.69572186795651e-26	-3.61542343470377	0.005	0.072	6.20651160890763e-22	TLR8	c16
3.69441414761685e-34	-3.61510945541205	0.006	0.09	1.35219252216924e-29	PTGR1	c16
1.15729299023107e-11	-3.60976521240641	0.003	0.031	4.23580807354475e-07	SDC3	c16
1.89929734757351e-32	-3.60878185274652	0.008	0.089	6.95161822185379e-28	HOXB6	c16
5.88320747684381e-11	-3.60714452789567	0.002	0.028	2.1533127685996e-06	CDC42BPA	c16
8.3292043175351e-28	-3.60652723165614	0.008	0.079	3.04857207226102e-23	GAS2L3	c16
1.91687439188536e-43	-3.6046340771921	0.013	0.122	7.01595196173962e-39	SOX4	c16
9.19372503632207e-25	-3.59947070413433	0.005	0.067	3.36499530054424e-20	AOC3	c16
1.5259330918912e-16	-3.5966106327737	0.005	0.048	5.58506770963099e-12	NAPSA	c16
8.25225265753547e-08	-3.59166294854614	0.001	0.018	0.00302040699518456	TJP1	c16
3.0753463224353e-105	-3.58717640390583	0.042	0.278	1.12560750747455e-100	ATP1B1	c16
1.0108745328215e-34	-3.57882498167656	0.013	0.103	3.69990187757998e-30	CTNND1	c16
2.64730363484473e-05	-3.57406354401943	0.001	0.011	0.968939603389519	APBB2	c16
3.89547223950691e-06	-3.57330021387952	0.001	0.013	0.142578179438193	ARMC9	c16
3.81518227366782e-57	-3.56100148514525	0.014	0.154	1.39639486398516e-52	GNB4	c16
5.25000703474449e-21	-3.56093556162652	0.005	0.057	1.92155507478683e-16	MTMR11	c16
2.16214104906479e-07	-3.55977538785353	0.001	0.018	0.00791365245368202	SNCA	c16
9.94798424292213e-05	-3.55809375018405	0.001	0.01	1	TNNI1	c16
4.94440048928505e-22	-3.55746356033131	0.007	0.064	1.80970002308322e-17	ITPRIPL2	c16
7.71759793540559e-71	-3.55150841873592	0.024	0.195	2.8247180203378e-66	MME	c16
5.40187044597837e-101	-3.54873159892081	0.036	0.266	1.97713860193254e-96	CORO1C	c16
2.78045265150542e-43	-3.54669319222533	0.012	0.121	1.0176734749775e-38	TST	c16
7.35871754303604e-21	-3.54508870645457	0.005	0.058	2.69336420792662e-16	SPIRE1	c16
3.73877710226199e-18	-3.53557772435592	0.005	0.052	1.36842980719891e-13	SEPTIN4	c16
1.06890027400748e-25	-3.52997880648203	0.004	0.068	3.91228189289478e-21	GNG12	c16
2.41581453485213e-15	-3.52640328421927	0.002	0.04	8.84212277901227e-11	TMEM255B	c16
1.8429004485636e-53	-3.52464867411167	0.01	0.139	6.74519993178763e-49	TP53I3	c16
7.19572549077643e-10	-3.52083732435838	0.002	0.025	2.63370748687908e-05	KRT8	c16
2.35431569078569e-14	-3.52031955096523	0.002	0.037	8.6170308598447e-10	AC025048.4	c16
2.77459162961455e-49	-3.52015655929986	0.013	0.135	1.01552828235522e-44	LYN	c16
1.75596493401078e-06	-3.51551396593821	0.001	0.014	0.0642700725497287	CD300E	c16
6.10848517573107e-19	-3.51496268648263	0.003	0.049	2.23576665916933e-14	AC083855.2	c16
2.80431307038053e-12	-3.51336864863308	0.002	0.032	1.02640662688998e-07	SHISA4	c16
7.4736664922815e-46	-3.511841792375	0.012	0.127	2.73543667283995e-41	TLR4	c16
2.5420014329761e-10	-3.5088158928389	0.001	0.025	9.30397944483583e-06	AL451123.1	c16
4.54628622350051e-147	-3.50770160990215	0.123	0.409	1.66398622066342e-142	CYBB	c16
3.99272062813217e-11	-3.50549030124041	0.001	0.027	1.46137567710266e-06	CUEDC1	c16
7.1384216513647e-37	-3.50499640344121	0.009	0.101	2.61273370861599e-32	FPR3	c16
1.59418084454246e-15	-3.49854863046465	0.003	0.041	5.83486130910987e-11	FAM92A	c16
2.22906779562494e-48	-3.49815923827773	0.016	0.138	8.15861103876686e-44	C3AR1	c16
3.20297599992564e-26	-3.4973326234964	0.01	0.079	1.17232124573278e-21	ADPRH	c16
1.4815628878906e-29	-3.49702642903385	0.008	0.084	5.42266832596837e-25	ZFHX3	c16
5.32262940413657e-08	-3.49611497040105	0.002	0.02	0.00194813558820803	TPD52L1	c16
1.12228871377638e-11	-3.49334782464164	0.001	0.027	4.10768892129292e-07	GSTT2B	c16
2.04950487359121e-24	-3.48775302737758	0.003	0.063	7.50139278783117e-20	FXYD6	c16
3.3783600999133e-59	-3.48694240144967	0.012	0.154	1.23651358016927e-54	STAC3	c16
9.03110335821493e-25	-3.48202793136184	0.009	0.073	3.30547414014025e-20	BCAT1	c16
6.04781882367173e-79	-3.47973936436464	0.022	0.208	2.21356216765209e-74	EPHX1	c16
1.95625233047632e-120	-3.47834215463782	0.094	0.347	7.16007915477639e-116	HLA-DMB	c16
2.28798544724629e-12	-3.4717942920175	0.003	0.034	8.37425553546613e-08	S100P	c16
6.68933840607114e-14	-3.46792767582944	0.003	0.037	2.4483647500061e-09	DDIAS	c16
8.06328274030041e-11	-3.4629663436947	0.002	0.028	2.95124211577735e-06	PAPSS2	c16
1.76554022518453e-40	-3.461998140669	0.012	0.114	6.46205377819791e-36	CCRL2	c16
1.00230402435592e-05	-3.45813787594961	0.001	0.013	0.366853295954511	CFB	c16
6.82416532026886e-45	-3.45811104377915	0.017	0.133	2.4977127488716e-40	LILRB1	c16
9.62925393228931e-71	-3.45771197750546	0.016	0.184	3.52440323175721e-66	CDCP1	c16
3.35073052899928e-13	-3.45590859071164	0.003	0.035	1.22640088091903e-08	AL356417.3	c16
1.4162688729182e-32	-3.45048893671678	0.021	0.11	5.18368570176791e-28	TANC2	c16
1.84131511145517e-19	-3.45042721690602	0.003	0.052	6.73939743943705e-15	AKR1C2	c16
4.57862664099933e-17	-3.44847807695606	0.008	0.053	1.67582313687216e-12	PLAGL1	c16
0.000916707568420086	-3.4480460412344	0.005	0.015	1	RRM2	c16
1.48716995652824e-42	-3.44333692000671	0.008	0.112	5.44319075788901e-38	SPR	c16
3.89021045310907e-19	-3.44070488279521	0.011	0.063	1.42385592794245e-14	ARSB	c16
2.83369657105451e-06	-3.43953050261061	0.027	0.051	0.103716128197166	RNASE1	c16
1.1361148689814e-134	-3.43854833454287	0.28	0.477	4.15829403195882e-130	FABP5	c16
1.62120854232962e-40	-3.4380127381549	0.015	0.12	5.93378538578064e-36	RASGEF1B	c16
2.02732301957152e-12	-3.43767034270358	0.003	0.033	7.42020498393374e-08	TFCP2L1	c16
5.72376851239008e-06	-3.43610141277714	0.047	0.073	0.209495651321989	CXCR6	c16
1.35829022685614e-68	-3.43506928873734	0.141	0.31	4.97147805931614e-64	CES1	c16
6.20814680513229e-14	-3.43423645142938	0.002	0.035	2.27224381214647e-09	PIR	c16
2.22243179769871e-07	-3.43286499811549	0.001	0.016	0.00813432262275703	S100A16	c16
2.48493636615322e-32	-3.43276124248197	0.008	0.089	9.09511559375739e-28	SIGLEC9	c16
3.27717961185302e-06	-3.43208481359263	0.001	0.014	0.119948050973433	SLC22A4	c16
1.52150600217077e-10	-3.43177946913403	0.005	0.032	5.56886411854522e-06	KIFC3	c16
4.20844209552111e-07	-3.42914705350448	0.001	0.017	0.0154033189138168	PLA2G4A	c16
0.000198302262482639	-3.42407200393505	0.002	0.012	1	RGS18	c16
7.46481395836716e-24	-3.42294967455935	0.003	0.062	2.73219655690196e-19	VDR	c16
0.0161358100472261	-3.41615094602407	0.008	0.014	1	MT1G	c16
3.01614135232682e-84	-3.41352545242353	0.025	0.223	1.10393789636514e-79	ALDH1A1	c16
1.50594177070318e-25	-3.41091989576774	0.003	0.066	5.5118974749507e-21	CPE	c16
6.50778647763812e-08	-3.40776100099097	0.004	0.024	0.00238191492868033	ZEB2-AS1	c16
5.504704901515e-10	-3.40686702840834	0.002	0.026	2.0147770410035e-05	SLC24A4	c16
6.25683353137485e-12	-3.40569628093295	0.003	0.033	2.29006364081851e-07	EMP1	c16
6.84311001838745e-30	-3.40355842754608	0.005	0.08	2.50464669782999e-25	CNTLN	c16
1.045378328782e-08	-3.40060986419431	0.001	0.021	0.000382618922117499	PXDC1	c16
3.42569106465353e-25	-3.39923656659204	0.007	0.071	1.25383718657384e-20	GAS2L1	c16
8.28176343385178e-162	-3.3985859755701	0.374	0.557	3.03120823442409e-157	HLA-DQA1	c16
1.19792684395811e-33	-3.39317072478673	0.017	0.107	4.38453204157107e-29	PLXND1	c16
1.64006284374301e-96	-3.3913180055281	0.033	0.255	6.00279401438379e-92	CD302	c16
8.24742623144362e-17	-3.38674909335207	0.005	0.047	3.01864047497068e-12	SASH1	c16
8.34383885724107e-100	-3.38582428419096	0.069	0.301	3.0539284601388e-95	SCD	c16
2.35713052072716e-31	-3.38569162115069	0.017	0.102	8.62733341891347e-27	CDKN1A	c16
7.20798348231808e-11	-3.38490462268173	0.002	0.028	2.63819403436324e-06	L1TD1	c16
2.71516856728785e-27	-3.37777079636329	0.006	0.075	9.93778847313026e-23	SLC2A9	c16
7.03626246516081e-18	-3.37665788342531	0.003	0.048	2.57534242487351e-13	CLEC4E	c16
4.75815794795733e-06	-3.37504932800955	0.001	0.014	0.174153339053186	CRNDE	c16
2.32276207226978e-101	-3.37355859601019	0.055	0.287	8.50154146071461e-97	C5AR1	c16
1.01342128166227e-33	-3.3719243878984	0.009	0.095	3.70922323301206e-29	EPB41L3	c16
4.49144872744377e-15	-3.37111770142387	0.002	0.039	1.64391514873169e-10	TEX14	c16
7.35166299799033e-20	-3.36785761442365	0.005	0.055	2.69078217389444e-15	DDO	c16
7.87819226648661e-11	-3.3638828880653	0.002	0.027	2.88349715145676e-06	FKBP9	c16
1.30394052950079e-15	-3.36271361897867	0.002	0.039	4.77255273202584e-11	TPRG1-AS1	c16
2.14549831189806e-21	-3.36137389482103	0.006	0.062	7.85273837137807e-17	CD109	c16
4.77692367037374e-14	-3.36110100519601	0.003	0.037	1.74840183259349e-09	FCGR3B	c16
9.53097938785525e-55	-3.35666649948617	0.024	0.162	3.4884337657489e-50	HLA-DQB2	c16
9.44106598246672e-89	-3.35510347118002	0.038	0.246	3.45552456024264e-84	SLC31A2	c16
3.25638453630858e-74	-3.35260615696067	0.025	0.205	1.1918693041343e-69	CLIC4	c16
1.01046496715348e-07	-3.34930949833836	0.002	0.019	0.00369840282627844	LINC02828	c16
1.53822374139437e-10	-3.34666543514596	0.005	0.032	5.63005271587752e-06	AKAP5	c16
5.20920357798323e-47	-3.34569795698678	0.019	0.139	1.90662060157764e-42	ACSL1	c16
3.43453514528908e-49	-3.34218391807704	0.018	0.143	1.25707420852725e-44	ARRDC4	c16
5.7094552743856e-26	-3.34119215753199	0.006	0.071	2.08971772497787e-21	MMP14	c16
1.46739830071796e-17	-3.34007837494552	0.008	0.055	5.37082452045782e-13	LONRF3	c16
2.09152005794355e-06	-3.33370028800527	0.001	0.014	0.0765517256407918	HTRA4	c16
7.31507350845788e-25	-3.33318936337601	0.005	0.067	2.67739005483067e-20	SLC47A1	c16
1.76369510150123e-08	-3.33297155249435	0.001	0.02	0.000645530044100466	SMPDL3A	c16
2.65351017841335e-13	-3.33198451313999	0.003	0.036	9.71211260401069e-09	TICAM2	c16
6.32960367809022e-41	-3.32655947893099	0.016	0.122	2.3166982422178e-36	FCHO2	c16
1.01356135595139e-17	-3.32654722448629	0.002	0.045	3.70973591891767e-13	SSPN	c16
2.56521196518895e-75	-3.32301005685362	0.03	0.211	9.38893231378809e-71	UBE2E2	c16
9.65633063483162e-65	-3.32122407949224	0.023	0.182	3.53431357565472e-60	AVPI1	c16
2.93052118333982e-24	-3.32040808190477	0.004	0.064	1.07260005831421e-19	LDHD	c16
1.56240968985656e-07	-3.32002788596134	0.001	0.018	0.00571857570584399	GOLM1	c16
1.98596469483185e-51	-3.31337706933609	0.019	0.149	7.26882937955407e-47	ACE	c16
1.69088031288207e-32	-3.3100208542308	0.01	0.094	6.18879103317968e-28	FADS1	c16
1.24644149651178e-110	-3.30758280350716	0.105	0.346	4.56210052138277e-106	PNPLA6	c16
3.71330971757952e-124	-3.30603753743323	0.267	0.457	1.35910848973128e-119	HLA-DMA	c16
0.00137626299355558	-3.3011042785454	0.002	0.01	1	FAM111B	c16
3.03728754436407e-07	-3.30048738213765	0.001	0.017	0.0111167761411269	GDF15	c16
9.86927526193091e-06	-3.29585114849183	0.001	0.013	0.361225343861933	CCDC13	c16
1.56362021400077e-11	-3.29434795088824	0.004	0.033	5.72300634526423e-07	PFKFB4	c16
5.0304255836019e-07	-3.29362022812709	0.001	0.016	0.0184118606785413	CD1D	c16
6.84310423015805e-78	-3.29349853025783	0.038	0.227	2.50464457928015e-73	SLC31A1	c16
4.87447205930274e-06	-3.29307698441592	0.002	0.015	0.17841055184254	RUSC2	c16
3.04391940666506e-10	-3.28644681716155	0.002	0.027	1.11410494203348e-05	CXCL2	c16
2.507658034211e-113	-3.28471044560223	0.41	0.514	9.17827917101567e-109	ACP5	c16
3.21649543997494e-131	-3.28314176312378	0.144	0.401	1.17726949598523e-126	FCGR3A	c16
1.51171784957278e-32	-3.27977058694349	0.016	0.104	5.53303850122134e-28	RGS12	c16
1.00195543503471e-33	-3.27874323436305	0.012	0.099	3.66725708777053e-29	HK2	c16
7.29292929860353e-128	-3.27078573008075	0.082	0.353	2.66928505258188e-123	NCF2	c16
1.40308493960601e-16	-3.26808790539691	0.004	0.046	5.13543118745194e-12	RIN2	c16
9.44488929965166e-45	-3.26748825565961	0.017	0.133	3.4569239325655e-40	PDK4	c16
2.50078415751058e-55	-3.26008151454615	0.019	0.157	9.15312009490448e-51	PROCR	c16
7.39950758426476e-61	-3.25833146846918	0.03	0.185	2.70829377091674e-56	CD83	c16
7.6305737371471e-10	-3.25584325517273	0.001	0.024	2.79286629353321e-05	AL359762.1	c16
7.3409738452546e-21	-3.25566749985912	0.004	0.056	2.68686983710164e-16	TMEM51	c16
3.40923436896487e-14	-3.25387386330453	0.006	0.044	1.24781387138483e-09	TBC1D16	c16
2.93583819284317e-16	-3.25080666086077	0.004	0.045	1.07454613696253e-11	SOWAHC	c16
4.92987448812695e-11	-3.2449158235725	0.003	0.031	1.80438336139935e-06	ZGLP1	c16
3.68329562185179e-08	-3.24334839544981	0.002	0.022	0.00134812303055397	PFKFB2	c16
6.7142697575658e-15	-3.24070357392677	0.004	0.042	2.45748987396666e-10	SLC1A3	c16
5.29948358198707e-159	-3.24050642170974	0.457	0.581	1.93966398584309e-154	HLA-DQB1	c16
8.90843048721325e-08	-3.23547108242566	0.002	0.02	0.00326057464262492	B3GALNT1	c16
1.27153599808208e-49	-3.2350228742734	0.054	0.191	4.65394890658024e-45	NMB	c16
1.31396765787284e-07	-3.2342888890527	0.001	0.018	0.00480925302458038	BCL2L2	c16
4.95572292598589e-15	-3.23074205655272	0.005	0.044	1.81384414814009e-10	PVR	c16
1.06738095037406e-104	-3.230592137999	0.105	0.346	3.90672101646409e-100	HMOX1	c16
2.767956693118e-71	-3.22764062872522	0.031	0.207	1.01309982924812e-66	SIRPB1	c16
0.000117500288149014	-3.22739868332321	0.003	0.014	1	ATP9A	c16
3.10554812758397e-05	-3.22659737120514	0.001	0.011	1	RNASE2	c16
1.21164072292891e-07	-3.22653549425163	0.001	0.017	0.0044347262099921	ADORA1	c16
2.27872750835943e-20	-3.22316025144837	0.005	0.056	8.34037055334635e-16	NFAM1	c16
1.01517288069305e-07	-3.22169909620834	0.003	0.022	0.00371563426062464	PTGFRN	c16
8.43610658808959e-31	-3.2184723376631	0.009	0.089	3.08769937230667e-26	CARD9	c16
1.13279956760344e-12	-3.21527275980487	0.003	0.034	4.14615969738533e-08	IFITM10	c16
8.36861629927302e-23	-3.20267494967852	0.003	0.059	3.06299725169692e-18	ECSCR	c16
5.67113488973198e-107	-3.20100448676325	0.171	0.383	2.0756920809908e-102	CTSZ	c16
1.30954581191642e-10	-3.19915418224598	0.003	0.03	4.79306862619529e-06	LINC00996	c16
1.01373650798552e-08	-3.19573567221862	0.002	0.022	0.00037103769928778	TTYH3	c16
5.78709770254061e-78	-3.19547683705863	0.043	0.234	2.11813563010689e-73	ENG	c16
0.00765122422650327	-3.19198484842091	0.012	0.021	1	FASLG	c16
2.17574668140836e-12	-3.19106684164688	0.002	0.032	7.96345042862274e-08	CC2D2A	c16
0.000158634752827694	-3.19038260669545	0.001	0.01	1	ITLN1	c16
0.00216527351740486	-3.18652990407538	0.003	0.01	1	CDC20	c16
1.64983396261715e-27	-3.18459564818311	0.017	0.094	6.03855728657504e-23	CXCL5	c16
5.14969038994254e-05	-3.17933929469805	0.001	0.011	1	SHB	c16
2.41128311438739e-07	-3.17923891896211	0.001	0.017	0.00882553732696929	LYPD5	c16
1.90843563379179e-05	-3.17612953485583	0.001	0.012	0.698506526324134	SMIM2-AS1	c16
2.47726059079057e-07	-3.16871123059065	0.002	0.019	0.00906702148835256	NLRP12	c16
2.23295889090787e-27	-3.16358646128654	0.012	0.085	8.17285283661188e-23	SNX24	c16
7.89243992622245e-11	-3.16334778471677	0.005	0.033	2.88871193739668e-06	TMEM170B	c16
7.95839252740222e-10	-3.16101472697247	0.003	0.028	2.91285124895449e-05	SUOX	c16
1.78018387909603e-114	-3.16002647585403	0.111	0.358	6.51565101587937e-110	ARHGAP18	c16
3.05262514242624e-05	-3.15362269129141	0.001	0.011	1	SPATA12	c16
1.90762180761357e-13	-3.14858696881406	0.004	0.038	6.98208657804641e-09	DIXDC1	c16
1.07246397507465e-73	-3.14532861415588	0.091	0.278	3.92532539517072e-69	TFRC	c16
2.09714361744064e-80	-3.14491671895156	0.094	0.295	7.67575535419447e-76	ZEB2	c16
5.88468647292396e-60	-3.14386782580345	0.042	0.199	2.1538540959549e-55	SLFN11	c16
8.8465351170287e-16	-3.14278668167042	0.006	0.047	3.23792031818367e-11	BCAR3	c16
9.17025024168941e-19	-3.14115811040469	0.002	0.048	3.35640329096074e-14	DHRS9	c16
4.07413883553374e-60	-3.13897634737297	0.027	0.179	1.49117555519371e-55	SHTN1	c16
2.31769953608469e-15	-3.13089947606245	0.008	0.05	8.48301207202358e-11	RYR1	c16
8.61179977927575e-40	-3.12650126120954	0.013	0.114	3.15200483721272e-35	SOWAHD	c16
7.55545893567796e-08	-3.12375471269744	0.001	0.019	0.00276537352504749	KIAA1522	c16
0	-3.12088653407265	1	0.996	0	FTL	c16
2.99295699485552e-39	-3.11896807768558	0.012	0.113	1.09545218968707e-34	DNAAF4	c16
1.73566755784276e-07	-3.11300539809764	0.001	0.018	0.00635271682846027	VGLL3	c16
6.69931799095503e-06	-3.1129905623674	0.002	0.015	0.245201737786945	TTC28	c16
1.60662740681752e-25	-3.11160721363603	0.01	0.078	5.8804169716928e-21	SLC2A6	c16
8.70986151322226e-31	-3.11011142185693	0.019	0.103	3.18789641245448e-26	ATP6V0A1	c16
3.71378847575243e-06	-3.10997074000978	0.001	0.013	0.135928372001015	SMAD6	c16
7.70656810721019e-51	-3.10939973963571	0.027	0.16	2.82068099292e-46	TSPAN4	c16
2.22036065248459e-08	-3.10478876824245	0.001	0.02	0.000812674202415883	RASSF8	c16
2.14717374492551e-05	-3.10448342884681	0.002	0.014	0.785887062380187	KDELR3	c16
7.11564595357823e-06	-3.10338784158855	0.001	0.014	0.260439757546917	GLTPD2	c16
3.67427128727999e-05	-3.10100514913891	0.007	0.021	1	CLSPN	c16
9.50500784609507e-11	-3.08831217534071	0.009	0.039	3.47892792174926e-06	ABCA1	c16
7.17678327049548e-14	-3.08375863322533	0.006	0.042	2.62677444483405e-09	TM4SF19	c16
1.3226745888298e-134	-3.08226262781042	0.431	0.545	4.84112126257595e-130	CAPG	c16
1.62712978760129e-39	-3.08140972315446	0.016	0.12	5.95545773559947e-35	VASH1	c16
1.22791907584435e-60	-3.07711876608413	0.04	0.198	4.49430660949791e-56	ACO1	c16
1.94296414306846e-05	-3.07220446172226	0.001	0.012	0.711144306004487	CHMP4C	c16
2.17331765621124e-05	-3.07186970010442	0.003	0.016	0.795455995349877	SPRED2	c16
7.83759722018564e-09	-3.07093987836191	0.002	0.023	0.000286863895856014	C11orf45	c16
3.04528276458873e-19	-3.06901703742798	0.009	0.061	1.11460394466712e-14	ITSN1	c16
0.000995954468697472	-3.06074407899312	0.015	0.028	1	RGS16	c16
8.23200499760232e-210	-3.05237694025727	0.716	0.701	3.01299614917243e-205	CTSD	c16
2.18481297287941e-09	-3.05179278568254	0.001	0.021	7.99663396203592e-05	STARD8	c16
2.21181458380632e-13	-3.05116723632608	0.005	0.039	8.09546255818952e-09	SLC46A1	c16
1.72758156753477e-29	-3.05088909237611	0.014	0.093	6.323121295334e-25	PLOD1	c16
4.87393579721356e-17	-3.04321004784551	0.006	0.051	1.78390924113814e-12	CRACR2B	c16
5.38230165557715e-235	-3.04092611475607	0.726	0.727	1.96997622895779e-230	HLA-DPA1	c16
1.39753591073218e-08	-3.04088197511347	0.002	0.023	0.000511512118687083	EGR1	c16
4.16397075546595e-09	-3.03727945465474	0.002	0.023	0.000152405493620809	TLR2	c16
4.10907600099839e-31	-3.03519247192396	0.013	0.095	1.50396290712542e-26	ARPIN	c16
1.01926281654506e-41	-3.02983090313321	0.017	0.126	3.73060383483656e-37	CCR1	c16
1.51782233829092e-12	-3.02975358134453	0.002	0.033	5.55538154037858e-08	TTC7B	c16
0.000184022453964333	-3.02753325680938	0.002	0.011	1	PLA2G7	c16
2.28293143571554e-29	-3.02679894388914	0.013	0.091	8.35575734786244e-25	BACE1	c16
4.00362849022434e-48	-3.02537451199753	0.034	0.163	1.46536806370701e-43	GK	c16
1.61057514950338e-31	-3.02518211676156	0.016	0.101	5.89486610469731e-27	PTPRO	c16
2.05153677297231e-12	-3.0230400460555	0.005	0.037	7.50882974275596e-08	CDK18	c16
3.26668754175359e-72	-3.02251234189081	0.039	0.219	1.19564030715723e-67	NCEH1	c16
0.000505061102851193	-3.02110094082133	0.002	0.01	1	FMN1	c16
2.64416253935066e-12	-3.02078496039246	0.002	0.032	9.67789931027737e-08	KCNAB1	c16
8.39358741077524e-11	-3.01821719875331	0.005	0.033	3.07213692821785e-06	ADGRE2	c16
4.73759553648119e-21	-3.01531761525736	0.005	0.058	1.73400734230748e-16	HHEX	c16
1.75954480003331e-91	-3.01509518386142	0.05	0.266	6.44010992260192e-87	SMCO4	c16
1.66295954217636e-06	-3.01390861359286	0.001	0.015	0.060865982203197	AQP7	c16
3.63597221894882e-145	-3.01219980921048	0.3	0.505	1.33080219185746e-140	GLUL	c16
9.25062401725026e-07	-3.00335090385774	0.001	0.015	0.0338582089655377	AL772337.2	c16
0.00072461370962812	-2.99638451808887	0.006	0.016	1	AC243829.4	c16
0.000402406319019721	-2.99322663456951	0.003	0.012	1	LINC02035	c16
4.93767158952629e-15	-2.9926754405896	0.006	0.045	1.80723717848252e-10	SDC4	c16
2.47791918855758e-09	-2.99248824538448	0.003	0.027	9.06943202203959e-05	SLC22A15	c16
1.71710340468899e-19	-2.99036903323551	0.006	0.057	6.28477017150216e-15	MUC12	c16
1.98494343159996e-06	-2.98977688997079	0.001	0.015	0.07265091453999	RAB39A	c16
1.41150181000698e-08	-2.97889241147154	0.002	0.023	0.000516623777480654	SERPINF2	c16
1.21724258839877e-07	-2.9748999996994	0.002	0.019	0.00445522959779833	LAMB2	c16
2.41101930620171e-07	-2.9670021368205	0.003	0.022	0.00882457176262888	TPPP	c16
1.90117944630423e-49	-2.96505989941897	0.039	0.173	6.95850689141811e-45	NR1H3	c16
1.48633980237509e-62	-2.96332961761419	0.069	0.235	5.44015231067307e-58	FGR	c16
2.9503486087814e-46	-2.95350288350324	0.028	0.153	1.07985709430008e-41	PIK3AP1	c16
1.23468093269294e-52	-2.95216321801353	0.035	0.175	4.51905568174943e-48	IDH1	c16
1.41182492102546e-06	-2.95187857562845	0.003	0.02	0.051674203934453	FNDC10	c16
7.00335270130276e-15	-2.95049006762729	0.005	0.043	2.56329712220382e-10	CTTNBP2NL	c16
1.70903007775693e-48	-2.95046724444692	0.03	0.16	6.25522098759814e-44	RXRA	c16
6.20149492847904e-18	-2.94816905128429	0.005	0.051	2.26980915877261e-13	CLIC2	c16
1.49548074035577e-07	-2.94438480084862	0.002	0.02	0.00547360905777615	CCR5AS	c16
4.99760687309744e-24	-2.94196561118241	0.02	0.089	1.8291740916224e-19	RNASE6	c16
3.30529310524932e-47	-2.93944291357651	0.034	0.162	1.2097703294523e-42	RHOB	c16
2.45579775747543e-16	-2.93857190367984	0.01	0.056	8.98846537213582e-12	RNF144B	c16
2.81565812206628e-110	-2.93764684898379	0.135	0.373	1.03055902925748e-105	LMNA	c16
7.01981749850239e-49	-2.93166404986741	0.017	0.142	2.56932340262686e-44	EVI5	c16
9.40761744043008e-06	-2.93099229867039	0.003	0.017	0.344328205937181	NR4A1	c16
2.12217141569162e-59	-2.92782201530164	0.049	0.206	7.76735959857288e-55	SLC27A3	c16
1.03642071042671e-07	-2.92650995489327	0.002	0.021	0.0037934034422328	LILRB5	c16
1.69320602639056e-40	-2.92593217366878	0.019	0.127	6.1973033771921e-36	SGMS2	c16
1.64824414894416e-06	-2.92527230672061	0.001	0.015	0.0603273840955053	OSCP1	c16
0.00437591288610627	-2.92478114643544	0.003	0.01	1	GTSE1	c16
0.000107557201793017	-2.92441247242919	0.001	0.01	1	SH2D4B	c16
1.10718790693695e-32	-2.92418348950807	0.023	0.115	4.05241845817994e-28	RHOQ	c16
0.000763530602734419	-2.92132539339388	0.002	0.01	1	GATM	c16
1.45710100330225e-05	-2.92123854174582	0.002	0.014	0.533313538218656	KCNC3	c16
1.30144279363068e-05	-2.92064313946829	0.001	0.012	0.476341076896764	CCDC151	c16
8.71576880924537e-08	-2.92019935281336	0.009	0.031	0.0031900585418719	SLC4A8	c16
2.36878741747899e-06	-2.91702735736676	0.001	0.015	0.0866999882671484	ATP6V0D2	c16
6.78387923507714e-20	-2.91111017767896	0.012	0.067	2.48296763883059e-15	BMP2K	c16
7.89816756089361e-07	-2.91084683866596	0.002	0.017	0.0289080830896267	TMEM37	c16
7.85266802892717e-05	-2.90508512145669	0.001	0.01	1	SOBP	c16
5.65668922000595e-43	-2.9032687796124	0.013	0.123	2.07040482141438e-38	PMP22	c16
5.21958642053405e-65	-2.8984417806376	0.072	0.245	1.91042082577967e-60	ABCG1	c16
1.53541486792076e-05	-2.89687846029873	0.002	0.015	0.561977195807677	NECTIN1	c16
1.06411536449555e-33	-2.8946968576991	0.012	0.099	3.89476864559017e-29	SLC29A1	c16
4.35028963532608e-19	-2.89400928716448	0.007	0.057	1.5922495094257e-14	A2M	c16
2.08673165177105e-43	-2.89387703414765	0.024	0.14	7.63764651864723e-39	RBMS2	c16
6.8803560168817e-28	-2.89294747164262	0.014	0.089	2.51827910573887e-23	KLHDC8B	c16
3.70154545063627e-05	-2.89173243379805	0.002	0.014	1	OTUB2	c16
1.28268467956427e-28	-2.88833738942378	0.014	0.091	4.69475419567317e-24	ASRGL1	c16
1.854669029651e-34	-2.88142355402573	0.022	0.117	6.78827411542562e-30	ITGAM	c16
6.95865987698211e-16	-2.87727054916398	0.01	0.055	2.54693910157422e-11	GAB2	c16
2.25768911676611e-16	-2.87326651006178	0.005	0.046	8.26336793627564e-12	IL10RB-DT	c16
1.17642614855434e-40	-2.87228361089657	0.02	0.128	4.30583734632373e-36	TBC1D2	c16
2.87320089787479e-23	-2.86999324088906	0.02	0.087	1.05162026063115e-18	CD101	c16
1.64445317834366e-16	-2.86997902499003	0.011	0.057	6.01886307805563e-12	LINC01410	c16
9.51159197580582e-06	-2.86839176541501	0.001	0.012	0.348133777906469	TSKU	c16
4.71403911137734e-52	-2.86473022497849	0.027	0.163	1.72538545515522e-47	DUSP3	c16
0.000748446555895705	-2.86402947137054	0.002	0.01	1	PIPOX	c16
2.31684711614745e-22	-2.86400947524659	0.012	0.073	8.47989212981127e-18	MPZL1	c16
2.52367490117646e-12	-2.86258846349408	0.008	0.042	9.23690250579595e-08	EPB41L4A	c16
4.11664026078858e-08	-2.85838161148864	0.002	0.022	0.00150673150185123	FAM151B	c16
1.92316324316658e-28	-2.85655157068048	0.009	0.082	7.03896978631398e-24	MPZL2	c16
3.55295822867518e-33	-2.85574824875571	0.021	0.113	1.3004182412774e-28	DHCR24	c16
1.20475667042361e-09	-2.85336600408512	0.002	0.024	4.40952988941747e-05	AC116366.2	c16
2.09999693887393e-12	-2.8470009004266	0.002	0.031	7.68619879597246e-08	LOXL3	c16
2.27439126944224e-46	-2.84398739282633	0.025	0.149	8.32449948528556e-42	EMILIN2	c16
0.00158281761887014	-2.84255908473119	0.002	0.01	1	CCNA2	c16
2.62984228138411e-20	-2.84119060265872	0.008	0.062	9.62548573409399e-16	TLCD2	c16
1.652186992337e-05	-2.8375346235186	0.001	0.013	0.604716961065265	SYTL4	c16
1.93129818434656e-81	-2.83676191908692	0.068	0.268	7.06874448452684e-77	GAA	c16
3.22334266580571e-05	-2.82802344720866	0.001	0.011	1	AC022509.2	c16
5.25653906937172e-42	-2.82794459401078	0.03	0.146	1.92394586478074e-37	HLA-DOA	c16
1.70259203749327e-78	-2.82736620627952	0.069	0.267	6.23165711642911e-74	ABHD5	c16
6.17145508478272e-11	-2.82548708614605	0.002	0.029	2.25881427558132e-06	TBC1D8	c16
2.26185031223143e-42	-2.82527801269347	0.018	0.129	8.27859832779826e-38	IL13RA1	c16
1.08222642557946e-74	-2.82031307737861	0.072	0.261	3.96105694026339e-70	ACOT7	c16
6.55992011379151e-62	-2.81893924732684	0.04	0.202	2.40099636084883e-57	SIDT2	c16
1.35845098946778e-34	-2.81594250451762	0.024	0.12	4.97206646655102e-30	PDE4A	c16
6.20338245135325e-10	-2.80981440625477	0.003	0.028	2.2705000110198e-05	FAM110B	c16
3.08321886844701e-06	-2.80658181218485	0.001	0.015	0.112848893804029	TTC23	c16
0.000844774233067352	-2.80657118111688	0.002	0.01	1	SHCBP1	c16
3.84698668903888e-19	-2.80212993855575	0.01	0.062	1.40803559805512e-14	ARSD	c16
8.0916022811289e-23	-2.79969161258467	0.009	0.069	2.96160735091599e-18	PHLDA2	c16
9.7501666248049e-06	-2.7981509717967	0.004	0.018	0.356865848634484	FCGR2B	c16
1.68722488071911e-05	-2.79711321029207	0.002	0.015	0.617541178592003	CD180	c16
6.78259052027677e-47	-2.79594356196579	0.025	0.148	2.4824959563265e-42	RAB20	c16
0.00104562663299581	-2.79519942797063	0.002	0.01	1	CKAP2L	c16
3.11697989229223e-10	-2.79410178882039	0.002	0.027	1.14084581037788e-05	CASP5	c16
4.33457400376982e-59	-2.79339503336858	0.039	0.194	1.58649743111979e-54	IFIT3	c16
0.0001622768878439	-2.79180329694174	0.001	0.01	1	MYL9	c16
1.93225274941178e-11	-2.78564656275873	0.004	0.033	7.07223828812206e-07	ANGPT2	c16
3.17319373110296e-21	-2.78555357626576	0.014	0.074	1.161420637521e-16	IFIT1	c16
0	-2.78299841203266	0.999	0.994	0	FTH1	c16
3.08803084653043e-10	-2.78288115704961	0.008	0.036	1.1302501701386e-05	SPRY1	c16
2.42427768964864e-58	-2.78252570149753	0.047	0.203	8.87309877188298e-54	COLGALT1	c16
3.80336504106167e-09	-2.77891664020435	0.002	0.024	0.000139206963867898	JPH4	c16
2.78110549945243e-07	-2.77719770017116	0.003	0.021	0.0101791242385459	RHOBTB3	c16
1.27042655211776e-46	-2.77462330825333	0.028	0.153	4.64988822340621e-42	HAVCR2	c16
1.30093353681167e-53	-2.77446596683707	0.035	0.178	4.7615468380844e-49	NEK6	c16
3.57944653324343e-57	-2.77364970596631	0.059	0.215	1.31011322563243e-52	FNDC3B	c16
1.68765832404476e-07	-2.77326538891553	0.008	0.029	0.00617699823183624	GADD45G	c16
2.98465251616727e-13	-2.77299516700544	0.006	0.041	1.09241266744238e-08	ANG	c16
7.78374483936265e-07	-2.77134368414333	0.001	0.015	0.0284892844865512	ENPP6	c16
0.00522156192977273	-2.76733136719589	0.006	0.014	1	Z83843.1	c16
2.16597476952756e-58	-2.75992252268002	0.047	0.204	7.92768425394783e-54	ACER3	c16
2.69992679769687e-70	-2.75856957193254	0.369	0.449	9.88200207225033e-66	GCHFR	c16
2.8112526947911e-12	-2.75593083797125	0.012	0.047	1.02894659882049e-07	GAS7	c16
1.70325724077431e-08	-2.75226897138338	0.001	0.019	0.000623409182695804	LINC01506	c16
5.76225988485036e-09	-2.74707833137158	0.003	0.025	0.000210904474045408	ECHDC3	c16
1.44204916278331e-98	-2.74628637931454	0.153	0.367	5.27804414070318e-94	PLAAT3	c16
2.11396537049152e-35	-2.74139017988716	0.021	0.119	7.737324652536e-31	SEPTIN10	c16
4.31241670810695e-09	-2.74120543209302	0.003	0.025	0.000157838763933423	RNF217	c16
0.000383864420906717	-2.73940404334123	0.004	0.014	1	CDK1	c16
4.53579834881903e-14	-2.73923122577294	0.021	0.067	1.66014755365125e-09	PLTP	c16
2.89908199477379e-17	-2.73804537036172	0.005	0.049	1.06109300090716e-12	GPR34	c16
1.72527644303291e-05	-2.73656689386485	0.002	0.014	0.631468430914475	CHRFAM7A	c16
1.15802372521961e-72	-2.73559579657039	0.316	0.42	4.23848263667631e-68	FCGRT	c16
0	-2.73120634932279	0.997	0.969	0	CD74	c16
1.86424587323678e-08	-2.73024977648733	0.003	0.023	0.000682332632063392	AC004130.2	c16
1.15397519336446e-05	-2.73009698857903	0.002	0.014	0.422366460523325	CLEC5A	c16
1.9733243806704e-86	-2.72696331365525	0.133	0.337	7.22256456569173e-82	PECAM1	c16
9.56084755111948e-06	-2.72559129603626	0.005	0.019	0.349936581218524	FRRS1	c16
3.20701214428666e-34	-2.72048497742784	0.044	0.148	1.17379851493036e-29	SKIL	c16
4.32397650375124e-10	-2.71692923120369	0.009	0.037	1.58261864013799e-05	AFDN	c16
4.60183494342644e-81	-2.71371877577519	0.101	0.3	1.68431760764351e-76	SLC16A3	c16
5.64011033343987e-27	-2.70714411073693	0.017	0.093	2.06433678314233e-22	FAM89A	c16
8.08390900835784e-76	-2.7016638234055	0.084	0.277	2.95879153614905e-71	MCOLN1	c16
1.40843346092308e-150	-2.7000636079432	0.597	0.627	5.15500731032457e-146	PSAP	c16
2.49529147000637e-06	-2.69994530555371	0.003	0.019	0.0913301630937031	CCDC9B	c16
1.20366642711098e-65	-2.69938656466884	0.063	0.237	4.40553948986891e-61	CTNNA1	c16
3.67801814091202e-189	-2.69723201637948	0.682	0.687	1.34619141975521e-184	HLA-DPB1	c16
1.52563655232915e-43	-2.69495539499377	0.035	0.157	5.58398234517991e-39	CYFIP1	c16
0.000224271077251905	-2.6883200318119	0.002	0.012	1	CLDN12	c16
0.018902363607675	-2.6825632319085	0.005	0.01	1	TMEM200A	c16
5.23869154363075e-22	-2.68212637348975	0.011	0.071	1.91741349188429e-17	VPS37C	c16
0.000693895521920468	-2.67781759601412	0.002	0.01	1	AL691447.2	c16
2.20905831766241e-16	-2.67461922989967	0.012	0.058	8.0853743484762e-12	SESTD1	c16
8.36128117217991e-84	-2.6660383867423	0.234	0.396	3.06031252182957e-79	LST1	c16
1.76307899740348e-40	-2.66523027316718	0.025	0.137	6.45304543839646e-36	DRAM1	c16
4.7849489821171e-12	-2.66275205650371	0.013	0.048	1.75133917694468e-07	MAFG	c16
0.000470989380924246	-2.66104400405881	0.002	0.01	1	RAB38	c16
6.75945354942952e-91	-2.66099557307229	0.151	0.357	2.4740275936267e-86	SNX10	c16
1.3844442526072e-11	-2.65962010856338	0.004	0.033	5.0672044089676e-07	TLR7	c16
6.52292608656826e-83	-2.65786818711151	0.181	0.364	2.38745617694485e-78	CD81	c16
0.00632059357383202	-2.6566889384303	0.003	0.01	1	AC026785.2	c16
3.68108217708524e-31	-2.65085257109731	0.024	0.113	1.34731288763497e-26	TP53I11	c16
3.51696963950253e-15	-2.65026646004207	0.003	0.041	1.28724605775432e-10	QPCT	c16
1.5879711477307e-07	-2.64744208835498	0.005	0.025	0.00581213319780914	CLCN5	c16
8.74594126330629e-10	-2.64641920679136	0.009	0.036	3.20110196178274e-05	LRFN4	c16
0.00902434353687584	-2.6443753392677	0.003	0.01	1	ZNF436	c16
1.25750697146016e-11	-2.63905902030913	0.004	0.033	4.60260126624134e-07	LRRC75A	c16
2.22631401643085e-90	-2.63561433546032	0.336	0.466	8.14853193153854e-86	LTA4H	c16
1.75202121667896e-22	-2.63408248584196	0.017	0.082	6.41257285516667e-18	GPD2	c16
0.000310780908563836	-2.63243508308492	0.003	0.013	1	TLR6	c16
0.000186325776690586	-2.62730427868665	0.001	0.01	1	CCDC40	c16
8.90761298416802e-129	-2.61833895111018	0.545	0.582	3.26027542833534e-124	CD63	c16
8.22035116315814e-20	-2.61452258491672	0.035	0.1	3.00873072922751e-15	CSF1	c16
2.37809011569794e-18	-2.6095488570122	0.014	0.067	8.70404763246602e-14	ADCY3	c16
5.08242383886418e-12	-2.60731344641406	0.021	0.061	1.86021794926268e-07	FGL2	c16
1.1735344296423e-20	-2.60596759149593	0.028	0.093	4.2952533659338e-16	LIMK1	c16
0.000159817367959662	-2.60578940935062	0.003	0.014	1	IER5L	c16
8.22627165423112e-06	-2.59880364907854	0.013	0.031	0.301089768816513	TK1	c16
0.397989659771487	-2.59838575148424	0.02	0.022	1	CCL3	c16
9.60301986397582e-06	-2.59662539293733	0.003	0.017	0.351480130041379	SNX21	c16
5.81006301048265e-10	-2.59458483661112	0.004	0.029	2.12654116246676e-05	BAIAP2-DT	c16
2.97712785298574e-58	-2.58686303472072	0.108	0.269	1.08965856547131e-53	OASL	c16
1.06773372132804e-23	-2.58545615260711	0.014	0.081	3.90801219343277e-19	SLC7A8	c16
0.0159908912031846	-2.58418696056814	0.005	0.011	1	CCL20	c16
2.24694168090095e-46	-2.58396794074516	0.044	0.174	8.22403124626556e-42	PLEKHO2	c16
2.58680872996723e-09	-2.58336798462203	0.008	0.033	9.46797863255307e-05	TIMD4	c16
2.51033624479838e-83	-2.58137352287079	0.234	0.402	9.18808168958655e-79	APLP2	c16
6.89413480978289e-52	-2.57954514059305	0.046	0.19	2.52332228172864e-47	FUCA1	c16
7.44204640962531e-32	-2.57920550863433	0.014	0.1	2.72386340638696e-27	HILPDA	c16
7.33640910095607e-08	-2.57633250478188	0.007	0.029	0.00268519909504093	USP6NL	c16
3.75543075238761e-51	-2.57547267679825	0.032	0.169	1.37452520968139e-46	TMEM53	c16
2.87893159984209e-46	-2.57464120466361	0.04	0.169	1.0537177548582e-41	PDLIM7	c16
0.000192344496354952	-2.5715869613047	0.002	0.011	1	AC096667.1	c16
2.85219887526067e-09	-2.5704797791153	0.011	0.039	0.000104393331033416	IFNLR1	c16
1.9541998355798e-05	-2.5698721418506	0.002	0.014	0.715256681820562	CEP170B	c16
3.97771826664482e-26	-2.56941858869947	0.032	0.113	1.45588466277467e-21	ARHGAP31	c16
3.84568416455186e-77	-2.56719325070533	0.323	0.434	1.40755886106763e-72	AIF1	c16
5.70718918141834e-31	-2.56682094695151	0.023	0.11	2.08888831229093e-26	NPL	c16
2.78651906921207e-103	-2.5664393756063	0.487	0.541	1.01989384452231e-98	CTSB	c16
2.5685543146966e-14	-2.56623395229618	0.01	0.05	9.40116564722103e-10	SERPINF1	c16
0.000105487555853106	-2.56072389314317	0.002	0.013	1	POMT2	c16
1.98943152664119e-19	-2.56020687153742	0.026	0.087	7.2815183306594e-15	PHLDA1	c16
3.61712317352779e-07	-2.55986109289031	0.006	0.025	0.0132390325274291	TRIP10	c16
7.23743997945326e-05	-2.55279751214157	0.001	0.011	1	IL1A	c16
2.4995248093564e-35	-2.55172539852666	0.042	0.148	9.14851075472535e-31	ALCAM	c16
2.09969249417297e-22	-2.54506915858427	0.012	0.074	7.68508449792251e-18	SECTM1	c16
3.08111417960451e-11	-2.54099636651089	0.009	0.04	1.12771860087705e-06	RHOBTB2	c16
4.00997654899731e-77	-2.54012386788568	0.136	0.326	1.46769151669851e-72	PTMS	c16
4.81627180696726e-41	-2.53839942415119	0.038	0.156	1.76280364406809e-36	MAN1A1	c16
5.08603729504847e-15	-2.53659266038566	0.021	0.069	1.86154051036069e-10	HIP1	c16
5.0812693763323e-54	-2.53539316589602	0.054	0.204	1.85979540443138e-49	DPYSL2	c16
3.53655273715975e-11	-2.533040965685	0.003	0.031	1.29441366732784e-06	INAFM2	c16
2.23631920786912e-05	-2.5298004901628	0.001	0.011	0.818515193272177	THAP10	c16
1.13803462668033e-06	-2.52576194613468	0.003	0.02	0.0416532053711266	CLIP2	c16
2.0349268715093e-69	-2.5242513735242	0.093	0.276	7.44803584241118e-65	SCPEP1	c16
7.34226646155091e-07	-2.52281316457883	0.006	0.024	0.0268734294759225	IRGQ	c16
0.0284881465830484	-2.52249806916094	0.005	0.011	1	AGAP9	c16
0.000459908826556819	-2.51906394627631	0.003	0.012	1	BASP1	c16
4.92300849756357e-36	-2.51836723349579	0.044	0.153	1.80187034019324e-31	DSE	c16
6.34763189050299e-06	-2.51725813673967	0.012	0.031	0.2323296748243	BLOC1S3	c16
8.27224186934692e-48	-2.51625695595541	0.061	0.199	3.02772324659967e-43	IFIT2	c16
4.79650127936351e-10	-2.51616045631654	0.007	0.034	1.75556743325984e-05	RAD51AP1	c16
1.61249679379377e-27	-2.51326335517489	0.035	0.12	5.90189951496458e-23	MYO6	c16
2.68023051277676e-16	-2.51259484123944	0.003	0.043	9.80991169981421e-12	KAZALD1	c16
1.67680748558407e-06	-2.51184617270616	0.002	0.017	0.0613728307798625	EGFL7	c16
1.18477260160756e-58	-2.51169602879395	0.479	0.49	4.33638619914384e-54	STXBP2	c16
3.56888833407047e-48	-2.50705994001476	0.062	0.201	1.30624881915313e-43	HPGD	c16
0.000284763126925977	-2.50347569346597	0.001	0.01	1	DGKG	c16
6.03497596615353e-18	-2.50201660024409	0.021	0.077	2.20886155337185e-13	FAM49A	c16
2.70184698265464e-42	-2.50094706173706	0.03	0.147	9.88903014121424e-38	PLA2G15	c16
5.18375206412075e-291	-2.49319570543255	0.935	0.835	1.89730509298883e-286	S100A11	c16
9.65566282432907e-60	-2.49077346988925	0.072	0.235	3.53406915033268e-55	BRI3	c16
0.00142725330679748	-2.48840148229414	0.005	0.014	1	CMKLR1	c16
2.14652947938491e-08	-2.48585801776631	0.002	0.021	0.000785651254749672	MFAP5	c16
2.1894006324447e-05	-2.48158381292362	0.008	0.024	0.801342525481084	FSD1L	c16
4.08800030538375e-20	-2.48013896823442	0.021	0.082	1.4962489917735e-15	FAM214B	c16
1.25342682793172e-31	-2.47637045999407	0.023	0.112	4.58766753291288e-27	HSD17B14	c16
1.4502602622582e-42	-2.47271548330261	0.037	0.157	5.30809758589125e-38	CD40	c16
0.207034453466028	-2.46720250229263	0.015	0.019	1	MKI67	c16
1.48780234336513e-90	-2.46428193434853	0.226	0.41	5.4455053569507e-86	TYMP	c16
6.70953753037279e-05	-2.46164384351656	0.002	0.012	1	BTBD3	c16
1.42279480443909e-11	-2.46064017996286	0.004	0.033	5.20757126372752e-07	RHOD	c16
1.85300339859796e-19	-2.45750361057229	0.036	0.101	6.78217773920839e-15	PRSS21	c16
2.56793302122407e-11	-2.45556806549314	0.009	0.04	9.39889165098222e-07	NEXN	c16
1.17575455930223e-07	-2.45362070369049	0.002	0.02	0.00430337926250211	IGFBP7	c16
1.90799677329169e-05	-2.45093550290169	0.001	0.013	0.698345898992492	CD2BP2-DT	c16
4.2063811058273e-08	-2.45036696905987	0.005	0.026	0.00153957754854385	PC	c16
4.7685588719668e-10	-2.44795217706962	0.017	0.049	1.74534023272857e-05	SYNGR1	c16
2.83310613391132e-05	-2.44619537589126	0.001	0.012	1	MAP1LC3C	c16
4.42933570390219e-08	-2.44083627109308	0.005	0.026	0.00162118116098524	FADS2	c16
3.41892390243233e-06	-2.43640609439842	0.006	0.023	0.125136033752926	CABP4	c16
1.78452158559793e-13	-2.43440458756812	0.013	0.052	6.53152745544697e-09	ME3	c16
4.61972983992054e-05	-2.43118749379095	0.002	0.014	1	LRP12	c16
0.00382894518038981	-2.43083478168482	0.003	0.01	1	KIFC1	c16
9.05153970449442e-24	-2.43056202665693	0.025	0.097	3.312954047242e-19	KPTN	c16
1.77930428569437e-19	-2.42889893060607	0.016	0.072	6.51243161606995e-15	ME1	c16
1.2922907027383e-58	-2.42623078083825	0.082	0.244	4.72991320109245e-54	GCA	c16
2.11499698213574e-49	-2.42545203953203	0.186	0.326	7.74110045431502e-45	GPCPD1	c16
0.000333181999455132	-2.42522396156201	0.002	0.012	1	ZG16B	c16
5.68601583874807e-10	-2.4242980751799	0.004	0.029	2.08113865714018e-05	TNFRSF21	c16
6.11416367061449e-28	-2.4115112901067	0.019	0.097	2.23784504508161e-23	CENPW	c16
3.15766892120974e-05	-2.40452582956677	0.002	0.013	1	PPP1R26	c16
8.17263829240837e-73	-2.40332839074447	0.149	0.329	2.99126734140439e-68	RNF130	c16
7.53911311817812e-07	-2.39900982277135	0.005	0.023	0.0275939079238438	MTFR2	c16
1.39031107399902e-08	-2.39684129197587	0.005	0.028	0.000508867756194383	CDK2AP1	c16
6.54137634802008e-58	-2.38849401698273	0.099	0.263	2.39420915713883e-53	SCARB2	c16
1.68397446262752e-15	-2.38748394938738	0.008	0.05	6.16351493066299e-11	SOCS6	c16
5.84865460151043e-07	-2.38490648692386	0.004	0.022	0.0214066607069883	SAMD4A	c16
9.76773044627494e-52	-2.3845230986875	0.099	0.251	3.57508702064109e-47	OSBPL11	c16
0.00431928766831203	-2.38212313359823	0.003	0.01	1	USP49	c16
6.292873654938e-06	-2.38148245243991	0.003	0.017	0.230325468644386	LRRC6	c16
0.628284433029341	-2.37688467933526	0.019	0.017	1	KLRC1	c16
1.67064250108493e-27	-2.37414659464552	0.03	0.113	6.11471861822097e-23	SLC43A3	c16
2.87454714064982e-16	-2.36512278301778	0.014	0.062	1.05211299894924e-11	METRNL	c16
1.04772721925726e-08	-2.36449144602419	0.019	0.049	0.00038347863952035	MOB1B	c16
0.000321231885044704	-2.3617465644295	0.001	0.01	1	CPNE9	c16
3.31388235701033e-08	-2.35637577931377	0.006	0.028	0.00121291408148935	HSPA6	c16
3.98519326726361e-44	-2.33608025728402	0.087	0.22	1.45862058775115e-39	QSOX1	c16
1.05582382938468e-51	-2.33429843367634	0.057	0.205	3.86442079793088e-47	GM2A	c16
7.68300215001434e-33	-2.33369233468869	0.023	0.116	2.81205561692675e-28	RRAGD	c16
3.37158925717107e-30	-2.33265527766161	0.053	0.151	1.23403538401718e-25	LGMN	c16
2.28662592610606e-46	-2.32989608188317	0.054	0.187	8.3692795521408e-42	GLA	c16
1.70705784897518e-05	-2.32782909623204	0.002	0.014	0.624800243303405	TSPAN13	c16
1.22809575028129e-40	-2.32626085211849	0.049	0.169	4.49495325560454e-36	TENT5A	c16
5.26896003569972e-06	-2.32328392234328	0.003	0.017	0.192849206266645	ZBED3	c16
1.1219322879458e-57	-2.32166309272664	0.064	0.224	4.10638436711043e-53	MPP1	c16
4.85700379201799e-08	-2.32030605803132	0.006	0.028	0.0017777119579165	ALDH7A1	c16
0.000118328190876098	-2.31927971705273	0.002	0.012	1	SAMD13	c16
2.70364304163554e-06	-2.31886309125996	0.002	0.016	0.0989560389669023	KAZN	c16
4.39486578612003e-06	-2.31788208809471	0.003	0.017	0.160856482637779	GLB1L	c16
0.0290899730030238	-2.31646280412215	0.069	0.054	1	ZNF683	c16
1.44441717587862e-46	-2.31637438848317	0.034	0.163	5.28671130543335e-42	OSBPL1A	c16
1.04631440312219e-06	-2.31459317691809	0.001	0.015	0.0382961534686754	SNX33	c16
1.9978009262669e-08	-2.31447178289016	0.006	0.029	0.000731215117022948	TEC	c16
2.86151097699863e-28	-2.31215479977925	0.036	0.123	1.04734163269127e-23	AMIGO2	c16
5.49677925784501e-11	-2.31138482433902	0.007	0.037	2.01187617616385e-06	OCRL	c16
9.92679246382688e-12	-2.30823195330251	0.014	0.05	3.63330530968528e-07	KSR1	c16
1.17787681355451e-12	-2.30689216577276	0.012	0.049	4.31114692529085e-08	QPRT	c16
1.89941386627625e-44	-2.3056281452107	0.05	0.18	6.95204469195771e-40	SPATS2L	c16
7.87936947325041e-11	-2.30543553524986	0.013	0.045	2.88392802090438e-06	MTHFD1L	c16
2.58573420271269e-20	-2.30355206867851	0.032	0.098	9.46404575534872e-16	MFSD14B	c16
9.96030997352117e-07	-2.29673560155534	0.028	0.054	0.0364557305340848	LDLR	c16
3.21916795030994e-73	-2.2964384727875	0.276	0.412	1.17824766149294e-68	ASAH1	c16
1.67043638711328e-35	-2.29626999428444	0.046	0.154	6.11396422047332e-31	CCDC50	c16
2.98418735314558e-27	-2.29621640698858	0.045	0.133	1.09224241312481e-22	AKR1C3	c16
5.02196964833152e-05	-2.29456275084124	0.003	0.015	1	STS	c16
4.91657913643315e-13	-2.29448789307464	0.013	0.051	1.7995171297259e-08	KLF11	c16
1.76485155039863e-54	-2.29269245447032	0.061	0.215	6.45953315961401e-50	TBXAS1	c16
1.99461421348052e-14	-2.29250559180498	0.038	0.09	7.30048748276005e-10	BEST1	c16
0.258039153774152	-2.28695882155131	0.033	0.037	1	CCR5	c16
1.10338182530213e-05	-2.28655683204006	0.009	0.026	0.403848781878833	UAP1L1	c16
1.21710593162325e-20	-2.28190630079706	0.022	0.085	4.45472942033425e-16	OPN3	c16
9.81413993107247e-47	-2.28068251884501	0.189	0.321	3.59207335617184e-42	LIPA	c16
1.89775733235873e-44	-2.2805633614115	0.058	0.19	6.94598161216617e-40	STX11	c16
0.00806477765654328	-2.27700899961116	0.005	0.011	1	NPHP4	c16
0.000633426314285747	-2.27478581295342	0.003	0.012	1	CTDSPL	c16
2.47462212284808e-61	-2.27388409783807	0.146	0.31	9.05736443183628e-57	VAT1	c16
2.91076954626293e-05	-2.27303084569023	0.003	0.015	1	CCDC153	c16
1.21155962017812e-05	-2.27248316020691	0.002	0.014	0.443442936581394	TCHH	c16
2.26146605141244e-155	-2.27241689279108	0.7	0.665	8.27719189477466e-151	ANXA2	c16
3.37709100552751e-46	-2.27083090043382	0.046	0.177	1.23604907893312e-41	RAB34	c16
4.9449746668634e-24	-2.26615856262695	0.02	0.09	1.80991017781867e-19	COPRS	c16
7.5215873669527e-08	-2.25870506043283	0.003	0.023	0.00275297619217836	SNX7	c16
7.97433800913017e-10	-2.25865810178418	0.006	0.032	2.91868745472173e-05	MYB	c16
2.93503757271286e-57	-2.25479177388746	0.09	0.253	1.07425310198863e-52	SCCPDH	c16
7.59012793435109e-13	-2.24747120792625	0.019	0.06	2.77806272525184e-08	KIAA0513	c16
2.95755790987568e-50	-2.24505430230406	0.08	0.228	1.0824957705936e-45	GNS	c16
2.22643013182443e-62	-2.24380863652789	0.149	0.315	8.1489569254906e-58	DDAH2	c16
9.19753024746812e-12	-2.243652160386	0.016	0.053	3.36638804587581e-07	GALNT12	c16
5.04025806145174e-16	-2.24230441935886	0.013	0.06	1.84478485307195e-11	PSEN2	c16
0.00382507024828346	-2.24131260490683	0.004	0.012	1	S100A2	c16
1.52598435376359e-34	-2.23910713403152	0.059	0.168	5.58525533321013e-30	PTPN12	c16
1.41021450488822e-05	-2.23651950758465	0.002	0.015	0.516152610934139	BIRC7	c16
0.00526978160596651	-2.2342022179549	0.006	0.014	1	ZNF117	c16
1.242806813214e-13	-2.23403691048126	0.01	0.049	4.54879721704455e-09	DHDH	c16
3.33785329809823e-08	-2.23162509095246	0.004	0.025	0.00122168768563693	ACRBP	c16
0.0453161267613813	-2.22977106662445	0.007	0.012	1	ADCY9	c16
0.00254087845040563	-2.22436792554028	0.004	0.012	1	ANKRD6	c16
9.50631579203589e-09	-2.21886682402475	0.002	0.023	0.000347940664304306	PRUNE2	c16
9.53295581995249e-18	-2.21823869917415	0.022	0.077	3.48915715966081e-13	NAGLU	c16
5.02334944774167e-06	-2.1996021936261	0.004	0.019	0.183859613136793	FAM72A	c16
2.44489226581072e-05	-2.19827607186243	0.003	0.015	0.894855018209383	KLHL29	c16
4.73036808700726e-27	-2.19511894378975	0.024	0.103	1.73136202352553e-22	TMEM220	c16
3.036531024211e-42	-2.19510925420006	0.056	0.181	1.11140072017147e-37	ACOT4	c16
0.000358855832463075	-2.19213213181062	0.002	0.011	1	ACKR3	c16
3.17908770746025e-42	-2.19002438402591	0.087	0.221	1.16357789180753e-37	STX7	c16
1.345834537058e-29	-2.19000000192529	0.07	0.172	4.92588898908598e-25	SLC6A6	c16
4.35215638490124e-06	-2.18793119599783	0.001	0.013	0.15929327584377	LINC01857	c16
0.000304672599754039	-2.1862621319477	0.001	0.01	1	SLITRK4	c16
1.30256795621852e-13	-2.18432388211179	0.006	0.042	4.76752897655539e-09	CALML4	c16
1.30182003405813e-20	-2.18413955362106	0.047	0.12	4.76479150665616e-16	GSAP	c16
2.15066345666735e-14	-2.17970334078881	0.023	0.07	7.87164331774817e-10	RBBP8	c16
2.89577002412267e-07	-2.17488455225299	0.012	0.035	0.0105988078652914	MAST2	c16
1.39119586090803e-26	-2.17358355162919	0.026	0.106	5.09191597050948e-22	SNX8	c16
1.74152452989819e-10	-2.17315737325238	0.016	0.05	6.37415393188035e-06	GGH	c16
5.1739861152319e-27	-2.16840073184003	0.052	0.143	1.89373065803603e-22	ENPP4	c16
1.4075132655971e-07	-2.16542084037422	0.007	0.028	0.00515163930341195	ZCCHC24	c16
9.93939311058087e-53	-2.16318582829133	0.157	0.307	3.6379172724037e-48	RMDN3	c16
5.68410632527599e-120	-2.15805819227338	0.616	0.612	2.08043975611427e-115	CTSC	c16
1.2497538038144e-61	-2.15482920774685	0.335	0.423	4.57422389734108e-57	GRINA	c16
2.98808166658776e-49	-2.1520742668213	0.091	0.238	1.09366777078778e-44	CREG1	c16
3.59713972671132e-46	-2.15200296069591	0.209	0.33	1.31658911137361e-41	BCL2A1	c16
0.000344977713245112	-2.15070996781101	0.003	0.013	1	PKP2	c16
3.56046679637073e-48	-2.14887319613447	0.117	0.265	1.30316645213965e-43	FKBP15	c16
3.16514694883609e-05	-2.14837865342427	0.002	0.013	1	GSDME	c16
2.91496764961396e-06	-2.14697914946422	0.002	0.016	0.106690730943521	AC018529.2	c16
1.52612260085339e-24	-2.14457031993215	0.038	0.118	5.58576133138348e-20	MYO1C	c16
2.28651511749577e-05	-2.14301758243123	0.017	0.036	0.836887398154628	AC020916.1	c16
5.18899785109643e-09	-2.14235187599393	0.024	0.056	0.00018992251034798	ARHGAP21	c16
9.86262952345256e-10	-2.13979620960424	0.027	0.063	3.60982103187887e-05	LFNG	c16
7.81023574556695e-18	-2.1392107328893	0.025	0.083	2.85862438523496e-13	TK2	c16
0.00686476599792459	-2.13888892607	0.005	0.012	1	KNL1	c16
2.38116683810125e-08	-2.13796542547833	0.006	0.028	0.00087153087441344	ZNF710	c16
6.19236435822827e-29	-2.1379257858633	0.038	0.129	2.26646727875513e-24	IRF5	c16
0.385394088014347	-2.13342247959068	0.016	0.018	1	ITGA1	c16
1.59007741635853e-53	-2.12803951608937	0.215	0.347	5.81984235161385e-49	LGALS3BP	c16
0.00113060421495953	-2.1274831972458	0.003	0.011	1	ANKRD9	c16
7.96256077439098e-10	-2.12722157581666	0.025	0.06	2.91437686903484e-05	AL512625.3	c16
7.48352824940897e-14	-2.12675534279638	0.009	0.048	2.73904617456618e-09	ZNF185	c16
1.60949068820834e-20	-2.12479423051449	0.017	0.078	5.89089686791136e-16	ATL1	c16
0.000606186674798785	-2.12447953499089	0.021	0.036	1	MIR29B2CHG	c16
4.57879504123438e-52	-2.1240522473562	0.146	0.301	1.6758847730422e-47	RAB11FIP1	c16
1.13281367240828e-61	-2.12238852296284	0.227	0.371	4.14621132238156e-57	HEXB	c16
0.000699857464403818	-2.1191721624752	0.006	0.017	1	NFIL3	c16
7.92694157056569e-48	-2.11773093639718	0.106	0.251	2.90133988424275e-43	TSPAN3	c16
1.03820350526161e-06	-2.11448978184113	0.007	0.026	0.03799928649608	CTSK	c16
2.70793098227916e-08	-2.11392314191312	0.013	0.039	0.000991129818823997	CIPC	c16
0.000173553880067831	-2.11389984268465	0.005	0.016	1	RASGRP3	c16
1.07499967934863e-15	-2.11220874531856	0.045	0.103	3.93460632638393e-11	SLC1A5	c16
1.05433230559757e-05	-2.10905708218473	0.005	0.02	0.385896167171766	CTIF	c16
1.71489733298369e-11	-2.108151382984	0.01	0.044	6.27669572845359e-07	PLCB3	c16
1.02189408814861e-06	-2.10412020319792	0.013	0.035	0.0374023455203274	GTPBP2	c16
0.000930476803123157	-2.10395489915996	0.003	0.011	1	TTTY14	c16
5.3805845515597e-15	-2.10339914866273	0.025	0.075	1.96934775171637e-10	GCNT1	c16
1.21009005462791e-15	-2.10131293329562	0.023	0.073	4.42905060894363e-11	PI4K2A	c16
6.64319493602309e-15	-2.10074516185603	0.015	0.06	2.43147577853381e-10	HOXB7	c16
5.27618694701601e-09	-2.09889264261045	0.006	0.03	0.000193113718447733	PDCD1LG2	c16
4.09757265333626e-44	-2.09861154070458	0.116	0.252	1.4997525668476e-39	POR	c16
2.52878159870687e-22	-2.09786728304807	0.021	0.088	9.25559352942701e-18	RILP	c16
4.29342408079309e-10	-2.09737341495063	0.014	0.045	1.57143614781108e-05	ZSWIM6	c16
1.71841364034832e-25	-2.09684614000833	0.032	0.112	6.28956576503888e-21	GNA15	c16
1.86297047519675e-11	-2.09658381050298	0.002	0.029	6.81865823626764e-07	IL17RB	c16
1.60807544628291e-09	-2.09643400037477	0.011	0.039	5.88571694094007e-05	PDE1B	c16
0.00116386673489983	-2.094986913585	0.003	0.012	1	AC093627.4	c16
1.01003564582956e-18	-2.09295230737845	0.04	0.105	3.69683146730077e-14	P2RX7	c16
0.000383356027490669	-2.0915243035933	0.002	0.01	1	HDAC2-AS2	c16
0.000161332658573401	-2.09151169065413	0.001	0.01	1	RHOBTB1	c16
3.19904550249975e-25	-2.09023382035117	0.029	0.107	1.17088264436993e-20	SWAP70	c16
7.01965129765923e-06	-2.08939433559041	0.008	0.024	0.256926257145626	AL365295.1	c16
9.23781570061372e-07	-2.08401166448529	0.001	0.016	0.0338113292458163	AC087273.2	c16
3.18749063563152e-61	-2.08173760043837	0.204	0.353	1.16665344754749e-56	CD151	c16
4.00838691803915e-08	-2.08068040201487	0.011	0.036	0.00146710969587151	DISP1	c16
0.000270778962960979	-2.08044288822254	0.003	0.013	1	DNAJC6	c16
7.6097478209399e-29	-2.07979935020715	0.027	0.112	2.78524379994221e-24	SPINT1	c16
0.00203511796258763	-2.07886091185179	0.002	0.01	1	RAD51	c16
7.56436693337001e-65	-2.07564928323247	0.242	0.385	2.76863394128276e-60	PGD	c16
7.17604341535036e-83	-2.07481009854814	0.573	0.555	2.62650365045239e-78	CTSS	c16
2.9956583247346e-16	-2.07293557559291	0.022	0.074	1.09644090343611e-11	HSPA1B	c16
1.3156459890672e-39	-2.07217522179395	0.062	0.185	4.81539588458486e-35	ARRB1	c16
0.0238048442455128	-2.07191038434394	0.026	0.036	1	CENPF	c16
1.20753354710055e-39	-2.06828595631931	0.12	0.25	4.41969353574274e-35	SVIL	c16
1.7359026909638e-36	-2.06785696081677	0.087	0.207	6.35357743919659e-32	ARHGAP10	c16
5.33205412194155e-08	-2.06735903064152	0.005	0.026	0.00195158512917183	AL022162.1	c16
9.03614689485395e-05	-2.06702345379342	0.001	0.011	1	TUSC1	c16
2.48123964959816e-06	-2.06604869992622	0.005	0.022	0.0908158524149423	ZBTB8A	c16
1.21550824975727e-15	-2.06299822013949	0.03	0.083	4.44888174493659e-11	CRYBG3	c16
4.69608809282461e-09	-2.06279495177831	0.006	0.03	0.000171881520285474	SMAD1	c16
5.79363466701178e-14	-2.06245147753311	0.023	0.069	2.12052822447298e-09	ANKS1A	c16
5.45589820540676e-59	-2.06086411006337	0.248	0.378	1.99691330216093e-54	CTSH	c16
2.40897984668351e-08	-2.05767829876201	0.02	0.049	0.000881710713684632	MAP3K20	c16
2.14742352710111e-23	-2.05765479487698	0.041	0.118	7.85978485154278e-19	SH2B3	c16
0.0311446515260882	-2.05728002318073	0.169	0.133	1	GZMB	c16
4.29260598498085e-26	-2.05724454200563	0.048	0.135	1.57113671656284e-21	PRKCD	c16
5.40130925296709e-09	-2.05618468458601	0.01	0.037	0.000197693319967848	DCLRE1B	c16
5.60547466339117e-14	-2.0559469062171	0.021	0.066	2.0516597815478e-09	TEX2	c16
0.00579773735727126	-2.05563184391092	0.003	0.01	1	LINC00504	c16
3.41200653458156e-55	-2.05424034845405	0.131	0.289	1.2488285117222e-50	EIF4EBP1	c16
7.10798743783222e-18	-2.04769495949517	0.052	0.118	2.60159448212097e-13	ZFYVE16	c16
6.99030343590698e-06	-2.04718791298535	0.004	0.019	0.255852096057631	AC073611.1	c16
4.54307862096787e-09	-2.04664511731819	0.014	0.043	0.000166281220606045	STK3	c16
0.0337667590358056	-2.04552517679007	0.006	0.012	1	GPSM2	c16
5.59354878567793e-13	-2.0377936211214	0.013	0.051	2.04729479104598e-08	CR1	c16
2.22058088880958e-05	-2.03371585951426	0.007	0.022	0.812754811113195	RDH10	c16
3.86277838513443e-39	-2.03358549116802	0.556	0.486	1.41381551674305e-34	NPC2	c16
0.000779628687558739	-2.02984370756056	0.506	0.443	1	NEAT1	c16
3.86714768162459e-08	-2.028418015059	0.039	0.02	0.00141541472295142	XCL1	c16
0.00116314431578101	-2.02815497621807	0.005	0.014	1	SLC25A29	c16
3.18836676529777e-07	-2.02727578894026	0.013	0.036	0.0116697411976664	FAM102B	c16
0.000562103168026619	-2.02365239253307	0.002	0.01	1	TMCC1-AS1	c16
0.00124942597772025	-2.02323508217491	0.008	0.018	1	ZBTB34	c16
0.0726392950186248	-2.0231364475891	0.008	0.013	1	KIF11	c16
1.31598751303808e-21	-2.02260475006189	0.04	0.114	4.81664589647066e-17	CPEB4	c16
0.00173790817630195	-2.02166782653082	0.005	0.014	1	UBXN10	c16
1.62361310929157e-63	-2.02152088860421	0.192	0.359	5.94258634131807e-59	SEPTIN11	c16
8.35982245405505e-07	-2.02071434777312	0.012	0.034	0.0305977861640869	PPARGC1B	c16
5.98332582640359e-08	-2.02033884226836	0.015	0.041	0.00218995708572198	WWC2	c16
3.75780572322667e-13	-2.01461227451413	0.037	0.086	1.37539447275819e-08	SIK2	c16
6.6441485067582e-18	-2.0135952840242	0.023	0.079	2.43182479495857e-13	MORN2	c16
1.29741622426841e-38	-2.01142472811357	0.368	0.413	4.74867312244479e-34	PLD3	c16
3.3560067843079e-17	-2.0093330392571	0.054	0.119	1.22833204312453e-12	GALNT6	c16
2.31595898856153e-41	-2.00867835582019	0.119	0.252	8.47664149403407e-37	ALAS1	c16
2.32643750166643e-10	-2.00841938194862	0.013	0.044	8.51499389984931e-06	RNASE4	c16
5.45294768398499e-05	-2.00817772088401	0.001	0.01	1	SLAMF9	c16
5.65741546543306e-38	-2.00508589234283	0.087	0.212	2.07067063450315e-33	NAMPT	c16
8.6245244036436e-11	-2.00416189413834	0.009	0.039	3.15666217697759e-06	SCARB1	c16
1.82944743625745e-13	-2.00197603366321	0.02	0.063	6.6959605614459e-09	RELT	c16
2.62730753952579e-20	-2.00038989490448	0.044	0.115	9.61620832541833e-16	AP5B1	c16
3.48680312080449e-25	-2.0003485389621	0.053	0.139	1.27620481024565e-20	FIG4	c16
2.36281900649142e-55	-1.9994929882126	0.193	0.34	8.64815384565925e-51	LAMP2	c16
1.61606457486384e-11	-1.99933466566941	0.007	0.038	5.91495795045914e-07	PALLD	c16
3.57325298584489e-09	-1.99904289396646	0.008	0.033	0.000130784632534909	HFE	c16
0.414814213247659	-1.99863285177509	0.01	0.012	1	ASPM	c16
2.38773020911835e-34	-1.99723133654439	0.03	0.13	8.73933133839408e-30	TRIP6	c16
3.41314243995651e-10	-1.99641720003997	0.03	0.068	1.24924426444848e-05	TNF	c16
5.75506336501884e-51	-1.99594536288847	0.28	0.39	2.10641074223054e-46	SDCBP	c16
3.86768752671253e-41	-1.99538304288525	0.158	0.29	1.41561231165205e-36	PDE4DIP	c16
0.00265717256666005	-1.99519781196412	0.019	0.032	1	CENPE	c16
5.67657280437308e-39	-1.99504544766883	0.315	0.389	2.07768241212859e-34	RGCC	c16
6.46417165213574e-31	-1.99188802444437	0.041	0.137	2.3659514663982e-26	SELENON	c16
3.05232599696213e-08	-1.98983582067484	0.004	0.025	0.00111718183814811	RASL11A	c16
7.65489403812337e-09	-1.98777657032656	0.012	0.038	0.000280176776689353	CD274	c16
0.0175587835011997	-1.98668922354705	0.006	0.012	1	TMCC3	c16
2.17874891926383e-104	-1.98348772730081	0.611	0.591	7.97443891939754e-100	ANXA5	c16
0.00239300581191078	-1.98338880765525	0.012	0.023	1	GEN1	c16
2.87836729022623e-51	-1.98220487676073	0.137	0.287	1.0535112118957e-46	ACOT2	c16
7.83482863976974e-17	-1.98159337064943	0.05	0.114	2.86762563044212e-12	ATG7	c16
4.72889880643229e-14	-1.98050671051752	0.02	0.065	1.73082425214228e-09	SUSD1	c16
8.26515408062561e-13	-1.97955589394073	0.027	0.071	3.02512904504978e-08	DOCK7	c16
0.00111464398794829	-1.97759490924996	0.087	0.063	1	TNFSF14	c16
4.42245584039843e-07	-1.97729148028184	0.005	0.024	0.0161866306214423	NPW	c16
3.47209806113516e-07	-1.97553397809408	0.003	0.021	0.0127082261135608	PDE6G	c16
1.03577608832514e-07	-1.97501677753934	0.013	0.038	0.00379104406087886	SPA17	c16
3.37131369478225e-07	-1.97487130959387	0.005	0.023	0.0123393452542725	SLC1A7	c16
1.72164115183205e-06	-1.97384556200131	0.017	0.04	0.063013787798205	FARP2	c16
3.56330817326972e-12	-1.97354023291303	0.023	0.064	1.30420642449845e-07	SLC2A8	c16
8.3859018031951e-09	-1.97228424408711	0.013	0.04	0.000306932391898744	COA7	c16
2.81642877361071e-13	-1.97043717713571	0.204	0.125	1.03084109542926e-08	CCL4	c16
0.0760282478401732	-1.97013096878052	0.006	0.011	1	PINLYP	c16
8.66408485371099e-44	-1.96996398698517	0.113	0.25	3.17114169730676e-39	ATP6V1B2	c16
1.48507468446689e-17	-1.96738368876914	0.041	0.104	5.43552185261728e-13	ELL2	c16
0.000346249542379254	-1.96273082087774	0.261	0.27	1	MTRNR2L8	c16
2.60909761701316e-20	-1.96208089296564	0.035	0.103	9.54955818802986e-16	RSPH3	c16
1.87400388417248e-99	-1.96028442265357	0.793	0.656	6.85904161645969e-95	CSTB	c16
7.70425844940193e-41	-1.95807851962155	0.14	0.269	2.8198356350656e-36	BLVRB	c16
3.05617116565198e-05	-1.95744016033421	0.002	0.013	1	SLC22A18AS	c16
3.42264161196424e-24	-1.95477203507792	0.051	0.134	1.25272105639503e-19	ZMIZ1	c16
3.38127196090475e-32	-1.9545447147684	0.061	0.166	1.23757935041075e-27	ITPK1	c16
0.000190800452669517	-1.95417421490133	0.005	0.016	1	EPS8L1	c16
1.5913916004712e-05	-1.94811233989728	0.008	0.024	0.582465239688462	SFXN5	c16
2.58630552995924e-09	-1.94434186115868	0.012	0.04	9.4661368702038e-05	HYAL2	c16
9.17304276155142e-11	-1.94374718210441	0.013	0.046	3.35742538115543e-06	LATS2	c16
3.35314243560607e-13	-1.94267627955218	0.01	0.047	1.22728366285618e-08	TCEAL9	c16
1.25392552764595e-07	-1.9410983178675	0.01	0.033	0.00458949282373694	PKIG	c16
0.00405814482718112	-1.94064562399376	0.003	0.01	1	AC124248.1	c16
0.0236997509473473	-1.94057874438719	0.008	0.015	1	LINC01146	c16
1.3962417011736e-13	-1.9405739896589	0.043	0.095	5.11038425046548e-09	OGFRL1	c16
0.000215433635072209	-1.93798618400781	0.011	0.025	1	CBX8	c16
5.74976581067704e-13	-1.93537184832592	0.04	0.089	2.1044717843659e-08	SH3TC1	c16
5.32589121947024e-16	-1.93241697623605	0.043	0.102	1.9493294452383e-11	ZFYVE26	c16
4.65915651036842e-10	-1.93211732297148	0.024	0.059	1.70529787435995e-05	ALPK1	c16
1.34775634086957e-05	-1.93116872547385	0.016	0.035	0.493292298321673	TTLL4	c16
3.82771331597903e-06	-1.93098790243943	0.036	0.063	0.140098135078148	ATP10D	c16
2.68170341892381e-06	-1.93020306761207	0.004	0.02	0.0981530268360304	CXCR2	c16
3.79089981366721e-13	-1.92977761430517	0.034	0.082	1.38750724080033e-08	RRM2B	c16
6.64514869246954e-17	-1.92946438905025	0.065	0.132	2.43219087293078e-12	PSEN1	c16
9.41398154518819e-08	-1.92908082245546	0.016	0.042	0.00344561138535433	KLF8	c16
1.15991330086466e-23	-1.92840546777227	0.058	0.142	4.24539867249472e-19	ATP2C1	c16
0.373754224209573	-1.92761351478941	0.023	0.026	1	TRGV7	c16
2.62540956976711e-15	-1.92649624264407	0.054	0.114	9.60926156630461e-11	TRIM25	c16
9.96734012376958e-13	-1.92621483814278	0.016	0.056	3.6481461587009e-08	CXorf21	c16
4.10196664333033e-32	-1.92444967705782	0.12	0.233	1.50136081112533e-27	IFNGR1	c16
0.00425740179445139	-1.92411208386025	0.007	0.015	1	YPEL4	c16
4.7864248441114e-19	-1.92280063308046	0.05	0.12	1.75187935719321e-14	ATP2A2	c16
2.0730461232908e-05	-1.92095269713719	0.002	0.014	0.758755611585665	MOCOS	c16
2.13358020363684e-11	-1.91933898562733	0.02	0.058	7.8091169033312e-07	HEATR5A	c16
7.81177103903614e-05	-1.91866963033062	0.016	0.032	1	EXTL2	c16
1.60751431900956e-36	-1.9182854958589	0.163	0.285	5.88366315900689e-32	RRBP1	c16
7.09955681853882e-28	-1.91822810596965	0.096	0.199	2.59850879115339e-23	ADAM17	c16
1.51910888610384e-07	-1.91790651152208	0.01	0.032	0.00556009043402868	DPCD	c16
8.25589127662788e-09	-1.91415530096112	0.024	0.056	0.000302173876615857	KIAA1841	c16
5.6985357026824e-06	-1.91385255846132	0.015	0.035	0.208572105253879	TLE1	c16
0.024573972095609	-1.91214489249166	0.008	0.014	1	SLC19A2	c16
8.6747803064262e-06	-1.91110294285999	0.071	0.1	0.317505633995505	SQLE	c16
1.04814369298309e-49	-1.90547321970982	0.465	0.467	3.83631073068739e-45	GSTO1	c16
1.39024873414599e-08	-1.90422998361852	0.027	0.059	0.000508844939184775	PTPDC1	c16
1.45716750882411e-28	-1.90416094624624	0.045	0.137	5.33337879904714e-24	AC244090.1	c16
2.59130942303705e-15	-1.90365086204669	0.02	0.069	9.48445161925792e-11	RPP25	c16
3.43142945860324e-21	-1.90239211157406	0.059	0.136	1.25593749614337e-16	TUBB2A	c16
1.07090883417394e-11	-1.90100905922354	0.031	0.074	3.91963342396005e-07	ITGAV	c16
3.14422605023259e-39	-1.90083117791436	0.116	0.245	1.15081817664563e-34	WARS	c16
6.27859604884298e-40	-1.89872629694944	0.098	0.227	2.29802893983702e-35	FUCA2	c16
0.0323639663398347	-1.88798344162934	0.013	0.021	1	ARHGEF12	c16
2.4181207858074e-05	-1.88789019910593	0.015	0.033	0.885056388813367	NCKAP5L	c16
9.70966647156907e-09	-1.88708712851124	0.009	0.035	0.0003553835025259	RNFT1-DT	c16
1.34073060223231e-15	-1.88669933677355	0.088	0.154	4.90720807723049e-11	CYP51A1	c16
0.429740685426253	-1.88533724227109	0.014	0.017	1	TPX2	c16
7.04259478676321e-06	-1.88175718074757	0.017	0.037	0.25776601179032	SNX30	c16
1.4260362573575e-32	-1.88171912814088	0.126	0.241	5.21943530555419e-28	GGA2	c16
4.09224201301763e-44	-1.88161861697939	0.161	0.295	1.49780149918458e-39	NANS	c16
6.16095398033146e-09	-1.87999205369032	0.009	0.034	0.000225497076634112	ICAM4	c16
0.00101755573849074	-1.87851487118736	0.008	0.018	1	BMF	c16
2.63073491737338e-31	-1.87489458904976	0.058	0.162	9.62875287107831e-27	CPPED1	c16
5.49672670135443e-21	-1.87346109336058	0.053	0.13	2.01185693996273e-16	SLC38A6	c16
0.000445774414353107	-1.87074121494998	0.002	0.011	1	ZFHX2	c16
0.000203643567028455	-1.87040091447048	0.013	0.027	1	SLC45A4	c16
5.30298610723598e-16	-1.86891174900025	0.023	0.075	1.94094594510944e-11	TRIQK	c16
3.68350163410655e-38	-1.86868190589922	0.161	0.281	1.34819843309934e-33	FUOM	c16
4.38077872247124e-25	-1.86819740979027	0.047	0.132	1.6034088202117e-20	SLC25A19	c16
1.47475794463277e-33	-1.86669844694105	0.084	0.2	5.39776155315038e-29	YWHAG	c16
6.19022833452173e-07	-1.86307061009775	0.002	0.019	0.022656854727183	NHLRC1	c16
1.00730757304875e-10	-1.86160638132663	0.02	0.056	3.68684644811573e-06	ATP11A	c16
0.00195628439384723	-1.86148362187705	0.002	0.01	1	OAZ3	c16
2.04649333100223e-05	-1.85998324243733	0.002	0.015	0.749037024080126	FAXDC2	c16
0.00273746236820985	-1.85934751790884	0.004	0.012	1	HSD11B1-AS1	c16
3.04894445950152e-59	-1.85804058167484	0.383	0.455	1.11594416162215e-54	GLIPR2	c16
0.175012048368892	-1.85791000407395	0.087	0.093	1	AOAH	c16
0.00543342235469366	-1.8568273804223	0.006	0.014	1	MREG	c16
3.6710286577615e-08	-1.85601104462399	0.028	0.059	0.00134363319902729	C20orf194	c16
6.9055941814729e-27	-1.85439200697119	0.052	0.142	2.52751652636089e-22	GPR137B	c16
5.83494224670158e-30	-1.85361235814323	0.094	0.201	2.13564721171524e-25	APOBR	c16
1.78780197983014e-28	-1.85267530513795	0.078	0.178	6.54353402637631e-24	GLRX2	c16
1.73173420320178e-21	-1.85042671776703	0.046	0.122	6.33832035713884e-17	SLC35F6	c16
6.72643981091697e-99	-1.84697762915427	0.686	0.632	2.46194423519372e-94	LGALS1	c16
8.79018146139609e-07	-1.8460406670241	0.013	0.035	0.0321729431668558	C11orf74	c16
1.35777835327141e-85	-1.84306940088529	0.762	0.633	4.96960455080867e-81	ALOX5AP	c16
6.58064170906074e-13	-1.84011801520231	0.079	0.136	2.40858067193332e-08	CLIP4	c16
2.32012505524181e-29	-1.83998453565286	0.071	0.173	8.49188971469055e-25	LACTB	c16
4.62606176365203e-27	-1.83883197466967	0.108	0.209	1.69318486611428e-22	HIPK2	c16
3.56550502184953e-13	-1.83544245356601	0.048	0.1	1.30501049304715e-08	ITPRID2	c16
0.00150295412140235	-1.83528232673087	0.017	0.009	1	GALNT3	c16
2.97298861590734e-41	-1.83455263314901	0.095	0.229	1.08814356330825e-36	CYSTM1	c16
3.25931204701925e-43	-1.83417975381173	0.163	0.296	1.19294080232952e-38	AGPAT2	c16
2.85291642423837e-12	-1.83376815057367	0.035	0.081	1.04419594043548e-07	IMPAD1	c16
1.31808870121758e-25	-1.83290540042338	0.054	0.142	4.82433645532646e-21	DENND5A	c16
0.00719285164126542	-1.82973102281166	0.007	0.015	1	CCDC171	c16
0.203646914755495	-1.82793034433734	0.03	0.035	1	MTRNR2L1	c16
2.39753737699039e-19	-1.82713388459167	0.082	0.16	8.77522655352252e-15	CEP170	c16
1.90095304054491e-05	-1.82248004714834	0.003	0.016	0.695767822369844	HRH1	c16
3.37928729499705e-05	-1.82098615840583	0.009	0.025	1	PLXNA1	c16
3.07760708079712e-28	-1.81954061375256	0.109	0.212	1.12643496764255e-23	SKAP2	c16
2.21173904981078e-13	-1.81816433579759	0.019	0.061	8.09518609621242e-09	PAX8	c16
3.340403494563e-10	-1.81500757358472	0.006	0.034	1.222621083045e-05	SH2B2	c16
0.00372067946202632	-1.81093194324486	0.012	0.023	1	AC005332.6	c16
2.40767910965354e-29	-1.80686890156616	0.062	0.162	8.81234630924294e-25	COQ2	c16
3.53079062404581e-223	-1.80236838056558	1	0.996	1.29230467630701e-218	MT-CO1	c16
7.62622287818397e-24	-1.80212263493028	0.087	0.178	2.79127383564411e-19	NPTN	c16
6.57549935653601e-37	-1.80068394580241	0.145	0.267	2.40669851948574e-32	ANXA4	c16
4.38984408883048e-53	-1.79978747506415	0.616	0.535	1.60672683495284e-48	MGST3	c16
0.000288641779257848	-1.79864240743113	0.006	0.018	1	CCNB2	c16
5.40503597022562e-06	-1.79801525964021	0.017	0.038	0.197829721546228	ADO	c16
9.53956609699291e-21	-1.79775098988617	0.052	0.127	3.49157658716037e-16	RNF135	c16
2.0256984036245e-81	-1.79759576748162	0.851	0.666	7.41425872710602e-77	TSPO	c16
2.38136344001557e-18	-1.79687785564532	0.044	0.11	8.71602832680097e-14	SGK1	c16
3.10915469493591e-09	-1.79658708683731	0.028	0.063	0.000113798170989349	CLPB	c16
1.46240412584812e-09	-1.79595095298194	0.028	0.064	5.35254534101672e-05	TTL	c16
2.04506508304582e-07	-1.79522387228648	0.027	0.056	0.00748514271045602	AGAP3	c16
1.60036067396596e-10	-1.79396527935346	0.016	0.05	5.85748010278279e-06	SPATA6	c16
0.0633957366955158	-1.79283796194602	0.008	0.013	1	UBR5-AS1	c16
0.0329846679937349	-1.7924203169386	0.014	0.022	1	CLCF1	c16
2.12881733157101e-07	-1.7911404119065	0.013	0.036	0.00779168431528307	PELI3	c16
7.24150728809937e-16	-1.78812043908107	0.126	0.196	2.65046408251725e-11	IGF2R	c16
9.82609636085754e-06	-1.78632486777378	0.013	0.032	0.359644952903747	CD72	c16
0.0359169085679409	-1.78340737681879	0.012	0.007	1	LGR6	c16
6.62529918859055e-35	-1.78188603096	0.103	0.221	2.42492575601603e-30	RENBP	c16
2.01728897457838e-08	-1.78098621946507	0.008	0.031	0.000738347937585434	TRIB1	c16
0.00199080391069761	-1.78088630117121	0.01	0.021	1	AC010654.1	c16
1.43187904703605e-16	-1.77947100257811	0.052	0.115	5.24082050005664e-12	METTL22	c16
3.28092735937009e-06	-1.77839019839362	0.008	0.026	0.120085222280305	ARMCX1	c16
1.99943104615928e-19	-1.77634257070751	0.109	0.189	7.31811757204756e-15	GABARAPL1	c16
0.00725007774795919	-1.77069698796671	0.004	0.011	1	NCAPG	c16
0.000767229121330893	-1.77024556085032	0.009	0.021	1	BCL6	c16
4.45208869295225e-25	-1.76608243391844	0.057	0.145	1.62950898250745e-20	YBX3	c16
0.00182569733499669	-1.76511808465735	0.005	0.013	1	ALDH4A1	c16
4.90460704094701e-40	-1.76434546591603	0.229	0.343	1.79513522305702e-35	YWHAH	c16
1.1105341116012e-26	-1.76371289990072	0.156	0.255	4.06466590187157e-22	HSPA1A	c16
0.164485846452494	-1.76250461353293	0.012	0.016	1	CHML	c16
1.02106172328055e-13	-1.75781014955634	0.053	0.109	3.73718801337914e-09	BMPR2	c16
2.18967603388315e-40	-1.75718542101621	0.223	0.334	8.01443325161572e-36	APIP	c16
4.86239680670709e-34	-1.75707586919708	0.061	0.171	1.77968585522286e-29	MGST2	c16
3.94222625002605e-11	-1.75687977454776	0.041	0.085	1.44289422977203e-06	BTN2A2	c16
2.36099160412433e-06	-1.75678312172634	0.02	0.043	0.0864146537025547	B4GALT5	c16
2.4439676846348e-11	-1.75370507146643	0.013	0.047	8.94516612253183e-07	MBNL1-AS1	c16
0.000249201857671145	-1.75362390508344	0.017	0.033	1	CENPU	c16
5.50582834686149e-05	-1.75223518275297	0.016	0.034	1	BRCA1	c16
8.09961456287818e-14	-1.75078809986278	0.016	0.059	2.96453992615904e-09	FTCDNL1	c16
2.2523505765306e-08	-1.74910127513248	0.058	0.097	0.000824382834515964	ANKRD28	c16
0.651170990633667	-1.74768003168731	0.019	0.017	1	TOP2A	c16
5.72739560452475e-29	-1.74689098766296	0.131	0.237	2.0962840652121e-24	PLSCR1	c16
0.00174867186665588	-1.74627831402791	0.012	0.024	1	PWWP2B	c16
0.679794305548075	-1.74406302308161	0.013	0.012	1	AC017002.3	c16
0.000449859548834579	-1.73508620045397	0.013	0.026	1	CAMKK1	c16
4.53429694407179e-70	-1.73473410468931	0.752	0.618	1.65959802449972e-65	TUBA1B	c16
4.22771953976587e-08	-1.73317059351149	0.028	0.06	0.00154738762874971	SH3PXD2A	c16
0.00256845342784787	-1.73193482907064	0.005	0.014	1	CNNM4	c16
1.80379670157719e-06	-1.73092832783302	0.085	0.12	0.0660207630744269	AL133415.1	c16
1.17814682737915e-05	-1.73046849907537	0.018	0.038	0.431213520289042	PKD2	c16
0.00150315820561534	-1.72679203317187	0.032	0.02	1	IFNG	c16
1.19436618546409e-32	-1.72623744465843	0.178	0.288	4.37149967541712e-28	MFSD1	c16
4.60292731035819e-05	-1.72505462861144	0.003	0.016	1	AC083949.1	c16
2.73514727649928e-38	-1.72482344332644	0.12	0.249	1.0010912546715e-33	IFNGR2	c16
7.60093222466238e-08	-1.71992941257786	0.025	0.054	0.00278201720354868	ZNF589	c16
0.000578074002411981	-1.71921608497742	0.013	0.027	1	AIFM2	c16
8.70916930892794e-63	-1.71902357905069	0.608	0.554	3.18764305876071e-58	TXN	c16
9.36728152398176e-19	-1.71093774725079	0.059	0.131	3.42851871059256e-14	TTC7A	c16
0.208401052845374	-1.70998583814068	0.549	0.462	1	MT-ND6	c16
2.91699592631493e-16	-1.70864109207654	0.185	0.257	1.06764967899053e-11	GPRIN3	c16
0.0123531053445198	-1.70789715024148	0.006	0.013	1	ARHGAP32	c16
0.00564308011427248	-1.70271480074805	0.005	0.013	1	AKR1E2	c16
0.0598929922154185	-1.70231543978086	0.008	0.013	1	ZNF613	c16
7.19616552854946e-29	-1.69849036286832	0.065	0.164	2.63386854510439e-24	ACP2	c16
0.00245186689317109	-1.69003769535796	0.009	0.019	1	IL7	c16
1.34130991127611e-10	-1.68925860657073	0.065	0.034	4.90932840626169e-06	ADGRG1	c16
1.93634548386031e-34	-1.68922624987207	0.354	0.4	7.08721810547711e-30	COMT	c16
1.36198449846693e-12	-1.68562796050764	0.038	0.086	4.98499946283881e-08	AGFG1	c16
8.23881170042628e-12	-1.68516958407613	0.028	0.07	3.01548747047302e-07	RP2	c16
0.03285675445185	-1.68416506851653	0.009	0.015	1	HES6	c16
0.095490711638327	-1.68399758340815	0.014	0.019	1	PCLAF	c16
0.00258957398106726	-1.68364836269997	0.013	0.025	1	ZDHHC9	c16
0.089710237687388	-1.68308938997966	0.006	0.01	1	BBS10	c16
0.0347600202248994	-1.68204782587965	0.008	0.014	1	DPY19L1	c16
1.79164938608384e-40	-1.6808829609773	0.525	0.482	6.55761591800545e-36	PYCARD	c16
3.27251547199234e-11	-1.6798093458562	0.02	0.058	1.19777338790392e-06	CD27-AS1	c16
0.00292685407324552	-1.67921596135168	0.005	0.014	1	HOMER3	c16
2.66551625877644e-38	-1.67837707181697	0.161	0.287	9.75605605874766e-34	NCF4	c16
0.000452989819402346	-1.67703921420323	0.014	0.028	1	FBXO30	c16
0.000225333529694914	-1.67435511555257	0.032	0.052	1	SBF2	c16
0.00419256045925308	-1.67420045450471	0.008	0.017	1	NUDT12	c16
3.80197921399844e-24	-1.67292052386074	0.113	0.207	1.39156241211557e-19	ABHD2	c16
0.023537025953402	-1.6723310022611	0.005	0.011	1	USP31	c16
8.14078987854815e-10	-1.67218238668105	0.041	0.081	2.97961050344741e-05	ETS2	c16
3.54843477518361e-14	-1.67113738536776	0.066	0.126	1.29876261206495e-09	MOSPD2	c16
4.90640250826698e-16	-1.67111130523922	0.078	0.145	1.7957923820508e-11	ITGA5	c16
0.000352574032683426	-1.6687661093971	0.002	0.012	1	TNFRSF10C	c16
9.16883564023739e-09	-1.66422408826907	0.029	0.063	0.000335588553268329	VKORC1L1	c16
7.03090408962768e-09	-1.66367830343019	0.032	0.068	0.000257338120584463	ZNF438	c16
4.45292437333037e-05	-1.66313915411755	0.041	0.065	1	HMGCS1	c16
1.1581937777833e-06	-1.66216679359154	0.014	0.037	0.0423910504606465	NEU3	c16
3.3645530077282e-05	-1.66040300192143	0.006	0.02	1	PAQR4	c16
9.00824787277828e-248	-1.65830803534432	0.991	0.908	3.29710880391558e-243	S100A6	c16
7.20310733174997e-27	-1.65805833903195	0.059	0.153	2.63640931449381e-22	NAGA	c16
1.02327609055007e-08	-1.65774553461484	0.039	0.075	0.000374529281902231	NAIP	c16
3.32179979925337e-15	-1.65743187621078	0.034	0.088	1.21581194452472e-10	TSPAN15	c16
3.08069679902251e-13	-1.65627196578964	0.093	0.154	1.12756583541023e-08	SH3BP2	c16
4.82705007517795e-23	-1.65567017343585	0.071	0.157	1.76674859801588e-18	SRD5A3	c16
0.00397860524148995	-1.65484540515893	0.013	0.024	1	ECT2	c16
0.000682634242789249	-1.65396927004854	0.006	0.016	1	PDZD7	c16
3.88757103519953e-32	-1.65346388740813	0.277	0.364	1.42288987459338e-27	JAML	c16
1.61446841474568e-20	-1.65329178032843	0.039	0.109	5.90911584481066e-16	RIPOR1	c16
3.88618563968113e-35	-1.65282672363912	0.944	0.883	1.42238280597969e-30	MTRNR2L12	c16
0.0853597299384873	-1.64956685056039	0.008	0.012	1	BBS5	c16
5.00340222001648e-08	-1.64888620690341	0.017	0.045	0.00183129524654823	DHX32	c16
0.0182007109590652	-1.64745330893312	0.042	0.054	1	TRPS1	c16
4.0678761512991e-07	-1.64714508542904	0.023	0.049	0.0148888335013698	QSER1	c16
3.17031809017162e-24	-1.64673567694405	0.288	0.357	1.16036812418372e-19	RBPJ	c16
6.58396807457444e-06	-1.64670387352451	0.013	0.033	0.240979815497499	FOXP4	c16
4.90370345519319e-26	-1.6447215196699	0.422	0.429	1.79480450163526e-21	PLIN2	c16
4.8945725700937e-16	-1.64364163410899	0.093	0.162	1.79146250637999e-11	TMEM33	c16
2.09615749817849e-06	-1.64361399796139	0.036	0.064	0.076721460590831	ATP7A	c16
0.000392981721174527	-1.64191600932325	0.007	0.019	1	PHETA1	c16
3.16429632012751e-05	-1.64027610588783	0.023	0.043	1	RAPGEF2	c16
5.55033033083191e-09	-1.63771736548563	0.019	0.049	0.000203147640438779	EFNB1	c16
0.00341814714606933	-1.63708507301593	0.011	0.021	1	SIAE	c16
0.0766101967758848	-1.63379206195612	0.012	0.018	1	ZBTB9	c16
4.74568360107719e-49	-1.63144963445479	0.563	0.515	1.73696765483026e-44	NOP10	c16
0.318353958399486	-1.63056150267058	0.014	0.017	1	CHN2	c16
1.23128323483321e-30	-1.62965427688439	0.152	0.262	4.50661976781305e-26	THEMIS2	c16
5.51444973767932e-22	-1.62305896772043	0.164	0.248	2.01834374848801e-17	CEBPB	c16
0.0297805264900107	-1.62253408780486	0.005	0.01	1	AC233723.1	c16
0.0268070645792881	-1.62096556271859	0.045	0.057	1	MIR155HG	c16
1.47913587285088e-36	-1.61958865107346	0.394	0.423	5.4137852082215e-32	ATP6V0D1	c16
4.92700114692921e-06	-1.61951489631866	0.017	0.038	0.180333168978756	KLHL2	c16
7.8461641758113e-08	-1.61939339829105	0.049	0.084	0.00287177454998869	WIPI1	c16
4.19538847307626e-08	-1.61878590029215	0.011	0.036	0.00153555413503064	C17orf58	c16
1.71914271016157e-17	-1.61649973442385	0.152	0.229	6.29223423346238e-13	SEL1L	c16
1.13751725061977e-24	-1.61609141755165	0.081	0.174	4.16342688899341e-20	MAP4K3-DT	c16
0.00261496382607225	-1.61553911501092	0.009	0.019	1	AURKA	c16
4.00878959407434e-12	-1.61514046839473	0.186	0.244	1.46725707932715e-07	PARP14	c16
2.6799048848686e-06	-1.61506512055924	0.023	0.046	0.0980871986910757	USP40	c16
5.55392497313729e-11	-1.61497801411754	0.359	0.356	2.03279207941798e-06	STMN1	c16
7.13983841764026e-17	-1.61480876153371	0.062	0.13	2.61325225924051e-12	TMEM273	c16
0.0154438652428022	-1.61429066392706	0.007	0.014	1	PLEKHA7	c16
2.83717211046627e-24	-1.61421545229212	0.102	0.197	1.03843336415176e-19	ARAP1	c16
2.84531010851612e-15	-1.61412171583835	0.113	0.184	1.04141195281799e-10	BACH1	c16
7.07109277749355e-10	-1.6139606782583	0.028	0.064	2.58809066749042e-05	ACSS2	c16
0.159388034957014	-1.61256003761386	0.01	0.014	1	PPM1L	c16
0.0153348684245883	-1.6125065163451	0.012	0.02	1	SNX16	c16
2.15709385010995e-07	-1.61123776364305	0.037	0.069	0.00789517920078743	SNTB1	c16
0.00172892567487901	-1.60849232242033	0.006	0.016	1	SLC17A9	c16
3.97204115183455e-38	-1.60765992868552	0.577	0.502	1.45380678198296e-33	ATP6V0B	c16
5.9150083241148e-05	-1.607426862604	0.017	0.035	1	SLC16A10	c16
0.00157020414222134	-1.60738824215275	0.002	0.01	1	TSPYL5	c16
6.81156456348566e-29	-1.60607381746851	0.222	0.314	2.49310074588139e-24	LAP3	c16
7.34805557918501e-16	-1.60605074659908	0.059	0.122	2.68946182253750e-11	TMEM127	c16
3.14060197197927e-07	-1.60542854451747	0.012	0.035	0.0114949172776413	LACC1	c16
3.34889970449356e-27	-1.60420521403298	0.265	0.337	1.22573078084169e-22	CD59	c16
4.93510407533029e-07	-1.60415656316512	0.026	0.053	0.0180629744261164	MTMR10	c16
6.89750605984428e-08	-1.60284239584887	0.028	0.058	0.00252455619296361	CAMSAP1	c16
0.186725999752151	-1.60127031551023	0.014	0.018	1	SOCS7	c16
1.07238665769058e-31	-1.60024868682329	0.23	0.326	3.92504240581331e-27	HSBP1	c16
5.35076060453378e-13	-1.60001039990464	0.02	0.063	1.95843188886541e-08	SLC19A1	c16
0.0401729557965443	-1.59802851714948	0.022	0.03	1	NUSAP1	c16
0.000596797746769506	-1.59778598167597	0.003	0.012	1	AIFM3	c16
2.35635374299229e-06	-1.59730566352836	0.012	0.032	0.0862449033472607	NUDT6	c16
0.000157341399580876	-1.59672671139209	0.007	0.02	1	CCDC24	c16
1.28887568751339e-24	-1.59491534283457	0.084	0.178	4.71741390386776e-20	UBASH3B	c16
8.18187514238584e-21	-1.5948769769761	0.16	0.248	2.99464812086464e-16	SLC25A24	c16
1.87528131743777e-09	-1.59358580736258	0.038	0.076	6.86371714995398e-05	ERLIN1	c16
0.130318964050484	-1.59197269941861	0.006	0.01	1	DNMBP	c16
1.12599065222058e-24	-1.59142048260676	0.04	0.122	4.12123838619253e-20	UNC93B1	c16
0.000365817917462215	-1.58972182515221	0.002	0.012	1	SLC9A3R2	c16
1.17222316246162e-08	-1.58920835262784	0.178	0.224	0.000429045399692579	IVNS1ABP	c16
1.71061207870176e-11	-1.58912152535207	0.038	0.083	6.26101126925631e-07	SLC9A1	c16
3.54528141804467e-28	-1.58868816166729	0.132	0.238	1.29760845181853e-23	SMIM14	c16
0.000949181115409603	-1.58594720637628	0.016	0.029	1	ABHD6	c16
1.79633637564123e-13	-1.5830533910563	0.152	0.217	6.57477076848447e-09	MYO9B	c16
1.48868618552786e-07	-1.58249229562687	0.046	0.08	0.00544874030765053	AHI1	c16
5.08293504338185e-22	-1.58209984129095	0.079	0.164	1.86040505522819e-17	PCK2	c16
5.82655375326844e-07	-1.58059429983236	0.042	0.073	0.0213257693923378	NOTCH1	c16
3.7137697384205e-11	-1.57990770312004	0.049	0.096	1.35927686195929e-06	ASPH	c16
0.0974056036432772	-1.57730753861956	0.026	0.033	1	LINC00278	c16
1.40340380438636e-05	-1.57622099765436	0.019	0.039	0.513659826443452	MAP3K7CL	c16
3.17415462910008e-09	-1.57522080308213	0.051	0.092	0.000116177233579692	H6PD	c16
1.27371227658067e-15	-1.57420312435759	0.136	0.209	4.66191430351292e-11	CERT1	c16
7.60162944680961e-06	-1.57285865611414	0.054	0.084	0.278227239382679	RREB1	c16
2.18335587266461e-07	-1.57211220491928	0.019	0.045	0.00799130082953975	PCTP	c16
1.95669904015305e-17	-1.57041396727292	0.075	0.146	7.16171415686419e-13	CORO2A	c16
0.0532679179870663	-1.5671249034668	0.015	0.022	1	FCRLB	c16
0.002831551433169	-1.56575037506404	0.006	0.014	1	STON1	c16
0.0313145376208957	-1.56516301788439	0.012	0.019	1	CAPN3	c16
1.99978272340252e-30	-1.56193100182647	0.203	0.306	7.31940474592558e-26	LAIR1	c16
0.00434327619620899	-1.55884511384015	0.008	0.016	1	PRR11	c16
1.95039162388461e-05	-1.55793455851496	0.035	0.06	0.713862838258008	SLC11A2	c16
3.73967995144895e-07	-1.55790210163359	0.017	0.041	0.0136876025902983	IL17RC	c16
5.96194807154225e-06	-1.55699122876104	0.016	0.037	0.218213261366518	FNIP2	c16
0.00044219768513182	-1.55527676344901	0.023	0.039	1	C3orf62	c16
3.5053343438758e-10	-1.55481613118319	0.061	0.107	1.28298742320198e-05	SLC17A5	c16
2.87678124069893e-32	-1.5502648640993	0.279	0.359	1.05293070190822e-27	LGALS9	c16
3.50331782502238e-05	-1.54918229611911	0.019	0.009	1	TRGV4	c16
0.0179974093004013	-1.54761935806996	0.019	0.028	1	ABAT	c16
2.87586592392172e-16	-1.5438173074389	0.071	0.14	1.05259568681459e-11	ACOX1	c16
2.8417566478068e-13	-1.54352292596886	0.098	0.054	1.04011135066377e-08	CCL4L2	c16
4.71062407095054e-58	-1.5431381476091	0.771	0.606	1.72413551620861e-53	PRDX1	c16
2.22103425394867e-09	-1.53988421878602	0.035	0.073	8.12920747287753e-05	WSB2	c16
0.00862037741632554	-1.53959314953099	0.025	0.037	1	NAB1	c16
2.20629847002775e-05	-1.53832969875816	0.021	0.042	0.807527303014857	RHOU	c16
2.70392946161357e-51	-1.53667471407496	0.992	0.937	9.89665222245184e-47	MT-ND3	c16
0.00909950111058509	-1.5337930681715	0.012	0.021	1	CRIM1	c16
5.22887919110355e-08	-1.5337905294141	0.025	0.056	0.00191382207273581	RAP2A	c16
3.96817085984768e-13	-1.53155219639876	0.041	0.091	1.45239021641285e-08	CXXC5	c16
3.38430012427809e-08	-1.53046903572035	0.013	0.039	0.00123868768848702	ST7	c16
1.53120697563719e-11	-1.52737319169787	0.036	0.08	5.60437065152968e-07	TUBG1	c16
1.58366996174242e-09	-1.52717305321089	0.017	0.048	5.79639042697345e-05	NIBAN2	c16
0.0082197577237194	-1.52697804546638	0.019	0.029	1	P2RY11	c16
0.00759031697869705	-1.52643202807072	0.012	0.022	1	SLC9A7	c16
7.34681832021253e-06	-1.52629965181502	0.052	0.08	0.268900897338099	TGFBR1	c16
2.22721571533546e-29	-1.52585313540879	0.293	0.361	8.15183223969931e-25	ATOX1	c16
0.000597378669850342	-1.52446300093908	0.03	0.047	1	FANCA	c16
1.68813421301182e-06	-1.52318237687633	0.076	0.11	0.0617874003304455	MSMO1	c16
2.35648558980531e-23	-1.52128151857758	0.096	0.189	8.62497290724643e-19	NEU1	c16
0.000777266368692649	-1.52092091860177	0.017	0.032	1	CCNYL1	c16
1.44493065710445e-29	-1.51998092935385	0.345	0.406	5.28859069806801e-25	TPM4	c16
1.18456723317299e-06	-1.51872295033072	0.019	0.042	0.0433563453013645	TMEM164	c16
2.20354540671192e-07	-1.51816633790615	0.024	0.052	0.0080651965431063	RCOR1	c16
2.67950455862524e-121	-1.51556761293453	1	0.995	9.80725463502425e-117	MT-CO2	c16
8.13594134822964e-09	-1.51438804558414	0.039	0.077	0.000297783589286553	KCTD5	c16
6.72501601169313e-07	-1.51320732470543	0.014	0.037	0.024614231104398	EFCAB11	c16
6.2262313215614e-05	-1.51269606308417	0.011	0.027	1	SLC16A5	c16
6.02585039628904e-09	-1.51243224748377	0.053	0.093	0.000220552150354575	MGAT5	c16
9.18368417443173e-11	-1.51237069961029	0.049	0.095	3.36132024468376e-06	FBXO6	c16
0.000489952269301518	-1.50977254796793	0.024	0.041	1	STX3	c16
1.26858252355372e-11	-1.5093409455546	0.077	0.131	4.64313889445896e-07	QKI	c16
2.60607557075069e-12	-1.50784156920107	0.03	0.075	9.5384971965046e-08	PON2	c16
4.14080014796112e-33	-1.50666919801628	0.104	0.222	1.51557426215525e-28	LY96	c16
1.25836857251008e-27	-1.50632404788627	0.181	0.283	4.60575481224413e-23	LEPROT	c16
8.44959346159886e-09	-1.50611227224396	0.013	0.04	0.00030926357028798	C19orf38	c16
2.40198501183791e-30	-1.50563618670532	0.295	0.374	8.79150534182792e-26	RAC1	c16
1.3474663527185e-07	-1.50556270316044	0.026	0.055	0.00493186159758498	TSC22D1	c16
4.29710180757757e-09	-1.50545931433907	0.054	0.028	0.000157278223259147	LINC01943	c16
5.18299746099864e-24	-1.5051848642427	0.236	0.316	1.89702890070011e-19	PPT1	c16
0.0322757538402293	-1.50441923642185	0.061	0.049	1	XIST	c16
1.04088750879969e-35	-1.50371643410839	0.626	0.53	3.80975237095776e-31	SAT1	c16
4.81718291665695e-21	-1.50370909732136	0.083	0.167	1.76313711932561e-16	TIGAR	c16
1.964750215737e-06	-1.50148435156577	0.017	0.039	0.07191182264619	EPB41L2	c16
1.10498294412823e-20	-1.50099226613657	0.093	0.177	4.04434807380374e-16	RNPEP	c16
7.9289252463094e-25	-1.50056643109858	0.333	0.378	2.9020659294017e-20	SNX2	c16
0.0533940259799287	-1.50032267331669	0.005	0.01	1	SGO1	c16
9.60293716923102e-20	-1.50020781736777	0.179	0.262	3.51477103331025e-15	CTNNB1	c16
9.66174669141125e-11	-1.5001012913348	0.034	0.076	3.53629590652343e-06	CPNE8	c16
2.95013250216903e-07	-1.49838799256795	0.025	0.053	0.0107977799711889	MIR22HG	c16
0.0157244592741399	-1.49815021353166	0.006	0.012	1	RAB12	c16
0.00150095931524771	-1.49814934145595	0.016	0.028	1	ARHGEF11	c16
6.7210710501491e-27	-1.49803283940769	0.264	0.343	2.45997921506507e-22	CAT	c16
1.72785808002138e-06	-1.49743500347669	0.01	0.029	0.0632413335868626	AP002954.1	c16
1.28407984129167e-20	-1.49682387225614	0.079	0.161	4.69986062711163e-16	ATP6V1A	c16
1.56633292783403e-11	-1.49446540823333	0.031	0.074	5.73293514916535e-07	ATP10A	c16
0.000803882760908973	-1.49415374890031	0.008	0.018	1	ZNF768	c16
0.00378904011272064	-1.49243611320902	0.006	0.014	1	AL049840.5	c16
0.000566312360384437	-1.49195772661041	0.064	0.086	1	NABP1	c16
0.0139460043157544	-1.49120153576389	0.013	0.022	1	ZNF528	c16
4.89403008557299e-05	-1.49102834274283	0.025	0.045	1	UHRF1BP1	c16
1.55615262723207e-09	-1.49040645620816	0.025	0.06	5.69567423093208e-05	TCTN1	c16
0.00320526973486236	-1.49039842451869	0.003	0.01	1	PLA2G4C	c16
5.51323988735614e-24	-1.49029166834211	0.09	0.183	2.01790093117122e-19	G6PC3	c16
0.00110236542220364	-1.48961907064281	0.008	0.018	1	CXADR	c16
2.32951244491372e-09	-1.48939015607222	0.093	0.141	8.52624849962871e-05	MYO5A	c16
2.42959156468393e-16	-1.48908269621697	0.211	0.281	8.89254808589965e-12	CLTC	c16
0.00348305665415123	-1.48866300466309	0.007	0.016	1	STBD1	c16
3.7337849463252e-25	-1.48800224669279	0.157	0.255	1.36660262820449e-20	MYD88	c16
0.706942891381676	-1.48770715471979	0.013	0.012	1	STARD9	c16
2.54224012572949e-21	-1.48717287389671	0.298	0.351	9.30485308418251e-17	HEXA	c16
2.22837301230788e-09	-1.48631845542193	0.021	0.054	8.15606806234808e-05	ACSF2	c16
1.10272283335127e-10	-1.4836622100631	0.019	0.055	4.03607584234897e-06	CAMSAP2	c16
0.000962939584900061	-1.48359064807026	0.024	0.039	1	STARD4	c16
8.97578600456008e-15	-1.48353787367352	0.05	0.108	3.28522743552904e-10	PRXL2A	c16
2.82298662943191e-19	-1.48227509454616	0.107	0.189	1.03324133623837e-14	VAMP3	c16
2.26290892484482e-13	-1.48204607162007	0.067	0.126	8.28247295582454e-09	HPS5	c16
2.03276844800336e-17	-1.4813325444986	0.108	0.184	7.44013579653711e-13	HSD17B4	c16
3.00760274983591e-17	-1.48123717479501	0.093	0.167	1.10081268246744e-12	DOK1	c16
0.000235346000451571	-1.47896906586409	0.024	0.041	1	WDR34	c16
1.34301508759948e-11	-1.47890038726425	0.038	0.083	4.91556952212284e-07	KIAA0930	c16
2.59055975152936e-05	-1.47849062530234	0.065	0.095	0.948170774657262	NPC1	c16
2.62414697723944e-05	-1.4760841781464	0.032	0.018	0.960464035139409	AC103702.2	c16
3.34943706291793e-09	-1.47422054649884	0.043	0.083	0.000122592745939859	KDM1B	c16
1.1053325326206e-10	-1.47380378175701	0.052	0.098	4.04562760264465e-06	RNF146	c16
9.43603663369368e-55	-1.47326583768689	1	0.992	3.45368376829822e-50	MT-CO3	c16
9.39789604144239e-06	-1.47295435137727	0.03	0.054	0.343972393012833	H1F0	c16
0.291517004538368	-1.4727492833383	0.027	0.031	1	RGS9	c16
4.06370986502191e-07	-1.47212393587519	0.025	0.052	0.0148735844769667	ICAM1	c16
0.00644112229022754	-1.47103715723963	0.022	0.034	1	LTB4R	c16
1.96181996979052e-08	-1.47096798006004	0.036	0.071	0.000718045727143028	FAH	c16
2.31033195042829e-06	-1.4706696779775	0.056	0.088	0.0845604597176258	GPR107	c16
2.35850814166524e-09	-1.47056911750233	0.045	0.085	8.63237564930894e-05	RCC2	c16
6.29758966073886e-06	-1.46944291609012	0.02	0.042	0.230498079172703	MFSD13A	c16
9.15497084072904e-27	-1.46769293164495	0.209	0.305	3.35081087741524e-22	PLEKHB2	c16
1.42723695466717e-05	-1.46689689788897	0.015	0.034	0.522382997777733	NLN	c16
0.0423713493965738	-1.46588551284361	0.012	0.018	1	MED20	c16
3.45859048355971e-15	-1.46504299969146	0.073	0.138	1.26587870288769e-10	ZFYVE21	c16
1.71157507540956e-05	-1.46441855899894	0.034	0.058	0.626453593350654	STAM2	c16
0.0119084573892007	-1.46383321652281	0.014	0.024	1	GCNT2	c16
8.15226165395311e-18	-1.46292739268742	0.201	0.276	2.98380928796338e-13	CCPG1	c16
3.95460399955537e-06	-1.46284458684219	0.054	0.084	0.144742460987726	TMEM140	c16
0.0710684284601489	-1.46274128083803	0.01	0.015	1	ZNF213	c16
3.72263024562658e-10	-1.46136496551513	0.038	0.079	1.36251989620178e-05	DNASE1L1	c16
0.000337714268739556	-1.46114941726439	0.013	0.027	1	TLR5	c16
7.29166190656966e-25	-1.45975713141959	0.156	0.252	2.66882117442356e-20	EDEM2	c16
3.19277755941957e-10	-1.45871521921329	0.076	0.126	1.16858851452316e-05	RALB	c16
0.227409590851677	-1.45820187383559	0.053	0.059	1	ARHGAP26	c16
8.55477749762977e-09	-1.45536126636841	0.027	0.06	0.000313113411190747	IL1RAP	c16
6.83822928455306e-14	-1.45384543164159	0.085	0.149	2.50286030043927e-09	AGPS	c16
5.61601801272253e-06	-1.45334006192723	0.019	0.041	0.205551875283657	MROH6	c16
9.34719008862861e-07	-1.45310413485929	0.049	0.028	0.0342116504433896	MSC	c16
1.61777492172032e-10	-1.44936485231259	0.038	0.08	5.92121799098855e-06	CPT2	c16
1.18806144760298e-08	-1.4490274080598	0.168	0.215	0.000434842370437165	CHD9	c16
0.000647664985626762	-1.44901368088186	0.005	0.015	1	GPAT2	c16
0.000312885149991963	-1.44799029442442	0.051	0.073	1	AGPAT4	c16
1.59980812081746e-07	-1.4478332814348	0.041	0.074	0.00585545770300399	GNGT2	c16
0.122626075676237	-1.44629423716932	0.025	0.032	1	NDFIP2	c16
0.000988579306871205	-1.44501917824904	0.019	0.033	1	OLMALINC	c16
0.000541339960342143	-1.44284570224136	0.023	0.039	1	ACSM3	c16
0.130887109248744	-1.44266363290548	0.059	0.05	1	TTC38	c16
7.58713013789642e-16	-1.44228549921719	0.064	0.13	2.77696550177147e-11	ODF3B	c16
0.453182917717093	-1.44116643815521	0.01	0.009	1	FAM13A-AS1	c16
0.00574234151743921	-1.4406256091523	0.036	0.051	1	AP4M1	c16
0.00231830417107982	-1.43809255790175	0.06	0.079	1	SMAD7	c16
0.000132908467718049	-1.43781850996703	0.03	0.05	1	UEVLD	c16
0.122768519235701	-1.43769416264854	0.038	0.046	1	GRAMD1B	c16
0.117378168507019	-1.43683840057114	0.008	0.012	1	KCTD11	c16
9.18572177344987e-16	-1.4360457786928	0.244	0.304	3.36206602630039e-11	MYADM	c16
0.00308616802413047	-1.43087528234151	0.017	0.029	1	FADS3	c16
0.394478138605327	-1.43076439481148	0.012	0.015	1	CDCA8	c16
3.52668911322601e-60	-1.42996670363412	0.975	0.904	1.29080348233185e-55	MT-ND2	c16
7.04151429150997e-09	-1.42995576207707	0.039	0.076	0.000257726464583556	STIMATE	c16
0.00794324064075853	-1.42900322236646	0.008	0.016	1	SLC25A30	c16
0.00863067894725859	-1.4268761378504	0.034	0.047	1	ZNF562	c16
0.112970827075251	-1.42442731544001	0.011	0.008	1	ZNRF1	c16
5.08837172206623e-10	-1.42436600350793	0.097	0.148	1.86239493399346e-05	PAFAH1B2	c16
0.000749498468650926	-1.42434292402567	0.008	0.019	1	ERI2	c16
2.59989477733826e-11	-1.42434096959354	0.058	0.109	9.51587487453576e-07	ATP6V1C1	c16
0.208995374601042	-1.42332647255231	0.02	0.024	1	PEAK1	c16
9.07224710151933e-05	-1.4226951644931	0.019	0.036	1	ACVR1B	c16
2.53781332419547e-12	-1.42151515508594	0.178	0.24	9.28865054788784e-08	TMEM30A	c16
0.00205769091032833	-1.41971192762573	0.007	0.016	1	DCUN1D3	c16
1.71506435612415e-15	-1.41953037667924	0.031	0.085	6.27730704984999e-11	FAR2	c16
0.0123521094744125	-1.41865930877824	0.015	0.024	1	AC025048.2	c16
0.00398252293913627	-1.41821062037843	0.009	0.018	1	AL138756.1	c16
0.00887094478413275	-1.41701202338554	0.009	0.017	1	CPEB3	c16
0.000285088749811848	-1.41691522047274	0.001	0.01	1	AC007611.1	c16
2.51868407335621e-11	-1.41576621696347	0.073	0.127	9.21863557689106e-07	UBE2W	c16
6.92860540224856e-13	-1.41546998619525	0.05	0.102	2.535938863277e-08	IRS2	c16
0.0284661263522085	-1.41545223937521	0.012	0.019	1	ZNF555	c16
0.295806767283094	-1.41521550731518	0.008	0.011	1	ADAM12	c16
0.100092692962828	-1.41467210491955	0.057	0.065	1	JAKMIP2	c16
0.00877952372056277	-1.41465899381838	0.012	0.021	1	AC040970.1	c16
0.0023033056546338	-1.41464761331445	0.028	0.043	1	IL15	c16
1.06439205461374e-07	-1.41265367822773	0.067	0.106	0.00389578135909176	PAK1	c16
9.63557317898948e-17	-1.41020420432223	0.097	0.171	3.52671613924194e-12	LINC00963	c16
8.36774860188897e-24	-1.40986046476107	0.178	0.269	3.06267966577738e-19	DBNDD2	c16
0.120515013214091	-1.40930056850812	0.016	0.012	1	LINC02384	c16
0.0112058199661336	-1.40636822643745	0.013	0.022	1	SENP3	c16
0.0432591059253867	-1.40567445635669	0.018	0.026	1	PEX11A	c16
0.0674240715262062	-1.4036294216448	0.005	0.01	1	PHETA2	c16
3.54515661047037e-09	-1.40246029790228	0.043	0.082	0.000129756277099826	SAV1	c16
8.27562947323234e-25	-1.40190386286233	0.234	0.322	3.02896314349777e-20	PTTG1IP	c16
3.66737371529393e-07	-1.40111595033819	0.015	0.039	0.0134229545353473	HMGB3	c16
0.173079820856065	-1.40080490157129	0.012	0.008	1	SRGAP3	c16
7.97735658883046e-18	-1.40004940297096	0.084	0.039	2.91979228507784e-13	CX3CR1	c16
1.69380184262741e-10	-1.39921136493222	0.065	0.115	6.19948412420059e-06	USP32	c16
2.74081377892239e-06	-1.39910450918279	0.014	0.036	0.100316525122338	CTNS	c16
0.0543603767393335	-1.39857291739557	0.006	0.011	1	TTC30B	c16
2.90125535164921e-18	-1.39775811253456	0.105	0.185	1.06188847125713e-13	ALDH3A2	c16
8.25574983010491e-05	-1.39649350307836	0.006	0.02	1	IL17RE	c16
0.00219424738863297	-1.3954725824768	0.046	0.064	1	NFIA	c16
0.00507728744488175	-1.39468527828591	0.011	0.021	1	RMDN2	c16
0.0436252816173665	-1.3943487334047	0.008	0.013	1	ICOSLG	c16
0.0384619493581108	-1.39413618730152	0.006	0.012	1	SPAG1	c16
0.0406659247451623	-1.39381068280705	0.019	0.026	1	PPP1R3D	c16
0.00350355803478247	-1.39345150471324	0.055	0.073	1	FAM91A1	c16
0.00259447075136365	-1.39178716241578	0.013	0.025	1	SLC1A4	c16
0.521121482207935	-1.39157456204644	0.009	0.011	1	CRIPAK	c16
7.26799449840844e-07	-1.39076811037303	0.004	0.021	0.0266015866636247	FGD6	c16
6.66921155341392e-18	-1.39004139347302	0.107	0.186	2.44099812066503e-13	CHP1	c16
8.00193797974948e-11	-1.38860611214236	0.046	0.091	2.92878931996811e-06	ALG9	c16
0.216874956195088	-1.38649672637581	0.01	0.014	1	SLX4	c16
1.23040035621627e-08	-1.38491159135015	0.049	0.088	0.000450338834378716	PLEKHM2	c16
0.342695094850931	-1.38182363423745	0.076	0.08	1	GARS-DT	c16
0.0228361656086074	-1.38053700318749	0.038	0.05	1	MINDY3	c16
4.21509983036442e-10	-1.37934572080365	0.115	0.168	1.54276868891168e-05	RAPGEF1	c16
7.03993050740058e-06	-1.3786052404178	0.028	0.052	0.257668496501369	PCCA	c16
0.786867385966249	-1.37809707090213	0.025	0.024	1	ERV3-1	c16
0.000546313486195619	-1.37698463232754	0.024	0.041	1	SRGAP2	c16
0.000446712214477248	-1.37577349669179	0.003	0.013	1	NPHP1	c16
4.39156908572146e-10	-1.37536309502323	0.062	0.109	1.60735820106491e-05	MLKL	c16
0.000123193622648779	-1.37467644824078	0.11	0.139	1	MEF2A	c16
1.00182915660659e-11	-1.37446563934246	0.072	0.126	3.66679489609577e-07	ASAP1	c16
9.79323760193434e-05	-1.37231434411924	0.139	0.169	1	SPAG9	c16
2.9583779049606e-11	-1.37172054757745	0.1	0.156	1.08279589699463e-06	PPFIA1	c16
0.0221673903907227	-1.37105257977598	0.02	0.03	1	VPS54	c16
1.08906609471131e-17	-1.3702507379757	0.222	0.288	3.98609081325285e-13	DNASE2	c16
5.23041251395697e-06	-1.36916634663006	0.065	0.097	0.191438328423339	ZCCHC2	c16
1.94128751504122e-17	-1.36907571834878	0.086	0.161	7.10530643380236e-13	MR1	c16
5.83568719731545e-06	-1.36828370807736	0.043	0.072	0.213591987108943	SLC35F5	c16
0.762962852409872	-1.36752036378609	0.015	0.016	1	IPPK	c16
1.00643708789358e-18	-1.36697537644824	0.098	0.179	3.68366038539929e-14	PHYH	c16
0.00854617491602557	-1.36641723415912	0.018	0.029	1	ERMP1	c16
0.333690284647845	-1.36605780827238	0.012	0.014	1	ITIH4	c16
6.61208201655272e-11	-1.36556375905864	0.063	0.113	2.42008813887846e-06	CLN6	c16
1.46411489202107e-11	-1.3646438908387	0.167	0.226	5.35880691628632e-07	NUP214	c16
0.000165667767271484	-1.36462338655985	0.026	0.045	1	SLC15A4	c16
1.93367001411264e-05	-1.36437416892627	0.035	0.059	0.707742561865369	KIF1C	c16
0.0651382864295741	-1.36425301463098	0.021	0.029	1	MLYCD	c16
0.000430001390074968	-1.36418915162577	0.016	0.031	1	CACNB3	c16
0.000219054190430673	-1.36336251467401	0.039	0.06	1	PANK3	c16
0.000626532281318077	-1.36255191964336	0.002	0.01	1	LURAP1	c16
1.12691403367742e-10	-1.36061990833606	0.081	0.134	4.12461805466271e-06	KLHL6	c16
0.00262829517994092	-1.36047834070112	0.026	0.04	1	TMEM106A	c16
0.000810526212666003	-1.35890751563501	0.038	0.056	1	MAPK7	c16
4.6863105283775e-19	-1.35830612776895	0.55	0.464	1.71523651649145e-14	GLRX	c16
1.03493058525576e-05	-1.35765518918613	0.078	0.11	0.378794943509459	SFXN3	c16
0.00465434020471635	-1.35677279921957	0.06	0.078	1	JAK2	c16
0.0461386527206149	-1.35547446607777	0.008	0.013	1	ZNF20	c16
9.01657987738945e-62	-1.35543586320155	0.745	0.609	3.30015840092331e-57	GSTP1	c16
6.60780466782935e-18	-1.35360144712064	0.145	0.226	2.41852258647222e-13	FEZ2	c16
4.72018675929613e-08	-1.35320817801373	0.071	0.112	0.00172763555576998	APOL1	c16
7.37409729716408e-25	-1.35297964499705	0.218	0.308	2.69899335173502e-20	TPP1	c16
0.00654436132415575	-1.3520513940196	0.036	0.051	1	ZDHHC21	c16
0.0011501665816049	-1.35192624665784	0.008	0.019	1	ZNF35	c16
7.8638473943545e-07	-1.35075107844615	0.037	0.067	0.0287824678480769	ZNF124	c16
3.82690531964315e-08	-1.35004237259903	0.042	0.078	0.00140068561604259	CLPTM1L	c16
5.07978872481183e-05	-1.3494051294591	0.082	0.111	1	SLC12A6	c16
0.000966148907969094	-1.34885266253449	0.048	0.068	1	CMTR2	c16
9.26172102304897e-25	-1.34822507782351	0.428	0.434	3.38988251164615e-20	DNAJA1	c16
2.15288119585104e-10	-1.34638492053591	0.137	0.192	7.87976046493441e-06	IQSEC1	c16
5.51000736177257e-20	-1.34500654228286	0.295	0.356	2.01671779448238e-15	TMED5	c16
3.33965206733823e-09	-1.34478048728239	0.045	0.085	0.000122234605316646	SLC4A2	c16
1.19687280864527e-12	-1.34462770888307	0.188	0.252	4.38067416692257e-08	SPPL2A	c16
2.85133971935448e-08	-1.34420069623744	0.041	0.077	0.00104361885068093	SETD7	c16
6.28999656869077e-07	-1.34165697897604	0.022	0.048	0.0230220164410651	SGPP1	c16
0.000218590065983668	-1.34075769910018	0.034	0.02	1	CPNE7	c16
0.209804461733522	-1.34047364564	0.016	0.02	1	AC021054.1	c16
1.86078350592481e-06	-1.33977105053998	0.024	0.049	0.0681065371003541	KNSTRN	c16
0.000225945452986208	-1.33970833522806	0.027	0.046	1	TRAK1	c16
1.72144883651299e-170	-1.3395988472032	0.979	0.852	6.30067488652121e-166	S100A10	c16
0.0087332244895993	-1.33804614809739	0.006	0.014	1	UBTD2	c16
0.00604348112764024	-1.33799822126096	0.025	0.038	1	TDRD7	c16
1.48410779357857e-11	-1.33722747635171	0.024	0.065	5.43198293527694e-07	GPA33	c16
0.00609847880514284	-1.33704433886322	0.056	0.072	1	TET2	c16
0.0881555615190447	-1.33606883961371	0.006	0.011	1	NETO2	c16
4.93350011614679e-05	-1.33461615201526	0.017	0.035	1	SRXN1	c16
0.00637630393116007	-1.33402116938858	0.042	0.057	1	KIF1B	c16
1.24005887440597e-19	-1.33343002642684	0.183	0.266	4.5387394862133e-15	NAGK	c16
6.94835734710923e-18	-1.33048716454074	0.128	0.209	2.54316827261545e-13	PDXK	c16
0.00239104082790768	-1.3298213191928	0.016	0.028	1	LONRF1	c16
0.014926021194682	-1.32881569004102	0.024	0.034	1	AK1	c16
4.90782067782732e-09	-1.32874030376939	0.128	0.178	0.000179631144629158	B3GNT2	c16
0.058882478428659	-1.32853831375628	0.89	0.742	1	MT-ATP8	c16
1.0781878555215e-22	-1.32739692518201	0.187	0.099	3.94627536999425e-18	KLRD1	c16
5.39326872230633e-16	-1.32703569218341	0.116	0.19	1.97399028505134e-11	CALU	c16
1.73142765284069e-06	-1.32679202375982	0.035	0.063	0.063371983521622	FPGT	c16
0.301753336223919	-1.3247668131265	0.008	0.01	1	ARRDC3-AS1	c16
0.135151878889656	-1.32408158354726	0.052	0.059	1	DLEU2	c16
0.0488074860518766	-1.32373418632002	0.023	0.031	1	ZFYVE1	c16
2.89649323206087e-07	-1.3221590208792	0.031	0.06	0.010601454878666	MAFF	c16
9.32301145840398e-08	-1.3216859139845	0.024	0.053	0.00341231542389044	PLD2	c16
0.00038240386207693	-1.32109197148488	0.004	0.014	1	ANKRD29	c16
0.96797371915937	-1.32008354951862	0.017	0.017	1	ADAMTS6	c16
3.32970257112387e-06	-1.31911446167029	0.043	0.072	0.121870443805705	PITPNA	c16
3.71352620603858e-05	-1.31899817352923	0.027	0.048	1	FICD	c16
0.00914290075626032	-1.31762988905105	0.013	0.023	1	AFMID	c16
9.36979011627445e-07	-1.31513191295732	0.049	0.081	0.0342943688045761	KIAA2013	c16
0.0443461160281677	-1.31494509173011	0.019	0.026	1	CHROMR	c16
1.01717384635716e-05	-1.3129074271919	0.041	0.068	0.372295799505185	CLCN7	c16
8.66935285223283e-14	-1.31188512256759	0.109	0.176	3.17306983744574e-09	RARA	c16
0.0374729245608072	-1.31154631344661	0.014	0.022	1	AC011603.2	c16
0.0107508575453189	-1.31135140216127	0.071	0.088	1	ZNF518A	c16
4.45360645850374e-09	-1.31080952833434	0.027	0.062	0.000163006449987695	BAIAP2	c16
8.50005425400362e-06	-1.31029449971529	0.027	0.051	0.311110485750787	MOB3C	c16
0.00219506379361108	-1.30943655355688	0.027	0.042	1	DVL3	c16
1.04048838460736e-29	-1.30801434421794	0.525	0.482	3.80829153650139e-25	RTN4	c16
0.000264223865871323	-1.30787223474899	0.104	0.132	1	AHR	c16
0.0866500080189058	-1.30750794018934	0.006	0.011	1	NRAV	c16
6.47514126522109e-56	-1.30687995141219	0.985	0.926	2.36996645448357e-51	MT-ND4	c16
1.62561079346891e-18	-1.306280035671	0.273	0.332	5.94989806517554e-14	RNF13	c16
0.000481436167373785	-1.30624335580056	0.016	0.031	1	CAMK1	c16
0.0132997434733943	-1.30608337312747	0.006	0.013	1	ENKD1	c16
8.41062071799102e-06	-1.30603592455082	0.041	0.068	0.307837128899189	AMFR	c16
3.429429880118e-05	-1.30443759664696	0.108	0.139	1	NCOR2	c16
8.10838376514671e-14	-1.30404033972963	0.245	0.299	2.96774954188135e-09	TCIRG1	c16
5.15892429551555e-07	-1.3031000522006	0.107	0.148	0.0188821788140165	BCL2L1	c16
6.64991884449973e-11	-1.30269341653719	0.038	0.082	2.43393679627534e-06	WDR41	c16
1.76508895072321e-08	-1.30211196495541	0.119	0.166	0.000646040206854201	PICALM	c16
0.0233939740722503	-1.30062647521255	0.141	0.155	1	BHLHE40	c16
8.6052824440329e-05	-1.30058977479528	0.029	0.05	1	C9orf64	c16
3.97244850186452e-22	-1.30009502920293	0.454	0.432	1.45395587616743e-17	AKR1A1	c16
2.51987405332945e-05	-1.29953002705476	0.409	0.372	0.922299102259112	NCF1	c16
2.4115090819679e-05	-1.29866711999785	0.403	0.362	0.882636439091072	IFI6	c16
0.000161911356491389	-1.29772997968312	0.117	0.146	1	BAZ2B	c16
0.00327619986279602	-1.29761606106592	0.032	0.047	1	PAFAH2	c16
2.56560634287619e-12	-1.29651200571533	0.253	0.297	9.39037577556114e-08	TUBA1C	c16
6.6924081370375e-17	-1.29559877345339	0.148	0.225	2.44948830223709e-12	GLB1	c16
4.35459016730492e-18	-1.29536640520029	0.315	0.354	1.59382354713527e-13	BLVRA	c16
0.0792631259295924	-1.29508672130843	0.041	0.049	1	HEATR3	c16
0.011634625991165	-1.29502182054371	0.027	0.039	1	NUDT19	c16
0.000110454918394837	-1.29465099109046	0.009	0.023	1	PEX11G	c16
0.48962619693447	-1.29449055046417	0.019	0.021	1	ZNF841	c16
0.00237944889912419	-1.29433422212712	0.027	0.042	1	HPSE	c16
7.05317600153851e-16	-1.29386862429335	0.16	0.235	2.58153294832311e-11	TNFRSF1A	c16
0.0141088547220451	-1.29176317350947	0.05	0.064	1	WDR81	c16
8.39058755440209e-09	-1.29035829449837	0.343	0.361	0.000307103895078671	PLEC	c16
1.61785778575771e-09	-1.29007222524746	0.08	0.128	5.92152128165178e-05	NRIP1	c16
0.0982298633760434	-1.29000636012954	0.008	0.012	1	MASTL	c16
9.69419003142178e-18	-1.28956613467835	0.225	0.294	3.54817049340068e-13	TRPV2	c16
6.52540484044474e-05	-1.28768982077061	0.02	0.039	1	NKIRAS1	c16
2.58347481003762e-07	-1.28605449212243	0.077	0.117	0.00945577615221871	SERTAD3	c16
1.68527276263864e-13	-1.28536925635942	0.484	0.452	6.16826683853369e-09	RNF149	c16
0.00013099306637358	-1.28474568637359	0.048	0.072	1	ERI1	c16
0.324382162135427	-1.28305365058933	0.031	0.027	1	MFSD4B	c16
1.29528479277532e-27	-1.28260373318396	0.661	0.527	4.74087187003694e-23	ATP6V1F	c16
0.0251735355817329	-1.27798285041116	0.108	0.089	1	FTX	c16
7.31572915281817e-11	-1.27644321883661	0.128	0.186	2.67763002722298e-06	PDLIM5	c16
5.28907909584634e-05	-1.27632449984445	0.035	0.058	1	PGM3	c16
0.0546908517398439	-1.27561436624759	0.007	0.012	1	TMEM241	c16
1.4865220944416e-12	-1.27554641277127	0.098	0.159	5.44081951786571e-08	ROGDI	c16
0.0231091767630054	-1.27447098492635	0.012	0.007	1	IL18RAP	c16
0.0301613360236644	-1.27374197355764	0.007	0.013	1	EHHADH	c16
0.0113121195348642	-1.27355509173764	0.091	0.108	1	NOTCH2	c16
2.37679816876213e-12	-1.27279359369104	0.194	0.252	8.69931897748628e-08	RAB1A	c16
1.52970002323227e-07	-1.27269370609814	0.153	0.197	0.00559885505503244	LPP	c16
1.47023308917079e-14	-1.27037612063575	0.241	0.297	5.38120012967401e-10	SERPINB6	c16
8.74461959251137e-14	-1.26996636235756	0.191	0.257	3.20061821705509e-09	MINK1	c16
5.45156718614756e-20	-1.26856191755871	0.128	0.214	1.99532810580187e-15	OAS1	c16
8.01765965611406e-05	-1.26841678548798	0.028	0.049	1	MED18	c16
1.73212558238282e-19	-1.26793544039834	0.534	0.462	6.33975284407936e-15	LRPAP1	c16
2.71535674041741e-09	-1.26558853725941	0.046	0.087	9.93847720560176e-05	PLBD2	c16
0.00621263754916829	-1.26516219567189	0.052	0.068	1	HMGCR	c16
2.26424452069458e-14	-1.26385934751642	0.291	0.337	8.28736137019422e-10	EFHD2	c16
0.00685914312808955	-1.26353591746021	0.991	0.939	1	MT-ND4L	c16
0.00793418119442694	-1.2630453799599	0.064	0.081	1	SC5D	c16
0.0240002563472068	-1.26282775801917	0.124	0.138	1	DDX60L	c16
3.08632382023528e-19	-1.26213588202658	0.394	0.404	1.12962538144431e-14	ATP6AP1	c16
3.91241753371555e-10	-1.26188044564961	0.106	0.161	1.43198394151523e-05	MKNK1	c16
0.000706449618029514	-1.26090659103933	0.078	0.102	1	MTMR6	c16
3.65375037130901e-11	-1.26038927058474	0.04	0.085	1.33730917340281e-06	C3orf14	c16
3.72935250460694e-07	-1.25962178438164	0.033	0.063	0.0136498031021119	MPND	c16
0.00239317087808802	-1.25808039424136	0.073	0.094	1	SGMS1	c16
0.277329828881209	-1.25778782974872	0.01	0.013	1	FBXL18	c16
1.68067510960217e-14	-1.25671745213986	0.267	0.312	6.15143896865492e-10	CYB5A	c16
0.000166577129596014	-1.25640085830272	0.042	0.065	1	FRY	c16
0.0585907332632248	-1.2560633400762	0.013	0.019	1	ZNRF2	c16
3.91554888635537e-05	-1.25383391971896	0.056	0.083	1	CLN8	c16
0.000363530363930469	-1.25331367686575	0.04	0.06	1	TBC1D10B	c16
0.997089875202374	-1.2516470539781	0.15	0.144	1	DDHD1	c16
0.00287990055523522	-1.25130187755962	0.018	0.03	1	TET3	c16
0.00151426248201467	-1.25086159685939	0.019	0.032	1	TPCN2	c16
1.93098103130065e-05	-1.24967363270202	0.023	0.011	0.70675836726635	ADGRG5	c16
9.27465277829871e-07	-1.24932143509183	0.108	0.149	0.0339461566338511	EXOC5	c16
2.41616989035291e-07	-1.2492259187391	0.049	0.084	0.0088434234156807	IER5	c16
0.00213469657372388	-1.24832522379706	0.01	0.021	1	PLEK2	c16
6.00065695388232e-08	-1.24809964709902	0.045	0.081	0.00219630045169047	SLC29A3	c16
0.0219845230304677	-1.24773149549676	0.01	0.018	1	MED14OS	c16
0.0463641721557451	-1.24696920757214	0.015	0.022	1	LENG9	c16
3.68166531452972e-17	-1.24604538640159	0.282	0.333	1.34752632177102e-12	TXNDC17	c16
0.0338660919970649	-1.2460070112743	0.042	0.054	1	EOGT	c16
0.251153610513868	-1.24538913563924	0.021	0.017	1	PDGFD	c16
1.67654762561916e-10	-1.24489463913014	0.073	0.125	6.1363319645287e-06	MMD	c16
0.556940956562665	-1.24477529257911	0.015	0.017	1	KNTC1	c16
1.33902211675935e-58	-1.24404552012363	0.844	0.644	4.90095484955089e-54	ATP6V0C	c16
0.112160093101232	-1.24250906755431	0.012	0.016	1	MIRLET7BHG	c16
1.07855160945156e-09	-1.24175339495716	0.09	0.141	3.94760674575365e-05	STX6	c16
0.616709986741361	-1.24170524454848	0.038	0.04	1	ENC1	c16
2.81626071974672e-15	-1.24138853649092	0.039	0.015	1.0307795860345e-10	KLRC2	c16
1.22651386180757e-15	-1.24067012568449	0.29	0.342	4.48916338560188e-11	RTN3	c16
6.00676260060517e-07	-1.23981777355857	0.035	0.018	0.021985351794475	CCR2	c16
4.23673378487156e-08	-1.2388169308093	0.03	0.062	0.00155068693260084	SPRYD4	c16
0.00742685964807802	-1.23790458841239	0.015	0.025	1	NAB2	c16
9.90926760253127e-30	-1.23790243376568	0.983	0.904	3.62689103520247e-25	MT-ND5	c16
5.1746494868539e-05	-1.23662131158914	0.033	0.056	1	SLFN12	c16
0.942189159997785	-1.23603915726109	0.02	0.02	1	DYNC2H1	c16
0.521416683754891	-1.235362756534	0.03	0.033	1	LINC01588	c16
3.00539321946502e-08	-1.23532998332535	0.041	0.077	0.00110000397225639	FAM118B	c16
0.201284276269111	-1.23530475311822	0.019	0.023	1	NOD2	c16
0.000339091591158936	-1.23514468747961	0.014	0.029	1	C16orf95	c16
0.175231752530297	-1.23400257874873	0.036	0.042	1	SRD5A1	c16
2.16541038613381e-06	-1.23376989784789	0.062	0.095	0.0792561855428834	VAC14	c16
0.000655121696784122	-1.23367109712992	0.047	0.068	1	ATP13A3	c16
0.0885148764264298	-1.233262884444	0.011	0.016	1	GDAP1	c16
0.0793962683501725	-1.231015936756	0.073	0.061	1	SLC20A1	c16
0.0112226081587489	-1.23078257331539	0.017	0.027	1	GZF1	c16
0.000512323962021544	-1.23065348261946	0.102	0.128	1	CCDC6	c16
0.0824121772037538	-1.23024204725202	0.012	0.018	1	CPEB2	c16
0.000212184580536242	-1.23000160667396	0.175	0.203	1	TRIP12	c16
1.46545722917446e-08	-1.22930433996606	0.052	0.092	0.000536372000450144	PPARD	c16
0.076663149041027	-1.2290808119238	0.008	0.012	1	HOMER1	c16
0.0123504674944203	-1.22855965706511	0.031	0.043	1	ZNF100	c16
1.0930168708298e-08	-1.22823286627885	0.104	0.152	0.000400055104892414	VPS41	c16
6.12064651919402e-08	-1.22542498792819	0.161	0.206	0.0022402178324902	STX12	c16
9.64366708846244e-11	-1.22429707002848	0.023	0.061	3.52967859104814e-06	VWA5A	c16
0.00254440582683193	-1.22428761109301	0.014	0.026	1	SLC16A6	c16
0.225192030665132	-1.22421540222975	0.015	0.019	1	GDPGP1	c16
0.0924245283193497	-1.22414574128694	0.079	0.089	1	EIF4G3	c16
0.954380110730248	-1.22361215677592	0.01	0.011	1	KCNQ1OT1	c16
0.00175727491919167	-1.22314302668391	0.066	0.087	1	FAR1	c16
5.8000552482559e-18	-1.22295423629756	0.999	0.972	2.12287822141414e-13	MT-ATP6	c16
2.40828023628741e-09	-1.22273606302797	0.501	0.467	8.81454649283557e-05	IQGAP1	c16
2.17720073081681e-06	-1.22223168902035	0.043	0.074	0.0796877239486259	RPE	c16
0.000685007314885258	-1.22140001229516	0.014	0.027	1	FRAT2	c16
0.0750258225389662	-1.2209040819052	0.016	0.022	1	ZNF230	c16
0.3509677087318	-1.22056724482102	0.024	0.02	1	AL158152.1	c16
2.72973999050633e-12	-1.22015847964684	0.349	0.224	9.99112133925224e-08	GZMH	c16
0.038772219316625	-1.21990304429914	0.009	0.015	1	FMO5	c16
1.91758936783957e-16	-1.21843568308761	0.998	0.951	7.01856884522959e-12	MT-ND1	c16
0.0266672274429774	-1.21634509671116	0.052	0.064	1	SOS2	c16
0.309809874147674	-1.21625695977002	0.012	0.009	1	PIK3R3	c16
8.29654922980107e-05	-1.21505067501129	0.101	0.132	1	LARP4	c16
6.25987239929713e-16	-1.21423779321433	0.327	0.355	2.29117589686674e-11	GNG10	c16
2.25065736697975e-14	-1.21390695820985	0.057	0.026	8.23763102888259e-10	C1orf21	c16
1.08787469630593e-05	-1.21383255345275	0.09	0.123	0.398173017594932	CMIP	c16
0.0294125799106635	-1.21321703979923	0.027	0.037	1	VPS9D1	c16
9.35829161984989e-11	-1.21226385877556	0.072	0.124	3.42522831578126e-06	SPTSSA	c16
2.28362520797986e-14	-1.21204997762337	0.26	0.311	8.35829662372708e-10	LAMP1	c16
0.0547974101229742	-1.21198919564004	0.006	0.011	1	B4GALT1-AS1	c16
0.000107328744330907	-1.21114145651559	0.014	0.031	1	SLC49A4	c16
1.85686238017939e-09	-1.210613289995	0.091	0.141	6.79630199769458e-05	APH1B	c16
0.350229318151396	-1.20979088894869	0.008	0.01	1	CASTOR2	c16
5.88603287103099e-06	-1.20977449248412	0.071	0.103	0.215434689112605	ZYG11B	c16
0.17762942020265	-1.20887109614836	0.024	0.029	1	DAG1	c16
0.0011767489319364	-1.20885303744012	0.03	0.046	1	GBE1	c16
0.000606922393458335	-1.20838891521306	0.019	0.034	1	SLC38A7	c16
0.000389239982333977	-1.20796096175381	0.013	0.027	1	NAV1	c16
0.198996352031297	-1.20724102469511	0.024	0.029	1	EARS2	c16
0.00246971198042955	-1.20653638643461	0.071	0.091	1	DDI2	c16
0.0212645711753499	-1.20627807260613	0.049	0.062	1	SSH1	c16
2.87113591206631e-10	-1.20610336788532	0.135	0.191	1.05086445517539e-05	RDX	c16
1.8519776677324e-11	-1.20597749196753	0.083	0.14	6.77842346166735e-07	HVCN1	c16
0.00621360175439566	-1.20381923743091	0.012	0.022	1	GFOD1	c16
0.00329982221605473	-1.20369000034167	0.145	0.165	1	CBL	c16
0.0751290280942276	-1.20148916557882	0.133	0.144	1	PKN2	c16
0.00386414762368175	-1.20146337872387	0.03	0.045	1	MINPP1	c16
0.0268926715213434	-1.20079468193333	0.009	0.016	1	KBTBD8	c16
0.260903798048141	-1.20073766844429	0.007	0.01	1	XYLB	c16
6.33515003311729e-05	-1.19901191872215	0.097	0.127	1	ACSL4	c16
0.000126873918508865	-1.19869467585513	0.017	0.034	1	STPG1	c16
3.21158258872629e-12	-1.19772431621429	0.13	0.195	1.17547134329971e-07	EHD4	c16
2.77647454473026e-10	-1.19726372459088	0.153	0.099	1.01621744811672e-05	SOCS1	c16
0.068875711218633	-1.19683429782729	0.041	0.05	1	DOP1A	c16
0.0833445777950378	-1.19587804074678	0.065	0.076	1	SNX13	c16
7.79410300022486e-05	-1.19551488181799	0.101	0.131	1	SERTAD1	c16
1.25491894331597e-07	-1.19522197622956	0.152	0.197	0.00459312882443077	CACUL1	c16
0.70830786682675	-1.19516305937676	0.049	0.05	1	SLC9A6	c16
0.851595993309619	-1.19384470940193	0.016	0.016	1	MCM8	c16
0.0503533428308494	-1.19316584931852	0.009	0.014	1	CCNJ	c16
5.94091281207595e-08	-1.19269281455349	0.146	0.192	0.00217443349834792	TXNRD1	c16
3.56090655967296e-06	-1.19259710357226	0.02	0.009	0.13033274099059	KIAA1671	c16
5.88893180254134e-15	-1.19149978436795	0.137	0.209	2.15540792904816e-10	TNFSF13B	c16
0.102520096194849	-1.19053941802455	0.089	0.076	1	GAB3	c16
6.84940221110955e-05	-1.18861491604331	0.062	0.089	1	PIP5K1C	c16
2.22283272128765e-07	-1.18548751062641	0.045	0.078	0.00813579004318494	LMNB2	c16
8.41270201568407e-08	-1.18501236063785	0.099	0.142	0.00307913306476053	DHRS4L2	c16
2.95053412155055e-05	-1.1839252162325	0.012	0.028	1	TXNDC5	c16
0.10667700913592	-1.18374819168244	0.019	0.025	1	EXTL3	c16
0.021772844800144	-1.18203309745177	0.012	0.02	1	SPINT1-AS1	c16
0.0217160765278339	-1.18203138178825	0.15	0.166	1	GNPTAB	c16
5.88544543907417e-126	-1.18099001117024	0.984	0.86	2.15413188515554e-121	CRIP1	c16
0.186077180204808	-1.18064592552843	0.02	0.025	1	ZNF528-AS1	c16
5.45605774712666e-14	-1.18029098975095	0.201	0.265	1.99697169602583e-09	PTPMT1	c16
9.32610093286324e-13	-1.17993099045999	0.094	0.155	3.41344620243727e-08	TMEM251	c16
0.000831507893730304	-1.17967687304456	0.02	0.035	1	SLC27A1	c16
1.87225223124833e-11	-1.17948489699173	0.128	0.188	6.85263039159202e-07	TAX1BP3	c16
0.0217557834579158	-1.17889068954784	0.03	0.041	1	SPOPL	c16
0.114950342934669	-1.17795468490656	0.02	0.026	1	RMI1	c16
0.444211333700883	-1.17700308290638	0.012	0.014	1	GRAMD4	c16
8.17810520351383e-06	-1.17662823398157	0.167	0.203	0.29932682855381	OSTM1	c16
0.0061042310571701	-1.17620023446167	0.014	0.024	1	CDKL5	c16
0.481359735445342	-1.17593046216875	0.011	0.009	1	MXD3	c16
0.0109444409241771	-1.17564844112717	0.038	0.052	1	RHBDD3	c16
0.248937223757689	-1.17536930152852	0.047	0.041	1	TPRG1	c16
0.237190138015105	-1.1742364791561	0.031	0.036	1	AREL1	c16
2.41449818738356e-09	-1.1734548992029	0.047	0.024	8.83730481564258e-05	CLU	c16
0.0127725113602842	-1.17259655964805	0.021	0.032	1	DOLK	c16
2.86173077184339e-12	-1.17242285183112	0.145	0.208	1.0474220798024e-07	PAPSS1	c16
5.2542034426537e-07	-1.17112132598176	0.052	0.086	0.0192309100204568	FAM3C	c16
4.29695960435137e-19	-1.17050326293418	0.019	0.004	1.57273018478864e-14	PTGDS	c16
0.000241047150647592	-1.16956504501982	0.016	0.032	1	BYSL	c16
0.534719740443816	-1.16919388287582	0.023	0.02	1	ZNF587	c16
0.00355909602366267	-1.16858548417023	0.064	0.083	1	IRAK1	c16
0.477858456782689	-1.16774089672538	0.035	0.032	1	ASCL2	c16
0.000569690609579256	-1.16703835455299	0.035	0.053	1	PACS2	c16
0.000495935766820417	-1.16647021476608	0.034	0.053	1	NACC1	c16
0.00251336351431439	-1.1659857241737	0.039	0.056	1	NCK1-DT	c16
0.693479529060672	-1.16564388587333	0.016	0.015	1	FKTN	c16
0.00180318099347128	-1.16476468182696	0.031	0.046	1	RNF19B	c16
7.4505406354018e-09	-1.16345897108902	0.046	0.086	0.000272697237796341	DHRS7B	c16
1.96850967427268e-05	-1.16172578685059	0.021	0.01	0.720494225880543	LINC02694	c16
6.86863094316625e-23	-1.16086652874131	0.62	0.518	2.51398761150828e-18	TKT	c16
0.014357360136972	-1.15973539374069	0.042	0.056	1	DENND11	c16
0.0861217356965568	-1.15938633030425	0.062	0.072	1	MFSD6	c16
0.570403997814806	-1.15924812252129	0.02	0.018	1	PRDM15	c16
0.0264851411922795	-1.15908787574531	0.013	0.021	1	NLK	c16
7.96222149360733e-05	-1.15809478740315	0.111	0.142	1	NUMB	c16
0.632131768723393	-1.15793726928669	0.03	0.032	1	AJM1	c16
0.111545975083183	-1.15704875194566	0.034	0.042	1	SLC26A2	c16
6.09451245297815e-12	-1.15664856380856	0.284	0.325	2.23065250291453e-07	YWHAE	c16
1.13555157509677e-08	-1.15587327674504	0.22	0.263	0.00041562323200117	ADA2	c16
0.984735624466643	-1.15368651204709	0.039	0.038	1	RPGR	c16
0.0001621368467648	-1.15357131318679	0.017	0.009	1	PGLYRP2	c16
1.03506063290753e-08	-1.1529823652612	0.231	0.271	0.000378842542250484	CD58	c16
0.00130200583676169	-1.1529312012124	0.035	0.052	1	SLC39A11	c16
0.315469903841732	-1.15150842995135	0.009	0.011	1	AL035071.1	c16
0.0484444029030858	-1.15139677591853	0.027	0.036	1	DAGLB	c16
0.0234473041943779	-1.15089316651672	0.056	0.069	1	ABL2	c16
0.38848458337191	-1.1507492657467	0.085	0.077	1	SUGP2	c16
0.00479804975284936	-1.15063957875988	0.032	0.047	1	GMNN	c16
5.42592906711243e-05	-1.14961502868774	0.016	0.034	1	TAF13	c16
0.283224403106536	-1.14938029227692	0.029	0.033	1	TAB3	c16
6.39494591944103e-05	-1.1492818659263	0.27	0.288	1	SLA	c16
2.93318127608483e-11	-1.14718130829257	0.109	0.167	1.07357367885981e-06	NUDT14	c16
3.00474284097844e-10	-1.14699760128547	0.072	0.122	1.09976592722652e-05	SULT1A1	c16
0.0129658323669113	-1.14689395421151	0.043	0.057	1	GANC	c16
3.40311184143528e-06	-1.14685724202155	0.041	0.023	0.124557296508373	TNIP3	c16
0.00215715255161963	-1.14594939588555	0.041	0.058	1	CASP10	c16
2.52059646925514e-12	-1.14528062906385	1	0.991	9.22563513712072e-08	MT-CYB	c16
5.37573843031347e-08	-1.14467847135296	0.167	0.213	0.00196757402287903	ADPGK	c16
0.00176431888112639	-1.14404587041559	0.031	0.047	1	TNFRSF10B	c16
0.00250485621464909	-1.14392339469146	0.008	0.017	1	PIGZ	c16
2.76663070383765e-11	-1.14304033647759	0.185	0.243	1.01261450391162e-06	CNDP2	c16
9.13445591141575e-16	-1.14266415495652	0.136	0.212	3.34330220813728e-11	PARVB	c16
0.0112022079547218	-1.14228204629159	0.291	0.287	1	CDC42EP3	c16
0.000242839250142723	-1.14224776774559	0.035	0.055	1	SESN2	c16
0.000495933193375825	-1.14222068829212	0.025	0.014	1	TRGV5	c16
0.463491435753052	-1.13784496330069	0.013	0.011	1	Z97192.3	c16
6.31148636510939e-05	-1.13680169856605	0.038	0.061	1	INPP1	c16
0.000215129223833523	-1.13647731240202	0.035	0.056	1	CCSAP	c16
0.0106671120301248	-1.13391083133832	0.007	0.014	1	NANP	c16
1.12075426071512e-05	-1.13342377560459	0.024	0.047	0.410207266964343	CENPBD1	c16
0.784214387023471	-1.13268821246838	0.035	0.036	1	HEG1	c16
0.0410849255392313	-1.13230612056648	0.098	0.081	1	ADRB2	c16
0.000126050883280642	-1.13217510740456	0.061	0.086	1	FAIM	c16
0.0271940907886623	-1.13185575952833	0.032	0.043	1	TESK1	c16
0.00414308146434721	-1.13174968319194	0.066	0.085	1	TOR1B	c16
0.156396534547891	-1.13172200567502	0.02	0.025	1	GALNT4	c16
0.0198336610692026	-1.13157828347983	0.019	0.013	1	PSAT1	c16
0.0374932431367573	-1.13066737076422	0.014	0.022	1	CCNB1	c16
0.000188643002754328	-1.12978188963976	0.042	0.064	1	PNPO	c16
2.39335054198463e-09	-1.12888028426929	0.183	0.234	8.75990231871795e-05	NRBF2	c16
0.0310026991261603	-1.12886513720978	0.07	0.084	1	YTHDF3	c16
0.00097782111168869	-1.12782104809797	0.065	0.087	1	GALC	c16
0.0430325511200324	-1.12764693860251	0.023	0.031	1	CLCN6	c16
0.33923290606595	-1.12760612916431	0.016	0.019	1	SERAC1	c16
2.30647191348946e-07	-1.12754889400714	0.236	0.272	0.00844191785056278	ZFAND5	c16
3.66185059429205e-10	-1.12726180181267	0.303	0.336	1.34027393601683e-05	RAB10	c16
0.797156043517513	-1.12680704380831	0.057	0.058	1	SOCS4	c16
1.36553832662683e-12	-1.12664361013508	0.394	0.397	4.99800682928685e-08	VASP	c16
0.0712617763145503	-1.12611973416682	0.077	0.088	1	VPS8	c16
0.267134844444923	-1.12589444753732	0.029	0.034	1	HIC2	c16
0.00604122314797028	-1.12582489977347	0.019	0.03	1	ERMAP	c16
9.71655453584407e-07	-1.12570328982062	0.016	0.006	0.0355635612566429	KIF19	c16
1.53007245715786e-14	-1.12541417716257	0.289	0.333	5.60021820044348e-10	PRDX3	c16
1.27629980194186e-08	-1.12541379345694	0.263	0.293	0.000467138490508742	CNIH4	c16
0.00104690264826459	-1.12513201397675	0.107	0.131	1	ALG2	c16
0.0976261736896068	-1.12402134223614	0.098	0.109	1	MFAP1	c16
0.0292749841413312	-1.12378674655506	0.041	0.053	1	MBD3	c16
1.41974638486929e-06	-1.12356447140256	0.083	0.12	0.0519641374326008	MTHFD1	c16
0.0205737234859611	-1.12266423273025	0.154	0.169	1	MAP3K8	c16
2.91331164670754e-36	-1.12243751281891	0.286	0.149	1.06630119581143e-31	GNLY	c16
0.0902725242759488	-1.12241629626362	0.046	0.055	1	RPS6KC1	c16
1.03087117191291e-10	-1.12234559600024	0.228	0.277	3.77309157631845e-06	GUSB	c16
7.53621209769944e-06	-1.12134051327602	0.209	0.244	0.275832898987897	STOM	c16
0.0193776400395449	-1.12079255102219	0.05	0.063	1	HGSNAT	c16
0.0210362517001915	-1.12046827503345	0.013	0.021	1	METTL7A	c16
0.24514626168463	-1.11962649533804	0.19	0.168	1	ABI3	c16
0.0982836761100918	-1.11939779113612	0.191	0.197	1	SLC39A10	c16
0.00476775322837463	-1.11842382775748	0.018	0.03	1	EXD2	c16
0.00655492421460819	-1.11807732017284	0.035	0.049	1	MGAT4B	c16
0.000107230388024508	-1.11777921201165	0.104	0.134	1	SKI	c16
0.15504776802351	-1.11770781138321	0.023	0.028	1	ZNF28	c16
4.68855455136602e-08	-1.11764099869251	0.284	0.309	0.00171605785134548	ACADVL	c16
0.00663498493367762	-1.11666941553039	0.162	0.132	1	PTPN22	c16
0.00132472749175678	-1.11625866178558	0.01	0.022	1	ZNF223	c16
0.0630061574036777	-1.11625127495769	0.012	0.018	1	MAML3	c16
0.156719606095171	-1.11598456940448	0.094	0.103	1	WDFY2	c16
0.140838648089905	-1.11312525232936	0.028	0.035	1	SIAH1	c16
0.00183921455385101	-1.11301358719151	0.018	0.031	1	RPH3AL	c16
0.00827965672735863	-1.11258578730799	0.187	0.204	1	DOCK11	c16
0.11005260678427	-1.11240326584976	0.028	0.035	1	WDR91	c16
0.00144781098113312	-1.11120809053591	0.05	0.07	1	SLC36A4	c16
0.246035367288185	-1.11062021397445	0.014	0.011	1	ARL17B	c16
2.26797359774858e-11	-1.11048433810167	0.297	0.333	8.30101016511956e-07	CAPZA2	c16
7.71100990248919e-10	-1.109053430764	0.279	0.317	2.82230673441007e-05	HDLBP	c16
0.0859831197571534	-1.10877950885238	0.036	0.045	1	CLUH	c16
0.00152525884566385	-1.10862379457275	0.038	0.056	1	INPPL1	c16
0.157219409080111	-1.10849981058453	0.223	0.223	1	RUNX1	c16
0.0467542737720761	-1.10798656594253	0.006	0.012	1	MICALL2	c16
0.532474308583978	-1.10783322951148	0.098	0.101	1	LDLRAD4	c16
5.10979447546965e-05	-1.10780935102032	0.02	0.04	1	SERPINB8	c16
0.340461202955683	-1.10750446547458	0.046	0.05	1	RUFY3	c16
1.9827716727359e-09	-1.10679332092426	0.116	0.169	7.25714259938065e-05	NCSTN	c16
4.85713908089128e-06	-1.10633575760155	0.347	0.352	0.177776147499702	NCKAP1L	c16
0.0467465620087697	-1.10630220197907	0.017	0.024	1	NFE2L3	c16
0.0187177085960604	-1.10484070376302	0.024	0.034	1	FER	c16
1.96807208708369e-06	-1.10456887134509	0.056	0.089	0.0720334064593503	ADAM15	c16
0.492902751985123	-1.10401341217021	0.025	0.028	1	NOXA1	c16
1.09761017397775e-09	-1.10383995181135	0.269	0.304	4.01736299777597e-05	MGAT1	c16
3.77446413048265e-05	1.10302498028054	0.01	0.004	1	AC091965.1	c16
4.61905816935851e-07	-1.1025122340001	0.362	0.388	0.0169062148056691	PLEK	c16
0.0749422859183301	-1.10210635521956	0.023	0.03	1	ENTPD5	c16
0.60801472933907	-1.10101980030145	0.016	0.017	1	ZNF347	c16
0.000178199098675852	-1.10063078926228	0.028	0.047	1	PINK1	c16
4.02526745115837e-10	-1.09982578670361	0.116	0.17	1.47328813979848e-05	FHL1	c16
1.26700030822352e-13	-1.09894220180698	0.405	0.403	4.63734782812891e-09	CYB5R3	c16
0.00936197947754256	-1.09883773264208	0.294	0.245	1	CISH	c16
0.000405831624238378	-1.09839365339594	0.031	0.049	1	SCML1	c16
0.113397929958494	-1.09822565036381	0.01	0.015	1	C1orf198	c16
0.0285046538825492	-1.0982078676407	0.041	0.053	1	MAN2A2	c16
0.0070299654453328	-1.09708826776304	0.13	0.15	1	HTT	c16
0.768305410196562	-1.09626938329119	0.062	0.064	1	ZDHHC5	c16
0.00307047086725371	-1.09597837368927	0.006	0.015	1	AC108488.1	c16
5.93074860051658e-05	-1.09587224378266	0.112	0.145	1	PLOD3	c16
0.0115355915360155	-1.0957016775586	0.109	0.127	1	EHBP1L1	c16
0.216831203694263	-1.09565198951398	0.024	0.02	1	MSH5	c16
0.668084435711018	-1.09544321603654	0.023	0.025	1	PRKCE	c16
0.713919153616959	-1.09520327920168	0.076	0.077	1	TDRD3	c16
3.50302353279374e-08	-1.09514643670634	0.011	0.003	0.00128214164323784	VIPR2	c16
0.0392679958358369	-1.09421354620319	0.01	0.016	1	RIN1	c16
0.281829957899122	-1.09313185940586	0.046	0.04	1	SFMBT2	c16
0.0441002706026816	-1.09283115005281	0.15	0.163	1	NAA50	c16
0.839678940927553	-1.09214173457942	0.038	0.036	1	ATXN1L	c16
0.00910682247479176	-1.09158449394942	0.005	0.011	1	ZFY-AS1	c16
0.000314861660733028	-1.09019654246091	0.039	0.059	1	ATN1	c16
0.68898579694409	-1.08997650183257	0.062	0.064	1	GTDC1	c16
0.912041205479366	-1.08932141722203	0.027	0.027	1	ERVK13-1	c16
3.788494159095e-09	-1.08817192676321	0.113	0.164	0.000138662674717036	MPST	c16
0.179937115461633	-1.08727081682464	0.03	0.036	1	MLLT1	c16
6.01520702638818e-09	-1.08669480305528	0.134	0.186	0.000220162592372834	ABHD12	c16
0.00667241450497828	-1.08663330051486	0.018	0.029	1	NOMO1	c16
0.00506879080043716	-1.08655125961408	0.004	0.011	1	LINC01353	c16
8.27982654643199e-08	-1.08575320885113	0.108	0.152	0.00303049931425957	EXOSC4	c16
0.017627179100441	-1.08490604938832	0.013	0.022	1	CENPP	c16
6.52545420482486e-14	-1.08471787451149	0.069	0.034	2.38838149350795e-09	XCL2	c16
0.000539785507016967	-1.08452891868335	0.007	0.018	1	SOX13	c16
2.30256142399779e-178	-1.08269185033164	0.999	0.942	8.4276050679743e-174	VIM	c16
0.00459335367918318	-1.0826784676813	0.024	0.037	1	NFKBIE	c16
0.357328073565849	-1.08206877759871	0.171	0.172	1	LYST	c16
0.0368607765297862	-1.08192128892189	0.021	0.029	1	AC009779.2	c16
0.000146354825268924	-1.08095801342082	0.023	0.041	1	SLC35A5	c16
0.331986655012753	-1.08071368326066	0.127	0.131	1	LMO4	c16
3.58228728632649e-05	-1.08018414045611	0.072	0.102	1	NFE2L1	c16
0.00171482532144949	-1.07983617470099	0.049	0.034	1	GK5	c16
0.0482661818770832	-1.07869853527029	0.01	0.006	1	SLC27A2	c16
0.078054528487058	-1.07801460573698	0.442	0.391	1	DOCK8	c16
0.498422154342088	-1.07666523567839	0.012	0.014	1	TRIM3	c16
0.00026806542062392	-1.07643723088298	0.208	0.234	1	CCDC47	c16
1.44143508274625e-12	-1.07543103591431	0.052	0.024	5.27579654635954e-08	PRSS23	c16
0.925033070174244	-1.07496994908899	0.083	0.081	1	KIF13B	c16
0.0088109946953784	-1.07465532553744	0.006	0.013	1	B9D1	c16
4.29769090013245e-11	-1.07441857985564	0.23	0.279	1.57299784635748e-06	PCBD1	c16
0.0206836108404067	-1.07426532177258	0.006	0.013	1	ZNF547	c16
0.0717193294221009	-1.07379613050497	0.006	0.011	1	FUT4	c16
0.161804360844067	-1.07312880441183	0.011	0.015	1	KANSL1L	c16
0.00176676139811232	-1.07308667031093	0.164	0.189	1	DENND4C	c16
0.694311420904074	-1.07292338096513	0.098	0.093	1	MED13	c16
1.07043176891555e-05	-1.07177204253383	0.064	0.095	0.391788731740781	TP53RK	c16
1.81264975755767e-07	-1.07128132489338	0.101	0.144	0.00663447937763684	TM2D2	c16
0.0989878934975439	-1.07119484971319	0.072	0.083	1	PIK3CG	c16
0.00136694991294129	-1.07078430660566	0.008	0.019	1	RAPH1	c16
0.00158037043288095	-1.07036174097781	0.013	0.007	1	ELOVL6	c16
1.80916080172356e-09	-1.07005216043939	0.326	0.343	6.62170945038841e-05	RHEB	c16
0.00342556864736212	-1.06965051096774	0.082	0.102	1	PCGF1	c16
1.56043731564316e-18	-1.06861858150261	0.559	0.492	5.71135661898553e-14	REEP5	c16
7.78649963541429e-07	-1.06754458530972	0.073	0.111	0.0284993673155798	PYGB	c16
0.953501025267457	-1.06717086471854	0.113	0.111	1	DDIT3	c16
0.00337305323819777	-1.06708113037934	0.121	0.143	1	ABR	c16
0.107174392526486	-1.06647005667881	0.022	0.029	1	NDC1	c16
0.0405045089556682	-1.06638684143931	0.01	0.016	1	POC1A	c16
0.130956563965511	-1.06620589451611	0.098	0.107	1	PAX8-AS1	c16
2.77158319934189e-11	-1.06570658758832	0.202	0.256	1.01442716679112e-06	BSCL2	c16
0.0405840134760081	-1.06563044351281	0.034	0.044	1	ATRN	c16
0.543021843125273	-1.06559020326224	0.047	0.043	1	TOP3A	c16
0.0474001741240693	-1.06536149887785	0.038	0.048	1	SLC25A35	c16
0.12942099376095	-1.06508201931573	0.021	0.016	1	ARL17A	c16
0.28067615102524	-1.06476709714789	0.253	0.247	1	MAP4	c16
0.0017098023492464	-1.06399431818554	0.036	0.054	1	LINC00467	c16
0.00699669447518347	-1.06380883989088	0.056	0.072	1	CCDC125	c16
0.0598291356858315	-1.0636960924946	0.007	0.012	1	ESR1	c16
0.0817369529032224	-1.06362834310174	0.062	0.073	1	VPS18	c16
1.4546489404164e-14	-1.06345947750167	0.615	0.488	5.32416058681806e-10	RNH1	c16
1.85472959185995e-23	-1.0621231667361	0.603	0.518	6.78849577916659e-19	DYNLL1	c16
0.000922943289961706	-1.0619718951291	0.405	0.383	1	CD46	c16
4.53187510320666e-08	-1.06098009043223	0.108	0.154	0.00165871160652467	F11R	c16
2.01592934966985e-10	-1.05998889472275	0.24	0.285	7.37850301272662e-06	SFT2D1	c16
0.00289283937828185	-1.0586324643326	0.027	0.041	1	EPN2	c16
0.561495387329665	-1.05792803205658	0.03	0.032	1	ZNF646	c16
0.000746578063956154	-1.05722520779339	0.024	0.014	1	SNHG22	c16
5.38959033864208e-06	-1.05705506421459	0.066	0.098	0.197264395984639	TMEM91	c16
2.33271929593771e-18	-1.05663128281871	0.079	0.036	8.5379858950616e-14	APOBEC3H	c16
0.000252993856277187	-1.05623142220502	0.038	0.059	1	XRCC4	c16
0.33497234583074	-1.05591711361204	0.104	0.109	1	DIAPH2	c16
4.83472092972248e-06	-1.05583110759243	0.1	0.137	0.176955620748772	ERGIC1	c16
0.00352067161785686	-1.05573133350843	0.014	0.025	1	IMPA2	c16
3.78182791177267e-06	-1.05547759437923	0.18	0.217	0.138418683398792	ZDHHC3	c16
0.00108215048156695	-1.05333226193661	0.323	0.316	1	TUBB4B	c16
0.028692474717595	-1.05261472806933	0.025	0.035	1	ENTPD1	c16
0.355832014287074	-1.05160118603553	0.008	0.01	1	AL353801.3	c16
1.13115871318517e-05	-1.05117738497937	0.216	0.247	0.414015400612904	UBE2A	c16
0.0128964086292774	-1.05031378263876	0.016	0.025	1	GPR157	c16
0.00023023546666109	-1.04996717848078	0.081	0.108	1	SPIN1	c16
0.000129257047434778	-1.04947387546666	0.073	0.1	1	STK40	c16
2.82883761254978e-05	-1.04943603469594	0.038	0.063	1	FURIN	c16
0.000258096605466645	-1.04923633123821	0.023	0.04	1	GNA12	c16
0.57121023010273	-1.04913617996663	0.01	0.009	1	HECTD2	c16
5.1459163682342e-06	-1.04847061359439	0.004	0.019	0.18834568499374	SH2D4A	c16
0.0111813391913789	-1.04800577102076	0.091	0.073	1	AVL9	c16
0.127862728454859	-1.04756484619244	0.031	0.038	1	BRCA2	c16
0.133525626859473	-1.04676264584834	0.012	0.009	1	AC069544.1	c16
0.0185380600319212	-1.04491593519081	0.289	0.289	1	APOL6	c16
2.94738416920183e-07	-1.04454461013068	0.111	0.153	0.0107877207976956	AP1B1	c16
0.000162375485285182	-1.04384642524318	0.03	0.05	1	SLC66A1	c16
0.00228296756841201	-1.04356754007152	0.046	0.064	1	ETV6	c16
0.57592278065439	-1.04311247586271	0.016	0.017	1	FKBP14	c16
2.1482127699051e-08	-1.04267436113128	0.317	0.331	0.000786267355912967	C20orf27	c16
0.430585772995369	-1.04241642996874	0.01	0.009	1	TBC1D32	c16
0.273440625751181	-1.0419420156961	0.01	0.013	1	HS6ST1	c16
5.27992684835524e-07	-1.04122054375446	0.021	0.009	0.019325060257665	MSC-AS1	c16
0.0202028735028316	-1.04083341433535	0.054	0.068	1	FOSL2	c16
2.06433402970557e-09	-1.04014720756956	0.16	0.213	7.55566898212536e-05	IMPDH1	c16
7.32345226021153e-10	-1.04005407485992	0.133	0.19	2.68045676176002e-05	REEP3	c16
0.751575379808831	-1.03999976763006	0.1	0.096	1	JAZF1	c16
0.535319638205861	-1.03933163731895	0.031	0.029	1	ZXDC	c16
0.0776060975582711	-1.03908931761973	0.03	0.038	1	SRF	c16
0.00661860826629759	-1.03870996181547	0.135	0.154	1	LARP1	c16
0.00408365156956732	-1.03859896684714	0.015	0.026	1	MAFK	c16
0.00667409455671562	-1.03840552793429	0.016	0.027	1	RPS6KA2	c16
0.0402789611116285	-1.03728248011515	0.141	0.155	1	ADIPOR2	c16
3.32915579084718e-09	-1.0368958116054	0.09	0.139	0.000121850431100798	CKS1B	c16
0.965858713033961	-1.03675663440744	0.037	0.037	1	MED14	c16
0.285511152465744	-1.03594334768622	0.011	0.014	1	SEMA4A	c16
0.343898894272273	-1.03523700445253	0.029	0.033	1	WDR47	c16
0.680835327224271	-1.03501792251873	0.021	0.022	1	ZBTB6	c16
4.32695979379817e-05	-1.03486891520379	0.003	0.016	1	CEACAM4	c16
0.000196287039315652	-1.0343574405286	0.077	0.104	1	KCNK6	c16
2.23550081264046e-11	-1.0335577459502	0.269	0.313	8.18215652434536e-07	MAN2B1	c16
0.363654450087887	-1.03351826228132	0.113	0.118	1	ATP9B	c16
0.101593571791059	-1.03341446053965	0.023	0.03	1	KBTBD7	c16
7.39210190690681e-06	-1.03337324920491	0.189	0.225	0.270558321894696	TSG101	c16
2.25586346197054e-05	-1.03332856369651	0.038	0.063	0.825668585715836	SPATA20	c16
8.06865777714213e-27	-1.03303382136469	0.102	0.044	2.95320943301179e-22	ADAM19	c16
0.00209918085084647	-1.03147049792514	0.02	0.033	1	ANKRD40	c16
0.000509713760453329	-1.03142555415354	0.156	0.185	1	IPO7	c16
0.339047337454579	-1.03087601122776	0.044	0.039	1	NHLRC2	c16
0.561930022302886	-1.02911135704916	0.045	0.047	1	KLHDC10	c16
0.0305529763436971	-1.02900188638581	0.052	0.064	1	RETSAT	c16
6.65838058273772e-05	-1.02869252714341	0.01	0.004	1	GRAMD1C	c16
0.0264786573264762	-1.02841805622817	0.138	0.154	1	FNDC3A	c16
0.000338848887728933	-1.02788019825781	0.236	0.257	1	TMEM165	c16
0.511413431239078	-1.0271930923265	0.053	0.049	1	WDR44	c16
0.122689881375236	-1.02661935667778	0.325	0.309	1	ACTN4	c16
0.0685219745467353	-1.02650988469642	0.158	0.168	1	SFT2D2	c16
0.170037057865151	-1.02626659181455	0.075	0.084	1	FRMD4B	c16
0.00557296574876732	-1.02601125212193	0.469	0.429	1	ADGRE5	c16
1.50685344348758e-05	-1.02559960944814	0.168	0.202	0.551523428850888	NQO2	c16
0.483460162506501	-1.02412474412379	0.152	0.153	1	DICER1	c16
0.000282530022527912	-1.02314020211616	0.134	0.164	1	ETF1	c16
0.000335112303454421	-1.02159388359324	0.079	0.105	1	PPIF	c16
0.894875949242398	-1.0215868774246	0.014	0.014	1	USP13	c16
0.248723582739995	-1.02070405030718	0.01	0.007	1	IGIP	c16
0.00340643011716919	-1.01971900591481	0.093	0.115	1	HSD17B12	c16
0.617970098411284	-1.01915849281162	0.039	0.041	1	NFKBID	c16
0.309723647150754	-1.0188389406781	0.024	0.028	1	E2F6	c16
0.0228430371335483	-1.01747289810707	0.123	0.14	1	RMDN1	c16
1.70577320317975e-07	-1.01724991804151	0.318	0.333	0.00624330050095821	ATP1B3	c16
0.0802419469602638	-1.01647939430507	0.025	0.019	1	ZBED6	c16
9.38506258980545e-08	-1.016424799536	0.228	0.264	0.00343502675849469	PRDX4	c16
0.774791978487467	-1.01599294541973	0.16	0.156	1	XIAP	c16
0.0108270892300702	-1.01586373539999	0.028	0.041	1	SEPTIN8	c16
0.228392463696805	-1.01533408116544	0.011	0.014	1	SLC12A4	c16
0.148719269977565	-1.01521717125257	0.048	0.041	1	SYNJ1	c16
3.61064732483608e-164	-1.01517792567523	0.987	0.885	1.32153302736325e-159	MYL6	c16
0.987390157466778	-1.01502005301976	0.079	0.078	1	ARFGEF2	c16
0.000439272165420646	-1.01394620734121	0.07	0.095	1	GALNT1	c16
0.653514672512071	-1.01331168859352	0.013	0.015	1	ZNF440	c16
0.000103835843264795	-1.01258222894193	0.053	0.078	1	KCTD10	c16
2.71054063296241e-11	-1.0122865149548	0.591	0.471	9.92084977070571e-07	AP2S1	c16
2.31789830163264e-08	-1.01209900302286	0.136	0.185	0.000848373957380562	BCKDK	c16
0.785905070614386	-1.01185497755892	0.03	0.029	1	ZBTB41	c16
3.76716202081844e-06	-1.01157709709854	0.217	0.252	0.137881897123976	SDCCAG8	c16
0.708934199051161	-1.01145067578773	0.161	0.151	1	TAOK1	c16
0.879072620901526	-1.01070027611856	0.055	0.055	1	PIP4K2C	c16
0.00274737349197911	-1.00969643737502	0.013	0.025	1	NLRP2	c16
0.179765360588109	-1.00951719232959	0.078	0.087	1	PIK3CB	c16
0.257341495542534	-1.00825709124924	0.019	0.023	1	RNF103	c16
1.44116438302862e-09	-1.00811341191102	0.322	0.344	5.27480575832306e-05	SPG21	c16
0.480055185686727	-1.00765663188442	0.015	0.017	1	ZCCHC14	c16
0.0113821469990559	-1.00728767100954	0.067	0.084	1	PTPN9	c16
0.369157545829077	-1.00688974706359	0.024	0.028	1	GNE	c16
4.87801608389437e-11	-1.0058550261671	0.556	0.48	1.78540266686618e-06	TGOLN2	c16
0.509753308352248	-1.0057604563328	0.012	0.013	1	C4orf46	c16
0.454762024466423	-1.00482678919577	0.057	0.061	1	CEPT1	c16
0.523193279819292	-1.00379309539563	0.1	0.103	1	ACBD5	c16
0.441695261544473	-1.0037852553472	0.032	0.035	1	PFKFB3	c16
0.000346910674814301	-1.00360452298326	0.1	0.128	1	MAN2B2	c16
3.36008916567925e-06	-1.00336481536741	0.042	0.072	0.122982623553026	FECH	c16
0.720196766630742	-1.00268649630706	0.081	0.082	1	PTPRJ	c16
8.28321076644076e-05	-1.00196441575088	0.063	0.091	1	C5orf15	c16
1.65240754928592e-05	-1.00146482105598	0.057	0.086	0.604797687114139	VEGFB	c16
1.52014441732189e-09	-1.0009954504837	0.155	0.209	5.56388058183986e-05	PLIN3	c16
0.00122797580948173	-1.00090081775654	0.025	0.04	1	CASP9	c16
0.569283686052555	-1.00051488859346	0.019	0.021	1	DENND3	c16
0.00190402615947205	-1.00038356305193	0.061	0.081	1	TMCO3	c16
0.00497407364572975	-1.00034384283553	0.011	0.006	1	TOGARAM2	c16
0.0330560424242484	-1.00023030076376	0.087	0.102	1	TTC39B	c16
0.0220212260635532	-1.00001753988063	0.021	0.031	1	DARS2	c16
0.00138032000307531	-0.999448095666258	0.02	0.035	1	SERPINH1	c16
0.279640186377572	-0.999151689832058	0.095	0.102	1	UGGT1	c16
0.0235983755158174	-0.999105622945491	0.051	0.039	1	DEPDC5	c16
0.00326094587562524	-0.998920006924651	0.182	0.202	1	NARS	c16
0.265943150629205	-0.997855120057479	0.032	0.037	1	ZNF668	c16
0.00196809080923985	-0.997570737603233	0.065	0.086	1	RNASEL	c16
0.268225053271047	-0.997385906786231	0.068	0.074	1	FAM126A	c16
0.671929181987794	-0.997339215904058	0.057	0.059	1	GTF2A1	c16
2.26533118424089e-10	-0.996888837428012	0.179	0.235	8.29133866744009e-06	HEBP1	c16
0.000187245180388232	-0.996604448217782	0.057	0.082	1	PRXL2C	c16
0.753007716612487	-0.995896608449615	0.047	0.048	1	DIPK2A	c16
0.0275332091122468	-0.995894668148596	0.015	0.023	1	FAM131A	c16
0.0517828311189459	-0.995841981317545	0.114	0.097	1	SACM1L	c16
0.00783325969551667	-0.995419911398867	0.031	0.044	1	TRMT5	c16
0.48574553833672	-0.995104493707954	0.054	0.058	1	MTMR12	c16
0.0330784355073488	-0.994785781809685	0.082	0.096	1	DNAJC13	c16
0.00105309853112106	-0.994494360718615	0.01	0.005	1	NCR1	c16
0.0758061016219485	-0.99437416242354	0.071	0.082	1	ZNF322	c16
0.00839943845613565	-0.994120397917911	0.046	0.061	1	TMEM104	c16
2.952928599584e-05	-0.993675598319089	0.03	0.052	1	MLF1	c16
0.0194540841225008	-0.993442163844883	0.05	0.064	1	HDAC6	c16
0.0675708761008678	-0.992406338228744	0.095	0.107	1	RASA1	c16
0.863394749256179	-0.992288864318941	0.077	0.077	1	GFPT1	c16
0.0944714092909475	-0.991886612243837	0.266	0.263	1	GTF2I	c16
0.566486488730676	-0.991624750677575	0.083	0.086	1	CRTAM	c16
0.673040250186403	-0.991624278018622	0.036	0.038	1	ZUP1	c16
0.198434184582269	-0.990984235689329	0.053	0.06	1	GDAP2	c16
1.57287733152593e-07	-0.990660315201761	0.089	0.132	0.00575688832111804	CDK5	c16
7.00552953083243e-08	-0.990172069886497	0.034	0.017	0.00256409386357998	GPR68	c16
4.49300387925066e-07	-0.990007220213007	0.197	0.238	0.0164448434984453	ATP6V1D	c16
0.798656655836671	-0.989880531815704	0.057	0.058	1	SNAPC3	c16
0.48751195738549	-0.989661860469774	0.027	0.03	1	PLEKHM3	c16
0.00264115391477141	-0.989441264879472	0.071	0.091	1	RIT1	c16
0.386489723951826	-0.989240506469612	0.167	0.169	1	ITPR2	c16
0.0846749659217574	-0.989156896052801	0.034	0.043	1	PTPRM	c16
0.120929195242934	-0.989072616305225	0.024	0.031	1	SLC26A6	c16
0.30691257765305	-0.988736520900313	0.014	0.012	1	AC006141.1	c16
0.00207070364999968	-0.988291762590396	0.077	0.099	1	MEGF9	c16
0.331599817762084	-0.988280004462251	0.027	0.031	1	ABHD4	c16
3.43031474278216e-07	-0.987809954323775	0.447	0.419	0.012555294990057	CD164	c16
0.231612922057983	-0.987409084455738	0.015	0.019	1	FUT10	c16
0.129455071394029	-0.986767801659122	0.041	0.048	1	SNX11	c16
0.0851414656508869	-0.986727516755601	0.016	0.022	1	PTGR2	c16
0.210846261570017	-0.986697818651234	0.071	0.078	1	SUSD6	c16
0.000569106114873027	-0.986641752765875	0.014	0.028	1	C20orf96	c16
1.96166690751139e-08	-0.985410468098147	0.092	0.139	0.000717989704818244	MSRB1	c16
0.928814393780367	-0.984283808250789	0.016	0.016	1	MCM2	c16
0.810202916933165	-0.983657194208289	0.014	0.013	1	HIST2H2AA4	c16
3.16490757848101e-07	-0.983640033507902	0.068	0.106	0.0115838782279983	KLHL18	c16
7.9686627365757e-58	-0.980762400050573	0.325	0.146	2.91661024821407e-53	PRF1	c16
0.137447065794987	-0.980269438399646	0.016	0.021	1	ZNF684	c16
0.059242076234789	-0.980034518199519	0.015	0.01	1	ZNF417	c16
0.0918765928182489	-0.979570468846743	0.112	0.124	1	EXOC1	c16
0.936325594781522	-0.978983073908706	0.08	0.08	1	DENND4B	c16
0.0157607916108696	-0.97895926011028	0.13	0.148	1	CEBPG	c16
0.0557825028874487	-0.978773959449985	0.054	0.066	1	MROH1	c16
1.31452601350441e-06	-0.97724197918292	0.122	0.163	0.048112966620275	GDE1	c16
0.665636618107135	-0.977228650508949	0.027	0.029	1	SLC25A44	c16
0.786330613284127	-0.977147451403364	0.066	0.067	1	CKS2	c16
0.268961858198328	-0.97694167647983	0.019	0.015	1	NOTCH2NLA	c16
4.93454897127277e-08	-0.976841774157102	0.163	0.21	0.00180609426897555	ISOC2	c16
0.0125911095351811	-0.975943936758117	0.012	0.007	1	GAN	c16
1.98084109776124e-40	-0.975849318298547	0.161	0.068	7.2500765019159e-36	LAG3	c16
0.943061913424731	-0.975710684473472	0.066	0.065	1	PPP4R1	c16
0.228594916031449	-0.975034792484505	0.062	0.069	1	SLC25A40	c16
0.0173436164216809	-0.975025540698383	0.08	0.096	1	DNAJC5	c16
0.00197954558491923	-0.973736925168115	0.149	0.175	1	SOAT1	c16
0.000295931458316504	-0.973514192641699	0.042	0.063	1	SLC25A43	c16
0.804581456660479	-0.973377998831235	0.058	0.059	1	SEC24D	c16
0.671041026908731	-0.973287917349928	0.025	0.024	1	ZBTB21	c16
0.104663039986176	-0.972896798874784	0.164	0.172	1	VPS26A	c16
9.60653697554393e-06	-0.97249538801076	0.156	0.194	0.351608859841883	LAMTOR3	c16
0.941556943041537	-0.9718281053907	0.111	0.11	1	SPIDR	c16
0.00681880368294488	-0.971440382018501	0.043	0.058	1	KIF1BP	c16
0.339059799179992	-0.971324879357191	0.055	0.06	1	IER3	c16
0.219262750073336	-0.971268072157008	0.008	0.011	1	ZBTB3	c16
0.327270117751285	-0.970563407066462	0.059	0.053	1	PIP5K1A	c16
0.0297534792392755	-0.969235723699753	0.046	0.035	1	CCDC144A	c16
0.906702815569265	-0.968617569283194	0.06	0.058	1	PIK3C2A	c16
1.89193749852082e-05	0.968264082892802	0.014	0.006	0.692468043833607	SCOC-AS1	c16
4.13436153097848e-08	-0.967480135449946	0.133	0.181	0.00151321766395343	SMIM30	c16
0.0224586435289978	-0.967247719963494	0.005	0.01	1	RTL5	c16
0.00723753781828913	-0.966414867930747	0.128	0.149	1	PCYT1A	c16
0.362987105979401	-0.966327896516317	0.016	0.019	1	ZC3H10	c16
1.2451887495688e-08	-0.96602957247803	0.113	0.163	0.000455751534229676	TNFAIP8L2	c16
0.405046448837239	-0.966004595644881	0.111	0.102	1	HEATR5B	c16
0.902203315278892	-0.965856192749809	0.016	0.016	1	CAB39L	c16
0.0420321039932577	-0.965474402980431	0.014	0.021	1	MAPRE3	c16
0.0416037961197125	-0.965430142549781	0.017	0.024	1	PPFIBP1	c16
0.0265864919915986	-0.965043215922416	0.054	0.042	1	C5orf22	c16
2.53878132353142e-23	-0.96421874718005	0.06	0.022	9.29219352225735e-19	KLRF1	c16
2.01876926373044e-09	-0.96415493876164	0.16	0.214	7.38889738217977e-05	MSRA	c16
0.0739515188092928	-0.964118037878143	0.019	0.013	1	AC004951.1	c16
9.23167840579342e-06	-0.964085717093568	0.212	0.248	0.337888661330445	ARL8B	c16
0.0650478423085094	-0.963930978850097	0.084	0.071	1	PLEKHM1	c16
0.274814819055135	-0.963707455530653	0.093	0.1	1	KLF10	c16
0.199636998263354	-0.963612706819901	0.141	0.149	1	NHLRC3	c16
1.32813381663725e-05	-0.963523892744445	0.04	0.023	0.486110258227401	DUSP4	c16
0.863422186756288	-0.962629794126895	0.01	0.009	1	FAM122A	c16
0.362200688392084	-0.961174324200959	0.086	0.092	1	SLC30A7	c16
0.102300147274866	-0.960645718728996	0.111	0.122	1	ADCY7	c16
0.00153865372530058	-0.959435484019342	0.032	0.02	1	PPP1R12B	c16
0.000454741487629029	-0.959332329703273	0.155	0.182	1	ACOT9	c16
2.02275398883689e-30	-0.959153505941594	0.813	0.6	7.4034818745419e-26	VAMP8	c16
0.63061584306219	-0.958991767778705	0.056	0.058	1	MBOAT1	c16
7.0958039231883e-15	-0.958638614303837	0.054	0.023	2.59713519392615e-10	PDCD1	c16
0.275743372816959	-0.958331834277261	0.029	0.034	1	UGDH	c16
0.000957286172501561	-0.957560336784291	0.111	0.137	1	PEA15	c16
1.38743202996561e-13	-0.957086896199218	0.542	0.467	5.07813997287712e-09	CLTA	c16
0.218729458986906	-0.95686549537723	0.007	0.01	1	OIP5	c16
0.653746942966196	-0.956720806680551	0.026	0.024	1	C2CD2	c16
0.783149616904187	-0.95635785456134	0.089	0.09	1	ANKFY1	c16
2.42920258643459e-05	-0.956233338211004	0.017	0.036	0.889112438660923	TJP2	c16
0.00013257889761018	-0.954976028199945	0.103	0.133	1	USP30-AS1	c16
0.00243661452696213	-0.954834095819747	0.133	0.157	1	CALHM2	c16
0.698143919823044	-0.954093088743858	0.024	0.023	1	FAM135A	c16
5.50962016921771e-05	-0.953153858937468	0.105	0.138	1	P4HA1	c16
0.213697250367773	-0.953032865764851	0.023	0.028	1	SMG8	c16
0.0918354208240617	-0.952831551470095	0.196	0.204	1	PARP4	c16
0.0962597974986786	-0.952713151969216	0.025	0.032	1	ACCS	c16
2.00087666117986e-108	-0.95249846391138	0.976	0.831	7.32340866758441e-104	OAZ1	c16
0.359081645786796	-0.952207677699249	0.019	0.016	1	LINC01684	c16
1.42931800534029e-08	-0.952091081550808	0.137	0.187	0.000523144683134601	ACOT13	c16
0.000143593074406601	-0.951857098394628	0.092	0.122	1	ASL	c16
0.0126419870536648	-0.95161722257417	0.225	0.235	1	HSPH1	c16
0.556581423685837	-0.951439394826518	0.042	0.045	1	C12orf4	c16
0.542895663478814	-0.951138126005408	0.02	0.022	1	IL4I1	c16
0.0188865167422885	-0.95103978816818	0.036	0.048	1	SLC66A2	c16
0.0449534563284026	-0.950911795025001	0.061	0.074	1	MAPK6	c16
0.728854962916627	-0.950827733290022	0.072	0.069	1	FBXO42	c16
0.00543557320338514	-0.95082599028628	0.062	0.081	1	HS1BP3	c16
0.00838334272407002	-0.950692151161604	0.016	0.026	1	SMIM13	c16
0.0419543793400399	-0.950583666756529	0.034	0.044	1	CNEP1R1	c16
1.14117410113873e-06	-0.950552823333624	0.245	0.276	0.0417681132757788	BID	c16
0.00239018403986596	-0.950492162073859	0.143	0.115	1	ATXN1	c16
0.260967698477987	-0.949705708643504	0.127	0.134	1	ACSL3	c16
0.616149606332365	-0.949302669960064	0.016	0.017	1	PLCXD1	c16
0.0941268561735335	-0.949281854056695	0.099	0.11	1	BICD2	c16
0.00985968776917586	-0.949170305756239	0.036	0.05	1	CBWD1	c16
0.869342392238982	-0.94883639626405	0.072	0.072	1	DOP1B	c16
0.0124307313152859	-0.948167945666745	0.028	0.04	1	STK11IP	c16
0.579262237671078	-0.948036106618532	0.163	0.151	1	PTPRE	c16
0.0153160280015553	-0.948013947343417	0.044	0.058	1	PRAG1	c16
0.632340906058264	-0.944622080255637	0.135	0.127	1	GAK	c16
4.88998682803706e-05	-0.944480468173684	0.369	0.355	1	SQOR	c16
0.08461596164228	-0.943979550224303	0.146	0.158	1	DYNC1LI2	c16
0.00336800553751976	-0.943883788147116	0.048	0.066	1	IFT22	c16
0.0186770123831446	-0.943267495726908	0.059	0.046	1	HSPA13	c16
0.0213569403745596	-0.943131139693477	0.017	0.011	1	PAQR3	c16
0.000444178790339526	-0.942970093176072	0.123	0.152	1	MTHFD2	c16
0.0142090150478487	-0.942443869756078	0.042	0.031	1	LRIG2	c16
0.07755423084923	-0.942241013440963	0.135	0.148	1	SEC14L1	c16
0.013299303494119	-0.942191413048502	0.015	0.009	1	LINC00265	c16
0.31905842675265	-0.941885184209623	0.047	0.053	1	EEF2K	c16
0.0919128635275995	-0.9400548022436	0.08	0.092	1	GATAD1	c16
0.1015843587237	-0.938724268449034	0.014	0.01	1	DNAJC3-DT	c16
0.00662945984061538	-0.938709196619775	0.127	0.147	1	ADPRHL2	c16
0.607513563169884	-0.938272512283397	0.038	0.035	1	ADNP2	c16
0.370097407469476	-0.938009226887659	0.013	0.011	1	ZFP28	c16
0.584617115168482	-0.937590095360866	0.028	0.026	1	TCP11L1	c16
0.64015168234026	-0.937309622702669	0.05	0.053	1	TEP1	c16
7.13821114898187e-07	-0.937295894582629	0.204	0.243	0.0261265666263885	TCEAL4	c16
0.000369442951584954	-0.936608218683598	0.087	0.114	1	TXNRD2	c16
0.0239651600929082	-0.936557444994066	0.173	0.188	1	ATL3	c16
0.00221906767079939	-0.936193746936343	0.152	0.122	1	PPP3CA	c16
0.475065641395714	-0.935945972525054	0.192	0.177	1	VMP1	c16
0.916879890681852	-0.93538897417551	0.068	0.066	1	KMT2D	c16
0.0365152282923603	-0.93365715622806	0.177	0.152	1	NUFIP2	c16
0.0026156095109609	-0.933497514025738	0.237	0.253	1	ECHDC1	c16
0.531443875530394	-0.932956920199098	0.008	0.01	1	BX255925.3	c16
0.074044875822388	-0.932641597868876	0.025	0.033	1	FGGY	c16
1.39665013357398e-06	-0.932265730655507	0.012	0.004	0.0511187915389412	NMUR1	c16
0.295951974843633	-0.932068406916779	0.021	0.025	1	RCCD1	c16
0.000591352952071473	-0.931590453347064	0.172	0.199	1	DPH3	c16
0.000192217347720946	-0.931485725141048	0.039	0.061	1	PBX3	c16
0.019852210228181	-0.93147998708216	0.014	0.022	1	PRSS36	c16
0.841968237399146	-0.931269311212458	0.015	0.016	1	AC087500.1	c16
0.0247687082162832	-0.930556680145851	0.258	0.259	1	NFE2L2	c16
0.490134317482462	-0.928874924539437	0.059	0.063	1	ELMOD2	c16
0.234845729905286	-0.928705023124544	0.035	0.03	1	WRN	c16
9.75858406375438e-08	-0.928564287298788	0.254	0.288	0.00357173935317474	PSMB5	c16
0.366823058021771	-0.928451949910493	0.079	0.084	1	KPNA2	c16
0.973525427901266	-0.927453633532422	0.036	0.036	1	DHCR7	c16
0.424108937739063	-0.927283118628115	0.082	0.075	1	PPP1R15B	c16
0.489229410586736	-0.92611164062066	0.035	0.032	1	FAM200A	c16
0.00471454399071138	-0.925733959639757	0.065	0.084	1	CRK	c16
6.46583950301932e-06	-0.925499000068598	0.48	0.415	0.23665619165001	DECR1	c16
0.545223852213175	-0.925479286803147	0.01	0.009	1	CCNF	c16
0.771824711561028	-0.925427589755106	0.144	0.142	1	SPG11	c16
0.0528324093891351	-0.925166172677421	0.119	0.133	1	PARP12	c16
2.27475607210791e-07	-0.924970102398101	0.025	0.053	0.00832583469952216	CARD6	c16
0.49209224561737	-0.924805769691634	0.011	0.009	1	LRP5L	c16
9.92140588168136e-57	-0.924291788421755	0.388	0.181	3.63133376675419e-52	CD8A	c16
0.775072282799713	-0.924178874068203	0.035	0.033	1	MANEA	c16
0.0393724652321609	-0.92388952756456	0.135	0.15	1	RNFT1	c16
4.50626371666063e-20	-0.923636108235942	0.714	0.59	1.64933758293496e-15	FLNA	c16
0.276435362840302	-0.923227745930071	0.039	0.044	1	ANGEL1	c16
3.45124689758093e-05	-0.922118613337169	0.066	0.044	1	CLASP1	c16
0.942915562718203	-0.921888100996072	0.267	0.248	1	NIBAN1	c16
0.232248618324973	-0.920506532313381	0.038	0.033	1	RHBDD1	c16
0.0206433173578099	-0.920404368910659	0.014	0.009	1	WEE1	c16
0.645043730598837	-0.920049143288187	0.041	0.043	1	SEC24A	c16
0.308136924703436	-0.920046277906463	0.035	0.039	1	ABHD15	c16
0.101199327852449	-0.918218515766629	0.019	0.025	1	IFT122	c16
0.0537085800758429	-0.918145815203506	0.074	0.062	1	TBC1D2B	c16
0.508332056777388	-0.917807335423665	0.03	0.027	1	GCLC	c16
0.238729444439438	-0.917429930825583	0.007	0.01	1	BMP1	c16
0.00977142058370879	-0.916864117221211	0.014	0.009	1	MTMR8	c16
0.00681095296693626	-0.915912507191383	0.025	0.017	1	PRC1	c16
0.0707012780889409	-0.914858886832416	0.029	0.037	1	FANCL	c16
4.43492966606572e-07	-0.914839377537173	0.094	0.136	0.0162322860707672	SUMF1	c16
0.0428228808187077	-0.913711404558581	0.005	0.01	1	MAGIX	c16
0.109887572335031	-0.913625715575734	0.122	0.133	1	NIPA2	c16
0.558112366459582	-0.913595207536477	0.014	0.012	1	ZNF461	c16
0.064461909399698	-0.913305466270233	0.073	0.086	1	USF1	c16
1.26220753125176e-06	-0.913213594110606	0.104	0.145	0.0461980578513456	SIL1	c16
0.244083175719473	-0.913210982034559	0.108	0.097	1	SREBF2	c16
1.93697451414732e-06	-0.91292952815697	0.127	0.168	0.070895204192306	P2RX4	c16
0.914484560125692	-0.91291855294073	0.095	0.094	1	MIDN	c16
1.06103802650543e-19	-0.91203517841194	0.087	0.04	3.88350528081251e-15	TESC	c16
0.00480620900046682	-0.911531332345276	0.076	0.096	1	HCCS	c16
0.0255624375098148	-0.911460663438377	0.137	0.154	1	BAG4	c16
4.06628559077992e-11	-0.91105918928502	0.043	0.02	1.48830118908136e-06	PLEKHA5	c16
0.72935283324048	-0.911051414198814	0.017	0.018	1	IFT46	c16
0.223260009400861	-0.911048157949331	0.054	0.048	1	TRMT11	c16
0.000160863550554364	-0.910384540118333	0.226	0.249	1	G6PD	c16
0.128677937087439	-0.910307929421821	0.09	0.099	1	CAMK1D	c16
0.468891230684756	-0.910075938927455	0.01	0.009	1	QPCTL	c16
0.810755202384605	-0.909482602027814	0.341	0.304	1	ATP2B1	c16
0.000373016992962426	-0.908851032991584	0.171	0.199	1	LIMA1	c16
0.297753947462005	-0.90871996708707	0.039	0.035	1	TMEM168	c16
0.0194108783214227	-0.908557677930119	0.024	0.035	1	KLF16	c16
3.86200878134911e-07	-0.908396468095143	0.532	0.454	0.0141353383406159	JPT1	c16
0.123793379652987	-0.905950836513939	0.016	0.012	1	MAP3K10	c16
5.18257677942635e-08	-0.905874053344408	0.085	0.053	0.00189687492703784	USP28	c16
0.00641020384385142	-0.904453488347529	0.093	0.113	1	NBPF1	c16
0.776784649375748	-0.904126025941771	0.013	0.014	1	PARPBP	c16
0.154993861888848	-0.903486573862204	0.03	0.024	1	CEP152	c16
0.648527752147655	-0.902651344465378	0.049	0.046	1	POFUT1	c16
3.16491260540979e-17	-0.902604104932171	0.713	0.549	1.15838966270604e-12	DBI	c16
0.02089747925686	-0.901887070799295	0.057	0.072	1	C9orf72	c16
0.325847104350133	-0.900219049520619	0.024	0.028	1	ZNF468	c16
0.127269134520642	-0.899804413763484	0.02	0.015	1	RASGEF1A	c16
0.0821391840015442	-0.899677762529064	0.06	0.07	1	ERLIN2	c16
0.226383433387098	-0.89928903450771	0.031	0.036	1	FAM168A	c16
0.460123573078601	-0.898844052604414	0.046	0.049	1	TSEN2	c16
0.24605402154638	-0.898442493563428	0.055	0.061	1	TEX261	c16
0.00946763386473196	-0.898107213260043	0.131	0.151	1	TMEM60	c16
1.66700236021731e-10	-0.897665099225445	0.022	0.008	6.10139533863136e-06	TNFRSF9	c16
0.246435109706981	-0.897391712585875	0.153	0.159	1	STARD3NL	c16
0.752288395235225	-0.897320661715877	0.083	0.08	1	MTMR3	c16
0.669030801820509	-0.89659928225155	0.15	0.149	1	IVD	c16
0.178686002137313	-0.896271305714206	0.024	0.029	1	AACS	c16
3.11841048667556e-07	-0.896139652623358	0.017	0.006	0.0114136942222812	AC021188.1	c16
0.383785901283738	-0.896122691851806	0.253	0.245	1	TRIM14	c16
0.941339514812854	-0.895844352362213	0.295	0.271	1	ADAM10	c16
0.948962437194298	-0.895791378657002	0.016	0.016	1	IFT172	c16
0.246158679086366	-0.895669093166751	0.043	0.038	1	DGKH	c16
0.522679591144362	-0.895468495337753	0.021	0.019	1	ZNF382	c16
0.473141729230523	-0.895324968863266	0.011	0.009	1	VASH1-AS1	c16
0.00338912481026152	-0.895086133370802	0.063	0.083	1	CAMKK2	c16
0.772724269325663	-0.895082714194141	0.01	0.009	1	FBXL19	c16
1.15716801579346e-06	-0.894208252297056	0.625	0.501	0.0423535065460564	GRB2	c16
2.22157942231549e-07	-0.89412464796068	0.139	0.186	0.00813120284361691	TMEM70	c16
0.397575106493082	-0.893745483154646	0.056	0.05	1	MTHFR	c16
0.974307359426583	-0.892644369334981	0.176	0.169	1	C6orf62	c16
0.414792446041857	-0.892528973297389	0.019	0.022	1	LRRC8B	c16
0.000392917882099042	-0.891647168173985	0.089	0.116	1	KIF16B	c16
0.188443522421348	-0.890585877449029	0.179	0.185	1	TM2D1	c16
0.821524445702579	-0.890259308642307	0.058	0.057	1	CAMTA2	c16
0.64032828838388	-0.890167499834432	0.021	0.022	1	SLC27A4	c16
0.593827611335157	-0.889071766127318	0.041	0.038	1	IPMK	c16
0.0674068632815446	-0.888923897723204	0.014	0.02	1	COL9A2	c16
0.496658158255083	-0.888506085897994	0.083	0.078	1	NOM1	c16
2.39066256872874e-05	-0.887459980356608	0.045	0.072	0.875006406780407	CERS6	c16
0.000140975084284362	-0.887059254157864	0.019	0.037	1	UBTD1	c16
0.5160203477449	-0.886958934939707	0.062	0.065	1	KHNYN	c16
0.943119535006538	-0.886795019220715	0.013	0.013	1	KIAA0753	c16
0.000190687513156413	-0.88667121087985	0.06	0.086	1	UBXN2B	c16
1.66550495924411e-27	-0.886154554641622	0.76	0.582	6.09591470132937e-23	GNG5	c16
0.0440847922114998	-0.885733458754483	0.027	0.02	1	B3GLCT	c16
0.691692822635099	-0.885415963615269	0.098	0.099	1	WASL	c16
0.010745329910855	-0.885204221596552	0.024	0.035	1	USP30	c16
0.0259081807102557	-0.884540839929779	0.069	0.084	1	ICMT	c16
0.696317511862307	-0.882417212624379	0.036	0.038	1	FEM1C	c16
0.39485387533996	-0.882194953008165	0.086	0.09	1	ZNF592	c16
0.0391695127729612	-0.881930592975583	0.017	0.025	1	NIPAL2	c16
0.00150630540773194	-0.881550347485307	0.079	0.102	1	DCAF12	c16
0.253268560702841	-0.88150361484265	0.139	0.125	1	GBP3	c16
0.541196457469859	-0.881434885697574	0.03	0.027	1	APPL2	c16
0.930297307101274	-0.881140475321664	0.011	0.011	1	WDR5B	c16
0.0419916926094419	-0.880951814160269	0.065	0.077	1	NADK	c16
0.000110722242860826	-0.880380208405933	0.057	0.083	1	GALE	c16
0.697531437778321	-0.880020887415286	0.038	0.04	1	TMEM39A	c16
0.0116776452254088	-0.880019757086185	0.042	0.056	1	DNAJC25	c16
0.0010874718443892	-0.879512357204232	0.395	0.365	1	COX17	c16
0.0296680155356923	-0.879236073107157	0.067	0.054	1	NSD2	c16
0.759215678829847	-0.879185336664825	0.079	0.08	1	MAPK14	c16
0.00795097342751354	-0.878760807704655	0.061	0.078	1	CASP7	c16
1.6088173519124e-08	-0.878083899274979	0.579	0.472	0.000588843238973457	POMP	c16
0.00341821765798184	-0.877285033082946	0.073	0.055	1	FYCO1	c16
0.372394017739293	-0.877268487740269	0.019	0.022	1	PGBD2	c16
0.290137462743607	-0.877229516478225	0.087	0.094	1	VWA8	c16
0.541078682942004	-0.877051844607073	0.073	0.069	1	BTBD1	c16
0.00453887590459119	-0.876749312907153	0.363	0.346	1	ACAA2	c16
0.0537103505626813	-0.876522938740831	0.109	0.093	1	SLF2	c16
2.09209474328938e-36	-0.876424628512889	0.117	0.046	7.65727596991347e-32	F2R	c16
0.0166428585853429	-0.876212476244675	0.016	0.025	1	PTK2	c16
0.644190946826477	-0.875890826653528	0.04	0.038	1	SETD4	c16
0.026879796798173	-0.875872802692628	0.062	0.077	1	C3orf38	c16
0.728750274178187	-0.875640468827396	0.023	0.024	1	PHF13	c16
0.0123135946912334	-0.875281409463923	0.052	0.066	1	TMEM184B	c16
0.614635052996161	-0.874520833498179	0.087	0.089	1	MAPKAPK2	c16
3.28842429304961e-06	-0.874362563663442	0.042	0.072	0.120359617549909	ABHD8	c16
0.206660450163248	-0.874223191904792	0.05	0.057	1	ZNF316	c16
0.0683350171446672	-0.873747251419222	0.012	0.008	1	ENPP5	c16
0.684319872931615	-0.873523660109237	0.084	0.087	1	SIN3B	c16
0.0675018010226726	-0.873512769277554	0.108	0.121	1	DEF8	c16
0.0289424309779783	-0.873504177812761	0.275	0.277	1	PNP	c16
0.000385845490957665	-0.87328688494004	0.177	0.14	1	ATG16L2	c16
0.582459485044432	-0.873060351084962	0.13	0.131	1	ECPAS	c16
0.0196548558125987	-0.872665292588847	0.034	0.025	1	ZBTB37	c16
0.692760961657063	-0.872630577519938	0.083	0.085	1	RLIM	c16
0.378962381964034	-0.872574531254457	0.34	0.318	1	PDCD6IP	c16
0.00971223483128875	-0.872404667731619	0.093	0.074	1	FUT11	c16
0.539686237479204	-0.872387199818595	0.034	0.036	1	CCDC117	c16
0.00481739922124843	-0.872154980865899	0.032	0.046	1	TLR1	c16
0.31041119487502	-0.871492981948873	0.052	0.046	1	IQCG	c16
0.278900403914793	-0.870778589594616	0.079	0.071	1	SETDB2	c16
0.8089983613695	-0.870010772649428	0.144	0.142	1	MAPK1	c16
0.148890941117936	-0.869271010169928	0.181	0.188	1	AZI2	c16
0.0104312470580591	-0.868614057316142	0.044	0.058	1	PRKACA	c16
0.50982577729632	-0.868248897478795	0.019	0.017	1	CHSY1	c16
0.314472471806381	-0.867431215715385	0.015	0.012	1	YOD1	c16
0.00461254470138913	-0.866972111138335	0.022	0.014	1	RALGPS1	c16
0.040361800938839	-0.866854190802666	0.031	0.041	1	IQCE	c16
7.29193823675634e-05	-0.866759013692711	0.266	0.288	1	ARF3	c16
0.00275173475257965	-0.866663766340154	0.114	0.09	1	AP1G1	c16
0.466763253465416	-0.866509071592517	0.033	0.036	1	DENND1A	c16
0.331265003992581	-0.866508121094992	0.008	0.011	1	LINC00294	c16
0.0106194002501262	-0.866381890140226	0.063	0.08	1	UPF1	c16
0.735656648665639	-0.865668201839831	0.045	0.047	1	XPO5	c16
2.30822530585383e-43	-0.864988264673572	0.185	0.08	8.44833544195561e-39	TRBV27	c16
0.569662657633442	-0.864780839899072	0.033	0.036	1	CHUK	c16
0.11183781332068	-0.864284884469342	0.01	0.007	1	PIF1	c16
0.00668319457306335	-0.864234385824599	0.136	0.111	1	EP300	c16
0.399649437400263	-0.864216226695459	0.042	0.038	1	STK38L	c16
0.00489878134884526	-0.8640562043265	0.402	0.369	1	ATP6AP2	c16
0.000945134420841512	-0.863988431558817	0.406	0.372	1	LAPTM4A	c16
0.915027416277124	-0.863513677548168	0.046	0.046	1	TMEM184C	c16
0.842443710403127	-0.863177185403647	0.247	0.231	1	SAMD9L	c16
0.15461752031095	-0.863137488094629	0.01	0.014	1	ASF1B	c16
0.105189162459575	-0.862796877934767	0.043	0.051	1	LRRCC1	c16
0.354942586141555	-0.862473979178767	0.079	0.085	1	SCYL2	c16
2.66693594861149e-06	0.862249887348666	0.01	0.003	0.0976125226551291	HULC	c16
0.000616149563280032	-0.861632624206526	0.744	0.621	1	AHNAK	c16
0.000839803991417811	-0.861486967346336	0.079	0.058	1	ELL	c16
0.581324019791768	-0.861377683012355	0.077	0.08	1	PGGT1B	c16
2.37142699753695e-34	-0.861120322965409	0.091	0.034	8.679659953685e-30	S1PR5	c16
0.0953873957386234	-0.859900686633407	0.18	0.19	1	BCAP29	c16
0.00171524923164369	-0.859893011604012	0.068	0.09	1	DCTN6	c16
0.380267738094306	-0.859410471458223	0.035	0.031	1	SAP30L	c16
0.0182831948703726	-0.858722500720697	0.433	0.376	1	RHBDD2	c16
0.108017970167488	-0.858469199575425	0.013	0.019	1	CDH23	c16
0.664586313383173	-0.858055058476848	0.012	0.013	1	SYNGAP1-AS1	c16
0.483516555841696	-0.857900147996233	0.014	0.012	1	FAM83G	c16
0.0067239366135505	-0.857541710819888	0.234	0.248	1	CTBS	c16
0.00147503567270008	-0.857330009391416	0.587	0.49	1	CANX	c16
0.115370117077675	-0.857109181027013	0.166	0.176	1	WASHC4	c16
0.580052404744793	-0.856356644806374	0.065	0.061	1	BARD1	c16
0.0429070002712314	-0.856276799350603	0.009	0.015	1	AC147651.4	c16
1.34333731650962e-05	0.855426562186015	0.017	0.007	0.491674891215687	GAL3ST4	c16
0.770693169395225	-0.855348746693247	0.231	0.217	1	CAPRIN1	c16
0.00376739570462391	-0.854419515631453	0.033	0.048	1	PPFIBP2	c16
0.517009264562148	-0.853017441782974	0.075	0.078	1	OAS3	c16
0.0385577808686625	-0.852704586702478	0.011	0.018	1	AC008915.2	c16
0.541672014778808	-0.852534743753748	0.064	0.06	1	RABGEF1	c16
0.00184062833459074	-0.852511805950223	0.649	0.468	1	C1orf162	c16
0.00244602145932616	-0.852504688748576	0.072	0.054	1	KANSL3	c16
0.601703107074258	-0.852242904576014	0.025	0.023	1	SLC36A1	c16
0.341796412898901	-0.851345556475082	0.117	0.108	1	PSME4	c16
0.432736096579072	-0.850794141373252	0.178	0.179	1	MANBA	c16
0.132907099333944	-0.850528254810946	0.045	0.053	1	C15orf39	c16
1.62509835747087e-07	-0.850463252635823	0.033	0.065	0.00594802249817913	CCDC106	c16
0.0753063766562475	-0.849403706344302	0.13	0.144	1	ZMPSTE24	c16
0.496119607295918	-0.848836465027789	0.027	0.03	1	CEP85	c16
0.361208497809595	-0.848799082342985	0.108	0.099	1	CBFB	c16
0.00814052356740347	-0.848176064914651	0.079	0.062	1	PCNX4	c16
0.00243069841085902	-0.84808470977181	0.259	0.269	1	CBR1	c16
0.146286070119967	-0.848000219107573	0.021	0.027	1	DNAJA4	c16
0.984695747884243	-0.847789386842678	0.048	0.048	1	POLR1A	c16
0.0702364242748146	-0.847154557604225	0.054	0.044	1	TSC1	c16
0.343952386979607	-0.847106939373321	0.02	0.017	1	ULK1	c16
0.647586526276664	-0.846851602706564	0.046	0.043	1	TMEM62	c16
0.117926023042664	-0.846643798219862	0.018	0.013	1	ARHGAP11A	c16
0.293738301581896	-0.845005694014919	0.258	0.232	1	GYG1	c16
0.449567668438694	-0.84484189321238	0.019	0.016	1	SLC2A13	c16
0.497209266618532	-0.844336120090714	0.035	0.032	1	GCC1	c16
0.000634463040270013	-0.844134260482565	0.085	0.111	1	NIPSNAP3A	c16
0.121166672542336	-0.843907951627762	0.06	0.069	1	PTPN23	c16
0.00465285356700475	-0.843901326436218	0.019	0.03	1	DECR2	c16
0.507326119561735	-0.84314202424284	0.069	0.065	1	NF2	c16
0.314502224059658	-0.842881231963617	0.087	0.079	1	MAVS	c16
0.000132637508538971	-0.842858156462342	0.086	0.062	1	TMEM181	c16
0.052042329203319	-0.842733325332662	0.043	0.034	1	CPLANE1	c16
0.262068551839788	-0.842623858295152	0.044	0.038	1	AGO4	c16
0.342694528858476	-0.842303510669336	0.107	0.098	1	HIPK1	c16
0.00239861963560894	-0.841995540785796	0.028	0.018	1	ZNF678	c16
0.031657015840528	-0.841895368064316	0.248	0.252	1	MRPL13	c16
0.00124858119614048	-0.841216347355258	0.431	0.34	1	WSB1	c16
0.406397761546847	-0.840608407215226	0.054	0.059	1	MNT	c16
0.10502637236855	-0.840326915406468	0.178	0.158	1	KIAA0100	c16
0.565729483641165	-0.840107799940186	0.009	0.011	1	NAGS	c16
0.552990573185016	-0.840042277533833	0.034	0.037	1	B3GALNT2	c16
0.00486266042791385	-0.839946718251505	0.113	0.135	1	PDCL	c16
1.84505141720969e-32	-0.839817330436001	0.114	0.047	6.75307269212917e-28	KLRC4	c16
0.0410231036028686	-0.838689600788124	0.028	0.037	1	CENPN	c16
0.0506432018563242	-0.838398903599269	0.037	0.047	1	LZTFL1	c16
0.29507455385952	-0.836757602827111	0.068	0.061	1	RHBDF2	c16
0.00116724211145383	-0.836702756157867	0.513	0.421	1	MYDGF	c16
0.857301489785084	-0.836544073602001	0.207	0.199	1	HSPA4	c16
0.670997505897795	-0.836052314427278	0.024	0.025	1	DGKQ	c16
0.00134168039452642	-0.834162412119798	0.045	0.031	1	ZFP64	c16
0.353138428938291	-0.83366908957706	0.012	0.014	1	EEF1AKMT3	c16
0.605052591555422	-0.833461573940008	0.067	0.064	1	BLZF1	c16
0.000479174996653149	-0.832896155306868	0.328	0.331	1	TMBIM1	c16
0.208680509913521	-0.832368095575547	0.02	0.016	1	RSAD2	c16
0.605160307986232	-0.83210441981924	0.318	0.296	1	MIS18BP1	c16
0.740847152732963	-0.83127287241761	0.103	0.104	1	SEC16A	c16
7.54935383791573e-06	-0.830942452177342	0.076	0.051	0.276313899821554	KDM6A	c16
0.785088481024547	-0.830924727143047	0.042	0.043	1	NOD1	c16
0.305940168962058	-0.830551840218828	0.111	0.101	1	CPD	c16
0.218297420432107	-0.830516939295138	0.062	0.054	1	POU2F1	c16
2.128086255615e-65	-0.829973404359798	0.934	0.736	7.78900850417647e-61	UBB	c16
0.00076139075289818	-0.829685813273664	0.084	0.109	1	PTRH2	c16
4.51438476211497e-17	-0.829464871956382	0.068	0.03	1.6523099667817e-12	GPR25	c16
5.19713597081677e-31	-0.829130199461907	0.097	0.038	1.90220373667864e-26	SYTL2	c16
0.318653992444075	-0.828954198879971	0.06	0.065	1	TMEM94	c16
0.0183920772625948	-0.82821242298346	0.045	0.058	1	INPP5F	c16
0.0654306133387799	-0.828204659106146	0.159	0.171	1	RABGGTB	c16
0.790625584091546	-0.827731742625068	0.054	0.055	1	TMEM234	c16
2.61993418565125e-43	-0.827569010232799	0.885	0.694	9.58922111290213e-39	SRGN	c16
0.588525173157285	-0.827457154187596	0.101	0.104	1	VPS37A	c16
0.615433042343944	-0.827450752656598	0.015	0.014	1	FLVCR1	c16
0.448875493509804	-0.827365572963233	0.021	0.024	1	ADAP1	c16
0.0269160046860795	-0.827071488765731	0.053	0.066	1	PPP2CB	c16
0.0342043069543478	-0.826461748198903	0.145	0.124	1	MAP4K5	c16
0.264285343175943	-0.826117348473614	0.35	0.324	1	SH3GLB1	c16
0.0127443508749447	-0.825963317197905	0.108	0.126	1	TBC1D9B	c16
0.202832075568885	-0.825941968935605	0.045	0.038	1	EPG5	c16
0.0512765791881915	-0.825064690621557	0.062	0.075	1	FMNL3	c16
0.540722801508418	-0.824163638901284	0.035	0.032	1	AP4E1	c16
1.71166376605604e-20	-0.823897667917368	0.047	0.017	6.2648605501417e-16	DTHD1	c16
0.590546336054176	-0.823861581735134	0.149	0.149	1	PPP2R3C	c16
0.0010863956483742	-0.823717984634036	0.027	0.016	1	CYTH3	c16
0.849487537607646	-0.822988407648217	0.041	0.042	1	AKAP1	c16
0.80423953733495	-0.822502941787377	0.025	0.026	1	GTF3C4	c16
0.0105961276087431	-0.821859597477475	0.111	0.131	1	MAP3K11	c16
0.694120445353959	-0.82178938244842	0.012	0.013	1	LINC02693	c16
0.00239264902786118	-0.82154144951448	0.046	0.064	1	BPHL	c16
0.764517144655791	-0.821060728306257	0.029	0.03	1	SCRIB	c16
0.294151632994393	-0.820946393207407	0.194	0.176	1	IST1	c16
0.132061290371268	-0.820885931390412	0.044	0.052	1	PURB	c16
0.401582934101981	-0.820262406185775	0.119	0.11	1	CYB5R4	c16
0.623133093211817	-0.820106534414415	0.034	0.032	1	ARL15	c16
0.120240399036417	-0.819731522766213	0.082	0.093	1	TOR1AIP2	c16
0.16236569472953	-0.819613045331642	0.071	0.08	1	NDUFAF1	c16
0.0500148633959566	-0.819390017546539	0.031	0.04	1	METTL1	c16
0.998440957783661	-0.819258982634946	0.303	0.277	1	KCNAB2	c16
0.624539606265998	-0.818799461144561	0.047	0.045	1	INTS14	c16
0.423270354598561	-0.818469946579077	0.175	0.162	1	USP9X	c16
0.878770537298586	-0.817968799962779	0.043	0.042	1	PLXNA3	c16
0.0322377193939014	-0.816997437567623	0.099	0.083	1	ARHGEF7	c16
0.175113809926181	-0.816488198946817	0.159	0.166	1	SMIM15	c16
5.83304535351445e-06	-0.816215401248424	0.769	0.542	0.213495292983982	HSPB1	c16
0.00156764982452854	-0.816068130452179	0.139	0.111	1	ITCH	c16
0.21221222017316	-0.815838684267809	0.014	0.011	1	NCAPH	c16
0.214660216950212	-0.815721325038588	0.06	0.052	1	AGO1	c16
0.000220555331827316	-0.815683854942343	0.032	0.052	1	ASB13	c16
0.00439472241809596	-0.815176544226886	0.296	0.298	1	ATP6V1E1	c16
0.00863489287552694	-0.814963725988868	0.146	0.121	1	CKAP5	c16
0.217375594164982	-0.814930919558155	0.111	0.12	1	PIGF	c16
0.0154744067329018	-0.814579941201641	0.046	0.034	1	MBNL3	c16
0.011538783773268	-0.814545626661621	0.134	0.111	1	DNM1L	c16
0.0573312997845617	-0.814436933402291	0.347	0.332	1	CMTM6	c16
6.58023150921106e-16	-0.814389397111886	0.052	0.022	2.40843053468634e-11	MCOLN2	c16
0.256497919154491	-0.814245980471098	0.017	0.021	1	ADCK1	c16
0.606089578132759	-0.813941804208453	0.087	0.083	1	LARP4B	c16
0.695710681973053	-0.813832063033514	0.025	0.026	1	NOL6	c16
0.604312470959535	-0.813458597450873	0.053	0.05	1	PPM1D	c16
0.571018541421272	-0.813322122392833	0.012	0.01	1	CATSPERG	c16
0.401351307208609	-0.813033731597398	0.032	0.029	1	RFWD3	c16
0.0154131693485974	-0.81294357903104	0.104	0.122	1	SLC22A18	c16
0.928795930162519	-0.811536860128569	0.128	0.125	1	ARHGAP17	c16
1.23814831199931e-57	-0.811265944614569	0.19	0.074	4.53174663674866e-53	FGFBP2	c16
0.0408191573946498	-0.811241356205292	0.021	0.03	1	PMEPA1	c16
0.000174886226798948	-0.811212088318074	0.254	0.203	1	HUWE1	c16
0.00034578353944898	-0.810879000095394	0.095	0.071	1	CASP3	c16
0.716315987755622	-0.810824797379275	0.036	0.035	1	LZTR1	c16
0.821026454726932	-0.810782031656472	0.043	0.042	1	SMARCAL1	c16
0.177745744819736	-0.810328026308677	0.018	0.014	1	PHLPP2	c16
0.76489106857766	-0.810111229359716	0.028	0.029	1	ZNF700	c16
0.0028783449980873	-0.809078869183721	0.057	0.076	1	GALNS	c16
9.95450278554709e-06	-0.808884026799364	0.131	0.095	0.364344756453809	DENND1B	c16
0.0475448026349043	-0.808721005291984	0.036	0.047	1	ESRRA	c16
0.983623835815312	-0.808667331016953	0.143	0.14	1	TARS	c16
0.00199477139156338	-0.808240567382807	0.078	0.059	1	THOC1	c16
0.39161916011932	-0.808237883885193	0.035	0.031	1	GTF2H2	c16
0.340468533694866	-0.808207213062759	0.053	0.047	1	XPO7	c16
0.550454284746515	-0.807798101697145	0.034	0.031	1	PER3	c16
7.14857895842527e-14	-0.807446764029571	0.021	0.006	2.61645138457323e-09	AF165147.1	c16
1.77613179597048e-10	-0.807411796725083	0.031	0.013	6.50081998643157e-06	A2M-AS1	c16
0.592779404526551	-0.80731964777569	0.105	0.108	1	IPO8	c16
0.0136713961328329	-0.80720801398428	0.171	0.189	1	TIMM17A	c16
0.0900255194216742	-0.807088403647701	0.216	0.192	1	TRIM38	c16
1.73878128116373e-05	-0.80693999819684	0.054	0.083	0.636411336718736	ATPAF2	c16
0.535314923348923	-0.806411783019219	0.014	0.013	1	ZNF280B	c16
0.00486930108013601	-0.80636775033631	0.013	0.007	1	DLEC1	c16
0.0561643579194242	-0.804213028586896	0.027	0.02	1	SIPA1L3	c16
0.120032902938813	-0.804200890107984	0.09	0.101	1	CARS2	c16
0.433317172628116	-0.804148155878194	0.026	0.023	1	INTS7	c16
1.34633484820596e-11	-0.803936376965705	0.741	0.555	4.92772017791865e-07	ALDOA	c16
0.00843558386821273	-0.80383693363996	0.009	0.018	1	AC008957.1	c16
0.00935938499991066	-0.803627468769545	0.072	0.091	1	TMEM19	c16
0.0968482299852887	-0.803459147788432	0.131	0.144	1	NCLN	c16
0.505508496263949	-0.802911036061007	0.067	0.062	1	PIAS2	c16
0.196976887715078	-0.802886572960363	0.171	0.176	1	DYNC1I2	c16
9.01605477291981e-06	-0.802826526737969	0.041	0.024	0.329996620743638	SCMH1	c16
0.14229331373038	-0.802690126054414	0.064	0.055	1	PWWP3A	c16
0.146045943792747	-0.802308422343088	0.145	0.129	1	TRPC4AP	c16
0.0957623043534455	-0.802111650959989	0.042	0.035	1	OTUD6B	c16
0.144935079845983	-0.80189234982573	0.019	0.024	1	FBXO45	c16
0.00207990196913501	-0.801601563901833	0.052	0.071	1	AC016747.1	c16
0.929092910806525	-0.801376738253845	0.111	0.108	1	TXLNA	c16
0.684811320991212	-0.801275728211926	0.05	0.047	1	MMUT	c16
0.000465615764926292	-0.800955344611342	0.166	0.196	1	COMMD5	c16
0.284813467794577	-0.800557512816054	0.087	0.093	1	POGK	c16
0.428632248289643	-0.800460674979931	0.045	0.04	1	TNRC18	c16
1.80462488394873e-45	-0.800074183073143	0.39	0.206	6.60510753774076e-41	APOBEC3G	c16
0.539179740670256	-0.799263313730592	0.073	0.076	1	USP25	c16
0.148388204533282	-0.799053515340237	0.064	0.072	1	FBXO8	c16
0.0128556053875393	-0.798793448722355	0.017	0.027	1	IQCK	c16
0.0984481944982514	-0.798730889772441	0.188	0.196	1	GNPDA1	c16
8.38750943172486e-09	-0.798406296071982	0.043	0.022	0.000306991232710561	MVB12B	c16
2.86319851757544e-06	-0.798189137285446	0.586	0.479	0.104795928941779	SH3BGRL	c16
0.000370425752093777	-0.797889785024235	0.106	0.136	1	LYPLAL1	c16
0.523353713601361	-0.797876642893191	0.226	0.222	1	LASP1	c16
0.116420065867755	-0.797799710978978	0.029	0.036	1	ERMARD	c16
0.785036083808315	-0.797017736844492	0.039	0.038	1	MCM4	c16
0.0524266483756375	-0.797017324022452	0.128	0.144	1	HAUS2	c16
0.343607633385694	-0.796958288808155	0.014	0.017	1	FMO4	c16
0.370330220637429	-0.796824149596389	0.014	0.017	1	ST20-AS1	c16
0.303019636565242	-0.79651185548551	0.098	0.089	1	LNPK	c16
0.000144887134692571	0.796009595179007	0.025	0.014	1	NEURL1	c16
0.381958629229827	-0.7958560142732	0.049	0.045	1	LMBRD2	c16
0.000936666741414218	-0.795634544260449	0.079	0.104	1	TPMT	c16
0.00261481573552611	-0.795458366851767	0.099	0.122	1	PGRMC1	c16
0.0542848324588587	-0.794745046479735	0.053	0.065	1	HINT3	c16
0.626105481781869	-0.79448079919976	0.185	0.183	1	USO1	c16
0.00196745547613626	-0.794335518552259	0.012	0.024	1	FBXO10	c16
0.0231609605437856	-0.794316144628629	0.077	0.093	1	DTX2	c16
0.00336308977240947	-0.793920256004664	0.303	0.306	1	DUSP23	c16
0.0642704845249502	-0.793680496282185	0.457	0.388	1	C4orf48	c16
5.88590745834809e-23	-0.792251167487099	0.892	0.641	2.15430098882998e-18	GPX4	c16
6.46390340870448e-06	-0.792060908491149	0.627	0.49	0.236585328661993	SEC11A	c16
0.452395448790107	-0.791935815535411	0.035	0.031	1	ZNF736	c16
0.737784728549482	-0.791697411143607	0.02	0.021	1	FBXL6	c16
0.198527336904494	-0.791649795720209	0.007	0.01	1	UBE2D3-AS1	c16
0.12031519628721	-0.791568666244992	0.465	0.392	1	VDAC1	c16
0.768522227137756	-0.791266406739371	0.058	0.056	1	FHOD1	c16
0.780769176178479	-0.791244420589234	0.01	0.011	1	ZNF629	c16
0.00826207012254615	-0.791155900144005	0.157	0.13	1	IDI1	c16
0.215877140214461	-0.790838771615842	0.023	0.019	1	OSBPL5	c16
0.322727903797729	-0.790812700714948	0.158	0.162	1	RNPEPL1	c16
0.0424603968858168	-0.790106972433601	0.098	0.113	1	ID3	c16
0.0578093007892182	-0.7900828577778	0.06	0.049	1	ST3GAL5	c16
0.000363138002489997	-0.7895489987971	0.263	0.279	1	ACTN1	c16
0.35235594543801	-0.789483366301243	0.113	0.104	1	KIAA0232	c16
0.000540432238514852	-0.789089780749392	0.358	0.289	1	MYO1F	c16
0.141453938576548	-0.788983728187013	0.038	0.045	1	SGPL1	c16
0.963533276121642	-0.788982646710252	0.036	0.036	1	BBS4	c16
0.0182236398715354	-0.788815827902323	0.042	0.032	1	ZNF621	c16
0.208301388060469	-0.788746965907144	0.133	0.142	1	EFTUD2	c16
0.0112037614330717	-0.78854418427656	0.469	0.405	1	SSR3	c16
0.0577136718172058	-0.788538466760986	0.097	0.083	1	GSR	c16
0.619585360400394	-0.788486533976799	0.48	0.385	1	AKR1B1	c16
0.554154903368861	-0.788304795411858	0.079	0.082	1	FAM98A	c16
0.850617230457481	-0.78792973052487	0.108	0.105	1	PHKB	c16
0.0803386109951307	-0.787547826492171	0.06	0.05	1	SMYD4	c16
0.971345967240316	-0.787246914571957	0.012	0.012	1	ZNF155	c16
0.590214708184944	-0.786488046815053	0.022	0.024	1	PRICKLE3	c16
0.0139252868474276	-0.786469569742954	0.351	0.33	1	PEPD	c16
0.414756034805068	-0.786457072671914	0.033	0.029	1	LIMD1	c16
0.890792300804379	-0.786419336559343	0.166	0.159	1	PARP9	c16
0.162644586930747	-0.786291969192706	0.078	0.087	1	RIPK3	c16
0.0867551032194271	-0.786028831037737	0.15	0.162	1	ARMCX3	c16
0.169549096641948	-0.785883978128586	0.053	0.045	1	CBR4	c16
0.113825316093638	-0.785728523539677	0.02	0.026	1	SMURF1	c16
0.419762945835553	-0.785590942394282	0.025	0.029	1	MTFR1	c16
0.383332343900205	-0.785426014821897	0.065	0.07	1	SNX12	c16
0.843513543645387	-0.785387530676884	0.009	0.01	1	TIGD5	c16
0.698263052464053	-0.785227226327504	0.018	0.017	1	NEK11	c16
0.0366068149711573	-0.784953147330471	0.007	0.013	1	LRP11	c16
1.46665115834314e-07	-0.784490195049211	0.067	0.04	0.00536808990465173	NPIPB5	c16
0.0166994252516628	-0.78444708445335	0.011	0.006	1	AC009120.2	c16
0.0156286417798364	-0.784303882150975	0.473	0.409	1	NUCB1	c16
0.000980168616582071	-0.784203598139358	0.061	0.083	1	ALG14	c16
0.302943342243823	-0.783814351398592	0.031	0.036	1	YTHDF1	c16
0.968820000113399	-0.782914909437228	0.119	0.117	1	DPP9	c16
0.213565916439751	-0.782787461382894	0.376	0.342	1	DYNLT1	c16
2.63393314498645e-05	-0.782180565446957	0.097	0.132	0.964045870396491	AAMDC	c16
0.701422080635602	-0.781872531225075	0.247	0.237	1	STIP1	c16
6.2067507527365e-05	-0.781538671088683	0.072	0.101	1	MSRB2	c16
0.0110036661467171	-0.78146752921809	0.105	0.125	1	TMED7	c16
0.0224610329655734	-0.781109303902446	0.077	0.062	1	NF1	c16
2.14824425557507e-13	-0.7803560702172	0.802	0.661	7.86278879983031e-09	LCP1	c16
0.227029475425019	-0.780118104645338	0.015	0.019	1	CIP2A	c16
0.00168037739016668	-0.77999853901461	0.07	0.092	1	FAM174A	c16
3.07209279985914e-06	-0.779841204605407	0.683	0.509	0.112441668567644	TALDO1	c16
0.381800852929843	-0.779513767351664	0.036	0.032	1	MSANTD4	c16
0.691985426855471	-0.779448872330061	0.073	0.07	1	RAB21	c16
0.517310111366554	-0.77914873246207	0.152	0.154	1	SGK3	c16
0.0977056649392122	-0.778983202239984	0.057	0.067	1	SMCR8	c16
0.727919891469949	-0.778895412289793	0.081	0.078	1	WDSUB1	c16
0.0822279309826889	-0.778778146493422	0.053	0.044	1	USPL1	c16
0.0797356023832426	-0.777954181401101	0.01	0.007	1	ZNF726	c16
0.721987936050024	-0.777930610419134	0.018	0.017	1	F8	c16
0.158088862061045	-0.77757870544474	0.008	0.012	1	ZSCAN9	c16
0.0762012717888571	-0.777497214199955	0.148	0.13	1	MDM2	c16
0.000244634041227409	-0.777474416583048	0.11	0.141	1	GBA	c16
0.0485896408699459	-0.777439378383593	0.043	0.034	1	PRKAB1	c16
5.50297863945403e-45	-0.777374514724365	0.125	0.046	2.01414521182657e-40	FCRL6	c16
0.73967168383779	-0.777052144082065	0.121	0.117	1	CCDC93	c16
1.01882575792217e-18	-0.776799497474034	0.075	0.034	3.72900415657092e-14	SLC7A5	c16
0.569967740317593	-0.776704445045099	0.168	0.168	1	FAM120A	c16
0.148123122885961	-0.776520649492766	0.029	0.035	1	C2CD2L	c16
0.275552594442505	-0.776288250318642	0.376	0.339	1	SELENOS	c16
0.998201680883504	-0.776220671053655	0.112	0.111	1	MICU1	c16
0.0131613315816284	-0.775863186875991	0.071	0.088	1	MFSD12	c16
0.677698505815022	-0.775361080668227	0.105	0.107	1	MON1B	c16
5.94752250027101e-25	-0.775128877096088	0.068	0.026	2.17685271032419e-20	TBX21	c16
0.0824464404394563	-0.775117578543873	0.011	0.016	1	WFS1	c16
4.03121546388972e-35	-0.77503130968768	0.079	0.027	1.47546517193828e-30	TRGV9	c16
0.00410607564954897	-0.774922458175268	0.06	0.079	1	TRIOBP	c16
0.977787664316203	-0.774870934273075	0.073	0.072	1	TRAPPC11	c16
0.777737661104171	-0.774805710973416	0.038	0.037	1	PPP2R1B	c16
0.228736378698842	-0.774647962138194	0.009	0.013	1	TIGD6	c16
0.127480547996419	-0.774155494796203	0.097	0.109	1	SEC23B	c16
0.908731707796375	-0.773833063344654	0.027	0.026	1	ABCB10	c16
0.00536633974731138	-0.773683717689666	0.023	0.035	1	ZNF93	c16
0.105691747388763	-0.773589107602643	0.012	0.008	1	LRP8	c16
0.696727417370035	-0.773237596031351	0.076	0.078	1	PGM2	c16
0.122637247956205	-0.773160772374911	0.014	0.02	1	HARBI1	c16
5.00836834218161e-28	-0.772690457101862	0.682	0.415	1.83311289692189e-23	CCL5	c16
5.75646196323919e-05	-0.772616265628671	0.67	0.498	1	SYNGR2	c16
0.269580523601203	-0.772530040828887	0.039	0.034	1	NDUFAF5	c16
0.245315347685828	-0.772303475956557	0.009	0.012	1	AC015912.3	c16
0.498535799549319	-0.772258750023982	0.02	0.018	1	SPATA2	c16
0.419116922415865	-0.772105730880985	0.014	0.017	1	LMLN	c16
0.000109682468189845	-0.771919360709683	0.025	0.014	1	AC016831.5	c16
1.04669952315948e-10	-0.7718392093403	0.111	0.068	3.83102492471602e-06	INO80D	c16
0.600220740159958	-0.771264960135385	0.259	0.246	1	SPNS1	c16
0.196271870837696	-0.771111046840238	0.367	0.342	1	MOB1A	c16
0.0691850146960147	-0.770866436219606	0.129	0.143	1	EMC2	c16
0.185858378181014	-0.770825279916358	0.009	0.012	1	ENTPD7	c16
0.0574088084032808	-0.770529767685805	0.114	0.098	1	SPTLC2	c16
0.0334207690383815	-0.770079791771647	0.079	0.094	1	PELO	c16
0.213148386584834	-0.769893817197479	0.101	0.109	1	CREB3L2	c16
1.39903180109471e-13	-0.769632083444091	0.039	0.016	5.12059629518676e-09	ITPRIPL1	c16
0.00418925657915838	-0.769466910086188	0.045	0.032	1	ZNF490	c16
1.85621724576129e-06	-0.769424659555062	0.122	0.086	0.0679394074121091	HPS3	c16
0.329808069600676	-0.769310402354302	0.036	0.04	1	INAFM1	c16
0.475487934858789	-0.769009134635258	0.066	0.061	1	LRRC57	c16
0.0106051609672883	-0.76861411033267	0.024	0.016	1	RAP2C-AS1	c16
7.39601855972642e-11	-0.768606498307431	0.035	0.015	2.70701675304547e-06	CD244	c16
0.0201525486933164	-0.768335557153454	0.045	0.058	1	SETD9	c16
3.25205910264273e-37	-0.767746223585172	0.857	0.654	1.19028615215827e-32	PSMA7	c16
0.75054981410069	-0.766864872370778	0.035	0.033	1	INCENP	c16
0.781575230460872	-0.766601896387659	0.069	0.067	1	PISD	c16
0.910851854517889	-0.766554471272554	0.311	0.285	1	VPS35	c16
0.74101078309828	-0.766532919267576	0.017	0.016	1	GRK4	c16
0.000329040947148645	-0.76632499829744	0.082	0.06	1	ARHGAP35	c16
1.54157498209563e-18	-0.76622889373517	0.083	0.039	5.64231859196821e-14	SLC5A3	c16
0.540816425353331	-0.76568207471265	0.022	0.02	1	MEAK7	c16
0.0811523669121572	-0.765018421982157	0.098	0.111	1	MAP1S	c16
0.00770518258080841	-0.764862736207311	0.288	0.291	1	CHMP5	c16
0.435674395874979	-0.764124462930477	0.061	0.066	1	FAM222B	c16
0.920897129367849	-0.763767086800315	0.073	0.073	1	CSE1L	c16
0.116493103798387	-0.763763473798123	0.204	0.211	1	MAPKAPK3	c16
0.404853639067828	-0.763632705027998	0.258	0.25	1	MLEC	c16
0.073058935562095	-0.763171901584016	0.031	0.024	1	PUS10	c16
0.0818583879281583	-0.763083273095044	0.074	0.086	1	TBC1D7	c16
0.319290817450047	-0.763028795724645	0.009	0.012	1	KIAA0895L	c16
0.00851903014087736	-0.761330795005606	0.643	0.484	1	CKLF	c16
0.158977168325134	-0.760689048671258	0.038	0.045	1	UBXN8	c16
0.0763130606980923	-0.760150735599333	0.029	0.022	1	LARS2	c16
0.844906107477288	-0.759983868441207	0.073	0.071	1	WDR11	c16
0.261388953553296	-0.75994713502432	0.271	0.244	1	TM9SF2	c16
0.310623525265622	-0.759716616463722	0.03	0.026	1	IPO11	c16
0.949163187117271	-0.759639540426691	0.242	0.227	1	FBXL5	c16
0.30921377824846	-0.758600150754228	0.203	0.205	1	ACTR1A	c16
0.0469027943857661	-0.75792853576371	0.036	0.046	1	CCDC51	c16
0.458801069783814	-0.757812192948772	0.098	0.092	1	ELMSAN1	c16
0.001130320553309	-0.757725516639285	0.034	0.052	1	C7orf25	c16
0.38189241836872	-0.757094790835549	0.013	0.011	1	KIAA0825	c16
0.4817060999799	-0.757026526733062	0.02	0.017	1	AC005562.1	c16
0.847013880655609	-0.756983109056138	0.079	0.08	1	ROCK2	c16
2.60345668016187e-10	-0.756367095374921	0.021	0.008	9.52891179506048e-06	AP005482.1	c16
0.447183831245101	-0.756207809756852	0.057	0.053	1	CDC23	c16
0.268276762171877	-0.754776988535616	0.23	0.209	1	TACC1	c16
0.00178181029797742	-0.754431270463242	0.056	0.04	1	GSE1	c16
0.0101596657309519	-0.753656195091474	0.063	0.049	1	CHAMP1	c16
0.260817951287418	-0.753284084506692	0.165	0.15	1	GPATCH11	c16
0.00155418151611191	-0.753016478208795	0.206	0.23	1	MRPL27	c16
0.350795994712112	-0.752526197616186	0.065	0.059	1	LIMK2	c16
0.431059988716355	-0.752511113653034	0.069	0.073	1	HLA-G	c16
0.903024682083928	-0.752406172545129	0.033	0.033	1	KIAA0556	c16
0.0597588869088154	-0.752260404423842	0.443	0.378	1	LAMTOR2	c16
0.694585049361576	-0.751252690903601	0.057	0.054	1	BUD13	c16
0.00443245139053233	-0.751243530278545	0.06	0.045	1	FAM160B2	c16
4.43211715625456e-05	-0.751089175247915	0.098	0.07	1	CCDC14	c16
0.218514674723352	-0.750944799480282	0.027	0.023	1	CNTROB	c16
0.0037723089581328	-0.750876414387196	0.019	0.011	1	NEDD4	c16
0.465900355401882	-0.750701105597281	0.014	0.016	1	C19orf54	c16
0.175776754530234	-0.74972663868711	0.098	0.087	1	CDC16	c16
0.000532088703833096	-0.74947983590163	0.045	0.03	1	SIK3	c16
0.0183110938862832	-0.748798291305175	0.089	0.072	1	AP3M1	c16
0.250859981574812	-0.748647065230039	0.287	0.277	1	C14orf119	c16
0.0466772499129993	-0.748590808709833	0.075	0.063	1	IFFO1	c16
0.122748515333113	-0.748319764590811	0.139	0.124	1	TIPARP	c16
0.0754610824268798	-0.748143646273604	0.038	0.03	1	RBM12B	c16
0.648937022345488	-0.747852221597411	0.017	0.016	1	RTL6	c16
0.00983458534697539	-0.747784761664978	0.048	0.036	1	XPR1	c16
8.4418377024715e-07	-0.747280901429343	0.666	0.51	0.0308979701748159	PSMA6	c16
0.396861965793778	-0.747236435878264	0.338	0.294	1	AKIRIN2	c16
0.0579269758523131	-0.747182718483447	0.028	0.036	1	PPP1R16A	c16
0.442487923345017	-0.747028628855971	0.076	0.071	1	R3HCC1L	c16
0.0204386971492173	-0.746926351426657	0.025	0.018	1	MFAP3	c16
0.147285693558194	-0.746579828211216	0.025	0.02	1	FANCI	c16
0.00373658853997916	-0.746493769199302	0.128	0.104	1	GPATCH2L	c16
0.631201366408182	-0.746429968794297	0.102	0.105	1	C11orf54	c16
0.0221271316390814	-0.746376971435593	0.045	0.034	1	LSS	c16
0.0284791815675085	-0.746355185260512	0.018	0.012	1	KBTBD6	c16
5.48586365836463e-59	-0.746302254712297	0.16	0.058	2.00788095759804e-54	CLIC3	c16
0.00479142361506452	-0.746000228976119	0.032	0.046	1	KCTD17	c16
0.925842456337699	-0.745688437098664	0.064	0.063	1	ST3GAL2	c16
0.57031042774515	-0.745168979796079	0.055	0.052	1	SLC35B4	c16
0.0933180026620631	-0.745044896197343	0.112	0.098	1	RNF111	c16
0.0761826111735441	-0.744676750075185	0.157	0.138	1	DGLUCY	c16
0.758645303325978	-0.744666867041721	0.068	0.07	1	PDE8A	c16
0.00204841694951999	-0.744594152908664	0.036	0.024	1	STXBP5	c16
0.0754537700523458	-0.74432299087151	0.021	0.029	1	TWSG1	c16
0.113305831482921	-0.74403297666957	0.04	0.033	1	ZBED4	c16
7.07124942174567e-05	-0.743945801760992	0.678	0.539	1	SAMHD1	c16
0.00254183861205008	-0.743715731808943	0.029	0.019	1	PLEKHA8	c16
2.28660607779419e-14	-0.743515414505146	0.204	0.131	8.36920690533453e-10	KIAA1109	c16
0.98609506488013	-0.743483622019609	0.292	0.27	1	PBDC1	c16
0.762982587532673	-0.743461232729195	0.024	0.023	1	MTPAP	c16
1.57303610633403e-61	-0.74345985874078	0.934	0.746	5.75746945279317e-57	CYBA	c16
0.178946452829593	-0.743209743807241	0.475	0.401	1	SCP2	c16
1.58627921181698e-48	-0.742719097431424	0.308	0.152	5.80594054317134e-44	ATP2B4	c16
0.37253377994103	-0.742593785690131	0.104	0.11	1	VRK2	c16
9.34471757262222e-07	-0.742373977716707	0.21	0.158	0.0342026007875546	RANBP2	c16
2.17892873546894e-05	-0.742223513805244	0.066	0.097	0.797509706468987	ORAI3	c16
0.0171574475279572	-0.741954716138473	0.012	0.007	1	DCLRE1A	c16
0.136789730380827	-0.741728947522108	0.122	0.133	1	EIF2B3	c16
0.720513255415442	-0.741340468086008	0.087	0.084	1	FEM1B	c16
3.58976520775759e-22	-0.741285810762766	0.063	0.024	1.31388996369136e-17	CD70	c16
0.267579701509577	-0.74113655947656	0.134	0.123	1	NSMAF	c16
0.58014303353785	-0.741075201531295	0.01	0.009	1	HDAC9	c16
0.05136738881735	-0.74060449039715	0.045	0.056	1	CD99L2	c16
0.000724027217490432	-0.740174824237796	0.015	0.008	1	LRRC37A2	c16
0.289927833836472	-0.73912299670606	0.03	0.025	1	RNF169	c16
0.00514156610695912	-0.739107846649056	0.03	0.02	1	EIF2AK3	c16
0.327778522838449	-0.738899999601043	0.019	0.016	1	CASZ1	c16
9.99775026962201e-07	-0.738297227503266	0.296	0.228	0.0365927657618435	KMT2C	c16
4.11831336518558e-47	-0.738109218521353	0.581	0.322	1.50734387479157e-42	NKG7	c16
0.27698245694162	-0.738051900032318	0.027	0.023	1	WDPCP	c16
0.62943214016686	-0.737858095662338	0.237	0.229	1	GNB1	c16
0.000143218683450721	-0.737780820135046	0.06	0.04	1	POLR3A	c16
0.28336594124049	-0.737345308694577	0.01	0.008	1	TMEM268	c16
3.35582706423105e-08	-0.737188078103046	0.081	0.05	0.00122826626377921	MED23	c16
0.823978926416904	-0.736926139969196	0.016	0.016	1	TMTC3	c16
0.0439311959726664	-0.736809222493779	0.091	0.076	1	ZBTB43	c16
0.248556523966676	-0.736656458277394	0.048	0.042	1	CEBPD	c16
0.0574757507732178	-0.736118494320142	0.042	0.053	1	RRP12	c16
0.281640897722422	-0.734916079186155	0.015	0.019	1	ORC6	c16
0.504166411067595	-0.734827391441494	0.122	0.126	1	RFC2	c16
0.918481650241015	-0.734667700464763	0.057	0.056	1	ARL13B	c16
0.01997417903838	-0.733819004934859	0.157	0.134	1	GRIPAP1	c16
0.882501548957827	-0.733641295593893	0.25	0.234	1	OGFR	c16
0.0037964121030963	-0.733599029491814	0.073	0.056	1	ZMYM6	c16
2.61931798833438e-07	-0.733473967971312	0.175	0.126	0.00958696576910266	RALGDS	c16
0.368620066621376	-0.733340591469031	0.087	0.092	1	HIGD1A	c16
0.305203794073657	-0.733135297736481	0.052	0.046	1	PHTF1	c16
0.435972602348119	-0.732917284802124	0.044	0.04	1	LRSAM1	c16
0.295067504787616	-0.732801199162093	0.094	0.101	1	DAPP1	c16
0.610360487346474	-0.732755017021402	0.061	0.058	1	PPP3R1	c16
0.991102836714518	-0.732619904871119	0.05	0.05	1	LCORL	c16
0.0258132252380511	-0.732172243397894	0.01	0.017	1	NAT1	c16
6.79915243966495e-20	-0.73193163287764	0.062	0.025	2.48855778444177e-15	TSPAN2	c16
0.0412175360729726	-0.731585322793982	0.12	0.136	1	FDX2	c16
0.0572815645663058	-0.731312941157221	0.11	0.125	1	MRPL35	c16
0.144571602400356	-0.731097088136226	0.097	0.108	1	PEX14	c16
0.0607996788499054	-0.730915847625914	0.028	0.037	1	PDSS1	c16
0.504408099913058	-0.730846653579446	0.089	0.093	1	SLC12A9	c16
0.214197723598844	-0.729599326003564	0.416	0.353	1	IDS	c16
0.0334206201816013	-0.72911511460131	0.116	0.099	1	IKBIP	c16
0.0149720175718375	-0.729061047037976	0.1	0.119	1	IMPACT	c16
0.690675656410175	-0.728439332516057	0.23	0.215	1	COPB2	c16
0.460284639713903	-0.7280670506248	0.433	0.37	1	H2AFY	c16
0.28057165730471	-0.727840602057965	0.03	0.035	1	CHPT1	c16
0.00784868361664245	-0.727357693500514	0.074	0.058	1	PAM	c16
0.00346224603010203	-0.727148249593837	0.097	0.076	1	CHFR	c16
0.00138810272557319	-0.727046185493356	0.062	0.045	1	FCHSD2	c16
9.50391068615367e-66	-0.726682688476026	0.923	0.744	3.4785263502391e-61	CLIC1	c16
0.733399840824824	-0.726437604149153	0.011	0.012	1	ITPKC	c16
0.0250995688706126	-0.726397587836389	0.072	0.088	1	TMEM38B	c16
0.00587281272007763	-0.72632023610588	0.013	0.007	1	AL139089.1	c16
0.00529047522466995	-0.726305175039636	0.054	0.072	1	C11orf24	c16
0.903566837393445	-0.726177681891002	0.231	0.221	1	SNX1	c16
0.950310485614495	-0.725914162920888	0.084	0.083	1	MTF1	c16
0.487254698856925	-0.7244875853375	0.422	0.363	1	RAB5IF	c16
0.479979995913515	-0.724438884414986	0.012	0.01	1	ACVR2B	c16
0.552135053613598	-0.723916863135826	0.252	0.233	1	EEA1	c16
0.0222719124701464	-0.723755627600843	0.08	0.066	1	SENP5	c16
0.885113758403122	-0.723548700142044	0.009	0.01	1	ARHGEF40	c16
0.0799396198448678	-0.72331582163581	0.058	0.048	1	SLC35A3	c16
0.13778245275786	-0.723242879136945	0.04	0.047	1	TMEM97	c16
0.173150633339629	-0.723042699337336	0.035	0.042	1	PER2	c16
0.465706572074146	-0.722739102084319	0.7	0.531	1	EML4	c16
0.00199104353908314	-0.722730388889174	0.117	0.142	1	GCSH	c16
0.125018332881638	-0.722595440700512	0.539	0.437	1	SERPINB1	c16
0.830821418430769	-0.722190024473232	0.01	0.01	1	ZNF283	c16
0.0342046472315102	-0.722113688831784	0.056	0.069	1	NPEPL1	c16
0.591148373015288	-0.721845493396496	0.023	0.021	1	ZNF526	c16
0.044524950420622	-0.721829876539539	0.132	0.147	1	AHCYL1	c16
0.104496272332399	-0.721504069893084	0.024	0.031	1	OSGIN2	c16
0.856980424002092	-0.721354126108409	0.01	0.01	1	THBS3	c16
0.198926401646667	-0.721217102847293	0.032	0.038	1	PIGO	c16
0.860561125135012	-0.721134995297676	0.019	0.018	1	GGPS1	c16
0.00106965387703255	-0.721098949992821	0.046	0.031	1	BCDIN3D	c16
0.477523353493585	-0.720780583278586	0.051	0.047	1	OPA3	c16
1.61111315212564e-07	-0.720777411447753	0.171	0.123	0.00589683524809507	ASCC3	c16
0.036076642346024	-0.720651252352447	0.147	0.127	1	NDUFS1	c16
0.10173123693528	-0.720212086658591	0.097	0.085	1	UHRF1BP1L	c16
0.908128269814205	-0.719745060633378	0.012	0.011	1	TMSB4Y	c16
0.104128246072151	-0.719590336973418	0.387	0.349	1	GNPTG	c16
0.00900218189732162	0.719441483393155	0.011	0.006	1	AL354920.1	c16
4.22542651983196e-07	-0.719365058014084	0.072	0.045	0.015465483605237	TTC13	c16
0.362658752357631	-0.719343763535742	0.012	0.014	1	ZNF219	c16
0.00443488318334665	-0.719247471809293	0.03	0.02	1	HDGFL3	c16
0.000514845827208544	-0.7191265683885	0.022	0.012	1	UCK2	c16
0.752767933732488	-0.718933162009433	0.106	0.108	1	RBM18	c16
0.237299302697052	-0.718860379968442	0.062	0.055	1	SLC39A9	c16
0.0641458201083212	-0.718774155575174	0.02	0.014	1	ZNF432	c16
0.672004931279869	-0.718402194503987	0.039	0.037	1	MTMR2	c16
0.0204736657071082	-0.718324359927037	0.025	0.017	1	TMTC4	c16
0.336644956524163	-0.717899988758289	0.078	0.084	1	PGP	c16
0.205715121020073	-0.717795096900394	0.038	0.032	1	TRIM39	c16
0.139127913719134	-0.716932589868464	0.025	0.02	1	RTEL1	c16
0.000373437103597694	-0.716667113978236	0.074	0.053	1	FBXL20	c16
0.429107406078071	-0.71647164645711	0.185	0.186	1	LRRC59	c16
0.209801667244138	-0.716006198137395	0.019	0.023	1	PCCA-DT	c16
0.296000990615356	-0.715461821434466	0.012	0.015	1	RCAN1	c16
0.00247370885182448	-0.715386918712795	0.177	0.145	1	DTX3L	c16
0.269195321625156	-0.715355536692332	0.061	0.055	1	CSNK2A2	c16
0.249923078591041	-0.715036723879857	0.067	0.06	1	ITPRIP	c16
0.395850825920527	-0.714948551086057	0.032	0.029	1	NAA40	c16
0.0658575950440779	-0.714932736822287	0.494	0.413	1	CARD16	c16
0.0807956196827836	-0.714646261170484	0.021	0.016	1	ZNF16	c16
0.00135661548891704	-0.714164996065438	0.024	0.015	1	TFEB	c16
0.34945564062201	-0.714079777765533	0.096	0.102	1	REEP4	c16
2.24446302533487e-17	-0.713915950467748	0.041	0.015	8.21495911902817e-13	CD8B2	c16
0.0618833517564331	-0.713904581914258	0.122	0.136	1	SNRNP25	c16
0.724978418889694	-0.713754527933927	0.075	0.077	1	HECTD3	c16
6.55752599720651e-06	-0.713530952268968	0.023	0.011	0.240012009023755	TRGV8	c16
0.733254587294455	-0.713343170480753	0.093	0.09	1	RNF14	c16
5.18476990331047e-75	-0.71313905544181	0.997	0.908	1.89767763231066e-70	S100A4	c16
7.06489820762593e-05	-0.713021869995149	0.053	0.035	1	ACACA	c16
0.990326645290803	-0.712797991270996	0.044	0.044	1	MCAT	c16
0.376393955867026	-0.712764919850408	0.078	0.072	1	MED21	c16
0.00287916292872473	-0.712686085003434	0.056	0.041	1	AC068587.4	c16
0.103656444600037	-0.712265023329895	0.014	0.01	1	ANO8	c16
0.0359663368439893	-0.712251626402567	0.538	0.434	1	VPS29	c16
0.953226087075079	-0.711955831242333	0.155	0.153	1	COPG1	c16
0.118155415540746	-0.711898322115643	0.101	0.113	1	MTX2	c16
0.00184046471163822	-0.711541052973323	0.152	0.123	1	VPS53	c16
0.219337720869824	-0.711114410913292	0.267	0.26	1	MPV17	c16
0.832715008945427	-0.711054572258688	0.017	0.016	1	FAM149B1	c16
7.27281019881784e-19	-0.710969749381354	0.056	0.022	2.66192126086932e-14	PRR5L	c16
0.081314685132367	-0.710245085864644	0.044	0.036	1	TANGO6	c16
0.580383977168796	-0.710240041291233	0.024	0.027	1	RTN4IP1	c16
0.588644750679746	-0.710171603196475	0.106	0.109	1	TM7SF3	c16
0.625034395153052	-0.709893076028776	0.014	0.013	1	WDHD1	c16
0.16455001634911	-0.709757222140184	0.014	0.01	1	ALG10	c16
0.24715165583955	-0.709623345548888	0.033	0.038	1	BRI3BP	c16
0.217354914312201	-0.709577064565432	0.03	0.025	1	DDX31	c16
0.0323919121522038	-0.709447688098944	0.057	0.046	1	RNF121	c16
0.000692353383583175	-0.709434176134444	0.219	0.178	1	CLIP1	c16
0.302819749179411	-0.709151378668265	0.097	0.104	1	POLD3	c16
0.0640022099705797	-0.708596733640069	0.021	0.016	1	C21orf58	c16
1.10394654180571e-34	-0.708265816521985	0.093	0.034	4.04055473766308e-30	PPP2R2B	c16
0.125467207112405	-0.708193086346138	0.141	0.152	1	AKIP1	c16
0.320172612530455	-0.708050724213832	0.078	0.071	1	TMEM102	c16
0.335114990082673	-0.707692970315994	0.348	0.32	1	VTI1B	c16
0.673019036816154	-0.707229937710325	0.298	0.28	1	NCOA4	c16
0.0368961884807719	-0.707181439444423	0.062	0.051	1	UTP20	c16
0.288081254401096	-0.706947042487655	0.26	0.254	1	MIIP	c16
1.20928632072381e-11	-0.706785913452479	0.198	0.133	4.4261088624812e-07	RIF1	c16
2.30298931395957e-05	-0.706680720121149	0.145	0.109	0.842917118802341	ZZEF1	c16
0.663700025457586	-0.706374574192722	0.01	0.012	1	DZANK1	c16
0.465084273539369	-0.705922840377417	0.103	0.107	1	PPP1R9B	c16
0.134619355353466	-0.705169392163766	0.013	0.01	1	L3MBTL1	c16
0.462468689989523	-0.705147152611799	0.02	0.023	1	MAP4K3	c16
6.49665566788952e-68	-0.704332039413926	0.914	0.74	2.37784094100424e-63	RHOA	c16
0.354711068818013	-0.704072601138423	0.032	0.029	1	PPARA	c16
0.000572838631954872	-0.703889239412885	0.115	0.143	1	NUDT16	c16
0.0101850120785164	-0.703409491791228	0.554	0.43	1	TLN1	c16
0.993769445107415	-0.703393421069422	0.01	0.01	1	ICA1L	c16
4.51204621845325e-06	-0.703345246499604	0.229	0.176	0.165145403641607	CRYBG1	c16
0.0389371491809283	-0.703130212311844	0.033	0.025	1	KATNAL1	c16
0.145169332871354	-0.70305526095826	0.045	0.038	1	ZSCAN32	c16
3.06855725660704e-05	-0.702924846640129	0.052	0.033	1	MICAL2	c16
0.000175041552290578	-0.702299635605167	0.01	0.004	1	EVC2	c16
0.195938798001058	-0.702226746856917	0.036	0.042	1	ANO10	c16
0.37969624961653	-0.701766455468632	0.058	0.063	1	MOSPD1	c16
0.55332664818592	-0.701687559746311	0.318	0.293	1	MPC1	c16
3.01961874834067e-22	-0.701493297690955	0.151	0.08	1.10521065808017e-17	PTTG1	c16
0.0325804811146201	-0.701088187817141	0.014	0.021	1	FKBPL	c16
0.0300875902583835	-0.699944863077833	0.043	0.034	1	DCAF1	c16
5.01166055655118e-09	-0.699803394054125	0.172	0.12	0.00018343178803033	FAM13B	c16
0.000712006354277353	-0.699452550851545	0.103	0.079	1	WDR36	c16
0.282565527275777	-0.699221034115505	0.117	0.107	1	ZFAND3	c16
0.0631139255004929	-0.699199272596212	0.027	0.021	1	ARL5B	c16
0.93289493979223	-0.699170920865036	0.09	0.091	1	GALNT2	c16
0.000697174792440627	-0.699100844803499	0.204	0.166	1	RAB8B	c16
0.0313998208165688	-0.69899474305875	0.054	0.043	1	NSUN3	c16
0.000141797020387366	-0.698968509173802	0.333	0.267	1	APMAP	c16
0.0924726453321965	-0.698843287892143	0.118	0.104	1	CGAS	c16
0.954121277633176	-0.698800332783619	0.016	0.016	1	CCDC142	c16
0.613227802224577	-0.698717656817472	0.348	0.31	1	DNAJC3	c16
0.972956640913575	-0.698463832150151	0.054	0.053	1	P3H1	c16
0.00231393733538698	-0.698448435974543	0.117	0.142	1	LACTB2	c16
0.373929761790612	-0.698447665830214	0.042	0.047	1	SLC37A1	c16
0.493204859344222	-0.698296382503927	0.166	0.167	1	COPS7A	c16
0.363318359319509	-0.698074792066449	0.019	0.016	1	RFC3	c16
0.0822120051324317	-0.697915652681076	0.04	0.032	1	RCBTB1	c16
0.300896478376811	-0.697414915150539	0.153	0.141	1	SLC35E3	c16
0.575763544105115	-0.69700808706734	0.021	0.019	1	SS18L1	c16
0.00788377856884472	-0.696956149824315	0.274	0.23	1	EIF4G1	c16
0.0476039243451462	-0.696885586959092	0.641	0.473	1	LAMTOR1	c16
0.00678431262715775	-0.696693835998823	0.546	0.424	1	HSPA5	c16
0.000296968976867592	-0.696045850312953	0.024	0.014	1	EDARADD	c16
0.970327018552119	-0.695353540360989	0.013	0.013	1	COL6A1	c16
5.4060101687125e-05	-0.695100957434446	0.139	0.105	1	ZMYND8	c16
0.454714450647079	-0.694801137279461	0.016	0.014	1	MEGF8	c16
0.0551243644086966	-0.694714754504513	0.083	0.07	1	HEATR6	c16
0.190745379145452	-0.69430063591459	0.265	0.237	1	DERL1	c16
0.529571198999622	-0.694184457417548	0.242	0.222	1	NDUFV3	c16
0.010182781599076	-0.694076639879094	0.064	0.05	1	SZT2	c16
7.51685382221876e-54	-0.694071954071121	0.135	0.048	2.75124366747029e-49	SLAMF7	c16
0.458538570937631	-0.693793759308476	0.083	0.088	1	AGPAT3	c16
0.252118746665574	-0.693643432726899	0.064	0.071	1	NRROS	c16
0.066058961348651	-0.693510910712973	0.149	0.131	1	APC	c16
0.381731655078814	-0.693481685241348	0.011	0.013	1	CCDC15	c16
0.426261076596971	-0.693298096401191	0.032	0.029	1	TMEM63B	c16
0.64538939374598	-0.693247880366945	0.203	0.2	1	PRKAR1A	c16
0.00642485680220294	-0.693052430697848	0.138	0.16	1	SLC39A1	c16
0.449021144929666	-0.692869598159727	0.18	0.168	1	JKAMP	c16
7.97100986252889e-05	-0.692403914981936	0.183	0.144	1	ZNF217	c16
0.942814554663254	-0.692393188003118	0.058	0.058	1	NUP85	c16
0.000268159027596725	-0.692062231503493	0.071	0.05	1	ZBTB40	c16
0.813936813451301	-0.691916519858492	0.021	0.022	1	MTUS1	c16
0.00695302608861965	-0.690701868270448	0.016	0.01	1	IQCH-AS1	c16
0.660338889991906	-0.690585806620504	0.052	0.049	1	KLHL12	c16
0.504343521786235	-0.690330559862935	0.212	0.21	1	UBE2D1	c16
0.00355024542931423	-0.69024470155917	0.153	0.126	1	HIPK3	c16
0.218473236525654	-0.689971858620628	0.097	0.087	1	TLE3	c16
0.470680119616143	-0.689606621419462	0.036	0.033	1	PHKA2	c16
0.897012223713594	-0.689593302173847	0.165	0.16	1	TNPO1	c16
0.546092950161425	-0.689298108621648	0.016	0.014	1	RCN3	c16
0.300458649809585	-0.689129880787657	0.08	0.073	1	SLC35A1	c16
0.00339590080254676	-0.688875068661889	0.138	0.112	1	FBXW11	c16
2.62781528015428e-06	0.688801284788196	0.01	0.003	0.0961806670689268	B3GAT2	c16
6.30739259878256e-08	-0.688603518240339	0.104	0.068	0.00230856876508041	BTAF1	c16
0.000344724698766522	-0.688553453112352	0.09	0.067	1	SEL1L3	c16
0.131684382614611	-0.688060745449535	0.369	0.317	1	SPCS3	c16
0.0197023825353929	-0.687969375437044	0.197	0.169	1	PTPN11	c16
0.139848566177647	-0.687700182468609	0.635	0.488	1	SQSTM1	c16
0.00122050978405232	-0.6876434326931	0.1	0.077	1	PHRF1	c16
0.173231860503342	-0.687310081136532	0.09	0.08	1	WDR55	c16
0.0387408035794963	-0.686764325756656	0.06	0.049	1	C2CD5	c16
0.313926170585138	-0.686680858145861	0.096	0.088	1	RAB35	c16
5.12834173858968e-05	-0.686361357588439	0.674	0.513	1	BLOC1S1	c16
2.14912004795695e-34	-0.68616791350837	0.167	0.078	7.86599428752724e-30	SLF1	c16
1.96248429940228e-06	-0.68612766672439	0.166	0.123	0.071828887842423	TUT7	c16
0.587216442047017	-0.685814528096663	0.047	0.045	1	ZC3HC1	c16
0.960171859302191	-0.685690340679251	0.027	0.027	1	LIG4	c16
0.297573056497094	-0.685634666018497	0.013	0.011	1	ZNF595	c16
0.0342102383709017	-0.685502187449229	0.036	0.028	1	MSANTD3	c16
4.28936410594009e-05	-0.685105077151925	0.203	0.158	1	ARPP19	c16
0.068397708872137	-0.685102078799183	0.037	0.047	1	THTPA	c16
0.00143582798273055	-0.684983889868544	0.034	0.022	1	ZNF34	c16
0.725026246751092	-0.68435142454379	0.167	0.159	1	AP3D1	c16
0.113054908678795	-0.684323444814943	0.578	0.447	1	MDH1	c16
0.576083013143616	-0.684279349037521	0.328	0.299	1	BLOC1S2	c16
0.0147281621630557	-0.683955534658296	0.004	0.01	1	MFSD2A	c16
0.633234735364462	-0.683932086348214	0.105	0.101	1	YIPF6	c16
5.05691635069448e-06	-0.683604566040943	0.052	0.031	0.185088195351769	CTPS1	c16
7.84033042642367e-06	-0.683139033372492	0.014	0.006	0.286963933937533	LINC00299	c16
0.786577592889294	-0.683133695545423	0.023	0.024	1	ACACB	c16
0.436091541167648	-0.682864018017385	0.069	0.064	1	PPME1	c16
0.036162745625905	-0.68135038359599	0.023	0.032	1	OTUD1	c16
0.570789015541758	-0.681147093367323	0.498	0.398	1	UPP1	c16
0.000577944194610939	-0.681060601748862	0.13	0.102	1	MCM3AP	c16
0.2742352624154	-0.680631140409342	0.458	0.386	1	MCL1	c16
0.119775853549354	-0.680607660828084	0.248	0.22	1	COPA	c16
0.181581305174986	-0.680319429114572	0.057	0.064	1	AC105446.1	c16
0.00630071358294697	-0.679733956984016	0.358	0.298	1	SEPTIN2	c16
0.000191082555815198	-0.679302633453455	0.043	0.027	1	ZNF407	c16
0.927603475515353	-0.678491432673252	0.025	0.025	1	DTWD2	c16
0.000176117748564093	-0.67839199458925	0.057	0.038	1	CDK8	c16
0.0597748543578999	-0.678341329566242	0.175	0.189	1	HADH	c16
0.00299094779611055	-0.67777272014412	0.117	0.095	1	MTAP	c16
0.0938763971847084	-0.677443749370134	0.237	0.243	1	TMEM167A	c16
0.0566307627459105	-0.677157566011809	0.027	0.02	1	MIER3	c16
0.643442322241866	-0.676915332938604	0.351	0.312	1	CISD3	c16
1.54164752647183e-05	-0.67655031821466	0.129	0.095	0.564258411163953	NSF	c16
0.138314275857474	-0.676279490551711	0.037	0.031	1	UBN2	c16
0.497053745719978	-0.676135082534104	0.58	0.45	1	TMED10	c16
1.69893896910168e-07	-0.67537226405906	0.057	0.033	0.00621828652080906	HELZ2	c16
0.131571480655357	-0.674785618736601	0.071	0.062	1	TBL1X	c16
0.00647365365323927	-0.674764631522175	0.053	0.039	1	AC006504.5	c16
0.0135739810939834	-0.674722828971218	0.028	0.02	1	SLC10A7	c16
0.00778857206009045	-0.674682665918929	0.062	0.08	1	MECR	c16
0.912419174900079	-0.674640703414997	0.024	0.025	1	FGFR1	c16
0.0433057183681325	-0.674494161919351	0.272	0.235	1	DOCK2	c16
6.19078256569768e-05	-0.674161803812384	0.093	0.067	1	TRAPPC6B	c16
0.131209486843194	-0.673966337551151	0.055	0.064	1	IFI27L1	c16
0.472035555421568	-0.673690012364321	0.055	0.059	1	LIN7C	c16
0.45377327009562	-0.67362308874239	0.091	0.086	1	FBXO22	c16
0.0365085415185393	-0.673408738895124	0.612	0.466	1	FKBP1A	c16
6.72236778696403e-62	-0.673314491721352	0.189	0.071	2.46045383370671e-57	IL2RB	c16
0.20788655909631	-0.673204331451886	0.26	0.26	1	HADHB	c16
0.652490792509114	-0.67297975850896	0.171	0.172	1	MED8	c16
0.387113261369027	-0.672772871236258	0.034	0.038	1	ZDHHC2	c16
3.27191224807636e-05	-0.67265077503954	0.025	0.013	1	STXBP4	c16
0.00472379939144306	-0.672616781534476	0.303	0.254	1	RIOK3	c16
0.173030908815255	-0.672197800095127	0.252	0.225	1	HNRNPAB	c16
0.27546745729875	-0.67180262035372	0.178	0.163	1	SEC22C	c16
0.0165713170202703	-0.671531306998385	0.02	0.013	1	MIR181A1HG	c16
3.25990005354428e-05	-0.671251770137229	0.012	0.005	1	CCR8	c16
0.853147496758557	-0.671157929596946	0.035	0.036	1	CEP57L1	c16
0.023874107358623	-0.670795143523175	0.043	0.033	1	TMOD2	c16
0.749192288824992	-0.670486396535688	0.244	0.229	1	FLII	c16
0.812368387576752	-0.67005020926462	0.019	0.018	1	NICN1	c16
6.28003787848439e-06	0.66968477402508	0.017	0.007	0.229855666390407	RASSF1-AS1	c16
0.000146644188441091	-0.669537697140447	0.41	0.324	1	ID2	c16
0.566618193895636	-0.669274529957203	0.011	0.01	1	ZNF888	c16
0.0085484439817798	-0.669237573587019	0.027	0.018	1	TCF19	c16
0.0324130288855516	-0.668386426051804	0.01	0.006	1	N4BP2L2-IT2	c16
0.494284440166356	-0.668382352931566	0.01	0.008	1	ZNF81	c16
0.0103858469205899	-0.667757191535069	0.669	0.506	1	BSG	c16
0.0186370131682944	-0.667548392196332	0.058	0.045	1	FAM50B	c16
9.81656073137794e-13	-0.66650837392118	0.1	0.056	3.59295939329164e-08	ATAD2	c16
0.0353855288201574	-0.666360195467973	0.006	0.012	1	RPS6KL1	c16
0.604580232650389	-0.666153054685363	0.037	0.035	1	PIGN	c16
0.041536419563888	-0.666137496532778	0.032	0.024	1	ACAD10	c16
0.00305246832442256	-0.66545388981589	0.019	0.011	1	TVP23C	c16
0.00350556713844701	-0.665311103931638	0.052	0.038	1	INTS9	c16
0.650466912886428	-0.664931979147986	0.058	0.056	1	BBS7	c16
0.036978406230741	-0.664373882019708	0.023	0.016	1	CEP126	c16
0.8163552642891	-0.664295178894292	0.101	0.102	1	ZDHHC7	c16
0.335451914704422	-0.663954259403811	0.017	0.014	1	LINC01006	c16
0.604130928801205	-0.663934567753441	0.019	0.02	1	TMTC2	c16
0.460819278860173	-0.663753208382095	0.064	0.06	1	ZBTB33	c16
0.425477637498401	-0.663724677334986	0.079	0.074	1	DHDDS	c16
0.256668169471119	-0.66363148465132	0.044	0.038	1	ATP11C	c16
7.55777397857147e-06	-0.663125843843309	0.189	0.145	0.276622085389694	ETNK1	c16
0.14098952980941	-0.662755210175441	0.036	0.03	1	ARMC2	c16
0.000148754756331202	-0.662472761640849	0.123	0.093	1	POLK	c16
0.0126276553444863	-0.662338571144492	0.075	0.059	1	DCTN5	c16
2.35483332785307e-05	-0.662204617137155	0.072	0.049	0.861892546327504	RAB30-DT	c16
0.000589250846025769	-0.661938290679719	0.059	0.042	1	TTN-AS1	c16
0.127437052829612	0.661705641139269	0.013	0.01	1	TSKS	c16
0.440635553615896	-0.66129965363244	0.249	0.241	1	TFPT	c16
0.380628786277029	-0.661015334611305	0.107	0.099	1	PI4KA	c16
0.442909533169745	-0.660720882350666	0.027	0.03	1	ZDHHC8	c16
0.0988878649175406	-0.660618015089026	0.066	0.077	1	VARS	c16
0.696540437612746	-0.660054021093191	0.086	0.082	1	ANAPC7	c16
0.213033738537125	-0.660006757953842	0.134	0.123	1	GMFB	c16
0.00114503423354316	-0.659704602282211	0.028	0.017	1	VAV3	c16
0.00259893752446155	-0.659488892918058	0.229	0.19	1	NCK1	c16
1.00166393579397e-20	-0.659420911975075	0.061	0.024	3.66619017139952e-16	CDCA7	c16
1.22746221736777e-05	-0.659319641447982	0.123	0.089	0.449263446178776	NNT	c16
0.242442298681948	-0.659231274675768	0.267	0.263	1	MTCH2	c16
2.21859641440865e-06	-0.658319333057132	0.13	0.093	0.081202847363771	NEK7	c16
2.20071887720376e-05	-0.657913082215302	0.247	0.194	0.805485116245347	ITGAE	c16
0.00397533330177278	-0.657755568025998	0.069	0.052	1	LYSMD3	c16
0.446040127289831	-0.657615172034761	0.024	0.021	1	MCU	c16
0.00501351377473982	-0.657558439454643	0.021	0.013	1	AC007216.4	c16
4.32305501644818e-24	-0.657485576917827	0.156	0.081	1.5822813665702e-19	SLC4A7	c16
0.000623084717854659	-0.65732652168106	0.254	0.209	1	PJA2	c16
6.07778468510635e-05	-0.656852665199719	0.246	0.196	1	CELF1	c16
0.0302450081672152	-0.656812162079544	0.076	0.063	1	TVP23B	c16
0.0139051743303896	-0.656735084303978	0.207	0.177	1	UBQLN1	c16
0.271019605204468	-0.656674919935521	0.011	0.008	1	C5orf30	c16
0.051200288227382	-0.656327832599023	0.097	0.083	1	CHM	c16
0.218876169467062	-0.655963393269871	0.038	0.033	1	GBA2	c16
0.0660456806355865	-0.655286368307813	0.042	0.052	1	PEX7	c16
2.31297406689415e-07	-0.655215632711781	0.334	0.256	0.00846571638223928	NRDC	c16
1.07233999497308e-07	-0.655048845236219	0.212	0.156	0.00392487161560097	HERC2	c16
0.0758515744638375	-0.654963013048766	0.588	0.471	1	MTPN	c16
0.244469826014736	-0.654782103401571	0.362	0.312	1	OS9	c16
0.415144261505421	-0.654473249418049	0.252	0.229	1	MLX	c16
0.100518378083226	-0.654398886802053	0.179	0.192	1	MCFD2	c16
9.70160838525588e-07	-0.653770212179764	0.111	0.077	0.035508856850875	MBNL2	c16
0.00762977149735152	-0.653719296645182	0.105	0.126	1	DHRS3	c16
0.702101163278709	-0.653619404442316	0.143	0.144	1	TXNDC11	c16
0.710037155902154	-0.653417937748605	0.02	0.019	1	CEP76	c16
0.883759340791308	-0.653314406667366	0.082	0.081	1	AKT1	c16
0.43085652391334	-0.653275999178306	0.158	0.161	1	QDPR	c16
0.113673856570948	-0.652921512703152	0.052	0.043	1	GALNT10	c16
3.207932219192e-21	-0.652819164353416	0.396	0.263	1.17413527154646e-16	VPS13C	c16
0.350071271099504	-0.652786268836085	0.061	0.067	1	DBR1	c16
0.000113596775530673	-0.652695010108152	0.09	0.065	1	FAM199X	c16
0.136605525945051	-0.652478700456958	0.038	0.031	1	HSDL1	c16
0.939198755079321	-0.652427597010263	0.455	0.379	1	VKORC1	c16
0.0777214801634498	-0.652269227998449	0.064	0.054	1	SAMD8	c16
0.264180684178679	-0.651672360075343	0.175	0.16	1	MAT2A	c16
0.425706463392391	-0.651636686232886	0.198	0.185	1	LRRFIP2	c16
0.0444391303889522	-0.651073288097086	0.021	0.03	1	AL139260.1	c16
1.36280624426391e-06	-0.650941280457963	0.07	0.045	0.0498800713463035	ZNF808	c16
0.570809212846235	-0.650862431972657	0.566	0.454	1	ACTR2	c16
0.83832551662928	-0.650652839904593	0.06	0.058	1	MGME1	c16
0.00322554223167433	-0.650485666467624	0.142	0.116	1	TWF1	c16
0.0396826337996479	-0.650413285189558	0.051	0.041	1	SLC38A9	c16
0.744122807443756	-0.650309703991918	0.4	0.343	1	CIAO2A	c16
0.0234498906344248	-0.649958837855434	0.065	0.052	1	SLC25A16	c16
0.00475088704978672	-0.649484744339926	0.142	0.117	1	MARS	c16
0.008912868292916	-0.649293045393012	0.095	0.077	1	TFIP11	c16
0.763866172670352	-0.649270213045336	0.01	0.011	1	NUF2	c16
2.39037275928753e-08	-0.64910461638823	0.035	0.017	0.00087490033362683	AC008969.1	c16
0.383198586363555	-0.649085341730392	0.09	0.083	1	SAC3D1	c16
4.5739335865518e-07	-0.648765038066963	0.094	0.135	0.0167410543201382	PLCG2	c16
0.943599280830571	-0.648555551202944	0.197	0.191	1	GINM1	c16
1.68717775673303e-07	-0.648500222072735	0.095	0.062	0.00617523930741858	MRE11	c16
0.000845903295711976	-0.648140545245782	0.121	0.095	1	UBA6	c16
0.449521547223073	-0.648038627635326	0.027	0.03	1	RNLS	c16
0.50612278432776	-0.64715037769575	0.142	0.145	1	SNX27	c16
0.841686357713439	-0.647015344042521	0.11	0.111	1	SNX4	c16
0.0924275690481039	-0.64694221961099	0.205	0.183	1	TRIM27	c16
0.477488820823475	-0.646747736154938	0.023	0.021	1	CDKN3	c16
2.36410532875706e-05	-0.646088569814539	0.077	0.053	0.86528619137837	NCBP1	c16
0.0399537675918341	-0.645664289466553	0.022	0.016	1	SLC12A2	c16
0.285636859769412	-0.645381213536987	0.306	0.27	1	ORMDL2	c16
0.949147336740434	-0.645201673002965	0.052	0.052	1	EEF2KMT	c16
0.44562274855659	-0.645005368840213	0.127	0.12	1	SETD3	c16
2.7143626562847e-09	-0.644740412593882	0.824	0.629	9.93483875826764e-05	LRRFIP1	c16
0.766016706286482	-0.64427039275369	0.083	0.081	1	LPCAT3	c16
0.00499828949475974	-0.643653022792687	0.075	0.058	1	FBXO38	c16
0.131905693124629	-0.643341733706885	0.039	0.032	1	ACOX3	c16
0.156347151027798	-0.643181380621303	0.064	0.055	1	SBNO2	c16
3.68898591363257e-45	-0.642877658809542	0.12	0.043	1.35020573424866e-40	CLSTN3	c16
0.0173345733847437	-0.642568130710654	0.113	0.094	1	GBF1	c16
0.00164896206892672	-0.641910508827972	0.175	0.143	1	B4GALT1	c16
0.726088268541189	-0.641639828032143	0.302	0.278	1	YIF1A	c16
0.107569911235347	-0.641087405041196	0.02	0.015	1	CCDC71L	c16
2.95661495907725e-06	0.640689716320385	0.01	0.003	0.108215064117187	FAM43A	c16
0.0971815147212989	-0.639795519837339	0.044	0.036	1	STK39	c16
0.747238114669414	-0.6394760109525	0.572	0.443	1	PTPN6	c16
0.050984861960567	-0.63914434153165	0.149	0.13	1	STAT2	c16
3.18516319416387e-06	-0.639123663135566	0.013	0.005	0.116580158069592	AC139887.4	c16
0.386183131218162	-0.639098174854989	0.08	0.074	1	SMAD5	c16
0.0983925146533111	-0.638814644891133	0.021	0.016	1	NIPA1	c16
9.07669700406647e-07	-0.638648677079923	0.274	0.209	0.0332216187045837	GPR65	c16
1.41602350293873e-05	-0.638372318529723	0.102	0.072	0.518278762310603	CRKL	c16
0.98503582539332	-0.638267293333105	0.69	0.505	1	TUBB	c16
0.987486046655668	-0.637997295929122	0.065	0.066	1	ABHD10	c16
0.0200848573620755	-0.637971647622359	0.216	0.186	1	SEC61A1	c16
0.515769983556077	-0.637928795264506	0.014	0.012	1	CPB2-AS1	c16
0.422056895663375	-0.637143358341442	0.131	0.137	1	GPN3	c16
0.000138847457723408	-0.636297520358862	0.144	0.112	1	GIGYF2	c16
6.65259499949078e-05	-0.636208199018707	0.093	0.067	1	RALGAPB	c16
0.120215503644594	-0.635812276572437	0.039	0.047	1	DUSP10	c16
0.854428558548041	-0.635772199657053	0.097	0.097	1	NT5C2	c16
0.160352662785211	-0.635721113038334	0.2	0.181	1	SAR1A	c16
0.5579786119194	-0.635645795339315	0.062	0.066	1	EMC1	c16
0.000796320097295348	-0.635627899689357	0.046	0.031	1	SELENOI	c16
0.121050342089274	-0.635520091611034	0.011	0.016	1	ARHGEF5	c16
1.40727017194819e-07	-0.635511019293826	0.319	0.245	0.00515074955634757	GOLGB1	c16
0.201547021120284	-0.635412255362527	0.079	0.07	1	BTBD10	c16
0.00490540108768382	-0.634851154177061	0.09	0.072	1	TBC1D23	c16
0.0677868462902112	-0.634821113961514	0.028	0.022	1	NEMP1	c16
0.44357911466104	-0.634648891752863	0.105	0.098	1	AARS	c16
0.170591057972364	-0.634515848783051	0.104	0.093	1	STT3A	c16
0.439439847746706	-0.634350672558209	0.149	0.154	1	NUBP1	c16
0.000554768997936717	-0.634018765524021	0.043	0.029	1	FOXK1	c16
0.000375842628068888	-0.633946913105334	0.112	0.086	1	SEC23A	c16
1.50435107308321e-10	-0.633814686250676	0.172	0.117	5.50607536259185e-06	ASXL2	c16
8.49662517992916e-10	-0.633207142097419	0.024	0.009	3.10984978210587e-05	TRGV2	c16
5.04967628786741e-49	-0.633192257384714	0.947	0.737	1.84823201812235e-44	RNASEK	c16
0.0872556418063019	-0.633099434594043	0.039	0.031	1	HCFC2	c16
5.05805119074441e-07	-0.632902827156252	0.122	0.085	0.0185129731632436	PCNT	c16
0.358091968449454	-0.632806963504959	0.016	0.013	1	CHTF18	c16
0.568715887691595	-0.632274964229453	0.133	0.136	1	GALK1	c16
0.826583245717607	-0.632127887452532	0.024	0.023	1	SRGAP2B	c16
0.58581457538688	-0.632038810194454	0.081	0.084	1	SERTAD2	c16
0.020021128311392	-0.632010728723706	0.013	0.008	1	AC090114.2	c16
5.39710356399803e-08	-0.631499536630128	0.207	0.149	0.00197539387545892	INSIG1	c16
0.0542237706526285	-0.631360071688968	0.037	0.029	1	DHX57	c16
0.787929428229099	-0.631320104139063	0.063	0.065	1	SNX18	c16
0.194888698810374	-0.631314053152727	0.245	0.22	1	PDIA4	c16
0.50393500883023	-0.631186089710437	0.12	0.124	1	RFK	c16
0.223898051753501	-0.630883914782158	0.567	0.442	1	SNX3	c16
0.265605388990654	-0.630588758128932	0.037	0.032	1	CNOT6	c16
0.522519435658006	-0.629488729299983	0.045	0.041	1	GORAB	c16
0.177724816020512	-0.629219019729172	0.28	0.248	1	PSMD1	c16
0.926324250682723	-0.629206821582504	0.057	0.057	1	C16orf70	c16
1.01531356855863e-05	-0.629070283460508	0.056	0.035	0.371614919228144	NUP155	c16
5.10380474186446e-05	-0.629027094893425	0.174	0.136	1	UBE4A	c16
0.000642455487486489	-0.628794135095327	0.298	0.244	1	RAB6A	c16
0.101517118491868	-0.628732102347131	0.006	0.01	1	KCTD3	c16
0.31732972667834	-0.628694317937051	0.075	0.068	1	SRBD1	c16
5.46501449014692e-11	-0.628632423282505	0.769	0.597	2.00024995353867e-06	ARPC5	c16
0.0137522734833943	-0.628563403670979	0.014	0.009	1	FANCC	c16
0.000623261699146851	-0.628449906387153	0.071	0.052	1	TUBGCP3	c16
0.0293547629876309	-0.628398138968558	0.112	0.094	1	SMC2	c16
0.54281084648036	-0.628338736426735	0.025	0.028	1	DNAL1	c16
0.402286583524652	-0.628254335787373	0.1	0.093	1	COP1	c16
2.64524349282728e-34	-0.628102142814454	0.911	0.734	9.68185570809711e-30	ANXA1	c16
1.40529239606857e-05	-0.627995670758802	0.076	0.051	0.514351069885056	TFCP2	c16
0.320256930669826	-0.627880819294679	0.033	0.029	1	BAHD1	c16
0.22343088290242	-0.627268838848283	0.02	0.025	1	TAF5L	c16
0.634536266119979	-0.62690837048079	0.038	0.041	1	C4orf33	c16
9.35978135391236e-05	-0.626880285694318	0.792	0.604	1	CD44	c16
0.142919379342341	-0.626775096455195	0.142	0.153	1	DLD	c16
0.0140489058216172	-0.626628877545971	0.065	0.081	1	TMEM150A	c16
0.0835593971874763	-0.626522296392792	0.033	0.026	1	TYW5	c16
0.00130178001194664	-0.62616080770885	0.025	0.015	1	AC092279.1	c16
0.325217868436446	-0.625247699541901	0.175	0.161	1	MCUR1	c16
0.0380606804553158	-0.624981135665985	0.058	0.047	1	HS2ST1	c16
0.000106005503525782	-0.624714824966282	0.095	0.07	1	ZNF267	c16
0.516658334452366	-0.624561912732106	0.107	0.111	1	C1GALT1C1	c16
3.81071114201903e-08	-0.624159623111836	0.05	0.028	0.00139475838509038	TMEM135	c16
0.863965301456821	-0.623940528757386	0.273	0.257	1	KAT8	c16
0.000145585965453559	-0.623612698592505	0.153	0.12	1	PDXDC1	c16
8.2482022860557e-14	-0.623491120452873	0.111	0.064	3.01892451871925e-09	ZNF791	c16
0.00863260631525741	-0.623098109475076	0.103	0.083	1	OTUD4	c16
0.603337812105264	-0.62302653864709	0.1	0.103	1	WASHC5	c16
0.000237198092029721	0.622698816714698	0.021	0.012	1	RBM11	c16
0.631554033762963	-0.622414927504917	0.222	0.207	1	FAM50A	c16
0.469976924924898	-0.62239248933904	0.027	0.024	1	ZNF282	c16
0.000285923863807381	-0.621712072183191	0.029	0.017	1	AL390728.5	c16
0.01796428680508	-0.621182007743431	0.168	0.144	1	PDPK1	c16
0.287368524864736	-0.620875342319368	0.133	0.122	1	ZDHHC20	c16
0.00383917003351274	-0.620868281695931	0.095	0.075	1	DIP2B	c16
0.000669184306648829	-0.620867675044966	0.109	0.084	1	SEC23IP	c16
0.000572963574275842	-0.620821929608872	0.057	0.04	1	TSTD2	c16
0.989331081953488	-0.620766556355288	0.074	0.074	1	RMND1	c16
0.35783448548082	-0.620670161103525	0.045	0.049	1	ZNF576	c16
0.133700788046689	-0.620601873937184	0.05	0.059	1	SLC35A2	c16
4.39035111362288e-05	-0.620309215212861	0.237	0.188	1	USP8	c16
0.143952548378729	-0.620249367810903	0.027	0.022	1	FANCD2	c16
0.934259663808922	-0.619451929282268	0.144	0.142	1	TGIF1	c16
0.907389359884989	-0.619401104421382	0.08	0.079	1	SLC12A7	c16
0.0012096201676078	-0.619152811750662	0.093	0.072	1	OSBPL2	c16
0.0450604686617242	-0.619066576113438	0.174	0.152	1	RABIF	c16
0.445579573251216	-0.618396882290393	0.023	0.02	1	MYO15B	c16
0.0182874962490525	-0.618376526336191	0.055	0.043	1	MLH3	c16
0.300389383713909	-0.617955177750461	0.035	0.04	1	NMNAT1	c16
1.24162774192971e-09	-0.617851033242724	0.217	0.154	4.54448169823695e-05	EPS15	c16
0.115556346293872	-0.617791122387414	0.019	0.014	1	ZNF79	c16
0.716627989513148	-0.617699584179751	0.014	0.013	1	ZNF597	c16
0.00126080504651322	-0.617512288409401	0.14	0.112	1	NAPG	c16
4.81121647807285e-17	-0.617465307036315	0.157	0.091	1.76095334313944e-12	SAMSN1	c16
0.0110744687890658	-0.616792847375607	0.233	0.198	1	PRNP	c16
0.796097045302915	-0.61637578804566	0.012	0.011	1	PRICKLE4	c16
0.0229841985144134	-0.616227508401575	0.083	0.068	1	PDPR	c16
0.0370322448315111	-0.615209617149405	0.161	0.14	1	MAGT1	c16
0.221094999593961	-0.615182357746249	0.062	0.07	1	CNP	c16
0.419546728967685	-0.615101889742306	0.087	0.081	1	VPS35L	c16
1.52094948542023e-08	-0.614552733262367	0.126	0.084	0.000556682721158657	VIRMA	c16
0.303968979101716	-0.614524271850429	0.214	0.196	1	EIF4A3	c16
0.452191936804747	-0.614276473809809	0.039	0.035	1	ZW10	c16
0.00640926683889644	-0.614197174843751	0.049	0.036	1	IKZF2	c16
0.00914732662178154	-0.613901480842438	0.095	0.077	1	PGPEP1	c16
0.666613641983166	-0.613793705337756	0.01	0.012	1	ZNF584	c16
1.37273988743158e-06	-0.613783946257008	0.071	0.045	0.0502436526198833	TRAF6	c16
0.540210681669611	-0.613276826398049	0.122	0.126	1	TM9SF1	c16
0.237419225834879	-0.613231289189971	0.017	0.014	1	HSPA14	c16
0.000495718020446444	-0.613088296389517	0.098	0.075	1	TAF1B	c16
0.158048283408112	-0.612659259332388	0.053	0.045	1	TSC22D2	c16
0.137633675457686	-0.612498371387192	0.025	0.032	1	CMPK2	c16
1.62841452319968e-44	-0.612400534542834	0.6	0.32	5.96015999636316e-40	GZMA	c16
0.160293774694969	-0.611532061110852	0.054	0.046	1	FASTKD1	c16
3.00976830022708e-08	-0.611473089992652	0.108	0.071	0.00110160529556611	ITPR1	c16
0.598883036509965	-0.611400779021111	0.019	0.02	1	FAAP24	c16
1.47423463028082e-18	-0.611129102460345	0.408	0.275	5.39584617029083e-14	SOD2	c16
1.64372403332749e-14	-0.610947030056973	0.049	0.021	6.01619433438195e-10	NOTCH2NLC	c16
1.46183448571288e-05	-0.610741390124496	0.198	0.153	0.535046040115771	RNF168	c16
0.199814484008409	-0.610410479847091	0.319	0.278	1	ERP44	c16
0.88646787117525	-0.610141491673853	0.159	0.158	1	NUDT3	c16
0.285899551629914	-0.609594663754684	0.017	0.021	1	ACTA2	c16
0.270238572217851	-0.609213156935	0.023	0.019	1	CTNNAL1	c16
0.589838449769555	-0.609138646869368	0.073	0.069	1	MBD6	c16
0.000296476600020425	-0.60902705452059	0.308	0.251	1	ZNF106	c16
0.000274829102001384	-0.60900046408328	0.115	0.087	1	SS18	c16
0.00049461952215419	-0.608176274606797	0.149	0.118	1	PLEKHA2	c16
0.892635357175394	-0.608091170634383	0.101	0.099	1	YARS2	c16
0.00140432248246106	-0.608057171832126	0.054	0.039	1	ZNF738	c16
0.945064874668382	-0.607842912835126	0.027	0.026	1	LSM14B	c16
9.45188433275062e-08	-0.607807110157887	0.181	0.131	0.00345948418463006	SLC38A2	c16
0.397712835834704	-0.607340907492097	0.097	0.09	1	RNF41	c16
0.00132618392217139	-0.607203443170004	0.159	0.129	1	CASC3	c16
0.278385491156095	-0.607194010601247	0.257	0.25	1	TNFSF12	c16
0.648126409788674	-0.607129311274207	0.04	0.038	1	PCNX3	c16
0.476503485079303	-0.607103982174964	0.031	0.028	1	ZNF232	c16
0.000182785311769977	-0.606381831535439	0.046	0.03	1	EIF4ENIF1	c16
0.483077138163522	-0.606174212296375	0.372	0.318	1	HCFC1R1	c16
1.72460626268739e-05	-0.606015246483005	0.107	0.077	0.631223138206211	KDM2B	c16
0.00189465747577301	-0.606008629710896	0.07	0.052	1	UBP1	c16
0.000115579711954291	-0.605960123820982	0.083	0.06	1	KDM4A	c16
0.583890084918005	-0.605512779064421	0.041	0.038	1	USP12	c16
0.00152333054478234	-0.605257366960726	0.15	0.121	1	SMC6	c16
0.117661136933943	-0.605139895667297	0.135	0.121	1	PEX2	c16
0.722626315343842	-0.604698405317681	0.017	0.019	1	ZNF616	c16
9.70976473738294e-05	-0.604148120535599	0.067	0.046	1	MEF2D	c16
0.0736868811450251	-0.604040625481846	0.036	0.029	1	JRK	c16
0.307140197496156	-0.604033746485216	0.109	0.116	1	UBE2D4	c16
0.989319672550477	-0.603979309132384	0.034	0.033	1	MRPL30	c16
0.247507077973595	-0.603743174679461	0.113	0.122	1	ST6GALNAC4	c16
0.547926881515625	-0.602944658750865	0.093	0.097	1	DCAF6	c16
0.0170025928320231	-0.602921412807281	0.034	0.024	1	HLCS	c16
0.014878473939812	-0.602840419686571	0.149	0.127	1	LUZP1	c16
0.774897549855748	-0.602609382102508	0.164	0.163	1	ARL1	c16
1.82081728827665e-08	-0.602558165590485	0.014	0.005	0.000666437335682138	CCL3L1	c16
0.0128026152549791	-0.602535269744613	0.06	0.047	1	GUF1	c16
0.0914828819003615	-0.602118529907518	0.62	0.487	1	EIF4G2	c16
0.000288324447062545	-0.601901524064213	0.138	0.107	1	PRR14L	c16
5.38288962332269e-06	-0.601839012802833	0.056	0.035	0.197019143103234	ATG2B	c16
0.0310393248246763	-0.601828657292504	0.219	0.191	1	CSNK1D	c16
0.498601112092082	-0.601732090059206	0.358	0.315	1	ZBTB8OS	c16
0.145083216404248	-0.601710139920556	0.479	0.381	1	ENY2	c16
0.0877687418211331	-0.601571666405886	0.061	0.052	1	ADAT1	c16
0.972352409201624	-0.601246363860226	0.086	0.085	1	AMDHD2	c16
1.1853683275787e-07	-0.601091092452947	0.114	0.077	0.00433856661577081	CLASP2	c16
0.845186911741231	-0.600863491935779	0.062	0.064	1	ACAD9	c16
0.924337716656732	-0.600822936195504	0.019	0.019	1	CHEK1	c16
0.00100430073122781	-0.600603161647519	0.017	0.009	1	POC1B-AS1	c16
0.00360538180746137	-0.600440918864802	0.17	0.141	1	TBC1D5	c16
0.334856698507466	-0.59995380931684	0.097	0.09	1	CANT1	c16
1.66298647606028e-08	-0.599797675217476	0.119	0.079	0.000608669680102824	NSUN2	c16
0.0304420987551562	-0.599458045705203	0.027	0.019	1	ERF	c16
0.140276194047874	-0.599360963105597	0.049	0.041	1	TMED8	c16
1.75886553371887e-15	-0.59890815840128	0.825	0.643	6.43762373996442e-11	TMBIM6	c16
5.22656660753417e-12	-0.598485595867488	0.312	0.224	1.91297564402358e-07	SETX	c16
0.353386105040111	-0.598168582643417	0.043	0.038	1	COX18	c16
0.415150899452961	-0.59810932063455	0.104	0.097	1	UTP6	c16
0.702692834943843	-0.597373687621702	0.054	0.056	1	ELF4	c16
0.810017323940114	-0.59735569713206	0.291	0.273	1	TIMM8B	c16
0.00248355373611487	-0.597312028209162	0.038	0.026	1	AC005261.1	c16
0.0990779623781028	-0.597195998369907	0.105	0.092	1	AL365361.1	c16
0.0767652646604565	-0.596977776141392	0.111	0.097	1	SCO1	c16
7.16234609067027e-06	-0.596886490421941	0.09	0.062	0.262149029264622	USP24	c16
0.0159657527750198	-0.596238224377026	0.048	0.037	1	PRDM4	c16
0.0268091894801311	-0.596123354814971	0.019	0.013	1	AF117829.1	c16
0.41566087536003	-0.595921135103811	0.073	0.068	1	C6orf120	c16
0.883670414145355	-0.595803147354653	0.083	0.082	1	MAD2L1BP	c16
0.64309835223945	-0.595663365411879	0.068	0.071	1	ODR4	c16
0.00240718941397805	-0.595552177968248	0.06	0.044	1	B3GNTL1	c16
0.00948111241490776	-0.595302809210872	0.032	0.022	1	TTLL5	c16
2.65492955019948e-08	-0.59504510742978	0.014	0.005	0.000971730764668513	KHDC1	c16
0.0867190556593607	-0.594996946854859	0.046	0.055	1	ADCK2	c16
0.251520581037788	-0.59366815902994	0.455	0.373	1	CCT5	c16
0.579407132800537	-0.59364245778823	0.247	0.229	1	PIGT	c16
0.420793104482934	-0.59361006669648	0.014	0.012	1	ZNF799	c16
0.123727464043763	-0.593587311336089	0.138	0.123	1	ELOA	c16
8.78422516787256e-05	-0.593100453703313	0.255	0.205	1	COPB1	c16
0.00273465721391029	-0.5927159948242	0.105	0.083	1	SMG5	c16
0.161700735142236	-0.592669494461303	0.032	0.026	1	PDIK1L	c16
2.04206469833072e-13	-0.592611648394206	0.017	0.004	7.47416100236029e-09	KLRC3	c16
0.549312019730359	-0.592419538320081	0.04	0.037	1	SREBF1	c16
0.197779523379927	-0.591876103045182	0.289	0.256	1	ARPC1A	c16
0.581704143215881	-0.591791921790725	0.078	0.081	1	QTRT2	c16
0.148886713918491	-0.59177018715804	0.087	0.076	1	HIF1AN	c16
2.54546315332781e-06	-0.591118845059011	0.105	0.073	0.0931664968749512	ZNF37A	c16
1.85566941972955e-08	-0.591079430897628	0.195	0.14	0.000679193564315213	PPP1R10	c16
0.308349386834411	-0.591031618794251	0.062	0.056	1	KCMF1	c16
0.0101614457988165	-0.591016054715424	0.4	0.322	1	PSMA3	c16
0.13975971522834	-0.590700075981703	0.052	0.044	1	GALNT7	c16
5.36683509613331e-07	-0.590652583325066	0.061	0.037	0.0196431531353575	SMURF2	c16
0.0326825355841959	-0.590240814356277	0.026	0.036	1	CCNG2	c16
0.243289395328691	-0.590151457420269	0.056	0.05	1	SLC25A17	c16
0.110532011460849	-0.589799776446722	0.104	0.092	1	GALNT11	c16
0.0850533968820677	-0.589668249029069	0.37	0.317	1	BNIP2	c16
0.329040532646855	-0.589459827989192	0.097	0.104	1	UTP11	c16
5.49772257754674e-08	-0.589278510892535	0.123	0.084	0.00201222144060788	MKLN1	c16
0.261357461087757	-0.589183953848678	0.078	0.085	1	CETN2	c16
0.138016079479807	-0.589180087571617	0.013	0.009	1	ZNF546	c16
0.705224470069943	-0.58897060094481	0.098	0.095	1	CCDC43	c16
1.49705193558769e-06	-0.588908680220261	0.066	0.042	0.0547935978944449	HECTD4	c16
0.000279082560724329	-0.588675531289306	0.161	0.128	1	BROX	c16
6.44960995757092e-37	-0.588444282372304	0.168	0.078	2.36062174057053e-32	PARP15	c16
5.71542976236473e-08	-0.58762729236424	0.037	0.019	0.00209190444732312	ETV7	c16
0.0245775461631504	-0.587297388114797	0.1	0.083	1	BAK1	c16
0.1157762167668	-0.587098026607631	0.1	0.088	1	TPM1	c16
0.199468274698831	-0.586935201928955	0.3	0.263	1	UQCC2	c16
0.188937791905383	-0.586929669455579	0.127	0.115	1	WBP4	c16
0.0731401788835215	-0.586874800595306	0.102	0.089	1	WDR26	c16
0.744758233299327	-0.586688358057016	0.336	0.307	1	CRTAP	c16
0.0147187594962246	-0.586567386903319	0.134	0.112	1	CAB39	c16
0.276558418796603	-0.58626864887473	0.181	0.168	1	ATP6V1H	c16
4.39730931657288e-16	-0.58622353782123	0.163	0.098	1.60945918295884e-11	SP3	c16
0.525549720347404	-0.586070122108959	0.044	0.041	1	NOP9	c16
9.495682899929e-11	-0.585993368294149	0.719	0.524	3.47551489820301e-06	RNF213	c16
0.00034564005996086	-0.58589217007926	0.046	0.03	1	RAD51B	c16
4.97632940224318e-14	-0.585293848894931	0.186	0.119	1.82138632451503e-09	ANKLE2	c16
1.4019961044071e-70	-0.585271026513375	0.151	0.049	5.13144594174044e-66	SPON2	c16
0.0124380907197842	-0.585169526105613	0.137	0.116	1	TM9SF3	c16
0.0609226156232726	-0.584977277120525	0.196	0.173	1	IL10RB	c16
0.315650003422053	-0.584921779455602	0.138	0.129	1	PAIP1	c16
9.68675085940931e-74	-0.584754429994223	0.156	0.05	3.5454476820524e-69	TGFBR3	c16
8.95106006740084e-06	0.584097566212878	0.01	0.003	0.327617749526938	AC002116.2	c16
6.20013521229231e-12	-0.583806299527383	0.471	0.347	2.26931148905111e-07	AKAP9	c16
0.554631271824545	-0.583795294310882	0.175	0.165	1	MPHOSPH6	c16
0.0673470141161748	-0.583794129182544	0.113	0.099	1	WWP2	c16
0.0015314769884239	-0.583534403690511	0.163	0.134	1	ARMC8	c16
2.48944663718594e-43	-0.58344400104409	0.95	0.746	9.11162363676427e-39	YBX1	c16
0.130590470081231	-0.583343462750843	0.033	0.04	1	DYNC2LI1	c16
3.5247189019265e-13	-0.583015795533264	0.461	0.332	1.29008236529412e-08	DYNC1H1	c16
0.91249353301741	-0.582879351355185	0.042	0.041	1	KIF9	c16
0.343782745511303	-0.582696952359247	0.063	0.057	1	VPS50	c16
8.19060985626485e-11	-0.582672575240266	0.095	0.057	2.9978451134915e-06	NCOA2	c16
0.127888507058767	-0.582217587112454	0.047	0.04	1	RUNDC1	c16
1.17624699003755e-64	-0.582156335824628	0.157	0.054	4.30518160823645e-60	TRAV26-1	c16
0.0047786562640935	-0.581417103143437	0.333	0.277	1	AGTRAP	c16
0.000249740447987457	-0.581194868056213	0.074	0.053	1	WDR7	c16
4.95012686333544e-12	-0.581079710147524	0.21	0.143	1.8117959332494e-07	NIN	c16
0.0855240294953637	-0.580869194773525	0.087	0.075	1	KIF3B	c16
1.44185154741139e-07	-0.580783148270351	0.514	0.384	0.00527732084868043	ROCK1	c16
3.92732651168061e-07	-0.580608046668123	0.081	0.052	0.0143744077654022	TAF2	c16
0.89418304324321	-0.579957398330536	0.067	0.066	1	CDK16	c16
0.0523306523988207	-0.579887788188819	0.06	0.049	1	VIPAS39	c16
6.21059285108241e-10	-0.579764045034441	0.086	0.051	2.27313908942467e-05	SYT11	c16
0.00621955056206965	-0.579609669964722	0.016	0.009	1	CEACAM1	c16
0.368466594400301	-0.579557122585072	0.494	0.398	1	LAMTOR5	c16
5.74375128439666e-23	-0.579156739081168	0.898	0.662	2.10227040760202e-18	ELOB	c16
0.594012084046539	-0.578481713474163	0.205	0.203	1	CHID1	c16
1.20964490096408e-05	0.578405150248649	0.01	0.004	0.442742130201863	GLIPR1L2	c16
0.189094330430415	-0.577893690170455	0.132	0.12	1	SNX14	c16
0.279823419254565	-0.577752714865118	0.042	0.037	1	JHY	c16
0.000465572773488353	-0.577642982966276	0.13	0.102	1	WDFY1	c16
0.777107370102655	-0.57739345893135	0.011	0.012	1	LINC01135	c16
0.424290592151966	-0.577070071117332	0.557	0.43	1	RAB7A	c16
0.808816094588564	-0.577059049608541	0.019	0.02	1	LRRC61	c16
0.0627190736102965	-0.576948152970345	0.055	0.045	1	GXYLT1	c16
0.718267165024758	-0.576929523685087	0.04	0.042	1	NET1	c16
4.48449835256238e-06	0.576531998525194	0.012	0.004	0.164137124202136	ZNF777	c16
4.22319132830431e-05	-0.576529072528089	0.123	0.092	1	ABHD3	c16
0.999202752134299	-0.576275547282418	0.013	0.013	1	NADK2	c16
0.202499679348947	-0.576217514987676	0.068	0.061	1	GOLGA1	c16
6.61074518044492e-05	-0.576088615265215	0.497	0.382	1	TMOD3	c16
0.42454835836249	-0.575950647314328	0.19	0.192	1	ARL4A	c16
0.000305871925922078	-0.575784245696729	0.034	0.021	1	URB1	c16
0.238021654269086	-0.575514238066816	0.031	0.036	1	EEF1AKMT4	c16
0.672605125400149	-0.575491571041463	0.036	0.034	1	PHC2	c16
0.287084118102074	-0.575466790141727	0.024	0.021	1	CUL7	c16
2.04700469952757e-08	-0.575415704395299	0.055	0.03	0.000749224190074086	SENP1	c16
2.05897796145268e-06	-0.575383218016239	0.197	0.149	0.0753606523671296	SUPT6H	c16
0.031970802374941	-0.574565783750346	0.335	0.287	1	ERLEC1	c16
0.0112063687775057	-0.573913642595805	0.013	0.008	1	OVCH1-AS1	c16
0.279809697611298	-0.573590920123582	0.058	0.052	1	IDE	c16
1.14550317175701e-05	-0.573589468030695	0.104	0.074	0.419265615894783	TBC1D20	c16
0.05707112820785	-0.573587643729694	0.057	0.046	1	IRF2BPL	c16
0.0104289151591196	-0.573455550408734	0.213	0.182	1	SLC38A10	c16
4.27601504013598e-07	-0.57287435112216	0.253	0.193	0.0156506426484017	DR1	c16
1.61250126764241e-09	-0.571656509559723	0.191	0.134	5.90191588969797e-05	UBR5	c16
0.0178977755764446	-0.571547683337653	0.028	0.04	1	KCNQ1	c16
0.0118919865272365	-0.571515236393569	0.188	0.16	1	SMAD2	c16
1.13873725425665e-09	-0.571488248937321	0.157	0.107	4.16789222430477e-05	MINDY2	c16
0.531556176117137	-0.571086287557096	0.01	0.011	1	ZNF516	c16
0.000265423393290887	-0.571077553847235	0.1	0.075	1	MAP3K5	c16
8.65771585482438e-05	-0.570933008155004	0.054	0.036	1	ETAA1	c16
0.0805251907064187	-0.570807365735438	0.05	0.041	1	PPRC1	c16
0.0019651126632315	-0.570597239563681	0.127	0.103	1	CUL2	c16
4.06605221032025e-06	-0.570256565648319	0.131	0.095	0.148821576949932	VPS13D	c16
0.25600158420243	-0.569703839238301	0.082	0.089	1	MARCH2	c16
0.0433088464795816	-0.569689099720255	0.018	0.012	1	IKZF4	c16
9.9539053781349e-10	-0.569555278798237	0.13	0.085	3.64322890745115e-05	MGA	c16
0.491604964039086	-0.569326849120584	0.083	0.078	1	PCCB	c16
0.024447648798462	-0.569326301827481	0.113	0.095	1	DCTN4	c16
0.387679394483528	-0.568619190697904	0.093	0.085	1	FKBP2	c16
7.39320161873056e-79	-0.568576893776849	0.378	0.161	2.70598572447157e-74	KLRK1	c16
0.103587279318727	-0.568173685739352	0.013	0.009	1	DPY19L3	c16
9.72820862337383e-32	-0.568052335143091	0.237	0.128	3.56062163824105e-27	KANSL1	c16
0.0274635331596464	-0.567689876593725	0.075	0.061	1	HERC3	c16
9.53815339853602e-09	-0.567550314845227	0.19	0.137	0.000349105952539817	MIA2	c16
0.0154860876021773	-0.56706707504933	0.24	0.204	1	SEPHS2	c16
3.66662253050145e-08	-0.566589612217069	0.427	0.324	0.00134202051238884	DIAPH1	c16
0.0278582801886057	-0.566535743680194	0.046	0.035	1	TIRAP	c16
0.372065781129032	-0.566164022393024	0.119	0.125	1	GNAQ	c16
7.70264980116062e-05	-0.565894908860012	0.077	0.054	1	ADNP	c16
0.750178637568185	-0.565864323356325	0.051	0.053	1	PPP1R14B	c16
0.79369077332818	-0.565234393366525	0.054	0.055	1	CRAT	c16
0.131968367723719	-0.565222313496282	0.529	0.417	1	GNAS	c16
0.0437441432040677	-0.565024123137399	0.019	0.013	1	ZNF441	c16
0.31594023990829	-0.564939757710446	0.644	0.492	1	DOK2	c16
0.256004807193437	-0.564731125872082	0.034	0.029	1	MIPEP	c16
0.00165662688492398	-0.564138634196347	0.076	0.057	1	MAPK8	c16
0.0548401938385871	-0.564033581305413	0.155	0.136	1	HERC5	c16
0.00059910564039308	-0.563898851094037	0.271	0.222	1	EFR3A	c16
0.0335089582647647	-0.563843044596611	0.133	0.115	1	MGRN1	c16
0.626485316442221	-0.563387167832552	0.079	0.076	1	PTS	c16
0.085387094764587	-0.563104188123441	0.022	0.029	1	AC240274.1	c16
6.09247791541273e-07	-0.562939948871643	0.082	0.053	0.0222990784182021	POC1B	c16
6.70032858932233e-05	-0.562678410761237	0.014	0.006	1	SMPD3	c16
5.735688953274e-07	-0.562510621964667	0.068	0.043	0.0209931951378782	BCOR	c16
0.0857311377426056	-0.562449933116675	0.344	0.295	1	PARVG	c16
0.000436360051748211	-0.56197091581488	0.05	0.034	1	FOXJ2	c16
0.00351053165425675	-0.561885435965377	0.07	0.053	1	RBMXL1	c16
0.647273547644452	-0.561806707889035	0.703	0.547	1	CAST	c16
1.41205676976612e-20	-0.561767796862981	0.38	0.254	5.16826898302097e-16	LNPEP	c16
0.102501601189185	-0.561291704834541	0.116	0.103	1	RHOT1	c16
0.105814471210827	-0.561105668839383	0.08	0.069	1	TIMM21	c16
1.61164025734449e-06	0.5610115379097	0.017	0.007	0.0589876450590656	AC008966.1	c16
0.0063759781566957	-0.560708004699819	0.443	0.357	1	MAP1LC3B	c16
8.33007625134627e-10	-0.560643409159661	0.131	0.085	3.04889120875525e-05	LCOR	c16
0.323789324596573	-0.560486245438279	0.036	0.032	1	DHTKD1	c16
1.38740200579015e-07	-0.560399583537845	0.799	0.579	0.00507803008139252	ATP5MC3	c16
0.343541337792383	-0.559999760916305	0.008	0.01	1	KLHL35	c16
0.894355914565636	-0.559742743830345	0.017	0.017	1	TMEM265	c16
0.160323791212616	-0.559383442898246	0.02	0.015	1	ZNF184	c16
0.114737559263779	-0.559261011550364	0.164	0.147	1	MICAL1	c16
1.41614695779252e-18	-0.558545171253098	0.049	0.019	5.18323948021641e-14	MCTP2	c16
3.31376207098428e-09	-0.558378066435472	0.037	0.017	0.000121287005560096	HIST1H1B	c16
0.933537612643245	-0.558162671003659	0.066	0.066	1	MFN2	c16
0.000130637879433151	-0.558133378856508	0.232	0.187	1	USP14	c16
0.000509586402171822	-0.558125387501718	0.502	0.384	1	SLC3A2	c16
3.0681432972239e-16	-0.558059338925783	0.142	0.083	1.12297112821692e-11	ZNF506	c16
1.49999703807297e-73	-0.558017875962947	0.995	0.862	5.49013915905088e-69	SERF2	c16
0.000326586721724418	-0.557667600732988	0.459	0.358	1	RAB14	c16
0.00719586052466064	-0.55749833987768	0.041	0.029	1	PPP1R37	c16
4.3712191897795e-06	-0.557197645345747	0.041	0.024	0.15999099356512	ZNF570	c16
0.756921873478198	-0.557091708571777	0.044	0.045	1	ZNF691	c16
0.00017220356474551	-0.556951323281118	0.17	0.134	1	PPIP5K2	c16
8.31199028620073e-08	-0.556753239057619	0.069	0.042	0.00304227156465233	SENP2	c16
0.00279877490506181	-0.556205561995327	0.139	0.114	1	GOLGA3	c16
0.340377737408816	-0.556189751485452	0.039	0.044	1	IPO13	c16
1.06588507038675e-07	-0.555946821645506	0.208	0.155	0.00390124594612255	USP33	c16
1.94811038016191e-14	-0.555916682323374	0.352	0.247	7.13027880243062e-10	PTBP3	c16
0.616823386085594	-0.555898347692372	0.046	0.044	1	GPR180	c16
0.320926766746566	-0.555892642117403	0.642	0.508	1	COTL1	c16
0.471844123447713	-0.555614482543118	0.111	0.105	1	SLC25A13	c16
1.04639974818182e-10	-0.555452135602854	0.115	0.072	3.82992771832027e-06	VPS13B	c16
4.35955178480359e-34	-0.555430117126146	0.205	0.104	1.59563954875596e-29	MON2	c16
8.72505814220689e-12	-0.555265720739369	0.128	0.08	3.19345853062914e-07	PPIL2	c16
0.989860932609529	-0.554528344449844	0.016	0.016	1	CEP131	c16
0.178186423307231	-0.554456977222417	0.056	0.048	1	FLCN	c16
0.000953730774519073	0.554325607375963	0.012	0.005	1	CAPS2	c16
1.85747920501563e-06	-0.553937690075912	0.064	0.04	0.0679855963827772	HIVEP3	c16
0.00123913399618759	-0.553838905450115	0.06	0.043	1	EYA3	c16
0.719488125005911	-0.553674528451306	0.069	0.067	1	TLNRD1	c16
3.89368265256586e-05	0.553296608571323	0.013	0.006	1	PRRG2	c16
2.99288943377336e-07	-0.553025081031953	0.047	0.026	0.0109542746165539	SPICE1	c16
2.08671297719291e-07	-0.552963250838422	0.042	0.022	0.00763757816782378	TRGC1	c16
0.0150332289842781	-0.552944234953756	0.372	0.314	1	CAPZA1	c16
0.859309395521717	-0.552922505260691	0.041	0.04	1	STRN4	c16
1.88137743169065e-11	-0.552705556454847	0.19	0.128	6.88602953773093e-07	YARS	c16
0.220036956274785	-0.552257804315683	0.105	0.095	1	FADD	c16
0.492222801240063	-0.55213073775357	0.315	0.283	1	COA3	c16
0.213407601377251	-0.551908006733713	0.032	0.027	1	ZNF701	c16
0.0323975944004781	-0.551575690400184	0.213	0.186	1	PDHA1	c16
0.867229946695808	-0.551239684764425	0.047	0.046	1	POMGNT1	c16
0.00745610065074777	-0.551094749206733	0.011	0.006	1	CCDC163	c16
1.66107176521875e-07	-0.550790671606303	0.809	0.583	0.00607968876787716	NDUFB2	c16
6.43878685215232e-08	-0.550614695934009	0.125	0.085	0.00235666037575627	HLTF	c16
0.00131393572393799	-0.550466621241692	0.145	0.117	1	C1orf174	c16
2.32734868018217e-30	-0.550323640232491	0.126	0.057	8.51832890433475e-26	KDM5D	c16
0.817517151832447	-0.550141306705887	0.032	0.031	1	POLA2	c16
0.00218242017625047	-0.550129110238765	0.043	0.03	1	ZNF234	c16
2.176186077653e-22	-0.549951234206382	0.304	0.193	7.96505866281773e-18	BIRC6	c16
0.0111180834002651	-0.549947605211168	0.031	0.022	1	ZFP82	c16
0.00461646149214593	-0.549783546318072	0.142	0.118	1	VAMP4	c16
1.04070820743947e-25	-0.549666353680882	0.124	0.059	3.80909611004921e-21	NEDD9	c16
8.40809119452592e-08	-0.549424465184976	0.106	0.071	0.00307744545810843	PIKFYVE	c16
2.55250336483231e-06	-0.549305256061126	0.089	0.06	0.0934241756562276	CSGALNACT2	c16
1.23570429077533e-07	-0.549284530107385	0.043	0.023	0.0045228012746668	PROSER3	c16
0.000418706752628004	-0.549051567534605	0.127	0.1	1	DNAJC10	c16
0.713488092137671	-0.548896754126353	0.031	0.029	1	ZNF25	c16
0.511763054216802	-0.54858374647957	0.019	0.021	1	ALDH1B1	c16
0.000218907799141391	-0.548563544760539	0.056	0.038	1	ATMIN	c16
2.05583505506399e-05	0.548551411284646	0.01	0.004	0.752456188503972	SNHG4	c16
0.000431369078133426	-0.547949889451772	0.054	0.037	1	LIG3	c16
0.0172713384071162	-0.547649207258993	0.249	0.214	1	PSMD14	c16
0.568508328156641	-0.547231407881814	0.183	0.174	1	SAR1B	c16
0.845574088856704	-0.547215541976993	0.043	0.042	1	C1orf216	c16
0.129981366428363	-0.546419359669964	0.072	0.062	1	MED12	c16
0.715359845025536	-0.546261291554836	0.102	0.099	1	EXOSC3	c16
0.047479553964775	-0.545614716139697	0.167	0.147	1	B3GALT4	c16
2.06940816145242e-07	-0.545213196679302	0.058	0.034	0.007574240811732	BCL2L11	c16
0.000166818191934404	-0.545159792447667	0.167	0.132	1	DHX15	c16
0.0117779662233707	-0.545011338212618	0.058	0.045	1	FAM53C	c16
0.0056438390702703	-0.544708970716085	0.115	0.094	1	TMEM131	c16
0.573681413934226	-0.544028614277511	0.164	0.166	1	NIT1	c16
6.9453642738874e-06	-0.543936241408137	0.011	0.004	0.254207277788553	AL590550.1	c16
7.20611732909002e-10	-0.54356758445066	0.061	0.033	2.63751100362024e-05	NR2C2	c16
4.79404928027367e-06	-0.543561077257343	0.131	0.095	0.175466997707297	KPNA1	c16
1.40321217451434e-07	-0.543441459791144	0.147	0.105	0.00513589687993993	KIFAP3	c16
2.63988093079484e-89	-0.543373264434873	0.264	0.096	9.66222819480218e-85	PTPN7	c16
0.893814156137912	-0.543357282468555	0.133	0.132	1	MID1IP1	c16
0.0225710651143513	-0.542997979705401	0.131	0.112	1	GNL2	c16
8.40214010807395e-05	-0.542845797318952	0.084	0.06	1	SPAST	c16
5.01148477804307e-05	-0.542824448413711	0.057	0.038	1	ULK4	c16
0.990753036878584	-0.542539553504234	0.045	0.045	1	COPG2	c16
6.43954108074468e-08	-0.542473761927095	0.084	0.053	0.00235693643096336	APAF1	c16
0.0926919192734006	-0.542292944606635	0.016	0.011	1	MSANTD2	c16
0.76654943396151	-0.542271159904007	0.025	0.027	1	KMT5A	c16
5.92669711052008e-14	-0.542266406333837	0.16	0.1	2.16923040942146e-09	RBM5	c16
0.00385168147140382	-0.542136054261658	0.068	0.052	1	VPS52	c16
0.000608618311890985	0.542101838436064	0.012	0.006	1	TTLL11	c16
0.00288860321476941	-0.541162859245891	0.19	0.16	1	TM2D3	c16
0.474981939657801	-0.541074152939208	0.038	0.035	1	ZNF268	c16
0.432244779328982	-0.54093396108627	0.028	0.032	1	SPACA9	c16
0.555816666948431	-0.540893207840127	0.02	0.018	1	AL390728.6	c16
5.80814930587227e-07	-0.540867838225579	0.135	0.097	0.0212584072744231	OPA1	c16
0.0175608197674474	-0.540465297758092	0.098	0.081	1	BRAT1	c16
0.0965449457665352	-0.540450453640095	0.027	0.021	1	FAM219A	c16
0.00246488965535851	-0.540396437399504	0.131	0.106	1	ATF7	c16
0.0888111227740441	-0.540129714262753	0.617	0.443	1	CHCHD10	c16
0.00289973231753446	-0.539984395460401	0.076	0.058	1	BTBD7	c16
5.81265386631828e-07	-0.539594586976757	0.086	0.056	0.0212748944161115	E2F3	c16
0.251503880194531	-0.539379756196997	0.599	0.471	1	RAP1B	c16
0.537122840855885	-0.539337487884847	0.044	0.041	1	L3HYPDH	c16
0.0303438137095813	-0.53919985353011	0.087	0.073	1	UBE3B	c16
0.0732533506775817	-0.539000954640787	0.032	0.025	1	LANCL2	c16
1.70616878478947e-05	-0.538586372310611	0.097	0.069	0.624474836920796	TRIM33	c16
7.03707186848105e-07	-0.538497628472258	0.124	0.087	0.0257563867458275	CCDC88B	c16
0.00645740681307281	-0.538495860144466	0.149	0.124	1	LTBP3	c16
1.01127028285308e-06	-0.538442619285266	0.263	0.202	0.0370135036227055	SMC1A	c16
0.727561909275794	-0.538370360479075	0.205	0.204	1	DNAJB12	c16
2.00652467306399e-09	-0.538347829424961	0.246	0.179	7.34408095588152e-05	DHX9	c16
0.324795972077387	-0.538243200304915	0.367	0.315	1	NAA20	c16
0.139881510074643	-0.538055938289907	0.28	0.246	1	ADIPOR1	c16
0.0794005255394373	-0.538023581501199	0.242	0.214	1	ACAT1	c16
0.00136833527229094	-0.537584883602934	0.055	0.039	1	AP4B1	c16
0.987620649657525	-0.537370964231808	0.098	0.097	1	COX15	c16
4.32563255993585e-14	-0.537357777310123	0.162	0.101	1.58322477326212e-09	PRKAA1	c16
7.71264790630149e-05	-0.537337300341624	0.243	0.197	1	HOOK3	c16
0.474002152507109	-0.536837873188735	0.159	0.15	1	DNTTIP1	c16
0.15502828405874	-0.536542300651935	0.024	0.019	1	AFG1L	c16
1.93243809967654e-06	-0.53645417573285	0.097	0.067	0.0707291668862611	HEATR1	c16
0.00314927214146001	-0.536339981427818	0.052	0.037	1	TRAPPC13	c16
0.000282201873108756	-0.536292518720611	0.277	0.226	1	STX4	c16
9.5480043270598e-07	-0.535515356077574	0.048	0.028	0.0349466506374716	MIB1	c16
6.26204763490734e-14	-0.535436699350604	0.13	0.077	2.29197205485243e-09	FOXJ3	c16
3.73046411174938e-08	-0.535270794868767	0.178	0.128	0.00136538716954139	LRPPRC	c16
0.170625486808897	-0.535165701071187	0.013	0.017	1	TMEM191B	c16
0.692634248086344	-0.535082469150574	0.034	0.035	1	PIK3R2	c16
0.792518930497924	-0.535027793478814	0.211	0.207	1	DRAM2	c16
0.00194551281621294	-0.534740450740777	0.128	0.103	1	ILRUN	c16
9.00681993591992e-06	-0.534714228891808	0.043	0.025	0.329658616474605	ZNF605	c16
0.000138153086870563	-0.534360571472534	0.033	0.02	1	ZFP30	c16
1.90653746417635e-05	-0.534309335319526	0.024	0.012	0.697811777263187	YES1	c16
0.00012751635572547	-0.534114684033108	0.532	0.41	1	SPN	c16
0.000386613549865371	-0.533888964428879	0.084	0.062	1	FBXO11	c16
0.83773379999779	-0.533854021473383	0.048	0.047	1	SAMD4B	c16
0.063141896666733	-0.533232613689896	0.023	0.017	1	THAP9-AS1	c16
0.192366124334279	-0.53312202736448	0.073	0.065	1	ZNF780A	c16
0.106069064917907	-0.532972459533692	0.016	0.022	1	POMGNT2	c16
2.45775386510552e-13	-0.532803868004164	0.139	0.085	8.99562492167272e-09	TNRC6A	c16
2.70935973143594e-07	-0.532726050241245	0.192	0.142	0.00991652755302867	GGA1	c16
0.00865847655491263	-0.532722057894085	0.031	0.021	1	ATL2	c16
0.0596514129237363	-0.532548829145822	0.027	0.021	1	ZBTB10	c16
0.00306953604046174	-0.532400386704031	0.158	0.13	1	ARHGEF2	c16
1.40557973313317e-13	-0.532080377227794	0.113	0.066	5.1445623812407e-09	NUP133	c16
0.709123883015807	-0.531754142255509	0.142	0.136	1	UBALD1	c16
0.0360145489599726	-0.531253853534894	0.097	0.082	1	RCN1	c16
0.204177106462075	-0.531226794816979	0.228	0.206	1	CHCHD1	c16
0.437929578071034	-0.530875881643216	0.01	0.009	1	BBS12	c16
0.562811683760644	-0.530812225631224	0.062	0.058	1	ABHD11	c16
0.16998938088791	-0.530258952901227	0.034	0.028	1	DOT1L	c16
2.58925229884713e-39	-0.5302392423156	0.1	0.036	9.4769223390104e-35	TOX	c16
0.0158851561885292	-0.529520853819461	0.318	0.269	1	JOSD2	c16
0.49472892409572	-0.529368161393776	0.03	0.033	1	FAM20B	c16
0.0988104270487418	-0.529202043970828	0.076	0.066	1	GPN2	c16
0.00262363610417648	-0.529014775800848	0.231	0.195	1	PSMD12	c16
3.16094380370381e-08	-0.528326607223541	0.047	0.025	0.00115693704159363	AC245060.5	c16
0.196766117738773	-0.528326545664514	0.274	0.242	1	COA6	c16
0.0415719078986527	-0.528325713969217	0.097	0.083	1	MED7	c16
1.98591987870316e-13	-0.527842484826755	0.258	0.177	7.26866534804145e-09	GSK3B	c16
9.10937634936275e-08	-0.527217252265951	0.27	0.204	0.00333412283763026	GNAI3	c16
0.362852065091509	-0.527180436677887	0.024	0.028	1	CHEK2	c16
0.594219208260032	-0.527116206890187	0.054	0.051	1	TICAM1	c16
0.0460728537267043	-0.526883794039443	0.1	0.085	1	TMEM245	c16
0.0612049548509719	-0.526698833069789	0.152	0.134	1	ITFG1	c16
2.329262905451e-10	-0.526686261711784	0.058	0.03	8.52533516024119e-06	TTC21B	c16
0.00015376341769066	-0.526103018634677	0.052	0.035	1	PHF2	c16
0.709514625821134	-0.526018217316416	0.165	0.159	1	ABHD16A	c16
0.457253989553678	-0.525994939376737	0.587	0.451	1	RAB5C	c16
6.35552970732744e-28	-0.525943341201127	0.06	0.02	2.32618742817892e-23	APOBEC3D	c16
0.00386837385603733	-0.525461641148425	0.035	0.024	1	POT1	c16
0.0113555106427238	-0.525061449345579	0.207	0.176	1	ME2	c16
0.131346372211074	-0.524608628502419	0.026	0.033	1	SORD	c16
4.86102199425703e-14	-0.524416663129714	0.07	0.035	1.77918266011801e-09	FUT8	c16
0.905988521803099	-0.524334981327806	0.065	0.065	1	SEH1L	c16
1.48060814876298e-06	-0.524314444146864	0.077	0.05	0.0541917388528739	ZC3H7B	c16
2.72459415124303e-05	-0.524198953718592	0.075	0.052	0.997228705296462	USP38	c16
0.680632145433228	-0.524178262877435	0.01	0.012	1	TCTN2	c16
1.29730480562879e-06	-0.524108474973737	0.385	0.3	0.0474826531908194	SERINC1	c16
1.25950611424934e-18	-0.524038377715607	0.884	0.657	4.60991832876402e-14	EIF4A1	c16
0.00248705459381485	-0.523711204111421	0.019	0.011	1	RABL2A	c16
4.70449051058371e-06	-0.523650760413493	0.08	0.054	0.172189057177874	CMTR1	c16
0.75456880923269	-0.523322928131364	0.031	0.03	1	RWDD2A	c16
0.0370004789690949	-0.5223548870788	0.06	0.049	1	ANKMY2	c16
0.70708382443235	-0.522281237195386	0.219	0.215	1	COMMD4	c16
0.21778235026287	-0.522176196262456	0.119	0.109	1	RPP38	c16
8.15341818999827e-05	-0.522086029268918	0.036	0.022	1	ZKSCAN8	c16
0.884947713202667	-0.522039781938498	0.128	0.128	1	SLC35B1	c16
2.3797988668569e-05	-0.521852891558765	0.072	0.049	0.871030183258293	PSMD5	c16
0.168670458720789	-0.521469429640514	0.149	0.135	1	SPART	c16
4.82742505702998e-08	-0.521018397097028	0.051	0.028	0.00176688584512354	BTBD9	c16
0.000614804724432314	-0.520853306472091	0.152	0.121	1	ACLY	c16
3.69544713997916e-09	-0.520703639409274	0.185	0.132	0.000135257060770377	PUM3	c16
0.000852622928729485	-0.520571202215335	0.049	0.034	1	ABL1	c16
0.0259994327400173	-0.520366968460332	0.032	0.024	1	CDKL1	c16
9.82368962679029e-12	-0.52035839778235	0.06	0.03	3.59556864030151e-07	KCTD7	c16
2.00952199157667e-05	-0.520227651993641	0.019	0.009	0.735505144136979	NPIPB4	c16
0.547079247312541	-0.520191337013723	0.011	0.01	1	ZNF416	c16
0.97549551456882	-0.520021818145795	0.108	0.107	1	PEX19	c16
0.210541021522746	-0.51984030442363	0.015	0.012	1	GSTCD	c16
0.000874407455938742	-0.519837586703227	0.117	0.092	1	TANGO2	c16
6.8100974774872e-09	-0.519721082218564	0.113	0.074	0.000249256377773509	PDS5B	c16
0.0051456441132064	0.519701014652022	0.019	0.012	1	MMEL1	c16
0.000780557647042877	-0.519620987296377	0.011	0.005	1	NPIPA1	c16
0.192934793149136	-0.519155945261869	0.237	0.215	1	ARSA	c16
0.66762800013874	-0.51911028240391	0.051	0.053	1	SLC25A33	c16
0.252855166204879	-0.518978790798852	0.223	0.205	1	ZDHHC24	c16
4.80611771573388e-07	-0.518237441300368	0.16	0.116	0.0175908714513576	PLCB2	c16
0.383413302316961	-0.518078166925093	0.196	0.183	1	AP1S1	c16
3.75073342382613e-05	-0.517834647929965	0.323	0.26	1	ELOVL1	c16
2.33423239362473e-14	-0.517780709884235	0.876	0.65	8.54352398390589e-10	CALM2	c16
9.91604449033519e-05	-0.517483884864636	0.209	0.168	1	ARCN1	c16
7.97601309504797e-07	-0.517017552345514	0.038	0.021	0.0291930055291851	KLHL11	c16
0.370180699630738	-0.516882437621375	0.009	0.012	1	ETFBKMT	c16
0.72786386090169	-0.51687926260639	0.01	0.011	1	AC008771.1	c16
1.40060043441362e-06	-0.516678608114095	0.144	0.104	0.0512633764999728	IREB2	c16
1.00172110684249e-05	-0.516544231392514	0.06	0.039	0.366639942315419	SLC30A6	c16
0.380498023969411	-0.516521455106625	0.021	0.024	1	LRRC27	c16
0.493103478664333	-0.516457889888589	0.076	0.081	1	RIPK2	c16
0.0124052627274062	-0.516158388870221	0.042	0.031	1	UBE2T	c16
4.00820347666408e-05	0.516098761639824	0.012	0.005	1	ABCB6	c16
0.0800309937657792	-0.516014531426511	0.037	0.03	1	NEK4	c16
0.492874854974296	-0.515861100495663	0.681	0.533	1	CAP1	c16
3.18527931293077e-05	-0.515825805487967	0.101	0.073	1	TBK1	c16
0.0312097951146517	-0.515813692512232	0.053	0.042	1	CBWD5	c16
0.0872347426486436	-0.515740242223192	0.019	0.014	1	PPP1R13L	c16
1.52013481906311e-15	-0.515649722569028	0.224	0.146	5.56384545125288e-11	HIF1A	c16
3.38143859657483e-05	-0.515285288702028	0.051	0.032	1	BTRC	c16
0.000244782625203406	-0.515244405184827	0.065	0.046	1	DROSHA	c16
0.0644790318314839	-0.515200495925963	0.036	0.029	1	PLAGL2	c16
1.97070734397426e-10	-0.515078514845357	0.061	0.033	7.21298594968021e-06	BBS9	c16
0.754594131296087	-0.514865448517747	0.015	0.016	1	SLC30A1	c16
6.13911641478446e-06	-0.514680386575168	0.172	0.131	0.224697799897526	GAPVD1	c16
0.000194809990642155	-0.514570875976974	0.358	0.289	1	RAB8A	c16
0.000752826663247502	-0.514435428785744	0.846	0.635	1	HSP90B1	c16
2.16177799576584e-05	-0.514338664659977	0.016	0.007	0.791232364230254	IRAK2	c16
0.000161339678825292	-0.514272943574664	0.12	0.091	1	HYOU1	c16
0.0453923591577011	-0.513818047580372	0.035	0.027	1	ZNF687	c16
0.045434307501662	-0.513583291179871	0.035	0.027	1	SPECC1	c16
0.00590932431495187	-0.513389738112607	0.052	0.038	1	ZRANB1	c16
0.0162927794036529	-0.513109393210289	0.158	0.135	1	TRIM21	c16
0.000199258728947004	-0.512655525030852	0.124	0.096	1	SP1	c16
7.65288341695121e-05	-0.51263391472404	0.09	0.065	1	UBAP2	c16
1.43451239471265e-12	-0.512517428135502	0.137	0.085	5.25045881588777e-08	UBR1	c16
0.492954207691485	-0.512465449047246	0.079	0.075	1	AP1AR	c16
0.691087788232873	-0.512452225343229	0.017	0.016	1	TIGD2	c16
0.649960122397134	-0.512375041223115	0.083	0.086	1	ARL8A	c16
3.29691264156958e-05	-0.512369318859968	0.38	0.303	1	DNAJB6	c16
1.5009755673054e-05	-0.512161118837384	0.175	0.134	0.549372067389451	PIK3R5	c16
0.020876614192774	-0.512028564629048	0.074	0.06	1	CLOCK	c16
2.60632910135788e-13	-0.511969773743869	0.181	0.118	9.53942514387998e-09	KIDINS220	c16
7.13706653323271e-11	-0.511941744277873	0.106	0.065	2.6122377218285e-06	RELCH	c16
0.000111395093359554	-0.511899300478768	0.416	0.325	1	CASP1	c16
0.000131218181463886	-0.511887097399269	0.073	0.052	1	FAM76A	c16
0.460307529942671	-0.511847779684366	0.028	0.025	1	SPATA2L	c16
0.052294211621067	-0.511607273652297	0.018	0.013	1	ZNF17	c16
0.000263978351011838	-0.511488186568563	0.152	0.121	1	CUX1	c16
0.00446997274703209	-0.511474328006249	0.083	0.065	1	UBE3C	c16
7.84584312535885e-62	-0.511445820667946	0.116	0.035	2.87165704231259e-57	EOMES	c16
0.00326640991166599	-0.511123427490721	0.144	0.118	1	PNPLA8	c16
6.55623105113689e-07	-0.510910986143057	0.059	0.036	0.0239964612702661	ZNF445	c16
1.07888218529203e-103	-0.510898572676316	0.37	0.141	3.94881668638736e-99	CXCR3	c16
0.202888907371841	-0.510536627383046	0.079	0.071	1	NRAS	c16
0.630304656913945	-0.510353374067449	0.696	0.521	1	PRELID1	c16
0.31381935820477	-0.510009632092832	0.017	0.014	1	ZNF845	c16
0.0125643237735018	-0.509623578735971	0.314	0.267	1	SNX5	c16
0.972665513023013	-0.509609333862973	0.053	0.052	1	FAM234A	c16
0.58720835742227	-0.508133210343086	0.018	0.016	1	ZBED6CL	c16
5.30215858550669e-10	-0.508075220699177	0.012	0.003	1.9406430638813e-05	WNT1	c16
0.954463997530596	-0.508063130234019	0.068	0.067	1	CTNNBIP1	c16
0.00192773793619143	-0.5076565956795	0.413	0.33	1	FERMT3	c16
0.0512032707070189	-0.50734223159652	0.43	0.356	1	PFDN2	c16
4.11246108588086e-06	0.507322408127236	0.021	0.01	0.150520188204325	ZNF628	c16
0.0933032069163442	-0.507089199028136	0.076	0.066	1	SHLD2	c16
0.311269449526431	-0.507084927737948	0.291	0.263	1	SMS	c16
6.08554925714428e-16	-0.507008567859728	0.09	0.046	2.22737188360738e-11	FAM126B	c16
0.245175106737017	-0.506494866029495	0.024	0.02	1	PRMT6	c16
3.53450296796266e-07	-0.506331860144575	0.095	0.064	0.0129366343130401	LMBR1	c16
0.000248094845746027	-0.506093390347746	0.012	0.005	1	AC016773.1	c16
0.00123490626282878	-0.505393785020424	0.075	0.056	1	PPP1R12C	c16
3.89643426501519e-09	-0.505134905463	0.164	0.114	0.000142613390533821	DPP8	c16
0.0445870299062102	-0.504895971232744	0.305	0.265	1	CD55	c16
3.30250535583278e-15	-0.504772599975969	0.115	0.065	1.20874998528835e-10	NUP153	c16
0.00743114082107072	-0.504349501149493	0.083	0.066	1	GPATCH2	c16
0.0488748525532175	-0.50396333341506	0.166	0.146	1	RTL8A	c16
0.0297795044799094	-0.503863619202884	0.049	0.039	1	CCDC126	c16
0.894290101446862	-0.50373110333639	0.025	0.025	1	STK35	c16
0.0514149883591443	-0.503730326509888	0.104	0.089	1	SAYSD1	c16
3.87779112631202e-08	-0.503618628354343	0.112	0.074	0.00141931033014146	SEC24B	c16
0.0245319268733568	-0.503452183353153	0.067	0.054	1	ARMH3	c16
0.061145033422169	-0.502874765275179	0.017	0.012	1	ZNF615	c16
0.00234178269943962	-0.502405008283799	0.148	0.121	1	NMT1	c16
4.52033677373094e-15	-0.502167136795515	0.035	0.013	1.65448846255326e-10	CASS4	c16
0.00516475703161165	-0.502164550566556	0.12	0.098	1	LRRC58	c16
5.66168097618517e-08	-0.502135659176893	0.134	0.093	0.00207223185409354	RC3H2	c16
0.0129088043815576	-0.501910116195985	0.465	0.36	1	ETHE1	c16
0.0745732163204598	-0.50177446282948	0.016	0.011	1	ZNF496	c16
1.72403268735658e-06	0.501555830553433	0.025	0.012	0.0631013203899383	AL162231.1	c16
0.426117703208549	-0.50146650544866	0.123	0.116	1	SPTLC1	c16
6.55157528977851e-05	-0.50094235369123	0.02	0.01	1	AC012020.1	c16
2.93964133029307e-48	-0.500877369413222	0.108	0.036	1.07593812330057e-43	PPP1R16B	c16
0.52514891309863	-0.500717228197638	0.09	0.085	1	BET1	c16
0.153874661892533	-0.500539390369226	0.788	0.547	1	H2AFZ	c16
6.16062956571895e-08	-0.500447739635112	0.132	0.091	0.00225485202734879	DMXL1	c16
0.146883292300235	-0.50039890540733	0.03	0.036	1	GORASP1	c16
0.0100663540528458	-0.500329854350229	0.017	0.011	1	C17orf67	c16
0.498304641094874	-0.500264820271326	0.098	0.103	1	PRADC1	c16
0.255707322226638	-0.499752601111434	0.028	0.024	1	AMMECR1L	c16
0.0388870502194101	-0.49965436356773	0.108	0.092	1	TTC9C	c16
5.96127643965238e-09	-0.499331527010306	0.043	0.022	0.000218188678967717	TRGC2	c16
0.313790464789417	-0.498926183931481	0.145	0.135	1	AP2A1	c16
2.48971951299701e-48	-0.498361543388859	0.121	0.043	9.11262238952035e-44	ATP8A1	c16
8.12603833036408e-15	-0.49833161211864	0.089	0.047	2.97421128929656e-10	OSBPL3	c16
0.864425819615896	-0.498278061902298	0.015	0.015	1	PRELID2	c16
1.32280296802101e-09	-0.498211492834149	0.048	0.024	4.84159114325369e-05	AC007384.1	c16
9.5905258299826e-15	-0.498118670435516	0.389	0.277	3.51022835903193e-10	PAFAH1B1	c16
0.790496670139176	-0.497961606724958	0.018	0.017	1	ZNF582	c16
0.473257457673675	-0.497778903265925	0.043	0.039	1	TEDC1	c16
0.848847399322041	-0.497591741122159	0.012	0.011	1	FANCE	c16
0.0255338604242607	-0.497459819154067	0.068	0.055	1	RPRD1B	c16
0.255862426743438	-0.497286735826943	0.181	0.167	1	UNC50	c16
0.0942533327670598	-0.497035231357971	0.101	0.088	1	INO80C	c16
1.15506924039674e-07	-0.497013563248079	0.303	0.232	0.00422766892677612	FMNL1	c16
0.00533631811711524	-0.496866479502419	0.446	0.356	1	PSMA4	c16
0.0567913812527659	-0.496575782740307	0.019	0.014	1	CHAC2	c16
2.1829975199076e-19	-0.49651226150071	0.115	0.059	7.9899892226138e-15	S100PBP	c16
0.282334257303995	-0.496506205868358	0.214	0.2	1	SNAP29	c16
0.00361258159642542	-0.496414582223709	0.096	0.077	1	IFIT5	c16
0.524297224976541	-0.496150433563823	0.058	0.062	1	NEIL2	c16
0.209014432918845	-0.496098243818477	0.055	0.048	1	TAOK2	c16
0.0493043491936964	-0.495983688220416	0.07	0.058	1	SLCO3A1	c16
0.0185426430536864	-0.495931464302607	0.074	0.06	1	TEX30	c16
0.100719598568029	-0.495857419557269	0.05	0.042	1	PIK3R4	c16
0.261203314357047	-0.495844537962634	0.056	0.05	1	CLCC1	c16
0.0156146475891565	0.495596817798218	0.012	0.007	1	SPAG8	c16
7.42134595255115e-07	-0.495236844640838	0.061	0.037	0.0271628683209325	WWC3	c16
0.321172770280976	-0.495056939739423	0.027	0.023	1	ZSCAN29	c16
0.403715423247413	-0.495024124738388	0.013	0.011	1	LINC00884	c16
0.283804435687658	-0.494909880264116	0.657	0.481	1	TMBIM4	c16
0.500108261533431	-0.494699677377609	0.015	0.013	1	AC069185.1	c16
0.0131071041621469	-0.494611567801006	0.039	0.029	1	INTS2	c16
0.00616519292330874	-0.494586077017465	0.073	0.057	1	POLRMT	c16
0.196331615430317	-0.494542814837782	0.168	0.177	1	GLMP	c16
0.538765440115794	-0.494525673377724	0.049	0.045	1	USP19	c16
0.492245790334261	-0.494350541990534	0.01	0.012	1	FAM161B	c16
1.19104830288681e-06	-0.494290341181505	0.178	0.133	0.0435935589339602	MAP3K2	c16
0.0264658971512417	-0.494211334563978	0.266	0.229	1	RPS6KA1	c16
2.90037112180445e-06	-0.494168556972564	0.048	0.028	0.106156483429165	MCM9	c16
0.609815326205536	-0.494071454183044	0.064	0.061	1	LONP1	c16
0.171556192429231	-0.493978642533369	0.071	0.063	1	HEXIM1	c16
0.0022774635830967	-0.493724473937091	0.273	0.229	1	MRPS36	c16
2.80976446234348e-06	-0.493657683708793	0.117	0.084	0.102840189086234	GOLGA5	c16
4.77452104058058e-05	-0.493499240384555	0.135	0.103	1	TMEM167B	c16
7.35479727947965e-08	-0.493387573676565	0.141	0.099	0.00269192935226235	BIRC2	c16
0.486171592659746	-0.493100573550556	0.014	0.017	1	LRRC29	c16
0.184909860876824	-0.49226354623685	0.265	0.238	1	SNAPIN	c16
0.00146822995245334	-0.49210065087911	0.043	0.03	1	NAPEPLD	c16
0.000523306485265115	-0.491838131784934	0.217	0.178	1	HACD3	c16
0.641382093305139	-0.49179272206895	0.026	0.024	1	ZNF513	c16
0.000217343104330065	-0.491784770513601	0.113	0.086	1	ZCCHC10	c16
0.0252782107190133	-0.491353834174688	0.038	0.028	1	EFHC1	c16
2.44396675642099e-05	-0.491092144168187	0.208	0.164	0.894516272517646	PTGER4	c16
0.590819008093042	-0.491085409759698	0.022	0.02	1	MOCS3	c16
0.000326865293386871	-0.49094296843518	0.08	0.059	1	GGA3	c16
0.00167618298551075	-0.490900471816205	0.354	0.286	1	FDX1	c16
0.00645524308315934	-0.490785696687237	0.013	0.007	1	EPB41L5	c16
7.07672360194394e-104	-0.490661538260584	0.334	0.124	2.5901516055475e-99	HOPX	c16
2.89955478004818e-23	-0.490610740458807	0.303	0.191	1.06126604504543e-18	NSD1	c16
0.000176822470155094	-0.490570141570079	0.056	0.038	1	ENDOV	c16
3.92453455190202e-10	-0.490307387831997	0.149	0.1	1.43641889134166e-05	CDK5RAP2	c16
0.000554363239817418	-0.490211335817884	0.151	0.121	1	DCAF13	c16
4.98732620505187e-06	-0.490045534929635	0.076	0.051	0.182541126431104	FAM8A1	c16
6.61484586753005e-07	-0.489892305207082	0.069	0.044	0.0242109973597467	CCP110	c16
0.532113722880321	-0.489880488395597	0.025	0.023	1	FXR2	c16
0.00176310843698293	-0.489784576461907	0.089	0.069	1	FOXO3	c16
0.355468645609573	-0.489666099540396	0.076	0.083	1	SMUG1	c16
0.00174607822528195	-0.489539804554163	0.214	0.178	1	DNAJB11	c16
4.04178698342748e-07	-0.48944340355927	0.206	0.155	0.0147933445380429	IWS1	c16
0.00403221624644494	-0.489386281350003	0.428	0.345	1	RPN1	c16
0.809993812053135	-0.489310996385413	0.027	0.026	1	C14orf28	c16
0.0219584114131695	-0.489244897069207	0.02	0.014	1	GPAM	c16
7.17680392846739e-06	-0.489110499657856	0.109	0.078	0.262678200585835	RBM28	c16
0.00444935633086158	-0.489096178779572	0.08	0.062	1	TTF2	c16
1.99537984794535e-12	-0.488998650252264	0.12	0.073	7.30328978146479e-08	ATF2	c16
9.40100080730507e-66	-0.488972329917961	0.142	0.046	3.44086030548173e-61	KIF21A	c16
1.51913307992241e-10	-0.488779555347144	0.156	0.104	5.560178985824e-06	HERC4	c16
0.21964239976447	-0.488515778224887	0.089	0.098	1	APEX2	c16
0.115159346058948	-0.488331451228242	0.095	0.084	1	TATDN3	c16
0.0799595549459478	-0.488069307757776	0.238	0.212	1	CISD2	c16
7.11533143174045e-09	-0.487824337262259	0.117	0.077	0.000260428245733132	POLG	c16
1.19570007130615e-25	-0.487722718188084	0.234	0.136	4.37638183098763e-21	USP47	c16
0.251856828578534	-0.487708812344446	0.015	0.012	1	PIP5K1B	c16
7.46434374315949e-06	-0.487450884236781	0.07	0.046	0.273202445343381	RFX1	c16
0.000582186358641792	-0.487270442596754	0.395	0.314	1	EMC7	c16
4.34991907976439e-09	-0.487255431366861	0.145	0.099	0.000159211388238456	IARS	c16
0.00217680629908449	-0.487197703684485	0.449	0.355	1	C18orf32	c16
2.92835971842645e-05	-0.487113162270475	0.093	0.067	1	ANAPC4	c16
0.15824299240183	-0.486929800882522	0.172	0.156	1	ATG101	c16
0.0226676712379398	-0.486890256402263	0.255	0.222	1	RTL8C	c16
0.557206383289451	-0.486740593287482	0.021	0.019	1	DOLPP1	c16
1.95574430630442e-08	-0.486640354176932	0.212	0.155	0.000715821973550482	UBR4	c16
0.000387417469924081	-0.48659927450966	0.464	0.36	1	EIF6	c16
0.659295950647094	-0.486592388064893	0.064	0.062	1	ZNF672	c16
1.94204672290384e-12	-0.486432041783287	0.091	0.052	7.10808521050035e-08	RELL1	c16
0.0682309064918646	-0.486391609621386	0.03	0.023	1	PPIP5K1	c16
1.17146797287156e-08	-0.486344999249755	0.122	0.082	0.000428768992750718	SRCAP	c16
0.812227718633441	-0.486281637346413	0.025	0.024	1	AC004889.1	c16
7.97401186061004e-06	-0.486209035281663	0.19	0.147	0.291856808110188	TOR1AIP1	c16
0.341148117501842	-0.486168654322867	0.659	0.487	1	PRDX5	c16
0.319498082197328	-0.486104452857267	0.061	0.055	1	PPCDC	c16
0.00336914495680263	-0.485927678775101	0.04	0.028	1	TBC1D31	c16
8.43066990387785e-13	-0.485858588187311	0.133	0.081	3.08570949151833e-08	EED	c16
3.89041558310508e-09	-0.485837262377778	0.166	0.115	0.000142393100757229	GLYR1	c16
0.0101206912766558	-0.485681344986544	0.035	0.025	1	ZNF623	c16
0.104628618336902	-0.48546454794839	0.021	0.016	1	AL118558.3	c16
1.47182574637732e-07	-0.485360469501566	0.247	0.185	0.00538702941431563	MX1	c16
1.674612325077e-05	-0.48530775634955	0.021	0.01	0.612924857101433	AC009133.1	c16
9.68491052138859e-17	-0.485188829397829	0.146	0.086	3.54477409993344e-12	VTI1A	c16
2.85475938132113e-35	-0.485139888563359	0.229	0.12	1.04487048115735e-30	POLR2J3	c16
7.89678413306887e-07	-0.484944065176572	0.079	0.051	0.0289030196054454	CEP295	c16
0.000204638451517712	-0.484637270104109	0.054	0.036	1	SNTB2	c16
0.119994676073628	-0.484526582199205	0.016	0.012	1	NRBP2	c16
0.250592674487068	-0.484279777121373	0.011	0.008	1	TEF	c16
0.000172723580198757	-0.484268706062954	0.069	0.049	1	PEX13	c16
1.11572202156892e-07	-0.483528241998998	0.031	0.015	0.00408365417114439	ZNF778	c16
0.0146344884699912	-0.483478018041118	0.018	0.011	1	SBF2-AS1	c16
0.000604003715823817	-0.483400281602628	0.086	0.064	1	TMLHE	c16
0.0587563886257382	-0.483304837307653	0.626	0.453	1	ZNF706	c16
1.3220140428003e-21	-0.483258096000039	0.194	0.113	4.83870359805339e-17	TMEM43	c16
0.0295060443805522	-0.483249717337022	0.028	0.02	1	FCSK	c16
1.26750249718319e-06	-0.483132092155147	0.068	0.043	0.0463918588994018	LIN54	c16
6.12619015984163e-07	-0.48287049690662	0.08	0.052	0.0224224686040363	WDR73	c16
0.00224964163257804	-0.482869388007336	0.362	0.298	1	PSENEN	c16
0.102686950036192	-0.482808664606505	0.01	0.007	1	AL157394.3	c16
0.0133970400516102	-0.482802937710548	0.086	0.069	1	CENPB	c16
3.37120879304408e-09	-0.482779582986459	0.048	0.025	0.000123389613034206	APOBEC3F	c16
5.36337959140773e-30	-0.482689691181471	0.312	0.187	1.96305056425114e-25	CHST12	c16
6.62527016770634e-05	-0.482668483530832	0.074	0.052	1	RGS3	c16
0.363821650122	-0.482584783490606	0.031	0.027	1	AC127502.2	c16
0.000369750571367802	-0.481894866883403	0.014	0.007	1	CACNB1	c16
1.45959615580214e-15	-0.481871397571762	0.171	0.105	5.3422678898514e-11	AGO3	c16
0.00876662262562572	-0.481311340424281	0.016	0.01	1	SEMA4B	c16
4.25675017805562e-05	-0.481076280471932	0.104	0.076	1	ERCC3	c16
0.0136806988905905	-0.480858095960629	0.135	0.112	1	DYNLRB1	c16
0.126636189782661	-0.480584624557408	0.216	0.193	1	TMEM205	c16
0.00690534520996754	-0.480542742592342	0.017	0.01	1	ZNF782	c16
0.000723684466567644	-0.480202073482948	0.105	0.081	1	TYK2	c16
0.000332941590206427	-0.479904375746082	0.161	0.129	1	GPBP1L1	c16
1.17994845994593e-07	-0.479881302268721	0.132	0.092	0.00431872935824811	TBL1XR1	c16
3.76653233623096e-09	-0.479805915241688	0.13	0.087	0.000137858850038389	ATXN2	c16
0.000144921634626291	-0.479711314224448	0.119	0.091	1	SPTY2D1	c16
1.28327531339163e-05	-0.479585246694411	0.069	0.046	0.469691597454469	EFL1	c16
0.232186035663398	-0.479489298302167	0.067	0.059	1	DUSP18	c16
2.64785193856451e-12	-0.479476266528458	0.591	0.429	9.69140288033996e-08	AKAP13	c16
8.17970672120195e-15	-0.479310432074566	0.17	0.107	2.99385445702712e-10	MARCH6	c16
0.342428706393272	-0.479228165560214	0.115	0.106	1	MCM5	c16
4.59581152994398e-06	-0.479177925856695	0.216	0.168	0.168211297807479	NBN	c16
1.11813507024837e-32	-0.479098289140169	0.07	0.023	4.09248617061604e-28	TRGV3	c16
2.65869935887003e-14	-0.479060470903923	0.318	0.224	9.7311055234002e-10	OIP5-AS1	c16
0.30055755326878	-0.478992552592364	0.019	0.016	1	ZNF449	c16
2.78748849568214e-08	-0.478971767906049	0.071	0.043	0.00102024866430462	NVL	c16
0.0171564854465742	-0.478918212645853	0.091	0.076	1	RSPRY1	c16
0.00096995282798793	-0.477833436932204	0.501	0.384	1	TMEM179B	c16
0.012695639810002	-0.477491399666362	0.293	0.249	1	PSMC2	c16
7.55546147360654e-06	-0.477279308904223	0.161	0.122	0.276537445395473	TMEM107	c16
0.000101458479243928	-0.477259537437695	0.088	0.064	1	ZMYM4	c16
1.81851190448995e-05	-0.477221059345105	0.029	0.016	0.665593542162368	WDR35	c16
0.00589192364288918	-0.476963623805071	0.03	0.02	1	KRBA2	c16
0.000957492818509529	-0.476778997069482	0.06	0.043	1	ARFGAP1	c16
0.336565171666242	-0.476723009304974	0.013	0.011	1	ZNF813	c16
5.94978069193427e-06	-0.476704191070347	0.019	0.009	0.217767923105486	LINC00115	c16
0.200150607209838	-0.476496377696902	0.181	0.165	1	HSDL2	c16
0.0106177099193831	-0.476378262750961	0.028	0.02	1	TESK2	c16
4.06609762345203e-14	-0.47604918871772	0.155	0.096	1.48823239115968e-09	MVD	c16
5.17007101494535e-17	-0.476018117405367	0.127	0.071	1.89229769218015e-12	ATR	c16
0.0412923217932787	-0.475678742936441	0.088	0.074	1	VPS11	c16
0.372217867592555	-0.475382985704113	0.024	0.021	1	TRAM2	c16
0.0079849853130965	-0.475226300978719	0.027	0.018	1	ZNF212	c16
0.00529483431976777	-0.475087421742855	0.017	0.01	1	PPP1R13B	c16
0.00122487073012496	-0.475064380292825	0.34	0.277	1	HTATIP2	c16
0.213222293285393	-0.474974298575083	0.172	0.158	1	TOLLIP	c16
5.56373907725687e-08	-0.474900845840648	0.358	0.273	0.00203638413966679	DCAF7	c16
0.00526084891000549	-0.474888409366737	0.072	0.056	1	UBR3	c16
0.0994341107622151	-0.47456289235889	0.226	0.201	1	MRPL17	c16
0.00188377490868847	-0.474551245803713	0.457	0.363	1	PSMB2	c16
1.30227818029741e-05	-0.474467744802725	0.016	0.007	0.476646836770656	ASB2	c16
0.777018134819098	-0.474456918378823	0.806	0.586	1	CALR	c16
2.09719364880597e-16	-0.474243071119347	0.34	0.235	7.67593847399473e-12	REL	c16
2.44624696291249e-10	-0.473774427135996	0.123	0.079	8.95350850895602e-06	ZNF451	c16
1.51443445193597e-07	-0.473566834462028	0.219	0.164	0.00554298153753086	AMD1	c16
0.230817011840006	-0.472750229479059	0.197	0.181	1	NAPRT	c16
0.905069683033979	-0.472537895770709	0.038	0.038	1	NCKIPSD	c16
0.0945309911780449	-0.472452587277044	0.032	0.026	1	ANKRD42	c16
6.05340515933943e-51	-0.472440135331904	0.221	0.099	2.21560682236983e-46	CBLB	c16
2.6268694191981e-16	-0.471938079585282	0.12	0.067	9.61460476120698e-12	ZNF224	c16
0.26270972953311	-0.471906475184016	0.013	0.01	1	TBC1D24	c16
0.00687517213527394	-0.471447662534186	0.033	0.023	1	UBFD1	c16
0.480937206184696	-0.471416545924898	0.009	0.01	1	RTN4R	c16
0.0336164227763549	-0.471180070564118	0.179	0.157	1	PSMD10	c16
4.21091592288825e-06	-0.471114549127475	0.142	0.105	0.154123733693633	SMG7	c16
0.699737651118176	-0.471027585482184	0.02	0.018	1	ZKSCAN4	c16
0.813999810517067	-0.470707107284838	0.013	0.013	1	ZNF579	c16
0.00714585904002274	-0.470699530813127	0.067	0.052	1	SMPD2	c16
0.00133827559680884	-0.470626188854715	0.189	0.157	1	DYNC1LI1	c16
0.0201218674661398	-0.470606986745955	0.047	0.036	1	PIGQ	c16
1.94732496502113e-07	-0.470544918060203	0.013	0.004	0.00712740410447384	FEZ1	c16
0.107158437985436	0.470229062498284	0.012	0.008	1	RMI2	c16
3.37151151086662e-22	-0.470190006930761	0.42	0.283	1.23400692809229e-17	PCM1	c16
0.0985186876153357	-0.469953705800643	0.167	0.149	1	MAP2K1	c16
1.04835624060437e-06	-0.469923255611965	0.095	0.065	0.0383708867623607	CEP250	c16
2.51845580242418e-08	-0.469767224742017	0.124	0.084	0.000921780008245273	BTN2A1	c16
0.664368870099738	-0.469477322450674	0.025	0.027	1	HEXIM2	c16
5.80200803321275e-24	-0.469342473542998	0.037	0.011	2.1235929602362e-19	AUTS2	c16
0.0129577315513925	-0.469324788681548	0.175	0.151	1	CMAS	c16
0.458132995071032	-0.469251635442849	0.232	0.217	1	COMMD9	c16
0.418883059994675	-0.46919420769327	0.084	0.09	1	FAHD1	c16
0.0105597427188946	-0.469187273455758	0.135	0.114	1	KEAP1	c16
0.319471389498175	-0.469092605358125	0.078	0.085	1	GUCD1	c16
7.53009318788582e-06	-0.469036830128444	0.378	0.298	0.275608940769809	ILK	c16
3.47115966369193e-82	-0.468843883039945	0.16	0.049	1.27047914850788e-77	ITM2C	c16
4.55260133066626e-07	-0.468421508752909	0.087	0.057	0.0166629761303716	AUH	c16
2.1780839063463e-06	-0.468093122377522	0.045	0.026	0.0797200490561811	PIAS3	c16
1.59920737033021e-18	-0.468016745904697	0.333	0.225	5.85325889614561e-14	SMARCA5	c16
0.00306778095196328	-0.467812675421721	0.113	0.091	1	IFIH1	c16
1.56511806177276e-06	-0.467726912086462	0.189	0.143	0.0572848861789448	GOLGA2	c16
5.77311230088502e-11	-0.467478183941421	0.207	0.144	2.11301683324693e-06	TRIM56	c16
0.00178411035128264	-0.467445422898859	0.434	0.348	1	IFI27L2	c16
6.36330722709133e-17	-0.467398330943692	0.161	0.096	2.3290340781877e-12	ARID1B	c16
7.23056825163675e-15	-0.467373311729237	0.12	0.068	2.64646028578157e-10	LATS1	c16
2.38998054899185e-12	-0.467365532251996	0.362	0.264	8.74756780736506e-08	WNK1	c16
1.38721446471654e-07	-0.466953062012022	0.097	0.064	0.005077343662309	ETFDH	c16
9.33370857467935e-10	-0.466915914246733	0.147	0.099	3.41623067541839e-05	UBAP1	c16
2.38386135384384e-16	-0.466869423910782	0.242	0.159	8.72517094120384e-12	XPO1	c16
0.0952109227388691	-0.46673960590216	0.062	0.053	1	PICK1	c16
4.04393001285459e-15	-0.466485528851047	0.027	0.009	1.48011882400491e-10	GFI1	c16
0.000854540638007882	-0.46625586698829	0.046	0.031	1	ZNF3	c16
0.00415483744089929	-0.466038634182638	0.059	0.044	1	KCTD9	c16
0.000723875500976535	-0.465930934821456	0.04	0.026	1	LINC00174	c16
0.194697426768814	-0.465821304806918	0.049	0.042	1	ATP13A2	c16
2.0906397900674e-14	-0.46576880150501	0.367	0.263	7.65195069562567e-10	JMJD1C	c16
0.0413703083345074	-0.465282297445414	0.139	0.122	1	TPD52L2	c16
1.74485353038608e-16	-0.464764718664907	0.156	0.093	6.38633840656608e-12	AGTPBP1	c16
0.162587787145011	-0.464759811760787	0.123	0.111	1	GMPPA	c16
3.69956277373807e-09	-0.464712658598557	0.11	0.071	0.000135407697081587	TP53BP1	c16
0.000440773719945079	-0.464501112216215	0.131	0.103	1	MDFIC	c16
0.00307350154918961	-0.464160968164802	0.093	0.073	1	UMPS	c16
0.00523139288495139	-0.463943701237019	0.039	0.028	1	FZR1	c16
0.089145796642907	-0.463859271953801	0.052	0.043	1	GIT1	c16
0.00459055172965905	-0.463825392355838	0.115	0.093	1	NKIRAS2	c16
0.00958805113129842	-0.463450188664122	0.012	0.007	1	MUC20	c16
0.00726280357578418	-0.463426806889087	0.032	0.046	1	NQO1	c16
7.60058123453233e-08	-0.463378558526944	0.138	0.096	0.00278188873765118	FNIP1	c16
0.000539178396110397	-0.463347876760004	0.148	0.118	1	MMGT1	c16
8.17809606156974e-07	-0.46332991846104	0.119	0.084	0.0299326493949514	PATL1	c16
1.55306544447856e-05	-0.463106980734242	0.079	0.054	0.568437483333598	KBTBD2	c16
0.0131044996238835	-0.462693057594107	0.07	0.055	1	NUP188	c16
0.0144899993232467	0.461708721372423	0.01	0.005	1	RNFT2	c16
1.21150621929665e-23	-0.461607958137889	0.326	0.208	4.43423391324768e-19	PAG1	c16
2.92400192893864e-05	0.461553936070348	0.029	0.016	1	SETMAR	c16
1.77166093679209e-05	-0.461538041922811	0.042	0.025	0.648445619475272	TAF5	c16
1.98637412364909e-05	-0.461346344866439	0.072	0.049	0.727032792996804	BPGM	c16
0.0216675482972881	-0.46128696880485	0.069	0.085	1	RRAS	c16
2.80356206963413e-09	-0.461217400823345	0.117	0.077	0.000102613175310679	DENND4A	c16
2.4021972007411e-10	-0.461069433006363	0.135	0.088	8.7922819744325e-06	LTN1	c16
0.00488870583276125	-0.460806485915012	0.08	0.063	1	NPLOC4	c16
0.726341811099647	-0.460785537062314	0.012	0.011	1	NEFH	c16
0.0192390179339879	-0.460773639016461	0.391	0.318	1	TMEM14C	c16
3.359993120003e-05	-0.460672215047166	0.047	0.03	1	ZNF333	c16
0.140956268694691	-0.460618476698653	0.117	0.105	1	RUFY1	c16
1.28852940905634e-05	-0.460598001589513	0.049	0.03	0.471614649008711	ZNF714	c16
7.28200951808953e-05	0.460585356480893	0.01	0.004	1	ZIK1	c16
5.96175071362302e-10	-0.460544410328218	0.133	0.088	2.18206037869316e-05	ACSL5	c16
0.0399914699684254	-0.460458223471946	0.021	0.015	1	AC010618.3	c16
0.878607621842535	-0.460283142912401	0.06	0.059	1	IDUA	c16
0.0272408731313286	-0.459620380595547	0.766	0.574	1	PKM	c16
2.79858291428981e-07	-0.459524305309018	0.072	0.045	0.0102430933245921	NAT10	c16
0.667342157668512	-0.459516137834029	0.069	0.072	1	TCEAL1	c16
0.000386817636433625	-0.459464198607213	0.128	0.1	1	CRIPT	c16
0.00342635052652648	-0.459262143021663	0.168	0.14	1	PCNA	c16
6.09075243188149e-10	-0.45898573640263	0.214	0.152	2.22927629759294e-05	PTK2B	c16
0.00570241263381824	-0.458599714224633	0.023	0.014	1	DISC1	c16
3.12692699685202e-13	-0.458543530257751	0.245	0.168	1.14448655011781e-08	ARFGAP3	c16
2.5219559820242e-17	-0.45782366617189	0.383	0.277	9.23061108980678e-13	CMC1	c16
1.47977411606216e-08	-0.457802905537249	0.112	0.074	0.000541612124219912	SLC25A32	c16
0.0566079003767182	-0.457546562204906	0.689	0.531	1	ACTR3	c16
0.153956225650893	-0.457364579998955	0.024	0.019	1	BCLAF3	c16
0.173035077881249	-0.457359218243358	0.03	0.025	1	MED22	c16
0.000173433528281508	-0.4572196108111	0.26	0.211	1	TCP1	c16
0.197969186842088	-0.457194757773011	0.047	0.041	1	PDHX	c16
0.0509288322110279	-0.45705030686167	0.04	0.031	1	TBC1D13	c16
1.79096036057238e-10	-0.456916001774486	0.097	0.058	6.55509401573096e-06	CDKN2A	c16
3.24911141992935e-06	-0.456795829753608	0.113	0.081	0.118920727080834	RAP2C	c16
0.565390585498114	-0.456794376662381	0.027	0.024	1	WIZ	c16
0.162464005645968	-0.456739192330146	0.174	0.159	1	EIF2AK4	c16
2.86538066351299e-10	-0.456629365060208	0.079	0.045	1.04875797665239e-05	SIPA1L1	c16
0.0127466874689255	-0.456392188392764	0.13	0.109	1	MED31	c16
0.118059665005222	-0.45610526030119	0.643	0.472	1	PSMB6	c16
0.06223610326265	-0.456096886172565	0.298	0.258	1	UROD	c16
0.355520166558613	-0.45591724845712	0.03	0.026	1	MAPKBP1	c16
3.10860120677307e-13	-0.455894116636988	0.252	0.173	1.13777912769101e-08	AP2B1	c16
6.45685424366443e-05	-0.455730098536897	0.225	0.181	1	SYAP1	c16
1.56634168312216e-25	-0.455699799757237	0.972	0.77	5.73296719439541e-21	TAGLN2	c16
0.246078541531727	-0.455595243340331	0.024	0.02	1	NEK8	c16
0.00160622726914945	-0.455546643425909	0.051	0.036	1	FASTKD5	c16
0.0412040284498854	-0.455458648532373	0.501	0.395	1	ROMO1	c16
0.332935198793194	-0.455431520265353	0.185	0.172	1	HSD17B11	c16
2.00452058872663e-05	-0.455355941034444	0.122	0.091	0.733674580679833	DDX52	c16
0.60853407267244	-0.455321305583114	0.051	0.048	1	RNF185	c16
0.516609428542413	-0.45510536680364	0.068	0.064	1	SLC35C1	c16
5.25949027798976e-11	-0.455071212550357	0.208	0.146	1.92502603664703e-06	CALCOCO1	c16
0.00628434325877942	-0.45504924372898	0.059	0.045	1	PPTC7	c16
0.81685173669695	-0.45478626161475	0.121	0.119	1	ILVBL	c16
0.107586302349446	-0.454504641954681	0.097	0.085	1	DCUN1D1	c16
2.05121370457088e-09	-0.454440158358438	0.297	0.222	7.50764728009986e-05	IMMT	c16
8.0954887359816e-53	-0.454276110080427	0.148	0.055	2.96302983225663e-48	ST8SIA4	c16
4.45224211364253e-05	-0.454103469804324	0.296	0.24	1	SMIM7	c16
8.32992955938684e-07	-0.453785785267368	0.107	0.074	0.0304883751803118	AKAP11	c16
3.28289773039201e-38	-0.453755435945343	0.959	0.773	1.20157339830078e-33	ARPC1B	c16
1.61144096464726e-22	-0.453287989783359	0.061	0.023	5.89803507470545e-18	AL645568.1	c16
0.745973364705326	-0.45327154327203	0.028	0.029	1	SSH3	c16
0.00109828192352606	-0.453111966838945	0.049	0.034	1	VPS33B	c16
0.423041328740313	-0.453107507914029	0.139	0.131	1	DHRSX	c16
0.00133013505434741	-0.452938474376009	0.098	0.076	1	CBWD2	c16
1.18243193182462e-10	-0.452806630925027	0.025	0.01	4.32781911367129e-06	CLIC5	c16
2.04538987637064e-06	-0.45277652408675	0.086	0.057	0.0748633148650418	STAU2	c16
4.25220740772608e-10	-0.452741945014092	0.085	0.05	1.55635043330182e-05	EAF1	c16
0.0030578264985647	-0.452571445184685	0.109	0.087	1	TRIM8	c16
0.365700209649259	-0.452274424716408	0.769	0.552	1	PGK1	c16
1.25678296175739e-11	-0.452027622604582	0.164	0.108	4.59995131832822e-07	PHACTR4	c16
0.766406604523692	-0.451981849322499	0.112	0.11	1	HIBADH	c16
8.82525706911865e-08	-0.451850608927355	0.049	0.027	0.00323013233986812	ZNF248	c16
2.00518739974205e-10	-0.451844757697264	0.014	0.004	7.33918640179589e-06	SCD5	c16
0.000183109261158085	-0.451491904762623	0.09	0.066	1	EDEM1	c16
1.5200096591897e-08	-0.451445856379817	0.034	0.016	0.000556338735360021	PTBP2	c16
0.207276185763322	-0.451303079732523	0.16	0.147	1	PTRH1	c16
0.00191338803244587	0.450596287694914	0.012	0.006	1	AC135457.1	c16
0.0707181489425518	-0.450340740438455	0.02	0.015	1	SHPK	c16
0.0205800004526465	-0.45017774684931	0.24	0.207	1	MTMR14	c16
1.09527350993195e-08	-0.450064942098849	0.076	0.045	0.000400881057370192	CEP192	c16
1.12518591001574e-09	-0.449330128598841	0.014	0.004	4.1182929492486e-05	CCDC136	c16
0.433310714455702	-0.449196812390294	0.12	0.113	1	HMGCL	c16
4.55101033985584e-06	-0.449145239008271	0.189	0.145	0.166571529449064	ACADM	c16
0.106521126143381	-0.449120143143919	0.023	0.018	1	TENT4A	c16
0.598862710847717	-0.448934341646321	0.141	0.135	1	CPQ	c16
5.2090666793299e-05	-0.448854037777657	0.033	0.019	1	AL050309.1	c16
2.22760296828188e-06	-0.44871761486649	0.09	0.061	0.0815324962420851	MSH6	c16
7.03705278453135e-06	-0.448655455900176	0.171	0.131	0.257563168966632	SRFBP1	c16
1.03796244070212e-06	-0.448616988205366	0.106	0.074	0.0379904632921382	LRRC8C	c16
0.312679204606717	-0.448321829406396	0.049	0.044	1	SEPHS1	c16
6.00024000095859e-13	-0.448041776061095	0.16	0.103	2.19614784275085e-08	MARF1	c16
0.00603191422564939	0.448016659387146	0.01	0.005	1	SHF	c16
2.26192742468751e-05	-0.447885842516549	0.15	0.115	0.827888056709877	HUS1	c16
0.000653395855433967	-0.447740397994291	0.046	0.031	1	CEP162	c16
0.000351379054622911	0.447648740829048	0.013	0.006	1	LRRIQ3	c16
0.414526774736588	-0.447413604172019	0.032	0.029	1	FAM221A	c16
7.38883117947544e-10	-0.447339259928156	0.023	0.008	2.70438609999981e-05	TSPOAP1	c16
0.113466701959278	-0.447334325061706	0.082	0.072	1	CPSF3	c16
3.12124921088932e-08	-0.447210981040757	0.231	0.173	0.0011424084236776	AP3B1	c16
0.0643424523222073	-0.446964469959424	0.155	0.138	1	TOR1A	c16
0.00686858135472775	-0.446916209542017	0.157	0.132	1	TSFM	c16
0.135589761811402	-0.446847115043609	0.019	0.015	1	UPK3BL1	c16
0.906207850161537	-0.446827529987383	0.037	0.038	1	ABCD1	c16
0.000904985911955564	-0.44679660415075	0.35	0.288	1	SAT2	c16
3.16424209589211e-06	-0.446781608341835	0.055	0.034	0.115814424951747	ZNF641	c16
0.150676188473134	-0.446744094584564	0.03	0.025	1	SLC25A28	c16
0.425349731036909	-0.446730444716891	0.7	0.502	1	POLD4	c16
0.790884241422212	-0.445973839240484	0.094	0.096	1	DPP3	c16
0.0180183165497511	-0.445702343506459	0.639	0.46	1	ANAPC11	c16
0.128040990411081	-0.445576014911358	0.096	0.085	1	YIPF1	c16
1.11992981355004e-12	-0.445556101627792	0.084	0.046	4.09905511057452e-08	SLC9A8	c16
3.00711302817592e-06	-0.445520278200562	0.597	0.438	0.110063343944267	EIF5	c16
9.29199747140594e-06	-0.445480704193961	0.074	0.05	0.340096399450929	ARNT	c16
0.343361174023116	-0.44544519824862	0.034	0.03	1	GFM2	c16
0.000305366436901711	-0.44530387469315	0.446	0.349	1	C1orf43	c16
1.33553864268823e-13	-0.44494674848838	0.314	0.223	4.88820498610319e-09	CGGBP1	c16
0.013413485343516	-0.444792132655951	0.065	0.052	1	ZMIZ2	c16
3.06875815020908e-42	-0.444558716250799	0.955	0.78	1.12319617055803e-37	ARPC2	c16
1.27271835180761e-19	-0.444345831511916	0.186	0.11	4.65827643945104e-15	CAND1	c16
9.12907676995773e-05	-0.444307174129074	0.119	0.09	1	TM9SF4	c16
9.86453950507415e-06	-0.444120612148421	0.178	0.138	0.361052010425219	NUS1	c16
0.0878593637792623	-0.443784003796191	0.016	0.022	1	LINC02802	c16
0.000145910539485226	-0.443684689339444	0.339	0.274	1	HAGH	c16
5.24751653435998e-05	-0.443675775692147	0.133	0.101	1	DHX16	c16
0.0370224704810831	-0.443505799384525	0.015	0.01	1	CLDND2	c16
0.0262535352708912	-0.443462734708195	0.084	0.07	1	MLH1	c16
0.00025603065917851	-0.442885225401272	0.137	0.107	1	ST6GALNAC6	c16
0.672128705834027	-0.44247329415766	0.019	0.017	1	NAIF1	c16
9.78051737138641e-27	-0.442410615242525	0.054	0.018	3.57976716310114e-22	CD200R1	c16
2.48455038959465e-27	-0.442362814394267	0.164	0.084	9.09370288095536e-23	RALGAPA1	c16
0.00151533631424533	-0.442354889050862	0.387	0.316	1	BNIP3L	c16
0.000870328278547121	-0.442116289789666	0.014	0.007	1	AL157392.3	c16
3.35155258955339e-19	-0.441645921352132	0.253	0.163	1.22670176330244e-14	MAML2	c16
6.32255561688619e-13	-0.441511714459154	0.204	0.138	2.31411858133651e-08	TNKS2	c16
8.63059673951022e-15	-0.441490924452359	0.213	0.14	3.15888471262814e-10	ARL6IP6	c16
0.000620843037481925	-0.441451020888862	0.05	0.035	1	TTLL3	c16
3.88171867841067e-09	-0.441255107771297	0.51	0.374	0.000142074785348509	PDIA6	c16
0.977621270023092	-0.4411199685685	0.783	0.574	1	LITAF	c16
9.24363600259042e-38	-0.44105939582723	0.348	0.2	3.38326321330812e-33	SMG1	c16
0.00309497171449672	-0.440917460099595	0.156	0.129	1	PSME3	c16
1.30687907098484e-05	-0.440805110350463	0.4	0.314	0.47833080877116	EMC3	c16
6.20442156928665e-06	-0.440703129249318	0.078	0.052	0.227088033857461	PARG	c16
0.0226460876464128	-0.440463085831105	0.274	0.238	1	BTF3L4	c16
0.00320144251722154	-0.440217357244467	0.111	0.089	1	IDH3A	c16
4.04536044050945e-05	-0.440150861376311	0.179	0.141	1	SLC25A46	c16
0.00312013106101753	-0.439978438187668	0.521	0.399	1	RNF181	c16
4.23053212039331e-07	-0.439888361974559	0.075	0.048	0.0154841706138516	STRIP1	c16
3.20987929461705e-07	-0.439866212341435	0.071	0.044	0.0117484792062278	YEATS2	c16
0.646335190931796	-0.439775835608444	0.027	0.025	1	AL445524.1	c16
8.59605059652467e-12	-0.439228414025071	0.077	0.042	3.146240478834e-07	PAPOLG	c16
7.83406964643837e-06	-0.439158553127203	0.131	0.097	0.286734783129291	TULP4	c16
0.0485627574676362	-0.439074445306844	0.235	0.207	1	VMA21	c16
0.107109166756558	-0.438830521120623	0.105	0.118	1	DERA	c16
0.0175318538788658	-0.438487580122367	0.068	0.055	1	MTERF3	c16
0.000354059282621365	-0.438219552540534	0.319	0.261	1	MRPS16	c16
1.85105684128165e-13	-0.438202379414187	0.141	0.087	6.77505314477497e-09	RAB3GAP2	c16
0.914582444923748	-0.438147215419956	0.104	0.105	1	GEMIN6	c16
0.0554043812473094	-0.438141608088061	0.053	0.043	1	BAP1	c16
5.31010537524471e-09	-0.437650436668299	0.15	0.104	0.000194355166839332	TNPO3	c16
0.0011890728365126	-0.437511646458176	0.042	0.029	1	TTI1	c16
3.87726016773749e-05	-0.437421582416912	0.07	0.048	1	TSPAN17	c16
3.38686722354865e-07	-0.437039728048938	0.183	0.137	0.0123962727249104	ATXN3	c16
0.435231740497356	-0.436140454962325	0.049	0.045	1	NFS1	c16
1.59517093902415e-20	-0.435942352502852	0.12	0.062	5.83848515392228e-16	ATAD2B	c16
9.72625824767618e-07	-0.435751307769357	0.094	0.063	0.0355990778123196	ZNF410	c16
0.0505744204703012	-0.435349450748897	0.069	0.058	1	CSNK1E	c16
6.13320771015991e-05	-0.435307991307574	0.058	0.039	1	TLK2	c16
2.82743473773804e-24	-0.435083845642193	0.186	0.103	1.0348693883595e-19	NCBP3	c16
1.14490274125386e-08	-0.435048476404323	0.077	0.046	0.000419045852326325	POLR3E	c16
0.0104860344678447	-0.435039742969445	0.122	0.102	1	PIEZO1	c16
0.00247646073507208	-0.434830621833935	0.048	0.034	1	TRIM65	c16
0.000823440723486599	-0.434783552813502	0.11	0.086	1	MGAT2	c16
0.0136119949959965	-0.434308629650387	0.083	0.067	1	EIF1AD	c16
0.313740699227243	-0.43428911892425	0.046	0.041	1	FOXK2	c16
0.00346927789208179	-0.434026905027777	0.015	0.008	1	DNHD1	c16
9.38688979188691e-05	-0.433991418983249	0.031	0.018	1	ZNF354B	c16
0.000228277529734588	-0.433975889942592	0.156	0.124	1	PML	c16
1.1598731002852e-08	-0.43357052787271	0.125	0.084	0.000424525153435388	SLK	c16
3.5637130735354e-07	-0.433546862765374	0.076	0.049	0.0130435462204469	ELP1	c16
0.000159875096875341	-0.433325161703123	0.098	0.073	1	ERC1	c16
3.8466231208194e-08	-0.433206954622375	0.211	0.157	0.00140790252845111	SRP54	c16
0.184654913245107	-0.433168811875293	0.006	0.01	1	PARS2	c16
0.301039580149712	-0.4330561404931	0.036	0.032	1	PPP2R5B	c16
7.53643061296603e-08	-0.433052555141859	0.085	0.054	0.0027584089686517	PKNOX1	c16
0.0239071345128245	-0.433031997910029	0.022	0.015	1	PKP4	c16
5.60062922807215e-09	-0.432734819372236	0.105	0.068	0.000204988630376669	FAM53B	c16
7.42415569031173e-06	-0.432660713936262	0.036	0.02	0.271731522421099	HYLS1	c16
0.101117040915437	-0.432653724912432	0.062	0.053	1	ZSWIM8	c16
0.688412846416448	-0.432309390266835	0.198	0.196	1	EIF4EBP3	c16
2.4545232610121e-07	-0.432243417277498	0.03	0.014	0.00898380058763038	ZNF182	c16
7.49419273130163e-23	-0.432209850443978	0.093	0.042	2.74294948158371e-18	BRAF	c16
0.0469118840060491	-0.432208643087756	0.021	0.015	1	ZNF816	c16
0.000166764543838203	-0.431782378333903	0.251	0.205	1	TOMM40	c16
0.170047621720119	-0.43177180484251	0.02	0.015	1	ZNF577	c16
3.58242588949458e-05	-0.431737242136529	0.264	0.213	1	HK1	c16
0.010637033039349	-0.431695457909593	0.062	0.049	1	SLC35E1	c16
7.09269842656393e-05	-0.431571284846706	0.126	0.096	1	N4BP1	c16
1.88335754233226e-06	-0.431482977234332	0.045	0.026	0.068932769406903	ZNF746	c16
0.760309704463693	-0.431321980487644	0.116	0.113	1	AIG1	c16
1.64208955856628e-10	-0.431289113249165	0.075	0.042	6.01021199330842e-06	BRWD3	c16
0.000242756443846228	-0.431187509755418	0.078	0.057	1	MFN1	c16
0.595334701494267	-0.431154115863747	0.031	0.028	1	PPM1F	c16
1.79517869926529e-35	-0.43093332364433	0.962	0.747	6.57053355718089e-31	ARPC3	c16
2.08417690274822e-06	-0.430794980021871	0.284	0.221	0.0762829588174876	SYS1	c16
0.606812557397687	-0.430538660177192	0.053	0.055	1	PNPLA4	c16
4.38608125973001e-14	-0.430529324846988	0.111	0.063	1.60534960187378e-09	TRIM13	c16
0.0210733160252259	-0.430460556707197	0.049	0.038	1	C16orf72	c16
0.345710225646451	-0.430355996303849	0.065	0.06	1	HSPBAP1	c16
3.15141754574933e-26	-0.430255354669554	0.112	0.051	1.15345033591971e-21	CLK4	c16
2.04295031461611e-10	-0.429669332525534	0.094	0.057	7.47740244652642e-06	RNF38	c16
0.0146000875367148	-0.429652396507076	0.053	0.041	1	UTP25	c16
1.26982055358133e-13	-0.428760265812876	0.237	0.161	4.64767020816304e-09	HERC1	c16
2.06014883776037e-06	-0.4287412702414	0.171	0.128	0.0754035076108672	CSNK2A1	c16
0.123426590959963	-0.428582482018868	0.178	0.162	1	DESI1	c16
5.52764728181329e-08	-0.428569256442302	0.315	0.241	0.00202317418161648	CMC2	c16
8.41719010197242e-05	-0.428553387924026	0.069	0.048	1	OSBP	c16
2.38344924623969e-24	-0.428337522184284	0.161	0.086	8.72366258616189e-20	CCNT2	c16
2.62541379181669e-19	-0.428209151723302	0.207	0.126	9.60927701942828e-15	SPEN	c16
9.30746880349205e-11	-0.428155959426572	0.499	0.36	3.40662665676613e-06	FDFT1	c16
0.00808130998439166	-0.427913904229365	0.069	0.054	1	SMG9	c16
7.66971949581969e-12	-0.427810730232188	0.121	0.074	2.80719403266497e-07	VPS37B	c16
0.00922339289859066	-0.427647683212379	0.046	0.034	1	PCGF3	c16
0.0315089898571229	-0.427559470523665	0.094	0.08	1	PNO1	c16
0.000295387541138501	-0.427157201277586	0.279	0.229	1	LYPLA1	c16
5.75172999266641e-10	-0.42697865069889	0.09	0.054	2.10519069461583e-05	ANKRD13C	c16
1.15897952065437e-07	-0.426925034977926	0.141	0.099	0.00424198094354707	RBM23	c16
0.0782460704397161	-0.426890922527311	0.184	0.165	1	NIPSNAP2	c16
0.238187211310299	-0.426701114279604	0.076	0.069	1	TCAIM	c16
8.06223334118511e-25	-0.426614646510005	0.964	0.739	2.95085802520716e-20	GABARAP	c16
1.96202026151922e-06	-0.426568264976003	0.059	0.037	0.071811903591865	WDR3	c16
3.0539657381234e-44	-0.42655190087634	0.337	0.185	1.11778199981055e-39	CASP8	c16
0.000415522705372429	-0.426335315204574	0.564	0.428	1	VAPA	c16
3.50193438430984e-08	-0.426166847953726	0.114	0.076	0.00128174300400124	GMEB1	c16
0.0861915080672995	-0.426132788698226	0.019	0.025	1	RFX2	c16
0.000924279953957913	-0.425683316903779	0.07	0.052	1	PIK3CA	c16
0.000612390696082688	-0.425478425535764	0.053	0.037	1	RPAP1	c16
0.0153924431324298	-0.424551339915185	0.183	0.158	1	PDZD11	c16
0.000156787848665236	-0.424386634816448	0.108	0.082	1	ABRAXAS2	c16
0.0141545871525782	-0.424367856927357	0.013	0.007	1	ZNF502	c16
0.0115090639313704	-0.424097194755924	0.084	0.068	1	AP3S2	c16
1.22242027337592e-09	-0.423904852743908	0.288	0.215	4.47418044258319e-05	DHX29	c16
2.07956820836257e-05	0.423865948215242	0.02	0.009	0.761142759942783	SLC35D2	c16
1.26721245649116e-05	-0.423799435518547	0.012	0.004	0.463812431200329	MIR4453HG	c16
0.00133488163586724	-0.42375643885994	0.068	0.05	1	DDX20	c16
0.0111542003286974	-0.423531272408957	0.101	0.083	1	MAP2K2	c16
2.6570346041925e-12	-0.423496765180093	0.155	0.1	9.72501235480497e-08	VCPIP1	c16
0.141123000862544	-0.423467481718641	0.163	0.147	1	NENF	c16
0.73640487653328	-0.423333856024417	0.041	0.04	1	TTI2	c16
0.00133833907082166	-0.423006495438967	0.186	0.154	1	DCUN1D5	c16
1.86074545208003e-09	-0.422564530199293	0.098	0.061	6.81051442915812e-05	C2orf49	c16
0.00171129547349818	-0.422553935416897	0.26	0.219	1	TIMMDC1	c16
0.0516547335954493	-0.422077732301909	0.021	0.015	1	PPP1R3B	c16
0.000572354782673398	-0.421900013223155	0.054	0.037	1	LDAH	c16
0.00233926160473999	-0.421894490046541	0.05	0.036	1	RABL3	c16
0.00129240560135417	-0.421731851911415	0.258	0.215	1	PSMD3	c16
0.000369097048759216	-0.421308566670028	0.038	0.024	1	SLX4IP	c16
0.0142437542003094	-0.421116253169162	0.029	0.02	1	TAF4	c16
1.56165327684039e-08	-0.420864285139917	0.08	0.049	0.000571580715856352	LRCH1	c16
3.34797068747206e-08	-0.42064249821391	0.273	0.207	0.00122539075132165	IL17RA	c16
6.61266452162211e-23	-0.420227593796692	0.083	0.036	2.42030134155891e-18	LPCAT1	c16
0.0404970929323631	-0.420212723134954	0.034	0.026	1	ASNSD1	c16
0.00011974861269319	-0.420030509571582	0.143	0.112	1	RNF20	c16
8.11804468397733e-36	-0.419979835491263	0.68	0.444	2.97128553478254e-31	DDX17	c16
2.70612015098174e-06	-0.419901145714783	0.06	0.037	0.0990467036460827	ETV3	c16
2.29093251780265e-20	-0.419837450298746	0.144	0.079	8.38504210840949e-16	SHPRH	c16
9.97412737608822e-28	-0.419736661367349	0.055	0.018	3.65063036092205e-23	AFAP1	c16
0.00596779051648539	-0.419734041110497	0.058	0.044	1	CDK19	c16
0.000358126427239568	-0.419728082370953	0.508	0.393	1	CHMP2A	c16
0.213658567105201	-0.419588521528402	0.073	0.066	1	MIEF1	c16
6.28175494834825e-08	-0.419431314111274	0.055	0.031	0.00229918512864494	GFOD2	c16
0.00186449969308168	-0.419383335232518	0.135	0.111	1	MFSD11	c16
1.78149717322006e-22	-0.419355623778884	0.202	0.118	6.52045780370273e-18	EP400	c16
0.026433458647731	-0.419262783763191	0.174	0.15	1	MBD2	c16
4.74530775805916e-05	-0.418997395524781	0.013	0.005	1	GVQW3	c16
0.0805494471450958	-0.418852069447683	0.025	0.019	1	SPDL1	c16
2.51984951011362e-07	-0.418741563134042	0.098	0.065	0.00922290119196687	RABGAP1	c16
9.85484128238414e-28	-0.418089322248245	0.104	0.045	3.60697045776542e-23	SACS	c16
2.49522897356315e-09	-0.418028059891552	0.024	0.01	9.13278756613848e-05	SMKR1	c16
1.91830856240608e-06	-0.418024053529765	0.015	0.006	0.0702120116926249	PLCXD2	c16
1.0452403092065e-09	-0.417973429606964	0.13	0.086	3.82568405572671e-05	RIPK1	c16
6.38175593765649e-08	-0.417885540908082	0.252	0.191	0.00233578649074165	DCTN1	c16
0.0825427652580093	-0.417699383477403	0.197	0.176	1	RABGGTA	c16
0.00303009168811099	-0.417600456139561	0.046	0.033	1	RBM4B	c16
0.000109298468923704	-0.417496407188791	0.302	0.243	1	IFI35	c16
0.0595994895543192	-0.417488295250738	0.034	0.026	1	LZTS2	c16
0.000121818339330569	0.417358926551664	0.019	0.01	1	AC010969.2	c16
1.21829743937931e-14	-0.417249936396312	0.21	0.139	4.45909045787222e-10	CCDC82	c16
0.395171447747874	-0.416956235502768	0.15	0.142	1	PGM1	c16
4.87610776139936e-17	-0.416917769276637	0.215	0.138	1.78470420174978e-12	CWC25	c16
1.82536852050151e-07	-0.41681278813106	0.476	0.358	0.00668103132188756	SELENOT	c16
1.9300611607117e-06	-0.416772634059775	0.314	0.247	0.070642168543209	SUMF2	c16
1.90809482997641e-06	-0.416642021655294	0.174	0.131	0.0698381788719664	STIM1	c16
0.017640035967488	-0.416345675389059	0.685	0.483	1	UQCRQ	c16
2.77100039235254e-05	-0.416071141274529	0.108	0.079	1	DCLRE1C	c16
3.60400459171302e-29	-0.416050776177193	0.142	0.068	1.31910172061288e-24	NFAT5	c16
0.50014422337459	-0.41588963391557	0.123	0.117	1	MRPS17	c16
5.87096377554343e-05	-0.415867299732734	0.069	0.047	1	RRAGB	c16
2.21899311797227e-08	-0.415562774622696	0.277	0.209	0.000812173671109032	EIF2AK2	c16
0.0106976768811624	-0.415539267295429	0.019	0.012	1	PRDM10	c16
3.5967987907065e-08	-0.415205159642827	0.127	0.086	0.00131646432538649	KDM6B	c16
6.6844332675236e-10	-0.415125204738691	0.116	0.075	2.44656942024631e-05	SCAMP1	c16
0.000791552349105152	-0.415020988409781	0.012	0.005	1	AP000866.1	c16
4.50079616436769e-14	-0.414830925806581	0.157	0.099	1.64733640412022e-09	NBAS	c16
6.82648177521878e-13	-0.414784952723019	0.019	0.005	2.49856059454783e-08	IL12RB2	c16
0.00621340216127888	-0.414632649183356	0.056	0.042	1	CAPN15	c16
3.79057579309633e-09	-0.414521013392432	0.268	0.2	0.000138738864603119	STAT6	c16
0.000758018190724597	-0.414494035204351	0.044	0.03	1	UVSSA	c16
0.027175929848665	-0.414060792519901	0.027	0.02	1	FANCG	c16
0.0558159548356794	-0.414058540967114	0.01	0.006	1	AL592295.4	c16
2.84092305210958e-06	-0.413925050404941	0.106	0.075	0.103980624630263	CSNK1G1	c16
2.24147840272996e-15	-0.41376574207083	0.137	0.081	8.20403510183191e-11	ICE2	c16
0.472458644270006	-0.413758053052422	0.019	0.022	1	SRR	c16
1.30795262687252e-14	-0.413709678695487	0.106	0.059	4.78723740961611e-10	MIGA1	c16
2.68132569696435e-08	-0.413502439345987	0.055	0.031	0.000981392018345923	TMEM161B	c16
3.98591429242551e-09	-0.413418610843637	0.192	0.138	0.000145888449017066	RABEP1	c16
0.000189858236863673	-0.412808818388314	0.614	0.447	1	RBX1	c16
0.000467976635528108	-0.412562505746481	0.071	0.052	1	COG7	c16
2.55529792801061e-12	-0.412458270785387	0.093	0.053	9.35264594631165e-08	ASB3	c16
0.000417447630597754	-0.412020955283929	0.111	0.085	1	C6orf47	c16
0.00493388188499066	-0.411928034526067	0.085	0.067	1	SYVN1	c16
0.000957111719567735	-0.411843212552371	0.099	0.077	1	IMPA1	c16
1.56947436205296e-20	-0.411769629017746	0.112	0.056	5.74443311255004e-16	N4BP2	c16
0.00520811497060843	-0.411628128661022	0.314	0.264	1	CHMP2B	c16
7.85713279299288e-14	-0.411532761757332	0.273	0.19	2.87578917356332e-09	RSRC1	c16
0.52759881951366	-0.411485331951051	0.089	0.084	1	GSTM4	c16
3.20827372525267e-20	-0.411013086355552	0.216	0.131	1.17426026617973e-15	SPATA13	c16
0.712262593718251	-0.411006077230188	0.062	0.06	1	C12orf49	c16
0.00150060761224385	-0.410630045315672	0.032	0.021	1	MBLAC2	c16
7.4352358308595e-06	-0.410111233368855	0.219	0.171	0.272137066645289	GLO1	c16
0.00413600900960432	-0.410020870305505	0.14	0.116	1	YKT6	c16
4.15597632845305e-24	-0.40978951622283	0.167	0.091	1.5211288959771e-19	RPS6KA5	c16
2.06181466670258e-08	-0.409686302849794	0.161	0.116	0.000754644786159813	FAF2	c16
0.223418972877441	-0.409664342797449	0.763	0.551	1	ATP5MF	c16
2.71641773592352e-16	-0.409522696340005	0.144	0.084	9.94236055525366e-12	INPP4A	c16
9.64607872494536e-05	-0.409402057538895	0.106	0.079	1	TRAPPC8	c16
3.64239173817298e-14	-0.409322756315534	0.107	0.061	1.33315180008869e-09	ARID2	c16
0.64593754131997	-0.40931397079237	0.124	0.12	1	TMEM128	c16
0.402624776277138	-0.409305840363779	0.032	0.028	1	BTBD6	c16
0.00371717165939157	-0.409293225456707	0.021	0.013	1	RTTN	c16
0.408657040787497	-0.409124921699132	0.043	0.039	1	KLHL8	c16
3.30249937835627e-06	-0.40904077855993	0.501	0.377	0.120874779747218	MLF2	c16
6.61924338224277e-05	-0.408991090694255	0.448	0.346	1	ELOC	c16
0.00633233448176314	-0.408759953500419	0.092	0.074	1	PCYOX1	c16
0.0471489648640262	-0.408680933061928	0.054	0.067	1	GSTZ1	c16
0.00013327169390835	-0.408518295428251	0.131	0.1	1	STK24	c16
2.34960561189638e-06	-0.408504325525364	0.055	0.034	0.0859979150010195	PRIMPOL	c16
4.6346603677949e-12	-0.4081412587102	0.107	0.064	1.69633204121661e-07	SMARCAD1	c16
3.11056305503703e-79	-0.408103144018546	0.261	0.101	1.1384971837741e-74	MATK	c16
3.78192325276609e-06	0.408085241836711	0.019	0.008	0.138422172974492	C8orf58	c16
0.103296601684912	-0.408013439950322	0.045	0.037	1	STRN3	c16
1.19341114989724e-06	-0.407923534875502	0.091	0.061	0.0436800414973889	MAST3	c16
7.93341701495494e-15	-0.407828821774642	0.376	0.268	2.90370996164366e-10	SUGT1	c16
0.722132785413312	-0.407743094994478	0.029	0.028	1	MYL5	c16
5.72021357706533e-10	-0.407357045723999	0.465	0.34	2.09365537134168e-05	RSU1	c16
2.6059239490115e-13	-0.406980752300926	0.384	0.275	9.53794224577698e-09	FDPS	c16
0.713053255095712	-0.406962085356706	0.03	0.031	1	AMACR	c16
0.00573332526561668	-0.406927632892795	0.071	0.055	1	ACTR8	c16
0.0304245987834014	-0.40659914100079	0.078	0.064	1	TRMT1L	c16
0.000448652377058562	-0.406493539639995	0.058	0.04	1	PROSER1	c16
1.86626119505457e-06	-0.406432977125004	0.066	0.042	0.0683070260001923	CLEC16A	c16
6.1361062048024e-05	-0.406345258486732	0.039	0.024	1	ZNF398	c16
0.0285710346233457	-0.406227717778429	0.049	0.039	1	MPV17L2	c16
0.0409258176655203	-0.405861655069241	0.103	0.088	1	IFI44	c16
4.60364444691605e-05	-0.405713771284839	0.373	0.292	1	SLIRP	c16
0.0136774213912938	-0.405644888140873	0.038	0.028	1	DBT	c16
3.0943036136926e-13	-0.405443391019047	0.181	0.119	1.13254606564763e-08	PPP2R2A	c16
0.757711391623183	-0.405412094622649	0.019	0.018	1	TOMM40L	c16
2.28839926499962e-16	-0.405276009626345	0.142	0.083	8.3757701498251e-12	STAG1	c16
0.000195398148176971	-0.405271843651226	0.141	0.111	1	KPNA6	c16
2.1256287206465e-28	-0.40523726102938	0.146	0.072	7.78001368043824e-24	SCAF8	c16
0.0437787632145841	-0.405225025974749	0.098	0.084	1	ARMT1	c16
0.0997652183431433	-0.405157866147793	0.086	0.075	1	MCMBP	c16
5.75620897287784e-12	-0.405017899828459	0.521	0.378	2.10683004616302e-07	KIF5B	c16
1.8893917824256e-07	-0.404636845153386	0.12	0.083	0.00691536286285592	CAAP1	c16
9.66220070159994e-11	-0.404468956519321	0.596	0.439	3.53646207879259e-06	TAPBP	c16
0.010671229856525	-0.404420183285872	0.023	0.015	1	JRKL	c16
4.97549578193931e-32	-0.404348911173099	0.247	0.136	1.82108121114761e-27	THUMPD3-AS1	c16
0.0507155347044073	-0.404242190462472	0.021	0.015	1	LINC00665	c16
4.48215828584623e-08	-0.404190973953176	0.204	0.151	0.00164051475420258	FGD5-AS1	c16
0.257054280295431	-0.404157468102179	0.078	0.07	1	TRIM34	c16
2.08312330815436e-07	-0.403856478102932	0.033	0.016	0.00762443962017577	NAPB	c16
5.4841001850161e-08	-0.40382844641331	0.226	0.169	0.00200723550871774	STARD7	c16
5.97437762149605e-08	-0.403811639904269	0.037	0.019	0.00218668195324377	TRIM66	c16
4.7206571958602e-06	-0.403362837821516	0.72	0.54	0.172780774025679	MSN	c16
0.249055329956361	-0.403318198283403	0.04	0.035	1	ABITRAM	c16
1.28601222065156e-06	-0.403239664921835	0.068	0.043	0.0470693332880676	TNRC6C-AS1	c16
1.44727056626748e-06	0.402628722164916	0.013	0.005	0.0529715499959562	NSMCE1-DT	c16
4.45654753907048e-14	-0.402510302884517	0.074	0.038	1.63114096477519e-09	CDKAL1	c16
0.0089349498433647	-0.402279617838136	0.019	0.012	1	ZNF571	c16
0.0113611572489255	-0.402177663390651	0.023	0.015	1	ZNF776	c16
0.00180392811531925	-0.40176756577144	0.163	0.136	1	TIMM23	c16
0.192607114219849	-0.401688759455891	0.241	0.219	1	DPEP2	c16
4.41655913473869e-06	-0.401542536217025	0.16	0.121	0.161650480890571	MAN1B1	c16
0.000260865941489414	-0.401068472428578	0.112	0.086	1	SCAP	c16
0.00064942094590797	-0.40078820295926	0.028	0.017	1	TAPT1	c16
0.000229481905125951	-0.400759808945354	0.095	0.071	1	ZBTB4	c16
0.00118028270032008	-0.400708496886252	0.05	0.035	1	RAD54L2	c16
0.000598009425664404	-0.400570162471156	0.12	0.094	1	IFT27	c16
0.000393308387255744	-0.399899186046858	0.046	0.031	1	TMEM185A	c16
0.000212907757669082	-0.399859296102904	0.039	0.024	1	MBTD1	c16
6.26182606709182e-11	-0.399652617179782	0.148	0.098	2.29189095881628e-06	CLCN3	c16
6.33794914122136e-15	-0.399472348700903	0.42	0.299	2.31975276517843e-10	IRF9	c16
2.07613043833008e-06	-0.399458085245766	0.069	0.044	0.0759884501733193	NUP205	c16
2.62569502948979e-05	-0.399426145389677	0.182	0.143	0.96103063774356	TXNDC15	c16
0.000143730804413608	-0.399388699095782	0.217	0.176	1	EIF4E	c16
6.2766662092443e-20	-0.399351197117678	0.267	0.172	2.29732259924551e-15	DNAJB14	c16
0.0343266194554032	-0.399136408321549	0.025	0.018	1	ZNF45	c16
0.000332516327659023	-0.39911166153491	0.056	0.039	1	ZNF12	c16
3.38212521679497e-10	-0.398942318563215	0.138	0.091	1.23789165059913e-05	DHX38	c16
0.251404641323182	-0.398804416627429	0.059	0.053	1	GHDC	c16
3.47662242000141e-12	-0.398773978000584	0.137	0.086	1.27247857194471e-07	GNL3L	c16
3.35592645176218e-10	-0.398444921381764	0.487	0.362	1.22830264060948e-05	GLIPR1	c16
1.01247445656059e-08	-0.398172029358819	0.418	0.312	0.00037057577584574	PHPT1	c16
1.91991892704939e-35	-0.398141993271141	0.216	0.111	7.02709526489346e-31	LPIN1	c16
3.05993492708892e-10	-0.397969563432283	0.067	0.037	1.11996678266381e-05	TRIM35	c16
3.9327011882813e-18	-0.397935470967088	0.219	0.139	1.43940796192284e-13	YIPF4	c16
6.66185737633904e-06	-0.397935066575395	0.045	0.026	0.243830641831385	ADAL	c16
0.00052758258299374	-0.397781578395045	0.161	0.131	1	AZIN1	c16
0.000124486988057031	-0.3976638150161	0.153	0.12	1	MAPKAP1	c16
1.49407007292595e-08	-0.397639161280394	0.299	0.225	0.000546844587391629	GBP1	c16
1.8609036441591e-06	-0.397586425280017	0.117	0.083	0.0681109342798674	GFM1	c16
0.00970790258444088	-0.397489484918712	0.151	0.128	1	TMEM199	c16
0.458741525350919	-0.39735590120945	0.116	0.11	1	INF2	c16
3.02023553761478e-07	-0.397337652705775	0.605	0.434	0.0110543640912239	BAX	c16
0.435613136989457	-0.397337420925743	0.071	0.066	1	TFE3	c16
3.47322570859694e-06	-0.397252598408094	0.058	0.036	0.127123534160357	MYO19	c16
3.8412207973426e-05	-0.397203167629471	0.066	0.045	1	MIOS	c16
0.131083557273007	-0.39719503100434	0.052	0.044	1	ATG4A	c16
3.09803478311028e-06	-0.397183863338911	0.392	0.308	0.113391171096619	LSM10	c16
1.82695896448732e-07	-0.397168624873192	0.127	0.089	0.00668685250592004	RNF6	c16
0.00164932983835762	-0.397043564344863	0.203	0.169	1	SLC25A1	c16
2.92493690630178e-06	0.397011918722662	0.01	0.003	0.107055615707552	MBLAC1	c16
2.9436063036387e-06	-0.396302087295884	0.169	0.127	0.10773893431948	KPNA4	c16
0.00155508155660945	-0.396216683880301	0.595	0.445	1	GNB2	c16
0.00232795401714568	-0.396123883166667	0.014	0.007	1	LINC00630	c16
0.00107300581373354	-0.395978738630653	0.016	0.008	1	AOPEP	c16
0.00052702260672287	-0.395591046303302	0.1	0.076	1	EXOC6	c16
0.0204971422213871	-0.39544881748112	0.217	0.191	1	ZNF593	c16
0.625284139980629	-0.395307147860518	0.026	0.024	1	LINC00239	c16
0.290080866680645	-0.395206530727563	0.038	0.033	1	FOCAD	c16
2.36310727807045e-09	-0.394768288288567	0.09	0.056	8.64920894846564e-05	TRIM11	c16
2.15629848182392e-10	-0.394675140626195	0.083	0.049	7.89226807332374e-06	THAP6	c16
7.51824576864573e-06	-0.394569661090914	0.229	0.18	0.275175313378202	CMPK1	c16
0.0154177981937304	-0.394502400271219	0.014	0.008	1	ZNF517	c16
2.43116225420963e-14	-0.394355615860709	0.131	0.078	8.89829696663267e-10	KIAA0319L	c16
1.1059091615004e-14	-0.394291747218757	0.295	0.206	4.04773812200761e-10	EFCAB14	c16
1.01739865710378e-05	-0.394164763810647	0.028	0.015	0.372378082486555	TRMT44	c16
8.67502716026799e-13	-0.394037706498168	0.127	0.077	3.17514669092969e-08	ZCCHC8	c16
0.00223754134850157	-0.393589600408793	0.085	0.066	1	MTRF1L	c16
7.08156056068153e-30	-0.393506971831551	0.292	0.172	2.59192198081505e-25	CDK12	c16
1.14565705867524e-11	-0.393479077814683	0.236	0.166	4.19321940045724e-07	GARS	c16
3.84553685135163e-09	-0.393459899946915	0.298	0.224	0.000140750494296321	IARS2	c16
3.2256090454631e-08	-0.393358445365802	0.021	0.009	0.00118060516672995	AL035701.1	c16
0.00724024341322528	-0.393332966523372	0.021	0.014	1	BIVM	c16
0.000158843448053176	-0.393073792425767	0.267	0.219	1	CD2BP2	c16
5.79859354634902e-10	-0.393044798704899	0.062	0.034	2.12234322389921e-05	ABCC10	c16
0.00873898679818442	-0.392919862633204	0.05	0.038	1	ZNF740	c16
1.7097464690787e-06	-0.392711294144298	0.12	0.086	0.0625784305147494	TMX3	c16
0.00078277429930734	-0.392581749614971	0.02	0.011	1	C1orf112	c16
0.000199270921434219	-0.392391604441726	0.024	0.013	1	ZNF785	c16
0.0246846699312929	-0.392347506055812	0.042	0.032	1	HCG11	c16
3.35220172128152e-07	-0.392277577169187	0.051	0.029	0.0122693935200625	PRKAB2	c16
0.00144717929685516	-0.392253784159949	0.204	0.17	1	EPN1	c16
0.0265028468988803	-0.392061504081862	0.027	0.02	1	TRIM68	c16
0.0918350800990158	-0.391956028632415	0.019	0.014	1	NUP50-DT	c16
0.598320675442888	-0.39190925200966	0.036	0.034	1	TRIM16	c16
2.47969762556838e-27	-0.39188368870945	0.123	0.058	9.07594127934283e-23	RLF	c16
9.04508065318209e-09	-0.391866390626359	0.083	0.051	0.000331058996987118	CIAO3	c16
0.0408424302339582	-0.391804080845287	0.067	0.055	1	RNF2	c16
0.00018205257282667	-0.391737784978703	0.046	0.03	1	ZNF260	c16
0.000105741561903829	-0.391689892241854	0.109	0.082	1	MAP3K7	c16
4.47526754928157e-07	-0.391656503060555	0.071	0.045	0.0163799267571255	METTL2B	c16
0.00119475464614942	-0.391454141411459	0.028	0.017	1	ZNF525	c16
1.06733810837674e-06	-0.39125399678023	0.344	0.269	0.0390656421046972	TMEM208	c16
0.00687434535745672	-0.390910072693296	0.069	0.054	1	EXT2	c16
0.00110570666594145	-0.390897148666421	0.023	0.013	1	AC092944.1	c16
6.46410548417107e-08	-0.390876293019971	0.351	0.269	0.00236592724826145	ARF4	c16
1.14148396709298e-09	-0.390472321519853	0.077	0.045	4.17794546795702e-05	HAUS6	c16
3.95514267668852e-06	-0.390336828089168	0.103	0.073	0.144762177109477	CCDC127	c16
0.00776180084576553	-0.390220262049315	0.098	0.08	1	XPNPEP1	c16
9.86906799038004e-10	-0.39019017704331	0.186	0.132	3.612177575159e-05	MAN2A1	c16
5.52633888742496e-13	-0.389940138997533	0.24	0.166	2.02269529618641e-08	TMEM87A	c16
3.95704042657956e-09	-0.38985957190442	0.049	0.025	0.000144831636653239	ZNF26	c16
0.881512995796731	-0.389857683951849	0.012	0.011	1	CYB5RL	c16
2.65774766303716e-08	-0.389835797784071	0.035	0.017	0.00097276222214823	NDC80	c16
5.28319585222038e-05	-0.38981645032874	0.068	0.047	1	TATDN2	c16
4.67690340565836e-43	-0.389751159112148	0.317	0.17	1.71179341550502e-38	APOBEC3C	c16
0.0125844902256001	-0.389750748307409	0.218	0.189	1	UBA1	c16
0.000274026500990553	-0.389471421684482	0.172	0.139	1	TOR2A	c16
0.00107208068698331	-0.389272427719578	0.106	0.083	1	APOL2	c16
1.27618134282231e-49	-0.389033908746859	0.155	0.061	4.67095133286395e-45	ANKRD36C	c16
0.000367638998078166	-0.388821861511419	0.421	0.336	1	ATG3	c16
0.0154560759635923	-0.388697043970047	0.023	0.016	1	AHCYL2	c16
1.14678188157786e-15	-0.388569277662727	0.106	0.058	4.19733636476313e-11	ATP6V0A2	c16
0.00175710400698857	-0.388471325614373	0.194	0.163	1	POP7	c16
0.70954860511835	-0.388419202010223	0.031	0.03	1	CDYL	c16
0.000134361399415752	-0.388340768564751	0.039	0.025	1	POLI	c16
1.10159075761721e-08	-0.388136569039034	0.26	0.196	0.000403193233195474	PPP1CB	c16
0.0188098399888547	-0.388007352849925	0.123	0.104	1	NUDT9	c16
1.19137342711197e-11	-0.387784546163586	0.148	0.096	4.36054588057252e-07	SNX29	c16
2.00400173392364e-07	-0.38747476751435	0.084	0.054	0.0073348467463339	PHF23	c16
2.6475770820569e-05	0.387396944666929	0.01	0.004	0.969039687803646	SDCBP2	c16
1.84303272876292e-13	-0.387347354927857	0.139	0.086	6.74568409054515e-09	SART3	c16
1.13201444749695e-08	-0.387243754595	0.03	0.013	0.000414328607928357	TMEM65	c16
3.05567676488893e-05	-0.387026570347321	0.072	0.049	1	CSTF2	c16
5.66250726070594e-06	-0.386976869534862	0.183	0.142	0.207253428249098	MRPL19	c16
0.0302809500102013	-0.386930913332689	0.076	0.063	1	PRPF4	c16
2.40304931831275e-23	-0.386924436214983	0.076	0.031	8.79540080995651e-19	LINC-PINT	c16
6.38646087390954e-06	-0.386737728986973	0.164	0.125	0.233750854445963	C5orf24	c16
0.00409470170106732	-0.386699745919635	0.082	0.064	1	FHL3	c16
4.44231253868513e-16	-0.386503261164319	0.112	0.062	1.62593081228415e-11	ZBTB11	c16
0.000284685173170697	-0.386404225337026	0.149	0.119	1	C8orf76	c16
1.51932987388953e-09	-0.386301984778332	0.177	0.124	5.56089927142307e-05	PPIL4	c16
1.03519253005527e-05	-0.386144451911461	0.269	0.213	0.378890817925529	MAPRE1	c16
0.0033375987591075	-0.385967187063349	0.205	0.173	1	ACO2	c16
0.274330978772368	-0.385964536098156	0.043	0.049	1	AC090204.1	c16
4.46656416535556e-11	-0.38593044598692	0.342	0.255	1.63480715016179e-06	STAU1	c16
0.507841863269156	-0.385843885170067	0.012	0.01	1	EVI5L	c16
2.56769645144182e-06	-0.385818328558298	0.128	0.093	0.0939802578192221	WIPF2	c16
1.06757886137057e-41	-0.385804972454565	0.209	0.1	3.90744539050244e-37	DIP2A	c16
1.92944664677818e-05	-0.385665914278539	0.114	0.084	0.70619676718728	RMC1	c16
1.43259895770716e-07	-0.38540316463996	0.087	0.056	0.00524345544510396	ELK4	c16
5.68410139391765e-13	-0.385232311713684	0.1	0.057	2.0804379511878e-08	XPOT	c16
2.72038500391224e-05	-0.385158361837992	0.45	0.345	0.995688115281919	NDUFB1	c16
3.19680631199833e-08	-0.38510915196077	0.23	0.172	0.00117006307825451	TMX1	c16
0.586948584485279	-0.384953961631126	0.064	0.061	1	SPRYD7	c16
2.09909610760727e-28	-0.384711795246937	0.286	0.171	7.68290166345337e-24	ASH1L	c16
1.53792841629225e-05	-0.384534413904582	0.109	0.079	0.562897179647128	AP5M1	c16
1.41928131172865e-64	-0.384403124110854	0.441	0.231	5.19471152905802e-60	MACF1	c16
1.44254164030295e-08	-0.384392639889192	0.26	0.196	0.000527984665767284	DERL2	c16
1.74082527842806e-07	-0.384262100267797	0.409	0.312	0.00637159460157452	POLR2K	c16
4.85329831097269e-08	-0.38399453232141	0.053	0.029	0.00177635571479911	FRS2	c16
0.800983357032425	-0.383922025111097	0.026	0.027	1	SH3BP5L	c16
0.0344381578517891	-0.383677105707255	0.093	0.078	1	RFX5	c16
1.91613802822011e-06	-0.383660856045785	0.04	0.022	0.0701325679708842	ZNF805	c16
0.614625888666155	-0.383406143365305	0.052	0.049	1	ATG4C	c16
3.49162118938333e-77	-0.383349807854183	0.178	0.059	1.27796827152619e-72	SLAMF1	c16
0.000154140417743201	-0.383246409923105	0.047	0.031	1	TUBE1	c16
0.0295940118969391	-0.383174444418269	0.028	0.02	1	KCTD2	c16
0.0209334416822773	-0.382990604872967	0.73	0.53	1	RPS27L	c16
3.01221654336655e-06	-0.382970626795766	0.256	0.202	0.110250137703759	ZNFX1	c16
3.01492079026213e-13	-0.382913572498804	0.251	0.174	1.10349115844384e-08	GRK2	c16
2.63583219834901e-11	-0.382829306314703	0.25	0.179	9.64740942917721e-07	TANK	c16
0.000129615777946545	0.382593737443829	0.011	0.005	1	AC114271.1	c16
0.121902925736299	-0.382507932144546	0.017	0.013	1	WDR19	c16
1.65197585461355e-08	-0.38217295248537	0.103	0.067	0.000604639682547105	PIAS4	c16
1.03134940350055e-30	-0.382097443776065	0.089	0.035	3.77484195175237e-26	SLC16A1-AS1	c16
0.00959131998845589	-0.381979313928843	0.016	0.009	1	LINC00910	c16
0.0131072815282531	-0.381322555088198	0.023	0.015	1	ZNF319	c16
2.79526213510139e-05	-0.381285680627014	0.105	0.077	1	HSD17B7	c16
0.0125599901482606	-0.381272112480061	0.034	0.025	1	UQCC1	c16
2.85367620816336e-10	-0.380993583850338	0.111	0.07	1.04447402894987e-05	DDX58	c16
0.000625439126182615	-0.380796019694019	0.114	0.089	1	PAK1IP1	c16
1.13138971592422e-07	-0.380506951936757	0.159	0.115	0.00414099949925425	GNA13	c16
0.0130153563467257	-0.380377384706728	0.036	0.027	1	TRUB1	c16
0.000470706779430859	0.379669534590056	0.01	0.004	1	RABGAP1L-DT	c16
0.00724673836884334	-0.379508970609915	0.041	0.03	1	ZNF189	c16
9.87190661690965e-05	-0.379320346987883	0.216	0.174	1	PTPN18	c16
0.722479921349501	-0.379278855042132	0.043	0.042	1	TBL2	c16
0.0188118926565693	-0.378106133132833	0.013	0.008	1	HIST1H2AL	c16
5.37838826896522e-16	-0.377830187301401	0.105	0.057	1.96854389032396e-11	AKAP10	c16
0.000220820067893269	-0.377738030492006	0.014	0.007	1	HNRNPA1L2	c16
0.0531119063198537	-0.377687129126587	0.075	0.063	1	GGCX	c16
0.00289342769007439	-0.377416161598526	0.08	0.062	1	LETM1	c16
5.66766507141273e-05	-0.377327460848396	0.049	0.031	1	ZNF140	c16
3.91453249197976e-11	-0.377295546687787	0.207	0.145	1.43275803738951e-06	RDH11	c16
9.3519036079301e-16	-0.377272113748721	0.297	0.205	3.42289023953849e-11	RECQL	c16
1.3686077973611e-05	-0.377099278740548	0.17	0.131	0.500924139912136	CPSF2	c16
9.5972132579392e-06	-0.37705646537809	0.103	0.073	0.351267602453833	SYMPK	c16
8.98111065550254e-13	-0.37697059339709	0.049	0.022	3.28717631102049e-08	ZNF142	c16
5.60060449238107e-19	-0.376969019248353	0.128	0.07	2.04987725025639e-14	TMEM41B	c16
4.03433321562587e-12	-0.376949087651546	0.417	0.308	1.47660630025122e-07	TOP1	c16
5.42280682216143e-15	-0.37652488806967	0.114	0.065	1.98480152497931e-10	WDR70	c16
8.52897333414598e-08	-0.375858892416107	0.124	0.086	0.00312168953003077	CEP104	c16
2.71866240280638e-82	-0.375806202030664	0.655	0.317	9.95057626051161e-78	CST7	c16
0.000527718109473344	-0.375672075615376	0.12	0.095	1	TRMO	c16
0.0500799704226704	-0.375516866421264	0.039	0.031	1	NACC2	c16
2.05818077921631e-21	-0.375513328290491	0.341	0.226	7.5331474700096e-17	PIAS1	c16
0.199186787815272	-0.37548975949154	0.086	0.077	1	RPS6KA4	c16
0.00773191493400568	-0.375371015854908	0.025	0.016	1	CNNM3	c16
2.81750963931116e-36	-0.37523223112189	0.263	0.142	1.03123670308428e-31	RNF19A	c16
8.04099047170332e-43	-0.375029560792835	0.664	0.419	2.94308292254813e-38	EZR	c16
1.09343126565371e-06	-0.375019132258551	0.071	0.045	0.0400206777541913	KDM4B	c16
0.0270481432548359	-0.374934451695821	0.03	0.022	1	TIMELESS	c16
0.0888181914400614	-0.37466939597159	0.03	0.024	1	RACGAP1	c16
6.31525503858273e-08	-0.374656925699836	0.292	0.226	0.00231144649667166	NGRN	c16
0.132672147774447	-0.374572534475691	0.772	0.545	1	TMEM59	c16
2.25145654122862e-05	-0.374450898144233	0.062	0.041	0.824055608655089	ABCC1	c16
6.0141131882038e-15	-0.37406754435956	0.132	0.078	2.20122556801447e-10	WDR60	c16
5.06399649479553e-12	-0.373975217876953	0.108	0.064	1.85347335706011e-07	UBXN7	c16
1.57078240572734e-12	-0.373732554242009	0.148	0.094	5.74922068320265e-08	EML2	c16
1.15758933769193e-06	-0.373613102272168	0.265	0.208	0.0423689273488624	PPP1R15A	c16
0.00046305161527473	-0.373441781136603	0.017	0.009	1	GINS4	c16
0.00174598255999051	-0.373415939029063	0.073	0.056	1	TRIP4	c16
1.70142950034367e-24	-0.373415453384604	0.552	0.373	6.22740211420786e-20	SCAF11	c16
0.000474620393926932	-0.373269866899134	0.053	0.037	1	DSN1	c16
8.92598584565569e-08	-0.373147305595079	0.163	0.117	0.00326700007936844	GOSR2	c16
8.6156741093078e-05	-0.37308754261826	0.238	0.192	1	RAB9A	c16
0.236126550034279	-0.372901450924416	0.024	0.02	1	KMT5C	c16
9.28371303982154e-06	-0.372281282592253	0.061	0.039	0.339793180970508	GABPB1	c16
0.0136495158230714	-0.372195962258643	0.252	0.218	1	MTX1	c16
1.76111445728963e-13	-0.37196012475754	0.278	0.196	6.44585502512578e-09	ABI1	c16
4.03921580524341e-26	-0.371740292902067	0.191	0.105	1.47839337687714e-21	CPT1A	c16
5.90675160759697e-07	-0.371584216986688	0.061	0.037	0.0216193015589657	KIAA0355	c16
1.08957078984364e-07	-0.371247187230866	0.115	0.079	0.0039879380479067	PPM1A	c16
2.68054539777381e-34	-0.371211515712604	0.145	0.065	9.81106421039191e-30	DMTF1	c16
0.000144735371401127	-0.371056747235784	0.169	0.135	1	EMC8	c16
0.216208098848404	-0.370999352566602	0.026	0.022	1	EXO5	c16
1.00358629630491e-07	-0.370909385548312	0.395	0.303	0.0036732262031056	DDRGK1	c16
0.000533830601076618	0.370905130290758	0.016	0.008	1	AC040169.1	c16
0.000323095988092347	-0.370794455878619	0.123	0.096	1	HDGF	c16
1.59236438524341e-07	-0.370490287114115	0.057	0.034	0.0058282128864294	DHX37	c16
6.56313450080066e-07	-0.370468777461165	0.135	0.097	0.0240217285863805	NCOA1	c16
1.02070061973308e-08	-0.370387901910953	0.078	0.048	0.000373586633828504	NDUFAF6	c16
0.01074185576448	-0.370259748842127	0.697	0.498	1	PSMB3	c16
0.110877359120884	-0.37021652324392	0.02	0.015	1	TAF1A	c16
5.57333579851654e-08	-0.369766881451515	0.117	0.08	0.00203989663561504	VPS39	c16
6.23016206531215e-06	-0.36972916388261	0.048	0.029	0.22803016175249	LLGL2	c16
9.04273688961553e-40	-0.369654837984031	0.255	0.133	3.30973212896818e-35	FRYL	c16
0.000590089803855301	-0.369534736194854	0.057	0.04	1	RAB2B	c16
2.18961390542246e-24	-0.36932700752495	0.402	0.267	8.01420585523674e-20	GOLGA4	c16
2.3050187211184e-26	-0.369206593713222	0.11	0.05	8.43659902116545e-22	ZNF708	c16
5.72520267868401e-08	-0.36901973440619	0.089	0.057	0.00209548143242513	ZC3H4	c16
3.70854913914974e-07	-0.368940165072332	0.068	0.042	0.013573660704202	NAA30	c16
5.15827687973752e-06	-0.368916690242718	0.038	0.022	0.188798092075273	ZNF865	c16
0.000401961903058298	-0.36888670350106	0.14	0.112	1	OXSR1	c16
7.2530855454447e-07	-0.368849706419306	0.144	0.104	0.0265470184048822	UBE2Z	c16
3.16548319066238e-12	-0.368742943720705	0.078	0.042	1.15859850261434e-07	RAB11FIP4	c16
0.00145051253917328	-0.368373298615372	0.079	0.06	1	FAM168B	c16
8.32068937875565e-10	-0.36836835632724	0.095	0.059	3.04545551951836e-05	SLC33A1	c16
0.000379419259738882	-0.368270405427956	0.021	0.011	1	FAM215B	c16
1.3453834438004e-16	-0.368247135353434	0.16	0.096	4.92423794265386e-12	DYM	c16
0.00386811615041258	-0.367872049802834	0.125	0.102	1	MMAB	c16
1.35850995486777e-16	-0.367815032435165	0.148	0.088	4.97228228581153e-12	HBS1L	c16
0.00252372260840386	-0.367575219647943	0.031	0.021	1	ZNF761	c16
0.00380371902391747	-0.367538772318025	0.123	0.101	1	AP2A2	c16
0.000124052460350218	0.367351896263946	0.013	0.006	1	ARMCX5-GPRASP2	c16
0.0413386479556647	-0.36726688060783	0.01	0.017	1	ARMCX2	c16
4.04394574068773e-15	-0.367249048383828	0.106	0.059	1.48012458054912e-10	G2E3	c16
0.326952189539112	-0.367119861573959	0.024	0.021	1	AC091982.3	c16
3.70293524969967e-07	-0.367001074872796	0.561	0.415	0.0135531133074257	NDUFA6	c16
1.21512740445686e-11	-0.366915625020262	0.523	0.386	4.44748781305256e-07	YWHAQ	c16
1.05210939778833e-05	-0.366521984888955	0.508	0.388	0.385082560684505	P4HB	c16
6.24068896624338e-17	-0.366413789157868	0.09	0.046	2.28415456853474e-12	ZNF600	c16
0.00692519418182316	-0.366301922722184	0.025	0.016	1	ZNF786	c16
2.32224740795142e-15	-0.365942422352675	0.094	0.05	8.499657737843e-11	DDHD2	c16
0.032560469431107	-0.365915485019164	0.129	0.112	1	SCO2	c16
0.589008391747564	-0.365684044421949	0.019	0.017	1	AC006333.2	c16
0.000263775781112867	-0.365575220768056	0.012	0.005	1	AL021368.2	c16
0.00442239773884537	-0.365557894997759	0.042	0.03	1	ZNF174	c16
7.34056444027369e-05	-0.365534459857015	0.176	0.14	1	MRPS22	c16
0.00104098967899296	-0.3652012451703	0.058	0.042	1	TMEM185B	c16
1.53620593220371e-05	0.365035976730736	0.018	0.008	0.56226673324588	ZFP69	c16
1.24149326306256e-06	-0.364744144845334	0.439	0.336	0.0454398949213529	RER1	c16
6.43045485750069e-06	-0.364392295093943	0.065	0.042	0.235361078239383	FAM160A2	c16
2.46960957198672e-06	-0.364168960578361	0.542	0.402	0.0903901799442858	GNAI2	c16
1.62556045002772e-07	-0.363961752604013	0.17	0.124	0.00594971380314646	OXR1	c16
0.519205594384209	-0.363879266759919	0.026	0.024	1	ALYREF	c16
0.00697569690054489	-0.363837506956354	0.072	0.056	1	GLE1	c16
2.35930611755698e-06	-0.363803364795545	0.02	0.009	0.0863529632087031	POMK	c16
0.000352465482094787	-0.363531440087191	0.113	0.088	1	NOC3L	c16
0.00187187952520202	-0.363347203338577	0.256	0.216	1	MRPS23	c16
1.40293983756577e-10	-0.363324417825037	0.128	0.083	5.13490009947447e-06	DIS3	c16
8.19211432317145e-10	-0.363267794111731	0.045	0.022	2.99839576342398e-05	FAM193B	c16
4.57757740862593e-18	-0.363048402782798	0.111	0.059	1.67543910733118e-13	AGO2	c16
0.00191161572233735	-0.362812196688848	0.174	0.146	1	CS	c16
3.95402647892537e-06	-0.362762532763554	0.385	0.3	0.144721323155148	ACAA1	c16
0.0011646019250052	-0.362235119228984	0.321	0.27	1	EIF4E2	c16
0.574982303060807	-0.362008298527499	0.073	0.07	1	ZC2HC1A	c16
0.306543951601098	-0.361710095432643	0.036	0.031	1	KLHL21	c16
4.05133229763287e-17	-0.361616882751252	0.473	0.335	1.48282813425661e-12	BZW1	c16
7.27124198194352e-05	-0.361605430686584	0.028	0.016	1	CLECL1	c16
0.00197511185016159	-0.361436438737577	0.109	0.087	1	ACBD3	c16
2.69366545754884e-19	-0.361341315606308	0.089	0.042	9.85908494117451e-15	MPHOSPH9	c16
0.021907844467201	-0.361332976017419	0.008	0.015	1	C2orf81	c16
0.688851302463267	-0.361142152722024	0.026	0.025	1	PCOLCE	c16
0.00508489393186432	-0.361045199025172	0.047	0.035	1	PUDP	c16
1.98727360782335e-24	-0.36082056068259	0.143	0.073	7.27362013199423e-20	CDK17	c16
3.57883590103591e-06	-0.36025270034884	0.168	0.127	0.130988972813815	CDV3	c16
1.14376448666491e-09	-0.359725198558988	0.189	0.134	4.18629239764225e-05	RAB5A	c16
0.197829829219415	-0.359695389670394	0.086	0.077	1	NUP93	c16
1.12786628456334e-09	-0.359608994306942	0.096	0.059	4.12810338813027e-05	NRDE2	c16
6.14874645479722e-08	-0.359375582805223	0.05	0.028	0.00225050268992033	TRIM23	c16
4.01932049488244e-09	-0.35928058519789	0.048	0.025	0.000147111149433192	ZNF439	c16
0.0168217362268477	-0.358611696646025	0.13	0.111	1	ARFIP1	c16
6.13399522012942e-13	-0.358110562887587	0.18	0.119	2.24510359051957e-08	TBC1D22A	c16
0.0521179260828816	-0.358028618239413	0.018	0.013	1	STARD7-AS1	c16
0.00428123681198386	-0.357852423573743	0.033	0.022	1	ZNF585B	c16
2.31937178988302e-07	-0.357833735615264	0.159	0.116	0.00848913268815083	SLC25A20	c16
1.34737258455857e-15	-0.357822442545081	0.142	0.085	4.93151839674282e-11	PPP5C	c16
0.000307914999949449	0.357328415161026	0.01	0.004	1	AC005306.1	c16
0.169044828569158	-0.357223025068299	0.812	0.553	1	BCAP31	c16
1.98027776099757e-07	-0.357075642732108	0.141	0.101	0.0072480146330272	SLC39A6	c16
0.74153891952392	-0.357030268955686	0.106	0.103	1	FARSB	c16
6.91883856123586e-17	-0.356593063450707	0.196	0.123	2.53236410179794e-12	ZBTB1	c16
0.509403716531456	-0.356515236770245	0.012	0.011	1	IFT81	c16
0.00283170249958096	0.356434539294395	0.014	0.008	1	CYB5D1	c16
0.00573572629897675	-0.356257265854949	0.052	0.038	1	ZNF317	c16
6.65474671670639e-148	-0.356184387759106	0.381	0.129	2.43570384578171e-143	SYNE1	c16
0.186341129370504	-0.356010780479231	0.075	0.067	1	ZFYVE19	c16
0.000546310790287792	-0.355869567147129	0.04	0.026	1	KCTD6	c16
3.02958599999543e-23	-0.35562089894383	0.385	0.255	1.10885877185833e-18	DNAJC1	c16
0.00393610645662876	-0.355560702817565	0.012	0.006	1	AC022211.2	c16
1.24947273098232e-06	-0.355477921223897	0.081	0.053	0.0457319514266838	ZNF561	c16
1.13783955100035e-06	-0.35543824550776	0.142	0.104	0.0416460654061638	JMJD6	c16
2.08066671552673e-36	-0.355364287447628	0.408	0.246	7.61544824549939e-32	PRPF4B	c16
1.9314876354924e-11	-0.355327195648017	0.065	0.035	7.06943789466573e-07	TMEM260	c16
2.92245127141105e-05	0.355120059432848	0.01	0.004	1	LINC01725	c16
0.000196773496686066	-0.354897393884494	0.059	0.041	1	FGFR1OP	c16
2.85908604530972e-08	-0.354821582323801	0.347	0.265	0.00104645408344381	C1D	c16
2.32846972344472e-31	-0.35477734420197	0.616	0.407	8.52243203478003e-27	NCOR1	c16
0.117697447933971	-0.354523341676801	0.02	0.015	1	ZFAT	c16
4.16579142120007e-08	-0.354383212683354	0.442	0.33	0.00152472131807344	NDUFS3	c16
0.00226816206287238	-0.35424553034964	0.115	0.093	1	ALG8	c16
0.0559708744042078	-0.354069827017417	0.017	0.012	1	SSX2IP	c16
0.000298047286838654	-0.354068611200519	0.036	0.022	1	GPD1L	c16
1.46769511496708e-11	-0.353995039832713	0.03	0.011	5.371910890291e-07	LINC01409	c16
0.0196300067098942	-0.353887139384728	0.071	0.057	1	MKKS	c16
8.22393163450032e-10	-0.353781541949264	0.173	0.121	3.01004121754346e-05	MRPL42	c16
3.04608016496345e-14	-0.353778748984855	0.424	0.307	1.11489580117827e-09	HERPUD1	c16
1.6647870961239e-07	-0.353733840618947	0.297	0.231	0.00609328725052308	CCDC90B	c16
3.3642877511639e-07	-0.353594829279364	0.017	0.006	0.012313629598035	NBL1	c16
3.57120702555601e-14	-0.353491113848818	0.24	0.164	1.30709748342376e-09	RAD50	c16
5.39323389032914e-05	-0.353140829521349	0.023	0.012	1	MED26	c16
8.05459062211178e-12	-0.352792010920532	0.61	0.438	2.94806071359913e-07	RBM8A	c16
1.97463759470965e-17	-0.352492590059677	0.113	0.061	7.22737106039678e-13	RCOR3	c16
7.37450663328669e-18	-0.352396872066728	0.074	0.034	2.69914317284926e-13	POLG2	c16
9.51279854800492e-05	0.352218705012121	0.011	0.004	1	AL645933.3	c16
8.25273319599153e-09	-0.351997699280095	0.101	0.065	0.000302058287706486	ZNF195	c16
0.0451523155372515	-0.351696247719892	0.105	0.09	1	ATP13A1	c16
0.0297756225351142	-0.351691267784081	0.04	0.031	1	SWSAP1	c16
6.97503358741761e-19	-0.35161165742223	0.21	0.13	2.55293204333072e-14	RB1	c16
0.00094917303664123	-0.351577994870462	0.01	0.004	1	CATSPER2	c16
0.109095907874511	-0.351330102773367	0.063	0.054	1	DLAT	c16
2.37556279567901e-05	-0.351173226257854	0.087	0.061	0.869479738846473	FCF1	c16
0.0538167830022633	-0.351002068699503	0.021	0.015	1	DET1	c16
1.17718015758238e-19	-0.350972090185621	0.03	0.009	4.30859709476727e-15	MMP23B	c16
9.19785264545428e-06	0.350813334464866	0.01	0.004	0.336650604676272	ZNF154	c16
2.86853424362206e-09	-0.350799157473307	0.062	0.035	0.000104991221850811	TADA2A	c16
2.81417607855872e-16	-0.350719513716107	0.157	0.095	1.03001658651328e-11	CREM	c16
9.07309732089124e-06	-0.350474291763823	0.481	0.363	0.33208443504194	CTSA	c16
4.17335234545541e-05	-0.350035332147605	0.024	0.013	1	PTCD2	c16
1.45239041034856e-09	-0.350031957504167	0.139	0.094	5.31589414091677e-05	RAF1	c16
0.0282158533383054	-0.349893034393993	0.131	0.113	1	OTULINL	c16
7.62030669367294e-15	-0.349885600797602	0.727	0.514	2.78910845295123e-10	PDIA3	c16
0.000188526927496914	-0.349854946505605	0.758	0.533	1	ARL6IP1	c16
3.93032151444314e-17	-0.349794848866147	0.132	0.075	1.43853697750133e-12	YTHDC2	c16
0.010651855420805	-0.349786655374107	0.048	0.036	1	NARS2	c16
9.0397850941821e-27	-0.349709751591076	0.086	0.035	3.30865174232159e-22	HELLS	c16
1.31098976222935e-11	-0.349646513210946	0.086	0.049	4.79835362873564e-07	THADA	c16
1.3275635343305e-06	-0.349562860475507	0.06	0.037	0.0485901529200305	ZNF384	c16
4.96509667463573e-21	-0.349165621333734	0.14	0.075	1.81727503388342e-16	EXOC2	c16
1.7823332071078e-08	-0.349129266446421	0.248	0.187	0.000652351777133526	SND1	c16
3.15246897524791e-06	-0.349115021389783	0.218	0.169	0.115383516963049	TMEM14A	c16
0.619931710638825	-0.348759841161602	0.041	0.039	1	THAP8	c16
7.26192641656198e-17	-0.348648142487587	0.089	0.045	2.65793768772585e-12	RPTOR	c16
1.08118947916315e-06	-0.348491842148347	0.34	0.268	0.0395726161268505	APPL1	c16
1.39430544886629e-16	-0.348440062855583	0.527	0.369	5.10329737339549e-12	VCP	c16
0.00149407747327957	-0.348435140670138	0.075	0.057	1	KLHL7	c16
3.75709735938166e-23	-0.348415958579149	0.153	0.082	1.37513520450728e-18	AFF1	c16
1.11491652788547e-07	-0.348363568140276	0.189	0.14	0.00408070598371361	CXorf38	c16
2.28451296673719e-05	-0.347970580120605	0.221	0.176	0.836154590955477	TRIM44	c16
3.32643769740632e-07	-0.347846341140696	0.192	0.144	0.0121750946162769	GANAB	c16
1.51967065762202e-10	-0.347633904521491	0.02	0.007	5.56214657396234e-06	SLC35F2	c16
0.524233189499549	-0.347486049504702	0.082	0.077	1	BX284668.5	c16
1.46088834625194e-12	-0.347409358900874	0.433	0.316	5.34699743611674e-08	PCMT1	c16
6.85702588002773e-06	-0.347099621656627	0.092	0.064	0.250974004234895	ELMO2	c16
6.6198047980206e-05	-0.347095408787128	0.038	0.023	1	PALB2	c16
0.0480597186904542	-0.34698719830116	0.183	0.163	1	MRPL15	c16
5.25761818087424e-15	-0.346939521969668	0.119	0.069	1.92434083038178e-10	MSH3	c16
0.0212753185394213	-0.346825588306512	0.016	0.01	1	S1PR2	c16
0.00064535697545473	-0.346694683749953	0.033	0.021	1	CCHCR1	c16
0.000210091368817538	-0.346643494971941	0.042	0.027	1	FASTKD3	c16
0.509662212558838	-0.346585476420527	0.04	0.037	1	PIGV	c16
0.0331963617116143	-0.346457204178113	0.093	0.079	1	BBS2	c16
0.000910806489554652	-0.346264284129359	0.014	0.007	1	AC009113.1	c16
0.258883915854606	-0.346176972246157	0.015	0.012	1	AC018647.2	c16
1.15986294653935e-05	-0.346116983104876	0.075	0.05	0.424521437062867	FAM98B	c16
2.94673654862857e-07	-0.34598674902292	0.182	0.136	0.0107853504416354	SEC22B	c16
6.6527778643302e-10	-0.345771250381152	0.12	0.077	2.4349832261235e-05	NAT9	c16
4.65971912792584e-11	-0.345716647286162	0.063	0.033	1.70550379801214e-06	ALG6	c16
6.11043257138693e-33	-0.34568640463356	0.172	0.084	2.23647942545333e-28	CWF19L2	c16
1.0662341704909e-10	-0.345684437016494	0.118	0.075	3.90252368741374e-06	COG5	c16
0.02376660910328	-0.34556716402551	0.017	0.011	1	AL356599.1	c16
0.00110558152113508	-0.345494736556586	0.083	0.063	1	FBXL3	c16
1.15755697238345e-10	-0.344858251504899	0.122	0.078	4.23677427462065e-06	AQR	c16
1.33789342012951e-07	-0.344809682548957	0.123	0.086	0.00489682370701602	ZC3H14	c16
7.61758349491702e-19	-0.344694234467806	0.406	0.28	2.78811173497458e-14	HSPA9	c16
9.11221053713257e-05	-0.34430756428979	0.203	0.163	1	EPSTI1	c16
0.000108961862614053	-0.344163720280855	0.106	0.08	1	RAB22A	c16
1.72369236718439e-13	-0.344085345062404	0.179	0.117	6.30888643313157e-09	KRIT1	c16
3.12026784252532e-10	-0.343679747508339	0.256	0.186	1.14204923304269e-05	NSRP1	c16
1.43843440036366e-08	-0.343578293193668	0.14	0.097	0.000526481374877104	SLC30A9	c16
3.20692366238289e-07	-0.343366509776048	0.049	0.028	0.0117376612966876	CUL9	c16
1.45351294487401e-06	0.343350712691218	0.02	0.009	0.0532000272953337	LINC02018	c16
3.76393429341478e-09	-0.343108956676214	0.486	0.36	0.000137763759073274	CYCS	c16
3.16024302970669e-14	-0.342965290527648	0.077	0.039	1.15668055130295e-09	ERCC6	c16
4.4243276456011e-19	-0.342872921182201	0.245	0.158	1.61934816156646e-14	DPYD	c16
0.00403821993700792	-0.342763968696136	0.122	0.099	1	STX18	c16
1.3460469141119e-15	-0.342660396799108	0.175	0.109	4.92666631034095e-11	SF3B3	c16
5.64178985258689e-06	-0.342579558670403	0.351	0.274	0.206495150394533	C7orf50	c16
0.000327242812738213	-0.342519339438994	0.043	0.028	1	POMZP3	c16
1.20326673062897e-08	-0.342491270065104	0.053	0.029	0.00044040765607751	LRRC40	c16
0.321821073509166	-0.342229030816512	0.008	0.011	1	SCRN1	c16
1.85656631059492e-08	-0.341728959041057	0.475	0.356	0.000679521835340846	PPCS	c16
1.00528732933253e-07	-0.341691123639976	0.134	0.094	0.00367945215409	TIMM10B	c16
0.00038053004966633	0.341587451155075	0.014	0.007	1	STARD10	c16
4.34521778302295e-07	-0.34144228500296	0.044	0.024	0.0159039316076423	ZNF718	c16
1.19689747371376e-16	-0.341432726349165	0.209	0.134	4.38076444353972e-12	CUL4A	c16
0.0182456579081603	-0.341310023046167	0.126	0.108	1	ARMC10	c16
1.88376132394662e-22	-0.341200727021122	0.196	0.113	6.89475482177703e-18	TRPM7	c16
1.39992609316028e-06	-0.34103032974063	0.122	0.087	0.0512386949357595	RRP1	c16
1.38089750859699e-15	-0.340994128226751	0.102	0.056	5.05422297121586e-11	GCLM	c16
4.03223060488361e-05	-0.340721499690192	0.01	0.004	1	LINC00641	c16
1.98230482359903e-05	-0.340579022940271	0.671	0.479	0.725543388485483	PSMD8	c16
0.000922203814642314	-0.340499602811129	0.014	0.007	1	PELI2	c16
6.86475970671878e-11	-0.3404700810464	0.322	0.24	2.51257070025614e-06	FAM177A1	c16
0.17938339314422	-0.340364450486323	0.106	0.096	1	UBAC1	c16
0.492805452439296	-0.340339301096703	0.041	0.045	1	LYL1	c16
1.9170629726979e-10	-0.340218201896836	0.2	0.141	7.01664218637157e-06	PRKAG1	c16
0.0121780134486906	-0.340180617739145	0.183	0.157	1	TCEAL3	c16
2.1887360508394e-09	-0.340017247616617	0.105	0.067	8.01099281967728e-05	ABCA7	c16
0.0238651099884997	-0.339979705005805	0.012	0.007	1	ZNF470	c16
1.57205146940609e-43	-0.339929253482575	0.178	0.08	5.75386558317322e-39	KDM5B	c16
2.08173524924766e-05	-0.339634168639885	0.052	0.033	0.761935918577135	SEPSECS-AS1	c16
2.70710805682209e-09	-0.339540518566896	0.403	0.303	9.90828619877454e-05	HACD4	c16
5.53811323827605e-08	-0.339161606080477	0.455	0.339	0.00202700482634142	NDUFB6	c16
0.273184565488952	-0.338987597498289	0.024	0.02	1	POLA1	c16
1.01540708463182e-09	-0.338853237303127	0.089	0.054	3.71649147046092e-05	FMR1	c16
0.0571992339918627	-0.338799191952104	0.103	0.089	1	COQ5	c16
0.0158176952796581	-0.338553912725738	0.035	0.026	1	VANGL1	c16
7.29488300550038e-09	-0.338351385612396	0.137	0.093	0.000267000012884319	GART	c16
1.59071467923181e-11	-0.338253704932011	0.366	0.271	5.82217479745634e-07	SSR1	c16
4.3354896248441e-08	-0.338223653515902	0.078	0.049	0.00158683255758919	WDR75	c16
1.99482448132004e-06	-0.338009433688643	0.216	0.168	0.0730125708407947	TMEM120A	c16
1.28243544413741e-17	-0.337927436600226	0.127	0.071	4.69384196908732e-13	ANGEL2	c16
1.16736068657118e-20	-0.337230219648262	0.324	0.215	4.27265684891918e-16	SEC31A	c16
0.00289499160523831	-0.337176656614852	0.039	0.027	1	ZCCHC4	c16
0.549900401507654	-0.33691437096307	0.844	0.588	1	COX8A	c16
2.39596584552362e-06	0.336815261787157	0.017	0.007	0.0876947459120098	LERFS	c16
3.71167559255113e-11	-0.336725987157788	0.132	0.085	1.35851038362964e-06	LEO1	c16
0.714398051195869	-0.336669848991055	0.03	0.029	1	SDHAF4	c16
5.63072689875794e-09	-0.336651833341012	0.079	0.047	0.000206090235221439	NME7	c16
3.49199659118845e-27	-0.336554998425912	0.41	0.267	1.27810567234088e-22	ZNF207	c16
3.90687458609667e-16	-0.33640286505983	0.313	0.218	1.42995516725724e-11	GLUD1	c16
6.70349512042703e-21	-0.336391188099542	0.345	0.231	2.4535462490275e-16	DHX36	c16
0.308445037811902	-0.336389753708148	0.016	0.019	1	FGFRL1	c16
0.000642613852995279	-0.336319795397207	0.103	0.08	1	LRRC28	c16
0.00477339779565679	-0.336201120167145	0.027	0.017	1	CES4A	c16
0.0364766646289157	-0.336081618070471	0.097	0.082	1	ING2	c16
8.35971814155041e-05	-0.33603858532377	0.116	0.088	1	TRIM26	c16
2.42621286928548e-14	-0.33595404540163	0.486	0.35	8.88018172287177e-10	MFSD10	c16
1.09550312239014e-11	-0.335876700212856	0.157	0.103	4.00965097826015e-07	LSG1	c16
1.0798061447953e-07	-0.335857262088546	0.034	0.017	0.00395219847056527	ACAD11	c16
0.117538356193555	-0.335851455793169	0.05	0.042	1	RFT1	c16
7.27328058660865e-06	-0.33582669404384	0.071	0.047	0.266209342750463	PIGU	c16
2.34442179081433e-05	-0.335691131161647	0.121	0.09	0.858081819655952	EIF3B	c16
0.000345834554228993	-0.33559094647138	0.672	0.489	1	ARRB2	c16
6.06062315650514e-11	-0.335429787577059	0.446	0.324	2.21824868151244e-06	FLOT1	c16
2.17494111118842e-05	-0.335329220815186	0.595	0.438	0.796050196106072	SEM1	c16
0.150410192781733	-0.335191746639756	0.035	0.029	1	CENPQ	c16
0.147714410138146	-0.334884296794712	0.097	0.087	1	GET1	c16
2.77289012546523e-10	-0.334751106037301	0.691	0.484	1.01490551482153e-05	TAX1BP1	c16
7.23684949327948e-52	-0.334694078597639	0.214	0.094	2.64875928303522e-47	ARAP2	c16
9.18849432865532e-05	-0.334572213189947	0.108	0.081	1	SCAF1	c16
6.72220509908204e-09	-0.334547358762991	0.369	0.278	0.000246039428831502	ETFA	c16
2.78385912651802e-08	-0.334071858495622	0.537	0.396	0.00101892027889686	RPN2	c16
3.55949072097928e-07	-0.333678450846183	0.072	0.045	0.0130280919878563	WDTC1	c16
0.0091109820935599	-0.333659556105364	0.024	0.016	1	SEC22A	c16
0.000367208408736912	-0.333647652392946	0.03	0.018	1	RIMKLB	c16
7.9817278621288e-06	-0.333127874760344	0.033	0.018	0.292139221481776	NUP35	c16
3.03050655064107e-05	-0.332341896535783	0.135	0.103	1	ERO1A	c16
1.53428611256945e-95	-0.332211673625248	0.2	0.063	5.61564060061544e-91	PLEKHF1	c16
0.000174775920028663	-0.332128891024067	0.067	0.047	1	JPT2	c16
7.18077326388657e-15	-0.332115059993078	0.227	0.153	2.62823482231512e-10	GOSR1	c16
4.45024132259702e-11	-0.331996382544492	0.342	0.253	1.62883282648373e-06	ESYT1	c16
1.81879614734144e-62	-0.331978475213105	0.201	0.08	6.6569757788844e-58	ANKRD36	c16
0.00376182288663806	-0.331653175091939	0.043	0.031	1	ZNF574	c16
3.50465295175139e-18	-0.331637319417326	0.093	0.046	1.28273802687053e-13	ZMAT1	c16
2.9644564925902e-07	-0.331603392405635	0.211	0.161	0.0108502072085294	FAM136A	c16
0.0427203833809968	-0.331603133632861	0.078	0.066	1	MANBAL	c16
3.69306510095982e-07	-0.331536252327673	0.086	0.057	0.0135169875760231	ASH2L	c16
6.1629345792049e-13	-0.33152161698175	0.095	0.054	2.25569568533478e-08	KIAA1586	c16
6.19587518133212e-06	-0.331458190345462	0.036	0.02	0.226775227511937	NEIL1	c16
0.0375008923185318	-0.33116040193809	0.012	0.007	1	MPZ	c16
4.65527736974217e-06	-0.331143992376965	0.053	0.033	0.170387807009933	ZNF121	c16
0.00420194235179637	-0.330952064115372	0.056	0.041	1	ECI1	c16
1.4126018752247e-14	-0.330811812143927	0.183	0.118	5.17026412350992e-10	NUP58	c16
1.33400142749965e-08	-0.330495215123602	0.166	0.119	0.000488257862479148	ENOPH1	c16
1.31967879230653e-22	-0.330249421732388	0.138	0.072	4.83015634772113e-18	ZFX	c16
0.186898341757866	-0.330108185814114	0.01	0.007	1	PDXP	c16
3.22752895046386e-15	-0.330045059377603	0.106	0.059	1.18130787115928e-10	INTS6	c16
0.445150015557288	-0.32999737926152	0.027	0.024	1	CHST14	c16
6.46849113886222e-21	-0.32998100499686	0.118	0.06	2.36753244173496e-16	LRCH3	c16
1.25500002377613e-13	-0.329853969484856	0.245	0.169	4.59342558702301e-09	ENOSF1	c16
2.39019053179039e-11	-0.329807686139262	0.249	0.179	8.74833636540602e-07	EIF2S1	c16
2.46779820639151e-05	-0.329728981456742	0.314	0.253	0.903238821521357	COA4	c16
0.0482465320296112	-0.329725791895551	0.02	0.014	1	AC242426.2	c16
4.28100909075173e-12	-0.329645411328129	0.18	0.121	1.56689213730604e-07	UNC13D	c16
0.149982730029665	-0.329567417453636	0.013	0.01	1	ZNF2	c16
5.43267243739248e-06	-0.329421274537841	0.09	0.063	0.198841243881002	RAB11FIP2	c16
3.22143199449024e-07	-0.329214401109399	0.037	0.019	0.0117907632430337	CEP97	c16
0.0118449537150839	-0.329155766469775	0.126	0.106	1	IFT43	c16
0.000232313304075279	-0.329061627895077	0.07	0.05	1	HIVEP1	c16
0.0522744275014536	-0.32842703207201	0.032	0.024	1	C8orf82	c16
0.000151853525527185	-0.328405201202437	0.136	0.106	1	LTV1	c16
4.23185317465075e-09	-0.328199326948507	0.053	0.029	0.000154890058045392	ACAP3	c16
4.87421559987352e-05	-0.328166179679786	0.141	0.109	1	PPP2R5A	c16
5.94623129277152e-06	-0.327847433731901	0.108	0.077	0.21763801154673	MRRF	c16
7.42331792819619e-39	-0.327766018033404	0.133	0.055	2.71700859489909e-34	CEP78	c16
1.48508684824319e-07	-0.327543272143765	0.466	0.351	0.0054355663732549	TMEM147	c16
1.00219648272961e-13	-0.327461057731274	0.295	0.208	3.66813934643866e-09	SREK1IP1	c16
0.135805206419524	-0.327185617899597	0.089	0.079	1	IDNK	c16
0.119519793654508	-0.327173301549248	0.041	0.034	1	ZNF85	c16
0.00137934278181309	-0.326933336717532	0.113	0.09	1	DPAGT1	c16
2.22155864292e-20	-0.32671957976372	0.304	0.2	8.13112678895151e-16	UHMK1	c16
0.107635255811173	-0.326589313884962	0.053	0.044	1	POLD1	c16
3.23617588326768e-23	-0.326446059990221	0.219	0.13	1.1844727350348e-18	CD84	c16
2.72407316610331e-10	-0.326425843312351	0.069	0.038	9.97038019525471e-06	TOM1L2	c16
2.93194501868306e-07	-0.326403569138525	0.089	0.058	0.0107312119628819	THAP5	c16
0.00127579157036567	-0.326384535703297	0.062	0.046	1	UAP1	c16
4.64004434379763e-06	-0.32619300490352	0.08	0.054	0.169830263027337	ZBTB48	c16
0.0363625686037449	-0.326114586869531	0.012	0.007	1	AC008014.1	c16
8.18747133571461e-09	-0.326063668137121	0.08	0.049	0.00029966963835849	PDZD8	c16
0.231614953206341	-0.32604413814917	0.137	0.127	1	ACADS	c16
0.00189372390383268	-0.326007324995297	0.024	0.015	1	ZNF627	c16
2.78887545319667e-20	-0.326005961392124	0.468	0.322	1.02075630462451e-15	DDX21	c16
1.12190599522543e-13	-0.325245755478024	0.264	0.183	4.10628813312461e-09	DYNLT3	c16
2.4339123793527e-07	-0.325207282458496	0.24	0.184	0.00890836269966881	RAB24	c16
9.02653896427121e-14	-0.325181054985667	0.171	0.111	3.30380352631291e-09	HMGXB3	c16
1.27327343962631e-08	-0.325170157244075	0.148	0.103	0.000466030811637625	THUMPD3	c16
0.0563639107368196	-0.324920558986562	0.053	0.044	1	EAF2	c16
2.33345655754936e-05	-0.324874743725802	0.044	0.027	0.854068434628641	ATAD5	c16
1.25900853332337e-10	-0.324579760002546	0.919	0.711	4.60809713281685e-06	LAPTM5	c16
2.27099644787846e-11	-0.324277393533959	0.099	0.059	8.31207409887997e-07	SKIV2L	c16
9.98029853078673e-08	-0.324240810464315	0.119	0.082	0.00365288906525325	MTOR	c16
0.00269202023597142	-0.324062597139928	0.057	0.042	1	CROT	c16
0.0487831321840407	-0.323892942527145	0.021	0.015	1	ZCWPW2	c16
1.10832894048691e-07	-0.323770256092466	0.065	0.039	0.00405659475507613	TBCCD1	c16
4.28809759267656e-13	-0.323579145679544	0.091	0.05	1.56948659989555e-08	RPS6KB1	c16
0.000223354319487018	-0.32355810005316	0.174	0.14	1	ZNF330	c16
5.67895613536483e-27	-0.323530331944414	0.199	0.11	2.07855473510488e-22	CREBBP	c16
3.7957611723921e-12	-0.323367956105952	0.369	0.27	1.38928654670723e-07	STX10	c16
5.37885419839148e-30	-0.323339353984808	0.196	0.104	1.96871442515327e-25	SETD5	c16
2.35313258548587e-05	-0.323102942691816	0.093	0.066	0.861270057613683	FAM114A2	c16
5.625231494412e-05	-0.323090404622813	0.101	0.075	1	POLR1C	c16
0.0218117438214133	-0.322995326792852	0.115	0.098	1	GMPPB	c16
1.64083774166786e-30	-0.3228333178448	0.432	0.276	6.00563021827853e-26	PRKDC	c16
5.76981091212196e-08	-0.322478342260204	0.62	0.441	0.00211180849194576	TWF2	c16
0.00032343221329995	0.322241888738277	0.014	0.007	1	LMCD1	c16
2.2925313796725e-24	-0.321606238406133	0.064	0.024	8.39089410273934e-20	ABCA2	c16
1.27760724513632e-32	-0.321542726726465	0.31	0.183	4.67617027792344e-28	PRRC2B	c16
0.00091367260437743	-0.321514701296334	0.036	0.023	1	BCL3	c16
1.53919255204845e-05	-0.321405249702015	0.089	0.062	0.563359865975252	CUL3	c16
2.67586442617586e-10	-0.321395019711532	0.579	0.414	9.79393138624628e-06	KDELR1	c16
0.240589186731004	-0.321330161770792	0.014	0.011	1	AC002091.2	c16
0.947283617474266	-0.321160689000619	0.02	0.021	1	ZNF69	c16
5.83585896590043e-11	-0.321071456528063	0.237	0.171	2.13598274010922e-06	USP22	c16
3.72707062398075e-12	-0.320926180687124	0.138	0.087	1.36414511908319e-07	PPP1R21	c16
0.293480662199552	-0.320901649993032	0.069	0.063	1	NSDHL	c16
1.7105123628094e-05	-0.320867720966579	0.72	0.504	0.62606462991187	POLR2L	c16
0.132293876345919	-0.320626089225076	0.032	0.027	1	NXT2	c16
1.85561201641447e-25	-0.320527392658438	0.231	0.135	6.79172554127859e-21	UBR2	c16
2.31986745012642e-05	-0.320464265430574	0.201	0.159	0.849094685420771	AK6	c16
4.05059071643123e-05	-0.320342684630538	0.7	0.491	1	ECH1	c16
1.80812619638891e-84	-0.320329614214176	0.127	0.034	6.61792269140304e-80	TNFRSF18	c16
0.0502123455343528	-0.320121900809749	0.038	0.03	1	TNFAIP1	c16
0.280427905643151	-0.319961180040826	0.01	0.013	1	AL162258.2	c16
3.96328857206723e-14	-0.319956415604925	0.145	0.089	1.45060325026233e-09	MAP3K4	c16
1.73884635927385e-20	-0.319783613352169	0.164	0.093	6.36435155957823e-16	BTG3	c16
3.6290436747287e-07	-0.319443984167302	0.061	0.037	0.0132826627538745	TUBGCP5	c16
8.00868129457049e-06	-0.31943405709804	0.043	0.026	0.293125744062574	HDAC4	c16
4.49010391969554e-11	-0.319430671418584	0.054	0.027	1.64342293564776e-06	AC005670.3	c16
4.36186255592882e-08	-0.319383941109474	0.039	0.02	0.00159648531409551	XRRA1	c16
0.000264060278971037	-0.319381716151654	0.01	0.004	1	AC037459.2	c16
3.49361523875714e-05	-0.319361609711913	0.13	0.098	1	DUSP22	c16
3.70542859544854e-12	-0.319350043004376	0.067	0.035	1.35622392022012e-07	SLC23A2	c16
2.30299186864501e-18	-0.319315617429948	0.193	0.119	8.42918053842761e-14	VEZF1	c16
0.0236426005522279	-0.319298701057797	0.031	0.022	1	LMAN2L	c16
1.13586024917317e-17	-0.319108089437289	0.174	0.105	4.15736209799872e-13	ANO6	c16
6.28359465788657e-09	-0.31903574039031	0.168	0.119	0.000229985848073306	TOR3A	c16
1.48187754681583e-11	-0.318757554846918	0.115	0.07	5.42382000910062e-07	DDX60	c16
4.8650513889486e-08	-0.318605981005447	0.149	0.106	0.00178065745886908	EIF2B2	c16
1.97867406321229e-10	-0.318542322716555	0.357	0.267	7.24214493876332e-06	PSMC1	c16
2.70718007908141e-13	-0.318536923881661	0.318	0.229	9.90854980744587e-09	UFM1	c16
1.7881764818343e-06	0.31847607588587	0.022	0.01	0.0654490474116174	ZNF527	c16
0.000196981035910998	-0.318152294224148	0.058	0.04	1	RMND5A	c16
2.07606333569518e-06	-0.318104880835133	0.147	0.109	0.0759859941497792	BCL10	c16
0.0208756423915984	-0.318040494036532	0.143	0.123	1	AIMP2	c16
0.0161439328768678	-0.318001218717739	0.127	0.108	1	NT5C3B	c16
5.72798359076014e-14	-0.317920304267839	0.108	0.061	2.09649927405412e-09	MCM7	c16
0.736915698827345	-0.31791393477217	0.032	0.031	1	SEPSECS	c16
2.20878271327008e-19	-0.31788060126186	0.24	0.153	8.08436560883983e-15	SREK1	c16
6.67296539421981e-10	-0.31786261685767	0.12	0.077	2.44237206393839e-05	CKAP2	c16
7.9766438803244e-14	-0.317619996046249	0.172	0.111	2.91953142663753e-09	PHTF2	c16
8.8838313000035e-05	-0.317493773813143	0.058	0.039	1	STK11	c16
0.203791280590414	-0.317491610042792	0.012	0.009	1	AL118506.1	c16
4.13766438335975e-12	-0.317457180110178	0.186	0.125	1.5144265409535e-07	ZBTB7A	c16
0.0371948196221372	-0.317312332792398	0.027	0.019	1	MFSD9	c16
7.10310302238948e-07	-0.317289025898655	0.148	0.108	0.0259980673722477	VTA1	c16
2.64856549034066e-06	-0.317274723165144	0.016	0.006	0.0969401455119584	AC016831.1	c16
6.28132519363791e-21	-0.316893516764915	0.137	0.074	2.29902783412341e-16	ARNTL	c16
2.70844040774359e-27	-0.316774049181951	0.024	0.005	9.91316273638231e-23	AC243829.1	c16
3.52716289760243e-27	-0.316649414040629	0.369	0.236	1.29097689215146e-22	ANKHD1	c16
9.72274618711827e-91	-0.316441446392301	0.179	0.055	3.55862233194716e-86	LINC00892	c16
7.3696260641454e-12	-0.316291645317864	0.473	0.342	2.69735683573786e-07	TMEM35B	c16
0.00413776295553963	0.316240552284	0.013	0.007	1	AL359258.2	c16
3.85754477595963e-25	-0.316087709627202	0.207	0.118	1.41189996344898e-20	EXOC4	c16
0.00317837522303838	-0.315838165423054	0.037	0.025	1	EXOC6B	c16
6.05590979708886e-05	-0.315811885880102	0.1	0.074	1	DNMT3A	c16
1.38124086168113e-12	-0.315624908089859	0.127	0.078	5.0554796778391e-08	MSL1	c16
3.00650285335136e-05	0.315313429367038	0.012	0.005	1	RAC3	c16
9.94730742646498e-08	-0.315034368432614	0.165	0.12	0.00364081399116045	KCTD20	c16
3.79548577372872e-20	-0.314908144059	0.274	0.177	1.38918574804245e-15	GIT2	c16
8.48050505030687e-20	-0.31487454743481	0.115	0.059	3.10394965346282e-15	SOS1	c16
6.43092250743786e-41	-0.314560948984649	0.262	0.138	2.35378194694733e-36	LY75	c16
3.56380500577546e-06	0.314501179288085	0.01	0.003	0.130438827016388	GCNA	c16
1.38135806053739e-08	-0.314469567769268	0.312	0.237	0.000505590863737291	MIF4GD	c16
8.55807195396182e-09	-0.314416266413924	0.113	0.075	0.000313233991586957	HECA	c16
7.73456006483274e-06	-0.314352328557136	0.01	0.003	0.283092632932943	AC245014.1	c16
2.55641342893282e-29	-0.314308080108688	0.422	0.272	9.35672879123703e-25	TMX4	c16
3.06063461712134e-78	-0.314295003415693	0.185	0.062	1.12022287621258e-73	LINC02446	c16
7.62853416688366e-05	-0.314276951298473	0.045	0.029	1	ZNF598	c16
3.61333300890214e-05	-0.314015685155882	0.118	0.088	1	PIGS	c16
3.00258844536216e-05	-0.314011537858419	0.05	0.032	1	PAOX	c16
1.39216698135256e-09	-0.31386065084211	0.188	0.133	5.09547036844849e-05	OAS2	c16
4.25984253255061e-30	-0.313833234474657	0.497	0.329	1.55914496533885e-25	KRAS	c16
0.680421288275132	-0.313737840787691	0.044	0.046	1	GATB	c16
2.10248284181183e-17	-0.313324457077508	0.118	0.065	7.69529744931547e-13	SPECC1L	c16
4.87070456252886e-13	-0.3132220092018	0.241	0.168	1.78272657693119e-08	YIPF5	c16
1.10235504592096e-12	-0.31303141513195	0.22	0.152	4.0347297035753e-08	BLOC1S6	c16
0.162836552939578	-0.312889047137584	0.027	0.033	1	ZWINT	c16
1.53021189331507e-18	-0.312701826911491	0.34	0.231	5.6007285507225e-14	ATF4	c16
8.870657104541e-22	-0.312629373754937	0.121	0.062	3.24674920683305e-17	POGLUT1	c16
7.76016723158832e-12	-0.312311555177423	0.623	0.442	2.84029880843364e-07	OSTF1	c16
1.91036150290982e-20	-0.312216701056224	0.153	0.086	6.99211413680025e-16	AHCTF1	c16
2.08615936282115e-06	0.312149737162503	0.014	0.006	0.0763555188386169	HIST1H2BJ	c16
9.1135319525488e-06	-0.312129564391695	0.181	0.141	0.333564382995238	FKBP4	c16
0.000464845367221453	-0.311762277412228	0.108	0.084	1	MTIF2	c16
3.99370052430898e-12	-0.311635144024918	0.406	0.297	1.46173432890233e-07	SDHD	c16
1.61108499234343e-30	-0.311598441305695	0.2	0.105	5.8967321804762e-26	CYTH4	c16
5.45941563539795e-21	-0.311391944324059	0.998	0.906	1.998200716712e-16	SH3BGRL3	c16
0.0308719601811545	-0.31121115944191	0.027	0.02	1	ZNF658	c16
3.04103194199419e-07	-0.311135743993936	0.041	0.022	0.0111304810108929	ZNF764	c16
4.59108145572255e-05	0.31102256551024	0.013	0.006	1	ZNF674	c16
0.111704898603317	0.311010915870869	0.017	0.012	1	GLIDR	c16
6.1890256821975e-13	-0.310989393805899	0.252	0.178	2.26524528994111e-08	COMMD8	c16
0.339697266242702	-0.310964370107324	0.114	0.107	1	MED25	c16
0.225349250570198	-0.310861071784572	0.013	0.01	1	ZNF879	c16
0.011862073221034	-0.310777014155942	0.043	0.032	1	GTF2E1	c16
0.000996836819155981	-0.310650177675078	0.084	0.065	1	GTF3C2	c16
1.10674496485776e-08	-0.310585648228016	0.447	0.332	0.000405079724587587	NDUFB3	c16
0.0029576833380376	-0.310454349759862	0.736	0.523	1	WDR83OS	c16
1.65152286053563e-06	-0.310338013147112	0.068	0.044	0.0604473882184647	BRPF1	c16
0.297364364095805	-0.310219855022858	0.015	0.012	1	ZNF222	c16
3.61345211097685e-23	-0.309918917518576	0.281	0.177	1.32255960713864e-18	SECISBP2L	c16
4.00449790653408e-16	-0.30969965237349	0.321	0.225	1.46568627877054e-11	CYB561D2	c16
9.19007348491963e-05	-0.309673486501973	0.684	0.469	1	TMEM219	c16
0.00589574281077375	-0.309264383951491	0.033	0.023	1	FLVCR1-DT	c16
3.65930692260589e-21	-0.309186312693429	0.341	0.227	1.33934292674298e-16	DDX3X	c16
5.82732893612846e-14	-0.309001085809661	0.117	0.068	2.13286066391238e-09	MYO9A	c16
3.9393411241988e-06	-0.308986215346844	0.196	0.152	0.1441838244868	UCHL3	c16
5.14175180310976e-05	-0.308883962362475	0.041	0.025	1	TUBGCP4	c16
0.0201178879991671	-0.308819535929773	0.039	0.03	1	CCDC77	c16
2.88919114341485e-05	-0.308758911632458	0.053	0.034	1	RBM45	c16
0.000272490789512395	-0.308693177857382	0.067	0.048	1	MOV10	c16
9.35383777734318e-06	-0.308495613097496	0.06	0.038	0.342359816488538	RABL2B	c16
6.32634932688902e-37	-0.308010417316749	0.064	0.019	2.31550711713465e-32	MANEA-DT	c16
0.00020665708231857	-0.30799962273757	0.029	0.017	1	LLGL1	c16
4.48076953141805e-05	-0.307838189978481	0.031	0.017	1	FBXO5	c16
0.761905056322286	-0.307479838153391	0.014	0.013	1	ZFP57	c16
1.1285054225279e-07	-0.306747059227866	0.174	0.127	0.00413044269699437	GMIP	c16
1.89587620244607e-05	0.306727576167541	0.037	0.022	0.693909648857286	SPATA5L1	c16
7.27816007827963e-18	-0.306685523135674	0.269	0.179	2.66387937025113e-13	SMNDC1	c16
5.65388512175916e-05	-0.30656977222209	0.245	0.198	1	NFU1	c16
7.16933621136913e-18	-0.306387989333968	0.13	0.073	2.62404874672321e-13	IFRD1	c16
6.38060558954397e-11	-0.306048894218559	0.365	0.27	2.33536545182899e-06	PSMB7	c16
2.69333548351708e-07	-0.306025531646153	0.032	0.016	0.00985787720322087	ZNF587B	c16
4.88437817080037e-27	-0.305982228997704	0.234	0.136	1.78773125429464e-22	CHD8	c16
0.00152598418712605	-0.305938567446686	0.024	0.014	1	C3orf33	c16
1.81772217059827e-05	-0.305906889380954	0.167	0.129	0.665304491660673	MRPS28	c16
0.186865081479708	-0.305891646763357	0.011	0.008	1	ZNF320	c16
1.437899875468e-26	-0.305825046009657	0.374	0.24	5.26285733420042e-22	RHOC	c16
1.86405949774952e-21	-0.305786504427172	0.205	0.123	6.822644167713e-17	KLC1	c16
9.77389857460529e-15	-0.305674261350255	0.295	0.207	3.57734461729128e-10	CLINT1	c16
0.230148864359326	-0.305564958337803	0.019	0.015	1	AL450326.1	c16
2.20499002809387e-11	-0.305393097060671	0.569	0.407	8.07048400182639e-07	TMED9	c16
3.53598224666987e-15	-0.305341414799366	0.097	0.052	1.29420486210364e-10	ANKRD27	c16
6.01848434073857e-16	-0.305286279636678	0.141	0.083	2.20282545355372e-11	DCAF10	c16
2.27350498448076e-10	-0.304984828484806	0.186	0.13	8.32125559369805e-06	CCDC32	c16
7.44363057426112e-24	-0.304961447030344	0.295	0.186	2.72444322648531e-19	CLN3	c16
1.57782539270714e-05	-0.304914757137357	0.034	0.019	0.577499871984741	ZCCHC3	c16
1.98557547450519e-09	-0.304800775875899	0.174	0.123	7.26740479423645e-05	TDP2	c16
3.97258367482058e-08	-0.304687919569406	0.156	0.112	0.00145400535082108	PDK3	c16
9.24321144762583e-06	-0.30425118521532	0.045	0.027	0.338310782194553	BRD1	c16
3.45550571980676e-08	-0.304188557271327	0.076	0.047	0.00126474964850647	CC2D1B	c16
4.00650673043317e-13	-0.304174452795292	0.299	0.214	1.46642152840585e-08	POLR2A	c16
4.39540932877113e-14	-0.303949829137171	0.672	0.474	1.60876376842352e-09	PAK2	c16
3.8690617378286e-19	-0.303642712537081	0.155	0.089	1.41611528666265e-14	FBXW2	c16
1.60133678984848e-07	-0.30347983976232	0.106	0.072	0.00586105278452441	GATC	c16
0.000376616271549544	0.303300615733323	0.029	0.017	1	MAN1C1	c16
6.23484648274976e-14	-0.303282619819205	0.1	0.056	2.28201616115124e-09	RNGTT	c16
4.13096674984364e-05	0.303197048501715	0.042	0.026	1	CLEC11A	c16
0.000414436635734913	0.303113270573984	0.03	0.018	1	FAM229B	c16
3.50805348728497e-06	-0.303057806148192	0.035	0.019	0.128398265688117	POLE	c16
2.04386404524079e-07	-0.302910118416877	0.118	0.082	0.00748074679198581	RRP8	c16
0.000902065516140668	-0.30274328307348	0.089	0.068	1	PIGK	c16
4.26021184493974e-07	-0.302690663091814	0.164	0.121	0.0155928013736639	DAP	c16
0.000123406795192813	-0.30268499780805	0.01	0.004	1	AC123768.3	c16
3.34417365797797e-11	-0.302600028374949	0.134	0.086	1.22400100055652e-06	HIBCH	c16
9.04887569829154e-10	-0.302573697106174	0.157	0.108	3.31197899433169e-05	GTF2F2	c16
6.41173641696604e-12	-0.302460364045415	0.256	0.183	2.34675964597374e-07	AK2	c16
0.00108389749134009	-0.30242154752676	0.188	0.156	1	TIMM50	c16
1.16040105429278e-11	-0.30223154323435	0.132	0.084	4.24718389881699e-07	RNF40	c16
1.4293593025612e-09	-0.302191250053109	0.267	0.2	5.23159798330425e-05	RAB18	c16
8.90173737272200e-09	-0.302165535567002	0.087	0.055	0.000325812489578998	METTL8	c16
0.0118356276961658	-0.302069944988397	0.064	0.051	1	ZBTB45	c16
2.37471125852019e-07	-0.302010541799397	0.374	0.287	0.00869168067730976	H2AFJ	c16
9.72265948352856e-07	-0.301689832754805	0.118	0.083	0.0355859059756629	ZNF226	c16
3.25703319817516e-06	-0.301630515261506	0.251	0.197	0.119210672086409	ACYP2	c16
1.42817514303475e-13	-0.301485376447411	0.398	0.286	5.22726384102149e-09	SDF2L1	c16
5.00190080676862e-22	-0.301284867470514	0.214	0.128	1.83074571428538e-17	CREB1	c16
4.60229008472521e-25	-0.301216475364817	0.4	0.263	1.68448419391028e-20	VPS4B	c16
3.34542936412936e-16	-0.301205269765365	0.378	0.265	1.22446060156499e-11	PSMD11	c16
0.00297639762320295	0.300989239830691	0.013	0.007	1	ZNF256	c16
9.17319117614318e-07	-0.300809331402329	0.098	0.067	0.0335747970238016	CERS5	c16
3.70123692050986e-19	-0.300320530903712	0.184	0.111	1.35468972527581e-14	MBTPS1	c16
0.0929356466847219	-0.300121201093947	0.041	0.033	1	WDR25	c16
3.16817995443907e-15	-0.300096674420754	0.435	0.308	1.15958554512424e-10	MTCH1	c16
4.08418955518937e-07	-0.300022925227171	0.395	0.307	0.0149485421909486	FIBP	c16
1.91277383995634e-14	-0.299988124834092	0.047	0.02	7.00094353162421e-10	ABCC4	c16
8.90672697960451e-09	-0.29959308373876	0.094	0.06	0.000325995114180505	TRAPPC9	c16
5.07490097441187e-16	-0.299512931396635	0.221	0.145	1.85746450564449e-11	TDG	c16
7.7661355104776e-20	-0.299035863398853	0.04	0.013	2.84248325818991e-15	C1RL-AS1	c16
6.55740610829328e-46	-0.298987507843363	0.089	0.028	2.40007620969642e-41	PERP	c16
4.1908456791532e-06	-0.298823546777817	0.05	0.03	0.153389142702686	SLC25A53	c16
4.91349438171996e-32	-0.298472689218595	0.383	0.238	1.79838807865332e-27	ITSN2	c16
0.000836469094066933	-0.298298050179916	0.028	0.017	1	MTX3	c16
4.40963703090015e-52	-0.298192288189697	1	0.987	1.61397124967976e-47	TMSB4X	c16
9.93232254061138e-12	-0.297968799355663	0.563	0.395	3.63532937308917e-07	UQCRC1	c16
0.000445026572118335	-0.29761067266912	0.075	0.055	1	GSKIP	c16
0.147547904457983	-0.297431615028386	0.055	0.047	1	ENTPD3-AS1	c16
5.59429099800202e-06	-0.297428491158	0.046	0.028	0.204756644817872	FBXL17	c16
4.3943738482107e-09	-0.297206486780922	0.368	0.279	0.00016083847721836	SDHB	c16
0.908367999813003	-0.297116282688009	0.065	0.066	1	ACY1	c16
3.19979046866695e-13	-0.296984283269092	0.473	0.345	1.17115530943679e-08	RAB11A	c16
9.17900628852193e-20	-0.29685293095364	0.067	0.028	3.35960809166191e-15	AC009061.2	c16
0.104786596685929	-0.29644967865483	0.042	0.034	1	AL355001.2	c16
1.17412376130808e-12	-0.296428583775201	0.068	0.035	4.29741037876372e-08	INVS	c16
6.63160854148586e-08	-0.296154560821686	0.04	0.021	0.00242723504226924	USP45	c16
0.0156660196537555	-0.296153059534437	0.031	0.022	1	PTCD1	c16
1.78363376266117e-05	0.296065230718171	0.014	0.006	0.652827793471615	AC125494.1	c16
2.98275227527787e-17	-0.295838082540901	0.381	0.264	1.09171716027445e-12	PSMD2	c16
4.12373216303265e-13	-0.295482046938164	0.359	0.259	1.50932720899158e-08	UGP2	c16
2.85178065841555e-05	-0.295449776426982	0.032	0.018	1	HACE1	c16
0.44443399720441	-0.295124956546358	0.042	0.039	1	ZNF561-AS1	c16
6.37992394207854e-06	-0.295113852833286	0.027	0.014	0.233511596204017	PIK3C2B	c16
2.79119609775566e-17	-0.294844195864033	0.18	0.111	1.02160568373955e-12	DDX23	c16
1.30392947718263e-15	-0.294816731840998	0.188	0.12	4.77251227943615e-11	ERAP1	c16
2.24981592358135e-18	-0.294676036383255	0.107	0.056	8.23455126190009e-14	ELMOD3	c16
1.37195181306647e-07	-0.294383799081148	0.067	0.04	0.00502148083100457	METTL25	c16
7.2930299122707e-08	-0.294369888400922	0.07	0.043	0.0026693218781902	TENT4B	c16
3.31817679784637e-23	-0.294046905526141	0.152	0.082	1.21448588977975e-18	HPS4	c16
0.03572742539067	-0.293936897193785	0.157	0.138	1	OGFOD3	c16
1.91058513017476e-24	-0.293936442623223	0.031	0.008	6.99293263495265e-20	NUGGC	c16
1.19009148006684e-06	-0.293704834789077	0.015	0.006	0.0435585382619263	NFYC-AS1	c16
0.0363060257882387	-0.293644999942836	0.021	0.015	1	ZNF765	c16
7.67415321431211e-08	-0.293610912166002	0.653	0.457	0.00280881681797038	NDUFV2	c16
1.01655402574175e-15	-0.293561865026254	0.182	0.115	3.72068938961739e-11	KATNBL1	c16
2.75843201552425e-06	0.293272171995873	0.021	0.01	0.100961370200203	SNHG26	c16
1.89169594689967e-05	-0.293234606360635	0.165	0.129	0.69237963352475	COMMD10	c16
1.34508433150432e-06	-0.293061449081811	0.091	0.062	0.0492314316173897	TSR1	c16
0.00805015479482239	-0.292973521805159	0.079	0.063	1	HPS6	c16
6.65307690372162e-08	-0.292919840012165	0.035	0.018	0.00243509267753115	RFX7	c16
2.9401734477953e-19	-0.292823864165895	0.193	0.117	1.07613288362756e-14	RNF4	c16
1.3247808480906e-10	-0.292779239528753	0.141	0.093	4.84883038209642e-06	DHX8	c16
6.91229725973911e-12	-0.292769983315694	0.292	0.212	2.52996992003711e-07	RAB4B	c16
5.01314102346956e-11	-0.292588328038949	0.2	0.141	1.83485974600009e-06	KIN	c16
0.00209429301504323	0.292569173795265	0.016	0.009	1	CDAN1	c16
1.05948644278434e-06	-0.292561323441891	0.137	0.099	0.0387782632923497	MAGOHB	c16
1.07910595274057e-09	-0.292465693376584	0.192	0.137	3.94963569762576e-05	STAMBP	c16
1.74983108503368e-07	-0.29245331572157	0.202	0.152	0.00640455675433176	RTCA	c16
1.32422075013629e-36	-0.2924278808105	0.215	0.11	4.84678036757382e-32	PHC3	c16
0.028706892279806	-0.29239489847539	0.067	0.054	1	CHCHD4	c16
0.00335869574851228	-0.292357041395731	0.065	0.049	1	CAD	c16
2.60345926527906e-08	-0.292200159164604	0.07	0.042	0.000952892125684788	PTER	c16
1.127807636967e-08	-0.292076633460263	0.116	0.077	0.000412788873206292	HDAC8	c16
0.000197909487827473	-0.292015611420367	0.148	0.117	1	FH	c16
0.564540745114307	-0.29198277279869	0.023	0.021	1	EVA1B	c16
0.00103242298485163	-0.29191299776129	0.011	0.005	1	MISP3	c16
3.82403850619523e-16	-0.291818184022793	0.462	0.326	1.39963633365252e-11	MESD	c16
5.16933445574031e-05	-0.29180446584286	0.62	0.458	1	ZYX	c16
1.15008340671815e-06	-0.291768074547335	0.722	0.546	0.0420942027692908	ITGB2	c16
1.97698587885202e-12	-0.29176431788043	0.089	0.05	7.23596601518628e-08	PAAF1	c16
1.3935846155463e-05	-0.291631617450612	0.092	0.065	0.510065905136103	CCDC18	c16
0.0056028789498372	-0.291401636504763	0.045	0.033	1	MTMR9	c16
2.05392802981873e-05	-0.291377093998022	0.098	0.071	0.751758198193952	DOHH	c16
3.38686957222155e-11	-0.291280619711096	0.062	0.032	1.23962813212881e-06	RNF24	c16
4.37360525316781e-10	-0.291062630396756	0.17	0.117	1.60078325871195e-05	USB1	c16
1.48044614978559e-14	-0.290752607908341	0.31	0.22	5.41858095283024e-10	SLC66A3	c16
5.8255635106224e-28	-0.290708389803374	0.127	0.06	2.1322145005229e-23	MYSM1	c16
0.333193421777445	-0.290546707780769	0.049	0.044	1	DHX58	c16
0.072314726076417	-0.29039869938222	0.046	0.037	1	RRNAD1	c16
0.127493258703769	-0.290360958819935	0.023	0.018	1	GINS2	c16
1.059217297279e-72	-0.290350948450271	0.406	0.2	3.87684122977088e-68	NKTR	c16
1.42108356052216e-21	-0.290249007680872	0.611	0.419	5.20130793986717e-17	KTN1	c16
0.0549839441858967	-0.290214160363961	0.075	0.064	1	MAIP1	c16
2.91034411110283e-08	-0.290143709496472	0.466	0.353	0.00106521504810475	LPXN	c16
0.000398401312076071	-0.289856566346054	0.104	0.08	1	SYNC	c16
9.39996476642314e-21	-0.289754293490135	0.149	0.083	3.44048110415853e-16	ATAD1	c16
1.97881396662251e-18	-0.289442065038364	0.654	0.462	7.24265699923504e-14	JUN	c16
0.014502404254291	-0.289394263181224	0.046	0.035	1	PAQR8	c16
9.9956939761494e-11	-0.289108966823949	0.152	0.101	3.65852395221044e-06	ZFP91	c16
0.000137557012368591	-0.289031475240815	0.128	0.099	1	TSPAN31	c16
7.9337102402929e-14	-0.288156573300082	0.183	0.121	2.9038172850496e-09	USP11	c16
6.62165400792071e-06	-0.288156223002233	0.067	0.044	0.242359158343906	ANKRD52	c16
1.32174517114888e-06	-0.287944734585313	0.071	0.046	0.04837719500922	INTS4	c16
2.79783230665985e-06	-0.287879718463682	0.171	0.13	0.102403460256057	HAT1	c16
0.122350335355244	0.287606106217711	0.013	0.01	1	STAP2	c16
1.61493663725209e-10	-0.287415728366172	0.07	0.039	5.91082958600639e-06	MIS12	c16
0.00314582626412182	-0.287279661668123	0.073	0.056	1	TTC4	c16
0.000458093523973076	-0.287238614313368	0.083	0.062	1	EEF1AKNMT	c16
2.50691317888524e-16	-0.28714319765626	0.227	0.149	9.17555292603788e-12	TRNAU1AP	c16
0.000101803604658841	-0.286931029048882	0.029	0.017	1	FBXW8	c16
2.41114677887042e-06	-0.286929302109912	0.088	0.06	0.0882503832534361	SOCS2	c16
0.165841285492829	-0.286869090582295	0.012	0.009	1	ZSWIM1	c16
2.91297174981188e-12	-0.2868174624359	0.35	0.257	1.06617679014865e-07	SERINC3	c16
6.96738024847779e-14	-0.286323497814869	0.588	0.42	2.55013084474536e-09	CIAO2B	c16
0.000204672192455004	-0.286228948294027	0.116	0.089	1	WDR45B	c16
4.04367714939962e-06	-0.286136019330749	0.076	0.051	0.148002627345175	IFI44L	c16
0.000411902301198732	-0.286129093021743	0.215	0.177	1	CYB5R1	c16
0.0378126392240298	-0.286120984104995	0.019	0.013	1	ZNF724	c16
1.14988060302766e-09	-0.285920636670945	0.041	0.02	4.20867799514156e-05	TULP3	c16
0.0529132493937767	-0.285809205866193	0.024	0.018	1	ZNF624	c16
1.57583562040486e-23	-0.285532317282282	0.044	0.014	5.76771595424383e-19	IGLV2-14	c16
0.00521849000814792	-0.285402415366408	0.033	0.023	1	FDXACB1	c16
2.28300045209676e-28	-0.285380491974804	0.218	0.121	8.35600995471934e-24	POGZ	c16
0.0135805286389244	-0.285351795336445	0.024	0.016	1	URB2	c16
1.15350934276768e-26	-0.285229030269689	0.458	0.305	4.22195954546398e-22	IFI16	c16
1.20391521224042e-06	-0.28522625633753	0.09	0.061	0.0440645006832116	PDE12	c16
0.508040340471866	-0.285109495260932	0.024	0.021	1	AC004241.1	c16
0.0177783069381918	-0.284959852253787	0.015	0.009	1	FKRP	c16
0.00022607634214026	0.284931218823731	0.085	0.063	1	ADGRE1	c16
1.01033054826631e-21	-0.284921135338744	0.155	0.085	3.69791083970952e-17	SLMAP	c16
0.000460837697446263	-0.284786997559781	0.119	0.093	1	PACSIN2	c16
0.00422870344515942	-0.284589140661605	0.033	0.023	1	WDR4	c16
7.2878641952527e-05	-0.284566883698828	0.035	0.021	1	SGSM2	c16
3.79544857962956e-06	-0.284547733049892	0.053	0.033	0.138917213463022	INPP5B	c16
2.7332374502589e-94	-0.284391328920532	0.249	0.089	1.00039223916926e-89	SYTL3	c16
1.47004957233306e-09	-0.28425786226818	0.196	0.14	5.38052843969622e-05	TYW3	c16
8.10711839974023e-13	-0.284053626028745	0.108	0.064	2.96728640548892e-08	HARS2	c16
5.33901134988528e-11	-0.283929725910436	0.435	0.318	1.95413154417151e-06	MRPS15	c16
7.04740134211482e-11	-0.283897139141475	0.598	0.432	2.57941936522744e-06	HADHA	c16
0.071331823975005	-0.283556119889034	0.025	0.019	1	FBXW9	c16
0.00166717090132059	-0.283401139561105	0.148	0.121	1	NAGPA	c16
6.73700776380996e-55	-0.283373705520074	0.236	0.106	2.46581221163208e-50	RAB27A	c16
4.74817221172842e-27	-0.28335074311848	0.195	0.107	1.73787851121472e-22	GLS	c16
0.00608112287180908	0.282810252344531	0.01	0.005	1	FAM215A	c16
1.85438275478327e-06	-0.282643193377328	0.062	0.039	0.0678722632078224	MRTFB	c16
6.32974177904761e-26	-0.282394903412739	0.433	0.286	2.31674878854922e-21	ADAR	c16
0.00540223182571646	-0.282287074012929	0.062	0.047	1	CIC	c16
3.35564878943443e-08	-0.282174101864791	0.462	0.345	0.0012282010134209	SUMO3	c16
0.000354139870027675	-0.282076958146165	0.034	0.021	1	ZNF790-AS1	c16
6.94532512424222e-14	-0.281635484093338	0.304	0.217	2.54205844872389e-09	PSMC6	c16
0.000124654065808889	-0.281527051478834	0.054	0.036	1	GOLPH3L	c16
3.68750809842202e-26	-0.281523280039134	0.256	0.154	1.34966483910344e-21	CNOT4	c16
0.00373250326043523	-0.281420271220461	0.058	0.043	1	DNAJC14	c16
5.01264787646069e-16	-0.281271675423042	0.499	0.352	1.83467924926338e-11	PET100	c16
0.000701842620630175	-0.281220038980146	0.906	0.67	1	COX6A1	c16
1.53769819510754e-08	-0.281209995701913	0.131	0.09	0.000562812916391311	KATNA1	c16
4.13415051011334e-09	-0.281049661048777	0.443	0.329	0.000151314042820658	LSM6	c16
1.59990046693107e-14	-0.280782553700945	0.207	0.137	5.85579569901441e-10	ANKRD17	c16
4.73951042409976e-07	-0.280765357724962	0.196	0.149	0.0173470821032475	DNM2	c16
7.65533856671278e-07	-0.280316247112934	0.297	0.232	0.0280193046880254	CSRP1	c16
2.26823741289612e-09	-0.279929693787745	0.078	0.046	8.3019757549411e-05	WDR20	c16
3.6981415138837e-07	-0.279859310018976	0.134	0.095	0.0135355677549657	SHC1	c16
5.86431422421892e-47	-0.279627343884516	0.329	0.176	2.14639764920637e-42	DOCK10	c16
6.44688548472465e-06	-0.279341180158876	0.078	0.052	0.235962455626407	NCOA6	c16
1.18277281781386e-14	-0.2793371779021	0.117	0.067	4.3290667904805e-10	KANSL2	c16
7.446765444582e-13	-0.279264823470158	0.606	0.432	2.72559062037146e-08	MRPL41	c16
4.35725240867121e-12	-0.27892914323973	0.148	0.095	1.59479795409775e-07	TMUB2	c16
0.565636546657981	-0.278828712755155	0.035	0.032	1	NLRX1	c16
0.000194103796964715	-0.278508317951876	0.102	0.078	1	MRS2	c16
0.269456059370659	-0.27844286741297	0.023	0.019	1	AL139384.1	c16
7.79639170690471e-12	-0.278423340883755	0.17	0.114	2.85355732864419e-07	RAE1	c16
1.86363276493261e-06	-0.277672152503326	0.013	0.005	0.0682108228292986	RNF139-AS1	c16
5.7781499393119e-11	-0.277515750868127	0.057	0.029	2.11486065928755e-06	EIF5A2	c16
2.08671265393399e-23	-0.27741586360006	0.135	0.07	7.6375769846638e-19	MED13L	c16
0.00028736614648941	-0.277400182106645	0.689	0.5	1	ATP5PF	c16
0.154659255080601	-0.277379691697955	0.084	0.076	1	APOO	c16
0.079505903142212	-0.277324288206203	0.015	0.011	1	BOLA2	c16
2.62390685407901e-11	-0.27728020732812	0.115	0.071	9.60376147661457e-07	FAM120B	c16
2.17878598223767e-22	-0.277225672486217	0.678	0.471	7.9745745735881e-18	TCF25	c16
1.38554260667052e-44	-0.276588482176827	0.353	0.196	5.07122449467476e-40	OGA	c16
7.99173125598088e-10	-0.27648393180743	0.115	0.074	2.92505355700156e-05	ECD	c16
5.10590800890649e-156	-0.276332429593432	0.387	0.127	1.86881339033987e-151	IKZF3	c16
4.58518647690952e-06	-0.276325508400816	0.258	0.205	0.167822410241365	PPA2	c16
3.32737996607599e-10	-0.276076664495675	0.434	0.323	1.21785434138347e-05	DNAJC15	c16
0.00351493339125053	-0.275930396240268	0.03	0.02	1	FBXO48	c16
7.45301314804768e-12	-0.275816982745481	0.413	0.306	2.72787734231693e-07	GTF3C6	c16
0.0010174768872238	-0.275679870593553	0.061	0.045	1	CLP1	c16
0.196838691406341	-0.27566657599793	0.01	0.007	1	ZHX3	c16
7.63143441730982e-49	-0.275663718149059	0.503	0.297	2.79318131107957e-44	USP15	c16
0.853472265801369	-0.275241353293581	0.012	0.012	1	ZNF175	c16
5.27879605275843e-11	-0.275204063616821	0.113	0.071	1.93209214327011e-06	SIKE1	c16
1.03147437760878e-28	-0.274853933831586	0.326	0.202	3.7752993694859e-24	DCP2	c16
2.22978936124605e-05	-0.274736702104427	0.026	0.014	0.816125204109668	AC025171.1	c16
4.68443518563117e-13	-0.274532994052541	0.338	0.245	1.71455012229286e-08	CIAO1	c16
0.350452286504515	-0.274036358116095	0.025	0.022	1	FP565260.1	c16
1.33026043481312e-10	-0.273927423160286	0.183	0.127	4.86888621745952e-06	EXOC7	c16
0.00110662111751465	-0.273807946111572	0.095	0.074	1	UBXN6	c16
8.363313622297e-07	-0.273703935943896	0.057	0.035	0.0306105641889693	LEMD2	c16
4.10554566623552e-06	-0.273577145645612	0.182	0.14	0.150267076929886	CINP	c16
2.14650647424159e-07	-0.273558638760081	0.059	0.035	0.00785642834637163	TMEM68	c16
6.25105189821917e-06	-0.273526655191823	0.061	0.039	0.22879475052672	ATRIP	c16
7.81329660072298e-06	0.273424043647224	0.019	0.008	0.285974468883062	NUDT17	c16
6.93703955776759e-08	-0.273127398869212	0.041	0.021	0.00253902584853852	AC009961.1	c16
0.000146806026906755	-0.272903317000569	0.038	0.023	1	ZDHHC13	c16
3.3174728230821e-06	-0.272541389326622	0.077	0.051	0.121422822797628	AC108134.3	c16
4.05764174541991e-08	-0.272414180800143	0.223	0.167	0.00148513745524114	NTAN1	c16
0.0223492043112743	-0.272238824143179	0.013	0.008	1	SPSB1	c16
8.06995715498408e-09	-0.272079714547067	0.249	0.187	0.000295368501829572	CAPN1	c16
0.00455002636308145	-0.272055228142433	0.075	0.058	1	PACC1	c16
1.44297713891391e-13	-0.271934569769803	0.44	0.325	5.28144062613879e-09	MIEN1	c16
0.0867733159004858	-0.271876251389694	0.021	0.016	1	CPOX	c16
1.44583010229678e-21	-0.271800055614206	0.178	0.103	5.29188275741645e-17	MTR	c16
4.86916838653402e-18	-0.271683529541727	0.247	0.162	1.78216432115532e-13	CHIC2	c16
2.9120303480782e-11	-0.271278250064279	0.129	0.082	1.0658322277001e-06	CCDC159	c16
7.40632745115028e-07	-0.271228993450133	0.065	0.041	0.0271078991039551	NDST2	c16
0.0369785819214884	-0.270881769752226	0.054	0.043	1	HAUS8	c16
4.55199749463895e-14	-0.270743691031493	0.314	0.224	1.6660766030128e-09	SZRD1	c16
4.87317395853523e-07	-0.270731279198824	0.128	0.092	0.0178363040056348	TBC1D15	c16
1.68182679421474e-14	-0.270574665589733	0.098	0.054	6.15565424950536e-10	DYRK1A	c16
0.668986815988151	-0.270495009585376	0.014	0.013	1	FIZ1	c16
1.21926609696275e-31	-0.270446167167861	0.181	0.092	4.46263584149335e-27	PPWD1	c16
1.42655255951434e-34	-0.27020926955337	0.21	0.109	5.22132502307845e-30	SMC4	c16
8.76036918475679e-13	-0.269910159320632	0.144	0.091	3.20638272531283e-08	CRNKL1	c16
2.3543477608649e-21	-0.269877509319821	0.101	0.049	8.61714823954163e-17	CCDC84	c16
6.13744889613969e-08	-0.269835647242378	0.062	0.037	0.00224636767047609	SPHK2	c16
7.05210964018472e-07	-0.269331928833687	0.082	0.054	0.0258114264940401	ZNF397	c16
2.78530494029639e-23	-0.269273081559368	0.394	0.261	1.01944946119788e-18	CALCOCO2	c16
1.67229664148823e-13	-0.269067775974911	0.036	0.014	6.12077293751108e-09	NEMP2	c16
0.0110853740736807	-0.268715921842445	0.012	0.007	1	TMEM201	c16
9.42472637089876e-06	-0.268492110827532	0.19	0.149	0.344954409901266	CLPTM1	c16
0.118266477514535	-0.268370735332409	0.131	0.118	1	TMED1	c16
5.73256116274074e-06	-0.268352445788253	0.019	0.009	0.209817471117474	LETM2	c16
7.19594351417632e-10	-0.268257791325376	0.064	0.036	2.63378728562367e-05	ALMS1	c16
1.36996460021107e-54	-0.268165320130751	0.153	0.057	5.01420743323254e-50	ANKRD36B	c16
1.04985918875413e-15	-0.267770754978734	0.553	0.38	3.842589616759e-11	GPI	c16
2.1582006767543e-11	-0.267729539441202	0.6	0.417	7.89923029698841e-07	TOMM5	c16
2.95549560361411e-21	-0.267709181938696	0.088	0.04	1.0817409458788e-16	CDCA4	c16
0.00183045656134282	-0.267497017119917	0.106	0.085	1	ABCB8	c16
4.90013880105363e-08	-0.267352769638158	0.121	0.083	0.00179349980257364	SLC46A3	c16
1.62204387303178e-05	-0.267018296684612	0.114	0.084	0.593684277968363	ALG1	c16
2.22998032324035e-11	-0.266963442068775	0.683	0.469	8.16195098109201e-07	BST2	c16
0.140466141514504	-0.266850589404205	0.012	0.009	1	ZNF619	c16
1.40320225052169e-07	-0.266656838195728	0.046	0.025	0.00513586055713443	POLR1B	c16
5.30412035778983e-16	-0.266649192683293	0.088	0.045	1.94136109215466e-11	TRIM37	c16
6.23619406054356e-09	-0.26655890858931	0.089	0.055	0.000228250938809955	UNG	c16
2.45872514711152e-06	-0.26641755558679	0.049	0.029	0.0899917991094287	POP1	c16
1.75784364259696e-08	-0.266397503889213	0.137	0.095	0.000643388351626914	MARCH5	c16
7.16076670108596e-13	-0.266344748908319	0.34	0.248	2.62091222026447e-08	KDELR2	c16
0.00428818515750792	-0.266154960976852	0.107	0.087	1	POLR3H	c16
0.00614869812513613	-0.266136736916172	0.029	0.02	1	CCZ1	c16
3.28464107077813e-06	-0.2659706762028	0.292	0.232	0.12022114783155	CAMTA1	c16
0.000448737126783731	0.265890263452106	0.021	0.012	1	AC023157.3	c16
6.41537949300908e-13	-0.265757521087552	0.038	0.016	2.34809304823625e-08	SLC41A1	c16
0.00747990491341423	-0.265551607479239	0.077	0.061	1	LRR1	c16
3.53240060227342e-23	-0.265551450561665	0.502	0.339	1.29289394443809e-18	LMAN1	c16
5.73916440313928e-21	-0.265072255833065	0.329	0.218	2.10059156319301e-16	LMBRD1	c16
0.0107439097394677	-0.264768269515037	0.039	0.029	1	CBY1	c16
0.0373753549265775	-0.264635822899367	0.01	0.006	1	KLHL17	c16
0.00168354011210891	-0.264471401231949	0.027	0.017	1	POLR3B	c16
3.93930228596598e-17	-0.264382892380831	0.157	0.094	1.44182402968641e-12	YY1AP1	c16
3.90823333830389e-31	-0.264318377730484	0.179	0.09	1.43045248415261e-26	MATR3.1	c16
9.60662614777088e-07	-0.264288217159382	0.09	0.061	0.0351612123634562	ISOC1	c16
0.827570927394368	-0.264262866455657	0.01	0.01	1	RPGRIP1L	c16
6.67966860123368e-09	-0.264153500276794	0.165	0.117	0.000244482550473754	UBAP2L	c16
0.007068211215584	-0.264124235966124	0.058	0.044	1	PRR34-AS1	c16
5.08777205176279e-05	-0.263733692909824	0.067	0.046	1	PPIL1	c16
6.81437431714669e-09	-0.263594523119828	0.062	0.035	0.000249412914381886	ZNF235	c16
7.9832403680716e-21	-0.263291341508454	0.264	0.169	2.92194580711789e-16	PBRM1	c16
1.14896075506953e-10	-0.26314780504449	0.054	0.027	4.20531125962998e-06	SLC26A11	c16
1.35820945006579e-08	-0.262922489891736	0.326	0.251	0.000497118240818581	MRPS18C	c16
0.000411454034567218	-0.262653373662006	0.021	0.011	1	NEURL4	c16
1.45271098623254e-28	-0.262546760388159	0.183	0.097	5.31706748070973e-24	PPP6R3	c16
1.11979568097485e-14	-0.262364542244899	0.58	0.407	4.09856417193605e-10	SNRPG	c16
1.90700157821401e-11	-0.262322741472456	0.117	0.072	6.97981647642109e-07	SETDB1	c16
5.7674642067385e-09	-0.262145147630271	0.082	0.05	0.000211094957430836	TOGARAM1	c16
5.08487831850042e-17	-0.262064315789056	0.08	0.039	1.86111631335434e-12	TP53BP2	c16
4.82236942410775e-11	-0.261944061172067	0.274	0.199	1.76503543291768e-06	SAMM50	c16
1.46515846253662e-05	0.261903410946112	0.017	0.007	0.536262648873028	TMEM9B-AS1	c16
1.79947059291444e-16	-0.261825354036063	0.182	0.113	6.58624231712613e-12	RPS6KA3	c16
8.58198042248638e-13	-0.261686268326264	0.35	0.253	3.14109065443424e-08	NR1H2	c16
1.34890585834421e-14	-0.260677873181872	0.303	0.214	4.93713033212564e-10	TIPRL	c16
0.00116717049886531	-0.260543308075031	0.035	0.023	1	ZNF649	c16
3.04350431127187e-06	0.260483649436353	0.013	0.005	0.111395301296862	HIST1H4D	c16
5.85424530852406e-13	-0.260479092473636	0.102	0.059	2.14271232537289e-08	RUBCN	c16
5.74585826203843e-15	-0.260342389823542	0.248	0.169	2.10304158248868e-10	TXNDC9	c16
8.59631506100152e-08	-0.260252947406298	0.24	0.184	0.00314633727547717	DEGS1	c16
1.14020682622774e-23	-0.260055606200386	0.363	0.239	4.17327100467614e-19	G3BP1	c16
0.00267226803597436	-0.259991157435207	0.016	0.009	1	KRBA1	c16
1.12685059245581e-36	-0.259991052147425	0.214	0.11	4.12438585344752e-32	CCNL2	c16
9.55964946867775e-34	-0.259914950607142	0.317	0.188	3.49892730203074e-29	UPF2	c16
2.65772245090685e-06	-0.259887899408583	0.145	0.108	0.0972752994256417	SCYL1	c16
4.78626217738264e-19	-0.259856229727136	0.106	0.054	1.75181981954382e-14	SP2	c16
0.0179554387031301	-0.259841178577381	0.056	0.044	1	HIST1H2BK	c16
0.221674546282535	-0.259811103371023	0.934	0.742	1	HSP90AB1	c16
2.01606720990063e-18	-0.259744891802095	0.6	0.409	7.3790075949573e-14	EIF2S2	c16
9.6640955724593e-22	-0.25958072561401	0.019	0.004	3.53715562047583e-17	KIR3DL1	c16
3.78114888670534e-08	-0.259498257210276	0.118	0.08	0.00138393830402302	ANAPC10	c16
3.46136972603002e-12	-0.259429110219067	0.045	0.02	1.26689593342425e-07	ZNF253	c16
1.22962479275191e-06	-0.259338554491537	0.027	0.013	0.0450054970395125	ZNF549	c16
1.36853603890865e-11	-0.259218347254177	0.123	0.077	5.00897875600956e-07	DTWD1	c16
3.69566314169435e-71	-0.259125341348572	0.228	0.09	1.35264966649155e-66	LRBA	c16
3.26115176466053e-10	-0.2590366259293	0.311	0.234	1.1936141573834e-05	ITPA	c16
1.00176121529827e-05	-0.258570457356343	0.23	0.184	0.366654622411319	POLR3K	c16
0.00384222682771634	-0.258354916291681	0.084	0.066	1	TRAPPC2B	c16
7.04084727773166e-30	-0.258212009367887	0.175	0.09	2.57702051212256e-25	LUC7L	c16
4.78558123013856e-27	-0.258062718718496	0.472	0.313	1.75157058604301e-22	TAOK3	c16
0.748986216659251	-0.258019048376131	0.852	0.597	1	ATP6V0E1	c16
3.37953502141421e-22	-0.257950069356	0.337	0.224	1.23694361318782e-17	USP3	c16
0.000422431800691654	-0.257841394956777	0.025	0.014	1	ZNF514	c16
2.64679870833718e-10	-0.257816391839971	0.612	0.437	9.68754795238492e-06	NDUFB7	c16
6.67419600497319e-31	-0.257455495264085	0.432	0.274	2.44282247978024e-26	CAPN2	c16
1.89520750357383e-24	-0.257395912877884	0.174	0.096	6.93664898383058e-20	PCNX1	c16
2.96130942799797e-10	-0.257314693860717	0.042	0.02	1.08386886374154e-05	ZNF296	c16
2.00609069040514e-11	-0.257294130576524	0.093	0.054	7.34249253595184e-07	KDM3B	c16
5.40778724843102e-13	-0.256873377280668	0.348	0.255	1.97930421079824e-08	MTIF3	c16
0.000565542087767371	-0.256830234538827	0.03	0.019	1	BLM	c16
5.53393863904335e-13	-0.256807372289417	0.097	0.056	2.02547688127626e-08	ASB1	c16
0.0380240881705368	0.256584703944229	0.01	0.006	1	AL022069.3	c16
0.154071013416235	-0.256520871410584	0.011	0.008	1	AC010226.1	c16
2.53695809119843e-09	-0.256375915742576	0.09	0.056	9.28552030959536e-05	GTF3C3	c16
1.04060270368566e-07	-0.256233328201164	0.311	0.242	0.00380870995575988	ANTKMT	c16
1.18910636314632e-07	-0.256108786589972	0.087	0.057	0.00435224819975183	FASTKD2	c16
6.43868854519509e-06	-0.256053931476106	0.027	0.014	0.235662439442686	SH3BP5-AS1	c16
7.67646385413128e-14	-0.255864051576652	0.431	0.312	2.80966253525059e-09	CCDC124	c16
1.50556022219826e-05	0.25549245805247	0.022	0.011	0.551050096926785	AC009065.4	c16
7.4370235108037e-18	-0.255451535307732	0.555	0.385	2.72202497518926e-13	RAB2A	c16
7.06849163246947e-14	-0.255326555595032	0.129	0.077	2.58713862240015e-09	VIM-AS1	c16
0.00211333139930319	-0.254947318953669	0.032	0.021	1	MBTPS2	c16
2.94993090436742e-72	-0.254818255673689	0.722	0.438	1.07970421030752e-67	CTSW	c16
7.22837147375815e-15	-0.254652842750204	0.172	0.109	2.64565624311022e-10	NUP98	c16
6.38813241379333e-07	-0.254637345810965	0.051	0.03	0.023381203447725	TXNL4B	c16
2.44069372034672e-05	-0.254617151655032	0.194	0.153	0.893318308584103	C2orf74	c16
2.72362873380349e-13	-0.254494880437744	0.109	0.064	9.96875352859416e-09	TSC2	c16
3.4942277469055e-06	-0.254348911690063	0.197	0.153	0.127892229764488	SLC39A3	c16
1.46519917564912e-07	-0.254298621497206	0.063	0.038	0.00536277550279335	GIGYF1	c16
0.00179273650403634	-0.254177893693533	0.065	0.048	1	LRRC42	c16
1.8419601516441e-20	-0.254145021193301	0.333	0.223	6.74175835103258e-16	HSPB11	c16
0.0373984941161036	-0.2541297204174	0.047	0.038	1	UBE2M	c16
1.57414731144672e-05	-0.254102716090534	0.094	0.067	0.576153657462615	SNX19	c16
8.78708446628522e-16	-0.254061738796092	0.101	0.055	3.21616078550505e-11	CBX6	c16
3.85604765343986e-08	-0.253651488868964	0.125	0.086	0.00141135200163552	MAN2C1	c16
4.15799082393873e-13	-0.253405119636186	0.188	0.125	1.52186622146981e-08	CASC4	c16
0.403685195517187	-0.253366485884087	0.015	0.013	1	TMEM237	c16
1.04895354130707e-05	0.252669109107761	0.014	0.006	0.3839274856538	SEC61A2	c16
2.65186652025851e-13	-0.252638831956392	0.293	0.21	9.70609665079816e-09	PFDN6	c16
0.000832342733678598	-0.252638396050884	0.033	0.021	1	MICALL1	c16
0.000744821038774606	-0.252116975288287	0.767	0.536	1	COX5A	c16
3.61865863269677e-21	-0.251425552492842	0.193	0.114	1.32446524615335e-16	CUL1	c16
2.05192361628492e-08	-0.251182354301642	0.302	0.232	0.000751024562796443	SLC25A11	c16
2.29765083510996e-36	-0.251054323015265	0.224	0.117	8.40963182158597e-32	ZC3H18	c16
8.33388751550625e-13	-0.250707268294306	0.069	0.035	3.05028616955044e-08	DGCR8	c16
6.09937392635386e-23	-0.250468428038057	0.102	0.048	2.23243185078478e-18	LMNB1	c16
2.68840067792828e-14	-0.250294944642219	0.251	0.172	9.8398153212853e-10	GLTP	c16
0.000253042049421973	-0.250271821163877	0.042	0.027	1	ULK2	c16
3.40826725753182e-20	-0.250218578100038	0.157	0.089	1.24745989892922e-15	ATG13	c16
1.51410098535333e-24	-0.250094044074495	0.308	0.198	5.54176101649172e-20	BOD1L1	c16
0.00320628174159367	-0.249877264986376	0.025	0.016	1	SPATA7	c16
3.24432704396552e-23	-0.2495826429346	0.102	0.048	1.18745614136182e-18	MFSD14C	c16
1.24089973448842e-12	-0.249515661116638	0.365	0.267	4.54181711820105e-08	COMMD1	c16
9.07374935148458e-08	-0.249490345821226	0.181	0.134	0.00332108300013687	MORF4L2	c16
0.0435016073719518	-0.249484913117871	0.015	0.01	1	DONSON	c16
1.32198197160325e-12	-0.249037761359095	0.139	0.088	4.83858621426507e-08	NXPE3	c16
0.00150843620082726	-0.248807260249765	0.039	0.027	1	CYP2U1	c16
2.68907839660204e-13	-0.248755686226204	0.192	0.128	9.84229583940313e-09	TSEN34	c16
1.50447293887186e-16	-0.248565481900526	0.073	0.035	5.5065214035649e-12	USF3	c16
4.85433398709795e-19	-0.24839778127532	0.398	0.274	1.77673478261772e-14	HPS1	c16
4.65355018404654e-26	-0.248390460762272	0.305	0.191	1.70324590286287e-21	NPEPPS	c16
0.0280087876456854	0.24837855120267	0.012	0.007	1	NEDD4L	c16
2.44512857779653e-22	-0.248344982304085	0.45	0.309	8.94941510759308e-18	PDCD10	c16
4.43580566514224e-21	-0.24817330057599	0.166	0.094	1.62354923149871e-16	KLHL24	c16
0.000166055774880037	0.248155694422534	0.016	0.008	1	MKLN1-AS	c16
9.67582277287611e-26	-0.248107855447625	0.247	0.147	3.54144789310038e-21	DCAF5	c16
5.68498994210739e-05	-0.24790429141238	0.061	0.041	1	TMEM250	c16
3.0396855398348e-38	-0.247857771575373	0.171	0.08	1.11255530443494e-33	GTF3C1	c16
0.00202716503805169	-0.247754454375441	0.03	0.02	1	GIN1	c16
1.19134090166669e-49	-0.247716799723538	0.374	0.205	4.36042683419025e-45	ITGAL	c16
2.47033024912069e-13	-0.247642922693295	0.029	0.01	9.04165574480664e-09	YPEL1	c16
8.75594363655981e-11	-0.247627029526171	0.197	0.138	3.20476293041726e-06	ATF6	c16
6.43380421715566e-05	-0.247515980885923	0.034	0.02	1	AARS2	c16
1.40247937300568e-14	-0.247309550236559	0.668	0.468	5.1332147531381e-10	WASF2	c16
0.024057739836567	-0.247232842770394	0.015	0.01	1	AMT	c16
0.570689115653386	-0.247225776671567	0.017	0.016	1	STARD5	c16
6.13360650348365e-07	-0.247152320539251	0.055	0.033	0.0224496131634005	METTL2A	c16
1.15786955314304e-06	-0.247090326924508	0.094	0.064	0.0423791835145885	ARHGAP27	c16
2.62548244838508e-10	-0.247027785730897	0.266	0.196	9.60952830933424e-06	RTCB	c16
1.03071466272718e-08	-0.246925950623788	0.021	0.008	0.000377251873704776	HIST1H4F	c16
1.2846014084453e-15	-0.246887722127118	0.468	0.337	4.70176961505066e-11	EIF1B	c16
2.60887440224163e-12	-0.246655792752471	0.019	0.006	9.54874119964459e-08	ZCCHC18	c16
3.28425425927665e-09	-0.246436628637184	0.102	0.066	0.000120206990143785	TMA16	c16
0.0588802263900612	-0.246410387300736	0.014	0.01	1	MAFIP	c16
8.19962957916318e-12	-0.246358563355164	0.086	0.049	3.00114642226952e-07	HMG20A	c16
7.31123271889097e-17	-0.246225381726606	0.479	0.341	2.67598428744129e-12	SUPT4H1	c16
3.35726084864873e-34	-0.245982432286737	0.295	0.169	1.22879104321392e-29	PPP4R3B	c16
8.67987605087673e-13	-0.245979271765437	0.16	0.104	3.17692143338139e-08	RIOK1	c16
3.69333026797943e-20	-0.245970563683465	0.142	0.078	1.35179581138315e-15	LPGAT1	c16
1.13842517545451e-09	-0.245614401198884	0.155	0.106	4.16674998468105e-05	DDX1	c16
1.2035257951356e-13	-0.245374584095321	0.117	0.07	4.40502476277582e-09	METTL14	c16
6.833687257026e-14	-0.245365022531793	0.183	0.12	2.50119787294409e-09	RAB3GAP1	c16
0.000846519030443226	-0.245281538624014	0.083	0.063	1	TMEM254	c16
2.23460601398573e-05	-0.245274779268061	0.091	0.065	0.817888147178915	RBBP5	c16
5.04048815293455e-05	-0.245255003760839	0.069	0.048	1	SMARCD2	c16
9.84227235119121e-06	-0.245097195441733	0.065	0.043	0.36023701032595	IFT88	c16
3.66531919705314e-07	-0.245040506246572	0.096	0.064	0.0134154347931342	ZDHHC16	c16
1.10258772706187e-13	-0.244836812523936	0.287	0.205	4.03558133981916e-09	SMIM12	c16
2.12869618409064e-05	-0.24458314503562	0.034	0.019	0.779124090339016	BRPF3	c16
1.85168180237016e-19	-0.244366650506803	0.062	0.026	6.77734056485504e-15	ZNF484	c16
1.15869411198561e-28	-0.244240990222484	0.155	0.078	4.24093631927853e-24	RRN3	c16
2.52025094910911e-09	-0.24415758989955	0.468	0.35	9.22437049883427e-05	NDUFA7	c16
7.50737445219887e-66	-0.244034110374001	0.13	0.041	2.74777412324931e-61	PATL2	c16
0.00117777002334126	-0.243865976273085	0.058	0.042	1	CXorf56	c16
5.9736366340366e-11	-0.24384727784626	0.038	0.017	2.18641074442374e-06	TMEM117	c16
0.000333805936651331	-0.243674159655238	0.052	0.036	1	DCUN1D4	c16
5.62645699923411e-12	-0.24324761038317	0.109	0.066	2.05933952628968e-07	DIS3L	c16
0.480622143973188	-0.243237260561895	0.013	0.011	1	TREX1	c16
5.22463720622711e-05	-0.243143222651098	0.107	0.08	1	VAMP7	c16
1.87399484572649e-31	-0.242866953942311	0.213	0.115	6.85900853484353e-27	NUP107	c16
0.666551890505356	0.242745270952626	0.011	0.01	1	KBTBD11	c16
1.12315483657699e-17	-0.242510827524135	0.071	0.032	4.11085901735543e-13	SPATA5	c16
0.000239446072129028	-0.24247596475625	0.748	0.53	1	NDUFA1	c16
5.40611814092106e-09	-0.24234609262084	0.125	0.084	0.000197869330075852	DNAJC17	c16
7.09220412685015e-12	-0.241524066008489	0.108	0.065	2.59581763246842e-07	ABCD4	c16
9.2503094778753e-13	-0.241468482449269	0.179	0.119	3.38570577199714e-08	TMEM259	c16
2.30242633793194e-31	-0.241411647115973	0.271	0.157	8.42711063946471e-27	ZNF148	c16
2.77437711968493e-08	-0.241312755523066	0.166	0.12	0.00101544976957588	DFFA	c16
4.51708307275195e-20	-0.241241689618295	0.065	0.027	1.65329757545794e-15	RDH13	c16
4.3585840286385e-10	-0.241200827746214	0.139	0.093	1.59528534032198e-05	APTX	c16
1.13892238925991e-13	-0.241046937898442	0.028	0.01	4.1685698369302e-09	AC008764.8	c16
0.279244707915788	-0.240811919159071	0.04	0.035	1	MAP1LC3B2	c16
1.52652523323332e-13	-0.240784528972776	0.123	0.074	5.58723500615726e-09	PMM2	c16
2.6557156458362e-22	-0.240722009197391	0.247	0.152	9.72018483532506e-18	CNOT1	c16
2.01126731843587e-18	-0.240663150479506	0.077	0.036	7.36143951220713e-14	RBM15	c16
3.19510794778533e-14	-0.240562014085416	0.524	0.374	1.16944145996891e-09	ADRM1	c16
8.20663456347251e-05	-0.240404739971137	0.062	0.043	1	PARP2	c16
1.43328937774546e-25	-0.24033231763106	0.384	0.252	5.24598245148614e-21	SYNCRIP	c16
1.0818321423281e-35	-0.240031010779866	0.343	0.202	3.95961382413509e-31	LUC7L2	c16
2.81918563507698e-06	-0.239817022334738	0.031	0.016	0.103185013429453	ZNF891	c16
2.51694032684133e-12	-0.239767481562259	0.022	0.007	9.21225329027193e-08	ATP1A3	c16
1.12682371301667e-05	-0.239683489182621	0.078	0.053	0.412428747201232	NELFB	c16
3.55017328180548e-14	-0.239526329710473	0.345	0.25	1.29939892287362e-09	TMEM9B	c16
1.57555562686233e-18	-0.239514955740237	0.145	0.083	5.76669114987882e-14	FAM219B	c16
0.00309470915889903	-0.238912535625346	0.014	0.008	1	AC046134.2	c16
6.4705817867421e-07	-0.238889150924082	0.815	0.594	0.0236829763976548	CDC42	c16
3.34544349050563e-62	-0.238878363111285	0.188	0.073	1.22446577195997e-57	UTY	c16
1.19695461799665e-40	-0.238790487126949	0.2	0.096	4.38097359732955e-36	ANKRD49	c16
2.77953205511907e-13	-0.238655605672018	0.448	0.324	1.01733652749413e-08	MPC2	c16
7.4310057012297e-14	-0.2383444637021	0.432	0.308	2.71982239670708e-09	HDDC2	c16
4.36568187164225e-16	-0.238313804107315	0.367	0.257	1.59788322183978e-11	CENPX	c16
8.28839879769841e-14	-0.238295632929708	0.177	0.115	3.03363684394560e-09	TARDBP	c16
2.88430721287061e-84	-0.237639956190671	0.406	0.188	1.05568528298277e-79	UTRN	c16
1.30730786194676e-24	-0.237601255571861	0.209	0.121	4.78487750551134e-20	ARFGEF1	c16
0.0193958402812094	-0.237589788002081	0.056	0.044	1	GEMIN5	c16
0.000377834124144726	-0.237558902750728	0.024	0.014	1	FOXO4	c16
0.00981901495413006	-0.237396004463021	0.014	0.008	1	ZNF30	c16
1.79258857545804e-15	-0.237321684380552	0.135	0.08	6.56105344503398e-11	PIK3C3	c16
9.67724951196745e-15	-0.237263106285261	0.12	0.07	3.54197009387521e-10	VEZT	c16
2.74968374074325e-11	-0.236946916730932	0.178	0.121	1.00641174594944e-06	DESI2	c16
0.250673742312085	-0.23693148628368	0.015	0.012	1	CCDC134	c16
6.94938247981246e-06	0.236783290089361	0.027	0.014	0.254354348143616	SGMS1-AS1	c16
4.21627747438487e-26	-0.236479026313604	0.168	0.09	1.54319971839961e-21	ZMYND11	c16
0.000392287809389803	-0.236434704034048	0.079	0.058	1	SRM	c16
0.0215397442270311	-0.23641754002219	0.015	0.01	1	ITGA3	c16
4.5083367958713e-28	-0.23629517512892	0.131	0.062	1.65009635065685e-23	JARID2	c16
5.95588933342973e-22	-0.236121424232822	0.079	0.034	2.17991505492862e-17	CSKMT	c16
1.68029413473264e-17	-0.236096194004736	0.17	0.103	6.15004456253494e-13	TENT2	c16
5.33408954591882e-05	-0.235971577995699	0.186	0.149	1	SNX9	c16
0.00170596567866622	0.235967502559034	0.013	0.006	1	H3F3C	c16
2.01037070968618e-25	-0.235798467169902	0.406	0.268	7.35815783452239e-21	TMCO1	c16
2.51562966435098e-12	-0.235797596826278	0.289	0.209	9.20745613449104e-08	UBXN11	c16
0.0002682742134211	0.235715878837691	0.019	0.01	1	BBOF1	c16
6.14394664302773e-17	-0.235458483920869	0.177	0.109	2.24874591081458e-12	NIP7	c16
0.00294273408440641	-0.235434570709353	0.063	0.047	1	NSUN4	c16
2.06252827363004e-24	-0.23526114680081	0.117	0.056	7.54905973431331e-20	TUG1	c16
3.08217821739509e-60	-0.235208392871612	0.652	0.389	1.12810804934878e-55	RSRP1	c16
5.74122015674748e-07	-0.235185557698225	0.062	0.038	0.0210134398957115	PIGM	c16
6.51284095427568e-09	-0.234683635713495	0.045	0.023	0.000238376491767444	DHX35	c16
1.75217318689947e-26	-0.234625115729394	0.267	0.162	6.41312908137076e-22	UVRAG	c16
2.22237148280251e-07	-0.234584977713511	0.214	0.163	0.00813410186420547	GSS	c16
2.8268981636234e-07	-0.234519132484647	0.067	0.041	0.010346729968678	FEN1	c16
0.226772093175442	-0.234505408120151	0.021	0.018	1	ALS2	c16
0.000120476072449358	-0.234384024443927	0.803	0.561	1	CIB1	c16
2.37575447033921e-06	0.234303412708196	0.01	0.003	0.0869549893688855	EHD3	c16
8.70956070446699e-05	-0.234231290632934	0.16	0.126	1	SNUPN	c16
2.79468943895821e-08	-0.234149453655697	0.062	0.036	0.00102288428155309	COG6	c16
1.72059709896296e-09	-0.234109816105729	0.045	0.022	6.29755744191432e-05	ZBTB49	c16
3.17869122193868e-11	-0.234074626159048	0.243	0.176	1.16343277414178e-06	SDF2	c16
1.97911558146746e-19	-0.233964467486225	0.325	0.22	7.24376093972905e-15	AGGF1	c16
2.30279113909019e-22	-0.233954412942222	0.108	0.053	8.428445848184e-18	PEX1	c16
8.61131944033455e-65	-0.233655765723981	0.144	0.048	3.15182902835685e-60	SLA2	c16
0.000162067233546403	-0.233539271278648	0.02	0.011	1	ZBTB5	c16
1.91258883467276e-10	-0.233042377497891	0.048	0.024	7.00026639378578e-06	CEP128	c16
3.90491142261254e-05	-0.233037193125644	0.041	0.025	1	AMN1	c16
2.29688079137513e-13	-0.233034495798687	0.159	0.102	8.4068133845121e-09	CHST11	c16
1.03233171703724e-09	-0.233026425968603	0.111	0.071	3.77843731752799e-05	RRM1	c16
4.10662703725163e-29	-0.233004461919726	0.29	0.174	1.50306656190447e-24	AFF4	c16
7.59762892809821e-09	-0.232728391159164	0.145	0.101	0.000278080816397323	GOLT1B	c16
5.95058967170607e-05	0.232606931374601	0.04	0.025	1	AL121944.1	c16
3.14408028600897e-11	-0.232594391102158	0.078	0.044	1.15076482548214e-06	NAA25	c16
0.00900163321877266	-0.232429354814923	0.032	0.023	1	ZWILCH	c16
1.63575719271981e-09	-0.232355766772743	0.125	0.083	5.98703490107377e-05	PREP	c16
6.30657455806563e-10	-0.232285857926088	0.085	0.051	2.3082693539976e-05	ZNF654	c16
1.24659699024313e-12	-0.232204483565794	0.201	0.137	4.56266964398889e-08	MFSD5	c16
7.02807082536633e-09	-0.232192601211794	0.099	0.063	0.000257234420279233	INTS3	c16
2.93212742361446e-11	-0.231676717329347	0.112	0.069	1.07318795831713e-06	SH2D3C	c16
8.33765457210721e-10	-0.23163987549819	0.062	0.034	3.05166494993696e-05	WARS2	c16
2.57657353766288e-16	-0.231482095752172	0.185	0.117	9.43051680519989e-12	AFTPH	c16
0.000229063840820671	-0.231369015178177	0.067	0.047	1	APOOL	c16
7.38799000727882e-23	-0.231366862948162	0.297	0.192	2.70407822256412e-18	TUBGCP2	c16
1.05266417647119e-06	-0.231283928999598	0.06	0.037	0.0385285615230221	QRSL1	c16
9.37396633312078e-26	-0.231058862168182	0.27	0.165	3.43096541758554e-21	PRKAR2A	c16
4.07937439897763e-17	-0.230980404323301	0.269	0.179	1.4930918237698e-12	JUND	c16
4.44484715908987e-30	-0.230910711974874	0.286	0.171	1.62685850869848e-25	ERCC5	c16
2.14635493367316e-123	-0.230842146841938	0.175	0.045	7.85587369273714e-119	PTGDR	c16
1.30185250069754e-05	-0.230807401032023	0.049	0.03	0.476491033780308	NAXD	c16
3.26812239252667e-06	-0.230769371351291	0.24	0.19	0.119616547688869	BAG6	c16
3.18974289392208e-22	-0.23061468513842	0.201	0.119	1.16747779660442e-17	ERBIN	c16
0.00313819468482314	-0.23036703473243	0.013	0.007	1	ZNF594	c16
0.00265621619401602	-0.230300052085637	0.027	0.017	1	ZKSCAN5	c16
1.33537906202251e-10	-0.230286099699271	0.093	0.055	4.8876209049086e-06	THOC5	c16
1.17724097802066e-15	-0.230132221473798	0.172	0.109	4.3088197036534e-11	PLAA	c16
2.11501520319305e-05	-0.23002600807659	0.034	0.019	0.77411671452069	MTHFSD	c16
0.00198100442211793	-0.230012910781923	0.041	0.028	1	HRAS	c16
0.078017028380864	-0.229994647418607	0.073	0.062	1	TMEM8A	c16
0.000272139906623985	-0.229991203516907	0.061	0.043	1	SPPL3	c16
5.27118693818153e-06	-0.229959993738611	0.116	0.084	0.192930713124382	LINC00847	c16
1.34427555564714e-10	-0.22979970314496	0.102	0.063	4.92018296122408e-06	DNAJC11	c16
7.43896169272163e-05	-0.229718931630861	0.083	0.059	1	GTF2H4	c16
2.12060915233163e-10	-0.229592665063274	0.122	0.079	7.76164155844898e-06	CDK9	c16
9.91772405586572e-11	-0.229117496664722	0.179	0.124	3.62998618168741e-06	TMEM175	c16
5.83305860221536e-22	-0.229056965653481	0.133	0.07	2.13495777899685e-17	NDRG1	c16
1.68617980783011e-33	-0.22905567004161	0.216	0.115	6.17158671463899e-29	RC3H1	c16
7.37765314662652e-41	-0.228946333002015	0.533	0.335	2.70029482819677e-36	CDK2AP2	c16
3.99140074948913e-76	-0.228752277074492	0.068	0.013	1.46089258832052e-71	MS4A1	c16
0.276282227032909	-0.228733596126674	0.017	0.014	1	LBHD1	c16
3.79285402729968e-14	-0.22853161393512	0.587	0.414	1.38822250253195e-09	RNF7	c16
6.90401952004228e-15	-0.228507544044481	0.111	0.063	2.52694018453068e-10	MAU2	c16
9.11205934558858e-08	-0.228249468154252	0.067	0.041	0.00333510484107888	DNAJC24	c16
0.483931936382103	-0.228105177417774	0.014	0.016	1	DLG4	c16
1.47860289234357e-11	-0.228089696279332	0.307	0.225	5.41183444626671e-07	LYSMD2	c16
0.000316578712458164	0.227584521140112	0.023	0.013	1	FIRRE	c16
2.25318954615003e-20	-0.227502031640963	0.293	0.192	8.24689905786374e-16	COX20	c16
0.00066548963770676	-0.2269312246435	0.027	0.016	1	ZNF23	c16
2.02273223613998e-05	-0.22663604463586	0.032	0.018	0.740340225749594	ANKRD46	c16
1.34408046562218e-10	-0.226599224956483	0.26	0.191	4.91946891222374e-06	NIT2	c16
7.07647593370714e-44	-0.226573996883341	0.237	0.117	2.59006095649615e-39	HELZ	c16
1.39067958868133e-27	-0.226422747487015	0.316	0.197	5.09002636253254e-23	TAP2	c16
0.000116572149415	-0.226344997784308	0.03	0.018	1	ADAT3	c16
2.49271187249585e-19	-0.22607465881993	0.297	0.197	9.12357472452207e-15	MANF	c16
2.03106829362112e-39	-0.226062132493865	0.341	0.198	7.43391306148267e-35	TPST2	c16
0.0172464361095728	-0.226002105594922	0.919	0.668	1	NME2	c16
0.00287295846011717	-0.225879221958531	0.067	0.051	1	CHPF2	c16
2.87321158167403e-20	-0.225874496351258	0.084	0.039	1.05162417100851e-15	KAT2B	c16
3.40096215116657e-05	-0.225746906142054	0.066	0.045	1	RABEP2	c16
1.79098643738663e-07	-0.225656239898989	0.073	0.045	0.00655518945947882	SPSB2	c16
6.02095169769937e-37	-0.225586748550391	0.072	0.023	2.20372853087495e-32	COL6A2	c16
0.000214519561055189	-0.225559553561532	0.197	0.161	1	MVB12A	c16
0.000271648798197368	-0.225450507979494	0.044	0.029	1	ZNF134	c16
4.73618266947493e-05	-0.225291836943752	0.036	0.022	1	ZNF197	c16
0.00128918993429201	-0.225215539047337	0.014	0.008	1	AVEN	c16
5.17381383593455e-16	-0.225197500025206	0.52	0.368	1.89366760209041e-11	MRPL51	c16
5.18465943695515e-28	-0.225088344478065	0.042	0.012	1.89763720051995e-23	GPR18	c16
4.83465754638572e-06	-0.224959383105775	0.195	0.151	0.176953300855264	CCDC28A	c16
1.73736512140992e-15	-0.224917718493239	0.074	0.036	6.35893008087246e-11	USP37	c16
1.11538477489232e-11	-0.224697242958441	0.677	0.464	4.08241981458337e-07	NDUFC2	c16
2.17268733369445e-10	-0.224624660363709	0.144	0.096	7.95225291005507e-06	UBA7	c16
0.000467378825749479	-0.224594477207894	0.023	0.013	1	BRMS1L	c16
1.00162461824842e-08	-0.224070262964187	0.058	0.033	0.000366604626525105	KLHL42	c16
0.00481101185972988	-0.223860409012392	0.026	0.017	1	ZBTB22	c16
5.21659519076206e-12	-0.22379198094368	0.109	0.066	1.90932600577082e-07	MUS81	c16
4.41561204737663e-21	-0.223641324702289	0.254	0.161	1.61615816546032e-16	IFNAR1	c16
0.000938994948405898	-0.223542873667645	0.039	0.026	1	PCSK5	c16
1.20239834205128e-08	-0.223197356369226	0.028	0.012	0.00044008981717419	RAD52	c16
4.82158260332874e-11	-0.223135254276543	0.063	0.033	1.76474744864435e-06	ZNF611	c16
0.00115440578107421	-0.223102710933093	0.072	0.054	1	RIOK2	c16
2.93436767437201e-11	-0.223057390528408	0.22	0.157	1.0740079124969e-06	GRPEL1	c16
1.59085805453177e-21	-0.223016745377435	0.253	0.159	5.82269956539172e-17	CHTOP	c16
0.00010309490898201	-0.222687752922547	0.026	0.014	1	WDCP	c16
1.78815045380532e-25	-0.22252470697175	0.093	0.041	6.54480947597285e-21	CDADC1	c16
2.62122865714549e-08	-0.222509021010885	0.062	0.036	0.000959395900801822	LRWD1	c16
7.49794751288965e-37	-0.222252697429274	0.429	0.266	2.74432376919274e-32	PTPN1	c16
3.87259499097169e-43	-0.222048861343666	0.263	0.136	1.41740849264555e-38	EDEM3	c16
1.13010166461338e-21	-0.222024619112571	0.225	0.138	4.13628510265142e-17	TMEM63A	c16
3.19840091991537e-14	-0.221894702953967	0.308	0.221	1.17064672069822e-09	NKAP	c16
0.00177629508447988	-0.221887615190314	0.812	0.56	1	UQCR10	c16
5.62911479145861e-15	-0.221669673952971	0.083	0.043	2.06031230482177e-10	PAXBP1	c16
0.0274836827564182	-0.221549678215363	0.053	0.042	1	GLCE	c16
9.16137402712196e-07	-0.221466998106239	0.04	0.022	0.0335315450766691	ZNF790	c16
4.3948299841934e-37	-0.221394936734579	0.273	0.15	1.60855172251463e-32	SNHG12	c16
2.92752847172599e-59	-0.221371553927902	0.346	0.174	1.07150469593643e-54	XRN1	c16
1.25106510080163e-14	-0.221355900572911	0.284	0.198	4.57902337544403e-10	TUSC2	c16
2.21004901484156e-50	-0.221282626073625	0.582	0.352	8.08900039922158e-46	LCP2	c16
1.65888809718506e-24	-0.221136683145421	0.314	0.199	6.07169632450703e-20	SHOC2	c16
9.86647268392353e-14	-0.221124310289564	0.238	0.165	3.61122766704285e-09	EIF3J	c16
3.27548269088494e-20	-0.22091649293244	0.262	0.169	1.1988594196908e-15	SPOP	c16
0.000506157292339211	-0.2208602756421	0.07	0.051	1	RNF187	c16
7.92791634807241e-18	-0.220741403732442	0.043	0.016	2.90169666255798e-13	TYW1B	c16
9.55109537191581e-05	0.220715701804808	0.016	0.007	1	SNAI3-AS1	c16
1.23697165271546e-08	-0.220699629430951	0.22	0.164	0.000452743994610384	EBNA1BP2	c16
0.0281146333206165	0.220690670568503	0.015	0.01	1	BX537318.1	c16
5.8732180357479e-09	-0.220582158431916	0.078	0.047	0.000214965653326409	XPNPEP3	c16
4.59976963655688e-10	-0.220582149748517	0.078	0.045	1.68356168467619e-05	ANKRD54	c16
6.54418330988178e-26	-0.220480814972576	0.092	0.04	2.39523653324983e-21	UHRF2	c16
8.0822155348289e-44	-0.220460139374876	0.263	0.135	2.95817170790273e-39	RBM33	c16
0.000293843014829779	0.220429224090277	0.012	0.005	1	KIAA0408	c16
1.08447061451016e-20	-0.220058550615972	0.172	0.1	3.96927089616864e-16	CAMK2D	c16
1.41284607512336e-05	-0.220026204914106	0.077	0.053	0.517115791955903	MUL1	c16
0.0921986409423488	-0.219791468169921	0.012	0.008	1	CCT6B	c16
1.68184227049069e-13	-0.219726676667138	0.136	0.084	6.15571089422298e-09	LINC02256	c16
2.81041491022282e-20	-0.219706965557308	0.216	0.134	1.02863996129065e-15	CYB5B	c16
2.82244757362557e-17	-0.21969083640458	0.476	0.336	1.0330440364227e-12	SDF4	c16
5.62845670300198e-07	-0.21956577839099	0.121	0.086	0.0206007143786575	TMEM218	c16
5.45281965634734e-19	-0.219361233845563	0.12	0.064	1.99578652241969e-14	CHERP	c16
5.94952393483264e-07	-0.219164105345163	0.091	0.061	0.021775852553881	GPR137	c16
2.11767190868364e-09	-0.219003298382004	0.101	0.064	7.75089095297299e-05	PDRG1	c16
7.77215100504543e-21	-0.218975484046259	0.219	0.135	2.84468498935668e-16	NADSYN1	c16
4.89554604047241e-14	-0.218808026139796	0.315	0.227	1.79181880627331e-09	IMP4	c16
0.262352691678645	-0.218736274019996	0.031	0.027	1	CD3EAP	c16
2.50987499577695e-31	-0.218629965544863	0.291	0.172	9.18639347204323e-27	CDC73	c16
2.13826170544203e-18	-0.218564052201596	0.142	0.081	7.82625166808837e-14	ANKIB1	c16
0.000171447489848791	-0.218323751395693	0.021	0.011	1	BTBD8	c16
1.18392573787466e-11	-0.218190717592416	0.191	0.131	4.33328659319504e-07	CYTH2	c16
0.000146807738864621	-0.218171000632238	0.059	0.04	1	TGFBRAP1	c16
3.05411312071825e-19	-0.218016801840036	0.227	0.144	1.11783594331408e-14	PPP2R5E	c16
3.25098192110078e-09	-0.21799591306719	0.102	0.065	0.00011898918929421	JOSD1	c16
2.80860047816825e-12	-0.217905874214225	0.138	0.087	1.02797586101436e-07	TRAFD1	c16
1.3861273025318e-15	-0.2177739984091	0.074	0.036	5.07336453999664e-11	PRPF39	c16
1.16636637189007e-14	-0.217767270628731	0.394	0.284	4.26901755775483e-10	TRAPPC2L	c16
0.00823242490602879	-0.217764710372397	0.024	0.016	1	FAM86C1	c16
0.0331992301133934	-0.217511393643202	0.028	0.021	1	ARID3A	c16
4.26832715924138e-44	-0.217498663179363	0.379	0.217	1.56225042355394e-39	SSH2	c16
7.0797830999864e-12	-0.217323645870885	0.216	0.152	2.59127141242602e-07	NBR1	c16
5.17310083814884e-07	-0.217231259830736	0.1	0.068	0.0189340663777086	PLPP1	c16
1.96638062037325e-26	-0.217230170220754	0.45	0.297	7.19714970862814e-22	FAM49B	c16
4.05766949293116e-10	-0.21721725061032	0.063	0.034	1.48514761110773e-05	ZNF564	c16
3.08285404779383e-09	-0.217207405932132	0.139	0.095	0.000112835541003302	RARS	c16
5.01989439636083e-24	-0.21718671681653	0.164	0.089	1.83733154801203e-19	ELP2	c16
0.00126974495034931	-0.216825516002248	0.012	0.006	1	ZKSCAN2	c16
0.354676897460085	-0.216675128741858	0.042	0.038	1	SLC37A4	c16
0.00479115249349145	-0.216569372172975	0.073	0.057	1	C2orf69	c16
0.244287639827023	-0.216539724392993	0.021	0.018	1	SLX1B	c16
0.180853401668385	0.216245816237378	0.011	0.008	1	RALY-AS1	c16
3.29671369494555e-24	-0.216187472641014	0.08	0.033	1.20663017948702e-19	ORC2	c16
7.27012567155607e-31	-0.21615180023059	0.194	0.102	2.66093869704624e-26	TCF12	c16
1.04297346038607e-05	-0.216149642240155	0.046	0.028	0.381738716235905	SELENOO	c16
1.25037820181864e-13	-0.216136112956042	0.126	0.076	4.5765092564764e-09	VPS45	c16
7.96718127088456e-17	-0.21600309979541	0.405	0.289	2.91606801695646e-12	NDUFS2	c16
0.0708440080805504	-0.215994012317126	0.029	0.022	1	AC090517.5	c16
1.97604955970495e-22	-0.215815922594242	0.106	0.051	7.23253899347609e-18	TNKS	c16
1.33760958403514e-09	-0.215588447187428	0.183	0.13	4.895784838527e-05	MOCS2	c16
1.05161430089752e-16	-0.215466203675342	0.333	0.233	3.84901350271502e-12	GTF2B	c16
7.68221298930877e-26	-0.215365690074989	0.2	0.113	2.8117667762169e-21	EXOSC10	c16
2.41831961680135e-14	-0.215098713168593	0.238	0.163	8.85129162945461e-10	PMVK	c16
2.27926268270476e-06	0.215086673804407	0.017	0.007	0.083423293449677	CHAF1B	c16
2.33608902131588e-15	-0.214992858252508	0.155	0.095	8.55031942691827e-11	SUPT7L	c16
0.000293384529772895	-0.214763326854003	0.973	0.785	1	HSP90AA1	c16
1.62419930868676e-09	-0.21461067649595	0.112	0.072	5.94473188972441e-05	NFKB1	c16
1.52356670976438e-07	-0.214548097105034	0.062	0.037	0.00557640651440862	DNAJC16	c16
8.91372363431709e-05	-0.214518489936899	0.183	0.147	1	TFG	c16
3.50683679051338e-09	-0.214511189288373	0.318	0.242	0.00012835373336958	GRHPR	c16
2.94614358475093e-124	-0.214493290679928	0.301	0.099	1.07831801345469e-119	THEMIS	c16
1.52109779936661e-05	-0.214376556623925	0.185	0.145	0.556737005546175	MRPL32	c16
2.4584965242742e-20	-0.214345058242855	0.138	0.075	8.998343128496e-16	ATP11B	c16
1.85816981043261e-05	-0.214308731014984	0.061	0.04	0.680108732316439	ZBTB17	c16
0.00025612929401769	0.21412023599816	0.017	0.009	1	CNIH3	c16
8.37091147181725e-11	-0.21395586998845	0.32	0.239	3.06383730779983e-06	SRA1	c16
2.19206984731137e-26	-0.213918622127927	0.126	0.061	8.02319484814435e-22	TYW1	c16
0.00320145674173343	-0.213750555246886	0.02	0.012	1	ZNF473	c16
7.9235869966513e-64	-0.213532537015332	0.366	0.183	2.90011207664434e-59	RASSF1	c16
6.84765821565677e-23	-0.213408136498065	0.584	0.399	2.50631138351254e-18	AUP1	c16
0.00666688138512444	-0.213393651850693	0.03	0.02	1	RFNG	c16
2.08129412783092e-07	-0.213342871545377	0.126	0.089	0.00761774463727393	RRP15	c16
1.5134841099545e-14	-0.213259275218446	0.41	0.297	5.53950319084447e-10	GET3	c16
0.00330948731452301	-0.213254175415569	0.039	0.027	1	MIER2	c16
0.0571483842782087	-0.213083495171063	0.013	0.009	1	ZNF543	c16
0.000181231725124595	-0.212972800956922	0.021	0.011	1	TIGD7	c16
0.000202052857278037	-0.212897012319009	0.122	0.095	1	ABCF3	c16
2.89884702460017e-17	-0.212703528651843	0.628	0.431	1.06100699947391e-12	LMAN2	c16
2.08830992712624e-08	-0.212588950003075	0.177	0.129	0.000764342316427475	TMEM11	c16
1.34469294074981e-10	-0.212495607211614	0.19	0.133	4.92171063243839e-06	MOB3A	c16
1.2570845343689e-06	-0.212451217913443	0.053	0.032	0.046010551042436	PRIM2	c16
1.92144657441551e-25	-0.212204022967933	0.45	0.301	7.0326866070182e-21	RAB1B	c16
3.27354207513786e-11	-0.212178960465444	0.314	0.231	1.19814913492121e-06	TMED2	c16
3.91834453680292e-13	-0.211917164437984	0.161	0.104	1.43415328391524e-08	DLGAP4	c16
2.45413340991082e-14	-0.211875863704861	0.13	0.077	8.98237369361459e-10	MRTFA	c16
0.0161834641181675	-0.211873641018263	0.013	0.008	1	HHAT	c16
8.34344337329616e-05	0.211802179339959	0.039	0.024	1	ZNF717	c16
4.3012893665693e-06	-0.211507610875957	0.052	0.031	0.157431492105803	TECPR2	c16
1.21402760615705e-17	-0.211466776527554	0.497	0.348	4.44346244129542e-13	PSMG2	c16
2.20947384826054e-19	-0.211372845617008	0.227	0.145	8.08689523201839e-15	ESF1	c16
1.97291101493267e-17	-0.211321808238166	0.231	0.151	7.22105160575508e-13	SLC52A2	c16
6.68547215782156e-17	-0.21119788799535	0.201	0.128	2.44694966448427e-12	CDC27	c16
0.00519806288177794	-0.211042393852516	0.017	0.01	1	KLHL15	c16
1.73177241728666e-05	0.21103833331046	0.027	0.014	0.633846022451092	PSMG3-AS1	c16
1.2639843131592e-06	-0.211025140096849	0.256	0.202	0.0462630898459397	ZSWIM7	c16
1.47124853131989e-12	-0.210929533357861	0.182	0.122	5.38491674948392e-08	SRPRB	c16
6.38767115132051e-13	-0.210819716050376	0.09	0.05	2.33795151809482e-08	FAM228B	c16
9.18905993553853e-17	-0.210752356063983	0.06	0.026	3.36328782700646e-12	PHF7	c16
5.20614096417211e-33	-0.21063366453967	0.311	0.185	1.90549965429664e-28	SMIM29	c16
2.3093969128986e-09	-0.21030257519234	0.212	0.156	8.45262364090016e-05	UTP18	c16
7.03247965169429e-09	-0.210193284138501	0.154	0.108	0.000257395787731663	GPANK1	c16
1.41758432316185e-44	-0.210152376230567	0.256	0.13	5.1885003812047e-40	ZNF644	c16
3.97949837775152e-45	-0.210152328113331	0.487	0.295	1.45653620124083e-40	G3BP2	c16
1.30518470512062e-18	-0.210125871120937	0.326	0.225	4.77710653921197e-14	LARP7	c16
2.92389610401185e-27	-0.209992257810638	0.278	0.17	1.07017521302938e-22	ELF2	c16
3.26304517637469e-11	-0.20996567575373	0.069	0.037	1.1943071650049e-06	B4GALT4	c16
3.15348353555496e-05	-0.209844583183759	0.329	0.265	1	SPINT2	c16
1.6567069449022e-12	-0.209542030299659	0.08	0.043	6.06371308903653e-08	CARNMT1	c16
3.1219276351059e-23	-0.209540075916236	0.181	0.103	1.14265673372511e-18	HMGXB4	c16
1.20606679524096e-12	-0.209358447007049	0.653	0.462	4.41432507726145e-08	AP2M1	c16
0.003616339793842	-0.209290988283966	0.084	0.066	1	TCAF1	c16
0.00327193741904586	-0.208908663552669	0.094	0.075	1	RTP4	c16
6.31087345837087e-11	-0.208891004304302	0.069	0.038	2.30984279449832e-06	STX2	c16
4.81549724197536e-10	-0.208873077741741	0.237	0.174	1.7625201455354e-05	EMG1	c16
0.000262681808840295	-0.208835131773202	0.17	0.138	1	SNAPC2	c16
1.04415388276015e-08	-0.208685974102935	0.38	0.291	0.000382170762629041	UBE2F	c16
3.5055605515775e-34	-0.208607961401375	0.169	0.082	1.28307021748288e-29	NCOA3	c16
0.000525491327833009	-0.208593881457449	0.021	0.012	1	ZNF565	c16
5.50332863497754e-10	-0.208525335629416	0.036	0.016	2.01427331368813e-05	RFXAP	c16
0.188165081028992	-0.208362263445567	0.052	0.045	1	NUDT15	c16
2.4295289080533e-08	-0.208287208908674	0.05	0.027	0.000889231875636587	RINT1	c16
0.062123525676868	-0.208186817651175	0.02	0.015	1	ENO3	c16
2.9815114853963e-26	-0.208031926400812	0.163	0.086	1.0912630187699e-21	RNF34	c16
9.31732746306797e-28	-0.207930263817046	0.277	0.167	3.41023502475751e-23	PNKP	c16
2.24372451863355e-21	-0.207651302727534	0.28	0.182	8.21225611065067e-17	TMEM170A	c16
1.8830145296331e-28	-0.20763834096792	0.188	0.101	6.89202147991009e-24	TMEM131L	c16
0.00431938360433613	-0.207305691134801	0.014	0.008	1	BRICD5	c16
0.000136082260557501	-0.206668831183867	0.097	0.072	1	MTRES1	c16
4.33001816893966e-81	-0.206662596698755	0.311	0.132	1.58482995001361e-76	AC004687.1	c16
3.01598779719994e-05	-0.206438179819396	0.169	0.132	1	RRAGC	c16
1.23674774270767e-22	-0.205974968709127	0.163	0.091	4.52662041308435e-18	MFSD14A	c16
7.12849450151951e-05	-0.205798897266841	0.033	0.019	1	PAXIP1	c16
1.09176806846083e-17	-0.205604368644243	0.182	0.112	3.9959803073735e-13	PANK2	c16
3.04331251098594e-14	-0.205579578481115	0.295	0.209	1.11388281214597e-09	POP4	c16
3.85909350384734e-28	-0.205385250051179	0.098	0.041	1.41246681334316e-23	ZNF266	c16
4.20661250783228e-14	-0.205178220741998	0.203	0.136	1.53966224399169e-09	SLC39A7	c16
5.2991748565794e-08	-0.204984110927363	0.108	0.073	0.00193955098925663	RXYLT1	c16
0.000125860774626744	-0.204979886862532	0.99	0.805	1	ITM2B	c16
1.30018793684527e-06	-0.204966933915735	0.118	0.085	0.0475881786764737	AIFM1	c16
2.31355971191211e-05	-0.204908191611679	0.111	0.081	0.846785990156951	RETREG2	c16
8.46455741898994e-24	-0.20466328713725	0.322	0.209	3.09811266092451e-19	MBD4	c16
3.2786449622782e-30	-0.204651011145645	0.587	0.389	1.20001684264344e-25	EIF3A	c16
1.05213031276673e-19	-0.204427397874036	0.706	0.488	3.8509021577575e-15	TMEM50A	c16
9.966626198397e-31	-0.204193305391153	0.58	0.371	3.64788485487528e-26	TUBA1A	c16
3.73437701562785e-14	-0.203977326021533	0.1	0.056	1.36681933148995e-09	PRKD3	c16
0.00227115103148357	-0.203959593588587	0.032	0.021	1	GTF2H2C	c16
8.20949160373910e-09	-0.203943791502111	0.016	0.005	0.000300475602188455	ADARB2	c16
6.09348983655708e-07	-0.203787226759223	0.055	0.033	0.0223027821507826	UBQLN4	c16
2.30408709153518e-05	0.203688336877828	0.019	0.009	0.843318916372791	AC034236.2	c16
1.07195119603978e-40	-0.203655176412936	0.361	0.212	3.92344857262521e-36	CEP350	c16
5.12619825630547e-07	-0.203636457380658	0.019	0.008	0.0187623982379037	SLC25A15	c16
4.3245546613331e-10	-0.203124186155113	0.062	0.034	1.58283025159453e-05	PRR3	c16
8.0023104954959e-28	-0.20285674689627	0.135	0.065	2.92892566445646e-23	ATG14	c16
2.73292752293302e-16	-0.202607027788631	0.21	0.137	1.00027880266872e-11	LGALS8	c16
5.07469734937422e-10	-0.202069243542208	0.013	0.003	1.85738997684446e-05	TTC21B-AS1	c16
5.24858871836983e-118	-0.202024720164737	0.22	0.066	1.92103595681054e-113	CDK6	c16
1.36814367631163e-11	-0.201932289237589	0.302	0.222	5.0075426696682e-07	GPAA1	c16
7.42738099364571e-08	-0.201897229886033	0.159	0.115	0.00271849571748426	PSMG1	c16
0.00534320519850232	0.201735789505182	0.014	0.008	1	ZNF784	c16
5.98993384639205e-14	-0.201498833012588	0.068	0.034	2.19237568711795e-09	ANKS3	c16
6.17607773948061e-14	-0.201488784863754	0.333	0.239	2.2605062134273e-09	ZCRB1	c16
0.00245152510723147	-0.201273646348159	0.036	0.025	1	TBC1D22B	c16
0.902782939713588	-0.201170614677699	0.058	0.059	1	CDCA7L	c16
5.39724615060838e-10	-0.201161609000477	0.102	0.064	1.97544606358417e-05	ZNF274	c16
3.89574305995763e-07	-0.201107870620682	0.101	0.068	0.0142588091737509	SCAMP4	c16
4.78622268263782e-22	-0.200984149922645	0.587	0.399	1.75180536407227e-17	CD47	c16
5.25717127459336e-28	-0.200767197476415	0.192	0.104	1.92417725821391e-23	BSDC1	c16
6.36805368397591e-25	-0.200671878112572	0.103	0.047	2.33077132887202e-20	USP42	c16
3.51374750675988e-06	-0.200518903041338	0.101	0.071	0.128606672494918	GPAT4	c16
2.45023794712159e-07	-0.200479733270431	0.76	0.538	0.00896811591025973	SEC61B	c16
6.37074899211182e-06	-0.200244883092604	0.073	0.049	0.233175783860285	WRNIP1	c16
1.14601450603343e-06	-0.200093056173401	0.056	0.034	0.0419452769353294	MICB	c16
8.98451542513591e-49	-0.200035859415152	0.281	0.142	3.288422490754e-44	BRWD1	c16
1.68690525902842e-13	-0.199992950257559	0.458	0.329	6.17424193856993e-09	NDUFB5	c16
7.87231028489385e-11	-0.199920259823906	0.105	0.065	2.881344287374e-06	RAD1	c16
1.54736707553961e-10	-0.199887642591329	0.15	0.1	5.66351823318251e-06	NAA60	c16
0.00034922898319186	-0.199845424975546	0.033	0.02	1	RBAK	c16
0.329263238713316	-0.199750410639681	0.01	0.008	1	SLC35E4	c16
1.06438824397308e-11	-0.199750053701965	0.083	0.047	3.89576741176586e-07	CEP44	c16
1.99650416542667e-10	-0.199745031214424	0.138	0.092	7.30740489587815e-06	ZNF326	c16
1.92431243238013e-12	-0.199696660800162	0.377	0.278	7.04317593375451e-08	ECHS1	c16
7.44817620180514e-45	-0.199629611305206	0.933	0.729	2.7261069716227e-40	PTPRC	c16
0.00010984834612097	-0.199547254435362	0.024	0.013	1	FBXO41	c16
3.23954566009425e-09	-0.199514415758325	0.039	0.019	0.00011857061070511	SRGAP2C	c16
7.15744648883752e-13	-0.19884191014651	0.243	0.171	2.61969698937942e-08	TMEM126B	c16
7.72000796251587e-07	-0.19881492277858	0.106	0.074	0.0282560011436043	RANGAP1	c16
0.000295246776513306	-0.198734204941475	0.025	0.014	1	GMEB2	c16
4.96887176709111e-20	-0.198675036746674	0.03	0.008	1.81865675547302e-15	IRF4	c16
4.27062731454909e-35	-0.19862463757227	0.286	0.164	1.56309230339811e-30	TRIP11	c16
1.10934801848548e-22	-0.198431360627589	0.186	0.107	4.06032468245871e-18	NFKBIB	c16
3.03924473686877e-07	-0.198342268344787	0.249	0.193	0.0111239396614134	TIMM10	c16
1.54637487382244e-20	-0.19828320100067	0.358	0.243	5.6598866756775e-16	FBXO7	c16
2.27799846054395e-21	-0.198258540434733	0.614	0.416	8.3377021654369e-17	RAD23A	c16
6.00179445742077e-13	-0.198166113367468	0.583	0.425	2.19671678936058e-08	WDR1	c16
0.000204470953317139	0.198124605982922	0.011	0.005	1	SOCS2-AS1	c16
1.24530299947669e-18	-0.197974821238235	0.259	0.171	4.55793350838463e-14	RNF10	c16
4.06013355852618e-41	-0.197911767618726	0.302	0.167	1.48604948375617e-36	MIA3	c16
4.08083099008811e-18	-0.197851257341808	0.333	0.23	1.49362495068215e-13	PIN4	c16
0.000364298568710375	-0.197835567626933	0.042	0.027	1	FAM89B	c16
4.29334410173856e-38	-0.197763297487621	0.204	0.102	1.57140687467733e-33	NGLY1	c16
1.43390493762285e-06	-0.19769666699833	0.067	0.043	0.052482354621934	DSTYK	c16
7.99728470819564e-18	-0.197643747315603	0.19	0.118	2.92708617604669e-13	FAM104A	c16
2.82282175459542e-13	-0.197621312115242	0.148	0.093	1.03318099039947e-08	DLST	c16
0.18182380061143	-0.197373467077691	0.101	0.092	1	B4GALT7	c16
0.207952179568123	-0.196832816910495	0.015	0.012	1	PGAM5	c16
4.82247939381211e-06	-0.196826257484274	0.01	0.004	0.176507568292917	AL049828.1	c16
2.70756978541206e-19	-0.196386432824057	0.14	0.079	9.90997617158669e-15	APPBP2	c16
0.516481734120597	-0.196328612752354	0.01	0.009	1	DCBLD2	c16
9.01569536291076e-17	-0.196286871238752	0.282	0.193	3.29983465977897e-12	GSPT1	c16
0.00491141482089804	-0.19626047378124	0.027	0.018	1	ZNF486	c16
3.4618727466722e-06	-0.196073357378201	0.056	0.035	0.126708004400949	C22orf34	c16
9.29118237101511e-07	-0.19590368662932	0.146	0.108	0.0340066565961524	CCDC71	c16
0.00474059080437026	-0.195824812847779	0.046	0.034	1	NUDT8	c16
8.22048358756831e-08	-0.195691373948045	0.318	0.247	0.00300877919788588	PFKL	c16
1.53383413797015e-22	-0.195569898594824	0.155	0.085	5.61398632838455e-18	BORCS5	c16
5.17252213490129e-06	0.195331006826244	0.014	0.005	0.189319482659522	LHFPL5	c16
1.38937910621007e-07	-0.194749775406538	0.05	0.028	0.00508526646663949	SHQ1	c16
2.36010851582095e-50	-0.194729751836674	0.296	0.15	8.63823317875628e-46	RABGAP1L	c16
1.78673527511118e-08	-0.194693352949944	0.85	0.576	0.000653962978043443	HMGN2	c16
6.62404362162253e-21	-0.194664728100325	0.092	0.043	2.42446620595006e-16	RANBP6	c16
1.13839971263776e-45	-0.194629385625119	0.363	0.203	4.16665678822546e-41	HECTD1	c16
0.550949763731014	-0.194520194472113	0.858	0.613	1	COX5B	c16
0.109670294423468	-0.194481808614455	0.022	0.017	1	CCZ1B	c16
0.000604955909407487	-0.194395863655862	0.058	0.041	1	ACAD8	c16
2.63006712967422e-21	-0.194345853037098	0.23	0.143	9.6263087013206e-17	GTF2E2	c16
2.16815190423746e-07	-0.194023725456065	0.041	0.022	0.00793565278469954	MMS22L	c16
9.0985080542344e-18	-0.193886461236476	0.562	0.391	3.33014493293033e-13	BANF1	c16
2.93693341761805e-18	-0.193846114573065	0.098	0.05	1.07494700018238e-13	HAGHL	c16
7.86686306789597e-20	-0.193690539778286	0.527	0.361	2.87935055148061e-15	ATP5MC1	c16
3.51125596354228e-36	-0.193533217148531	0.273	0.152	1.28515479521611e-31	FAM111A	c16
1.05249618062793e-07	-0.193491052615273	0.043	0.023	0.00385224127071629	ZSCAN2	c16
3.44286741933974e-25	-0.193408294359363	0.363	0.237	1.26012390415254e-20	FBXO9	c16
2.1350195006735e-32	-0.193204620133566	0.184	0.093	7.81438487441506e-28	ESCO1	c16
9.56994602623141e-06	0.193137179379073	0.03	0.016	0.350269594506096	FBXO46	c16
1.34290508323139e-08	-0.193039579575646	0.031	0.014	0.000491516689513522	ZNF707	c16
1.43395807172081e-18	-0.193021964820994	0.045	0.017	5.24842993830534e-14	DUSP14	c16
0.000237972872431299	-0.192957913331536	0.021	0.011	1	ZNF696	c16
2.30548343679247e-89	-0.192954783807553	0.343	0.145	8.43829992700413e-85	PARP8	c16
8.78180939912682e-09	-0.192888199118792	0.112	0.073	0.000321423005817441	WBP1L	c16
2.04696069820629e-24	-0.19245243165968	0.242	0.147	7.49208085150483e-20	SLC25A36	c16
4.16464466251656e-59	-0.19245114572715	0.102	0.03	1.52430159292769e-54	TRIM73	c16
1.93655718425877e-37	-0.192424442164555	0.106	0.041	7.08799295010551e-33	CEMIP2	c16
6.24699629718926e-13	-0.192250831095491	0.187	0.126	2.28646311473424e-08	MED29	c16
4.39287771965136e-29	-0.192187474326973	0.627	0.422	1.6078371741696e-24	SPCS2	c16
1.00582095714791e-16	-0.191773388439653	0.149	0.088	3.68140528525707e-12	NAA15	c16
1.58562023928177e-08	-0.191757558876341	0.076	0.046	0.000580352863779521	CRY2	c16
0.00241004097529313	0.191457689878082	0.01	0.005	1	AC092164.1	c16
0.00589210555945139	-0.191401909625974	0.105	0.086	1	CRLS1	c16
4.16519035405684e-11	-0.191373909745889	0.688	0.473	1.52450132148835e-06	COX7B	c16
2.00157231172516e-22	-0.191335161999381	0.133	0.069	7.32595481814527e-18	ERCC6L2	c16
4.01805392053369e-05	0.191310086825111	0.022	0.011	1	CENPO	c16
0.00694486532630862	0.190944463923962	0.02	0.012	1	LINC01597	c16
2.84668795634812e-19	-0.190816850208605	0.137	0.076	1.04191625890298e-14	C1RL	c16
0.000414963239686037	-0.190770665714199	0.198	0.164	1	OSER1	c16
3.5299427188057e-30	-0.190636801139809	0.174	0.089	1.29199433451007e-25	SUCO	c16
8.45981544853851e-06	-0.190551393415911	0.079	0.054	0.309637705231958	ZNF675	c16
7.49292690722515e-20	-0.1904663690591	0.036	0.012	2.74248617731348e-15	LINC00921	c16
1.46791330035448e-13	-0.190427779168698	0.055	0.025	5.37270947062742e-09	ANKMY1	c16
6.65246906651438e-07	-0.190376439279113	0.2	0.153	0.0243487020303493	WDR13	c16
1.5975512500957e-14	-0.190309904488019	0.073	0.037	5.84719733047526e-10	METTL15	c16
3.02735297641767e-05	-0.190277418914575	0.088	0.063	1	GALK2	c16
8.19240095328673e-17	-0.190226741833228	0.08	0.039	2.99850067291247e-12	ZNF875	c16
4.09464450722629e-40	-0.189960270513722	0.146	0.063	1.49868083608989e-35	SMG6	c16
7.72998364729708e-31	-0.189949513535003	0.071	0.025	2.8292513147472e-26	KIF21B	c16
2.84501203924988e-09	-0.189934436609123	0.137	0.093	0.000104130285648585	TMEM159	c16
1.56340381879046e-21	-0.189807898513526	0.182	0.106	5.72221431715495e-17	SLC7A6OS	c16
2.87001173800955e-09	-0.189689013512784	0.021	0.008	0.000105045299622888	ZNF829	c16
1.68242973212527e-14	-0.189646045221184	0.223	0.151	6.1578610625517e-10	UTP3	c16
6.61851684745378e-13	-0.189625087119769	0.119	0.072	2.42244335133656e-08	SEC24C	c16
1.54813231273853e-44	-0.189586381545826	0.163	0.07	5.66631907785428e-40	MED17	c16
2.33445492384118e-60	-0.189550843868525	0.199	0.081	8.54433846675112e-56	CREBZF	c16
1.3886858525117e-05	0.189339745671798	0.01	0.004	0.508272908877809	ERP27	c16
5.87132092374615e-05	-0.189321947682447	0.034	0.02	1	RTL10	c16
1.21836292768408e-11	-0.189299339252629	0.137	0.088	4.4593301516165e-07	CDK5RAP1	c16
0.157965877308654	-0.189231950828344	0.027	0.022	1	B4GAT1	c16
7.83848369264427e-11	-0.189225796116809	0.719	0.489	2.86896341634473e-06	MICOS10	c16
5.60809965368079e-07	-0.189176941479356	0.015	0.006	0.0205262055424371	AC092747.4	c16
2.83061806387076e-05	-0.189133746866963	0.12	0.089	1	ORAI2	c16
3.5467658874942e-08	-0.189113364683785	0.019	0.007	0.00129815178248175	ZNF280C	c16
5.11058665817925e-19	-0.189025516556111	0.136	0.076	1.87052582276019e-14	AAGAB	c16
0.234748699242159	-0.188969131697958	0.01	0.007	1	ZSWIM3	c16
1.18767194787598e-19	-0.188876018499264	0.39	0.27	4.34699809642087e-15	CFDP1	c16
3.74911503433435e-10	-0.188737257540936	0.073	0.042	1.37221359371672e-05	TELO2	c16
7.14364371120395e-07	-0.188319942210835	0.067	0.042	0.0261464503473776	CRADD	c16
0.00398056785272443	-0.188164528589055	0.866	0.613	1	TPI1	c16
4.9553584113393e-07	-0.188083160716781	0.074	0.047	0.018137107321343	C11orf21	c16
5.31504257413434e-11	-0.188039992850963	0.104	0.063	1.94535873255891e-06	GPATCH3	c16
2.45500546556302e-19	-0.188035468683444	0.025	0.007	8.98556550450722e-15	FAM169A	c16
0.00264171816317076	-0.188003860013683	0.095	0.076	1	BPNT1	c16
4.51900071049799e-36	-0.188000967451474	0.254	0.138	1.65399945004937e-31	TASOR	c16
7.03292307305732e-07	-0.18764601720508	0.073	0.047	0.0257412017396971	TARS2	c16
3.52864743690713e-07	-0.187450324858307	0.12	0.085	0.0129152024838238	PCYT2	c16
1.90615287116375e-08	-0.187425963167762	0.112	0.075	0.000697671012374643	C16orf91	c16
1.07601097481624e-08	-0.187403997045257	0.034	0.016	0.00039383077689249	KIF9-AS1	c16
1.35331477623542e-17	-0.187324182018388	0.431	0.303	4.95326741249927e-13	CYC1	c16
4.27312204416403e-10	-0.187129912733058	0.264	0.196	1.56400539938447e-05	NFIC	c16
1.60536629604821e-38	-0.186944201169675	0.157	0.071	5.87580118016607e-34	ZNF33A	c16
1.85790067217543e-05	-0.186586775145901	0.06	0.039	0.680010225022931	CETN3	c16
2.30864237470062e-14	-0.186474998147592	0.111	0.063	8.44986195564174e-10	OBI1	c16
8.85304520478332e-29	-0.186448251432745	0.219	0.123	3.24030307540274e-24	CCDC174	c16
1.05562111721018e-08	-0.186328836547529	0.074	0.044	0.000386367885110098	SLC39A13	c16
1.65754006721378e-18	-0.186285735275233	0.541	0.374	6.06676240000916e-14	DSTN	c16
6.00805102209219e-17	-0.186283081442612	0.309	0.214	2.19900675459596e-12	UBE2K	c16
4.21237783050773e-11	-0.186275941638514	0.05	0.025	1.54177240974413e-06	AK9	c16
8.98621694528416e-76	-0.186274262669274	0.23	0.09	3.28904526414345e-71	USP9Y	c16
9.97741797015815e-11	-0.186189197417556	0.379	0.286	3.65183475125758e-06	CHMP3	c16
0.00132430329898378	0.18605457645323	0.029	0.018	1	NCAPG2	c16
2.11616415482042e-17	-0.186051227059316	0.491	0.345	7.7453724230582e-13	GDI2	c16
3.76970686957219e-28	-0.185973700030111	0.241	0.14	1.37975041133212e-23	CUL5	c16
7.71397593260569e-18	-0.185917120544642	0.384	0.268	2.82339233109301e-13	NDUFA9	c16
0.000750836611847229	-0.185873752173862	0.028	0.017	1	PACRGL	c16
0.0119174780238807	-0.185842884480199	0.021	0.014	1	ZNF133	c16
0.00323041675057379	-0.185678929682733	0.01	0.005	1	U2AF1	c16
0.000182179647769669	-0.18562158863288	0.032	0.02	1	TDRKH	c16
2.30365944478237e-27	-0.185314343368312	0.153	0.078	8.43162393384794e-23	IKBKB	c16
2.79930528652257e-05	-0.185250683136958	0.065	0.043	1	METTL6	c16
3.42660733607767e-17	-0.184974560280178	0.155	0.092	1.25417255107779e-12	MTREX	c16
3.29141069615884e-18	-0.184933531279006	0.342	0.236	1.2046892289011e-13	TRAPPC4	c16
2.30036709798279e-16	-0.184567533407018	0.585	0.402	8.4195736153268e-12	NDUFAB1	c16
0.00174975987490446	-0.184504323808818	0.033	0.022	1	ATAD3A	c16
2.38928901167337e-07	-0.18447374553504	0.035	0.018	0.00874503671162569	CHKB-DT	c16
3.50958906700489e-15	-0.184442706399366	0.12	0.069	1.28454469441446e-10	FOPNL	c16
2.110747094762e-05	-0.184427951397176	0.056	0.036	0.772554544153841	N6AMT1	c16
1.76264711416978e-11	-0.184331661568224	0.044	0.02	6.45146470257282e-07	TAF1C	c16
1.38649602438255e-14	-0.184234463254673	0.231	0.157	5.07471409884259e-10	DPM2	c16
5.81210905314356e-14	-0.184167919770742	0.166	0.107	2.12729003454107e-09	RCE1	c16
6.15175909370043e-24	-0.183832525248062	0.146	0.077	2.2516053458853e-19	NOP2	c16
1.15564154950144e-14	-0.183664640935009	0.108	0.061	4.22976363533023e-10	IPO9	c16
1.98540621954756e-06	-0.18354891336178	0.053	0.032	0.0726678530416601	C2CD3	c16
0.00567351376169151	-0.183455866524747	0.045	0.033	1	ERCC2	c16
2.69184921993954e-13	-0.183422855850542	0.094	0.052	9.85243732990071e-09	IP6K1	c16
9.19462684882364e-18	-0.183319502590094	0.167	0.101	3.36532537293794e-13	NEK9	c16
1.94496043244836e-18	-0.183240277563764	0.107	0.056	7.11874967880424e-14	MSH2	c16
7.677525450462e-31	-0.18260126616811	0.176	0.09	2.8100510901236e-26	REV3L	c16
4.59434722917925e-11	-0.182557766065611	0.087	0.051	1.6815770293519e-06	EXOC8	c16
9.65234402493284e-23	-0.182206458664613	0.15	0.081	3.53285443656567e-18	PYROXD1	c16
5.01671715061906e-06	-0.182149504574839	0.038	0.021	0.183616864429808	ALKBH8	c16
2.19535169392035e-12	-0.182068935477405	0.189	0.127	8.03520673491787e-08	RAB5B	c16
1.55246152254132e-35	-0.181742238045552	0.252	0.137	5.68216441865349e-31	CABIN1	c16
0.00224285078752226	-0.181613362870416	0.128	0.105	1	MAP3K13	c16
2.33371900587889e-22	-0.181375950913167	0.2	0.118	8.54164493341733e-18	RAP1GDS1	c16
3.06639539158621e-27	-0.181026303270387	0.042	0.012	1.12233137727447e-22	SLFN12L	c16
3.81918062231997e-22	-0.180965651711695	0.174	0.1	1.39785829957533e-17	PIGH	c16
1.71837432081324e-05	0.180917176033648	0.024	0.012	0.628942185160853	TMEM64	c16
3.06933582012888e-20	-0.180888112837816	0.058	0.023	1.12340760352537e-15	DNASE1	c16
9.29466513992135e-22	-0.180887364196876	0.112	0.056	3.40194038786261e-17	KCTD13	c16
5.77176281221119e-11	-0.180690630535898	0.182	0.126	2.11252290689742e-06	VPS26C	c16
4.00568542519567e-06	0.18064492752698	0.016	0.006	0.146612092247587	SPIN3	c16
1.63593923642733e-06	-0.180518847906207	0.063	0.04	0.0598770119924768	KCTD18	c16
8.44702773149147e-34	-0.180461865579718	0.221	0.118	3.09169662000319e-29	TMEM106C	c16
4.74329593836864e-05	0.180447022386841	0.023	0.012	1	YRDC	c16
0.124681034604955	-0.1803892498654	0.068	0.059	1	PEX10	c16
1.02037872051186e-18	-0.180292523011279	0.251	0.165	3.73468815494546e-14	LSM12	c16
0.0157344546999971	0.180139456873439	0.014	0.009	1	AC092755.2	c16
5.12246782825048e-11	-0.17983631056028	0.043	0.02	1.87487444981796e-06	TMEM120B	c16
0.00102414799589247	0.179830437305347	0.012	0.006	1	AL731569.1	c16
8.73483949840019e-13	-0.179727528748384	0.095	0.054	3.19703860480945e-08	RBM19	c16
6.32774095768862e-10	-0.179710749564313	0.304	0.226	2.31601646792361e-05	BEX4	c16
1.1632136229985e-26	-0.179662926955759	0.149	0.077	4.25747818153682e-22	PRPF3	c16
8.89469169498837e-14	-0.179622154632287	0.151	0.095	3.25554610728269e-09	QRICH1	c16
5.72186233210381e-05	-0.179517567801272	0.014	0.006	1	TCTE3	c16
3.3963246884195e-28	-0.179516299172852	0.608	0.411	1.24308879920842e-23	ACAP2	c16
1.85670553661751e-07	-0.179374176588329	0.074	0.047	0.00679572793457376	SDE2	c16
0.0126000657502061	-0.179341413833635	0.072	0.057	1	CTSO	c16
4.80441696794201e-24	-0.179330398516299	0.227	0.136	1.75846465443645e-19	API5	c16
0.000406612956931712	-0.17932920399054	0.84	0.592	1	UBL5	c16
1.04617604587674e-16	-0.179291843518198	0.257	0.174	3.82910894551347e-12	FPGS	c16
6.19016420667696e-64	-0.179133944417576	0.416	0.219	2.26566200128583e-59	BDP1	c16
0.000111080849979719	-0.179113422089099	0.041	0.025	1	ZNF583	c16
2.35760044283242e-33	-0.178920433850317	0.431	0.275	8.62905338081094e-29	VPS36	c16
1.5992428539115e-22	-0.1785979454798	0.624	0.425	5.8533887696015e-18	UBE2L3	c16
3.19682324013526e-05	0.178138487185699	0.017	0.008	1	AC083862.3	c16
4.40249281707946e-25	-0.178086132670193	0.344	0.225	1.61135639597925e-20	MRPS5	c16
6.53925631007772e-11	-0.177967745975071	0.104	0.063	2.39343320205155e-06	C11orf98	c16
2.24231830916843e-19	-0.177837398383356	0.406	0.283	8.20710924338736e-15	BAG1	c16
9.01418170683755e-09	-0.177595393182119	0.075	0.045	0.000329928064651961	PCGF6	c16
2.28259508907953e-22	-0.177553840598961	0.625	0.423	8.35452628553997e-18	SRI	c16
2.97995792750561e-06	-0.177186629966964	0.098	0.069	0.109069440104633	EGLN1	c16
7.58681349389097e-25	-0.177119766471671	0.052	0.018	2.77684960689903e-20	SOGA3	c16
2.16518717293233e-05	-0.177021733696537	0.04	0.024	0.792480157164962	ZNF71	c16
4.90364682375484e-26	-0.176942393912295	0.095	0.041	1.79478377396251e-21	GMDS-DT	c16
2.20501055593846e-08	-0.176869482157366	0.056	0.032	0.000807055913579036	MAML1	c16
0.00388129136666591	-0.176795426982134	0.016	0.009	1	ZNF19	c16
2.12425139159229e-08	-0.176637173154732	0.068	0.04	0.000777497251836693	ARMC7	c16
0.879723966845579	-0.176367679286346	0.027	0.028	1	AL096870.8	c16
2.09991439489933e-06	-0.176150021346564	0.091	0.063	0.0768589667677104	GOT1	c16
2.41514126146829e-19	-0.176104464214945	0.105	0.053	8.83965853110009e-15	CC2D1A	c16
7.73459383524261e-05	-0.176080204732564	0.03	0.017	1	ZNF573	c16
4.13717266841222e-27	-0.176012871506148	0.389	0.255	1.51424656836556e-22	NT5C	c16
4.77452520441096e-34	-0.175977326555114	0.114	0.047	1.74752397006645e-29	KHDC4	c16
3.36923335550506e-25	-0.175900210602906	0.418	0.278	1.23317310044841e-20	YIPF3	c16
3.88650977682857e-11	-0.175834945125697	0.236	0.169	1.42250144341702e-06	MYCBP	c16
1.08960704423475e-59	-0.175681176342484	0.635	0.384	3.98807074260359e-55	N4BP2L2	c16
2.76166495082668e-33	-0.175616820293154	0.36	0.221	1.01079698865207e-28	IQGAP2	c16
3.30990200630923e-18	-0.175492331038208	0.307	0.21	1.21145723332924e-13	NRBP1	c16
4.8108364235497e-33	-0.175449060266082	0.483	0.314	1.76081423938343e-28	NR3C1	c16
5.57421687602982e-07	-0.17537330146772	0.025	0.012	0.0204021911879567	TNFRSF10D	c16
0.0342449769359478	-0.17527094126652	0.012	0.007	1	CLHC1	c16
4.93481656153971e-08	-0.175269766023162	0.03	0.014	0.00180619220968915	TMEM79	c16
0.00218100812862625	-0.1749300826378	0.056	0.041	1	KATNB1	c16
2.20270921675521e-07	-0.174838684300175	0.029	0.014	0.00806213600424574	ZNF510	c16
0.627731174005119	-0.174770285205246	0.034	0.032	1	ICA1	c16
1.01599777890034e-06	-0.174699352632082	0.044	0.025	0.0371865347055313	ANKRD37	c16
2.22909630567328e-08	-0.174483305295336	0.044	0.023	0.000815871538839478	CENPM	c16
4.25750975483253e-35	-0.174419864682902	0.119	0.049	1.55829114536625e-30	EPM2AIP1	c16
3.10819080267997e-06	-0.174033068687033	0.066	0.043	0.113762891568889	C17orf75	c16
4.54248908685867e-14	-0.173991966526722	0.315	0.226	1.66259643068114e-09	RRAGA	c16
9.27940965893979e-09	-0.173982671175483	0.01	0.003	0.000339635672926855	N4BP3	c16
1.01081903122282e-05	0.173815760903708	0.01	0.004	0.369969873617865	PRSS53	c16
4.58944992593072e-39	-0.173775671719421	0.16	0.072	1.6797845673899e-34	KAT7	c16
2.08659038853939e-10	-0.173623239166373	0.113	0.071	7.63712948109301e-06	RNF25	c16
4.85432696563704e-10	-0.173596767902535	0.113	0.073	1.77673221269281e-05	GCN1	c16
2.80331333377362e-77	-0.173473829827316	0.126	0.035	1.02604071329448e-72	TRGV10	c16
4.69208974200238e-10	-0.173457418670167	0.159	0.11	1.71735176647029e-05	NSMCE2	c16
0.000532353489189836	-0.173440045397988	0.097	0.075	1	PRPS2	c16
1.29528717026717e-38	-0.173355192928337	0.545	0.346	4.74088057189485e-34	CSNK1A1	c16
4.25868883786935e-08	-0.173294782562742	0.032	0.015	0.00155872270154856	LENG8-AS1	c16
7.4263388334514e-11	-0.173113085060142	0.202	0.143	2.71811427643155e-06	ARMCX6	c16
8.16969803768025e-05	-0.173084710691124	0.117	0.089	1	TIAM1	c16
1.24438961096793e-12	-0.173062869883275	0.06	0.029	4.55459041510372e-08	SCYL3	c16
9.05802857865646e-28	-0.172915408752492	0.181	0.097	3.31532904007405e-23	PDS5A	c16
2.82594052188581e-23	-0.172876946022425	0.241	0.148	1.03432249041543e-18	SUDS3	c16
2.14076165212181e-13	-0.172845827154048	0.135	0.084	7.83540172293103e-09	ELAC2	c16
1.84447251555636e-36	-0.172788939680275	0.387	0.236	6.75095385418785e-32	LPIN2	c16
3.56671406682999e-06	-0.172752966165354	0.02	0.009	0.130545301560044	SLC16A13	c16
2.44663630094153e-41	-0.172692147783156	0.418	0.251	8.9549335250761e-37	RSRC2	c16
0.0537360864106674	0.172573283184665	0.012	0.007	1	QSOX2	c16
1.84764631480672e-38	-0.172515859639912	0.242	0.127	6.76257027682408e-34	KDM2A	c16
9.98534829264551e-16	-0.172496990226775	0.072	0.035	3.65473732859118e-11	TTC27	c16
6.1820774628182e-10	-0.172419119497844	0.141	0.095	2.26270217216609e-05	PPIL3	c16
2.54283100536515e-13	-0.172320560711225	0.25	0.176	9.307015762737e-09	PPM1M	c16
2.20048705781232e-05	-0.172131379988593	0.044	0.027	0.805400268029886	C17orf80	c16
4.87006220147353e-22	-0.17143538925346	0.161	0.09	1.78249146636133e-17	SLC30A5	c16
4.14985850925672e-11	-0.171268067785136	0.157	0.106	1.51888971297305e-06	NOP16	c16
5.986328166804e-20	-0.170890100820248	0.264	0.172	2.19105597233193e-15	HDAC2	c16
0.000736106715371554	0.170865676372343	0.013	0.006	1	AL135999.1	c16
1.106203414083e-13	-0.170362155643632	0.341	0.246	4.04881511588517e-09	MRPL18	c16
3.83572710284881e-10	-0.170306385318625	0.317	0.24	1.40391447691369e-05	WDR61	c16
0.00407215257470878	-0.17010062677824	0.057	0.043	1	KLF7	c16
4.1377539285847e-05	-0.170054145359204	0.02	0.01	1	MADCAM1	c16
0.000214767356566524	-0.170015400047073	0.113	0.087	1	COQ6	c16
7.96765661852594e-36	-0.169595275787129	0.134	0.058	2.91624199894668e-31	ZNF84	c16
2.82517573656378e-08	-0.169525953985418	0.849	0.574	0.00103404257133971	C9orf16	c16
9.04433648098552e-15	-0.16920367443587	0.113	0.065	3.31031759540551e-10	SLC35B3	c16
7.59917511825142e-14	-0.169001384159877	0.188	0.124	2.7813740850312e-09	IBTK	c16
3.66233469833397e-12	-0.168965880372967	0.153	0.1	1.34045112293722e-07	TMEM242	c16
7.09355711347897e-05	0.16887033758116	0.012	0.005	1	LINC02614	c16
2.03139247977743e-05	-0.168749559322249	0.087	0.061	0.743509961523337	PITRM1	c16
2.13318867132496e-14	-0.168715707767951	0.033	0.012	7.80768385591647e-10	EFCAB7	c16
5.54727922082727e-07	-0.168612969688263	0.101	0.069	0.0203035966761499	HDAC5	c16
0.0922134895321686	0.168538811643689	0.023	0.017	1	PDIA5	c16
6.16625905471332e-22	-0.168429037222514	0.09	0.041	2.25691247661562e-17	PYGO2	c16
5.25663582493764e-13	-0.16832461479788	0.057	0.027	1.92398127828543e-08	MPZL3	c16
2.68975370318577e-11	-0.168259492464755	0.085	0.049	9.84476752903025e-07	DGCR2	c16
1.60006890370884e-11	-0.168109222489492	0.741	0.513	5.85641219446472e-07	ATP5MD	c16
5.06457635142417e-05	-0.168069228040143	0.033	0.019	1	LIPE-AS1	c16
1.19201181050059e-33	-0.168035700728125	0.128	0.056	4.3628824276132e-29	ZNF281	c16
3.29725084348597e-07	-0.168028771918168	0.226	0.174	0.012068267812243	HAUS4	c16
3.37030620051097e-11	-0.167944125478771	0.109	0.068	1.23356577244902e-06	TEFM	c16
2.7077350076788e-16	-0.167875305654538	0.109	0.06	9.91058090160517e-12	MMS19	c16
7.35550217404102e-06	-0.167808668342195	0.047	0.029	0.269218735072075	MTERF1	c16
1.62950288473981e-13	-0.167518487244336	0.063	0.031	5.96414350843616e-09	ARID3B	c16
1.26456917057163e-66	-0.167510477150991	0.084	0.02	4.62844962120924e-62	MIAT	c16
9.0373147182884e-15	-0.167417403726261	0.054	0.024	3.30774756004074e-10	SLC16A1	c16
5.06753637279042e-17	-0.16718024091796	0.071	0.033	1.85476898780502e-12	ZNF567	c16
2.04274053759432e-17	-0.167177499638949	0.657	0.445	7.47663464164898e-13	PSMA2	c16
1.67167020932838e-08	-0.167164741685313	0.182	0.133	0.000611848013316279	FAM110A	c16
2.53462324453695e-26	-0.166865434383931	0.095	0.041	9.27697453732971e-22	PRMT3	c16
4.60182100643361e-06	-0.166846221672672	0.038	0.022	0.168431250656477	FAN1	c16
4.98074251151586e-13	-0.166215558068372	0.224	0.155	1.82300156663992e-08	HMG20B	c16
2.44777786927146e-43	-0.166174905214699	0.381	0.219	8.95911177932046e-39	ACIN1	c16
1.08488527065245e-05	-0.166103950792904	0.05	0.031	0.397078857911504	LRRC45	c16
4.41617208643932e-13	-0.166056295736507	0.169	0.111	1.61636314535766e-08	HGS	c16
1.47282932595534e-11	-0.166023239754075	0.099	0.059	5.39070261592915e-07	RNF170	c16
4.94852421002542e-07	-0.166008088304438	0.157	0.115	0.018112093461114	TRIM28	c16
0.000390408799914202	-0.165822573755825	0.135	0.107	1	FCHO1	c16
9.47282630500716e-06	-0.165794230457954	0.049	0.03	0.346714915589567	ZNF557	c16
1.13655577827144e-13	-0.165793807504032	0.18	0.119	4.15990780405131e-09	MED19	c16
6.11651939580026e-19	-0.165776353465549	0.166	0.098	2.23870726405685e-14	DELE1	c16
1.16066828745404e-15	-0.165722381446943	0.107	0.059	4.24816199891053e-11	CWF19L1	c16
6.3110308265215e-22	-0.165513695204475	0.308	0.203	2.30990039281513e-17	RNF114	c16
8.93623244419757e-20	-0.165365718302829	0.249	0.161	3.27075043690075e-15	CRELD2	c16
7.67949310589062e-19	-0.165147532662293	0.088	0.043	2.81077127168702e-14	RUFY2	c16
0.0366583803555091	-0.165146318538875	0.036	0.027	1	MAPK9	c16
2.47281543951441e-06	0.165116062670731	0.063	0.04	0.0905075179016669	CCDC86	c16
9.07612728339828e-16	-0.165089696870289	0.115	0.065	3.32195334699661e-11	ZMAT3	c16
1.29146418976588e-62	-0.164984799881621	0.239	0.103	4.72688808096209e-58	VPS13A	c16
4.7302697538436e-26	-0.164728267819444	0.171	0.093	1.73132603260429e-21	MAF	c16
1.68787236531854e-09	-0.164720124051496	0.076	0.045	6.17778164430239e-05	RBM41	c16
1.59053533222823e-116	-0.164629483229453	0.504	0.207	5.82151836948856e-112	CD8B	c16
8.18342345994979e-08	-0.164589948303131	0.161	0.118	0.00299521482057622	MPDU1	c16
2.4722845257616e-13	-0.164461325229615	0.785	0.546	9.04880859274002e-09	MTDH	c16
3.78678076222664e-18	-0.164248258550377	0.119	0.064	1.38599962678257e-13	TAF1	c16
2.46912668424694e-06	0.164138660168382	0.012	0.004	0.0903725057701222	ANKS6	c16
1.66000307457059e-19	-0.164117663954775	0.245	0.158	6.07577725323582e-15	DDB1	c16
3.96071764703028e-21	-0.163830100951986	0.592	0.402	1.44966226598955e-16	ATRAID	c16
5.0432895058084e-27	-0.163708593206633	0.304	0.191	1.84589439202093e-22	C6orf89	c16
4.1782405032663e-09	-0.163682185885769	0.041	0.02	0.00015292778066005	ENGASE	c16
4.76088476008963e-06	0.163654277641533	0.019	0.009	0.174253143104041	SFT2D3	c16
0.0157348742051054	-0.163625844040703	0.016	0.01	1	AC099850.1	c16
8.66225798176996e-10	-0.163615731515472	0.242	0.179	3.17047304390762e-05	TMEM126A	c16
1.54792350256816e-19	-0.163615251955811	0.214	0.134	5.66555481174973e-15	CDS2	c16
1.55441431211471e-19	-0.163560995982778	0.134	0.074	5.68931182377104e-15	PTCD3	c16
2.82189263790258e-28	-0.163401106135051	0.576	0.378	1.03284092439872e-23	HSPD1	c16
2.99479516247148e-18	-0.163356361647045	0.163	0.097	1.09612497741619e-13	TOMM70	c16
1.26926946267564e-43	-0.163177982990844	0.266	0.138	4.6456531603391e-39	NUTM2A-AS1	c16
1.10280603473626e-10	-0.163044590905546	0.036	0.016	4.03638036773817e-06	AIM2	c16
5.54942075552591e-08	-0.162795018830079	0.022	0.009	0.00203114349073004	DDX47	c16
4.5383313092107e-06	0.16276261621837	0.016	0.007	0.166107464248421	PAXBP1-AS1	c16
6.3948987622348e-06	-0.162755999211432	0.028	0.015	0.234059689596556	LPAR5	c16
0.000595294833691188	-0.162701542882735	0.032	0.02	1	ZNF341	c16
4.52131148904255e-05	-0.162464592491733	0.029	0.016	1	AC078846.1	c16
0.00499226888886556	-0.16241649124856	0.041	0.029	1	RYK	c16
4.45370456507107e-07	-0.162357012030883	0.032	0.016	0.0163010040786166	ARL10	c16
1.50187591804313e-19	-0.162115160622627	0.271	0.18	5.49701604762967e-15	AASDHPPT	c16
1.23177500118564e-160	-0.162079847988114	0.58	0.228	4.50841968183958e-156	ITGA4	c16
9.02360484112646e-20	-0.16162427879765	0.029	0.008	3.3027296079007e-15	AL135818.1	c16
2.18482238546537e-20	-0.161585492541921	0.073	0.032	7.99666841304181e-16	ATG16L1	c16
5.14123307682358e-08	-0.161475167650865	0.069	0.042	0.0018817427184482	AMBRA1	c16
4.27879235984261e-35	-0.161366268772476	0.137	0.061	1.56608079162599e-30	EZH1	c16
0.0091997205055801	-0.161192765712754	0.01	0.006	1	STXBP1	c16
9.08537762453751e-13	-0.161191703059729	0.806	0.567	3.32533906435697e-08	CDC37	c16
1.22113397947201e-19	-0.161177902499818	0.42	0.293	4.46947247826549e-15	MGMT	c16
2.14844596118338e-08	-0.161045166126747	0.043	0.022	0.000786352706252728	SLC35D1	c16
6.04899327945024e-17	-0.160877988870706	0.525	0.364	2.21399203021158e-12	LSM4	c16
1.759033968888e-08	-0.160572175768939	0.135	0.093	0.000643824022952695	PIGBOS1	c16
3.33887177361458e-12	-0.160386825570373	0.27	0.194	1.22206045786067e-07	DCTPP1	c16
3.04060937801804e-22	-0.160332412423714	0.271	0.173	1.11289343844838e-17	SLAIN2	c16
2.30738176716853e-14	-0.160295096531183	0.051	0.022	8.44524800601354e-10	GPR89B	c16
1.5132244176734e-33	-0.160244902418126	0.247	0.137	5.53855269112642e-29	MECP2	c16
2.41284641515032e-13	-0.160202065705456	0.127	0.077	8.8312591640917e-09	ARMC1	c16
0.017440478455648	-0.159969189429512	0.021	0.014	1	MRPL53	c16
9.84970370567369e-46	-0.159645597991013	0.269	0.138	3.60509005331363e-41	SETD2	c16
6.59234725418652e-10	-0.159590947783122	0.089	0.054	2.41286501850481e-05	INSIG2	c16
1.58822795957388e-09	-0.159514107137722	0.057	0.031	5.81307315483635e-05	REXO1	c16
1.9554208478413e-13	-0.159472014748273	0.394	0.289	7.15703584518393e-09	MVP	c16
0.00352055549048846	-0.15940880848139	0.01	0.005	1	ZBTB26	c16
9.62263805123435e-16	-0.159098072235532	0.153	0.093	3.52198175313229e-11	IPO5	c16
1.20405355501447e-08	-0.159029598853523	0.202	0.148	0.000440695641670847	SNF8	c16
1.13715301141148e-11	-0.158951326689753	0.223	0.158	4.16209373706715e-07	HNRNPH2	c16
1.41408880376218e-23	-0.158879303781912	0.344	0.227	5.17570643064995e-19	FAM32A	c16
0.00661629776527122	-0.158829194942963	0.862	0.596	1	NDUFS5	c16
0.0512064929451275	0.15881404068837	0.015	0.01	1	MAP3K2-DT	c16
7.5343996548536e-09	-0.158790514344469	0.022	0.009	0.000275766561767297	ATXN7L2	c16
1.60429402683004e-18	-0.158731683105701	0.204	0.128	5.87187656760064e-14	KIAA1143	c16
9.8609567048628e-11	-0.158636959031403	0.264	0.194	3.60920876354683e-06	USF2	c16
3.59966616843333e-13	-0.158550027104309	0.081	0.044	1.31751381430828e-08	ZNF664	c16
2.21178319342426e-74	-0.158479340340869	0.439	0.223	8.09534766625213e-70	USP34	c16
4.49210148132102e-15	-0.158358975373571	0.117	0.067	1.64415406317831e-10	NCAPD3	c16
4.7984986926067e-18	-0.158346413776516	0.065	0.028	1.75629850648098e-13	ZBTB2	c16
5.22475183538943e-31	-0.158230834307278	0.247	0.141	1.91231141927089e-26	PHF20L1	c16
2.83054082409055e-05	-0.158207345044439	0.017	0.008	1	HIST1H4E	c16
2.95913081069412e-12	-0.158109926247405	0.082	0.045	1.08307146802215e-07	PIGG	c16
6.7893058324816e-16	-0.157702797166968	0.064	0.03	2.48495382774659e-11	TRAPPC10	c16
1.2098751994098e-29	-0.157640439043827	0.314	0.193	4.42826421735979e-25	ADSS	c16
1.40849876883854e-26	-0.15753301061707	0.171	0.091	5.15524634382594e-22	ISG20L2	c16
7.22915286849992e-25	-0.15751610583653	0.111	0.052	2.64594224139965e-20	HCP5	c16
3.43152440737587e-40	-0.15749730796225	0.484	0.302	1.25597224834364e-35	TMED4	c16
1.22137430757661e-61	-0.157160444617695	0.55	0.322	4.47035210316116e-57	LUC7L3	c16
5.23854050860005e-15	-0.157082684214965	0.183	0.118	1.9173582115527e-10	TTC37	c16
3.25004992809671e-07	-0.15688242406856	0.023	0.01	0.0118955077418268	KDM8	c16
0.0001910487321597	-0.156771284190562	0.018	0.009	1	EME2	c16
0.000124973606176911	0.156700010693358	0.02	0.01	1	AC133552.5	c16
2.91251565654652e-07	-0.156652159739756	0.061	0.037	0.0106600985545259	CXorf40A	c16
1.14363293263483e-25	-0.156514015698683	0.119	0.057	4.18581089673674e-21	SPRTN	c16
0.0152755550051235	-0.156472652213652	0.021	0.014	1	DVL1	c16
1.21568265212679e-25	-0.156251640846376	0.182	0.099	4.44952007504927e-21	AL627171.2	c16
7.72567596325703e-06	0.155905818890063	0.012	0.005	0.282767465931171	MAPK8IP1	c16
8.03426142655652e-08	-0.155764189657708	0.055	0.032	0.00294062002473395	HINFP	c16
1.46925369085239e-12	-0.155633381257613	0.387	0.286	5.37761543388882e-08	HSD17B10	c16
1.49380180876581e-15	-0.155473268204063	0.15	0.092	5.46746400026375e-11	KIAA1191	c16
3.46987199394305e-05	0.15542712602019	0.041	0.025	1	KAT14	c16
1.20236038619257e-10	-0.155424593658064	0.079	0.045	4.40075924950342e-06	NUDCD1	c16
0.0234071957602453	-0.155322159580333	0.02	0.013	1	AC004847.1	c16
8.75679173159791e-09	-0.155164885227363	0.094	0.06	0.000320507334168215	ENOX2	c16
2.4537335415975e-08	-0.15488290521481	0.027	0.012	0.0008980910135601	DNAH1	c16
4.15298450575779e-06	-0.154798667004803	0.172	0.132	0.152003385895241	C1orf122	c16
1.18224325883916e-31	-0.154614856615266	0.144	0.068	4.32712855167719e-27	UBXN2A	c16
1.92686797476885e-11	-0.154587348256543	0.116	0.072	7.05252947445149e-07	DDX59	c16
6.21808974185542e-20	-0.154586228987033	0.144	0.08	2.2758830264165e-15	NUDT4	c16
1.08605878960943e-30	-0.154565001836672	0.38	0.242	3.97508377584947e-26	CDC40	c16
7.1204767176441e-13	-0.154528201924185	0.161	0.105	2.60616568342492e-08	TMEM189	c16
1.22798682483223e-45	-0.154324729537261	0.844	0.59	4.49455457756845e-41	KLF6	c16
1.53996649469951e-05	-0.15423967037102	0.028	0.015	0.563643136724967	IBA57	c16
3.01964935751166e-44	-0.154219341197251	0.19	0.087	1.10522186134284e-39	ZMYM2	c16
0.0922054268609642	-0.154121748609104	0.012	0.008	1	PWP2	c16
4.99062961787649e-17	-0.153914118524522	0.23	0.151	1.82662034643897e-12	TMX2	c16
1.98475384905626e-05	-0.153892983295704	0.097	0.07	0.726439756293083	INTS1	c16
0.0194471227358231	-0.153810473560357	0.019	0.013	1	ENDOG	c16
3.81273939480071e-08	-0.153788639224048	0.08	0.05	0.00139550074589101	ASCC1	c16
2.7872375286412e-14	-0.153567558022381	0.267	0.188	1.02015680785797e-09	UBE2J1	c16
2.02347408292363e-11	-0.153411086685874	0.225	0.161	7.40611749090878e-07	RAD23B	c16
7.13922577077438e-25	-0.153351768853889	0.18	0.1	2.61302802436113e-20	VGLL4	c16
4.05767560933703e-12	-0.153341685126525	0.076	0.042	1.48514984977345e-07	OTULIN	c16
0.909897600934145	-0.153262488765249	0.03	0.031	1	FKBP1C	c16
9.13265038618824e-32	-0.153253450635809	0.284	0.166	3.34264136784876e-27	ARID1A	c16
1.21295845141381e-65	-0.153143339650388	0.139	0.046	4.43954922801968e-61	ANTXR2	c16
1.09863178376248e-14	-0.153128004363081	0.229	0.156	4.02110219174907e-10	TOM1	c16
6.53897050395529e-28	-0.152761114863675	0.334	0.211	2.39332859415268e-23	NORAD	c16
2.73277424119304e-10	-0.152618828698852	0.244	0.179	1.00022270001907e-05	ALDH9A1	c16
1.53662653466555e-18	-0.15251690630248	0.149	0.086	5.62420677952936e-14	RPAP3	c16
2.6488323466275e-19	-0.152501056593493	0.166	0.098	9.6949912718913e-15	WRAP73	c16
3.39687449127874e-13	-0.152480350665806	0.208	0.143	1.24329003255293e-08	MRPS18A	c16
4.02317620862051e-07	-0.152332498885253	0.134	0.096	0.0147252272411719	SGSM3	c16
6.15537251659622e-40	-0.152308611606643	0.233	0.12	2.25292789479938e-35	CYP20A1	c16
9.13856579423621e-18	-0.152236038140021	0.09	0.045	3.34480646634839e-13	MTM1	c16
3.9653063351078e-20	-0.15218805176688	0.395	0.271	1.45134177171281e-15	CCDC115	c16
1.00567067704126e-24	-0.151985681754017	0.237	0.143	3.68085524503872e-20	CCNK	c16
9.43578116876119e-17	-0.151984697661019	0.078	0.038	3.45359026557828e-12	NEDD1	c16
4.11669921689791e-40	-0.151514501845262	0.41	0.249	1.50675308037681e-35	NEMF	c16
4.49990299215836e-28	-0.15149012645553	0.252	0.149	1.64700949415988e-23	SIRT2	c16
2.20123934852284e-23	-0.151328123128049	0.795	0.55	8.05675613952843e-19	CD53	c16
0.00447388950742705	-0.151249810355655	0.916	0.703	1	TPM3	c16
1.18476320911984e-20	-0.151242729834706	0.559	0.382	4.33635182169953e-16	SDHC	c16
9.15932097905105e-13	-0.150848512443956	0.145	0.093	3.35240307154248e-08	COG4	c16
0.0282423013402283	0.150197727302857	0.016	0.01	1	CDKL3	c16
3.12610307310738e-52	-0.15018921993637	0.253	0.122	1.14418498578803e-47	TMEM50B	c16
1.67799056230638e-52	-0.149842623243219	0.35	0.187	6.14161325709759e-48	SMARCA2	c16
9.44592206994054e-19	-0.149814322455818	0.259	0.17	3.45730193681894e-14	GLRX3	c16
3.17799965338818e-32	-0.149635419995536	0.109	0.046	1.16317965313661e-27	ZNF335	c16
3.65259179954233e-19	-0.149624027377021	0.312	0.212	1.33688512455049e-14	GPR108	c16
1.0110807950416e-30	-0.149549448437009	0.682	0.464	3.70065681793177e-26	UBXN4	c16
3.55268977464285e-15	-0.14943600729085	0.07	0.034	1.30031998441703e-10	PHF8	c16
0.000104396015276845	-0.149334516717179	0.042	0.026	1	AC015871.1	c16
9.45486826867799e-10	-0.149199100471609	0.042	0.02	3.46057633501883e-05	DCAF4	c16
7.8921987947771e-31	-0.149164824626038	0.05	0.014	2.88862368087637e-26	RRAS2	c16
0.0131440614478924	0.149140823412331	0.013	0.007	1	ZKSCAN3	c16
3.15709919739957e-05	-0.149099798515991	0.071	0.049	1	WDYHV1	c16
3.97501736982267e-26	-0.14905951330319	0.241	0.144	1.4548961075288e-21	TMEM248	c16
1.93124257084165e-14	-0.148731929468736	0.755	0.514	7.06854093353752e-10	TMEM258	c16
8.76995498453298e-08	-0.148455276066515	0.192	0.143	0.00320989122388892	MRPS14	c16
3.5667388479784e-06	-0.148443095036675	0.031	0.017	0.130546208574858	ANKEF1	c16
1.99472820934408e-07	-0.148431642568275	0.826	0.558	0.00730090471902028	SLC25A5	c16
4.4777586229892e-83	-0.148038722995186	0.343	0.153	1.63890443360028e-78	TTC14	c16
8.15016199197038e-09	-0.148011694759944	0.042	0.021	0.000298304079068108	CCDC191	c16
1.46864316857613e-10	-0.147901001252921	0.223	0.162	5.37538086130549e-06	RIN3	c16
8.91208524319989e-10	-0.147856696546332	0.042	0.02	3.26191231986359e-05	C11orf80	c16
8.3742424115567e-102	-0.147848881882544	0.429	0.19	3.06505646505387e-97	ANKRD44	c16
0.00118113469286388	-0.14778864451978	0.016	0.009	1	SMARCA5-AS1	c16
2.85844805046553e-23	-0.147448348109161	0.278	0.177	1.04622057095089e-18	FYTTD1	c16
7.10833417213021e-08	-0.147415670941093	0.039	0.02	0.00260172139034138	ZNF566	c16
2.05896575345863e-17	-0.147234091816049	0.101	0.052	7.53602055423393e-13	MXD4	c16
4.81852751002163e-18	-0.147208061418087	0.326	0.226	1.76362925394302e-13	ZFAND6	c16
3.51931271573899e-05	0.147113108087363	0.017	0.008	1	DCUN1D2	c16
3.65931124723745e-22	-0.147011946578262	0.465	0.32	1.33934450960138e-17	SEC13	c16
0.169435084479986	-0.146957137344047	0.015	0.011	1	ARMCX5	c16
8.88992690430707e-29	-0.146807725640112	0.173	0.091	3.25380214624543e-24	TRNT1	c16
4.59221132211008e-18	-0.14679591295334	0.116	0.063	1.68079526600551e-13	PLEKHF2	c16
3.62444482145922e-26	-0.146781468216542	0.53	0.356	1.32658304910229e-21	NAPA	c16
7.10757347198451e-10	-0.146474250411461	0.267	0.199	2.60144296648105e-05	NME1	c16
6.14253253381758e-22	-0.146419617155935	0.237	0.148	2.24822833270257e-17	IKBKG	c16
1.13653421332518e-09	-0.146320274009408	0.084	0.051	4.15982887419148e-05	NOL10	c16
0.000539604003698306	-0.146113000163002	0.012	0.006	1	AL591895.1	c16
5.07959586966931e-34	-0.145821017716498	0.275	0.157	1.85918288425766e-29	PITPNB	c16
1.95691691810904e-19	-0.145513642892217	0.067	0.029	7.16251161197092e-15	BICRAL	c16
1.92314257820189e-06	0.145504428870204	0.01	0.003	0.0703889415047674	AC099522.2	c16
5.54031421577131e-46	-0.145408479740239	0.428	0.252	2.02781040611446e-41	ZC3H13	c16
4.44028126719321e-28	-0.145397728684062	0.321	0.2	1.62518734660539e-23	SURF4	c16
3.01035216015146e-07	-0.145342958367584	0.042	0.023	0.0110181899413703	ZNF680	c16
4.29368235225264e-16	-0.145303577435615	0.188	0.121	1.57153067774799e-11	SCFD1	c16
4.1229398182919e-37	-0.145270466863486	0.334	0.196	1.50903720289302e-32	BAZ1B	c16
7.00647035776842e-07	-0.145263567093431	0.124	0.088	0.0256443821564682	FAM210A	c16
8.6912930314341e-17	-0.144939429122777	0.301	0.209	3.18110016243519e-12	EIF4EBP2	c16
2.24770478017256e-16	-0.144937893798993	0.133	0.077	8.22682426590959e-12	STXBP3	c16
0.000417002101367258	-0.144902853480489	0.035	0.022	1	U2AF1L5	c16
7.51427770618756e-19	-0.144777527823435	0.623	0.425	2.75030078324171e-14	MICOS13	c16
2.87317104129477e-37	-0.144720371547415	0.149	0.067	1.0516093328243e-32	NECAP1	c16
1.74748872820065e-14	-0.144648674471838	0.142	0.087	6.39598349408719e-10	EIF2B4	c16
3.0839646431593e-23	-0.144553210978441	0.655	0.441	1.12876189904273e-18	PGAM1	c16
7.19098673853305e-07	-0.144442729082057	0.021	0.009	0.0263197305617048	PRRT3	c16
1.15023300641342e-28	-0.144412755057636	0.12	0.055	4.20996782677377e-24	IQCB1	c16
5.07145454855361e-08	-0.144326411268727	0.09	0.058	0.00185620307931611	NUFIP1	c16
0.00276030172365955	-0.144260503095784	0.054	0.04	1	CHD1L	c16
1.02959181058979e-12	-0.144171882792773	0.041	0.018	3.76840898593968e-08	C10orf88	c16
0.172217578774466	-0.143999401789958	0.025	0.021	1	VSIG10	c16
2.32898301449289e-21	-0.14390107424558	0.427	0.293	8.52431073134541e-17	COPZ1	c16
9.15793771997745e-23	-0.143855778795433	0.547	0.371	3.35189678488895e-18	ZNHIT1	c16
5.10722004067437e-13	-0.143400540324002	0.042	0.018	1.86929360708722e-08	ZNF250	c16
1.40991940082581e-15	-0.143398123792045	0.2	0.13	5.16044599896254e-11	SNRNP27	c16
3.38207562472562e-22	-0.143320836358834	0.341	0.228	1.23787349940582e-17	TSPAN14	c16
7.62749959311264e-10	-0.143126159711616	0.05	0.025	2.79174112607516e-05	BRF1	c16
5.36645450881163e-19	-0.143111440973338	0.311	0.212	1.96417601477014e-14	LYRM2	c16
3.58330152538831e-40	-0.143108656127158	0.378	0.224	1.31152419130737e-35	USP16	c16
0.00445148336077836	-0.142989299817403	0.028	0.019	1	PAK4	c16
0.000570939453735831	0.142974869751549	0.015	0.008	1	B3GNT8	c16
1.56679291139605e-08	-0.142830439055459	0.054	0.03	0.000573461873500068	RAD51D	c16
0.000855203107480342	0.142776498203766	0.047	0.033	1	EFCAB2	c16
6.73822097648575e-21	-0.142647280522455	0.159	0.09	2.46625625960355e-16	POLDIP3	c16
2.86937351045997e-07	-0.142626137437006	0.047	0.026	0.0105021939856345	PKD1	c16
9.98449414725234e-27	-0.142467719862301	0.229	0.132	3.65442470283583e-22	KCNA3	c16
1.51866896962543e-29	-0.142268077047103	0.293	0.178	5.55848029572603e-25	CDC5L	c16
1.23226771004424e-62	-0.14224377398216	0.638	0.386	4.51022304553294e-58	RBM25	c16
4.76952659739157e-15	-0.142160310941736	0.166	0.105	1.74569442991129e-10	BRCC3	c16
3.93774592030836e-25	-0.142100674989001	0.626	0.432	1.44125438429206e-20	CSDE1	c16
5.5430629168665e-14	-0.141882715397074	0.076	0.039	2.02881645820231e-09	FBXL4	c16
2.30247544673099e-33	-0.141557216596111	0.18	0.09	8.42729038258009e-29	ZNF770	c16
1.73220030734228e-64	-0.141344907215986	0.093	0.025	6.3400263449035e-60	AC090152.1	c16
2.34703932806701e-39	-0.141320668026577	0.175	0.082	8.59039864465808e-35	PEX26	c16
6.2551549295034e-09	-0.141157255336927	0.072	0.042	0.000228944925574754	RBM12	c16
2.08262679246088e-05	-0.14105280180505	0.05	0.032	0.762262232308608	ERCC8	c16
0.00156330997224817	-0.141028532601049	0.876	0.624	1	NDUFA13	c16
1.25357760344718e-15	-0.140978241813353	0.121	0.07	4.58821938637702e-11	NUP54	c16
2.70511753700727e-05	-0.140933751400208	0.082	0.058	0.990100069720033	PXMP4	c16
1.66483897516607e-38	-0.140916648892377	0.057	0.015	6.09347713300532e-34	IL18R1	c16
8.69478497337652e-13	-0.140876421389487	0.131	0.082	3.18237824810554e-08	RNF8	c16
7.00569601349216e-96	-0.140844233547788	0.2	0.064	2.56415479789827e-91	GOLGA8B	c16
5.64731122410961e-17	-0.140342519632569	0.094	0.049	2.06697238113636e-12	COX10	c16
5.53934527960392e-49	-0.140110502494748	0.416	0.239	2.02745576578783e-44	MIER1	c16
7.24601614278745e-23	-0.140027477622565	0.124	0.063	2.65211436842163e-18	ENTPD4	c16
0.00608026868013219	0.139988694334504	0.015	0.009	1	AC083799.1	c16
1.59243051200936e-25	-0.139885393132114	0.097	0.043	5.82845491700546e-21	ZNF236	c16
1.25478055015867e-14	-0.139681876801944	0.16	0.101	4.59262229163573e-10	ALG13	c16
3.93170847820601e-25	-0.139648251127803	0.451	0.302	1.43904462010818e-20	POLE4	c16
0.00594302327896953	-0.139446253783945	0.035	0.024	1	SGO2	c16
0.00726362886976532	-0.139293025726078	0.012	0.007	1	HIST1H4J	c16
3.56525662959885e-06	-0.139119246073339	0.038	0.021	0.130491957899947	TMEM267	c16
1.85361476880234e-21	-0.13907717417028	0.748	0.523	6.78441541529343e-17	MORF4L1	c16
2.45264601846784e-30	-0.138824734837077	0.306	0.187	8.97692969219414e-26	PHF5A	c16
0.0132150811397525	-0.138790819291378	0.033	0.024	1	ARMC5	c16
9.15200726038919e-10	-0.138717512276401	0.098	0.061	3.34972617737505e-05	PDSS2	c16
0.00720730064276511	-0.13794349437426	0.212	0.185	1	ADTRP	c16
5.37370961525745e-16	-0.137803008913362	0.123	0.071	1.96683145628038e-11	ZBED5	c16
6.64124062489629e-24	-0.137780085991462	0.566	0.382	2.43076048111829e-19	RPS19BP1	c16
5.20288821429215e-05	0.137722639490983	0.013	0.005	1	USP27X	c16
8.53071864946651e-10	-0.137655313739844	0.049	0.025	3.12232833289124e-05	POFUT2	c16
2.79905708904916e-07	-0.13762023827059	0.065	0.04	0.0102448288516288	TGDS	c16
1.3092929529291e-14	-0.137367995840361	0.102	0.057	4.79214313701581e-10	RARS2	c16
1.70003675716103e-13	-0.137305998826919	0.106	0.061	6.22230453488507e-09	PGM2L1	c16
0.71362871125183	0.137294663876403	0.013	0.014	1	MAP7	c16
0.00587569586314846	-0.137223801446466	0.042	0.031	1	MPP5	c16
6.187541801114e-18	-0.136877187470241	0.167	0.101	2.26470217462573e-13	TMEM138	c16
2.90451623904647e-06	-0.136651061381201	0.036	0.02	0.10630819886534	ZNF254	c16
3.09380545994642e-13	-0.136365878405391	0.191	0.128	1.13236373639499e-08	VAV1	c16
1.67887383332599e-28	-0.136364611530858	0.314	0.192	6.14484611735645e-24	SASH3	c16
1.82684725438814e-24	-0.135889886594828	0.411	0.278	6.68644363578603e-20	BUD31	c16
1.15788497841629e-14	-0.135868679096415	0.12	0.07	4.23797480950147e-10	VAPB	c16
0.062502409868089	0.135655892481841	0.034	0.027	1	C16orf86	c16
2.36735263662014e-12	-0.135465248526865	0.31	0.227	8.66474738529337e-08	NDUFA8	c16
3.79945002287494e-24	-0.135373669893279	0.439	0.296	1.39063670287246e-19	PSMC3	c16
1.42291684165188e-12	-0.135330354528679	0.049	0.023	5.20801793213004e-08	ATAD3B	c16
4.02007394969416e-37	-0.135182058778438	0.645	0.395	1.47138726632756e-32	TIMP1	c16
1.44955905921943e-16	-0.135172860856589	0.142	0.084	5.30553111264905e-12	C8orf33	c16
4.12063358105258e-31	-0.135159043539019	0.237	0.134	1.50819309700105e-26	MICU2	c16
0.00129088561472093	-0.135128838012404	0.031	0.02	1	DHX34	c16
9.02442272101465e-07	-0.135104483231604	0.05	0.029	0.0330302896011857	FASN	c16
0.000239599866928888	-0.13491759542857	0.073	0.052	1	GSK3A	c16
1.17261915612112e-38	-0.134876900945265	0.306	0.173	4.29190337331891e-34	SEC63	c16
3.82659989957319e-18	-0.134873765093852	0.119	0.064	1.40057382924278e-13	UMAD1	c16
8.16261198912409e-12	-0.134862298461379	0.039	0.017	2.98759761413931e-07	ZNF14	c16
0.000113206576221035	0.134785395358119	0.03	0.018	1	NR2F6	c16
2.16617093652301e-24	-0.134589468607627	0.031	0.008	7.92840224476787e-20	TMEM171	c16
3.44435311920142e-26	-0.134549959380448	0.281	0.173	1.26066768515891e-21	EBP	c16
7.20578661405664e-06	-0.134497293597253	0.014	0.006	0.263738995861087	AL645939.5	c16
2.85073287199401e-41	-0.134386672283221	0.55	0.348	1.04339673847853e-36	TRAM1	c16
2.24692207244009e-32	-0.134256602591918	0.439	0.281	8.22395947733799e-28	CBX3	c16
0.565512953094428	-0.134223805776301	0.012	0.013	1	AL391069.2	c16
7.91121390968389e-26	-0.133857933004326	0.091	0.039	2.8955834030834e-21	TRMT13	c16
3.03197117522982e-24	-0.133769904534109	0.146	0.077	1.10973176984587e-19	THAP1	c16
3.33203955108719e-06	-0.133433144009846	0.019	0.008	0.121955979609342	LINC00893	c16
7.85110131723559e-11	-0.13335386332301	0.015	0.004	2.8735815931214e-06	AFAP1L2	c16
2.11343217980728e-05	-0.13323759762326	1	0.981	0.773537312131264	ACTB	c16
1.31935847530826e-20	-0.133233101805348	0.049	0.018	4.82898395547576e-16	TBC1D19	c16
3.47636292539643e-06	0.13323137618446	0.041	0.023	0.127238359432435	AL035530.2	c16
1.91017097948693e-12	-0.133211993062065	0.818	0.567	6.9914168020201e-08	LDHA	c16
4.13420512446033e-37	-0.133152259284536	0.129	0.055	1.51316041760372e-32	CTDSPL2	c16
9.29313860446768e-28	-0.132946551139063	0.576	0.383	3.40138166062121e-23	PSMD7	c16
2.23852968822135e-15	-0.132443414761706	0.185	0.119	8.19324251185898e-11	AGA	c16
0.001790951170102	-0.132391592853207	0.053	0.038	1	FAF1	c16
0.000302214211967565	-0.132290706408559	0.984	0.802	1	ATP5F1E	c16
8.8750432278121e-88	-0.132142572486003	0.227	0.082	3.24835457181151e-83	PIK3CD	c16
2.65722008362004e-10	-0.13210880164718	0.182	0.127	9.72569122805771e-06	DTYMK	c16
2.70317604053185e-05	0.131804855786045	0.033	0.019	0.989389462595064	AP001372.2	c16
3.60127174389255e-44	-0.131580261857593	0.277	0.146	1.31810147098211e-39	AL138963.4	c16
0.000828639235103928	0.131465055236892	0.024	0.014	1	PYCR3	c16
2.41763432477577e-37	-0.131278186762032	0.384	0.234	8.84878339211179e-33	ZFR	c16
1.16616242402801e-18	-0.131273798252774	0.108	0.057	4.26827108818491e-14	GPALPP1	c16
2.71731502339388e-25	-0.131150138561173	0.036	0.01	9.94564471712393e-21	PLXDC1	c16
1.68789972197137e-16	-0.130978684472395	0.152	0.091	6.17788177238742e-12	ACTL6A	c16
3.28455796194204e-10	-0.130964347954625	0.078	0.045	1.20218105965041e-05	PITPNM1	c16
6.17855562034958e-45	-0.130851683746433	0.312	0.169	2.26141314260415e-40	RO60	c16
9.4243889289086e-28	-0.130727214907135	0.052	0.016	3.44942059186984e-23	SGCB	c16
2.80586244399029e-14	-0.130634475467023	0.116	0.068	1.02697371312489e-09	CHD7	c16
9.86184839616961e-16	-0.130466587567363	0.85	0.638	3.60953513148204e-11	YWHAZ	c16
4.25156513103166e-05	-0.130462392274875	0.069	0.047	1	NCOA5	c16
2.22650894435331e-45	-0.130385037036344	0.248	0.124	8.14924538722756e-41	PRDM2	c16
1.57592546101357e-21	-0.130305412213119	0.094	0.044	5.76804477985578e-17	ABI2	c16
3.79248326452288e-21	-0.130277322313409	0.417	0.285	1.38808679964802e-16	MTLN	c16
1.23703782021595e-20	-0.130153741907298	0.127	0.068	4.52768212577239e-16	LINC00662	c16
6.25992084963415e-19	-0.130047669485623	0.273	0.181	2.29119363017459e-14	OSGEP	c16
2.98904866082097e-09	-0.129898668163191	0.165	0.116	0.000109402170034708	TRMT6	c16
3.42199252382712e-39	-0.129809678905018	0.263	0.141	1.25248348364596e-34	USP48	c16
5.24510541709364e-39	-0.129692077524801	0.144	0.062	1.91976103371044e-34	TMEM161B-AS1	c16
6.10808804739945e-13	-0.129684112822268	0.177	0.118	2.23562130622867e-08	KNOP1	c16
0.00497306942963319	-0.129673662869636	0.044	0.032	1	SLC44A1	c16
3.63122613545771e-08	-0.129258500470467	0.014	0.005	0.00132906507783888	IPO9-AS1	c16
9.66760310583491e-09	-0.129075855025841	0.056	0.031	0.000353843941276663	RIC8B	c16
0.00218326446656711	-0.129021682872503	0.881	0.608	1	NDUFA4	c16
2.05107096930655e-26	-0.129001868665349	0.547	0.369	7.5071248547589e-22	CNPY3	c16
2.37362033645873e-21	-0.128915244955678	0.148	0.082	8.68768779347261e-17	GTF2H1	c16
3.22153139776379e-150	-0.128661747281611	0.3	0.09	1.17911270689552e-145	SAMD3	c16
3.86222178211192e-38	-0.128656750224857	0.552	0.353	1.41361179447079e-33	XRN2	c16
1.3838511747629e-31	-0.128593143403792	0.312	0.19	5.06503368474967e-27	ATG12	c16
1.81921824155342e-28	-0.128553498414989	0.444	0.293	6.65852068590968e-24	PSMC4	c16
6.32278300858464e-08	-0.128382773931182	0.035	0.018	0.00231420180897207	ZNF329	c16
4.23568436669196e-09	-0.128356471673605	0.071	0.041	0.000155030283505292	RNF31	c16
7.32507510144914e-17	-0.128148403873436	0.249	0.167	2.6810507378814e-12	PLPBP	c16
1.14430188032338e-22	-0.128029286766879	0.274	0.176	4.1882593121716e-18	ERGIC2	c16
7.66473530128209e-19	-0.127983966707161	0.812	0.562	2.80536976762226e-14	ARF1	c16
7.63054133893066e-42	-0.127865292885368	0.544	0.341	2.79285443546201e-37	EIF5B	c16
1.25631227622659e-11	-0.127834043723681	0.071	0.038	4.59822856221693e-07	DVL2	c16
2.57835459373078e-33	-0.127800236382305	0.331	0.2	9.43703564851404e-29	ZNF655	c16
4.16206151111566e-20	-0.127634791335139	0.347	0.237	1.52335613368344e-15	MRPS35	c16
1.9915014910582e-18	-0.127603166902426	0.38	0.266	7.28909460742212e-14	TRAPPC3	c16
7.03488691186629e-18	-0.127599611510137	0.126	0.07	2.57483895861218e-13	ZNF720	c16
2.21134873317796e-24	-0.127570834236352	0.242	0.148	8.09375749830466e-20	ATG5	c16
0.106168594776131	-0.127557550242854	0.016	0.011	1	KLHL26	c16
2.37546330896294e-11	-0.127384336998205	0.049	0.023	8.69443325713524e-07	ZNF75D	c16
0.000131683765494144	0.127373896024292	0.01	0.004	1	SUMO4	c16
7.3638202234412e-33	-0.127332951001	0.111	0.046	2.69523183998171e-28	ZFY	c16
1.26553844091423e-14	-0.127312373995126	0.048	0.02	4.63199724759017e-10	UBE2O	c16
2.11075658855359e-58	-0.127310316944679	0.143	0.051	7.72558018976499e-54	CEP95	c16
3.7367110421646e-06	-0.12726441544025	0.04	0.023	0.136767360854266	DPY19L4	c16
7.24945497564062e-05	-0.127176862502112	0.059	0.04	1	ZNF200	c16
8.5381689402432e-21	-0.127082770459476	0.332	0.224	3.12505521381841e-16	YTHDF2	c16
2.32317404568222e-11	-0.127022439256211	0.098	0.059	8.5030493246015e-07	MTG2	c16
9.72259965230358e-51	-0.126890315398533	0.22	0.101	3.55856869873963e-46	TRANK1	c16
2.69229774302098e-16	-0.126877346088999	0.142	0.084	9.85407896923108e-12	GATAD2A	c16
3.71125127325762e-06	-0.126815354265392	0.08	0.054	0.135835507852502	CCDC92	c16
5.83384393664571e-27	-0.126757396410988	0.361	0.235	2.1352452192517e-22	SARNP	c16
3.0537259911463e-24	-0.126688810531233	0.089	0.039	1.11769425001946e-19	ZER1	c16
1.82097395380113e-22	-0.126566090495011	0.242	0.15	6.66494676830753e-18	PPID	c16
0.000110666987916673	-0.126456823418412	0.143	0.113	1	TRAF7	c16
1.04493857153604e-14	-0.126442880326823	0.3	0.214	3.82457966567907e-10	YIF1B	c16
6.18151256429292e-29	-0.126312141865316	0.531	0.358	2.26249541365685e-24	ARHGAP30	c16
2.0647782341679e-07	-0.126310259399552	0.043	0.023	0.00755729481487794	RAD18	c16
8.33767740791509e-12	-0.126243310680924	0.792	0.538	3.051673308071e-07	NEDD8	c16
0.000207109590373952	-0.126235160700116	0.02	0.011	1	HIST2H2AB	c16
8.06073436927783e-06	-0.126130619180026	0.095	0.068	0.295030938649938	TPK1	c16
0.000717939974840439	0.126124776421217	0.016	0.008	1	ARMCX4	c16
2.34428814729166e-15	-0.125956514640181	0.268	0.185	8.5803290479022e-11	SNAPC5	c16
7.05677031962429e-08	-0.125849202340691	0.051	0.028	0.00258284850468568	WDR92	c16
9.59551067477365e-56	-0.125566879901557	0.204	0.087	3.5120528620739e-51	KDM4C	c16
2.15531547222603e-06	-0.1254685615303	0.073	0.048	0.0788867015989448	CYB5D2	c16
1.73831769748656e-35	-0.125259346416174	0.554	0.362	6.36241660457057e-31	PRPF40A	c16
1.42560928201213e-21	-0.125128695711018	0.385	0.263	5.21787253309261e-17	IER3IP1	c16
5.61734244122555e-22	-0.124939128810777	0.367	0.249	2.05600350691296e-17	RALBP1	c16
2.97238775335551e-28	-0.124935276584609	0.102	0.044	1.08792364160565e-23	EMSY	c16
0.0317405107951485	-0.124674532629215	0.037	0.028	1	AC103691.1	c16
8.60726928613285e-22	-0.124648511210643	0.386	0.264	3.15034663141748e-17	DNAJA2	c16
3.88500602605792e-09	-0.124559303198842	0.052	0.027	0.000142195105559746	ZNF383	c16
2.84880886259523e-27	-0.124437941364764	0.479	0.319	1.04269253179848e-22	SNRPD1	c16
0.0643483014885483	-0.124399102016209	0.955	0.741	1	MYL12B	c16
0.015682511067629	0.12428301574026	0.01	0.006	1	C5orf34	c16
3.19485944420764e-38	-0.124251137380063	0.276	0.152	1.16935050517444e-33	RAP2B	c16
4.2039743307712e-23	-0.123893839702879	0.153	0.083	1.53869664480557e-18	TOB2	c16
0.00282564274843128	-0.123562314203313	0.049	0.036	1	UPRT	c16
0.000691869639230033	0.123474735606561	0.016	0.008	1	PLEKHA4	c16
4.47324611197154e-10	-0.123384522395432	0.178	0.126	1.6372528094427e-05	RNF11	c16
8.80493757001527e-07	-0.123371167406586	0.082	0.054	0.0322269520000129	MCCC1	c16
4.16153455305907e-16	-0.123299898859865	0.374	0.267	1.52316326176515e-11	CAPNS1	c16
5.62867763033728e-16	-0.123133672266137	0.127	0.073	2.06015229947975e-11	ZNF609	c16
2.86883672703825e-07	-0.123122543803084	0.875	0.616	0.0105002293046327	PSME2	c16
2.76656606918666e-06	-0.123112572551725	0.109	0.077	0.101259084698301	ALAD	c16
5.68140767762322e-19	-0.123081250988855	0.124	0.067	2.07945202408687e-14	UBE4B	c16
0.0148675551586169	0.123068884557169	0.035	0.025	1	RCC1	c16
2.88990914829886e-36	-0.122710907417751	0.288	0.164	1.05773564736887e-31	MOB4	c16
5.50373266419454e-23	-0.122618887666852	0.142	0.075	2.01442119242185e-18	COG2	c16
5.1258630221265e-168	-0.122538035921649	0.275	0.074	1.87611712472852e-163	GPR174	c16
2.92422256300431e-16	-0.122312858589104	0.361	0.256	1.07029470028521e-11	ARL2	c16
3.21575893050566e-18	-0.122178992845777	0.755	0.516	1.17699992615438e-13	TRMT112	c16
2.8045931092822e-35	-0.122140883330126	0.474	0.301	1.02650912392838e-30	TMEM173	c16
1.26945787616885e-08	-0.121934461741073	0.135	0.093	0.000464634277256559	BDH2	c16
3.58371293909952e-15	-0.121814201535613	0.145	0.089	1.31167477283981e-10	PXK	c16
1.90795749472232e-12	-0.12178317578096	0.11	0.066	6.98331522643317e-08	CPSF1	c16
4.83559933982282e-21	-0.121610684204243	0.138	0.074	1.76987771436855e-16	MAP2K7	c16
2.96359056641748e-15	-0.121528469208775	0.26	0.179	1.08470378321446e-10	TAPBPL	c16
3.81983679584131e-17	-0.121321298881658	0.192	0.121	1.39809846564588e-12	KDSR	c16
9.76716742832e-27	-0.121255299623956	0.181	0.099	3.5748809504394e-22	PPP6R2	c16
7.55253840619853e-07	-0.121172718654267	0.081	0.053	0.0276430458205272	BOLA2B	c16
1.78726812770935e-23	-0.121171474274009	0.227	0.137	6.54158007422899e-19	PTPRA	c16
1.61338693509196e-22	-0.121084502607303	0.291	0.188	5.90515752113007e-18	LLPH	c16
2.19409001122339e-11	-0.121034892670039	0.021	0.007	8.03058885007873e-07	AL133243.3	c16
7.73047250603337e-13	-0.121027044693946	0.046	0.02	2.82943024193327e-08	ZNF606	c16
3.25646804113982e-25	-0.120979510052109	0.215	0.126	1.19189986773759e-20	CRCP	c16
1.10058210302726e-24	-0.120808174547776	0.167	0.091	4.02824055529008e-20	VPS33A	c16
2.95626244887016e-07	-0.120642321099728	0.017	0.007	0.0108202161891097	TDRKH-AS1	c16
1.41316955842999e-22	-0.120560565443874	0.085	0.038	5.1723419008096e-18	BCAS3	c16
9.89912962489966e-17	-0.120548768545318	0.1	0.053	3.62318043400953e-12	TBCK	c16
0.585335359025078	-0.120139920982801	0.974	0.777	1	YWHAB	c16
5.6762893913645e-38	-0.119908385232633	0.288	0.161	2.07757868013332e-33	USP4	c16
0.0201716868453789	-0.119776361523706	0.019	0.012	1	ZNF354C	c16
1.54263469551556e-11	-0.119735788334637	0.791	0.553	5.64619724905651e-07	ATP5F1B	c16
2.58592690709414e-19	-0.119501901600911	0.23	0.147	9.46475107265525e-15	MSL3	c16
1.08447894789045e-20	-0.119449272463005	0.088	0.041	3.96930139717385e-16	CYB561D1	c16
1.4014205700615e-08	-0.119408281318842	0.028	0.012	0.000512933942848211	AL121832.2	c16
9.37083051555234e-14	-0.118964059828421	0.053	0.024	3.42981767699731e-09	MDM1	c16
0.00264483624882822	-0.118932098686333	0.063	0.047	1	MRPL23	c16
4.23106947636438e-23	-0.118847472237201	0.319	0.208	1.54861373904413e-18	MAP7D1	c16
0.000453286319738253	-0.118577260781685	0.198	0.165	1	RPL26L1	c16
3.54997004239003e-09	-0.118489807452176	0.102	0.066	0.000129932453521518	TMEM192	c16
6.34043061347251e-11	-0.118444241577886	0.012	0.003	2.32066100883707e-06	LINC02132	c16
2.07200456495362e-29	-0.118442876010102	0.174	0.091	7.58374390818675e-25	TOP2B	c16
3.28616491124029e-17	-0.118378495698027	0.127	0.072	1.20276921916306e-12	SLC8B1	c16
3.73226609965621e-25	-0.118355397098333	0.083	0.035	1.36604671513517e-20	EXOG	c16
5.05245684217131e-41	-0.118272599242069	0.16	0.071	1.84924972880312e-36	VCL	c16
4.41500192697911e-13	-0.118119804725378	0.041	0.017	1.61593485529362e-08	FIGNL1	c16
2.22374855748867e-34	-0.118057386720809	0.31	0.184	8.13914209526428e-30	RB1CC1	c16
8.1137119368637e-10	-0.117870789061534	0.869	0.615	2.96969970601148e-05	ENO1	c16
0.013732653410743	0.117832524044183	0.013	0.008	1	MESP1	c16
1.04489265830564e-09	-0.117698441470589	0.069	0.039	3.82441161866448e-05	SPPL2B	c16
8.83611102051866e-07	-0.1176801436268	0.017	0.007	0.0323410499462003	HIST1H4H	c16
3.13173927000801e-20	-0.117659655136388	0.204	0.126	1.14624789021563e-15	RWDD4	c16
4.57329018978507e-73	-0.11759787169976	0.089	0.021	1.67386994236323e-68	LINC01934	c16
2.07419468691385e-22	-0.117402972456914	0.083	0.037	7.5917599735734e-18	MDC1	c16
1.94253265984231e-31	-0.117297695233517	0.531	0.351	7.10986378828885e-27	CCT6A	c16
6.30928322667433e-07	-0.117240417149785	0.032	0.017	0.0230926075379507	ZNF614	c16
3.64764375300573e-111	-0.117170591199018	0.352	0.138	1.33507409003763e-106	LBR	c16
1.4221749060833e-13	-0.116999064085078	0.127	0.077	5.20530237375547e-09	ZHX1	c16
2.05542422883951e-10	-0.11687269795587	0.318	0.239	7.52305821997549e-06	TMED3	c16
0.0547334115366848	-0.116857049539924	0.014	0.009	1	DBF4B	c16
5.30797349699493e-33	-0.116839619201535	0.049	0.013	1.94277137963511e-28	GOLGA8A	c16
2.41118469225162e-12	-0.116822506164034	0.162	0.107	8.82517709211017e-08	PLPP5	c16
1.84120032739058e-11	-0.11679827415369	0.309	0.23	6.73897731828228e-07	DHRS4	c16
1.02040039551909e-16	-0.116520075082144	0.104	0.055	3.73476748763941e-12	FBXO28	c16
3.89828991168419e-23	-0.116458811486046	0.09	0.04	1.42681309057553e-18	TTC31	c16
2.47800635859936e-27	-0.116421774446386	0.618	0.407	9.06975107310951e-23	NDUFS7	c16
1.11533957225628e-06	-0.116360188430772	0.061	0.038	0.0408225436841522	MAK16	c16
4.05741976851029e-10	-0.116299974970188	0.068	0.038	1.48505620947245e-05	WRAP53	c16
2.38484097982163e-08	-0.11622572695977	0.062	0.036	0.000872875647024515	GID4	c16
0.00177111371538611	-0.116176038807725	0.04	0.027	1	GEMIN4	c16
1.94147145306055e-38	-0.11614092502527	0.762	0.52	7.1059796653469e-34	DDX24	c16
1.00038789600755e-115	-0.116138594277399	0.638	0.314	3.66151973817722e-111	RESF1	c16
0.00143939670964578	-0.116101097984205	0.019	0.01	1	MOSMO	c16
4.71207741327503e-56	-0.115831784202244	0.496	0.289	1.7246674540328e-51	GLG1	c16
0.000113726200549982	-0.115762002493639	0.014	0.006	1	ANKDD1A	c16
0.0484932235216848	-0.115594141960313	0.075	0.064	1	HMBS	c16
1.52228259530262e-09	-0.115425918265974	0.23	0.17	5.57170652706713e-05	PIGP	c16
1.37310702300136e-39	-0.115411181546792	0.214	0.108	5.02570901488727e-35	CDK11B	c16
4.00894609908173e-34	-0.115360422014304	0.121	0.052	1.4673143617249e-29	TASOR2	c16
9.26662280486183e-27	-0.115282432502416	0.211	0.12	3.39167661280748e-22	BRD3	c16
2.12875915040728e-19	-0.115131274528335	0.17	0.101	7.79147136640569e-15	PTPA	c16
5.75713510504638e-31	-0.115045737669141	0.115	0.049	2.10716901979803e-26	GTSF1	c16
2.02631604210701e-27	-0.115031468006379	0.336	0.215	7.41651934571585e-23	UBE2E3	c16
1.94670688538988e-34	-0.114933555838225	0.348	0.213	7.1251418712155e-30	SNW1	c16
6.11622755653867e-26	-0.114916925986586	0.586	0.39	2.23860044796872e-21	TMEM230	c16
9.57466789752861e-20	-0.114835691114025	0.13	0.07	3.50442419717445e-15	CSNK1G2	c16
4.18955095214961e-06	-0.114790745036725	0.068	0.045	0.153341754399628	FUBP3	c16
0.00026950827743425	0.114740410727756	0.026	0.015	1	CRAMP1	c16
0.000159323116808278	-0.114717919961178	0.044	0.028	1	GEMIN2	c16
3.33306559058208e-57	-0.114643618244289	0.425	0.236	1.21993533680895e-52	PHIP	c16
2.43747069046236e-17	-0.114626070250799	0.109	0.059	8.92138647416128e-13	STRN	c16
6.47736825870842e-54	-0.11445358450611	0.487	0.286	2.37078155636987e-49	SRPRA	c16
1.81857359028799e-09	-0.114433410926197	0.071	0.041	6.65616119781309e-05	SCFD2	c16
1.27005822800662e-09	-0.114277723954899	0.068	0.038	4.64854012032701e-05	MXD1	c16
3.28802327905864e-17	-0.114046475728545	0.076	0.036	1.20344940036825e-12	ENTPD1-AS1	c16
2.40834177383735e-17	-0.11388086536858	0.068	0.031	8.81477172642208e-13	SIMC1	c16
5.48412515661592e-07	-0.113860144560316	0.013	0.004	0.0200724464857299	AC025181.2	c16
0.298181163231427	0.113360733621195	0.02	0.017	1	AC002467.1	c16
2.69672888224568e-64	-0.113311812422038	0.656	0.392	9.8702973819074e-60	IRF1	c16
6.62671285832569e-39	-0.112930721871303	0.104	0.039	2.42544317327579e-34	SYNE3	c16
1.56215972744258e-09	-0.112891968963083	0.3	0.228	5.71766081841258e-05	NDUFS4	c16
1.02184674170635e-28	-0.112870097829265	0.59	0.386	3.74006125931942e-24	GHITM	c16
9.81644417250916e-29	-0.112859945101758	0.072	0.027	3.59291673158008e-24	ARHGAP12	c16
5.46485998343661e-23	-0.112770786607454	0.28	0.178	2.00019340253763e-18	WDR45	c16
6.08958430217256e-15	-0.112673874055847	0.203	0.134	2.22884875043818e-10	CEP63	c16
5.40578162426167e-43	-0.112545508199067	0.255	0.131	1.97857013229602e-38	LENG8	c16
5.00157935124569e-44	-0.112481549045619	0.102	0.036	1.83062805834943e-39	LINC00342	c16
8.94561834733653e-15	-0.112448059745119	0.104	0.058	3.27418577130864e-10	H2AFX	c16
2.04137543176145e-06	0.112440165842417	0.067	0.043	0.0747163821779009	PRMT5	c16
0.000245572518288703	-0.112359339845601	0.053	0.036	1	SAP130	c16
6.23338306189279e-16	-0.112060077119261	0.123	0.07	2.28148053448338e-11	GABPA	c16
3.10037312178466e-30	-0.111946389171903	0.437	0.286	1.1347675663044e-25	ATP1A1	c16
0.00302692774687029	-0.111933024913643	0.044	0.031	1	EFNA4	c16
3.14901481119895e-35	-0.111492211467466	0.225	0.119	1.15257091104693e-30	ARFGAP2	c16
1.25640397512989e-05	-0.111487797006072	0.047	0.029	0.45985641893729	SLC25A14	c16
8.47041986804498e-09	-0.111446422196356	0.218	0.162	0.000310025837590315	CRYL1	c16
1.01696710834576e-36	-0.111407679321875	0.128	0.054	3.72220131325631e-32	METTL16	c16
0.00486226923761613	-0.11136583857791	0.019	0.012	1	ZNF582-AS1	c16
1.58862236463092e-06	-0.111159893153978	0.045	0.026	0.0581451671678565	TADA2B	c16
2.58903569811497e-12	-0.111118882428838	0.097	0.057	9.47612955867059e-08	GLYCTK	c16
4.77056571020461e-44	-0.110857164908432	0.21	0.1	1.74607475559199e-39	GATAD2B	c16
6.58457194981228e-07	-0.110786512049603	0.085	0.057	0.0241001917935079	WDR12	c16
1.22834854306146e-08	-0.110687209350951	0.094	0.06	0.000449587850245925	ESS2	c16
1.35909231694007e-23	-0.110334778990415	0.093	0.042	4.97441378923235e-19	SUN1	c16
7.98523277607418e-06	0.110177590371027	0.028	0.015	0.292267504837091	NBR2	c16
8.96773299492198e-16	-0.110150373271471	0.082	0.042	3.28227995347139e-11	DHX40	c16
9.99565021578945e-11	-0.110134345072457	0.178	0.123	3.6585079354811e-06	APP	c16
3.14339872401208e-151	-0.110121799213733	0.409	0.146	1.15051536697566e-146	RORA	c16
0.000181822158445358	-0.110035068381511	0.064	0.045	1	C12orf73	c16
2.66544952982456e-08	-0.109941968434036	0.066	0.039	0.000975581182411087	AL451165.2	c16
1.40761562853663e-22	-0.109884039961337	0.186	0.108	5.15201396200692e-18	TCTA	c16
2.3038794259454e-13	-0.109750602320623	0.057	0.027	8.43242908690276e-09	ARSG	c16
2.45220687591071e-43	-0.109706967769326	0.446	0.27	8.97532238652079e-39	SRSF4	c16
1.43245945047275e-05	-0.109682145636293	0.111	0.082	0.524294483467531	THEM6	c16
1.06903946704168e-26	-0.109681369790235	0.31	0.196	3.91279135331924e-22	DNPEP	c16
6.1484053465549e-67	-0.109609504305654	0.459	0.248	2.25037784089256e-62	PHF3	c16
4.20151727445672e-26	-0.109547981659948	0.076	0.03	1.5377973376239e-21	NRF1	c16
5.68452718747222e-08	-0.109402365157363	0.042	0.022	0.00208059379588671	MYPOP	c16
5.09998048906225e-27	-0.109298838838951	0.603	0.4	1.86664385880167e-22	COPS9	c16
5.64948089508451e-13	-0.109298092534466	0.075	0.04	2.06776650240988e-08	ZNF354A	c16
2.61188654760309e-32	-0.108962551625404	0.133	0.06	9.55976595288207e-28	AC118549.1	c16
0.016029700686651	0.108816061327888	0.013	0.008	1	SUV39H2	c16
0.00231780206878175	-0.108808950175075	0.017	0.009	1	AL080250.1	c16
8.0356794149029e-20	-0.108779542072886	0.093	0.045	2.94113902264861e-15	AGL	c16
5.35666595627153e-05	-0.10864243523398	0.122	0.093	1	ALDH16A1	c16
2.0371666394832e-07	-0.108500505711289	0.037	0.019	0.00745623361717248	TADA1	c16
0.000279122867515475	-0.108488053915536	0.034	0.021	1	CCDC85C	c16
0.0855941896093061	-0.108481598154114	0.02	0.015	1	PFAS	c16
6.17537665327207e-18	-0.108441803050837	0.248	0.164	2.26024960886411e-13	MRPS11	c16
4.42416003139151e-14	-0.108421210846508	0.78	0.532	1.61928681308961e-09	BRK1	c16
1.32988567882757e-38	-0.108252688182113	0.406	0.249	4.8675145730768e-34	RBBP4	c16
1.02036648396843e-14	-0.108072498946009	0.783	0.525	3.73464336797284e-10	TOMM6	c16
1.64337155209113e-32	-0.107964747353012	0.546	0.36	6.01490421780875e-28	ENSA	c16
2.01253653993292e-16	-0.107937927715849	0.116	0.065	7.36608498980848e-12	METAP1	c16
1.13587141102632e-30	-0.107752820787483	0.204	0.11	4.15740295149742e-26	ASF1A	c16
1.17578052969248e-10	-0.107747374002625	0.134	0.088	4.30347431672745e-06	BCAT2	c16
1.52508954499487e-19	-0.107449698341076	0.092	0.045	5.58198024363572e-15	MFSD8	c16
2.65114326691441e-14	-0.107292227632237	0.362	0.261	9.70344947123342e-10	DMAC1	c16
4.91491975536722e-27	-0.107153745093721	0.453	0.303	1.79890977966196e-22	EMC10	c16
4.1813054412091e-09	-0.107103464704493	0.128	0.086	0.000153039960453694	CRELD1	c16
0.00198400595956825	-0.107037146839352	0.014	0.007	1	SND1-IT1	c16
5.27459914675897e-16	-0.106968373971375	0.142	0.085	1.93055603370525e-11	HENMT1	c16
8.46718326610953e-24	-0.106599072488608	0.523	0.355	3.09907374722875e-19	NDUFC1	c16
0.0100061328700694	-0.106120530440273	0.012	0.006	1	MORN1	c16
0.000521575244217355	-0.106041326071805	0.023	0.013	1	TMEM67	c16
6.92959399075419e-36	-0.106013150758829	0.113	0.046	2.53630069655594e-31	ZNF141	c16
2.47824523816745e-05	0.10594898389864	0.02	0.009	0.90706253962167	PRPF40B	c16
9.42724345122532e-11	-0.105944938691	0.183	0.128	3.45046537558298e-06	STAT5A	c16
1.36164983995751e-23	-0.105933200011889	0.285	0.183	4.98377457922849e-19	GDI1	c16
3.69790616212544e-44	-0.105928125150689	0.165	0.071	1.35347063439953e-39	ZNF431	c16
4.03597068601407e-07	-0.105850384311766	0.059	0.036	0.0147720563078801	ZNF318	c16
4.69272006778193e-05	-0.105811022284912	0.113	0.085	1	CCDC112	c16
8.1657429320837e-53	-0.105772349184462	0.412	0.233	2.98874357057195e-48	RNMT	c16
5.76593475663183e-27	-0.105764477649791	0.039	0.011	2.11038978027482e-22	OTUD7B	c16
1.86000122298602e-21	-0.105640079855951	0.119	0.061	6.80779047625113e-17	HACL1	c16
6.11659351681314e-123	-0.105582783009072	0.444	0.183	2.23873439308878e-118	GBP5	c16
0.00563845259543341	-0.105530072016937	0.012	0.007	1	AC096677.1	c16
0.0608562615634245	-0.105437920930113	0.014	0.01	1	CDK20	c16
9.73701761991671e-45	-0.1049788064501	0.333	0.186	3.56384581906572e-40	TMF1	c16
3.11418754619265e-45	-0.104846837091291	0.237	0.118	1.13982378378197e-40	NUP50	c16
1.20871822676266e-17	-0.104792552851152	0.038	0.013	4.42402958177402e-13	RAB30	c16
4.69738662349017e-15	-0.104765255955899	0.198	0.131	1.71929047806364e-10	COPS8	c16
0.000178128242025064	-0.104608813671498	0.115	0.089	1	CREBL2	c16
1.26873332457452e-10	-0.104541710887719	0.1	0.061	4.64369084127521e-06	BABAM2	c16
3.07964180003103e-35	-0.104514542672501	0.358	0.217	1.12717969522936e-30	SLBP	c16
5.30406689362824e-05	-0.104439674961151	0.086	0.062	1	TOP1MT	c16
2.17759743506837e-41	-0.104193519974889	0.196	0.093	7.97022437209375e-37	PREX1	c16
1.4412740076285e-07	-0.104160915003281	0.065	0.039	0.00527520699532107	CENPV	c16
8.12434552144531e-33	-0.104059475966878	0.501	0.33	2.9735917043042e-28	KPNB1	c16
6.06239754907844e-15	-0.103885491291144	0.111	0.063	2.2188981269382e-10	FBXL12	c16
5.19923840344345e-69	-0.103767547013888	0.209	0.082	1.90297324804434e-64	RFTN1	c16
2.83891312336068e-13	-0.103708826756114	0.092	0.051	1.03907059228124e-08	FTO	c16
1.40877813554437e-24	-0.103618984841595	0.549	0.369	5.15626885390594e-20	SNX17	c16
3.66162589784804e-06	0.103607748752647	0.034	0.019	0.134019169487136	TRIT1	c16
4.18476062964167e-33	-0.103509900436356	0.103	0.042	1.53166423805515e-28	ENDOD1	c16
0.000322704236054447	0.103384443689433	0.041	0.026	1	GATD3A	c16
1.41922242256428e-31	-0.103340136959584	0.119	0.052	5.19449598882752e-27	SNIP1	c16
6.19278320174275e-20	-0.103067165521215	0.187	0.112	2.26662057966987e-15	DTNBP1	c16
0.00062212743766385	0.102880959382799	0.073	0.055	1	AC018521.5	c16
2.49075392647683e-23	-0.102687539880287	0.45	0.301	9.11640844629786e-19	CITED2	c16
5.21394529207429e-43	-0.102035546645866	0.303	0.165	1.90835611635211e-38	SMU1	c16
4.71736451560988e-11	-0.101809472683248	0.157	0.107	1.72660258635837e-06	BTD	c16
5.8752727372368e-27	-0.101746794651412	0.641	0.417	2.15040857455604e-22	VDAC2	c16
8.01892447719502e-12	-0.101740245948073	0.068	0.036	2.93500654789815e-07	TAB1	c16
6.99810391525842e-09	-0.101554065972999	0.08	0.049	0.000256137601402373	PCBD2	c16
5.34455802475734e-05	-0.101468408647081	0.014	0.006	1	CDC7	c16
0.0388468615657886	-0.101436352108764	0.916	0.656	1	UQCR11	c16
4.23335219134905e-24	-0.100760087067946	0.211	0.125	1.54944923555566e-19	C5orf51	c16
2.6052074232561e-25	-0.100625506349922	0.936	0.713	9.53531968985966e-21	CD99	c16
3.90783796952387e-11	-0.100607859087211	0.236	0.169	1.43030777522543e-06	ERCC1	c16
1.44429865437295e-23	-0.100531465449297	0.63	0.422	5.28627750487044e-19	HSPE1	c16
1.23058773800422e-34	-0.100519764052946	0.645	0.442	4.50407417986925e-30	ITGB1	c16
1.02834467616312e-16	-0.100378692588386	0.081	0.04	3.76384434922463e-12	NBPF11	c16
2.39888100616785e-07	-0.100378097468486	0.018	0.007	0.00878014437067493	HCG25	c16
1.20421374147143e-16	-0.100331924164951	0.2	0.127	4.40754271515957e-12	AC100810.1	c16
6.26834970553375e-05	-0.10030641006476	0.999	0.936	1	PFN1	c16
1.52983724789348e-18	-0.100298660199291	0.024	0.006	5.59935731101494e-14	GNAO1	c16
0.00013801277157628	-0.100035955391422	0.017	0.008	1	HIST1H2AM	c16
