# factor-levels: seurat_clusters=c1|c2|c3|c4|c5|c6|c7|c8|c9|c10|c11|c12|c13|c14|c15|c16|c17|c18|c19|c20|c21|c22|c23|c24|c25|c26|c27|c28

p_val	avg_log2FC	pct.1	pct.2	p_val_adj	gene	seurat_clusters
4.49932895428284e-58	7.71037645830465	0.018	0	1.64679939055706e-53	AC027373.1	c28
3.27790915017369e-57	7.53413840049273	0.012	0	1.19974752805507e-52	AC126335.1	c28
3.53622275626543e-32	7.0363659608392	0.012	0	1.29429289102071e-27	AL161665.1	c28
1.01376071132647e-42	6.84499911529251	0.018	0	3.710465579526e-38	AL353576.1	c28
1.60326682400199e-22	6.60673790439593	0.012	0	5.86811690252969e-18	AL137244.1	c28
7.93390462909037e-10	6.46643107814696	0.012	0.001	2.90388843329337e-05	AC100858.3	c28
8.38936432124979e-26	6.38116760401558	0.018	0	3.07059123522063e-21	SHANK3	c28
7.83406888080381e-48	6.36289516469612	0.012	0	2.867347551063e-43	ASH1L-IT1	c28
1.29074244467288e-19	6.2418030298127	0.012	0	4.72424642174721e-15	AC090241.3	c28
2.46173666316957e-24	6.18987820795453	0.012	0	9.01020236086695e-20	AC022144.1	c28
4.87691656060961e-12	6.1368978034589	0.012	0	1.78500023034872e-07	LINC02241	c28
1.2887360875386e-19	6.09514083742724	0.012	0	4.71690295400004e-15	OSBPL6	c28
1.61483697893808e-22	6.04279712623199	0.012	0	5.91046482661126e-18	LINC00907	c28
8.4244881241398e-26	6.01701423288075	0.018	0	3.08344689831641e-21	AF235103.3	c28
6.36843357658776e-08	5.99603035731902	0.012	0.001	0.00233091037336689	AC109597.1	c28
1.28673281251074e-19	5.83603722299216	0.012	0	4.70957076707057e-15	LINC02330	c28
2.17173187392274e-17	5.82938372498415	0.012	0	7.94875583174463e-13	C2orf50	c28
8.17303388587347e-11	5.70018235096966	0.012	0	2.99141213256855e-06	LRP2	c28
1.2417857449631e-15	5.6114106273047	0.012	0	4.54506000513944e-11	AC005911.1	c28
2.48584306759866e-24	5.54621778120902	0.012	0	9.09843421171787e-20	AC090739.1	c28
3.56396086664742e-32	5.47688906650847	0.012	0	1.30444531680162e-27	AC007378.1	c28
9.1477034050187e-09	5.42919934428272	0.012	0.001	0.00033481509232709	SYCP2L	c28
4.55006874865508e-23	5.41458052409563	0.018	0	1.66537066269524e-18	AC068790.7	c28
8.2000561535107e-11	5.36855184993928	0.012	0	3.00130255274645e-06	FSIP2	c28
1.2614046214371e-19	5.26765811479637	0.018	0.001	4.61686705492191e-15	AL731559.1	c28
4.68930186633083e-19	5.24924397251338	0.018	0.001	1.71633137609575e-14	AC007684.2	c28
9.66180490158851e-11	5.22320636822052	0.018	0.001	3.53631721203041e-06	AC093525.4	c28
1.15833753091207e-06	5.18008771641721	0.012	0.001	0.0423963119689127	LINC01909	c28
6.34975362621125e-08	5.15017786419033	0.012	0.001	0.00232407332472958	AL359317.2	c28
1.36942816723401e-13	5.13047101679404	0.012	0	5.01224403489319e-09	MAST1	c28
6.19284608674207e-07	5.05882625606695	0.012	0.001	0.0226664359620847	TSPEAR-AS1	c28
9.14169886384086e-09	4.99980023923763	0.012	0.001	0.000334595320115439	AC011468.1	c28
2.54903723180605e-08	4.99140257606923	0.012	0.001	0.000932973117213332	AC021086.1	c28
6.54709187489657e-11	4.96669930420581	0.018	0.001	2.39630109713089e-06	AC106028.3	c28
1.72492315283363e-30	4.94242183126269	0.024	0.001	6.31339123168635e-26	POU5F1	c28
2.1486401519345e-07	4.93781052165994	0.012	0.001	0.00786423782009545	LINC02803	c28
2.56330227775774e-08	4.90923701111783	0.012	0.001	0.000938194266682111	BACH1-IT2	c28
8.52232633716058e-07	4.88363555261938	0.012	0.001	0.0311925666266415	OR6K3	c28
8.59748089902882e-15	4.88130755431763	0.018	0.001	3.14676398385354e-10	AC090946.1	c28
1.85707873020178e-10	4.85434802263242	0.012	0	6.79709386041152e-06	AC136944.2	c28
7.16000092754193e-21	4.83979206435337	0.018	0.001	2.62063193948962e-16	LINC00598	c28
1.98051233111749e-18	4.73957178868011	0.012	0	7.24887318312313e-14	LINC02714	c28
2.5150795968763e-24	4.72748424769829	0.012	0	9.20544283252693e-20	RRH	c28
1.55922978086279e-09	4.70740857445474	0.012	0.001	5.70693692093589e-05	AC132938.6	c28
1.50907227598493e-46	4.7006030571293	0.065	0.003	5.52335543733245e-42	AC008147.2	c28
1.18854657032658e-09	4.66854837011635	0.018	0.001	4.35019930205232e-05	AL158212.2	c28
2.92213957388242e-09	4.64858705931085	0.012	0.001	0.00010695323054367	AC013403.2	c28
8.84607741335691e-25	4.64043230838837	0.029	0.001	3.23775279406276e-20	AC073283.1	c28
8.67844363801611e-15	4.59105686746861	0.018	0.001	3.17639715595028e-10	AL138820.1	c28
1.46325195957856e-07	4.58595176710285	0.012	0.001	0.00535564849725349	AC104695.4	c28
1.16058460657394e-06	4.54982304385798	0.012	0.001	0.0424785571852126	ZNF774	c28
1.40404083559751e-07	4.54049072882388	0.018	0.002	0.00513892986237045	FLACC1	c28
5.25487776414737e-09	4.53354857019797	0.012	0.001	0.000192333781045558	AC006504.7	c28
4.45008311520402e-07	4.52993508587791	0.012	0.001	0.0162877492099582	AL451123.2	c28
1.65256415792901e-12	4.51311486040484	0.012	0	6.04855007443595e-08	AC009148.1	c28
1.28680105889131e-19	4.51160773761959	0.018	0.001	4.70982055564808e-15	LRRC7	c28
5.25369424023219e-23	4.49598012809732	0.024	0.001	1.92290462886738e-18	AL731568.1	c28
2.17806075656274e-10	4.49197101705301	0.024	0.002	7.97192017509529e-06	AP000812.1	c28
2.21209552689916e-09	4.47688819920141	0.018	0.001	8.09649083800362e-05	AC007066.2	c28
4.93599620635043e-12	4.47451710598363	0.012	0	1.80662397148632e-07	AC092296.2	c28
1.8540991436652e-16	4.46134906683236	0.012	0	6.78618827572901e-12	AL353804.1	c28
1.58367939753557e-16	4.45012541410305	0.029	0.002	5.79642496291995e-12	LINC00923	c28
3.48089520452327e-11	4.4314741394687	0.012	0	1.27404245380756e-06	AC007029.1	c28
1.46815828883146e-07	4.42728487095014	0.012	0.001	0.00537360615295202	U73166.1	c28
4.76943607694303e-13	4.42536595359879	0.018	0.001	1.74566129852192e-08	CUZD1	c28
7.84244677350604e-10	4.42128975792669	0.024	0.002	2.87041394357094e-05	AL022724.3	c28
1.38249108862122e-13	4.41153389053741	0.012	0	5.06005563346251e-09	AL034405.1	c28
3.46899469119506e-11	4.31557997725393	0.012	0	1.2696867469243e-06	FMR1-IT1	c28
9.8520342271558e-11	4.29195335699958	0.018	0.001	3.60594304748129e-06	AC093849.4	c28
1.28137047323567e-14	4.28711120996952	0.024	0.001	4.68994406908989e-10	AC007292.1	c28
7.61000258107321e-16	4.26359662308725	0.018	0.001	2.7853370446986e-11	IGHEP2	c28
2.56012558703958e-08	4.2237950569495	0.012	0.001	0.000937031566112356	AL671710.1	c28
2.93234641250262e-09	4.21211919831526	0.012	0.001	0.000107326811044008	USP43	c28
4.44777598735559e-07	4.20730711026547	0.012	0.001	0.0162793048913202	AC092903.2	c28
1.87117393498576e-10	4.20639510196535	0.012	0	6.84868371944137e-06	TAS2R31	c28
2.23246533904472e-09	4.18780973544304	0.018	0.001	8.17104638743759e-05	ABCA6	c28
1.63822579753087e-22	4.18030342979649	0.012	0	5.99607024154273e-18	AC100774.1	c28
2.99243818861622e-21	4.17659090248261	0.035	0.002	1.09526230141542e-16	AC105429.1	c28
9.0454820614896e-26	4.16968384573203	0.047	0.003	3.31073688932581e-21	ZFHX2-AS1	c28
1.57501975955575e-09	4.16021226649312	0.012	0.001	5.76472982195e-05	AL731702.1	c28
2.96524212877446e-09	4.13333117456053	0.012	0.001	0.000108530827155274	MXRA8	c28
4.45008311520402e-07	4.13260545707551	0.012	0.001	0.0162877492099582	ADD3-AS1	c28
1.19801821055444e-37	4.0799703292556	0.065	0.004	4.3848664524503e-33	AC110048.2	c28
3.98211881137886e-20	4.06935202951287	0.053	0.005	1.45749530615278e-15	LINC02024	c28
6.42102111846866e-08	4.05645375789315	0.012	0.001	0.00235015793957071	CLEC18A	c28
6.02004951039088e-07	4.05401285334855	0.018	0.002	0.0220339832129817	AC093484.2	c28
9.96792427207132e-11	4.04244576532341	0.018	0.001	3.64835996282082e-06	LINC01970	c28
2.48005362862504e-19	4.0424347239291	0.047	0.004	9.07724428613051e-15	FAM157C	c28
1.26170654021964e-15	4.01711752368169	0.012	0	4.61797210785791e-11	ASPRV1	c28
1.19194547884167e-14	4.0029539930775	0.053	0.006	4.36263964710841e-10	AL160272.1	c28
5.18605904004471e-19	3.99162947305424	0.035	0.002	1.89814946924676e-14	AC007038.1	c28
6.77537336970744e-36	3.99117269512536	0.041	0.002	2.47985440704662e-31	U73169.1	c28
2.58265028923836e-12	3.97407427639658	0.018	0.001	9.45275832364132e-08	AL033543.1	c28
6.72952635428848e-14	3.95490502688795	0.029	0.002	2.46307394093313e-09	MYOM1	c28
2.15918992862782e-07	3.93098774903812	0.012	0.001	0.0079028510577707	AC079949.1	c28
3.14305586320524e-07	3.92143671390125	0.012	0.001	0.0115038987649175	GOLGA8Q	c28
1.39273572014053e-13	3.9194187798281	0.012	0	5.09755200928636e-09	TPO	c28
5.48881499342733e-16	3.91629230443781	0.035	0.003	2.00896117574434e-11	PLGLB2	c28
4.48482887623592e-07	3.90629095717834	0.012	0.001	0.0164149221699111	PCDHGB5	c28
2.5027241145604e-09	3.89050390452882	0.024	0.002	9.16022053170251e-05	Z93022.1	c28
4.00316891067062e-10	3.87197428521567	0.012	0.001	1.46519985299455e-05	SLC35G5	c28
4.31919957547074e-12	3.86602474741344	0.018	0.001	1.58087023661805e-07	AC011379.1	c28
3.71066277023304e-09	3.86522172164932	0.024	0.002	0.000135813968053299	OCLN	c28
9.60585820105163e-07	3.85341088123513	0.018	0.002	0.0351584016016691	NPFF	c28
8.82833961958353e-11	3.83159257900253	0.029	0.003	3.23126058416377e-06	AC066613.1	c28
3.16817340017771e-08	3.82529640010879	0.018	0.001	0.00115958314619904	AC004584.3	c28
9.2625208448444e-09	3.81750907491291	0.012	0.001	0.00033901752544215	TPH1	c28
7.0395681979507e-09	3.81740295542803	0.018	0.001	0.000257655235613193	AL109615.4	c28
1.47937098801684e-10	3.78317698002198	0.018	0.001	5.41464575324042e-06	OR52K2	c28
1.83644879630809e-14	3.74922978252353	0.018	0.001	6.72158623936724e-10	AC010680.3	c28
1.37689257307772e-20	3.7462804216677	0.065	0.007	5.03956450672177e-16	AC087854.1	c28
5.04041382395487e-07	3.72164861480766	0.018	0.002	0.0184484186370572	MTCP1	c28
1.72333898340619e-16	3.71877968622162	0.047	0.004	6.307593013165e-12	AC037459.2	c28
1.30296381314052e-26	3.67928247086026	0.076	0.007	4.7689778524756e-22	ZNF334	c28
5.1714506842112e-08	3.66239363337697	0.029	0.004	0.00189280266492814	VEGFA	c28
1.2324497150442e-16	3.64643629227613	0.018	0.001	4.51088920203329e-12	AL590560.3	c28
2.42905892023975e-15	3.64076094825593	0.041	0.004	8.89059855396953e-11	ITGB1-DT	c28
4.40676482514749e-11	3.63673270344488	0.018	0.001	1.61291999365223e-06	KRT73	c28
3.36731150050465e-14	3.61279012253159	0.012	0	1.23246968229971e-09	AC134349.1	c28
3.78312842047342e-19	3.61182317300066	0.029	0.002	1.38466283317748e-14	AC103703.1	c28
3.07134510440174e-09	3.59570413384761	0.024	0.002	0.000112414302166208	AC073957.3	c28
1.9922612171647e-08	3.55815130952351	0.018	0.001	0.000729187528094454	AC104964.3	c28
1.91447722577755e-11	3.54850932496471	0.024	0.002	7.00717809406843e-07	AL023803.3	c28
1.17757187570102e-06	3.53347494821972	0.012	0.001	0.0431003082225332	AC113143.3	c28
4.10624678071765e-22	3.52435526911836	0.053	0.004	1.50292738421047e-17	AL133330.1	c28
1.43633395610379e-07	3.5126007638646	0.035	0.005	0.00525712591273548	MIR99AHG	c28
9.69144638862942e-17	3.46148316460193	0.071	0.009	3.54716629270225e-12	USP49	c28
2.51677852588166e-08	3.4531931786419	0.024	0.002	0.000921166108257947	SCGB3A1	c28
8.16543292697044e-10	3.44820805376543	0.024	0.002	2.98863010560045e-05	DISC1FP1	c28
2.92548027739077e-22	3.41539498905902	0.118	0.018	1.07075503632779e-17	LRRK2	c28
1.94106957925405e-11	3.41447253129638	0.047	0.006	7.10450876702776e-07	FCRL1	c28
4.32066574398138e-11	3.41011842709494	0.024	0.002	1.58140686895462e-06	AP005131.6	c28
3.3123083818775e-08	3.35847878578536	0.035	0.005	0.00121233799085098	FCRL2	c28
6.31076500364651e-10	3.35825141513022	0.041	0.006	2.30980309898466e-05	LINC00571	c28
3.59058180957807e-10	3.34545088608821	0.029	0.003	1.31418884812367e-05	FBN1	c28
9.341886041137e-09	3.32578116972991	0.012	0.001	0.000341922370991655	AC026124.2	c28
5.31385714830691e-14	3.31037946894061	0.041	0.004	1.94492485485181e-09	AL354822.1	c28
9.5597315986337e-08	3.30722816179705	0.018	0.002	0.00349895736241592	AL627309.5	c28
7.62100765192923e-13	3.30270112383897	0.041	0.004	2.78936501068262e-08	ZKSCAN2-DT	c28
1.0193251498767e-36	3.25677785706404	0.129	0.014	3.73083198106372e-32	MIR34AHG	c28
4.51281376641903e-07	3.23864534541393	0.012	0.001	0.0165173496664703	AL139234.1	c28
1.5297820555993e-10	3.23771671469789	0.035	0.004	5.59915530169898e-06	AL162458.1	c28
1.21669881101099e-15	3.22735523872849	0.047	0.005	4.45323931818134e-11	AP003486.1	c28
4.87657229811924e-15	3.21999482314779	0.035	0.003	1.78487422683462e-10	AL136295.7	c28
7.03636577093111e-09	3.21692165777165	0.018	0.001	0.000257538023581849	AC068700.1	c28
1.42367331413643e-23	3.20322254129772	0.141	0.024	5.21078669707076e-19	AATBC	c28
3.89366345283575e-15	3.19164898793889	0.047	0.005	1.42511976037241e-10	AC067852.3	c28
6.27107937081329e-12	3.17553075809327	0.024	0.002	2.29527776051137e-07	AL355336.1	c28
1.43617598323265e-07	3.17314387298315	0.018	0.002	0.00525654771622981	AC010168.2	c28
3.42548262466331e-29	3.16875353234118	0.112	0.013	1.25376089545302e-24	Z83843.1	c28
1.48398402352902e-08	3.16846215696458	0.071	0.016	0.000543152992451855	MIRLET7BHG	c28
7.85868628519043e-16	3.1607800677721	0.065	0.008	2.87635776724255e-11	AL356124.1	c28
1.68268626703192e-10	3.16030557893843	0.035	0.004	6.15880000596355e-06	PPP1R12A-AS1	c28
8.17430167357198e-08	3.15258813223294	0.041	0.007	0.00299187615554408	MUC20	c28
8.89301658618488e-10	3.12268235098249	0.018	0.001	3.25493300070953e-05	AC010632.2	c28
1.6886190663896e-16	3.11197363056168	0.059	0.007	6.18051464489257e-12	AC009093.2	c28
7.97968159563033e-08	3.11149110281026	0.047	0.009	0.00292064326081666	INTU	c28
6.80518423725153e-07	3.10165968144819	0.024	0.003	0.0249076548267643	VSIG8	c28
4.15612209767202e-07	3.10062582195101	0.041	0.008	0.0152118224896894	AC015813.1	c28
1.15239510244716e-12	3.06509871693019	0.047	0.006	4.21788131446685e-08	ASAP1-IT2	c28
4.30608886710765e-07	3.06123443178299	0.018	0.002	0.0157607158625007	AC005726.3	c28
2.71508736386871e-10	3.0148380932899	0.059	0.01	9.93749126049586e-06	AL353801.3	c28
2.50049881928014e-09	3.01012200282399	0.047	0.007	9.15207572844725e-05	AC087284.1	c28
1.79655415937732e-14	2.97636461110462	0.041	0.004	6.57556787873691e-10	SNHG4	c28
3.12092434858838e-09	2.97461494541878	0.024	0.002	0.000114228952082683	C6orf163	c28
5.13386309478711e-07	2.97304703309501	0.018	0.002	0.0187904523132303	CDC42BPG	c28
1.95734287219214e-09	2.96976660747111	0.041	0.006	7.16407064651044e-05	MTBP	c28
9.39560648500448e-09	2.93910648356139	0.041	0.006	0.000343888592957649	ATP6AP1L	c28
1.20758184167174e-08	2.93857771244219	0.106	0.031	0.000441987029870275	PNPLA3	c28
3.16314418070559e-07	2.93424241864161	0.012	0.001	0.0115774240158005	OVGP1	c28
1.84766193436815e-12	2.92828653353093	0.024	0.002	6.76262744598088e-08	ANKRD10-IT1	c28
2.45295437961973e-17	2.91504203983885	0.047	0.004	8.97805832484616e-13	AC010359.3	c28
2.61617728458604e-27	2.90634293377272	0.076	0.007	9.57547047931338e-23	AL022311.1	c28
1.14475540683192e-06	2.88960139767648	0.018	0.002	0.0418991926454551	AC073046.1	c28
3.54913712754154e-07	2.88579880492378	0.047	0.009	0.0129901968005148	DGKG	c28
1.17027622798074e-21	2.8801130668157	0.106	0.015	4.28332802203232e-17	CHML	c28
4.38054780835279e-07	2.8720288227055	0.018	0.002	0.0160332430333521	C3orf35	c28
7.39850971327962e-08	2.83050494628519	0.053	0.011	0.00270792854015747	USP31	c28
3.29187943612822e-07	2.82884213052502	0.047	0.009	0.0120486079241729	AC009318.1	c28
9.34926409114672e-07	2.82581006430181	0.059	0.014	0.0342192415000061	LINC01146	c28
2.55906616273543e-07	2.82071774366335	0.018	0.002	0.00936643806222796	AL096803.2	c28
8.05053135893094e-07	2.80774094008097	0.065	0.017	0.0294657498268231	NUDT12	c28
3.09226172747623e-07	2.78371079768054	0.059	0.014	0.0113179871487358	SLC19A2	c28
4.47654932295961e-08	2.75988511312099	0.029	0.004	0.00163846181769645	AL683813.1	c28
9.44506783806777e-08	2.73010000056734	0.035	0.005	0.00345698927941119	NBEA	c28
7.77381390277978e-17	2.71071520268003	0.071	0.009	2.84529362655643e-12	NPIPB4	c28
1.01786590368767e-11	2.71057645560652	0.082	0.016	3.72549099408725e-07	LAMB1	c28
3.0102845262886e-08	2.70842288127889	0.024	0.002	0.00110179423946689	HCG27	c28
8.50290399673684e-07	2.70796498448447	0.018	0.002	0.0311214789184565	HIST2H3D	c28
2.38739198990051e-10	2.68519248754472	0.082	0.018	8.73809342223486e-06	RIMKLB	c28
1.99917128234611e-12	2.66079716509074	0.035	0.003	7.31716681051498e-08	SLC25A25-AS1	c28
1.83980807549897e-07	2.65220280759642	0.112	0.038	0.00673388153713379	FHAD1	c28
2.2429811730745e-09	2.64206311561518	0.047	0.007	8.20953539156996e-05	SND1-IT1	c28
1.19175166530099e-20	2.62495483437905	0.106	0.016	4.36193027016816e-16	ARL17A	c28
1.34336839143442e-06	2.62032769543595	0.018	0.002	0.0491686264948913	TTTY10	c28
1.1293133945105e-10	2.6102219768275	0.029	0.003	4.13339995524789e-06	AL390066.1	c28
2.89625014970188e-12	2.59356893130804	0.1	0.022	1.06005651729238e-07	DOCK5	c28
1.73473205270335e-13	2.5819799435775	0.047	0.005	6.34929278609954e-09	LINC01355	c28
1.86501444997168e-11	2.56838295425777	0.065	0.011	6.82613938834133e-07	TTTY14	c28
1.39023156009931e-11	2.56756184363082	0.065	0.011	5.08838653311948e-07	ARL17B	c28
5.33838505801237e-11	2.56707930958736	0.035	0.004	1.95390231508311e-06	AC023908.3	c28
1.93544882902324e-40	2.56361178909959	0.224	0.035	7.08393625910798e-36	MIR29B2CHG	c28
5.01543599173545e-09	2.55704191844186	0.071	0.015	0.000183569972733509	ZNF787	c28
2.44237100846601e-07	2.552000930682	0.041	0.007	0.00893932212808643	WDR90	c28
3.30088384433005e-86	2.55044083810446	0.941	0.444	1.20815649586324e-81	NEAT1	c28
1.94485813577618e-34	2.54230473442835	0.376	0.107	7.11837526275441e-30	TANC2	c28
6.06389609615864e-08	2.51103467786012	0.029	0.004	0.00221944661015502	AC114980.1	c28
6.62515704248817e-15	2.49571424898269	0.082	0.013	2.42487372912109e-10	AC092944.1	c28
3.14219125401531e-08	2.49054718666284	0.071	0.017	0.00115007342088214	TRHDE-AS1	c28
6.50161244800064e-10	2.4892890724381	0.118	0.034	2.37965517209271e-05	SLC16A10	c28
3.12589164573982e-60	2.48822801262343	0.412	0.079	1.14410760125723e-55	GARS-DT	c28
1.08683447476589e-06	2.47898956143034	0.035	0.006	0.0397792286109063	AC007566.1	c28
2.3876662161201e-15	2.47068085798602	0.2	0.061	8.73909711762117e-11	AC090559.1	c28
5.07981301201145e-10	2.46198532267207	0.059	0.01	1.85926236052631e-05	AGAP9	c28
2.11713037237915e-10	2.45834975061293	0.041	0.005	7.74890887594491e-06	AL031432.4	c28
1.11492486402187e-21	2.44973273564357	0.265	0.078	4.08073649480645e-17	ITGB8	c28
5.93585569121444e-10	2.43853474509894	0.041	0.006	2.1725825415414e-05	RSKR	c28
1.74218576538707e-09	2.43783114742976	0.053	0.009	6.37657411989323e-05	FBXL19	c28
1.73915177894922e-11	2.4338220731374	0.1	0.023	6.36546942613205e-07	ZEB2-AS1	c28
6.58616992763811e-07	2.43177065403513	0.029	0.004	0.0241060405521483	AC092910.3	c28
4.07843257653701e-21	2.40009123690201	0.229	0.061	1.49274710733831e-16	AC092691.1	c28
5.84809791247118e-13	2.39963812617758	0.165	0.049	2.14046231694358e-08	XIST	c28
2.14187771499632e-07	2.38837677680015	0.024	0.003	0.00783948662465803	AC105285.1	c28
1.59954861005754e-12	2.3758579716332	0.129	0.033	5.85450786767161e-08	TBC1D12	c28
1.24025315482037e-27	2.37100673460012	0.212	0.043	4.53945057195804e-23	LINC00472	c28
6.26358286333375e-24	2.36871793701552	0.147	0.025	2.29253396380878e-19	ZNF439	c28
2.34704920832116e-22	2.36859360992218	0.3	0.095	8.5904348073763e-18	MACC1	c28
1.78057019189279e-11	2.36038887994227	0.141	0.041	6.5170649593468e-07	KLF8	c28
1.331229955913e-18	2.35342318319169	0.271	0.091	4.87243476163719e-14	GATAD1	c28
8.83140510537782e-21	2.35298149959713	0.159	0.032	3.23238258261934e-16	LINC00278	c28
2.55571078842194e-07	2.3448956189118	0.053	0.011	0.00935415705670312	BTBD8	c28
3.76351787814112e-19	2.34477736114805	0.224	0.063	1.37748517857843e-14	NFIA	c28
6.72425657714528e-47	2.34285977462754	0.394	0.088	2.46114514980094e-42	FTX	c28
6.91754074167779e-19	2.33761202144352	0.347	0.139	2.53188908686149e-14	RASAL2	c28
3.03325871075211e-17	2.33539743217565	0.188	0.05	1.11020302072238e-12	ZDHHC21	c28
3.89078337238516e-08	2.3167926236163	0.112	0.035	0.00142406562212669	FAM102B	c28
3.10171125697909e-35	2.31115371314993	0.4	0.116	1.13525733716692e-30	CIITA	c28
1.86440673589319e-07	2.30149583073343	0.071	0.018	0.00682391509404267	SOCS7	c28
1.9756646119333e-09	2.27934776977211	0.071	0.015	7.23113004613707e-05	KANSL1L	c28
6.78691101551388e-08	2.27915898398511	0.082	0.022	0.00248407730078823	AC005332.6	c28
9.93688649504758e-11	2.27711594208388	0.124	0.035	3.63699982605237e-06	DISP1	c28
7.91548378080617e-10	2.27528661585127	0.071	0.014	2.89714621861287e-05	MIR3936HG	c28
7.59145607744589e-63	2.2717951340941	0.765	0.287	2.77854883890597e-58	ZEB2	c28
4.96202177728097e-24	2.2680959294708	0.382	0.141	1.81614959070261e-19	DAPK1	c28
3.14027914863006e-07	2.25471905718981	0.159	0.067	0.0114937357119009	SIPA1L2	c28
2.9589771675311e-08	2.25033922197277	0.153	0.058	0.00108301523308806	ALPK1	c28
1.37136832879868e-10	2.24955615631997	0.165	0.056	5.01934522023605e-06	SPIRE1	c28
1.78994375579241e-31	2.24222328379932	0.429	0.144	6.55137314057579e-27	DMXL2	c28
4.36340534624071e-17	2.23019471297031	0.165	0.04	1.59704999077756e-12	KCNE1	c28
3.38219012123912e-23	2.22955166885586	0.159	0.03	1.23791540627473e-18	UVSSA	c28
3.44429454517903e-13	2.22927399880746	0.171	0.051	1.26064624648098e-08	PLAGL1	c28
1.0300435723328e-11	2.22479674406182	0.176	0.059	3.77006247909528e-07	SLC11A2	c28
8.20326138312492e-09	2.21983513736321	0.082	0.02	0.000300247569883755	ARHGEF12	c28
2.34976912187951e-08	2.21497160029211	0.141	0.051	0.000860038996299118	ME3	c28
2.44542025927302e-09	2.21434730911917	0.065	0.013	8.95048269096517e-05	ZNF441	c28
3.79462152007567e-22	2.2088009286015	0.129	0.021	1.3888694225629e-17	NOTCH2NLC	c28
1.06847849574814e-12	2.20812322505353	0.076	0.013	3.91073814228777e-08	AC004951.1	c28
1.11905591567e-11	2.20294111758522	0.065	0.011	4.09585655694376e-07	Z97192.3	c28
3.31240524762198e-07	2.20223616718059	0.082	0.024	0.0121237344468212	AL365295.1	c28
1.06471423555752e-15	2.20206969672363	0.159	0.04	3.89696057356409e-11	DZIP1L	c28
2.32188912579708e-24	2.19457115684047	0.194	0.04	8.49834638932989e-20	NPIPB5	c28
9.47429170275886e-11	2.1931346971882	0.041	0.005	3.46768550612677e-06	AC016773.1	c28
1.59883223132147e-07	2.1870791454359	0.141	0.054	0.00585188584985971	RNF144B	c28
6.03485358801669e-09	2.1812158739365	0.065	0.013	0.000220881676174999	ZNF785	c28
3.04509836911613e-08	2.15339585596409	0.041	0.007	0.0011145364540802	ZNF630	c28
4.67008580993717e-21	2.15189268921672	0.359	0.137	1.7092981072951e-16	FMNL2	c28
4.5962539923992e-07	2.14793314827811	0.035	0.006	0.0168227492375803	DUBR	c28
1.25809859965772e-15	2.14372720862861	0.135	0.03	4.60476668460721e-11	RBM12B	c28
5.64029138545661e-24	2.12933030846567	0.294	0.085	2.06440304999097e-19	NABP1	c28
3.39932612654516e-12	2.12894199269453	0.124	0.031	1.24418735557679e-07	PAN3	c28
2.80256365697733e-35	2.11772730919532	0.547	0.216	1.02576632409027e-30	DST	c28
2.74648414169646e-10	2.11097509675257	0.224	0.094	1.00524066070232e-05	TAGLN	c28
6.05144337770231e-09	2.10923229854972	0.141	0.049	0.000221488879067282	SPATA6	c28
2.34684835330026e-20	2.10271793561217	0.347	0.13	8.58969965791429e-16	FRMD4A	c28
2.30117243137336e-13	2.09954524459081	0.118	0.027	8.42252121606965e-09	MFSD4B	c28
9.34122413783053e-09	2.09795109563555	0.112	0.033	0.000341898144668735	TARBP1	c28
4.89005542523529e-07	2.09760333323599	0.076	0.021	0.0178980918619037	SENP3	c28
2.27048961303547e-13	2.09062452809352	0.124	0.029	8.31021903267111e-09	AC009061.2	c28
6.98550624606777e-08	2.08753313410253	0.159	0.063	0.00255676514112326	AL034397.3	c28
2.63262303793225e-08	2.08525805812092	0.082	0.021	0.000963566358113583	AC087741.1	c28
8.76245469411245e-13	2.08195558417165	0.071	0.012	3.2071460425921e-08	FAM215B	c28
1.53152105257697e-07	2.06986454770379	0.129	0.047	0.00560552020453699	MAFG	c28
3.75951777653845e-15	2.06510344820319	0.206	0.063	1.37602110139084e-10	FRY	c28
3.99579991923915e-12	2.06118527361367	0.253	0.105	1.46250272844072e-07	LINC02785	c28
4.14794281629404e-10	2.06116977039552	0.071	0.014	1.51818855019178e-05	WDR27	c28
1.56662889035323e-12	2.05846697850636	0.153	0.044	5.73401840158185e-08	KMT2B	c28
1.39441967598476e-60	2.05731810392375	0.794	0.32	5.1037154560718e-56	GPCPD1	c28
1.48003423471978e-08	2.05582932861123	0.229	0.108	0.000541707330249787	SPOCD1	c28
1.4551572380351e-07	2.04829995745374	0.059	0.013	0.00532602100693226	AF117829.1	c28
1.96863902350893e-07	2.04700411776144	0.159	0.065	0.00720541568994503	MROH1	c28
8.82010568539348e-11	2.04522396010281	0.112	0.029	3.22824688191087e-06	JRK	c28
2.37834698346286e-08	2.03766834958698	0.118	0.038	0.000870498779417243	BRCA2	c28
2.21643809366646e-08	2.0354048232752	0.076	0.019	0.000811238506662863	TTC12	c28
7.83812271521073e-32	2.01941539626055	0.529	0.219	2.86883129499428e-27	TNFAIP2	c28
1.22939803708851e-08	2.00830148736754	0.059	0.012	0.000449971975554767	AC006141.1	c28
7.55148541066969e-15	2.00675241630668	0.294	0.117	2.76391917515921e-10	GSAP	c28
3.56604713536413e-16	2.00510436746097	0.3	0.116	1.30520891201463e-11	RASGEF1B	c28
4.19344745828709e-11	2.00024802021948	0.1	0.023	1.53484370420766e-06	ERV3-1	c28
6.88184827589301e-18	1.99799368415171	0.229	0.067	2.5188252874596e-13	RALGAPB	c28
3.6972633893762e-56	1.99331040534259	0.782	0.331	1.35323537314558e-51	CCDC88A	c28
7.72820830375317e-16	1.98544195417218	0.176	0.047	2.8286015212567e-11	ZMAT1	c28
5.1392391629062e-13	1.98523611012003	0.206	0.069	1.8810129260153e-08	PDE8A	c28
1.73943070865793e-10	1.98013114852232	0.1	0.025	6.36649033675888e-06	ACAD10	c28
1.33478204018718e-07	1.97145875535176	0.118	0.04	0.00488543574528909	STX3	c28
1.36053194451105e-08	1.95541886953782	0.224	0.104	0.000497968297010488	PLXND1	c28
3.22967660508287e-08	1.94439918009717	0.124	0.041	0.00118209393422638	AC008105.3	c28
1.47195228238002e-12	1.93592892983065	0.165	0.049	5.38749254873909e-08	DOP1A	c28
2.63099524646771e-20	1.92702532150489	0.353	0.133	9.62970570159646e-16	FGD2	c28
4.79670590845728e-11	1.92653968702419	0.229	0.094	1.75564232955445e-06	GRK3	c28
4.3293992800273e-07	1.9247997037941	0.041	0.007	0.0158460343048279	AL157392.3	c28
1.58997844269761e-12	1.92218020531195	0.318	0.149	5.81948009811753e-08	CDC42BPB	c28
3.16076513732858e-31	1.9212827849715	0.471	0.165	1.15687164791363e-26	MAML2	c28
1.84074205877504e-08	1.91904148065271	0.124	0.04	0.000673730000932251	TNRC18	c28
3.56771573544914e-15	1.91301903929705	0.235	0.079	1.30581963633174e-10	DENND4B	c28
2.5634379659203e-07	1.90739434013545	0.176	0.077	0.0093824392990649	OAS3	c28
5.77587547606656e-08	1.89389249389788	0.176	0.074	0.00211402818299512	NAIP	c28
2.10445788115767e-38	1.89186793631066	0.629	0.254	7.70252629082517e-34	GPRIN3	c28
2.23075412599682e-25	1.89101645337207	0.494	0.213	8.16478317656095e-21	ADAMTSL4	c28
1.33854345566863e-09	1.88480860345206	0.165	0.059	4.89920290209274e-05	BTBD7	c28
2.49501623787931e-24	1.88012081966412	0.353	0.117	9.13200893226207e-20	ATP9B	c28
1.32373194517639e-08	1.87751275367219	0.094	0.026	0.000484499129254012	AC245060.5	c28
2.35346368389131e-17	1.87439635192024	0.206	0.058	8.61391242941058e-13	C20orf194	c28
4.87698623499897e-08	1.86456124244709	0.088	0.024	0.00178502573187197	DNASE1	c28
5.86375488031998e-11	1.86333069777823	0.171	0.057	2.14619292374592e-06	PTPDC1	c28
2.17431078182257e-12	1.86218959634156	0.165	0.05	7.95819489254879e-08	RUFY3	c28
4.34263511017602e-07	1.85327894126721	0.041	0.007	0.0158944787667553	LINC00630	c28
2.23835995104352e-24	1.8529950430035	0.465	0.193	8.19262125681438e-20	IGF2R	c28
6.88885179249121e-07	1.84742532519642	0.135	0.053	0.0252138864456971	LONRF3	c28
2.51293219460417e-11	1.84740265316902	0.194	0.069	9.19758312547074e-07	LINC00662	c28
8.01983429699011e-11	1.84383613689629	0.1	0.024	2.93533955104135e-06	ZNF75D	c28
8.14698270615557e-32	1.84167748589954	0.535	0.214	2.98187714028e-27	MYO9B	c28
2.65990136089545e-07	1.83847238908171	0.135	0.051	0.00973550497101344	SBF2	c28
9.63191951329265e-08	1.83841200906149	0.076	0.02	0.00352537886106024	DYNC2H1	c28
1.68282451853051e-07	1.83324945792056	0.106	0.034	0.0061593060202735	ENTPD1	c28
6.21369016235362e-07	1.82220695921654	0.1	0.033	0.0227427273632305	PPARGC1B	c28
1.33762128507742e-07	1.82112832119012	0.124	0.043	0.00489582766551186	KLF7	c28
2.87774926738935e-16	1.82014119554922	0.335	0.137	1.05328500935718e-11	DDX60L	c28
3.9736944217747e-07	1.81684155758991	0.129	0.048	0.0145441189531376	FLCN	c28
4.19460656249268e-07	1.81617679332725	0.165	0.071	0.0153526794793794	SLC35F5	c28
8.11753981758269e-08	1.81402866511301	0.118	0.039	0.00297110074863344	FARP2	c28
1.10697392517231e-21	1.80314295203444	0.324	0.107	4.05163526352316e-17	AGO3	c28
3.96026091310705e-09	1.8019086399687	0.094	0.024	0.000144949509680631	CSAD	c28
2.97916846700802e-10	1.80167552026642	0.088	0.02	1.09040545060961e-05	ZNF587	c28
5.94438543548258e-21	1.79459279933684	0.376	0.145	2.17570451324098e-16	BAZ2B	c28
1.15004204799911e-06	1.78982750578399	0.029	0.004	0.0420926889988153	NMUR1	c28
5.06347703173517e-14	1.78916555532101	0.241	0.087	1.85328322838539e-09	ZNF518A	c28
1.62382055746342e-09	1.78754673340522	0.2	0.081	5.94334562237188e-05	CRYBG3	c28
7.28911454910654e-07	1.78583436258751	0.094	0.03	0.0266788881611848	ZNF234	c28
9.07449391894316e-07	1.78543677773384	0.071	0.019	0.0332135551927239	TRIM66	c28
9.29430309532795e-10	1.78490555408735	0.165	0.058	3.40180787592098e-05	ARHGAP26	c28
1.98539927772684e-07	1.78032297306891	0.094	0.028	0.00726675989640799	DOT1L	c28
4.00258639375136e-07	1.77583299164443	0.206	0.1	0.0146498664597693	ATP6V0A1	c28
1.13955131945331e-18	1.77203201290787	0.247	0.073	4.17087178433106e-14	AVL9	c28
1.46436148259924e-19	1.76974745201071	0.324	0.116	5.35970946246148e-15	ZFYVE16	c28
1.12481014093213e-06	1.76801412906178	0.153	0.065	0.0411691759682568	MCTP1	c28
3.20430988409706e-23	1.76408221471092	0.276	0.077	1.17280946067836e-18	SUGP2	c28
7.21232673086856e-09	1.7618428374535	0.329	0.185	0.00026397837067652	CLEC7A	c28
2.07305000708576e-08	1.75995521898598	0.1	0.029	0.00075875703309346	ZBTB41	c28
9.74770005286193e-17	1.75448995796006	0.329	0.13	3.567755696348e-12	STAT2	c28
1.03256308457502e-07	1.75037126692398	0.094	0.028	0.00377928414585303	AC005670.3	c28
1.01585702632001e-06	1.74724103841035	0.106	0.036	0.0371813830203385	B3GALNT2	c28
9.22919057296109e-12	1.74056822767486	0.2	0.071	3.37797604160949e-07	C9orf72	c28
8.46138473820347e-09	1.73977625342619	0.212	0.092	0.000309695142802985	AL365361.1	c28
7.96049847732959e-10	1.73197304284078	0.124	0.036	2.9136220476874e-05	ZNF445	c28
8.0200031404983e-15	1.731802040537	0.165	0.043	2.93540134945378e-10	BRAF	c28
1.2460791950082e-07	1.73125578754718	0.2	0.091	0.00456077446164952	NRP1	c28
9.99096002855852e-08	1.73037373122805	0.159	0.063	0.00365679128005271	RAB11FIP2	c28
8.70711580178175e-31	1.72996456184614	0.565	0.241	3.18689145461014e-26	PARP14	c28
2.6174168210161e-08	1.72837557047306	0.2	0.086	0.000958000730660103	FAR1	c28
1.78460323656566e-10	1.71777874687259	0.253	0.111	6.53182630615398e-06	CPEB4	c28
5.21179989666038e-18	1.7144861085642	0.406	0.177	1.90757088017667e-13	VMP1	c28
4.66985455770812e-31	1.71316862871513	0.406	0.123	1.70921346666675e-26	POLR2J3	c28
1.45755086130243e-08	1.71220436411312	0.118	0.037	0.000533478190745302	ATXN7L3	c28
2.10313080845331e-29	1.70855869211334	0.429	0.143	7.69766907201997e-25	DDHD1	c28
3.40105506853377e-13	1.7081158879156	0.212	0.072	1.24482016563405e-08	MED13L	c28
1.09540458816249e-15	1.70135678993127	0.171	0.044	4.00929033313353e-11	PPP1R3E	c28
2.09777385747152e-09	1.70134777119914	0.135	0.043	7.67806209573151e-05	RAB11FIP4	c28
3.1337527891767e-07	1.70116812294197	0.153	0.062	0.0114698485836656	PIAS2	c28
4.56374509226319e-13	1.69786242862695	0.1	0.021	1.67037634121925e-08	PPP1R12B	c28
2.88244681685765e-08	1.6949366395414	0.147	0.053	0.00105500435943807	MTMR4	c28
2.82600679962826e-27	1.693280007541	0.606	0.298	1.03434674873194e-22	PLXDC2	c28
5.07909364470234e-07	1.68389640579821	0.147	0.059	0.018589990648975	ZNF331	c28
2.99618672662599e-10	1.68171550322719	0.247	0.107	1.09663430381238e-05	PSME4	c28
1.24660504779387e-09	1.6804719708756	0.229	0.099	4.56269913543034e-05	ZFYVE26	c28
1.11069841137751e-11	1.67706144821541	0.094	0.02	4.06526725548282e-07	AL158152.1	c28
4.47236877497024e-08	1.67439312097186	0.318	0.18	0.00163693169532686	INHBA	c28
3.42538043810935e-12	1.67268937695779	0.206	0.072	1.2537234941524e-07	PIKFYVE	c28
5.85925439884648e-40	1.67246929837983	0.729	0.342	2.1445457025218e-35	WSB1	c28
3.29991899996766e-07	1.67154440255498	0.124	0.044	0.0120780335317816	TSC1	c28
4.37108937004353e-07	1.66933349915565	0.141	0.055	0.0159986242032963	KANSL3	c28
4.55807776301791e-10	1.66770105817618	0.312	0.16	1.66830204204219e-05	ITGAX	c28
7.02958038101975e-11	1.66534265966322	0.047	0.006	2.57289671525704e-06	AC016831.1	c28
1.52744743697828e-10	1.66395617495271	0.088	0.02	5.5906103640842e-06	AC064807.1	c28
1.78636547411579e-07	1.66211704052773	0.212	0.102	0.00653827627181119	ARHGEF28	c28
2.42748959182145e-29	1.65652166306665	0.565	0.246	8.88485465502569e-25	OSBPL11	c28
2.19686987973452e-12	1.65569084754767	0.153	0.044	8.04076344681632e-08	PAXBP1	c28
5.67716281032272e-22	1.65372320198848	0.459	0.197	2.07789836020622e-17	CELF1	c28
6.10453572183562e-08	1.64815558335606	0.171	0.069	0.00223432111954906	DOCK7	c28
7.888782665346e-31	1.64557442900567	0.794	0.422	2.88737334334329e-26	MRC1	c28
8.00891418057059e-14	1.643791502336	0.335	0.151	2.93134267923064e-09	TAOK1	c28
6.62661501255293e-09	1.64006499162527	0.124	0.039	0.00024254073607445	TNK2	c28
1.22396391056807e-13	1.6361037693797	0.171	0.049	4.47983030907019e-09	MFSD14C	c28
6.79756693290303e-18	1.62929118210414	0.418	0.194	2.48797747311184e-13	ARAP1	c28
1.96636075859773e-08	1.62595198728316	0.094	0.026	0.000719707701254355	ZNF26	c28
1.11812327732628e-11	1.61488554278218	0.271	0.117	4.09244300734191e-07	MYO6	c28
1.32775678402857e-10	1.61410907021517	0.141	0.042	4.85972260522297e-06	FAM160A2	c28
3.32977113722801e-11	1.60596113893432	0.147	0.044	1.21872953393683e-06	RUFY2	c28
3.61329250613029e-30	1.60156520020857	0.665	0.323	1.32250119016875e-25	LRP1	c28
2.6728388967449e-11	1.60083855490044	0.253	0.104	9.78285764597599e-07	GPATCH2L	c28
2.00357290504117e-10	1.60040228798676	0.318	0.162	7.33327718974119e-06	MYOF	c28
2.93730152818486e-21	1.59600252949719	0.312	0.099	1.07508173233094e-16	HCG18	c28
1.19314308188543e-18	1.59111597096966	0.4	0.168	4.36702299400887e-14	ITPR2	c28
9.31573000227973e-07	1.58958551083226	0.059	0.014	0.034096503381344	ZNF510	c28
1.88938426658415e-11	1.58821229503752	0.2	0.071	6.91533535412463e-07	TET2	c28
1.03890892490917e-06	1.5842838382073	0.088	0.027	0.0380251055606007	ZNF248	c28
2.88508733849457e-09	1.58395437320068	0.124	0.037	0.00010559708167624	ENTPD1-AS1	c28
2.69172389505094e-08	1.58275475460806	0.253	0.126	0.000985197862827595	NRIP1	c28
2.36488715663013e-11	1.57898780121848	0.306	0.144	8.65572348198195e-07	SKIL	c28
4.8295754297283e-13	1.57857577453717	0.253	0.096	1.76767290303486e-08	VPS13D	c28
1.34242515231267e-07	1.57619107065148	0.1	0.031	0.0049134102999796	UBN2	c28
1.69162268615511e-17	1.5760766105338	0.512	0.285	6.19150819359632e-13	PDE4DIP	c28
1.7035380286373e-15	1.56976739841756	0.2	0.059	6.23511953861539e-11	DLEU2	c28
1.52382729267136e-13	1.56884033764305	0.188	0.058	5.57736027390644e-09	TUG1	c28
1.63344883962276e-12	1.56278238469047	0.376	0.195	5.97858609790327e-08	ADAM17	c28
9.51892263272403e-09	1.5573942040872	0.206	0.088	0.000348402087280332	VPS8	c28
6.70797425103425e-13	1.55496179858872	0.165	0.048	2.45518565562104e-08	ZNF141	c28
3.10891351880785e-09	1.54872710535233	0.1	0.027	0.000113789343701886	ERVK13-1	c28
7.66599871722445e-08	1.54150007512194	0.094	0.027	0.00280583219049132	DUSP16	c28
6.00562231562624e-09	1.53881248517784	0.112	0.032	0.000219811782374236	AC025171.2	c28
9.69348246946977e-07	1.53595514194127	0.265	0.15	0.0354791151865063	NRP2	c28
5.78008993448534e-09	1.53582905996891	0.224	0.098	0.000211557071692098	ARID1B	c28
6.83556264526163e-43	1.5331785220318	0.806	0.365	2.50188428379221e-38	SLC11A1	c28
2.67785169010137e-11	1.53279744619128	0.282	0.125	9.80120497094002e-07	MAP4K5	c28
3.2883923522165e-14	1.52456442782392	0.359	0.164	1.20358448483476e-09	CBL	c28
3.05262671519801e-14	1.52397307745796	0.335	0.148	1.11729190402962e-09	NHLRC3	c28
1.29567772366855e-14	1.52275877103578	0.288	0.112	4.74231003639925e-10	NBPF1	c28
5.07097714219718e-09	1.52186920031186	0.276	0.139	0.000185602834381559	RASSF4	c28
6.70504923499399e-09	1.51691438874492	0.218	0.095	0.000245411507050015	DNAJC13	c28
4.69709473412528e-08	1.51275410702186	0.165	0.064	0.00171918364363719	TMEM161B-AS1	c28
5.56423754251867e-07	1.50439086820535	0.188	0.087	0.0203656658293726	MAN2C1	c28
1.02066257992785e-12	1.50189716047905	0.382	0.199	3.73572710879393e-08	ACER3	c28
1.84254301117814e-11	1.49991995741046	0.235	0.093	6.74389167521312e-07	MED13	c28
6.76757554050393e-07	1.49725190200701	0.141	0.056	0.0247700032357984	ZNF76	c28
3.16032685257103e-08	1.49704481435848	0.118	0.038	0.00115671123130952	KIAA0355	c28
8.59456713441329e-08	1.489485744089	0.041	0.007	0.00314569751686661	ZDBF2	c28
6.1611934485467e-09	1.48943453513077	0.2	0.083	0.000225505841410258	RREB1	c28
8.75669842311461e-07	1.48761945526524	0.176	0.08	0.0320503918984418	MTMR3	c28
3.06242584923688e-28	1.48665881483569	0.865	0.488	1.12087848507919e-23	FN1	c28
9.37214156742855e-10	1.48608903541151	0.306	0.158	3.43029753509452e-05	MKNK1	c28
6.82586077392684e-10	1.48469000166411	0.271	0.126	2.49833330186496e-05	EHBP1L1	c28
2.97261112927394e-11	1.48464016691349	0.153	0.046	1.08800539942556e-06	CEP192	c28
3.06110850645839e-16	1.48406048506953	0.347	0.143	1.12039632444884e-11	GGA1	c28
3.38118596451268e-09	1.47991593542713	0.118	0.035	0.000123754787487129	TTLL3	c28
1.13284903994358e-07	1.47783243897462	0.182	0.078	0.0041463407710975	SMAD7	c28
3.57586736654744e-22	1.47590213624077	0.371	0.13	1.30880321483003e-17	KDM2A	c28
2.08535410556285e-18	1.47282195419265	0.441	0.201	7.63260456177057e-14	BOD1L1	c28
3.02113542737793e-11	1.47233117143944	0.129	0.035	1.1057657777746e-06	CCDC144A	c28
5.70556934116525e-10	1.47226427535441	0.282	0.134	2.08829543455989e-05	CLIP4	c28
2.35376202579216e-09	1.46945670081558	0.171	0.062	8.6150043906019e-05	PCNX4	c28
1.10126659627845e-07	1.46720653938687	0.153	0.059	0.00403074586903874	THOC1	c28
4.32302517955042e-08	1.46672156603551	0.135	0.047	0.00158227044596725	POLR1A	c28
5.38998449843822e-08	1.45726818724959	0.147	0.054	0.00197278822627337	PEX1	c28
1.07770111472848e-07	1.45600965115729	0.141	0.051	0.00394449385001772	EPM2AIP1	c28
9.85709255804559e-11	1.45524258883777	0.318	0.157	3.60779444717027e-06	CEP170	c28
1.5084983602916e-14	1.4509964524867	0.382	0.181	5.52125484850329e-10	BACH1	c28
9.7119450165449e-09	1.44968512514258	0.124	0.039	0.00035546689955056	RALGAPA2	c28
6.02457056953913e-13	1.44866214985992	0.347	0.166	2.20505307415702e-08	RAPGEF1	c28
8.69299988053513e-07	1.44739304132133	0.247	0.132	0.0318172488627466	PARP12	c28
1.34540846079294e-06	1.44636641896343	0.247	0.136	0.0492432950734823	ARHGEF10L	c28
2.7996171744257e-11	1.44589455273946	0.176	0.058	1.02468788201155e-06	N4BP2	c28
1.91695689728659e-07	1.4433396759006	0.082	0.023	0.00701625393975865	PPIP5K1	c28
2.32732653817609e-07	1.44224591459767	0.2	0.093	0.00851824786237831	SLC12A9	c28
5.24177470821193e-12	1.44132256761898	0.429	0.239	1.91854196095265e-07	ABCG1	c28
2.9428148716034e-22	1.44126250592546	0.482	0.213	1.07709967115556e-17	CHD9	c28
1.94090240901147e-09	1.44064238802251	0.194	0.077	7.10389690722287e-05	JAK2	c28
2.40169544502056e-10	1.44060263472042	0.4	0.233	8.79044549831976e-06	STAC	c28
7.24993681938607e-13	1.43548900826261	0.271	0.106	2.6535493752635e-08	SETD5	c28
1.78303102889861e-09	1.43121299657004	0.224	0.096	6.52607186887179e-05	ANKRD28	c28
2.99962828228639e-08	1.42957849935497	0.176	0.071	0.00109789394759964	SETDB2	c28
1.52133207093958e-11	1.42631363334017	0.3	0.138	5.56822751284595e-07	MEF2A	c28
2.11653018141019e-09	1.42562313851239	0.335	0.183	7.74671211697945e-05	RBM47	c28
1.10698288697973e-14	1.42496925866053	0.424	0.216	4.05166806463452e-10	STX7	c28
1.07545161025444e-08	1.42274632714279	0.147	0.052	0.000393626043869228	AC108134.3	c28
7.35421614118573e-24	1.41865306901536	0.512	0.226	2.69171664983539e-19	SETX	c28
2.87448117029598e-12	1.41115999487544	0.312	0.14	1.05208885314003e-07	ATG16L2	c28
1.05021993991547e-06	1.40767009290361	0.259	0.144	0.0384391000208461	ALCAM	c28
8.91032122180336e-15	1.40726190401526	0.253	0.088	3.26126667039225e-10	RAB3GAP2	c28
2.93613656129411e-07	1.40625397955187	0.135	0.05	0.0107465534279926	CCDC84	c28
4.32565668273101e-18	1.39933943670053	0.488	0.246	1.58323360244638e-13	SVIL	c28
1.0765966054238e-10	1.3836013544386	0.312	0.153	3.94045123551165e-06	DICER1	c28
1.85182098042266e-14	1.38330046141564	0.4	0.192	6.77784997044498e-10	TRIM38	c28
8.35562048890165e-07	1.38100651661635	0.194	0.092	0.0305824065514289	TOR1AIP2	c28
6.84484865103e-08	1.37762996008203	0.2	0.088	0.00250528305476349	EIF4G3	c28
5.54814314917941e-08	1.37315442839538	0.341	0.205	0.00203067587403115	HIPK2	c28
4.63189495932827e-12	1.37004746578596	0.388	0.206	1.69531987406374e-07	CERT1	c28
2.86186384108689e-08	1.368655204219	0.153	0.057	0.00104747078447621	ZMYM6	c28
3.63904728080027e-09	1.36626611342111	0.118	0.035	0.000133192769524571	ANKS3	c28
2.56725034255779e-07	1.36621953664068	0.271	0.149	0.00939639297879575	TNS3	c28
4.33008619436243e-07	1.36600315444464	0.318	0.192	0.0158485484799859	ACO1	c28
2.51652853530099e-10	1.36537480274429	0.259	0.113	9.21074609205514e-06	CREBBP	c28
6.32666514127418e-14	1.36509069782007	0.376	0.174	2.31562270835776e-09	XAF1	c28
3.38404429354967e-07	1.36424352776211	0.112	0.038	0.0123859405188212	DGKH	c28
2.06043034919828e-12	1.362265335228	0.259	0.102	7.54138112110062e-08	CAMK2D	c28
2.23480509229824e-07	1.36164591283761	0.224	0.11	0.00817961011832079	ARHGAP31	c28
2.51830161231497e-09	1.35903206003451	0.2	0.08	9.21723573123401e-05	TECPR1	c28
3.65819845586663e-09	1.35847224651215	0.241	0.109	0.000133893721683174	SPIDR	c28
8.53718344132476e-08	1.35837681827038	0.076	0.019	0.00312469451135927	ZBED6	c28
2.19298631277258e-07	1.35519313075004	0.182	0.079	0.00802654920337892	MSL1	c28
2.54406604444301e-07	1.35334008484107	0.176	0.075	0.00931153612926585	SEC24B	c28
5.04135110390935e-12	1.34883580702266	0.388	0.203	1.84518491754186e-07	DOCK11	c28
1.99409393358352e-07	1.34486785693231	0.235	0.117	0.00729858320630904	ATP2A2	c28
3.52411718720962e-18	1.34324418779249	0.476	0.229	1.28986213169059e-13	KMT2C	c28
3.62386175074356e-08	1.34322940072516	0.282	0.149	0.00132636963938965	RNFT1	c28
6.32703976994307e-09	1.3426655379475	0.235	0.105	0.000231575982619686	CRTC3	c28
6.03702113317226e-07	1.34241867905697	0.171	0.074	0.0220961010495238	DNMT3A	c28
1.12085880727485e-08	1.34090477678339	0.171	0.065	0.000410245532050668	TSC2	c28
1.31719734748234e-06	1.33897942528674	0.2	0.096	0.0482107401152011	SP1	c28
1.44527280392999e-08	1.33655028588047	0.288	0.151	0.000528984298966417	TRIO	c28
3.1718419396268e-10	1.3331768592787	0.241	0.101	1.16092586832281e-05	VCPIP1	c28
4.23928249049966e-07	1.32938742637237	0.112	0.038	0.0155161978434778	RANBP10	c28
8.55959566079217e-07	1.32827189888898	0.206	0.099	0.0313289760780654	WWP2	c28
3.74529392460341e-08	1.32753131313044	0.124	0.04	0.00137081502934409	SNHG14	c28
1.09875103992669e-11	1.32492402536049	0.312	0.143	4.02153868123568e-07	PKN2	c28
1.16827195334278e-08	1.32458527466645	0.194	0.079	0.00042759921764299	WDR60	c28
2.1461582855026e-07	1.32396841083995	0.218	0.105	0.00785515394076807	SLC25A13	c28
2.80073428692122e-09	1.320094999043	0.124	0.037	0.000102509675635603	D2HGDH	c28
4.42822255907694e-10	1.31953218194955	0.329	0.169	1.62077373884775e-05	C6orf62	c28
5.33056045844208e-14	1.31090517521095	0.376	0.177	1.95103843339439e-09	AFF4	c28
7.0471176785014e-11	1.31025970966968	0.235	0.095	2.5793155415083e-06	MAF	c28
9.11743750382658e-13	1.30470125963021	0.159	0.045	3.33707330077557e-08	ZNF808	c28
2.45465808329963e-11	1.3039373326635	0.365	0.187	8.98429405068496e-07	DENND4C	c28
3.20044901048365e-09	1.29897072627994	0.188	0.073	0.000117139634232712	ATR	c28
1.23827825535218e-06	1.29600172083386	0.118	0.043	0.045322222424145	GMDS-DT	c28
1.01791380402816e-07	1.29171792375782	0.135	0.048	0.00372566631412347	ZFY	c28
2.825198095058e-08	1.28380368007272	0.147	0.053	0.00103405075477218	PIP5K1A	c28
3.68831304941396e-19	1.28264603968613	0.529	0.266	1.34995945921601e-14	VPS13C	c28
1.62478449296931e-26	1.28169840221497	0.712	0.391	5.94687372271695e-22	N4BP2L2	c28
6.84685318577922e-09	1.28099538914742	0.206	0.085	0.000250601673452705	MKLN1	c28
2.99394580583228e-09	1.27752854396595	0.276	0.134	0.000109581410439267	MAP3K2	c28
3.39972421694719e-12	1.27571768240305	0.224	0.08	1.24433306064484e-07	SHPRH	c28
5.04806008116664e-09	1.27497082087478	0.212	0.09	0.00018476404703078	TIAM1	c28
1.53683703194556e-10	1.27238180969732	0.229	0.092	5.62497722062393e-06	REV3L	c28
2.54501965204791e-07	1.2714617591761	0.235	0.116	0.00931502642846055	CCDC93	c28
8.95439571653534e-15	1.27027833229824	0.259	0.091	3.2773983762091e-10	NFATC2IP	c28
1.62534952912283e-10	1.2693062330536	0.359	0.193	5.94894181154246e-06	SLFN11	c28
3.02979290537144e-09	1.26743860350282	0.294	0.147	0.0001108934501295	CALCOCO1	c28
7.31517467827018e-09	1.26379965373796	0.206	0.086	0.000267742708399367	INPP4A	c28
2.69818478092542e-17	1.2633129946782	0.606	0.338	9.87562611666515e-13	PNPLA6	c28
9.23122180501529e-08	1.26323918528327	0.112	0.036	0.00337871949285365	IKZF2	c28
2.64609282558337e-20	1.25659584696378	0.365	0.131	9.68496435091769e-16	KANSL1	c28
6.70996045970669e-08	1.25658598687511	0.194	0.084	0.00245591262785724	SMG5	c28
8.66781636368895e-17	1.2548972965431	0.3	0.107	3.17250746727379e-12	MON2	c28
6.06377368670162e-13	1.25367907762065	0.459	0.26	2.21940180706966e-08	FKBP15	c28
8.02739789687581e-09	1.25208889340227	0.218	0.093	0.000293810790423552	SLF2	c28
1.39022547696484e-07	1.25062935823892	0.076	0.02	0.00508836426823902	AC092683.1	c28
3.98377145765895e-08	1.24947883866602	0.224	0.102	0.00145810019121775	RBM5	c28
8.68335179736463e-07	1.24838020171392	0.176	0.078	0.0317819359135343	IL6R	c28
2.37697158595467e-08	1.24818413116289	0.247	0.117	0.000869995370175268	PURA	c28
1.99039835261048e-09	1.24470984452017	0.288	0.14	7.28505701038962e-05	TMEM63A	c28
4.60637002637523e-07	1.24414942950737	0.194	0.088	0.016859774933536	CCDC88B	c28
2.30617145343195e-09	1.23775751339912	0.324	0.171	8.44081813670626e-05	LYST	c28
1.36314296526939e-08	1.23109384711123	0.276	0.139	0.000498923956718249	MYO5A	c28
6.29967797577436e-09	1.2306201952893	0.194	0.079	0.000230574513591317	AHI1	c28
2.11596520512351e-08	1.22659787898055	0.312	0.168	0.000774464424727255	SLC6A6	c28
2.68644482598263e-08	1.22312545618245	0.276	0.142	0.0009832656707579	SPG11	c28
3.90556555595994e-09	1.22223205484321	0.241	0.108	0.00014294760491369	DIAPH2	c28
4.33945224629644e-07	1.22043147820854	0.176	0.077	0.0158828291666696	ATP11B	c28
3.32755172264798e-08	1.21919275194628	0.229	0.106	0.00121791720600639	HERC4	c28
1.03070858031971e-09	1.21662763106086	0.4	0.236	3.77249647482818e-05	DOCK2	c28
1.29345148920916e-08	1.21168810777273	0.353	0.206	0.000473416179565444	PDXK	c28
2.94520840007918e-11	1.21132056697102	0.353	0.179	1.07797572651298e-06	CLIP1	c28
2.18147797619592e-07	1.20839654227831	0.224	0.107	0.00798442754067467	RASA1	c28
5.36064183248059e-11	1.20831920106008	0.176	0.058	1.96204851710622e-06	NBPF19	c28
2.85181501815265e-13	1.19933690256695	0.324	0.138	1.04379281479405e-08	JPX	c28
4.45726389369899e-11	1.19023259269584	0.4	0.222	1.63140315773277e-06	RUNX1	c28
3.83026849128906e-15	1.18124355046996	0.453	0.231	1.40191657049671e-10	SAMD9L	c28
5.23640044946922e-07	1.17768367130312	0.188	0.084	0.0191657492851023	TOB2	c28
9.78913619114074e-07	1.17713206025623	0.176	0.079	0.0358292173731942	MAVS	c28
3.32792819416474e-09	1.17687284811937	0.212	0.088	0.000121805499834624	ATXN2	c28
6.70229419830923e-55	1.17376821469181	0.994	0.938	2.45310669952316e-50	MT-ND3	c28
1.22256939668421e-10	1.17128519301744	0.306	0.144	4.47472624880387e-06	NIN	c28
1.39766023032521e-52	1.16860167401844	1	0.906	5.11557620901331e-48	MT-ND2	c28
2.65834883747391e-07	1.16857835450504	0.118	0.04	0.00972982258003825	RAD51-AS1	c28
7.31692258556428e-12	1.16656042481025	0.424	0.227	2.67806683554238e-07	ANKRD11	c28
1.6131402769368e-07	1.16475091981437	0.129	0.046	0.00590425472761639	TTC13	c28
3.79277208920962e-07	1.16082077099229	0.171	0.072	0.0138819251237161	CYP4V2	c28
9.08026033496741e-11	1.15789385370078	0.453	0.271	3.32346608520142e-06	ZNF207	c28
2.8306750397877e-12	1.15725849226932	0.235	0.086	1.0360553713127e-07	RALGAPA1	c28
2.30429085831249e-08	1.15514516000851	0.241	0.112	0.000843393497050955	EP300	c28
7.60226318278894e-09	1.15512817364038	0.141	0.048	0.000278250434753258	TRMT11	c28
1.83072758081621e-10	1.15443979219179	0.306	0.146	6.70064601854541e-06	TRIM56	c28
1.65399743377856e-13	1.15337537682685	0.488	0.281	6.0537960073729e-09	RRBP1	c28
6.56469746628969e-27	1.15040484800782	0.671	0.335	2.40274491963669e-22	DYNC1H1	c28
7.58487300673866e-08	1.14808769577809	0.218	0.099	0.00277613936919642	ATXN2L	c28
5.57650506452774e-08	1.1470182575877	0.224	0.102	0.0020410566186678	WDFY2	c28
6.67199241958906e-07	1.14436909520439	0.212	0.102	0.0244201594549379	HEATR5B	c28
3.66165140802086e-09	1.14429121927003	0.353	0.195	0.000134020103184971	LPP	c28
1.58258148834798e-08	1.14292902081913	0.276	0.138	0.000579240650550245	CHD8	c28
1.51582332899278e-08	1.1409784916182	0.294	0.152	0.000554806496644647	NUFIP2	c28
3.95716767107416e-08	1.13379490062245	0.165	0.063	0.00144836293928985	TRIM52	c28
3.38850076627747e-12	1.13334289483092	0.353	0.168	1.24022516546522e-07	SPAG9	c28
3.0079509685417e-10	1.13049074502524	0.324	0.162	1.10094013399595e-05	PHACTR2	c28
3.78609040037170e-11	1.13041680645324	0.124	0.032	1.38574694744005e-06	LINC-PINT	c28
6.09709845874725e-17	1.12836152298448	0.671	0.433	2.23159900688608e-12	TLN1	c28
1.48371809608077e-10	1.12634875031593	0.265	0.112	5.43055660346524e-06	PHC3	c28
4.14790265343235e-12	1.12620024825108	0.441	0.247	1.51817385018278e-07	GOLGB1	c28
6.48473779293431e-12	1.12608906784871	0.353	0.168	2.37347887959189e-07	RBM6	c28
2.44305093234849e-20	1.12316667965031	0.665	0.391	8.94181071748872e-16	DOCK8	c28
4.70071362346022e-19	1.12299109967486	0.541	0.265	1.72050819332268e-14	CCNL1	c28
2.72077202139714e-10	1.1227840788157	0.471	0.272	9.95829767551566e-06	TFRC	c28
1.63464439259879e-08	1.115554917744	0.453	0.284	0.000598296194135081	CD163	c28
2.27537873540324e-07	1.11547333186716	0.153	0.06	0.00832811370944939	RLF	c28
3.64234317112034e-09	1.11415071629801	0.229	0.098	0.000133313402406175	KLHL9	c28
7.9668336473752e-07	1.11172513566081	0.253	0.134	0.029159407832758	GRIPAP1	c28
6.85158163549476e-15	1.10989367080353	0.412	0.194	2.50774739440744e-10	NSD1	c28
1.67752650482275e-62	1.10944326598477	1	0.996	6.13991476030173e-58	MT-CO1	c28
2.57576488763302e-10	1.1078912909911	0.194	0.071	9.42755706522562e-06	CCDC14	c28
6.86278623434072e-22	1.10684593458069	0.494	0.206	2.51184838963105e-17	NKTR	c28
5.12072549910694e-07	1.10673307685131	0.2	0.092	0.0187423673992813	DMXL1	c28
2.45062076436432e-07	1.10644735442918	0.288	0.157	0.00896951705964985	UBR4	c28
7.12926429972519e-08	1.10446480115207	0.447	0.297	0.00260938202634242	TCIRG1	c28
1.17863146050975e-14	1.10320134155271	0.494	0.265	4.31390900861174e-10	JMJD1C	c28
1.78500619489468e-07	1.0983967934573	0.265	0.138	0.00653330117393402	DGLUCY	c28
4.34773596263793e-07	1.09703525122277	0.129	0.047	0.0159131483968511	FAM126B	c28
3.88122269257422e-13	1.09413853792799	0.441	0.231	1.42056631770909e-08	CHD2	c28
4.59817568804372e-07	1.09214539916449	0.106	0.035	0.0168297828358088	ATG2B	c28
4.14577317664295e-09	1.08837534044986	0.194	0.076	0.000151739444038309	YTHDC2	c28
4.66748421174303e-12	1.08593069496442	0.418	0.222	1.70834589634006e-07	SSH2	c28
6.61143561189625e-07	1.08477852089421	0.241	0.124	0.0241985154831015	ARFGEF1	c28
1.35397426231829e-06	1.08472301210465	0.171	0.074	0.0495568119751118	MIB2	c28
1.06108491490617e-18	1.0845182003392	0.559	0.286	3.88367689704807e-14	PCM1	c28
4.15122528549165e-07	1.08317614659187	0.194	0.087	0.015193899667428	SLMAP	c28
1.37972208679234e-20	1.0823272770408	0.576	0.29	5.04992080986866e-16	MYO1F	c28
1.15524406979743e-10	1.08134531060035	0.465	0.28	4.22830881986556e-06	PRKDC	c28
1.34297357713309e-07	1.07612715609018	0.288	0.156	0.00491541758966482	XIAP	c28
2.03384645773767e-14	1.07600431596327	0.382	0.174	7.44408141996563e-10	ASH1L	c28
7.86418984239973e-07	1.07583021709803	0.188	0.086	0.0287837212421672	ARIH1	c28
3.42681647521719e-12	1.07421788267872	0.347	0.159	1.25424909809425e-07	TTC14	c28
7.50373980332602e-11	1.07292779219447	0.265	0.112	2.74644380541536e-06	ITCH	c28
5.08078770466796e-57	1.07001827774814	1	0.952	1.85961910778552e-52	MT-ND1	c28
1.4207216943875e-08	1.0687024436453	0.276	0.136	0.00051999834736277	UBR5	c28
5.05163405153543e-11	1.06561987352637	0.329	0.158	1.84894857920248e-06	HERC2	c28
1.40975392441184e-15	1.06503687610001	0.335	0.132	5.15984033873979e-11	KIAA1109	c28
3.92014881423208e-24	1.06358185547217	0.865	0.624	1.43481366749708e-19	AHNAK	c28
4.55336431220667e-07	1.06189746884897	0.365	0.233	0.0166657687191076	EEA1	c28
4.22389454663067e-61	1.05773948988793	1	0.992	1.54598764301229e-56	MT-CO3	c28
6.23715426239198e-12	1.05564144922646	0.224	0.08	2.28286083157809e-07	PARP15	c28
1.52500810811952e-16	1.05549405556912	0.388	0.161	5.58168217652824e-12	SPG7	c28
1.30477964830802e-08	1.05441648809171	0.212	0.089	0.000477562399077219	LTN1	c28
1.08294893559887e-06	1.05248730140831	0.247	0.131	0.0396370139918542	ARHGEF2	c28
1.23097873284822e-06	1.05237179932429	0.329	0.203	0.0450550526009779	ARHGAP10	c28
2.40101632437633e-09	1.04998722315998	0.194	0.075	8.78795984884982e-05	DIP2B	c28
1.44633723516216e-07	1.04924254551933	0.271	0.14	0.00529373891441701	EDEM3	c28
3.44779618679088e-20	1.04560503809739	0.624	0.35	1.26192788232733e-15	AKAP9	c28
3.68618725407902e-07	1.04550240518612	0.3	0.17	0.0134918139686546	ARID1A	c28
2.66101038943933e-25	1.04424136855369	0.835	0.535	9.7395641263869e-21	EML4	c28
1.77313607258547e-09	1.04361493346586	0.247	0.108	6.4898553392701e-05	SERINC5	c28
3.07409553055424e-62	1.04302382925541	1	0.995	1.12514970513816e-57	MT-CO2	c28
2.27148650471595e-07	1.04264160918719	0.288	0.155	0.00831386775591085	FAM111A	c28
1.86604775155609e-12	1.04039370465979	0.494	0.296	6.82992137547045e-08	MIS18BP1	c28
3.04315133525164e-16	1.03587445952215	0.259	0.083	1.11382382021545e-11	ANKRD36	c28
3.77919645046373e-10	1.03491348668829	0.118	0.032	1.38322369283423e-05	TRIM73	c28
1.92094277957883e-18	1.03311778670071	0.641	0.378	7.03084266753649e-14	SCAF11	c28
4.06349663236844e-08	1.02552516076198	0.418	0.259	0.00148728040241317	CTNNB1	c28
1.64677842764792e-07	1.02326475564212	0.212	0.097	0.00602737372303417	SNX29	c28
1.53908729720957e-07	1.02318416853543	0.294	0.16	0.00563321341651676	SMAD2	c28
3.36917276811918e-07	1.02294837831336	0.324	0.193	0.012331509248593	EHD4	c28
2.97028232222597e-12	1.01800468481952	0.394	0.196	1.08715303275793e-07	BIRC6	c28
1.02626118691885e-11	1.01777573487093	0.229	0.084	3.75621857024168e-07	CREBZF	c28
1.27679250190892e-07	1.01706909397513	0.341	0.202	0.00467318823623684	STAT6	c28
5.07933823264234e-07	1.01697735746356	0.253	0.13	0.0185908858652942	MDM2	c28
1.51584109748853e-07	1.01590445056673	0.265	0.134	0.00554813000091776	SPATA13	c28
3.84368138762348e-07	1.01423021480482	0.141	0.054	0.0140682582468407	CEP95	c28
1.43115480740387e-10	1.01264079113897	0.276	0.121	5.23816971057892e-06	FAM13B	c28
5.59114950559822e-07	1.00772093460691	0.188	0.084	0.02046416630544	AFF1	c28
4.31661657669222e-09	1.00580806695851	0.288	0.139	0.000157992483323512	THUMPD3-AS1	c28
1.17763544397413e-06	1.00429052614041	0.259	0.141	0.0431026348848971	YIPF4	c28
1.09297260412358e-06	1.00371350848723	0.206	0.099	0.040003890283527	KIAA2026	c28
9.94980305828385e-55	1.00325218307034	1	0.991	3.64172741736247e-50	MT-CYB	c28
8.47487540244028e-07	1.00237069736698	0.282	0.158	0.0310188914604717	KIAA0100	c28
8.53805932760684e-49	1.00031510473367	0.988	0.928	3.12501509449738e-44	MT-ND4	c28
1.83982541374701e-09	0.999249726648584	0.294	0.142	6.73394499685544e-05	NUTM2A-AS1	c28
2.33659677184151e-48	0.998652499743674	1	0.973	8.5521778446171e-44	MT-ATP6	c28
8.80530623945846e-07	0.99793815643132	0.159	0.066	0.0322283013670419	RIC1	c28
1.34403013030762e-06	0.996860906183091	0.171	0.074	0.0491928467993891	TAB2	c28
4.87859984167837e-10	0.995226023445507	0.265	0.115	1.7856163280527e-05	TRPM7	c28
5.67489817659977e-07	0.99344266383455	0.265	0.142	0.0207706948161728	ABR	c28
6.58502379515228e-07	0.99311284498837	0.153	0.062	0.0241018455926369	MYSM1	c28
2.07898888378083e-27	0.990793701227344	0.829	0.529	7.6093072135262e-23	RNF213	c28
3.06752233138066e-07	0.990649996038502	0.165	0.067	0.0112274384850864	HEATR1	c28
4.98747465140303e-12	0.989312808538242	0.276	0.112	1.82546559716002e-07	KAT6B	c28
1.65128146555805e-10	0.98683997598338	0.371	0.195	6.04385529208902e-06	UBE2G2	c28
7.29073875868175e-07	0.985439377683204	0.235	0.119	0.0266848329306511	KRIT1	c28
4.46499506876899e-14	0.975394622116038	0.465	0.241	1.63423284512014e-09	PHIP	c28
1.24303290911873e-10	0.975161171992419	0.259	0.108	4.54962475066547e-06	CDK13	c28
1.79256884974912e-41	0.97181398723441	0.994	0.906	6.56098124696674e-37	MT-ND5	c28
2.82974426787387e-11	0.970601621254669	0.218	0.08	1.03571469948451e-06	IKBKB	c28
4.83296532866273e-14	0.969867087007611	0.653	0.399	1.76891363994384e-09	CYBB	c28
4.21642131910063e-08	0.969837724036121	0.388	0.234	0.00154325236700402	FMNL1	c28
5.71850296868795e-13	0.967428557904182	0.453	0.239	2.09302927156948e-08	ANKHD1	c28
3.97955899439226e-08	0.966459319116444	0.3	0.157	0.00145655838753751	EHMT1	c28
7.67624156686971e-11	0.96515382640683	0.324	0.151	2.80958117588998e-06	SAMD9	c28
3.33834781336101e-24	0.963620640372608	0.782	0.451	1.22186868316826e-19	DDX17	c28
1.72166815741271e-15	0.962840520427119	0.435	0.204	6.30147762294626e-11	SMG1	c28
6.95356309603382e-07	0.961343780230956	0.171	0.073	0.0254507362877934	VPS13B	c28
1.83806165567917e-10	0.961082621334668	0.559	0.349	6.72748946595132e-06	ARHGAP18	c28
3.06233706357503e-10	0.960537306312431	0.194	0.07	1.1208459886391e-05	NFAT5	c28
1.12631750251587e-11	0.958064509187353	0.235	0.088	4.12243469095832e-07	CCNT2	c28
1.60415997454702e-08	0.957717353432868	0.182	0.071	0.000587138592283953	ITPR1	c28
2.77669644441674e-18	0.956627416547607	0.712	0.452	1.01629866562097e-13	RNF149	c28
8.96890963860876e-07	0.956204005593454	0.235	0.12	0.0328271061682719	KIDINS220	c28
3.97362853202239e-07	0.953921043675298	0.241	0.119	0.0145438777900551	NLRP1	c28
5.02207341176704e-08	0.953693705183981	0.282	0.142	0.00183812908944085	MARCH7	c28
3.27510275157261e-07	0.95133666628665	0.318	0.18	0.0119872035810309	GIT2	c28
3.01846896527266e-08	0.943205687065251	0.388	0.228	0.00110478982597945	ANAPC5	c28
1.19237118052197e-12	0.940499172136694	0.406	0.2	4.36419775782845e-08	OGA	c28
4.72068917557956e-07	0.934671078189664	0.194	0.087	0.0172781944515388	ZNF91	c28
9.67990242770134e-10	0.934341466250291	0.412	0.237	3.54294108756297e-05	GGA2	c28
1.79526625985271e-09	0.930394969010236	0.371	0.204	6.57085403768692e-05	HUWE1	c28
8.42565061395719e-09	0.930303058278534	0.324	0.171	0.000308387238121447	ENOSF1	c28
5.91433029854351e-32	0.92910402003081	0.965	0.746	2.16470403256991e-27	MT-ATP8	c28
2.4954533295964e-08	0.922048798259691	0.265	0.128	0.000913360873165579	SPEN	c28
8.44638261415285e-11	0.917690361397234	0.535	0.352	3.09146050060608e-06	NCKAP1L	c28
3.79769236846583e-07	0.916474784551652	0.312	0.177	0.0138999338378218	CRYBG1	c28
1.8723104594196e-14	0.916113502927016	0.541	0.303	6.85284351252169e-10	USP15	c28
1.92773037877621e-07	0.915610653305743	0.153	0.059	0.00705568595935881	EDRF1	c28
2.74498743591148e-07	0.912242338107221	0.347	0.209	0.0100469285141796	TACC1	c28
3.10261797041245e-10	0.912086224599627	0.347	0.175	1.13558920335066e-05	BAZ2A	c28
1.35883165948916e-07	0.911726115099716	0.341	0.198	0.00497345975689626	HOOK3	c28
6.17062075511973e-07	0.904755177361836	0.365	0.224	0.0225850890258137	BRD4	c28
3.10550773845751e-08	0.903096607155569	0.312	0.164	0.00113664688735283	USP4	c28
2.9495837188151e-20	0.901714680401695	0.706	0.397	1.07957713692352e-15	RSRP1	c28
4.93132663287012e-07	0.901287017153952	0.218	0.104	0.0180491486089679	TENT2	c28
2.06587156642868e-08	0.900804978038257	0.265	0.128	0.000756129652028559	PRDM2	c28
7.37529492499876e-08	0.89394702716426	0.182	0.074	0.0026994316954988	RICTOR	c28
4.26426342935734e-07	0.89387167459029	0.194	0.087	0.0156076305777908	UBR1	c28
1.42939667631349e-09	0.893148467421066	0.206	0.08	5.23173477497499e-05	PMS1	c28
6.45150666141511e-11	0.890414021636507	0.376	0.192	2.36131595314454e-06	SMARCA2	c28
6.49671501588752e-08	0.888129162729989	0.306	0.163	0.00237786266296499	HERC1	c28
3.53459404248702e-09	0.88722948470569	0.465	0.295	0.000129369676549067	GLG1	c28
6.54730781354262e-12	0.873559035040085	0.259	0.1	2.39638013283473e-07	MDM4	c28
3.71973631480048e-09	0.871720545625352	0.412	0.242	0.000136146068858013	ITSN2	c28
9.75733966371598e-09	0.867047880476808	0.359	0.202	0.000357128389031669	TRIP12	c28
1.79936368803949e-08	0.866027624860546	0.259	0.124	0.000658585103459333	TUT7	c28
1.15147715117644e-08	0.865099616302819	0.429	0.263	0.000421452152102088	GTF2I	c28
2.37434941863693e-07	0.864855338298683	0.424	0.279	0.00869035630715303	CLTC	c28
1.20419059871789e-07	0.863510335365199	0.165	0.065	0.00440745801036735	ZNF75A	c28
2.64985702630775e-12	0.863231612453973	0.559	0.326	9.69874170198901e-08	ALOX5	c28
2.14200772820628e-07	0.862798035420078	0.218	0.099	0.0078399624860078	RAPGEF6	c28
5.64072249122904e-17	0.861272227773629	0.512	0.25	2.06456083901474e-12	ATM	c28
1.37505084801849e-08	0.860843930048075	0.288	0.142	0.000503282360883249	SETD2	c28
2.39890112810815e-15	0.859747180799261	0.553	0.302	8.78021801898864e-11	TTC3	c28
9.54008770608596e-09	0.858893895489384	0.194	0.077	0.000349176750130452	UTY	c28
7.45667682686687e-10	0.858336454484997	0.141	0.043	2.72921828540154e-05	PATL2	c28
2.36086483123917e-07	0.856970404728192	0.259	0.13	0.0086410013688185	CREB1	c28
6.86967358907799e-08	0.854226122506556	0.394	0.241	0.00251436923033844	KDM5A	c28
4.32759903873787e-08	0.851199298945358	0.329	0.177	0.00158394452416845	FAM133B	c28
8.87883386326742e-07	0.848864174798794	0.224	0.108	0.0324974198229451	NUTM2B-AS1	c28
2.35684975248096e-08	0.848404449215373	0.241	0.11	0.000862630577905555	GLS	c28
4.98937207112284e-16	0.848247921604485	0.724	0.464	1.82616007175167e-11	MT-ND6	c28
4.24518923123108e-08	0.844642005714251	0.329	0.18	0.00155378171052289	GSK3B	c28
1.86943833369069e-48	0.841841217917292	1	0.94	6.84233124514131e-44	MT-ND4L	c28
4.26463083245013e-09	0.840165077675254	0.429	0.257	0.000156089753098507	ZC3H13	c28
8.64225707652955e-10	0.828837122083899	0.382	0.208	3.16315251258058e-05	HECTD1	c28
1.24477597390969e-07	0.825655866040119	0.394	0.247	0.00455600454210684	MAP4	c28
2.97809050828458e-07	0.814862390531755	0.418	0.271	0.0109001090693724	ADAM10	c28
6.23233631787731e-08	0.813420375012427	0.329	0.182	0.00228109741570628	CNTRL	c28
1.83000674108571e-13	0.811828803583296	0.518	0.29	6.6980076730478e-09	CYTH1	c28
3.90941310529257e-17	0.805543835843591	0.659	0.393	1.43088429066813e-12	RBM25	c28
9.98668191776820e-09	0.80460894568173	0.376	0.216	0.000365522544872234	CEP350	c28
7.49768151896783e-07	0.804187383823997	0.312	0.175	0.0274422641275741	SECISBP2	c28
4.23660366982539e-07	0.799373003162468	0.265	0.137	0.0155063930919279	FRYL	c28
2.23874550552851e-07	0.798285571515196	0.153	0.059	0.00819403242478492	ZNF493	c28
9.71288552588624e-18	0.797090139773493	0.741	0.468	3.55501323132962e-13	IQGAP1	c28
3.1767292256299e-07	0.79279873549185	0.376	0.23	0.011627146638728	PIAS1	c28
1.01797519074373e-10	0.792692415647537	0.459	0.263	3.72589099564113e-06	NIPBL	c28
9.64923996065738e-07	0.790590301303166	0.229	0.115	0.0353171831800021	ATXN1	c28
1.13740053445994e-06	0.789438134403728	0.276	0.149	0.0416299969617681	PCSK7	c28
7.06743700114946e-08	0.789251672388751	0.276	0.138	0.00258675261679071	RBM33	c28
2.45907437092881e-10	0.788722099849025	0.441	0.251	9.00045810503653e-06	PRPF4B	c28
7.1633044881031e-07	0.781106027854518	0.276	0.146	0.0262184107569062	BRWD1	c28
7.14619429084008e-08	0.775406677956923	0.182	0.074	0.00261557857239038	MDN1	c28
1.47843466861538e-18	0.773811849311386	0.835	0.584	5.41121873059914e-14	SON	c28
8.06109267052192e-07	0.769757654703832	0.447	0.305	0.0295044052833773	ATP2B1	c28
5.5790395951345e-37	0.766007627297067	1	0.971	2.04198428221518e-32	MALAT1	c28
3.71818760420365e-09	0.764053392877168	0.518	0.317	0.000136089384501458	PPARG	c28
1.22641867100998e-07	0.755747523247389	0.165	0.064	0.00448881497776362	ANKRD36C	c28
2.83625548923598e-08	0.755142404382625	0.3	0.152	0.00103809787161526	USP10	c28
3.8223281871771e-07	0.75459204754587	0.229	0.109	0.0139901033978869	CLK1	c28
7.51907651596612e-07	0.754264850106029	0.341	0.201	0.0275205719560876	ZNF638	c28
5.01363559046809e-07	0.754210465821005	0.276	0.146	0.0183504076246723	SFSWAP	c28
2.14498936955804e-07	0.754078497809067	0.459	0.303	0.00785087559151938	GCC2	c28
2.84685321889754e-10	0.752942785512593	0.588	0.354	1.04197674664869e-05	GSN	c28
5.52177352589593e-10	0.749736831095063	0.353	0.176	2.02102432821317e-05	ZNF292	c28
4.65291585023604e-12	0.747177457822113	0.6	0.395	1.70301373034489e-07	EIF3A	c28
1.48866031823664e-07	0.746433597406887	0.553	0.396	0.00544864563077792	APLP2	c28
3.12228844862892e-08	0.746127960874367	0.353	0.199	0.00114278879508267	ARID4A	c28
5.11589944460908e-10	0.744618516501863	0.571	0.387	1.87247035572137e-05	ROCK1	c28
1.68190620746734e-08	0.740162232409809	0.153	0.053	0.000615594490995122	TGFBR3	c28
3.83578208191667e-10	0.739842980981713	0.565	0.387	1.40393459980232e-05	SRRM2	c28
1.50154885001653e-08	0.738038744642988	0.341	0.18	0.000549581894594551	DOCK10	c28
1.38657559098201e-10	0.736030657546687	0.506	0.317	5.07500532055325e-06	TAOK3	c28
5.1019816592624e-07	0.735512606853194	0.371	0.224	0.0186737630710663	ACIN1	c28
7.21492160715526e-07	0.728801023478584	0.382	0.238	0.026407334574349	REL	c28
2.80132930661995e-08	0.718109803222891	0.541	0.371	0.00102531453951597	H2AFY	c28
7.7772439214074e-07	0.715723930523185	0.388	0.245	0.0284654904767432	TRIM14	c28
1.28421234403027e-07	0.714707584343683	0.482	0.326	0.0047003456003852	DIAPH1	c28
2.93245846408879e-13	0.71459891402577	0.488	0.255	1.07330912244114e-08	PNN	c28
1.54964938659691e-09	0.710773795248539	0.335	0.166	5.67187171988335e-05	ZFC3H1	c28
2.53413862865851e-07	0.710710980668698	0.406	0.258	0.00927520079475301	NRDC	c28
3.90293998675351e-09	0.706340388877277	0.441	0.266	0.000142851506455165	WNK1	c28
2.36772092875107e-09	0.705590633142941	0.476	0.289	8.66609537132177e-05	CFLAR	c28
8.03797748166675e-13	0.703874763396152	0.429	0.211	2.94198013806485e-08	KMT2A	c28
1.22349132409129e-07	0.70288812446416	0.376	0.226	0.00447810059530653	ST3GAL1	c28
3.96165499346271e-11	0.70072537772564	0.741	0.543	1.45000534415729e-06	SAMHD1	c28
1.18977869607937e-07	0.696926068055072	0.159	0.06	0.00435470900552009	ANKRD36B	c28
9.20683808396639e-07	0.693955697826035	0.394	0.25	0.0336979480711254	PTBP3	c28
1.21241654474503e-16	0.693130566561536	0.888	0.635	4.4375657954213e-12	LRRFIP1	c28
9.92517303865953e-10	0.692945949605534	0.6	0.364	3.63271258387977e-05	MSR1	c28
1.61858718074686e-14	0.691987992133128	0.694	0.437	5.92419094025159e-10	MPHOSPH8	c28
1.43531244665897e-09	0.689501198955063	0.406	0.224	5.25338708601649e-05	BDP1	c28
3.21732738996964e-08	0.685867416963589	0.424	0.258	0.00117757399800279	LNPEP	c28
4.93375838492715e-08	0.685654152804469	0.318	0.164	0.00180580490646719	ATF7IP	c28
6.21657916303494e-07	0.683425155459889	0.147	0.056	0.0227533013946242	SLAMF6	c28
7.53893285092773e-07	0.682769891180202	0.388	0.243	0.0275932481276806	G3BP1	c28
7.99135627398902e-07	0.681048571351507	0.159	0.065	0.0292491630984272	SMG6	c28
6.18064837435647e-13	0.677244784249754	0.459	0.237	2.26217911149821e-08	MACF1	c28
3.76522166569734e-08	0.676746760150898	0.529	0.359	0.00137810878186188	PLEC	c28
1.34938834169844e-07	0.674186024876206	0.288	0.149	0.00493889626945044	DGKZ	c28
1.49963963726459e-09	0.668211878014265	0.418	0.229	5.48883103635212e-05	USP34	c28
1.86736153520394e-08	0.66422333332771	0.282	0.138	0.000683472995499994	UBR2	c28
2.80421235024925e-08	0.664078146315662	0.335	0.179	0.00102636976231473	CHD1	c28
1.09602528206108e-06	0.658652240372027	0.441	0.295	0.0401156213487175	RAB11FIP1	c28
1.42224731529524e-13	0.651679595188245	0.271	0.098	5.20556739871209e-09	ARAP2	c28
7.60954081984532e-07	0.650191361037268	0.3	0.164	0.0278516803547159	TUT4	c28
1.08170838468753e-07	0.646087190741788	0.588	0.414	0.00395916085879482	SPN	c28
3.4749466201481e-08	0.645781253024601	0.259	0.121	0.0012718652124404	PDE3B	c28
3.79562933870272e-07	0.644202563755178	0.465	0.308	0.0138923829425858	SLTM	c28
1.63482524998816e-12	0.6441889244775	0.641	0.413	5.98362389748165e-08	NCOR1	c28
2.28059850199274e-09	0.640778308066813	0.476	0.286	8.34721857714361e-05	SPTAN1	c28
1.09482318048785e-06	0.636218500821691	0.471	0.323	0.0400716232290358	BCLAF1	c28
2.05268833401335e-10	0.635810969048485	0.624	0.434	7.51304457132228e-06	AKAP13	c28
2.75273948737586e-09	0.635755896749955	0.794	0.593	0.000100753017977444	FLNA	c28
7.30265920018128e-10	0.633625757246587	0.453	0.263	2.67284629385835e-05	BPTF	c28
5.74312623640923e-14	0.632595321492336	0.782	0.461	2.10204163378814e-09	LTA4H	c28
6.10183786741503e-07	0.628123047928178	0.329	0.187	0.0223333367785257	RBBP6	c28
7.17976825922575e-07	0.621342165998176	0.312	0.175	0.0262786698055922	DNAJB14	c28
9.5351596771237e-07	0.604723558498998	0.294	0.16	0.0348996379342405	C5orf56	c28
9.20769188031464e-10	0.590880546240719	0.482	0.282	3.37010730511396e-05	MYCBP2	c28
9.75553693588477e-13	0.589138620677252	0.706	0.477	3.57062407390318e-08	TCF25	c28
7.20237370052469e-12	0.579049866196191	0.841	0.532	2.63614079812904e-07	SAT1	c28
2.04618327254663e-07	0.5642068759182	0.571	0.417	0.0074892353958479	ACAP2	c28
7.81387809590207e-08	0.561771805668703	0.412	0.235	0.00285995752188112	FNBP4	c28
7.70565785097387e-07	0.560197842542081	0.418	0.264	0.0282034783003495	AAK1	c28
5.90508822203113e-09	0.554387050927256	0.718	0.552	0.000216132134014562	CAST	c28
6.91881030538414e-10	0.537804489200998	0.647	0.448	2.53235375987365e-05	MBNL1	c28
7.94920669112704e-07	0.535982817196942	0.194	0.086	0.0290948914101941	LINC00623	c28
8.73485072913744e-13	0.532574771892389	0.747	0.504	3.1970427153716e-08	FUS	c28
1.78109386183489e-07	0.527766972364528	0.488	0.326	0.00651898164370187	STAT3	c28
2.76145786597421e-08	0.520190852808876	0.471	0.285	0.00101072119352522	CELF2	c28
1.0764483173846e-06	0.513611952995204	0.835	0.626	0.0393990848645939	PSAP	c28
1.11997149470061e-06	0.505638282515763	0.529	0.383	0.040992076677537	CD46	c28
3.33348922669236e-07	0.505283959714046	0.265	0.131	0.0122009039186167	GABPB1-AS1	c28
8.63376656074479e-09	0.504544767299897	0.647	0.465	0.00031600448988982	ANKRD12	c28
3.22821159594751e-13	0.501928378559787	0.718	0.445	1.18155772623275e-08	PNISR	c28
1.55973946083983e-07	0.50027099366	0.271	0.129	0.00570880240061986	THEM4	c28
4.73257345091604e-08	0.495169923719402	0.629	0.447	0.00173216920876978	HP1BP3	c28
2.71273402315881e-12	0.466133102981048	0.712	0.455	9.92887779816357e-08	SF1	c28
3.92127566343443e-07	0.456081493750175	0.459	0.281	0.0143522610557364	ARHGEF1	c28
5.81216260518202e-09	0.450793511762603	0.641	0.432	0.000212730963512267	PRMT2	c28
1.09867184136738e-08	0.44705113538995	0.771	0.572	0.000402124880658874	MYH9	c28
4.99231470177792e-11	0.439434497934481	0.782	0.418	1.82723710399774e-06	MS4A7	c28
1.29841373922358e-08	0.416895248496896	0.624	0.414	0.000475232412693221	ARGLU1	c28
3.0459350977409e-07	0.409352363339264	0.665	0.491	0.0111484270512415	EIF4G2	c28
3.29194178361755e-07	0.406075484070711	0.6	0.435	0.0120488361222186	SRSF11	c28
6.87759996437729e-08	0.402914347831868	0.694	0.525	0.00251727036296173	PRRC2C	c28
2.87453368803645e-08	0.386343563906212	0.606	0.414	0.00105210807515822	MBP	c28
1.32263317031471e-06	0.363621797354847	0.165	0.068	0.0484096966666886	GOLGA8B	c28
1.15928464355775e-06	0.352924555194491	0.271	0.137	0.0424309772388573	AC004687.1	c28
1.34327329026189e-06	0.338361142317948	0.794	0.657	0.0491651456968753	EVL	c28
8.25702051518346e-23	0.26341711662845	0.988	0.885	3.0221520787623e-18	MTRNR2L12	c28
9.31161018461148e-07	0.256574795425665	0.535	0.353	0.0340814244366965	EPC1	c28
2.87599431010052e-13	0.239935791775323	0.518	0.269	1.05264267743989e-08	MTRNR2L8	c28
3.86176020026506e-07	0.239156303427673	0.488	0.277	0.0141344285089901	FLT3LG	c28
9.25887711146465e-08	0.105286136420845	0.759	0.474	0.00338884161156718	LTB	c28
0.00608029606023781	4.74503044752093	0.012	0.002	1	DNAAF3	c28
0.000471799345072314	4.62872871050471	0.012	0.001	1	GK3P	c28
4.56446273644935e-06	4.58950793493244	0.012	0.001	0.167063900616783	FLG-AS1	c28
7.06643143796457e-05	4.39531338316226	0.012	0.001	1	C1orf220	c28
0.000426056766265925	4.35812807438015	0.012	0.001	1	ZNF311	c28
0.000472833828317877	4.34295681853451	0.012	0.001	1	AL162390.1	c28
1.73905308479075e-05	4.28088294669811	0.012	0.001	0.636510819564262	AL022069.1	c28
1.73235663759236e-06	4.22065116821568	0.018	0.002	0.0634059852925178	AC246817.1	c28
0.00640991476157388	4.15050060589624	0.012	0.002	1	AC145343.1	c28
0.000938273862325207	-4.05710490316576	0	0.061	1	C12orf49	c28
2.11110172940245e-05	3.98351245820301	0.012	0.001	0.772684343978591	GRIN2A	c28
0.000639155341077531	3.9767859102366	0.012	0.002	1	AC092802.1	c28
0.0102333376320368	3.96922487174859	0.012	0.002	1	FGL1	c28
2.84381854537601e-05	3.96732441155839	0.018	0.002	1	AC116667.1	c28
0.00745529017612808	3.94159708944695	0.012	0.002	1	RAPSN	c28
0.000474389521208869	3.94037950849257	0.012	0.001	1	MARVELD2	c28
0.0196886649844153	3.89478973979599	0.012	0.003	1	AC010737.1	c28
0.000145947120662958	3.86752641911707	0.012	0.001	1	DCAF4L1	c28
0.000380745779321918	3.85992228649214	0.018	0.003	1	C2orf91	c28
1.429261152908e-05	3.84637167749275	0.012	0.001	0.523123874575857	AC006504.1	c28
1.42304566389381e-05	3.80763713777635	0.012	0.001	0.520848943441773	SEMA6A-AS1	c28
9.45891207501265e-05	3.8031969151208	0.018	0.003	1	AC092368.3	c28
1.15211406776979e-05	3.796766174292	0.012	0.001	0.421685269944421	PTPN3	c28
0.348615388587368	-3.75317280968008	0.006	0.014	1	TRBV10-3	c28
3.4694004791824e-06	3.71258035356202	0.018	0.002	0.126983526938555	TMED2-DT	c28
0.0177467145088881	3.6766459196304	0.012	0.003	1	PAPLN	c28
0.00316006698678265	-3.66283419324973	0	0.049	1	SERPINF1	c28
0.00177199826067161	3.66267606779066	0.012	0.002	1	AC116913.1	c28
0.112486483416276	-3.65135614640579	0	0.015	1	RRM2	c28
6.06771343419162e-05	3.63942713880967	0.012	0.001	1	AC009163.7	c28
0.0619556991330465	-3.63932942386667	0	0.02	1	RAB39B	c28
0.000243000847371774	3.63116732060122	0.012	0.001	1	AC092139.1	c28
0.000190194060615711	3.62101239615584	0.012	0.001	1	ZBTB44-DT	c28
9.27907393772072e-06	3.60849574473118	0.018	0.002	0.339623385194516	AP000919.4	c28
1.02773967079503e-05	3.59818722055167	0.018	0.002	0.37616299690769	ZNF860	c28
0.000899267537572665	3.59765818246424	0.018	0.003	1	AL356056.2	c28
4.0987623633995e-05	3.58794523003691	0.018	0.002	1	AL845472.1	c28
0.000110860617169203	3.56837656773466	0.012	0.001	1	AC005072.1	c28
0.109969485291593	3.55397123099762	0.012	0.004	1	SMTN	c28
0.000997906655289842	3.53480332356241	0.018	0.003	1	TPTE2	c28
0.090447476606884	-3.5203876089511	0	0.017	1	ITPRIPL1	c28
2.14190563649917e-05	3.51982695376607	0.018	0.002	0.78395888201506	MSS51	c28
0.0078026793316687	3.51830235734727	0.012	0.002	1	MYBPC3	c28
0.00152218932832357	3.50837040841022	0.012	0.002	1	TPTE	c28
0.000477515241085962	3.49272422172872	0.012	0.001	1	AL354892.3	c28
2.34869776605654e-06	3.49141627659067	0.018	0.002	0.0859646869354355	AF131215.5	c28
1.74244000562833e-05	3.48417752198194	0.012	0.001	0.637750466460023	HGF	c28
0.0003415556302148	3.46900094397323	0.018	0.003	1	DPH6-DT	c28
7.14126976441687e-05	3.46599498436224	0.012	0.001	1	AL353719.1	c28
2.092967655807e-06	3.46512011546249	0.024	0.003	0.0766047091701919	Z95115.1	c28
0.000528276194182679	3.46511739491988	0.012	0.001	1	PALD1	c28
8.19886438687663e-06	3.46210150817601	0.018	0.002	0.300086635424071	TM4SF19-AS1	c28
0.00426243927436129	3.4612791455502	0.035	0.012	1	AC091182.1	c28
3.69995953559047e-05	3.4507171448816	0.012	0.001	1	GOLGA8O	c28
0.0140328569505376	3.44837072920891	0.018	0.005	1	NR6A1	c28
0.097501730494568	3.44644853671707	0.012	0.004	1	DOCK6	c28
0.114102319639723	-3.4449981883751	0	0.014	1	UBE2C	c28
0.001203910339558	3.43719833970488	0.012	0.002	1	SCX	c28
3.60780625986247e-06	3.43419484745631	0.012	0.001	0.132049316917226	LINC02739	c28
0.000165564234320305	-3.42274434634032	0.006	0.087	1	AF127936.2	c28
0.00109608293536843	3.41307597717115	0.018	0.003	1	C6orf99	c28
1.47949240560771e-06	3.41134664617602	0.053	0.012	0.0541509015376478	SYTL4	c28
0.0312811587212799	3.4023383468025	0.012	0.003	1	OR2A1-AS1	c28
7.14126976502103e-05	3.40093945987209	0.012	0.001	1	AC087294.1	c28
2.67741840215037e-06	3.38803017555194	0.035	0.006	0.0979961909371056	AC004918.1	c28
3.59339271969247e-06	3.38263558608569	0.012	0.001	0.131521766933464	AL133367.1	c28
0.000583824325292985	3.38148808822393	0.012	0.001	1	TAPT1-AS1	c28
0.0195709574058771	3.3747197406214	0.024	0.008	1	SSC4D	c28
0.0980153119014381	-3.37170276185689	0	0.016	1	TNFAIP6	c28
0.000526851354054554	3.36272970478395	0.012	0.001	1	ZNF252P-AS1	c28
0.000346474225853429	3.35203409821792	0.012	0.001	1	AC087533.1	c28
0.00308483342451346	3.35049946227747	0.012	0.002	1	AC135507.1	c28
0.00612568276544255	3.33650232598229	0.012	0.002	1	AC034102.6	c28
0.00220507448604178	3.33385279969853	0.029	0.008	1	MALRD1	c28
4.53126913371386e-06	3.3190917038418	0.018	0.002	0.165848981563061	AC007336.1	c28
0.026234113281781	3.30300626239647	0.012	0.003	1	PRRT4	c28
0.00250429868279179	3.302526557154	0.018	0.004	1	TNKS1BP1	c28
4.64071934654981e-06	3.30008225557696	0.012	0.001	0.16985496880307	AC025171.5	c28
0.000436324574765378	3.29728634094924	0.024	0.005	1	CADPS2	c28
0.00114755792430621	-3.28833987711022	0.006	0.069	1	AC020656.1	c28
0.000704949416243649	3.2779850978388	0.029	0.007	1	AC010210.1	c28
0.00559730911227485	3.27612307380827	0.024	0.006	1	AC022509.1	c28
0.000583824325292985	3.25696717923181	0.012	0.001	1	WDR97	c28
0.109997174174383	-3.24905266369805	0	0.015	1	TRGV5	c28
0.0303336828757606	3.24307103935618	0.012	0.003	1	AC090796.1	c28
0.00647039316759181	3.23062767215872	0.012	0.002	1	AC069224.1	c28
5.91382723403194e-06	3.22986232403471	0.012	0.001	0.216451990592803	AC069243.1	c28
0.138150560204123	-3.22516768742553	0	0.013	1	GPR18	c28
0.00577262652327245	3.22200270550476	0.018	0.004	1	P4HA3	c28
0.00111105304204492	3.21960745400454	0.012	0.002	1	PLGLB1	c28
0.00764396062476173	3.21622127935836	0.024	0.007	1	STK36	c28
0.00141244869373736	3.21542822760985	0.012	0.002	1	LINC01624	c28
0.000128527670331696	3.20696548405931	0.012	0.001	1	AC107027.3	c28
0.176731999436293	3.20359250214267	0.012	0.005	1	SNAI2	c28
0.000584603021610326	3.1946422545904	0.012	0.001	1	FZD8	c28
0.000307427063765356	3.18889643101571	0.012	0.001	1	TAS2R4	c28
0.0188449251379096	3.18095075865655	0.018	0.005	1	AC023449.2	c28
5.38081824884794e-06	3.17800818264588	0.029	0.005	0.196943328726083	ZSCAN20	c28
0.00308225219651323	3.17785545232314	0.012	0.002	1	LRRC69	c28
0.0022149392452638	3.17432651216015	0.012	0.002	1	AL592148.3	c28
0.0157259398217799	-3.16205348950129	0.006	0.044	1	C12orf29	c28
0.0182050383776515	-3.16018609815061	0	0.032	1	EFNA4	c28
0.0884775586116166	-3.15352743249424	0	0.017	1	TPX2	c28
0.000244085510829624	3.15119294087033	0.012	0.001	1	AL160291.1	c28
0.000708710964310888	3.1507750294346	0.012	0.002	1	CACNA1A	c28
0.00715163040482723	3.14985729184845	0.012	0.002	1	PTPN20	c28
2.58508895533877e-05	3.14960465185032	0.012	0.001	0.946168408543542	NPTXR	c28
9.87876874564683e-05	3.13307896916503	0.029	0.006	1	HIST2H3PS2	c28
0.0154082676051555	-3.13171872393217	0	0.033	1	S100P	c28
1.06151539511752e-05	3.12874248381153	0.029	0.005	0.388525249766965	LINC00937	c28
0.000648134245079353	3.12824313173972	0.012	0.002	1	KCNJ2-AS1	c28
2.11247402168739e-06	3.12471379339818	0.012	0.001	0.0773186616677803	AC026471.4	c28
0.0184726579707334	3.12187072055725	0.012	0.003	1	MIR181A2HG	c28
0.000636848243748345	3.11063233307762	0.018	0.003	1	RGPD8	c28
0.00237349034257647	3.10623879930904	0.012	0.002	1	AL512343.2	c28
0.000585070703413859	3.10308098816684	0.012	0.001	1	AC004000.1	c28
0.00383741389833344	3.10264651696623	0.018	0.004	1	ADGRD1	c28
0.00130730366833939	3.07872960999556	0.012	0.002	1	AC138207.4	c28
0.0526443407352441	3.07728845543751	0.012	0.003	1	AC112220.2	c28
0.0137350359475922	3.07208718420665	0.012	0.002	1	ZNF233	c28
0.144681017130669	3.06896150064953	0.012	0.004	1	APBA1	c28
2.11639526010161e-06	3.0665685358933	0.012	0.001	0.0774621829149792	LCN10	c28
2.28016684282435e-05	3.05816959890607	0.029	0.005	0.834563866142141	THAP9	c28
3.0941851197195e-05	3.05084206456774	0.012	0.001	1	AC084824.5	c28
9.34551447256618e-06	3.04991545766974	0.012	0.001	0.342055175210395	AC008870.2	c28
0.238383577069307	3.04868070498785	0.018	0.009	1	PLB1	c28
0.0367467142362123	3.04825612212634	0.012	0.003	1	FAT3	c28
7.39620296324689e-06	3.0297941368587	0.018	0.002	0.2707084246578	Z94721.3	c28
0.000281272412828933	3.02537115115874	0.035	0.009	1	LINC00899	c28
2.12684752173716e-06	3.02088755479441	0.024	0.003	0.0778447461431017	HYMAI	c28
9.77545530930839e-05	3.00609807260979	0.024	0.004	1	LINC02615	c28
0.000778166514966023	2.99079760892111	0.012	0.002	1	AC108066.2	c28
0.132253116468813	2.98691605991589	0.012	0.004	1	STON2	c28
0.000263733791436759	2.98682058829414	0.024	0.005	1	AC097709.1	c28
0.108541195606632	2.98595700606593	0.012	0.004	1	TMEM217	c28
0.139013760440417	-2.98420837943898	0	0.013	1	CARMIL2	c28
0.185662038968601	-2.97774375952359	0	0.01	1	TMEM200A	c28
0.000647963751399193	2.95520332195769	0.012	0.002	1	AC092142.1	c28
0.206188557710776	-2.94352824661534	0.006	0.019	1	TYMS	c28
0.0367328705403664	2.938871809334	0.012	0.003	1	BX322234.1	c28
0.00175637277153499	2.93872634812448	0.018	0.003	1	PHLDB1	c28
0.180528651460984	2.93660416150051	0.012	0.005	1	LINC01220	c28
0.00280077996329769	2.93299995010575	0.018	0.004	1	SCNN1A	c28
0.000148102888843707	2.93166567751552	0.035	0.009	1	LRP8	c28
0.0349283567081602	2.93075408043154	0.012	0.003	1	CAVIN4	c28
0.0112561603850271	2.93072072749328	0.012	0.002	1	PRR4	c28
0.00102280352633133	2.92468827419796	0.012	0.002	1	C22orf15	c28
0.293116685815261	2.92350126083365	0.012	0.006	1	CELSR1	c28
0.0562257679872348	2.91053576828312	0.012	0.003	1	LPIN3	c28
0.000409658364194902	2.91030379620379	0.018	0.003	1	TNK2-AS1	c28
0.165403734687977	2.90782327130248	0.012	0.005	1	POLQ	c28
0.000648475357580399	2.90678434470925	0.012	0.002	1	MAP6D1	c28
2.89636751378609e-05	2.90477917267004	0.018	0.002	1	AC112496.1	c28
4.74252886431936e-05	2.90335039379901	0.024	0.004	1	AL031595.3	c28
7.16313706218151e-05	2.90227293310789	0.012	0.001	1	AC103706.1	c28
0.0116248637939344	-2.89765031684015	0	0.036	1	AC025048.4	c28
0.804500479065427	2.89719165042059	0.012	0.01	1	MAGIX	c28
0.00968124447505347	2.89600374342786	0.029	0.01	1	CCDC40	c28
0.0374794098915366	-2.89566257253425	0.006	0.035	1	ASB6	c28
8.17399330967328e-05	2.88595802004371	0.018	0.002	1	DMGDH	c28
4.66302041564376e-06	2.88491238393399	0.012	0.001	0.170671210232977	LINC00565	c28
6.33339886055781e-05	2.87761162098332	0.047	0.013	1	ICOSLG	c28
0.190240359133392	2.87212259855147	0.012	0.005	1	FRMPD1	c28
7.74755402685673e-11	-2.87160573579111	0.041	0.264	2.83568224936983e-06	CSTA	c28
0.0100710897597551	-2.86997436276146	0	0.038	1	AC092809.2	c28
0.000635887774955694	2.86752982852375	0.029	0.007	1	CCIN	c28
0.000309242470996444	2.86366281827314	0.018	0.003	1	AC093627.5	c28
0.0784284706381307	2.84867254384712	0.012	0.004	1	AC022075.1	c28
0.000649158083633157	2.84417777609299	0.012	0.002	1	HRH4	c28
1.16567623490417e-05	2.83924601305549	0.012	0.001	0.426649158737274	EDRF1-AS1	c28
0.00154364800575612	2.8381737024973	0.012	0.002	1	AC097634.1	c28
0.00104620335894201	2.83068305826291	0.018	0.003	1	AL031775.1	c28
3.55254228997184e-06	2.82943230953887	0.018	0.002	0.130026600355259	GOLGA8N	c28
0.0001039048553011	2.82554406175752	0.018	0.003	1	ADAM23	c28
0.0129958613328523	-2.82180513075307	0	0.035	1	C17orf58	c28
7.18018873408188e-05	2.82078815953582	0.012	0.001	1	AL356966.1	c28
0.00376461980330455	2.81801155928981	0.012	0.002	1	AC144831.1	c28
0.0784521527123024	2.81745550146475	0.012	0.004	1	CENPI	c28
2.05996185267874e-06	2.81522588825674	0.018	0.002	0.0753966637698947	AC005837.1	c28
6.14571595468965e-05	2.8150533911587	0.012	0.001	1	GOLGA8R	c28
0.0101665641182172	-2.80896097885044	0	0.037	1	WWTR1	c28
0.00156386517354898	2.79814137860191	0.018	0.003	1	AGAP4	c28
0.000209235911535303	2.79311458495415	0.018	0.003	1	TDRD9	c28
0.00199876287366344	2.7927955246772	0.018	0.004	1	DNM1	c28
4.5126995137581e-05	2.78897652524418	0.024	0.004	1	LINC02391	c28
0.0177759953880512	2.78844223881635	0.012	0.003	1	EXOC3L4	c28
0.0505876642980009	2.78576952982046	0.012	0.003	1	AC092068.1	c28
0.00045918945482988	2.77921175634627	0.018	0.003	1	CRYGS	c28
0.00754255335901034	2.77788887503346	0.012	0.002	1	TLR9	c28
0.135877462798798	-2.77783440816357	0	0.013	1	TMEM25	c28
5.71181532730466e-05	2.77345935344217	0.071	0.024	1	CREB5	c28
0.000172408966003766	2.77133794196806	0.024	0.004	1	AC012291.3	c28
0.045674447728185	-2.76324983595175	0.006	0.033	1	MANEA	c28
0.139013760442542	-2.76253872742303	0	0.013	1	AC103591.3	c28
0.00363978641072056	2.75598466002816	0.029	0.009	1	PRRG1	c28
0.00120867482862848	2.75589239584608	0.018	0.003	1	AC004477.1	c28
1.96458446458368e-06	2.75482329347394	0.024	0.003	0.0719057559882272	ZNF285	c28
0.137008813650751	-2.75218089001992	0	0.013	1	HIST1H2BN	c28
1.76357961604789e-05	2.74990970146398	0.012	0.001	0.645487775269689	AL591043.2	c28
0.137730013821436	2.74761685864745	0.012	0.004	1	ADNP-AS1	c28
0.0421398351221329	2.74296099045205	0.024	0.009	1	AC134312.1	c28
0.000528650251081221	2.73423661031102	0.029	0.007	1	ZNF324B	c28
2.56523106296729e-06	2.73144667803603	0.029	0.005	0.0938900221356658	AC136475.5	c28
0.0166325375304001	2.71287791682908	0.012	0.003	1	AC124947.1	c28
0.000586788518398257	2.70940393651592	0.012	0.001	1	RGPD5	c28
0.00241508800526283	2.7018254016693	0.024	0.006	1	AC083862.2	c28
0.18046219122046	2.69674177275036	0.012	0.005	1	GPT2	c28
4.11184485461319e-05	2.68956967258528	0.029	0.006	1	AC017083.1	c28
0.000347561012358687	2.68860709692757	0.012	0.001	1	AC011978.2	c28
0.00191908351079083	2.68600723503597	0.018	0.004	1	AC078845.1	c28
1.47185649418527e-06	2.68429160952268	0.065	0.017	0.0538714195436751	ULK1	c28
0.00229607947949881	2.68349015724405	0.024	0.006	1	SATB2	c28
7.73871487160821e-06	2.67907884566737	0.024	0.003	0.283244703015732	FSIP1	c28
0.00034636311547459	2.67723047298612	0.018	0.003	1	SLC25A34	c28
2.66116427693832e-05	2.67579813639101	0.018	0.002	0.974012737002193	AP000866.6	c28
0.000205400607833565	2.67483055986134	0.065	0.023	1	TMEM144	c28
0.198539255467193	2.67375760528271	0.012	0.005	1	BACE1-AS	c28
5.27045770480648e-05	2.66941776537804	0.047	0.013	1	SYNGAP1-AS1	c28
0.295813439260448	2.66934018021471	0.012	0.006	1	SPTBN5	c28
0.000311266865515843	2.66700429199963	0.012	0.001	1	AP001453.1	c28
2.88896817933419e-05	2.66433665509067	0.029	0.006	1	AHNAK2	c28
0.142788154821686	2.66170335685295	0.018	0.008	1	SPINDOC	c28
0.00251655098760901	2.65769920650117	0.047	0.017	1	SPIRE2	c28
0.00499314879750293	2.65675644724843	0.012	0.002	1	LEAP2	c28
0.000129103367898786	2.65577412483097	0.012	0.001	1	AL606807.1	c28
0.0127660871169968	2.65249254446356	0.012	0.002	1	TSPAN10	c28
0.000577932231987046	2.65193673896443	0.018	0.003	1	DND1	c28
0.0757525206466055	-2.65183573252942	0	0.018	1	TCF19	c28
0.00016810020712245	2.647558622953	0.065	0.023	1	RGL3	c28
2.40306824336845e-06	2.64465370554584	0.059	0.015	0.0879547007755288	ZFAT	c28
0.00125221122342298	2.64287437753033	0.018	0.003	1	AC024270.5	c28
0.000639686373722464	2.6424754499676	0.018	0.003	1	PRDM11	c28
0.192225454181402	2.64213969930727	0.012	0.005	1	ZBED8	c28
0.0370259553486907	2.64176758044149	0.018	0.006	1	CAPS2	c28
0.0148004214442049	2.64074343703818	0.018	0.005	1	AC104506.1	c28
0.0304700284446211	2.63962197710761	0.012	0.003	1	ANK1	c28
0.00138413066522602	2.63413338795741	0.018	0.003	1	AC012063.1	c28
0.000150513130835646	2.6339972909805	0.018	0.003	1	TMEM202-AS1	c28
0.0107735367403287	2.63252595543087	0.024	0.007	1	ASMTL-AS1	c28
0.00383072341341568	2.63136150209337	0.041	0.015	1	RUSC2	c28
0.0655867950499545	-2.62949684978873	0	0.02	1	DOLPP1	c28
6.49026487361244e-05	2.62839837042539	0.018	0.002	1	IER3-AS1	c28
1.28416616298367e-05	2.62593669401903	0.024	0.004	0.470017657313652	AC068205.2	c28
0.0193462457523259	2.62342809934055	0.018	0.005	1	AC135050.6	c28
0.00211726824767614	2.62291327560708	0.029	0.008	1	ZNF532	c28
7.74985574446079e-05	2.62114155175016	0.024	0.004	1	AC020978.7	c28
0.0877744730452092	-2.61804575235209	0.006	0.027	1	DHRS13	c28
0.00734584572175176	2.61792488864334	0.018	0.004	1	LINC01719	c28
0.00166189490938117	-2.61717416566541	0.006	0.066	1	CAVIN3	c28
0.0757391889777285	2.61704881752229	0.012	0.004	1	POGLUT2	c28
0.0409430445700676	-2.61667387650503	0	0.024	1	CMC4	c28
0.196952894632755	2.61560936544463	0.012	0.005	1	AL359644.1	c28
1.83195510469297e-05	-2.60706151408639	0.024	0.138	0.670513887868675	MSRB1	c28
0.0145026310375261	-2.60595824535493	0	0.034	1	RNFT1-DT	c28
0.00192552734124022	2.60409892238176	0.018	0.004	1	AL078587.2	c28
0.156726423248959	2.60388021840558	0.018	0.008	1	AC069368.2	c28
0.00296599713017027	2.58829654177958	0.024	0.006	1	ACOT11	c28
0.105521727354638	2.58469100389633	0.012	0.004	1	ZNF697	c28
0.16791860655547	-2.57934302741719	0	0.011	1	HIST2H2AB	c28
0.00067414248272427	2.57577925225812	0.018	0.003	1	PPP1R32	c28
0.0154642155995315	2.57565769873974	0.012	0.002	1	AL035587.1	c28
1.40608138439329e-06	2.57379321223065	0.065	0.017	0.051463984750179	ZNF347	c28
0.176348711774586	-2.57234441755705	0	0.011	1	ATG9B	c28
0.061229926865946	2.57154516934195	0.012	0.003	1	PRNCR1	c28
0.0250111014785234	-2.56915232132331	0	0.029	1	C16orf95	c28
0.00125404865736843	2.56867016770299	0.029	0.008	1	GLIS3	c28
0.000766033279603125	2.5681581850289	0.029	0.007	1	AL121985.1	c28
0.0361928799928626	-2.56616985982114	0	0.025	1	RSPO3	c28
0.986910084608372	2.55851167028426	0.012	0.012	1	AC093627.4	c28
5.96755878711358e-05	2.5575717206771	0.071	0.024	1	RNF217	c28
7.29711741044932e-05	2.55341681893277	0.029	0.006	1	AL391807.1	c28
4.39800124257921e-05	2.55237517894953	0.076	0.027	1	ST5	c28
0.0260274885699682	-2.54864800666823	0.012	0.048	1	C19orf48	c28
2.59628220168891e-06	2.54689831828586	0.082	0.026	0.0950265248640159	NAV1	c28
0.00299637970079357	2.54636871349138	0.035	0.011	1	ZNF516	c28
2.65088566424361e-06	2.54341517314881	0.094	0.032	0.0970250661969802	TFCP2L1	c28
0.0122458334605927	2.54233933099079	0.012	0.002	1	TRPV1	c28
0.00585181888237408	2.54210197594977	0.012	0.002	1	APOBEC3A	c28
5.15445787551554e-06	-2.54138677432144	0.453	0.512	0.188658312701744	CCL18	c28
0.151317638080517	2.54059337605028	0.024	0.012	1	LINC01226	c28
0.00948439861227495	2.53554946177453	0.012	0.002	1	SLX1A	c28
0.0163897081303761	2.52833292202088	0.018	0.005	1	IGSF10	c28
3.9264665733942e-05	2.52368917549294	0.029	0.006	1	AC096992.2	c28
4.77096435316756e-06	2.52307035638556	0.047	0.011	0.174622066290286	APBB2	c28
0.204289774863169	2.52223193514318	0.012	0.005	1	FLT1	c28
0.00682952853308325	2.51977752423364	0.012	0.002	1	RFPL1S	c28
0.0104462513461986	-2.51924823950892	0.006	0.048	1	JPT2	c28
0.278685795183514	2.51905474449746	0.012	0.006	1	KL	c28
0.00466413126963732	2.51880006285855	0.024	0.006	1	AC093827.4	c28
0.218905671201828	2.51844778409948	0.018	0.009	1	MEFV	c28
0.000121185325500807	2.51813470938777	0.035	0.008	1	AC107214.1	c28
0.185662038974214	-2.51645017548846	0	0.01	1	CDC20	c28
0.000112937060227839	2.51356154150165	0.059	0.019	1	BCLAF3	c28
7.2364863931303e-05	2.50991573798106	0.012	0.001	1	TMPRSS3	c28
0.0443182417069344	2.50792752534967	0.018	0.006	1	LINC01852	c28
0.00730485998486901	2.50777856792181	0.024	0.007	1	AL117332.1	c28
0.000439249610743725	2.50760867838433	0.018	0.003	1	TET1	c28
0.140173973223941	-2.50640327079487	0	0.013	1	BIRC5	c28
0.00461851286829324	2.50611454274549	0.041	0.015	1	LINC02432	c28
1.80676256704386e-06	2.5040606196395	0.076	0.023	0.0661293167163724	LINC00607	c28
2.15628728845742e-06	2.50394117252289	0.082	0.026	0.0789222710448299	SLC22A15	c28
0.150891978127693	2.50349702507276	0.012	0.004	1	SLIT3	c28
0.260652997942331	2.50007482864997	0.018	0.009	1	PIPOX	c28
0.00034032651216187	2.49964851519252	0.024	0.005	1	AC027031.2	c28
0.00621176510289625	2.4944933376753	0.024	0.007	1	NIPSNAP3B	c28
0.0264285280285937	2.49159686832478	0.012	0.003	1	RANBP17	c28
0.267843819753935	2.49133017458394	0.012	0.006	1	CORO6	c28
1.44519943909874e-05	2.48327668038851	0.012	0.001	0.52895744670453	MCAM	c28
0.00870264378184135	2.48066512559605	0.012	0.002	1	ZNF667	c28
0.000465178286214357	2.47767482446041	0.053	0.018	1	NLRP12	c28
0.156362405771131	2.46985881621092	0.012	0.004	1	TRIM6	c28
0.00883790781571961	2.46772509565968	0.018	0.004	1	PDE7B	c28
0.00273973236024208	2.46643724325766	0.012	0.002	1	AC112907.3	c28
0.00195046568377243	2.46408044682081	0.029	0.008	1	RTCA-AS1	c28
0.00012266888950565	-2.46363202599188	0.018	0.111	1	CCRL2	c28
0.0423669740699393	2.46311330232572	0.024	0.009	1	DCBLD2	c28
0.000277649524053196	2.46239805962637	0.012	0.001	1	OXT	c28
2.33220231508088e-06	2.45965697551649	0.035	0.006	0.0853609369342751	AC009120.2	c28
0.169546626724682	2.44871520906695	0.012	0.005	1	TBX6	c28
0.00587245144933116	2.44847827748645	0.024	0.007	1	AC245140.2	c28
0.000520668457155599	2.44783073019884	0.047	0.015	1	KLHL29	c28
0.0872176857899704	2.44513781509456	0.012	0.004	1	ZNF436-AS1	c28
0.0772464626068057	2.4432756934673	0.012	0.004	1	AC012640.2	c28
0.0244345683412047	2.44094851718685	0.024	0.008	1	MOK	c28
0.0142189681801148	2.43931277392554	0.018	0.005	1	LINC01772	c28
0.0212537144316464	2.4310477854112	0.012	0.003	1	AC026748.3	c28
0.0184863891044553	2.43036227563035	0.012	0.003	1	LINC01694	c28
0.0244919900213485	-2.42652386869255	0	0.029	1	AP002954.1	c28
0.00991413313974779	2.42441334532021	0.012	0.002	1	KCTD1	c28
0.137008813652651	-2.42317879762446	0	0.013	1	PPT2	c28
0.00210764696222353	2.4210633250073	0.018	0.004	1	AC024451.4	c28
0.0638436157367542	2.42017592725838	0.012	0.003	1	LINC00968	c28
0.000435127452843596	2.41941551809737	0.012	0.001	1	AL589863.1	c28
0.0097424619786529	-2.41623853912877	0.006	0.049	1	GGH	c28
0.0245150725773063	-2.41548698924332	0.012	0.049	1	LRRC42	c28
0.00069814271906004	2.41204684919774	0.035	0.01	1	IQCH-AS1	c28
0.00105551266171706	2.41035112667061	0.018	0.003	1	LINC00271	c28
0.0123131655468108	2.40968501882913	0.047	0.02	1	TRPV4	c28
0.0512341873750251	2.40790522527604	0.018	0.006	1	AC114763.1	c28
0.0114093245576089	2.40716744228318	0.024	0.007	1	AC009113.1	c28
0.0291304420448499	2.40602854227533	0.012	0.003	1	AL078622.1	c28
0.105838860773402	2.40252289323864	0.012	0.004	1	AL139819.1	c28
0.0838334349452662	-2.40240276458471	0	0.017	1	NAIF1	c28
0.0160738512706105	2.40009269967632	0.012	0.002	1	PCDHGA10	c28
0.0315957039625234	2.39300126513543	0.035	0.015	1	CEACAM4	c28
2.51392139219929e-06	2.3916923374534	0.041	0.008	0.0920120368758864	AC083862.3	c28
0.0251895100576232	-2.38890287217186	0.018	0.057	1	KLHL7	c28
5.56552790020214e-06	2.38715868652527	0.065	0.018	0.203703886675298	CAPN3	c28
0.052168304102449	-2.38610090361755	0	0.022	1	SRR	c28
0.00362650945378914	2.38440784063802	0.018	0.004	1	AP000240.1	c28
0.573209689105494	2.38439547937675	0.006	0.01	1	A4GNT	c28
1.1732239021846e-05	2.38370383119687	0.012	0.001	0.429411680438585	AL080317.1	c28
0.193121233561377	-2.38141749837154	0.012	0.028	1	SIDT1	c28
0.000393397322816704	2.37746694484911	0.018	0.003	1	AL161457.2	c28
0.0329881369671113	-2.37722627313377	0.012	0.046	1	RFC4	c28
0.256418594061657	2.36937514221013	0.018	0.009	1	AC093821.1	c28
0.12242726123461	2.36854640046536	0.012	0.004	1	NHSL1	c28
0.10826793993411	2.36841363076537	0.024	0.011	1	AKR1C1	c28
0.00112004835236898	2.36748290358065	0.012	0.002	1	AL589935.1	c28
0.310497614592573	2.36606483776733	0.012	0.006	1	AL591895.1	c28
0.0664275759443452	2.36483110275673	0.012	0.003	1	LANCL3	c28
0.000153581615624157	-2.36360127812291	0.018	0.109	1	DEFB1	c28
0.000433323029031839	2.35733188623779	0.012	0.001	1	QRICH2	c28
0.044516948105578	2.35628563848987	0.029	0.012	1	CTPS2	c28
9.37120991614282e-06	2.35441015789928	0.059	0.016	0.342995654140743	CEP126	c28
0.149225290392235	-2.35128532162433	0	0.012	1	ZNF551	c28
3.09072405940665e-06	2.34641328571435	0.053	0.013	0.113123591298343	KIAA0753	c28
0.00059922499577055	2.33721675005408	0.024	0.005	1	BCL11A	c28
0.00719748176535918	2.33697396968948	0.029	0.009	1	AL691447.2	c28
0.0007547644133985	2.33469780895821	0.047	0.015	1	ZNF804A	c28
0.142230190475716	-2.33458917040359	0	0.013	1	UNC119B	c28
0.181824652187301	2.33124858689325	0.018	0.008	1	ABHD17B	c28
8.01517259751922e-05	2.3311993106301	0.106	0.046	1	DOCK1	c28
0.137008813651701	-2.33030921240022	0	0.013	1	ATP1A1-AS1	c28
0.0302193850256109	-2.32832298465094	0	0.027	1	AC004921.1	c28
0.147499145051086	2.32726543013597	0.018	0.008	1	FZD5	c28
0.00138227889868955	2.32684921420903	0.018	0.003	1	LINC00672	c28
3.27753308456551e-05	2.32595542414927	0.059	0.017	1	BCL2L2	c28
0.000945031180510961	2.32578852851485	0.012	0.002	1	AC105206.3	c28
0.0014285377716965	2.32368810793997	0.012	0.002	1	AC010864.1	c28
3.1471141826421e-06	2.32305306989288	0.018	0.002	0.115187526198884	MIR17HG	c28
0.046196372372875	2.32159759163794	0.012	0.003	1	SLC1A2	c28
3.52602569367345e-06	-2.32062673730055	0.124	0.271	0.129056066414142	RBP4	c28
0.0251190293061875	-2.32027820816482	0.006	0.039	1	BNIP1	c28
0.122568851561031	-2.31796924700944	0	0.014	1	CHAC2	c28
0.0127070879233674	2.31615105925361	0.024	0.007	1	DNAJC28	c28
0.000541214111740386	2.31274571431339	0.041	0.012	1	GRHL1	c28
0.070591114642973	2.30474015793616	0.012	0.004	1	SPATC1	c28
2.30202856959312e-05	2.30016291525945	0.035	0.007	0.842565476756777	IGIP	c28
0.112661650864363	2.2941089261417	0.024	0.011	1	ZFHX2	c28
0.0303257386022324	2.29378776570366	0.018	0.005	1	CLBA1	c28
0.0227416134973435	2.29241395495315	0.018	0.005	1	SHF	c28
0.000200684352444875	-2.29031557368932	0.029	0.125	1	RALB	c28
0.0859229923231302	2.28590806786261	0.012	0.004	1	PODXL	c28
0.123579216215421	-2.28538999170708	0	0.014	1	ZNF345	c28
0.0220573093823165	2.28518467265864	0.012	0.003	1	AC026471.2	c28
0.0492154823983088	2.28518087444632	0.024	0.009	1	AC245452.1	c28
0.00273330487757657	2.28431840745255	0.012	0.002	1	PKN3	c28
0.007925452999256	2.28314268552188	0.012	0.002	1	SPRY3	c28
0.0252541812106995	2.28079106983432	0.035	0.015	1	ENO3	c28
0.175686498679115	2.28015104729675	0.012	0.005	1	SMARCD3	c28
2.93846435510278e-05	2.27822907179602	0.018	0.002	1	AP000692.1	c28
0.0926499726282013	-2.27453070738663	0	0.016	1	CLECL1	c28
0.139013760442735	-2.27372154336006	0	0.013	1	ACTL10	c28
0.0134524853733019	2.27048851120624	0.053	0.024	1	PTK2	c28
0.0308972067053091	2.26944082160439	0.018	0.005	1	STAM-AS1	c28
0.449790907375138	-2.26878315923912	0.012	0.02	1	MCTP2	c28
4.69037701480289e-06	-2.26581115427005	0.035	0.169	0.1716724891188	AGRP	c28
3.39087650032404e-06	2.26518647306919	0.029	0.005	0.12410947078836	MAPK8IP1	c28
0.0104354221308511	2.26475514126461	0.029	0.01	1	ERICH6-AS1	c28
0.000133898548575251	2.26410619870138	0.024	0.004	1	DAPK1-IT1	c28
0.00510331188456916	2.2621754086792	0.029	0.009	1	AL138724.1	c28
0.00102812850004931	2.26213197831818	0.012	0.002	1	RBM44	c28
0.000646388780607839	2.26196437860141	0.024	0.005	1	AC011921.1	c28
0.000556647074786543	2.25894328401009	0.029	0.007	1	NEDD4L	c28
0.00273856270103507	2.25837504300442	0.012	0.002	1	AL080317.2	c28
0.00398362815325908	2.2571992513492	0.012	0.002	1	UXT-AS1	c28
0.0339282494706325	2.25656165742213	0.024	0.009	1	ALG10B	c28
0.189572553818653	2.25434861183945	0.018	0.008	1	LPP-AS2	c28
0.0012227607387436	2.25297971445616	0.018	0.003	1	AL160006.1	c28
0.00271848159830449	2.24695750827445	0.041	0.014	1	USP13	c28
0.000220238539039537	2.24456123645244	0.053	0.017	1	CHN2	c28
0.0212445354130286	2.23936905785128	0.012	0.003	1	LINC02211	c28
8.76434643490902e-06	2.23676004425631	0.053	0.014	0.320783843864105	SFXN2	c28
6.38644163093152e-05	2.23661305542459	0.059	0.018	1	AL138828.1	c28
0.000196546989062944	2.2317652387073	0.094	0.04	1	SLC1A3	c28
0.00208542578385704	2.23044051060087	0.012	0.002	1	ADGRB1	c28
0.13873329212122	2.22791868907495	0.047	0.029	1	LINC00996	c28
0.0792008101736001	2.22729714646043	0.018	0.007	1	TMEM86B	c28
0.130912068725604	-2.22724760873095	0	0.013	1	CDK2	c28
6.5259846879246e-05	2.22497559387964	0.076	0.027	1	FAM110B	c28
1.51234422865481e-05	2.22296870644541	0.024	0.004	0.553533111129946	AC026979.4	c28
0.00145548694817505	2.22063772029155	0.018	0.003	1	GCNA	c28
0.101190036163402	2.22035674761655	0.012	0.004	1	LCAT	c28
0.00166692233427234	2.21998760526342	0.012	0.002	1	DGCR11	c28
0.00166884484363625	2.21912143936288	0.012	0.002	1	AL161891.1	c28
0.217176403053971	2.21828134329143	0.012	0.005	1	KLHL3	c28
1.44237264747118e-05	2.2170345272325	0.047	0.012	0.527922812700927	TOB1-AS1	c28
0.395251559646458	2.21626318943745	0.012	0.007	1	BOK	c28
0.00961808915353854	2.21213632363492	0.053	0.024	1	AC116366.2	c28
0.1309120687247	-2.21203280339036	0	0.013	1	HIST2H2AA4	c28
1.40292408100318e-06	2.21151108070056	0.029	0.004	0.0513484242887975	CATSPER2	c28
0.0306559401540201	2.21137578300205	0.041	0.019	1	B3GALNT1	c28
0.000488561730066172	2.20818307062985	0.035	0.009	1	XYLB	c28
0.0627769887959153	2.20749770640744	0.012	0.003	1	RDH5	c28
2.98728708202297e-05	2.20721224875677	0.018	0.002	1	AC023355.1	c28
0.000235215754825704	2.20603729203929	0.041	0.011	1	GAB1	c28
0.000484716391188414	2.20402154733945	0.065	0.024	1	CD80	c28
0.00756823345901408	2.20052780854293	0.012	0.002	1	AC006480.2	c28
0.730686194266048	2.19990862311316	0.012	0.009	1	PTK6	c28
0.733030337925236	2.19863151121462	0.018	0.015	1	RND3	c28
0.0802949792735228	-2.19803337212497	0.006	0.028	1	TUBD1	c28
0.000235212034690229	2.19204570915153	0.035	0.009	1	LINC02018	c28
0.126926258131195	-2.19058970442179	0	0.014	1	AC004847.1	c28
2.61374010025908e-06	2.18980165636273	0.118	0.045	0.0956655014095828	BCAR3	c28
0.0364167272058902	2.18906812133031	0.018	0.006	1	AC009950.1	c28
0.000439121905219413	2.18647797761448	0.012	0.001	1	AC010247.2	c28
0.0982641956566455	-2.18640133687039	0.006	0.026	1	S100A1	c28
0.0417413462190693	-2.18351393806029	0	0.024	1	PRRG4	c28
0.0570653595290289	-2.18338459713845	0	0.021	1	PLEK2	c28
0.0265697116943199	2.18286892956039	0.012	0.003	1	F8A3	c28
4.87717904483518e-06	2.17914628117521	0.088	0.03	0.178509630220013	TET3	c28
0.00143224856847061	2.1790333570328	0.012	0.002	1	LINC01521	c28
8.87857979896227e-05	2.17846039598956	0.047	0.013	1	CHTF18	c28
0.0509641519268686	-2.1775461374416	0	0.022	1	POMGNT2	c28
0.00835403756966847	2.17701939776148	0.076	0.039	1	SIGLEC11	c28
4.77024638470768e-06	2.17689599949788	0.118	0.047	0.174595787926686	LINC01504	c28
0.431631231679151	2.17680817527022	0.012	0.007	1	NTRK3	c28
0.0502750955850667	-2.17663665122365	0	0.022	1	PRSS36	c28
9.66760278372514e-05	2.17266541333096	0.018	0.003	1	AC080013.1	c28
0.049020952568017	-2.17182238902222	0	0.022	1	PEX11G	c28
0.000301746564832076	2.1667088241678	0.029	0.007	1	CFAP44	c28
5.55473732808055e-05	2.16195382603559	0.029	0.006	1	ZNF713	c28
0.0244013608320119	2.16123410623718	0.024	0.008	1	HAR1A	c28
0.55480581171608	2.15967577052599	0.018	0.013	1	OPLAH	c28
0.000244708480422929	2.15894458267357	0.082	0.033	1	HIC2	c28
0.247581303746789	-2.15716839182552	0.006	0.017	1	LLGL1	c28
0.0972288780652267	-2.15670616414954	0	0.016	1	FAM86C1	c28
4.08040951008248e-05	-2.15669825493903	0.735	0.615	1	C1QB	c28
0.000407815742722702	2.15461689055568	0.024	0.005	1	AL009179.2	c28
0.000185301881135144	2.15285225759662	0.047	0.014	1	GPAM	c28
0.0123456823384802	2.15232368736794	0.012	0.002	1	ZNF425	c28
0.00472222645621207	2.15148872220035	0.047	0.018	1	CCDC9B	c28
0.000131244142960834	2.1438810601629	0.029	0.006	1	CELF6	c28
0.139592535217178	-2.14326606707978	0	0.013	1	ZC4H2	c28
0.172625915308744	-2.14241878180794	0	0.011	1	NCAPH	c28
0.00332992936631245	2.14120983608964	0.041	0.014	1	CCDC171	c28
0.28878625797944	2.14068145962838	0.047	0.034	1	SH3PXD2B	c28
0.0279324532102338	-2.14011635440943	0.029	0.073	1	SLC41A3	c28
1.36794731475858e-05	2.138860023945	0.129	0.057	0.50068239667479	ZBED3-AS1	c28
0.0012681607249163	2.13704071293725	0.082	0.037	1	MOGAT1	c28
5.01930349896631e-06	2.13690940175422	0.024	0.003	0.183711527365666	SCGB1A1	c28
0.00078711926594372	2.13679711149238	0.094	0.044	1	CDK14	c28
1.99060916543618e-06	-2.13421793583239	0.041	0.185	0.0728582860641295	TMEM70	c28
0.0458762351030946	2.13333257094112	0.029	0.012	1	POMT2	c28
0.0134026631990994	2.13322656520128	0.012	0.002	1	C8orf37	c28
2.33373010003461e-06	2.13209232380554	0.059	0.015	0.0854168553913666	PNPLA7	c28
0.00146106167935599	2.1313897413827	0.018	0.003	1	AC011450.1	c28
0.000388857674961769	2.12988900714229	0.076	0.031	1	KIFC3	c28
0.04538286227597	-2.12692544867484	0.006	0.034	1	RAD51AP1	c28
0.473012023958422	2.12440001794866	0.012	0.007	1	AC008966.1	c28
0.0369827378927393	2.12403408808343	0.012	0.003	1	GBP7	c28
0.000232893878391872	2.12274051166676	0.053	0.017	1	AC090825.1	c28
0.0710334375533296	2.1224649665051	0.012	0.004	1	FBXL2	c28
0.0633784589295341	2.1164181318762	0.018	0.006	1	GCC2-AS1	c28
2.9199102504257e-06	2.11624367766378	0.024	0.003	0.106871635075831	ADAMTS10	c28
0.091029856117234	-2.11576712569291	0.006	0.027	1	GATD3A	c28
0.13305138738699	2.11573430459523	0.012	0.004	1	B3GNT10	c28
0.00014049002898268	2.11315238356974	0.018	0.003	1	AF131215.6	c28
0.00486976728543609	2.11268026157037	0.029	0.009	1	BCORL1	c28
0.134267845287144	2.11238538337456	0.029	0.016	1	SLC17A9	c28
5.11057894875048e-05	2.11055957130645	0.018	0.002	1	AC016355.1	c28
0.393997685036947	2.11009442852233	0.012	0.007	1	GPC4	c28
0.000815091248583838	2.1070083108401	0.047	0.016	1	IBA57	c28
0.0159062597743373	2.10661868860543	0.053	0.025	1	ARHGAP22	c28
0.0631099643012264	2.10484716276306	0.018	0.006	1	AL135999.1	c28
0.00816554372467033	2.10311834690928	0.024	0.007	1	GOLGA6L4	c28
0.0666273883772378	2.10129066637909	0.029	0.013	1	TSPAN13	c28
0.230389557258903	2.09877517611944	0.018	0.009	1	DGAT2	c28
0.0478796046165122	2.09602304341479	0.029	0.013	1	EHHADH	c28
0.0431533255238455	2.09425836500409	0.012	0.003	1	HIPK1-AS1	c28
1.76751430329895e-06	2.09391315636537	0.153	0.067	0.064692791015045	ANKS1A	c28
0.0775613737912885	-2.09213739287006	0.012	0.037	1	MAGEH1	c28
0.000800147917519822	2.0914391653062	0.024	0.005	1	AL139289.2	c28
0.0207349888265814	2.08984888537902	0.012	0.003	1	TLE2	c28
0.00125202557017189	2.08820045497544	0.024	0.005	1	SCARF1	c28
0.00742446531392821	2.08518603513642	0.024	0.007	1	C1orf56	c28
3.5388121906805e-05	2.08461493484777	0.129	0.059	1	KIAA0513	c28
0.196980822985036	2.0845842719758	0.012	0.005	1	AP1S3	c28
1.9349442156177e-06	-2.08039827657215	0.047	0.193	0.0708208932358236	LAMTOR3	c28
0.2302928158119	2.08030927839616	0.012	0.005	1	DYRK3	c28
0.0108725067416726	2.07963568811021	0.012	0.002	1	AC245297.2	c28
2.01811847766155e-06	2.07958847818303	0.035	0.006	0.0738651544008904	N4BP2L2-IT2	c28
0.143199055499932	2.07526280265385	0.012	0.004	1	SEC16B	c28
0.064601709478545	2.07483867297392	0.012	0.003	1	AL732509.1	c28
0.000651812291636717	2.07396581152345	0.041	0.012	1	ZNF354C	c28
1.66552599251393e-05	2.07315073464306	0.059	0.017	0.609599168520025	KNTC1	c28
0.0192856715328588	2.07075722266372	0.012	0.003	1	AC007390.2	c28
3.40184122888463e-06	2.0674802841912	0.024	0.003	0.124510790818406	AC015871.4	c28
0.000508602870205673	2.06680297016556	0.088	0.038	1	C3orf62	c28
0.00673646250888027	2.06613617934229	0.035	0.012	1	LRP11	c28
0.00026068513798618	-2.06605909233819	0.041	0.139	1	OGFOD3	c28
0.0530244990698182	-2.06605431183808	0.071	0.117	1	CCL24	c28
0.0049185638044782	2.0653550029346	0.035	0.012	1	RAB12	c28
0.000302282893765403	2.06531943478105	0.041	0.012	1	MAP3K10	c28
2.93376552917093e-05	2.06358081137041	0.035	0.007	1	YTHDF3-AS1	c28
0.0702670577315078	2.06208019728368	0.024	0.01	1	AC099850.1	c28
0.00681938288946835	2.06124880396985	0.018	0.004	1	DUSP8	c28
0.239674044909743	-2.06116444388893	0.006	0.018	1	ALS2	c28
5.7012366597061e-05	2.05936349972299	0.071	0.024	1	AC025048.2	c28
0.143618288990821	2.0588888195755	0.024	0.012	1	AIFM3	c28
4.73847397609806e-05	2.05868743502262	0.065	0.021	1	AC010654.1	c28
0.459914201506698	2.05649038999286	0.024	0.017	1	LRRC29	c28
0.00289419007915221	2.05535156380838	0.047	0.017	1	ZBTB34	c28
0.154460594000258	-2.05318072054442	0.006	0.022	1	CLCF1	c28
0.00590713473013457	2.05210047627723	0.018	0.004	1	AC005520.2	c28
0.00244578758454827	2.05080557863808	0.018	0.004	1	LRRC37A3	c28
0.255395237949849	2.0507418653602	0.012	0.005	1	C8orf31	c28
5.52367386987921e-05	2.04606102250815	0.129	0.06	1	CD109	c28
0.00106130067889562	-2.04595983056235	0.047	0.133	1	TRIAP1	c28
0.00166779703120281	2.04503704208512	0.029	0.008	1	CYSLTR2	c28
0.603173147926947	2.04269578611797	0.035	0.029	1	EXD2	c28
0.0523718529383667	-2.04209162540966	0	0.022	1	LINC02802	c28
0.0139264474527334	2.04145171576568	0.035	0.014	1	LINC00189	c28
0.00800589733667501	2.04123678504364	0.012	0.002	1	ALDH1L2	c28
0.000944954301609656	2.04095606289342	0.047	0.016	1	PDZD7	c28
0.476029922770312	-2.04048598294912	0.006	0.012	1	STARD9	c28
0.0526934727722644	2.040023122115	0.029	0.013	1	DTNA	c28
0.00237992981112536	2.03993751699544	0.1	0.052	1	PURB	c28
0.0213610584870332	2.0395775940306	0.012	0.003	1	SERPINI2	c28
0.240388581384348	2.03783729254217	0.012	0.005	1	CDK3	c28
0.0499827530331841	-2.03739185373303	0	0.022	1	SERPINF2	c28
4.80659232121735e-05	2.03536882668718	0.124	0.056	1	LINC01637	c28
0.360702130794601	2.0329706231811	0.024	0.015	1	SPRED2	c28
0.00690910113690729	2.03102093370819	0.035	0.012	1	AC011586.2	c28
0.00341711002229123	2.03092550895952	0.018	0.004	1	LINC00641	c28
0.00613245111035276	2.03007661679318	0.071	0.034	1	PAN2	c28
0.0788185727019798	-2.02950669942692	0	0.018	1	SLX1B	c28
0.0638847760007182	2.02840212200679	0.012	0.003	1	NPIPB15	c28
0.0871826228278152	2.0265038830405	0.024	0.01	1	ICA1L	c28
0.000156438027007052	2.02534240063626	0.053	0.016	1	RAP2C-AS1	c28
0.00404769197218699	-2.02352419792528	0.018	0.077	1	DNASE2B	c28
0.362125692198984	-2.0223387375426	0.006	0.014	1	EDARADD	c28
0.0633917767364602	-2.02160170249956	0.029	0.063	1	NCR3	c28
0.150233508778638	2.02125778026304	0.018	0.008	1	PSMC3IP	c28
0.00381607013118875	2.02062771144853	0.047	0.018	1	MAML3	c28
0.0410049008359747	2.0196126538553	0.012	0.003	1	CACNA1F	c28
0.00275080865957472	2.01886702181547	0.024	0.006	1	ZNF471	c28
0.00151463417289586	2.01846817928911	0.041	0.013	1	LRP12	c28
0.000436484435046803	2.01637710710407	0.059	0.021	1	FGD6	c28
0.030720014106575	2.01484231359972	0.012	0.003	1	BFSP1	c28
0.237821336206124	2.01123368298784	0.047	0.032	1	ANGPT2	c28
0.134477723013898	-2.01074936184095	0	0.013	1	CREB3L4	c28
0.160752836861266	-2.00997012841897	0.018	0.008	1	TRBV5-5	c28
0.148676650652535	2.00996669800519	0.018	0.008	1	TMEM231	c28
0.000107432569089868	2.00947374526857	0.059	0.019	1	FRRS1	c28
3.66987810203092e-06	2.00944413683927	0.059	0.015	0.134321208412434	AC092279.1	c28
0.000529958694252988	-2.00869308337689	0.012	0.088	1	COPRS	c28
0.0693658721670751	2.00531059921218	0.012	0.004	1	FOXP1-IT1	c28
4.92060213687917e-06	2.00511266040562	0.124	0.05	0.180098958811915	TRHDE	c28
0.0015261603790365	2.00434582662526	0.018	0.003	1	ANKRD44-IT1	c28
0.0173354992201414	2.00334718529388	0.012	0.003	1	AP000446.1	c28
0.00232440097866939	2.0028744401446	0.071	0.031	1	RASSF8-AS1	c28
0.000249184210035245	2.00061292299074	0.047	0.014	1	ZNF117	c28
0.0283554540876832	1.99946128100685	0.029	0.011	1	RAI1	c28
0.000116152423283721	1.99854645527235	0.047	0.013	1	FIRRE	c28
0.0192206736519183	1.99643982945653	0.018	0.005	1	AC005674.2	c28
0.0962075845158812	1.99549163178988	0.029	0.014	1	TTC28	c28
0.0333426482888642	1.99507632352988	0.088	0.055	1	AMOTL1	c28
0.0177134745303042	-1.99414459193339	0.012	0.053	1	PPP1R14B	c28
0.013077137222461	1.99310773871822	0.035	0.014	1	HTRA4	c28
0.0620448296644174	1.99259582635108	0.018	0.006	1	ZNF610	c28
0.0627299778969233	1.98720599685435	0.029	0.013	1	C2orf27A	c28
0.000103052898492483	1.98607058329231	0.053	0.016	1	AL118558.3	c28
0.145804627450182	1.98393635019195	0.029	0.016	1	MIEF2	c28
0.912783971119298	-1.98362652926796	0.018	0.016	1	TRBV29-1	c28
0.0228786059720129	1.9798121525672	0.024	0.008	1	TMPPE	c28
0.199837431091479	-1.97901068068185	0	0.01	1	LGALS2	c28
0.280802277351085	1.97795789494121	0.024	0.014	1	TRIM3	c28
0.190940899602472	-1.97547549412629	0	0.01	1	ZRANB3	c28
0.177483263046247	-1.97389145992866	0	0.011	1	NUF2	c28
0.265731436806697	1.97365251081781	0.012	0.005	1	B4GALT2	c28
9.7723491024933e-05	1.97321528849702	0.141	0.071	1	CLMN	c28
2.60708860109354e-06	1.96983347237192	0.1	0.035	0.0954220498886245	MS4A14	c28
0.38578362997515	1.96943113863482	0.018	0.011	1	AC096667.1	c28
0.000920184055158981	-1.96715930899339	0.582	0.492	1	FCER1G	c28
0.42800509727104	1.96659769083067	0.041	0.031	1	POLA2	c28
0.0386337338808867	-1.9649674913725	0.012	0.045	1	ZC3HC1	c28
7.38416911373859e-05	1.96452176404655	0.171	0.092	1	EPB41L3	c28
0.00102973020229469	1.96431097817238	0.059	0.022	1	MMP2-AS1	c28
0.643073740900205	1.96395493106101	0.012	0.009	1	CELA2B	c28
0.00103251584202154	1.96377424029259	0.082	0.037	1	SNX30	c28
0.131109813171247	1.96323082101244	0.012	0.004	1	HIF1A-AS3	c28
0.000417768862171051	-1.96323041502986	0.024	0.109	1	PTRH2	c28
0.000188099755053098	1.96281696855449	0.053	0.017	1	ZNF500	c28
0.00152580450820489	-1.96265950456422	0.006	0.067	1	PHLDA2	c28
0.000968218311999315	1.96147179897608	0.018	0.003	1	HELLPAR	c28
0.0134802276948825	1.96125432529764	0.076	0.041	1	ALPK3	c28
2.39145641091763e-05	1.96101488866637	0.094	0.036	0.875296960959961	DAGLB	c28
0.349509732914604	1.96091446460444	0.024	0.015	1	GPAT2	c28
0.465877563606536	1.96050392234699	0.012	0.007	1	LIPN	c28
0.000213838231896029	1.96027724417954	0.065	0.023	1	MAP4K3	c28
0.0971219898013001	1.96026378497559	0.018	0.007	1	KATNAL2	c28
0.0130398941011476	1.95930986121366	0.047	0.021	1	TAF4	c28
0.00018256840633148	1.95848612231776	0.118	0.056	1	CSF3R	c28
0.0548830412374905	1.95744498080706	0.024	0.009	1	SLITRK4	c28
0.279856257195555	-1.95735212393018	0.012	0.024	1	UTP15	c28
0.188483398725298	-1.95684969578839	0	0.01	1	CKAP2L	c28
0.00213356855521404	1.95677391746813	0.041	0.014	1	RCN3	c28
0.096032787570713	1.95660495352192	0.024	0.011	1	KLHL15	c28
0.206373094333433	1.95087559795861	0.018	0.009	1	AL162231.2	c28
0.00869978106222983	1.95039972360338	0.035	0.013	1	PPP1R26	c28
0.00186736032485058	1.95021741435479	0.029	0.008	1	TMEM268	c28
1.99456380223509e-06	-1.94926510756814	0.865	0.78	0.0730030297256064	HLA-DRA	c28
0.643569169988962	-1.94853796572948	0.018	0.013	1	TRAV36DV7	c28
4.27075597321303e-05	1.94697354752365	0.018	0.002	1	CRYBB2	c28
0.739388067319395	1.94474936611451	0.012	0.009	1	TFPI	c28
0.138437634425294	-1.94424586835396	0	0.013	1	ARL6	c28
0.531126854648946	-1.94278553017615	0.006	0.011	1	LINC02694	c28
0.000626049652764028	-1.94257974758192	0.765	0.608	1	TYROBP	c28
0.562841816154478	-1.94213889541766	0.018	0.024	1	CCR4	c28
0.0122680900043115	1.94101916432324	0.106	0.063	1	PSD3	c28
0.165769496088436	-1.94055678827198	0.006	0.021	1	PRXL2B	c28
0.251091156289424	-1.93981514081052	0.041	0.061	1	CLIC3	c28
0.00200343384771595	1.93933979128456	0.059	0.024	1	SFXN5	c28
0.0250722063930375	-1.93925545290501	0.006	0.039	1	NFE2	c28
0.119235286506602	-1.93916442236975	0.006	0.024	1	RBBP9	c28
0.000174832606153589	1.93834467262773	0.059	0.019	1	PUS7	c28
0.000620682929854805	1.93380002794147	0.018	0.003	1	AL049840.4	c28
0.0744559091370255	1.93378866904819	0.041	0.022	1	LDLRAD3	c28
0.986996680388307	1.93245653355068	0.012	0.012	1	M1AP	c28
0.0704142127833755	1.93200388262147	0.024	0.01	1	ACVR2B	c28
0.00309063148646247	1.93188077450513	0.018	0.004	1	AL049828.1	c28
0.0595745497390929	-1.92995229726363	0	0.02	1	OTOA	c28
0.000223432667710092	1.92917596991528	0.053	0.017	1	RFXAP	c28
0.0111003935094158	1.92887335012554	0.035	0.013	1	SLC41A2	c28
0.0101792979875134	1.92873948777303	0.053	0.024	1	INSR	c28
0.00946780085136918	1.92844878018104	0.094	0.053	1	CHDH	c28
2.33650530029768e-05	1.92788680052688	0.124	0.054	0.855184304961953	CAMSAP2	c28
0.0020267467861973	1.92733656659268	0.065	0.027	1	LIG4	c28
0.0698592412597008	1.92733160527868	0.018	0.006	1	LINC01948	c28
0.0497548700256801	1.92669223634556	0.012	0.003	1	MRC2	c28
0.34735529783036	1.9241238584429	0.012	0.006	1	ZKSCAN2	c28
0.985801304966507	-1.92188158828496	0.012	0.012	1	TRBV14	c28
0.0138684432617326	1.9211262533767	0.012	0.002	1	NPIPB11	c28
0.164396123134392	-1.92097933074104	0	0.011	1	WDR5B	c28
0.57222232315865	-1.92030172650191	0.024	0.031	1	TRAV8-2	c28
0.177863289122417	-1.91695973923968	0	0.011	1	NCAPG	c28
0.0947160639385755	-1.91553908999758	0.006	0.027	1	RTN4IP1	c28
0.000107438529295686	1.91542345999646	0.135	0.066	1	UACA	c28
0.161111432768168	1.91447220748703	0.012	0.005	1	TTC21A	c28
0.00640967534784507	1.9130624204273	0.041	0.016	1	AC087500.1	c28
0.106898015728102	1.91303993942912	0.018	0.007	1	ZKSCAN7	c28
0.101138061613744	1.9117102719932	0.029	0.015	1	NECTIN1	c28
0.0087525520922388	-1.91107188515661	0.041	0.102	1	PIGH	c28
0.00133860705655624	1.91043325815597	0.076	0.033	1	TMOD2	c28
0.0640579467608719	-1.91004437503143	0	0.02	1	SMPDL3A	c28
0.0106646255818874	1.90959832206909	0.076	0.04	1	TMEM106A	c28
0.0769604288456041	1.9078689029943	0.035	0.018	1	AL390728.6	c28
0.00548463283037487	-1.90605128600308	0.012	0.064	1	AC026689.1	c28
0.0625570202036683	1.90461692386246	0.029	0.013	1	SLC28A3	c28
0.0193682074412057	1.90368142440556	0.012	0.003	1	PTGIR	c28
0.000126438591142912	-1.90366294535544	0.788	0.655	1	APOC1	c28
7.17887529765147e-06	1.90099558023387	0.094	0.033	0.262754014769341	SPATA5	c28
2.34099167698019e-05	1.90073382975771	0.047	0.012	0.856826363691519	TNFRSF10D	c28
0.429382363584911	1.90049587518901	0.018	0.011	1	GAS8	c28
0.242909328116852	1.90045913859865	0.012	0.005	1	LSM11	c28
0.00644160224201754	1.9001497217239	0.018	0.004	1	SPATA1	c28
0.0855225092727172	-1.8999913012732	0	0.017	1	SNCA	c28
0.0282311525757028	1.89937608415275	0.047	0.023	1	CABP4	c28
0.00755873820899284	1.89847555762515	0.035	0.013	1	AC005280.2	c28
0.145993846093597	1.89649488073226	0.012	0.004	1	EMC1-AS1	c28
0.0281968733387835	1.89362290623984	0.012	0.003	1	AC011476.3	c28
5.02952904897885e-05	1.89246912637903	0.112	0.048	1	ITIH5	c28
0.0952085170768294	1.89020762768395	0.012	0.004	1	GSDMA	c28
0.136159332056292	-1.89008296616766	0	0.013	1	ENDOG	c28
0.000127729493457448	1.88598031090026	0.047	0.013	1	RTTN	c28
0.201436167533088	-1.88389026558897	0.012	0.028	1	FAM241A	c28
2.51433273280354e-07	-1.8817525681917	0.112	0.287	0.00920270923533425	RETN	c28
0.000946708673792601	1.88087467406124	0.082	0.036	1	AFDN	c28
0.333239477167442	1.88051596743605	0.012	0.006	1	MNS1	c28
0.952534776540986	1.8803402691944	0.018	0.017	1	VGLL3	c28
0.0121402607309902	-1.87976972404764	0.029	0.082	1	TMEM176B	c28
5.60393942309557e-08	-1.87937767094232	0.065	0.249	0.00205109786824721	VMO1	c28
0.0502383486065444	-1.87932555483107	0.006	0.033	1	SNHG25	c28
0.00299609910607318	1.87854157337169	0.059	0.024	1	CEP128	c28
2.01996058549605e-06	1.87809425048628	0.076	0.023	0.0739325773897408	WDPCP	c28
0.000483722321103243	1.87728832768279	0.029	0.007	1	ZNF257	c28
1.06503746344133e-07	-1.87483483622154	0.094	0.276	0.00389814361994161	S100A13	c28
6.74162181003108e-05	1.87364402258764	0.024	0.004	1	POU5F2	c28
0.201260028243149	1.87337005031429	0.029	0.017	1	CCZ1B	c28
9.14111713685902e-06	1.87268114782028	0.135	0.059	0.334574028326177	AL512625.3	c28
0.135620084067437	1.87264566769977	0.024	0.011	1	ZNF584	c28
0.000868113503036482	1.87084024381851	0.012	0.002	1	ZC3HAV1L	c28
0.0969454522447393	1.87073848723272	0.012	0.004	1	AP003469.4	c28
0.112719486765536	-1.87018604944266	0.006	0.025	1	AC016065.1	c28
0.0918775007346013	-1.86949038777466	0.018	0.044	1	METTL6	c28
0.10287965067249	-1.8670080113117	0	0.015	1	AC083949.1	c28
6.7358319903377e-05	1.86699988566871	0.112	0.048	1	SCML1	c28
0.0126467451176436	-1.86687589031865	0.035	0.09	1	SAYSD1	c28
0.013079728602953	1.86633543090708	0.047	0.02	1	ZNF69	c28
1.95140821646262e-06	1.86542917206793	0.176	0.083	0.0714234921307485	SEMA3C	c28
0.262619033515229	-1.86522734716436	0.012	0.025	1	KATNAL1	c28
0.00277836099155763	1.86477336432466	0.053	0.021	1	RBAK	c28
0.420765422550422	-1.86467043728071	0.012	0.02	1	CACTIN	c28
0.120328321875258	-1.86294295201679	0	0.014	1	IER5L	c28
0.0523656261331344	1.86238048057483	0.012	0.003	1	ODC1-DT	c28
0.0229407795778423	1.8623478660423	0.018	0.005	1	AC084198.2	c28
0.111768517303278	1.8622771580706	0.035	0.019	1	ERI2	c28
0.0597126342637921	1.86130625498939	0.024	0.01	1	ARHGEF40	c28
0.000114579662475322	1.85999594748901	0.059	0.019	1	FUT10	c28
0.201191957460413	1.85769195612556	0.059	0.041	1	CLCN4	c28
0.000685673298854013	1.85748620996682	0.082	0.035	1	DOCK4	c28
0.147672723740016	-1.8513365356119	0	0.012	1	KCTD11	c28
0.233014013279543	-1.8509230845761	0.006	0.018	1	C2orf42	c28
0.00267192502622627	1.84984521594545	0.035	0.011	1	LINC00884	c28
0.00155831048259693	1.8498199561389	0.024	0.005	1	HIST1H1A	c28
0.0324049739852043	-1.84900463663065	0.006	0.037	1	RPS10-NUDT3	c28
0.00514144018406759	1.84804736746498	0.041	0.015	1	FMO5	c28
0.032629410656036	1.84750089777565	0.012	0.003	1	AC119673.2	c28
0.00752318542911966	1.84614997548615	0.029	0.01	1	FKRP	c28
0.00297440705688697	1.84538712172924	0.094	0.048	1	EFNB1	c28
0.0606300963959708	-1.8425313803082	0.012	0.04	1	METTL1	c28
0.00303575197998654	1.84201255513461	0.071	0.032	1	ZNF140	c28
0.00986625707126479	1.84163617378946	0.041	0.016	1	SEC22A	c28
8.18925104001236e-05	1.84156372624771	0.1	0.041	1	NET1	c28
4.1435135682347e-05	1.84013603847991	0.024	0.004	1	AMZ1	c28
0.000334530654757546	-1.84011102314027	0.012	0.092	1	MDK	c28
0.0143172551973058	1.83984908717558	0.029	0.01	1	ZNF682	c28
0.00312662619021135	1.83982690257212	0.053	0.021	1	SAMD4A	c28
0.379091730252089	1.83961577154178	0.024	0.015	1	CCDC71L	c28
1.68021157283093e-05	1.83876208916482	0.065	0.019	0.614974237771847	UBOX5	c28
0.402550229445176	1.83621355525993	0.018	0.011	1	FANCE	c28
0.00501561788981436	1.83282094178058	0.029	0.009	1	ZNF19	c28
0.0220699124401455	1.83220028773357	0.012	0.003	1	AL662797.1	c28
0.00335033803285957	1.83217068737184	0.059	0.025	1	PRKCE	c28
6.41666708140689e-05	1.8318217778745	0.053	0.015	1	MTMR1	c28
0.071811703727757	-1.83104976073671	0	0.019	1	AL157388.1	c28
0.0796436964922376	1.83082557532983	0.012	0.004	1	AC093525.7	c28
0.000109333503352737	1.83075524086626	0.053	0.016	1	CCDC142	c28
0.0392877376490404	1.83053176010364	0.024	0.009	1	AC100793.2	c28
0.00341146266505037	-1.83032950541829	0.012	0.069	1	GAPLINC	c28
6.3117895282876e-06	1.82911803295316	0.188	0.097	0.231017808524855	LINC02185	c28
0.0549063330683335	-1.82882831025806	0.006	0.032	1	DOLK	c28
0.000796188380257834	1.8285973585263	0.024	0.005	1	AVIL	c28
0.0728570944005791	-1.8278692690527	0.018	0.046	1	EEPD1	c28
0.0104841406795002	1.82772225379817	0.012	0.002	1	FP565260.6	c28
2.77266032854485e-05	1.82674361357837	0.153	0.074	1	SMAD5	c28
1.27026856286792e-05	1.82586560326056	0.059	0.016	0.464930996695288	ARL10	c28
2.14906492401508e-06	1.82450057519329	0.112	0.041	0.0786579252838758	NBPF11	c28
1.35182787233167e-05	1.8238821749249	0.153	0.073	0.494782519552114	ATP10A	c28
0.888427562890534	1.82229903249524	0.012	0.011	1	SPATA12	c28
0.0753502846814699	1.82209129120621	0.041	0.022	1	NSUN7	c28
0.0316848462724103	1.82178321763603	0.012	0.003	1	AC124319.1	c28
0.465950893870995	1.82148020895288	0.024	0.017	1	FBXO46	c28
0.0133791520473318	1.81857785289603	0.012	0.002	1	HOXB3	c28
9.31656694361645e-05	1.81748077656685	0.059	0.019	1	AC060780.1	c28
0.178646825059695	1.81714289117778	0.018	0.008	1	CATIP-AS1	c28
0.126019101964181	1.81629550150905	0.018	0.008	1	HDX	c28
0.00317612283309931	1.81621813713403	0.029	0.009	1	HDAC9	c28
0.0042422198658942	1.81620564914483	0.012	0.002	1	MYH3	c28
0.00110987846370469	1.81560970345127	0.041	0.013	1	UBR5-AS1	c28
0.00493368861640817	-1.81557356634218	0.018	0.075	1	FAM49A	c28
0.00157900107777456	-1.81539977800725	0.012	0.077	1	SHLD1	c28
0.18646317427612	-1.81360368047111	0	0.01	1	S1PR2	c28
0.000204905908487844	1.81318534000449	0.076	0.029	1	FOXK1	c28
0.352323734854709	-1.81203761188158	0.006	0.014	1	PPP1R13L	c28
0.674152447790273	1.81071080856423	0.012	0.009	1	TRAM2-AS1	c28
0.243443625119422	-1.80928103172595	0.012	0.026	1	POFUT2	c28
0.00302544184651943	1.808222894639	0.065	0.028	1	ARHGEF11	c28
0.0565699807055851	1.80768722825616	0.065	0.038	1	SCARB1	c28
0.364791588185156	1.8069998753708	0.012	0.006	1	AC104794.3	c28
0.178626121524715	-1.80694825535445	0	0.011	1	ZBTB3	c28
3.02903556618161e-06	1.80598071773818	0.059	0.015	0.110865730757813	NOTCH2NLA	c28
0.000105454339274541	1.80495343390153	0.129	0.062	1	ITPRIPL2	c28
0.0526704111759226	1.8049271967677	0.018	0.006	1	PLBD1-AS1	c28
0.207707749958214	1.80411435312537	0.012	0.005	1	NT5DC3	c28
0.717526833802379	1.80389968519022	0.012	0.015	1	DLEU7	c28
0.0197431625782509	-1.80129171803749	0.006	0.042	1	KAZALD1	c28
0.742178714724752	1.8002210819557	0.012	0.009	1	GPR160	c28
0.798327537715565	1.79944465118475	0.012	0.01	1	DNMBP	c28
1.27675909797141e-05	-1.79849969346138	0.294	0.394	0.467306597448517	CD9	c28
0.116538995520771	1.79602513585773	0.012	0.004	1	AC091057.2	c28
0.00835856376860978	1.79142330986608	0.041	0.016	1	C19orf54	c28
2.79077960970968e-05	1.7883757198222	0.065	0.02	1	MSH5	c28
0.0674726752917438	1.78668207626209	0.018	0.006	1	NREP	c28
0.110445303875154	-1.78440375447882	0	0.015	1	NEURL1	c28
0.817740287109435	1.78342898486872	0.012	0.01	1	RHOBTB1	c28
0.00107788620225814	1.78311655246082	0.024	0.005	1	KIAA0408	c28
0.507620774638402	1.78232979080051	0.012	0.007	1	TPRN	c28
0.0522462981040051	1.78121115058646	0.024	0.009	1	ZNF546	c28
0.0104876622232451	1.78073055997288	0.012	0.002	1	SERPINE2	c28
0.0812041825373064	-1.77978870256458	0	0.018	1	MED14OS	c28
0.391239924342875	1.77927391905057	0.018	0.011	1	ZNF813	c28
0.0923420886570835	1.77919492683685	0.018	0.007	1	ASB2	c28
0.876050032022402	1.77915586948139	0.029	0.028	1	IL17RB	c28
0.000391498025366456	-1.77901046091549	0.359	0.405	1	CFD	c28
0.0381281746386093	1.77881451165196	0.053	0.028	1	L1TD1	c28
0.00205931223019761	1.77843119299895	0.024	0.006	1	SEC14L2	c28
7.44981011417121e-06	1.77805509792371	0.076	0.024	0.272670499988781	C2CD2	c28
0.160650110548182	-1.77786078016277	0.018	0.038	1	TRGV10	c28
0.193016976467378	-1.77758046566978	0	0.01	1	AC026785.2	c28
0.0488119880786711	1.77728895283553	0.018	0.006	1	TRAIP	c28
0.273977060401278	1.77700681167193	0.029	0.018	1	ZKSCAN4	c28
0.00231376641216035	-1.7762483228454	0.018	0.083	1	SMUG1	c28
0.00011938269654477	-1.77596827582305	0.041	0.148	1	NENF	c28
0.0054392042795831	1.77560091178233	0.018	0.004	1	HYKK	c28
0.526495410965753	1.7747949057674	0.012	0.008	1	QSOX2	c28
0.169351375395049	-1.77395093187292	0	0.011	1	PLA2G7	c28
0.000731901217054983	1.7727595585622	0.076	0.032	1	TECPR2	c28
0.0644218565345982	1.77056274060439	0.012	0.003	1	AC004771.3	c28
0.033078777346421	1.77041432485063	0.018	0.006	1	GVQW3	c28
0.00729661436452235	1.76991681027521	0.018	0.004	1	LINC00685	c28
0.0159505008956081	1.7696895919846	0.018	0.005	1	AC092164.1	c28
0.00156680609176401	1.76920712631369	0.088	0.041	1	CTTNBP2NL	c28
0.604165295197204	-1.76874547463458	0.024	0.03	1	TRAV3	c28
0.204819387190138	-1.76866790836277	0.006	0.019	1	PCLAF	c28
0.103890635913973	1.76728381807197	0.024	0.011	1	FUT4	c28
0.00113457483217821	-1.76682685416033	0.688	0.571	1	CST3	c28
0.199837431090316	-1.76668389987698	0	0.01	1	UHRF1	c28
0.164378337771058	1.76592954481805	0.012	0.005	1	AMER1	c28
3.76440362071176e-05	1.76488487944368	0.124	0.055	1	INPPL1	c28
0.0130780966722345	1.76428618719704	0.024	0.007	1	MPZ	c28
0.00174112643179144	1.76393495750907	0.053	0.02	1	MEAK7	c28
0.00491807778546426	1.76298145098989	0.018	0.004	1	CBWD3	c28
0.0087619135435657	1.76133547090134	0.012	0.002	1	AP001107.9	c28
2.93354080272291e-06	1.75892184016273	0.129	0.052	0.107370526920461	WDR73	c28
0.201004564986952	1.75853362297389	0.041	0.026	1	CUEDC1	c28
0.00742940838265272	1.75800950129179	0.018	0.004	1	C9orf139	c28
0.00867861881444236	1.75614512185827	0.024	0.007	1	ZNF594	c28
0.00410393212540637	1.75590391562199	0.024	0.006	1	ZFYVE9	c28
0.216087929372685	1.75589870218351	0.012	0.005	1	DUXAP8	c28
1.63282270198865e-07	-1.75487564576937	0.106	0.283	0.00597629437154865	TREM2	c28
0.176261394877889	1.75404027263607	0.018	0.008	1	EPM2A	c28
0.0568520971025914	-1.75327881186899	0.006	0.031	1	BYSL	c28
0.354127747936497	-1.75322996070238	0.012	0.022	1	GNPDA2	c28
0.0136958760549034	-1.75315017299172	0.024	0.073	1	GNGT2	c28
0.0960995130922131	1.75300793696275	0.059	0.036	1	FNIP2	c28
0.0999379080634405	-1.75257427896062	0.018	0.043	1	C17orf75	c28
0.00506825356258319	1.75253724669915	0.018	0.004	1	AGAP5	c28
0.189913479757842	1.75217547972478	0.012	0.005	1	MICU3	c28
3.23405178191707e-05	1.75066296838915	0.047	0.012	1	TPCN1	c28
0.521168028936373	-1.75058130415916	0.006	0.011	1	TRAV2	c28
0.583536834188445	1.75056330959763	0.012	0.008	1	LRRC20	c28
0.201623523613242	1.75037124929847	0.012	0.005	1	TJP3	c28
0.0455626754756113	1.7498830822754	0.024	0.009	1	PYCARD-AS1	c28
0.0114109064036074	1.74925624255968	0.041	0.017	1	ZNF786	c28
0.0633099270771986	-1.74859461852121	0.006	0.03	1	BLOC1S3	c28
0.120517995403478	1.74786934925829	0.018	0.007	1	CIT	c28
0.0374938781303469	1.74779596820999	0.082	0.05	1	CR1	c28
0.741323401330355	-1.74699903216865	0.018	0.021	1	FASLG	c28
7.50173119926311e-06	1.74677807504979	0.088	0.03	0.274570863624229	SLC4A8	c28
0.0304472948260645	1.74673564036178	0.024	0.008	1	PLK1	c28
0.0362754129730419	1.74496558957619	0.012	0.003	1	AC079807.1	c28
1.49804592834195e-05	1.74483236727387	0.018	0.002	0.548299790232438	LINC02595	c28
0.677795050137047	1.74469422650296	0.029	0.025	1	SRRD	c28
0.00905222835808198	1.74420826177213	0.018	0.004	1	SUMO4	c28
0.0469898699172732	1.74352446728985	0.053	0.028	1	AC103691.1	c28
6.58053706771087e-05	1.7432130144077	0.065	0.021	1	RECQL5	c28
0.0320067927699827	1.74303103738561	0.018	0.005	1	AL137003.1	c28
0.0103689787314559	1.74293810187986	0.018	0.004	1	LUCAT1	c28
0.00014490958721443	1.74210684362376	0.065	0.022	1	MTUS1	c28
0.135642372570783	1.74039960678981	0.047	0.029	1	MTFR1	c28
0.0653293536731608	-1.7402338869883	0	0.02	1	CDC42EP4	c28
0.0156299796126446	1.73975639006995	0.012	0.002	1	AC136475.3	c28
0.381510439112767	1.73919144769809	0.029	0.02	1	RMDN2	c28
2.8437979810268e-06	1.7380828451523	0.076	0.023	0.104085849903562	FAM193B	c28
0.005463017265103	1.73804642903908	0.053	0.022	1	ZNF197	c28
0.135308027092736	1.7377959421149	0.012	0.004	1	POLR2J2	c28
0.415290085792962	1.7376115495425	0.035	0.026	1	CASP5	c28
0.00019479489532461	1.73722562802782	0.082	0.033	1	NCKAP5L	c28
0.0642768925935806	1.73581529926825	0.012	0.003	1	AC003681.1	c28
6.30719697736134e-06	1.7340645546724	0.041	0.009	0.230849716568402	SEC31B	c28
4.97415074504582e-05	1.73381317392075	0.041	0.01	1	AC012020.1	c28
0.456176796830864	1.73365897904915	0.118	0.101	1	AL627171.2	c28
2.6747548763167e-05	1.73354718627628	0.112	0.046	0.978987032280675	XPO5	c28
0.955200703715223	1.73307779079313	0.035	0.035	1	LRFN4	c28
0.00807403554197412	1.73254707533555	0.071	0.035	1	SLC27A1	c28
0.165208801916576	1.7317304486215	0.018	0.008	1	RALY-AS1	c28
0.00240914738743465	1.73111397361419	0.141	0.084	1	B3GNT5	c28
0.0324916667914924	1.73029120187751	0.018	0.005	1	TXNRD3	c28
0.160797500605167	-1.72942491702543	0.006	0.021	1	ALDH1B1	c28
0.0283566398232604	1.7292360690858	0.012	0.003	1	AC007038.2	c28
0.0654393976451101	1.72861934862865	0.012	0.003	1	AC005632.3	c28
0.00112075159481438	1.72841781346646	0.018	0.003	1	AC015871.7	c28
0.00126789158092169	1.72548482894497	0.047	0.016	1	LINC02591	c28
0.498938534305063	-1.7252012990296	0.018	0.026	1	FBLN7	c28
0.0807210109030588	-1.72456834837452	0	0.018	1	LINC02577	c28
0.238379774229421	1.72384947736976	0.024	0.013	1	ZNF343	c28
0.319159217564193	-1.72326373657545	0.024	0.038	1	APOBEC3H	c28
0.000183252474668994	1.72318092249991	0.029	0.006	1	LINC01001	c28
0.0606063077017326	1.72289283837278	0.012	0.003	1	TAS2R14	c28
0.101717966089955	1.72266055282259	0.024	0.011	1	ZNF595	c28
1.50473436411299e-05	1.7209813066748	0.129	0.056	0.550747824608995	ZNF316	c28
0.00469857535827222	1.72037072578925	0.029	0.009	1	AC034236.2	c28
0.705993385578195	1.71999316402042	0.012	0.009	1	AC009119.1	c28
0.338986137278373	1.71932450388981	0.029	0.019	1	RASSF8	c28
3.68386225307343e-05	1.7191562426221	0.071	0.023	1	ZNF552	c28
4.14428068914714e-06	1.71770650066308	0.088	0.029	0.151684817503474	PPP1R37	c28
1.79238232355866e-06	1.71662706564152	0.271	0.159	0.0656029854245704	GK	c28
0.105195352266251	-1.71537885624032	0	0.015	1	PDLIM4	c28
0.144107095363689	1.71495267093824	0.012	0.004	1	GINS1	c28
4.05076216173699e-05	1.71467816280313	0.047	0.012	1	LINC00921	c28
0.441283382451819	1.71458565834301	0.018	0.011	1	F12	c28
0.281310789169341	1.71436567687157	0.018	0.01	1	CASTOR2	c28
0.000626240450981852	1.71392294722204	0.118	0.059	1	ITSN1	c28
0.00121204365465339	1.71364575526797	0.088	0.041	1	WDFY3	c28
0.00279942186985204	-1.71228663017493	0.041	0.116	1	SERTAD3	c28
0.0508005531060996	-1.71034627417758	0.006	0.032	1	RHOD	c28
0.0919179783178677	1.71008975144716	0.018	0.007	1	DIP2C	c28
5.29418880897783e-05	1.70851077214749	0.147	0.072	1	AGPAT4	c28
0.61483539374142	1.70639981207372	0.012	0.008	1	UGDH-AS1	c28
0.0183885460289414	1.70574167874445	0.059	0.029	1	VPS54	c28
1.68489899765571e-06	-1.70422858427672	0.141	0.297	0.0616689882131966	PILRA	c28
0.0812236263883184	1.7041590929754	0.035	0.018	1	MED20	c28
6.72963913546435e-05	1.70364165246033	0.065	0.021	1	ZNF606	c28
6.21144027276819e-05	1.70267686282009	0.041	0.01	1	ZNF782	c28
1.08265634393809e-06	-1.7026272066033	0.076	0.24	0.0396263048444779	SNAPIN	c28
0.615576811969812	1.70176220600992	0.018	0.013	1	AL162258.2	c28
0.902366009293979	1.70159386809176	0.012	0.011	1	ANKRD9	c28
0.210535968991211	-1.70159018478905	0.024	0.043	1	AC026979.2	c28
0.000658711341701023	1.70017948852741	0.041	0.012	1	AL691432.2	c28
0.310144324703339	1.69855042674854	0.024	0.014	1	AL772337.2	c28
0.000340849668070695	1.69829681644305	0.1	0.045	1	TRAK1	c28
0.0559862254939792	1.69738148009687	0.024	0.009	1	AL645728.1	c28
0.00422699254394547	1.69701322663042	0.065	0.029	1	AC240274.1	c28
0.0123108662939421	1.69608907576563	0.024	0.007	1	LERFS	c28
0.0525055916954525	1.69508300650324	0.024	0.009	1	VASH1-AS1	c28
0.00790887963782911	1.69503565668724	0.024	0.007	1	CAPN10-DT	c28
0.0132193763384325	1.6944870040774	0.024	0.007	1	CCDC149	c28
0.0905933932655424	1.69433379073915	0.029	0.014	1	FAXDC2	c28
0.562321995571921	-1.69426503307146	0.006	0.01	1	ETV2	c28
0.074528869822234	-1.69240482360642	0.018	0.046	1	SPSB2	c28
0.00309112653693629	1.69070716740441	0.065	0.028	1	PLEKHG3	c28
0.00115037061261592	1.6905379710832	0.047	0.016	1	GDAP1	c28
0.000367598057048151	1.69024509144398	0.053	0.017	1	AC012368.1	c28
0.000531081805684948	1.68806631761655	0.018	0.003	1	AC116158.3	c28
0.377783525201389	1.68629580828438	0.018	0.011	1	CRIPAK	c28
0.129551952086581	1.68606421673334	0.029	0.015	1	PKP4	c28
0.161593800662735	1.68440555580381	0.088	0.065	1	MGAT3	c28
0.0282736074449925	-1.68418718500981	0.047	0.096	1	MRPL1	c28
0.309155725608168	1.68390635848348	0.018	0.01	1	THBS3	c28
0.0083907458903633	1.6833475553866	0.118	0.071	1	SLC19A3	c28
1.4847995065179e-06	1.68318490820936	0.094	0.031	0.0543451467380616	DLEU1	c28
0.235733076387163	1.68160043623466	0.024	0.013	1	ATP9A	c28
0.000659099343285199	1.68064104462779	0.024	0.005	1	ARNTL2	c28
0.00923271892434951	1.6794673960608	0.047	0.02	1	CTIF	c28
0.00815962496308508	1.67913895964908	0.029	0.01	1	ZNF888	c28
1.41680070155818e-06	1.67902263458029	0.041	0.008	0.0518563224777308	AL135791.1	c28
9.87588723178548e-06	1.67657540862597	0.041	0.009	0.36146734857058	FAM106A	c28
0.000122669408893537	1.67627184175494	0.094	0.039	1	STARD4	c28
0.00135441384796153	-1.67500221936907	0.059	0.147	1	ISCA2	c28
0.0138777956484903	1.67443733074051	0.065	0.032	1	ZNF646	c28
4.4665160021209e-05	1.67392421384896	0.124	0.055	1	ATP11A	c28
0.0107105419932105	1.6735150454082	0.035	0.013	1	AC007216.4	c28
0.594844143851758	1.67313389800116	0.018	0.013	1	ZNF503	c28
0.000164760590736402	1.67312877814991	0.071	0.025	1	ZNF623	c28
0.0484137440133348	1.67271269222444	0.035	0.016	1	RFC3	c28
0.0883007568073379	-1.67229955403865	0	0.017	1	TMEM37	c28
0.204596536470313	1.67215432428747	0.065	0.046	1	LINC01645	c28
0.014321435020661	1.67200146696192	0.053	0.024	1	ZNF282	c28
0.00181410465414612	1.67186402006251	0.012	0.002	1	COLGALT2	c28
0.115743362744001	-1.67159461160896	0	0.014	1	STS	c28
0.00537033076453667	1.67153631462866	0.135	0.083	1	KMO	c28
0.000528875294993446	1.67075550378127	0.053	0.018	1	CARMIL1	c28
2.55266647432092e-05	1.67005937300893	0.224	0.129	0.934301456266199	PDK4	c28
0.465577207000566	1.66987799618509	0.012	0.007	1	GABBR1	c28
0.824038875636703	-1.66985519541277	0.047	0.05	1	RNASE1	c28
0.00519312598629324	1.66918405717374	0.024	0.006	1	AC099778.1	c28
0.00188386114684257	-1.66892372722154	0.076	0.167	1	MRPS11	c28
0.0552819477120661	-1.66791988169002	0.006	0.032	1	DPCD	c28
0.487583618035399	-1.66741570147258	0.012	0.019	1	MKI67	c28
2.79552128976667e-06	1.66736484505965	0.071	0.02	0.10231887472675	ZNF8	c28
8.50133221851295e-06	1.66641575605401	0.224	0.124	0.311157260529792	THBS1	c28
0.718819143157616	-1.66569856757043	0.018	0.022	1	PPBP	c28
0.00018778183941254	1.66520459267121	0.165	0.091	1	FGD4	c28
0.00221140062766678	1.6622980362572	0.053	0.02	1	ZNF341	c28
0.130588629901605	-1.6622423173931	0.012	0.032	1	OXSM	c28
0.00516504011487381	1.66162649482285	0.112	0.063	1	NPLOC4	c28
0.199055690115912	1.6609666662323	0.029	0.017	1	TJP1	c28
0.0220040030788186	1.65820597827049	0.071	0.038	1	EPB41L2	c28
0.00016038629162689	1.65741967507971	0.129	0.063	1	TTL	c28
0.00879526720759573	1.6563041111087	0.071	0.035	1	PLD1	c28
0.0510024661006705	1.65552149928168	0.012	0.003	1	AC110769.2	c28
0.0667585227990035	-1.65534814276641	0	0.019	1	DNALI1	c28
0.895205417580823	1.6553324854544	0.024	0.022	1	KRT79	c28
2.83010091653851e-05	-1.65500480857409	0.035	0.155	1	SRD5A3	c28
0.0004785379916637	1.65465931821955	0.059	0.021	1	ENGASE	c28
0.110240102557372	1.65397604820107	0.053	0.032	1	LRRC75A	c28
0.243727116508213	1.65397120039831	0.018	0.009	1	ATP8B3	c28
0.00772853133963577	1.65382112511439	0.035	0.013	1	WDR19	c28
0.0694603953903855	1.65329498172062	0.012	0.004	1	GAS2	c28
0.042520285815249	1.65321701024031	0.035	0.016	1	SNX21	c28
0.12974363218351	1.65316131635131	0.065	0.043	1	PLCB3	c28
0.25141425722741	-1.65143369656209	0.141	0.164	1	APOC2	c28
0.0110596208395115	1.65134019885529	0.176	0.126	1	LILRB3	c28
0.541803449098194	1.65120595752227	0.012	0.008	1	AC048382.5	c28
1.12228566761437e-05	1.65062462313288	0.229	0.132	0.410767777203537	SLC8A1	c28
0.0529412176905295	-1.64970233917405	0.029	0.067	1	PNMA1	c28
0.620216307486838	-1.64898837282385	0.018	0.023	1	PRR5L	c28
0.0445568398342917	1.64867284582385	0.024	0.009	1	PRKN	c28
0.0899056301541013	-1.64859986222489	0	0.017	1	ADORA1	c28
0.00405403825857738	1.64810622550475	0.029	0.009	1	TSPOAP1	c28
0.000248974996085629	1.64754297487687	0.053	0.017	1	SOCS5	c28
0.22328230216688	1.64621310970631	0.018	0.009	1	FANCC	c28
0.000172552362058289	1.64600970324811	0.094	0.039	1	TOM1L2	c28
0.00695342046269123	1.64543021396714	0.053	0.023	1	FXR2	c28
0.249683368769722	1.64430362268628	0.047	0.032	1	SORD	c28
0.00335019229674048	1.6442372760937	0.012	0.002	1	AC016831.7	c28
0.125885960872595	-1.64347868119667	0	0.014	1	UBTD2	c28
0.0653712926320383	1.64338909716997	0.024	0.01	1	PLA2G4C	c28
0.239127549030859	-1.64337874019264	0.012	0.026	1	VANGL1	c28
0.00012627912656545	1.64276054012406	0.024	0.004	1	AF213884.3	c28
0.00407247413576074	1.64192985888559	0.041	0.015	1	PFAS	c28
0.000265461068448592	1.64157318499484	0.076	0.03	1	RYK	c28
0.00108015160332932	1.64056817302177	0.018	0.003	1	SMC5-AS1	c28
0.188273778114803	1.64013727714932	0.024	0.012	1	AKR1E2	c28
0.45790105882013	1.63971768522659	0.012	0.007	1	NFIX	c28
0.00144316234530768	1.63967777240555	0.041	0.013	1	STAG3	c28
0.393487810318035	-1.63905322307615	0.018	0.028	1	TCF3	c28
0.180349990224877	1.63827738827565	0.035	0.021	1	PFKFB2	c28
0.180162986407916	-1.63766218068833	0	0.01	1	AC133552.5	c28
0.81159117985263	1.63751168225199	0.012	0.01	1	CDK20	c28
0.722894004111171	1.63739097962584	0.018	0.015	1	GMEB2	c28
0.0759381130241531	1.63687280160433	0.053	0.03	1	CACNB3	c28
0.0204644707612642	-1.63686173185253	0.012	0.051	1	HAGHL	c28
0.121568804531099	-1.63653342842252	0.006	0.024	1	ZNF570	c28
1.6683892658764e-05	1.63508812574259	0.124	0.052	0.61064715520342	TEP1	c28
5.3443576153445e-06	1.6340776349204	0.194	0.1	0.195608833079224	CTNND1	c28
0.842926161290988	1.63405744799092	0.053	0.051	1	ASB13	c28
3.45451720291568e-06	1.6339270802187	0.129	0.052	0.126438784143917	AGO1	c28
0.0699701345849792	1.63369086210251	0.024	0.01	1	ZNF879	c28
0.000223887539332373	1.63234271947604	0.1	0.044	1	ANGEL1	c28
0.0550907601267688	1.63162204209116	0.035	0.017	1	KIF9-AS1	c28
0.609811394323974	1.63121385308131	0.006	0.01	1	SOBP	c28
0.0605864449728188	1.63102382211953	0.012	0.003	1	C1QTNF6	c28
0.156417742554096	1.62977165988338	0.018	0.008	1	LCMT2	c28
0.0336159002861216	-1.62828111179804	0.018	0.055	1	PPCDC	c28
0.0140582855634867	-1.6274764145221	0.012	0.055	1	VTN	c28
2.46270595767708e-06	1.62692405230172	0.106	0.038	0.0901375007569389	ACSM3	c28
0.0171550687995622	1.62549063600089	0.024	0.008	1	EPB41L5	c28
0.00590680441240982	1.62520808906222	0.082	0.042	1	CD5L	c28
3.5317983710781e-06	-1.62476670320017	0.1	0.253	0.12926735217983	FCGR1A	c28
0.0107348436524083	1.62468292866791	0.153	0.104	1	UNC5B	c28
0.64656905159063	1.62422147018304	0.012	0.009	1	TMTC1	c28
0.000133525872881227	1.6232554787302	0.065	0.022	1	SPATA5L1	c28
0.0161042035046095	1.62294356514579	0.053	0.025	1	MIGA2	c28
0.0146064474483485	1.62260309616755	0.065	0.033	1	HCG11	c28
0.0152656551453812	1.62254842783471	0.029	0.01	1	ALG10	c28
0.113363822109406	1.62139746715545	0.012	0.004	1	AC008537.4	c28
0.0538945677554846	1.62139284267901	0.071	0.043	1	PVR	c28
0.0523104248651594	1.62094195589253	0.018	0.006	1	AC009403.1	c28
0.27743261875	1.6200820061823	0.035	0.023	1	ZNF680	c28
0.0361783665647154	1.6197375532358	0.053	0.027	1	ALDH7A1	c28
0.0172936821922644	1.61924369864833	0.047	0.021	1	ADCK1	c28
9.43962052601407e-06	-1.61905881227409	0.094	0.242	0.345499550872641	TMED3	c28
0.00480415679627859	1.61904791145598	0.012	0.002	1	HTR6	c28
0.0200569507523728	1.61896052489906	0.076	0.043	1	TBC1D16	c28
0.0309362891503449	1.61889302657625	0.041	0.019	1	SS18L1	c28
0.508499646199497	1.61681639296364	0.012	0.007	1	TLCD4	c28
0.818850088294522	1.61527263445462	0.024	0.021	1	ZBTB8A	c28
0.182008753769517	1.61518758769034	0.012	0.005	1	MINDY4	c28
0.450613046962581	-1.61489390159358	0.006	0.012	1	CFH	c28
0.462472294722339	1.61448595208877	0.012	0.007	1	C17orf97	c28
0.00290748550583787	1.61413169453621	0.065	0.028	1	DBT	c28
0.0181356481278809	1.61411075595208	0.076	0.042	1	PER2	c28
0.0413011429134015	1.61403362648729	0.012	0.003	1	AL133338.1	c28
0.134410030883294	-1.61377164782491	0.012	0.032	1	CDPF1	c28
0.0208754150157797	1.61338240799138	0.041	0.018	1	TENT4A	c28
0.489741965995424	1.613289356569	0.012	0.007	1	TBX19	c28
0.00629168185197403	-1.61260826711532	0.747	0.601	1	C1QA	c28
0.0141526891322727	1.61224328009724	0.065	0.032	1	TMEM170B	c28
0.000311726293023308	1.61115928306987	0.112	0.052	1	EEF2K	c28
0.000452212279421801	1.61000196723159	0.018	0.003	1	LAYN	c28
8.73313359893857e-05	1.60896767810074	0.082	0.031	1	GTF2H2	c28
0.164516418486763	-1.60892932704032	0.012	0.03	1	SPAG16	c28
0.0587463099064604	-1.60829596138997	0.006	0.031	1	KCNAB1	c28
2.32553220654414e-05	1.60828502365786	0.059	0.017	0.851168042917221	ACAD11	c28
0.942099765723482	1.60823932604218	0.012	0.011	1	NEFH	c28
0.287378134189726	1.60803213963496	0.041	0.028	1	TRPC6	c28
0.238142007423378	1.6078236200647	0.035	0.022	1	TLR2	c28
3.13858781887694e-06	1.60695737498266	0.135	0.056	0.114875452758715	KIF1B	c28
0.000228979936507664	1.60602339266753	0.029	0.007	1	AC005332.5	c28
0.132544674072706	-1.60449731020947	0	0.013	1	GNG11	c28
0.000424865072485254	1.60405037944066	0.047	0.015	1	ZNF514	c28
0.0631178511834089	-1.60353370404758	0.118	0.163	1	HLA-DQA2	c28
0.172564713955024	1.60347370644775	0.012	0.005	1	ZNF443	c28
0.0098033308203674	-1.60320820159132	0.012	0.059	1	PXMP4	c28
0.017927585615298	-1.60275686522509	0.041	0.095	1	CAMP	c28
0.00351502589343043	1.6026392535914	0.047	0.018	1	KANTR	c28
0.0366082750795741	1.60187249139573	0.053	0.027	1	ZNF701	c28
0.0186363998362402	1.60185440162748	0.024	0.008	1	TMEM9B-AS1	c28
0.00039940717957595	1.60042454748119	0.047	0.015	1	DISC1	c28
0.227965251173278	1.59961745032788	0.018	0.009	1	IL27	c28
0.269373167159775	1.5994581329705	0.047	0.033	1	IFITM10	c28
0.071811703727662	-1.59834680357613	0	0.019	1	LINC01506	c28
0.00476387051708313	1.59584988607175	0.059	0.025	1	RNF169	c28
0.0174994536536072	1.59428129408297	0.041	0.017	1	MYO7B	c28
0.0454302786560932	-1.59378874058475	0.012	0.043	1	TESK1	c28
0.00207126632808716	1.59368935871571	0.124	0.069	1	ANO5	c28
2.6757086743338e-06	1.59341824328895	0.1	0.035	0.0979336131892916	ABCC10	c28
0.000132353446370114	-1.59292531605643	0.029	0.13	1	SPARC	c28
0.327102422169095	1.59213435944543	0.024	0.015	1	RAB39A	c28
5.28565220437668e-06	1.59131403682748	0.094	0.033	0.193460156332391	GBA2	c28
0.0016262771488942	1.59104584624835	0.082	0.038	1	SETD4	c28
0.0139426899013044	-1.5907880334928	0.035	0.09	1	SLC39A4	c28
0.00169205429339957	1.58948937599197	0.112	0.059	1	IL1RAP	c28
0.00129527232713406	1.58895690923047	0.212	0.142	1	ABCC3	c28
7.07315713518231e-05	1.5886151536638	0.135	0.064	1	ZMYM4	c28
0.0298082248327483	1.58779620284365	0.018	0.005	1	AC244033.2	c28
0.442961978919008	1.58778358960816	0.012	0.007	1	C15orf65	c28
0.228820385756135	1.58757778687908	0.012	0.005	1	BRIP1	c28
0.00283605568789767	1.58697334904268	0.029	0.008	1	AOPEP	c28
0.623516228947189	1.5862931462998	0.006	0.01	1	CCNA2	c28
0.146841364629819	-1.58573503369204	0.024	0.047	1	CHCHD6	c28
0.00209644168615908	1.58544997028306	0.147	0.088	1	BACE1	c28
0.194967159931013	1.58533469272688	0.018	0.009	1	CHRM3	c28
0.000223692017196676	1.58322645208637	0.053	0.017	1	ADAMTS6	c28
0.00122130374918208	1.58255486877231	0.018	0.003	1	AC048341.1	c28
0.000424885833154329	1.58092707561905	0.059	0.021	1	ZBTB10	c28
0.00283479193338135	1.57967640907766	0.118	0.065	1	CPED1	c28
0.00150352149022862	1.57953905735888	0.035	0.01	1	KCNQ1OT1	c28
0.086380580638141	-1.57932603294658	0	0.017	1	LYPD5	c28
0.0507052099591765	1.57863727998504	0.024	0.009	1	POC1B-AS1	c28
2.22723550670057e-05	1.57773894108856	0.176	0.09	0.815190467807477	DDI2	c28
0.17766329793817	1.57730177682371	0.035	0.021	1	RHOBTB3	c28
0.0120866490313875	1.57648083269571	0.071	0.036	1	BBS4	c28
0.120592869874155	-1.57569709512735	0.035	0.064	1	UBE2S	c28
0.233254591362739	1.57499877411234	0.041	0.027	1	AC127502.2	c28
0.00740100293226159	1.57438466881476	0.088	0.047	1	ARHGAP24	c28
1.09820780891359e-05	1.57421263568277	0.124	0.052	0.401955040140463	MIR22HG	c28
2.85561291712318e-06	1.57398923220059	0.229	0.124	0.104518288379626	MOSPD2	c28
0.0899890645625128	1.57381191583918	0.029	0.014	1	TTC23	c28
0.000655277344162949	-1.57290388579218	0.353	0.396	1	S100A9	c28
0.00292541779723821	1.57242151418632	0.071	0.031	1	TUBE1	c28
0.00110327899241013	1.57240215210545	0.059	0.022	1	ZNF764	c28
0.258181388096238	1.57225271867249	0.018	0.009	1	VPS13B-DT	c28
0.00236614603124453	1.57189003708114	0.088	0.043	1	NIFK-AS1	c28
0.00345085873820806	1.57181277400202	0.041	0.014	1	TMEM79	c28
0.597454107191709	1.5703193293722	0.012	0.008	1	AC022509.3	c28
0.0911344261725546	1.56871412839601	0.018	0.007	1	OPRL1	c28
0.0309398089806943	1.56832648681947	0.024	0.008	1	AC019080.1	c28
0.00099953479479365	-1.56670762415832	0.047	0.134	1	AC244090.1	c28
0.17071751963187	1.56595420879761	0.012	0.005	1	AC110611.2	c28
4.04131818079175e-06	1.56530361619386	0.135	0.056	0.147916286735159	SESTD1	c28
0.231115437510694	1.56490839469376	0.029	0.018	1	CXADR	c28
0.147945393961023	1.56479285209625	0.024	0.012	1	AL359237.1	c28
0.0746711434536644	1.56308029280982	0.024	0.01	1	LINC01891	c28
1.4052146199746e-05	1.56229450846735	0.1	0.037	0.514322603056902	PKD2	c28
0.00640616621725644	-1.56213082142768	0.029	0.09	1	C5orf15	c28
0.0321673574999521	1.55981848726689	0.047	0.023	1	FDXACB1	c28
0.0105943918840296	1.55778305913658	0.018	0.004	1	NEURL2	c28
0.129835936228648	-1.55762568795321	0	0.013	1	HOMER3	c28
0.015704550741894	1.55730785482244	0.053	0.025	1	TAF5L	c28
0.0200694727890741	1.55706757878333	0.082	0.047	1	KLHDC10	c28
0.0709148214926358	1.55681683598442	0.071	0.044	1	LSAMP	c28
0.000290681422862722	1.55666837270794	0.059	0.02	1	AARS2	c28
0.189858696604296	1.55636642294415	0.012	0.005	1	AC067852.5	c28
0.804873774594609	1.55630249941294	0.012	0.01	1	UBE2D3-AS1	c28
0.0474388059356152	1.55613353965269	0.029	0.013	1	LINC02693	c28
0.00877676229224277	1.55599913846269	0.024	0.007	1	LINC01534	c28
0.207889311577398	1.55539784538821	0.059	0.041	1	EPB41L4A	c28
0.00533177375497576	-1.55516305462945	0.012	0.065	1	FOLR2	c28
0.0599351554022562	1.55509551276087	0.041	0.021	1	PTGFRN	c28
0.173976230353604	-1.55378879996116	0.006	0.021	1	SERPINI1	c28
0.00963680300686929	1.55342660225632	0.053	0.023	1	GCNT2	c28
0.000277313079873668	1.55338227986218	0.118	0.056	1	GANC	c28
8.34146858950196e-06	-1.55326210564279	0.112	0.266	0.305306091844361	BLVRB	c28
0.0746073415342297	-1.55305323372796	0.024	0.055	1	EXT2	c28
0.000105522071260926	1.55272590206902	0.053	0.016	1	AHCYL2	c28
0.0005988952756466	1.55248542915235	0.041	0.012	1	TLR6	c28
0.0887765724178216	1.55117639518414	0.059	0.036	1	TMEM129	c28
0.0162603105577452	1.54933838783145	0.035	0.014	1	GPR85	c28
0.0877726059445805	-1.54911578664136	0	0.017	1	U62317.4	c28
2.35418890650233e-05	1.54846521562898	0.112	0.045	0.861656681668917	METTL2B	c28
0.0476055735857408	1.54834705374521	0.029	0.013	1	KIF27	c28
0.000217792408957183	1.54816295588865	0.159	0.086	1	NUP62	c28
0.161024139478921	1.54798287834214	0.012	0.005	1	MELTF	c28
0.252715902483513	-1.54795379638851	0.006	0.017	1	ZBTB22	c28
0.181987664150187	1.54670807245476	0.029	0.017	1	ARMCX2	c28
0.00137192955402777	1.54585122347404	0.065	0.026	1	ZNF780B	c28
0.456915118858477	1.54559727358657	0.012	0.007	1	NOL3	c28
0.0713530452497732	1.54531767013609	0.047	0.026	1	MAFK	c28
0.0105476896873592	1.54492039243059	0.012	0.002	1	HEMGN	c28
0.0737232716925876	1.54479540247989	0.047	0.026	1	ZNF605	c28
0.000918043685306821	1.54444914232792	0.135	0.075	1	STIMATE	c28
3.27834867385408e-06	1.54411995242385	0.118	0.045	0.119990839811733	TSC22D2	c28
0.0213887374405861	1.54363209234091	0.012	0.003	1	FRMD6-AS1	c28
0.00917716812482699	1.54308783553863	0.012	0.002	1	CEP295NL	c28
0.0425009701741615	1.54253098648055	0.041	0.02	1	NEK8	c28
7.71041664379889e-06	1.54210580608563	0.1	0.036	0.282208959579683	MED14	c28
3.14734595295014e-06	1.54184207786939	0.065	0.018	0.115196009223928	INTS6-AS1	c28
0.000182514283407099	1.5414645848887	0.041	0.011	1	TRAF3IP2-AS1	c28
0.1106701090371	-1.5410939950597	0	0.015	1	BIRC7	c28
1.25925181601926e-06	-1.5409130168603	0.141	0.307	0.046089875718121	RAB13	c28
1.58851021241151e-08	-1.54030694125051	0.994	0.969	0.000581410622844736	CD74	c28
0.0168580250770563	1.53932625670736	0.035	0.014	1	PIGA	c28
9.02612311717993e-06	1.53909581173113	0.129	0.055	0.330365132211903	ARHGAP21	c28
0.104861294550289	1.53890486042705	0.065	0.041	1	RCC1L	c28
0.00136590351073674	1.5366715923706	0.035	0.01	1	ZNF417	c28
9.05716758027774e-05	1.53577143361283	0.053	0.016	1	LINC01684	c28
0.000357350632601295	1.53566996732055	0.135	0.07	1	TRAPPC12	c28
0.0337473754601941	1.53566820174516	0.029	0.012	1	BBS5	c28
0.000104413473978491	1.53522836493873	0.112	0.049	1	ST3GAL5	c28
0.142191751259785	1.53501478112261	0.029	0.016	1	ZNF776	c28
0.0136832746109351	-1.5349147537666	0.012	0.055	1	MUC12	c28
0.125962882891002	1.53476744279446	0.018	0.008	1	AP002807.1	c28
0.144457514507114	1.53396019598781	0.012	0.004	1	AC123768.3	c28
0.00225684174573566	1.53278351087215	0.012	0.002	1	AL117381.1	c28
0.119595679764655	-1.53236734917755	0.006	0.024	1	ZDHHC9	c28
0.52990938667715	-1.53124943241189	0.012	0.018	1	REC8	c28
0.201813302898049	1.5296628312145	0.035	0.021	1	FAM219A	c28
0.374741778939675	1.52940923626722	0.024	0.015	1	MIR4458HG	c28
1.43349399526736e-05	1.52934860675871	0.041	0.009	0.524673137207806	LRRC37B	c28
1.34524741264874e-05	1.52843910468453	0.159	0.076	0.492374005503565	USP25	c28
0.0365132170946578	1.52824258155635	0.018	0.006	1	DARS-AS1	c28
0.604656874909943	1.52823957369136	0.012	0.008	1	AC009961.4	c28
0.826911022475197	1.52746227998532	0.024	0.021	1	ZNF223	c28
0.118525068794387	1.52727719305963	0.076	0.052	1	TMEM74B	c28
0.0577309573470222	-1.52554327260449	0.029	0.066	1	CFP	c28
0.000125316322209825	1.52427171944463	0.212	0.129	1	LILRB1	c28
0.256132022777863	1.52420816120615	0.012	0.005	1	ATP8B1	c28
0.220780566977232	1.52404138403923	0.012	0.005	1	RAC3	c28
0.00677850686398614	-1.5239791611666	0.041	0.107	1	IFT43	c28
0.193435302660367	-1.52310250020332	0	0.01	1	OIP5	c28
0.71074169943223	1.52309164304208	0.041	0.037	1	FAM20C	c28
0.562811811908788	1.52137009264023	0.024	0.018	1	GGPS1	c28
0.114998121910805	1.52085337607038	0.035	0.019	1	CEP76	c28
7.64150491676234e-06	-1.520596101285	0.141	0.296	0.279686721458419	TUBA1C	c28
0.443058643344129	1.52009971039828	0.024	0.016	1	PLA2G4A	c28
0.0156407173870376	1.51937582730792	0.035	0.014	1	TCHH	c28
0.000117316302867031	1.51890393077405	0.2	0.118	1	FCHO2	c28
0.000100386496066597	1.51832635346823	0.106	0.045	1	USP40	c28
0.0578706924272481	1.51798525900072	0.029	0.013	1	ARHGAP32	c28
0.604678552673577	1.51789450141515	0.012	0.008	1	THNSL2	c28
0.00125578580663161	1.51739522696105	0.106	0.053	1	GAB2	c28
0.0341495159217725	-1.51657349735911	0.012	0.046	1	KCTD17	c28
0.00356992990632174	1.51604963612509	0.024	0.006	1	MYO1D	c28
0.00246029502336252	1.51600302028956	0.082	0.039	1	GIGYF1	c28
0.447863097345268	1.51486929508748	0.059	0.048	1	RNF185	c28
0.09874806964449	1.51422704565762	0.012	0.004	1	PRSS53	c28
0.0951008458503281	-1.51416465499244	0	0.016	1	C1orf53	c28
1.49188059182358e-08	-1.51398346037911	0.553	0.581	0.000546043215413348	CD63	c28
0.000200323548255758	-1.51384798839541	0.071	0.183	1	MGST1	c28
0.278414049233121	1.51360161184295	0.047	0.033	1	STPG1	c28
0.449738816702089	1.50959036382947	0.024	0.016	1	IFT172	c28
0.00136329660380745	1.50923360851557	0.041	0.013	1	ZNF519	c28
0.278627612838259	1.50916515892632	0.035	0.023	1	C5AR2	c28
0.16547844932715	1.50906450947581	0.024	0.012	1	CCDC134	c28
0.690602948785622	1.50804227803219	0.035	0.031	1	RPH3AL	c28
0.0495803799158611	1.50788207669039	0.047	0.024	1	ZNF71	c28
3.10141853880157e-05	1.50762348239091	0.029	0.006	1	NOCT	c28
0.604627930384274	1.50748278404055	0.012	0.008	1	ZNF670	c28
0.889264536462356	1.50732376755696	0.012	0.013	1	SLC22A4	c28
0.00014630806960881	1.50673780181541	0.076	0.028	1	PPARA	c28
0.484386172738918	-1.50563113015906	0.012	0.019	1	AFAP1	c28
3.59225659735427e-05	1.5030104688173	0.124	0.054	1	ARMH3	c28
0.00306364097185409	-1.50297349002079	0.006	0.06	1	ARSD	c28
0.000411184188535279	-1.50240432322412	0.082	0.191	1	IDH3B	c28
0.147553518504816	1.50150955884727	0.041	0.025	1	EPS8	c28
0.0116524320881776	1.50107078480814	0.018	0.005	1	DICER1-AS1	c28
9.95752166707317e-05	1.50098261237487	0.218	0.133	1	PHACTR1	c28
0.212677518341823	-1.50008229264943	0.753	0.571	1	FABP4	c28
0.191764291830081	1.49993480169208	0.012	0.005	1	C5	c28
1.69030785865372e-05	-1.49910711118747	0.471	0.488	0.61866957934585	NPC2	c28
0.336034883396671	-1.4990400462714	0.006	0.015	1	DNAJB4	c28
4.89821727241991e-05	1.49900826579063	0.076	0.027	1	LINC00174	c28
0.106786338476684	1.49890810723758	0.053	0.032	1	ICA1	c28
0.168313984913725	1.49833047437549	0.024	0.012	1	DNAH1	c28
0.0025060048872783	1.49779566920079	0.018	0.004	1	EHD3	c28
0.163010490749372	-1.49703617231315	0	0.011	1	AC008771.1	c28
0.0364503480585571	-1.49657614107558	0.041	0.087	1	MGAT2	c28
0.13716646265357	1.49657137999581	0.041	0.024	1	NLRP2	c28
0.0161487901237932	1.49606910549814	0.035	0.014	1	BIVM	c28
0.000647235223263953	1.49595628181534	0.124	0.063	1	TTF2	c28
0.600152155653893	1.49565804702666	0.018	0.013	1	FBXO41	c28
0.0169485487297008	1.49523486001366	0.106	0.065	1	SLC47A1	c28
0.0213902549297613	1.49487330742973	0.041	0.018	1	PATZ1	c28
0.152705304122415	-1.49450959717795	0	0.012	1	ITPKC	c28
0.0163704343030102	-1.49401042903237	0.029	0.08	1	KIAA2013	c28
0.0152087315790287	1.4938347512683	0.082	0.045	1	FUBP3	c28
0.00535435173326306	1.49304555028114	0.012	0.002	1	PYCR1	c28
7.80187313883756e-05	1.49237248963151	0.188	0.103	1	RHOT1	c28
0.165440404145937	1.49191509218132	0.012	0.005	1	AFAP1L2	c28
0.000455447677636193	1.4907863122086	0.071	0.027	1	SPECC1	c28
0.104656833437787	1.49075144752763	0.071	0.046	1	SASH1	c28
0.0018590090003719	-1.49068628808843	0.059	0.145	1	TXNDC15	c28
2.83403263464141e-05	1.49017893551077	0.2	0.111	1	IQSEC3	c28
0.0535365715524498	1.48971122039774	0.012	0.003	1	LINC02447	c28
0.814486273658928	1.48918224144891	0.018	0.016	1	ARHGEF5	c28
0.0845445421822375	1.48883028406923	0.094	0.065	1	AOC3	c28
0.0184828207348512	1.48843142258911	0.112	0.069	1	TLR8	c28
0.0196969310183989	1.48831019615263	0.059	0.029	1	ACAP3	c28
0.0498363521347859	1.48780855819697	0.018	0.006	1	ZNF70	c28
0.194092586867094	1.48750275832237	0.059	0.041	1	TM4SF19	c28
0.00239596039394445	1.4867735788152	0.065	0.027	1	ULK2	c28
0.0011506256049707	1.48529777970747	0.118	0.06	1	ARHGAP35	c28
0.000465345152001129	1.48496725189337	0.053	0.018	1	CES4A	c28
0.405169355945751	1.4845286175106	0.047	0.036	1	AGRN	c28
7.65113496018543e-05	1.48373808043515	0.082	0.031	1	CLCN6	c28
0.0288275045068322	1.48369029328338	0.059	0.031	1	DARS2	c28
0.568378624386991	1.48341686241207	0.018	0.013	1	AC004988.1	c28
0.0113967171745757	1.48247222532441	0.065	0.031	1	SELENOI	c28
0.551842849809134	1.48240635455091	0.035	0.028	1	BAIAP2-DT	c28
0.00230592210515931	-1.48227583037795	0.018	0.083	1	ALG14	c28
0.0165522323645723	1.48183570455513	0.053	0.025	1	RFX2	c28
0.0103574222522288	1.48058250355049	0.035	0.013	1	AP002381.2	c28
0.104299033559701	1.48004852017221	0.041	0.023	1	ZSCAN29	c28
0.0182984303578114	1.47996895900539	0.129	0.085	1	AGFG1	c28
0.0274235091703543	1.47908375734845	0.1	0.063	1	ETV6	c28
1.68377156028001e-06	1.47849739461521	0.241	0.132	0.0616277228778086	KCNMA1	c28
0.0479641156879371	1.47814284748199	0.012	0.003	1	UTS2	c28
0.263363586535485	1.4779556068468	0.041	0.028	1	TBC1D8	c28
1.26076221571445e-05	1.47774036636822	0.1	0.037	0.461451578573646	SMURF2	c28
0.125354443283959	1.47771549216751	0.029	0.015	1	FANCM	c28
4.09156267087849e-06	-1.47736824604567	0.041	0.18	0.149755285316824	G6PC3	c28
0.433813519995562	-1.4772910226365	0.006	0.013	1	TWNK	c28
3.93748120891129e-05	1.47701026340814	0.1	0.04	1	DEPDC5	c28
0.0185257735810996	-1.47569955322531	0.018	0.062	1	LRR1	c28
0.000353731733798337	-1.47435885716014	0.047	0.145	1	MRPS14	c28
0.00117718747319193	1.47355419042951	0.1	0.048	1	KSR1	c28
0.0100924902370096	-1.47330267393003	0.029	0.085	1	IFT52	c28
0.0135377532690391	1.47308534211846	0.029	0.01	1	AGER	c28
0.0569065873658508	1.47303865152227	0.012	0.003	1	MAMLD1	c28
0.46992107671272	-1.47241746699607	0.006	0.012	1	GSTCD	c28
0.014287228649782	1.47224978047023	0.065	0.032	1	ERCC8	c28
0.0458318622486959	1.47184804113196	0.1	0.066	1	SIRPB2	c28
0.0899181408413816	1.47041843595479	0.053	0.031	1	UGGT2	c28
0.00971616319261611	-1.46949812881262	0.029	0.085	1	TMEM42	c28
0.562068648897547	1.4691371282477	0.047	0.04	1	FAM92A	c28
0.407463065947506	-1.46887762067538	0.024	0.035	1	NCK2	c28
1.64222630712421e-07	-1.46857282296257	0.765	0.727	0.00601071250670531	HLA-DPA1	c28
0.000330182875822281	1.46794206659756	0.094	0.041	1	RHOU	c28
4.41212245261536e-05	1.46745018067618	0.071	0.023	1	ACACB	c28
0.00883458701937338	-1.46743223821166	0.676	0.567	1	C1QC	c28
0.110895043124111	-1.46658315407543	0.012	0.034	1	TMEM177	c28
0.0418582926544583	1.46636483292603	0.041	0.02	1	CCZ1	c28
0.61773851264423	-1.4663624602445	0.024	0.03	1	DGKE	c28
0.00093284516598004	1.46566616562099	0.106	0.052	1	PLD2	c28
0.00021332844466996	-1.46566070969606	0.024	0.117	1	FOLR3	c28
2.76427155488976e-05	-1.46543091529365	0.082	0.216	1	LY86	c28
2.19985969589738e-05	1.46540334176969	0.229	0.135	0.805170647295401	IRAK3	c28
0.000798745158094498	1.46506333595594	0.076	0.032	1	ZNF621	c28
0.0863736006032279	1.46398670158482	0.112	0.081	1	TMEM150B	c28
0.354868672466755	-1.46382377336867	0.006	0.014	1	RARG	c28
0.175596922331059	-1.46371714856808	0	0.011	1	PINLYP	c28
0.000308725942028822	1.46341749318001	0.135	0.069	1	FBXO42	c28
0.0237927765650314	-1.46310751848875	0.012	0.05	1	CLIC2	c28
0.0329579299194909	1.46307777030871	0.076	0.044	1	SLC15A4	c28
0.840234727181336	1.46304432654431	0.018	0.02	1	RUBCNL	c28
0.420920375251116	1.46209814125615	0.024	0.016	1	PLXNA2	c28
0.509154261433014	-1.46198696290275	0.012	0.018	1	SLC2A1	c28
0.700436939598187	1.46090752398049	0.012	0.009	1	LGALSL	c28
0.39506917331269	1.46071876331186	0.024	0.016	1	RASGRP3	c28
0.135185281963656	1.45838978802685	0.053	0.033	1	SLC22A5	c28
0.00280421848743943	1.45831253291529	0.118	0.066	1	BMP2K	c28
0.00911745098787535	-1.45818356003272	0.024	0.078	1	BX284668.5	c28
0.00880736122470884	1.45797846664571	0.024	0.007	1	HSD11B1	c28
0.00564242485790865	1.45793358781433	0.053	0.022	1	PGBD2	c28
0.240353761486168	1.45781412513746	0.029	0.018	1	C15orf41	c28
0.00592908142027513	1.45742732724114	0.012	0.002	1	TRAV40	c28
0.326934117259456	1.45732839663328	0.018	0.01	1	CATSPERG	c28
0.496690165780594	1.45469153389733	0.018	0.012	1	HOMER1	c28
0.286745319279666	1.45442329505845	0.018	0.01	1	AL080250.1	c28
0.0907122217168733	1.45437770528866	0.047	0.027	1	CDC42BPA	c28
0.565121184805563	1.45370425081036	0.041	0.034	1	AL356417.3	c28
0.729422741962251	1.45350891917335	0.012	0.009	1	CCDC96	c28
0.0720602758697327	1.45329043267407	0.029	0.014	1	TMEM67	c28
0.000288986196015074	1.45327266216269	0.071	0.026	1	MAPKBP1	c28
0.0703272411871423	1.45305111309761	0.029	0.014	1	PLEKHA7	c28
0.432505333668831	-1.45238436418145	0.006	0.013	1	TSTD3	c28
2.63610679406525e-05	-1.45115056466165	0.094	0.234	0.964841447695822	HEBP1	c28
0.00201752443587311	1.44972471927009	0.088	0.042	1	IL15	c28
0.214933932197677	1.44971745111468	0.053	0.036	1	NAB1	c28
0.10695028972178	1.44851824621122	0.088	0.062	1	RELT	c28
0.0240900448041378	1.4481693748524	0.124	0.082	1	KDM1B	c28
3.2340029637214e-05	1.44787179194506	0.153	0.073	1	ZNF33A	c28
0.000187516194689994	1.44713811184962	0.176	0.098	1	ITPRID2	c28
0.000346778655947757	1.44713262035437	0.153	0.083	1	SPRED1	c28
0.00254165869114958	1.44641490599145	0.188	0.125	1	TBC1D2	c28
0.812036825025268	1.44552013159841	0.012	0.01	1	ANO8	c28
0.24567894298984	1.4455175477883	0.024	0.013	1	CHRFAM7A	c28
0.0244834009142139	1.44541543369073	0.012	0.003	1	PLLP	c28
0.00455330665458019	-1.44528671710984	0.041	0.11	1	MRPL45	c28
0.00589068385057407	-1.44501602987262	0.012	0.064	1	GPA33	c28
0.319513456059019	-1.44425597033215	0.029	0.045	1	NRM	c28
6.2436258909243e-06	-1.44344866789563	0.212	0.364	0.22852295123372	IFI6	c28
0.0356143935486587	1.44264689883286	0.012	0.003	1	OTUD7A	c28
0.708987432576455	1.44258641762659	0.041	0.037	1	DIXDC1	c28
0.00968454826610404	1.44206068436646	0.118	0.07	1	ODR4	c28
0.441259920983391	1.44031744119304	0.018	0.011	1	PRICKLE4	c28
0.0168745013733794	1.44013756377636	0.012	0.003	1	BX284668.6	c28
0.076349985654413	1.43986648981641	0.047	0.026	1	SH3GLB2	c28
0.148776514667546	1.43964091873852	0.024	0.012	1	ANKRD6	c28
0.164005195982702	-1.43941586718283	0.006	0.021	1	ZNF667-AS1	c28
0.368516824784667	-1.43902358386789	0.006	0.014	1	NSMF	c28
0.000174971396356481	1.43884450735643	0.047	0.014	1	AC106791.1	c28
2.50617780447324e-05	1.43829247827004	0.124	0.053	0.917286138215251	ZNF589	c28
0.515736325468995	1.43748919021377	0.106	0.098	1	COLEC12	c28
0.18132552502517	-1.43733931719292	0	0.01	1	MAP3K2-DT	c28
0.453560334442147	1.43728951254526	0.029	0.021	1	CENPP	c28
0.0435095553284128	1.43719387001063	0.041	0.02	1	ZNF287	c28
0.00877564229800626	1.43689771156839	0.012	0.002	1	AL031666.3	c28
0.0443085940159726	1.43677306036319	0.088	0.056	1	SRC	c28
0.243736043546603	-1.43607645291864	0.006	0.018	1	CCNB2	c28
0.371004109195046	1.43589664938784	0.024	0.015	1	HRH1	c28
0.0118636137390728	1.4356048931672	0.071	0.036	1	P2RY1	c28
0.313583299938275	1.43560045072362	0.041	0.029	1	ZBTB47	c28
2.96723122408911e-06	1.43535299911518	0.259	0.149	0.108603630032885	DSE	c28
0.138139611304107	-1.43531415528674	0.012	0.032	1	AXIN1	c28
0.0017759650666376	-1.43500274861505	0.082	0.175	1	GLTP	c28
3.84379823092549e-07	-1.43492629032955	0.135	0.325	0.0140686859050104	SEC13	c28
4.00454782271586e-05	1.43456659366529	0.218	0.125	1	GNAQ	c28
0.013923765658348	1.43451284095484	0.024	0.007	1	HCG25	c28
0.198923350982647	-1.43281371936435	0.012	0.028	1	ZNF28	c28
0.0885224590924511	1.43147976240261	0.012	0.004	1	CELA1	c28
0.00521733000870018	-1.43133907975307	0.012	0.065	1	IFT22	c28
0.0262891744089838	1.43115748157722	0.082	0.048	1	PPFIBP2	c28
0.285786380232544	1.43059482986156	0.018	0.01	1	ITGA3	c28
0.0600175961066605	1.43057971750063	0.029	0.013	1	TCF4	c28
0.00421701150752814	-1.43016225530808	0.635	0.53	1	CD68	c28
0.00139536722717402	1.42969694634661	0.029	0.008	1	AC090114.2	c28
0.322355720140368	1.42967635888377	0.012	0.006	1	ZNF229	c28
5.7266673053454e-06	1.42953450419517	0.129	0.053	0.209601750042947	TRPS1	c28
0.939553905427296	1.42937350353192	0.012	0.011	1	SMIM2-AS1	c28
0.000361469236847557	-1.42935972994012	0.006	0.081	1	RBP7	c28
0.000658493294708467	1.42930586299299	0.171	0.1	1	RSPH3	c28
0.0243370473306715	-1.42910908475748	0.012	0.05	1	CRACR2B	c28
0.581823614575732	1.42842378429909	0.024	0.018	1	ZNF768	c28
0.191619183320866	1.42711900741838	0.112	0.09	1	PAQR5	c28
0.133842218737184	1.4260177379002	0.012	0.004	1	ANKS6	c28
0.0109346901298441	-1.42574875556793	0.018	0.067	1	CATSPER1	c28
0.363983544620153	1.42425894947909	0.024	0.015	1	RASGEF1A	c28
0.0236218316109326	1.42415029643884	0.012	0.003	1	CUBN	c28
0.00127331703676118	1.42380945014326	0.112	0.057	1	CAMSAP1	c28
0.0180671328115168	1.42377465994533	0.035	0.014	1	PHLPP2	c28
0.0113608890591148	1.42366678591138	0.059	0.028	1	ZCCHC4	c28
0.000160277915029937	1.4230382955355	0.182	0.103	1	P2RX7	c28
0.0218972474529948	1.42281779524634	0.041	0.018	1	ZNF329	c28
2.87191286234755e-05	1.4228032248803	0.265	0.165	1	MLPH	c28
0.640823402120186	1.42229477298979	0.035	0.03	1	CCDC77	c28
0.615646259220127	1.42093360510444	0.012	0.008	1	ZNF30	c28
0.000340212721466541	1.42047988530865	0.071	0.027	1	GCLC	c28
0.104346847602986	-1.41996022396195	0	0.015	1	CEACAM3	c28
0.180937064497425	-1.41865710702669	0	0.01	1	RTN4R	c28
0.00307511508107675	1.41820688078031	0.076	0.035	1	LEMD2	c28
0.460838358401737	1.4180681263034	0.018	0.012	1	ZSCAN9	c28
0.00854012414592006	1.41782813818462	0.041	0.016	1	ZNF449	c28
0.000471209725027196	1.41782774879328	0.135	0.071	1	PI4K2A	c28
2.55909255441327e-06	1.41753829286427	0.147	0.063	0.0936653465840801	NF1	c28
0.090250501351448	-1.4173233615037	0.018	0.044	1	HIST1H2BK	c28
0.136441845787556	-1.41698895270944	0	0.013	1	GSDME	c28
8.6145644930231e-06	1.41651684683949	0.071	0.021	0.315301675009139	CARF	c28
0.000883419565125613	-1.4163748030434	0.047	0.137	1	MRPL50	c28
0.00152529443047043	1.41615646872665	0.024	0.005	1	NPTN-IT1	c28
0.0759576465164892	1.41598268679283	0.035	0.018	1	AL138756.1	c28
0.92321328517576	1.41521177863426	0.012	0.011	1	CSPG4	c28
0.0749162771759001	1.41440766862485	0.024	0.01	1	AC010969.2	c28
0.000102383562698572	1.41391480690251	0.135	0.065	1	TMEM94	c28
0.81259282630262	1.41177440613199	0.024	0.021	1	AC079209.1	c28
0.00214068801177757	-1.41167349938224	0.829	0.685	1	LGALS3	c28
0.190628510934395	-1.41155531164922	0.024	0.044	1	PDF	c28
0.714437712904172	-1.4114801623051	0.012	0.015	1	AGMAT	c28
0.37734402206837	1.41137686376173	0.012	0.006	1	PLK4	c28
0.217030559508051	-1.41118828393126	0.024	0.043	1	PYGO2	c28
0.0581928838713772	-1.41072003241372	0.012	0.041	1	P2RY13	c28
0.0504469001177796	1.41037007688854	0.018	0.006	1	AC002558.3	c28
0.0157002471708429	1.41029537681193	0.041	0.017	1	AREG	c28
2.96374542834445e-06	1.41028422944874	0.241	0.132	0.108476046422835	KLHL6	c28
0.254232691588352	-1.41006663448528	0.888	0.677	1	IFI30	c28
0.0283189843280731	-1.40835140004431	0.053	0.106	1	RIOK1	c28
0.260488911574606	1.40610538580147	0.029	0.018	1	DUSP7	c28
0.338277157692447	-1.40590820151043	0.018	0.03	1	NUSAP1	c28
0.95395034801023	1.4054981814604	0.029	0.031	1	AKAP5	c28
6.70712030374576e-06	1.40540609447478	0.071	0.021	0.245487310237398	ZNF253	c28
0.00339544188324146	1.40511387114423	0.118	0.066	1	MYO1E	c28
0.000539503022701138	1.40389454373574	0.082	0.035	1	TMEM168	c28
0.0667051762534007	-1.40389298955264	0.041	0.08	1	C18orf21	c28
0.00658776298649657	1.40386806456852	0.041	0.016	1	ZNF577	c28
1.82477788840093e-05	1.40379977712842	0.147	0.068	0.667886954933623	ABL2	c28
0.56467530507494	-1.40338745320382	0.006	0.01	1	IGFBP4	c28
0.131725593206676	-1.40317893385258	0	0.013	1	AL391069.2	c28
0.00292263217355438	1.4025300335148	0.153	0.093	1	OGFRL1	c28
0.00870798712817717	1.40168847243257	0.018	0.004	1	AC005944.1	c28
0.00184559472895731	-1.40081499249871	0.065	0.153	1	NME4	c28
0.240269101767511	1.40010586438349	0.012	0.005	1	EML2-AS1	c28
0.0146570163183676	1.3996918179345	0.035	0.014	1	PXN-AS1	c28
1.30524175280907e-05	1.39894765893852	0.141	0.063	0.477731533945647	IFFO1	c28
0.118506919115308	-1.39784278765147	0.018	0.042	1	KATNB1	c28
0.0657611737214189	1.39722481934478	0.012	0.003	1	HSF5	c28
0.00018921845313581	1.3968044944319	0.118	0.055	1	SMG9	c28
0.438788686779625	1.39591676204585	0.018	0.011	1	AC016727.1	c28
0.0123400034535576	-1.39546757618684	0.012	0.057	1	PRKAR1B	c28
0.793424376996975	1.39407706581054	0.035	0.033	1	ANKRD40	c28
0.000533772734769593	1.39394711988696	0.088	0.038	1	COX18	c28
0.38441546300264	-1.39338700877495	0.006	0.014	1	CCDC65	c28
0.00611008968964303	-1.39335413486662	0.041	0.108	1	NT5C3B	c28
0.00136996612243742	1.39317581245483	0.018	0.003	1	VIPR2	c28
0.151429489031697	-1.39298662558938	0	0.012	1	MMEL1	c28
0.0204969321885772	1.39205607545803	0.065	0.034	1	SOGA1	c28
0.0069456937902678	1.39191124005381	0.065	0.03	1	ZNF189	c28
0.110781499454893	-1.39156728224972	0.012	0.034	1	CLYBL	c28
0.0964492044858142	-1.39145306476035	0	0.016	1	S100A16	c28
0.966736514445155	-1.39137667840298	0.076	0.072	1	CXCR6	c28
0.00141344396064713	1.3908170366987	0.094	0.045	1	LMBRD2	c28
0.0964856953047677	1.39040223096956	0.059	0.036	1	RAD54L2	c28
0.222150180786902	-1.39025912671257	0.006	0.018	1	CDH23	c28
2.43435922549114e-06	1.38992288326465	0.047	0.01	0.0890999820122012	AC008764.8	c28
0.0685939339351847	-1.38977017169646	0.012	0.039	1	SERPINB8	c28
6.98348300106868e-06	1.38961912705439	0.153	0.069	0.255602461322115	CHD7	c28
0.0116381718353879	1.38860204239035	0.024	0.007	1	L2HGDH	c28
0.0203942621440996	1.38823076827079	0.024	0.008	1	ACVR2A	c28
0.0261203121130571	-1.38817680283578	0.006	0.039	1	MPV17L2	c28
0.685516849180384	-1.38755803434376	0.012	0.016	1	RRAS2	c28
1.23481609036613e-05	1.387514574357	0.224	0.124	0.451955037234907	ASAP1	c28
0.0531516483453952	-1.38729886632447	0.018	0.05	1	PSPH	c28
0.00510190801684392	1.38614094123238	0.106	0.059	1	SH3PXD2A	c28
3.84226752835986e-05	1.38569473530995	0.094	0.036	1	INVS	c28
0.238641361082138	1.38468244267215	0.018	0.009	1	BDNF-AS	c28
7.6965849077111e-05	1.38369722296512	0.082	0.031	1	RAD51B	c28
0.463145404156234	1.3832934275245	0.012	0.007	1	TMEM201	c28
0.785590492484066	1.38300608555137	0.012	0.01	1	TSKS	c28
0.712713664841162	1.38272680516894	0.029	0.026	1	ARMCX1	c28
0.0036337645525405	1.38270873845428	0.029	0.009	1	FAM13A-AS1	c28
0.224801812789135	1.38260617111368	0.029	0.017	1	THAP9-AS1	c28
0.0907194519239178	1.38194505659884	0.059	0.036	1	DDIAS	c28
0.000485045293156554	1.38167729813206	0.047	0.015	1	ACTR3C	c28
0.0505440755658812	1.38133100922778	0.053	0.029	1	EARS2	c28
0.00112801813773902	1.38071915960197	0.1	0.048	1	MAP3K20	c28
0.000474391056730718	1.38066115263693	0.147	0.08	1	PGGT1B	c28
9.78511230024391e-06	1.38047020189998	0.176	0.087	0.358144895301227	GPR107	c28
0.753461254397689	1.38039970378271	0.018	0.015	1	DFFB	c28
2.3100971965092e-05	1.38031302543132	0.118	0.049	0.845518674894331	TSEN2	c28
0.445011729604956	-1.38025884030469	0.012	0.02	1	PRMT6	c28
0.420668879748074	1.3802150974548	0.029	0.021	1	SIAE	c28
7.24672729737177e-05	1.37992442057333	0.065	0.021	1	KLHL11	c28
0.326709907582233	-1.37949795502139	0.024	0.038	1	WWC3	c28
0.0417995580916602	1.37885762903055	0.024	0.009	1	SFT2D3	c28
0.191438360917627	1.37813563703905	0.012	0.005	1	SATB1-AS1	c28
0.729594091530491	-1.37802730281746	0.041	0.046	1	ADAM19	c28
0.0891964954749718	1.37763369203467	0.035	0.018	1	ZNF45	c28
0.000233356137435333	1.37755366651691	0.106	0.048	1	MOB1B	c28
0.580018113130744	-1.37746843957564	0.006	0.01	1	GDPD1	c28
0.360481089235224	1.37719892661285	0.035	0.025	1	ZNF717	c28
0.121567494152965	-1.3769865198665	0	0.014	1	KLK1	c28
0.543790826189895	1.37674955479582	0.041	0.034	1	NLN	c28
0.0230219842000019	1.37646311433727	0.065	0.034	1	MAST2	c28
2.25002466799517e-06	1.37635015385303	0.141	0.058	0.0823531528732913	AKAP10	c28
0.0984637305931091	1.37620359643231	0.053	0.032	1	ZNF3	c28
1.23461313045556e-05	1.37615438968018	0.171	0.083	0.451880751878039	LARP4B	c28
0.351615577922922	1.37504486237197	0.012	0.006	1	AL161421.1	c28
0.0122223933087548	1.37493887943981	0.029	0.01	1	SNHG19	c28
0.251388243274494	-1.37479636671706	0.012	0.026	1	CD70	c28
0.000755904832833091	1.37449792972959	0.247	0.169	1	NR1H3	c28
0.000481100400377443	1.37441782727651	0.018	0.003	1	AC136475.2	c28
0.517726187800731	1.37251734549668	0.012	0.008	1	AC011899.3	c28
0.000723741474106353	1.3716470183958	0.106	0.05	1	SMYD4	c28
0.0423254178908909	1.37080450243076	0.024	0.009	1	LETM2	c28
6.8777804405062e-06	1.37061813838229	0.124	0.05	0.251733641902967	SZT2	c28
0.193083667040205	-1.36954074875539	0.006	0.02	1	PAXIP1	c28
0.00120939295221913	1.36934842412306	0.118	0.061	1	SSH1	c28
4.55383233130268e-06	1.36922969348984	0.082	0.026	0.166674817158009	AC005261.1	c28
8.51111168855736e-05	1.3688800902819	0.206	0.12	1	AMIGO2	c28
0.0199553571437535	1.36880956038651	0.047	0.021	1	AP003307.1	c28
0.0207740903988162	1.36866465967636	0.012	0.003	1	AL353759.1	c28
8.38554377781106e-05	1.36864620282914	0.035	0.008	1	AC104596.1	c28
0.527384623690938	-1.36793065498676	0.006	0.011	1	AC036176.1	c28
0.139093996373867	-1.36756103148268	0.024	0.048	1	GSPT2	c28
0.0703115925750983	1.36699342668603	0.024	0.01	1	ARL4D	c28
0.0388650019528948	1.36683382671653	0.029	0.012	1	DCBLD1	c28
0.0131157172602073	1.36638993192021	0.071	0.036	1	DENND1A	c28
1.27902453195234e-05	1.3663333011349	0.206	0.11	0.468135768939876	PYGB	c28
0.000597155075823652	1.36631886818376	0.147	0.081	1	ZFHX3	c28
0.000419435319857951	1.36614138945478	0.065	0.024	1	BCL3	c28
0.0267490775146679	1.36605447742296	0.041	0.018	1	WDR49	c28
0.0116260811908289	1.36585813628427	0.076	0.04	1	TMEM39A	c28
0.0794115873901116	1.3646352241547	0.076	0.049	1	ZNF576	c28
4.81213521446229e-05	1.36461686057744	0.024	0.004	1	MMP28	c28
0.958449831641195	-1.364311256425	0.024	0.023	1	TTC16	c28
0.198620930366402	1.36416837691419	0.035	0.021	1	CCHCR1	c28
4.89618654491725e-06	1.36323274137394	0.188	0.093	0.179205323730516	NPC1	c28
0.106976350340774	1.36297825889465	0.024	0.011	1	EFCAB13	c28
0.154316967792021	-1.36294789106381	0	0.012	1	RPS6KL1	c28
0.0845697219660761	-1.36294236163566	0.024	0.054	1	ATP23	c28
5.36561445759173e-09	-1.36280080333137	0.618	0.637	0.000196386854762315	ALOX5AP	c28
0.00236891071832587	-1.36244423604277	0.041	0.119	1	FH	c28
0.163010490747989	-1.36237789105066	0	0.011	1	ZG16B	c28
0.229575765922592	1.36181149322195	0.035	0.022	1	ZNF865	c28
0.579038002165657	1.36180735774139	0.018	0.013	1	SMAD6	c28
0.452609298412764	-1.36167225609253	0.006	0.012	1	CPB2-AS1	c28
0.0231821656855723	1.3616591030684	0.047	0.022	1	NEMP1	c28
9.43934053343119e-06	1.36085617127421	0.147	0.066	0.345489302864115	KMT2D	c28
0.000391873102176075	1.36026390106706	0.224	0.145	1	ACE	c28
0.00593031050840598	1.35944970877484	0.053	0.022	1	TIMELESS	c28
0.0457394713043485	1.35839730334527	0.035	0.016	1	ZNF77	c28
0.0943600430385298	1.35817637452865	0.012	0.004	1	PNMA5	c28
0.0415964528987626	1.35763297587184	0.024	0.009	1	ZFP3	c28
0.0895706591477902	-1.35742308957182	0.006	0.027	1	C16orf86	c28
3.32994786776238e-06	-1.35730288083545	0.471	0.505	0.121879421907971	ATP6V0B	c28
0.000492782342999356	1.35714578726388	0.094	0.042	1	PLXNA3	c28
0.00379176988439851	1.35693385665593	0.088	0.044	1	CNEP1R1	c28
0.00181027908207314	1.3568157076683	0.094	0.046	1	TMCC1	c28
0.00679407142172843	-1.35564654786649	0.012	0.063	1	LDHD	c28
0.0232297410914287	1.35547862419142	0.035	0.015	1	LINC01006	c28
0.00151658585924562	-1.35411212690926	0.059	0.146	1	AHCY	c28
0.0193963582870354	1.35304215062684	0.147	0.101	1	RGS12	c28
0.213078222159458	-1.35266451854416	0.012	0.027	1	PDE6B	c28
1.93807215664289e-05	1.35251670297395	0.3	0.196	0.709353790052863	SIDT2	c28
0.818622598159997	-1.35187570282589	0.388	0.321	1	IFI27	c28
0.00309492515833519	1.35068584136876	0.059	0.024	1	STXBP5	c28
0.173551525470051	1.35032469900433	0.041	0.025	1	SLC24A4	c28
0.057605244903928	-1.35014019371958	0.006	0.031	1	CC2D2A	c28
0.198265999007035	1.34976598036857	0.035	0.021	1	AGBL5	c28
0.000101789866628255	1.34949250269979	0.153	0.078	1	ARFGEF2	c28
0.207609709586727	1.34829524810848	0.035	0.022	1	ATL2	c28
0.196497258571628	1.34809083224201	0.012	0.005	1	DNA2	c28
0.00441170190101894	1.34796342610137	0.047	0.018	1	ZNF212	c28
0.0554897405554346	1.34791556738245	0.035	0.017	1	AIM2	c28
0.000419632231342592	1.34733487349774	0.106	0.049	1	C2CD5	c28
0.286824598731326	1.34637922409278	0.029	0.019	1	OVCH1	c28
0.444378202998357	1.34637050726305	0.041	0.032	1	OTUD1	c28
0.00466077183623885	-1.3462742058774	0.053	0.125	1	TCN2	c28
0.460576370775099	-1.34599659443753	0.018	0.027	1	ALDOC	c28
0.0671486840624492	1.3459872527845	0.029	0.013	1	ZNF202	c28
0.317855595452536	1.34573456086929	0.029	0.019	1	ZNF555	c28
0.000117389073533063	-1.34530744093801	0.218	0.327	1	MS4A4A	c28
0.00148247613701813	1.34482390784914	0.076	0.033	1	ZNF121	c28
0.0138255769044639	1.34481288218818	0.088	0.049	1	PEX13	c28
0.0559750727823479	-1.34397333776604	0.006	0.032	1	SPACA9	c28
0.683523667405025	1.34389107229673	0.018	0.014	1	ZNF219	c28
0.0109086252687786	1.34380960619916	0.029	0.01	1	C8orf88	c28
0.0192492427465218	1.34359380947898	0.041	0.018	1	PACRGL	c28
0.53303117055321	1.34236224705764	0.018	0.012	1	ZNF473	c28
0.794282284439377	1.34187483476119	0.018	0.021	1	STARD8	c28
0.156470061203231	1.34179228527069	0.029	0.016	1	SLC30A1	c28
0.186882642311635	1.34161129935787	0.018	0.008	1	LRATD2	c28
0.000258763557996569	1.34141779432863	0.059	0.02	1	MYO15B	c28
5.80436280932609e-05	1.34123054013555	0.082	0.03	1	NAPEPLD	c28
3.57768984864241e-06	1.34087204581703	0.176	0.084	0.130947026150161	SIK2	c28
0.00903438530469177	1.3408215316768	0.106	0.061	1	RETREG1	c28
0.095861758830138	-1.340108216252	0.018	0.044	1	MIS18A	c28
0.00123533176647087	1.3399490791972	0.1	0.048	1	MOV10	c28
0.000585181945508739	1.33938492834431	0.071	0.028	1	CBX7	c28
0.0242096799021382	1.33928988866626	0.018	0.005	1	AC008443.5	c28
0.000932052531915056	1.33860872187018	0.082	0.036	1	DCUN1D4	c28
0.00272414270195222	1.33841709272614	0.153	0.092	1	IFIH1	c28
0.435528062914768	-1.3379077044358	0.012	0.02	1	LINC02328	c28
0.0311654507523545	1.33788655349764	0.088	0.053	1	SARS2	c28
0.00245713651915848	1.33723430803882	0.035	0.011	1	ADARB1	c28
1.15113044833845e-05	1.33691418223711	0.088	0.031	0.421325255396357	TRAPPC10	c28
0.0464059880843172	-1.33684016584373	0.018	0.052	1	SAAL1	c28
0.000173736884126971	1.33601858106027	0.035	0.009	1	HIST4H4	c28
0.0116839402248217	1.33487889327241	0.165	0.112	1	AP5B1	c28
9.8973876446855e-05	1.33398005478632	0.059	0.018	1	KLC2	c28
0.0659404311860803	1.33385965619664	0.065	0.039	1	MEPCE	c28
0.00575478544675594	1.33379196525645	0.024	0.006	1	ANKDD1A	c28
0.00967307250789919	1.33369291868476	0.088	0.048	1	CEP44	c28
0.308806341346145	1.33356552311858	0.018	0.01	1	DNAJC3-DT	c28
0.057837441955996	1.33257740693142	0.065	0.038	1	BRI3BP	c28
0.00906582288623284	1.33233130965001	0.082	0.043	1	MLH3	c28
0.139048433924869	-1.33228616414079	0.029	0.056	1	GSKIP	c28
0.652849867400005	-1.33211094582641	0.012	0.016	1	ARHGEF19	c28
0.017470957031702	1.33147745215691	0.059	0.029	1	NAA40	c28
0.215915800500232	-1.33007922738742	0.012	0.027	1	HEXIM2	c28
0.0105302741736784	1.32976366386537	0.106	0.061	1	LONP1	c28
0.67002100235901	1.32916943497566	0.076	0.071	1	STEAP3	c28
0.0010260805826189	1.32900685269969	0.141	0.079	1	SLC12A7	c28
0.516159435145661	1.32873260092845	0.029	0.04	1	CASP9	c28
0.00188205735991563	1.32791469547531	0.112	0.058	1	DNAJB2	c28
0.143015475097248	-1.32687027951507	0.018	0.04	1	FEM1A	c28
0.000561970037953219	1.32645449346965	0.059	0.021	1	URB1	c28
0.130890690865226	1.32612945862119	0.012	0.004	1	FBXO2	c28
0.000551970190078209	1.32549637270312	0.094	0.042	1	PTPRM	c28
0.0346201578489181	1.32526087735709	0.012	0.003	1	AC022364.1	c28
0.0148611180372474	1.32525125794651	0.053	0.024	1	ZNF398	c28
0.000163177940541868	1.32501947909633	0.035	0.009	1	DNHD1	c28
0.423791347739632	1.32475185627873	0.088	0.076	1	GAS2L3	c28
0.0664309216496534	-1.32467617532234	1	0.996	1	FTL	c28
2.61969996240683e-05	1.32353317292671	0.135	0.06	0.958836383240524	TRAPPC9	c28
0.357112762781755	-1.32312321712033	0.006	0.014	1	ZNF485	c28
0.176646096465681	1.32232764108222	0.018	0.008	1	ZNF501	c28
0.0099082913207675	1.32207510440764	0.071	0.035	1	WDR91	c28
0.00133673860163816	-1.32174918251999	1	0.994	1	FTH1	c28
0.0240623836238691	1.32154176618328	0.041	0.018	1	RAPH1	c28
1.61226351654631e-05	1.32000910665909	0.159	0.075	0.590104569691116	SNX13	c28
0.165630601044351	1.31893581542788	0.012	0.005	1	ZNF781	c28
0.34597393357716	1.31854421206891	0.059	0.045	1	NFS1	c28
0.108294049334546	1.31841433804656	0.035	0.019	1	HACE1	c28
1.76673639510632e-06	1.31808531811341	0.253	0.139	0.0646643187972865	ANKRD17	c28
0.00198138164501837	1.31784363872993	0.129	0.072	1	NOTCH1	c28
0.510326387742183	1.31731132998243	0.006	0.011	1	S100A2	c28
1.15337954713039e-05	1.31717829780327	0.141	0.062	0.422148448045193	MED12	c28
0.709918872219	-1.31691144401622	0.012	0.015	1	LPAR5	c28
0.000271553665268349	1.31663996547103	0.088	0.037	1	TAB1	c28
1.27565652118621e-05	1.31620165174249	0.106	0.04	0.466903043319364	ZNF875	c28
0.0202226023827375	-1.31564216472069	0.018	0.061	1	SPRYD4	c28
0.0458601447034232	1.31472273212247	0.012	0.003	1	ADAMTSL5	c28
4.81957479285403e-05	1.314083507319	0.088	0.033	1	MTMR9	c28
0.329075426968881	1.31358251999744	0.012	0.006	1	RILPL1	c28
0.375095174191871	-1.31340869115201	0.006	0.014	1	ASF1B	c28
0.0012528514766574	1.31327521994478	0.059	0.022	1	TTLL5	c28
0.00169981240306107	-1.31311626873568	0.047	0.131	1	CDK5	c28
0.157035190000322	1.31279931843764	0.018	0.008	1	DCUN1D2	c28
0.109383055355992	1.31251193529632	0.112	0.084	1	BTN2A2	c28
0.109559879586176	1.31190244630463	0.047	0.027	1	SMG8	c28
0.00961423959996575	1.31173902657672	0.024	0.007	1	TONSL	c28
0.00393615719012062	-1.31127144071075	0.076	0.034	1	TRBV9	c28
0.104867411266724	1.31105339973894	0.018	0.007	1	PDXP	c28
0.0472361726335085	1.31057035592462	0.041	0.02	1	ZFP30	c28
0.191498654872663	-1.3100412036439	0.006	0.02	1	IGFBP7	c28
0.000178366702577572	1.3095247936193	0.112	0.05	1	MTHFR	c28
2.36671273820566e-05	1.30703643952037	0.171	0.085	0.866240529310654	DCAF10	c28
0.490696706187565	1.30702835348231	0.012	0.007	1	STARD10	c28
0.437481273124364	1.30702265295134	0.035	0.026	1	ZCWPW1	c28
0.0304443006587475	1.30637478142798	0.047	0.023	1	CNTROB	c28
0.00312158528456011	1.30582539754564	0.018	0.004	1	AL592435.1	c28
0.0683421499100704	1.30513245324653	0.041	0.021	1	ZNF841	c28
0.966767572528487	1.30510900838051	0.012	0.012	1	CTDSPL	c28
0.116921354212717	-1.30506575708559	0.041	0.073	1	TSR3	c28
0.00238681775570895	1.3047315894561	0.118	0.064	1	SOS2	c28
0.156810589883419	-1.30418433127672	0.006	0.022	1	ZNF671	c28
0.0031829542414441	1.30385832592334	0.047	0.018	1	ZNF525	c28
0.082524236637927	-1.30330361041172	0.012	0.037	1	PIGV	c28
0.0721773926413407	1.30313079441492	0.024	0.01	1	ZNF283	c28
0.0025341944272513	-1.30306129493091	0.053	0.133	1	TSFM	c28
0.692892440325543	-1.30264516855726	0.012	0.015	1	EVA1C	c28
0.141785825690845	1.30258736023251	0.035	0.02	1	FANCG	c28
0.455093913002186	1.30242190102084	0.012	0.007	1	AC016394.1	c28
0.0419933143998214	1.30227321138298	0.029	0.012	1	ZNF799	c28
0.5820421559669	1.30189425881638	0.006	0.01	1	HMMR	c28
0.00757675979846226	-1.30143562558496	0.765	0.655	1	LYZ	c28
0.649867443210634	1.30137145589563	0.012	0.009	1	HOMER2	c28
0.172798921287851	1.30115820109842	0.041	0.025	1	KCNMB1	c28
0.0250750945163444	1.30071413555217	0.018	0.005	1	FRG1-DT	c28
0.0177346113847891	1.29967023079568	0.035	0.014	1	LINC00863	c28
0.296682137598727	1.29922980505348	0.012	0.006	1	KCNC4	c28
0.297164565324237	-1.29870140904788	0.006	0.016	1	RSAD2	c28
0.0277508385442289	-1.2985470820446	0.012	0.048	1	DHDH	c28
0.324088913818543	-1.29786014722622	0.006	0.015	1	ZNF419	c28
0.0602720845743553	1.29759798417747	0.065	0.038	1	NKIRAS1	c28
0.000969859933067364	1.29748126808561	0.065	0.025	1	TNPO2	c28
0.0153915229772303	-1.29737161455928	0.018	0.064	1	IFI27L1	c28
0.95336506257026	1.29712917810598	0.018	0.019	1	ZNF35	c28
0.793714573738575	-1.29698634448641	0.065	0.058	1	ST8SIA4	c28
0.322003560296334	1.29690417266161	0.024	0.015	1	RAPGEF3	c28
2.553598845435e-06	-1.2963599885843	0.753	0.672	0.0934642713417666	TSPO	c28
0.00205503312448277	-1.29621917407355	0.112	0.21	1	LYPLA2	c28
0.187339659044237	1.29589907018836	0.012	0.005	1	FAM156A	c28
7.89385259909541e-05	1.29570455767434	0.088	0.034	1	ZNF737	c28
0.127839315031512	1.29530921465532	0.106	0.079	1	CPT2	c28
0.149856383819956	1.29440543061174	0.053	0.034	1	TAF6L	c28
1.73669224662662e-05	1.29426061138886	0.194	0.102	0.635646729187809	ZYG11B	c28
0.00288473312430816	1.29425955463081	0.071	0.031	1	ZNF736	c28
2.22111649277058e-05	1.29420665660748	0.118	0.049	0.812950847518959	USP42	c28
5.4832691894448e-07	-1.29405158082422	0.147	0.332	0.0200693135602869	TXNDC17	c28
2.08403017144537e-05	1.29396500765049	0.171	0.084	0.76277588305072	KMT5B	c28
0.093620716231354	-1.29373300814271	0.018	0.044	1	B3GNTL1	c28
0.859080965743578	1.2935194188379	0.024	0.026	1	SLC16A5	c28
0.00160586619995573	1.29330837129501	0.176	0.11	1	BICD2	c28
0.00720773175545159	1.29293299571729	0.053	0.022	1	IPP	c28
6.90309614658641e-05	1.29291575821821	0.141	0.067	1	DIS3L	c28
0.717990967664189	1.29228706884047	0.012	0.009	1	ELF5	c28
0.189298508219728	-1.29174120985047	0	0.01	1	MAFIP	c28
0.168802313623351	-1.29146723939629	0.012	0.03	1	SLC25A14	c28
0.497625530567565	1.29141050333957	0.012	0.019	1	FNDC10	c28
0.329435641745544	1.29134342476537	0.012	0.006	1	KLHL17	c28
0.0352948364874636	1.29082300384058	0.018	0.006	1	AP000866.1	c28
0.202450361567415	1.29050365029076	0.053	0.036	1	KIF13A	c28
0.000106157175733183	1.29003092071598	0.135	0.065	1	TRIM13	c28
3.041954668779e-06	1.2898723632028	0.153	0.067	0.11133858283198	CMTR2	c28
0.958102475419412	1.28970044171422	0.029	0.031	1	SLC26A6	c28
0.106687648544025	1.28911473413158	0.018	0.007	1	Z93241.1	c28
0.0617364695293242	-1.28907818134823	0.006	0.031	1	FKBP1C	c28
0.00195479835437386	1.28905907713089	0.165	0.102	1	ELL2	c28
0.00584539708678542	1.28903777241107	0.047	0.019	1	ZNF382	c28
0.193416314745325	1.28882556988705	0.024	0.013	1	IKZF4	c28
0.260640493138864	1.28857112116933	0.018	0.009	1	LRP5L	c28
0.0703000283230069	1.28779790875934	0.029	0.013	1	SLC25A29	c28
0.489227576906293	-1.28763283368642	0.012	0.019	1	PHLDB3	c28
0.194229399504874	1.28714285839307	0.024	0.013	1	WDHD1	c28
3.46565808486727e-05	1.28673905166841	0.141	0.065	1	ARHGAP5	c28
0.247429883903446	-1.28543755894241	0.018	0.034	1	BCS1L	c28
0.000281459124132489	1.28513406366328	0.147	0.077	1	CNTLN	c28
1.26737513905889e-05	1.28505419936314	0.129	0.055	0.463871974646944	RPS6KC1	c28
0.00239600119678324	1.28488420235309	0.053	0.02	1	XRRA1	c28
0.000611585889444443	1.28469070523143	0.165	0.094	1	VWA8	c28
0.25756785449744	1.28453276788917	0.024	0.014	1	KCNC3	c28
0.00825384997268423	1.2843852892371	0.065	0.03	1	SIK3	c28
0.00931570666974289	1.28429953441267	0.029	0.01	1	ZNF792	c28
0.150536892991739	1.28320000913494	0.012	0.004	1	SEPTIN7-AS1	c28
0.00122007357502547	1.28302351037045	0.124	0.066	1	CCDC18	c28
0.968915331164436	1.28263890096927	0.012	0.012	1	PKP2	c28
0.0977531843377194	1.28233404380391	0.065	0.041	1	SPOPL	c28
0.000506464548998851	-1.28228360469431	0.059	0.161	1	AK6	c28
0.156938306115539	1.28206172594455	0.065	0.044	1	DHX32	c28
0.122606731976613	1.28109553321172	0.024	0.011	1	AC009065.4	c28
0.0145134726668283	1.28096781680247	0.088	0.049	1	SMAD4	c28
0.0110329417693173	1.28077438571508	0.012	0.002	1	APOA1	c28
0.527428485896728	1.28056052297285	0.024	0.017	1	AC006333.2	c28
0.11530404701615	1.28039636783016	0.047	0.028	1	NOXA1	c28
0.130642120986525	-1.28031090932406	0	0.013	1	KDELR3	c28
0.0499057682158495	1.28024331672747	0.082	0.051	1	PCCA	c28
0.00103325913822282	1.28003905590761	0.029	0.008	1	AL133243.3	c28
0.334084411887856	1.27978659884424	0.035	0.024	1	PLXNA1	c28
0.0103165005383666	1.27953336700647	0.047	0.02	1	BRPF3	c28
0.0815921001879153	1.27838150746888	0.059	0.035	1	AC107884.1	c28
0.00265484425498126	1.27835556785569	0.035	0.011	1	AC087623.2	c28
0.00150993769052623	1.27727829061627	0.041	0.013	1	ZNF558	c28
7.53694107038724e-05	-1.27560927777223	0.071	0.195	1	TIMM10	c28
0.0494851987544726	1.27541244038028	0.065	0.037	1	SREBF1	c28
0.0456052459332556	-1.2752495020072	0.041	0.085	1	TPRA1	c28
0.0279563217258744	1.2746532562532	0.124	0.082	1	CLN8	c28
0.0462974115385358	1.27362909993339	0.059	0.032	1	C2CD3	c28
0.698129180408465	-1.27347979254842	0.076	0.066	1	LINC02446	c28
0.531555121387125	1.273385296413	0.018	0.012	1	TIGD6	c28
0.00335532694093531	1.27306159512558	0.059	0.024	1	POT1	c28
0.0645937112657613	1.27268913565877	0.018	0.006	1	LINC00663	c28
0.0065350778711444	1.27261969199754	0.088	0.046	1	RBM41	c28
0.0168879500766987	1.27250145786627	0.082	0.046	1	GAS7	c28
0.546376413021812	-1.2721327043393	0.006	0.011	1	SREBF2-AS1	c28
8.65201622530189e-08	-1.27211776102023	0.929	0.838	0.00316672445862274	S100A11	c28
0.00179260007776056	1.27163048122483	0.159	0.096	1	UBAC1	c28
0.133645502527537	-1.27158856990767	0	0.013	1	CCDC13	c28
1.3583367338746e-06	-1.27148897860203	0.165	0.335	0.0497164827965443	CD59	c28
0.291171715761918	1.27069652624557	0.118	0.1	1	WDFY4	c28
0.00393309178181838	1.27040444464835	0.082	0.04	1	SRGAP2	c28
9.52165149856449e-05	1.26952845112216	0.076	0.028	1	AC008443.1	c28
0.447107880847461	1.26925793743775	0.012	0.007	1	AL391832.2	c28
0.106537103345337	-1.26892143955965	0.024	0.051	1	RBM15B	c28
0.534694824242767	-1.26871190090427	0.012	0.018	1	HIST1H1B	c28
3.19308005470017e-05	1.26854433996707	0.041	0.01	1	AL513550.1	c28
0.00879316095625101	1.26823030563726	0.041	0.016	1	FAM149B1	c28
0.154469992978521	1.26809508146134	0.088	0.065	1	SEH1L	c28
0.0633844797695212	1.2679934666206	0.029	0.013	1	CCDC122	c28
0.0188394057376795	1.26783796629606	0.018	0.005	1	MCM3AP-AS1	c28
0.726384698606101	1.26759745496021	0.041	0.048	1	TMEM86A	c28
0.000138183701127674	1.26750726323282	0.147	0.074	1	FMNL3	c28
0.00414539806748414	1.26695015236303	0.194	0.133	1	MOB3B	c28
0.10007311548856	1.26689965393871	0.029	0.014	1	ZNF845	c28
7.63355906888096e-06	1.26641391976791	0.247	0.141	0.279395895480112	NUMB	c28
0.367568864642347	1.26636069914994	0.018	0.011	1	MARCH3	c28
0.00344048058493375	1.266179151472	0.029	0.009	1	TBC1D32	c28
0.123204325387687	1.26579496121364	0.047	0.028	1	CABLES1	c28
0.0592183939112576	1.26518853003929	0.076	0.047	1	FICD	c28
0.242178128834784	1.26493683896105	0.012	0.005	1	L3MBTL4	c28
3.31805835418398e-06	1.2648647854493	0.206	0.105	0.121444253821488	PHKB	c28
0.0835996916106984	1.26460386199282	0.029	0.014	1	SNHG20	c28
0.000246317159119146	1.26441286375124	0.088	0.036	1	DGCR8	c28
0.0145584130751238	1.26440634044741	0.041	0.017	1	ZNF487	c28
0.0164626635013896	1.26395283648446	0.065	0.033	1	LINC01588	c28
0.24247374546362	1.2638506555234	0.082	0.064	1	PNPO	c28
7.39309094651785e-06	-1.26359233236682	0.106	0.263	0.2705945217335	PRDX4	c28
0.251688656539084	-1.263378579395	0.012	0.026	1	LINC01003	c28
0.00711424024349193	1.26332479687903	0.035	0.012	1	C16orf74	c28
5.35632890242637e-06	1.2621946735586	0.047	0.011	0.196046994157708	COL18A1	c28
0.24609152839893	-1.26214721163885	0.029	0.049	1	PIP4K2B	c28
0.0379362471089573	-1.26202784478121	0.659	0.535	1	SERPINA1	c28
4.80262971175294e-05	1.2616051418991	0.224	0.132	1	ZMIZ1	c28
0.877700403209733	1.26142296029826	0.012	0.011	1	NAGS	c28
0.933511746771121	1.26132151967984	0.047	0.047	1	SGPP1	c28
0.0812405815296502	1.26122021550951	0.012	0.004	1	LINC01259	c28
0.273774119001616	-1.26083386731745	0.047	0.031	1	TRAV19	c28
0.00135776166402458	1.26035154915976	0.076	0.033	1	ABCC5	c28
0.00154825851563948	1.26010066227665	0.065	0.026	1	GZF1	c28
0.265316258451504	1.25999132137829	0.024	0.014	1	AL049840.5	c28
0.0188664969145984	1.25945104773186	0.059	0.029	1	DHX57	c28
0.325895341090099	-1.25933353039581	0.018	0.031	1	CCL28	c28
0.000200151142261741	-1.25911861715813	0.382	0.431	1	AIF1	c28
0.00507618834491264	1.25722707452396	0.124	0.072	1	ITGAV	c28
0.0454137159287258	1.2570944435538	0.018	0.006	1	MAP3K21	c28
5.94751143992757e-05	1.25669356260034	0.218	0.127	1	SLC38A6	c28
6.80434202994095e-06	1.25629246349903	0.106	0.039	0.249045722637869	GABPB2	c28
0.000565341271837632	1.2561143095603	0.224	0.145	1	SNX27	c28
0.0280746318510104	1.25422991096705	0.106	0.067	1	CLCN7	c28
1.19110452683664e-05	1.25399437544136	0.241	0.139	0.435956167867478	STX6	c28
0.00718543121631066	1.25396024690651	0.059	0.026	1	GTF3C4	c28
1.88346741340716e-05	1.25395263726332	0.094	0.034	0.689367907981154	MTRNR2L1	c28
0.299012278923133	1.2529563444022	0.053	0.038	1	PDE1B	c28
0.411642522233932	-1.25276595793494	0.041	0.055	1	WDR83	c28
0.130193410436589	1.25228838982573	0.035	0.019	1	AL139384.1	c28
0.0419047164461615	1.25163785273151	0.018	0.006	1	AC073195.1	c28
0.255692654849695	-1.250990779218	0.018	0.033	1	TMEM191C	c28
0.00439991160133358	1.25093327251868	0.053	0.021	1	LRRC8C-DT	c28
6.59053185605797e-05	1.25088526821731	0.088	0.034	1	DCAF1	c28
0.0191815723054664	1.2508052298999	0.041	0.018	1	FIGNL1	c28
0.0948743720349392	-1.25060614694235	0.029	0.06	1	ORC3	c28
9.94626938222431e-05	1.25010186424896	0.165	0.086	1	GALC	c28
5.41121872591781e-06	1.24998032057703	0.141	0.06	0.198056016587318	SKIV2L	c28
2.88501574769364e-05	1.24986545721393	0.171	0.086	1	SIN3B	c28
0.00216282711084287	-1.24941345785678	0.053	0.138	1	IL1RN	c28
4.70514396993758e-05	-1.24919884930962	0.135	0.277	1	C14orf119	c28
1.49223232281256e-06	1.24810626328256	0.129	0.05	0.0546171952472624	TTC38	c28
3.55430887708226e-05	1.2480477981933	0.059	0.017	1	ZNF14	c28
0.000397258550072542	-1.2479921600111	0.024	0.11	1	HSD17B14	c28
0.00995826472372802	1.24798184886599	0.106	0.061	1	NEK1	c28
0.000555196088683698	1.24767605440749	0.047	0.015	1	DOCK9	c28
0.0049374381906023	1.24742399397877	0.071	0.033	1	ZBED4	c28
0.109807861813918	1.24708224409809	0.041	0.023	1	UBFD1	c28
0.296200490381576	1.24704145223742	0.012	0.006	1	ZDHHC11B	c28
1.23719810377136e-14	-1.24687038312237	0.965	0.91	4.52826877961355e-10	S100A6	c28
5.76032534134349e-05	1.2465851952958	0.118	0.051	1	MED23	c28
0.0124296018353719	-1.24640229468792	0.035	0.092	1	PRCP	c28
0.204338366005108	1.2463873752511	0.041	0.026	1	CXCL2	c28
0.00235709057231748	1.24615188251586	0.018	0.004	1	AC008875.2	c28
0.132345996537763	1.24516348972242	0.059	0.038	1	TNS1	c28
0.66991641936529	1.24490811481041	0.012	0.009	1	CAMSAP3	c28
0.0125042860206745	1.24443968288856	0.118	0.072	1	ZBTB4	c28
0.73064108135793	1.2443789172828	0.024	0.028	1	ZNF232	c28
0.562737575286449	1.24377789957018	0.035	0.028	1	TEC	c28
6.65426896700656e-06	-1.24375705171575	0.171	0.336	0.243552898461407	NDUFB3	c28
0.021442084567398	1.24342932352785	0.065	0.033	1	ST7L	c28
0.000157441669829895	1.24333037185189	0.065	0.022	1	ZFP82	c28
0.00529548356609233	-1.24268141147464	0.012	0.064	1	CYB5R2	c28
0.0890295745399719	1.24236061691753	0.065	0.04	1	WWC2	c28
0.00568884374183475	-1.2421184919943	0.329	0.359	1	TREM1	c28
0.0569624633109614	1.24155032653793	0.029	0.013	1	RAD52	c28
0.000252435290293661	1.24148652325481	0.159	0.084	1	PEX26	c28
0.000834266978585407	1.24130280213918	0.176	0.107	1	PAX8-AS1	c28
0.445349405377365	1.24129682426991	0.029	0.021	1	FBXL6	c28
0.0328034124285218	1.24075497037641	0.012	0.003	1	LINC00987	c28
9.90630766815155e-05	-1.23966343920426	0.076	0.2	1	PPIC	c28
0.13478925490574	1.23965903698476	0.106	0.08	1	GPD2	c28
0.115603690287081	1.2393327329491	0.012	0.004	1	AC009403.2	c28
0.000153325987975116	1.23920563978458	0.094	0.039	1	ZNF44	c28
0.0107786445094641	-1.23904740867443	0.041	0.102	1	PCGF1	c28
0.530797688323089	1.2390000665398	0.018	0.012	1	ZNF547	c28
6.33580332857252e-05	1.23864813842262	0.1	0.04	1	NPHP3	c28
0.146993054799349	1.23811749668772	0.024	0.012	1	CPT1B	c28
0.0165063517766624	1.23773197809807	0.082	0.045	1	FCHSD2	c28
0.0200727019031362	-1.23759359559344	0.059	0.118	1	NABP2	c28
0.94384689429689	-1.23715103765545	0.018	0.017	1	KLRC1	c28
0.118862252763149	1.23701918992748	0.041	0.023	1	SRGAP2B	c28
0.139876629073301	1.23697806528442	0.041	0.024	1	CLCN5	c28
0.459243813524612	1.23664337468734	0.012	0.007	1	ZNF607	c28
0.893459835460063	-1.23640248938054	0.035	0.033	1	RASSF2	c28
0.140615119964652	-1.23634842999074	0.006	0.023	1	ZNF585B	c28
0.0246015671198856	1.23519907942818	0.076	0.043	1	DIABLO	c28
0.293239309535886	-1.23512250771355	0.018	0.032	1	CMPK2	c28
0.00104618934003394	1.23510874018334	0.053	0.019	1	CIP2A	c28
0.000152914669329118	1.23487947013843	0.041	0.011	1	C17orf67	c28
0.0863867305121959	-1.23463817230586	0.365	0.375	1	S100A8	c28
6.84916822331944e-05	1.23277930601671	0.1	0.04	1	ERCC6	c28
0.00203300918734621	1.23265113506595	0.112	0.058	1	MNT	c28
0.202644360281537	1.23256510095142	0.012	0.005	1	U2AF1	c28
0.0464113637611141	1.2323475818138	0.076	0.046	1	PITPNM1	c28
0.000361813714331836	1.23223685660021	0.153	0.082	1	MAP3K7	c28
0.000190739012568303	1.23217902194287	0.129	0.062	1	PGM2L1	c28
0.000177972899188993	1.23201663321392	0.094	0.039	1	MXD1	c28
0.870101529290014	1.2317098584223	0.012	0.01	1	NRAV	c28
0.00691035216027999	1.23136992152588	0.147	0.093	1	TBC1D9	c28
0.975650235246494	1.23109170955737	0.018	0.018	1	AL132709.8	c28
0.000231632142714573	-1.2310481559881	0.129	0.258	1	ARPC1A	c28
2.01861712518045e-05	1.23087150254173	0.171	0.084	0.738834053987296	SLC46A3	c28
0.254393871690239	1.23075696137512	0.029	0.018	1	MFAP3	c28
0.0558407983407973	1.23074629945259	0.018	0.006	1	ARMCX5-GPRASP2	c28
0.06440060649421	1.23007630748012	0.053	0.029	1	ERMAP	c28
0.0069951527924303	-1.22983853469716	0.065	0.137	1	PAF1	c28
0.0138232399395466	1.22981913370502	0.041	0.017	1	FBXW8	c28
0.0619977869563674	1.2295982136037	0.059	0.034	1	AK1	c28
0.500340469596933	1.22839154984878	0.018	0.012	1	ADCY9	c28
0.00135269018675932	-1.22837125543359	0.035	0.117	1	RAB32	c28
0.417377191938198	1.22794688651258	0.047	0.036	1	LRRC14	c28
0.201434388200883	-1.22768580204346	0.012	0.028	1	PGM5	c28
0.000957642627283945	1.22729658065057	0.112	0.056	1	UBR3	c28
3.60597775487283e-06	1.22720403709569	0.265	0.153	0.131982391806101	SGK3	c28
0.00997442389123042	1.22703788533382	0.094	0.052	1	MAN2A2	c28
1.41001749905372e-06	1.22695646399538	0.224	0.115	0.0516080504828652	MGRN1	c28
0.000175820620566348	1.22689062836668	0.118	0.055	1	SLFN12	c28
0.00521504676677497	1.22651376107849	0.118	0.067	1	ATP13A3	c28
0.0108057766585951	-1.22573860955553	0.047	0.11	1	GTF2F2	c28
0.406986703421325	1.22536257950786	0.035	0.026	1	PC	c28
0.260970952286687	1.22520661123809	0.053	0.038	1	SLC46A1	c28
0.0210971153001479	1.22496400482307	0.112	0.07	1	HDAC5	c28
0.00154286016765354	1.22491569436331	0.176	0.11	1	INF2	c28
0.111574294279263	-1.22463666105711	0	0.015	1	ENPP6	c28
0.163574771883629	-1.22438458889027	0.012	0.03	1	RWDD2A	c28
5.32732899453849e-05	1.22429419707157	0.182	0.098	1	MEGF9	c28
1.98017101689056e-06	1.22399997204761	0.094	0.031	0.0724762393892115	TTC21B	c28
0.136881975976236	-1.22328830293753	0.012	0.032	1	PKIG	c28
0.608608884055983	-1.22286499959456	0.018	0.023	1	SLC25A4	c28
0.204189171658348	1.2227880078603	0.041	0.026	1	TLR5	c28
0.304652091510336	1.22277618853834	0.041	0.029	1	TNFRSF21	c28
9.50021825135322e-05	-1.22224099317949	0.147	0.29	1	SDF2L1	c28
0.577942909710219	1.22175730688777	0.047	0.04	1	C11orf68	c28
0.771949148774392	-1.22164078198921	0.018	0.021	1	CPNE7	c28
1.63766503545066e-05	1.2212591998185	0.271	0.168	0.599401779625296	FAM120A	c28
0.000354068672868704	1.22107328075484	0.071	0.027	1	PPAT	c28
0.454160182559029	1.22078470854671	0.012	0.007	1	EREG	c28
0.0559841446835529	1.22077645851889	0.171	0.134	1	MITF	c28
0.550639364006917	1.22051429740486	0.047	0.039	1	CTU2	c28
0.00129323209752688	1.22039947734578	0.112	0.057	1	PRAG1	c28
0.233306652675008	-1.22027587012971	0.024	0.042	1	TBL2	c28
0.0471237199141706	1.22009730496381	0.059	0.033	1	PHKA2	c28
0.114882506281256	-1.21998360712813	0.024	0.05	1	SPATC1L	c28
6.03046766161693e-05	-1.21970029817604	0.082	0.213	1	TXNL4A	c28
0.28563189421219	1.21839347209761	0.012	0.006	1	AC025682.1	c28
0.0213496956860773	1.21826530947134	0.024	0.008	1	CHKA	c28
0.0423155967670968	1.2182611771267	0.124	0.085	1	THBD	c28
0.620262923898668	-1.2178420956963	0.041	0.048	1	F2R	c28
0.00903819713215373	1.21776384466369	0.065	0.031	1	ZSCAN18	c28
0.0129732158792105	1.21747175730463	0.2	0.147	1	ADAP2	c28
0.108100472130492	1.21670903630453	0.053	0.032	1	CARM1	c28
0.000117187062267664	1.21643368809076	0.112	0.049	1	MINDY3	c28
0.00875088706857334	1.21561347461176	0.2	0.143	1	NCLN	c28
0.180485558241174	1.21560055313529	0.035	0.021	1	ZNF529-AS1	c28
0.0163205977364144	1.21556945616266	0.118	0.073	1	STK19	c28
0.448196062489557	1.21539482194816	0.041	0.032	1	TPCN2	c28
0.00196842296477431	1.21535006975007	0.106	0.054	1	SFXN4	c28
0.000163173500736701	1.21500132096282	0.218	0.132	1	SRFBP1	c28
0.0116298189672591	1.21486077343999	0.165	0.114	1	ITGAM	c28
0.148649958208235	1.21438981203582	0.012	0.004	1	AGBL3	c28
0.00808097799306947	1.21406172341956	0.029	0.01	1	IGF1R	c28
0.00268727765203075	1.21381339245818	0.088	0.043	1	GIT1	c28
0.552095146152555	1.21234425281788	0.059	0.051	1	RCOR1	c28
0.0700648237562866	1.21168935105166	0.024	0.01	1	AC091729.3	c28
0.0765439096781747	1.21161144299012	0.053	0.03	1	FRS2	c28
0.211614167709788	1.21091799775282	0.018	0.009	1	SLC24A1	c28
0.000753454668959959	-1.21084706656688	0.065	0.164	1	POP7	c28
0.0584192903342034	1.210834123599	0.065	0.038	1	FEM1C	c28
0.0913146669977198	1.21056237499608	0.071	0.045	1	LATS2	c28
0.579290585298633	-1.20978790357134	0.006	0.01	1	BICDL1	c28
0.000192958559274097	1.20967024128433	0.094	0.039	1	AC006504.5	c28
0.166146844131027	-1.20964217924136	0	0.011	1	B4GALT1-AS1	c28
8.44385705933025e-05	1.20962727555855	0.059	0.018	1	DNAJC27	c28
0.000546562456217514	1.20952142277537	0.088	0.038	1	ZRANB1	c28
0.244677557603352	1.20931447467841	0.012	0.005	1	MIR3142HG	c28
0.0051936892557288	1.20930707133395	0.124	0.072	1	CSNK1G2	c28
0.217385687075881	-1.20891760951642	0.018	0.035	1	ING1	c28
0.000930097994599156	1.20879610249633	0.071	0.028	1	CUL9	c28
0.572216719663241	1.2083723209939	0.018	0.013	1	TMEM64	c28
0.00680978981499908	-1.20803707039613	0.447	0.446	1	GCHFR	c28
0.312220272385242	1.20793150556185	0.006	0.016	1	AC087273.2	c28
0.718583977876616	-1.20787665981809	0.018	0.021	1	RAB33A	c28
0.000690121671201003	1.20758217034141	0.212	0.136	1	MARCH1	c28
0.000642426912574092	1.20684617651534	0.071	0.028	1	NFYA	c28
0.0100954085349111	1.20668776707144	0.176	0.12	1	TTC37	c28
2.96931939060075e-05	1.20618511364967	0.129	0.057	1	ELK4	c28
0.0246728274383231	1.20601663154042	0.065	0.034	1	TTLL4	c28
6.5044393203072e-06	1.20576146669398	0.312	0.198	0.238068983562564	LIMA1	c28
0.0318165894246448	1.20521782627343	0.059	0.031	1	ZNF714	c28
0.303428971875178	1.20505203430511	0.053	0.039	1	LRRK1	c28
0.0193007586892978	1.20503421658661	0.059	0.029	1	ZNF25	c28
0.0148718091517557	1.20464779275587	0.029	0.01	1	SULT1B1	c28
6.22815095132707e-07	-1.20404167345659	0.347	0.476	0.0227956552969522	AP2S1	c28
0.0111284686988349	1.20363256755763	0.076	0.04	1	TLK2	c28
0.000156952677770577	1.2034760186305	0.065	0.022	1	NBPF9	c28
0.000141325642332445	1.20345156421785	0.182	0.101	1	TTC39B	c28
0.322474132314733	1.20329520865024	0.106	0.091	1	LIMK1	c28
0.0510761040167417	1.20315089714661	0.029	0.013	1	ZNF17	c28
0.422599865733654	-1.20279185661733	0.006	0.013	1	PSAT1	c28
0.0545246963418262	1.20251219412819	0.024	0.009	1	EME2	c28
0.00117832237233094	1.20014017968672	0.124	0.065	1	NF2	c28
5.59362591311356e-06	1.199622468008	0.141	0.06	0.20473230204587	INTS6	c28
0.282530318313631	1.19961869886381	0.018	0.01	1	SAP30	c28
0.105791753833328	-1.19944674337727	0.065	0.103	1	WDR77	c28
0.00030356880216853	1.19907263644722	0.194	0.114	1	GOLGA3	c28
0.00903919245888158	1.19865717390189	0.076	0.039	1	PIGM	c28
0.183462256674776	-1.19849586111324	0.006	0.02	1	FAAP24	c28
0.00273194637337044	1.19810507956767	0.088	0.043	1	NSUN6	c28
0.428112944442254	-1.19739526472874	0.006	0.013	1	UCK2	c28
0.109106802566811	-1.19720356863717	0	0.015	1	PCGF2	c28
0.000144288239325467	1.1971051856254	0.029	0.006	1	TCTE3	c28
2.14844128396238e-06	1.19703763592731	0.159	0.069	0.0786350994343072	BTAF1	c28
0.210876371739055	1.19680739508001	0.047	0.031	1	PGAP3	c28
0.000906823336042504	1.19659356591821	0.194	0.12	1	TMEM259	c28
4.35783648330268e-06	1.19602888980943	0.082	0.026	0.159501173125362	TYW5	c28
0.933060454469262	1.19587102822881	0.012	0.011	1	AL035071.1	c28
4.01053617967488e-06	1.19569823435512	0.1	0.035	0.14678963471228	ZNF559	c28
0.2767447904898	1.19508115131887	0.059	0.043	1	THUMPD2	c28
0.938223488983045	-1.19470313678183	0.012	0.011	1	LINC00539	c28
0.490655164598195	1.19448304266934	0.012	0.007	1	MTURN	c28
0.0287045120317543	1.19446943117151	0.159	0.115	1	KIF16B	c28
0.0119818291369846	1.19412181356599	0.047	0.02	1	DTX3	c28
0.0171465808333629	1.19408366108208	0.024	0.008	1	ZNF502	c28
0.287498706386577	1.19373302098071	0.029	0.019	1	AC022098.1	c28
0.166719258520153	-1.19362730031185	0.006	0.021	1	EVA1B	c28
0.0292039070824328	-1.19331356472701	0.076	0.134	1	PDCL	c28
0.7508871653766	-1.19274046445124	0.024	0.027	1	TBX21	c28
0.00216300974054342	-1.19218466133355	0.065	0.152	1	CMAS	c28
0.0027032550152047	1.19214515578445	0.076	0.035	1	MYO18A	c28
0.701944947354742	1.19187657709809	0.1	0.096	1	HK2	c28
0.0225641515530481	1.19132028330644	0.071	0.038	1	MCM4	c28
0.237720117626857	1.19060511861649	0.024	0.013	1	NADK2	c28
0.0279396708432647	1.18977771844254	0.041	0.019	1	ZNF354B	c28
0.0207695430855327	1.18942382754414	0.094	0.055	1	FMR1	c28
0.955223410395492	-1.18932306078084	0.018	0.017	1	TOP2A	c28
0.00435511943438113	-1.18923084179607	0.671	0.577	1	HLA-DQB1	c28
0.6061091443981	1.18853770366648	0.082	0.075	1	NAGLU	c28
0.0462058500972882	1.18813823227929	0.047	0.024	1	BBS1	c28
0.197605875755508	1.18813368146491	0.124	0.101	1	ARHGAP6	c28
0.00263403397926997	1.18812810156882	0.024	0.006	1	LINC01311	c28
7.72671997302423e-05	1.18806607794165	0.118	0.052	1	ZNF654	c28
0.164240291413912	-1.18782009480843	0.018	0.038	1	ZC3H12A	c28
0.155947653226199	-1.18778053474476	0	0.012	1	HSD11B1-AS1	c28
0.000138094306241571	1.18725158066388	0.088	0.035	1	ZNF92	c28
0.839143214760223	1.18719570870931	0.035	0.033	1	UNC13B	c28
0.00655074378392314	-1.18704103291967	0.071	0.148	1	ZMAT5	c28
0.0011621237845228	1.18686792360838	0.076	0.032	1	POLH	c28
5.24693374531657e-05	1.1862623428508	0.218	0.123	1	VPS53	c28
0.000821260260692855	1.18597436533857	0.047	0.015	1	C5orf63	c28
0.0939048379989353	1.18563297033993	0.065	0.04	1	EPN2	c28
0.000178449664139569	1.18503328927785	0.171	0.093	1	COP1	c28
0.00954608086832156	1.18502985759723	0.076	0.039	1	ZMYM1	c28
0.810952598493548	-1.1848415366438	0.024	0.021	1	IFNG	c28
0.0245742439856855	1.18473265600639	0.094	0.057	1	C16orf70	c28
0.01692829943984	1.18470399913829	0.088	0.05	1	CAD	c28
0.00777626041900199	-1.18458461589291	0.288	0.357	1	STMN1	c28
0.288305946544525	1.18458309831367	0.018	0.01	1	LINC00920	c28
0.877017312289996	1.18455041027839	0.018	0.02	1	CCR5AS	c28
0.0500284437495095	1.18450147219663	0.112	0.077	1	FILIP1L	c28
0.144621136556708	-1.18432110477785	0	0.012	1	CD2BP2-DT	c28
0.490726436939343	-1.18420032207028	0.006	0.012	1	ZNF696	c28
0.524298347862394	1.1841254708516	0.059	0.05	1	NDST1	c28
0.00227708313466506	1.18388308050732	0.112	0.059	1	FBXO38	c28
0.00205367505469754	1.18376767170399	0.076	0.034	1	PRIMPOL	c28
7.58946834020474e-05	1.18376546400632	0.165	0.085	1	RLIM	c28
0.672311753905902	1.18361999710473	0.024	0.019	1	CLIP2	c28
0.0647145526194804	-1.18361209610291	0.1	0.151	1	MAGED2	c28
0.0142363550744386	1.18271794037434	0.059	0.028	1	WDR59	c28
0.00587719089324878	1.18259769661713	0.024	0.006	1	TBCE.1	c28
0.0596898697130361	-1.18208012047414	0.006	0.031	1	SHISA4	c28
0.457122596412345	1.18201978818263	0.041	0.032	1	ACCS	c28
0.836202512581314	1.18201890732828	0.024	0.021	1	SLC6A12	c28
0.205415953297037	1.18176355108962	0.012	0.005	1	LINC01569	c28
2.8720493341669e-06	-1.1806204436898	0.524	0.556	0.105119877679843	TXN	c28
9.42415272249527e-05	1.18050652731067	0.124	0.056	1	BIN3	c28
0.0062640210057796	1.18020883538491	0.129	0.077	1	PHRF1	c28
0.416927185700487	-1.17872088863337	0.006	0.013	1	BORA	c28
0.111115689746873	-1.17861842845347	0.012	0.034	1	NUDT8	c28
0.0001469582457281	1.17788621749203	0.112	0.05	1	NBPF10	c28
0.99903562963534	-1.17785835030898	0.018	0.018	1	CASK	c28
0.471951550285142	1.17762500331298	0.012	0.02	1	LINC02542	c28
0.0777689404792549	-1.17753970945243	0.053	0.093	1	SERGEF	c28
0.0193145694889785	1.17753553603677	0.094	0.055	1	DENND11	c28
0.0208758719105997	1.17742278008297	0.071	0.038	1	ABCA1	c28
0.000139335852005618	1.17738116085122	0.047	0.013	1	CAPS	c28
0.0755056007652779	1.17722206287253	0.041	0.022	1	POGLUT3	c28
0.342290138746471	1.17675134202922	0.012	0.006	1	BIK	c28
2.81958125954711e-05	-1.17668401130766	0.124	0.271	1	TMEM208	c28
0.455222309595618	1.17616779082966	0.018	0.012	1	ETFBKMT	c28
0.0249610685272039	1.17560677255642	0.024	0.008	1	LINC01232	c28
0.000438837245342169	-1.17506377159355	0.053	0.153	1	PROCR	c28
0.00187314530440134	1.17477314298423	0.129	0.072	1	CCDC125	c28
0.000549966349986989	1.17446946104609	0.082	0.035	1	PIGN	c28
0.827649157666957	1.17439665765993	0.024	0.021	1	TTYH3	c28
0.442725110655458	1.17380981632755	0.024	0.016	1	TMTC3	c28
0.241539292043134	1.17366629086851	0.024	0.013	1	ZNF763	c28
0.683623786291905	-1.17316060678584	0.041	0.047	1	DIS3L2	c28
0.681356738204712	1.1730503057216	0.018	0.014	1	AC005082.1	c28
0.703142223447399	1.17301189686122	0.035	0.042	1	GLCE	c28
0.000864662990911278	1.17257551611831	0.094	0.042	1	SLC40A1	c28
6.75641484292502e-05	-1.17229283613106	0.059	0.183	1	GLA	c28
0.0163524835450713	1.1719149429666	0.041	0.017	1	F5	c28
0.00693602282906618	-1.17155770831511	0.029	0.089	1	ASRGL1	c28
0.736881505177271	1.17148966915788	0.059	0.055	1	CSNK2A2	c28
0.00126313445334415	-1.17140350754663	0.082	0.182	1	SAR1A	c28
0.330552479711671	1.17137508297161	0.018	0.01	1	SNHG26	c28
0.000899578816522708	1.17122368920705	0.118	0.059	1	LINC01278	c28
0.000241860526027352	-1.17045375981421	0.194	0.331	1	SNRPB2	c28
0.131921791625328	1.1704219260926	0.024	0.011	1	MSANTD2	c28
0.0130737511044659	1.17036839251639	0.065	0.032	1	MTRF1	c28
0.00141367169676223	1.16997040330449	0.094	0.045	1	PDP1	c28
0.00108039562767947	-1.16973750087501	0.024	0.101	1	FAM3B	c28
0.970605114291385	1.1695974724464	0.029	0.03	1	INAFM2	c28
0.449855161247483	1.16919089270684	0.024	0.016	1	TMEM143	c28
0.0338949703105994	1.16900010922854	0.088	0.053	1	TAF2	c28
0.538460518541428	1.16870443227757	0.012	0.008	1	ZNF284	c28
1.32111517857575e-05	1.16869878378265	0.176	0.086	0.48354136651051	REV1	c28
0.0413879477730005	1.16852541677805	0.065	0.036	1	PEX6	c28
0.00590811917024607	-1.1676980468252	0.053	0.124	1	MRPL35	c28
0.215511542538655	1.16753965757578	0.006	0.019	1	LINC02828	c28
0.544642234101765	-1.16743483304184	0.053	0.043	1	TRAV29DV5	c28
0.0665919890103506	1.16721272599434	0.071	0.043	1	RBM12	c28
0.00189038785777443	1.16675091492706	0.076	0.034	1	ZNF181	c28
0.00881901897669558	-1.16667541137546	0.035	0.096	1	ASGR1	c28
0.00638166878672335	1.16643961565556	0.029	0.009	1	MSC-AS1	c28
0.660970423144333	1.16592817700202	0.1	0.097	1	HILPDA	c28
0.0249696845013829	1.16557444727602	0.047	0.022	1	FAN1	c28
0.0390091966682676	1.1654377611684	0.071	0.041	1	RMND5A	c28
0.000480621832955138	1.16524054519857	0.218	0.137	1	ACOX1	c28
0.00849655626121332	-1.16519861026909	0.047	0.113	1	CAB39	c28
0.00624323460260081	-1.16467879879143	0.053	0.124	1	GFER	c28
0.287315196922894	-1.16456829078489	0.018	0.032	1	LRRC45	c28
0.0275883255313834	1.16449448942494	0.076	0.044	1	TNRC6C-AS1	c28
0.016253142386604	1.16441693517864	0.059	0.029	1	EFHC1	c28
0.000251686460254683	-1.16418469001236	0.206	0.334	1	NDUFB5	c28
0.275595156834779	-1.16416088778814	0.018	0.033	1	PAOX	c28
1.72056855243651e-06	1.16380915254966	0.141	0.057	0.0629745295877285	MBOAT1	c28
0.611972298326733	-1.16336700591288	0.006	0.01	1	ZNF665	c28
0.00122926378889347	-1.16334809403184	0.024	0.005	1	TRBV13	c28
2.34079951823178e-06	1.16317849661122	0.112	0.041	0.0856756031668014	TPRG1	c28
0.0179136854836335	1.16315773374235	0.035	0.014	1	TMEM65	c28
3.69537469263548e-05	1.16261534008224	0.112	0.046	1	SIPA1L1	c28
0.556541402496044	1.16245423966476	0.012	0.008	1	C19orf44	c28
0.485027527798001	1.16127627605144	0.024	0.017	1	F8	c28
0.0148175405004669	1.16111765073394	0.082	0.045	1	C12orf4	c28
0.309868740764952	1.16102220992356	0.018	0.01	1	TSNARE1	c28
0.54325854816267	-1.16059527205539	0.588	0.434	1	MCEMP1	c28
0.00677648567150855	1.16011457541695	0.018	0.004	1	LIMD1-AS1	c28
0.221828745610861	1.15971572823557	0.1	0.08	1	IMPAD1	c28
0.0339074023647667	1.15921160894807	0.082	0.049	1	FAM193A	c28
0.000699981013623516	-1.15890597122537	0.065	0.167	1	NIT1	c28
0.0139504873969595	1.15872237186447	0.065	0.032	1	SLC44A1	c28
0.0993579995711906	-1.15870045721315	0.006	0.026	1	LINC01150	c28
5.76982292850185e-05	1.15816382429749	0.341	0.235	1	TCF7L2	c28
0.995292709912854	-1.15799546294558	0.112	0.106	1	MATK	c28
0.0213494454752679	1.15758937938807	0.159	0.111	1	EPB41L1	c28
0.00162892468941807	1.15725395960355	0.094	0.045	1	GRAMD1B	c28
0.00648155036501979	1.15724773592698	0.041	0.015	1	ZNF184	c28
0.00369820986251593	1.15646417476262	0.135	0.079	1	VCAN	c28
0.0228442480177939	1.15628683705622	0.059	0.03	1	GFM2	c28
0.597247227886828	1.15619218623317	0.082	0.076	1	ZMYND15	c28
0.28134947664783	-1.15595268048464	0.018	0.032	1	TRIM39	c28
0.00753270284517047	1.15592996017376	0.082	0.042	1	RAPGEF2	c28
0.112156869400469	1.1557064657415	0.076	0.051	1	RHBDD3	c28
0.153886057244055	1.1556244227298	0.024	0.012	1	TMCC3	c28
0.0309395871368725	1.15556112008166	0.053	0.027	1	ZSCAN26	c28
4.31297787405972e-05	1.1540986870142	0.141	0.066	1	SENP5	c28
0.0231602747376325	1.15382975487538	0.106	0.065	1	UBAP2	c28
0.068301709032673	1.15361982319648	0.047	0.025	1	DDX31	c28
4.58149090147317e-06	1.15341426035691	0.088	0.029	0.167687148484819	ZNF460	c28
0.818593275533834	1.15318826643866	0.041	0.046	1	TCEAL9	c28
3.43338604517335e-05	1.15315416302227	0.153	0.074	1	FAM126A	c28
0.0662833099998207	-1.15283481794411	0.041	0.08	1	CDK9	c28
0.10859078667798	1.15277306007629	0.012	0.004	1	LAMTOR5-AS1	c28
0.0110406817590249	1.15275061615381	0.076	0.04	1	TPT1-AS1	c28
0.0146034854020643	1.1526056232183	0.1	0.059	1	SLCO3A1	c28
1.02824149168144e-05	1.15259634871492	0.188	0.095	0.376346668370325	UBA6	c28
0.136642863681487	1.15247420966634	0.029	0.015	1	MAP9	c28
0.0915355330634878	1.15209014510886	0.059	0.036	1	TIRAP	c28
0.125210047172592	1.15205094550592	0.047	0.028	1	EXOSC6	c28
0.130470423838308	1.15146416656682	0.041	0.024	1	NFE2L3	c28
0.0410297628694113	1.15120956581301	0.059	0.032	1	PANK4	c28
0.117632091004541	1.15117928721886	0.024	0.011	1	PHOSPHO2	c28
0.0291098672040304	1.15056660431496	0.094	0.057	1	CASP10	c28
0.00206308540011836	1.15047963785958	0.047	0.017	1	SBNO1-AS1	c28
0.00399821590357256	-1.14993508721816	0.065	0.145	1	MRPS18A	c28
0.000879840791812576	1.14980049559148	0.071	0.028	1	ZXDC	c28
5.85084884522315e-05	1.14934780179138	0.106	0.044	1	MPHOSPH9	c28
0.419926660767406	-1.14893391765775	0.006	0.013	1	KIF11	c28
0.500407124362394	1.14884612873833	0.018	0.012	1	AC018647.2	c28
0.00757429021560067	1.14872895414259	0.153	0.098	1	FGD5	c28
0.306247338471082	1.14865315427971	0.035	0.024	1	CDKL5	c28
1.88000598324233e-05	-1.14856573576713	0.159	0.318	0.688100989926526	EMC7	c28
0.00349892891585075	1.14853499269172	0.106	0.056	1	PPP1R12C	c28
3.81816083068644e-06	1.14822194291652	0.206	0.103	0.139748504563954	ANKRD13D	c28
0.669065028640349	-1.14820647481965	0.012	0.016	1	TRBV4-1	c28
0.0031953222119324	1.14771364922862	0.041	0.014	1	AC016831.5	c28
0.682700977157817	1.14758159993195	0.012	0.009	1	AC025580.2	c28
0.361914132107502	1.14748526321492	0.053	0.04	1	CENPV	c28
0.219738203722647	1.14747366540102	0.035	0.022	1	LENG9	c28
0.0169999776169153	1.14740267760037	0.206	0.155	1	RXRA	c28
0.000377584914381908	1.14690975585789	0.071	0.027	1	HAUS5	c28
0.0680686841954483	1.14670762833999	0.029	0.013	1	ZNF724	c28
4.49856944417387e-06	1.14637564636174	0.112	0.042	0.164652140226208	TTN-AS1	c28
1.65634796769255e-06	1.14627704294871	0.271	0.154	0.0606239919655149	PPFIA1	c28
0.00125655700432732	-1.14601778903871	0.094	0.197	1	DCTPP1	c28
0.533363862595278	1.14595984395923	0.018	0.012	1	DNAJC6	c28
3.88307139097782e-05	1.14590613286722	0.165	0.083	1	MTF1	c28
0.00259383257583621	1.14590521430658	0.094	0.047	1	OPA3	c28
0.0121084447148078	1.1453370678598	0.035	0.013	1	SLFN13	c28
0.405990816471852	1.14441909896574	0.012	0.007	1	AC092803.1	c28
0.00148148953343922	-1.14423388978479	0.029	0.106	1	MAP3K13	c28
0.827240175513383	1.1436314575727	0.012	0.014	1	CRNDE	c28
0.00163142940525872	1.14344928701769	0.059	0.023	1	NOD2	c28
0.835621911386926	1.14318696897602	0.012	0.01	1	ACKR3	c28
0.0284748785387254	1.14284842312441	0.071	0.039	1	STX2	c28
9.43822895754678e-06	1.14278372595338	0.053	0.013	0.34544861807517	CASS4	c28
0.000101690181438462	1.14218358110953	0.2	0.113	1	IL4R	c28
0.0100733360168561	1.14185458450354	0.012	0.002	1	POT1-AS1	c28
4.19989767681554e-06	1.14176526385024	0.182	0.087	0.153720454869126	TNRC6A	c28
0.692894392196708	-1.14126212772139	0.012	0.015	1	OSBPL7	c28
0.568262955139572	1.14097830516167	0.059	0.05	1	AMPD2	c28
0.0658180503001607	1.14090449028302	0.047	0.025	1	MDM1	c28
0.0992834507365786	1.14065742606422	0.012	0.004	1	LINC01002	c28
0.155033394451118	1.14062671221584	0.053	0.034	1	FER	c28
0.119738932317407	1.14048653686391	0.018	0.007	1	ZSWIM3	c28
0.0776864418550394	1.14014024541435	0.041	0.022	1	ALKBH8	c28
0.190915318738876	1.13968352008793	0.012	0.005	1	ABCB9	c28
5.50943059440992e-05	1.13912261356704	0.088	0.033	1	JMY	c28
0.663228640962662	-1.13908635244687	0.018	0.023	1	AC078883.1	c28
0.373996504959723	1.13839371248827	0.018	0.011	1	MOSMO	c28
0.167992471190453	1.13835610485638	0.082	0.06	1	ZBTB33	c28
0.389532391480013	1.1381622680053	0.082	0.069	1	ST3GAL6	c28
0.211801383644363	1.13811027065946	0.059	0.041	1	ZNF677	c28
0.037148184583826	1.1379445768722	0.035	0.016	1	LINC00665	c28
0.00145828695613244	1.13781723330253	0.271	0.198	1	COLGALT1	c28
0.00394593064268533	1.13721173819371	0.129	0.075	1	MLXIP	c28
0.00511064403427809	1.13585856554777	0.118	0.067	1	EDEM1	c28
1.74936114022382e-05	-1.13580441578483	0.265	0.399	0.640283670933321	COMT	c28
0.0143523014270899	-1.13560534214643	0.024	0.073	1	PON2	c28
0.0395342651171806	1.13556190280986	0.018	0.006	1	HPCAL4	c28
0.17336328770229	-1.13546023349048	0	0.011	1	RNASE2	c28
0.135649165533174	1.13510401418532	0.018	0.008	1	AC004943.2	c28
1.8586949249472e-05	-1.13503866815147	0.076	0.218	0.680300929479924	COMMD9	c28
0.902613227872368	1.1343858723139	0.024	0.026	1	AL022162.1	c28
0.00246994696850934	1.13437067627994	0.071	0.031	1	MPP5	c28
0.00592404039575833	1.13383536412272	0.059	0.026	1	EXOC6B	c28
0.0333179362490424	1.13379752994618	0.082	0.048	1	TSPAN17	c28
0.0774990739378512	1.13357986769492	0.029	0.014	1	F8A1	c28
0.0164252867235248	1.13268169085789	0.082	0.045	1	MIOS	c28
0.000748930602630105	1.13221909692876	0.106	0.05	1	ECE1	c28
0.00127164247318498	1.1321053479896	0.194	0.123	1	SGMS2	c28
0.163701657732224	-1.13200617359689	0	0.011	1	CHMP4C	c28
0.0218760081273242	1.13163925271015	0.047	0.022	1	MBTPS2	c28
0.00967845829316738	-1.13159634637005	0.041	0.103	1	SNX8	c28
0.235414742298272	1.1314783614349	0.018	0.009	1	LRRC63	c28
0.102811476832685	1.13099143291986	0.047	0.027	1	FASTKD3	c28
0.0255209189656696	-1.13087693190122	0.071	0.129	1	DTYMK	c28
0.00398987778275378	-1.13079071183598	0.024	0.087	1	TSPAN15	c28
0.119490037935369	1.1306717793676	0.059	0.037	1	PRDM4	c28
0.288087349148235	1.13058584720451	0.106	0.088	1	AGPAT3	c28
0.833930332237762	1.13031356295884	0.012	0.01	1	SHB	c28
6.67111168631813e-05	1.13029512254979	0.212	0.121	1	ERBIN	c28
0.435328978923846	1.12921891350697	0.012	0.007	1	SPAG8	c28
0.000586800423171057	1.12908061950951	0.141	0.075	1	PTCD3	c28
7.49330634635946e-05	1.12898913399484	0.182	0.098	1	OPA1	c28
0.0705965906847985	1.12865530393806	0.088	0.058	1	KIF1C	c28
0.446596678784157	1.12823527975205	0.024	0.016	1	GRK4	c28
0.000559461407187207	1.12809009579046	0.088	0.038	1	CNOT11	c28
0.33824011316904	1.12797473752352	0.018	0.01	1	ZNF773	c28
0.222679891243607	-1.12767562796219	0.012	0.027	1	DLC1	c28
0.340323543496592	1.1272327637546	0.047	0.035	1	AC004540.1	c28
0.0315266351345661	1.12683503110491	0.124	0.082	1	IRAK1	c28
8.42683840399355e-05	-1.12666384720541	0.141	0.284	1	COA3	c28
0.35922740670167	1.12646186496008	0.018	0.011	1	IFT81	c28
0.00743034945488751	1.12630173176566	0.118	0.069	1	SCAMP4	c28
0.427915659544899	1.12618525923389	0.076	0.064	1	HINT3	c28
2.38774030076016e-08	-1.12614778375922	0.682	0.65	0.000873936827481225	ATP6V0C	c28
0.000127090788479586	-1.12600866284361	0.571	0.538	1	MGST3	c28
0.0115829219855355	-1.12592558115677	0.059	0.124	1	ETFRF1	c28
0.0619223485241352	1.12591690228583	0.082	0.052	1	SLC25A16	c28
0.108063117001558	1.12556875294711	0.053	0.032	1	CTPS1	c28
3.45662677100258e-05	1.12544199938117	0.159	0.077	1	NFX1	c28
0.00301945675121662	1.12448537752122	0.118	0.064	1	JARID2	c28
0.299706768699254	-1.12344034298579	0.029	0.046	1	TMEM184C	c28
0.00271001030955961	1.12334408817978	0.135	0.078	1	SUSD6	c28
9.75166518428385e-09	-1.12333717417203	0.424	0.558	0.000356920697409973	ATP5MF	c28
0.907637135005826	1.12332219307488	0.018	0.017	1	ZBED3	c28
3.95931869911713e-06	1.12313149877718	0.106	0.038	0.144915023706386	EPG5	c28
0.933448170016584	1.12293849005499	0.053	0.057	1	CD27-AS1	c28
0.000494755849140623	1.12271703615936	0.147	0.078	1	CLASP2	c28
0.000153629200705382	-1.12251731276743	0.141	0.275	1	BID	c28
0.552717929760876	-1.12226385900772	0.012	0.008	1	PDP2	c28
0.0296878080558281	1.12218676472963	0.088	0.053	1	UBP1	c28
0.0892375662279736	-1.1216651617761	0.047	0.084	1	FABP3	c28
0.0178508692732763	1.12149592320372	0.065	0.033	1	RBM4B	c28
0.00461280996466719	1.12128826104924	0.024	0.006	1	AC107959.1	c28
0.0080575946318492	1.12106323016522	0.1	0.055	1	KIAA1841	c28
0.0560811422406538	1.11922067458746	0.012	0.003	1	AC016949.1	c28
0.0306425186845988	1.1191575903174	0.106	0.068	1	SNTB1	c28
0.00199010225794192	-1.11896917096536	0.041	0.121	1	HCAR2	c28
0.909020626315896	-1.118482209909	0.012	0.011	1	PLXDC1	c28
0.133113312803453	1.11839764326605	0.076	0.053	1	MTHFD2L	c28
0.163312815456443	-1.11832926799473	0.035	0.061	1	CWF19L1	c28
0.000327485272390204	-1.11752212177579	0.059	0.165	1	TMEM53	c28
0.0151980800196356	1.11719037149265	0.035	0.014	1	ZNF549	c28
0.0110467090465249	1.11672231202069	0.065	0.031	1	REXO1	c28
0.0222462510656405	-1.11663978434954	0.065	0.124	1	OCEL1	c28
0.0711479959547586	-1.11639996695225	0.029	0.064	1	HPS6	c28
0.230391227371942	1.11636453863689	0.047	0.032	1	BLNK	c28
1.30585604660551e-05	-1.1163490175828	0.2	0.368	0.477956371618084	SNRPC	c28
0.000243370975720768	-1.11623036674528	0.088	0.209	1	ISOC2	c28
0.000325096035477213	1.11590182600313	0.106	0.048	1	OSBP	c28
1.15916990967607e-05	1.11498073601144	0.247	0.141	0.424267778640538	TBC1D5	c28
1.22786185399346e-05	-1.11494242058647	0.071	0.219	0.449409717180145	LY96	c28
0.546562195502445	1.11426954941084	0.012	0.008	1	GAL3ST4	c28
0.203104059888032	-1.11421601189535	0.012	0.028	1	AL096870.8	c28
0.0468445119909392	1.11360589183734	0.065	0.037	1	MAP3K3	c28
0.155717100444497	1.11357380129134	0.065	0.044	1	ARFGAP1	c28
1.74403391151187e-05	-1.11314239765059	0.306	0.422	0.638333851952461	ATP6V0D1	c28
0.983780513920214	-1.11296568682697	0.018	0.017	1	VAMP1	c28
0.00694895268626115	1.11289032768583	0.153	0.097	1	UBA7	c28
0.000534565150582304	-1.11109251915564	0.076	0.186	1	NEU1	c28
0.112368598281809	1.1109155742804	0.065	0.041	1	TMEM164	c28
0.0204135839509422	1.11040377943086	0.053	0.025	1	TRAV13-2	c28
0.129568422074093	-1.10947705618849	0	0.013	1	MOCOS	c28
0.00160012741915888	-1.10915372772769	0.124	0.233	1	GYG1	c28
0.488000192013755	1.10906006675635	0.029	0.022	1	LRRC8B	c28
0.0094900522390944	-1.10833161634321	0.1	0.177	1	POLE3	c28
0.0849997060815852	1.10796177596248	0.124	0.091	1	H6PD	c28
0.733068692557105	1.10747036389443	0.012	0.015	1	CD1D	c28
0.614008301165228	1.10740722120581	0.012	0.017	1	GLB1L	c28
0.188890448932182	-1.10726113659515	0	0.01	1	KBTBD11	c28
0.154402806556754	-1.10714226576316	0.006	0.022	1	CHPF	c28
0.102105033468194	-1.10706103748161	0.024	0.052	1	RNF187	c28
0.000192825726852898	-1.10701597222586	0.812	0.686	1	HLA-DPB1	c28
2.41033848735105e-05	1.10679386767421	0.206	0.112	0.882207989755359	TRIM25	c28
0.000367661750196438	-1.10663868779709	0.135	0.256	1	ACOT7	c28
3.95639860797281e-06	1.10653283386811	0.206	0.104	0.144808145450413	KIAA0232	c28
0.146798894844705	1.10652417704953	0.059	0.038	1	C16orf72	c28
0.727269020138256	1.10632935609684	0.029	0.026	1	AMN1	c28
0.384691914199359	1.106328974028	0.053	0.041	1	TGDS	c28
1.60538704547328e-05	-1.10623547053455	0.512	0.531	0.587587712513674	ATP6V1F	c28
0.105587193794948	1.10592868357706	0.094	0.066	1	ZNF124	c28
0.525206862745909	1.10529260010683	0.024	0.017	1	FMO4	c28
0.000251465151437803	-1.10468206361893	0.435	0.467	1	GLRX	c28
0.0294556772687037	1.10461874222956	0.053	0.026	1	KIF21B	c28
4.95624673998283e-06	1.10445011577341	0.329	0.209	0.181403586930112	IL17RA	c28
0.0617815040889119	1.10394048982686	0.065	0.038	1	ENDOV	c28
0.0244574740529044	1.10385831416776	0.076	0.042	1	ZNF100	c28
0.0491548000024414	1.10337590665187	0.035	0.016	1	ZNF23	c28
0.0148834120109829	1.10333634191568	0.182	0.132	1	BTK	c28
0.229621373788709	-1.10318360829356	0.053	0.078	1	PGM2	c28
0.000780669859985646	1.10290463665152	0.047	0.015	1	CRAMP1	c28
0.0352576916601395	1.10258291281974	0.071	0.04	1	TOE1	c28
0.00177995529190759	1.10243387538515	0.018	0.003	1	USP44	c28
0.901661958861988	1.10223362044981	0.024	0.026	1	AC067752.1	c28
0.000187955617571929	-1.10218980290635	0.247	0.361	1	PLAAT3	c28
0.000253320046245597	1.10207434402585	0.2	0.117	1	KATNBL1	c28
0.419787951588284	1.10171529117047	0.024	0.016	1	PRR11	c28
0.0124286844816098	1.10146922614191	0.047	0.02	1	KMT5C	c28
0.840290084363468	-1.1013882947957	0.012	0.014	1	MAP3K12	c28
0.899323346921752	-1.10131745654941	0.041	0.042	1	TSPAN5	c28
0.355642500198206	1.1011015507705	0.012	0.006	1	RAB3D	c28
7.115591137384e-06	1.10079377004738	0.259	0.152	0.260437751219392	SH3BP2	c28
0.545856101994195	1.10068398604409	0.006	0.011	1	TUSC1	c28
0.680782516656341	-1.09986917217513	0.018	0.022	1	MDS2	c28
0.0395670466378433	1.09968119176424	0.024	0.009	1	CDAN1	c28
0.146740325474416	1.09964730614877	0.041	0.024	1	EIF3C	c28
0.303760613654033	1.09858156590549	0.012	0.006	1	TRIM16L	c28
0.0363054472499424	1.09744579243423	0.059	0.031	1	SENP1	c28
0.081547397551596	1.09740409606467	0.047	0.026	1	TADA2B	c28
0.00225392695346137	1.09729634881839	0.071	0.031	1	EID2B	c28
0.153121799868943	1.09726172000271	0.041	0.025	1	FGFR1	c28
0.614136313838256	1.09719109547622	0.018	0.013	1	RAB40C	c28
0.028839835245595	1.09712899654263	0.035	0.015	1	MARCH9	c28
0.000393805046164762	1.09549016133176	0.141	0.073	1	SLC8B1	c28
0.0427985697117127	1.09547915216138	0.012	0.003	1	IGFBP6	c28
0.0731456409084322	-1.09539969635715	0.1	0.151	1	PRELID3B	c28
0.150521122026264	1.09503842367676	0.035	0.02	1	CTBP1-DT	c28
3.34301875182994e-05	-1.09497461985734	0.135	0.289	1	MTLN	c28
0.224927816809683	1.09464734017756	0.035	0.022	1	ATAD3A	c28
2.66091012758302e-05	1.09391607237201	0.294	0.19	0.973919715796661	MME	c28
0.645274310423018	-1.09377515392513	0.012	0.016	1	BMPR1A	c28
0.157672998059113	1.09371799917584	0.018	0.008	1	PPP5D1	c28
2.28972931805398e-06	1.09356464193281	0.2	0.098	0.0838063827700938	PCNX1	c28
4.51922005434126e-05	-1.09326213221729	0.176	0.324	1	HSBP1	c28
0.00863432206280226	-1.0923572957175	0.071	0.144	1	MCRIP2	c28
0.293202812876439	-1.09233935031582	0.059	0.041	1	PBX4	c28
0.20741580847213	-1.09198232944662	0.012	0.028	1	C7orf31	c28
4.46120378444683e-05	1.09175034340134	0.182	0.095	1	WASHC2A	c28
3.78870369853583e-05	1.09164221915313	0.159	0.078	1	NOM1	c28
0.0218860400087293	1.09157187016738	0.059	0.029	1	LIMD1	c28
9.15080694009646e-05	1.09135118398038	0.147	0.072	1	ITPKB	c28
0.0153702425628816	1.09076740262145	0.029	0.01	1	RHEBL1	c28
0.226258693148776	1.09076100119355	0.053	0.037	1	EFCAB11	c28
0.0195462726403185	1.08990120777653	0.035	0.014	1	MORC4	c28
0.0152267037971958	-1.08983089108923	0.059	0.122	1	ST6GALNAC4	c28
8.11177115753179e-06	-1.08969996218503	0.482	0.555	0.296898936136821	H2AFZ	c28
0.369228639982905	1.08951508801579	0.012	0.006	1	ZNF112	c28
0.837231476879281	-1.08913598986542	0.012	0.014	1	AC012360.3	c28
0.151429489031272	-1.08902808880856	0	0.012	1	MAP1LC3C	c28
9.18644902684948e-06	1.08898440721232	0.065	0.018	0.336233220831718	SOGA3	c28
0.821379699387584	1.0889350671423	0.029	0.027	1	CLEC11A	c28
0.865757345582964	-1.08890208626635	0.012	0.013	1	TRAV26-2	c28
0.00113679855614821	1.0887859826472	0.194	0.122	1	CUX1	c28
0.037176626738014	-1.08876474842645	0.053	0.103	1	MMAB	c28
0.00307950898481327	-1.08868489363886	0.053	0.132	1	SERINC2	c28
0.156408704501001	-1.08856553999431	0.053	0.083	1	ICMT	c28
0.0647461274941666	-1.08844651101754	0.012	0.039	1	RTN2	c28
0.00343744157795701	-1.08828264852242	0.018	0.079	1	LILRB2	c28
0.0671223214763291	1.08796819417596	0.035	0.017	1	ZCCHC14	c28
0.0916349611744221	1.08777774454011	0.065	0.04	1	TMEM44-AS1	c28
0.531726962498864	1.08773570518468	0.065	0.055	1	CCSAP	c28
1.53469520792122e-06	-1.08731320603109	0.335	0.476	0.0561713793051244	TMEM219	c28
0.0919711870059779	1.08722006713352	0.035	0.018	1	RFX7	c28
0.000286532486422018	1.08720289586347	0.047	0.014	1	TRBV30	c28
0.0333409510901684	-1.08719915890797	0.012	0.047	1	CLEC4E	c28
0.351875515224525	-1.08713690300456	0.012	0.022	1	U2AF1L5	c28
1.472272254975e-12	-1.08693153278977	0.906	0.856	5.38866368043399e-08	S100A10	c28
0.000148216673931774	-1.08654077200186	0.176	0.319	1	PPP1R7	c28
0.0612320651299229	1.08541001503619	0.029	0.013	1	PTCD2	c28
0.0130979491809211	1.08514931820796	0.124	0.077	1	PGPEP1	c28
0.161385174092739	1.08499894175634	0.047	0.029	1	MTERF1	c28
0.0342947258627127	1.08489089507998	0.094	0.058	1	NUP85	c28
0.168991893193486	-1.084802073037	0	0.011	1	LINC01353	c28
0.0730316775469773	1.08455046839242	0.012	0.004	1	FAM184A	c28
0.0147834131408193	1.08440454675772	0.065	0.032	1	NLRX1	c28
0.55183643755447	1.08379895014181	0.012	0.008	1	LPAR1	c28
0.468995641073677	-1.08367554013134	0.006	0.012	1	ZNF565	c28
0.00931623973477384	-1.08365270070654	0.047	0.111	1	SNX4	c28
0.00176532687207208	-1.08356161024297	0.071	0.162	1	CCL23	c28
0.093551019885275	-1.0829625241226	0.024	0.053	1	CARD6	c28
0.883684688978456	-1.08287426400292	0.065	0.066	1	TMEM204	c28
0.00738205168871513	1.08225022015264	0.106	0.059	1	GGA3	c28
0.754121804180608	-1.08218407202235	0.024	0.02	1	GRK5	c28
0.00302371984139292	1.08199721621229	0.171	0.107	1	MLKL	c28
0.000119322098935467	-1.08199569863784	0.147	0.285	1	EIF4EBP1	c28
0.000481172270573058	1.08173871193204	0.129	0.065	1	ENTPD4	c28
0.0116597716190886	1.08160829786021	0.171	0.116	1	VASH1	c28
0.000847313364916836	1.08110845509471	0.235	0.156	1	TFEC	c28
0.0053909836654953	1.08083131480797	0.088	0.045	1	FAM214A	c28
0.00145866541428351	1.0807975328494	0.076	0.033	1	TAB3	c28
0.0294963049673578	1.08022733914632	0.188	0.144	1	PLA2G15	c28
4.03574695288203e-06	1.0802048570052	0.165	0.074	0.147712374222435	ZNF431	c28
0.0648748983194276	1.07988748345587	0.018	0.006	1	SLC30A4	c28
0.489285353217085	1.07943754382876	0.012	0.007	1	CLHC1	c28
0.340055966848548	1.07851151087327	0.024	0.015	1	PSMG3-AS1	c28
0.521021463014284	1.07846216418123	0.018	0.012	1	ZNF222	c28
6.91102096990747e-05	1.07845855634083	0.082	0.03	1	ZNF333	c28
0.625125365579956	1.0783323266639	0.065	0.058	1	PSEN2	c28
0.122286383975026	1.07795804888585	0.024	0.011	1	ZNF496	c28
0.0768036499343265	-1.07793542172142	0.024	0.055	1	TMEM176A	c28
0.00386898258191249	1.07780223128107	0.153	0.095	1	ASPH	c28
0.00142626840519276	1.07751446527574	0.082	0.037	1	LINC01089	c28
0.0391400714716161	1.07727852565468	0.041	0.019	1	SNX16	c28
0.0576370782543197	1.07722558363425	0.159	0.121	1	FLVCR2	c28
0.205625193564305	1.07685240715767	0.035	0.021	1	AP4S1	c28
5.18807713785894e-06	1.07630010470998	0.112	0.042	0.189888811322775	HECTD4	c28
0.0627277743072368	-1.07600903742712	0.059	0.103	1	BET1L	c28
0.28696635161148	1.07551633367871	0.065	0.049	1	SOCS6	c28
0.0450810726423742	1.07528174498268	0.035	0.016	1	ZNF16	c28
0.0621948744142554	1.07508626958277	0.041	0.021	1	MBLAC2	c28
0.00215745068329263	-1.07504667990034	0.453	0.451	1	HLA-DMA	c28
0.0941807407962641	-1.07480998491686	0.018	0.044	1	SFMBT1	c28
0.86665077951518	1.07471521424096	0.076	0.077	1	AC011899.2	c28
0.901471809819893	1.07425109501504	0.012	0.013	1	FITM2	c28
0.0303553080932391	1.07424990343162	0.047	0.023	1	CFL2	c28
0.175222392770806	-1.07416053269945	0	0.011	1	AC026904.1	c28
0.00251139820153178	-1.07399094230303	0.141	0.245	1	IFI35	c28
0.000240365117510394	1.0739569398927	0.259	0.171	1	KYNU	c28
0.00169007713207423	-1.07371940560535	0.041	0.122	1	MAN1B1	c28
1.12717648210894e-05	1.07328375820573	0.259	0.15	0.412557864216691	DCAF5	c28
0.00658765796230722	1.07259210284941	0.153	0.097	1	NT5C2	c28
0.0136603412586338	1.07245682200647	0.129	0.081	1	KIAA0930	c28
2.27947770533453e-05	-1.07206545583644	0.194	0.349	0.834311634929493	ELOC	c28
9.37570199775273e-06	-1.07186940529427	0.653	0.611	0.343160068819748	PRDX1	c28
0.0805126062022499	1.07180300825663	0.018	0.007	1	LINC01806	c28
0.00226502884575618	-1.07156338920683	0.065	0.154	1	UCHL3	c28
0.28507576685922	-1.07137851626936	0.006	0.016	1	DNAJC18	c28
0.0023021901840287	1.07122593650035	0.088	0.042	1	RNF31	c28
0.700919489864061	-1.0711150307152	0.012	0.009	1	IRF4	c28
5.42844168980714e-07	-1.07083458130728	0.629	0.613	0.0198686394288631	GSTP1	c28
0.0778948548444885	1.07076717568072	0.024	0.01	1	TBC1D24	c28
0.783971314980876	1.07075364927296	0.041	0.038	1	ZNF846	c28
0.264191417926891	1.07036811880818	0.035	0.023	1	SIRT1	c28
0.245377777249793	-1.06983319964085	0.006	0.018	1	URB1-AS1	c28
0.00223410706456275	1.0691180049028	0.135	0.076	1	ARNTL	c28
0.00233546022496286	1.06900770243572	0.159	0.096	1	MARCH5	c28
0.181453807755417	-1.06886071996056	0.012	0.029	1	FADS3	c28
0.344861663083051	1.06872871019356	0.124	0.107	1	MON1B	c28
0.000143395943883823	-1.06831350306098	0.729	0.633	1	LGALS1	c28
0.0002634962393402	1.06757736882968	0.118	0.055	1	METTL8	c28
2.92820176086063e-05	1.06740747106883	0.212	0.117	1	PLCB2	c28
0.425018932938663	-1.06738140385962	0.006	0.013	1	OSBPL10	c28
0.101427859626078	1.06721257130335	0.053	0.031	1	RIC8B	c28
0.0116390172102572	1.06670719767211	0.041	0.017	1	CPEB3	c28
0.00512771776842844	1.06667561093439	0.212	0.148	1	PCYT1A	c28
0.463225846196443	1.06629343468732	0.012	0.007	1	PAXBP1-AS1	c28
4.40029222312623e-06	1.06598019352712	0.329	0.21	0.161055095658643	FNDC3B	c28
0.0942036398179301	1.06553925423541	0.059	0.036	1	NEU3	c28
0.233738782380239	1.06545523035424	0.018	0.009	1	FFAR2	c28
0.0209697887314339	1.06518873296838	0.029	0.011	1	CDKN2B-AS1	c28
0.00446142288482745	-1.06507657892951	0.141	0.236	1	RNF5	c28
0.00693148090062796	1.06453441242316	0.041	0.016	1	LENG8-AS1	c28
0.0559494746621078	1.06438504374623	0.012	0.003	1	AL136038.3	c28
0.000338022288661491	-1.06430193382434	0.453	0.474	1	C1orf162	c28
0.189666423634519	1.06428779665459	0.012	0.005	1	GCNT4	c28
0.0238521534372487	-1.06411069098725	0.012	0.05	1	BCAR1	c28
8.39240478482411e-05	-1.0640197436967	0.188	0.335	1	TEX264	c28
0.988803213911338	1.06400991440925	0.082	0.088	1	PTGR1	c28
0.000471356244486733	1.06373330766927	0.088	0.037	1	MAST4	c28
0.0847017519528588	1.0629945658021	0.018	0.007	1	RBM26-AS1	c28
0.0639567121198471	-1.06292466959869	0.029	0.065	1	GPATCH3	c28
0.484058671972993	1.06272489356031	0.012	0.007	1	ST8SIA1	c28
0.000807930193921081	-1.06267246923887	0.2	0.322	1	MRPS15	c28
0.0312522042188397	1.06264466439905	0.053	0.027	1	MTA1	c28
0.00156975810651786	1.06244187171554	0.047	0.016	1	PTBP2	c28
0.378241514681766	1.06212798749281	0.018	0.011	1	BOLA2	c28
0.0138897327522526	1.06182413433051	0.1	0.058	1	CSNK1E	c28
0.0370676012018576	1.06169730812189	0.082	0.049	1	MKRN2	c28
0.0599689750590078	-1.0612586440641	0.012	0.04	1	ANG	c28
0.0686897503330679	1.06122452800625	0.106	0.073	1	GCNT1	c28
0.210895923379117	1.06111794891278	0.053	0.036	1	AREL1	c28
0.00346238491976388	1.0596954194117	0.088	0.043	1	NVL	c28
0.336860580931866	-1.05945658618997	0.006	0.015	1	C2orf81	c28
0.0325259162329401	1.05941444008217	0.071	0.04	1	BTBD2	c28
1.94417276354062e-06	1.05937458265878	0.282	0.16	0.0711586673183504	ZNF148	c28
0.0237458641385887	-1.05916659975953	0.153	0.226	1	SELENOM	c28
0.781905389849586	-1.05887633070288	0.024	0.027	1	AC090152.1	c28
0.00131196918804591	1.05836973858591	0.076	0.033	1	BTRC	c28
0.00642772962167775	-1.05793241508411	0.071	0.148	1	PTRH1	c28
9.09048690896588e-05	1.05791882417178	0.147	0.072	1	PLEKHM1	c28
6.67617685310395e-06	1.05726528202807	0.259	0.149	0.244354749000458	HTT	c28
0.646154671900333	1.05725020690371	0.024	0.019	1	CD22	c28
6.42518854518749e-05	1.05699891153744	0.118	0.051	1	ZC3H7B	c28
8.54816551542771e-05	1.05690077425711	0.059	0.018	1	ZNF783	c28
0.00340725506981998	-1.05670094996406	0.224	0.329	1	MIEN1	c28
0.547545823102412	1.05662844463947	0.024	0.018	1	ZBTB11-AS1	c28
0.00306228727144593	1.05657638388318	0.124	0.069	1	SLC36A4	c28
0.137957733370957	1.05635114196484	0.012	0.004	1	NUMBL	c28
0.951816273445971	1.05608270643258	0.035	0.035	1	CTNS	c28
0.0098986555427775	1.05606065705604	0.212	0.153	1	CYFIP1	c28
0.00525275442715671	1.05594402893465	0.065	0.029	1	MCM9	c28
0.000241572543864071	-1.05557115018054	0.053	0.161	1	QDPR	c28
0.190044322353551	1.05543170282189	0.029	0.017	1	NEK11	c28
0.610405573667842	-1.05538082335623	0.006	0.01	1	AHDC1	c28
0.116629509252624	1.05511150322443	0.112	0.084	1	NLRC4	c28
0.543802922741347	-1.05504195820723	0.018	0.025	1	C14orf93	c28
0.715212515410437	-1.05422299597412	0.024	0.028	1	ARHGAP12	c28
0.00159199862150102	-1.05409937362965	0.094	0.193	1	BOLA3	c28
0.0043195938993258	1.05394809451273	0.2	0.139	1	ATP2C1	c28
0.576136983410856	1.05340233518273	0.018	0.025	1	ANGPT4	c28
0.305423558480005	1.05336374145854	0.012	0.006	1	TRIM61	c28
0.163701657731065	-1.05308368773554	0	0.011	1	TNFRSF10C	c28
0.000237702772266648	-1.05302352133459	0.182	0.316	1	TUBB4B	c28
0.0221004403350017	1.05206001843831	0.047	0.022	1	ZNF528	c28
0.0164107532910667	1.05202846588476	0.076	0.041	1	TBC1D25	c28
0.000618851844029998	1.05168273973777	0.082	0.035	1	OTUD6B	c28
0.00679432301383825	1.05139278764054	0.053	0.022	1	ZNF790	c28
0.899554261923215	1.05133650312241	0.012	0.013	1	BACE2	c28
0.150165542051126	-1.05092630390366	0	0.012	1	TSKU	c28
0.313628207189407	-1.0505431016879	0.006	0.015	1	DNLZ	c28
0.0180166648261252	1.05044033074634	0.076	0.041	1	METTL25	c28
0.327597284090067	1.05000418189413	0.047	0.034	1	GTPBP2	c28
0.680814147686614	1.04986552074126	0.018	0.014	1	ZNF79	c28
0.884270498894056	1.04963341672888	0.035	0.034	1	JDP2	c28
0.1661456660568	1.04942846770508	0.118	0.092	1	ARPIN	c28
0.175002698818006	1.04940000707585	0.024	0.012	1	LINC00243	c28
0.866144239862603	1.04913597067072	0.018	0.016	1	WFS1	c28
0.000382786991834042	1.04899553462315	0.112	0.053	1	ZSWIM8	c28
0.079294741561667	1.04884265291617	0.018	0.007	1	SPIN3	c28
0.00820627366042891	1.04882699010999	0.082	0.043	1	CBWD5	c28
0.000222891821943904	1.04836136553458	0.129	0.062	1	FAM160B1	c28
0.000239028942722482	1.04820231796453	0.071	0.026	1	CHROMR	c28
0.000153011388126418	1.04804664842767	0.165	0.086	1	PIK3CB	c28
0.00179573586944298	1.04790428236013	0.176	0.11	1	SLC12A6	c28
0.0104470943920125	1.04744544954951	0.071	0.035	1	ADNP2	c28
0.225792533416909	1.0474350535571	0.106	0.084	1	PGP	c28
4.48084585902758e-05	1.04687192814493	0.182	0.096	1	N4BP1	c28
0.0415749966551521	1.04614816594107	0.065	0.036	1	TTBK2	c28
0.00852566926779819	1.04605713915501	0.194	0.138	1	EVI5	c28
0.000117515376670893	-1.04603580082108	0.047	0.159	1	CD300C	c28
0.000535190972536559	1.04564314450593	0.124	0.062	1	PITRM1	c28
0.723295999808315	1.04558026468417	0.012	0.009	1	HIST1H2AK	c28
0.000915385076703023	-1.04532926955683	0.076	0.181	1	ANAPC13	c28
0.0602111279229944	-1.04477164089985	0.065	0.111	1	MED11	c28
0.0627445455287778	1.04474634355552	0.188	0.152	1	MAN1A1	c28
0.703076367450488	1.04461785745451	0.012	0.009	1	AC092755.2	c28
0.0242451703678802	1.04443218327337	0.118	0.075	1	MAP3K5	c28
0.00645291079381196	1.04428649276291	0.059	0.026	1	TRBV2	c28
5.61741413736842e-06	1.04400332601559	0.141	0.06	0.205602974841821	KDM5C	c28
0.0987080481748192	1.04360795173222	0.047	0.027	1	PKD1	c28
0.135877462800493	-1.04359536174023	0	0.013	1	SLC22A18AS	c28
0.000188664543391762	-1.04304058893816	0.176	0.307	1	IGSF6	c28
0.0448361232475231	1.04288585454611	0.059	0.032	1	OLMALINC	c28
2.60793106451035e-05	1.04245590879912	0.153	0.072	0.954528848921434	TRAPPC11	c28
0.613119426869926	1.04205135298711	0.006	0.01	1	BBS10	c28
0.714203136095388	1.04193855011765	0.018	0.014	1	MAP7	c28
0.0170530379239682	1.04184225310083	0.106	0.064	1	WDR81	c28
0.000276557220229362	1.04152254207011	0.047	0.014	1	ZSCAN30	c28
0.790486413133666	1.04140169007842	0.012	0.014	1	SNX33	c28
0.717738795232967	1.04132547555171	0.047	0.042	1	CXorf56	c28
0.000189615279289656	1.04130573150397	0.088	0.035	1	TMEM260	c28
0.118757944315878	-1.04050167301703	0.012	0.033	1	MRPL30	c28
0.0149709158850329	1.04044402849449	0.065	0.032	1	SIMC1	c28
0.795660670479014	-1.04014926755515	0.024	0.021	1	TRAV5	c28
0.00509868169894841	1.03994097592236	0.041	0.015	1	COA6-AS1	c28
2.30348790295323e-05	1.03972535008055	0.212	0.115	0.843099607359913	RPS6KA3	c28
0.356138470244812	1.03961916212812	0.018	0.01	1	SCRN1	c28
0.982518211376151	1.03954398360469	0.012	0.012	1	C1orf112	c28
0.000114302296075334	1.03948853958784	0.159	0.08	1	APPBP2	c28
0.000246614231457738	1.03922901753319	0.312	0.216	1	QSOX1	c28
0.0193861756053793	1.0389779651663	0.076	0.042	1	TFB2M	c28
0.000880909893863216	1.03856376892685	0.047	0.015	1	ZNF778	c28
0.0614660010326839	1.03833581838171	0.082	0.052	1	UBL7-AS1	c28
0.007486849554234	-1.03833225064513	0.165	0.253	1	CD14	c28
0.248780373061906	1.03830898878852	0.024	0.013	1	STXBP4	c28
0.000187974994075627	-1.03825720700391	0.071	0.187	1	NMB	c28
0.0175097416675119	-1.03818025401825	0.082	0.15	1	VPS25	c28
0.00953278755285141	1.03806918590408	0.065	0.031	1	ZNF260	c28
3.917564036086e-06	1.03798130510543	0.241	0.131	0.143386761284784	APC	c28
0.166146844132205	-1.0378459163346	0	0.011	1	ZFY-AS1	c28
0.489172549965583	1.03773495371625	0.071	0.06	1	FARP1	c28
0.00388490338712029	1.037655050724	0.065	0.028	1	TSPOAP1-AS1	c28
0.00140643025750735	1.03758966326217	0.071	0.029	1	RASA4	c28
0.0384403183821174	1.03729039356436	0.094	0.059	1	PANK3	c28
0.52796462426805	-1.03631813024503	0.006	0.011	1	AC074032.1	c28
0.433011059517489	1.03626606063129	0.024	0.016	1	CEP131	c28
0.000133783082257859	1.03619839825669	0.135	0.065	1	ZNF791	c28
0.620669613539658	1.03617970256591	0.029	0.038	1	CENPS	c28
0.222076040472517	1.03603422340991	0.035	0.022	1	MRM1	c28
0.0414441169638079	1.03598142060577	0.018	0.006	1	AL645939.5	c28
0.291184890281096	1.03597076002522	0.041	0.028	1	ZNF383	c28
0.308512382261526	1.03505516951979	0.088	0.071	1	PITPNA	c28
0.000523125371202608	1.03500567336463	0.1	0.045	1	NR2C1	c28
0.000667893345146837	1.03480640199848	0.165	0.094	1	TMEM131	c28
0.420420140412457	-1.03469573455517	0.088	0.107	1	DIMT1	c28
0.223795134019934	1.03438935293666	0.018	0.009	1	AC083799.1	c28
2.20694882235434e-05	1.0342623483416	0.153	0.072	0.807765338469912	FAM91A1	c28
0.000669811646407911	1.03407153284405	0.112	0.054	1	SCRN3	c28
0.875135549008368	1.03359986152501	0.035	0.034	1	GNA11	c28
0.343352512566411	1.03357849404828	0.029	0.02	1	C19orf47	c28
0.747007352087357	1.03303544886346	0.024	0.028	1	C20orf96	c28
0.19176666984419	-1.03258531900744	0.012	0.029	1	POMZP3	c28
0.0502997389839731	-1.03241637732695	0.035	0.076	1	C16orf91	c28
3.61513878969938e-05	1.03237099446112	0.171	0.085	1	TOPBP1	c28
0.00030558803308181	1.03196303657673	0.112	0.052	1	CEP295	c28
0.00244253677491385	-1.03170802745427	0.118	0.221	1	MCTS1	c28
0.17376186034027	1.03150223051389	0.053	0.034	1	PIGB	c28
0.259580840523781	1.03144656898517	0.041	0.027	1	MTA3	c28
0.000602781266273797	-1.03132013460009	0.288	0.387	1	RGCC	c28
0.398069203367178	1.03034936937277	0.065	0.052	1	RRP12	c28
0.107747806551104	1.02999789644822	0.012	0.004	1	CCND1	c28
0.355377550954316	1.02990368809509	0.041	0.03	1	ZDHHC8	c28
0.119691900542918	1.02983921904318	0.029	0.015	1	SHPK	c28
0.0362265278727905	1.02980750161272	0.029	0.012	1	EIF1B-AS1	c28
0.107056065173119	1.02926768493101	0.018	0.007	1	PARD6B	c28
0.0220111765677582	1.02912446072562	0.065	0.034	1	KLHL42	c28
0.821606804149863	1.02903920433589	0.012	0.014	1	CLEC5A	c28
0.00381502514284322	-1.0282461333699	0.047	0.123	1	SPTSSA	c28
0.00102153656846603	1.02724245913385	0.082	0.036	1	ZNF235	c28
9.04225493861547e-05	1.02689666917533	0.165	0.085	1	GATAD2A	c28
0.000985964442606158	1.02685422397483	0.106	0.051	1	ZADH2	c28
0.011293591782744	1.0260598063161	0.018	0.005	1	AL451085.2	c28
0.00451267957186803	1.02597071182528	0.124	0.071	1	R3HCC1L	c28
0.0177193769848257	-1.02571640841119	0.012	0.053	1	BATF3	c28
0.00289201042278671	1.02565544832593	0.141	0.082	1	PTPRJ	c28
0.291843281786631	1.02550621575732	0.041	0.028	1	FLYWCH1	c28
0.170061470726663	1.02533497697551	0.035	0.021	1	ANKRD50	c28
0.141482883110098	1.02516643845138	0.024	0.012	1	CENPO	c28
0.00688579631023742	1.0251520144886	0.041	0.016	1	ZCWPW2	c28
0.59979435430628	-1.02510296103793	0.018	0.024	1	AL035530.2	c28
0.0231704983456778	1.02490968795824	0.047	0.022	1	ZNF169	c28
0.601188987322538	1.0244778842088	0.006	0.01	1	BX537318.1	c28
0.325907500581597	1.02402250883146	0.171	0.157	1	HBEGF	c28
0.142219586739023	1.02382398087518	0.047	0.029	1	BAHD1	c28
0.000777001760476996	1.02375237298036	0.035	0.01	1	TAF4B	c28
0.00382931954749955	1.02331253384141	0.035	0.012	1	AL356599.1	c28
0.437871659687493	1.02309315056441	0.012	0.02	1	TMEM52B	c28
0.174528636940065	1.02307747857032	0.024	0.012	1	KBTBD6	c28
0.0367128935507087	-1.02291036884261	0.041	0.087	1	SNX15	c28
0.0570321584805424	1.0226256684007	0.071	0.042	1	JMJD4	c28
0.74868219188435	1.02252709954292	0.018	0.022	1	AC004241.1	c28
0.00557144817397198	1.02232877500637	0.112	0.063	1	ATP7A	c28
0.588239608429089	1.02193254320914	0.041	0.034	1	LRMP	c28
3.15346318972513e-06	1.02147865561717	0.353	0.231	0.115419906207129	EIF4G1	c28
5.26296863205912e-05	-1.02057800314359	0.047	0.167	1	RPL26L1	c28
0.164396123134392	-1.02050515867394	0	0.011	1	SLC9A3R2	c28
0.0609198196344876	1.02027370536305	0.035	0.017	1	ZNF41	c28
0.000364708703404241	1.02026179101157	0.206	0.124	1	BAG5	c28
0.00256082652042513	1.0198178695487	0.106	0.055	1	TMEM209	c28
0.000675380613077159	-1.01980408724411	0.088	0.197	1	EIF4EBP3	c28
0.453417483565534	1.01961535672199	0.059	0.048	1	ZBTB7C	c28
0.000332237705266277	1.01954899834201	0.218	0.134	1	ANKRD10	c28
0.063930072786552	-1.01954667747304	0.006	0.03	1	AL035446.1	c28
0.05990586685836	-1.01953049981998	0.553	0.47	1	FABP5	c28
0.000701058169381743	-1.01904708768284	0.053	0.15	1	BST1	c28
0.671972161124854	1.01901581414852	0.012	0.009	1	TESMIN	c28
0.354700238150407	-1.01879248604555	0.006	0.014	1	REEP6	c28
0.00162731685271271	-1.01851279679715	0.153	0.265	1	UQCC2	c28
0.00836055855978375	1.01787735992364	0.082	0.043	1	CLEC16A	c28
0.461193783694662	-1.01749480480893	0.029	0.041	1	DXO	c28
0.000288189280161752	-1.01735637722628	0.035	0.133	1	IQSEC2	c28
0.00272849784281714	-1.01704467041574	0.482	0.467	1	GSTO1	c28
0.232484179188679	-1.01699264629372	0.041	0.064	1	TMEM216	c28
0.000192226082404439	1.01699203444944	0.106	0.046	1	FASTKD1	c28
0.00136705808252787	1.01686303969969	0.176	0.107	1	BMPR2	c28
0.511619087135698	1.01683211132967	0.035	0.028	1	APPL2	c28
0.0642628510322095	1.01636542554882	0.082	0.053	1	PACS2	c28
0.139208861105971	1.01630734410419	0.024	0.011	1	CSRNP2	c28
0.000432241995296197	1.01584906383112	0.259	0.174	1	CLEC12A	c28
0.144060731641633	1.01574651313396	0.041	0.024	1	ZNF513	c28
0.0126738909444689	-1.01573940662986	0.106	0.184	1	COA8	c28
2.29768715754518e-06	1.01558817136755	0.171	0.077	0.0840976476533112	FAM78A	c28
0.262475293822901	-1.015480484408	0.035	0.055	1	INSIG2	c28
5.8151582535437e-06	1.0153329712224	0.124	0.049	0.212840607237953	AEBP2	c28
0.331087694136351	-1.01525686759892	0.012	0.023	1	ZBTB49	c28
4.49951267588636e-14	-1.01503807544749	0.718	0.752	1.64686663450117e-09	CYBA	c28
0.0335805647436319	1.01488938272258	0.047	0.023	1	CNBD2	c28
0.540021408737272	-1.01461157423679	0.012	0.018	1	TRAV16	c28
0.313737190762802	1.01445888401316	0.012	0.006	1	LOXL1	c28
0.866369255271791	1.01406018902465	0.012	0.013	1	GLTPD2	c28
0.0242365471527332	1.0139989752288	0.071	0.038	1	RPGR	c28
0.0624834001246903	1.01361371604809	0.112	0.077	1	ZBTB43	c28
0.163691053292804	1.01290028438797	0.053	0.034	1	LACC1	c28
0.0025942810482688	1.01277151717877	0.059	0.024	1	ST3GAL3	c28
0.0934923232835538	-1.01236763116206	0.024	0.053	1	EMC9	c28
0.700261187148667	1.01236243123741	0.012	0.009	1	ZFP41	c28
0.357660472378079	1.01211317805894	0.029	0.02	1	ERRFI1	c28
0.537306163576161	-1.01209962683367	0.024	0.032	1	NDFIP2	c28
0.318116488817535	1.01179258769211	0.053	0.039	1	RHOBTB2	c28
0.0312736095113645	1.01168022273964	0.182	0.139	1	ARRDC4	c28
0.000650821633980744	1.01124822272798	0.235	0.153	1	FNDC3A	c28
0.522748908887379	1.01106010475071	0.035	0.028	1	DNAL1	c28
0.0218424925833174	-1.01071319937182	0.565	0.551	1	HLA-DQA1	c28
0.000535107562217977	1.0104914349232	0.147	0.079	1	ROCK2	c28
0.194515250072585	1.01027626000998	0.024	0.012	1	LAIR2	c28
0.896208919614827	1.00978738270328	0.024	0.022	1	AFMID	c28
0.506812474136643	1.00967254829136	0.035	0.028	1	MYL5	c28
0.000115679662913029	1.00920295526649	0.171	0.09	1	ZBTB44	c28
0.064780256750007	1.00899733730421	0.035	0.017	1	INPP5E	c28
0.0231311313473091	1.00870280841083	0.124	0.079	1	KIAA0319L	c28
0.0386944157187481	1.00860948963198	0.059	0.032	1	IPO4	c28
0.716961197321207	1.00811411936367	0.024	0.02	1	STRBP	c28
0.00232772069687372	1.00811120678534	0.053	0.02	1	KRBA2	c28
2.31654510749334e-05	1.00779778555544	0.153	0.071	0.847878674793636	AC245297.3	c28
0.641461465128893	1.00764590842399	0.018	0.014	1	ZNF275	c28
0.126247715159819	1.00753311228324	0.135	0.107	1	ANOS1	c28
0.000198309905438498	1.00741167075097	0.124	0.058	1	PIK3C2A	c28
0.00128291409422197	-1.00737060522943	0.129	0.239	1	GCA	c28
0.000388833579432845	-1.00732028532197	0.229	0.353	1	BLVRA	c28
0.00100920008742156	-1.00702973964389	0.059	0.153	1	CD40	c28
0.199603759586229	1.00697208237212	0.024	0.013	1	MARS2	c28
0.957348501972205	1.00692544336295	0.024	0.023	1	FBXO10	c28
0.134591826250179	1.00683966149433	0.012	0.004	1	ZIK1	c28
0.000587311048386058	1.00680235296257	0.176	0.103	1	KCNK6	c28
0.020879732146964	1.00675143680884	0.135	0.09	1	ZNF592	c28
0.000333519495194408	-1.00641206651441	0.235	0.366	1	MRPL54	c28
0.0838349233212093	1.00622567661382	0.094	0.065	1	TRMT1L	c28
0.256504298718534	1.0056521800171	0.106	0.085	1	USF1	c28
0.032566208338435	1.00545265950439	0.082	0.048	1	TAOK2	c28
0.0827958779537694	1.00509269857608	0.012	0.004	1	AL450352.1	c28
0.000225673526637699	1.00498102327077	0.135	0.066	1	MADD	c28
0.271947195841301	1.00488202369141	0.024	0.014	1	SLX4	c28
0.526765530400083	1.00480527483539	0.018	0.012	1	AL162231.1	c28
0.00723813628038991	1.00476979734762	0.112	0.064	1	BLZF1	c28
0.000787824160586333	1.00473484492841	0.153	0.086	1	FBXO22	c28
0.173111244384272	1.00422773806237	0.035	0.021	1	ZSWIM9	c28
0.914823447882307	-1.00342402456601	0.024	0.025	1	TRBV6-2	c28
4.62773331926327e-05	1.00335578282441	0.365	0.26	1	ABHD5	c28
0.0208097964057905	1.00319616000266	0.129	0.084	1	SCYL2	c28
0.0048910127955199	1.00274256138949	0.1	0.053	1	EOGT	c28
0.000771055777782982	1.00274031334471	0.265	0.185	1	LRRFIP2	c28
0.00281913031089141	1.00260878657426	0.1	0.051	1	UTP20	c28
0.000818765432002381	1.00260388571285	0.124	0.064	1	GALK2	c28
0.0671095383936865	1.00241853810122	0.047	0.025	1	SLC16A1	c28
0.108166279894217	1.00227978024911	0.088	0.06	1	CEPT1	c28
0.243569501115505	1.00189504401197	0.012	0.005	1	MAGI3	c28
0.433985796632502	1.00143508422339	0.076	0.064	1	HSBP1L1	c28
0.208758389474782	1.00130686403079	0.065	0.046	1	WDTC1	c28
0.0583920169260505	1.00019414851124	0.041	0.021	1	ABCC4	c28
0.292482095423341	-0.999945358008119	0.094	0.121	1	GTPBP4	c28
0.169356396692499	0.999918676531608	0.029	0.016	1	CPOX	c28
7.39703973803173e-08	-0.999896369046357	0.659	0.649	0.002707390514517	GPX4	c28
0.000578901800830565	-0.999715991919913	0.194	0.314	1	PPT1	c28
0.137716453005741	-0.99967663829724	0.006	0.023	1	IGSF22	c28
0.00725808285016238	-0.99948688184391	0.035	0.098	1	APEX2	c28
0.1000020006388	0.999396498493935	0.088	0.061	1	PBX3	c28
0.307181374918976	0.998944120364328	0.1	0.083	1	PTPN9	c28
4.92035342115611e-06	0.998870653988482	0.218	0.113	0.180089855567735	PHTF2	c28
0.963721076470029	0.998848904387818	0.018	0.017	1	PDIA5	c28
0.429990779948988	0.998770270402869	0.047	0.036	1	PPP2R3A	c28
0.00170708676364313	0.998661435852875	0.118	0.061	1	PRKX	c28
0.0142113949752021	0.99858842718236	0.188	0.136	1	FIG4	c28
0.0594028061070373	0.99850889935034	0.159	0.121	1	MMP19	c28
0.0796046167281432	-0.998225404936929	0.018	0.046	1	FAM50B	c28
0.239098991517109	0.997918164323611	0.047	0.032	1	TBC1D13	c28
0.000886243453569605	0.997911455940455	0.1	0.047	1	ZNF426	c28
9.14765227318208e-05	0.997908855534213	0.082	0.031	1	DDX11	c28
0.202526875191919	0.997733865467813	0.053	0.036	1	ACVR1B	c28
0.162584260372229	0.997485616734258	0.024	0.012	1	LINC01409	c28
0.307274701516996	0.997403881820488	0.129	0.112	1	RHOQ	c28
0.000151067978641176	0.996894544199477	0.147	0.073	1	ERC1	c28
0.000816261601022484	0.996583946156255	0.035	0.01	1	HOOK1	c28
0.0739287362350979	0.996390425776452	0.035	0.017	1	AC083798.2	c28
0.0113387267647191	0.996209549265225	0.082	0.044	1	SUN1	c28
0.756850551474451	0.996021402471248	0.012	0.01	1	BX255925.3	c28
0.31136255650644	-0.995917239632687	0.012	0.024	1	CDC34	c28
0.00148111464403906	0.995888830476121	0.124	0.065	1	PDCD11	c28
0.0448604297617589	-0.995637800493904	0.112	0.173	1	TMEM126B	c28
0.0207595010991388	-0.995273920382416	0.035	0.086	1	RILP	c28
0.0149732560187255	0.994984623080087	0.035	0.014	1	AC009126.1	c28
0.0635540018431251	0.994879921106069	0.012	0.003	1	AC027020.2	c28
1.7004659575156e-14	-0.994456950501803	0.894	0.836	6.22387545110286e-10	OAZ1	c28
0.0378645359580346	-0.994392802628858	0.1	0.162	1	ZNRD2	c28
0.291238105450818	0.993855557356749	0.018	0.01	1	SLC35D2	c28
0.216614139406817	0.993820712973125	0.018	0.009	1	AL117379.1	c28
0.262263888462097	0.993805178620671	0.024	0.014	1	FLVCR1	c28
0.623672562906721	0.993578409201259	0.024	0.019	1	NCAPG2	c28
0.0295517025260075	0.99246142249128	0.082	0.048	1	CC2D1B	c28
0.264816461645038	0.991689977940281	0.082	0.064	1	RETSAT	c28
6.56966915597315e-05	0.991487676977231	0.141	0.067	1	GPATCH2	c28
9.32468305395267e-05	-0.991457429883156	0.488	0.517	1	NOP10	c28
0.407199468427439	0.991324230539028	0.012	0.021	1	AC091982.3	c28
0.18767231299112	-0.991159803993453	0	0.01	1	MYL9	c28
0.240573467779471	-0.990882441344297	0.012	0.026	1	ABCB10	c28
0.0035503414164835	0.990234503490628	0.253	0.182	1	JUND	c28
0.0011345939343981	0.990143464639938	0.2	0.127	1	LUZP1	c28
0.00247903642284414	-0.990125776287532	0.082	0.174	1	LSM1	c28
0.0622781027078979	-0.989926845751099	0.012	0.04	1	QPCT	c28
0.0403196985987783	0.98943468051282	0.053	0.027	1	NBPF26	c28
0.197247646423511	-0.98916389188924	0	0.01	1	AC233723.1	c28
0.0245997200223173	0.98897286103481	0.012	0.003	1	BEND5	c28
0.00148825927352397	0.988918448775913	0.129	0.07	1	TRIM33	c28
0.000311372847708304	0.988913916799482	0.153	0.081	1	NBPF14	c28
1.92328089756034e-05	0.988139717762791	0.124	0.051	0.70394004131606	TNRC6C	c28
0.000230785159738547	0.988018641042722	0.1	0.043	1	PAPOLG	c28
0.341656023675011	-0.988015321372814	0.006	0.015	1	ZNF182	c28
0.0425357657951268	0.987990363386689	0.059	0.032	1	GFOD2	c28
0.00523540869333091	0.987897164300422	0.059	0.025	1	AK9	c28
0.00104826933675941	0.987849934486069	0.112	0.055	1	SBNO2	c28
0.602764555982496	-0.987829633730128	0.018	0.024	1	LAX1	c28
0.006916746264461	0.98737015125455	0.1	0.055	1	CMTR1	c28
0.228814154735312	0.987316790824558	0.112	0.09	1	PPARD	c28
0.862382062308772	-0.987312078607537	0.029	0.031	1	AL139246.5	c28
0.0566068218559786	0.98728773200412	0.124	0.086	1	PLEKHM2	c28
0.0125928778595578	-0.987159707801224	0.124	0.204	1	SURF4	c28
0.0135643938021604	-0.986930290347927	0.053	0.116	1	PEMT	c28
0.00486018367629577	0.986817247437862	0.129	0.075	1	MAPKAPK5	c28
0.346636002706195	0.986631370280287	0.018	0.01	1	TTC30B	c28
0.321157624202441	0.985993037150586	0.1	0.083	1	CRK	c28
0.00208788178301039	0.985952668805415	0.059	0.023	1	PARP11	c28
0.135288166171034	0.985952266500433	0.035	0.02	1	COQ3	c28
0.000317781907374843	0.985935953744025	0.153	0.081	1	PPIL2	c28
0.000290813816535066	-0.985689801556001	0.459	0.483	1	PYCARD	c28
0.312032268052051	-0.985361031882767	0.676	0.532	1	FBP1	c28
0.0919418098590613	0.985321763738577	0.035	0.018	1	SAP25	c28
0.000690445592544686	-0.985278769396872	0.047	0.141	1	PCNA	c28
1.09469036587839e-05	-0.984973986269077	0.282	0.443	0.40066762081515	NDUFB7	c28
0.340367864476555	-0.984246638031232	0.035	0.052	1	GTSF1	c28
0.17162324256748	0.984208563741677	0.059	0.04	1	GNA12	c28
0.315124231134937	0.984185577515255	0.047	0.069	1	MMP14	c28
0.000423404146205864	0.983974875955274	0.135	0.069	1	KANSL2	c28
0.956467052994352	-0.983551477898157	0.082	0.081	1	GPR174	c28
1.53169883253503e-05	0.983277241599642	0.224	0.12	0.560617089696146	PDXDC1	c28
8.45705024635803e-05	0.98322118458722	0.224	0.131	1	ECPAS	c28
0.000736562541108507	0.983152748645391	0.153	0.084	1	GFM1	c28
0.183676372660614	-0.98296030899713	0	0.01	1	OR6N1	c28
0.0553445095769305	0.982642519556913	0.047	0.025	1	ZNF420	c28
0.492112004126578	-0.982618154703827	0.024	0.033	1	CYB561D2.1	c28
0.424281740237607	-0.98218030204505	0.018	0.028	1	RELA-DT	c28
0.00452436241214692	0.981963812493954	0.141	0.085	1	RNASEL	c28
0.61247857290608	0.981902492055395	0.041	0.035	1	USP30	c28
0.0640659334390248	0.981639646296663	0.041	0.021	1	TAF1C	c28
0.116375413697294	0.981483578400904	0.041	0.023	1	FAM117B	c28
0.155947653226199	-0.981307591631589	0	0.012	1	CCDC151	c28
0.174104232006315	-0.981215362213493	0	0.011	1	LINC01914	c28
0.000160248010443522	0.981137718082186	0.347	0.251	1	SDCCAG8	c28
0.311000859771341	0.980275460952594	0.018	0.01	1	EVI5L	c28
0.00102443218994124	-0.980005135409749	0.047	0.137	1	GPN3	c28
0.527722828320471	0.979973997179695	0.035	0.028	1	USP6NL	c28
2.11793065239043e-11	-0.979480105440883	0.906	0.864	7.7518379808142e-07	CRIP1	c28
0.0282915960017109	0.97914010616836	0.059	0.03	1	ZFYVE1	c28
0.59867355218966	-0.978777578140618	0.047	0.038	1	CCR6	c28
0.000201788086962279	-0.978710077206343	0.147	0.284	1	SFT2D1	c28
0.00553623817282434	0.978186220392767	0.147	0.091	1	CEP164	c28
9.46302615229681e-05	-0.977579279345811	0.065	0.188	1	HADH	c28
0.0813554253080735	-0.977181020027042	0.035	0.07	1	SNX12	c28
0.00870403506043173	0.977064030950763	0.218	0.159	1	PARP9	c28
0.0706379970136487	0.977044720400999	0.024	0.01	1	FMN1	c28
0.000986229195217553	-0.977001329041185	0.047	0.138	1	CKS1B	c28
0.67888309510492	0.976814341937814	0.024	0.019	1	SRGAP2C	c28
5.93903384626915e-05	0.976614764838824	0.147	0.07	1	ZNF267	c28
0.108101459778464	0.976233836513376	0.147	0.116	1	TRIM28	c28
0.129483728040074	0.976112678184951	0.029	0.015	1	SWT1	c28
0.0260614301312087	0.975732881280094	0.135	0.091	1	CXCL3	c28
0.0186325753326202	0.975641200446491	0.059	0.029	1	TTI1	c28
0.112561445131954	0.975524747215397	0.082	0.056	1	SP2	c28
0.00347707776767593	0.975501459787387	0.259	0.189	1	CPM	c28
0.0291841614738389	0.975432363328704	0.071	0.039	1	DVL2	c28
0.000337446562079747	0.975379893708721	0.271	0.183	1	TRIM27	c28
1.67746700784639e-06	0.975306397030814	0.094	0.03	0.0613969699541858	PARP16	c28
0.851334106248463	-0.975147482953614	0.041	0.038	1	TOX	c28
0.000244941672527569	0.974784312616686	0.071	0.026	1	ZNF66	c28
0.00218056487727786	0.97434961218001	0.224	0.153	1	LARP1	c28
0.000190437005424526	-0.974215663394273	0.435	0.494	1	SEC11A	c28
0.000864343092806252	0.974168551696317	0.124	0.063	1	NFRKB	c28
0.000876071600383023	-0.974110403440829	0.118	0.233	1	MRPL24	c28
0.000339887247293679	-0.973992845785774	0.235	0.376	1	NHP2	c28
0.369197508060619	0.973985324614997	0.024	0.015	1	DET1	c28
0.0474434815185364	0.973635396742017	0.059	0.032	1	RCBTB1	c28
0.0495004865914803	0.973266161933541	0.1	0.066	1	FAM222B	c28
5.65286175863688e-05	-0.973167024330645	0.153	0.306	1	DUSP23	c28
0.0475638225497551	0.972964555031461	0.024	0.009	1	IL9R	c28
0.37438657535445	-0.972804008050409	0.006	0.014	1	RAB3A	c28
0.177202069801124	0.972635423872947	0.018	0.008	1	SPACA6	c28
0.0210795144997592	0.972287045028309	0.041	0.018	1	ACSL6	c28
0.194696562134771	-0.972284739892598	0	0.01	1	TMCC1-AS1	c28
7.7823452633631e-05	0.972132345013479	0.265	0.166	1	RAD50	c28
0.195263357225577	0.972079597850092	0.041	0.026	1	CAMKK1	c28
0.0167539240792838	0.97196509004186	0.059	0.029	1	LIN52	c28
9.43823901082627e-05	-0.971485878598819	0.235	0.382	1	VKORC1	c28
0.00103905516693592	0.971417749246996	0.059	0.022	1	AC009961.1	c28
0.614964581939024	0.971335686063541	0.041	0.035	1	ZNF93	c28
0.830411142417141	0.971332811520992	0.041	0.039	1	KLHL8	c28
0.0297480001103084	0.97117919226403	0.118	0.076	1	COG5	c28
0.662534122053072	0.970996882356801	0.018	0.014	1	ZFP1	c28
0.00663830216692296	0.970626606252712	0.124	0.072	1	TP53BP1	c28
0.00789277225956106	0.970542760334955	0.053	0.023	1	GEN1	c28
0.232162570038802	0.970465216692946	0.024	0.013	1	AC069185.1	c28
0.497294946214855	-0.96993869753702	0.024	0.033	1	COQ10A	c28
0.232254606175744	0.969831639148259	0.029	0.018	1	TMTC4	c28
0.000687353353640057	0.969761194185014	0.118	0.058	1	STAU2	c28
0.00134926754866229	0.968880528615919	0.276	0.205	1	UBE2E2	c28
0.000210305879786204	0.968421630273981	0.088	0.036	1	AC020916.1	c28
0.977641969171742	0.968340151705624	0.012	0.012	1	AC015912.3	c28
0.255080474393951	0.968320963920356	0.029	0.018	1	DHFR2	c28
0.000281878865061007	0.96808827327634	0.224	0.135	1	RIF1	c28
0.000142588374511562	0.967993436918016	0.218	0.13	1	TRPC4AP	c28
0.097322362421978	0.967696392552307	0.029	0.014	1	IATPR	c28
0.490821928005996	0.96753620495338	0.024	0.017	1	LMLN	c28
1.62798282241913e-06	0.967385401051689	0.118	0.043	0.0595857992833627	PAXIP1-AS1	c28
0.389226393894129	0.967189731847975	0.035	0.025	1	PEX11A	c28
0.000102566886547673	-0.967176773259513	0.135	0.278	1	PCBD1	c28
0.119523789981737	-0.967156422064201	0.024	0.05	1	CSTF2	c28
0.00548711550111312	0.967004865808972	0.112	0.062	1	MMS19	c28
0.189863576710531	0.966686824330284	0.088	0.066	1	EMC1	c28
0.00019178745807402	-0.966595184606019	0.182	0.321	1	TMEM14C	c28
0.00312215953968677	0.966591330111064	0.106	0.055	1	STK32C	c28
0.0428022057020266	-0.966435374856021	0.053	0.099	1	CDKN1A	c28
1.87910920697502e-05	0.965969616808198	0.171	0.083	0.687772760844928	SRCAP	c28
0.0375050651811199	0.965883548493264	0.159	0.117	1	DPP9	c28
0.213129594968945	0.965587523532385	0.171	0.148	1	ANPEP	c28
8.51471174170354e-05	0.965532877431445	0.124	0.055	1	LINC01578	c28
0.000489228229787471	0.965459105148315	0.124	0.061	1	RHBDF2	c28
0.210658203693818	0.965347154893646	0.018	0.009	1	LINC00632	c28
0.00255468216278716	0.965184907012627	0.088	0.043	1	OTULIN	c28
0.222498460425212	0.965089134164709	0.065	0.046	1	ESRRA	c28
0.37717361611354	-0.964991198516568	0.024	0.036	1	MON1A	c28
0.000229623074940374	0.964846269324164	0.176	0.099	1	PI4KA	c28
4.37459008893537e-05	-0.96480774577481	0.347	0.466	1	ANAPC11	c28
0.0104509825799468	0.964781185606487	0.094	0.052	1	PIK3CA	c28
0.152771018414004	0.964279955519795	0.012	0.004	1	C10orf91	c28
0.00568958914314394	0.964022079301186	0.135	0.081	1	VPS35L	c28
0.589100926442686	0.963454847062642	0.041	0.034	1	SRXN1	c28
0.0177327186362063	-0.963350545072949	0.035	0.088	1	TMEM115	c28
0.172518178292497	-0.963249026485729	0.035	0.061	1	HDGFL2	c28
0.000381781776443209	0.9625651636629	0.118	0.056	1	PAXIP1-AS2	c28
8.02813700360411e-06	0.962182955244143	0.171	0.08	0.293837842468914	ZNF451	c28
0.940734332498272	-0.962113617042733	0.018	0.018	1	NICN1	c28
0.0319558976504072	0.961874340659234	0.129	0.087	1	ACBD3	c28
0.0708802499818154	-0.961867136175358	0.082	0.131	1	TSEN34	c28
1.12035752828497e-05	0.961829130700657	0.288	0.179	0.410062058927581	MANBA	c28
0.260713892023276	0.961764554361924	0.053	0.037	1	RRNAD1	c28
0.312449272326111	0.961751091432524	0.012	0.006	1	PRRG2	c28
5.34903554758863e-05	0.961671665291823	0.153	0.074	1	IFRD1	c28
6.31753275388197e-05	0.961642752338962	0.059	0.018	1	ZNF678	c28
0.968666740978689	0.961633971771752	0.059	0.062	1	SLC19A1	c28
0.0181780968858271	0.96159536612268	0.059	0.029	1	ZNF700	c28
0.0018812877134386	-0.961146832175104	0.129	0.239	1	RAB4A	c28
0.000518494043914706	0.960929453735091	0.041	0.012	1	LINC02384	c28
0.000874484645379	0.96092090893775	0.129	0.067	1	FBRS	c28
6.56959093219504e-17	-0.960838805926678	0.965	0.911	2.40453597709271e-12	S100A4	c28
8.69746073336152e-08	-0.960646886005919	0.524	0.606	0.00318335760301765	ATP6V0E1	c28
0.391396183003047	-0.960572222612158	0.024	0.036	1	VNN2	c28
0.0590650481932048	0.960514197065605	0.171	0.133	1	DRAM1	c28
0.444884366828354	0.960386008688451	0.018	0.011	1	TCTN2	c28
0.283855836440507	0.960285292193267	0.024	0.014	1	SHLD3	c28
0.260018938054904	0.960095247203698	0.059	0.042	1	STK3	c28
0.0153102843951811	-0.960038550707575	0.041	0.098	1	DNAJC5B	c28
0.000100575550104071	-0.960000755258663	0.212	0.349	1	CD151	c28
0.202839788441605	-0.959983187970484	0.106	0.141	1	NOLC1	c28
9.88193530296844e-06	0.95979856971325	0.206	0.107	0.361688714023948	ATF7	c28
0.625353515681535	0.95966487094779	0.012	0.008	1	LRRC34	c28
0.409252321513093	0.958928832227796	0.024	0.016	1	CENPL	c28
8.90704845665292e-05	0.958842472078412	0.129	0.06	1	SLC33A1	c28
0.878010572033489	0.958829073243115	0.035	0.034	1	PHC2	c28
0.997522594545947	0.958541758593509	0.012	0.012	1	AC023157.3	c28
0.00280885569739863	0.958425520555591	0.135	0.078	1	C1RL	c28
0.0694521950077235	0.958370869212559	0.171	0.136	1	CSF1R	c28
8.59134227742692e-06	0.957919376963887	0.241	0.135	0.314451718696103	PPIP5K2	c28
0.0591241244566302	0.957755067024284	0.053	0.029	1	SSH3	c28
0.67071657637461	-0.957624495200423	0.012	0.016	1	ST3GAL4	c28
0.000419414734324498	0.957397503450065	0.147	0.078	1	HDAC8	c28
0.00116198569089094	-0.957340815027703	0.218	0.327	1	BCL2A1	c28
0.497292936307488	0.957285036229942	0.065	0.054	1	SESN2	c28
0.00368551632569905	0.956771272821412	0.182	0.118	1	MARS	c28
0.000575340069901872	-0.956362300290236	0.247	0.364	1	ETHE1	c28
0.00988727444347835	0.95618087238789	0.153	0.098	1	HIPK1	c28
0.101588983757606	0.95596015099217	0.035	0.019	1	ATP6V1E2	c28
0.00270390422588504	0.955751619678821	0.271	0.201	1	SLC27A3	c28
0.0112739948164199	0.95543665829003	0.112	0.066	1	TAF1	c28
0.739933388345971	-0.955414369304839	0.053	0.046	1	EPHX2	c28
0.420027354560008	-0.955350781117779	0.006	0.013	1	ZNF20	c28
0.0936265782288028	0.955202123545497	0.035	0.018	1	AL050341.2	c28
0.000683071959704607	-0.955007046474033	0.212	0.34	1	MRPL34	c28
0.144848493204307	0.954657482843199	0.129	0.102	1	PIEZO1	c28
5.40843179621472e-06	0.95463040779001	0.224	0.118	0.197954012173255	AFTPH	c28
0.0103636715447088	0.95456181353281	0.041	0.016	1	LDB1	c28
6.41081730365298e-05	-0.954013792859801	0.188	0.332	1	PRDX3	c28
0.761361498243143	-0.952888556255642	0.012	0.014	1	PRKCZ	c28
0.00129902781922575	0.952759027208222	0.124	0.065	1	ELMO2	c28
0.617749744178073	0.952726223632473	0.088	0.081	1	SAV1	c28
0.358019663415761	0.952310870322698	0.035	0.025	1	C8orf82	c28
0.972676134977247	0.952291694540776	0.041	0.041	1	GORAB	c28
0.000735161900086457	-0.950848782985922	0.288	0.402	1	LAMTOR5	c28
4.34101209147269e-05	0.950588647720014	0.212	0.117	1	CTCF	c28
0.711710531842599	-0.950333508184857	0.018	0.022	1	GCSAM	c28
0.00268995476040144	0.949736497033491	0.059	0.024	1	ASH1L-AS1	c28
0.168885742133646	0.949692275991025	0.1	0.076	1	SLC2A6	c28
0.00155230403228431	-0.949640864741929	0.212	0.325	1	SNRPD1	c28
0.00193050787470941	0.949574017982282	0.165	0.099	1	RNF111	c28
1.68040800993499e-06	0.949379438524314	0.4	0.265	0.0615046135716304	SLCO2B1	c28
0.173363287702784	-0.949281118026104	0	0.011	1	LINC01827	c28
0.993597877568278	-0.949271167192687	0.047	0.046	1	ABRAXAS1	c28
0.998328563992937	0.948980314136477	0.012	0.012	1	AC092329.4	c28
0.638783044120664	-0.948973694227752	0.024	0.03	1	ZBTB2	c28
0.000579503654374276	0.948868194891637	0.2	0.123	1	GMFB	c28
0.0435649022239811	-0.948691815477599	0.029	0.07	1	ERLIN2	c28
0.481298285412402	0.948462023224893	0.006	0.012	1	PMFBP1	c28
0.00186825603042167	0.948347675041529	0.124	0.067	1	ABCD4	c28
0.00644082309448606	0.948208719186699	0.124	0.072	1	DOP1B	c28
0.042863598089773	-0.948168495565932	0.682	0.541	1	CAPG	c28
0.00257457680274161	-0.947891859353047	0.153	0.26	1	ARL2	c28
0.763515946664755	0.947828130763193	0.012	0.01	1	KCTD3	c28
0.529518679745319	0.947774552986442	0.012	0.008	1	S100B	c28
1.29715742827059e-05	0.947624554143826	0.271	0.162	0.474772590321317	USP9X	c28
0.00112084646048191	0.947451581283499	0.059	0.022	1	BICD1	c28
0.000277849884717901	0.947119007582977	0.118	0.055	1	KDM3B	c28
0.423814687936368	0.946898434261801	0.094	0.081	1	TMCO3	c28
0.0719678734132356	0.946870183595668	0.094	0.063	1	CUL3	c28
0.449716637555513	-0.946712095784283	0.035	0.048	1	PIGU	c28
0.010995157761885	0.946619765111492	0.035	0.013	1	MIR181A1HG	c28
0.00863614815859927	0.944681696989304	0.1	0.056	1	BBS7	c28
0.00884568261818896	0.944587776738573	0.065	0.03	1	TEPSIN	c28
0.0441282876233174	0.944497473944625	0.071	0.041	1	UNK	c28
0.00134343314378064	0.944302899373547	0.112	0.056	1	TRIM11	c28
0.00420216532568738	0.944037463311096	0.094	0.048	1	RRAGB	c28
0.0351324725190129	0.943895399416757	0.071	0.04	1	AP4B1	c28
0.71264269097812	-0.943144776860297	0.012	0.015	1	AC005332.4	c28
2.5346145420848e-06	0.942470596885091	0.147	0.061	0.0927694268548456	S100PBP	c28
0.00118457917425719	0.942337292427062	0.082	0.036	1	SLC16A1-AS1	c28
0.00016402901179108	-0.942188146907869	0.2	0.347	1	TMEM35B	c28
0.86803257513583	0.941657543631599	0.012	0.013	1	CEP170B	c28
0.739307136306401	0.94156853713538	0.071	0.082	1	DCSTAMP	c28
0.562752386630251	0.941111747016813	0.029	0.023	1	AC079922.2	c28
0.0503502280264139	-0.941048619490775	0.076	0.13	1	IFRD2	c28
0.932241521381615	0.940971961288461	0.035	0.035	1	SPRY1	c28
0.459920364869585	0.940815256331518	0.047	0.037	1	COG6	c28
0.529678537614894	-0.940797746919674	0.024	0.032	1	AEN	c28
0.126869057849384	0.940765157234865	0.047	0.028	1	SLC26A11	c28
0.159745210319234	0.940726100942125	0.053	0.034	1	RNF123	c28
0.019170214403034	-0.940725730670188	0.153	0.232	1	S1PR4	c28
0.101527842166207	-0.940549480113542	0.035	0.067	1	AC010642.2	c28
0.000739440326738207	-0.940545672947948	0.065	0.165	1	OSER1	c28
0.0216361357220231	0.940275730656702	0.059	0.029	1	RELL2	c28
0.258971163153564	0.940230991244252	0.071	0.053	1	C15orf39	c28
6.80080608124689e-05	0.940168310568661	0.235	0.138	1	GPATCH8	c28
0.00197968843237564	-0.939774181326344	0.765	0.66	1	CSTB	c28
0.0699683867224371	0.939713703661972	0.088	0.058	1	VPS50	c28
0.0814204503219435	0.939382527613865	0.076	0.049	1	VIPAS39	c28
0.0135862840802418	-0.939320121752614	0.047	0.108	1	NOP16	c28
0.0241977475845754	0.9390363213812	0.124	0.08	1	RRM2B	c28
4.21664610975268e-05	-0.939019774908693	0.371	0.471	1	FKBP1A	c28
1.46552363439125e-05	0.938857244800213	0.147	0.066	0.536396305423541	CHERP	c28
0.200198316556885	0.938428958523105	0.024	0.013	1	AL121832.2	c28
0.523134709667514	0.938349879634749	0.029	0.022	1	MEF2C	c28
0.00280393058303641	0.938227197275991	0.029	0.008	1	ZNF709	c28
0.184666029511797	-0.937913520048848	0.024	0.045	1	ATG4A	c28
0.000238947209910931	0.937609311969681	0.112	0.051	1	AKAP8	c28
0.00159933615529325	-0.937325349752937	0.141	0.254	1	AP3S1	c28
0.000657062920390331	-0.937058438799112	0.218	0.34	1	YWHAH	c28
0.247530235748365	-0.936741182558466	0.029	0.049	1	PET117	c28
0.00343364119002111	0.936430771008474	0.176	0.113	1	USP32	c28
0.00736251597959169	0.936241677088817	0.029	0.009	1	DBF4B	c28
0.0532702698721534	-0.936172845133028	0.459	0.417	1	FCGRT	c28
0.377461642635846	0.935869994773048	0.082	0.067	1	SNRNP48	c28
0.135209583687354	0.935717863039542	0.041	0.024	1	ENTR1	c28
0.0378752654846306	0.935703235477938	0.071	0.04	1	SPPL2B	c28
0.0217147307783154	-0.935482755222742	0.071	0.133	1	ZNF585A	c28
1.78840588381733e-06	0.935181381022659	0.253	0.134	0.065457443753598	LENG8	c28
0.260161059260893	-0.934960491225859	0.076	0.055	1	ZNF683	c28
0.979693683970572	0.934257591487527	0.024	0.024	1	ADAP1	c28
0.00016791719090274	0.934188620893293	0.094	0.039	1	CDK8	c28
0.0373906817209128	0.934155743701077	0.118	0.078	1	KDM2B	c28
0.898310431879612	0.934084524599367	0.024	0.025	1	ACVR1	c28
0.00107983857382162	0.933995071441261	0.206	0.131	1	PPP4R3A	c28
0.0669993018012251	0.933955014867486	0.029	0.013	1	LNX2	c28
0.0560525596789628	0.9337794858487	0.047	0.025	1	CASD1	c28
0.15015334490396	0.933721237364951	0.024	0.012	1	SAMD10	c28
3.2946758778903e-05	0.933636839372537	0.224	0.126	1	IBTK	c28
0.0522666856719934	-0.933456177884975	0.024	0.06	1	DHRS4-AS1	c28
0.539043331123583	-0.933412044853505	0.012	0.018	1	BX664615.2	c28
0.175044708061332	0.93332068107607	0.065	0.044	1	ANKRD52	c28
0.445496081475222	0.933245982725528	0.094	0.082	1	TYK2	c28
0.0835891257289087	0.933124627276196	0.041	0.022	1	CCDC191	c28
0.166499503424467	-0.932991604637302	0	0.011	1	THAP10	c28
0.00591067594422509	-0.932846809818433	0.088	0.17	1	SLC25A1	c28
0.0594690229199016	0.932521786935583	0.094	0.062	1	HERC3	c28
7.66317656268514e-05	0.932484600704378	0.153	0.075	1	AKAP11	c28
0.0232835662463593	0.932425468112332	0.035	0.014	1	UBE3D	c28
0.422432009585055	0.932347049871658	0.018	0.011	1	SNTA1	c28
0.00471248367153002	0.932271384723209	0.206	0.141	1	SLC35E3	c28
0.00204482968068514	-0.932189595605782	0.206	0.32	1	PCMT1	c28
0.0200838039599313	0.932160764106317	0.1	0.059	1	SEC24D	c28
0.0704706194922959	-0.932143730993266	0.024	0.056	1	HHEX	c28
0.101611347655625	-0.931897869947366	0.018	0.044	1	PCTP	c28
0.00181356952971879	0.931872853238609	0.035	0.011	1	ZBTB39	c28
0.0222481419974615	-0.931870183706363	0.035	0.085	1	BET1	c28
0.00307345989698898	0.930693135842365	0.188	0.121	1	MAPKAP1	c28
0.00580980321415528	-0.929943084423028	0.082	0.166	1	NUDT14	c28
0.00217319424549589	0.929480810733554	0.318	0.24	1	GLDN	c28
0.0136945524133749	0.928954274815156	0.035	0.013	1	RGMB	c28
0.0045884045504138	0.928912437118804	0.135	0.08	1	MARK2	c28
0.148596179365097	0.928530352770306	0.018	0.008	1	AC073389.1	c28
0.249953977272465	0.928200955554239	0.029	0.018	1	PROCA1	c28
0.019626918261971	0.928110624120265	0.029	0.011	1	MLLT11	c28
0.201981633165542	0.927731311147362	0.012	0.005	1	KIR3DL2	c28
0.00630457567856043	0.927712670729966	0.188	0.126	1	ZBTB7A	c28
0.0110050631469694	0.927699490756257	0.041	0.016	1	ZNF891	c28
0.225353805338648	-0.927439567699947	0.076	0.104	1	SNRK	c28
0.753902020957662	-0.927276263256863	0.024	0.027	1	FBXO30	c28
5.30392060736984e-05	-0.927122047844009	0.371	0.484	1	ATP5MPL	c28
0.0140625758375831	0.927089905353185	0.188	0.135	1	DUSP6	c28
0.18034869729166	-0.927024682905652	0.012	0.029	1	SHQ1	c28
0.376706142295382	-0.926917335583035	0.018	0.029	1	DAG1	c28
0.10471339706746	0.926765973222798	0.171	0.14	1	ENPP4	c28
0.275593113236702	0.926760726776983	0.124	0.104	1	SWAP70	c28
0.00405175617834564	0.926511537937938	0.041	0.015	1	TRAV6	c28
0.237207811459801	0.926246498134912	0.012	0.005	1	NPIPA1	c28
0.00710422857904474	0.926206233552775	0.129	0.077	1	MAP4K4	c28
0.412199017687604	0.92594772914477	0.059	0.047	1	HSPA13	c28
0.000465970241224383	-0.925657121117448	0.1	0.217	1	MRPS23	c28
0.00135894481052107	0.925578136671031	0.088	0.04	1	FBXL4	c28
0.00206509587138737	0.925498674320051	0.1	0.05	1	THADA	c28
0.237506812073104	0.925385799387076	0.065	0.047	1	DUSP10	c28
3.6229694917398e-05	0.92538171998261	0.141	0.064	1	TRRAP	c28
0.00133015691749742	0.925346305270602	0.224	0.147	1	MICAL1	c28
0.0232960004337492	-0.925336441388856	0.094	0.16	1	PLGRKT	c28
0.336358959441311	-0.925203087026765	0.041	0.028	1	RAP1GAP2	c28
0.0915771721486426	-0.925113815515341	0.006	0.027	1	SIGLEC14	c28
0.0419284467582889	0.924856822787567	0.065	0.036	1	PIGQ	c28
0.000209040686555101	0.924755893190492	0.218	0.129	1	LRPPRC	c28
3.38554960571706e-05	0.924525164196435	0.235	0.139	1	RMDN1	c28
0.0338158248580009	-0.924301101738811	0.076	0.134	1	TAF10	c28
0.000215526822963245	0.924065932001475	0.159	0.083	1	FRMD4B	c28
0.505711677521709	0.923895071213249	0.035	0.027	1	LONRF1	c28
0.0641018298345624	0.923781219317263	0.171	0.131	1	LARP4	c28
0.00258530296363705	0.923339411530188	0.065	0.027	1	ATAD5	c28
0.299750041635254	0.923335625378726	0.012	0.024	1	LINC00239	c28
0.339733170883143	-0.92322506765646	0.018	0.03	1	CHIT1	c28
0.0179491188679683	0.9230213906396	0.218	0.161	1	MAT2A	c28
0.0767511266240322	0.922360315482023	0.171	0.136	1	RBMS2	c28
0.822296585637453	-0.922223036722416	0.065	0.06	1	G2E3	c28
0.000676526886792738	0.922033956686748	0.147	0.08	1	WDR36	c28
0.062811528674267	-0.921889573395771	0.018	0.049	1	KNSTRN	c28
2.42773714029825e-05	0.921873917410111	0.312	0.204	0.888576070720562	ABHD2	c28
0.286355178064271	0.921772481274012	0.024	0.014	1	HSPA14	c28
9.59509481859736e-05	0.921769799527175	0.241	0.145	1	PABPN1	c28
0.597507031111434	0.921767573763771	0.041	0.034	1	WWOX	c28
0.222855940286922	-0.920930022433318	0.024	0.043	1	KBTBD3	c28
5.38951604798402e-06	0.920711204827176	0.229	0.121	0.197261676872263	EXOC4	c28
0.214948840059348	-0.920407143416452	0.047	0.072	1	TMEM161A	c28
0.628680618091521	-0.920043559157971	0.018	0.023	1	MKS1	c28
0.129016679744791	0.919821067002121	0.065	0.042	1	CAPN15	c28
0.00900789671833289	0.919275585783849	0.106	0.06	1	CLOCK	c28
1.74481130718415e-05	0.918945508855195	0.171	0.083	0.638618386542471	ANKIB1	c28
0.505512069887117	-0.918921671229219	0.041	0.053	1	SMPD2	c28
0.485669991659714	-0.918669069897914	0.029	0.04	1	LRSAM1	c28
0.17260522580165	0.918614365145251	0.029	0.016	1	URB2	c28
0.194950628164591	0.918149303620299	0.035	0.021	1	ZNF790-AS1	c28
0.0279758304050863	0.91812051106314	0.129	0.086	1	SCAP	c28
0.00267239354868567	-0.918042700992827	0.147	0.256	1	TIMM13	c28
0.0313406227381466	0.917889580855767	0.047	0.023	1	PLA2G6	c28
0.594143965754874	0.917788512700089	0.018	0.024	1	KRT8	c28
0.860529309397567	0.917702088003499	0.012	0.01	1	AC007114.1	c28
0.0503595459602544	-0.91763167173853	0.059	0.107	1	EI24	c28
0.000785717408322816	-0.917543194090797	0.035	0.123	1	CCR1	c28
0.000731213896561616	0.917180460111406	0.082	0.035	1	PHF8	c28
0.836756528056956	-0.916971926101656	0.059	0.061	1	LINC01871	c28
0.806211969051512	0.916080384445383	0.065	0.062	1	SLC2A8	c28
0.046678569379677	0.915769516530823	0.065	0.037	1	FASTKD5	c28
0.217564526064698	0.915545703678307	0.041	0.026	1	TP53INP1	c28
0.11098139564872	-0.915410562679801	0.1	0.144	1	EEF1E1	c28
0.393797151581127	0.915268426031094	0.018	0.011	1	IL1A	c28
0.0203947985775067	0.915164414697741	0.147	0.099	1	CBFB	c28
0.02844214821104	0.915082204095647	0.076	0.043	1	NOD1	c28
0.00101418554370802	0.915035641293898	0.118	0.059	1	GDAP2	c28
0.287162708690211	0.91500248520699	0.018	0.01	1	TIGD5	c28
1.22937950686292e-05	-0.914977883540878	0.418	0.538	0.449965193306896	SAP18	c28
0.000307369631526322	0.914882092376731	0.171	0.095	1	SRSF6	c28
0.00309281743723033	0.914853412649097	0.129	0.073	1	TRAK2	c28
2.1986811896613e-15	-0.914607636495762	0.947	0.888	8.04739302227931e-11	MYL6	c28
0.334907185941494	0.914355389092065	0.1	0.083	1	FAR2	c28
0.120305384876615	0.9141311889988	0.047	0.028	1	CEP41	c28
0.0255216160466782	0.914074973763157	0.118	0.076	1	HECA	c28
0.525980872824168	-0.913984755711194	0.024	0.032	1	SHMT1	c28
0.0881017009467296	0.913946019760673	0.182	0.147	1	AHCYL1	c28
0.0227063395988634	0.913808960294295	0.071	0.038	1	LDAH	c28
0.0944608602828681	0.91360720149951	0.153	0.119	1	PNPLA8	c28
0.0736227002209113	0.913414519942955	0.118	0.084	1	ZNF226	c28
0.287070886309633	-0.91321123216877	0.006	0.016	1	ZNF844	c28
0.00270673072235332	-0.912991432104186	0.059	0.144	1	SIL1	c28
0.153052395299718	-0.912958579503681	0.071	0.105	1	RHNO1	c28
0.274752732426074	0.912750673344197	0.088	0.07	1	ZC2HC1A	c28
0.0626140385714889	-0.912549596515945	0.041	0.082	1	ANAPC10	c28
0.0228530332431048	0.912206309888558	0.082	0.047	1	DROSHA	c28
0.57142085819239	0.912103776070597	0.088	0.081	1	TK2	c28
0.0281385362986798	0.911883892010944	0.082	0.047	1	CRY2	c28
0.14698337662666	-0.911842255862838	0.029	0.055	1	AC018521.5	c28
0.0375029782627546	-0.911814965096981	0.071	0.125	1	THOC6	c28
0.0330572433711947	0.911747155698907	0.071	0.039	1	STRN4	c28
0.0636782107368814	0.911421240185341	0.053	0.029	1	CD38	c28
0.946236414126998	-0.911286386934052	0.035	0.036	1	CEP83	c28
0.992172048691442	0.91117928093382	0.047	0.048	1	MGAT4B	c28
0.00995302590642853	-0.911012361290685	0.006	0.049	1	AC090204.1	c28
0.217651851049285	-0.910993427420205	0.053	0.079	1	CKAP2	c28
0.157702718346442	0.91088925405083	0.024	0.012	1	ZNF550	c28
0.0451659566329756	0.910884496536079	0.176	0.136	1	ERGIC1	c28
0.00450098226268179	0.91017486681635	0.124	0.07	1	MYO9A	c28
0.0077609778108902	0.909728954865669	0.218	0.158	1	NUDT3	c28
0.404745952291346	-0.909699323698232	0.059	0.076	1	TMEM9	c28
0.00265937369069266	0.909660903176229	0.124	0.068	1	SNX19	c28
0.0624543389195804	0.908318128802629	0.053	0.029	1	ZNF134	c28
2.73074678354035e-05	0.908277932376772	0.141	0.063	0.999480630243603	AP3M2	c28
0.0427728984563049	0.908151576722378	0.088	0.055	1	POU2F1	c28
0.660609660850991	-0.908097490020156	0.029	0.024	1	TRBV11-2	c28
0.00110206129365084	-0.90792445875464	0.018	0.091	1	UQCRHL	c28
0.162666138180912	-0.907075064629609	0	0.011	1	TACR2	c28
0.0103476210084827	0.90690025057654	0.082	0.043	1	NSUN3	c28
0.00972877661235424	0.906827261357677	0.1	0.056	1	E4F1	c28
0.00806293697926091	0.906523569408613	0.159	0.102	1	MCM3AP	c28
0.00194714382712582	0.906389501505655	0.082	0.037	1	LIG3	c28
0.783030933481588	-0.906294555507998	0.024	0.02	1	GPR132	c28
0.0534607591426133	-0.906218875642523	0.376	0.376	1	CTSZ	c28
0.431138850441421	0.906044232163676	0.024	0.035	1	GLRX5	c28
0.0536839205533907	-0.905974792512298	0.035	0.076	1	POLR1C	c28
0.394133192609912	0.905974001618189	0.012	0.007	1	AC025423.4	c28
0.159651264421607	-0.905963429546582	0.429	0.386	1	VSIG4	c28
0.196305437277094	0.905960364143378	0.141	0.116	1	YKT6	c28
0.000186758262710082	0.905373853859396	0.159	0.083	1	ARHGEF7	c28
0.00311869367339479	-0.905241761168425	0.124	0.226	1	NUDT5	c28
0.0308371611665843	0.905175892099193	0.065	0.035	1	LMF1	c28
0.0561257992052857	0.904545596252691	0.059	0.033	1	BRCA1	c28
0.00179638724373335	-0.904187070024863	0.088	0.187	1	VAMP3	c28
0.113793607057837	-0.903725462609541	0.071	0.109	1	DCK	c28
0.201775964207601	-0.903654691430881	0.024	0.013	1	CXCL10	c28
0.0900567490107668	-0.903574554588974	0.029	0.062	1	ESS2	c28
0.00388819886416607	0.903317673133823	0.018	0.004	1	FCGBP	c28
8.05509842582075e-06	0.903215006232112	0.376	0.259	0.294824657483465	CORO1C	c28
0.00218130934899827	-0.902914671963567	0.241	0.357	1	PET100	c28
0.171981111658098	0.902659870050508	0.071	0.049	1	ANKMY2	c28
0.0670230982175754	0.902456895018069	0.129	0.093	1	TBL1XR1	c28
0.803407608604268	0.90242821671001	0.012	0.01	1	LINC00504	c28
0.0562456663313122	0.902243170960418	0.141	0.103	1	POLD3	c28
0.282306978706171	0.902172055117017	0.059	0.043	1	PARP2	c28
0.00128509497359167	-0.901903427757435	0.176	0.286	1	DNASE2	c28
2.9068016219085e-06	0.901764016178771	0.112	0.041	0.106391846163473	POLR3A	c28
0.00106066446470327	-0.901305682947136	0.147	0.264	1	ANAPC15	c28
0.422960453025718	0.900782991520861	0.088	0.075	1	WBP1L	c28
0.00140989889875464	0.900714206051804	0.2	0.129	1	QKI	c28
0.178481525551128	-0.900643433528901	0.024	0.045	1	NUDT15	c28
0.00348266108520536	-0.900529414089114	0.353	0.437	1	UBE2L6	c28
0.000654601684995237	0.900357588275177	0.165	0.093	1	TOP2B	c28
0.0035480466457343	0.900229620097974	0.124	0.069	1	FHIT	c28
0.00454532798911873	0.900018492210784	0.112	0.062	1	ATP10D	c28
0.423954435248919	0.89983188503614	0.012	0.007	1	AC096677.1	c28
0.0635758286395547	0.89976253091596	0.059	0.034	1	SLC38A7	c28
0.00558194945646819	-0.899526325650473	0.029	0.093	1	FOLR1	c28
0.101353927832779	0.899476246686082	0.094	0.065	1	ABHD13	c28
0.0034244506692457	0.898814703578745	0.094	0.047	1	NBPF12	c28
0.0130591186865568	0.898407347390436	0.141	0.091	1	SLC30A7	c28
0.0015282363580039	0.898297265524616	0.112	0.057	1	E2F3	c28
0.350726977029468	-0.898274085986123	0.024	0.037	1	MTMR2	c28
0.00519636271132938	-0.897910123423781	0.082	0.166	1	POLR2J	c28
0.119050187826867	-0.89788437695419	0.029	0.057	1	SSBP3	c28
0.940536157582513	0.897525134465526	0.012	0.012	1	YRDC	c28
0.617033705145325	0.897499790664799	0.035	0.029	1	SNN	c28
0.936765627159095	0.897431145744028	0.018	0.017	1	ZSCAN21	c28
0.00149528919591706	0.897198818478048	0.053	0.019	1	LINC01215	c28
0.23607073526752	-0.897159928471202	0.7	0.584	1	HLA-DRB5	c28
0.0160019577488639	-0.897145280808636	0.118	0.191	1	IL3RA	c28
0.000649129812837732	0.897138742895526	0.112	0.054	1	WDR7	c28
0.000791480348517534	0.897107027502165	0.176	0.104	1	SEC16A	c28
0.0695646263641644	0.897055672831277	0.112	0.077	1	DMAC2	c28
0.00229714446660684	-0.897015083178646	0.159	0.268	1	IER3IP1	c28
0.708979051308706	0.896939474171709	0.082	0.078	1	TRIOBP	c28
0.0303287618345719	-0.896866624238731	0.065	0.121	1	TMEM106C	c28
0.0865789933751459	0.896802114983462	0.059	0.035	1	C2CD2L	c28
0.00251627691083912	-0.896778779150695	0.224	0.338	1	PIN1	c28
0.0043076572670598	0.896575515126752	0.153	0.095	1	APTX	c28
0.0160520912641403	0.89644418539803	0.1	0.058	1	GPALPP1	c28
0.508124077727316	-0.896219251954378	0.012	0.019	1	LY6G5C	c28
4.25738499117818e-05	0.896205391478972	0.265	0.16	1	DPYD	c28
0.14335164074007	-0.896166224381004	0.035	0.063	1	MTFMT	c28
0.174453366944993	0.896063070790144	0.071	0.049	1	WRNIP1	c28
0.17890497898171	-0.895840537717901	0.171	0.127	1	CCL4	c28
0.00389392189538221	-0.895801395714369	0.171	0.271	1	ORMDL2	c28
0.70564748574521	0.895677778090028	0.012	0.009	1	LINC00891	c28
0.0605347285660021	0.895562815334127	0.071	0.042	1	SCFD2	c28
0.000766726962539717	-0.89547271780676	0.224	0.356	1	GTF2A2	c28
0.00158815568656165	0.895410059840076	0.124	0.063	1	CD28	c28
0.747822597904298	-0.89518881288331	0.035	0.031	1	KDM7A	c28
0.00715958136543029	0.895126444175563	0.118	0.068	1	C6orf120	c28
9.80819492722741e-05	-0.89498594090243	0.382	0.479	1	LAMTOR1	c28
0.00340122901947451	-0.894822063599491	0.2	0.309	1	GTF3C6	c28
0.0358687228922548	0.894808466884876	0.071	0.04	1	MIS12	c28
0.057601858901623	-0.894561661030378	0.024	0.058	1	GPBAR1	c28
0.102601120472167	0.894373172412364	0.018	0.007	1	MYO7A	c28
0.258765070878281	-0.894284702261577	0.018	0.033	1	RNF24	c28
0.263579555793566	0.893973249713547	0.065	0.048	1	BOD1	c28
0.000643951364509367	0.893878041015624	0.176	0.103	1	WDFY1	c28
0.0119221477990019	0.89383363414966	0.165	0.111	1	MFSD11	c28
0.000177704459125367	0.893829485984409	0.259	0.168	1	MAP3K8	c28
0.663189236087098	-0.893765027652816	0.035	0.029	1	LINC01943	c28
0.00215954175773302	0.893725812945443	0.076	0.034	1	TCF20	c28
0.000183622756636081	-0.892973199098231	0.271	0.408	1	ATRAID	c28
0.000308737432968491	0.892627868647943	0.171	0.092	1	SH3YL1	c28
0.0741202737705814	0.892619258543762	0.029	0.014	1	TRAF3IP1	c28
0.0273340133520169	0.892519069828162	0.1	0.061	1	LRRC57	c28
0.672766912379345	-0.892442747658914	0.018	0.022	1	CCDC28B	c28
1.86909096218353e-05	-0.892378746517086	0.471	0.575	0.684105983068792	LDHA	c28
0.0308603702662356	0.892280080801924	0.018	0.005	1	FAM153A	c28
0.0873294118685746	-0.892244018971772	0.059	0.1	1	DDX19B	c28
0.00168000506930872	0.89206101608964	0.082	0.037	1	FBLN5	c28
0.00302640721213729	0.891915404697318	0.147	0.087	1	GNL3L	c28
2.53448504609469e-06	0.891715286164087	0.329	0.203	0.0927646871721118	PARP4	c28
0.141525149458044	0.891587911016086	0.112	0.084	1	UBE2H	c28
0.00276507522504473	-0.891575862442877	0.276	0.372	1	RAC1	c28
0.639940535101292	-0.891343046883549	0.024	0.019	1	TBC1D19	c28
0.157542243583927	0.891293754942829	0.082	0.059	1	LIN7C	c28
0.27517543233554	0.891193398445975	0.053	0.038	1	SLC37A4	c28
4.6007846665881e-06	0.890788241471806	0.118	0.045	0.168393319581791	DGKD	c28
0.192165130183763	0.890719781172293	0.018	0.008	1	CEP55	c28
0.73749335121867	0.890719146462929	0.094	0.092	1	CTBP2	c28
0.0260367547711165	0.89057559130455	0.224	0.175	1	UBASH3B	c28
0.589999216219823	0.89039632669693	0.018	0.013	1	ZFP57	c28
0.608391126385665	0.890233927871539	0.024	0.031	1	FN3K	c28
0.05484174438743	0.890049186841841	0.188	0.149	1	HAVCR2	c28
0.969472597817509	-0.890000737113939	0.041	0.04	1	SYTL2	c28
0.570859438997862	0.889985642071973	0.024	0.018	1	MAN1C1	c28
0.640746913033291	0.889909500593841	0.012	0.009	1	NKAPL	c28
0.0133538722704507	0.889794800997293	0.053	0.024	1	TSPYL4	c28
0.0108680107151208	0.889778729300513	0.194	0.139	1	DENND5A	c28
0.0143931791101804	0.889762911972676	0.088	0.049	1	LYRM7	c28
0.000157255719297311	0.88958286145259	0.135	0.065	1	ARRDC2	c28
0.000541460670089176	0.889425009592535	0.082	0.034	1	ZNF611	c28
0.00151069918787775	-0.88924471289142	0.106	0.211	1	TMEM141	c28
0.0117779961400359	0.889082751266219	0.1	0.057	1	FBXO28	c28
0.34229656006198	0.889022450735964	0.047	0.034	1	DHX37	c28
0.00215728455067066	0.888874693927193	0.147	0.085	1	SLK	c28
0.0218464079797589	0.888378174784792	0.094	0.055	1	RAVER1	c28
0.00293888548729382	0.888366444450813	0.047	0.017	1	WARS2-AS1	c28
0.00051557858947124	0.888038733900584	0.118	0.057	1	KCTD13	c28
0.215520621417576	0.88800689595764	0.018	0.009	1	TBCEL	c28
0.556925398000391	0.887745606891393	0.018	0.025	1	SPATA2L	c28
0.226268605387019	-0.887668818278456	0.076	0.106	1	DLGAP4	c28
0.891782220266275	-0.887509201903394	0.059	0.055	1	RGL4	c28
0.00859043661799321	0.887301530543911	0.035	0.013	1	AL080276.2	c28
0.0351047044289082	0.887301125427015	0.088	0.053	1	NCOA6	c28
0.482523049766543	0.887294380144777	0.071	0.061	1	METRNL	c28
0.000670501548752718	-0.887079349149899	0.124	0.245	1	RNASEH2C	c28
0.000909006254645604	0.887057824937889	0.129	0.068	1	DDX55	c28
0.0206279770247249	-0.886827244409081	0.047	0.102	1	NAA10	c28
0.186062112957246	-0.886780562115821	0	0.01	1	AC012103.1	c28
4.95386884646442e-05	0.886350217682994	0.159	0.078	1	DENND4A	c28
0.0610645541020262	0.886229269698839	0.053	0.029	1	TMEM63B	c28
4.52466459213704e-05	0.886195875208675	0.194	0.103	1	KAT6A	c28
0.9289144450454	-0.886025995113011	0.018	0.018	1	ZNF273	c28
0.987583432747365	0.885841474024967	0.035	0.036	1	CDK18	c28
0.441004999108368	0.885841049386038	0.029	0.021	1	SLC9A7	c28
0.0987167504681732	0.885794537314947	0.035	0.07	1	GAS2L1	c28
0.00886452515806514	0.885771665251489	0.135	0.083	1	MTOR	c28
0.00281698217717443	0.885543741153841	0.076	0.035	1	URGCP	c28
0.00294942949632198	0.885515458318903	0.165	0.101	1	CDK5RAP2	c28
0.630046658520301	0.885377563252029	0.024	0.03	1	LOXL3	c28
1.80365633497754e-05	0.885238502085604	0.282	0.173	0.660156255165129	USP22	c28
0.861151282573201	-0.885053404917243	0.571	0.463	1	APOE	c28
0.238016155742556	0.88496335902337	0.076	0.058	1	INPP5F	c28
0.167367794074996	0.884811644757942	0.171	0.145	1	EMILIN2	c28
6.55768406285192e-06	-0.884744830292158	0.341	0.49	0.240017794384443	UQCRQ	c28
0.126104196924778	0.884554357414272	0.047	0.028	1	TIPIN	c28
0.351954506297746	0.884382288497254	0.018	0.01	1	ZNF527	c28
0.00552936289385388	-0.884311807000527	0.047	0.119	1	COPS4	c28
0.450234360198543	-0.884134615318782	0.029	0.021	1	APBA2	c28
3.61945947572853e-05	0.884034975594661	0.129	0.057	1	METTL16	c28
4.7651964704454e-05	-0.883644393023226	0.547	0.582	1	C9orf16	c28
2.20195677896614e-05	-0.883570624372451	0.218	0.381	0.805938200669398	LAMTOR2	c28
0.000111766355950876	0.883281213491415	0.229	0.137	1	UBE4A	c28
0.40649678948618	0.88320643518752	0.059	0.047	1	TP53	c28
0.65439208663669	0.883075360404406	0.082	0.075	1	KCTD5	c28
0.200394960034985	-0.882899038841944	0.041	0.066	1	CNOT10	c28
0.169913061470133	-0.882752802788993	0.024	0.046	1	RNF26	c28
0.257984991276093	-0.882164558901038	0.018	0.033	1	EFCAB2	c28
0.390744851716722	0.881777796229156	0.024	0.015	1	HRH2	c28
0.00447746292528587	-0.881769562459865	0.241	0.348	1	MEA1	c28
0.000106274048896571	-0.881157140282247	0.253	0.407	1	COPS9	c28
0.318458976339405	0.88099236001165	0.024	0.014	1	AC006449.6	c28
0.493886321711409	-0.880941347409101	0.029	0.039	1	KLHL22	c28
7.0833647608094e-05	0.880673662768108	0.2	0.111	1	ATG7	c28
0.161964107358095	-0.880559116570992	0.047	0.076	1	MCMBP	c28
0.00782682380657875	0.880254763456472	0.153	0.098	1	TULP4	c28
0.042673387437683	0.880183051089529	0.212	0.171	1	MAP4K3-DT	c28
0.0574615918260186	-0.880124015944492	0.024	0.058	1	SLC35A2	c28
0.591737647404099	-0.880081064431054	0.029	0.037	1	ZNF626	c28
1.44311998832859e-05	0.880046828726786	0.153	0.069	0.528196346928147	ZNF83	c28
0.946015912059044	0.87997261146938	0.018	0.017	1	TMEM265	c28
0.0255003742626828	0.879356504327772	0.182	0.135	1	ACSL1	c28
0.783909508707067	0.87929821933808	0.035	0.032	1	DHTKD1	c28
0.205836621120991	-0.879211588248414	0.059	0.087	1	ZCCHC10	c28
0.495569106471943	0.878918555968943	0.018	0.012	1	PIP5K1B	c28
1.86226219884763e-06	0.878859245660854	0.182	0.083	0.0681606587400219	HPS4	c28
3.14937560712048e-05	0.878683563793532	0.212	0.116	1	HDAC3	c28
0.0422019809419115	0.878672687686386	0.053	0.028	1	BRD1	c28
0.0320430158201559	0.878646858836817	0.182	0.133	1	ACTR1B	c28
0.667682970521214	0.878634508244571	0.012	0.016	1	DNAAF5	c28
0.114982960661801	0.878502605716788	0.247	0.217	1	RENBP	c28
0.796292088232581	-0.87830145757693	0.012	0.014	1	MEX3C	c28
1.91806762132822e-05	0.877886471234679	0.241	0.136	0.702031930082341	RNPC3	c28
0.0493887435533175	0.877873142810694	0.1	0.064	1	PWWP2A	c28
0.00094358838852813	0.877855588005811	0.065	0.025	1	AC013264.1	c28
0.0774005315988188	0.87763181921283	0.176	0.142	1	EPAS1	c28
0.457582596005318	0.876888411064493	0.071	0.059	1	MAFF	c28
0.0474000249411073	0.876863525503929	0.035	0.016	1	SLC2A13	c28
0.00477844958425576	0.876787483283438	0.071	0.032	1	AP4E1	c28
4.20290394335407e-06	0.876339828254551	0.182	0.086	0.153830487230702	STIM2	c28
6.71379544138112e-05	0.875965258628018	0.276	0.176	1	GRK2	c28
0.00330612771681021	0.875939351974007	0.076	0.035	1	BMT2	c28
0.0859475250709822	0.87556728013669	0.029	0.014	1	HDAC4-AS1	c28
0.163882783591148	0.875474034947356	0.124	0.095	1	GART	c28
5.34423850072392e-12	-0.875040443580635	0.776	0.746	1.95604473364996e-07	GABARAP	c28
0.34615006647197	0.874997478329564	0.012	0.006	1	MELK	c28
0.546403129066591	0.874979164065895	0.035	0.028	1	SARM1	c28
0.254603619973319	0.8749690795445	0.076	0.058	1	MTMR12	c28
0.00561742895879151	0.874803328477138	0.106	0.058	1	AASDH	c28
0.000160683545840229	-0.874638606097943	0.365	0.476	1	BST2	c28
0.00824777484263091	0.874568282095376	0.1	0.055	1	PKNOX1	c28
0.00513103018858481	-0.874365614567393	0.071	0.152	1	EBAG9	c28
0.825007595820588	0.87410182973628	0.065	0.062	1	ITGB3BP	c28
0.00720758110527107	0.873999972489572	0.1	0.054	1	NSD2	c28
0.534273884982956	0.873834915192309	0.053	0.044	1	DHX58	c28
0.0738999643805984	0.873793443128158	0.106	0.073	1	ANGEL2	c28
0.431780600501483	0.873711125676257	0.088	0.075	1	KIF3B	c28
0.002025521704468	0.873442775819223	0.053	0.02	1	AC027644.3	c28
3.41159200189795e-05	0.873417185395537	0.306	0.198	1	APOBR	c28
0.237017956586909	0.873311814362082	0.035	0.022	1	MMS22L	c28
0.00492664815377646	-0.873059715195821	0.082	0.167	1	COA5	c28
6.8273120530889e-10	-0.872863189678644	0.812	0.742	2.49886448455107e-05	UBB	c28
0.630459657601425	0.87276884580433	0.012	0.008	1	TMEM171	c28
0.0106910903549981	0.872229615459826	0.094	0.052	1	TFCP2	c28
0.00588469355479266	0.871655313790849	0.071	0.033	1	INPP5B	c28
0.0013454669634056	-0.871602284494188	0.159	0.28	1	YIF1A	c28
0.0836410321605678	0.871577736047001	0.029	0.014	1	DPY19L1	c28
0.00837507660770188	0.87142894860282	0.135	0.083	1	CHM	c28
0.974468902464746	-0.871399017521829	0.024	0.024	1	PHF13	c28
0.315359573990947	-0.870942472341724	0.053	0.073	1	GEMIN7	c28
0.486895406751336	-0.870809602628705	0.006	0.012	1	TREX1	c28
1.77265566204439e-05	0.870707890010485	0.265	0.156	0.648809698864868	USP33	c28
0.00150855004557895	0.870242425206579	0.041	0.013	1	CCDC146	c28
5.17354261553499e-06	0.870129520531886	0.382	0.258	0.189356833271196	SCARB2	c28
0.529852198576946	-0.870044242410001	0.012	0.018	1	ITGA1	c28
0.00288376973834043	0.869980083925553	0.147	0.088	1	KDM6B	c28
0.00513042885437534	0.869775540731108	0.141	0.085	1	GOLGA5	c28
0.000225766717575746	-0.869748987564374	0.465	0.515	1	TALDO1	c28
0.845780513884115	0.869667052232066	0.053	0.051	1	PEX7	c28
0.887118245404808	0.869528660240414	0.029	0.028	1	BRD3OS	c28
0.607067411379457	-0.869516296555457	0.006	0.01	1	FAM111B	c28
0.19103509070583	0.869360054920391	0.018	0.008	1	ZGRF1	c28
0.412925143345015	0.86933219911592	0.029	0.021	1	NLK	c28
0.131167858588231	0.86932477130704	0.053	0.033	1	WDR47	c28
0.00033055497495678	0.869292041071132	0.029	0.007	1	AC021188.1	c28
0.000510774063791234	0.869174147461726	0.112	0.053	1	ZNF699	c28
0.0283482874851309	0.868733892902089	0.071	0.039	1	CDKAL1	c28
0.00597108363596606	-0.868449873481646	0.053	0.125	1	ACOT8	c28
0.0340504932690298	-0.868414178110033	0.053	0.105	1	PPIF	c28
0.165311158460666	-0.867754963238117	0.065	0.098	1	RAD51C	c28
0.00349432200343301	-0.867744837686398	0.129	0.23	1	IMP4	c28
0.00247911099679246	-0.867555871597881	0.176	0.292	1	RAB8A	c28
0.000429130171294499	0.867474322441311	0.182	0.105	1	MTR	c28
0.0856673756475675	-0.867156200391552	0.047	0.085	1	FAM3C	c28
0.0143369345954909	0.867015372230175	0.176	0.123	1	TLR4	c28
0.559681000890003	-0.867010489396633	0.035	0.045	1	CARNMT1	c28
0.000349656101924065	-0.866840458975947	0.159	0.292	1	CHMP5	c28
0.908659935338753	0.866522695138143	0.076	0.083	1	WIPI1	c28
0.00115664885891323	0.86602004145312	0.071	0.029	1	ZNF586	c28
0.264714554143328	0.865962430992316	0.018	0.009	1	FAM122A	c28
0.107063917733362	0.865903148524344	0.106	0.076	1	GMDS	c28
1.32682278254472e-05	-0.865759067384925	0.388	0.506	0.485630406639192	ATP5PF	c28
3.65634073266939e-05	-0.865753379085002	0.247	0.399	1	ROMO1	c28
0.0538908475658109	0.865696832746933	0.071	0.042	1	C1orf216	c28
0.0282348485322175	-0.865586838398748	0.071	0.129	1	PSMG3	c28
0.155495329235905	0.865390949294807	0.047	0.029	1	WDR92	c28
0.250146599222522	0.865149020472697	0.024	0.013	1	ZNF771	c28
0.000798250023102273	-0.864805594167326	0.135	0.255	1	HINT2	c28
0.000283216738017875	-0.864805523415592	0.059	0.168	1	MGST2	c28
0.909040516989437	-0.864719997029846	0.012	0.013	1	IZUMO4	c28
0.0736467742993609	0.864664072694332	0.076	0.048	1	QSER1	c28
0.577547552281382	0.864581175623846	0.006	0.01	1	ZBTB18	c28
0.183324298147736	0.864360621820075	0.082	0.06	1	RNF170	c28
0.00264117129033664	0.864338940095568	0.1	0.05	1	HIVEP1	c28
0.294403214547606	0.86411961033054	0.029	0.019	1	ZNRF2	c28
0.0341946905766453	0.863700265081923	0.088	0.053	1	P3H1	c28
0.129434121294552	0.863374634698482	0.041	0.024	1	ZBTB21	c28
0.00155380398684829	-0.862718688342963	0.282	0.374	1	CTSH	c28
0.00692114978908494	0.862713740693013	0.071	0.033	1	ZNF136	c28
0.711988596836788	-0.86267635175203	0.029	0.025	1	CLU	c28
0.316754165546361	0.862576457001811	0.018	0.01	1	CKMT2-AS1	c28
0.0188653058474695	0.862397258531961	0.053	0.025	1	ZNF718	c28
0.000451528977620705	-0.862258413275723	0.153	0.278	1	FUOM	c28
0.0665943561804785	-0.862104926488753	0.035	0.073	1	LINC02154	c28
0.555607273678345	0.861970177595293	0.047	0.039	1	ABHD15	c28
0.497839450039925	0.861647174829291	0.018	0.012	1	ZNF175	c28
0.0936772465215114	0.861627051922443	0.029	0.014	1	GRAMD4	c28
3.55649924941226e-05	0.861579958734392	0.212	0.114	1	LPIN1	c28
0.0024215289333159	-0.861257118688346	0.176	0.289	1	NME3	c28
0.116245346663839	0.861235665204728	0.135	0.103	1	CUL2	c28
0.0205977093872056	0.860886652722386	0.188	0.135	1	AP2A1	c28
0.0462467174146824	-0.860824280672891	0.035	0.077	1	CBWD2	c28
0.673123790978158	0.860824037204663	0.071	0.065	1	JAKMIP2	c28
0.0203607705422995	0.860671174581681	0.1	0.06	1	MTG2	c28
0.000924479976528514	0.860355506376467	0.082	0.035	1	METTL4	c28
0.118004019684334	0.860219439835169	0.035	0.019	1	PAK4	c28
0.554221556831896	0.860120522386834	0.012	0.008	1	SLC35E4	c28
0.12624522527521	0.859779053681112	0.012	0.004	1	ECRG4	c28
0.000493156075134685	0.859750482508355	0.165	0.09	1	YAF2	c28
0.00291661537539044	0.859397387004297	0.047	0.017	1	AC124016.1	c28
0.00188604660731153	0.859276240931	0.153	0.089	1	ANKFY1	c28
0.164559526370284	0.859210132049157	0.029	0.055	1	TMEM51	c28
0.191528503718139	0.859048430831511	0.018	0.008	1	WDR86	c28
0.11846410900082	0.858829306875408	0.047	0.028	1	AC099343.3	c28
0.00127738655103767	-0.858678286608317	0.247	0.371	1	PSMF1	c28
0.0187244207587221	0.858574315253722	0.147	0.097	1	FNIP1	c28
0.0563310774835656	0.858574301818434	0.082	0.051	1	IFI44L	c28
0.404983754805273	0.858419093922009	0.053	0.041	1	HPSE	c28
0.0112064644002505	0.858381702344842	0.071	0.035	1	PHF2	c28
1.66281182820245e-05	0.858372917067989	0.082	0.028	0.608605757240379	ZNF407	c28
0.332713622812754	0.858369162961308	0.076	0.06	1	TMEM104	c28
0.133822736309646	-0.857721564782954	0.053	0.086	1	FKBP2	c28
0.0521549522921124	0.857484163917001	0.118	0.081	1	KIF13B	c28
0.829612724819868	0.85727717689893	0.018	0.02	1	CCDC61	c28
0.00182027874239212	0.856412595178926	0.041	0.013	1	AC139887.2	c28
0.569357299673335	-0.856103113373994	0.035	0.044	1	COG8	c28
0.000703973670406482	0.855884405176619	0.082	0.035	1	GK5	c28
0.0233714566029192	0.855204551845153	0.018	0.005	1	SUSD4	c28
4.35188914179834e-05	-0.854912267632853	0.453	0.537	1	NDUFA1	c28
0.442260529247007	0.8548732195418	0.035	0.026	1	RMI1	c28
0.0180398406928594	0.854778472726677	0.147	0.098	1	DYM	c28
2.61744966861905e-05	0.854733836901733	0.2	0.106	0.958012753211257	ZMYND8	c28
0.467975040358712	0.854664887497252	0.012	0.007	1	AMY2B	c28
0.020230597862455	0.854575310793351	0.194	0.143	1	PLOD3	c28
0.0789932623712703	0.854280418221526	0.076	0.049	1	POLR2M	c28
0.0214832419593687	0.85398973333423	0.094	0.055	1	RPRD1B	c28
0.022487244927525	-0.853746717531429	0.059	0.118	1	DENND10	c28
0.050824293958696	-0.853491638082917	0.059	0.107	1	EIF2B2	c28
0.486765961973913	0.853461080056918	0.053	0.043	1	BAP1	c28
0.000367059891232104	-0.853353974737351	0.406	0.476	1	POMP	c28
0.000304077691924219	-0.853210095493014	0.141	0.274	1	TIMM8B	c28
5.00974158907e-08	-0.853194875014602	0.706	0.7	0.00183361551901551	SRGN	c28
0.064238009635111	0.853070663470879	0.065	0.038	1	ATMIN	c28
0.000112437824113139	0.852994638086556	0.176	0.094	1	NEK7	c28
0.512441835583885	-0.852862033955874	0.006	0.011	1	CCL20	c28
0.274989001773456	-0.852742108154779	0.006	0.017	1	NFIL3	c28
0.489646823788517	0.852382252411408	0.153	0.147	1	SLC43A2	c28
6.4016285742759e-06	0.852376166587638	0.206	0.103	0.234306007447072	TMEM131L	c28
0.0737741520113333	-0.852131993179221	0.053	0.094	1	CASP6	c28
0.0339335798710917	0.851700915126414	0.141	0.099	1	LRRC58	c28
0.748487089834644	0.851570126149002	0.059	0.055	1	AGAP3	c28
0.977693896368664	0.851530943433375	0.024	0.024	1	ZNF205	c28
0.00597736294577402	0.851361683158966	0.053	0.022	1	ABCA5	c28
0.0256883603703363	-0.85112505594412	0.065	0.124	1	AIMP2	c28
0.0184495908405423	-0.850986215594067	0.041	0.096	1	DPP3	c28
0.00431461717206166	0.850820539654702	0.088	0.044	1	LIN54	c28
0.00113985938360636	0.850820069385527	0.112	0.056	1	FBXW7	c28
0.00712095167857595	0.850661481113558	0.071	0.034	1	NDUFAF7	c28
0.00390678417122831	-0.850454700176954	0.118	0.215	1	ADI1	c28
0.0788873382746131	-0.850367622628258	0.053	0.094	1	STT3A	c28
0.685768367320837	-0.850294330477032	0.018	0.014	1	CCDC152	c28
1.21090543373272e-05	0.850224308244568	0.153	0.069	0.443203497800512	NECAP1	c28
0.0909590220705755	-0.850075573309289	0.059	0.099	1	TBPL1	c28
0.83368585603392	-0.850068382101217	0.029	0.027	1	RAB3IP	c28
0.00100006409703191	-0.850019360054927	0.3	0.42	1	RNF7	c28
0.0118697927793977	-0.849982100253008	0.218	0.314	1	PUF60	c28
0.493958513975704	-0.849880498421354	0.035	0.047	1	EFL1	c28
0.00292757391856592	0.84978733505228	0.112	0.059	1	RBSN	c28
0.615712475247153	-0.849766166773353	0.059	0.049	1	KLRC4	c28
0.424228681557506	0.849747639728905	0.024	0.016	1	TMEM236	c28
0.0989029309392309	0.849739946109576	0.129	0.097	1	DCAF6	c28
0.0787994569937806	0.849678432555792	0.106	0.073	1	NFKB1	c28
0.263369398978981	-0.849599528265761	0.035	0.055	1	PIP4K2C	c28
0.00556341127836154	0.849207277491499	0.1	0.053	1	TNKS	c28
7.04331978284212e-09	-0.848841364915234	0.6	0.665	0.000257792547371804	UQCR11	c28
0.000120086389580965	0.848794554427748	0.153	0.076	1	CHFR	c28
0.00359655600831335	0.848206242107791	0.129	0.074	1	ZNF37A	c28
2.20240458385696e-05	0.848015237597938	0.2	0.103	0.806102101737485	DIP2A	c28
0.569412723030029	0.847992435445097	0.035	0.029	1	ABHD6	c28
0.0166103264373696	-0.847874894665576	0.065	0.128	1	LINC02345	c28
6.39916305613495e-13	-0.8478537597552	0.776	0.754	2.34215767017595e-08	ARPC3	c28
0.471408671656045	0.847750650236954	0.035	0.027	1	MEN1	c28
0.000476032258730505	0.847632503272166	0.159	0.087	1	SEC23A	c28
0.0459018594108584	-0.847559271022561	0.135	0.201	1	TUSC2	c28
0.210638600917429	0.847544120267199	0.088	0.067	1	SMCR8	c28
0.0243732300121969	0.847451212340041	0.059	0.03	1	POP1	c28
0.0112993011099975	0.847249323524547	0.141	0.088	1	FAM172A	c28
0.00271909974913776	0.847233619488046	0.129	0.072	1	ZFP90	c28
0.268334042316559	0.847079169174275	0.018	0.009	1	BEX5	c28
0.0551480465385294	-0.846650359730586	0.059	0.105	1	SPRYD3	c28
5.98685903255473e-05	0.846414364975882	0.076	0.027	1	AC097376.3	c28
0.000216815452715631	0.845616824047911	0.165	0.088	1	VTI1A	c28
0.00949076485145082	0.845147005248087	0.082	0.042	1	AL118516.1	c28
0.190655509738456	0.844964339889613	0.041	0.026	1	LRRC8A	c28
0.164652539272978	0.844880486825536	0.059	0.039	1	STK11IP	c28
0.237877594889295	0.844598846433165	0.029	0.018	1	TMEM117	c28
0.000104543612396646	0.844459180580713	0.224	0.131	1	AHR	c28
0.000118085109547919	-0.844245770133829	0.453	0.521	1	DYNLL1	c28
4.72400239487723e-05	0.843781195330483	0.182	0.094	1	GBF1	c28
3.54353984447393e-06	-0.843738701001654	0.524	0.6	0.12969710184759	UBL5	c28
0.245557188371378	0.843442177990195	0.012	0.005	1	LINC02614	c28
0.813205938675941	-0.843308907752935	0.012	0.014	1	FOXO4	c28
0.014625432471803	0.843300301445745	0.088	0.049	1	HEATR3	c28
0.306013632974416	0.843222348519842	0.029	0.019	1	GDPGP1	c28
0.00258338325776122	-0.843078942202523	0.165	0.279	1	AGTRAP	c28
0.0102154356697514	0.842777812869058	0.265	0.205	1	PAPSS1	c28
0.041982850683403	-0.842772720931579	0.159	0.229	1	SCNM1	c28
0.512239901683934	0.842263453854729	0.018	0.012	1	FAM161B	c28
0.00187026186496359	0.842247433419749	0.035	0.011	1	NR3C2	c28
0.435138725342145	-0.842193573558019	0.041	0.055	1	CDK7	c28
0.0338028174275028	0.842055760601428	0.124	0.082	1	ANAPC7	c28
0.133662680691532	-0.841962665515244	0.029	0.056	1	CPTP	c28
0.242597214802584	0.841961443304385	0.188	0.168	1	DSC2	c28
0.0155201088433743	0.841864356603294	0.082	0.045	1	SMIM8	c28
1.52479736257768e-06	0.841557650263468	0.147	0.06	0.0558091082677057	AGO2	c28
0.0104671902835483	-0.841142675232936	0.129	0.217	1	YIF1B	c28
0.611934724554912	-0.841040050580264	0.024	0.018	1	AC103702.2	c28
0.00959443005741351	0.841035142841693	0.2	0.142	1	CXorf38	c28
0.71992597098304	-0.840962393849702	0.606	0.489	1	STXBP2	c28
0.00114951085251371	0.840736430944082	0.306	0.226	1	SYK	c28
1.96331633393511e-05	0.840628002038227	0.288	0.177	0.718593411383588	ME2	c28
0.688576236394553	0.840053932515682	0.024	0.02	1	HARBI1	c28
0.616530434985236	0.839658662759918	0.035	0.029	1	P2RX1	c28
0.000116832461599452	-0.839625733320144	0.524	0.561	1	ALDOA	c28
0.00447683654766968	0.839426558972024	0.082	0.04	1	ZNF518B	c28
0.00162229313178178	0.83912733537979	0.112	0.057	1	GTF3C3	c28
0.020090622242787	0.838886388188704	0.076	0.041	1	FAM122B	c28
0.00014667287100249	0.838559543826177	0.094	0.038	1	TUBGCP6	c28
0.0433734787006465	0.838520310078071	0.018	0.006	1	PDZD4	c28
0.897964836802315	-0.838196560193422	0.012	0.011	1	RADX	c28
0.046039133331082	-0.837840035098689	0.124	0.186	1	COPS3	c28
0.826984348783634	-0.837837920758406	0.012	0.014	1	HIP1R	c28
0.000511885639830917	-0.837733683961505	0.182	0.316	1	POLR2K	c28
0.00598332698188823	0.83772010749538	0.088	0.045	1	PPTC7	c28
0.00706634582840477	0.837492754333521	0.065	0.03	1	WRN	c28
0.000179978036960468	-0.837402143174744	0.488	0.544	1	COX5A	c28
0.0978655793789434	0.837330198946135	0.112	0.081	1	WDR55	c28
0.000476218869550829	0.83700985725732	0.165	0.091	1	ELP2	c28
0.197247817718248	0.836853064731474	0.094	0.071	1	CERS6	c28
0.0012436843623788	-0.836654242861006	0.135	0.252	1	MRPL13	c28
0.0064650033180189	0.836119292915459	0.135	0.081	1	PIK3C3	c28
0.0479986928209315	-0.835627774215046	0.041	0.085	1	CETN2	c28
0.481027337254792	-0.835505947874377	0.012	0.019	1	NIPBL-DT	c28
0.324964800652296	0.835282223391192	0.059	0.044	1	MBOAT7	c28
0.00456271429137198	-0.835093650461239	0.247	0.349	1	RAB11A	c28
0.485170949936392	0.834893481556559	0.1	0.089	1	SIGLEC1	c28
0.792166992814975	-0.834711139550722	0.018	0.02	1	MAP3K6	c28
0.62283669822611	-0.834570107552441	0.012	0.008	1	TRBV15	c28
0.912920986398542	0.834523148856589	0.082	0.084	1	SLC4A2	c28
0.965041908271564	-0.834466888069613	0.029	0.029	1	STAMBPL1	c28
0.00236571982984422	0.834113979635028	0.094	0.046	1	GATD1	c28
0.566148911705072	-0.833400884611391	0.012	0.018	1	ABCD2	c28
0.550378715904275	-0.833366479765634	0.024	0.031	1	EEF1AKMT1	c28
0.17712825214879	0.833346114441913	0.129	0.105	1	LPCAT2	c28
0.892751145484121	-0.833278230417373	0.018	0.019	1	PLEKHA8	c28
0.791950616663753	0.833121639746197	0.176	0.187	1	SIRPA	c28
0.432429711457626	0.832851377579257	0.006	0.013	1	ZNF579	c28
0.0125862664574489	0.832804911072355	0.118	0.071	1	ERI1	c28
0.054813388298837	0.832216452791212	0.018	0.006	1	TUBB4A	c28
0.000675037695068867	0.832198653027088	0.112	0.054	1	TBCK	c28
0.223897086124561	0.832149750114794	0.059	0.041	1	FOXK2	c28
0.000593308220793011	0.83189317826081	0.088	0.038	1	MDC1	c28
0.00143767841403312	0.831845334794366	0.124	0.064	1	PELI1	c28
0.0621091333437533	-0.831783089108078	0.071	0.119	1	IGSF8	c28
0.112835424719332	0.831479466911095	0.012	0.004	1	PITPNM2	c28
0.059832304568292	0.831412898255772	0.047	0.025	1	NDUFV2-AS1	c28
0.0414103404698828	-0.831167732949976	0.047	0.095	1	TMEM159	c28
0.022813810596391	0.831163286658472	0.206	0.153	1	BAG4	c28
0.0033257783456093	-0.83089545909996	0.065	0.151	1	TMEM60	c28
0.403217474700451	-0.830300909956193	0.012	0.021	1	ZNF324	c28
0.00105392749187495	0.830244258922516	0.018	0.003	1	ASNS	c28
0.000113909355131489	0.830166871420661	0.194	0.107	1	NOTCH2	c28
0.000886565025778448	-0.830101447131277	0.241	0.366	1	COX17	c28
0.00119043245335799	-0.830054233566406	0.371	0.458	1	ZNF706	c28
0.00442449441413102	0.829772688868935	0.088	0.044	1	CDK19	c28
0.320768583538594	0.829759556447307	0.012	0.006	1	AC135457.1	c28
0.477881087953193	-0.829721017227286	0.076	0.092	1	C12orf76	c28
0.139478289950652	0.829611223763785	0.212	0.188	1	BHLHE41	c28
0.000146226606007404	0.829402091172046	0.312	0.212	1	ADPGK	c28
0.0348551157724768	0.829264876609679	0.1	0.063	1	ST3GAL2	c28
0.00271567850072594	0.829196030736837	0.041	0.014	1	PLCL1	c28
0.108601165789148	0.829062642782859	0.053	0.032	1	ARL15	c28
0.0897657908588605	0.828928036555599	0.053	0.031	1	ZNF557	c28
0.388400382133439	0.82812511762934	0.024	0.015	1	KAZN	c28
0.0166871725607329	-0.828032027389872	0.118	0.193	1	PDCL3	c28
0.378683690893644	-0.827960569590587	0.012	0.022	1	ZNF180	c28
0.0686942426928922	-0.82783934923859	0.041	0.08	1	PNO1	c28
8.0642889305943e-05	-0.827838965488567	0.053	0.173	1	RAB34	c28
0.543336780165455	0.82779036270044	0.041	0.033	1	KIAA0556	c28
0.0485720066100721	-0.827627185926675	0.012	0.043	1	PKD2L1	c28
0.00306501867495464	0.827542058623571	0.171	0.105	1	SSBP4	c28
0.323291323212026	0.827257647002058	0.112	0.094	1	VAC14	c28
7.60559250784325e-05	-0.827233058210612	0.3	0.443	1	SEM1	c28
0.395290277974494	0.827124245676634	0.029	0.02	1	ZNF599	c28
0.633704049986388	0.827016731202625	0.035	0.029	1	SNHG11	c28
0.126049651202602	0.826633335806326	0.047	0.028	1	ERMP1	c28
0.000780481077840288	0.82615787603567	0.224	0.142	1	PPP1R10	c28
0.0342748333968292	-0.826082861388206	0.059	0.112	1	GMPPA	c28
3.9641609213023e-05	0.825901329851364	0.171	0.085	1	STAG1	c28
0.942339821066311	-0.825865426328266	0.012	0.012	1	NUAK2	c28
0.305036174623881	-0.825827816470286	0.047	0.067	1	GRWD1	c28
0.513656583476816	0.82560986091797	0.029	0.022	1	KLC4	c28
0.234946094537773	0.825608913488932	0.059	0.041	1	FGFR1OP	c28
0.362117725459564	0.825418976312356	0.029	0.02	1	GIN1	c28
0.900225343357823	0.825285789865284	0.041	0.04	1	SEPTIN8	c28
0.00647514123970053	0.825100089256952	0.094	0.049	1	KHDC4	c28
0.356106602057704	0.825019321942056	0.071	0.057	1	DUS1L	c28
0.215156837430893	0.82488246870875	0.041	0.026	1	TOP3B	c28
0.982436243853811	-0.824737396025848	0.012	0.012	1	PRDM10	c28
0.523210422419555	0.824726490584699	0.053	0.044	1	AL590764.1	c28
0.113080877353126	0.824474298365466	0.106	0.077	1	NADK	c28
0.00140914695149307	0.824468359293223	0.2	0.127	1	NDUFS1	c28
0.0148545841450255	0.824449907048855	0.088	0.049	1	TDP1	c28
0.0108942018176393	-0.824186390636024	0.247	0.341	1	SDF4	c28
0.0246528270873485	0.824161998290422	0.082	0.047	1	HS2ST1	c28
0.0182530230003511	0.824146423230851	0.035	0.014	1	TRAV8-1	c28
0.0916457617079102	0.823787725991992	0.029	0.014	1	SNHG22	c28
0.0789972475946696	-0.823561550107042	0.047	0.086	1	CCDC112	c28
0.00774285139685592	0.823334840088427	0.082	0.042	1	ABCC1	c28
0.793862256480449	-0.823292267935433	0.035	0.039	1	MAGEF1	c28
2.76887310095653e-05	0.82321586106808	0.4	0.287	1	SLA	c28
0.0494278786042058	-0.823136330092886	0.082	0.137	1	A1BG	c28
0.323576742750546	0.822559630771359	0.041	0.029	1	MAP11	c28
0.904012700102141	0.82248367479522	0.024	0.025	1	SH3BP4	c28
0.207293477111501	0.822352599511529	0.065	0.045	1	FAM13A	c28
0.00146014495265606	0.821294683990019	0.106	0.052	1	ATXN7L1	c28
0.29325337623553	0.82123447739946	0.012	0.024	1	CBX8	c28
0.00357053788844248	-0.821189517735678	0.106	0.204	1	DNAJB12	c28
0.361462262518685	0.820526079061507	0.047	0.035	1	RBM45	c28
2.08306510257995e-06	0.820132262091578	0.171	0.075	0.0762422658195286	KIAA0586	c28
0.00567109197695173	0.81999127981051	0.112	0.062	1	IPO9	c28
0.0730886269558984	0.819607757637019	0.047	0.026	1	PPP3CB-AS1	c28
0.00484627219992303	0.81958358966298	0.106	0.057	1	IQCB1	c28
0.203915115533948	-0.819483031563925	0.047	0.073	1	DDX59	c28
0.00151320041961347	-0.81905702957258	0.359	0.455	1	TMED10	c28
0.985959200238175	-0.818931272636373	0.012	0.012	1	ADGRG5	c28
0.0440877368826817	0.818836228662047	0.024	0.009	1	CERNA1	c28
0.0885937456783918	0.818654527068852	0.029	0.014	1	CMKLR1	c28
0.0835322422312325	0.818624944650459	0.035	0.018	1	DEAF1	c28
0.017130041623671	0.818374254053404	0.112	0.068	1	NNT-AS1	c28
0.000112508172773352	0.818202473130222	0.094	0.038	1	LINC00342	c28
0.231235231145568	-0.81796433277746	0.006	0.018	1	PHETA1	c28
0.590575815840673	0.817802083516149	0.012	0.008	1	ARF4-AS1	c28
0.133863693131107	0.81744871703942	0.129	0.1	1	UBAP1	c28
0.229751018604522	0.817411123748769	0.029	0.017	1	CPEB2	c28
0.0170350453759327	-0.817290528588467	0.024	0.072	1	SECTM1	c28
0.000667439281127129	0.816932780443321	0.082	0.035	1	ORC2	c28
0.483667362150972	0.816928116896662	0.012	0.019	1	CCDC9	c28
0.0153741581406387	-0.816844942518907	0.135	0.217	1	SS18L2	c28
0.00144051844998071	-0.81677973647595	0.071	0.166	1	TPRKB	c28
0.0507113824161437	0.816361484129873	0.024	0.009	1	PIK3R3	c28
0.000163639301777328	0.815948914319458	0.188	0.104	1	MARF1	c28
0.0459316231994384	0.81550177968399	0.118	0.08	1	SC5D	c28
2.68548605052684e-06	0.815476450151597	0.335	0.205	0.0982914749353328	HNRNPH1	c28
0.049075993691293	0.815406813817626	0.047	0.024	1	AMMECR1L	c28
0.212875578760132	0.815397239665039	0.018	0.009	1	IGFBP3	c28
0.134304291820571	0.815287185409473	0.035	0.02	1	AFG1L	c28
0.618783105891969	0.815246633632992	0.012	0.008	1	FBXL16	c28
8.63771748215136e-08	-0.815159914591419	0.576	0.657	0.00316149097564222	CALM2	c28
0.259853543092144	0.814908265617203	0.012	0.026	1	UAP1L1	c28
0.00927065410994846	-0.814707601217995	0.029	0.087	1	RNASE6	c28
0.000455649874877357	0.814662513530222	0.212	0.131	1	C1orf52	c28
0.287758287593531	-0.814537968205574	0.5	0.407	1	SPI1	c28
0.0157575136016972	-0.814514950678553	0.129	0.211	1	AHSA1	c28
8.4256373721912e-05	0.814503472345556	0.218	0.123	1	CYP20A1	c28
0.0012626674953419	-0.814488093736541	0.247	0.373	1	MRPL51	c28
0.0358839875465756	0.814060774070275	0.035	0.015	1	AL499604.1	c28
0.00535248044790199	0.813903344639187	0.194	0.13	1	AC100810.1	c28
0.0470681783051478	0.813767989336839	0.065	0.037	1	IGHMBP2	c28
0.234111742218296	0.813732997677073	0.018	0.009	1	DPY19L3	c28
0.119541099266934	0.813611412917468	0.065	0.042	1	NDST2	c28
0.0208405045980209	-0.813605731509274	0.1	0.171	1	TMEM14A	c28
3.84386210721413e-06	0.813433568554924	0.312	0.189	0.140689196986144	USP8	c28
0.15875955486069	0.813328892799459	0.053	0.034	1	HELZ2	c28
0.00256792966878458	-0.813126998793201	0.324	0.426	1	ABRACL	c28
0.00055489898453214	0.813021299450088	0.147	0.078	1	MBNL2	c28
5.8217837840011e-05	-0.812902278625307	0.176	0.333	1	LSM6	c28
0.00260900077398013	-0.812641194486152	0.088	0.181	1	TMEM126A	c28
0.00109806155686121	-0.812514473842981	0.259	0.38	1	ATP5ME	c28
0.00491761922528334	0.812423779423529	0.094	0.049	1	STRIP1	c28
0.100770622040078	-0.812308120879916	0.029	0.06	1	VWA5A	c28
0.0019626109333551	-0.812092187489721	0.1	0.202	1	NME1	c28
0.00198306043566942	0.812003126020065	0.188	0.118	1	UBAP2L	c28
0.530723242267708	-0.811292109882381	0.041	0.052	1	AC013457.1	c28
0.374140322393762	0.811206498334888	0.012	0.006	1	AC055839.2	c28
0.0053824537537891	0.811196990261416	0.088	0.045	1	CLASP1	c28
0.142359528848263	-0.811037898788123	0.029	0.015	1	KLRC2	c28
0.0456175620456121	-0.810961954780866	0.041	0.086	1	FAIM	c28
0.914354802165842	0.810807619238539	0.082	0.088	1	CRELD1	c28
0.00454668200992069	-0.810758122701749	0.035	0.103	1	C15orf48	c28
0.111204461805105	0.810745469579842	0.029	0.015	1	UPK3BL1	c28
0.212178260457848	-0.810663211222498	0.124	0.16	1	HBP1	c28
0.887710170918087	-0.810512527740195	0.012	0.011	1	PAIP2B	c28
0.0330971282422004	0.81040994735163	0.071	0.039	1	MAPK3	c28
0.317192554913237	0.810219273363413	0.024	0.014	1	EPHA4	c28
0.569950469479774	0.810128433703651	0.012	0.008	1	BTBD19	c28
0.289537159004892	0.809661756009479	0.1	0.081	1	TRMT2A	c28
0.259679460755554	0.809534099897889	0.053	0.037	1	TDRD7	c28
0.0683130924875659	0.809210862488495	0.076	0.048	1	PPP1R8	c28
0.305441761056381	0.809198906346997	0.094	0.076	1	ADPRH	c28
1.93902258058588e-06	0.809170595334324	0.159	0.068	0.0709701654720239	ZNF224	c28
1.25226957888872e-05	-0.809073472818338	0.547	0.586	0.458343188569061	ATP5MC3	c28
4.27259584588238e-05	0.808919891146004	0.135	0.061	1	PTAR1	c28
0.775535549364942	-0.808637828820405	0.012	0.014	1	NUP50-DT	c28
0.011952190077439	-0.808619434345076	0.165	0.253	1	TMEM9B	c28
0.000693296680241491	0.808561126474203	0.112	0.053	1	CLK4	c28
0.0119237011936323	0.808333723667455	0.147	0.095	1	DHX8	c28
5.99390028474733e-05	-0.8074742591745	0.506	0.561	1	BCAP31	c28
0.418632509591174	0.807280389909299	0.065	0.052	1	IDE	c28
0.000555226219944865	-0.807106524692242	0.118	0.236	1	GTF2B	c28
0.0228919492109662	-0.807094785234409	0.1	0.171	1	MYCBP	c28
0.00477966600328752	0.80698922357659	0.094	0.048	1	ZNF350	c28
0.273405450872852	-0.806868875073584	0.018	0.033	1	EXD3	c28
0.0278164079726439	-0.806728269052079	0.053	0.107	1	PEX19	c28
0.00197432169164266	0.806614962406689	0.1	0.05	1	RAB30-DT	c28
0.796482609230934	-0.806108894449747	0.029	0.026	1	BDH1	c28
5.58795368806402e-05	0.80600457864472	0.2	0.108	1	PRR14L	c28
2.30594284898528e-16	-0.805968226880069	0.924	0.866	8.43998142157103e-12	SERF2	c28
0.0177321106852062	0.80552209018125	0.188	0.135	1	SPART	c28
8.35554841265083e-06	0.805386285099617	0.241	0.131	0.305821427451433	ZC3H7A	c28
0.626844030044984	0.805248492241676	0.041	0.035	1	PUDP	c28
0.204429987341933	-0.805019715779157	0.053	0.08	1	UBIAD1	c28
0.159285429728828	0.804804537373049	0.065	0.043	1	ASB16-AS1	c28
0.217232129401254	0.804719427049966	0.082	0.061	1	DPH1	c28
0.00367843367917259	-0.804560761937765	0.053	0.133	1	KCNE3	c28
0.32155916970178	0.804106659798946	0.024	0.014	1	DVL1	c28
0.0388701816356344	0.804106640101431	0.053	0.027	1	FAM189B	c28
0.00333949953260918	0.80365572376988	0.124	0.068	1	RPRD1A	c28
0.747526219066199	0.803637623014398	0.147	0.171	1	LAT2	c28
0.0181273163002418	-0.803173325247543	0.194	0.283	1	BUD31	c28
0.00266611260410275	0.80293170874946	0.106	0.054	1	BISPR	c28
0.172758242357612	-0.802827267533325	0.018	0.038	1	SFR1	c28
0.462637832785874	0.802818200048687	0.041	0.032	1	EXTL2	c28
0.271687515661223	-0.802173223336071	0.018	0.033	1	RHBDD1	c28
0.231690148132963	0.802132610479177	0.065	0.046	1	COQ8B	c28
0.124067688393582	0.802006140201455	0.182	0.15	1	HK3	c28
0.957800720236408	0.801547047129429	0.024	0.023	1	INTS7	c28
0.87429152252724	0.801495835257512	0.029	0.032	1	FOXP4	c28
0.0367718190133215	0.801332009737201	0.047	0.023	1	FSD1L	c28
7.63632603314695e-10	-0.801294344054972	0.788	0.753	2.79497169139211e-05	YBX1	c28
0.0144466062747903	0.800838143762011	0.153	0.101	1	STK24	c28
0.295595032887468	0.800334853928139	0.118	0.097	1	SUPT7L	c28
3.31491213272875e-05	0.800275333647391	0.218	0.119	1	DDX42	c28
0.0425809334843939	0.800067037544279	0.047	0.024	1	PALB2	c28
0.0193866569706881	0.800045641862163	0.018	0.005	1	CXorf65	c28
0.00165327740756282	-0.799950862950166	0.329	0.444	1	RBM8A	c28
0.631393532958246	0.799731793887053	0.006	0.01	1	AC007611.1	c28
0.00527935319697426	-0.799662242491597	0.3	0.397	1	BANF1	c28
0.000266292726282843	-0.79940637528619	0.441	0.518	1	BLOC1S1	c28
0.381303078437142	0.799010913989459	0.176	0.165	1	HSDL2	c28
4.67002152823469e-05	0.798999308337406	0.276	0.172	1	PBRM1	c28
0.00621290773784023	0.79898582840564	0.1	0.053	1	TTC28-AS1	c28
0.0956770681369104	0.798900599596787	0.2	0.167	1	P2RX4	c28
0.686013007400321	-0.798509768828294	0.018	0.022	1	ZNF34	c28
0.00951712535168349	-0.798479769191716	0.259	0.353	1	DCXR	c28
0.137462873527022	0.798419358228033	0.059	0.038	1	STRADB	c28
0.000953559632090624	0.79834813758043	0.124	0.062	1	BEX3	c28
0.646107998317827	-0.798190361661526	0.024	0.029	1	TNFAIP8L1	c28
0.110981254676448	0.798087378002233	0.094	0.066	1	ZNF195	c28
0.000430837836065661	0.798073598249587	0.129	0.063	1	PIBF1	c28
0.00159069171055273	0.79806134912736	0.312	0.231	1	TSPAN14	c28
0.281651252308839	0.797898733977819	0.035	0.023	1	NCDN	c28
0.139510740335289	-0.797860827743095	0.035	0.064	1	ACAD9	c28
5.83686986176197e-06	0.797794098836898	0.182	0.086	0.21363527381035	LCOR	c28
0.538037604573267	-0.797775816642939	0.024	0.032	1	POLR3F	c28
6.64362104500888e-05	0.797571812433004	0.194	0.105	1	IREB2	c28
0.0618847521487346	0.797281703862346	0.076	0.047	1	ZNF836	c28
0.249003146307423	0.796886905820991	0.012	0.005	1	NOMO3	c28
1.54129462713409e-06	0.796711952428719	0.194	0.09	0.0564129246477348	ZNF721	c28
0.625903630814281	0.796700566361467	0.006	0.01	1	AC018755.4	c28
0.396514920031141	0.796566423655376	0.018	0.011	1	PPP2R3B	c28
0.0929330774434689	-0.79642386390614	0.035	0.069	1	C11orf49	c28
0.00130395721275916	-0.796314606220544	0.182	0.309	1	NUTF2	c28
0.00055735310007929	-0.796239689553377	0.194	0.329	1	MPC2	c28
0.984271892080215	-0.796065577279395	0.035	0.035	1	WARS2	c28
0.25936644938344	0.795920502456307	0.082	0.063	1	HDAC6	c28
0.852030488968584	0.795901938610627	0.024	0.022	1	CCNB1	c28
0.0012292217951695	0.795616506467815	0.082	0.036	1	AC073111.4	c28
0.0951186989781646	0.79529515349279	0.124	0.091	1	EIF3B	c28
0.24302512481319	-0.795278826139771	0.006	0.018	1	CA11	c28
0.511671761906621	0.794795911133703	0.065	0.054	1	DLAT	c28
0.0291985165920125	0.794757217862898	0.024	0.008	1	WNT7A	c28
0.19105109745893	-0.794649681675598	0.059	0.089	1	EIF2B4	c28
0.213354597621688	0.794335531842681	0.171	0.147	1	EXOC5	c28
0.643156890805522	0.794027069862189	0.029	0.024	1	NIPAL2	c28
4.81501522199875e-10	-0.793743401645711	0.753	0.75	1.76234372140376e-05	CLIC1	c28
2.13386576075966e-06	0.793584461380209	0.159	0.068	0.0781016207095642	DMTF1	c28
0.241223166682656	-0.793084884016338	0.041	0.064	1	CMSS1	c28
0.0406784620259701	0.793056858419831	0.035	0.016	1	AC127521.1	c28
0.0092580978447607	-0.793024111721337	0.076	0.152	1	PFDN4	c28
0.358197335889551	0.792816142973261	0.024	0.015	1	AL450326.1	c28
0.435198419037765	0.792729031876373	0.018	0.011	1	TIGD7	c28
0.00710640106317534	-0.792497954873853	0.124	0.217	1	WBP1	c28
0.571789009205735	0.792446458621749	0.035	0.028	1	PPM1F	c28
0.0311794114812647	-0.792420312993425	0.094	0.158	1	TRMT10C	c28
0.0116257189297578	0.79237102591145	0.088	0.048	1	ABCD3	c28
0.000764749696141256	-0.792330402460652	0.235	0.364	1	EIF6	c28
0.000393003138662705	0.791895259381204	0.118	0.056	1	RXRB	c28
0.0105663910438826	-0.791694150989518	0.224	0.305	1	VAT1	c28
0.00465286357254184	0.791568155992113	0.129	0.075	1	SLC25A32	c28
0.183274497779021	0.791542508733732	0.029	0.053	1	DDO	c28
0.00401218702919922	-0.791256746949458	0.388	0.49	1	CKLF	c28
0.000386883701577324	0.79115261554988	0.059	0.02	1	TMEM156	c28
0.844312989747092	-0.790515121491864	0.012	0.013	1	FAM216A	c28
0.10129957280776	0.790481192663493	0.018	0.007	1	AC022210.2	c28
0.129605342710596	0.790024044265306	0.053	0.033	1	FO393401.1	c28
0.209655409392411	0.790013097869814	0.029	0.017	1	PLCXD1	c28
0.4106376140448	0.789869390071148	0.053	0.041	1	NOP9	c28
0.40084390330286	-0.789781514765782	0.029	0.043	1	C5orf22	c28
0.07744510451837	0.789430669771563	0.171	0.133	1	MAN2A1	c28
0.755327563229845	0.789164310404274	0.082	0.079	1	UPF1	c28
0.00273537241407385	-0.788813965132837	0.382	0.449	1	CHCHD10	c28
0.00464307352089168	-0.78871280008139	0.147	0.248	1	ADIPOR1	c28
0.00272093228647336	-0.788674922224398	0.324	0.416	1	CARD16	c28
0.0113057553929973	0.788388474056594	0.094	0.052	1	CERK	c28
0.00179434313578916	-0.788287143194331	0.494	0.529	1	SELENOW	c28
0.228328602356909	0.787359386422282	0.1	0.078	1	SLC7A8	c28
0.00783164263066185	-0.787322419619122	0.118	0.208	1	SMIM12	c28
0.0596560697412701	0.787027457723461	0.047	0.025	1	GALNT4	c28
0.123858032895009	-0.786997105780251	0.035	0.065	1	DDX28	c28
0.0460236793231818	0.786881938334776	0.212	0.165	1	PTGER4	c28
7.88769318974458e-10	-0.78677109112276	0.753	0.744	2.88697458437841e-05	RNASEK	c28
0.161956786253117	0.786684769276921	0.071	0.049	1	CYB5D2	c28
0.226921054882222	0.786432678660484	0.065	0.046	1	AC020915.2	c28
0.0236797078624555	0.786162391721337	0.076	0.042	1	PIK3R4	c28
0.589395621533702	0.786150796482468	0.006	0.01	1	AL590617.2	c28
0.00151453624452309	0.786074647788454	0.359	0.279	1	ACTN1	c28
0.779869716690701	0.786064311534165	0.129	0.131	1	LYN	c28
0.673966542930408	0.786057138641605	0.047	0.041	1	UTP25	c28
0.137173748250319	-0.785928897277111	0.024	0.049	1	REPIN1	c28
3.80136616146479e-07	-0.785763516323553	0.671	0.67	0.0139133802875773	ELOB	c28
0.00012328526726346	-0.785520520551795	0.429	0.53	1	WDR83OS	c28
0.00643944649543234	-0.785290546676062	0.3	0.388	1	AKR1B1	c28
0.470177977200165	0.785043692044755	0.059	0.048	1	SMARCD2	c28
8.94984436800084e-05	0.78502038721044	0.312	0.208	1	RBMS1	c28
2.916622366925e-06	0.784887241854556	0.212	0.104	0.106751295251822	PSMA3-AS1	c28
0.00128720317800162	0.784870038718056	0.124	0.064	1	INTS3	c28
5.92454477693255e-10	-0.784679715715988	0.847	0.776	2.16844263380508e-05	TAGLN2	c28
0.0086788828601269	-0.784674386536387	0.024	0.079	1	TUBG1	c28
0.164440613748359	0.784640760761403	0.029	0.016	1	SPATA7	c28
0.28084745388223	0.784596493770862	0.176	0.16	1	TMEM33	c28
0.626908834020219	-0.784320974831604	0.018	0.013	1	FXYD2	c28
1.725330528047e-06	0.784203002120667	0.182	0.082	0.0631488226570481	GTF3C1	c28
0.0367069816669039	0.784143432845211	0.035	0.015	1	RNF157	c28
7.50660682166397e-05	0.784108589851636	0.218	0.124	1	TIPARP	c28
0.00109378627093006	0.784056595372283	0.271	0.19	1	IQSEC1	c28
0.0049052539773778	0.784032102398736	0.106	0.057	1	PRKD3	c28
0.0852960332885976	0.784006422631471	0.135	0.101	1	R3HDM2	c28
0.0636167880601147	0.783965442905135	0.094	0.061	1	PDE12	c28
0.202018859804054	-0.783671969404199	0.006	0.019	1	A4GALT	c28
0.000466375966648664	0.783671752619811	0.159	0.086	1	WHAMM	c28
0.529282599700475	0.783545304810776	0.071	0.061	1	VKORC1L1	c28
0.347789497753522	-0.782942991884423	0.053	0.072	1	METTL21A	c28
0.275163632253134	-0.782666079462665	0.9	0.77	1	HLA-DRB1	c28
0.0414135339367291	0.782592080567851	0.024	0.009	1	ZNF619	c28
0.352267906723016	0.782533376250237	0.024	0.015	1	ZNF213	c28
0.995543115064167	-0.782480006071689	0.012	0.012	1	APTR	c28
0.000147716017721553	-0.782236977492397	0.359	0.478	1	PSMB6	c28
0.021032298574628	0.782214205647749	0.024	0.008	1	PLCB1	c28
0.0189810643049047	0.781840626571788	0.035	0.014	1	AC025171.1	c28
0.622601346386423	-0.781821626689437	0.006	0.01	1	AP002495.1	c28
0.00112924554568148	0.781741997960106	0.1	0.047	1	SACS	c28
0.137391980730912	-0.781685034179782	0.041	0.071	1	RUSC1	c28
0.623581982827918	-0.781279873121001	0.012	0.017	1	CYTH3	c28
0.724625190446884	-0.781278342386323	0.029	0.034	1	ZNF567	c28
0.00635357689382951	0.781223486995374	0.147	0.091	1	AP1G1	c28
0.845105943405612	0.781086814037759	0.035	0.033	1	FAM20B	c28
0.000119831115542669	-0.780966988706475	0.165	0.31	1	DDAH2	c28
0.00855204804797932	-0.780543881397443	0.106	0.19	1	JAGN1	c28
0.508168566527327	-0.780474957449528	0.012	0.019	1	CHKB-DT	c28
0.00782068958283413	0.780456102155042	0.188	0.127	1	GAK	c28
5.67355484276402e-05	0.779402697707766	0.182	0.094	1	USP9Y	c28
0.84880567568589	-0.779332855553164	0.012	0.01	1	KRT1	c28
0.0731409716719457	-0.778984782217074	0.012	0.038	1	ALDH6A1	c28
0.0730406581452035	-0.778785295385383	0.071	0.117	1	MTFP1	c28
0.999576524068723	0.778757340739236	0.018	0.018	1	ADGRE3	c28
0.612978748084973	0.778559177308854	0.006	0.01	1	KLHL35	c28
0.0261499192577643	0.778527280159838	0.112	0.071	1	HEATR6	c28
0.000963680206478446	-0.778522398378757	0.318	0.432	1	MICOS13	c28
0.783079696501645	-0.778448277525254	0.018	0.015	1	NEMP2	c28
0.0214625340060552	0.778286060359821	0.065	0.033	1	ASB7	c28
0.924583367294871	0.778244052510048	0.035	0.035	1	CHPT1	c28
0.141689235384374	0.778097416493554	0.047	0.029	1	ZDHHC18	c28
0.152406608965921	0.778064539865015	0.018	0.008	1	SLC25A15	c28
0.061113340264599	-0.777394758867601	0.071	0.119	1	AL133415.1	c28
0.00261864813415319	-0.777393910263254	0.371	0.456	1	RAB5C	c28
0.000229837361434209	-0.77727905634104	0.476	0.557	1	CSNK2B	c28
0.021040531118252	0.776583173580861	0.047	0.021	1	TRBV7-3	c28
0.896757664849658	0.776516147319291	0.076	0.083	1	SNX24	c28
0.85153554634794	-0.776468440244172	0.071	0.066	1	IKBKE	c28
0.000216826858623219	0.775828162990029	0.235	0.146	1	ETNK1	c28
0.346128683261821	-0.775493962190279	0.012	0.022	1	MYPOP	c28
0.0452029103768824	0.775488124883341	0.053	0.028	1	RINT1	c28
0.511100464042462	-0.774994848095314	0.018	0.026	1	CHST7	c28
3.21668199422777e-05	0.774942857028344	0.359	0.243	1	SFPQ	c28
0.0415775952814625	-0.774559337787916	0.047	0.095	1	CCDC43	c28
0.000764137126317846	0.7743736086424	0.112	0.054	1	TASOR2	c28
0.00440564020944088	-0.774369273916674	0.059	0.139	1	SNAPC2	c28
3.63237213361942e-06	0.77425698210932	0.212	0.106	0.132948452462604	ITFG2	c28
0.434430566652408	-0.774213442801748	0.006	0.013	1	LINC01597	c28
0.130880991071055	0.77417176376644	0.029	0.015	1	ZNF765	c28
0.359971265503398	0.774087285548349	0.018	0.03	1	SLC48A1	c28
0.586882623783209	-0.77399068852203	0.018	0.024	1	SCMH1	c28
0.0238103577871856	0.773691360991332	0.106	0.065	1	ZNF274	c28
0.00143105732585968	0.773218627208407	0.082	0.037	1	MYO19	c28
0.00496765623497199	-0.773097967833402	0.318	0.413	1	SNRPG	c28
0.816659511615751	0.772830373278679	0.018	0.016	1	MCM8	c28
0.739474522933049	0.772616791578772	0.012	0.009	1	MXD3	c28
0.49251017343288	-0.772599401055439	0.012	0.019	1	GGACT	c28
0.499935618678224	-0.772514683010537	0.035	0.046	1	UAP1	c28
0.0300152141378107	-0.772355310770699	0.018	0.057	1	NPM3	c28
0.605186819301339	0.772206034733742	0.094	0.087	1	MFSD12	c28
0.0101079086565911	-0.771729428290438	0.241	0.334	1	NDUFS3	c28
0.410058302199431	-0.771704313317211	0.006	0.013	1	ALDH4A1	c28
0.999329894814279	0.77168790527671	0.018	0.018	1	ZKSCAN5	c28
0.000323881087413836	-0.771278274929465	0.359	0.48	1	ISCU	c28
0.264863306877593	-0.771177734221383	0.041	0.063	1	LETM1	c28
3.00470001728014e-05	0.770747351417826	0.382	0.271	1	SNRNP70	c28
0.10868591294075	-0.770633360710778	0.053	0.089	1	MARCH2	c28
0.000567187634981232	-0.770459714104697	0.176	0.298	1	ATP6V1E1	c28
0.932698488306776	0.770386403928938	0.018	0.017	1	POLR3B	c28
0.39590087596725	0.770361651544605	0.053	0.041	1	ZNF414	c28
1.81094024172315e-05	0.770354680522715	0.212	0.113	0.66282223787309	MBTPS1	c28
0.986716284358526	-0.770321940240951	0.1	0.098	1	H1FX	c28
0.52859734178149	0.770301530191973	0.029	0.022	1	RNF103	c28
0.000569426048180668	0.77028351660165	0.159	0.087	1	HPS3	c28
0.0277885488261171	-0.770257303555127	0.147	0.222	1	DNAJC19	c28
0.000527838644203685	-0.770140570993878	0.382	0.48	1	COX7B	c28
0.665401328209695	0.769538034873204	0.041	0.036	1	OCRL	c28
0.278452327446723	0.769282121475516	0.1	0.08	1	TRAPPC8	c28
0.244731634043589	0.769087158405767	0.059	0.042	1	B4GALT5	c28
0.000280258858047894	-0.768998285531985	0.382	0.502	1	DAD1	c28
0.00131854910585507	0.768778473240455	0.118	0.06	1	RFFL	c28
0.000148296537894473	0.768396051529003	0.082	0.031	1	ARRDC3	c28
0.414226135404957	0.768353369744983	0.047	0.065	1	EGR2	c28
0.100803036135757	0.768241243984054	0.2	0.165	1	TENT5A	c28
0.157554117482298	-0.768236837729869	0.012	0.031	1	PRKAR2B	c28
0.00288987280444243	0.768085940998839	0.141	0.08	1	DNAJA3	c28
0.00118067665363865	-0.767846570042712	0.2	0.321	1	VTI1B	c28
7.66958685956968e-05	0.767713783799677	0.235	0.137	1	PCF11	c28
0.00521456608886303	-0.767504687090812	0.171	0.271	1	CAPNS1	c28
0.704350904784576	-0.767501953612274	0.018	0.014	1	MT1G	c28
0.000873689741024075	0.767448412600768	0.212	0.133	1	ECHDC2	c28
0.206699234024932	0.767269030411461	0.106	0.082	1	PHF6	c28
0.000208344325143937	-0.767223303539714	0.688	0.607	1	VAMP8	c28
0.0848161219943608	-0.766919169045444	0.394	0.383	1	CXCL16	c28
0.102405400527078	-0.766899845542486	0.124	0.174	1	NGDN	c28
0.437981797070526	-0.76672647895792	0.053	0.069	1	TPK1	c28
0.316656204602758	0.766622199151649	0.153	0.138	1	GOLIM4	c28
0.0927700603048977	0.766553332229206	0.029	0.014	1	ITIH4	c28
0.212775724638764	-0.766348538691903	0.006	0.019	1	FGFRL1	c28
0.0759356526197244	-0.766345247976746	0.229	0.289	1	FDX1	c28
0.675650960279164	-0.766272323219856	0.012	0.016	1	CD244	c28
0.397855043370205	0.766075843204924	0.012	0.007	1	ZNF850	c28
4.33374513404845e-05	0.766072932291113	0.218	0.12	1	ZC3H18	c28
7.11447770470178e-06	0.766056248336171	0.371	0.252	0.26039699846979	ZNF106	c28
0.0178963569206029	0.765523161761979	0.106	0.064	1	SLC25A37	c28
0.30848476769495	0.765320977894546	0.071	0.054	1	SAMD8	c28
0.253289863066854	-0.765034633035274	0.059	0.084	1	APOL2	c28
0.0135234372794009	-0.764967110212866	0.306	0.377	1	SNX2	c28
0.584872015519637	-0.764916101089157	0.029	0.037	1	PRPF39	c28
0.000788135495160069	-0.764873821128103	0.224	0.362	1	NDUFS6	c28
1.69890476219701e-05	0.764522840811984	0.212	0.112	0.621816132011727	HMGXB3	c28
0.647076067707731	-0.764409271211531	0.106	0.117	1	U2AF1L4	c28
0.626313939228518	0.764292490690518	0.029	0.024	1	LIPT2	c28
0.771029749449259	0.764278128618704	0.029	0.026	1	PPP1R3D	c28
0.0518723032378158	0.763882927934082	0.024	0.009	1	GFI1	c28
0.0653470098898554	0.76381313017058	0.088	0.057	1	THRA	c28
0.00916486372068648	-0.763759664846304	0.688	0.622	1	TUBA1B	c28
0.833596132245375	0.76375024606839	0.012	0.01	1	SENCR	c28
0.0927801940423353	-0.763651064774403	0.082	0.126	1	DALRD3	c28
0.472173470273196	0.763430042779278	0.012	0.02	1	LIPE-AS1	c28
0.503667164957622	-0.763349615212317	0.006	0.011	1	KIAA1324	c28
0.140065618403615	0.76324654024622	0.065	0.043	1	CROT	c28
0.0019513144425512	-0.763194910379528	0.094	0.196	1	CZIB	c28
0.181003296799598	-0.763090450279257	0.124	0.164	1	MRPL9	c28
0.978656025894084	-0.762970175648745	0.018	0.017	1	SGCB	c28
0.124848077528708	-0.762683082787103	0.035	0.065	1	OAZ2	c28
0.00956606705747898	0.762600924886894	0.088	0.047	1	GUF1	c28
0.0232922622031129	0.762264614654325	0.118	0.075	1	ZNF609	c28
0.688644989356524	0.762218559045071	0.018	0.014	1	CCNJ	c28
0.0012426012203915	0.762216198868852	0.118	0.06	1	PHF21A	c28
0.170897885001616	-0.761900540647732	0.047	0.075	1	DHRS12	c28
0.00883966230806394	-0.761749494811054	0.265	0.336	1	TNFSF13	c28
4.00397437115868e-06	0.761394154418303	0.194	0.093	0.146549465958779	RPS6KA5	c28
0.0438058331007408	0.761293127593584	0.106	0.069	1	FOXO3	c28
0.594890674559672	-0.761069837149574	0.018	0.024	1	FBXO45	c28
0.269205778722059	-0.760801586760619	0.012	0.025	1	PSTK	c28
0.429772640910815	0.760748188556696	0.071	0.058	1	MED24	c28
0.217648348221038	0.760690033845028	0.118	0.094	1	MIDN	c28
0.698158437931473	0.760373145456204	0.053	0.048	1	AC083855.2	c28
0.0114730596204478	-0.76015007502209	0.106	0.188	1	REEP3	c28
0.178433542106186	0.759917134003942	0.188	0.164	1	PICALM	c28
0.825982760806238	0.759678554317474	0.012	0.014	1	RAB30	c28
0.027038970269139	0.759500073843194	0.047	0.022	1	ACBD4	c28
0.000283839971831624	-0.759196392478207	0.241	0.381	1	MLF2	c28
0.476435372698268	0.759133161035028	0.035	0.027	1	SLC45A4	c28
0.28635972382852	0.759093796356363	0.012	0.006	1	AL021368.2	c28
0.477105764410405	0.758992233640047	0.029	0.041	1	RARRES1	c28
0.0618707253974543	0.758861868642261	0.065	0.038	1	USP12	c28
7.84476120087382e-06	0.758628561468457	0.2	0.1	0.287126104713183	DELE1	c28
0.177815399654898	-0.758571314330388	0.035	0.02	1	XCL1	c28
0.0598249497659779	0.758474544538171	0.071	0.042	1	SENP2	c28
0.513827013586504	-0.758404711729127	0.006	0.011	1	HTD2	c28
0.0129823068350748	0.758091020478155	0.041	0.017	1	P2RX5	c28
0.2421842985143	0.75788943118443	0.024	0.013	1	C4orf46	c28
0.00065721961686497	0.757761115911674	0.218	0.138	1	NCOR2	c28
0.677575871958242	0.757749763046025	0.018	0.014	1	FRAT1	c28
0.894390407296623	0.757629689208061	0.106	0.11	1	DNAAF4	c28
0.514134997038712	0.757462336346282	0.018	0.012	1	KNL1	c28
0.000639412285492148	-0.757357973296502	0.206	0.34	1	RER1	c28
0.344231368756568	0.757259667265826	0.035	0.024	1	IFT122	c28
0.0110053752810539	0.757193158932099	0.082	0.043	1	BCOR	c28
0.381092545330962	-0.75682712166899	0.059	0.077	1	COG2	c28
0.623813770788826	-0.756786627636609	0.094	0.082	1	PTTG1	c28
0.362630764434988	-0.756785742346871	0.018	0.03	1	CDKN2C	c28
0.00153965888444844	-0.756141058936221	0.2	0.327	1	MRPL43	c28
0.0141564474334835	0.75607560154164	0.135	0.087	1	TLE3	c28
0.260683904138877	0.756044987733746	0.024	0.014	1	LOXL1-AS1	c28
0.38230776191773	-0.755884868301675	0.041	0.029	1	HSH2D	c28
2.09231223632974e-06	0.755797490859689	0.335	0.205	0.0765807201619049	DCP2	c28
0.0138755487729332	-0.755727726860371	0.076	0.147	1	MRPL32	c28
0.0922865977623531	0.755667801107645	0.124	0.09	1	ORAI2	c28
0.130336771943625	0.755267839555875	0.053	0.033	1	DCAKD	c28
0.00879573995896801	0.75512663524954	0.094	0.05	1	RGP1	c28
0.00707652453526624	-0.755034542581348	0.053	0.123	1	DAP	c28
0.111290505809854	0.755007633328426	0.112	0.081	1	BRAT1	c28
0.000424988705342304	-0.754869109006163	0.171	0.306	1	HACD4	c28
0.00135941043539699	0.754682327604729	0.288	0.204	1	STX12	c28
0.200985554377006	0.754621504991507	0.029	0.017	1	AC019163.1	c28
0.0224962867762661	-0.754428308653839	0.382	0.454	1	TBCB	c28
0.0179341207601851	-0.754260112116648	0.353	0.426	1	SEC61G	c28
0.904319880248257	-0.754230990003397	0.059	0.061	1	KLHL20	c28
0.000373980629190983	0.754049475144844	0.171	0.094	1	SLC25A45	c28
0.185662038973947	-0.753861120265912	0	0.01	1	SLAMF9	c28
0.00556094674714714	-0.753628415931655	0.153	0.251	1	PSMC2	c28
0.40456668039264	-0.753553538066147	0.012	0.021	1	ZNF761	c28
0.628924034952792	0.753538086905573	0.159	0.159	1	OSBPL1A	c28
1.77012646675076e-05	-0.753195046906927	0.529	0.59	0.647883988095445	NDUFB2	c28
0.477816095190658	-0.753039881118878	0.006	0.012	1	GPSM2	c28
0.00242601270838521	0.753036966734722	0.224	0.15	1	DNM2	c28
0.0203573748777601	0.752813649602684	0.076	0.041	1	PER1	c28
0.00527661726237114	0.752592193806388	0.047	0.018	1	NBPF3	c28
0.165421292533604	0.752415395894428	0.082	0.059	1	LIMK2	c28
8.69990696098527e-05	0.752356934841982	0.276	0.174	1	ERCC5	c28
0.453289924217028	0.752309384751886	0.024	0.016	1	NIPA1	c28
1.71582972708064e-07	-0.752226699004297	0.671	0.676	0.00628010838408786	NME2	c28
0.0242600835592233	-0.752022081133535	0.071	0.132	1	SNRNP27	c28
0.59580066801929	-0.751934802699743	0.018	0.024	1	ACTR5	c28
0.322938558664019	0.751722556293539	0.035	0.024	1	ARMC5	c28
0.311662783640359	0.751501025719268	0.024	0.014	1	COX10-AS1	c28
0.0197737992395113	0.75143434135087	0.082	0.046	1	CEP120	c28
0.834541689460713	-0.751346794990572	0.018	0.02	1	RTEL1	c28
0.0452696475756811	0.751015266198636	0.065	0.036	1	ALG11	c28
0.50367774458682	0.750853827759863	0.012	0.007	1	CCDC30	c28
0.389514300597891	0.750561228986367	0.029	0.044	1	SSPN	c28
0.60511851142637	0.749884112810734	0.088	0.081	1	RAB22A	c28
0.000560478128760741	-0.749714517190542	0.224	0.354	1	GNG10	c28
0.124434061837838	-0.7494271910735	0.071	0.108	1	DMAP1	c28
0.0961920348949363	-0.748995074343407	0.047	0.083	1	SAC3D1	c28
0.412823049745559	0.74886263683318	0.082	0.068	1	PDPR	c28
0.284733431251843	0.748857699156848	0.041	0.028	1	ZNF569	c28
0.110583888390133	0.748409591100009	0.088	0.061	1	AAR2	c28
0.000321714327410602	0.748176113761118	0.271	0.176	1	CDK12	c28
0.000431553703904818	-0.748005399557712	0.3	0.438	1	MRPL41	c28
9.78525802838375e-06	0.747244733041096	0.253	0.142	0.358150229096874	ELMO1	c28
0.0084908437546588	0.747169639397157	0.029	0.01	1	OBSCN	c28
0.0474876494070656	0.747037676595869	0.047	0.024	1	AC004889.1	c28
0.348184851428781	-0.746884271747462	0.006	0.015	1	CDCA8	c28
0.00186231438066654	-0.746758528514663	0.329	0.424	1	MYDGF	c28
0.715489175662277	0.746401819332659	0.094	0.09	1	RNF14	c28
0.201034173018656	0.746381742198484	0.141	0.117	1	GALNT6	c28
0.111542828543469	-0.745941823640743	0.071	0.111	1	NSMCE2	c28
0.0305834853397652	0.745939590626331	0.076	0.043	1	TOP3A	c28
0.000630311301180895	0.74591867596395	0.1	0.045	1	SLC35E2B	c28
0.457618965601393	0.745846303322228	0.024	0.016	1	SETMAR	c28
1.76422605538687e-05	-0.745706935659313	0.541	0.596	0.645724378532148	COX8A	c28
0.000140434660973444	0.745673404646261	0.206	0.117	1	ZNF302	c28
0.0759930511938803	0.745568170776626	0.106	0.073	1	UBE3B	c28
0.276888257211299	0.745186378748867	0.024	0.014	1	SDCBP2-AS1	c28
0.151580456791455	0.745062483675581	0.065	0.043	1	GALNT10	c28
0.221830669040844	0.745050175538392	0.018	0.009	1	AMPD3	c28
0.749295268973505	0.744869970428774	0.018	0.021	1	PTCRA	c28
0.822103824476683	-0.744857942057016	0.053	0.057	1	RNGTT	c28
0.459379279510614	-0.744650327670555	0.018	0.027	1	PARD6A	c28
0.566732125761717	0.744587935484048	0.012	0.008	1	AC100861.1	c28
0.0119315317022883	-0.744288160847775	0.129	0.217	1	LAGE3	c28
0.106130789840695	-0.744167652397122	0.082	0.126	1	TMEM175	c28
0.0476015097535428	-0.744062324641314	0.082	0.137	1	PAM16	c28
0.000178876900772192	-0.743869619842319	0.459	0.547	1	NEDD8	c28
0.017560118454271	0.743851332659275	0.276	0.221	1	COPA	c28
0.0175010950152376	0.743806591511972	0.182	0.128	1	ASCC2	c28
0.00397107093243288	-0.743758417790824	0.247	0.355	1	TMEM147	c28
0.451593798147265	0.743724432691086	0.141	0.13	1	MAP3K11	c28
0.0410373325306738	0.743565210410703	0.176	0.133	1	SKI	c28
0.126603004444864	0.743340752538064	0.147	0.117	1	PDE4A	c28
0.0370199539530417	0.743035424824344	0.071	0.04	1	CHD1L	c28
0.000341685652282424	0.742814114560252	0.259	0.168	1	TRIP11	c28
0.0118952989317451	-0.74246290668362	0.082	0.158	1	PSMD10	c28
0.0074836491030969	0.742320005998613	0.206	0.143	1	RNASEH1	c28
0.0281994752475647	0.742299135961412	0.129	0.085	1	UHRF1BP1L	c28
0.0199639310963459	0.74168727309195	0.088	0.05	1	COQ7	c28
0.0437075703067176	-0.74144285806882	0.053	0.102	1	DYRK4	c28
0.312709711619423	0.741426405584777	0.076	0.06	1	HSPBAP1	c28
0.448124143237444	-0.741292380654031	0.047	0.036	1	FUT8	c28
0.0114293385920266	0.741252239718077	0.106	0.061	1	GOLGA1	c28
0.000693389264055997	-0.740907615793395	0.212	0.339	1	ATG3	c28
0.0117805105941873	-0.740878984127959	0.271	0.351	1	SNX10	c28
0.000908938938897842	0.740631538832099	0.224	0.142	1	TASOR	c28
0.00160506214492045	0.740504837928456	0.135	0.074	1	SETDB1	c28
0.0179907997484528	-0.739960629893536	0.041	0.096	1	TIMM10B	c28
0.237876869991418	0.739896395753911	0.094	0.074	1	RMND1	c28
0.983265556755355	0.739683317777797	0.018	0.018	1	VAV3	c28
0.0141226350508433	-0.739607162716822	0.247	0.344	1	AIP	c28
0.0961979266241044	-0.73946423516155	0.094	0.141	1	ABT1	c28
0.0313225724462524	0.738839603412525	0.135	0.092	1	ELMSAN1	c28
0.384154941737046	0.738444182639739	0.029	0.02	1	CRIM1	c28
0.155506002268377	-0.738314873824145	0.047	0.028	1	CHRM3-AS2	c28
0.396194689221454	0.738312869680402	0.082	0.069	1	PTPN23	c28
0.00108549614756901	0.73825863746849	0.259	0.177	1	TRIM44	c28
0.00584795989929008	0.738223121018811	0.276	0.208	1	NAMPT	c28
0.774619597094361	0.738209242642366	0.041	0.047	1	TNFRSF10B	c28
0.0109691509626738	0.737691312174444	0.182	0.126	1	OXR1	c28
0.00470299250438616	-0.737680546801527	0.159	0.264	1	SMS	c28
0.00747129442507176	-0.737567137310773	0.276	0.381	1	GADD45GIP1	c28
0.379466337885587	0.737476971239877	0.018	0.011	1	NRL	c28
0.0228829216323863	-0.737326930270972	0.341	0.424	1	FKBP8	c28
0.00151034159309293	-0.737130202630879	0.076	0.175	1	GLRX2	c28
8.65825387139216e-06	0.737078761383719	0.276	0.159	0.316900749946824	C19orf25	c28
2.09926301457392e-05	0.736961614200018	0.076	0.025	0.768351255964201	ZBTB37	c28
0.352113065862628	0.736878314254723	0.012	0.006	1	AL592295.5	c28
0.40375526515383	0.736621345521207	0.047	0.036	1	TMEM68	c28
0.00251875461804206	-0.736499617054577	0.259	0.379	1	DSTN	c28
0.982347270609651	0.736472177041278	0.076	0.081	1	WDR41	c28
0.156447192570305	0.736470364026726	0.041	0.025	1	HLCS	c28
0.0622141774634583	0.736408540118833	0.106	0.071	1	PGS1	c28
0.107023047707612	0.73635282279683	0.094	0.066	1	ZNF438	c28
0.0200975276310901	-0.736297654710414	0.041	0.096	1	FADD	c28
0.00665871555900955	-0.736139496219103	0.082	0.164	1	MRPL15	c28
0.00208691620720929	-0.735530594940271	0.547	0.549	1	HSPB1	c28
0.425152906917951	0.735367066356059	0.006	0.013	1	LINC01857	c28
0.68661010945344	0.735217423073272	0.012	0.009	1	PDGFB	c28
2.04504379640842e-05	0.735115909805481	0.124	0.051	0.748506479923445	KDM6A	c28
0.0273636688278705	-0.734947291905043	0.276	0.353	1	C1orf43	c28
0.431840751967118	-0.734889069801201	0.394	0.363	1	NUPR1	c28
0.271475741894591	0.734776993968983	0.035	0.023	1	SLC36A1	c28
0.382620847991151	0.734444827037161	0.071	0.057	1	ASB1	c28
0.00807732108594123	-0.734348107687668	0.282	0.359	1	ATOX1	c28
0.0864086847654669	0.734342501406338	0.018	0.007	1	HSPA1L	c28
0.791464856283001	-0.733998488234282	0.018	0.015	1	ZNF540	c28
0.372849902329586	0.733718113464953	0.1	0.085	1	MTIF2	c28
0.0696501679581244	0.733661992808836	0.071	0.043	1	ATRN	c28
0.244270185796088	0.733594834951524	0.065	0.047	1	CLUAP1	c28
0.158162630391052	0.733540302344753	0.018	0.008	1	ZNF784	c28
0.484404875544826	0.733275149372003	0.047	0.038	1	CIPC	c28
0.018151452964914	-0.732835304744918	0.176	0.259	1	WASHC3	c28
0.23402380617934	0.732822396512775	0.112	0.089	1	WDR26	c28
0.79063964606158	-0.732764840284831	0.041	0.045	1	TRAF1	c28
0.0285812088859742	-0.731887458354233	0.065	0.123	1	STK16	c28
0.0252470534557098	-0.731779707660513	0.188	0.269	1	SNX5	c28
0.00917506881343526	0.731700450132448	0.035	0.013	1	YES1	c28
0.77859040976482	-0.731635343802455	0.029	0.033	1	AC004865.2	c28
0.00183556218067591	0.731278339634896	0.112	0.057	1	HEXD	c28
0.0059895290437583	-0.731103059677267	0.294	0.404	1	PSMC5	c28
0.0124197158377067	-0.731069735901184	0.247	0.323	1	RNF130	c28
0.468687095870155	0.73103876013971	0.012	0.007	1	THNSL1	c28
0.0166437728515996	0.730944825570014	0.124	0.076	1	NUP160	c28
0.0217786365486935	0.730572470570449	0.106	0.064	1	HMGCS1	c28
0.499254984991126	0.730208209730415	0.029	0.041	1	IL17RC	c28
0.0614387306428549	0.730091259177682	0.012	0.003	1	DLG5	c28
0.00193228609648739	0.729949858434634	0.112	0.057	1	PHF12	c28
0.0196086715643159	0.729891857918465	0.059	0.029	1	PLAGL2	c28
0.0288745368188242	0.729766422047838	0.065	0.035	1	CPLANE1	c28
0.00197968364069171	0.729735509433412	0.147	0.084	1	GTF2H1	c28
0.38259438738391	0.729699095577943	0.1	0.086	1	ABCB8	c28
0.181725470215651	0.729622815824542	0.065	0.044	1	RIN2	c28
0.035362601874279	0.729588872604276	0.029	0.012	1	ZNF615	c28
0.0344019805522857	0.72951990067076	0.024	0.009	1	HECTD2	c28
0.116866672226595	0.729406657405965	0.153	0.121	1	SNX14	c28
0.530035278266284	0.729396904213566	0.059	0.05	1	PPM1D	c28
0.00952741852616199	0.729313744184082	0.294	0.234	1	OGFR	c28
0.0218436475242259	-0.7291833848105	0.059	0.117	1	SLC25A20	c28
0.0202530280775462	-0.72906603996801	0.2	0.286	1	CLTB	c28
0.00278609883384303	-0.728823084810016	0.141	0.25	1	MRPL18	c28
0.0540553625956504	-0.728799319699422	0.071	0.121	1	SCOC	c28
0.0168102467894658	-0.72863056029064	0.082	0.151	1	MTHFD2	c28
0.236589954251969	0.72836797471318	0.124	0.101	1	DAPP1	c28
0.44472956323204	-0.727803780542478	0.024	0.034	1	ZNF85	c28
0.0678424684389541	0.727798698356064	0.182	0.144	1	CORO2A	c28
0.328595068157558	0.727769038442944	0.012	0.023	1	NPW	c28
0.00129363218078442	-0.727668262337673	0.376	0.471	1	NDUFC2	c28
0.761051192125213	0.727645560477876	0.053	0.061	1	BAIAP2	c28
0.840985163064932	-0.727537477446977	0.029	0.027	1	PALM2-AKAP2	c28
0.495767965950425	0.727534205554131	0.041	0.032	1	PPP2R5B	c28
0.0601391977487802	0.72750854846059	0.088	0.056	1	ARL13B	c28
0.0340348417922874	0.72707358565833	0.118	0.077	1	EXOC6	c28
0.235720735757885	0.72704763971575	0.053	0.037	1	VPS9D1	c28
0.327966699238173	0.726946099570477	0.024	0.015	1	AC242426.2	c28
0.236719499861917	0.726438020665986	0.024	0.013	1	A2M-AS1	c28
0.00755734091309337	-0.726245982593789	0.135	0.227	1	LYSMD2	c28
0.00343065192006668	0.726115656747416	0.188	0.121	1	ADCY7	c28
0.0118705859036812	-0.726077748376912	0.171	0.264	1	NAXE	c28
0.933123107089034	-0.725961251479752	0.041	0.04	1	TRMT2B	c28
0.0459597267037393	-0.725873543981822	0.165	0.236	1	NELFE	c28
0.00631257559623392	-0.725869903778471	0.129	0.225	1	CYSTM1	c28
0.0159740022539276	0.725539621938777	0.047	0.021	1	AGFG2	c28
0.175021603155176	-0.725535873855211	0.012	0.03	1	BAG2	c28
0.0123902319379121	0.725453230214442	0.124	0.075	1	NXF1	c28
0.000597346574867687	-0.725356222282056	0.465	0.54	1	BRK1	c28
0.000656722831605457	0.725145119951569	0.124	0.061	1	BANP	c28
0.0726353814288743	0.725097753230349	0.118	0.083	1	YTHDF3	c28
0.939968069900794	-0.72502500594915	0.024	0.024	1	IL21R	c28
0.194000602270475	0.72500969863961	0.047	0.03	1	ABHD4	c28
0.243867759807059	-0.72493109833372	0.071	0.098	1	TMEM222	c28
0.456342421536165	0.724800935419145	0.088	0.076	1	VARS	c28
0.432823840414238	0.72479762485159	0.041	0.031	1	CCDC7	c28
0.445175940128552	0.724796163872758	0.029	0.021	1	NUDT7	c28
0.328008942977369	-0.724764180640813	0.018	0.01	1	CDHR3	c28
0.00415051856720812	0.724507014359348	0.141	0.082	1	ICE2	c28
0.165904209312559	-0.724293105385702	0.035	0.062	1	UTP4	c28
0.382969229243284	-0.724285257220031	0.018	0.029	1	LINC00426	c28
0.754012003700107	0.724254132792843	0.029	0.026	1	ANKRD42	c28
0.516963270888183	0.724166135092976	0.065	0.081	1	FES	c28
0.230734589796568	0.724144998491152	0.076	0.057	1	GLE1	c28
0.736911127384681	0.72409483488795	0.059	0.067	1	CTNNBIP1	c28
0.21717627052044	0.72404976212075	0.012	0.028	1	MRGBP	c28
0.101210464209581	0.723648971735685	0.188	0.155	1	RNF168	c28
0.000807645079671126	0.723373182807166	0.106	0.05	1	ANKRD26	c28
0.000340753159728144	0.723161400289746	0.235	0.146	1	DTX3L	c28
0.224367803896697	0.723052322165631	0.012	0.005	1	AC104162.2	c28
1.5999430135961e-05	0.723016783448955	0.265	0.154	0.585595142406309	PTK2B	c28
0.312360638197263	0.722935773851744	0.029	0.019	1	ZNF211	c28
0.00609287238093869	0.722695559285158	0.153	0.094	1	NPRL3	c28
0.191060099152612	-0.722179099048743	0.006	0.02	1	COL9A2	c28
0.0435316495647626	0.721940672944187	0.106	0.069	1	ZBTB24	c28
0.00230212744110844	0.721881063192493	0.147	0.085	1	ARHGEF18	c28
0.34701025810202	-0.721880679162004	0.006	0.015	1	CD180	c28
0.171449166334115	0.721780249691603	0.053	0.034	1	TICAM2	c28
0.0159918925810076	0.721656183879242	0.106	0.063	1	USP24	c28
0.512776327382676	0.72157714391797	0.035	0.027	1	ZNF669	c28
0.00174396749098866	-0.721494378736028	0.159	0.277	1	PNP	c28
0.965779829774383	0.721313243689368	0.041	0.042	1	PDGFC	c28
0.0122699625614629	-0.721189711366912	0.176	0.271	1	SNRPE	c28
0.218054636795858	0.720896324750014	0.088	0.067	1	MRM3	c28
0.000334529358686259	-0.720893815665877	0.071	0.18	1	TNNI2	c28
0.00129929844581751	0.720884735210281	0.124	0.065	1	PPP4R1	c28
0.00106816980817811	0.720857382934795	0.124	0.063	1	SLC7A6	c28
0.998122370263618	0.720628090987637	0.012	0.012	1	PGAM5	c28
0.0544252184535754	0.720625894717456	0.041	0.02	1	KCTD2	c28
0.0419956122802	0.720567176515792	0.276	0.23	1	RPS6KA1	c28
0.00554862438711785	-0.720536964683077	0.059	0.136	1	SNRNP25	c28
0.0518240227041748	-0.720403745581503	0.053	0.099	1	EXOSC3	c28
0.000596884626404133	0.720221647425787	0.194	0.115	1	DPP8	c28
0.381889491304278	0.71981444353147	0.035	0.025	1	DGKQ	c28
0.0369646135273306	0.719786281112424	0.147	0.104	1	VPS37A	c28
0.000291978345356396	0.719767428954059	0.141	0.071	1	ERCC6L2	c28
0.193898032733841	0.719689988408122	0.147	0.122	1	PYGL	c28
0.915460984088387	-0.719625181901012	0.024	0.025	1	PRSS23	c28
0.130948430029766	-0.719338145136659	0.118	0.166	1	PMVK	c28
0.00487481066449656	-0.719239508583104	0.212	0.327	1	RAB11B	c28
0.0687238727380598	0.719212146021534	0.035	0.017	1	AP000873.2	c28
0.548549334086611	-0.719041704383677	0.059	0.071	1	MTFR1L	c28
0.112429338663128	-0.718953437792444	0.029	0.059	1	ABHD11	c28
0.000518943550582826	-0.718417218415147	0.541	0.566	1	SLC25A5	c28
0.0330556325113152	0.718329384373334	0.176	0.129	1	STAT5A	c28
0.0569416769500237	0.718312543829326	0.024	0.009	1	GALNT3	c28
0.984973653783283	0.718245566932789	0.059	0.06	1	TLCD2	c28
0.185395480440265	-0.718168481233329	0.059	0.089	1	INO80C	c28
0.26202155860575	0.718140387130062	0.088	0.069	1	MBD6	c28
0.0258449154747032	0.718120117286434	0.2	0.15	1	CCDC50	c28
0.436694027488266	-0.718060481362577	0.012	0.02	1	ZNF254	c28
0.0137921686157012	0.7174834593139	0.112	0.067	1	ACSF3	c28
0.372039846101329	-0.717429172044517	0.076	0.098	1	NPRL2	c28
0.0034906564935901	0.717405292699901	0.206	0.136	1	CUL4A	c28
0.0387178102845878	0.717358143051282	0.047	0.023	1	NUBPL	c28
0.0615938471540376	-0.717250163250391	0.218	0.287	1	RPL22L1	c28
0.705667222155572	0.717184394101708	0.047	0.042	1	CEBPD	c28
0.0011409661851137	0.717182108140438	0.153	0.084	1	CCNT1	c28
0.0185313573763907	0.717024999415881	0.153	0.105	1	KLHL18	c28
0.710409669039498	0.716964092066483	0.012	0.015	1	AC018529.2	c28
8.84864949444864e-06	0.716925814696811	0.271	0.157	0.323869420146315	IWS1	c28
0.834849461749136	0.716846588840836	0.035	0.039	1	C19orf38	c28
0.000591181829085216	0.716516731109204	0.129	0.065	1	COPS7B	c28
0.477388548335378	-0.716401257624256	0.006	0.012	1	ESR1	c28
0.623296542000188	0.716279831467402	0.012	0.017	1	PIGZ	c28
0.0492505640610031	0.716124961736651	0.029	0.013	1	ZNF483	c28
0.164076654748326	-0.715879007117057	0.024	0.046	1	PGAP2	c28
0.102518100678526	-0.715857035970686	0.118	0.167	1	KANSL1-AS1	c28
9.40660493675501e-05	0.715831661536333	0.141	0.067	1	AKAP17A	c28
0.852318721807441	0.715789658340133	0.088	0.088	1	TMEM38B	c28
0.544391078977757	0.715718820755465	0.006	0.011	1	AC022509.2	c28
0.000174656532788417	0.715626388576297	0.024	0.004	1	PTGDS	c28
0.438649678821391	0.715523873233357	0.071	0.058	1	SOCS4	c28
0.0584330774462477	0.715334876494448	0.141	0.101	1	MTMR6	c28
0.0382802745860751	0.714942334194042	0.076	0.044	1	ZNF138	c28
0.340084263623775	0.714899871206981	0.047	0.034	1	WDR53	c28
0.000824292658124164	0.714431123400499	0.318	0.229	1	FGR	c28
2.85137992159715e-05	-0.714347088036144	0.571	0.617	1	COX7A2	c28
0.0241584183217334	-0.714077761886037	0.076	0.139	1	MFSD5	c28
0.000828203989282503	0.713976130808054	0.188	0.113	1	FBXW11	c28
0.747164582838737	0.713544227898503	0.141	0.14	1	DHRS4L2	c28
0.43568853824684	0.713526091534517	0.065	0.053	1	MTMR10	c28
0.0377318004055417	0.713445673423138	0.029	0.012	1	HS3ST3B1	c28
3.25849797746373e-05	-0.713444554714585	0.594	0.617	1	NDUFA4	c28
0.000325577398995985	0.713430912260163	0.235	0.145	1	USP48	c28
0.618592864601416	-0.713383226759005	0.006	0.01	1	ZNF416	c28
0.00590261296674441	0.713253831243809	0.076	0.037	1	RBM15	c28
0.580095900845658	0.713177256470149	0.006	0.01	1	HDAC2-AS2	c28
0.000959938194953304	0.71309983063486	0.212	0.132	1	STIM1	c28
0.00189256404214195	-0.712874095145721	0.488	0.527	1	PRELID1	c28
0.0637157877727615	-0.712750608281885	0.065	0.111	1	CISD1	c28
1.77227986526369e-12	-0.712716768184189	0.818	0.807	6.48672153485163e-08	ATP5F1E	c28
0.0662064647999816	-0.712666666516802	0.053	0.096	1	PMPCA	c28
0.143092249247134	0.712445763245167	0.035	0.02	1	TESK2	c28
0.0100239927100151	0.712356359324531	0.159	0.101	1	NAE1	c28
0.150308833227594	0.712326605129707	0.065	0.043	1	RPARP-AS1	c28
0.00317537408627914	-0.71211160999342	0.124	0.227	1	MRPL16	c28
0.139320141907859	-0.711993574400584	0.141	0.19	1	ACTR10	c28
0.13100206148061	0.711951396448489	0.082	0.057	1	DENND6A	c28
0.704718576936396	-0.711883018327681	0.024	0.028	1	TMEM135	c28
0.469183362707058	0.71186311295264	0.047	0.037	1	PPP2R2D	c28
4.11754813339448e-06	0.711832225921912	0.235	0.121	0.150706379230371	HELZ	c28
0.733658080282659	-0.711735806898055	0.012	0.015	1	TRIM32	c28
0.615362814618695	-0.711716415914242	0.012	0.017	1	GDF15	c28
0.464367917890264	-0.711635404957032	0.006	0.012	1	RFESD	c28
0.0560726045424311	0.711610854652652	0.147	0.108	1	ST6GALNAC6	c28
0.212438795907261	0.711307037437832	0.129	0.105	1	UBE2Z	c28
0.00167930289152876	0.710998328864788	0.076	0.033	1	MARCH8	c28
0.00378294842580773	-0.71089799188307	0.412	0.465	1	LRPAP1	c28
0.636229431519555	0.710892946579434	0.018	0.023	1	JPH4	c28
0.0684960796270766	0.710696920875707	0.153	0.114	1	RABL6	c28
0.777259349184289	-0.710502981179555	0.012	0.01	1	SBK1	c28
0.701045027230312	0.710459585929644	0.024	0.029	1	GTPBP3	c28
0.00585061295942691	0.710324879223655	0.294	0.228	1	STX4	c28
0.410124005460729	0.710321930421406	0.159	0.149	1	PRAM1	c28
0.0319709979260887	0.710298088545473	0.035	0.015	1	HOXB4	c28
0.0410643572393503	-0.70991267095314	0.129	0.197	1	EIF4A3	c28
0.728440529258498	-0.70988519031108	0.012	0.015	1	TRIM62	c28
0.272771996620193	-0.709854879217199	0.024	0.04	1	ATRIP	c28
1.25868479757531e-05	0.709599234971708	0.312	0.194	0.460691222760539	NPEPPS	c28
0.980580094377954	-0.709476444300255	0.024	0.023	1	FXYD1	c28
0.0107483898117111	-0.708964106663024	0.2	0.299	1	FAM162A	c28
0.142038757899294	-0.708848055921526	0.024	0.048	1	HOMEZ	c28
0.527197573826994	-0.708839321179247	0.065	0.053	1	HDAC7	c28
0.0140707237964703	0.708815389490856	0.259	0.203	1	ZNFX1	c28
0.939674720687049	0.70872898449023	0.088	0.091	1	FAM174A	c28
9.63492473762555e-06	0.708705559696185	0.212	0.11	0.352647880321833	ZZEF1	c28
0.0131648267002944	-0.708684828760497	0.129	0.21	1	ABHD14A	c28
0.306278769974316	0.708677809008202	0.012	0.006	1	AC009831.1	c28
0.00349786346728826	-0.708594604021212	0.112	0.212	1	POP4	c28
0.74755623256898	-0.708484814851608	0.029	0.034	1	ABL1	c28
0.037470576537444	-0.70846670695426	0.388	0.429	1	PLIN2	c28
0.00753823722398615	-0.708324566380571	0.2	0.307	1	POLE4	c28
0.00425466679358509	-0.708250581632351	0.194	0.307	1	CYC1	c28
0.330539433802719	0.708201447375108	0.053	0.039	1	ZNF738	c28
0.143412505728346	-0.708090580443653	0.059	0.093	1	RRS1	c28
0.292486581919574	0.707955948484408	0.029	0.047	1	GPR34	c28
0.847495590867651	-0.7078043095602	0.065	0.068	1	PLEKHO1	c28
0.000938209714944932	0.707579250002095	0.112	0.055	1	ZNF397	c28
5.06545298365662e-05	0.707522135760502	0.294	0.186	1	LONP2	c28
0.0103240917836429	-0.707494583526746	0.624	0.423	1	CCL5	c28
0.317573605852547	-0.707365361390308	0.024	0.038	1	TMEM99	c28
0.213290427215525	-0.707012863327071	0.141	0.18	1	XPA	c28
0.747915893461781	0.706738804823614	0.012	0.009	1	GATM	c28
0.136728032167713	-0.706599376859534	0.271	0.329	1	ARPC5L	c28
0.417451543731706	0.706267293307343	0.065	0.052	1	SLC35B4	c28
0.00357398813616365	-0.70623277675855	0.035	0.106	1	PRXL2A	c28
0.456431247135601	0.706220849679109	0.076	0.065	1	TEX2	c28
0.643494921185279	-0.705919134620435	0.024	0.019	1	HIST1H2AG	c28
1.08600496945468e-05	0.705755591129122	0.176	0.084	0.397488678870108	CSNK1G3	c28
0.162975158016443	0.705726716409719	0.024	0.012	1	C3orf18	c28
0.00235017902332364	-0.705709806439018	0.465	0.522	1	TMEM258	c28
0.740315189052791	0.705692463212793	0.059	0.055	1	CXorf21	c28
0.000174821775714987	-0.705587973078878	0.382	0.511	1	POLR2L	c28
0.098937096638002	0.705347006900876	0.053	0.031	1	CEP162	c28
0.179166100909323	0.705219918071712	0.047	0.03	1	CRTC1	c28
0.0574915762796478	0.705059129380033	0.094	0.061	1	SOCS2	c28
0.151227184177337	0.705019128644964	0.041	0.024	1	SLX4IP	c28
0.786109256227207	0.704885310850073	0.071	0.079	1	ITGB5	c28
0.663466012634257	-0.704670784630014	0.018	0.014	1	LMO7	c28
0.0599420962417071	0.704619107530614	0.218	0.174	1	SHTN1	c28
0.047810164483371	0.704489744158845	0.112	0.074	1	SYMPK	c28
0.078389860884338	-0.704428407873137	0.276	0.342	1	SSNA1	c28
0.43544107902214	-0.704092922035616	0.035	0.025	1	CDCA7	c28
0.0984053626695715	0.703954410612798	0.053	0.031	1	PER3	c28
0.0795132534621672	-0.703792222945759	0.006	0.028	1	CDC42EP1	c28
0.104684726418563	0.703544058604288	0.024	0.011	1	STX18-AS1	c28
0.0961269300551613	0.70350358390531	0.118	0.085	1	PRKRIP1	c28
0.000294388684060136	0.703154798082967	0.165	0.089	1	CLPX	c28
0.51005617672066	-0.703117702455673	0.076	0.062	1	ATP2A3	c28
0.112280836956597	-0.702989291397784	0.141	0.194	1	RAB9A	c28
0.0195838751397979	-0.702942863375669	0.235	0.321	1	APH1A	c28
0.0605495845744161	0.702565972728452	0.094	0.061	1	LIG1	c28
0.310473989598832	0.702395899995559	0.071	0.055	1	TMEM234	c28
0.842713621908882	0.702309414051269	0.024	0.022	1	PTGR2	c28
0.000283794609933281	-0.702224235423822	0.141	0.279	1	HTATIP2	c28
0.00241279071109204	0.701942211494643	0.071	0.03	1	ZNF43	c28
0.350788236844361	0.701877853392616	0.082	0.066	1	MFN2	c28
0.0153152716504993	0.701609674920296	0.165	0.112	1	RNF20	c28
0.295945572691074	-0.701480187262714	0.024	0.039	1	CEP89	c28
0.250325021784084	-0.701366537352137	0.024	0.041	1	YAE1	c28
0.426297214844595	0.701318387246336	0.112	0.099	1	PTPRO	c28
0.0258293189043066	-0.701274398546895	0.212	0.297	1	COPZ1	c28
2.60446565032828e-05	0.701205501435401	0.282	0.172	0.953260472676653	ADD1	c28
0.538097166108499	0.701168550896244	0.124	0.114	1	KEAP1	c28
0.360552849158999	0.701134349885238	0.012	0.006	1	ELMO3	c28
2.2459332181177e-05	0.700820692564049	0.235	0.13	0.822034017163261	PHF14	c28
0.264039555398431	0.7006313715588	0.094	0.075	1	VPS11	c28
0.778058066559715	0.700489951786216	0.035	0.032	1	ARID3B	c28
0.120030229741278	0.700415932343315	0.082	0.056	1	PDCD7	c28
3.9369858568345e-06	0.70012396400203	0.341	0.212	0.144097619346	PAG1	c28
0.831436196015243	-0.699921287908033	0.047	0.043	1	DCAF16	c28
0.30616423890195	0.699786486474682	0.035	0.024	1	FBRSL1	c28
0.726501223482615	0.699138230667403	0.012	0.009	1	AL118506.1	c28
0.273782220606694	0.699057081048883	0.065	0.048	1	PRMT9	c28
0.0832545862858885	0.699053360346447	0.235	0.2	1	PRKAR1A	c28
0.0247919698975202	0.698987761075999	0.176	0.126	1	ZBTB1	c28
0.00209127176486376	0.698915439039864	0.253	0.176	1	WASHC4	c28
0.0214862448143226	-0.69883527396796	0.035	0.087	1	HOXB6	c28
0.18194004886277	0.698738474630714	0.035	0.021	1	CLSPN	c28
0.0375763417827378	-0.698671046476846	0.4	0.461	1	EIF5A	c28
0.00381197656972671	-0.698148716120886	0.053	0.132	1	MID1IP1	c28
0.874199304928894	0.697863779652788	0.082	0.082	1	ABCG2	c28
0.567652550344526	0.697801987190797	0.018	0.013	1	ZNF280B	c28
0.617449766686557	-0.697790365999064	0.018	0.024	1	DHX35	c28
0.841717265443598	0.697299371558302	0.018	0.016	1	PRKCA	c28
0.000243091050276233	0.697162915595087	0.294	0.192	1	UPF2	c28
0.0193804542759373	0.696830786487109	0.018	0.005	1	TBCE	c28
0.854852790204273	0.696661544111497	0.029	0.028	1	E2F6	c28
0.712908208517824	-0.696510847784122	0.012	0.015	1	ZFAND4	c28
0.0861581065592071	0.696502372016357	0.129	0.094	1	POLK	c28
0.14601890905613	0.696340529217427	0.012	0.004	1	AC004982.2	c28
0.984963261353375	0.696142706175482	0.059	0.06	1	DCTN5	c28
0.287450598084791	0.69608044521544	0.141	0.122	1	CMIP	c28
0.00103691336792364	0.696031809865845	0.241	0.16	1	TNPO1	c28
0.986183526392523	-0.695820304799097	0.012	0.012	1	AC099063.4	c28
0.00130731320081976	-0.695448484063475	0.529	0.569	1	CIB1	c28
0.00285160760825237	0.695371197059197	0.247	0.173	1	ELF2	c28
0.000115301283238934	0.695345429914308	0.271	0.171	1	PNKP	c28
0.92239895874359	0.69520443185503	0.076	0.082	1	SLC9A1	c28
0.795836264126425	0.695023616294323	0.059	0.066	1	TCAF1	c28
0.187746636236896	0.695014857055427	0.035	0.021	1	TCAF2	c28
1.55705329674672e-06	0.695013299066658	0.271	0.146	0.0569897077142266	RNF19A	c28
0.389217322207994	-0.694925410167813	0.1	0.121	1	CCNG1	c28
0.00486836548419029	-0.694698057089762	0.276	0.393	1	RSL1D1	c28
0.160199892542323	-0.69463368004824	0.076	0.112	1	BRIX1	c28
0.0229021580426669	-0.694615519486292	0.282	0.359	1	PSMA4	c28
3.53984010914896e-06	0.694231354081966	0.076	0.023	0.129561687834961	BACH2	c28
0.136117756577149	0.694230766893654	0.059	0.037	1	TRIM35	c28
0.000130847243051516	0.694163437598711	0.224	0.132	1	GAPVD1	c28
0.0203770503673237	-0.694089349439472	0.1	0.169	1	NTAN1	c28
0.0430639189840873	0.694066568928794	0.218	0.174	1	SOAT1	c28
0.0444176773287635	0.694018966449345	0.165	0.12	1	FAM104A	c28
0.0100128557404916	0.693896207674054	0.059	0.027	1	PCNX2	c28
0.81710078860799	0.693817547990913	0.112	0.113	1	METTL22	c28
0.0701319243090868	-0.693700687170863	0.141	0.2	1	PRNP	c28
0.0108493090980217	0.693617659203566	0.053	0.023	1	TNIP3	c28
0.214931665352876	0.693556527933257	0.018	0.009	1	ZNF48	c28
0.773039739605968	0.693450629379256	0.029	0.026	1	C14orf28	c28
0.674952366387958	-0.693370008904763	0.041	0.048	1	PEX3	c28
0.0668439462054247	-0.693230204371436	0.059	0.103	1	UTP11	c28
0.00871495808098659	0.693139727784487	0.135	0.083	1	RBM14	c28
0.481367385229416	0.693051767902566	0.018	0.012	1	TMEM241	c28
0.0913769355079412	0.692803797470072	0.076	0.049	1	BMI1	c28
0.113409483465693	0.692778690362259	0.047	0.028	1	ABAT	c28
0.121315871197526	0.692440683702604	0.076	0.051	1	THAP12	c28
0.00872279632662873	-0.692318819147409	0.147	0.244	1	CMC2	c28
0.621886670250951	-0.691719061737179	0.006	0.01	1	KIFC1	c28
0.00937025729757255	-0.691713831403047	0.124	0.21	1	UBE2D1	c28
0.00178874407707496	0.691683492413237	0.141	0.079	1	ZCCHC8	c28
0.117638014391693	-0.691299938517847	0.018	0.042	1	HHLA3	c28
0.00130178514887941	-0.69115824223073	0.094	0.203	1	CDK4	c28
0.577544905635625	-0.690977497537854	0.018	0.024	1	LINC01137	c28
0.00314370223148536	0.69089024215514	0.171	0.105	1	TNPO3	c28
0.0393435766076356	-0.6905417765724	0.082	0.141	1	MRPS22	c28
0.296226086889834	0.690301614040926	0.012	0.006	1	FBXL22	c28
0.00857810560021459	-0.690286884896168	0.059	0.13	1	MRPL58	c28
0.686659236105881	0.69015060142882	0.041	0.036	1	CENPH	c28
0.01085406264393	-0.68993966082289	0.065	0.134	1	TUBB2A	c28
0.127716182321123	-0.689914138680955	0.035	0.065	1	PLEKHF2	c28
0.371100106705289	0.689789386569314	0.029	0.02	1	ZNF658	c28
0.000177718461291676	0.689657556290747	0.218	0.127	1	RALGDS	c28
0.915191231561069	0.689609410073016	0.071	0.076	1	APOO	c28
0.145626165241249	0.689563643585831	0.124	0.094	1	LRIF1	c28
0.000233354093180438	-0.689071794099946	0.618	0.621	1	TPI1	c28
0.373665414796277	0.689028118184924	0.047	0.035	1	PFKFB3	c28
0.011042789548403	0.688989643919275	0.176	0.119	1	PLEKHA2	c28
0.0074744887266216	-0.688931242176734	0.147	0.245	1	RHOC	c28
0.535482682446117	-0.688867780037116	0.024	0.017	1	GPR68	c28
0.334017783478933	-0.688788970367715	0.182	0.145	1	PTPRCAP	c28
0.0858569699459814	-0.688549135366616	0.118	0.172	1	ERCC1	c28
0.0023035129701918	0.688348886448906	0.071	0.03	1	GNB1L	c28
4.91265663101953e-05	0.688170185098517	0.212	0.117	1	GLYR1	c28
0.854143044659927	0.688068149890344	0.047	0.045	1	UHRF1BP1	c28
0.000142886527121456	0.687910835921797	0.071	0.025	1	TRAV8-6	c28
0.0027360192459083	-0.687822333561552	0.235	0.351	1	IFI27L2	c28
0.194307747961038	0.687368490551011	0.094	0.071	1	INTS1	c28
3.91943554232963e-06	-0.687286953377092	0.818	0.739	0.143455260284807	ANXA1	c28
0.0156826706671265	-0.687124160225385	0.271	0.36	1	NDUFC1	c28
0.000202001245541001	-0.68706593399939	0.576	0.588	1	GNG5	c28
0.831652048270551	0.686867618473814	0.059	0.056	1	ARMC6	c28
0.425922966752724	0.686836504421061	0.024	0.016	1	SLC25A30	c28
0.589486700132746	-0.686824187213039	0.006	0.01	1	AC245014.3	c28
0.768170527879385	-0.686794660345233	0.047	0.042	1	CYB561D1	c28
0.00328375597183574	0.68677225051786	0.053	0.021	1	ARL5B	c28
0.0645763964487695	-0.686727498587075	0.035	0.073	1	SLC2A9	c28
0.544994417726752	0.686723002716961	0.012	0.008	1	AC046134.2	c28
0.26814578712715	0.686405422917761	0.018	0.009	1	HAR1B	c28
0.489515239917695	-0.686386652222002	0.406	0.408	1	MT2A	c28
0.297409799897822	0.686352828822204	0.159	0.14	1	ATF6	c28
0.829750721908171	0.686331423926191	0.065	0.063	1	TMEM8A	c28
0.0058349577302266	0.686159454164174	0.124	0.071	1	DDX58	c28
0.641181781606627	-0.685791348545288	0.024	0.03	1	ENTPD5	c28
0.89875853017559	0.685193896944276	0.053	0.052	1	MBD3	c28
0.00980755798825209	0.684869852455612	0.129	0.078	1	UBA5	c28
0.268206656996631	0.684734518472334	0.1	0.08	1	BBS2	c28
0.10523978578333	-0.684682771415043	0.053	0.089	1	TRUB2	c28
0.307066965762131	-0.684363200387875	0.029	0.046	1	MTM1	c28
1.61033579098691e-05	0.684236365954065	0.182	0.089	0.589399002859119	SUZ12	c28
0.113325206027951	0.684117581709765	0.124	0.092	1	DTX2	c28
0.513882492758278	0.684059698333108	0.047	0.038	1	B4GALT4	c28
0.000527798649555534	0.683907495632423	0.124	0.061	1	MIGA1	c28
0.183125100032552	0.68368141509208	0.1	0.075	1	PPP1R15B	c28
0.0955492333472762	-0.683645318879101	0.082	0.128	1	MED29	c28
0.000330659888845625	-0.683598889863256	0.218	0.359	1	PFDN2	c28
0.0255987826305999	0.683350079085495	0.118	0.074	1	ZFX	c28
0.00670303196694598	0.68322192886378	0.053	0.022	1	TRBV5-4	c28
0.0161442312687005	-0.683054222867295	0.088	0.162	1	MCUR1	c28
0.23374408796522	0.682502719716252	0.147	0.124	1	HPS5	c28
0.0387062693879736	0.682333506436251	0.076	0.044	1	SETD1B	c28
0.853892266101096	-0.682145662436981	0.047	0.044	1	BBC3	c28
0.419810531671451	0.681992923085895	0.006	0.013	1	ARMC9	c28
0.366784570184628	0.681948319718723	0.029	0.02	1	LILRB5	c28
0.00358526937965149	0.681944895418615	0.106	0.056	1	ZNHIT6	c28
0.000539036948579527	-0.681924141783513	0.076	0.187	1	TAX1BP3	c28
0.913209577312564	-0.681880228612321	0.024	0.022	1	LINC02762	c28
0.258201414130478	0.681821404903383	0.041	0.027	1	C17orf80	c28
0.00384363916109147	0.681810656178806	0.153	0.092	1	PI4KB	c28
0.0677193334513717	-0.681485171498706	0.088	0.14	1	GBA	c28
0.00720173180065071	0.681139426803985	0.288	0.226	1	SEL1L	c28
1.43315214092767e-08	-0.680596540811293	0.753	0.745	0.000524548015100938	RHOA	c28
0.0421114925634667	0.680572678366605	0.124	0.084	1	CCDC159	c28
0.321294474905913	0.680436346322469	0.076	0.06	1	RABGEF1	c28
0.397372287051072	-0.680265599324406	0.012	0.021	1	CCDC85C	c28
0.00511259223739767	-0.680250966084631	0.188	0.293	1	CNIH4	c28
0.619739935330878	0.680095064656322	0.006	0.01	1	TSPYL5	c28
0.641315679816606	0.67989514594343	0.012	0.009	1	SYP	c28
9.62180515885233e-06	0.679859329824062	0.3	0.179	0.352167690619154	XRN1	c28
0.0260953201848094	0.679832709451929	0.094	0.056	1	ATP2B1-AS1	c28
0.0289961199368474	0.679674711674655	0.041	0.019	1	SERAC1	c28
0.00862304237738766	0.679591515516012	0.088	0.046	1	RPTOR	c28
0.00139175626284364	0.679553658942306	0.059	0.022	1	MIAT	c28
0.600811634006309	-0.679447816578506	0.194	0.169	1	TAGAP	c28
0.000714144332286624	-0.67942061112451	0.029	0.115	1	GPX3	c28
0.625392427059148	0.679284262771103	0.006	0.01	1	AC005225.2	c28
0.1135471499555	0.679264804478564	0.047	0.027	1	ZNF468	c28
0.0253247252806264	-0.679129231928921	0.059	0.118	1	DERA	c28
0.75109990201187	-0.678514693269609	0.065	0.058	1	LPAR6	c28
0.121529472272891	0.678452086332777	0.012	0.034	1	ICAM4	c28
0.564219533328484	-0.678367503059489	0.053	0.044	1	ASTE1	c28
1.44062394392761e-05	0.67811230696649	0.312	0.189	0.527282769716945	NUMA1	c28
0.957512129296584	0.678029616289731	0.059	0.062	1	CLPB	c28
0.0180093574213179	0.67798711903828	0.229	0.174	1	RNPEP	c28
0.419864906212065	0.677966707806228	0.035	0.026	1	AC008267.5	c28
0.000459890462562761	0.677473085346216	0.112	0.052	1	TUBGCP3	c28
0.0410159706365645	0.677154376667844	0.047	0.023	1	CHAF1A	c28
0.444122723380879	0.676928854199355	0.076	0.064	1	GTDC1	c28
0.0644487273642727	-0.676797672990405	0.394	0.448	1	RWDD1	c28
0.0258404650562266	0.676673774252483	0.235	0.181	1	TANK	c28
0.0930798096209346	-0.676669100804292	0.035	0.069	1	DUSP28	c28
0.432278943963979	0.67653982707532	0.147	0.135	1	SUMF1	c28
0.0999698830627689	0.676391282869471	0.012	0.004	1	PHLDB2	c28
0.929184727557624	-0.676338095472834	0.153	0.147	1	OFD1	c28
0.00370482923758013	0.676336558821568	0.147	0.087	1	CEP104	c28
0.00196727535698708	-0.676319299924781	0.247	0.367	1	ATP5MC1	c28
0.00989669457699457	-0.675830462967454	0.3	0.403	1	NDUFS8	c28
0.980347727744712	-0.675557310509701	0.047	0.047	1	TNFSF8	c28
0.850308158276604	0.675450477527178	0.047	0.051	1	CHPF2	c28
0.116767145485597	-0.675435609210574	0.029	0.058	1	MGME1	c28
0.000103304655247752	-0.675422013463519	0.647	0.649	1	TMBIM6	c28
0.101082723569183	0.675394078408607	0.029	0.014	1	NDUFA6-DT	c28
0.651575299319495	0.675383275416314	0.012	0.009	1	LEPR	c28
0.00303943356927974	-0.675374957340902	0.071	0.159	1	CPPED1	c28
5.23578718119219e-06	0.675222772022688	0.312	0.188	0.191635046618815	PHYKPL	c28
0.0156321319933486	-0.675181760433475	0.065	0.131	1	MRPS28	c28
0.0189995064490024	0.675123531001038	0.088	0.05	1	PDZD8	c28
1.59579007346592e-06	0.675072186730326	0.153	0.063	0.058407512478926	ATAD2B	c28
0.0419596025004386	-0.675032372494037	0.059	0.11	1	HAUS1	c28
0.00379604325307644	-0.674990434429077	0.406	0.485	1	PSMD8	c28
0.00165333408667369	0.674855620951621	0.141	0.077	1	ZNF430	c28
0.0014631087400597	-0.674788980555403	0.524	0.554	1	DBI	c28
0.130546203816496	0.67453100826419	0.088	0.062	1	SLC25A43	c28
0.44369060137504	-0.674371701751657	0.053	0.068	1	CERS5	c28
0.00197214909049672	0.674213920903124	0.124	0.066	1	SLC35B3	c28
0.196819798233865	-0.674143458769551	0	0.01	1	LURAP1	c28
0.0413737798522671	0.674019390465212	0.206	0.158	1	WBP11	c28
0.00237160436194186	0.67389318329235	0.059	0.023	1	AC087239.1	c28
0.0018225621449581	-0.673890815125181	0.176	0.301	1	PSENEN	c28
0.00102151907324211	0.673790042378327	0.182	0.109	1	MINDY2	c28
0.0270295143800237	0.673709627502312	0.106	0.065	1	UBXN7	c28
0.168632542869953	0.673570800303269	0.035	0.02	1	RTL10	c28
0.850636594918854	0.673546783977923	0.012	0.01	1	HIST1H2AE	c28
0.000570653564224768	0.673515199855463	0.176	0.1	1	NBAS	c28
0.000614648853805092	0.673469799305286	0.1	0.045	1	FAM160B2	c28
0.69430176615403	-0.673348967190241	0.047	0.054	1	POC1B	c28
0.00635639425942314	-0.673330690389224	0.365	0.452	1	PSMA2	c28
0.964417274019828	0.673007037548459	0.024	0.023	1	DPY19L4	c28
0.168350504135893	0.672998998022503	0.024	0.012	1	AP002360.1	c28
0.0138143280488378	0.672938852904017	0.088	0.048	1	POLM	c28
0.000113032814847599	-0.672852542207106	0.2	0.358	1	C18orf32	c28
0.866463525666997	0.672842508934368	0.035	0.034	1	TRIM16	c28
1.16027012670659e-15	-0.672421317374745	0.876	0.862	4.2467046907588e-11	PPIA	c28
0.0447114061400021	-0.672300513173547	0.065	0.117	1	MRPS17	c28
0.394463111225105	0.672246677904761	0.018	0.011	1	ZBTB5	c28
0.245709975258959	0.672245398234546	0.029	0.018	1	PRDM15	c28
0.000867886319575487	0.672079273809456	0.071	0.028	1	FAM117A	c28
0.00285312383808378	0.672014039421338	0.1	0.051	1	ZBTB40	c28
0.866161109460055	0.671835618901137	0.029	0.028	1	MAPK9	c28
0.045408433717644	-0.671287996754134	0.059	0.109	1	LILRB4	c28
0.193329278273421	-0.671250344061628	0.012	0.029	1	GAPT	c28
0.0139672544240402	-0.671224005083434	0.247	0.342	1	OSTC	c28
0.00728185147145624	-0.671092492568833	0.224	0.329	1	HAX1	c28
0.109448547213364	0.670939935405351	0.235	0.202	1	OSTM1	c28
0.934593974525968	0.670884354514891	0.029	0.029	1	SLC25A44	c28
0.00804846013246641	-0.670866223137387	0.2	0.301	1	PSMC3	c28
0.00125433698668105	0.670790644729842	0.059	0.022	1	RFX3	c28
0.320230904270629	-0.670737745613502	0.006	0.015	1	AL078582.1	c28
0.00262425442559791	0.670527528767783	0.147	0.085	1	NCOA3	c28
0.0743558885784965	-0.670489673677102	0.012	0.038	1	MAP3K7CL	c28
0.00160402931600491	0.670297188978906	0.153	0.088	1	TRIM8	c28
0.165825760668056	-0.670269614087403	0.035	0.061	1	TIMM44	c28
0.78383670486781	0.670105646848991	0.018	0.015	1	YPEL4	c28
0.274749467588692	-0.669940974789944	0.106	0.136	1	PAFAH1B3	c28
0.000528167775392806	0.669782899702109	0.135	0.069	1	LINC01184	c28
0.478403558284143	0.669596286198343	0.012	0.007	1	ZNF337-AS1	c28
0.196428133401375	0.669255781117399	0.035	0.021	1	TRAM2	c28
0.0383898700712202	0.669237887383809	0.082	0.048	1	ANTXR2	c28
0.0411431240684335	0.669205690650534	0.1	0.063	1	MTO1	c28
0.216106082936059	-0.669201859049866	0.065	0.094	1	GALNT1	c28
0.00524332837106555	-0.669027329798608	0.141	0.244	1	ANTKMT	c28
0.342606079375666	0.668244074127649	0.094	0.078	1	RPS6KA4	c28
0.259352597951654	-0.667878229123229	0.041	0.063	1	TSR1	c28
0.124296087846529	-0.667689767046993	0.006	0.024	1	TTC8	c28
0.0157472164640211	0.667616329651615	0.024	0.007	1	AC139720.1	c28
0.00996762469143458	-0.667516187471963	0.371	0.445	1	PGLS	c28
0.793889167590004	0.667494050572011	0.082	0.08	1	ETS2	c28
0.37175371994736	-0.667476741840273	0.124	0.151	1	TRNAU1AP	c28
0.0629683735390914	0.667213135115409	0.065	0.038	1	ETV3	c28
8.97375729562995e-05	0.667201234470851	0.135	0.063	1	PMS2	c28
0.0220803117815979	0.667092574798886	0.035	0.014	1	PIK3C2B	c28
0.0585974064211369	0.666898863726956	0.047	0.024	1	PCSK1N	c28
0.0033970355581207	-0.666867876226704	0.165	0.278	1	POLR2F	c28
0.00656416251445545	-0.666803493214147	0.188	0.294	1	UBE2F	c28
0.0265812699144543	-0.666486650869091	0.153	0.232	1	TMEM109	c28
0.0154621149851766	-0.666371005093271	0.053	0.116	1	UBE2D4	c28
0.560922894383607	0.666342658427478	0.065	0.056	1	KHSRP	c28
0.0362213540918137	-0.666324640435692	0.118	0.185	1	POLR3K	c28
0.000793949809804446	-0.665831579351865	0.2	0.333	1	ATP1B3	c28
9.05682674401204e-06	0.665776075476327	0.247	0.133	0.331488915657584	CNST	c28
0.000104545257078894	-0.665732170530366	0.588	0.632	1	NDUFA13	c28
0.0111307435129328	0.66560477042973	0.159	0.104	1	KLF13	c28
0.067099753489148	0.665439242449737	0.082	0.052	1	USP38	c28
0.0100361834273738	0.665207137157378	0.024	0.007	1	ELOVL6	c28
0.542809930326017	-0.665072721823861	0.106	0.122	1	UPF3B	c28
0.00621305443072032	-0.664983237289063	0.118	0.208	1	ZDHHC12	c28
0.045695539638481	-0.664944197651518	0.129	0.198	1	FKBP3	c28
0.189763453203597	0.664829681674364	0.035	0.021	1	MCU	c28
0.512346499466939	0.664781235160399	0.053	0.044	1	IFT88	c28
0.131448188128603	0.664755759628942	0.047	0.028	1	RDH13	c28
0.0218769625480842	0.664680727865957	0.212	0.159	1	AP3D1	c28
0.000730185378780091	0.664675206884582	0.176	0.103	1	ZFP91	c28
0.00334177045104377	0.664654546858669	0.071	0.031	1	HCFC2	c28
0.342411715664559	0.664458934932016	0.018	0.01	1	IRAK1BP1	c28
0.999865348293782	0.664231406526595	0.012	0.012	1	ZNF582-AS1	c28
0.0964344829433464	0.664026554444471	0.106	0.074	1	APOL3	c28
0.836438307055575	0.664017171362438	0.012	0.01	1	DONSON	c28
0.557259553499117	-0.663972642886013	0.041	0.051	1	ICAM1	c28
1.36618884087777e-06	0.663947603203689	0.224	0.108	0.0500038777649671	INPP5D	c28
0.0504915363270415	-0.663707470207477	0.035	0.076	1	PLAU	c28
0.395986995818551	0.663701797240527	0.171	0.158	1	MR1	c28
0.0628338142844945	0.66366779167874	0.035	0.017	1	NAPB	c28
0.00185288996592805	0.663592441231512	0.141	0.079	1	PRPF3	c28
0.721727830374108	0.663395669033604	0.1	0.116	1	SEPTIN10	c28
0.0387082025823059	0.66292507343168	0.259	0.213	1	NCEH1	c28
0.21135844962217	-0.662911782356526	0.171	0.213	1	URM1	c28
0.557705671945233	0.66285312865798	0.029	0.023	1	GPD1L	c28
0.327649700891843	0.662827412461666	0.018	0.01	1	FANCB	c28
0.241003385920567	-0.66275854814067	0.329	0.381	1	CLEC2B	c28
0.0498881376133933	0.662693991682521	0.059	0.032	1	PRUNE1	c28
0.0459658988282523	-0.662585940923839	0.082	0.139	1	TOR1A	c28
0.117115216586674	0.66258085612459	0.112	0.082	1	ZNF322	c28
0.138469423547409	-0.662572201909231	0.035	0.064	1	MAIP1	c28
0.335279606922483	0.66245705065385	0.006	0.015	1	AQP7	c28
0.00228056937758451	-0.662240647319606	0.371	0.463	1	NDUFV2	c28
0.0482055345659398	-0.661990123968971	0.053	0.1	1	IKBIP	c28
0.00146546962122209	0.661911462227943	0.159	0.091	1	EEFSEC	c28
0.0443959588372473	0.66186722512515	0.053	0.028	1	ARSG	c28
0.00564361178051765	-0.661477920918742	0.312	0.404	1	CYB5R3	c28
0.000236077153353795	-0.661293700915011	0.135	0.267	1	DBNDD2	c28
0.0807991693014304	0.66125219689914	0.018	0.007	1	GAN	c28
0.0442958836429635	0.661176680573111	0.076	0.045	1	CBR4	c28
0.20648180013068	0.660861569232829	0.018	0.009	1	NUDT17	c28
0.00982699540275974	0.660803241072765	0.171	0.114	1	PANK2	c28
0.0802089553644305	-0.660356571762173	0.065	0.108	1	SEC23B	c28
0.106528275967414	-0.660277871627139	0.094	0.14	1	ASB8	c28
0.0372215283531276	0.66025947772192	0.1	0.063	1	FBXO11	c28
0.361784511048813	0.660204346281251	0.018	0.011	1	AC002310.1	c28
0.0200806909480431	-0.660027173796787	0.035	0.087	1	SIGLEC9	c28
0.0192408988472246	-0.659821622834088	0.171	0.257	1	NR1H2	c28
0.0223619026725981	-0.659814930250521	0.053	0.111	1	SOWAHD	c28
0.000398215071302846	0.659806814675072	0.1	0.044	1	ZNF236	c28
0.859740180759481	0.659688664834924	0.035	0.034	1	TAF13	c28
0.0182252858085002	-0.659633669368607	0.059	0.119	1	MMGT1	c28
0.0305058559787533	-0.659139783568805	0.029	0.075	1	AP000547.3	c28
0.024589769834981	-0.659033655753071	0.071	0.132	1	MOCS2	c28
0.0460350321354596	-0.659013831828888	0.312	0.381	1	RGS19	c28
0.356380408214785	0.658592820551374	0.035	0.052	1	NACC1	c28
3.36911301343045e-06	0.658520625289453	0.229	0.117	0.123312905404568	NUP107	c28
0.142264875405081	-0.658508471833942	0.006	0.023	1	RBP1	c28
0.359976343244928	0.658356312412253	0.024	0.037	1	C2orf76	c28
0.530306939563644	-0.658327245194798	0.006	0.011	1	IFT140	c28
0.00936568221781795	-0.658241817814217	0.112	0.198	1	NUDCD2	c28
2.65287970451837e-13	-0.65817195624778	0.888	0.876	9.70980500650769e-09	GAPDH	c28
0.426764958710473	-0.657974052589275	0.018	0.011	1	C21orf62-AS1	c28
0.00034434695610213	0.657917795966969	0.106	0.047	1	MAPK8IP3	c28
0.00234995667617311	0.657666449518156	0.059	0.023	1	ZNF649	c28
0.562199312045239	0.657572641196757	0.094	0.085	1	FAM219B	c28
0.0741141666370908	-0.65753456632093	0.288	0.349	1	NDUFB1	c28
0.202496574211634	-0.657395382460664	0.047	0.073	1	MAP7D3	c28
0.201794144853181	0.657386414011278	0.071	0.05	1	AKAP7	c28
0.280713390884788	-0.657170325658611	0.082	0.109	1	SIGMAR1	c28
0.144686556955788	0.657147826842068	0.112	0.084	1	NOA1	c28
0.307286595854525	-0.656932450080937	0.024	0.014	1	C1RL-AS1	c28
0.564130995427894	-0.65682502405598	0.006	0.01	1	BBOF1	c28
0.0754183773370979	0.656795349576219	0.082	0.053	1	SBF1	c28
0.00199109740450203	-0.65677831601777	0.129	0.242	1	TFPT	c28
0.298441766806662	-0.656777764182255	0.012	0.024	1	XXYLT1	c28
0.0449533856507184	0.656625954150057	0.024	0.009	1	ATXN7L2	c28
0.0410160684993802	0.656372733683399	0.088	0.054	1	ANKRD27	c28
6.58161043194068e-09	-0.656017463296065	0.812	0.779	0.000240893523419461	ARPC1B	c28
0.238011956183221	0.655887648583519	0.1	0.079	1	ZHX1	c28
0.0277578426494632	0.655844565315285	0.071	0.038	1	AGO4	c28
0.0579605851969729	-0.655794292449345	0.029	0.067	1	MPEG1	c28
0.00397814791467936	0.655610830259956	0.218	0.146	1	INTS10	c28
0.213659206485016	0.655445487022225	0.059	0.041	1	NFKBID	c28
0.331104010698941	0.655224917100997	0.035	0.024	1	LRRC27	c28
0.0242456081481154	0.655146644822934	0.124	0.08	1	ZBED1	c28
0.00253204643182716	-0.654877647374891	0.482	0.546	1	SEC61B	c28
0.0816952821058392	-0.654807460144258	0.1	0.064	1	RASGRP1	c28
0.740114041176641	0.65472350671357	0.012	0.009	1	CA13	c28
0.757207672627008	0.654562758960219	0.041	0.037	1	LRWD1	c28
0.0767264843337612	0.654351683402523	0.059	0.034	1	ZNF641	c28
0.50553184892469	0.654339204607407	0.118	0.107	1	MED25	c28
0.0147922428810408	-0.654251225849093	0.153	0.241	1	MRPS35	c28
0.144728090763218	-0.654037953541678	0.124	0.17	1	PLPBP	c28
0.368947261540687	0.653953226012574	0.018	0.011	1	ADAM12	c28
0.479969776013963	0.653907320270497	0.012	0.007	1	CEP112	c28
0.513245509287602	0.65389480787998	0.035	0.047	1	RASGRP4	c28
0.433849252290315	0.653540981436704	0.059	0.047	1	NIBAN2	c28
0.00976733100586217	0.653225506720366	0.106	0.06	1	KDM4A	c28
0.0472664198992565	-0.653099972865153	0.035	0.077	1	LMNB2	c28
0.031166536317491	0.653031128722262	0.076	0.043	1	EYA3	c28
0.0313451685753869	-0.653007265951873	0.341	0.409	1	AQP3	c28
0.0046651998223346	0.652926196971498	0.082	0.04	1	SFMBT2	c28
0.00755547164160678	0.652723043373061	0.141	0.086	1	TMX3	c28
0.00342606351560795	-0.65272195330192	0.082	0.172	1	PIGP	c28
0.0135788794338755	0.652719762117038	0.076	0.04	1	PLCL2	c28
0.102021383199628	-0.652662124111951	0.012	0.035	1	TIMM8A	c28
0.00169862390912952	0.652561366120107	0.218	0.14	1	MECP2	c28
0.00843384856688129	0.652380986802447	0.171	0.113	1	NAPG	c28
0.123336552054374	-0.652292407665234	0.188	0.242	1	MRPL38	c28
0.209597321807594	-0.652228590309331	0.035	0.021	1	CD160	c28
0.514869890876413	0.651953985076308	0.035	0.028	1	INKA2	c28
0.316588777692512	0.651673610365807	0.041	0.029	1	TERF2	c28
0.298723872724547	0.651524663805566	0.088	0.07	1	NRROS	c28
0.323158350481958	-0.651333174545708	0.029	0.046	1	USP19	c28
0.000420266304163245	0.651300275584908	0.194	0.113	1	PDK3	c28
0.00208911864217676	0.651070618531794	0.182	0.113	1	GIGYF2	c28
0.252489639451829	-0.651026441553147	0.018	0.034	1	GPR153	c28
0.114491424954963	0.651018284790107	0.018	0.007	1	CPA5	c28
0.0806294023666718	-0.650781427677837	0.194	0.259	1	MRPS12	c28
0.0984466476320208	0.650618176178789	0.012	0.004	1	ZNF154	c28
0.000269644239103805	0.650597218762421	0.171	0.092	1	PPM1B	c28
0.00634525578258607	0.650552558958315	0.094	0.049	1	WDR75	c28
0.0391712544563255	-0.650324736039045	0.088	0.148	1	LGMN	c28
0.31488283649974	0.650286338407004	0.1	0.082	1	EXOC3	c28
0.0772789760218656	0.650265695519486	0.035	0.018	1	ZNF446	c28
0.00977032344686508	-0.650211597090469	0.135	0.225	1	MRPL55	c28
0.0979071051506544	0.650138462516212	0.171	0.135	1	ARMC8	c28
0.0555655671775908	-0.649838495909723	0.176	0.247	1	PTRHD1	c28
0.0593246498561381	-0.64966655387321	0.212	0.281	1	ETFA	c28
0.801262150969389	0.649613141434141	0.012	0.014	1	MRPL53	c28
0.00100198049169281	-0.649454524575062	0.029	0.111	1	CLEC4A	c28
0.243777646731098	-0.649116848507422	0.124	0.092	1	PYHIN1	c28
0.645983066059432	0.649034941608525	0.041	0.035	1	PELI3	c28
0.754135775656137	0.648949443223733	0.118	0.116	1	SH2B3	c28
0.00682086071868734	-0.64890648881229	0.159	0.258	1	AKR7A2	c28
0.00135339712288336	-0.648823818620589	0.106	0.219	1	MTX1	c28
0.108335389969824	-0.648593963158041	0.129	0.182	1	MRPL12	c28
0.28117411243242	-0.648370285297543	0.082	0.11	1	NFKBIB	c28
0.913338531072789	0.648081323050874	0.012	0.013	1	COL6A1	c28
0.481884318229203	0.647831679666433	0.076	0.065	1	OBI1	c28
0.867616928851443	-0.647730395432941	0.053	0.05	1	AGPAT5	c28
0.634531815962725	-0.647674029065543	0.082	0.094	1	UGCG	c28
0.177317511413472	-0.64764948850005	0.006	0.021	1	PDE6G	c28
0.921721837312673	-0.647513228991228	0.012	0.011	1	SLC18B1	c28
0.195789235862313	0.64731189869122	0.053	0.035	1	PRH1	c28
0.0431247446317243	-0.647209555870929	0.047	0.094	1	PELO	c28
0.448277634536262	-0.647180678047252	0.088	0.107	1	FAM98C	c28
0.827559455110895	0.647112886966351	0.041	0.039	1	WRAP53	c28
0.0020955537881025	0.646821149871867	0.135	0.075	1	ECD	c28
0.00320827640849333	-0.646606833060081	0.594	0.594	1	GYPC	c28
0.277127938134063	-0.646521757688738	0.053	0.076	1	PCED1A	c28
0.150603359475037	0.646352331178941	0.035	0.02	1	SLC10A7	c28
0.628487481440016	0.646317374772034	0.006	0.01	1	TNNI1	c28
2.01506765760737e-05	0.646217629700067	0.135	0.058	0.737534913360872	POU2F2	c28
0.0020998068673794	-0.646210341514473	0.318	0.424	1	VDAC2	c28
0.000882815873457362	0.645951383295804	0.071	0.028	1	MIB1	c28
0.403822410057666	0.645693306860513	0.188	0.176	1	UBE2R2	c28
0.0719557302134013	0.645581247116888	0.129	0.093	1	PLA2G12A	c28
0.868162808730326	-0.645480367980334	0.718	0.51	1	ACP5	c28
0.00100466589931678	0.645198247181744	0.188	0.114	1	DTNBP1	c28
0.100301845465529	0.645028371848797	0.165	0.13	1	COMMD10	c28
0.0169516923946992	-0.644873249865479	0.094	0.17	1	ALG5	c28
0.915740680772402	-0.644780359859494	0.112	0.109	1	GMCL1	c28
0.54794652076606	-0.644689280284228	0.012	0.018	1	ADAT3	c28
0.000266233071789441	0.644607245867556	0.371	0.27	1	MCOLN1	c28
0.678379060874554	0.644373643332972	0.047	0.042	1	MFSD13A	c28
0.373176505401899	0.644354995082114	0.018	0.03	1	PMEPA1	c28
0.347399993743735	0.644040281883263	0.029	0.02	1	AL050309.1	c28
0.390987030490533	0.643535675892282	0.012	0.022	1	RDH10	c28
0.571339372588082	0.643365158491021	0.029	0.023	1	PWWP2B	c28
0.588203238155274	0.643123526692154	0.041	0.034	1	SERPINH1	c28
5.42218059869507e-05	0.643107895831969	0.241	0.138	1	TRA2A	c28
0.365501060011181	0.642778523098814	0.135	0.119	1	WDR74	c28
0.00603792447355695	-0.642749594880019	0.488	0.515	1	PSMA6	c28
0.00123596160572458	-0.642685963718189	0.453	0.551	1	SPCS1	c28
0.245665571288817	-0.642445818797672	0.235	0.279	1	PRMT1	c28
0.00259775326339308	0.642429257720026	0.135	0.076	1	DDX19A	c28
0.0170450179728543	0.642414139633471	0.159	0.107	1	ANO6	c28
0.494427308241021	-0.642392206620036	0.024	0.017	1	LRIG1	c28
0.86375868657932	0.642141884377077	0.053	0.057	1	C2orf69	c28
0.937110120517787	0.641955879704622	0.082	0.088	1	SH3TC1	c28
0.800775567856264	0.641847490445043	0.088	0.086	1	CRLS1	c28
0.0265900321357445	-0.64163861881388	0.2	0.276	1	CPVL	c28
0.0723352226686964	-0.641554963380244	0.171	0.234	1	TMED2	c28
0.272245721422606	0.641512841035902	0.082	0.063	1	EML3	c28
0.0886325618974819	-0.64120429696379	0.059	0.1	1	WRAP73	c28
0.0138603933575509	0.641190836906292	0.112	0.066	1	RABGAP1	c28
5.1985985480499e-05	0.64106999706584	0.224	0.123	1	CTDSP1	c28
0.301886804463292	0.640825860885874	0.053	0.038	1	TMEM116	c28
0.542654015123634	-0.640706952482813	0.224	0.245	1	TOX4	c28
0.12725667121943	-0.640621912642294	0.018	0.041	1	ARMC7	c28
0.000760570180462153	-0.640551047438826	0.482	0.552	1	TMEM59	c28
0.996127090540656	0.640400697404923	0.053	0.054	1	BOLA2B	c28
0.295110467572117	0.640190309999896	0.041	0.063	1	GMPR	c28
0.0818048329304431	0.640114848685964	0.1	0.067	1	NUP133	c28
5.40220787905926e-05	0.640108559882347	0.335	0.22	1	ZNF800	c28
0.0235724212150201	-0.639919631406527	0.047	0.021	1	TRBV18	c28
0.128825725195927	0.639909986848602	0.129	0.099	1	TOMM70	c28
0.943522269411687	0.639506103063997	0.018	0.017	1	AC002467.1	c28
0.170053772259122	0.639439238102519	0.253	0.227	1	SORT1	c28
0.00119789642822491	-0.639104568743609	0.1	0.207	1	PLIN3	c28
0.0352934702491839	0.638948425651014	0.135	0.092	1	CBX5	c28
0.0420306909912768	-0.638534859286895	0.318	0.359	1	PDLIM1	c28
0.668398986755583	0.638372920424954	0.059	0.069	1	TMEM69	c28
0.4406353585866	0.638324290204222	0.065	0.053	1	GSK3A	c28
0.7518930858999	-0.638265797603222	0.088	0.081	1	CENPT	c28
0.108584889653174	0.638254129509055	0.182	0.15	1	SNX9	c28
0.00713686393470498	-0.638165954373819	0.059	0.13	1	AKR1C3	c28
0.281045737077252	0.638123270152459	0.029	0.048	1	QPRT	c28
0.868201920549631	0.638087541525782	0.018	0.02	1	TPD52L1	c28
0.198711482704645	-0.638068983164565	0.294	0.32	1	PTMS	c28
0.0851636348804963	-0.637997702590878	0.271	0.339	1	EMD	c28
0.0386388322317079	-0.637923378754536	0.118	0.183	1	TCEAL8	c28
0.00447818424830603	-0.637846887821429	0.188	0.301	1	GET3	c28
0.0150739085967515	0.637527662472817	0.159	0.105	1	N4BP2L1	c28
6.44868588842184e-06	0.637525924936821	0.424	0.283	0.236028352202128	RSBN1L	c28
1.50359662622889e-06	0.637500266854151	0.406	0.27	0.0550331401166036	GOLGA4	c28
0.882709508704698	0.637355404308936	0.024	0.022	1	EGR1	c28
0.122432212034418	-0.637347901922899	0.006	0.024	1	ACRBP	c28
0.00420355834508334	0.637339085761192	0.118	0.065	1	ETFDH	c28
0.118009119586547	0.637016365341942	0.059	0.037	1	AL353807.5	c28
0.709399262353145	0.636880463593044	0.035	0.042	1	TMCO4	c28
0.379547314512815	-0.636621630826162	0.018	0.029	1	ZNF598	c28
0.892196633763321	0.63661542482043	0.047	0.046	1	GATB	c28
0.512573197550418	0.636548949016643	0.041	0.032	1	MAML1	c28
0.207915740008021	-0.63646098577716	0.006	0.019	1	IL17RE	c28
0.0166134308746515	-0.635671363699268	0.088	0.158	1	HLA-DQB2	c28
0.24184273351583	0.635609820988783	0.088	0.067	1	ELP3	c28
0.010615054034963	0.635592198997333	0.141	0.089	1	YPEL2	c28
0.0996211625873511	0.635272507558541	0.159	0.125	1	TBC1D9B	c28
0.50679491802974	-0.635243290731081	0.071	0.086	1	SNAI3	c28
0.423115292435561	0.635092715094356	0.018	0.011	1	NPHP4	c28
0.431077586750388	0.635063546973258	0.024	0.016	1	DLG4	c28
1.39005767117085e-05	-0.634985325546321	0.618	0.657	0.508775008225244	COX6B1	c28
0.401954918444689	-0.634885268943333	0.141	0.168	1	RAB8B	c28
0.103441568217251	0.63486297675318	0.047	0.027	1	PHF7	c28
0.00307642630604936	0.634769072041522	0.071	0.031	1	LRIG2	c28
0.00866375942441394	-0.634601401787174	0.271	0.377	1	ALKBH7	c28
0.142348452884382	0.634208414659506	0.041	0.024	1	CEP152	c28
0.0567934700368164	0.633885523243992	0.076	0.046	1	MFSD8	c28
0.299226109747648	0.633630717731722	0.088	0.07	1	RAB21	c28
0.261380617952406	0.633599091645479	0.082	0.063	1	MRE11	c28
0.6052618683901	-0.633504059279916	0.018	0.013	1	SPAG5-AS1	c28
0.0321456254495779	-0.633212910408728	0.041	0.09	1	MRM2	c28
0.00224604477758895	-0.633186266953008	0.265	0.391	1	SELENOF	c28
0.0918127701282331	0.632944011397864	0.035	0.018	1	PIDD1	c28
0.0518473682521332	0.632674851320076	0.165	0.122	1	ARFGAP2	c28
0.270268607545354	-0.63253722262825	0.124	0.157	1	SURF2	c28
0.020592306114688	-0.632509283032225	0.047	0.104	1	FARSB	c28
0.291659072369979	0.632193613238561	0.012	0.006	1	MYLK-AS1	c28
9.35306353631992e-05	0.632172784595452	0.318	0.207	1	THOC2	c28
0.202421514236821	0.632133901886442	0.053	0.035	1	TJP2	c28
0.24856583231411	0.632056778455658	0.082	0.063	1	TOP1MT	c28
0.886628965778279	-0.631954565024733	0.059	0.061	1	LMBR1L	c28
0.451644051225262	0.63186135314603	0.2	0.193	1	NIT2	c28
0.0153424076512444	0.631623320548937	0.153	0.099	1	TACC3	c28
0.0106296166494034	-0.6315728954855	0.453	0.494	1	REEP5	c28
0.00272158322074773	0.631478914562424	0.129	0.072	1	GABPA	c28
0.0740478198376064	0.631407472667491	0.059	0.034	1	ALG6	c28
0.794713654426857	0.631379229490074	0.053	0.05	1	CBWD1	c28
0.0163864686621513	-0.631351780093001	0.182	0.275	1	CWC15	c28
0.0877035953111572	0.631344358816345	0.112	0.079	1	ANKRD13A	c28
0.886703912794331	0.631253679309163	0.076	0.082	1	FAM98A	c28
0.511001094520576	0.631134957832574	0.1	0.09	1	MFHAS1	c28
0.00683181016737085	0.631129768921085	0.129	0.076	1	MAP2K7	c28
0.00235966976229874	0.631123029020721	0.312	0.229	1	SENP6	c28
0.00304173184289875	0.631095647466526	0.235	0.16	1	DDB1	c28
0.000451215675392091	0.63083050625793	0.159	0.085	1	PCNT	c28
0.294386878413266	0.630799852716449	0.135	0.116	1	TRAP1	c28
0.147467930638819	-0.63077503249166	0.018	0.04	1	HACD1	c28
0.0354397735889459	0.6307246171191	0.112	0.072	1	MFSD6	c28
0.381782425013682	0.630596450575778	0.088	0.073	1	MED17	c28
0.111245845716674	0.630547430255206	0.071	0.046	1	ABI2	c28
0.0948946944853036	0.630513742556292	0.129	0.096	1	ZCCHC2	c28
0.400402762654283	0.630495607459665	0.059	0.046	1	POFUT1	c28
0.421444818406718	-0.63047462142314	0.059	0.076	1	DNAJC30	c28
0.543038368021914	-0.630329342349994	0.018	0.025	1	MED22	c28
0.00478246379922952	0.630207639834971	0.118	0.066	1	FAM199X	c28
0.297803486373693	0.630176320066037	0.012	0.024	1	RASL11A	c28
0.00350534383929146	-0.629971073795832	0.4	0.485	1	ATP5PD	c28
0.124137206720646	-0.62996676396785	0.006	0.024	1	ECHDC3	c28
0.289216594700292	0.629842545258425	0.135	0.115	1	CHMP1A	c28
0.327015714325477	-0.629796757107752	0.024	0.014	1	GOLGA8A	c28
0.752334007361237	0.629789718122938	0.088	0.086	1	TBC1D7	c28
0.0134246049136395	-0.629512328055624	0.247	0.331	1	APIP	c28
0.0208522354201829	0.629508786750612	0.194	0.14	1	TARS	c28
0.387439511253283	-0.629481921639195	0.059	0.044	1	CSRNP1	c28
0.118608341817472	0.629301687399156	0.082	0.056	1	NUP188	c28
0.00563998022950096	-0.629251495368163	0.059	0.135	1	C3AR1	c28
0.0156927517607877	0.62903781912148	0.053	0.024	1	PUS10	c28
1.4038651510648e-06	0.62890531403611	0.465	0.318	0.0513828683941227	NR3C1	c28
0.567583679118189	0.628710641433182	0.182	0.18	1	CD83	c28
2.2408052755125e-06	-0.628634875459928	0.682	0.706	0.0820157138890329	CHCHD2	c28
0.00307943609552792	0.628474036028102	0.165	0.099	1	PPP6R3	c28
0.0234205744366323	0.628402943811272	0.171	0.12	1	PPP6R1	c28
0.141326783551346	0.62830102604967	0.065	0.042	1	ANKH	c28
0.00577972893735547	0.628176829845034	0.141	0.085	1	LINC02256	c28
0.0119970849602316	-0.628156421199519	0.012	0.057	1	ECSCR	c28
0.00483772380819105	0.627475900255155	0.176	0.112	1	CAND1	c28
0.965279307071315	0.62746404232325	0.041	0.041	1	ZBTB17	c28
0.0651984229851429	0.627079948489334	0.035	0.017	1	MICAL3	c28
0.000394449448920166	0.62691670757832	0.2	0.118	1	RC3H1	c28
0.174354752523829	0.626618765718566	0.088	0.063	1	NSMCE3	c28
0.00312842678949109	0.626554099773727	0.353	0.278	1	KCNAB2	c28
0.0275100937656545	0.626346099346794	0.035	0.015	1	AC010618.3	c28
0.0105168255975658	0.626206204231994	0.182	0.124	1	POGZ	c28
0.00183095114948584	0.626041842536582	0.247	0.169	1	ERVK3-1	c28
0.00182136577732017	-0.626031170650839	0.188	0.31	1	FIBP	c28
0.489847449755763	0.625866496641732	0.018	0.026	1	FKBP9	c28
0.446651940219592	0.625842128101143	0.094	0.082	1	CAMKK2	c28
0.0511455420026829	0.625546946873051	0.124	0.084	1	SERTAD2	c28
0.00823606032376952	-0.625455595505601	0.429	0.51	1	TRAPPC1	c28
0.48262278990361	0.625060459286862	0.012	0.019	1	CCDC24	c28
0.00221324596699803	-0.625039742461351	0.153	0.268	1	C1D	c28
0.0992453931827601	-0.624396703908501	0.241	0.306	1	RAB1B	c28
0.697238877733827	0.624156784028689	0.012	0.009	1	LINC02812	c28
0.00259731266679965	0.624080000470811	0.147	0.085	1	PSD4	c28
0.141497019895323	0.623997883030077	0.018	0.008	1	AVEN	c28
0.00597025184738119	-0.623982960506237	0.412	0.502	1	NDUFB10	c28
0.000189648150955042	0.623929905009845	0.188	0.101	1	SNHG3	c28
0.988249034160679	0.62382242843184	0.035	0.036	1	KHK	c28
0.0461218112275775	0.623805298449133	0.012	0.003	1	XPNPEP2	c28
0.1419803202746	-0.623615174314979	0.012	0.032	1	LINC01503	c28
0.352658667985389	-0.623584365319621	0.065	0.086	1	GET4	c28
0.201698317842797	-0.623577423297037	0.018	0.009	1	SRGAP3	c28
0.283201406933542	-0.623291053295152	0.118	0.148	1	CMTM3	c28
0.0218589130441667	0.623231947488634	0.112	0.069	1	TEFM	c28
0.00464319612920577	-0.62322625475569	0.124	0.224	1	TSG101	c28
0.586946599270633	0.623169269309137	0.041	0.034	1	C10orf143	c28
0.0726187116671307	-0.623076627998783	0.053	0.095	1	KPTN	c28
0.967557651120882	0.623050395622683	0.012	0.012	1	NRBP2	c28
0.00360766841758335	0.623021887954963	0.035	0.011	1	OTUD7B	c28
0.502061417931578	-0.622790013550214	0.035	0.046	1	TRAF6	c28
0.303532077974621	0.622686477794624	0.071	0.054	1	AP5S1	c28
0.0237460051274994	-0.622509400411658	0.094	0.164	1	ARL1	c28
0.0331999326055828	0.62200812865673	0.094	0.057	1	ASH2L	c28
0.0180865227813087	-0.622003389485233	0.412	0.495	1	TMEM50A	c28
0.290089491014934	-0.621876601119851	0.012	0.024	1	COL6A2	c28
0.324397662348938	0.621711402315731	0.118	0.101	1	CARS2	c28
0.00325410782254481	-0.621643427397645	0.229	0.343	1	DYNLT1	c28
0.00697193628962268	-0.621323586533811	0.482	0.54	1	ARL6IP1	c28
0.0842126157654464	0.621213650195867	0.076	0.049	1	WDR44	c28
0.00164032324610517	-0.621179673446883	0.635	0.624	1	PSME2	c28
2.95092334335679e-12	-0.6211332200783	0.935	0.89	1.08006745290202e-07	CD52	c28
0.0538570117848745	0.620946888875362	0.112	0.075	1	PDS5B	c28
8.52786261717292e-06	0.620910600960097	0.335	0.196	0.312128299651146	CDC42SE2	c28
0.0614260504671795	-0.620621536306246	0.047	0.09	1	BCAT2	c28
0.0844518503096207	-0.620526586542836	0.094	0.141	1	NINJ1	c28
0.0319412696659137	0.620362505633455	0.135	0.09	1	NNT	c28
0.203798993245748	-0.62032747271649	0.047	0.073	1	GTPBP10	c28
0.0239651225763257	-0.620286476690054	0.224	0.308	1	CRTAP	c28
0.818345861605271	0.620071140693673	0.082	0.081	1	DTX4	c28
0.00814326034685108	0.6199475760648	0.065	0.03	1	HIST1H3D	c28
0.114673488734289	0.619540825335368	0.071	0.046	1	KDM4B	c28
2.97946671384672e-06	0.619530991450047	0.518	0.382	0.109051461193504	KIF5B	c28
0.0402244375334054	-0.619083419380677	0.347	0.422	1	RAD23A	c28
0.167583272418062	-0.618957590735125	0.241	0.295	1	MAGOH	c28
0.0811456533082129	0.61890465996496	0.029	0.014	1	TIGD1	c28
0.790810194865629	-0.618861335412602	0.1	0.106	1	ACD	c28
0.421896878135174	0.618816133215762	0.018	0.011	1	CYB5RL	c28
0.00502185794040274	-0.618616540961356	0.135	0.237	1	ATP6V1D	c28
0.0364586235934003	-0.618501308919198	0.247	0.325	1	MRPL52	c28
0.108381710756191	-0.618488387319351	0.282	0.347	1	RSL24D1	c28
0.00330771653030473	0.618310511429588	0.118	0.063	1	EZH1	c28
0.305796759383338	-0.618222655492169	0.012	0.024	1	CHST14	c28
0.000114945234597064	0.618176616588413	0.318	0.212	1	MBD4	c28
0.109440057810836	0.618133813043955	0.135	0.102	1	CTDSP2	c28
0.348132770616103	-0.618045886712121	0.082	0.063	1	SLAMF1	c28
0.00381344691442297	0.617884935211681	0.159	0.096	1	KPNA1	c28
0.0778068229673744	0.617415757500242	0.112	0.077	1	BRD8	c28
0.0387968799831953	-0.617293749301008	0.159	0.234	1	PQBP1	c28
0.0167010334165314	0.617259967922291	0.1	0.058	1	ATAD2	c28
0.0127347825725094	0.617119037102981	0.118	0.071	1	WDR11	c28
0.182939954078636	-0.616910122974468	0.118	0.16	1	DPM2	c28
0.483806540936688	0.616706988271411	0.171	0.163	1	KCTD12	c28
2.75253612592709e-05	0.616561291199656	0.376	0.256	1	RSRC2	c28
0.00194572343974086	0.61655744270741	0.306	0.226	1	IQGAP2	c28
0.15482728443529	-0.616386171337569	0.094	0.136	1	EMC8	c28
0.483095531232925	-0.616379894360398	0.024	0.033	1	CD79B	c28
0.023907315527105	0.616079258189731	0.059	0.029	1	RUNX2	c28
0.211304509345737	-0.616075984399703	0.047	0.073	1	BCL2L12	c28
0.000393793057965436	-0.616001225216266	0.606	0.615	1	COX6C	c28
0.195216481949216	0.615781341244322	0.076	0.055	1	ZBTB48	c28
0.342249518329446	0.615729889413931	0.012	0.006	1	SNX25	c28
0.0386783333520977	-0.615714214880588	0.024	0.063	1	MOSPD1	c28
0.424364380094508	0.615587492370225	0.041	0.031	1	SEPSECS	c28
0.952233952199119	0.615341973197039	0.041	0.041	1	KIF9	c28
0.533442059204834	0.615276450513504	0.012	0.008	1	ZKSCAN3	c28
0.418523482131921	0.61521796566177	0.141	0.125	1	APP	c28
0.540658917863124	0.614999611975011	0.094	0.085	1	CD101	c28
8.2281273964742e-05	0.614952134709947	0.241	0.141	1	CABIN1	c28
1.13448524693254e-21	-0.614865412943275	1	0.987	4.15232945229778e-17	TMSB4X	c28
0.594937711509556	0.614539966287697	0.029	0.038	1	UBE2M	c28
0.131788413064659	-0.614402914362294	0.012	0.033	1	TIMD4	c28
0.537588570366034	0.614216475682415	0.053	0.044	1	ZSWIM6	c28
0.0802917622598523	0.614187419028342	0.071	0.044	1	CAPRIN2	c28
0.00372039859755435	0.614167969575513	0.218	0.145	1	NOL8	c28
0.151369375172395	0.613938481773024	0.1	0.073	1	L3MBTL2	c28
0.480397437114945	0.613830251753201	0.035	0.027	1	TRUB1	c28
0.0932952992403761	0.613666713650824	0.282	0.252	1	ECHDC1	c28
0.559558455646974	0.613569455962806	0.006	0.01	1	NETO2	c28
0.00208894990017753	-0.613333126805115	0.141	0.247	1	TSPAN3	c28
0.378186162378628	0.613165820447064	0.112	0.096	1	DNAJC5	c28
0.205685053554027	-0.613095567070171	0.041	0.066	1	RAD1	c28
0.97900798826584	0.612790115978624	0.041	0.042	1	ECI1	c28
0.00604912726592694	0.612707966301294	0.088	0.045	1	ANKAR	c28
0.951826425251671	0.612555382342942	0.035	0.037	1	ADO	c28
0.00365036264174034	0.612408043174506	0.059	0.024	1	AL645568.1	c28
1.01467188822495e-28	-0.612067137090367	1	0.993	3.71380057809214e-24	B2M	c28
0.577445228910903	-0.611909955090066	0.018	0.024	1	SLC1A4	c28
0.760445482410007	-0.611843825277886	0.018	0.015	1	MS4A1	c28
0.109626866609542	-0.611618526283358	0.118	0.166	1	APEH	c28
0.0986276243302723	0.611596273037193	0.106	0.075	1	LRRC8C	c28
0.153611899941033	-0.611486014966912	0.247	0.302	1	KRT10	c28
0.0191038789798161	0.611435060843934	0.059	0.029	1	ZNF10	c28
0.13933608531846	-0.611302512084198	0.182	0.234	1	YPEL5	c28
0.45970908725476	0.610734651076316	0.1	0.088	1	PIP5K1C	c28
0.0619004064400543	-0.610616352661455	0.012	0.04	1	MROH6	c28
0.601563956952001	0.610362781329508	0.029	0.023	1	ATAD3B	c28
5.65971922704962e-06	0.610253002044984	0.306	0.178	0.207151383429243	STK38	c28
0.000771495631772903	-0.610212665288768	0.6	0.604	1	NDUFS5	c28
0.00289048478682871	0.610163982954021	0.194	0.122	1	CDK11A	c28
0.0386872304542122	-0.610145427463754	0.488	0.516	1	RHOG	c28
0.0240119053290047	0.610091446463019	0.224	0.171	1	EPN1	c28
0.824550892883479	-0.610067133367399	0.071	0.067	1	TNF	c28
0.920272633307904	0.61002914632955	0.018	0.019	1	SEPTIN9-DT	c28
0.306107773755902	-0.609918241904722	0.029	0.046	1	FDXR	c28
0.000223266766478899	0.609870435225934	0.194	0.109	1	ICE1	c28
0.839118742060395	-0.609773414124641	0.018	0.016	1	AC243829.4	c28
0.0614634901247978	-0.609472840011555	0.065	0.113	1	CCDC22	c28
0.778933544673899	0.609283461138355	0.071	0.068	1	HIP1	c28
0.550986668471482	-0.609076250896622	0.076	0.091	1	TM9SF4	c28
0.00903035785893054	-0.609058536956875	0.459	0.505	1	PSMB3	c28
0.0985971286380444	-0.608967894694673	0.035	0.068	1	CTSF	c28
0.104689573845755	-0.60894389113262	0.065	0.105	1	NUDT9	c28
1.42037084526183e-16	-0.608936207421684	1	0.982	5.19869933074282e-12	ACTB	c28
0.0127943743488629	0.608876698613546	0.129	0.08	1	PTEN	c28
0.0102531585461944	0.608660446633902	0.106	0.06	1	POM121C	c28
0.187460829147124	-0.608569984116445	0.182	0.231	1	FAM32A	c28
0.351554584994989	-0.608501938770268	0.018	0.03	1	FAM241B	c28
0.020275909681653	-0.608487851062599	0.035	0.087	1	KLHDC8B	c28
0.174489776882447	0.608426572935686	0.047	0.029	1	WAKMAR2	c28
0.0141906824396399	0.608264261177904	0.047	0.02	1	AC005842.1	c28
0.386513415641141	0.608235832655598	0.029	0.02	1	TMTC2	c28
0.00020880135666645	-0.608114134124058	0.053	0.163	1	MPST	c28
0.410725870003975	0.607701203894821	0.024	0.016	1	AC022916.1	c28
0.523325176936579	0.607592092376738	0.012	0.008	1	ATP1A3	c28
0.0337302963550572	-0.607523395321886	0.276	0.35	1	GNPTG	c28
0.151879323989336	0.607435645614137	0.024	0.012	1	MASTL	c28
0.24094932217722	0.607101433890062	0.253	0.235	1	SMIM14	c28
0.358180763679777	0.607096400093192	0.035	0.025	1	CACNA2D4	c28
0.0343060734580893	0.606850842886544	0.118	0.077	1	VPS45	c28
0.0143575804149465	-0.606646965884543	0.376	0.45	1	GNB2	c28
0.67697366000891	0.6064224580745	0.041	0.036	1	GORASP1	c28
0.0563936168852717	0.606419394943724	0.088	0.055	1	APBA3	c28
0.00764484308977866	-0.606411398311178	0.3	0.404	1	PDCD6	c28
0.022971857644846	-0.606387165225037	0.118	0.192	1	HPRT1	c28
0.921164112747865	0.606372813540914	0.053	0.053	1	ACSF2	c28
0.133302788377112	-0.606371949462561	0.218	0.276	1	MRFAP1	c28
0.127454828117048	-0.606277782230003	0.065	0.103	1	TPMT	c28
0.183561587350373	0.606132837328004	0.147	0.121	1	KCTD20	c28
0.0322623428493803	-0.606120185680489	0.541	0.546	1	NDUFB9	c28
0.0014176685846984	0.606074950994117	0.194	0.12	1	NUP58	c28
0.223543412574407	0.60602485989472	0.012	0.005	1	SYNPO2	c28
0.418404305240056	-0.60601391979096	0.006	0.013	1	ZNF597	c28
0.746996517758951	0.605990624783165	0.082	0.079	1	NAT9	c28
0.0935092714753301	0.605941105982224	0.071	0.044	1	BRPF1	c28
0.546731914841986	0.605924011521007	0.018	0.013	1	TXNDC16	c28
0.977595846222033	0.605768992934796	0.012	0.012	1	ZNF155	c28
0.377607353788966	0.60563175168749	0.035	0.025	1	LSR	c28
0.00076022464446837	-0.605589386774582	0.659	0.652	1	LY6E	c28
0.113674674771617	0.605373830875282	0.106	0.076	1	VPS37B	c28
0.245625231269918	-0.605291476830466	0.029	0.017	1	DTHD1	c28
0.0020529524298969	0.605287214368527	0.1	0.049	1	CBFA2T2	c28
0.0249676743923139	-0.60513400035455	0.212	0.301	1	SDHD	c28
0.0894772548105214	0.604838694666394	0.106	0.074	1	MOGS	c28
0.00666615701701772	-0.604741965309247	0.2	0.306	1	DDRGK1	c28
0.360745030182638	0.604684906291175	0.053	0.04	1	STK11	c28
0.115895116637748	-0.604645746064548	0.229	0.292	1	PSMD6	c28
0.0770996581507202	0.604472247963785	0.047	0.026	1	ZNF583	c28
0.0106738508681095	0.60409087519123	0.147	0.093	1	ZDHHC6	c28
0.0056021482325274	0.603956239064885	0.082	0.041	1	SLC38A9	c28
0.0292958201279513	0.603891037386432	0.035	0.015	1	FKTN	c28
0.270474547582684	0.603775322415739	0.112	0.091	1	ATP13A1	c28
0.926005910274795	-0.603648378115975	0.029	0.031	1	TTC33	c28
0.38684344105646	-0.603519673154323	0.1	0.123	1	POLR2H	c28
0.0155880991960116	0.60346116193134	0.206	0.147	1	IRF2BP2	c28
0.99760916842852	0.603157394723991	0.012	0.012	1	BASP1	c28
0.310266400561152	0.603049767172079	0.141	0.122	1	MRPL42	c28
0.000342988098851867	0.602918636212809	0.306	0.21	1	PJA2	c28
0.0663440738763395	-0.602778375692713	0.147	0.209	1	AP1S2	c28
0.0778784042464902	-0.602573524529875	0.047	0.087	1	DNAJC21	c28
0.0192013298584686	0.602513916957783	0.106	0.063	1	POGLUT1	c28
0.44995380226286	0.602399015867243	0.006	0.012	1	ZNF461	c28
0.797799947669558	0.602348912061437	0.106	0.103	1	PRCC	c28
0.136530973498186	0.602248635833609	0.059	0.038	1	PKIA	c28
0.0326392883910602	0.60203272402198	0.053	0.027	1	ZNF746	c28
0.000320079038937843	-0.601939235722148	0.612	0.634	1	PRR13	c28
9.97683767073705e-05	0.601893294085687	0.471	0.327	1	DAB2	c28
0.752945775218895	0.601821961914086	0.112	0.109	1	TM7SF3	c28
0.79345296716767	-0.601380601375931	0.024	0.021	1	FCN1	c28
0.737245906211889	0.601008001338842	0.012	0.009	1	KRBA1	c28
0.0732304188768079	-0.600977292625456	0.053	0.095	1	DLST	c28
0.150585047714202	0.600821717919345	0.029	0.016	1	LINC002481	c28
0.159012550980578	-0.600723249290892	0.035	0.062	1	BABAM2	c28
0.030036855749898	-0.60065812296229	0.3	0.358	1	CD81	c28
0.0353545513876977	-0.600643388450433	0.012	0.046	1	CCDC51	c28
0.566106612117021	-0.60041779080564	0.029	0.038	1	MED9	c28
0.00160791994786314	-0.600255113688634	0.129	0.244	1	MRPL40	c28
0.0010853307121755	0.600222384022265	0.147	0.08	1	NSUN2	c28
0.0508496487174	-0.599854265228263	0.124	0.186	1	DEGS1	c28
1.86551715097347e-07	-0.59976301392626	0.776	0.767	0.00682797932427801	ATP5MC2	c28
0.265953054075268	-0.599705792967886	0.006	0.017	1	TMEM191B	c28
0.0296279731451495	-0.599590986340068	0.318	0.405	1	AUP1	c28
0.042660520230265	0.599384328202196	0.071	0.04	1	TP53BP2	c28
0.137714423999037	0.599258798107149	0.088	0.062	1	RCBTB2	c28
0.260746984556782	0.598701685468558	0.053	0.037	1	WDR3	c28
0.0558027068901615	0.598481359329988	0.241	0.198	1	NFIC	c28
0.0169709379484925	-0.598176729505678	0.335	0.434	1	DHRS7	c28
0.129601946117709	-0.598108145660389	0.106	0.15	1	MED30	c28
0.110950407302484	-0.598046641419492	0.076	0.118	1	TRMT6	c28
0.224501955522019	0.597942684733468	0.1	0.078	1	HSD17B7	c28
0.00901079560596802	0.597817547770494	0.094	0.051	1	FAM8A1	c28
0.0792606747557064	-0.597556021247564	0.012	0.038	1	TEX14	c28
0.166866484068401	0.597339741387561	0.047	0.029	1	CENPQ	c28
0.000691983849609282	0.597333255626761	0.229	0.147	1	SIRT7	c28
0.101589934611522	-0.597324887683486	0.318	0.381	1	SIVA1	c28
0.848805365691231	0.597297098970528	0.024	0.026	1	AIFM2	c28
0.242775781489948	0.597263786049945	0.118	0.096	1	RARS	c28
0.0116689558225688	-0.597247737217437	0.182	0.282	1	SDHB	c28
0.031887135215015	0.597210254240661	0.059	0.031	1	KMT2E-AS1	c28
0.548069963933318	0.597141930847477	0.094	0.085	1	NOC4L	c28
0.558305825522645	0.59690549681887	0.018	0.025	1	NAB2	c28
0.00165437879626341	0.59674662053997	0.288	0.205	1	WAPL	c28
0.0746434308648929	-0.596662173098731	0.288	0.356	1	IMP3	c28
0.00197097533619184	-0.596635973808458	0.576	0.605	1	SLC25A3	c28
0.00303415454797267	-0.596581231321498	0.159	0.266	1	CHMP2B	c28
0.0927739514276166	0.596323764145174	0.024	0.01	1	SARDH	c28
0.00447454544368284	-0.596149094663023	0.5	0.547	1	UQCRH	c28
0.000527122992639435	-0.595918133908854	0.135	0.263	1	HNMT	c28
0.937668860527094	0.595906767367702	0.076	0.078	1	ALAD	c28
0.278460439624812	0.595871305951023	0.012	0.006	1	USP27X	c28
0.955794629255248	0.595854646771846	0.035	0.035	1	PIK3R2	c28
0.0729564921149931	0.595587786178649	0.229	0.191	1	NCK1	c28
0.9180231804652	0.595527471179282	0.029	0.028	1	BTBD6	c28
0.901492660962239	-0.595374783067041	0.018	0.019	1	CTNNAL1	c28
0.344753711687438	0.595268218715603	0.059	0.045	1	ZNF664	c28
0.00392086248805907	-0.59516167685081	0.106	0.202	1	EPHX1	c28
4.20551386807114e-05	0.595104967399402	0.341	0.228	1	USP3	c28
0.308474666715713	-0.595053213356819	0.029	0.046	1	THTPA	c28
0.583218627973734	-0.594821786396982	0.094	0.109	1	CARS	c28
0.127196956067348	0.594771351756051	0.041	0.023	1	TRAV20	c28
0.106592619125702	0.594583419015108	0.2	0.168	1	JKAMP	c28
0.385960305680879	0.594577778691392	0.047	0.066	1	ADCY3	c28
0.245094230515439	0.594567638007255	0.029	0.018	1	FBXO5	c28
0.0882588636028978	0.594532916448587	0.018	0.007	1	AC009041.1	c28
0.787000560964496	0.594496259675121	0.041	0.038	1	DNAJC16	c28
0.748787451845143	-0.594361682117809	0.059	0.065	1	TXLNG	c28
0.22593715050437	0.594317596457272	0.047	0.031	1	DYRK1B	c28
0.00228053378943633	0.59418970411535	0.335	0.256	1	TMEM165	c28
0.0238325202503926	-0.594102290554799	0.406	0.457	1	JPT1	c28
0.507926169194338	0.594062961324221	0.135	0.124	1	PABPC4	c28
0.0327318134821596	0.59399913626033	0.082	0.048	1	OSBPL3	c28
0.117090071964684	0.593986970896672	0.124	0.093	1	POGK	c28
0.55848843977409	-0.593664974310239	0.006	0.01	1	LINC00294	c28
4.19986607517329e-05	0.593601341732585	0.235	0.134	1	ZNF644	c28
0.00532672098162291	-0.593595281525094	0.124	0.221	1	CD2BP2	c28
0.0554001397926601	0.593487815059913	0.094	0.06	1	RUBCN	c28
0.00418159597840482	0.593461210738222	0.059	0.025	1	TRAV12-1	c28
0.0698342514093662	0.593355448283739	0.129	0.093	1	SGMS1	c28
1.77215014436834e-08	-0.593204149653627	0.818	0.785	0.000648624674340257	ARPC2	c28
0.0188186612708745	-0.593102901712033	0.406	0.451	1	MDH1	c28
0.184232135528116	-0.592981518800912	0.024	0.045	1	UBXN8	c28
0.258921696856305	0.592903539713756	0.041	0.064	1	CPE	c28
0.0236568976360732	0.592849330618681	0.306	0.248	1	C2	c28
0.598995742394548	0.592672379245253	0.059	0.051	1	ZBTB45	c28
0.0262472098073329	-0.592383420203212	0.165	0.248	1	MCRIP1	c28
0.0229688560515142	0.592273472785914	0.129	0.084	1	OTUD4	c28
0.153229566375277	-0.592246731022863	0.053	0.086	1	CRTAM	c28
2.37951384420456e-05	0.592233424456722	0.306	0.191	0.870925862117312	TMF1	c28
0.0309834815142387	-0.592163075134223	0.271	0.354	1	NDUFA7	c28
0.888576647108801	-0.592140083401478	0.012	0.013	1	SLFN12L	c28
0.100931523895672	0.591562877794274	0.082	0.055	1	KBTBD2	c28
0.237230471245854	0.591507318095092	0.065	0.046	1	AC147067.1	c28
0.227923658394138	0.59148890025571	0.041	0.027	1	ADCK5	c28
0.73500364040384	0.591486692188233	0.059	0.067	1	AMFR	c28
0.000468399445825403	-0.591346056096622	0.135	0.26	1	SMCO4	c28
0.0887867745197217	0.591058859912215	0.112	0.079	1	DCLRE1C	c28
0.0639320144082293	-0.590498286625131	0.165	0.233	1	METTL5	c28
0.181771239629324	0.590495654489264	0.047	0.03	1	LRRC40	c28
0.874989514629014	0.590451764931478	0.029	0.028	1	CHEK2	c28
0.00224216144984376	0.590206429615912	0.241	0.161	1	SBNO1	c28
0.0148245908320466	0.590177454776854	0.094	0.053	1	C7orf26	c28
0.0108058118034119	0.590131127333539	0.024	0.007	1	LINC00894	c28
0.288156035156171	-0.590002554649388	0.035	0.054	1	BUD13	c28
0.463002973866875	-0.589825820205715	0.035	0.048	1	ZNF639	c28
0.624886979082407	0.589802246823572	0.053	0.046	1	FANCA	c28
0.0383658601152943	-0.589725403113641	0.229	0.311	1	LSM10	c28
0.764794351182164	0.589641491118907	0.129	0.129	1	AQP9	c28
0.0110476589528604	0.589636721555796	0.129	0.078	1	WDR6	c28
0.327983403421832	0.589439065349953	0.053	0.039	1	RABL2B	c28
0.924732831043201	0.589354476618461	0.035	0.035	1	PRKAB1	c28
0.259498558870179	-0.58932385382852	0.024	0.041	1	CCDC86	c28
0.47335098878335	-0.589266178742629	0.129	0.11	1	RAB27A	c28
0.221577321514676	0.589244672947634	0.1	0.077	1	GMEB1	c28
0.449296471522973	-0.589196180240267	0.029	0.041	1	PPOX	c28
0.617630817677391	-0.589139716676377	0.082	0.07	1	UBASH3A	c28
0.396181553018412	0.589132023705916	0.041	0.03	1	SYCE1L	c28
0.0587416816914061	-0.589097791693492	0.318	0.388	1	DCTN3	c28
0.839540454224229	-0.589092439550223	0.018	0.02	1	FBXO48	c28
0.0659902218536322	0.588739611885587	0.224	0.182	1	SYAP1	c28
0.0248718033855752	0.588722668457451	0.065	0.034	1	NR2C2	c28
0.00646980955307338	-0.588630523015556	0.453	0.53	1	PSMB1	c28
0.56062461252506	-0.588579965378611	0.018	0.013	1	TRAV41	c28
0.0126735464076695	0.588302145977269	0.135	0.084	1	MAP3K1	c28
0.0161048799649474	-0.588085997931111	0.488	0.503	1	SYNGR2	c28
0.0168198671990401	0.588028932587757	0.235	0.176	1	SLAIN2	c28
0.00113043384954832	0.587976492965556	0.253	0.169	1	UBN1	c28
0.826006559445054	-0.587724561384067	0.053	0.049	1	PTGDR	c28
0.602537855266932	-0.58766618158594	0.018	0.024	1	ZSCAN25	c28
0.771738761536246	0.587545446709629	0.012	0.015	1	ATP6V0D2	c28
0.748085550257035	0.587490577936945	0.112	0.11	1	CD276	c28
0.0423003798523545	0.587474480619548	0.147	0.104	1	ILRUN	c28
0.554383725259149	-0.587385510608615	0.012	0.018	1	GINS2	c28
0.0265049741108848	0.587374085400262	0.071	0.038	1	ULK4	c28
1.2215515881303e-08	-0.587354855206446	0.882	0.839	0.00044710009677157	MYL12A	c28
1.62626354987092e-05	0.587352010459476	0.088	0.03	0.595228721888256	TMIGD2	c28
0.103613463986132	0.587324901151631	0.082	0.055	1	RBM19	c28
0.0159595827266618	-0.587158813964727	0.112	0.191	1	GINM1	c28
0.217932782393778	-0.586892451339458	0.088	0.121	1	PTGES2	c28
0.0813115897895255	0.586872801048707	0.165	0.126	1	TCHP	c28
0.528802918056031	0.586782756175526	0.006	0.011	1	OPHN1	c28
0.273036204242602	-0.586729267804019	0.253	0.2	1	RCSD1	c28
0.021838189009091	-0.586708068604266	0.106	0.177	1	ALG3	c28
6.74538664599633e-06	0.586548905943771	0.188	0.09	0.246887896630112	ZMYM2	c28
0.0843585195863086	-0.586364196637448	0.071	0.116	1	ARAF	c28
0.482335514322498	-0.586154187391916	0.053	0.041	1	STK26	c28
0.156313608659371	0.586013691531825	0.024	0.012	1	ZNF571	c28
0.0144419099231456	0.585978028681575	0.029	0.01	1	PABPC1L	c28
0.0306104155228535	0.585719528452467	0.153	0.103	1	TOB1	c28
0.0382983359232588	-0.585359541740622	0.271	0.357	1	RBIS	c28
0.87270339006824	0.585248300287893	0.024	0.026	1	ASNSD1	c28
0.00255740561565467	0.585032030887393	0.318	0.239	1	CHD4	c28
0.0621864390223097	0.584959728844988	0.029	0.013	1	KLHL5	c28
0.0981656668255969	-0.58487425807796	0.241	0.313	1	PDCD10	c28
0.0175520565490854	0.584622617345332	0.071	0.037	1	DHFR	c28
0.214775560143457	0.584488574933668	0.076	0.056	1	KCMF1	c28
0.273371371177092	0.584461847053051	0.065	0.048	1	CIC	c28
0.784844778633444	0.584214228769971	0.165	0.17	1	LACTB	c28
0.279242455423373	-0.584138418974844	0.071	0.051	1	SLA2	c28
0.201871186590613	-0.58404779362715	0.229	0.175	1	RHOH	c28
3.07537976514785e-05	0.583796735149264	0.088	0.031	1	GPR25	c28
0.166090657490783	0.583442859213687	0.147	0.119	1	KNOP1	c28
0.111615134882955	0.583101382502856	0.071	0.046	1	MZF1	c28
0.203139838063628	0.583061188856001	0.076	0.055	1	WDR5	c28
0.00667861053444551	0.582783178756384	0.159	0.099	1	PDS5A	c28
0.0252378202359741	-0.582599494904523	0.018	0.059	1	HOXB7	c28
0.848072177996649	0.582132899154712	0.041	0.045	1	NQO1	c28
0.0161608246955444	-0.582078901314702	0.229	0.329	1	NAA38	c28
0.175854854405175	-0.5818907698801	0.412	0.433	1	VAPA	c28
1.74775373108586e-05	0.581818482544197	0.424	0.295	0.639695343114735	GGNBP2	c28
0.00990802945465924	-0.581631210914934	0.194	0.284	1	SLC7A7	c28
0.213766556468819	0.581630663108587	0.047	0.031	1	TRIM47	c28
0.0122550085653172	0.58146868662268	0.241	0.184	1	OSGEP	c28
0.0444443857914059	-0.581447618470552	0.165	0.239	1	SARNP	c28
0.140775768265144	-0.581317419607271	0.135	0.182	1	WDR45	c28
0.324785793510574	0.581296287629473	0.235	0.221	1	SLC31A1	c28
0.113273286230188	-0.580968108989594	0.218	0.28	1	RASGRP2	c28
0.768572992583654	-0.580910286658102	0.035	0.031	1	EPS8L2	c28
7.57476236500101e-06	0.58089269215078	0.229	0.121	0.277243877321402	ANKLE2	c28
0.76713070250687	-0.580801912491526	0.035	0.031	1	RGS9	c28
0.994896215378903	0.580301385598716	0.041	0.042	1	SLC37A2	c28
0.000114657519675403	0.580286473625897	0.129	0.059	1	SCAPER	c28
0.469480095438779	-0.580043183822681	0.118	0.139	1	UCHL5	c28
0.456747120175572	0.580019607564872	0.047	0.037	1	FANCL	c28
0.273519666778537	0.580011630153183	0.135	0.113	1	OTULINL	c28
0.486439379637587	-0.579910095943177	0.012	0.019	1	ZNF90	c28
0.0888747642996496	0.579909915791369	0.012	0.004	1	ASTN2	c28
0.0669804283193488	0.579508723488209	0.159	0.117	1	NUP42	c28
0.166352025091088	-0.579387693940064	0.118	0.157	1	ZFAND2B	c28
0.118404432383473	0.579358975586708	0.012	0.004	1	SDR42E2	c28
0.0582949031280465	-0.579356684245431	0.153	0.22	1	CDC26	c28
0.0413509703458593	0.579278328138956	0.088	0.054	1	IMMP1L	c28
0.000369722484407519	0.579219140195373	0.129	0.063	1	ZNF160	c28
0.49037017583367	-0.579168676128897	0.076	0.093	1	BBIP1	c28
0.718261512286661	-0.578994451843627	0.1	0.109	1	BLOC1S4	c28
0.229614193278172	-0.578887830368412	0.024	0.013	1	APOLD1	c28
0.0205322921263449	0.578522981867345	0.141	0.093	1	SLC30A5	c28
0.153071243696123	-0.578514812962018	0.229	0.287	1	VDAC3	c28
0.867544280040832	0.57825753774122	0.018	0.016	1	LYSMD4	c28
0.0004477796829948	0.578204857610672	0.135	0.068	1	LEMD3	c28
0.333500154403194	-0.57813779497425	0.065	0.086	1	CCNB1IP1	c28
0.0995752348085457	0.577990145508087	0.065	0.04	1	TKFC	c28
0.708676619191035	-0.577929323518402	0.012	0.015	1	KYAT1	c28
0.0293129397770426	-0.577897005468415	0.047	0.099	1	PRSS21	c28
0.823232831280897	-0.577707039911172	0.035	0.032	1	MINCR	c28
0.131745712117277	-0.577555247671497	0.041	0.072	1	HSPA1B	c28
0.16677764642353	0.577479459926884	0.094	0.069	1	BTBD1	c28
0.0353700030090251	0.577214865214914	0.106	0.066	1	NUP153	c28
0.0472932825005215	-0.577132592261533	0.159	0.233	1	PIN4	c28
0.483598788171142	-0.577013787455845	0.018	0.026	1	NKRF	c28
0.00216018976858571	-0.576824787119057	0.088	0.184	1	CHP1	c28
0.177467246197376	-0.576801825164592	0.024	0.046	1	CCDC170	c28
0.00613286480773102	-0.57676985831052	0.453	0.521	1	SELENOH	c28
3.94472928688082e-06	-0.576471081715705	0.688	0.677	0.144381036629125	COX6A1	c28
0.00175626609697241	0.576446416689478	0.094	0.045	1	NAA25	c28
0.773342739108605	0.576372761023587	0.082	0.08	1	SLC29A3	c28
0.69606704550437	0.576323883105681	0.029	0.025	1	KAT14	c28
0.615529427882882	0.57630960718891	0.029	0.024	1	DUSP4	c28
0.121740399234954	0.576261688340573	0.059	0.037	1	RPAP1	c28
0.122530989280717	0.57619535501041	0.018	0.042	1	RARA-AS1	c28
0.533480603026241	0.576179387444048	0.018	0.012	1	ZNF839	c28
0.00159961176742677	-0.576147985263381	0.053	0.142	1	NUDT16	c28
0.0995336341225262	0.576090163833409	0.065	0.04	1	ZER1	c28
0.0364534778766123	-0.576030473394414	0.171	0.247	1	DPM3	c28
0.299444156129364	0.575914220898906	0.006	0.016	1	POC1A	c28
0.0761502676388627	-0.575863917693634	0.318	0.394	1	OCIAD1	c28
0.0393414900782609	-0.575811317028717	0.1	0.162	1	DRG1	c28
0.00852374398049403	-0.575725441383056	0.165	0.26	1	FCGR2A	c28
0.0500822080455647	-0.575499983558085	0.359	0.432	1	UBE2L3	c28
0.0713139808327733	-0.575399324184756	0.324	0.391	1	RAB2A	c28
0.0997954716710988	-0.57534023175261	0.094	0.142	1	DCTD	c28
0.0859541520217327	0.575308115528256	0.082	0.054	1	RBMXL1	c28
0.0733442815891127	-0.575271835923101	0.029	0.064	1	CCDC106	c28
0.000483796134227926	0.575159531517276	0.388	0.29	1	ADAR	c28
0.00701818952141441	-0.575112246187948	0.718	0.72	1	CD99	c28
0.307385154180914	0.574988487427301	0.088	0.071	1	BTBD10	c28
0.0429084474615641	-0.574844604443774	0.059	0.111	1	MAP1S	c28
0.117715161698648	-0.574711433037873	0.147	0.199	1	AAMP	c28
1.92098349785325e-05	0.574700520900595	0.224	0.12	0.703099170049267	EP400	c28
0.14686860422493	-0.57462015296066	0.112	0.155	1	DEDD2	c28
0.128324708089616	0.574522060255974	0.047	0.028	1	SLC7A1	c28
0.0539417105625442	0.574506265700195	0.194	0.15	1	SUPT6H	c28
0.986510134714695	0.574490114844626	0.029	0.03	1	NLE1	c28
0.108007233857221	-0.574456419332963	0.276	0.343	1	CACYBP	c28
0.103845845732489	-0.574192067733774	0.176	0.238	1	DERL1	c28
0.00848942225637061	-0.574107896310148	0.565	0.598	1	GUK1	c28
0.141928108288751	-0.57401146797359	0.006	0.023	1	AC004130.2	c28
0.103303737971806	0.573898371862994	0.059	0.036	1	TTC27	c28
0.671928817952282	0.57375581891406	0.076	0.071	1	PLEKHA3	c28
0.0285258899200978	-0.573623924263965	0.376	0.452	1	GABARAPL2	c28
0.00336165460975164	-0.573556393352608	0.259	0.379	1	ADRM1	c28
0.2368774648904	-0.57353805493267	0.147	0.186	1	NUBP2	c28
0.0391611936335796	0.573287200905344	0.241	0.192	1	CSNK1D	c28
0.00334675916321922	-0.573230562866569	0.229	0.343	1	NDUFB6	c28
0.409206427365548	0.57321708847723	0.035	0.026	1	VARS2	c28
0.489202425729333	0.57307940570989	0.035	0.027	1	CYP2U1	c28
0.12368227726807	-0.572638431000354	0.041	0.073	1	MTRES1	c28
0.0581997247917209	-0.572191879894145	0.088	0.144	1	ZMPSTE24	c28
0.17535907418391	0.572188057037795	0.047	0.03	1	KBTBD7	c28
0.0508116463074826	-0.572184479366388	0.388	0.448	1	OSTF1	c28
0.795095050951004	0.572161903321045	0.082	0.08	1	MBIP	c28
0.0900286397066243	-0.572090741701034	0.106	0.158	1	TIMM50	c28
0.953599448756579	0.5720630340336	0.012	0.011	1	TRIM36	c28
0.307205244243919	0.571948701629957	0.047	0.033	1	METTL2A	c28
0.0289465045366244	0.571808834132079	0.129	0.085	1	BTN2A1	c28
0.245834502246965	-0.57174491701597	0.112	0.146	1	RUVBL2	c28
2.87706803096879e-05	0.571661733749443	0.412	0.288	1	APOL6	c28
0.775989516667802	0.571552425815058	0.024	0.021	1	AC097382.3	c28
0.413008205898222	0.571117540322989	0.071	0.058	1	KIF1BP	c28
0.0106595724124914	-0.571020354740237	0.247	0.343	1	RHEB	c28
0.0317534286307284	-0.571020029748129	0.376	0.438	1	VPS29	c28
0.0527762589794948	-0.570758044018427	0.294	0.376	1	SCAMP2	c28
0.00453405093937109	0.570700666632205	0.194	0.125	1	KLC1	c28
0.698451101715035	0.570629259667497	0.1	0.095	1	MFSD14B	c28
0.491445189400672	0.570531758873039	0.047	0.061	1	IL1B	c28
0.705035238970209	0.57052604642712	0.035	0.031	1	NAXD	c28
0.0812729867496704	-0.570514301442913	0.247	0.318	1	FAM174C	c28
0.0168968340435288	0.570508770825725	0.176	0.122	1	CKAP5	c28
0.541894670916216	0.570498959994071	0.047	0.039	1	ZNF317	c28
0.43334037355875	-0.570443210288089	0.012	0.02	1	CNNM2	c28
0.377210769301168	0.570439969987985	0.124	0.107	1	ZNF580	c28
0.966918142990394	-0.570188443989356	0.035	0.036	1	TANGO6	c28
7.30449829090938e-07	-0.569950131456973	0.765	0.741	0.0267351941945574	ATP5MG	c28
0.805456609685399	0.569897933610723	0.029	0.033	1	WDR25	c28
0.000447740521721361	0.569827967918953	0.288	0.195	1	TUBGCP2	c28
0.0541736364758873	-0.569727052520279	0.482	0.512	1	COTL1	c28
0.187107358138179	0.569619360233381	0.153	0.125	1	PIP4P1	c28
0.0387078697285739	-0.569455228711152	0.176	0.256	1	MRPL4	c28
0.0101064380626779	0.569414642946023	0.106	0.06	1	KDM3A	c28
0.549348265576722	-0.569277951196344	0.1	0.086	1	RFTN1	c28
0.789166604522797	0.568804867782856	0.018	0.021	1	MAPRE3	c28
0.900753443148541	-0.568797237330874	0.053	0.051	1	PAAF1	c28
0.00508128519894077	-0.568793619261258	0.218	0.333	1	TXNL1	c28
0.42816465727643	0.568705260990772	0.012	0.021	1	MFAP5	c28
0.0408822578166146	0.568587584998107	0.129	0.088	1	CDK10	c28
0.453235471404288	0.568462324108657	0.035	0.026	1	HDAC4	c28
0.0677283852009863	0.568437007787909	0.159	0.119	1	DDB2	c28
0.0393811642705678	-0.568372466094775	0.135	0.206	1	ZDHHC24	c28
0.00392603886643689	0.568201276171273	0.088	0.043	1	DLG1	c28
0.933671980799024	0.568164403047655	0.024	0.023	1	FAM131A	c28
0.0209759308961651	0.568008129644895	0.229	0.173	1	DNAJC2	c28
1.42234434118736e-08	-0.568007381978868	0.841	0.804	0.000520592252317987	H3F3A	c28
0.798828653540218	-0.567796069999329	0.088	0.083	1	GSR	c28
0.997637868760738	0.567632011825647	0.112	0.119	1	SLC35F6	c28
0.000330022843030018	0.567345405707627	0.253	0.159	1	RANBP2	c28
0.0713271475304538	-0.567049334041417	0.365	0.434	1	RGS10	c28
0.216030453081777	0.567008622663071	0.053	0.036	1	FAM168A	c28
0.061421963431517	-0.566949208332498	0.065	0.113	1	MTX2	c28
0.0145352381955128	0.566511855146464	0.294	0.235	1	HSPH1	c28
0.00845821641959842	-0.566278097050046	0.618	0.623	1	ENO1	c28
0.117059209389818	-0.565930811851718	0.029	0.059	1	XRCC4	c28
0.226070938521451	-0.565900850453568	0.171	0.13	1	HOPX	c28
0.614400149588117	0.565849111985438	0.053	0.046	1	TLR1	c28
0.503221992420924	0.56580796772375	0.029	0.022	1	MARK4	c28
0.00509911348945469	-0.565645152342543	0.035	0.104	1	LILRA5	c28
0.0492219001086408	0.565577752132772	0.076	0.045	1	CYB561	c28
0.00843724488974867	-0.565333382596771	0.059	0.131	1	AAMDC	c28
0.690485801933072	-0.565293311531716	0.018	0.022	1	GATD3B	c28
0.0585676844866958	-0.565218578434722	0.076	0.127	1	MRPL48	c28
0.170324922305037	-0.565052339693655	0.018	0.038	1	GADD45A	c28
0.00237062769644098	0.565013431727467	0.176	0.108	1	MARCH6	c28
0.265156901968568	0.56499057745875	0.053	0.037	1	INTS5	c28
0.0523379529450894	-0.564741197903099	0.035	0.076	1	FAM118B	c28
0.0289978668241695	-0.56473889237856	0.194	0.276	1	PPP2CA	c28
0.0152690027166686	0.564565517032235	0.047	0.021	1	NBPF20	c28
0.15244746082903	0.564522033435016	0.071	0.111	1	TM6SF1	c28
0.0815810728429945	-0.564488246644678	0.088	0.138	1	NDUFAF4	c28
3.64821687639259e-05	0.563940160635035	0.418	0.299	1	PRPF8	c28
3.92553010417972e-06	0.563901429005629	0.382	0.248	0.143678327343082	NIBAN1	c28
0.000973316563807061	0.563885946696527	0.206	0.123	1	CRLF3	c28
0.00427729036039627	-0.563841536951613	0.218	0.32	1	PTTG1IP	c28
0.514405970864887	0.563786533999266	0.012	0.007	1	AP003068.2	c28
0.385513867621926	-0.563763476376055	0.006	0.014	1	RBKS	c28
0.779532726707962	0.563715954412785	0.118	0.135	1	LYPLAL1	c28
0.316386972010277	0.563655165021134	0.241	0.228	1	ENG	c28
0.270849609538534	-0.563541234710058	0.065	0.091	1	GALNT2	c28
0.30543673906522	0.563442441456365	0.106	0.086	1	WDR48	c28
0.469857436493943	-0.563316344922058	0.018	0.027	1	NXT2	c28
0.183146623987867	-0.563182503923786	0.065	0.097	1	CREM	c28
0.0325763418783796	0.563023660128971	0.071	0.039	1	BCAS3	c28
0.362607290515755	0.562961651213079	0.071	0.056	1	OTUD5	c28
0.39917368985841	-0.562914253165111	0.071	0.09	1	TACO1	c28
0.0553679193172444	0.562860154619414	0.135	0.095	1	AGTPBP1	c28
0.78669683468669	-0.562707795306168	0.065	0.06	1	ATP6V0A2	c28
0.685738027210667	-0.562629668546178	0.018	0.014	1	SEMA4A	c28
0.00824153089091084	0.562565234272427	0.153	0.096	1	KLHL24	c28
0.0908244556634925	0.562356627461049	0.218	0.182	1	HSD17B4	c28
0.18842677690295	0.562272519639251	0.135	0.11	1	VRK2	c28
0.00267174425726797	0.562153091383289	0.241	0.165	1	UVRAG	c28
0.807211168200314	0.56198567526775	0.053	0.059	1	ATN1	c28
0.26530014839048	0.561754707253572	0.153	0.13	1	VAV1	c28
0.121750958526056	-0.561659462099018	0.324	0.356	1	LGALS9	c28
0.0836290449214252	-0.561458606047502	0.147	0.208	1	VMA21	c28
0.759327514200951	0.561312890524821	0.035	0.032	1	INO80B	c28
0.133088900769159	-0.561268720699004	0.053	0.087	1	FN3KRP	c28
0.154111983473416	-0.561231957707015	0.135	0.184	1	PEF1	c28
0.336379710471873	0.56118712232591	0.012	0.006	1	ZXDA	c28
0.0672778669992707	0.560989622729192	0.1	0.066	1	ZMAT3	c28
0.123650374200006	-0.560674328483164	0.171	0.225	1	NDUFAF8	c28
0.00549059011259373	0.560655552469572	0.106	0.057	1	CTDSPL2	c28
0.917617763340392	-0.560553713381199	0.024	0.025	1	ATAT1	c28
0.581506956575016	0.560359452757656	0.124	0.117	1	LHFPL2	c28
0.0262006848394876	-0.560343850101397	0.482	0.511	1	TUBB	c28
0.000691567002873401	0.560168761656963	0.312	0.218	1	FOS	c28
0.446810562470296	0.560164199662751	0.041	0.031	1	TMEM185A	c28
0.910887991179566	0.560162502842975	0.029	0.031	1	MMAA	c28
0.400048152085023	0.559974728604071	0.071	0.058	1	PGM3	c28
0.0106913558320605	0.559782490683789	0.165	0.106	1	BTN3A1	c28
0.0503238694763539	-0.559674145367508	0.312	0.396	1	MRPS34	c28
0.212217812720623	0.559670427246471	0.259	0.238	1	AC026369.3	c28
0.025847193661072	0.559635704744846	0.041	0.018	1	C10orf88	c28
3.89673633302978e-06	0.559621562759962	0.353	0.219	0.142624446525223	SMARCC2	c28
0.324186073949588	-0.559490720685516	0.471	0.42	1	GRINA	c28
0.000357481577493646	0.559279503781281	0.206	0.121	1	TBC1D22A	c28
0.150893054366986	-0.558995579544846	0.318	0.369	1	HMOX2	c28
0.251164155648594	0.558938436127725	0.018	0.009	1	CCDC138	c28
0.121207809463919	0.558780070213446	0.141	0.108	1	SLC7A6OS	c28
0.0411175366956716	-0.558464470863372	0.524	0.536	1	RPS27L	c28
0.00459609373515643	0.558432454604147	0.182	0.116	1	CCDC137	c28
0.0874705886334866	0.558224678708616	0.082	0.054	1	ASB3	c28
0.00736211782634404	-0.558207020481283	0.159	0.262	1	ELOVL1	c28
0.00012906866710069	-0.557825224379524	0.635	0.678	1	SUMO2	c28
0.0326039057445494	-0.557581214686713	0.224	0.311	1	LSM3	c28
0.183925668927208	-0.557565515699733	0.035	0.061	1	TEX30	c28
0.159177511752062	0.557364593739212	0.094	0.069	1	SLC25A40	c28
0.0075396728643305	0.557302279882843	0.329	0.261	1	GAA	c28
0.397022106786869	0.557098069922688	0.029	0.02	1	RFNG	c28
0.504414035108666	0.556913510399741	0.094	0.083	1	ABRAXAS2	c28
0.799274289558042	0.556847467660348	0.024	0.027	1	FRAT2	c28
0.8509242581061	-0.556776248598033	0.012	0.01	1	KDM8	c28
0.00335962606284405	0.556774165925829	0.094	0.047	1	POC5	c28
2.52090448527082e-19	-0.556090216383929	0.976	0.956	9.22676250653971e-15	TMSB10	c28
0.605403375259357	-0.555904128125918	0.006	0.01	1	MFSD2A	c28
0.939829616453379	0.555854458290084	0.029	0.031	1	NUDT6	c28
0.00200024374513387	0.55579693749198	0.212	0.136	1	ZKSCAN1	c28
0.0646737248285366	-0.555758142633085	0.294	0.374	1	MRPL20	c28
0.780823259913599	-0.555735073825824	0.029	0.033	1	IL15RA	c28
0.188434210767458	-0.555662670753923	0.276	0.326	1	RNF167	c28
0.0934366546097743	-0.555557416755955	0.2	0.263	1	ANXA4	c28
0.227503985122813	-0.555524574170553	0.076	0.108	1	CREB3	c28
0.158845998564488	-0.555467222841085	0.118	0.162	1	MVB12A	c28
0.424379894337534	0.555308324326431	0.124	0.11	1	HIBADH	c28
0.48910950834641	0.555255574232538	0.041	0.032	1	FAM200A	c28
0.147601279769502	-0.555208373676409	0.012	0.031	1	ZNF574	c28
0.172604192276054	0.555069515434406	0.024	0.012	1	AC097534.2	c28
0.582268400506289	-0.555014434578789	0.018	0.024	1	THAP2	c28
0.338843270669656	0.554988207059155	0.041	0.06	1	GTF2H4	c28
0.148750358492114	-0.554872489461019	0.235	0.297	1	PSMB4	c28
0.765940514494957	0.554804736529314	0.047	0.043	1	DHX40	c28
0.439807389250089	-0.55441110930711	0.047	0.035	1	S1PR5	c28
0.0358747144962246	0.554394957193354	0.024	0.009	1	AL121839.2	c28
0.402820858147419	-0.554371973510796	0.024	0.036	1	YTHDF1	c28
0.00167207358758165	0.554356945200113	0.118	0.061	1	SOS1	c28
0.369212527300669	-0.554316528131298	0.076	0.099	1	TPGS1	c28
0.755296286755127	0.554270601461218	0.012	0.015	1	HES6	c28
0.0401821867662786	0.554238007972972	0.129	0.087	1	PSPC1	c28
0.225278618038512	0.554186559826979	0.041	0.026	1	AC027097.1	c28
0.216759606576513	0.5539686495508	0.035	0.022	1	IL4I1	c28
0.699513541990108	-0.55381337839647	0.418	0.419	1	HIST1H4C	c28
0.0816295052902219	0.553648133913061	0.118	0.083	1	LRCH4	c28
0.0365744715765206	-0.553609009664956	0.212	0.29	1	POLR2G	c28
0.363375109788492	0.553588064328438	0.053	0.04	1	RUNDC1	c28
0.00993189219990994	-0.553539328478517	0.159	0.255	1	MIIP	c28
0.598711577329777	0.553491577445228	0.141	0.136	1	CEP63	c28
0.494583491717111	0.553069027597731	0.112	0.1	1	DNAJC10	c28
0.814111164022633	0.552933006970851	0.053	0.05	1	SLC9A6	c28
0.523456413290876	0.552604261239273	0.012	0.019	1	CDA	c28
0.140234422187928	0.552598984411271	0.053	0.033	1	INCENP	c28
0.927549563086604	-0.552528852080796	0.018	0.019	1	NUP35	c28
0.0412781776314342	-0.55252109203742	0.176	0.254	1	CHCHD5	c28
0.169134674861334	0.552154941648228	0.094	0.069	1	UBE4B	c28
0.500305007581864	0.552123321511782	0.029	0.022	1	FANCD2	c28
0.0266023069263924	0.552042987234096	0.076	0.043	1	PTER	c28
2.26695310678417e-05	0.551957856751585	0.388	0.267	0.829727506614074	ERICH1	c28
0.527208660712364	0.55189422585208	0.088	0.077	1	SNRPD3	c28
0.887775168205361	-0.551761895408383	0.012	0.011	1	AL031963.3	c28
0.378515881922814	0.551559528011339	0.041	0.029	1	ATP8B2	c28
0.111595866766255	0.551283557105813	0.035	0.019	1	GLCCI1	c28
0.00981154387513121	-0.551262350279465	0.082	0.159	1	PDZD11	c28
0.0354616590391132	0.551239702328856	0.047	0.023	1	RAB33B	c28
0.0862564625704874	-0.551045060176555	0.441	0.502	1	SERBP1	c28
0.424023446504379	0.55098287921058	0.024	0.016	1	CR381653.1	c28
0.00264865704353254	-0.550824458792647	0.647	0.645	1	OST4	c28
0.0764984027687986	0.550617454188322	0.035	0.017	1	DUSP14	c28
0.961417635046897	0.550546860296574	0.053	0.053	1	PUS1	c28
0.194561594442253	-0.550183814159749	0.853	0.665	1	ANXA2	c28
0.34492602413955	0.550176309421554	0.141	0.122	1	UNC13D	c28
0.0187216932845935	0.550164161674409	0.141	0.092	1	SUCO	c28
0.426617512182048	-0.549949111750665	0.029	0.042	1	TMEM250	c28
0.577602893714947	0.54990220474985	0.082	0.073	1	LRRC8D	c28
0.655656687621548	0.549776554665047	0.012	0.016	1	ZSCAN5A	c28
0.0246134315284864	-0.549762885616869	0.376	0.453	1	RBX1	c28
0.00196901071764706	0.549540927186966	0.153	0.088	1	DAZAP1	c28
0.427810683346987	0.549452497952394	0.059	0.047	1	SAMD4B	c28
0.339190000179309	0.549428386402274	0.059	0.045	1	GEMIN5	c28
0.02703245975813	0.549379137873087	0.076	0.043	1	NAA30	c28
0.624219153043417	-0.549042519733733	0.012	0.017	1	ZNF286A	c28
0.357227218075655	0.548963896013674	0.088	0.072	1	VPS18	c28
0.724416139945104	-0.548862895708106	0.024	0.02	1	MFSD9	c28
0.213957273021491	0.548706454723831	0.041	0.026	1	PCSK5	c28
0.175926330517645	-0.548695340560343	0.029	0.053	1	LXN	c28
0.376128229751737	0.548684294303428	0.018	0.011	1	TMPO-AS1	c28
0.015827713028303	-0.548658447115059	0.441	0.514	1	C19orf53	c28
0.0475838027684785	0.548605063237448	0.059	0.032	1	ACOX3	c28
0.0140513526814762	-0.548548391315623	0.1	0.18	1	SMIM30	c28
0.752010406966005	-0.548528225193914	0.029	0.034	1	HNRNPA1P48	c28
0.281023757119011	-0.548468631492822	0.018	0.033	1	RYBP	c28
0.00102418447568473	0.548438619637568	0.318	0.227	1	OIP5-AS1	c28
0.768947831440549	-0.548357224428819	0.041	0.037	1	ZNF33B	c28
0.000383592288968174	-0.548178493556986	0.618	0.689	1	UQCRB	c28
0.000126335257630167	0.547969823045822	0.324	0.214	1	HK1	c28
0.0080911837137322	0.547790549503432	0.3	0.235	1	ATF4	c28
0.242737216366369	0.547743324570238	0.071	0.052	1	RPS6KB1	c28
0.00834541054702698	0.547735673770825	0.029	0.01	1	LRRN3	c28
0.104772771068141	0.547673556408787	0.053	0.031	1	TMEM161B	c28
0.183870064753537	-0.547648296868577	0.053	0.083	1	ARV1	c28
0.169678545213558	0.547403772293083	0.035	0.02	1	NEIL1	c28
0.957246150756658	0.547394556420546	0.024	0.025	1	DTWD2	c28
0.357256698992535	0.547308457800234	0.141	0.125	1	ARHGAP17	c28
0.132774888422456	-0.547307437897521	0.129	0.179	1	SMIM19	c28
0.0150704358712144	-0.54706433627375	0.376	0.461	1	ERH	c28
0.0456448285587589	-0.547053986839511	0.141	0.21	1	MRPL28	c28
0.00614885655326842	0.546835320614683	0.224	0.155	1	CNOT1	c28
0.728374922000987	0.546814340919324	0.1	0.095	1	IFT27	c28
0.00559747394719639	0.546338470749581	0.382	0.308	1	ACADVL	c28
0.0701849177082796	-0.546302099555762	0.188	0.258	1	THOC7	c28
0.00104827827161611	0.546301170665747	0.147	0.08	1	LPGAT1	c28
0.0465672174573523	-0.546091967420318	0.035	0.077	1	DNASE1L1	c28
0.438067461788578	0.545834076419421	0.065	0.053	1	PICK1	c28
0.0665924748608421	0.545821824854017	0.059	0.034	1	MICAL2	c28
0.747895153520986	0.545464072752247	0.012	0.015	1	CCDC153	c28
0.00685533070212486	0.545459257830849	0.3	0.233	1	LARS	c28
0.280579256725719	-0.54545575205588	0.3	0.341	1	CDK2AP2	c28
0.0942968411236437	-0.545246502946676	0.006	0.027	1	MACROD1	c28
0.0742080697486317	0.545006435777681	0.047	0.025	1	APOBEC3F	c28
0.0682621675831371	0.544923044869687	0.112	0.078	1	WDSUB1	c28
0.532169073140053	0.544799181990058	0.024	0.033	1	ADGRE2	c28
0.0117904584007432	-0.544755693679817	0.559	0.568	1	UQCR10	c28
0.0103692310222701	-0.544568526472619	0.529	0.578	1	NDUFA11	c28
0.685635595450968	-0.544453765102634	0.071	0.08	1	HIRIP3	c28
0.00916854362979864	-0.544413116566126	0.282	0.388	1	TMEM179B	c28
0.0236771201790938	-0.54420500017291	0.118	0.194	1	PMF1	c28
0.873705755276023	-0.544040259191359	0.041	0.039	1	KRBOX4	c28
0.787260032302493	0.543965868536667	0.065	0.062	1	NEIL2	c28
0.0739845778836712	-0.543757854293298	0.371	0.424	1	PRDX6	c28
0.00547150191877032	-0.543731040985658	0.306	0.42	1	KDELR1	c28
0.65748080073824	-0.543684817492013	0.018	0.023	1	FAM135A	c28
0.97700075432226	0.543291127835198	0.012	0.012	1	TMEM229B	c28
0.0093128579907235	-0.543013542453502	0.224	0.327	1	DNAJC15	c28
0.00221598417713322	0.542966797952125	0.176	0.107	1	BSDC1	c28
0.501075294679671	0.542925338059782	0.018	0.012	1	CCDC102B	c28
0.732285426063012	-0.542746700482905	0.012	0.015	1	TFEB	c28
0.216845092591562	-0.542665365386676	0.171	0.215	1	RPL7L1	c28
0.0627032968504251	0.542558537820341	0.124	0.086	1	EIF2B5	c28
0.48288879011927	0.542486022855019	0.012	0.019	1	PAQR4	c28
0.0374675323882466	-0.54235998130871	0.276	0.359	1	SEC11C	c28
0.643402198239993	0.542153547439727	0.118	0.113	1	ASPSCR1	c28
0.0170378526781655	-0.542079275628807	0.118	0.199	1	MRPL36	c28
0.075428182228066	-0.542001593238302	0.318	0.378	1	RHBDD2	c28
0.783669229642238	0.54171177577784	0.018	0.021	1	FAM151B	c28
0.0119674835739527	-0.541630996412726	0.576	0.598	1	SOD1	c28
1.50818763672661e-06	0.541479301104266	0.165	0.07	0.0552011756918307	LATS1	c28
0.313657145614398	-0.54130469263781	0.018	0.031	1	SPIN2B	c28
0.459398572141795	0.541089396065952	0.041	0.055	1	CRAT	c28
0.000560100157486645	-0.541016214979375	0.4	0.242	1	SYNE2	c28
0.0300921554927415	-0.54078848167631	0.129	0.201	1	NQO2	c28
0.327627618353345	0.540762618722384	0.012	0.006	1	TRBV11-3	c28
0.300555501198773	-0.540722933926895	0.053	0.037	1	CCR5	c28
0.651294232616853	0.540669738781612	0.059	0.052	1	RNF139	c28
0.485580927934162	0.540549896685639	0.012	0.007	1	AL078459.1	c28
0.414566608540858	-0.540520228915257	0.241	0.273	1	STX10	c28
0.0437806590968024	-0.540467340644547	0.471	0.497	1	DOK2	c28
0.218944646352054	-0.540273995058618	0.112	0.147	1	ACAT2	c28
0.00958702548866341	0.540125570814382	0.188	0.126	1	TMEM50B	c28
0.612756872883071	0.540035545996814	0.082	0.075	1	ERLIN1	c28
0.387430602531301	0.539916641137793	0.082	0.067	1	FOSL2	c28
0.00111755112898167	0.539896361011759	0.106	0.051	1	LTO1	c28
0.355254952592921	0.539838527634635	0.012	0.006	1	CCNT2-AS1	c28
0.51252748224016	0.539533428247974	0.012	0.007	1	AL359258.2	c28
0.951634446064223	-0.53947964649111	0.024	0.023	1	WDR4	c28
0.0158359800817138	0.539373236540685	0.106	0.062	1	TLE4	c28
0.143118870677798	-0.539175679671936	0.382	0.418	1	NDUFA3	c28
0.000757318464664726	0.539104482314559	0.1	0.046	1	EMSY	c28
8.91670932389252e-05	0.539045405037834	0.235	0.136	1	STX16	c28
0.370962536331503	0.538810747592308	0.059	0.045	1	SLC39A13	c28
0.0132617548702387	-0.538712789795755	0.259	0.362	1	SELENOT	c28
0.603029703801244	0.538617912056033	0.212	0.211	1	FFAR4	c28
0.861998700740029	-0.538456019335973	0.012	0.01	1	DBN1	c28
0.0275051637051429	-0.538136307757394	0.088	0.153	1	F11R	c28
0.144494703649342	-0.538043285537748	0.241	0.301	1	PSMD13	c28
0.122947137949046	-0.537976854321053	0.029	0.058	1	SETD9	c28
0.0922575065046413	0.537897144848862	0.041	0.022	1	SYNJ2	c28
0.572462804309807	-0.537873458842432	0.147	0.165	1	SHMT2	c28
0.41278970229809	-0.537866400766579	0.141	0.116	1	BATF	c28
0.452074884070995	0.537821941832616	0.006	0.012	1	CD163L1	c28
0.00350954900828377	0.537785503709789	0.194	0.124	1	VHL	c28
0.0241376827418304	-0.537733941771102	0.582	0.585	1	HMGN2	c28
2.84555311927503e-05	0.537719695248238	0.206	0.107	1	VPS13A	c28
0.0864283352077993	-0.537691257784199	0.012	0.037	1	RABL3	c28
0.00053075341701597	0.537269669739365	0.3	0.204	1	ZNF655	c28
0.0486174853040749	-0.537238208778735	0.118	0.181	1	FARSA	c28
0.0304609411910595	-0.537230633858123	0.153	0.233	1	CDC123	c28
0.91376582332639	0.537202935657752	0.035	0.038	1	CD274	c28
0.567427892329178	-0.537107206063181	0.024	0.031	1	ATPSCKMT	c28
0.167551962298248	-0.537070045519018	0.359	0.4	1	RPN2	c28
0.0131138234628829	0.536944276089975	0.024	0.007	1	LGR6	c28
0.0320614836268431	-0.536922281223834	0.265	0.349	1	SUMO3	c28
0.614410207295459	-0.536902663126295	0.018	0.024	1	ZNF236-DT	c28
0.342898577572468	0.536676385245096	0.029	0.019	1	MTHFSD	c28
1.38251879853855e-05	0.536560768932001	0.371	0.237	0.506015705453093	STK10	c28
0.75926936474015	0.536330283163245	0.053	0.06	1	VDR	c28
0.034202920217261	-0.536224717732997	0.212	0.294	1	ANXA7	c28
0.134961397513126	-0.536201836101941	0.053	0.086	1	BCL7C	c28
6.43489791215418e-12	-0.535954596678587	0.929	0.889	2.35523698482755e-07	CFL1	c28
0.485773209699059	-0.535848106594946	0.006	0.012	1	SPAG1	c28
0.0953915910798375	0.535764337153116	0.024	0.01	1	PLA2G4B	c28
0.744644398975465	0.535706236282141	0.112	0.108	1	TRPT1	c28
0.000148356647102877	0.535642363680101	0.465	0.354	1	IDS	c28
0.0926162578004245	-0.535610834290954	0.053	0.092	1	HIGD1A	c28
6.66061866823101e-05	0.535531634009398	0.247	0.144	1	PHF20L1	c28
0.99392976536308	0.535368676494489	0.018	0.018	1	BMF	c28
0.00516225627698637	-0.535324727332857	0.2	0.312	1	HDDC2	c28
0.396571575732818	-0.53516317359255	0.012	0.021	1	DCAF4	c28
0.0129585414776213	-0.535074400536354	0.159	0.248	1	SCCPDH	c28
0.0139172960933659	-0.535037169147294	0.047	0.109	1	SPR	c28
0.0881285882562783	-0.53416736261186	0.047	0.085	1	GOT2	c28
0.075631841832941	0.533846167349271	0.094	0.062	1	AC118549.1	c28
0.196731802934066	0.533292242970425	0.041	0.026	1	TUBGCP4	c28
0.807855563807898	0.533000857274423	0.041	0.038	1	TOMM34	c28
0.590965356979983	0.532919917967282	0.012	0.008	1	ZNF304	c28
0.0067041724944023	0.532834576704961	0.118	0.067	1	RBM48	c28
0.29344677349931	0.532826341052137	0.053	0.038	1	FAHD2B	c28
0.657036489571956	-0.532738351625149	0.012	0.016	1	ZNF747	c28
0.0243356386191441	0.532464908917629	0.047	0.022	1	AP006621.3	c28
0.334898321073576	-0.532220065615124	0.006	0.015	1	AC108488.1	c28
0.490607224910584	0.532027214328454	0.065	0.054	1	MXD4	c28
0.0700313617139342	0.53194856669003	0.024	0.01	1	AL627171.1	c28
0.169470452829986	-0.531879378778665	0.018	0.038	1	CXorf40A	c28
0.000466555062788222	0.531616304032325	0.253	0.162	1	SMARCC1	c28
0.184619036241141	-0.531574188766389	0.018	0.037	1	KLHL2	c28
0.500649623327815	-0.531412444820162	0.059	0.073	1	MKNK2	c28
0.0367341016477999	-0.5313596923297	0.306	0.388	1	RPS19BP1	c28
0.101606867304581	-0.531276853805888	0.135	0.189	1	SMIM29	c28
0.152046953407253	0.531069924465893	0.065	0.043	1	AMBRA1	c28
0.0927367130112178	0.531043423444459	0.165	0.129	1	BROX	c28
0.022307508181992	-0.53092426440143	0.088	0.157	1	ATG101	c28
0.039186646869244	-0.530909005125364	0.224	0.151	1	PRF1	c28
0.383107403552187	-0.530678316059837	0.129	0.157	1	DTD1	c28
0.13242298978454	0.530412503038926	0.276	0.245	1	CEBPB	c28
0.254518180963519	0.530152096271888	0.065	0.047	1	NCAPD2	c28
0.649028551020055	0.530136465760727	0.012	0.016	1	APOC4	c28
0.0497524565986989	0.52987152523611	0.159	0.116	1	TM9SF3	c28
0.419952675977662	0.529833939635997	0.024	0.016	1	IPPK	c28
1.58822861379603e-06	0.529680788282258	0.594	0.427	0.0581307554935486	HSPA5	c28
0.89567793489699	-0.529488427521075	0.024	0.025	1	AC007384.1	c28
0.365833431340047	0.529183382146915	0.071	0.056	1	NFATC1	c28
0.045067071800079	0.529168711787875	0.135	0.094	1	PACSIN2	c28
0.0414520106925483	0.529070868835468	0.2	0.151	1	PTPRE	c28
0.10717337725311	-0.528888685526739	0.059	0.035	1	XCL2	c28
0.0729827407673642	0.528716931086941	0.018	0.007	1	AC211476.2	c28
0.260646088025252	-0.528683462641487	0.182	0.224	1	NSMCE1	c28
3.61274199766346e-06	0.528531634171814	0.224	0.113	0.13222996985648	CCNL2	c28
0.324526759164395	0.528493926788298	0.3	0.295	1	SERPINB6	c28
0.0982645712806606	-0.528377481098628	0.041	0.077	1	BPNT1	c28
0.582388463827617	-0.528177381546957	0.012	0.017	1	NDC80	c28
0.426994676987336	0.528148264575192	0.029	0.021	1	ALKBH1	c28
0.470096169588144	0.528139116868143	0.071	0.091	1	FAM89A	c28
0.500257248820156	0.528103488186449	0.071	0.06	1	FAM168B	c28
0.41068925215048	0.528069016094292	0.029	0.021	1	HYLS1	c28
0.103563039608264	-0.528055355978407	0.112	0.165	1	GSS	c28
0.0191737916851547	-0.528040399784048	0.429	0.495	1	ARRB2	c28
0.0765179873114788	0.528037059885385	0.035	0.017	1	AL390728.5	c28
0.00657338238767971	0.527925537855205	0.106	0.058	1	NCOA2	c28
3.92354693923271e-05	0.527895629920214	0.135	0.06	1	ZNF84	c28
0.0175069932020533	-0.527777998336988	0.024	0.072	1	TCEAL1	c28
0.348440549116633	-0.527493597379385	0.065	0.086	1	ARL8A	c28
0.0423704697725968	-0.527484662240675	0.1	0.164	1	CRYL1	c28
0.0736679069325099	0.527279743664194	0.059	0.034	1	TCEANC2	c28
0.0531625481913237	0.527036169207964	0.276	0.232	1	CTNNA1	c28
0.184687072608402	0.526869728497781	0.082	0.059	1	CENPK	c28
0.050873847078562	0.526730460875393	0.141	0.1	1	MX2	c28
0.355634298094427	-0.526582864034918	0.035	0.052	1	TICAM1	c28
6.15181463154187e-05	0.52658066548012	0.371	0.256	1	SYNCRIP	c28
0.0416365063725706	-0.526566687267366	0.218	0.297	1	SSU72	c28
0.350357835934617	-0.526354940079941	0.006	0.014	1	PTDSS2	c28
0.535682400950381	0.52610964881556	0.076	0.067	1	TMEM192	c28
0.263133654206716	0.526109621538567	0.129	0.108	1	SFXN3	c28
0.614941163182606	0.526022684494946	0.076	0.069	1	NPEPL1	c28
0.341003090390224	-0.525968256109335	0.053	0.073	1	ING3	c28
0.00334236717770795	0.525875499855496	0.265	0.187	1	MX1	c28
0.0108838901315386	0.525825083878524	0.282	0.218	1	SEC31A	c28
0.0143576599544283	-0.525668339924155	0.153	0.242	1	WDR61	c28
0.734017697831534	0.52518535597823	0.041	0.037	1	GPATCH1	c28
0.751769519187773	-0.525102709601132	0.059	0.065	1	PDRG1	c28
0.384580478974814	-0.524972171106018	0.035	0.05	1	DGCR2	c28
1.0403887710209e-05	-0.52488519607324	0.988	0.944	0.38079269408136	VIM	c28
0.00600861559487548	-0.524682230692751	0.6	0.622	1	RAN	c28
0.537839030993213	-0.524580996092959	0.088	0.104	1	CARD19	c28
0.401041943700529	-0.524497878404836	0.288	0.321	1	BUB3	c28
0.00521916261459961	-0.524476709532526	0.088	0.178	1	ACOT4	c28
1.88909482205774e-08	-0.524431884160008	0.924	0.896	0.000691427595821354	ACTG1	c28
0.526237905177686	-0.524286339305086	0.018	0.025	1	AL445524.1	c28
0.0895570991313237	-0.524285148779893	0.553	0.521	1	TKT	c28
0.0198476979291453	-0.524114647823844	0.324	0.408	1	NDUFAB1	c28
0.562533052659752	0.523634663366713	0.035	0.028	1	FZR1	c28
0.418357786865278	-0.523477949313608	0.012	0.021	1	CDKN3	c28
0.0481215006558834	-0.523426611735842	0.359	0.429	1	SPCS2	c28
0.873247531727675	-0.523414294194043	0.112	0.108	1	SCAF4	c28
0.100286537227339	0.523396776202254	0.012	0.004	1	GREM2	c28
0.692504214153862	-0.523192366734226	0.047	0.054	1	GIMAP8	c28
0.0088425959530478	0.523114482342856	0.065	0.03	1	FAM118A	c28
0.883120505106228	0.523113617646913	0.041	0.039	1	NAF1	c28
0.0797531787535872	0.52300683893002	0.071	0.044	1	USPL1	c28
0.0212445964995346	0.522997793117649	0.176	0.123	1	EXOC1	c28
0.315222609331111	-0.522899801723448	0.035	0.053	1	FOXRED1	c28
0.140873682794808	-0.522892660630284	0.294	0.362	1	SF3B6	c28
0.0888118974130627	0.522828091219036	0.076	0.049	1	HACD2	c28
0.821023919126057	0.522734612251712	0.053	0.059	1	SRM	c28
0.833069294694111	-0.522642947440606	0.059	0.063	1	HACL1	c28
0.966353596658588	-0.522572166117377	0.047	0.048	1	ZNF335	c28
0.338519298821645	0.522492670382707	0.012	0.023	1	HSPA14.1	c28
0.07092498777697	-0.522481195625049	0.188	0.255	1	TMEM134	c28
0.00875761088836319	0.522448828969064	0.141	0.087	1	MGA	c28
0.0340198319868406	-0.522425248173909	0.018	0.056	1	MARVELD1	c28
0.011133015221298	0.521775411430615	0.141	0.088	1	AHCTF1	c28
0.668490251389426	0.52176133290408	0.106	0.101	1	IRS2	c28
0.0668559377857514	-0.521748137064611	0.341	0.419	1	OTUB1	c28
0.00508520457689176	0.521745073835928	0.176	0.112	1	OXSR1	c28
0.00791721775627892	0.52161729109657	0.118	0.067	1	ANAPC4	c28
0.600339680308103	0.521596400232608	0.006	0.01	1	C19orf73	c28
0.668009393002122	-0.521539021470314	0.171	0.151	1	HIST1H1D	c28
0.756218671255789	-0.521410677621993	0.029	0.034	1	TRAF2	c28
0.0074309142326375	-0.521369650648396	0.171	0.275	1	MPG	c28
0.473215623100987	0.521239097473851	0.176	0.165	1	MAFB	c28
0.00024746762192929	0.52123507871295	0.165	0.086	1	SESN3	c28
0.299721544415088	0.520918889937801	0.2	0.186	1	GABARAPL1	c28
0.761895301604019	0.52059749292463	0.041	0.037	1	DSN1	c28
0.831359860802635	-0.520584519532142	0.018	0.016	1	JRKL	c28
0.339894459978143	0.520577896022996	0.112	0.093	1	E2F4	c28
0.24356082141206	-0.520521816998472	0.235	0.28	1	COX16	c28
0.511564838417288	-0.520512211950687	0.018	0.026	1	MYL6B	c28
0.960807201510931	0.520448503249684	0.024	0.023	1	ZWILCH	c28
0.103697569473441	-0.520277897222201	0.288	0.351	1	EMC4	c28
0.330728160830768	0.52003969092394	0.147	0.13	1	ZSCAN16-AS1	c28
0.58358576237926	-0.519991678184487	0.053	0.063	1	FBXL3	c28
0.199036404282617	0.519981951169579	0.082	0.06	1	ITPRIP	c28
0.891340573669565	0.519921053783333	0.112	0.123	1	CSF2RA	c28
0.457554414698303	0.519848006068513	0.059	0.047	1	TATDN2	c28
0.0700445251008525	-0.519773655017249	0.153	0.219	1	UBE2E3	c28
0.400987767905171	-0.519518455114784	0.024	0.015	1	INTS6L	c28
0.00051085732729683	0.519455698118421	0.059	0.021	1	MANEA-DT	c28
0.0144066030080556	0.519380320288522	0.118	0.071	1	ATE1	c28
0.650101788461573	0.519325913339888	0.024	0.03	1	EIF5A2	c28
0.991870455027242	0.519281896306932	0.018	0.018	1	ZNF573	c28
0.0955389118771187	0.519249874926269	0.035	0.018	1	RALGPS2	c28
0.0242426873689156	-0.519082048088498	0.312	0.39	1	C4orf48	c28
0.0046576777951613	0.518836414907758	0.071	0.032	1	USP21	c28
0.454650684313077	-0.518526542988968	0.129	0.152	1	C15orf61	c28
0.0998833983865713	0.518188104535136	0.271	0.23	1	TGM2	c28
0.00089023754966891	0.517986358791388	0.182	0.106	1	MTF2	c28
0.91549060170022	0.517818256589066	0.024	0.023	1	SLC1A7	c28
0.551361009827624	0.517652400675275	0.1	0.121	1	ASL	c28
0.477244508629317	0.517349523302295	0.076	0.065	1	SNX18	c28
0.111063213480095	-0.517191859129573	0.282	0.341	1	SELENOS	c28
0.0946276818254164	-0.51718119341804	0.176	0.242	1	FAM177A1	c28
0.81261679932106	0.517093091374203	0.018	0.016	1	STBD1	c28
0.00142361848952212	0.516970769799432	0.194	0.117	1	CASP8AP2	c28
0.000248402422511149	0.516798274478711	0.147	0.074	1	SCAF8	c28
0.333411501508045	-0.51675624090427	0.106	0.084	1	FAS	c28
0.490528974551595	-0.516368131096473	0.006	0.012	1	KLHL26	c28
0.000288093945008253	0.516317179201376	0.335	0.234	1	DHX36	c28
0.00363856413696366	-0.516229478862192	0.035	0.107	1	RIPOR1	c28
0.000622858590376709	0.516225089863563	0.418	0.318	1	PDCD6IP	c28
0.385664578016128	0.516115671641996	0.006	0.014	1	C9orf40	c28
0.0674400150788001	-0.516011787135665	0.118	0.178	1	MRPS10	c28
0.0147858390810981	0.515972248834788	0.218	0.156	1	RAP2B	c28
0.245347288190725	0.515776858773907	0.041	0.027	1	ADAL	c28
0.415739455272645	0.515611003022462	0.071	0.058	1	SNAPC3	c28
0.90808213407031	0.51550703031402	0.029	0.028	1	SELENOO	c28
5.39155147703911e-13	-0.515208948581686	0.965	0.938	1.97336175611108e-08	PFN1	c28
0.693277406737085	-0.515095711012231	0.012	0.009	1	AP002490.1	c28
0.205566564176585	-0.515053184848782	0.053	0.081	1	SYNC	c28
0.291599238731056	0.514997533355504	0.012	0.006	1	ZNF554	c28
0.0291185605445107	-0.514972054193112	0.253	0.331	1	PEPD	c28
0.672357950346407	-0.514921002649223	0.018	0.023	1	AC090517.5	c28
0.818404883890236	0.514890819333462	0.071	0.069	1	TCAIM	c28
0.0245812946781235	-0.514834763399425	0.265	0.36	1	SUMO1	c28
0.559742152506973	-0.514644046976274	0.047	0.058	1	TIFA	c28
5.23931366216247e-06	0.514530938026136	0.453	0.309	0.191764119348808	ARID4B	c28
7.26963051063006e-06	0.514426786846163	0.224	0.114	0.266075746319571	CAPN7	c28
0.0320806766062794	0.514174419704239	0.118	0.076	1	CSNK1G1	c28
0.0171435591495919	0.514158938524331	0.271	0.212	1	MAP7D1	c28
0.0140524714112455	0.514067410114528	0.2	0.139	1	TNKS2	c28
0.277594104191448	-0.514020842481945	0.006	0.017	1	LRRC6	c28
0.948601901066501	0.514004210616456	0.088	0.091	1	LIMS2	c28
2.94903246332126e-05	0.514003591011937	0.647	0.482	1	TGOLN2	c28
0.111499339276941	-0.513959476485245	0.4	0.434	1	DNAJA1	c28
0.15857105198624	0.513948956767256	0.088	0.064	1	DAAM1	c28
0.00247401376230934	0.51379774914868	0.106	0.054	1	FBXL20	c28
0.283273253840759	0.513740657464876	0.212	0.194	1	IFIT2	c28
0.970502012594662	0.513701785482999	0.024	0.024	1	CDKL1	c28
0.00180132506617929	0.513698892794198	0.4	0.302	1	RMDN3	c28
0.0782062330739165	0.513635048349385	0.029	0.014	1	SLC35G1	c28
0.0455115187215351	-0.513612457132098	0.088	0.052	1	SPON2	c28
0.647854554318636	0.513404586798009	0.035	0.03	1	FASN	c28
0.99603322236792	0.513343648019767	0.1	0.105	1	PLXNB2	c28
0.485734187959355	0.51264322970429	0.047	0.038	1	PIGO	c28
0.68457045691201	-0.512556248812186	0.024	0.019	1	ETV7	c28
0.00191575218933429	0.51236058711137	0.265	0.183	1	FOXN3	c28
0.864955075584363	0.512138438484842	0.018	0.016	1	CASZ1	c28
5.95627275633319e-06	0.51187648120597	0.335	0.197	0.218005539154551	ANKRD44	c28
0.842841028916779	-0.511827129361066	0.029	0.032	1	RAB43	c28
0.00167349588509971	-0.511787993709502	0.082	0.185	1	ACOT13	c28
0.427670446726479	0.51159065776792	0.006	0.013	1	B9D1	c28
0.229518727047169	-0.511582542445039	0.1	0.135	1	FAM110A	c28
0.0378886075023644	0.511023718988085	0.176	0.128	1	GMIP	c28
0.272038237525268	0.510945458379379	0.024	0.014	1	PLXNC1	c28
0.444582295920185	0.510918459331243	0.159	0.149	1	GNB4	c28
0.0385566061293569	-0.510890629997938	0.224	0.306	1	SLC25A39	c28
0.270786427527309	0.510750424301371	0.071	0.053	1	GHDC	c28
0.629576617949682	-0.510693188312887	0.029	0.024	1	CAPN12	c28
0.334496870019857	0.510545767960879	0.006	0.015	1	OSCP1	c28
0.562899286984355	0.51037941481551	0.065	0.08	1	RAB7B	c28
0.570606431294524	0.510327572792205	0.029	0.023	1	SYNGAP1	c28
0.0326541033032358	0.510055878408121	0.112	0.071	1	VAPB	c28
0.0288384488679628	0.509998667304371	0.159	0.111	1	PLAA	c28
0.9553324444954	0.509643696143316	0.094	0.099	1	STK40	c28
0.00867964044457979	0.509612644028121	0.076	0.038	1	RBM34	c28
0.0146443705514347	0.509332715080487	0.147	0.095	1	MTAP	c28
0.993259962869223	-0.50932437753795	0.024	0.024	1	CENPM	c28
0.344804167203379	0.509305694892642	0.071	0.055	1	MAP2K5	c28
0.0120015636353312	0.509273123356593	0.135	0.082	1	SIN3A	c28
0.0149561448024644	0.509236289677512	0.194	0.133	1	PTPN22	c28
0.262607630730301	-0.509145466458143	0.024	0.041	1	FUZ	c28
0.0125768237608091	0.509017700107566	0.318	0.249	1	PSMD1	c28
0.0162958182084133	-0.508963369754113	0.082	0.154	1	NUBP1	c28
0.143639879999493	0.508732491965179	0.088	0.062	1	LRCH3	c28
0.44444018866608	0.508714054394366	0.071	0.058	1	RARS2	c28
0.367610148506445	0.508627362643398	0.035	0.025	1	GYS1	c28
0.708607594700534	0.508579999058692	0.047	0.042	1	MYLIP	c28
0.0513908771951442	0.508575851452312	0.059	0.032	1	MIATNB	c28
0.873327714273904	0.508387337622161	0.059	0.064	1	RTN1	c28
0.0175223075857836	-0.508310725505578	0.218	0.314	1	MMADHC	c28
0.513028890005522	-0.507948749509837	0.053	0.066	1	SPECC1L	c28
0.527723309050675	-0.507909714902602	0.153	0.172	1	ATP6V0E2	c28
0.299325468030149	0.507833304302411	0.112	0.092	1	HYOU1	c28
0.0284290436365399	-0.50763113107433	0.229	0.32	1	HCFC1R1	c28
0.152249634608726	0.507615624101559	0.082	0.058	1	POLL	c28
0.334309788362066	-0.507441333866085	0.082	0.063	1	NELL2	c28
0.409589471330243	0.507361999994999	0.082	0.107	1	SPIN1	c28
0.196008158478383	0.507299772257133	0.188	0.164	1	RIN3	c28
0.207881373004495	0.507152246658583	0.053	0.035	1	C1orf109	c28
0.521973045846784	-0.507034186139654	0.047	0.059	1	C16orf87	c28
0.474207491389737	0.506471287554364	0.106	0.093	1	TBC1D15	c28
0.355080829335067	0.506425999251922	0.118	0.1	1	SRP68	c28
0.277848243306611	-0.506192942458938	0.029	0.018	1	MPP7	c28
0.0040542491316416	0.506111200111755	0.247	0.171	1	MIA3	c28
0.100243656378722	0.505960988068494	0.071	0.045	1	SPATA33	c28
4.09480610723851e-09	-0.505874786125991	0.947	0.909	0.000149873998331037	SH3BGRL3	c28
0.0156857006083193	0.505810753963495	0.076	0.04	1	FAM76B	c28
0.0400784879998365	-0.505747262275988	0.429	0.493	1	RABAC1	c28
0.697476010864416	-0.505677824258111	0.059	0.067	1	MTRF1L	c28
0.13535054919078	0.505623530545993	0.076	0.052	1	COG7	c28
0.423676860923061	0.505554636959142	0.2	0.189	1	RDX	c28
0.0833988026403233	-0.505390540646145	0.2	0.265	1	DGCR6L	c28
0.362899296312435	-0.505196322531981	0.006	0.014	1	EEF1AKMT3	c28
0.344067711496612	0.505164579519898	0.118	0.1	1	KLF10	c28
0.0133599599791987	-0.505143982965506	0.559	0.37	1	CD2	c28
7.48746616373594e-08	-0.504909415878167	0.876	0.829	0.00274048749058899	PPDPF	c28
0.320113901871086	-0.504895936374452	0.106	0.136	1	TSN	c28
0.667072737203414	0.504819082862983	0.012	0.009	1	MTMR8	c28
0.034105450062749	-0.504805228115734	0.2	0.29	1	SAT2	c28
0.105680643167653	-0.50451434031592	0.229	0.296	1	DCTN2	c28
0.000305447108281892	-0.504313155008876	0.6	0.621	1	COX5B	c28
0.583123107157828	0.504202888176868	0.041	0.051	1	C7orf25	c28
0.377566486090176	0.504116420192236	0.106	0.089	1	MAPKAPK2	c28
0.273774098498361	0.504052601866599	0.059	0.086	1	CARD9	c28
0.744505576520664	0.503913454631843	0.106	0.121	1	AL121933.2	c28
0.391757286859699	-0.503779877580214	0.118	0.144	1	B4GALT1	c28
0.404930352158583	0.503619955704349	0.082	0.068	1	PIAS4	c28
0.0157006186154834	-0.503528041534582	0.571	0.593	1	CALR	c28
0.0264782801321618	-0.50338279287056	0.112	0.185	1	BRMS1	c28
0.172144199075857	-0.503091285948808	0.024	0.046	1	MBNL1-AS1	c28
0.416739017321513	-0.502878619469296	0.241	0.277	1	TMX4	c28
0.510974188370673	0.502694115936207	0.024	0.017	1	ZNF614	c28
0.055560664862919	0.502671382944476	0.071	0.041	1	PILRB	c28
0.199817489027938	0.502580566971268	0.035	0.021	1	USP45	c28
0.400440441525805	-0.502529580969807	0.035	0.025	1	TRGV3	c28
0.127960108408699	-0.50238965541662	0.218	0.278	1	BABAM1	c28
0.199863607373618	0.501975066365591	0.065	0.045	1	RCL1	c28
0.144145834384455	-0.501791507228765	0.041	0.071	1	MPZL1	c28
0.131028241475668	-0.501773756799769	0.047	0.08	1	HS1BP3	c28
0.219298570494505	-0.501651290747139	0.224	0.273	1	CMTM7	c28
0.0916981756227083	0.501598038745073	0.059	0.035	1	TADA2A	c28
0.0960197060934942	-0.50133131286991	0.165	0.226	1	RPA3	c28
0.0382508818877103	0.501183361998321	0.106	0.067	1	PRPF18	c28
0.0124052344236308	0.501062567291209	0.129	0.079	1	NOP2	c28
0.155497492056633	0.501002771686547	0.029	0.016	1	C21orf58	c28
0.0943162949942869	-0.500986593222519	0.2	0.264	1	NAGK	c28
0.166877148190262	0.500895045819721	0.076	0.054	1	EDC4	c28
0.282223812107894	0.500601647725572	0.018	0.01	1	LINC01011	c28
0.355253281034827	0.500123761673521	0.029	0.02	1	NEFL	c28
0.0183621076453691	-0.500081333131039	0.194	0.287	1	IDH3G	c28
0.00892910532510214	0.500002538023518	0.159	0.101	1	LDLRAD4	c28
0.0562873463193895	-0.499844873870409	0.194	0.263	1	PTPMT1	c28
0.152128394350425	0.499843970748405	0.1	0.073	1	LIN37	c28
0.580433807940664	0.49979587889944	0.065	0.078	1	RAB42	c28
0.423504543221881	0.499766002766902	0.041	0.031	1	ZFP64	c28
0.535891234661872	0.499174148249933	0.059	0.049	1	ELP1	c28
0.162199415055912	-0.499029750534245	0.365	0.415	1	EIF2S2	c28
0.0073553175422946	0.49891730233452	0.076	0.037	1	USP37	c28
0.0183240499708086	-0.498844998356938	0.394	0.266	1	SKAP1	c28
0.299526323347008	-0.498691883003588	0.194	0.234	1	RPP21	c28
0.39347657388313	0.498598540264645	0.047	0.065	1	FUNDC1	c28
0.0125210145521233	0.498436104479386	0.129	0.079	1	TIA1	c28
0.564690159006976	0.498423975320563	0.059	0.05	1	PCBD2	c28
0.00287290132997695	0.498273659587141	0.335	0.254	1	NEMF	c28
0.0194804302380524	0.498228730167942	0.147	0.096	1	PREX1	c28
0.0044314089012984	0.498219404109126	0.053	0.021	1	UBE2O	c28
0.0213278592144698	-0.497912633861171	0.347	0.429	1	SRI	c28
0.00309771273426253	-0.497839933838971	0.706	0.66	1	PSMA7	c28
0.00979229683831542	-0.497735019499583	0.182	0.281	1	ECHS1	c28
0.331973621276143	0.497648554422372	0.047	0.034	1	EXOSC2	c28
0.0163766812850934	-0.497378629382477	0.1	0.177	1	GLMP	c28
0.921989197979589	0.497198106823321	0.029	0.031	1	NACC2	c28
0.156631767902036	0.496878441178811	0.076	0.053	1	SGSH	c28
0.0921858536246205	0.496850349133628	0.041	0.022	1	OSM	c28
0.0231290622333912	-0.496749876299177	0.435	0.483	1	SH3BGRL	c28
0.114240018926087	-0.496672223594077	0.247	0.312	1	MTCH1	c28
0.0509314073260715	0.496514690869133	0.094	0.06	1	ESYT2	c28
0.0294403658174324	0.496416418940637	0.247	0.196	1	GSPT1	c28
0.0501873467464806	0.496266837181987	0.165	0.119	1	RNF4	c28
0.00363845825091838	-0.496253724659978	0.276	0.396	1	TMEM230	c28
0.016440438857886	0.496200685683796	0.171	0.115	1	CHKB	c28
0.156800799179717	0.496159715615589	0.065	0.043	1	BRWD3	c28
0.651795254953078	0.496002219611375	0.035	0.03	1	PLEKHM3	c28
0.880402520047785	-0.495834953932396	0.112	0.106	1	ORMDL3	c28
0.00911989635497897	0.495701821247378	0.359	0.286	1	VPS35	c28
0.540582749490559	-0.495637270039688	0.029	0.022	1	CCL3	c28
0.315719956511067	0.495430598680038	0.012	0.006	1	HKDC1	c28
0.603087926051898	0.495422783887718	0.035	0.029	1	ACP6	c28
0.073272475413949	0.495281538256146	0.118	0.082	1	ADRB2	c28
0.702363799003487	0.495242470676386	0.082	0.077	1	KCTD10	c28
0.00197703001867585	0.495049224982353	0.282	0.198	1	TLK1	c28
0.000747977327188898	0.494980276117845	0.306	0.21	1	ITGAL	c28
0.773044111010624	0.494940321405185	0.053	0.06	1	PAX8	c28
0.450060145873601	0.494907578046657	0.082	0.069	1	MAPK13	c28
0.660874781688503	0.494746653098409	0.082	0.096	1	TRMO	c28
0.37508378303735	-0.494693286583147	0.035	0.024	1	PDCD1	c28
0.0110243085013223	0.494669186160259	0.288	0.222	1	LMBRD1	c28
0.923304299484028	-0.494654141105544	0.029	0.028	1	FBXL17	c28
0.317456694979528	0.494601414511913	0.071	0.054	1	NELFB	c28
0.277683451043377	-0.49446959849868	0.024	0.04	1	DYNC2LI1	c28
0.10278102658603	-0.494279760780893	0.112	0.165	1	FBXL15	c28
0.0361311552066151	0.494215141350861	0.182	0.133	1	DDX54	c28
0.528194516163586	0.494195311716195	0.018	0.012	1	YOD1	c28
0.191909472582755	-0.493710309230061	0.035	0.06	1	H2AFX	c28
0.188062795453872	-0.493513542369993	0.088	0.124	1	SRPRB	c28
0.0488373190354559	-0.49343640460355	0.212	0.289	1	HSD17B10	c28
0.144005113811998	-0.493400939842544	0.224	0.285	1	PPP1R11	c28
8.2783850210428e-06	0.49330014230795	0.441	0.298	0.302997170155188	FOXP1	c28
0.189265932174068	0.493223292481075	0.082	0.06	1	IER3	c28
0.0130266447619997	0.493070935439103	0.035	0.013	1	AK5	c28
0.0233774594544912	0.492755847349324	0.088	0.05	1	PCMTD2	c28
0.52629686799091	0.492723752532581	0.024	0.017	1	AC015982.2	c28
0.300239102080714	-0.492497994313176	0.041	0.061	1	ENOX2	c28
0.00373624376032738	-0.492216131616	0.129	0.232	1	MRPL33	c28
0.0927353474415042	0.491959568707496	0.218	0.178	1	HNRNPL	c28
0.790595370518223	0.491871714135408	0.018	0.015	1	ZNF852	c28
5.54008922393764e-05	0.491683366289269	0.394	0.275	1	SRSF4	c28
0.0990996209769306	0.491597101267627	0.176	0.14	1	GNL1	c28
0.00327427785507385	-0.491488266827947	0.582	0.603	1	PEBP1	c28
0.112764273083932	-0.49147691129203	0.159	0.215	1	COMMD4	c28
0.0725332174242838	0.491391275984373	0.141	0.103	1	YBEY	c28
0.206990811883247	0.491367868472304	0.053	0.035	1	GLI4	c28
0.10712357480624	0.491019443420933	0.041	0.023	1	ZNF805	c28
0.00647702267642989	-0.490912344971139	0.271	0.373	1	LAPTM4A	c28
0.226485252722478	-0.490869382523053	0.018	0.035	1	ST6GALNAC2	c28
0.371413270918535	-0.490664911713245	0.3	0.336	1	DDX18	c28
0.150638681345069	0.490643502525598	0.053	0.034	1	PI4K2B	c28
0.027067153463629	0.490328636752813	0.012	0.003	1	AL133410.1	c28
0.0544304558866162	-0.490268399187807	0.194	0.134	1	GZMB	c28
0.836021408098709	-0.49020528483932	0.1	0.106	1	ABHD17A	c28
0.413381486123584	0.490089878811611	0.018	0.011	1	TVP23C	c28
0.65480197177218	0.489799853904154	0.106	0.099	1	CAMK1D	c28
0.0181534007372283	-0.489765752529465	0.053	0.115	1	MRAS	c28
0.221102965319184	0.489751940416024	0.053	0.081	1	TMEM150A	c28
0.000711771996980573	0.489590492817863	0.071	0.027	1	RGS16	c28
0.707014287523811	-0.489467649046521	0.076	0.085	1	DNAJC17	c28
0.0517601577336467	-0.489194135663089	0.1	0.159	1	STARD3NL	c28
0.981274261178609	-0.489180144237152	0.018	0.017	1	NCALD	c28
0.55388029211926	0.488902948353152	0.1	0.091	1	FAM207A	c28
0.53667610456041	0.488892028027441	0.194	0.189	1	IFIT3	c28
0.0268630697028136	0.488763262943597	0.041	0.018	1	EIF4E3	c28
0.0430605478320287	-0.488681528137525	0.118	0.184	1	MALSU1	c28
0.0213342147875955	-0.488631902894566	0.135	0.082	1	JAK3	c28
0.328691174708688	0.488427834989056	0.012	0.006	1	RLN2	c28
0.031717527517114	-0.488231948143724	0.476	0.524	1	TRMT112	c28
0.227906271402472	0.488050803267082	0.012	0.005	1	SPINK2	c28
0.750310624757107	0.488040077113071	0.035	0.032	1	CD72	c28
0.0281175308138083	-0.487898245413698	0.159	0.239	1	MIF4GD	c28
0.246883691441212	0.487889297935069	0.112	0.09	1	NXPE3	c28
0.308010430310209	-0.487676712132103	0.129	0.101	1	PTPN7	c28
0.0728077541359258	-0.48763936319075	0.047	0.025	1	ANO9	c28
0.215406174693046	-0.487630074050865	0.518	0.447	1	CTSW	c28
0.0675464670388066	-0.487541026280222	0.218	0.294	1	SLIRP	c28
0.265127230966024	-0.487328950401877	0.006	0.017	1	EGFL7	c28
0.20952526076362	0.486991324607612	0.082	0.061	1	NRDE2	c28
0.789860519671473	0.486962131078647	0.106	0.117	1	HPF1	c28
0.30254977135362	-0.486949995311671	0.041	0.061	1	NFYB	c28
0.229982926336605	-0.486933182235639	0.118	0.153	1	PPID	c28
0.558246049727718	0.486918513195085	0.035	0.028	1	NDC1	c28
0.271857712428522	0.48679460628189	0.018	0.009	1	DERPC	c28
0.510490147885629	-0.486776647229238	0.018	0.026	1	ZNF227	c28
0.0195981778437802	-0.486598812703027	0.135	0.22	1	TIMMDC1	c28
0.0789756295544472	0.486551236025853	0.094	0.063	1	RCOR3	c28
0.0296176818920429	-0.486476473699332	0.088	0.153	1	RABIF	c28
0.0107247486827595	0.486400927026768	0.188	0.128	1	EXOC7	c28
0.103946723467834	-0.486300617155736	0.282	0.347	1	ACAA2	c28
9.11280963295369e-05	0.485884961540968	0.318	0.203	1	ARHGAP4	c28
0.311838497602661	0.485702438191343	0.059	0.083	1	OPN3	c28
0.00728874842955836	0.485665463810033	0.153	0.094	1	UBQLN2	c28
0.423705058339004	0.485642935083884	0.029	0.043	1	WLS	c28
0.091798198456575	0.485638815179382	0.141	0.105	1	ELAVL1	c28
0.0837787065284197	0.485558042000303	0.082	0.053	1	LDLR	c28
0.0390573431073041	0.485452124837682	0.071	0.04	1	MRTFB	c28
0.000234247428934664	0.485434891220037	0.171	0.09	1	KDM4C	c28
9.45063868270306e-06	0.485294248348045	0.476	0.337	0.345902826425615	ATRX	c28
0.0425912269106162	-0.485135266466061	0.165	0.242	1	TCEAL4	c28
0.243726185347993	0.485061780726861	0.012	0.005	1	PDE9A	c28
0.953336751652548	0.48491704251062	0.035	0.035	1	NECAB3	c28
0.675568018087823	0.48480869879505	0.012	0.016	1	AC068338.2	c28
0.354703117523355	0.484727014910642	0.041	0.059	1	CDCA7L	c28
0.099953357668432	0.484589374629779	0.076	0.05	1	LRCH1	c28
0.605973615727001	0.484584233690711	0.024	0.018	1	IFT46	c28
0.110166657587398	-0.48457033469918	0.494	0.531	1	PSMB8	c28
0.463209173220598	-0.484530252258631	0.053	0.041	1	TRBV19	c28
0.677398143344513	0.484401483635768	0.082	0.076	1	ZNF880	c28
0.0307956156286795	0.484380021799352	0.153	0.105	1	CCDC57	c28
0.9040396462637	-0.484199071797274	0.012	0.013	1	MORN3	c28
0.00186248606746068	0.48410013190417	0.129	0.069	1	INO80D	c28
0.108644459360866	-0.484029288894824	0.371	0.426	1	SNRPB	c28
0.0928069229336942	0.483834056333309	0.165	0.13	1	TBC1D4	c28
0.0810290901330969	0.483819555073474	0.065	0.039	1	TASP1	c28
0.119497084564871	0.483735194770749	0.047	0.028	1	ZFP62	c28
0.0478327640063109	-0.483634038428502	0.282	0.361	1	NAPA	c28
0.00764691795673536	-0.483475647690536	0.424	0.496	1	MICOS10	c28
0.258759531820656	0.483093194688606	0.129	0.107	1	ZFAND3	c28
0.465332485676464	-0.482824139305547	0.006	0.012	1	LINC02610	c28
0.014921422152625	-0.482822978922602	0.141	0.23	1	NDUFA8	c28
0.582253319043743	-0.482796621065456	0.059	0.049	1	FCRL6	c28
0.496730761006868	-0.48269160601158	0.024	0.017	1	IL18R1	c28
0.0225643224115669	-0.482668190422704	0.241	0.339	1	SMIM26	c28
0.00148943589476715	0.482519430470516	0.106	0.052	1	ZNF708	c28
0.0287990351947232	0.482450778135143	0.071	0.038	1	TMEM154	c28
0.0104079526143251	0.482187638605059	0.147	0.094	1	WIPF2	c28
0.102385658877516	0.48216845145555	0.065	0.04	1	TRAPPC2	c28
0.0354390777862524	-0.482067453214953	0.241	0.164	1	KLRG1	c28
0.444264303248792	-0.481740891520526	0.047	0.062	1	TBL1X	c28
0.132172453258835	0.481729736226734	0.094	0.066	1	WDR70	c28
0.704175806576153	0.481696109130319	0.035	0.031	1	SDC3	c28
0.5081519762707	0.481678575317551	0.018	0.012	1	AP003717.4	c28
0.998589758084515	-0.481231571403256	0.176	0.177	1	CLDND1	c28
0.0567298748099064	-0.481202367504483	0.029	0.067	1	CCDC58	c28
0.151676442023142	-0.481149696467953	0.253	0.308	1	NDUFAF3	c28
0.100357475630084	0.480919989556189	0.094	0.065	1	ARHGAP27	c28
0.0190803005760309	-0.480860181900276	0.576	0.628	1	CNBP	c28
0.106714596674817	-0.480844750678453	0.259	0.325	1	PSMA3	c28
0.2196194229704	-0.480823183262784	0.147	0.192	1	LLPH	c28
0.508003667672838	0.480752485693214	0.194	0.189	1	TIMM17A	c28
0.62724775652777	-0.480705470511513	0.047	0.056	1	TRIP4	c28
0.0423837409496615	-0.480610404774676	0.206	0.288	1	TRAPPC2L	c28
0.0597592846205859	-0.480539919775451	0.153	0.224	1	GPAA1	c28
0.251154801693393	0.4804295736648	0.206	0.184	1	PDLIM5	c28
0.980693913248027	-0.480355729877859	0.094	0.095	1	BTG3	c28
0.219262913021879	0.480185473363685	0.076	0.056	1	CEP135	c28
0.480574348686555	-0.479982901499358	0.006	0.012	1	LINC01135	c28
0.674558521720247	0.479920081724827	0.118	0.111	1	CFAP410	c28
0.747145743931247	-0.479412702030095	0.541	0.429	1	SERPING1	c28
0.11021716890355	-0.479402299263318	0.082	0.128	1	SLC35B1	c28
0.879000300438749	-0.479400474459039	0.041	0.044	1	PRMT5	c28
0.0327038742025794	-0.479373730951747	0.041	0.09	1	CREBL2	c28
0.117711689190375	-0.479299827081418	0.135	0.188	1	CCDC25	c28
0.000475481865930392	0.479297056197502	0.182	0.103	1	PRKAA1	c28
0.0878861296371137	-0.478948992619666	0.341	0.403	1	TIMP1	c28
0.179569941898852	-0.478944344719219	0.206	0.258	1	ADSL	c28
0.100609049963852	-0.478912957380442	0.471	0.503	1	RNASET2	c28
0.0726132967468436	-0.478837463720537	0.376	0.448	1	PGAM1	c28
0.872896506585384	0.478718115369727	0.047	0.045	1	GBE1	c28
0.0263843502813122	0.478618728528364	0.088	0.051	1	EAF1	c28
0.0341845171947485	0.478334201416045	0.247	0.194	1	ATF6B	c28
0.0163929584443935	0.478262078485091	0.129	0.081	1	CEP290	c28
0.00296068872113797	0.478235084600569	0.082	0.038	1	SOCS3	c28
0.0229836075758978	-0.47816907463028	0.288	0.376	1	CCT5	c28
0.418098781529059	-0.478072494457137	0.135	0.161	1	TINF2	c28
0.980518346547795	0.478048747599579	0.065	0.066	1	ZNHIT2	c28
0.0262447234599793	0.477868636040952	0.071	0.038	1	ZSCAN32	c28
0.406943008077053	0.477758889785389	0.012	0.007	1	MORN1	c28
0.271018708916126	0.477593386581412	0.053	0.037	1	SIRT5	c28
0.00950821268244994	-0.477112475119454	0.476	0.556	1	NDUFB11	c28
0.091987326357354	0.477035658627847	0.118	0.083	1	PYROXD1	c28
0.00487299232296493	0.476960781547383	0.094	0.047	1	KLF12	c28
0.0070626135959384	0.476811810843583	0.282	0.208	1	CCNH	c28
0.22933069601803	0.476783244690112	0.147	0.122	1	C1orf131	c28
0.714751600121311	0.47671323490945	0.065	0.075	1	UBXN6	c28
0.0101471331948279	0.476291655217587	0.147	0.09	1	WDR37	c28
0.121844100956739	-0.476251922127692	0.306	0.372	1	SELENOK	c28
0.800730430796663	0.476209951736879	0.059	0.066	1	MANBAL	c28
0.221908836357988	0.475995666216622	0.047	0.073	1	CSF2RB	c28
0.2153661469915	-0.475885470291718	0.141	0.106	1	THEMIS	c28
0.90470242375848	0.475727154957915	0.029	0.028	1	TBC1D31	c28
0.119813805219633	0.47568768460018	0.182	0.148	1	OGDH	c28
0.00216714583483159	0.475687545967044	0.135	0.074	1	VCL	c28
0.0428723911253193	0.475627261726695	0.076	0.045	1	FBXL8	c28
0.125935462619145	-0.475461872820178	0.3	0.371	1	TMEM14B	c28
0.620745019031675	-0.47518817961246	0.118	0.105	1	KRI1	c28
0.195039802215951	0.475124703467463	0.129	0.104	1	ERO1A	c28
0.260766081985529	-0.474679484752122	0.059	0.084	1	BAK1	c28
0.40570690126635	0.47463294364008	0.035	0.025	1	TRERF1	c28
0.170959799056292	-0.474569108837823	0.112	0.154	1	MAZ	c28
0.000708185161294621	0.474272578309994	0.124	0.061	1	SLC20A1	c28
0.171931979068037	-0.474250519446929	0.265	0.32	1	UQCRC2	c28
0.429285302421012	-0.473745346226191	0.035	0.025	1	TRAV4	c28
0.301528461063449	-0.473648368911576	0.059	0.081	1	NDRG3	c28
0.240795570943962	-0.473537795651311	0.1	0.075	1	RINL	c28
0.00896793117772846	0.473531933091631	0.118	0.066	1	BEX2	c28
0.00347884555810373	0.473228437148453	0.347	0.272	1	TMC6	c28
0.269641174576757	-0.473137051855471	0.053	0.077	1	CLPTM1L	c28
0.388240179577337	0.472774352069534	0.059	0.08	1	NDUFAF1	c28
0.0495410672258775	0.47276813410992	0.035	0.016	1	RTKN2	c28
0.23932695519514	-0.472687833462046	0.182	0.227	1	TAF9	c28
0.983991043043581	0.472670604847526	0.053	0.055	1	CCDC92	c28
0.513762232459439	-0.472576809832527	0.129	0.15	1	NMRAL1	c28
0.772405895875474	0.47219472177334	0.029	0.026	1	SMURF1	c28
0.720102803692533	0.472122835076118	0.082	0.077	1	HIF1AN	c28
0.130777260352183	-0.472070525121245	0.347	0.396	1	CHMP2A	c28
0.00162324090395226	-0.47206833413331	0.653	0.686	1	SNHG29	c28
0.0652901858259919	-0.471929702838332	0.012	0.04	1	AC069360.1	c28
0.331488914205204	0.47187465018531	0.318	0.305	1	TPP1	c28
0.396405735366758	0.471699290039584	0.171	0.159	1	COQ2	c28
0.0910619544370612	-0.471658818216615	0.076	0.122	1	DCAF13	c28
0.0409828542807298	-0.471314960216824	0.435	0.469	1	CLTA	c28
0.0222072667959436	0.471195652585793	0.129	0.082	1	KDM5B	c28
0.273300643340222	0.471081081394195	0.012	0.006	1	PVRIG	c28
0.82847816289395	0.471074918938946	0.071	0.069	1	RBBP8	c28
0.00828539626517816	-0.470958369793093	0.188	0.301	1	MRPL14	c28
0.147011889439649	-0.470908794862215	0.306	0.356	1	SQOR	c28
0.694348254571289	-0.47081967016417	0.024	0.019	1	AC093157.1	c28
0.0560841849106931	-0.470672806046387	0.159	0.23	1	DDT	c28
0.216527036351828	-0.470638312726463	0.394	0.433	1	TECR	c28
0.787328939287451	0.470000798873202	0.059	0.055	1	PPP3CB	c28
0.589609650502332	-0.469929353703951	0.094	0.108	1	CPT1A	c28
0.851755047712549	0.469746482707034	0.118	0.119	1	IMPACT	c28
0.374754546093503	-0.469572970800108	0.065	0.084	1	NINJ2	c28
0.538896495642437	-0.469273646434622	0.076	0.063	1	TNFSF14	c28
0.0250594926237562	-0.46923013027752	0.459	0.52	1	ATP5MD	c28
0.0106849956649312	0.468997410203225	0.076	0.039	1	FCHSD1	c28
6.64000093271315e-11	-0.468924870632242	0.994	0.96	2.43030674138234e-06	HLA-C	c28
0.915643211526013	0.468866877958159	0.112	0.114	1	NDUFAF2	c28
0.2415422133745	0.468812280278678	0.076	0.056	1	SMPD4	c28
0.536465067472192	0.468799694849857	0.024	0.017	1	SNAPC4	c28
0.899316483662037	0.46877820638348	0.053	0.052	1	ZMIZ2	c28
0.0442446256224469	-0.468657395799349	0.471	0.516	1	ST13	c28
0.363367031326921	-0.468569962504482	0.088	0.113	1	XRCC1	c28
0.113167379001574	-0.468248528816177	0.041	0.074	1	NTHL1	c28
0.000224913421003713	0.468225460357243	0.376	0.264	1	STAT1	c28
0.613093120594692	0.468189237816302	0.082	0.074	1	MRPL49	c28
0.00722486808084372	0.467911784049867	0.276	0.206	1	GNAI3	c28
0.553514803216876	0.467711561998087	0.153	0.147	1	AGPS	c28
0.415951054260826	0.467537338797995	0.076	0.063	1	PRPF4	c28
0.992948922103709	0.467510055249497	0.124	0.131	1	ALG2	c28
0.170669979400548	-0.467352468538415	0.288	0.322	1	RAB31	c28
0.912883898206101	-0.467333080937773	0.194	0.186	1	ARHGAP9	c28
0.239540156995836	-0.4672850492887	0.282	0.336	1	CCDC107	c28
0.99841283190411	0.467267430596996	0.012	0.012	1	KIAA0895L	c28
0.00114034064718771	0.467169278878289	0.135	0.07	1	CDK6	c28
0.077457242528516	-0.467164508456654	0.018	0.047	1	HCAR3	c28
0.995664484660855	0.46709432424896	0.159	0.17	1	PLEKHO2	c28
0.125848938713136	-0.467035377393547	0.294	0.366	1	ENSA	c28
0.691526778183036	-0.46697247516429	0.035	0.042	1	RITA1	c28
0.0423619996751722	0.46677857665493	0.124	0.083	1	TIMM22	c28
0.134262991348161	-0.466709258896726	0.6	0.612	1	EDF1	c28
0.0044599775174026	0.466664707592568	0.424	0.359	1	XRN2	c28
0.143830732761375	-0.46659549675423	0.435	0.484	1	ZFAS1	c28
0.0660993470489433	0.466414571032795	0.106	0.071	1	VEZT	c28
0.355542937448804	0.466308449328654	0.071	0.055	1	DPH5	c28
0.00191603504834695	0.466200495000815	0.153	0.087	1	CWF19L2	c28
0.681208712660901	0.465850849632675	0.024	0.029	1	AACS	c28
0.00478431740292466	-0.465837959962309	0.847	0.784	1	EMP3	c28
0.126826639416139	-0.465833881716925	0.076	0.118	1	TMED1	c28
0.477144758724782	-0.465734602989452	0.006	0.012	1	MYOM2	c28
0.053510788618407	-0.465693567723142	0.335	0.235	1	LBH	c28
0.0995086131075096	-0.465659690604831	0.118	0.081	1	SLF1	c28
0.463429512125833	-0.465641829503506	0.029	0.041	1	GLMN	c28
0.224339247981944	-0.465532271861783	0.218	0.265	1	COMMD7	c28
0.443431432132226	0.465527154622431	0.047	0.037	1	NARS2	c28
0.000115812767653167	0.465512068049275	0.641	0.504	1	GRB2	c28
0.00335063141543852	0.46537887096503	0.118	0.063	1	ZBTB11	c28
0.335078849306714	0.465038969173189	0.065	0.09	1	CXXC5	c28
0.792227505307118	0.465031672791498	0.018	0.021	1	CUL7	c28
0.236124084970909	-0.464997911102365	0.382	0.442	1	PA2G4	c28
0.342546688740789	0.464973298812558	0.129	0.112	1	CLN6	c28
0.753611958247665	0.464639720512129	0.024	0.02	1	TIPARP-AS1	c28
0.622798031373514	0.464603436722295	0.071	0.084	1	GSTM4	c28
0.287241537384019	-0.464411546835308	0.135	0.17	1	ABCF1	c28
0.891898394503196	-0.464282932520828	0.018	0.019	1	TRIT1	c28
0.00551575008345862	0.464173594718646	0.247	0.174	1	SAFB	c28
2.7596650197426e-05	-0.464075132218158	0.771	0.741	1	SRP14	c28
0.00683044567764954	-0.463594167738984	0.124	0.215	1	CD86	c28
0.999640699730746	-0.46348742700606	0.035	0.035	1	PORCN	c28
0.138916477215742	0.463423206213905	0.147	0.116	1	HUS1	c28
0.412685255273102	-0.463368259005529	0.171	0.142	1	AC243960.1	c28
0.104322670763235	-0.463225686112946	0.606	0.618	1	UCP2	c28
0.015950308744486	0.463001524977016	0.259	0.197	1	SLC39A10	c28
0.0280731777398432	0.462940352921228	0.159	0.11	1	WASHC2C	c28
0.678679088322937	0.462865539718043	0.018	0.014	1	SH3BP5-AS1	c28
0.659556503947673	-0.462854673960998	0.035	0.042	1	TTLL1	c28
0.717675186033074	0.462846827035293	0.012	0.009	1	GSTA4	c28
0.0744656962231321	-0.462629528212165	0.206	0.277	1	C7orf50	c28
0.768742875238335	-0.46261406066501	0.071	0.077	1	TRMT61B	c28
0.0129403819274528	-0.462553208409259	0.029	0.084	1	RRAS	c28
0.72697136028531	0.462547181839929	0.012	0.009	1	TRIM46	c28
0.0309986621441503	-0.462508485969906	0.259	0.345	1	CIAO2A	c28
0.0430876961921013	0.462286501375393	0.182	0.134	1	FOXN2	c28
0.0565361121010579	0.462277070518054	0.071	0.041	1	SLC39A8	c28
0.898881345864708	0.462088915722405	0.018	0.019	1	SPDL1	c28
0.18322516362882	-0.46195523642656	0.112	0.152	1	SIRT2	c28
0.0825370253381882	-0.461912873177374	0.429	0.432	1	AKR1A1	c28
0.111494048522567	0.461817976129638	0.141	0.108	1	IPO8	c28
0.132370328989554	-0.461794545764248	0.276	0.332	1	CAPZA2	c28
0.997650393797608	0.461618497711966	0.018	0.018	1	SOX13	c28
0.298394286767151	0.461604247710542	0.176	0.157	1	KLHDC3	c28
0.117909246584372	-0.46150923023468	0.171	0.233	1	TXNDC12	c28
0.482342381692524	0.461485918580007	0.135	0.124	1	FXN	c28
0.8987512438879	-0.4614352162765	0.282	0.289	1	SPSB3	c28
0.508261973374058	0.461412242077269	0.012	0.007	1	ZMYND19	c28
0.512262029999133	-0.461326585231713	0.024	0.033	1	CENPU	c28
0.844111274398842	0.461192844858621	0.065	0.063	1	ELMOD2	c28
0.359612890879863	0.461025273907922	0.059	0.045	1	NUP205	c28
0.197466371590956	-0.46097576662959	0.006	0.02	1	SPINT1-AS1	c28
0.288399590713749	-0.460926849158347	0.135	0.171	1	BCKDHA	c28
0.106067427902135	0.460892691219697	0.118	0.085	1	ELAC2	c28
0.829568201205107	0.46087247431063	0.059	0.065	1	FBXL12	c28
0.00767489316733691	-0.460569343795462	0.071	0.149	1	STAC3	c28
0.757165060871378	0.460349677946659	0.112	0.126	1	UBL3	c28
0.584375145711993	-0.460249053439964	0.006	0.01	1	CLDND2	c28
0.664724783466495	0.46007451913075	0.012	0.009	1	UBAC2-AS1	c28
0.859704638384412	-0.460066134463738	0.082	0.087	1	TARBP2	c28
0.0420723458227994	0.460019843804516	0.094	0.058	1	BRAP	c28
0.360256839464905	-0.459875815125486	0.024	0.037	1	GOLPH3L	c28
0.319184518053019	-0.459865516539205	0.253	0.212	1	APOBEC3G	c28
0.115200848333639	0.459836825542006	0.206	0.169	1	GARS	c28
0.00501179737312106	-0.459517176820214	0.106	0.199	1	TUBB6	c28
0.0883699769791225	-0.459394892826601	0.206	0.272	1	ARF4	c28
0.601848216586298	0.459259663071469	0.094	0.113	1	AIG1	c28
0.764068070761873	0.459250771408869	0.024	0.02	1	EXOC3-AS1	c28
0.131105263439977	-0.459218606543975	0.171	0.227	1	SMARCB1	c28
0.149439492533434	-0.459192409291504	0.159	0.212	1	SLU7	c28
0.00544780511107491	0.459186164471723	0.276	0.204	1	CCAR1	c28
0.192451568949296	-0.458917991492718	0.165	0.215	1	RAB4B	c28
0.480905695652308	-0.458735411508211	0.053	0.042	1	BCL9L	c28
0.407999727311268	-0.458697820886012	0.012	0.007	1	CARD17	c28
1.98758351576176e-05	-0.45846115456002	0.829	0.783	0.727475442603962	YWHAB	c28
0.0136616793434454	0.458406665498489	0.229	0.168	1	SFT2D2	c28
0.264129496730387	0.458373117837313	0.047	0.032	1	CNOT6	c28
0.0528871101975824	-0.458367275477887	0.241	0.168	1	CLEC2D	c28
0.0512921661137365	0.458355431025578	0.1	0.064	1	MAU2	c28
0.178377624467068	0.458347128407735	0.2	0.172	1	VPS26A	c28
0.525616824021603	0.458155972884293	0.012	0.018	1	CEP19	c28
0.666579008988008	-0.458135824682945	0.682	0.639	1	HCST	c28
0.26405573178415	-0.458070271417683	0.124	0.095	1	ERN1	c28
0.171574376417321	0.458051980184751	0.041	0.025	1	EXTL3	c28
0.0967234377650999	-0.457840140483547	0.076	0.047	1	RAB37	c28
0.154944241278928	-0.457750240921004	0.053	0.085	1	ALG1	c28
0.276984221498449	-0.45738163982899	0.135	0.172	1	TXNDC9	c28
0.974822308869648	0.457263342662803	0.012	0.012	1	ENTPD7	c28
0.00507464495127875	0.457262917209281	0.247	0.175	1	AP3B1	c28
0.0312761713126296	0.457257540548811	0.4	0.354	1	TMED5	c28
0.582265585066845	0.45719014513898	0.153	0.147	1	RDH11	c28
0.629146673988626	0.457188597957748	0.035	0.044	1	EAF2	c28
0.0614923264616008	0.457129086033184	0.012	0.003	1	SLC4A4	c28
0.000837176372188899	0.457031230040363	0.182	0.104	1	DIDO1	c28
0.273497178233877	-0.456785478498548	0.012	0.025	1	CTSK	c28
0.00698610216501444	0.456738259928527	0.112	0.062	1	CYP2R1	c28
0.00288019123999986	0.456713063326096	0.194	0.122	1	ERAP1	c28
0.10866396357762	-0.456695764847268	0.018	0.043	1	TMEM186	c28
0.0162019492620555	-0.456433675376522	0.271	0.18	1	DUSP2	c28
0.0765318988162697	0.456336534715348	0.106	0.073	1	AP3M1	c28
0.0650572020000041	-0.456260309656598	0.365	0.431	1	SSB	c28
0.0776194602468629	-0.45620218015344	0.012	0.038	1	TPRG1-AS1	c28
0.0941824048571243	-0.456186599845105	0.094	0.142	1	CINP	c28
0.000628774340312693	0.456153729666528	0.053	0.018	1	TRAV23DV6	c28
0.0579183145429128	0.456127413365921	0.124	0.085	1	KLHL28	c28
0.000428547015499289	0.456047096439663	0.059	0.02	1	LINC00402	c28
0.00679110067923336	0.455990165724057	0.088	0.045	1	DTNB	c28
0.488876633619206	-0.45587689875326	0.088	0.107	1	HSPBP1	c28
0.479103352370549	-0.455782599965986	0.047	0.037	1	HELLS	c28
0.0282287851104407	0.455715438549496	0.171	0.12	1	TBC1D1	c28
0.0233545466743932	-0.455659635240917	0.371	0.263	1	STK17A	c28
0.000799959197822393	0.455371844848426	0.076	0.031	1	NRF1	c28
0.0755497427016719	-0.455344628865094	0.318	0.389	1	PSMD7	c28
0.065634271677059	-0.455167598908815	0.335	0.403	1	RNF181	c28
0.955735517849583	0.455164065211328	0.018	0.017	1	ST20-AS1	c28
0.0702968043052074	-0.455118369858641	0.206	0.28	1	ERP44	c28
0.884740131271898	0.455101494222235	0.088	0.088	1	AGPAT1	c28
0.837696523704388	0.455073921685533	0.018	0.02	1	TRPM4	c28
0.538190794049764	0.454593586064542	0.124	0.114	1	STYXL1	c28
0.00120598238176935	0.454559374777652	0.318	0.227	1	CDK5RAP3	c28
0.950776233775209	0.454443101323911	0.024	0.023	1	WDR24	c28
0.29081650981001	-0.454411826679004	0.065	0.09	1	FAHD2A	c28
0.624434717954458	-0.454198144490609	0.024	0.03	1	BICRAL	c28
1.44998899468796e-05	0.454154162108759	0.453	0.31	0.53071047194574	NSD3	c28
0.050290453527941	0.454131774825295	0.176	0.131	1	NSUN5	c28
0.13107193776158	0.453815390706051	0.071	0.047	1	ZNF562	c28
0.953629233770233	-0.453656974716791	0.041	0.042	1	LINC00649	c28
0.453102671044102	0.453557654820455	0.124	0.111	1	SLC43A3	c28
0.0931200617464949	0.453483242652437	0.165	0.128	1	TTC7A	c28
0.464609316989995	0.453194011016359	0.053	0.07	1	RNF141	c28
0.149131429442658	0.453115024721255	0.035	0.02	1	CEP97	c28
0.446181546815631	0.452787595883687	0.2	0.189	1	CAPN1	c28
0.101297159641708	-0.452749862363527	0.271	0.34	1	TMEM160	c28
0.0290437753894294	-0.452688058307806	0.153	0.234	1	SLC25A11	c28
0.0594121019788033	0.452581132849592	0.053	0.029	1	BTBD9	c28
0.000615390774055679	0.452493529537522	0.176	0.1	1	SP3	c28
0.494486419666163	-0.452475186604914	0.035	0.047	1	LIN7B	c28
0.0622290883370684	0.452419570394955	0.118	0.081	1	VPS39	c28
0.83610774442821	0.452123625688476	0.053	0.05	1	COX10	c28
0.588883348900054	0.452115418270038	0.018	0.013	1	CFB	c28
0.252999978443188	-0.451972557699204	0.112	0.085	1	CRIP2	c28
0.483725785750253	-0.451929128067844	0.129	0.154	1	SLC52A2	c28
0.46347381871629	-0.45174970658267	0.365	0.377	1	TUBA1A	c28
0.826476594415004	-0.451748214193707	0.029	0.026	1	C1orf21	c28
0.0204832387913366	-0.451602744789231	0.129	0.212	1	MSRA	c28
0.0869262402065544	0.451471148794765	0.235	0.196	1	CACUL1	c28
0.483703893364559	-0.451458144619588	0.012	0.007	1	PGAP1	c28
0.58022958996312	0.451428636439713	0.059	0.051	1	DDX20	c28
0.165801130624261	-0.451383921967837	0.076	0.052	1	SERPINB9	c28
0.0329802690875008	0.451253522592156	0.041	0.019	1	CD200R1	c28
0.444680722844754	-0.451127226035374	0.024	0.034	1	PCGF3	c28
0.704719152228936	0.451126727316957	0.065	0.059	1	THAP5	c28
0.577912279991064	-0.451008112017624	0.012	0.017	1	IRF2BP1	c28
0.00428610246483976	0.45092125979512	0.171	0.106	1	SMG7	c28
0.783908491429318	0.450601310975877	0.088	0.099	1	YARS2	c28
0.000116742905412113	0.450345559014	0.353	0.235	1	FGFR1OP2	c28
0.531925516505173	0.450298773576557	0.053	0.044	1	GPR180	c28
0.97001502730431	-0.450169087430774	0.106	0.108	1	RWDD3	c28
0.257441370410607	-0.449983792381517	0.159	0.196	1	METTL23	c28
0.0682570436498424	-0.449793527773564	0.406	0.476	1	UFC1	c28
0.199143845144319	-0.449729815156804	0.065	0.096	1	CRYZL1	c28
0.162839111277321	0.449692817999057	0.159	0.129	1	CSNK2A1	c28
0.853679809455399	0.449651231267514	0.012	0.01	1	MADCAM1	c28
0.530794577574965	0.44947701578233	0.171	0.163	1	NAA50	c28
0.64325565292872	0.449467914883833	0.065	0.057	1	ELP4	c28
0.934964194713122	0.449377664737827	0.018	0.017	1	ANKEF1	c28
0.0132980872839848	-0.449370597371364	0.082	0.042	1	TRAV9-2	c28
0.10505672191172	0.449342855992226	0.188	0.154	1	ADIPOR2	c28
0.0132416944053968	0.449320714125032	0.118	0.07	1	FBXO3	c28
0.00837068543430716	0.449296984114849	0.047	0.019	1	ZNF346	c28
0.343882276277927	-0.449205530582394	0.035	0.052	1	NOL10	c28
0.097408667175473	0.449068886994078	0.094	0.064	1	ZNF410	c28
0.0701738462090857	-0.449063342362791	0.2	0.275	1	EMC6	c28
0.166956598143858	0.449023331622921	0.153	0.124	1	BRD9	c28
0.0817840926037907	-0.448978956735031	0.018	0.046	1	PVALB	c28
0.110569499099559	-0.448798474127475	0.247	0.32	1	MRPS24	c28
0.0135877829889283	-0.448725457645512	0.512	0.561	1	ATP5F1B	c28
0.450721717612748	-0.448685731071605	0.153	0.178	1	HMGN4	c28
0.678968208315441	-0.448620913895134	0.053	0.046	1	PIGL	c28
0.141768137405109	-0.448578850623112	0.018	0.04	1	INAFM1	c28
0.772989283274462	0.448489411218937	0.106	0.119	1	PIGF	c28
0.6558097164234	0.448372564295783	0.029	0.036	1	DCLRE1B	c28
0.122106291379252	-0.448324250407893	0.041	0.023	1	LINC01934	c28
0.2434912900569	-0.448289484132536	0.065	0.045	1	MSI2	c28
0.77397017224754	0.44821752906978	0.088	0.086	1	TMEM245	c28
0.0315012580031515	-0.448198030061288	0.2	0.288	1	ARF3	c28
0.769229974057331	0.447998499953176	0.076	0.085	1	GUCD1	c28
0.00800198841730932	0.447956553023889	0.129	0.076	1	GAB3	c28
0.00132812223718024	0.447742451046017	0.288	0.198	1	INO80E	c28
0.428322089112722	0.447609644051436	0.047	0.036	1	STK39	c28
0.35006182684307	0.447547390138063	0.194	0.177	1	VOPP1	c28
0.0248965657328086	0.447442305657516	0.141	0.094	1	TRNT1	c28
0.000347235194585142	0.447338249230776	0.141	0.07	1	ANKZF1	c28
0.00338581185359887	-0.446916663097106	0.024	0.088	1	HPGDS	c28
0.406612986939147	-0.446768083895656	0.024	0.036	1	CHUK	c28
0.502053037741147	0.446347861513417	0.053	0.043	1	SPPL3	c28
0.016506314926576	-0.446275876027336	0.047	0.106	1	NUDT2	c28
0.567726351109763	-0.446262415391105	0.865	0.701	1	CTSD	c28
0.216157618122341	0.446045641375898	0.018	0.036	1	FAM114A1	c28
0.0342398400290689	-0.446006210985157	0.194	0.129	1	TC2N	c28
0.747697359658813	-0.446003445203546	0.188	0.203	1	TPST2	c28
0.622728594195468	0.445979794160494	0.047	0.057	1	HEATR5A	c28
0.565725821369395	-0.445936127345351	0.082	0.097	1	GTF3C5	c28
0.392914871893064	-0.445847087706047	0.218	0.254	1	RBM42	c28
0.237576309894796	0.445826900061833	0.247	0.224	1	NUP214	c28
0.271368277733035	0.445774015312529	0.018	0.009	1	TRGV4	c28
0.00502840209409822	-0.445772313033588	0.118	0.215	1	ACAT1	c28
0.0437741825759697	-0.445755252346899	0.159	0.234	1	CREG1	c28
0.151783893492984	0.445553066934858	0.118	0.089	1	TFB1M	c28
0.34504578204683	0.445412305657346	0.065	0.05	1	LCORL	c28
0.165301994398556	-0.445401489611682	0.088	0.126	1	TAF11	c28
0.00048198105151912	-0.445391126903229	0.806	0.718	1	LAPTM5	c28
0.13917313113232	-0.445336769721009	0.312	0.37	1	PSMA5	c28
0.987201729558721	0.44505335724164	0.018	0.018	1	ZBTB9	c28
0.0461932390859213	-0.44504543944153	0.235	0.31	1	CYB5A	c28
0.451671376325714	-0.444977575767628	0.035	0.048	1	SH3GL1	c28
0.250644299369018	0.444893336298414	0.059	0.041	1	ACSS1	c28
0.0489657030369461	0.444880759711023	0.182	0.138	1	NADSYN1	c28
0.679485524001327	-0.444637404214723	0.124	0.138	1	SEC22B	c28
0.0432455826198727	0.444604002997823	0.188	0.142	1	EFTUD2	c28
0.0669505095540709	0.444532444023707	0.082	0.052	1	ADAT1	c28
0.103334230520865	-0.444446554237331	0.188	0.251	1	KDELR2	c28
0.0401394822260682	0.444378879639666	0.053	0.027	1	LINC02611	c28
0.40366691543966	0.444259483982193	0.024	0.016	1	PPP1R3B	c28
0.107532770880685	0.443910457068557	0.094	0.065	1	TAMM41	c28
0.927087457720428	0.443849353061744	0.053	0.056	1	FHOD1	c28
0.019391957595374	-0.443767143941543	0.106	0.183	1	BCKDK	c28
0.918213671785932	0.44351494528825	0.012	0.011	1	RABL2A	c28
0.83176341001797	0.443289161462316	0.024	0.021	1	APBB3	c28
0.0376460675802879	0.4432868519285	0.224	0.174	1	RNF10	c28
0.0313307771376705	0.443258075505515	0.159	0.111	1	NUP98	c28
0.898451189314914	0.443042286280041	0.029	0.032	1	KLHL21	c28
0.0015652466030057	0.442954444716381	0.212	0.133	1	TPP2	c28
0.529363856242642	0.442935709722703	0.129	0.158	1	LRMDA	c28
0.186183383453016	-0.44291642802372	0.235	0.298	1	PSMC4	c28
0.352420051844802	0.442775857812125	0.094	0.077	1	ERCC3	c28
0.888419022282674	-0.442598711999593	0.059	0.056	1	SPOUT1	c28
0.321438884615274	0.442485455411884	0.047	0.034	1	NDUFAF5	c28
0.0929013468915568	0.442430402953869	0.106	0.074	1	DHDDS	c28
0.785302242830529	-0.442279073809674	0.035	0.04	1	LIPT1	c28
0.0160401120074161	-0.442122336466428	0.176	0.269	1	PSMD11	c28
0.62909600333485	-0.442112839072524	0.153	0.168	1	RNF126	c28
0.0165670099451768	0.442096212073406	0.176	0.122	1	RAB3GAP1	c28
0.113454900087441	0.441787766457572	0.106	0.075	1	TMEM80	c28
0.037627865871919	0.441694878387196	0.124	0.081	1	KLHDC4	c28
0.792946493320829	-0.441636758187422	0.112	0.121	1	PPP2R2A	c28
0.366165046334084	-0.441356168949202	0.394	0.428	1	SSBP1	c28
0.0731192403339348	0.441123108374958	0.106	0.072	1	DDX60	c28
0.287637007879736	-0.441062747045137	0.288	0.332	1	C17orf49	c28
0.129382868308526	0.440970448666512	0.094	0.067	1	BLOC1S5	c28
0.527433041790762	0.440907974501604	0.041	0.033	1	EZH2	c28
0.364288155303753	0.440887678336149	0.188	0.17	1	GORASP2	c28
0.00549700008426493	-0.440643229065284	0.241	0.355	1	PHB	c28
0.751089025617863	0.440616713945388	0.041	0.037	1	SRF	c28
0.729538865925719	0.440415608195736	0.071	0.066	1	MIEF1	c28
0.850290105652429	0.440305672984469	0.118	0.119	1	IRF8	c28
0.863576639237921	0.439977330599352	0.059	0.064	1	GOT1	c28
0.0774087415150795	-0.439704734138412	0.024	0.055	1	MTERF3	c28
0.114210231229935	-0.439627609866813	0.288	0.336	1	LAMP2	c28
0.457666189967172	-0.439581380984928	0.112	0.134	1	PDE6D	c28
0.00481764440125111	0.439322150018452	0.2	0.132	1	RB1	c28
0.326756085477475	0.439287721725206	0.024	0.015	1	AC253572.2	c28
0.237991500391098	0.439254736464667	0.182	0.159	1	EIF2AK4	c28
0.00453085368005919	-0.439245597806833	0.041	0.113	1	MDP1	c28
0.0711633837560581	-0.43901636589933	0.012	0.039	1	HYAL2	c28
0.893319278299174	0.438915141750288	0.106	0.107	1	TMEM189	c28
0.0115683231877305	-0.43880977243646	0.076	0.153	1	CLDN7	c28
0.788879793547478	0.438751952756286	0.041	0.038	1	GSTM2	c28
0.811980524708964	0.438651390507424	0.1	0.099	1	DUSP22	c28
0.830147711177883	-0.438620129998343	0.012	0.01	1	SLC43A1	c28
0.000809203376023811	0.438619841310399	0.224	0.139	1	TTC17	c28
0.25475759278249	0.438428049463875	0.047	0.032	1	ASCL2	c28
0.738219128998713	0.438234030282876	0.041	0.037	1	SAP130	c28
0.0873763238291541	-0.438160505581158	0.176	0.241	1	GPS1	c28
0.0205015619487295	0.438147394064952	0.112	0.068	1	ABCA7	c28
0.398405431368601	0.43813661861471	0.041	0.03	1	GKAP1	c28
0.732235238450647	0.438059166446973	0.024	0.028	1	HRAS	c28
0.573735681322986	0.438032217077251	0.012	0.008	1	AL133243.2	c28
0.732092727460062	0.437902556827055	0.053	0.048	1	NCOA5	c28
0.0500405959197641	0.437776058932044	0.129	0.088	1	TOPORS	c28
0.0185199171393327	0.437768385723184	0.271	0.211	1	EIF2AK2	c28
0.383283502048506	-0.437558856229919	0.024	0.015	1	EPHA1-AS1	c28
0.170498967003729	-0.437411706100375	0.224	0.283	1	YIPF3	c28
0.0212217159354181	0.437358377627857	0.2	0.142	1	RNF115	c28
0.10742059240087	-0.437351957431733	0.018	0.043	1	RNASE4	c28
0.56093533729146	0.437337312440769	0.024	0.018	1	CERS4	c28
0.67406053981961	-0.437287650010894	0.041	0.048	1	CRY1	c28
0.636113429564205	0.437155765506822	0.041	0.05	1	MFSD3	c28
0.430244966007832	0.436998669757325	0.094	0.119	1	UNC93B1	c28
0.038710889616815	0.436980428099686	0.176	0.128	1	CRCP	c28
0.624465929523616	-0.436915539852241	0.224	0.205	1	METTL9	c28
0.153172150975554	0.436902497832103	0.035	0.02	1	CENPJ	c28
0.412592566127558	0.43682014209314	0.076	0.062	1	EPS15L1	c28
0.0652564753703532	-0.436745551269549	0.106	0.164	1	SMIM20	c28
0.29337122074823	-0.436719033243217	0.012	0.024	1	AC073896.2	c28
0.0367471127622113	-0.436716569014534	0.071	0.129	1	GSTM1	c28
0.145002644264184	-0.436693178792577	0.253	0.313	1	ZNF428	c28
0.418225824186669	0.436631377158523	0.124	0.109	1	PLPP5	c28
0.0328778310169148	0.436551845509892	0.129	0.085	1	WWP1	c28
0.802813431733812	-0.436389424513658	0.018	0.02	1	FCSK	c28
0.0273341495008752	-0.436321799504264	0.135	0.083	1	STAT4	c28
0.924963807067708	-0.436142617199448	0.029	0.028	1	TEX10	c28
0.840970319174143	0.436111827547325	0.024	0.021	1	NDOR1	c28
0.1104095840049	-0.436070519727094	0.035	0.067	1	CKS2	c28
0.43278746126999	0.435957874426782	0.018	0.011	1	AC008083.3	c28
0.642835558323429	-0.435748363853256	0.1	0.113	1	PLRG1	c28
0.417640469432289	-0.435683447958939	0.029	0.042	1	CDADC1	c28
0.0258282913944314	0.435661243065605	0.235	0.181	1	DHX9	c28
0.159046263870817	-0.435641393821155	0.129	0.177	1	EBP	c28
0.120746976554714	0.435528536467041	0.159	0.125	1	PML	c28
0.00298502096210165	0.435135562769742	0.135	0.075	1	PACS1	c28
0.364302448911389	-0.435084048708753	0.194	0.23	1	NDUFA5	c28
0.4227768618054	-0.435076169208162	0.024	0.016	1	AC012645.3	c28
0.0055098023949044	0.43493049951792	0.053	0.022	1	ZNF507	c28
0.0760826123873667	0.434768030168793	0.218	0.177	1	B3GNT2	c28
0.0738074757687365	0.434749757854066	0.071	0.043	1	TMEM62	c28
0.00204955843104752	0.434492392535129	0.112	0.057	1	PRIM1	c28
0.184442078008637	0.434316382671368	0.194	0.167	1	NCSTN	c28
0.00347692279116918	0.434270930379761	0.088	0.043	1	PRMT3	c28
0.782264362304075	-0.4342415706796	0.041	0.037	1	GID4	c28
0.91659080671117	0.433828848547988	0.029	0.028	1	TWSG1	c28
0.382670460365995	-0.433809990646124	0.024	0.036	1	PHF19	c28
0.0217076329791681	0.433643840677745	0.082	0.045	1	MRNIP	c28
0.937334783520619	-0.433592164343761	0.024	0.023	1	MVB12B	c28
0.168639145935422	0.433527305788802	0.106	0.079	1	RBM28	c28
0.660711281824204	0.433451814161208	0.129	0.124	1	DKC1	c28
0.704874913652731	-0.433439900935667	0.059	0.067	1	METAP1	c28
0.756364101626378	-0.433410916821382	0.076	0.084	1	AKT2	c28
0.227583386876213	0.433235278292133	0.053	0.036	1	HEG1	c28
0.53207209881351	0.433179097625101	0.088	0.078	1	IMPA1	c28
0.00276379871844477	0.433071469628479	0.112	0.058	1	PAM	c28
0.859298719816998	-0.433071131184578	0.024	0.022	1	TMEM267	c28
0.418969986850653	-0.433050477234372	0.012	0.007	1	GNAO1	c28
0.889663004619702	0.432986882447713	0.059	0.057	1	IGFBP2	c28
0.968360561221973	0.432974793531106	0.024	0.024	1	HSF2	c28
0.474633475159417	-0.432905055001129	0.094	0.079	1	NDEL1	c28
0.0472125861322023	-0.43282114003624	0.129	0.198	1	C12orf10	c28
0.237246907769002	0.432748612427793	0.071	0.051	1	TOGARAM1	c28
0.0735887117377104	0.432744981453763	0.088	0.057	1	MFN1	c28
0.286082812908093	-0.432710774261463	0.159	0.196	1	YWHAG	c28
0.0864848723168955	0.432701219848128	0.271	0.229	1	FLII	c28
0.869843030796091	0.4325855723053	0.024	0.022	1	GTF2H2C	c28
0.288084508714963	-0.432226954923175	0.335	0.375	1	SNX17	c28
0.308981130240381	0.432219587953839	0.124	0.102	1	SNHG15	c28
0.649489272052686	-0.432139486373416	0.024	0.03	1	AL139260.1	c28
0.0362061624756797	-0.432054696753322	0.276	0.367	1	PSMB2	c28
0.249952268388742	0.431990460499709	0.065	0.094	1	PROS1	c28
0.662435125426405	0.431825688628458	0.159	0.157	1	ROGDI	c28
0.267991214363262	-0.431568792207423	0.018	0.033	1	SH2B2	c28
0.37987918477134	0.431536839900751	0.235	0.223	1	GLB1	c28
0.0851145551205982	0.431389846872905	0.053	0.03	1	PDK1	c28
0.0915605797273901	-0.431163422951367	0.171	0.233	1	NRBF2	c28
0.0325436498954582	-0.43081302373739	0.688	0.654	1	SKP1	c28
0.00680380697682113	0.430801625894548	0.029	0.009	1	AC025171.3	c28
0.146446594053624	-0.430758901702782	0.088	0.13	1	KIF22	c28
0.00822303024215703	0.430708622338693	0.212	0.145	1	SP140	c28
0.146303114009371	-0.43052435279726	0.076	0.116	1	DEDD	c28
0.0869515317166148	-0.430308442859005	0.206	0.273	1	PSMB7	c28
0.23343287830312	-0.430158131951232	0.012	0.027	1	KMT5A	c28
0.0288522434655612	-0.429939262617641	0.159	0.244	1	COA6	c28
0.0532155575809501	-0.429876164308973	0.312	0.401	1	UQCRC1	c28
0.120887309674414	0.429874898495924	0.141	0.108	1	SGK1	c28
0.471858961010128	-0.429592293011621	0.047	0.036	1	LYRM9	c28
0.0363202088092943	-0.429580877327058	0.153	0.23	1	GNB1	c28
0.289215326965846	-0.429554380921334	0.247	0.284	1	VAMP5	c28
0.0154172004624461	-0.42954448118971	0.294	0.194	1	TUBA4A	c28
1.60910654661689e-05	0.42953589823836	0.459	0.329	0.588949087127249	LUC7L3	c28
0.536428675145703	0.429505403285087	0.182	0.176	1	HAUS4	c28
0.283140088461976	0.42946092101023	0.124	0.102	1	ALG13	c28
0.0547198033000234	-0.429454178747575	0.506	0.528	1	LAMTOR4	c28
0.0120097687609432	-0.42925654337157	0.382	0.475	1	MTPN	c28
0.110277393887373	0.429045026600681	0.329	0.296	1	PARVG	c28
0.575055996499739	0.42889310854432	0.024	0.018	1	NAPA-AS1	c28
0.331634134558876	0.428769423500333	0.082	0.065	1	RBBP5	c28
0.00176778703212393	0.428679288141772	0.294	0.207	1	SUPT16H	c28
0.585001635349377	-0.428557961191906	0.118	0.136	1	SNRNP35	c28
0.270504034789415	0.428516261310413	0.076	0.058	1	PPP3R1	c28
0.0237635460832687	-0.428503870382027	0.135	0.213	1	PFDN6	c28
0.074700630222726	-0.428458233601092	0.453	0.493	1	PRDX5	c28
0.829066481500903	0.428401286360661	0.041	0.045	1	COL8A2	c28
0.763551789164609	0.428329015107759	0.059	0.055	1	RAP2A	c28
0.401450361666016	0.428276418914239	0.076	0.062	1	DYNLL2	c28
0.06192897261781	0.428274835626731	0.088	0.056	1	SNHG30	c28
0.0928350796610154	0.428092263393696	0.047	0.026	1	ANKMY1	c28
0.934458729301781	0.428084606297299	0.041	0.043	1	BRF2	c28
0.754304149100393	-0.428057265166557	0.171	0.182	1	SH3BP1	c28
0.0613768787204725	-0.427947064273286	0.141	0.206	1	SEPHS2	c28
0.264242167552762	-0.427788278274908	0.018	0.033	1	TNNT1	c28
0.75210876616833	0.427686227234517	0.059	0.055	1	ADNP	c28
0.161735492896216	-0.42763909282422	0.141	0.191	1	PHF5A	c28
0.005566088978626	0.427546119869472	0.382	0.304	1	TAF1D	c28
0.928145560449567	0.427428479920914	0.053	0.056	1	AKT1S1	c28
0.0184142797131609	0.427157582226088	0.171	0.116	1	CUL1	c28
0.122728049076221	-0.426948398621674	0.612	0.63	1	CAPZB	c28
0.522498529408948	0.426938769389023	0.076	0.066	1	CDK16	c28
0.123191408733985	-0.426901424256933	0.371	0.423	1	TOMM5	c28
0.472355122470774	0.426782022371982	0.012	0.007	1	AL133477.2	c28
0.696370601538613	0.426778842759928	0.082	0.095	1	PIGBOS1	c28
0.466479809609167	0.426732997334023	0.029	0.021	1	SGSM2	c28
0.137102918292205	0.426517854077682	0.018	0.008	1	ZNRF1	c28
0.0434232355874821	0.42645822029047	0.147	0.104	1	MDFIC	c28
0.173570015185566	-0.426364112738508	0.512	0.508	1	POLD4	c28
0.000159757753748161	0.426242144599132	0.506	0.388	1	MCL1	c28
0.0831531459400006	-0.425971943343816	0.118	0.173	1	GLRX3	c28
0.613427907382521	0.425922502588449	0.053	0.045	1	MAGED1	c28
0.615988156775637	-0.425702364859214	0.065	0.075	1	CD300A	c28
0.0493234837351818	0.425699995151139	0.1	0.064	1	DPH7	c28
0.023456326443413	-0.425677965960273	0.176	0.266	1	COPS5	c28
0.411587799477321	-0.425640360542143	0.147	0.175	1	RANGRF	c28
0.0321388075631519	-0.425326673306075	0.153	0.097	1	SAMD3	c28
0.277310309685434	-0.425313588839044	0.212	0.252	1	HSPA1A	c28
0.0066345579243787	-0.425253080272739	0.865	0.822	1	RPL22	c28
0.763258434956259	-0.425172899654914	0.012	0.015	1	PRELID2	c28
0.129600964763631	-0.425166308512907	0.359	0.414	1	NDUFS7	c28
0.328645509681344	0.425159600694458	0.106	0.088	1	FTSJ3	c28
0.0561268266146973	-0.425135035832561	0.194	0.271	1	PBDC1	c28
0.86981733158823	0.425001331836805	0.088	0.096	1	SUCLA2	c28
0.00167388946876518	0.42495925741806	0.324	0.241	1	FBXO9	c28
0.85539098020697	0.424949241919286	0.018	0.02	1	TADA1	c28
0.02241049437081	0.424815010585405	0.253	0.19	1	CASP8	c28
0.0370399120895191	-0.424667767715474	0.212	0.296	1	SUCLG1	c28
2.51675853793498e-06	0.424661035286096	0.176	0.077	0.0921158792469581	PRDM1	c28
0.941557966783914	0.424550081308726	0.029	0.029	1	NOMO1	c28
0.0121751259000337	0.424471188481376	0.071	0.035	1	BCL2L11	c28
0.0553173803659613	-0.424189189786717	0.118	0.18	1	COMMD8	c28
0.279758015695424	-0.424073690466824	0.188	0.149	1	CXCR3	c28
0.000705951116514487	0.42406071750856	0.088	0.038	1	BCAS4	c28
0.529067407228154	-0.424035566101643	0.024	0.032	1	HFE	c28
0.143878633865156	-0.423801122668139	0.094	0.137	1	TIMM23	c28
0.00271267031723862	0.423780141086049	0.418	0.336	1	EWSR1	c28
0.0493941869827291	-0.423729449078057	0.247	0.172	1	TRBC1	c28
2.16404558010138e-05	0.423656551990127	0.229	0.122	0.792062322772905	ILF3-DT	c28
0.22719317510037	-0.423611034129354	0.018	0.009	1	PGLYRP2	c28
0.194205638957199	0.42358717837684	0.059	0.04	1	GABPB1	c28
0.157760902628982	0.423353987780881	0.076	0.053	1	POLR3D	c28
0.106411482217787	-0.423353792242856	0.529	0.549	1	PARK7	c28
0.0453635279822313	0.423241130290404	0.1	0.063	1	MBD5	c28
0.140264354489635	-0.423140859402802	0.488	0.487	1	TMBIM4	c28
0.449256270925212	0.422787178155435	0.053	0.042	1	C16orf58	c28
0.547665613434966	0.422750897263542	0.041	0.033	1	LTB4R	c28
0.303858179878544	0.422719037377418	0.088	0.07	1	MSH3	c28
0.0459868370497637	-0.42263960030233	0.065	0.117	1	RABEPK	c28
4.76211971744365e-05	0.42258740082593	0.141	0.063	1	AP002387.2	c28
0.386679950921334	-0.422499464578955	0.047	0.064	1	TMEM254	c28
0.285437891709405	-0.422383358581356	0.412	0.448	1	NSA2	c28
0.370775327917527	-0.422251496588456	0.335	0.339	1	HLA-DMB	c28
0.0870757960432585	0.422136350708595	0.047	0.026	1	BRF1	c28
0.0125487875301629	0.422047329721767	0.118	0.069	1	MOAP1	c28
0.755368297118626	-0.422039216329522	0.065	0.071	1	CASP3	c28
0.0946781576957482	-0.422037392432431	0.2	0.269	1	PDLIM2	c28
0.738734174528549	0.42186724531948	0.024	0.028	1	DUS2	c28
0.0127983265816562	0.421858630287359	0.141	0.088	1	PPP1R21	c28
0.68677507900501	-0.42180358142426	0.159	0.172	1	IRF7	c28
0.10226278852435	-0.421504279825536	0.288	0.353	1	PSMG2	c28
0.0360158338727188	-0.421412193153409	0.112	0.179	1	HACD3	c28
0.545305880839069	0.421409447046347	0.165	0.157	1	DYNC1LI2	c28
0.267665703802251	0.421323900829138	0.076	0.058	1	AUH	c28
0.690105628663315	-0.421305002041332	0.429	0.444	1	TAPBP	c28
0.193354005407428	0.421188781830896	0.259	0.236	1	DNAJC7	c28
0.26324514468079	-0.421104329170617	0.306	0.35	1	GDI2	c28
0.719573247063009	0.421084487370562	0.071	0.081	1	RIPK2	c28
0.68541278255816	0.421084232681185	0.1	0.094	1	ALDH16A1	c28
0.467296304854741	-0.420962067553757	0.006	0.012	1	RAB40B	c28
0.692219328384465	0.420947345666645	0.047	0.056	1	NCK1-DT	c28
0.190658449667058	-0.420925873286219	0.094	0.13	1	CDC27	c28
0.948180313350773	0.420855808272161	0.088	0.091	1	PLOD1	c28
0.0414495642398545	0.420739897413119	0.112	0.073	1	FAM120B	c28
0.531945037378372	-0.42066598044586	0.147	0.168	1	MOB4	c28
0.791164703456739	0.420657889353586	0.041	0.038	1	TOR4A	c28
0.0685658987639636	-0.420580114150713	0.406	0.463	1	ZYX	c28
0.0294999161122084	-0.420562241481305	0.135	0.213	1	CISD2	c28
0.0151454361497345	0.420413056430576	0.065	0.032	1	GPR155	c28
0.375386211711465	-0.420401925511148	0.229	0.27	1	PDAP1	c28
0.177640591710565	0.420349901790574	0.147	0.119	1	VAMP4	c28
0.39006169285406	0.420269058454859	0.035	0.025	1	ABCA2	c28
0.162875791123745	0.420182833967924	0.182	0.153	1	NBR1	c28
0.15866789419859	-0.420109390488255	0.1	0.143	1	EMC2	c28
0.051838514981027	-0.4200150258841	0.371	0.447	1	TWF2	c28
0.0486441074891156	-0.419946444825343	0.047	0.094	1	ALG8	c28
0.0935974295413708	0.419747765170709	0.124	0.089	1	C2orf68	c28
2.22394899956657e-05	0.41972831836088	0.341	0.215	0.813987573331359	GPBP1	c28
0.0386497934538524	0.419683606732963	0.129	0.087	1	RIPK1	c28
0.0996785322469348	0.41966892103249	0.347	0.312	1	MAN2B1	c28
0.484156351946647	-0.419585448254534	0.082	0.101	1	KAT5	c28
0.459721876558109	0.419485725884313	0.035	0.048	1	FBXO33	c28
0.0776646678086225	-0.419481233151513	0.441	0.514	1	EIF3L	c28
0.170569986274257	0.419464982510887	0.071	0.048	1	FANCF	c28
0.0846795858363783	0.419431341388205	0.1	0.067	1	NAA16	c28
0.013001869523572	-0.419350136363768	0.053	0.118	1	C1orf174	c28
0.917817716849673	-0.419291147723662	0.029	0.031	1	TK1	c28
0.208999248169704	0.419259529956087	0.082	0.119	1	SOX4	c28
0.9301578269482	0.419224527759296	0.094	0.095	1	CHMP1B	c28
0.0321761945858425	0.419211638238538	0.129	0.085	1	KLHL36	c28
0.110864073606784	0.419107141268091	0.053	0.032	1	BCDIN3D	c28
0.0479488917373324	0.419085224968337	0.294	0.244	1	PTPN2	c28
0.228528689099288	-0.419046090159637	0.006	0.018	1	AC073611.1	c28
0.0781023799153119	-0.41899480670085	0.359	0.404	1	ATP6AP1	c28
0.483010259641276	0.418643511064593	0.1	0.125	1	LTBP3	c28
0.0100807062337205	-0.418640697867142	0.218	0.324	1	YWHAE	c28
0.309124274485869	-0.418244687282044	0.029	0.046	1	GMNN	c28
0.0079471768140362	-0.418219293055721	0.135	0.228	1	BEX4	c28
0.101895122377608	0.418202653577563	0.029	0.014	1	SGMS1-AS1	c28
0.786934730335806	0.418102771392067	0.012	0.01	1	AMT	c28
0.338371758066516	-0.418090906110096	0.241	0.279	1	TRAPPC6A	c28
0.380896901403869	-0.418059163000849	0.076	0.098	1	AARS	c28
0.505443646867933	-0.418057358357323	0.276	0.308	1	TMED4	c28
0.99200826108905	-0.41784981466448	0.035	0.035	1	SLC7A5	c28
0.134156924114368	-0.417784223735221	0.165	0.223	1	SYS1	c28
0.000279031769727784	0.417742983147011	0.288	0.186	1	PRRC2B	c28
0.142975566337518	-0.417567830919583	0.276	0.344	1	RSU1	c28
0.0374818159548679	0.417255315799958	0.1	0.062	1	TYW1	c28
0.0414910361883916	0.417177833594091	0.176	0.129	1	TAF3	c28
0.0540372218573263	-0.417037402929378	0.476	0.528	1	PSMB10	c28
0.00871797590736043	0.416979908038245	0.071	0.034	1	SCAI	c28
0.0101032975070976	0.416781378432239	0.206	0.141	1	CARD8	c28
0.110274681333097	-0.416709384069281	0.165	0.119	1	DGKA	c28
0.478932131684551	-0.416632513167438	0.006	0.012	1	NEURL4	c28
0.777223337691903	0.41659954685673	0.029	0.026	1	NOL6	c28
0.502402553875966	-0.416556157658072	0.147	0.169	1	ABI3	c28
0.800679445957493	0.416551838212149	0.082	0.091	1	LILRA6	c28
3.64222929833514e-05	-0.416428024629404	0.918	0.859	1	CALM1	c28
0.668220693652705	-0.416376912673995	0.035	0.042	1	ZNF821	c28
0.997607235200094	-0.416344974078745	0.071	0.071	1	ZNF146	c28
0.0132960634837406	0.416273425816611	0.4	0.331	1	PECAM1	c28
0.593490209861546	0.416186494135923	0.059	0.051	1	ASCC1	c28
0.198133838997983	0.41615350275178	0.247	0.215	1	MGLL	c28
0.0571644357036035	0.416080718146092	0.235	0.19	1	TXNRD1	c28
0.0841766668202972	-0.415760884198267	0.518	0.533	1	TOMM6	c28
0.962251028841658	0.415679770998752	0.147	0.157	1	UTP18	c28
0.00647044939572331	0.415509347030064	0.241	0.172	1	SMIM10L1	c28
0.00712502489229676	0.415500042765493	0.088	0.045	1	EPC2	c28
0.303349479503571	0.415187361341379	0.106	0.087	1	ZC3H14	c28
0.268582805818361	0.415039339017057	0.035	0.023	1	TRBV6-1	c28
0.80150610754106	-0.414986136546453	0.035	0.039	1	ZNF12	c28
0.0158206196260637	-0.414676077316669	0.029	0.082	1	MAD2L1BP	c28
0.190514164041873	0.414653596878349	0.024	0.012	1	LTC4S	c28
0.020344580301843	-0.414454492546923	0.041	0.096	1	HYI	c28
0.0121489166354807	0.414239719151351	0.335	0.269	1	TRIM22	c28
0.00611453736751838	0.414016257729316	0.271	0.198	1	ABI1	c28
0.123805989429869	0.413802062809372	0.076	0.051	1	NISCH	c28
0.163582329063589	0.413647624959254	0.024	0.012	1	IFNG-AS1	c28
0.226007887815184	0.413594704222017	0.1	0.077	1	NUP93	c28
0.0102404720049886	-0.413428800925268	0.135	0.228	1	CHMP4B	c28
0.915141809499572	0.413282751031171	0.012	0.013	1	HS6ST1	c28
0.339104681505911	0.413246682186438	0.112	0.094	1	VPS33A	c28
0.00135231024176076	-0.413102930732065	0.888	0.845	1	ARHGDIB	c28
0.0868185981708609	0.413053781871014	0.129	0.093	1	MARK3	c28
0.11582855365657	0.412973210824176	0.218	0.184	1	IPO7	c28
0.82819773453974	0.412854283272124	0.135	0.152	1	IL18	c28
0.53730819752077	-0.412781235179049	0.035	0.046	1	NR1D2	c28
0.28417622694504	-0.412732085902122	0.841	0.749	1	RPS29	c28
0.61160389868127	-0.41255898692189	0.035	0.043	1	KBTBD4	c28
0.0661707590535822	-0.412468927741337	0.318	0.388	1	SDHC	c28
0.245372011115709	0.412443161257175	0.024	0.013	1	MREG	c28
0.210522316289941	0.412175276315642	0.1	0.077	1	IFIT5	c28
0.262445847536962	-0.411865977226733	0.124	0.161	1	TM2D3	c28
0.860349304403726	-0.411837408612282	0.018	0.016	1	LINC00957	c28
0.0234820677628458	0.41183431002907	0.306	0.246	1	YTHDC1	c28
0.103518065231162	0.411580855134253	0.112	0.079	1	SIPA1	c28
0.114588421518739	0.411557674872093	0.165	0.13	1	GPBP1L1	c28
0.213138555364785	0.411453285764712	0.171	0.145	1	PDPK1	c28
0.145404905569008	0.41144599084064	0.088	0.062	1	AKT3	c28
2.15347813776238e-05	-0.411390853717846	0.871	0.816	0.788194533202408	COX4I1	c28
0.339007667264973	-0.411387780388678	0.088	0.114	1	PMM1	c28
0.943933375488142	0.411280607152856	0.041	0.041	1	IQCE	c28
0.0675589094636149	-0.411267787817295	0.018	0.048	1	RYR1	c28
0.234329786075052	0.411239422812949	0.071	0.05	1	CD226	c28
0.346735611143946	-0.410911123809218	0.018	0.03	1	SLC49A4	c28
0.120741887987599	0.410859259084955	0.188	0.153	1	ARID5A	c28
0.00828392878727981	0.410847784198386	0.147	0.091	1	ATG13	c28
0.00348606607444337	0.410660442379895	0.159	0.095	1	PPWD1	c28
0.554606329258766	-0.410626487917114	0.029	0.038	1	ZUP1	c28
0.0189171326898895	-0.410567968236779	0.706	0.71	1	LDHB	c28
0.153143730854695	0.410507886104683	0.106	0.078	1	FBXO34	c28
0.17578280515138	-0.410434321643976	0.529	0.492	1	RNH1	c28
0.35057972989302	0.410360844117558	0.024	0.015	1	NBR2	c28
0.0297404660064783	-0.41032769816405	0.212	0.304	1	POLR2I	c28
0.860891775234525	0.410177992990592	0.053	0.058	1	FTCDNL1	c28
0.0804275078754423	-0.410095434380896	0.235	0.313	1	CISD3	c28
0.163650189646124	0.409994827844703	0.088	0.064	1	DNAJC11	c28
0.456150055607928	0.409971806894248	0.1	0.126	1	IL13RA1	c28
0.520870262756143	-0.40991041801014	0.765	0.674	1	TMA7	c28
5.26767788341909e-09	-0.409858354857013	1	0.968	0.000192802278211022	HLA-B	c28
0.659511199139446	0.409791873301357	0.141	0.163	1	ITPK1	c28
0.836701027680816	0.409706763645002	0.029	0.027	1	ZNF408	c28
0.0444188063366721	-0.409534666485258	0.188	0.269	1	CBR1	c28
0.0293779734166796	0.409512902339455	0.141	0.094	1	COG4	c28
0.000669399652053825	0.409494189342985	0.206	0.121	1	ODF2L	c28
0.175160368070327	0.409394513862024	0.129	0.102	1	DHX16	c28
0.709187824713479	-0.40931529799504	0.012	0.015	1	MINDY1	c28
0.676209055727284	-0.409305671655615	0.035	0.042	1	DCAF15	c28
0.167522102223165	0.409281412164543	0.165	0.135	1	OAS2	c28
0.972408705323754	-0.409102925111847	0.071	0.071	1	ASMTL	c28
0.985092027352493	0.409043788271555	0.106	0.111	1	APOL1	c28
0.431765372218349	-0.409003509762506	0.182	0.153	1	PIK3IP1	c28
0.221301073930179	0.408881207165654	0.006	0.019	1	ANKRD46	c28
0.0146050870297578	0.408872782143634	0.159	0.105	1	LSG1	c28
0.140436013725146	-0.408853132624704	0.506	0.37	1	CD3G	c28
0.000113168478551137	0.408793952136639	0.224	0.125	1	CENPC	c28
0.122433468789515	0.408598319232095	0.018	0.007	1	AC105339.6	c28
0.278520343967955	-0.40846080008302	0.059	0.083	1	MED7	c28
0.0268265414799065	-0.408388011590935	0.241	0.337	1	FUNDC2	c28
0.794544619630883	0.408297252605705	0.029	0.034	1	UGDH	c28
0.000229405065115156	0.408206559166542	0.424	0.307	1	U2SURP	c28
0.0714781545092458	-0.408138738239622	0.518	0.374	1	GIMAP7	c28
0.000441196138547247	0.408041916769778	0.265	0.168	1	HERPUD2	c28
0.341064672361046	0.407895850118581	0.071	0.055	1	ZNF675	c28
0.0386471532786393	0.407733903153452	0.106	0.067	1	ATG14	c28
0.0963971950060708	-0.407442246063916	0.176	0.242	1	ZCRB1	c28
0.487727612727741	0.407186306821222	0.035	0.027	1	HSPA6	c28
0.0713090845396795	0.407182264978107	0.212	0.168	1	OXLD1	c28
0.0730050114330982	0.407105626839493	0.329	0.279	1	C5AR1	c28
0.82208284000094	0.407093815289448	0.018	0.02	1	PXDC1	c28
0.00900385060627408	-0.407079149932037	0.153	0.255	1	COA4	c28
0.039371611121726	0.406808150828766	0.1	0.063	1	TMEM181	c28
0.0186540617368543	-0.406798635543245	0.594	0.626	1	PPP1CA	c28
0.252621136549889	-0.406691946565917	0.394	0.429	1	HSPE1	c28
0.116282553365812	-0.406618792232052	0.318	0.384	1	ENY2	c28
0.717815817799725	-0.40644468350465	0.118	0.128	1	EIF1AY	c28
0.843199464529045	-0.406339383083726	0.018	0.02	1	ZCCHC3	c28
0.243439423384431	-0.406325194768055	0.147	0.187	1	UBE2V2	c28
0.000419958472819857	-0.406178440417653	0.018	0.101	1	MSRB2	c28
0.348683533261086	0.406145449913817	0.035	0.024	1	EDA	c28
0.773469236728655	0.406022345391905	0.118	0.132	1	APOL4	c28
0.0863536059332554	0.406014280258093	0.106	0.072	1	JADE2	c28
0.275664784905834	0.405923398895305	0.176	0.155	1	WAC-AS1	c28
7.12117621829316e-05	-0.405902858786108	0.947	0.913	1	RPS24	c28
0.278601493585453	-0.405825918858529	0.029	0.048	1	SLC66A2	c28
0.246062948253452	0.405638483662381	0.065	0.047	1	IRF2BPL	c28
0.909613924875474	0.405548617774191	0.106	0.113	1	RRAGD	c28
0.00208026545366135	0.405311060315636	0.318	0.228	1	SMARCA5	c28
0.491012275114695	0.405159174449067	0.035	0.027	1	EPOR	c28
0.87477403506879	-0.405126388447299	0.024	0.025	1	PCYOX1L	c28
0.176156596060695	-0.404832743893732	0.318	0.369	1	LSM4	c28
0.0891164820959066	-0.404725819689502	0.129	0.187	1	LRRC59	c28
0.173943117181053	-0.40469172229985	0.059	0.091	1	DPAGT1	c28
0.0399980971556075	0.40468489554861	0.247	0.196	1	CEBPZ	c28
0.704615495122329	-0.404446062264734	0.665	0.539	1	CTSB	c28
0.0422147985674855	0.404401792583025	0.065	0.036	1	SLC23A2	c28
0.428672259316081	0.404282301639955	0.047	0.036	1	ZNF318	c28
0.0328452194270417	-0.404088033868925	0.718	0.683	1	PPIB	c28
0.0467764977879398	-0.403955199957875	0.182	0.259	1	UROD	c28
0.074240020248283	-0.403912938962057	0.406	0.465	1	FIS1	c28
0.169717555432702	0.403731138362676	0.024	0.046	1	RNF19B	c28
0.296984043658829	0.403634158586788	0.053	0.038	1	AC012146.1	c28
0.0180009377574733	0.403601163494967	0.106	0.062	1	SUPV3L1	c28
0.393812083419443	-0.403542222996658	0.088	0.111	1	BCL10	c28
0.10176600786692	-0.40329487600494	0.288	0.364	1	CYCS	c28
0.0338380712477557	0.403196855715933	0.218	0.164	1	WDR33	c28
0.015963104469275	0.403065565577115	0.041	0.017	1	PDGFD	c28
0.0962494084479902	0.402970384879942	0.112	0.08	1	PPM1A	c28
0.712379488564371	0.40288915155433	0.047	0.055	1	P4HA2	c28
0.912833924513845	-0.402885627534511	0.041	0.039	1	ZNF107	c28
0.222244209528462	-0.402860020684548	0.588	0.585	1	TRIR	c28
0.80451140656833	-0.402823739644378	0.047	0.052	1	BAG3	c28
0.377169876901099	0.402656436979683	0.206	0.191	1	UBE2J1	c28
7.31276784353314e-06	0.402532829741773	0.618	0.477	0.267654615841157	HNRNPU	c28
0.466476316461865	-0.402436346600028	0.071	0.088	1	SDHAF3	c28
0.479902337758275	0.4023309942545	0.035	0.048	1	MED18	c28
0.0872109430388096	-0.402183790392145	0.212	0.156	1	ATP2B4	c28
0.880682006213299	0.402141314280009	0.047	0.05	1	MOB3C	c28
0.523637445295701	-0.402117562134342	0.141	0.163	1	C1orf35	c28
0.954113068317827	-0.40205846925612	0.012	0.012	1	GPR146	c28
0.953978281687007	0.401743049642831	0.053	0.053	1	ELK1	c28
0.153689807612735	-0.40167392381359	0.147	0.107	1	PIM2	c28
0.127752980695968	-0.401663474121096	0.071	0.11	1	TP53I11	c28
0.906646161113879	0.401403683684928	0.106	0.108	1	C12orf45	c28
0.252440255444743	0.401361413076427	0.018	0.009	1	LINC02325	c28
0.35265121173356	0.40135605800888	0.141	0.124	1	ELOA	c28
0.0100087504299119	-0.401136422612514	0.129	0.223	1	FUCA2	c28
0.716965836467155	0.401036967822881	0.035	0.042	1	DVL3	c28
0.688225577353202	-0.400795014428889	0.018	0.014	1	PTPRN2	c28
0.143030124737681	0.400642956762024	0.088	0.062	1	HDAC10	c28
0.0256389540193007	-0.400148285873582	0.8	0.734	1	SLC25A6	c28
0.138094133343609	-0.400090634854046	0.071	0.108	1	ARMC10	c28
0.6361065338489	-0.400046388558087	0.082	0.094	1	DBF4	c28
0.419712502573432	-0.400026238109664	0.318	0.356	1	SRP9	c28
0.501450594122255	-0.399932413523467	0.018	0.026	1	KIAA1328	c28
0.0170589442077167	0.39992558423324	0.041	0.017	1	AC008969.1	c28
0.1035809264695	-0.399690583278753	0.071	0.113	1	MIR3945HG	c28
0.57444614829904	-0.399585682202552	0.171	0.19	1	CCDC167	c28
0.435428091202932	-0.399479852262892	0.565	0.563	1	SUB1	c28
0.038096300921148	-0.399468581359675	0.135	0.213	1	MRPL37	c28
4.79103233408705e-07	-0.399433212744778	0.953	0.893	0.017535657445992	EIF1	c28
0.0489783568595727	0.399331878619557	0.041	0.086	1	VEGFB	c28
0.293666054599744	0.398862780017881	0.065	0.091	1	RIT1	c28
0.00130726606386449	-0.398823946201898	0.824	0.747	1	MYL12B	c28
0.0247229633753454	-0.398757760344534	0.165	0.253	1	RALBP1	c28
0.0805028985435227	-0.398726139345441	0.418	0.485	1	JTB	c28
0.109035697161451	-0.398545298967821	0.394	0.446	1	ATP5F1C	c28
0.320585227222029	-0.398488774036106	0.324	0.344	1	PLBD1	c28
0.534328995494136	-0.398485154204098	0.006	0.011	1	YPEL1	c28
0.67507055611227	-0.398467571858734	0.041	0.035	1	ENO2	c28
0.325087387615716	0.398464850619993	0.235	0.221	1	MAPKAPK5-AS1	c28
0.00628456089963225	-0.398397444636465	0.082	0.165	1	PDLIM7	c28
0.0878889110184947	-0.398299026840405	0.112	0.167	1	PYM1	c28
0.458229156491276	-0.398231471389239	0.088	0.073	1	FBXO32	c28
0.350574909935184	-0.39815607201511	0.035	0.024	1	LCLAT1	c28
0.32265561470242	-0.398148186014855	0.047	0.067	1	HSCB	c28
0.000227403826618331	0.398081287884283	0.176	0.093	1	MLLT6	c28
0.786027329472627	0.398018299219639	0.012	0.014	1	PYCR3	c28
0.302175757664493	0.398002327786428	0.076	0.059	1	CRTC2	c28
0.0183490812304381	0.397955861183836	0.076	0.041	1	ZNF354A	c28
0.244753758263818	-0.39768980032125	0.406	0.45	1	MRPS21	c28
0.0410387467091496	-0.397592774612421	0.176	0.251	1	TNFSF12	c28
0.782069556873391	-0.39757264996747	0.112	0.12	1	EXOSC9	c28
0.610270798732143	0.397525863921598	0.029	0.024	1	DAGLA	c28
0.178405473651829	-0.397503090339914	0.135	0.183	1	ZCCHC17	c28
0.000439013353625811	0.397469287287571	0.188	0.106	1	OGT	c28
0.383869878450433	0.397405251926801	0.147	0.132	1	DHRSX	c28
0.242890176970868	-0.39733235702624	0.218	0.27	1	COMMD1	c28
0.000319394438374694	0.39700349680415	0.359	0.254	1	PHF3	c28
0.0136552276447545	0.396969088301898	0.171	0.113	1	ZNF394	c28
0.000144714988996337	0.396963011875833	0.235	0.138	1	MLLT10	c28
0.775316177469287	0.396890675195102	0.012	0.01	1	DDX43	c28
0.372515815468652	-0.396838347281051	0.024	0.037	1	HERC6	c28
0.000128487798679833	0.396800494624606	0.129	0.058	1	NPDC1	c28
0.40079087281494	0.396778770959757	0.082	0.067	1	MUS81	c28
0.805677318123145	-0.396600191805517	0.024	0.021	1	EID3	c28
0.00057244853036343	0.39654782287932	0.235	0.144	1	SRPK1	c28
0.151349205719865	0.396498261041712	0.053	0.033	1	DBP	c28
0.53660923021711	0.396032777320837	0.029	0.023	1	MTPAP	c28
0.00366128239904458	0.395962561126701	0.106	0.055	1	KIAA1586	c28
0.0614410655702629	-0.395956159295223	0.076	0.13	1	SLC25A19	c28
0.599203497994583	0.39591872596128	0.006	0.01	1	FOSB	c28
0.446199670840213	-0.395910790018205	0.171	0.201	1	TIMM17B	c28
0.0274371074756061	0.395906198543561	0.024	0.008	1	TNFRSF9	c28
0.096667410500286	0.395846773601138	0.253	0.213	1	NRBP1	c28
0.0629305844365078	-0.395845190936153	0.253	0.317	1	LIPA	c28
0.301325318469292	-0.395605490071707	0.029	0.047	1	PPIL1	c28
0.768866574339451	-0.395574867653596	0.059	0.065	1	GTF3C2	c28
0.715540309213568	-0.395452646771394	0.324	0.339	1	ABHD14B	c28
0.116916561163066	-0.395181558915869	0.718	0.681	1	CCNI	c28
0.996076142719977	-0.394931546011559	0.041	0.041	1	ZNF444	c28
0.0421552779650375	0.394588860301115	0.065	0.036	1	ZDHHC17	c28
0.0237530041647226	0.394584632590714	0.065	0.033	1	GAMT	c28
0.46835285073743	0.394490149316224	0.006	0.012	1	RBM11	c28
0.140592710533488	-0.394309424153753	0.229	0.291	1	CLPP	c28
0.014902522309489	0.394192651979335	0.112	0.065	1	ATG2A	c28
0.871634774493959	0.394085266643522	0.118	0.119	1	UFSP2	c28
0.866291056367101	-0.393919189729266	0.047	0.044	1	TCP11L2	c28
0.885534885732873	-0.393840767228172	0.641	0.574	1	KRTCAP2	c28
0.136781812067574	0.393565555341955	0.035	0.019	1	OSER1-DT	c28
0.207728042921269	-0.393406304173944	0.124	0.093	1	SAMSN1	c28
0.130419330921883	-0.393298076168648	0.047	0.08	1	IDNK	c28
0.31863050385172	-0.393231492506928	0.129	0.102	1	KLRD1	c28
0.120273374517873	-0.393138450954356	0.035	0.066	1	TMEM184B	c28
0.0321384412898309	-0.393137595317932	0.447	0.497	1	ECH1	c28
0.213119323023578	-0.392973046872839	0.035	0.059	1	IDUA	c28
0.00583929001849422	0.392829399049353	0.2	0.133	1	CD84	c28
0.363159416946625	0.392810768088072	0.071	0.056	1	C9orf85	c28
0.291175183424105	0.392763234154268	0.088	0.07	1	TIMM21	c28
0.824844863684064	-0.392741244320553	0.353	0.357	1	UBE2V1	c28
0.109613900070652	-0.392692404062749	0.159	0.217	1	NUDT22	c28
0.282525892870304	-0.392636658089715	0.218	0.259	1	LSM5	c28
0.293227854132658	-0.392580813031329	0.412	0.436	1	ERGIC3	c28
0.0556190443869999	-0.392336101548286	0.188	0.265	1	DMAC1	c28
0.466805259427214	0.3922447428878	0.035	0.027	1	KCTD6	c28
0.528871387040445	0.392175238321727	0.024	0.017	1	ARIH2OS	c28
0.239337925969463	-0.392171844106204	0.159	0.202	1	RAB18	c28
0.0931214687740193	-0.39208384981093	0.688	0.591	1	ANXA5	c28
0.181609943065142	-0.391945487285756	0.012	0.029	1	SMAD1	c28
0.691552453243444	-0.391884794401986	0.041	0.036	1	CENPF	c28
0.281575854085011	-0.391878700790691	0.029	0.047	1	TMEM97	c28
0.123639639337457	-0.391804379774967	0.318	0.256	1	HIST1H1E	c28
0.469375487465133	-0.391742558432482	0.018	0.027	1	ZMYM3	c28
0.208151646160312	0.391655407233899	0.129	0.104	1	THUMPD3	c28
0.459434294159285	-0.39165023374413	0.035	0.026	1	MTSS1	c28
0.0908354750784258	-0.391561880526518	0.382	0.417	1	DECR1	c28
0.0950919114076963	0.391396286010746	0.094	0.063	1	ODF2	c28
0.35384991958151	0.391164229705577	0.076	0.061	1	TAF8	c28
0.342114344439578	-0.391153385948964	0.065	0.086	1	C6orf47	c28
0.154582902426402	-0.391089654082076	0.529	0.561	1	ATP5PO	c28
0.191929302798004	-0.391080719378006	0.141	0.186	1	HIKESHI	c28
0.0501097976763268	0.391065984657088	0.1	0.064	1	ZFYVE27	c28
0.147500951529177	-0.390982291898905	0.035	0.063	1	HEXIM1	c28
0.54456275950581	-0.390925149558721	0.753	0.709	1	RAC2	c28
0.593845332037914	0.390924883262379	0.153	0.147	1	PAFAH1B2	c28
6.07423408333486e-05	0.390693169374351	0.1	0.039	1	MYBL1	c28
0.0387793765654491	0.390630369271482	0.141	0.096	1	DCP1A	c28
0.220193783369035	-0.390619910278941	0.459	0.499	1	VPS28	c28
0.437042593687822	0.390535211081562	0.094	0.08	1	XPNPEP1	c28
0.443517724952892	0.390530309401689	0.212	0.201	1	SIRPB1	c28
0.644598375869952	0.390523316455432	0.053	0.046	1	ZC3H3	c28
0.419906730110158	-0.390522275207882	0.3	0.34	1	CCT3	c28
0.107361408200477	0.390482160703539	0.165	0.127	1	AP1G2	c28
0.532037251274045	0.390009725820462	0.035	0.028	1	GNE	c28
0.00838519567577788	0.390000817824157	0.147	0.091	1	MAP3K4	c28
0.15456770419362	0.389927428973445	0.053	0.033	1	SLC2A11	c28
0.676928882576643	0.389868096039951	0.012	0.009	1	ZBTB16	c28
0.655080359145221	0.389826809697603	0.029	0.024	1	TRIP10	c28
0.514201180324105	-0.389710514471105	0.018	0.026	1	RCC1	c28
0.219186143414106	0.389680954624646	0.106	0.082	1	PIK3CG	c28
0.154035633139332	-0.389587377162921	0.188	0.14	1	CD5	c28
0.126459480173782	-0.389586969512442	0.059	0.095	1	BDH2	c28
0.511806618504985	-0.389476116277453	0.171	0.197	1	CDIPT	c28
0.138077976680208	-0.389442919367856	0.171	0.227	1	SHARPIN	c28
0.906896705029795	0.389321664780178	0.012	0.013	1	NPHP1	c28
0.275806312663026	-0.389166554544425	0.647	0.615	1	ERP29	c28
0.0675647757754494	-0.38895755091238	0.118	0.178	1	MRPL22	c28
0.0950616579759735	0.388801037399872	0.118	0.084	1	PUS7L	c28
0.326076816089416	-0.388579151829724	0.106	0.134	1	THAP7	c28
0.0216117369348622	0.388380750662149	0.059	0.029	1	INTS2	c28
0.797394526795795	0.388378554666027	0.094	0.105	1	PREB	c28
0.00271554092202753	0.388371847153634	0.112	0.057	1	SENP7	c28
0.101562912215345	0.388289892487794	0.288	0.255	1	MINK1	c28
0.00800625556682642	0.388272803050429	0.053	0.022	1	VILL	c28
0.0493753640994645	-0.388168738886039	0.794	0.753	1	HMGB1	c28
0.53770668005103	0.387951654593583	0.1	0.089	1	FAM210A	c28
0.0605768900914333	0.387883751547924	0.035	0.017	1	AC138150.1	c28
0.538436193253905	-0.387670140720451	0.035	0.045	1	COPG2	c28
0.212150548769263	0.387136591708706	0.147	0.12	1	PARP10	c28
0.866917015954305	0.386777790819181	0.106	0.107	1	PEX14	c28
0.910622042209115	0.386749682428388	0.171	0.181	1	NAPRT	c28
0.322433935280262	0.386724922992049	0.2	0.183	1	ALDH3A2	c28
0.0980712446252833	0.38665352545988	0.053	0.031	1	CPSF4	c28
0.022439039764167	0.386362540520429	0.141	0.092	1	CPSF7	c28
0.0745587278001063	0.386317718472157	0.124	0.087	1	CDC16	c28
0.884732100580797	0.386300411307516	0.012	0.011	1	EPHA1	c28
0.0659187831637128	-0.386165190202192	0.124	0.188	1	SNAPC5	c28
0.764119102778589	0.386129491215879	0.106	0.119	1	HDHD5	c28
0.487581987407267	-0.386059394125096	0.012	0.007	1	MAP3K14-AS1	c28
0.075311158588124	-0.385978438573124	0.212	0.283	1	NCF4	c28
0.286714066124261	-0.385862819338615	0.118	0.151	1	COMTD1	c28
0.11938004034924	-0.385749318708422	0.118	0.169	1	ZNF32	c28
0.0666068178018699	-0.385722317174535	0.4	0.459	1	NDUFB4	c28
0.00172467852888749	0.385672924412154	0.253	0.166	1	GON4L	c28
0.441620334299733	-0.385637716063267	0.024	0.035	1	PDCD2L	c28
0.252256709445207	-0.385307943043221	0.4	0.451	1	PHB2	c28
0.171026997177114	0.385154465496258	0.076	0.053	1	MUL1	c28
0.0752448110122296	-0.384961388807601	0.012	0.038	1	HMGB3	c28
0.949439662978954	-0.384952252033871	0.047	0.048	1	SLC35A3	c28
0.387849331272746	0.384943400141963	0.012	0.006	1	TBKBP1	c28
0.00616113243735292	-0.3849242744552	0.065	0.144	1	RAB20	c28
0.911159471457224	0.384887385111937	0.059	0.058	1	PRKACA	c28
0.000207349672337743	0.384873028466071	0.488	0.344	1	NCF2	c28
0.737559300627877	-0.384718998559135	0.065	0.072	1	ZBED5	c28
0.0160086368867799	0.384463616633953	0.1	0.057	1	ELMOD3	c28
0.29590534596591	0.384297838824048	0.035	0.023	1	GPR89B	c28
0.347114551218217	0.384143217378881	0.053	0.074	1	MAPK6	c28
0.935643472008008	-0.384106862712788	0.082	0.085	1	HP	c28
0.86813057962776	-0.383978842364662	0.053	0.05	1	CTC1	c28
0.00221135643793422	0.383914833049761	0.141	0.079	1	AQR	c28
0.681175581533291	0.383662334176344	0.059	0.053	1	LINC00467	c28
0.0304085784799682	0.383562541621012	0.135	0.09	1	NAA15	c28
0.0234248030982501	0.383358791357975	0.065	0.033	1	BBS9	c28
0.00739189820415054	0.383176957759217	0.053	0.022	1	TRAV10	c28
0.0163460547021012	0.383135623938131	0.371	0.311	1	DNAJC3	c28
0.0306958459379041	0.382911240206455	0.112	0.068	1	TRABD2A	c28
0.250961021083489	0.3828933103808	0.241	0.224	1	POP5	c28
0.0118355487457781	-0.382888191506294	0.218	0.138	1	PRKCQ-AS1	c28
0.703548205975625	-0.382836457953746	0.012	0.015	1	ELOA-AS1	c28
0.250775657606607	-0.382817741834702	0.035	0.057	1	THG1L	c28
0.0967449579311258	-0.382636984989984	0.041	0.022	1	TRAV12-3	c28
4.54354397545335e-05	0.382610484087335	0.412	0.279	1	CAPN2	c28
0.0617836090572257	0.382495227145625	0.229	0.185	1	HNRNPUL2	c28
0.76265019605713	0.382475342132583	0.035	0.031	1	GGT7	c28
0.921583897405006	0.382388528303321	0.047	0.046	1	ANKRD54	c28
0.47701341576492	0.38235013956461	0.065	0.053	1	USP46	c28
0.998196271653265	0.382126575423371	0.035	0.036	1	MLLT1	c28
0.000280959309233132	0.382102110801789	0.435	0.33	1	TBRG1	c28
0.0206558565951962	-0.381974934486187	0.329	0.42	1	NDUFA6	c28
0.0140077505563069	0.381850942316334	0.188	0.13	1	DCAF11	c28
0.00818773902399965	0.381849319109691	0.365	0.292	1	MYO1G	c28
0.384432656427781	0.381614916933382	0.071	0.056	1	SUGP1	c28
0.143947112588781	0.381566432374563	0.106	0.077	1	CD2AP	c28
0.0327326174526507	0.381525939775076	0.071	0.039	1	NHLRC2	c28
0.299594926183355	-0.381486970754297	0.265	0.306	1	CITED2	c28
0.370438506649598	0.381417421335198	0.047	0.035	1	TRIM65	c28
0.224599910098422	-0.381233769006954	0.082	0.115	1	AK3	c28
0.0250777226590863	0.381178028405982	0.176	0.124	1	CCDC130	c28
0.226755862582809	0.381172619122848	0.041	0.026	1	PDIK1L	c28
0.00367912807752636	-0.381154287956258	0.124	0.23	1	BRI3	c28
0.129753959873072	-0.381137521309869	0.294	0.367	1	GLIPR1	c28
0.0971643371987704	0.381119066362532	0.035	0.018	1	TRBV12-3	c28
0.644607818540587	0.381077020750474	0.047	0.041	1	L3HYPDH	c28
0.00025972239053043	0.38107274204318	0.482	0.366	1	SP100	c28
0.972276205545177	-0.380925030351048	0.076	0.078	1	RNF44	c28
0.0603108621709542	0.380896964226733	0.035	0.017	1	TRAV38-1	c28
0.0818630312681975	0.380829468933667	0.176	0.137	1	HERC5	c28
0.101164882719189	0.380792874618143	0.024	0.011	1	IL23A	c28
0.0207079524119758	0.380719493568124	0.112	0.068	1	ZFP14	c28
0.00094365579644034	0.380657023747301	0.341	0.244	1	UBE3A	c28
0.165098753040615	0.380472436871394	0.029	0.016	1	HYPK	c28
0.0111627702504859	-0.38041191510607	0.171	0.27	1	JOSD2	c28
0.951663343546925	-0.380381539568779	0.047	0.048	1	SLC25A12	c28
0.0931336869778173	-0.380319834118548	0.024	0.053	1	CDC23	c28
0.189392318714087	0.380290891974683	0.041	0.025	1	ANKRD37	c28
0.0466610100327038	-0.3801248426783	0.229	0.317	1	EMC3	c28
0.971487617326392	-0.380103943185412	0.012	0.011	1	PAQR3	c28
0.27939637175163	0.380031706843016	0.035	0.056	1	LINC01410	c28
0.759547853439788	-0.37998427997167	0.147	0.16	1	AFG3L2	c28
0.000259431346177677	0.37995345462238	0.141	0.068	1	S1PR1	c28
0.00296004321198594	0.379899618019349	0.318	0.231	1	SNRNP200	c28
0.00724231189757057	0.37989959206853	0.276	0.2	1	BAZ1B	c28
0.643486392198125	-0.379877107936717	0.024	0.019	1	AP002748.4	c28
0.0303090731618633	-0.379811678156705	0.606	0.603	1	ARPC5	c28
0.452991336572175	-0.379783453765773	0.012	0.007	1	ZNF726	c28
0.540672140507248	-0.379674439399546	0.059	0.072	1	CXorf40B	c28
0.31195883863754	-0.379669922173223	0.235	0.281	1	TXN2	c28
0.184263801933295	-0.379640875476067	0.065	0.097	1	COX15	c28
0.0643902100162998	-0.379347679166712	0.188	0.263	1	MTCH2	c28
0.879711930120763	0.379293840545853	0.071	0.07	1	CENPB	c28
0.58191524203765	0.379271483503187	0.012	0.008	1	PWP2	c28
0.0322816906177106	-0.379121026182334	0.229	0.317	1	NAA20	c28
0.881252095808891	-0.37904788265735	0.171	0.179	1	EIF2AK1	c28
0.969096823469293	-0.378903757329731	0.059	0.059	1	GTF2A1	c28
0.0904412308389007	-0.378788082015529	0.647	0.625	1	ATP6V1G1	c28
0.791298420967512	0.378665474383444	0.129	0.145	1	LTBR	c28
0.177767840395031	-0.378643915315701	0.165	0.213	1	DNAJC4	c28
0.0529246720828563	-0.378495994072227	0.382	0.464	1	SF3B5	c28
0.940832702646325	0.378435763837667	0.124	0.128	1	RWDD4	c28
0.158955836769028	0.378394330116483	0.265	0.233	1	PLSCR1	c28
0.0472873628862598	0.378136567156128	0.082	0.05	1	THAP6	c28
0.000828032658807744	0.378031061910776	0.247	0.155	1	RABGAP1L	c28
0.0188953410148172	0.378003103012856	0.106	0.063	1	STRADA	c28
0.00894941749587226	-0.377987498503529	0.112	0.202	1	MRPL17	c28
0.000134130717774424	0.377939201391154	0.129	0.059	1	PRKY	c28
0.279273281236323	0.377888251339754	0.188	0.164	1	SSRP1	c28
0.345611859276171	0.377648925936157	0.124	0.106	1	KIFAP3	c28
0.0147241129097111	0.377605610710413	0.312	0.246	1	SPNS1	c28
0.816085101383464	-0.377600986641331	0.053	0.048	1	PDE4D	c28
0.00645423571988638	-0.377189114929031	0.059	0.134	1	SELENON	c28
0.333342230286533	0.376996763548478	0.012	0.006	1	STX1A	c28
0.189838753676748	0.376981827088593	0.024	0.045	1	AL035446.2	c28
0.333627329923516	-0.376903709493277	0.282	0.332	1	CASP4	c28
0.141842431930935	0.376881916388004	0.141	0.111	1	CYB5R4	c28
0.0331015298501311	-0.376819434572039	0.135	0.212	1	RPAIN	c28
0.19273604279522	-0.376721546428439	0.218	0.27	1	CD58	c28
9.75291054384653e-05	0.376599334203361	0.159	0.079	1	FOXJ3	c28
0.91635881907151	-0.376565601918382	0.076	0.079	1	SNHG17	c28
0.0794570369740111	-0.376416178836359	0.406	0.483	1	ARF5	c28
0.0726137293866059	-0.376300596807068	0.065	0.112	1	ARFIP1	c28
0.950214775123622	-0.376255627009847	0.059	0.06	1	EPHB6	c28
0.389245004441992	-0.376220608013468	0.094	0.119	1	DDX41	c28
0.186380835650008	-0.376075082046953	0.065	0.097	1	ARL3	c28
0.972825713007046	0.376044968696874	0.2	0.216	1	ZDHHC3	c28
0.840617133430886	0.375620901771176	0.047	0.052	1	C11orf71	c28
0.279860756789556	0.375617884884039	0.112	0.091	1	KATNA1	c28
0.227677075979971	-0.375579135659418	0.082	0.059	1	LINC00892	c28
0.574386998056709	0.375572004629755	0.071	0.062	1	FPGT	c28
0.616471259293967	0.375564551344265	0.006	0.01	1	SGO1	c28
0.0409318112935275	0.375464578180343	0.188	0.14	1	CWC25	c28
0.0108546211642035	0.375384348964404	0.088	0.047	1	DYRK2	c28
0.720767309378124	0.375339313092113	0.053	0.048	1	FBXO4	c28
0.605305085053233	-0.375218143559397	0.006	0.01	1	PRPF40B	c28
0.807187461440203	-0.37494498373401	0.088	0.094	1	CHMP7	c28
0.0729078529282228	0.37491622098524	0.188	0.146	1	OTUD6B-AS1	c28
0.136363266557379	0.374768468213541	0.118	0.087	1	SART3	c28
0.125538283862472	-0.374734561823395	0.135	0.19	1	BCAP29	c28
0.146685146421544	0.374586615050989	0.176	0.143	1	ABCE1	c28
0.0338421162264683	-0.374561979763222	0.188	0.27	1	MRPL11	c28
0.736932676695152	-0.37438826393357	0.124	0.134	1	MOB2	c28
0.526864045687018	-0.3743095443827	0.412	0.393	1	FCGR3A	c28
0.599170252889626	-0.374274701509449	0.035	0.028	1	MSC	c28
0.506074993465017	0.374240560183625	0.047	0.038	1	SPHK2	c28
0.663660656701576	-0.373811656668706	0.141	0.155	1	CEBPZOS	c28
0.395326062688181	0.373706265486537	0.018	0.011	1	LINC00526	c28
0.808232612323283	0.373688455552339	0.065	0.071	1	BCAT1	c28
0.0780311503383184	-0.373624583658985	0.224	0.294	1	SLC16A3	c28
0.369895697804465	0.373608550278857	0.153	0.136	1	RAB5A	c28
0.251669703949528	-0.373536608014453	0.188	0.232	1	UFM1	c28
0.477245663997331	-0.373465685780926	0.012	0.007	1	ZNF208	c28
0.000248087221896543	-0.373331157039034	0.047	0.153	1	TMEM251	c28
0.832871304951804	-0.373312130314022	0.018	0.02	1	AL136038.5	c28
0.608206716794646	-0.373070088648916	0.382	0.405	1	CALM3	c28
0.00937731866719456	0.372957415567868	0.276	0.207	1	LUC7L2	c28
0.395875906258595	-0.372881907599949	0.035	0.05	1	RIDA	c28
0.96609247421809	-0.372798333603592	0.012	0.011	1	MICALL2	c28
0.0425997102842584	-0.37265413121025	0.147	0.223	1	NDUFV3	c28
0.340967204380596	0.372446929601054	0.112	0.093	1	SKA2	c28
0.736583579181472	-0.372349459022709	0.053	0.047	1	TRBV7-2	c28
0.622963499953214	0.372331089217464	0.018	0.024	1	IRGQ	c28
0.258967348360635	-0.372255940373698	0.465	0.509	1	ARHGDIA	c28
0.152450888265197	-0.372221136025368	0.353	0.418	1	COX7A2L	c28
0.422424532229921	-0.372101411037618	0.412	0.441	1	NDUFA12	c28
0.0983801413826	0.372059350800083	0.094	0.064	1	TBC1D14	c28
0.55914223171025	0.371873994601779	0.029	0.039	1	ZNF561-AS1	c28
0.140930663025133	0.371691438608395	0.106	0.077	1	AAGAB	c28
0.167981360936536	-0.371667769785233	0.253	0.194	1	OCIAD2	c28
0.556735531987008	-0.371623923898903	0.365	0.391	1	YWHAQ	c28
0.63052058421815	-0.371597137158703	0.029	0.037	1	ETAA1	c28
0.0297954171728487	-0.371527490525887	0.118	0.192	1	CTDNEP1	c28
0.263133308385189	0.371481043625892	0.035	0.023	1	AC008124.1	c28
0.00631424315652469	-0.371480205518634	0.2	0.133	1	PLCG2	c28
0.635586436666825	0.371471733497538	0.124	0.117	1	BCL2L13	c28
0.0617009002240102	0.3713740074366	0.076	0.046	1	TRIM37	c28
0.925919835485907	-0.371291502022547	0.024	0.023	1	NFXL1	c28
0.0606555802913789	0.371213097292915	0.071	0.042	1	DCP1B	c28
0.75556717958026	-0.371172046455473	0.059	0.066	1	ABHD10	c28
0.0393890936413798	0.371061866253069	0.294	0.238	1	SDHA	c28
0.624548587201543	-0.371033628542812	0.5	0.453	1	GLIPR2	c28
0.415348256718101	0.370995997331389	0.065	0.052	1	PRKCI	c28
0.121471661146982	0.37039857876409	0.324	0.292	1	TRPV2	c28
0.394910861989885	0.370306075070432	0.047	0.035	1	ZNF568	c28
0.721070685086169	0.370062851198665	0.1	0.094	1	RC3H2	c28
0.115151360398364	0.369936694381854	0.153	0.118	1	RDH14	c28
0.00113143202514204	0.369792078191697	0.406	0.306	1	SH3BP5	c28
0.160637468963395	-0.369678909154303	0.118	0.164	1	MOSPD3	c28
0.737668693205102	-0.369651023920164	0.041	0.036	1	MAD2L1	c28
0.0159775572505576	0.36945316109824	0.029	0.01	1	TRAV1-1	c28
0.96089777528066	-0.369269610405434	0.024	0.024	1	SIAH2	c28
0.581920767919157	0.369097069821001	0.176	0.171	1	IDH1	c28
0.796270182267457	0.369077599778188	0.112	0.109	1	PES1	c28
0.287277538899184	-0.369061845319813	0.012	0.024	1	WIZ	c28
1.81335118971974e-06	0.369034305305432	0.212	0.1	0.0663704668949322	NFKBIZ	c28
0.973048222735365	-0.369031731818728	0.424	0.419	1	GIMAP4	c28
0.0671503128675949	0.368934346226617	0.088	0.056	1	OMA1	c28
0.653135962603751	-0.368869845618419	0.012	0.016	1	DCUN1D3	c28
0.0430957043429035	0.368811595727412	0.112	0.073	1	UIMC1	c28
0.424613724315739	-0.368450522171266	0.071	0.09	1	COQ9	c28
1.74387495380737e-05	0.368416482221128	0.359	0.231	0.638275671843037	TNRC6B	c28
0.511888237381012	-0.368412765058985	0.024	0.033	1	TLR7	c28
0.750723060581841	0.368391506020242	0.076	0.072	1	SIKE1	c28
0.694126023384975	0.368316076303106	0.059	0.053	1	MEMO1	c28
0.094156327488945	0.368269775257116	0.141	0.104	1	UNC45A	c28
0.310216663396286	-0.368214409856636	0.006	0.016	1	DUSP5	c28
0.159186948445533	0.368017442653184	0.1	0.073	1	LPCAT4	c28
0.139505810963082	0.367630950096729	0.259	0.229	1	IFNGR1	c28
0.932107109958541	-0.367604401945911	0.165	0.163	1	ABTB1	c28
0.00693860523451468	-0.367579597345071	0.265	0.167	1	KLRK1	c28
0.0121702651395645	0.367551648351546	0.076	0.039	1	LINC00476	c28
0.29629320371269	0.36744896781994	0.094	0.074	1	ACYP1	c28
0.287958305905936	0.367325931275807	0.094	0.075	1	AP1AR	c28
0.459935351509561	0.367247406810192	0.112	0.097	1	SMIM27	c28
0.808897387872796	0.367034027247509	0.059	0.065	1	ZNF780A	c28
0.404824219093308	-0.366771738220324	0.059	0.045	1	LTA	c28
0.152693769301328	0.366690664092708	0.076	0.053	1	PARG	c28
0.0593066468474521	0.366622301789959	0.188	0.142	1	NCOA7	c28
0.00152753642228204	0.366618828933759	0.129	0.066	1	TENT5C	c28
0.132474748520712	0.366522226131228	0.059	0.037	1	TNFRSF18	c28
0.13378608615032	0.36642951280044	0.159	0.126	1	LINC00667	c28
0.0540711952283142	-0.366426314387393	0.118	0.183	1	AP1S1	c28
0.870301207609222	-0.366411490575295	0.035	0.033	1	LARP1B	c28
0.023011491062925	-0.366329335265091	0.029	0.077	1	ST14	c28
0.290845361241911	0.36596664266002	0.053	0.038	1	ZNF384	c28
0.0905957231508707	-0.365725708574766	0.147	0.208	1	MTMR14	c28
0.220012396275656	-0.365535138610683	0.212	0.26	1	NT5C	c28
0.435997157631719	0.365507261073189	0.024	0.035	1	ZNF268	c28
0.655145535757124	0.365276582189576	0.082	0.075	1	CNOT9	c28
0.00629030567957986	0.365252929826863	0.241	0.17	1	SMU1	c28
0.152715262096067	0.364965784094913	0.059	0.038	1	ZNF740	c28
0.0107875379137893	0.364593313840071	0.347	0.281	1	PAFAH1B1	c28
0.0573540836090276	-0.364562886199021	0.082	0.049	1	KIF21A	c28
0.442524408221858	0.364542234872788	0.171	0.158	1	CHCHD3	c28
0.22234784425187	0.364472106789678	0.159	0.132	1	DHX30	c28
0.812999427096086	0.364448812622677	0.082	0.092	1	MGAT5	c28
0.2887695068104	-0.364396202901842	0.059	0.082	1	RETREG2	c28
0.47637618625609	-0.364371949086413	0.029	0.021	1	OLFM2	c28
0.180825235961593	-0.364366765337569	0.653	0.649	1	COMMD6	c28
0.203373506161263	-0.364177170309744	0.141	0.185	1	ZNHIT3	c28
0.599176817515577	-0.364110501222632	0.012	0.017	1	CHSY1	c28
0.441640327684446	-0.364002579118328	0.618	0.606	1	APRT	c28
0.868064080312307	-0.363990774937946	0.012	0.01	1	HYAL3	c28
0.0450470974106739	-0.36389148330638	0.765	0.722	1	RPS20	c28
0.000395021460410923	0.36383876725912	0.306	0.203	1	IRF3	c28
0.00189670814993931	0.36374371940678	0.176	0.105	1	NGLY1	c28
0.259919439688859	-0.363712500523454	0.253	0.213	1	HMGB2	c28
0.0174702934241101	0.363604134250941	0.188	0.129	1	MTERF4	c28
0.903146683601938	-0.363596838102385	0.153	0.159	1	ARHGAP25	c28
0.0935690642015625	0.36349798935279	0.112	0.079	1	MRTFA	c28
0.050797649157527	-0.363492875149098	0.541	0.559	1	PGK1	c28
0.461046171122396	0.363422313970685	0.018	0.027	1	CDK2AP1	c28
0.177076868557949	-0.363349565658124	0.165	0.216	1	PSMD3	c28
0.572140201818438	0.363349136341665	0.029	0.023	1	GRPEL2	c28
0.207455350361251	-0.363294979990493	0.335	0.391	1	NDUFA2	c28
0.789994724734224	-0.3632518518647	0.018	0.021	1	SIPA1L3	c28
0.137363142879791	0.363191513957431	0.076	0.052	1	MSL2	c28
0.945920977501168	-0.362983363577587	0.247	0.252	1	CSK	c28
0.796754417946864	0.362975750656458	0.288	0.303	1	LAIR1	c28
0.0207704638638054	-0.362890609951726	0.747	0.722	1	EIF3K	c28
0.0590933000548182	-0.362780039924403	0.218	0.153	1	GNG2	c28
0.226566778868907	-0.362779390791328	0.024	0.043	1	SCAMP1-AS1	c28
0.0462654883911434	0.362738824164273	0.2	0.152	1	NCBP2	c28
0.0849982716137239	-0.362735184106161	0.565	0.584	1	SERP1	c28
0.500236263311881	0.36273098238568	0.112	0.1	1	RBM23	c28
0.216984473954446	0.362633377095005	0.165	0.139	1	MIA2	c28
0.952056387768248	0.362593532791922	0.059	0.061	1	TBL3	c28
0.080743840108713	-0.362270986365685	0.282	0.36	1	MAP1LC3B	c28
0.261653690266042	-0.362246587404176	0.506	0.542	1	UXT	c28
0.654728768179648	0.362143193750489	0.018	0.023	1	PCCA-DT	c28
0.662284862903343	0.362112903939513	0.024	0.03	1	LLGL2	c28
0.121301014047379	0.362063042278999	0.106	0.076	1	CDK17	c28
0.372561214361184	0.362039733553246	0.253	0.241	1	SLC15A3	c28
0.185237449688066	-0.361834843374455	0.224	0.275	1	CCDC115	c28
0.269029676341194	-0.361437756097585	0.082	0.061	1	NEDD9	c28
0.00493421818650163	0.361077823179631	0.229	0.154	1	BHLHE40	c28
0.629864148233451	0.360768366390151	0.112	0.105	1	JMJD6	c28
0.972308221009396	0.360758347145564	0.165	0.174	1	SAR1B	c28
0.00284628338814958	-0.360653433905424	0.859	0.791	1	HSP90AA1	c28
0.609755743858168	-0.360625335379891	0.165	0.186	1	LCMT1	c28
0.850842072727175	-0.360469169973366	0.347	0.358	1	PAXX	c28
0.455255615063583	-0.36041737032939	0.188	0.217	1	PMPCB	c28
0.706856353535952	-0.360339093591595	0.076	0.085	1	ATAD1	c28
0.17220849111175	-0.360320981604697	0.012	0.005	1	KANK1	c28
0.214092690839083	0.360298607231425	0.141	0.114	1	MT1F	c28
0.822686360708756	-0.360235793161117	0.041	0.045	1	CLP1	c28
0.0156138094636825	-0.360231236629752	0.259	0.169	1	CD96	c28
0.45440037195363	-0.359838074250835	0.271	0.304	1	PPP2R1A	c28
0.0338036577018353	-0.359621203322125	0.206	0.29	1	H2AFJ	c28
0.0739217783701057	-0.35960877309806	0.394	0.446	1	SNX3	c28
0.300244221610767	0.359605515851985	0.106	0.086	1	ABCF2	c28
0.132717256335739	-0.359455609690185	0.112	0.078	1	FGFBP2	c28
0.666657771751964	0.359265076235115	0.012	0.016	1	RTL6	c28
0.126433666218152	0.35910546463443	0.041	0.023	1	PROSER3	c28
1.99191150993031e-05	-0.359044448379664	0.888	0.839	0.729059531749592	PFDN5	c28
0.346252596919803	-0.358549167053212	0.182	0.22	1	ARL5A	c28
0.477928915020006	0.358496352665453	0.012	0.007	1	AL139089.1	c28
0.289107897857451	-0.358454808856575	0.088	0.117	1	FAF2	c28
0.13545522862257	0.358316561150634	0.171	0.137	1	PRPF19	c28
0.556551472374979	0.358169277228636	0.182	0.217	1	PTAFR	c28
0.8906567950777	-0.35813583165009	0.018	0.016	1	ZBED6CL	c28
0.56881510799406	0.357587385036233	0.065	0.08	1	MECR	c28
0.953931980538463	-0.357564313936565	0.212	0.219	1	NUDT21	c28
0.48221513026599	0.357413078816677	0.176	0.21	1	TBXAS1	c28
0.0534750976872573	-0.357393787588771	0.212	0.294	1	MPC1	c28
0.000302049568941343	0.357326515125993	0.612	0.493	1	CANX	c28
0.497081185755606	0.357227336874105	0.041	0.032	1	CARD8-AS1	c28
0.128283973208897	-0.357200245149733	0.135	0.187	1	TSTA3	c28
0.851771176484668	-0.357140653927933	0.053	0.057	1	TMEM203	c28
0.93796249649629	0.357127091141969	0.053	0.056	1	A2M	c28
0.112642170461145	-0.357125797178972	0.029	0.059	1	PACC1	c28
0.539227804117062	0.357031065113712	0.035	0.028	1	ZNF814	c28
0.389939607321792	-0.357022038407686	0.435	0.461	1	DPP7	c28
0.179350357814186	0.35699085152577	0.094	0.069	1	RIOX2	c28
0.0692776868577018	-0.356883466913323	0.094	0.15	1	DNTTIP1	c28
0.011392292035587	0.356333256305822	0.1	0.056	1	LANCL1	c28
0.0545561854529194	0.356077675619838	0.212	0.164	1	CHIC2	c28
0.979555310568183	0.356042498259562	0.041	0.042	1	RFT1	c28
0.507750033019624	-0.355970300029453	0.094	0.112	1	C6orf226	c28
0.889745739906613	-0.355956032246609	0.053	0.056	1	RASSF3	c28
0.0417694724457438	-0.355947216398958	0.088	0.148	1	TFG	c28
0.11754924552468	-0.355842477689914	0.124	0.179	1	CYB5R1	c28
0.796012804125647	0.355809609041969	0.147	0.148	1	SORBS3	c28
0.544128463857823	0.355715995258702	0.041	0.033	1	FOCAD	c28
0.210448126842589	-0.355506278761753	0.029	0.017	1	FAM122C	c28
0.899759002502116	-0.355455091107158	0.459	0.454	1	NFKBIA	c28
0.10006929613031	-0.355285196358535	0.341	0.415	1	RALY	c28
0.470746778107061	-0.355254824166452	0.347	0.379	1	PDIA6	c28
0.686016714101669	0.355123304148805	0.041	0.048	1	PDK2	c28
0.00742313747123067	0.355111797627117	0.229	0.16	1	PPM1K	c28
0.176406846721191	-0.354960814736331	0.153	0.2	1	GM2A	c28
0.24982053289691	0.354871274695489	0.218	0.198	1	RTCB	c28
0.072289188760333	0.354770189432212	0.247	0.204	1	SMC1A	c28
0.192732681826926	0.354727402740261	0.059	0.04	1	DTD2	c28
0.230003980703994	-0.354660004669096	0.041	0.065	1	SLC35C1	c28
0.477766981913428	-0.354624748919123	0.312	0.339	1	HMOX1	c28
0.267862156663152	0.354605783340472	0.088	0.067	1	COG3	c28
0.793692480951118	0.354536390438797	0.024	0.021	1	VSIG10	c28
0.443857622350179	0.354530089269682	0.059	0.047	1	ZNF600	c28
0.963585693642103	0.354492414410458	0.029	0.029	1	FAM221A	c28
0.552015156356607	-0.354363134461544	0.288	0.311	1	ISG15	c28
0.621697509789465	-0.354181147225046	0.594	0.563	1	RPS4Y1	c28
0.0223184309858078	-0.354145070004038	0.194	0.288	1	KXD1	c28
0.962101651810223	0.354116700982109	0.147	0.154	1	TMX2	c28
0.312280446759946	0.354084702673906	0.053	0.038	1	GPHN	c28
0.118518379975171	0.353944251359326	0.094	0.065	1	ATXN7	c28
0.373752991118419	-0.35390321277902	0.153	0.13	1	CPSF6	c28
0.77499899352708	0.353895754312111	0.153	0.153	1	SUCLG2	c28
0.101634753124363	0.353758660910571	0.182	0.144	1	ILKAP	c28
0.658372523666971	-0.353633784360471	0.171	0.191	1	MPLKIP	c28
0.443415778562882	-0.353600907249522	0.106	0.128	1	CDV3	c28
0.00179748180589269	0.353568094521691	0.147	0.079	1	SPTBN1	c28
0.553411412788717	-0.353396888337167	0.006	0.011	1	PKMYT1	c28
0.000598374062760644	0.353319180210784	0.341	0.241	1	LPIN2	c28
0.540055250137575	0.353312226095387	0.171	0.161	1	PPIE	c28
0.418948290222377	0.35320450361295	0.059	0.047	1	LIAS	c28
0.441549444841445	-0.353066764512429	0.018	0.011	1	DLG3	c28
0.833519630273856	-0.352924838590162	0.047	0.044	1	ENDOD1	c28
0.386983549444136	-0.352839837851618	0.035	0.025	1	TRAV1-2	c28
0.0415775101815185	0.352784681944104	0.153	0.107	1	ZFAND1	c28
0.137602050258896	-0.352670356665696	0.035	0.064	1	HMBS	c28
0.598836434389809	0.352622074042387	0.029	0.038	1	ABCD1	c28
0.482090877236442	0.352560496962652	0.153	0.142	1	PRKAG1	c28
3.63906357468908e-06	0.352538528025743	0.494	0.324	0.133193365897195	RESF1	c28
0.859219181250221	0.352398572655554	0.065	0.063	1	ACSS2	c28
0.58273415477764	-0.352274662575763	0.006	0.01	1	ITLN1	c28
0.226053591435643	-0.352197945321864	0.018	0.009	1	CCDC141	c28
0.833756710683398	0.352150420471554	0.024	0.021	1	MICALL1	c28
0.101583187162943	0.351903183964104	0.282	0.242	1	NDUFA10	c28
0.178918974360279	-0.351870995257623	0.6	0.611	1	ATP5F1D	c28
0.137600202263253	-0.351724814461614	0.224	0.288	1	ERLEC1	c28
0.0595669478383761	0.351426865641661	0.182	0.137	1	RASSF7	c28
0.239216462882435	0.351353924601859	0.165	0.139	1	RABEP1	c28
0.011145990033688	-0.351273844972606	0.065	0.136	1	GALK1	c28
0.440379918825566	0.351249391637551	0.124	0.11	1	PPP2R5A	c28
0.814617626275133	0.351238997506756	0.047	0.044	1	SEPHS1	c28
0.0167978153200713	-0.35120171636038	0.065	0.13	1	SERTAD1	c28
0.0643393443087958	-0.35120127242575	0.218	0.286	1	MNDA	c28
0.629237253709487	-0.351108219732403	0.506	0.493	1	ATP5IF1	c28
0.491097883625605	0.351074733869028	0.165	0.153	1	UTP3	c28
0.0012876705878913	-0.351057362294703	0.988	0.947	1	HLA-A	c28
0.873038604729466	0.351051082249042	0.024	0.026	1	POLR1B	c28
0.664521708444812	-0.350907649727778	0.441	0.463	1	SCAND1	c28
0.743624407565472	0.350885087087077	0.029	0.026	1	ZNF529	c28
0.0538903801237561	0.350847983516621	0.165	0.12	1	MPHOSPH10	c28
0.98138861081378	-0.350731656229909	0.024	0.024	1	MAP3K14	c28
0.408044626758444	-0.350431800462807	0.294	0.336	1	CNPY2	c28
0.351144285001859	0.350394712409463	0.012	0.006	1	CEP72	c28
0.0540516596285866	-0.350344604850268	0.259	0.341	1	EIF1B	c28
0.727328256887171	-0.350268937757729	0.041	0.048	1	SDE2	c28
0.496993733509886	0.350189218421743	0.012	0.007	1	AC008014.1	c28
0.403621130923452	-0.350000541858347	0.441	0.459	1	REX1BD	c28
0.806934882731701	0.349976332477586	0.035	0.032	1	OSGEPL1	c28
0.26812778488795	0.349675571941197	0.041	0.027	1	PBX2	c28
0.950854911008752	-0.349517771139082	0.124	0.128	1	UBE2Q2	c28
0.063969746330424	-0.34948675517032	0.906	0.835	1	H3F3B	c28
0.685629283077328	-0.349454682023311	0.018	0.014	1	RALGPS1	c28
0.405396869669146	-0.349430013226948	0.271	0.246	1	CISH	c28
0.144762867007202	-0.349264739581553	0.235	0.3	1	ILK	c28
0.0460164065300478	0.349253443373808	0.1	0.064	1	ZNF280D	c28
0.802885827930032	-0.349202762130521	0.4	0.408	1	HMGN3	c28
0.307584161603791	0.34903849758422	0.088	0.07	1	ANAPC2	c28
0.34836078309018	-0.348987097843751	0.188	0.222	1	SLBP	c28
0.00192977541807588	-0.348946118973233	0.229	0.136	1	SYNE1	c28
0.155746153040874	0.348858787767048	0.076	0.053	1	ALG12	c28
0.0148762364653586	-0.348715098330389	0.041	0.099	1	SLAMF8	c28
0.0623808009096476	-0.348629421368685	0.365	0.438	1	LMAN2	c28
0.473317030883592	0.348592178335862	0.082	0.104	1	IFT57	c28
0.811122954022986	-0.348399841698716	0.024	0.021	1	ZNF566	c28
0.613439452371434	-0.348355234974546	0.012	0.017	1	CMTM8	c28
0.156520434813314	0.348168180897718	0.188	0.154	1	UBTF	c28
0.502514037974633	-0.348025047176103	0.135	0.156	1	RNF113A	c28
0.514836908180476	-0.347999986289762	0.106	0.09	1	MYC	c28
0.473622379811502	-0.347952614375554	0.006	0.012	1	SSX2IP	c28
0.721786644367368	-0.347933874326026	0.424	0.444	1	SNX6	c28
0.0570986047030444	0.347885262631174	0.135	0.095	1	RAF1	c28
0.249391667526297	0.347854024366277	0.082	0.062	1	C2orf49	c28
0.277394775241712	0.347724434270055	0.141	0.117	1	TARDBP	c28
0.404375141766178	0.347708608965624	0.029	0.02	1	FANCI	c28
0.454982644756328	0.347644738727353	0.024	0.016	1	AC007383.2	c28
0.277748921613907	0.347641101653948	0.159	0.137	1	SLC35C2	c28
0.0525511210968915	0.347431122787184	0.1	0.064	1	NAA35	c28
0.206074983294833	-0.347330202526816	0.359	0.409	1	EVI2B	c28
0.943974982474033	0.346890495525498	0.082	0.083	1	MAP2K2	c28
0.235081786319501	0.346825152959933	0.206	0.183	1	SLC38A10	c28
0.000572895270718272	0.346695390081079	0.124	0.059	1	LINC01550	c28
0.283553928488929	-0.346560125580377	0.065	0.09	1	CANT1	c28
0.274609886463933	0.346374449697963	0.194	0.171	1	STARD7	c28
0.101677243705396	-0.346335742388226	0.276	0.353	1	CCT8	c28
0.0676043496598339	0.346289366074173	0.053	0.029	1	PHF10	c28
0.689057078630096	-0.346244385023665	0.465	0.477	1	ARPC4	c28
0.877225989982655	0.346218851465179	0.124	0.126	1	IRF5	c28
0.697944613445231	-0.346026749676829	0.088	0.098	1	MVD	c28
0.000612868732581963	-0.345815264950862	0.894	0.81	1	ITM2B	c28
0.805048899697499	0.345702383274817	0.135	0.135	1	CPQ	c28
0.560886415125005	0.345664422782285	0.171	0.165	1	PTPN12	c28
0.0309532204606215	-0.345629689000827	0.118	0.192	1	ZNF593	c28
0.852343759801197	-0.345548710398552	0.035	0.038	1	HIST3H2A	c28
0.0180055286897406	-0.345446508089871	0.1	0.176	1	PHYH	c28
0.249495252058455	0.345383107682504	0.294	0.278	1	HPS1	c28
0.0252651120148588	-0.345353914543849	0.229	0.328	1	FLOT1	c28
0.00163821763803685	0.345029960085689	0.2	0.122	1	ZCCHC7	c28
0.0418805076812071	-0.344904595222761	0.029	0.071	1	AC016747.1	c28
0.128519824399589	0.344876830138105	0.212	0.178	1	UBQLN1	c28
0.727698067243136	-0.344793583042839	0.071	0.078	1	WDR54	c28
0.0374617210642334	0.344759042488813	0.141	0.096	1	DENND1B	c28
0.183871243577274	-0.344608554143615	0.647	0.655	1	ARL6IP5	c28
0.599382629033395	0.344559702699633	0.053	0.045	1	TYSND1	c28
0.326637328885812	0.344391153983515	0.006	0.015	1	AC147651.4	c28
0.723402791610178	0.34433663490833	0.059	0.053	1	COG1	c28
0.499279877608421	-0.344299856807179	0.094	0.113	1	PRKRA	c28
0.354697362671207	-0.344278985702886	0.153	0.188	1	NUDT1	c28
0.0318606068574501	-0.344212907001723	0.112	0.186	1	STX11	c28
0.165473605035538	0.344018768433139	0.159	0.13	1	PSEN1	c28
0.785204188040675	0.343946605917264	0.2	0.204	1	ZSWIM7	c28
0.0164244767193916	0.343934677442619	0.094	0.053	1	TRBV5-1	c28
0.0656689463429147	-0.343875927565761	0.035	0.074	1	RXYLT1	c28
0.455157015952362	0.343836024144763	0.059	0.048	1	APOOL	c28
0.240978272734259	0.34382642382841	0.053	0.036	1	ALMS1	c28
0.770008349476803	0.343814563742702	0.071	0.08	1	FAM214B	c28
0.717904067166328	0.343711330293603	0.024	0.02	1	TRIM68	c28
0.546684915311087	0.343543744457623	0.118	0.108	1	BTD	c28
0.103619064218485	-0.343517659862868	0.041	0.076	1	PTS	c28
0.545965112581591	-0.343495693726374	0.071	0.085	1	AMDHD2	c28
0.609078937076267	0.343491997679888	0.053	0.046	1	GXYLT1	c28
0.342759774176249	-0.343449020099681	0.359	0.394	1	VDAC1	c28
0.00420481883656377	0.343271642442746	0.353	0.268	1	PDCD4	c28
0.52635302296474	0.343013904205523	0.1	0.089	1	FAM210B	c28
0.202433190982461	-0.343010107069556	0.212	0.27	1	PSMC1	c28
0.805883860520602	-0.343009858686449	0.435	0.44	1	CHURC1	c28
0.674009496454211	-0.342999225533884	0.012	0.009	1	AL135818.1	c28
0.0407274588140542	-0.342879311144055	0.8	0.76	1	CD37	c28
0.731190524497189	-0.342772414765769	0.018	0.022	1	GFOD1	c28
0.226100975090775	-0.342706759139713	0.076	0.108	1	FCHO1	c28
0.608385989015169	-0.342684162773631	0.376	0.355	1	SYF2	c28
0.529714288356687	0.342488268084729	0.071	0.06	1	STRN	c28
0.0303224721813111	-0.342336801140116	0.082	0.147	1	ADPRHL2	c28
0.214704911605885	0.342295157978602	0.135	0.11	1	PHACTR4	c28
0.075230450965654	0.342279314536515	0.129	0.09	1	RGS14	c28
0.492264719794934	-0.342015445132084	0.094	0.113	1	ASF1A	c28
0.499184899779271	-0.342010748894372	0.165	0.146	1	LETMD1	c28
0.395978779227394	-0.341917431039394	0.012	0.006	1	NT5E	c28
0.0114371103597771	0.341873738364918	0.065	0.031	1	KCTD7	c28
0.238383010507143	-0.341766373960907	0.029	0.05	1	SDC2	c28
0.325324482810592	-0.341733560127797	0.029	0.045	1	ZNF691	c28
0.0114502648356753	0.3416971621375	0.076	0.039	1	HMBOX1	c28
0.2478724288532	-0.341508544142631	0.065	0.045	1	ATP8A1	c28
0.168985671148268	-0.34150490467709	0.035	0.062	1	LFNG	c28
0.0740890718556238	-0.341499080709479	0.065	0.11	1	NIPSNAP3A	c28
0.0141361869377848	0.341400068085813	0.235	0.173	1	PPP4R3B	c28
0.544051785935427	0.341293460903897	0.076	0.066	1	UMAD1	c28
0.000890320152571916	0.341161411121441	0.112	0.053	1	SFI1	c28
0.0293215916236778	0.341152722010733	0.076	0.043	1	PPP1R35	c28
0.73219131317717	-0.341128413786645	0.024	0.028	1	MSANTD3	c28
0.810236396898626	0.341087568753339	0.053	0.05	1	CLCC1	c28
0.136631639776187	-0.340754569550169	0.124	0.172	1	MED8	c28
0.581629651770132	-0.34061982248139	0.035	0.045	1	PRR34-AS1	c28
0.667367756998694	-0.340549419157536	0.018	0.023	1	LMAN2L	c28
0.856171407628721	0.340541300648419	0.065	0.071	1	TRIM34	c28
0.422350896000672	-0.340346002342776	0.024	0.035	1	NOP14-AS1	c28
0.807732727972589	-0.340340408531686	0.2	0.212	1	GOLGA7	c28
0.143643841325162	-0.340311089776804	0.012	0.032	1	TTC7B	c28
0.597983910068627	-0.340139668036192	0.306	0.333	1	ILF2	c28
0.162687984340677	0.340074400456955	0.024	0.012	1	KLHDC1	c28
0.000700194332654476	-0.339555707108611	0.971	0.914	1	PTMA	c28
0.982555325389019	0.339507560183689	0.106	0.109	1	RPP38	c28
0.874173388342135	0.339387243813718	0.065	0.063	1	RMND5B	c28
0.212905025295649	-0.339198669246557	0.006	0.019	1	AURKA	c28
0.233008489737943	-0.339134763042946	0.453	0.511	1	CUTA	c28
0.631234816483891	0.339062962753799	0.029	0.024	1	PRICKLE3	c28
0.018352097949426	0.339059927236736	0.194	0.139	1	NUS1	c28
0.000536928285448534	0.338942394090482	0.453	0.342	1	DDX39B	c28
0.0763891816469468	-0.338613629341135	0.024	0.055	1	PNPLA4	c28
0.0235026441992254	-0.338535914057216	0.053	0.11	1	MED31	c28
0.000318771964487046	0.338506282772365	0.294	0.188	1	RSBN1	c28
0.506613919076936	-0.338251349335986	0.006	0.011	1	TMSB4Y	c28
2.32991254682799e-06	0.338113348638218	0.306	0.164	0.0852771291264513	AKNA	c28
0.0513437771880381	-0.337851252254673	0.482	0.558	1	CD53	c28
0.0330647841606109	-0.337777305651359	0.018	0.056	1	MTMR11	c28
0.110822818896553	0.337665236909312	0.076	0.05	1	ATG10	c28
0.578511237825454	-0.337596663988114	0.518	0.517	1	ATP5PB	c28
0.335214842930992	-0.337530979064192	0.082	0.064	1	CDKN2AIPNL	c28
0.453597007524107	-0.337255186048817	0.053	0.068	1	MRPL39	c28
0.974995831146204	0.337191683580457	0.1	0.105	1	C11orf54	c28
0.593136264350982	0.336976195179729	0.018	0.013	1	PIGW	c28
0.64858841973922	0.336936185832033	0.059	0.052	1	CIAO3	c28
0.750043371822236	0.336852728360126	0.024	0.02	1	ALDH5A1	c28
0.866661354020819	0.336662800460276	0.035	0.033	1	UBQLN4	c28
0.00184051460520188	0.336551817035841	0.235	0.155	1	WAC	c28
0.191642183657503	0.3365451895192	0.094	0.07	1	CYB561A3	c28
0.290258619006196	0.336477369927068	0.124	0.102	1	NAA60	c28
0.77197089649359	0.336315505770094	0.024	0.027	1	PAPSS2	c28
0.222441767753783	-0.336305297050305	0.565	0.593	1	RPS17	c28
0.898199304069248	-0.336304524893703	0.035	0.037	1	ZNF668	c28
0.711147556286895	-0.336177705770625	0.124	0.135	1	ELOF1	c28
0.126492198836529	-0.336028245919025	0.229	0.291	1	NANS	c28
0.92999343081192	0.335886908489875	0.018	0.019	1	SH2D4A	c28
0.26120449864587	-0.335567614359146	0.065	0.092	1	OVCA2	c28
0.145487014551055	0.335439250657573	0.094	0.067	1	MNAT1	c28
0.219264022630093	0.335395207341346	0.059	0.041	1	PDHX	c28
0.280037742513577	-0.335245115052627	0.194	0.24	1	TRAPPC4	c28
0.7270930933924	-0.33505039272376	0.018	0.022	1	AC011603.2	c28
0.0898785640051363	0.335036653412128	0.076	0.048	1	SLC16A7	c28
0.135812961576101	0.334978040605838	0.059	0.037	1	LPCAT1	c28
0.00393370930031931	0.334879875678376	0.171	0.101	1	DENND1C	c28
0.454236117151071	0.334851618915037	0.053	0.069	1	PIGK	c28
0.811561032425201	0.334814235683583	0.035	0.032	1	KCNN4	c28
0.0623798747132016	-0.334709357627136	0.729	0.477	1	ALDH2	c28
0.276384559736166	-0.334507321178734	0.182	0.226	1	CNPPD1	c28
0.122953788950285	-0.334379920580302	0.065	0.104	1	ALDH3B1	c28
0.270608582459566	0.334285346210619	0.024	0.041	1	WDR34	c28
0.433170638411403	-0.334238060381269	0.694	0.637	1	SSR4	c28
0.0623696607248265	-0.333673172657967	0.159	0.229	1	MRPL27	c28
0.0175528155568411	0.3336352366271	0.176	0.121	1	RAP1GDS1	c28
0.952104001063669	-0.333608339812684	0.071	0.07	1	MLH1	c28
0.0484632694584494	-0.333491315284254	0.059	0.109	1	GNA15	c28
0.640377033259958	-0.333265436430921	0.024	0.03	1	NEK4	c28
0.34181847791576	-0.333251120477685	0.071	0.093	1	CHTF8	c28
0.433221387635168	-0.333199442016286	0.206	0.24	1	SDAD1	c28
0.229140807872485	-0.333090560149033	0.141	0.184	1	MRPS33	c28
0.221878250184101	0.332973062047406	0.124	0.099	1	SART1	c28
0.784456589166903	-0.332918553689624	0.071	0.077	1	SMPD1	c28
0.0350107751661263	0.33279398880982	0.182	0.134	1	ACSL3	c28
0.320209969926421	-0.332731540677559	0.153	0.123	1	RNF125	c28
0.456444429989042	-0.332728258606673	0.288	0.311	1	LAP3	c28
0.762064315315873	-0.332306386272613	0.029	0.026	1	RGS1	c28
0.380095201956482	-0.332227726368148	0.012	0.022	1	FP565260.1	c28
0.0202263507263573	0.332053208268982	0.035	0.014	1	TRBV12-4	c28
0.0263560986323133	-0.33197135005948	0.118	0.194	1	TMEM205	c28
0.309900592315072	0.331769875204662	0.024	0.014	1	PPM1L	c28
3.78308346686017e-06	0.331702012725828	0.335	0.195	0.138464637970549	UTRN	c28
0.316889355710371	-0.331682211442939	0.024	0.039	1	THAP8	c28
0.167340738342021	-0.331590835587223	0.118	0.161	1	TNFAIP8L2	c28
0.16116653991653	-0.331280138775671	0.024	0.012	1	PM20D2	c28
0.672696989880279	-0.331175283948157	0.059	0.068	1	SYVN1	c28
0.237273217269912	0.331156101690509	0.188	0.161	1	CCM2	c28
0.830272476340584	0.331120266462696	0.053	0.05	1	RAD17	c28
0.619820159956908	-0.331048245209533	0.365	0.388	1	PSMD4	c28
0.409151440767	0.331039756975382	0.041	0.057	1	DNAL4	c28
0.418745943391983	-0.330999453841848	0.035	0.025	1	GCH1	c28
0.00987794961157032	0.330979730395986	0.176	0.116	1	NOP14	c28
0.488556809328644	-0.330923799446729	0.029	0.022	1	RGS2	c28
0.161438430864468	0.330849098428854	0.276	0.25	1	MLEC	c28
0.195550380873218	0.330457414410544	0.224	0.195	1	DR1	c28
0.841697685125966	-0.330452134708156	0.024	0.026	1	IPO11	c28
0.691049936715606	-0.330440010080813	0.053	0.047	1	RIOX1	c28
0.0185063124088889	-0.330365722478295	0.818	0.747	1	COX7C	c28
0.950870114610074	-0.330343474043847	0.059	0.061	1	RCHY1	c28
0.0824390400717147	-0.330329315073287	0.1	0.155	1	SLC39A3	c28
0.0101330590630856	0.330219274289044	0.194	0.13	1	CNOT6L	c28
0.965661346844781	-0.33008597800554	0.024	0.023	1	ZNF548	c28
0.0755690104808809	0.329982558596122	0.124	0.087	1	TAF6	c28
0.981820804911028	0.329953551553847	0.071	0.072	1	OSBPL2	c28
0.0192517184323698	0.329907673292813	0.165	0.112	1	DNM1L	c28
0.284076434405803	-0.329906658009174	0.371	0.422	1	PSMA1	c28
0.457587483060651	0.32984918133004	0.012	0.02	1	LRRC61	c28
0.98946455865656	-0.329564059820965	0.218	0.222	1	DDX39A	c28
0.0183438159723645	0.329539502659223	0.218	0.157	1	CNOT4	c28
0.986050435408305	-0.329393351081332	0.071	0.071	1	REXO4	c28
0.592657573235888	-0.329385857395018	0.071	0.061	1	TRMU	c28
0.217054264008033	0.329380031396075	0.141	0.116	1	GNA13	c28
0.365466228930771	0.329350778451241	0.118	0.099	1	DPF2	c28
0.308245123971504	-0.329309761963278	0.235	0.28	1	LEPROT	c28
1.3353850413806e-05	0.329029708516337	0.571	0.425	0.488764278995712	SRSF7	c28
0.114093978177998	0.328893222579555	0.094	0.065	1	PRR12	c28
0.253420346480214	0.328780229732855	0.106	0.084	1	FEM1B	c28
0.432473236481917	-0.328620055404518	0.153	0.181	1	TMEM183A	c28
0.128095239307988	-0.328570205580855	0.165	0.227	1	FAM200B	c28
0.0762238270247295	0.328420523782214	0.129	0.093	1	ZNF326	c28
0.426558601617215	0.328394561245046	0.088	0.111	1	C1GALT1C1	c28
0.0758309711509956	-0.328389644300498	0.035	0.072	1	FBXO8	c28
0.211931278529386	-0.328314701182082	0.041	0.066	1	PIGX	c28
0.000490385111286945	0.328267369629377	0.188	0.104	1	PDE4B	c28
0.391670533542499	0.328260830795526	0.188	0.174	1	LZIC	c28
0.296622226697011	-0.328088684699074	0.006	0.016	1	RIN1	c28
0.874491755437703	-0.328054516038151	0.447	0.431	1	RAP1A	c28
0.735671640625828	0.328013657172591	0.182	0.185	1	TM2D1	c28
0.32571511189284	0.327662994407363	0.106	0.088	1	BEST1	c28
0.318119192604745	-0.327513252214216	0.147	0.181	1	FYTTD1	c28
0.248469740498953	0.327497250591638	0.071	0.052	1	ATG4D	c28
0.0559628277619541	0.327468181660943	0.212	0.164	1	THUMPD1	c28
0.134166743074885	0.327392691117466	0.124	0.093	1	ABHD3	c28
0.194416215985209	0.327351604935134	0.235	0.206	1	COPB1	c28
0.834239961745016	0.32724437587007	0.012	0.014	1	MB21D2	c28
0.542866652004249	-0.327198926115019	0.076	0.065	1	AL135905.2	c28
0.0600913460954505	-0.327151338658022	0.212	0.282	1	ACOT2	c28
0.259263103916465	-0.327132283529736	0.059	0.085	1	CGRRF1	c28
0.16061417319946	-0.327048661351029	0.347	0.278	1	STK17B	c28
0.927764185045905	0.327040538242017	0.035	0.037	1	PALLD	c28
0.950340374374926	-0.326983633922183	0.076	0.075	1	RNF138	c28
0.0391349026352978	-0.326886219222425	0.741	0.718	1	MIF	c28
0.201614557661222	0.326743525791534	0.112	0.087	1	USP7	c28
0.917424311712017	0.326741467099241	0.035	0.037	1	ZDHHC2	c28
0.00491780571967316	-0.326681785288632	0.965	0.906	1	RPS13	c28
0.0512715210856093	0.326572859574413	0.306	0.255	1	ESYT1	c28
0.0217026796444674	-0.326448453121255	0.059	0.119	1	ILVBL	c28
0.111324429766851	0.326421740346304	0.129	0.096	1	TTF1	c28
0.406696337663948	-0.326156807378263	0.076	0.098	1	RPF2	c28
0.358698916108425	0.326006175065029	0.024	0.015	1	ZNF563	c28
0.912782415894131	0.325959017300641	0.076	0.082	1	ATPAF2	c28
0.00785275817545093	0.325923332637474	0.035	0.012	1	AC111182.1	c28
0.296727076153241	0.325751251685999	0.112	0.091	1	GPKOW	c28
0.00596248081484688	0.325749227697293	0.153	0.093	1	ZNF770	c28
0.153278240597083	0.32572164111485	0.029	0.016	1	FCRL3	c28
0.0311077386180908	-0.325075128855485	0.182	0.12	1	ITK	c28
0.846353176461819	0.325060070966797	0.012	0.014	1	TP53INP2	c28
0.185967322792875	-0.324986782386974	0.429	0.476	1	TBCA	c28
0.119861682051118	0.324943901047493	0.088	0.061	1	SESN1	c28
0.00829374613593919	0.324810231739751	0.276	0.202	1	RBMX	c28
0.487782122066565	0.324641570942199	0.188	0.181	1	ACOT9	c28
0.543063252719833	0.32459461997605	0.024	0.017	1	AC005562.1	c28
0.306255868515477	0.324527847934743	0.029	0.019	1	ZNF250	c28
0.311231114462017	0.324389634759577	0.1	0.133	1	ZNF385A	c28
0.21163666220501	-0.324316865943463	0.259	0.316	1	PHPT1	c28
0.182115489401283	-0.324113180526645	0.247	0.305	1	SF3B4	c28
0.459754211772132	0.324074544662849	0.112	0.098	1	FPR3	c28
0.345564156664629	-0.323960291456499	0.159	0.134	1	NOB1	c28
6.35953737214178e-06	0.32379940928327	0.394	0.227	0.232765427357761	CD69	c28
0.338926917128699	0.323751423665476	0.018	0.031	1	SLC25A53	c28
0.171034482479917	-0.323679179376539	0.088	0.062	1	C21orf91	c28
0.635302873271538	0.323591754758261	0.059	0.052	1	FAM228B	c28
0.00128569608789834	0.32346672477812	0.206	0.124	1	RASA2	c28
0.287776743367542	-0.323455692116714	0.765	0.709	1	TPM3	c28
0.145323016497525	-0.323427933427125	0.353	0.407	1	SSR3	c28
0.737444165902653	0.323426895219221	0.035	0.031	1	CENPE	c28
0.375117383413873	0.323350352957021	0.035	0.025	1	MBTD1	c28
0.986297661444106	0.323322890806628	0.012	0.012	1	TOLLIP-AS1	c28
0.0358927153162296	0.323171833069493	0.294	0.237	1	TMEM30A	c28
0.431286246124478	0.323108634677763	0.047	0.064	1	MICA	c28
0.896923842570316	-0.323018278742909	0.065	0.062	1	MIR4435-2HG	c28
0.34307609258389	0.322944782990011	0.271	0.259	1	NFE2L2	c28
0.115387038611098	0.322924437346602	0.124	0.09	1	NPAT	c28
0.0344833230594373	0.322883882003071	0.018	0.006	1	TRAV30	c28
0.48245261027034	0.322819905984206	0.047	0.037	1	NUP43	c28
0.029254509375574	-0.322794063991473	0.059	0.115	1	MYO1C	c28
0.555359329618996	-0.322695622015212	0.294	0.326	1	ADH5	c28
0.249303148803918	-0.322677140736407	0.159	0.204	1	CUEDC2	c28
0.813733153972314	0.322604250525818	0.053	0.05	1	TUT1	c28
0.000780282197483278	-0.32246342138465	0.906	0.856	1	UBA52	c28
0.51757574940833	-0.322325338244347	0.059	0.048	1	HIST2H2AC	c28
0.372281545205149	0.322309287529654	0.029	0.044	1	MTHFD1L	c28
0.209766242654763	0.322107157686982	0.094	0.071	1	METTL14	c28
0.0176837325915565	-0.322079102090339	0.124	0.207	1	CHCHD1	c28
0.572768815142768	-0.32201750957463	0.035	0.045	1	KCTD9	c28
0.204982836423605	0.321958759799144	0.047	0.03	1	DCAF17	c28
0.791662507960039	-0.321930578923603	0.024	0.027	1	DNAJA4	c28
0.454480930988655	0.321806141908751	0.071	0.09	1	TMEM19	c28
0.0952241570999314	0.321648823420482	0.129	0.094	1	TMEM87B	c28
0.00605263173550792	0.321630355185686	0.3	0.228	1	MRPS5	c28
0.206774675066105	-0.321618507102574	0.288	0.35	1	IGBP1	c28
0.0526529963978279	0.321400158072937	0.071	0.041	1	UHRF2	c28
0.149779422695101	0.321398943095725	0.118	0.088	1	RPAP3	c28
0.0768478999673753	-0.321224791157821	0.029	0.064	1	BPHL	c28
0.0211727853285468	-0.321174182847299	0.247	0.168	1	CYFIP2	c28
0.225200622842567	-0.321076142628006	0.224	0.273	1	TMCO1	c28
0.685600965762252	-0.320938697878074	0.082	0.093	1	ACTL6A	c28
0.582554779359842	-0.3208158408674	0.094	0.109	1	HTRA2	c28
0.0702519063747058	-0.320747512156874	0.165	0.234	1	CAMTA1	c28
0.0549996852844829	0.320739673233816	0.035	0.016	1	RNF144A	c28
0.0277433761479715	-0.320702235202643	0.665	0.674	1	GMFG	c28
0.107015886723453	-0.320388814868293	0.035	0.018	1	SPEF2	c28
0.493616822620245	-0.320321478097632	0.047	0.06	1	INPP1	c28
0.000371800807943779	0.320306190958433	0.247	0.152	1	FKBP5	c28
0.822640645890242	0.320206887739012	0.012	0.014	1	UBXN10	c28
0.564318485755023	0.320196390600992	0.053	0.044	1	CCP110	c28
0.842260762597094	-0.320177446619736	0.012	0.01	1	BTLA	c28
0.0957318649101899	-0.320017238736006	0.141	0.202	1	SAMM50	c28
0.378347105206495	0.320007782914747	0.118	0.101	1	NFE2L1	c28
0.0609718510420017	0.31997505232966	0.3	0.252	1	FAM204A	c28
0.0350898064404506	-0.319970572194067	0.247	0.345	1	SUPT4H1	c28
0.880106627504801	-0.319700743058129	0.018	0.016	1	VSIG1	c28
0.250666950490982	-0.319614551299781	0.059	0.085	1	SEC23IP	c28
0.180021671490863	0.319596510516049	0.218	0.188	1	NSRP1	c28
0.340508391894917	-0.319528148635006	0.141	0.173	1	AMZ2	c28
0.780739492005162	0.319455644593906	0.082	0.092	1	FADS1	c28
0.462537030081501	-0.319389217631919	0.035	0.048	1	MRPL23	c28
0.0249009772718449	0.319334173474977	0.218	0.158	1	RNF216	c28
0.000660308643861372	-0.319069347069358	0.359	0.216	1	CD8B	c28
0.139590834833724	0.318819562446512	0.124	0.179	1	CDCP1	c28
0.763631906352883	0.318497840236529	0.012	0.01	1	TMC4	c28
8.61423897667167e-05	0.318476395900817	0.141	0.066	1	RELCH	c28
0.127097916082554	0.318311969132357	0.059	0.037	1	CDR2	c28
0.0846512208843354	0.318245762751647	0.124	0.088	1	SS18	c28
0.721549072178725	-0.317636722954574	0.435	0.461	1	C11orf58	c28
0.203030315880631	-0.317569369104046	0.035	0.059	1	PEX10	c28
0.331369338297911	-0.317444078914332	0.188	0.229	1	ZFAND6	c28
0.287717038533162	-0.317340559180025	0.053	0.037	1	TCTEX1D2	c28
0.192222497981003	0.317320341624532	0.029	0.017	1	ZNF587B	c28
0.567834562921379	-0.317309679112057	0.153	0.14	1	NMRK1	c28
0.0933117701145531	-0.317226045706525	0.076	0.123	1	ZFPL1	c28
0.352062709584737	0.317087900510486	0.018	0.03	1	RTL8B	c28
0.527274765312555	0.317055172918383	0.112	0.1	1	TSPAN31	c28
0.171872336156124	0.317049452570333	0.076	0.054	1	NCBP1	c28
0.383534577988725	-0.316832730392912	0.076	0.098	1	SLC25A26	c28
0.00326089160081403	0.316525614864582	0.212	0.137	1	EBLN3P	c28
0.067350111316454	0.316516190794874	0.065	0.038	1	STK38L	c28
0.164405018527859	-0.316288003279141	0.1	0.071	1	ZBTB25	c28
0.941187057223806	-0.316129598487784	0.024	0.024	1	CROCC	c28
0.0280143588980097	-0.316102788423988	0.835	0.791	1	PCBP2	c28
0.332001970218115	-0.316066218930771	0.006	0.015	1	C1orf198	c28
0.00229537809192394	-0.315778886128227	0.424	0.268	1	GZMM	c28
0.501602600455808	0.315576815897705	0.029	0.04	1	CETN3	c28
0.276338329500854	0.31554328772542	0.076	0.058	1	ZC3H4	c28
0.892502402990552	-0.315494532790701	0.147	0.151	1	INSIG1	c28
0.278228263269656	-0.315087742765752	0.212	0.257	1	MS4A6A	c28
0.690573168417291	0.315078318551275	0.124	0.119	1	GOSR2	c28
0.256987541467691	-0.315038825228034	0.606	0.581	1	LITAF	c28
0.203142286365219	0.314909395205946	0.224	0.197	1	PPP1CB	c28
0.0571131902793867	0.314866446639098	0.065	0.037	1	CLK2	c28
0.127418718885579	-0.314856618985127	0.806	0.739	1	HINT1	c28
0.948139810908114	0.314784188769875	0.035	0.037	1	CENPN	c28
0.918475182678479	0.314690010688885	0.012	0.013	1	FBXL18	c28
0.000462514558950104	0.314637263744897	0.312	0.206	1	CCDC18-AS1	c28
0.0150504701145447	0.314616867394017	0.141	0.089	1	RBM26	c28
0.798054785409531	-0.314613249654566	0.024	0.021	1	MIR762HG	c28
0.297646243383083	-0.314571063335093	0.006	0.016	1	C1orf159	c28
0.0390221215422272	-0.314436300445183	0.329	0.241	1	PBXIP1	c28
0.0190298396611314	0.314383477643262	0.159	0.105	1	TFDP2	c28
0.745392052064992	-0.314316990520686	0.124	0.135	1	INPP5K	c28
0.525080983987187	-0.314194814564427	0.041	0.032	1	ZNF862	c28
0.274316429211551	0.314142035930376	0.076	0.058	1	TMEM214	c28
0.867698424222858	-0.313879501332025	0.153	0.149	1	IL27RA	c28
0.18049445806928	0.313858726275103	0.188	0.158	1	SRP54	c28
0.481352575037931	-0.313556684639945	0.053	0.067	1	ZFYVE19	c28
0.71665076601157	0.31354507683407	0.047	0.042	1	SRD5A1	c28
0.721507799277639	-0.313543321060427	0.059	0.053	1	LYSMD3	c28
0.473307749608075	-0.313350037396641	0.029	0.041	1	HIVEP3	c28
0.988347632593576	0.313228245466967	0.018	0.018	1	FCGR2B	c28
0.029228775032593	-0.313122696828029	0.135	0.215	1	GPR108	c28
0.410301454536967	0.313078085011564	0.188	0.174	1	RARA	c28
0.266014129846956	-0.312872336633016	0.112	0.148	1	B3GALT4	c28
0.039487296317752	0.312870350475809	0.165	0.117	1	MITD1	c28
0.330832528361355	-0.312849830417393	0.147	0.183	1	NSL1	c28
0.560707142692954	0.312828013846801	0.218	0.212	1	IMPDH1	c28
0.398191473275327	-0.312679232677391	0.012	0.021	1	FKBPL	c28
0.521954148790128	0.312523696800675	0.059	0.049	1	KLHL12	c28
0.147579527039905	0.312151457835925	0.035	0.02	1	TTC39C-AS1	c28
0.788792557012991	0.311926719221548	0.035	0.04	1	AL451165.2	c28
0.894543355134422	-0.311905171792139	0.041	0.039	1	SLC30A6	c28
0.237919600246017	-0.311900900828132	0.135	0.177	1	FPGS	c28
0.0755697728220309	0.311869948809922	0.2	0.157	1	DCAF8	c28
0.239459697769645	-0.311772324520883	0.182	0.226	1	PCNP	c28
0.196790435934093	-0.311758363354718	0.776	0.762	1	RPL38	c28
0.055372950806932	-0.311736069418253	0.106	0.167	1	UNC50	c28
0.69613511437604	0.31162840490795	0.035	0.042	1	ANO10	c28
0.285212754758334	-0.311600106863911	0.118	0.152	1	TMEM223	c28
0.0510879219065975	-0.311536301575988	0.076	0.132	1	USP30-AS1	c28
0.0378643980570598	0.311530973306358	0.229	0.174	1	RO60	c28
0.674339967413581	-0.311507780111118	0.041	0.048	1	CSPP1	c28
0.400911174350288	0.311507345469418	0.076	0.062	1	ZNF688	c28
0.869006949439016	-0.311319106912917	0.059	0.062	1	DAPK3	c28
0.491061994974167	0.311307712166692	0.135	0.167	1	COPS7A	c28
0.144622527453105	-0.310963628483157	0.053	0.085	1	NUDT18	c28
0.535692569827531	0.310957023073091	0.188	0.181	1	ARRB1	c28
0.770429891424696	-0.31084990666332	0.065	0.072	1	DOHH	c28
0.104477255806041	0.31079265562815	0.282	0.245	1	SLC25A24	c28
0.168376991968751	0.310754911337092	0.224	0.192	1	HTATSF1	c28
0.373799164359195	-0.310735404649467	0.159	0.19	1	EXOSC1	c28
0.968351909323045	-0.31066103896802	0.071	0.071	1	NRAS	c28
0.442760605924249	0.310651985283009	0.065	0.052	1	RGS3	c28
0.778783146599523	-0.310469551414782	0.112	0.105	1	RNF214	c28
0.200923700943387	0.310463479898236	0.1	0.076	1	HDHD3	c28
0.22115242982584	0.310417597028455	0.159	0.132	1	CPSF2	c28
0.219547672476191	0.310408774116622	0.082	0.061	1	CSGALNACT2	c28
0.134182430047158	0.310107862310445	0.082	0.056	1	PRMT7	c28
0.775341171458511	0.309946524503763	0.076	0.086	1	PCYT2	c28
0.776443322873482	0.309915451106542	0.065	0.072	1	TBC1D23	c28
0.498315390003637	-0.309816075062315	0.212	0.191	1	CRBN	c28
0.0605114329478681	0.309736668884514	0.088	0.056	1	CTDP1	c28
0.0337844155001677	-0.309612304769522	0.012	0.047	1	TRMT61A	c28
0.268317837630954	-0.309575176840257	0.153	0.121	1	ANXA2R	c28
0.473815738029225	0.309506049792439	0.224	0.215	1	COPB2	c28
0.0814233415615119	0.309408504039865	0.082	0.053	1	ZNF433-AS1	c28
0.32267320757725	-0.309244770833522	0.271	0.319	1	DGUOK	c28
0.512743353756572	0.308836154531756	0.071	0.088	1	ADAM15	c28
0.18478552404981	-0.308757290390174	0.247	0.308	1	TMEM256	c28
0.529366512732004	-0.30873204967016	0.029	0.039	1	DUS4L	c28
0.595131580571117	0.308677011341769	0.071	0.085	1	UBXN2B	c28
0.0967794694709988	-0.308485937397109	0.971	0.898	1	RPL6	c28
0.0881067054985964	-0.30839747311657	0.088	0.137	1	MRPL46	c28
0.176383544863417	0.307722759264273	0.088	0.064	1	ZNF652	c28
0.809266182028285	0.30768036771516	0.035	0.032	1	CCDC34	c28
0.809466403426685	0.307679574198644	0.124	0.123	1	STX5	c28
0.032008858740952	-0.307670325535146	0.094	0.163	1	DESI1	c28
0.0289865719941069	-0.307553922583369	0.441	0.33	1	NKG7	c28
0.206773345716361	-0.307431148386165	0.053	0.035	1	TGIF2	c28
0.32236567343152	-0.30740815860544	0.018	0.031	1	LINC02245	c28
0.00718564286121441	0.307325378935114	0.118	0.066	1	PRKD2	c28
0.505255845385127	-0.30727746165106	0.553	0.569	1	ANP32B	c28
0.792489303889261	0.307110987982841	0.018	0.015	1	ZNF627	c28
0.254169557630174	-0.307066525258053	0.976	0.913	1	RPL39	c28
0.316239911479118	-0.307024823606236	0.606	0.58	1	PKM	c28
0.0243257212911714	0.30698158903009	0.306	0.245	1	REST	c28
0.927251796224453	0.306980940016803	0.088	0.089	1	DUS3L	c28
0.764591215458758	-0.306857984779622	0.094	0.101	1	HIST1H1C	c28
0.0226671447713667	0.306794374845232	0.165	0.111	1	RHOT2	c28
0.0850645412107505	0.30678474172888	0.265	0.222	1	PPP4R2	c28
0.817760914617903	0.306737367555949	0.082	0.09	1	RRP15	c28
0.182247463261288	0.306665409225537	0.159	0.13	1	CHORDC1	c28
0.860174606545971	0.3066635268547	0.082	0.08	1	AP5M1	c28
0.190962807501085	-0.306635612136455	0.094	0.133	1	ERI3	c28
0.654905133988567	-0.306633602659792	0.053	0.062	1	HDHD2	c28
0.0143204809478685	0.30638811417536	0.135	0.084	1	ZNF506	c28
0.420382873083809	0.306354140462567	0.088	0.074	1	TSPAN32	c28
0.68139104702954	0.306323136256691	0.012	0.016	1	KBTBD8	c28
0.137719493429224	0.306303058882416	0.129	0.097	1	ATF7IP2	c28
0.0283105999688888	0.306122491801807	0.147	0.099	1	ZC3H6	c28
0.474507382932151	0.306118919831865	0.024	0.034	1	PIR	c28
0.820153307928576	-0.30599523618614	0.118	0.126	1	CCDC174	c28
0.238740888978948	0.305912554100695	0.094	0.072	1	NIPAL3	c28
0.00384834147815089	0.305591411355509	0.212	0.139	1	USP47	c28
0.0373522053158141	0.305399656855999	0.147	0.101	1	PPP6R2	c28
0.512182408703767	0.305329216838477	0.082	0.101	1	MAGOHB	c28
0.3275554523237	0.305279993445911	0.288	0.276	1	DCAF7	c28
0.471201753670969	-0.305060168602473	0.335	0.374	1	C1QBP	c28
0.0406997429958559	-0.304961335679124	0.059	0.113	1	ACOT1	c28
0.868280595172993	-0.304567962967082	0.012	0.013	1	ZNF251	c28
0.986514922427489	-0.304353398244776	0.682	0.645	1	YWHAZ	c28
0.153041075077062	-0.304343718376255	0.235	0.186	1	R3HDM4	c28
0.455436481725133	0.304162202178771	0.065	0.084	1	DHRS7B	c28
0.161012499853197	-0.304096256037941	0.324	0.388	1	SLC3A2	c28
0.822901502103143	-0.304037462870109	0.182	0.193	1	ATG12	c28
0.698362357640427	-0.30386394028509	0.035	0.041	1	BCKDHB	c28
0.387827317790492	-0.303842106422674	0.106	0.133	1	NIPA2	c28
0.386767911314712	-0.303730602113196	0.271	0.302	1	MYADM	c28
0.127220557992866	-0.303581116829414	0.112	0.079	1	SNHG1	c28
0.185410462997406	-0.303550144967558	0.053	0.083	1	RRP8	c28
0.106656304906916	0.303060070653373	0.124	0.09	1	ZNF830	c28
0.483037022890218	-0.302969480818439	0.106	0.091	1	CLSTN1	c28
0.137996429265087	0.302864702914879	0.165	0.13	1	SNRPN	c28
0.551238215608597	0.302856120650087	0.1	0.12	1	TMEM127	c28
0.0990608561592719	0.302853049330479	0.059	0.035	1	ADGRG1	c28
0.0191134731581072	0.30266422861204	0.082	0.045	1	SP4	c28
0.263672617441204	-0.302571566264844	0.453	0.486	1	MDH2	c28
0.122225161288794	0.302361425087283	0.053	0.032	1	GCC1	c28
0.700392726644678	0.302257078010379	0.012	0.009	1	AL162253.2	c28
0.737248502761153	0.302135228883861	0.141	0.14	1	PEX11B	c28
0.143452573984852	-0.302113249039884	0.229	0.297	1	CNIH1	c28
0.00215153055113624	-0.302071691322713	0.182	0.101	1	LY9	c28
0.691322378697672	0.30199221464779	0.041	0.036	1	ERMARD	c28
0.491452923818193	0.301793678771618	0.106	0.093	1	C12orf43	c28
0.427185330460066	0.301712429183312	0.035	0.05	1	SLC66A1	c28
0.268927438071589	-0.301688918668142	0.035	0.055	1	PHF23	c28
0.804412688853492	-0.301446755639127	0.018	0.02	1	HDGFL3	c28
0.16760195049759	0.301411461398371	0.253	0.226	1	IARS2	c28
0.0457971319983646	0.301366350459898	0.047	0.023	1	PTP4A3	c28
0.585187114755772	-0.301293398036918	0.006	0.01	1	LIN9	c28
3.52920907353556e-05	0.301227325784456	0.306	0.175	1	KLRB1	c28
0.0242885919096392	0.301172734596051	0.053	0.025	1	TRBV7-6	c28
0.397438709127069	0.30087763054733	0.029	0.044	1	TRMT5	c28
0.41146752098043	-0.30086793786598	0.312	0.352	1	PDCD5	c28
0.0629454344858717	-0.300822672809843	0.865	0.786	1	BTF3	c28
0.488983380876743	-0.300817693939865	0.012	0.007	1	HECW2-AS1	c28
0.0825171020151503	-0.300771844945208	0.106	0.162	1	ACP2	c28
0.788832950390996	0.300478086822891	0.071	0.067	1	CPSF1	c28
0.171365196496364	-0.300303499732782	0.229	0.293	1	RTF2	c28
0.892782175502943	0.300247503949705	0.012	0.013	1	ENKD1	c28
0.399233584758335	-0.300242046580336	0.041	0.057	1	STAM2	c28
0.00316976652013408	0.300137550733821	0.353	0.271	1	PTPN1	c28
0.252263714104907	-0.30001601959419	0.035	0.056	1	CSTF2T	c28
0.404858151810334	0.299990158839964	0.071	0.092	1	C1orf50	c28
0.985486999679423	-0.299874905063995	0.418	0.418	1	SHISA5	c28
0.10311923624473	-0.299834920812032	0.165	0.225	1	DPY30	c28
0.856079875243039	-0.299750737489718	0.188	0.2	1	TSR2	c28
0.338481922363843	0.299711987804987	0.035	0.024	1	CAPN10	c28
0.0870527526768216	0.299629236085793	0.235	0.195	1	C6orf89	c28
0.108830434221739	-0.299514723576347	0.171	0.235	1	CSRP1	c28
0.165145535767679	0.299396706830867	0.012	0.005	1	MIR4453HG	c28
0.0563436338210283	0.299342865068735	0.076	0.046	1	ZNF512	c28
0.365647829735652	-0.299332537639789	0.035	0.024	1	DEXI	c28
0.00089243155365074	0.299331258137484	0.3	0.2	1	VPS51	c28
0.127174816662881	0.299256884266221	0.312	0.276	1	PRPF6	c28
0.573012098191699	-0.299252812580477	0.035	0.045	1	POLD1	c28
0.234715670416803	0.298935160747497	0.147	0.122	1	UBA3	c28
0.684916290899558	0.298933645053219	0.047	0.041	1	INTS13	c28
0.544079400173865	-0.298704150138735	0.353	0.388	1	SET	c28
0.0792785313283434	0.298693541928617	0.147	0.108	1	TXLNA	c28
0.0453701059095607	0.298675743347339	0.147	0.103	1	NEK9	c28
4.42033074521486e-05	0.298576726346357	0.059	0.017	1	TRAV8-3	c28
0.261125378801504	0.298545272740312	0.241	0.221	1	GLUD1	c28
0.657191020310375	-0.298491446691292	0.388	0.387	1	SDCBP	c28
0.0137596048011131	0.298455196066524	0.182	0.124	1	ASCC3	c28
0.050918549023269	-0.298437479168546	0.153	0.228	1	COMMD3	c28
0.760955191413349	0.298304331636094	0.147	0.147	1	TMEM248	c28
0.376093443029043	-0.298299216592231	0.247	0.286	1	ACP1	c28
0.527054109443918	-0.298003515544187	0.071	0.085	1	LINC00847	c28
0.754876885726832	-0.297880462455893	0.535	0.53	1	MORF4L1	c28
0.580875817862728	0.297665765437317	0.106	0.096	1	SLC10A3	c28
0.00775628051856522	-0.29729017210453	0.347	0.239	1	ITGA4	c28
0.023190501581595	-0.297238012781686	0.124	0.2	1	SNAP29	c28
0.957300809722947	0.29722145744765	0.071	0.072	1	C11orf24	c28
0.0581601244173236	0.297192628843917	0.359	0.309	1	IFI16	c28
0.14692957028129	-0.297183830733667	0.012	0.031	1	ZDHHC19	c28
0.137284757021512	-0.297134847993077	0.088	0.132	1	PRKCD	c28
0.280697355759051	-0.296821459119609	0.118	0.151	1	ATG5	c28
0.287753761688855	0.296731056222884	0.106	0.085	1	PATL1	c28
0.80740727881023	-0.29661743716812	0.035	0.032	1	ZNF831	c28
0.907808048158561	0.296551548180705	0.088	0.09	1	ALG9	c28
0.426228499278366	-0.296430726625605	0.006	0.013	1	FIZ1	c28
0.118878407289961	0.296227487899437	0.288	0.246	1	ATP6V1B2	c28
0.000902115515168253	-0.296150187964133	0.518	0.329	1	GZMA	c28
0.403105509301116	-0.296101883204017	0.029	0.043	1	TELO2	c28
0.408766475053214	-0.296060567964675	0.429	0.465	1	SNU13	c28
0.758172065850915	0.295992336992289	0.182	0.207	1	RNF114	c28
0.0666021841177695	0.295976574514159	0.176	0.133	1	PUM3	c28
0.22782931863727	-0.295873108745205	0.012	0.027	1	IQCK	c28
0.00935012579032482	0.295862437922226	0.406	0.33	1	HNRNPR	c28
0.00773002005236553	0.295798669136814	0.371	0.293	1	RSF1	c28
0.830798481748694	-0.29567778122808	0.076	0.082	1	NUDT4	c28
0.738731934843665	0.295641628371697	0.018	0.022	1	FCRLB	c28
0.190267398982538	0.295607376699189	0.124	0.096	1	NSF	c28
0.274882180050019	-0.295592209326008	0.112	0.147	1	CS	c28
0.586378300524893	0.295476422133537	0.194	0.188	1	ZNF511	c28
0.574495368892914	0.295356802187994	0.088	0.079	1	UTP14A	c28
0.612028879408083	-0.295330278261092	0.141	0.159	1	GRPEL1	c28
0.329129266128251	-0.29522261146607	0.012	0.006	1	NOG	c28
0.307846483941331	-0.295187012743957	0.012	0.024	1	ZDHHC13	c28
0.903264064668139	-0.295141514178645	0.341	0.338	1	RAD21	c28
0.03859900231707	0.295037143709973	0.041	0.019	1	MPP6	c28
0.595977288637523	0.295030508630261	0.006	0.01	1	RAB38	c28
0.557755662225241	0.295007029861518	0.006	0.011	1	ZNF629	c28
0.0639503497452873	0.294943644541229	0.165	0.121	1	VEZF1	c28
0.494782021368645	0.29493567414301	0.076	0.065	1	KHNYN	c28
0.526092253770079	-0.294862886266332	0.347	0.378	1	POLR2E	c28
0.820069194266795	0.294824143362987	0.118	0.119	1	MTHFD1	c28
0.953435542450364	-0.29463871787428	0.324	0.331	1	SNHG8	c28
0.212845568929484	0.294634679439886	0.047	0.031	1	EHBP1	c28
0.00587494541225328	-0.294550851991779	0.965	0.912	1	FAU	c28
0.168273334196246	0.294344044159294	0.035	0.02	1	CASTOR1	c28
0.093556526764176	0.294343491940032	0.059	0.035	1	ACACA	c28
0.710932871614151	-0.294297118547509	0.035	0.041	1	ZNF7	c28
0.000933046506772014	0.294282244075052	0.5	0.402	1	TPR	c28
0.987262216069651	0.29400490151491	0.029	0.029	1	CKAP4	c28
0.229636747381694	0.293936767413722	0.076	0.056	1	CBX6	c28
0.572299589035282	0.293935817287839	0.071	0.062	1	MAST3	c28
0.189133035178903	0.293768678145728	0.018	0.008	1	ACTR3B	c28
0.532101543087935	0.293762246955163	0.012	0.018	1	FAM229B	c28
0.585397069065626	0.293581542374485	0.024	0.031	1	AMACR	c28
0.2295372847802	0.2935709279068	0.035	0.022	1	PRR7	c28
0.00225332235861398	-0.293542495111899	0.324	0.2	1	LINC00861	c28
0.264195208581205	-0.293502335581382	0.053	0.036	1	PPP2R2B	c28
0.34287231969551	0.293269053326043	0.082	0.066	1	UBE3C	c28
0.574776837787592	-0.293163856470692	0.147	0.131	1	YPEL3	c28
0.514024960619583	-0.293014551964081	0.947	0.864	1	RPL36	c28
0.820300068299578	0.29292774035977	0.071	0.078	1	LRRC23	c28
0.476040709237481	-0.292861533886192	0.065	0.082	1	NIF3L1	c28
0.0310214388243047	0.292795629309009	0.106	0.065	1	ZNF276	c28
0.610796208661991	0.292717455308178	0.041	0.034	1	ATG9A	c28
0.0771404300920282	-0.292700247418895	0.047	0.088	1	SIGLEC7	c28
0.195219144968924	-0.292692365153001	0.712	0.721	1	TOMM7	c28
0.988979341811398	0.29248067993759	0.024	0.024	1	ECT2	c28
0.0023146012428265	0.292474235958223	0.224	0.145	1	ZNF217	c28
0.487170818397472	-0.292294567719765	0.106	0.127	1	ARL16	c28
0.421268427874207	0.292274305733826	0.088	0.113	1	HMGCL	c28
0.90676910232237	-0.292248054836427	0.082	0.086	1	GTF2H3	c28
0.738260196091057	0.292194472447229	0.024	0.028	1	RAB11B-AS1	c28
0.60073371724801	-0.292190025025428	0.541	0.494	1	CCND3	c28
0.328535638227589	0.292078032579675	0.312	0.305	1	DNAJB6	c28
9.52383982916466e-05	0.292033627966673	0.071	0.024	1	TRBV6-6	c28
0.353420421900788	0.291987200999943	0.012	0.023	1	PRUNE2	c28
0.756047121571832	-0.291977167261741	0.241	0.258	1	MRPS6	c28
0.12475368988422	0.291975301832122	0.3	0.262	1	UGP2	c28
0.260207711397754	0.291920908738542	0.271	0.248	1	ALAS1	c28
0.113772236737254	0.29184230725457	0.076	0.05	1	LPAR2	c28
0.719647389520628	-0.291652349610357	0.176	0.171	1	ARL2BP	c28
0.658046873853347	0.291633130555394	0.082	0.076	1	PMM2	c28
0.696616136678666	-0.291569431851722	0.235	0.223	1	HDAC1	c28
0.0228714384910178	0.291513742839494	0.253	0.192	1	INTS11	c28
0.66077904996345	0.291425401715519	0.041	0.035	1	SRP14-AS1	c28
0.0449224050237237	-0.291233398059292	0.094	0.155	1	C2orf74	c28
0.0108890333723207	0.291158664932454	0.094	0.05	1	SLAMF7	c28
0.410044076069945	-0.291157195573813	0.059	0.077	1	GFPT1	c28
0.481500190929189	-0.291096140938311	0.347	0.322	1	IER2	c28
0.00250551587362585	-0.291051315740494	0.994	0.951	1	RPL28	c28
0.777508491003372	-0.290868360112916	0.124	0.134	1	UBE2E1	c28
0.148102676454482	0.290861983707329	0.024	0.012	1	AC017002.3	c28
0.935563324090877	0.290841458807505	0.088	0.089	1	CA2	c28
0.856203208778261	-0.290791662692909	0.082	0.088	1	BORCS5	c28
0.485448156078604	0.290623925566977	0.012	0.007	1	C1orf61	c28
0.00226358740155653	0.290580431764777	0.147	0.08	1	PASK	c28
0.0346797543900838	-0.290566803067145	0.129	0.204	1	CHID1	c28
0.181009137582129	-0.290335313667233	0.559	0.467	1	IFITM2	c28
0.00333484835738593	-0.29024596355434	0.041	0.118	1	TST	c28
0.297982821789882	-0.290014178240499	0.024	0.039	1	CBR3	c28
0.77850734563361	0.289910364518878	0.041	0.047	1	SLC37A1	c28
0.954352414374688	0.289859090027836	0.088	0.092	1	SLC35A4	c28
0.915451905354687	-0.289858148621361	0.888	0.824	1	RPL36A	c28
0.318044160602371	-0.289832962820592	0.959	0.889	1	RPL37	c28
0.3660478955643	0.289738388053434	0.141	0.123	1	MED27	c28
0.94153845214053	-0.289732354997934	0.018	0.018	1	ORC6	c28
0.462019238084755	-0.289508233310401	0.006	0.012	1	MED26	c28
0.322618951069545	-0.289483129110317	0.176	0.216	1	EIF2A	c28
0.808651601820308	-0.289314386514449	0.059	0.063	1	TNFRSF10A	c28
0.958031949465764	0.289215188029115	0.147	0.152	1	AP1B1	c28
0.244709883247942	0.289184458804401	0.041	0.027	1	SPICE1	c28
0.811417832748097	0.28913432774615	0.012	0.01	1	ZNF628	c28
0.745132671355362	0.2890248216967	0.059	0.067	1	DBR1	c28
0.0403228185569327	0.289000298012357	0.253	0.198	1	NCBP2AS2	c28
0.00077377776857704	-0.28892684734079	0.3	0.175	1	FCMR	c28
0.173036509076207	0.288911679528379	0.065	0.044	1	ADPRM	c28
0.335037052436792	-0.288844017332114	0.082	0.108	1	ATXN10	c28
0.0778516283016141	-0.288721136461003	0.118	0.177	1	RABGGTA	c28
0.13869360404427	-0.288601265125127	0.159	0.212	1	BUD23	c28
0.0134948753800788	0.288570386377105	0.382	0.314	1	LSM8	c28
0.667442635538669	0.288547233722413	0.029	0.036	1	UBTD1	c28
0.492189283716914	-0.288516955480035	0.035	0.026	1	TSPAN2	c28
0.687669103682172	0.28847904065382	0.018	0.022	1	SLC27A4	c28
0.123031091075017	-0.288348961057004	0.012	0.033	1	SEPSECS-AS1	c28
0.948876421373647	-0.288301459801794	0.7	0.635	1	PSMB9	c28
0.492291214140309	-0.28814989628302	0.159	0.188	1	AZI2	c28
0.173650712284879	0.287919453849522	0.224	0.188	1	PTBP1	c28
0.35679639735815	-0.287868880233269	0.747	0.66	1	IL2RG	c28
0.376743666699714	-0.287853844351769	0.218	0.257	1	ITGB1BP1	c28
0.877931145823501	0.287586037148776	0.065	0.069	1	YJU2	c28
0.23406608071745	-0.287566343438164	0.124	0.164	1	CRELD2	c28
0.233801630683456	0.287446629939937	0.182	0.152	1	ATXN7L3B	c28
0.0536317706818515	0.287436207531317	0.047	0.024	1	MAP2K6	c28
0.142816109704938	-0.287140143837648	0.365	0.426	1	CIAO2B	c28
0.0735624289239606	-0.287089652194227	0.076	0.126	1	CLN5	c28
0.175651650306016	0.286971955792146	0.141	0.111	1	NFATC3	c28
0.113830786559056	0.286970304203949	0.335	0.3	1	SEPTIN2	c28
0.310259954939692	-0.286880420442627	0.006	0.016	1	EPS8L1	c28
0.472552594390292	0.286828973236912	0.194	0.183	1	USO1	c28
0.10513711263675	-0.28681501214217	0.041	0.022	1	MCOLN2	c28
0.956441273948045	-0.286802062792376	0.676	0.555	1	CTSS	c28
0.569929123857216	-0.286588560480863	0.076	0.091	1	FBXW2	c28
0.0526440321403799	0.286541460435636	0.276	0.228	1	GBP1	c28
0.0273842415261874	0.28651506634282	0.247	0.189	1	CLN3	c28
0.524078448149368	-0.286453468365695	0.182	0.208	1	DNPH1	c28
0.658963217124164	-0.286409024735485	0.029	0.036	1	UPRT	c28
0.540838768121425	-0.286372996519486	0.7	0.612	1	CTSC	c28
0.00589720692965966	-0.286353249830954	0.412	0.27	1	SPOCK2	c28
0.378625409354425	0.28635175598638	0.159	0.143	1	ITGA5	c28
0.589464517689142	-0.286219406389243	0.176	0.2	1	MRPL3	c28
0.422343197489729	-0.286033951827929	0.124	0.151	1	GPATCH11	c28
0.990677067453415	0.28601013182619	0.076	0.078	1	MRS2	c28
0.608816827137129	-0.286004056522377	0.253	0.234	1	TAF7	c28
0.482758327025535	-0.285920637082957	0.094	0.115	1	RPP30	c28
0.0142835364810876	-0.285872381716957	0.271	0.377	1	ZNHIT1	c28
0.266635684406686	0.285816520484015	0.094	0.074	1	GCN1	c28
0.745768867293667	0.28572618854805	0.106	0.121	1	TMEM128	c28
0.700821719057697	-0.285445607470551	0.159	0.174	1	CTR9	c28
0.982856177647019	-0.285441487152065	0.053	0.054	1	TRIM41	c28
0.983878377649007	0.28541111215424	0.041	0.042	1	SMARCAL1	c28
0.348204224148055	0.285377364269874	0.012	0.023	1	C11orf45	c28
0.0147995442533115	-0.285355040813098	0.959	0.911	1	RPL12	c28
0.456464954147049	0.285342592863168	0.053	0.042	1	AL450998.2	c28
0.936339751674972	-0.285285698460526	0.088	0.087	1	FAM217B	c28
0.460271313994226	-0.284936767002559	0.147	0.174	1	ACO2	c28
0.602554522493003	-0.284741915279799	0.065	0.076	1	SGTA	c28
0.0393887409056552	0.284647934931655	0.412	0.355	1	SRSF3	c28
0.814441342219527	-0.28459188102281	0.035	0.039	1	CCDC126	c28
0.593101127307301	-0.284586117077556	0.094	0.108	1	STN1	c28
0.916119959985549	-0.284514937910282	0.1	0.104	1	B4GALT3	c28
0.802497883900727	-0.284405603676047	0.406	0.419	1	CORO1B	c28
0.403329117934196	-0.284358782543102	0.012	0.021	1	ARID3A	c28
0.813625306229988	-0.284349822605631	0.029	0.033	1	FGGY	c28
0.562356960998359	-0.284260578007106	0.235	0.265	1	SARS	c28
0.783282866210422	0.28414486431932	0.024	0.027	1	ZCCHC24	c28
0.00538105738826904	0.28412991748395	0.153	0.092	1	LUC7L	c28
0.900705189995276	0.284066087355133	0.012	0.011	1	AC009133.1	c28
0.672305789219992	-0.283939139979706	0.153	0.169	1	SGF29	c28
0.0643526427469724	-0.283769824296087	0.159	0.225	1	OSCAR	c28
0.426005508126979	0.283635357740257	0.071	0.057	1	TRIM5	c28
0.012592706711274	-0.283512288253446	0.076	0.038	1	PPP1R16B	c28
0.184477573410438	-0.283481425567221	0.318	0.382	1	PPP4C	c28
0.287362348397981	0.283312460614626	0.053	0.038	1	QRSL1	c28
0.0553238061848759	0.283232939569895	0.118	0.078	1	ING5	c28
0.500169743682994	0.283207266197243	0.135	0.123	1	BRD3	c28
0.000262266186783384	0.283076695290365	0.118	0.053	1	ERO1B	c28
0.959031141974071	0.283028178811215	0.059	0.061	1	BARD1	c28
0.0427227105784782	-0.282920397565767	0.312	0.228	1	GZMH	c28
0.510772016912778	0.282874724189483	0.012	0.019	1	LTB4R2	c28
0.24822184881674	-0.282747266979349	0.218	0.27	1	APPL1	c28
0.66641554678444	0.282660276203041	0.041	0.035	1	CEP57L1	c28
0.187756161537488	0.282604958886549	0.047	0.03	1	ZNF174	c28
0.140344338901674	0.282474691541969	0.094	0.067	1	HMGCR	c28
0.812026645539395	-0.28236970356455	0.147	0.157	1	RBM22	c28
1.55739318239396e-06	0.282278644777357	0.453	0.286	0.0570021478688014	IL10RA	c28
0.0343900210934674	0.282195956367148	0.241	0.187	1	RB1CC1	c28
0.817961535119052	-0.282156286547411	0.082	0.089	1	ACSL5	c28
0.0973314631163199	-0.282132160101742	0.171	0.233	1	DHRS4	c28
0.834234137873545	-0.281920921109107	0.112	0.108	1	RNF145	c28
0.583616417350364	0.281844271010818	0.012	0.017	1	AC009506.1	c28
0.0845813143553614	0.281682482047845	0.235	0.195	1	FNTA	c28
0.633895808378638	0.281630489158806	0.065	0.077	1	C3orf38	c28
0.560363232713512	0.281623769262975	0.082	0.097	1	TMEM91	c28
0.122351297082282	0.281254053033893	0.065	0.105	1	GEMIN6	c28
0.191735895449559	-0.281001401569862	0.165	0.215	1	MRPL21	c28
2.53188847451715e-06	0.280954801886935	0.8	0.662	0.0926696500558021	DDX5	c28
0.105380833224476	0.280911506720766	0.071	0.112	1	ID3	c28
0.518577267778095	-0.280876320947091	0.035	0.046	1	POMGNT1	c28
0.961106497465569	-0.280870306539473	0.065	0.066	1	AL136454.1	c28
0.734632072563295	0.280805232167567	0.135	0.153	1	CCDC28A	c28
0.0450329000956761	-0.280453683285029	0.147	0.223	1	RTL8C	c28
0.280840111856966	-0.280452229572154	0.276	0.327	1	STMP1	c28
0.660755470464107	0.280291356158655	0.171	0.168	1	ATP6V1H	c28
0.102840845997171	-0.280187014532064	0.041	0.076	1	PRPS2	c28
0.770409071849569	-0.280172344549947	0.147	0.158	1	TP53TG1	c28
0.353607714727479	-0.279850441458646	0.076	0.1	1	NFKBIL1	c28
0.0257176126015289	-0.27942777211016	0.076	0.142	1	GCSH	c28
0.797092446716629	0.279323736512473	0.1	0.096	1	SHC1	c28
0.852195693978197	-0.279295155511343	0.053	0.057	1	CSTF3	c28
0.133334158921436	-0.279278363041407	0.224	0.289	1	CHMP3	c28
0.649094528982365	0.279201435196244	0.012	0.009	1	TMEM147-AS1	c28
0.0154699287493421	0.279139258577397	0.288	0.222	1	TIAL1	c28
0.37094866025018	-0.278968801341059	0.353	0.321	1	OPTN	c28
0.0693561015900493	0.278854413702641	0.294	0.247	1	ERAP2	c28
0.916816913068348	-0.278828961936262	0.065	0.064	1	ZDHHC5	c28
0.509829584778659	-0.278764208730093	0.018	0.026	1	FADS2	c28
0.946137433268823	-0.278744978632766	0.047	0.048	1	NME7	c28
0.540312666149815	0.278655580277666	0.053	0.044	1	MINPP1	c28
0.564782208157977	0.27865321010748	0.112	0.102	1	UGGT1	c28
0.750630321003439	-0.278582873949031	0.159	0.151	1	THOC3	c28
0.0838291468697724	0.278554490076708	0.4	0.349	1	HEXA	c28
0.446230125426923	-0.27853002935993	0.018	0.011	1	AUTS2	c28
3.56403502182292e-05	0.278354638828618	0.459	0.322	1	ILF3	c28
0.328085841809086	-0.278324033639567	0.035	0.024	1	ZBTB14	c28
0.295714042036948	0.278140332504093	0.129	0.108	1	PCID2	c28
0.0943588720615613	0.278107581936451	0.076	0.049	1	MTRR	c28
0.0382755421217084	0.278106716008056	0.094	0.056	1	MHENCR	c28
0.198713968218904	-0.278068996801867	0.088	0.063	1	EBPL	c28
0.884923629672068	0.278018227973394	0.065	0.07	1	EGLN1	c28
0.955587462757496	0.27801492801356	0.071	0.074	1	CPNE8	c28
0.0022599191322189	0.277811606478197	0.118	0.06	1	HELB	c28
0.0604287223906057	0.277779011467459	0.076	0.047	1	IQCG	c28
0.72523311179068	-0.277697615808832	0.653	0.639	1	SNRPD2	c28
0.672250003851341	-0.277644036235566	0.024	0.029	1	CBY1	c28
0.0342732138223937	0.277566331619784	0.147	0.099	1	ANKRD49	c28
0.549553755894148	-0.277550361669335	0.371	0.407	1	EIF3I	c28
0.127586123738671	-0.277475345115173	0.2	0.266	1	SURF1	c28
0.720506447976488	0.277436487802714	0.124	0.14	1	APH1B	c28
0.245003811910085	-0.277269800521553	0.088	0.121	1	AGA	c28
0.013729792437491	-0.277256263850544	0.212	0.135	1	SLC38A1	c28
0.0685823857689659	0.277155629950891	0.259	0.207	1	SMC3	c28
0.527663585151937	-0.276982070741428	0.271	0.252	1	NUB1	c28
0.00141763670999532	0.276874890230251	0.412	0.319	1	BAZ1A	c28
0.0126929364035954	0.276827992684859	0.053	0.024	1	IL2RA	c28
0.399233623269359	-0.276748035398309	0.135	0.115	1	TMEM43	c28
0.417832432093781	-0.2765714547165	0.082	0.066	1	FAM102A	c28
0.00307075261508185	0.276553008940679	0.376	0.286	1	PRPF38B	c28
0.39466104890864	-0.276393282821301	0.435	0.381	1	IFITM3	c28
0.51738598962403	0.276265470562148	0.153	0.144	1	TXNDC11	c28
0.707705732505977	0.276237357683581	0.029	0.025	1	DHODH	c28
0.240183063270055	-0.276231624461876	0.124	0.162	1	ZNF622	c28
0.566283955572912	0.276189800661544	0.1	0.091	1	RNF41	c28
0.0299784887262177	0.276066947999653	0.141	0.093	1	SEMA4D	c28
0.293782333733008	-0.275869862673662	0.041	0.028	1	NR4A2	c28
0.469423331477554	0.275792358931244	0.024	0.017	1	AL136419.3	c28
0.264836172953455	-0.275613446708304	0.071	0.099	1	GMPPB	c28
0.143594936093366	0.275609705441364	0.112	0.082	1	DNAAF2	c28
0.417950364271314	0.275479129880039	0.071	0.057	1	GCLM	c28
0.838404472246975	-0.275421998788897	0.4	0.405	1	CD47	c28
0.114100769562071	-0.275348369198299	0.194	0.26	1	MPV17	c28
0.0230170121350757	-0.275308807104066	0.212	0.143	1	ARID5B	c28
0.977097396055224	0.275185396797314	0.012	0.012	1	ARMCX5	c28
0.697360370721311	-0.275147057175308	0.359	0.344	1	C9orf78	c28
0.297476120347474	-0.274951427599597	0.188	0.232	1	RALA	c28
0.28616161694941	-0.274726718022436	0.594	0.528	1	TSC22D3	c28
0.600905055679101	0.274704432207795	0.053	0.045	1	RABEP2	c28
0.0633616537205638	0.274611904792058	0.088	0.056	1	ANAPC1	c28
0.862113593555183	-0.274580634741647	0.594	0.604	1	NCL	c28
0.247373001680226	-0.274560342827757	0.082	0.114	1	TRAF7	c28
0.885845123056768	0.27450068770175	0.024	0.026	1	SMIM13	c28
0.63173280597123	-0.27417744464591	0.818	0.727	1	PSME1	c28
0.767790693683158	0.27398969997698	0.147	0.149	1	PIK3AP1	c28
0.163162794898725	0.273983357413252	0.224	0.191	1	BAG6	c28
0.486986316293745	-0.27391004784821	0.212	0.242	1	SDHAF2	c28
0.731590822976833	-0.273861779422433	0.182	0.175	1	PHAX	c28
0.757997933236807	-0.273808371103822	0.012	0.015	1	C3orf33	c28
0.511247987929578	0.273472489645218	0.035	0.047	1	PHTF1	c28
0.06184326059308	0.273346099019181	0.071	0.042	1	TTC31	c28
0.483899130392907	0.273332079409971	0.076	0.064	1	PINX1	c28
0.923027458712552	-0.273222488572891	0.012	0.011	1	AC002091.2	c28
0.385905691677311	-0.273167408961198	0.247	0.29	1	UBE2N	c28
0.962158362887923	0.273134790683515	0.088	0.09	1	COQ5	c28
0.152605698236998	0.273094691166835	0.147	0.116	1	EXOSC10	c28
0.927667248900218	-0.273053946716531	0.053	0.055	1	RNF2	c28
0.513153441147591	0.272985617861593	0.129	0.156	1	DOK3	c28
0.541344644293652	-0.272973232233047	0.018	0.025	1	AL121944.1	c28
0.92333783721123	0.272954671575792	0.041	0.04	1	ZNF200	c28
0.843054964949888	-0.27287994596226	0.118	0.126	1	PPIL4	c28
0.978988800793189	0.272661418989387	0.206	0.216	1	ALDH1A1	c28
0.551139070573245	-0.272525499862173	0.012	0.018	1	TRMT10A	c28
0.913750111967697	0.272516148839597	0.1	0.108	1	RBM18	c28
0.488724336240068	0.27241104796117	0.094	0.082	1	SCAF1	c28
0.0933316029072756	-0.272248280148032	0.741	0.664	1	EIF4A1	c28
0.913658293340319	-0.272198903977167	0.465	0.464	1	PLP2	c28
0.928405525382905	-0.272191879843687	0.012	0.011	1	ZFP28	c28
0.90110826938062	0.272186994588388	0.035	0.038	1	PCNX3	c28
0.375907988211664	-0.271952369656448	0.182	0.217	1	TIPRL	c28
0.563838737003851	0.271901676324356	0.106	0.096	1	DCTN4	c28
0.0507076111651085	0.271813695746759	0.182	0.136	1	CREBRF	c28
0.02470691783403	-0.271710312305761	0.159	0.248	1	CD302	c28
2.63100362765909e-06	0.271658873361831	0.212	0.099	0.0962973637759502	MT1X	c28
0.357105051480274	-0.271645273805807	0.241	0.284	1	PTP4A2	c28
0.0404392365845559	-0.271411644906984	0.118	0.073	1	NLRC3	c28
0.146553581597734	0.271336503548808	0.135	0.104	1	GATAD2B	c28
0.629498940555903	0.271335514275935	0.006	0.01	1	AC124248.1	c28
0.739702929731578	0.271267147695703	0.065	0.06	1	RPUSD1	c28
0.0700701511598674	-0.271248355104489	0.018	0.048	1	CLDN23	c28
0.390256934404	-0.271114233988538	0.029	0.02	1	TRBV4-2	c28
0.836775449980087	0.271090595214835	0.094	0.103	1	TMEM138	c28
0.843736151853989	0.271074419410383	0.088	0.086	1	HLTF	c28
0.0035652670319976	0.271001102375759	0.376	0.289	1	FNBP1	c28
0.856929908888262	-0.27083228366518	0.012	0.013	1	AL035587.2	c28
0.262857145903816	0.270824447898879	0.124	0.101	1	ARHGAP1	c28
0.796318504320453	-0.270744941945212	0.412	0.422	1	PCBP1	c28
0.000861203199036196	0.27071187931443	0.235	0.147	1	MTG1	c28
0.728850357722242	-0.270696031484015	0.171	0.187	1	SNRPA1	c28
0.558567799194162	0.270650350672605	0.112	0.102	1	ZDHHC7	c28
0.0464468828713228	-0.270586973617003	0.182	0.255	1	BSCL2	c28
0.918223421039999	-0.270482440218263	0.406	0.412	1	TMED9	c28
0.0137367353088895	0.270429689037178	0.547	0.48	1	PAK2	c28
0.00878785751216596	0.270354853200607	0.1	0.053	1	LINC02273	c28
0.487615824437009	-0.27018217857152	0.182	0.21	1	PPP1R15A	c28
0.0571685725309487	-0.270083434712258	0.165	0.114	1	TSEN54	c28
0.191474404821796	0.269940648608096	0.024	0.012	1	TTYH2	c28
0.27703003885262	-0.269890523051326	0.035	0.023	1	TRBV3-1	c28
0.364403464044756	-0.269840648433365	0.141	0.175	1	HDAC2	c28
0.100779961452748	0.269742891951039	0.082	0.054	1	ZNF561	c28
0.0153312040799786	0.26967869569912	0.088	0.048	1	EIF3J-DT	c28
0.000227008032953557	0.269673820074697	0.141	0.067	1	PLEKHF1	c28
0.399909409088085	-0.269524982088092	0.871	0.814	1	FXYD5	c28
0.597554491055173	-0.269357649846288	0.135	0.152	1	HEBP2	c28
0.250158732069402	0.269206662895096	0.118	0.094	1	ISG20L2	c28
0.0724524149219804	-0.268925427130629	0.135	0.197	1	HPGD	c28
0.0515564045716119	-0.268921631520734	0.165	0.242	1	SRA1	c28
0.141926970971026	-0.268840028368703	0.071	0.046	1	CLSTN3	c28
0.528513359338523	0.268774945372851	0.094	0.083	1	RNF8	c28
0.0366837714919281	0.268760892079937	0.212	0.16	1	SP140L	c28
0.506081562800176	-0.268742293181202	0.194	0.229	1	RRAGA	c28
0.309612176016404	0.268714171778272	0.147	0.127	1	MAN2B2	c28
0.928718996646554	0.268633381460532	0.029	0.031	1	ZNF213-AS1	c28
0.895194227268413	0.268440099299091	0.029	0.028	1	TXNDC5	c28
0.674029341234328	0.268434296733838	0.012	0.009	1	CHIC1	c28
0.455231599297829	-0.268428894220214	0.635	0.498	1	GLUL	c28
0.730667751783439	-0.268420276829163	0.012	0.009	1	RASGRF2	c28
0.342215784358891	-0.268367659660665	0.324	0.365	1	RAB5IF	c28
0.0454324187472831	0.268121848421591	0.294	0.246	1	CDC40	c28
0.400748044050028	-0.268062384993164	0.153	0.182	1	CMPK1	c28
0.0954132471758203	-0.267976480266662	0.229	0.303	1	ACAA1	c28
0.0103256929441099	0.267806790960341	0.253	0.18	1	FLI1	c28
0.94757031149587	-0.267633010643075	0.088	0.09	1	RNF6	c28
0.645522327911946	-0.26761836497494	0.212	0.233	1	SF3A1	c28
0.350253473771666	0.267493945405433	0.018	0.01	1	ZC3H12D	c28
0.0597564092773967	0.267397024433931	0.041	0.021	1	MIER3	c28
0.099528365068243	0.267279623773101	0.035	0.069	1	NECTIN2	c28
0.00616625555445148	0.267242025341095	0.488	0.425	1	KTN1	c28
0.105996737317546	-0.267079332013548	0.141	0.201	1	B3GAT3	c28
0.257603161299914	0.266966690539772	0.088	0.067	1	BNIP3	c28
0.0619106720570944	-0.266876152237945	0.071	0.12	1	C8orf76	c28
0.548561128931752	0.266774758167316	0.071	0.061	1	CNOT3	c28
0.477300012728512	-0.266713736210273	0.241	0.279	1	SRP72	c28
0.478866347379614	-0.266634321599175	0.171	0.198	1	DERL2	c28
0.0886233259611184	0.26652753066545	0.106	0.073	1	NEPRO	c28
0.501743095647923	-0.266411005596219	0.053	0.067	1	PAICS	c28
0.724659220233975	-0.266406281355643	0.029	0.035	1	SIAH1	c28
0.00166264627397091	0.266284685274537	0.582	0.468	1	JUN	c28
0.00797570350228994	-0.266270945537368	0.994	0.963	1	RPLP1	c28
0.87147384670228	0.266264716612918	0.112	0.12	1	BORCS8	c28
0.595019717824568	-0.266241672790472	0.271	0.299	1	TRADD	c28
0.0568303300008965	0.26618990065269	0.188	0.14	1	TRG-AS1	c28
0.0885757674861678	0.266094994765924	0.182	0.141	1	RELA	c28
0.0302266326991082	0.266070793896333	0.129	0.084	1	DIS3	c28
0.00646235398764807	0.26581919009263	0.1	0.052	1	GPR171	c28
0.042126068241245	-0.26572958408193	0.218	0.153	1	GNLY	c28
0.00531779638426752	-0.265630261355164	0.147	0.082	1	TESPA1	c28
0.517703667853729	-0.265509131258438	0.435	0.359	1	SMIM25	c28
0.115369325482998	-0.265497269346006	0.676	0.598	1	KLF6	c28
0.137715605063211	-0.265486685253721	0.953	0.888	1	RACK1	c28
0.885551102447197	-0.265358955525067	0.188	0.189	1	SAP30BP	c28
0.814919978740849	0.265329266970851	0.135	0.15	1	MAP2K1	c28
0.29363000555753	-0.265268827395956	0.059	0.083	1	THEM6	c28
0.175805361064311	-0.265240425734585	0.088	0.062	1	TRIM52-AS1	c28
0.502941274453075	0.265100972200164	0.129	0.117	1	TWF1	c28
0.305508932724391	-0.265044156219378	0.047	0.068	1	KYAT3	c28
0.0340339212804523	0.265025071789552	0.159	0.11	1	TAZ	c28
0.0990342903582096	-0.264884193806741	0.159	0.112	1	LEF1	c28
0.871209118844263	-0.26476670440616	0.053	0.056	1	UNG	c28
0.652778103097294	-0.264635101669482	0.406	0.381	1	PGD	c28
0.218092246632912	0.26461660878274	0.071	0.05	1	HOOK2	c28
0.684619244482175	0.264412951362008	0.088	0.082	1	RCN1	c28
0.51608665367939	-0.264388214296081	0.959	0.89	1	RPL35A	c28
0.131687299305328	-0.264322135011619	0.182	0.246	1	UBE2A	c28
0.439762558083503	-0.264256664476566	0.165	0.195	1	COX20	c28
0.956433801719323	0.264188616156512	0.088	0.089	1	CDK5RAP1	c28
0.00195439194626718	0.264155306757771	0.294	0.203	1	UHMK1	c28
0.0754287890768574	-0.263936022530618	0.129	0.191	1	MCFD2	c28
0.0260283666698581	0.263890359697309	0.082	0.046	1	JADE1	c28
0.00908958556027503	0.263860005172981	0.341	0.264	1	RTF1	c28
0.724970824882064	0.26378756404611	0.059	0.067	1	KDM1A	c28
0.000868913019392624	-0.263722120651701	0.235	0.134	1	IKZF3	c28
0.148875043831422	0.263670678054433	0.124	0.092	1	NUP210	c28
0.584336521386207	-0.263539977347497	0.406	0.432	1	UQCRFS1	c28
0.876590748380916	-0.263282372073946	0.035	0.038	1	TRAPPC13	c28
0.0453380180401753	0.263264936830065	0.165	0.118	1	ASXL2	c28
0.437958832226818	-0.263262433780272	0.365	0.339	1	TAF15	c28
0.821365683702429	0.262995416291314	0.165	0.169	1	NBN	c28
0.664576433012412	-0.26290790744289	0.112	0.126	1	AIDA	c28
0.336998612687354	-0.262813871186627	0.594	0.575	1	CDC37	c28
0.7714795124511	-0.262776201240567	0.053	0.059	1	PTOV1	c28
0.561530194585555	-0.262708898291979	0.018	0.025	1	SLC25A28	c28
0.49611848748617	-0.262591414591341	0.082	0.068	1	PLCG1	c28
0.121633545143021	-0.262502446611846	0.088	0.059	1	SLC2A4RG	c28
0.0128078201111051	-0.262467060776149	0.994	0.983	1	EEF1A1	c28
0.526554762471753	-0.262406517168765	0.518	0.512	1	COPE	c28
0.000614378842828972	0.262339748071407	0.476	0.363	1	ARHGAP30	c28
0.567073613414274	-0.262264428337273	0.129	0.149	1	VBP1	c28
0.385035174861842	0.262198821262495	0.053	0.04	1	ENC1	c28
0.389541476825165	0.262133903772347	0.035	0.025	1	POLI	c28
0.0775007898860029	0.262053707104565	0.176	0.129	1	FGD3	c28
0.199844258023021	0.261941571085664	0.124	0.097	1	MED6	c28
0.693914859233227	-0.261745951344618	0.035	0.03	1	TRIM24	c28
0.342943272590501	0.261683448748507	0.018	0.03	1	TRIB1	c28
0.35169843187892	0.261681862196379	0.071	0.055	1	PWWP3A	c28
0.686010894870021	-0.261565580519222	0.1	0.113	1	SCO2	c28
0.000140072829800037	0.261546109739499	0.271	0.159	1	PPP3CC	c28
0.649928887891091	-0.261444154196612	0.041	0.05	1	ATG4C	c28
0.981219127216013	-0.261438047129414	0.118	0.118	1	C12orf65	c28
0.0357527195319124	0.26141220576754	0.182	0.131	1	WDR82	c28
0.512503891337856	-0.261198989680863	0.206	0.234	1	METAP2	c28
0.699638290062186	-0.261031982596916	0.459	0.468	1	AP2M1	c28
0.920006653804138	0.260862167753392	0.094	0.095	1	CD36	c28
0.210642081339819	-0.260856836872169	0.018	0.036	1	EEF1AKMT4	c28
0.579388415378011	-0.260615273077393	0.129	0.15	1	CLPTM1	c28
0.0976539027756621	-0.260473342410799	0.947	0.898	1	RPLP0	c28
0.733784223199118	-0.260440236995214	0.047	0.042	1	RECK	c28
0.575213844667842	-0.260359045246894	0.447	0.486	1	GTF3A	c28
0.702062476472737	0.260333809722836	0.018	0.014	1	H2AFY2	c28
0.996342655345961	-0.260330671130884	0.229	0.237	1	DENR	c28
0.538603030761948	-0.259843815692527	0.106	0.093	1	AOAH	c28
0.8624442032059	-0.25978283278248	0.265	0.262	1	MAT2B	c28
0.471234627585087	0.259659966392538	0.182	0.167	1	DAXX	c28
0.442492693714749	-0.259643580112957	0.082	0.068	1	TRAPPC6B	c28
0.265061697563925	-0.259597475388737	0.041	0.064	1	NSDHL	c28
0.305973726887087	0.259519828332648	0.006	0.016	1	SUV39H1	c28
0.487593295926845	-0.259469004445257	0.024	0.017	1	AC092821.3	c28
0.477649833070276	-0.259394613836751	0.335	0.379	1	DNAJC8	c28
0.781016454341759	-0.258991993623856	0.041	0.037	1	TJAP1	c28
0.44856885890074	0.258924788058165	0.088	0.074	1	OGFOD1	c28
0.43525041969396	-0.25876425233316	0.165	0.195	1	DDA1	c28
0.215369429401396	0.258751914677781	0.076	0.055	1	HAUS3	c28
0.171765410841973	0.258610216357905	0.106	0.079	1	STXBP3	c28
0.525153525262097	-0.258533492677983	0.541	0.543	1	NDUFB8	c28
0.306076586173688	-0.258383583328045	0.265	0.316	1	CCDC124	c28
0.352110402442337	-0.258312565840575	0.188	0.227	1	HSPB11	c28
0.895632367961828	0.258180827668307	0.047	0.05	1	KLF11	c28
0.277402999040762	0.258028560644192	0.059	0.043	1	SEC24A	c28
0.0751997071170104	0.258024238607317	0.212	0.165	1	SUPT5H	c28
0.0756372874491982	-0.257707108000552	0.012	0.038	1	CNRIP1	c28
0.47225625917663	-0.257649999599271	0.235	0.264	1	OASL	c28
0.456084071274665	-0.257568781643038	0.053	0.041	1	PSTPIP2	c28
0.97463830398412	-0.257447330435344	0.194	0.199	1	HSPA4	c28
0.899503637926591	-0.257423459304167	0.024	0.022	1	SLC25A22	c28
0.701650255818636	-0.257387293682625	0.106	0.118	1	FAM3A	c28
0.651529772975289	-0.257361933166667	0.659	0.597	1	HIGD2A	c28
0.571269555378104	0.257136338718814	0.106	0.096	1	EML2	c28
0.625327416698007	0.257095566111294	0.071	0.084	1	TOR1B	c28
0.0400300553178217	0.257049900059799	0.206	0.155	1	SREK1	c28
0.761665212332039	0.257000024888741	0.2	0.228	1	PHLDA3	c28
0.718347526206331	-0.256989993610869	0.318	0.31	1	LSM14A	c28
0.765685641387818	0.256984760447853	0.059	0.066	1	HEMK1	c28
0.228324802749669	-0.256962970864846	0.229	0.189	1	TES	c28
1.36177974480902e-05	0.256943711124567	0.2	0.095	0.498425004397548	SH2D1A	c28
0.0353614658683732	0.256923219688849	0.029	0.012	1	ASPM	c28
0.519240880129154	-0.256839262724058	0.059	0.048	1	NFKB2	c28
0.653131737104069	0.256493451820623	0.065	0.076	1	GALNS	c28
0.188806269523524	-0.256325651576913	0.329	0.393	1	GHITM	c28
0.0664264294461987	-0.25570864219489	0.047	0.09	1	ADAM9	c28
0.231012450061679	0.25550364515433	0.076	0.056	1	TRMT10B	c28
0.814515868947438	-0.255345162997395	0.618	0.575	1	RBM3	c28
0.188634829341859	0.255313919691567	0.112	0.086	1	RBM7	c28
0.861700686824773	-0.255277974165022	0.035	0.038	1	CBX4	c28
0.282908008045207	0.255040887678097	0.2	0.176	1	MKRN1	c28
0.604017342143095	-0.254828093760547	0.006	0.01	1	ZNF74	c28
0.461754484955165	-0.254680980081172	0.147	0.173	1	GLO1	c28
0.163326822899568	0.254654985021135	0.029	0.016	1	WDR35	c28
0.185732912201023	-0.254649467842481	0.041	0.068	1	B9D2	c28
0.332998732150686	-0.25454061251146	0.076	0.101	1	ERAL1	c28
0.0920173809796068	0.254497113608388	0.076	0.049	1	ANKRA2	c28
0.464991409787385	-0.254460001520086	0.018	0.027	1	NRGN	c28
0.0596766516356741	0.254354823506447	0.082	0.051	1	FAM98B	c28
0.556146898529431	0.254256725160608	0.118	0.14	1	FASTK	c28
0.594484781038188	0.254253390035537	0.071	0.062	1	FCF1	c28
0.148192469039484	-0.254058918500277	0.088	0.13	1	TMEM11	c28
0.620125636239409	-0.253950090271993	0.194	0.217	1	SNW1	c28
0.0025693244929742	-0.253648071516787	0.941	0.885	1	RPL15	c28
0.947741444885934	-0.253644999777632	0.159	0.161	1	ZGPAT	c28
0.981443126296959	0.253601779334178	0.124	0.13	1	TIMM9	c28
0.90753316221823	-0.253559994196915	0.459	0.411	1	PLD3	c28
0.534967916045131	-0.253466140983811	0.076	0.092	1	ATF5	c28
0.832778220578252	-0.253447740203318	0.094	0.1	1	BORCS6	c28
0.0899123974063417	-0.253183217933405	0.012	0.004	1	L1CAM	c28
0.539776006816155	-0.253138508554982	0.035	0.028	1	RNASEH1-AS1	c28
0.0133009214197299	0.253128789854584	0.3	0.227	1	BTG2	c28
0.601574361421056	0.252851610130832	0.124	0.115	1	VRK3	c28
0.0138191623057448	-0.252829104154233	0.376	0.251	1	ACAP1	c28
0.597462725666782	0.252620550549544	0.024	0.031	1	SWSAP1	c28
0.7760930768299	-0.252583476879558	0.041	0.046	1	NUDCD1	c28
0.014862873505523	0.252466201118675	0.165	0.106	1	RUNX3	c28
0.0186046364382503	-0.25218128043095	0.124	0.207	1	DRAM2	c28
0.369330186754734	-0.252147588813773	0.065	0.086	1	PHLDA1	c28
0.91290091728529	0.251980079346741	0.088	0.089	1	ZCCHC9	c28
0.00850174196766822	0.251935633804423	0.1	0.054	1	USP28	c28
0.0277935224741617	-0.251837395653663	0.029	0.075	1	GBGT1	c28
0.436070603411688	0.251820511180815	0.024	0.016	1	TRAV35	c28
0.87028401248401	-0.251601007329438	0.047	0.045	1	INTS14	c28
0.317888224136704	-0.251409416492106	0.082	0.109	1	VTA1	c28
0.20410568861943	0.251351378373348	0.124	0.097	1	QRICH1	c28
0.152299795236601	0.251351304829265	0.018	0.008	1	LRRC37A2	c28
0.46138625036888	-0.251276137209552	0.176	0.207	1	MRPS26	c28
0.0630118354702336	-0.251251332226486	0.159	0.231	1	NDUFS4	c28
0.0811926104463207	0.251213320660283	0.059	0.034	1	PRR3	c28
0.0738025030317749	-0.251079733928391	0.976	0.922	1	RPS15	c28
0.845313053735405	-0.251033345454504	0.394	0.406	1	NUCKS1	c28
0.0135990596231455	0.251007318792008	0.324	0.249	1	PNRC2	c28
0.77050242070222	-0.25090065064394	0.118	0.128	1	VPS26C	c28
0.554829814714248	0.250869507109234	0.059	0.073	1	RPE	c28
0.842582062973111	-0.250833792465439	0.024	0.021	1	APOBEC3D	c28
0.386652161084477	0.250819670020196	0.253	0.239	1	SLC31A2	c28
0.163256202194161	-0.250781715928304	0.106	0.151	1	MBD2	c28
0.129610074215065	0.25068155227404	0.088	0.06	1	SUPT3H	c28
0.341051128317007	-0.250563749686827	0.047	0.034	1	MAP2K4	c28
0.063216794922539	0.250529483799721	0.188	0.141	1	UBAC2	c28
0.187076996983748	0.250464112327766	0.071	0.049	1	BPGM	c28
0.591057437410284	0.250370967203243	0.024	0.018	1	TOMM40L	c28
0.850913399798565	-0.250209628776938	0.071	0.068	1	SEL1L3	c28
0.654628734084399	-0.250174132964018	0.147	0.138	1	PRRC2A	c28
0.0456492959332672	0.250005354652164	0.124	0.08	1	TRBV20-1	c28
0.685308233727041	-0.249684375435731	0.088	0.099	1	SQLE	c28
0.00204492345762305	0.249493757196069	0.224	0.143	1	MORC3	c28
0.121886875446028	0.249242954478457	0.012	0.004	1	AL590550.1	c28
0.0672768789096178	0.24915581956547	0.076	0.047	1	GCFC2	c28
0.901997910514006	-0.248610933749401	0.029	0.028	1	PGGHG	c28
0.681938722163892	-0.248561471185365	0.135	0.127	1	ARL14EP	c28
0.964199336905834	0.248553545515843	0.029	0.03	1	TNFAIP1	c28
0.017473758028767	-0.248504150587211	0.024	0.072	1	CALHM6	c28
0.156908629653534	0.248471141280541	0.124	0.094	1	MTREX	c28
0.3101354529294	-0.248183332112841	0.241	0.21	1	TAP1	c28
0.470716270333545	0.248126559454162	0.112	0.099	1	RBFA	c28
0.922037025677432	0.248047311926533	0.129	0.138	1	ATXN3	c28
0.945593905221303	-0.247911329781818	0.241	0.249	1	NBEAL1	c28
0.244522930431402	-0.247673327207975	0.082	0.06	1	ADA	c28
0.40121799993664	-0.247376639383428	0.041	0.03	1	PERP	c28
0.451584703486426	-0.247209082808597	0.047	0.062	1	GPR137	c28
0.184096886474555	-0.247081878278529	0.188	0.244	1	GRHPR	c28
0.226348044785278	-0.24706415859518	0.1	0.136	1	PEA15	c28
0.821748394350003	-0.247059106542005	0.947	0.873	1	RPS21	c28
0.0748533522456588	-0.247021267246225	0.129	0.087	1	SCML4	c28
0.574509342349693	0.246810092859255	0.118	0.139	1	GPR137B	c28
0.665432340829906	-0.246799736152912	0.4	0.432	1	TCEA1	c28
0.213859592365944	0.246742273367603	0.165	0.133	1	CYTOR	c28
0.0966665984388901	0.246425083219208	0.1	0.069	1	FAM53B	c28
0.438284615065883	-0.246085823618231	0.029	0.042	1	AKAP1	c28
0.0907685040407096	0.246044987407827	0.071	0.044	1	CUL4B	c28
0.808472004467359	-0.245996286129472	0.135	0.13	1	YARS	c28
0.33656020526194	-0.245915123561739	0.359	0.408	1	AURKAIP1	c28
0.00532342399745722	0.245886999823121	0.218	0.144	1	TMC8	c28
0.390515502266062	-0.245793764851686	0.012	0.006	1	LACTB2-AS1	c28
0.00570527041482686	0.245697406968166	0.235	0.161	1	XPO1	c28
0.174776478313876	0.245671356985107	0.147	0.118	1	BZW2	c28
0.0426892576385651	0.245356410893907	0.194	0.144	1	GOLGA2	c28
0.947414811910256	-0.245274922743319	0.012	0.011	1	HDAC11	c28
0.391634887832789	0.244983448203692	0.053	0.04	1	KCTD18	c28
0.170365096167032	0.244967141616228	0.259	0.227	1	FBXL5	c28
0.0321585179850922	0.244753198364361	0.1	0.061	1	INTS8	c28
0.104901964980753	0.244696953425048	0.312	0.274	1	NECAP2	c28
0.119090591107536	-0.244642586037226	0.224	0.295	1	AKIRIN2	c28
0.802713267021461	0.244520579405135	0.012	0.014	1	NANP	c28
0.132745886507126	-0.244410772986721	0.035	0.064	1	PARP3	c28
0.584849930574736	-0.244344067725181	0.094	0.082	1	GALM	c28
0.550765430829568	0.244254069278481	0.071	0.06	1	DDX10	c28
0.0125042083074184	-0.244253663061622	0.982	0.92	1	RPL8	c28
0.12704102826189	-0.244196537309835	0.035	0.019	1	FOXP3	c28
0.989205584959862	-0.244127043238228	0.265	0.279	1	KHDRBS1	c28
0.466710161323803	0.243989570538424	0.018	0.027	1	FAM24B	c28
0.886876134446615	0.243922676757604	0.076	0.075	1	SDHAF1	c28
0.290665934231505	-0.243862206971392	0.041	0.061	1	CDIP1	c28
0.594777336155763	0.243761552130988	0.024	0.018	1	ZNF624	c28
0.0526371502578193	0.243657697507468	0.259	0.21	1	CLINT1	c28
0.113355691730195	0.243637111883429	0.112	0.08	1	TTC19	c28
0.154036557444202	-0.243520002193	0.294	0.36	1	PPCS	c28
0.0181850935588045	-0.243487481138621	0.118	0.068	1	PXN	c28
0.99458834500053	0.243424420117682	0.129	0.137	1	P4HA1	c28
0.821283903565479	-0.243201753727332	0.1	0.107	1	MPPE1	c28
0.181929846791231	0.243003680400778	0.235	0.202	1	FXR1	c28
0.0225015059197252	0.242661314464496	0.106	0.063	1	MCPH1	c28
0.600397827153104	-0.242575421109684	0.071	0.084	1	TATDN3	c28
0.0999452594490229	0.24238523829691	0.324	0.287	1	CDC42EP3	c28
0.115945648056116	0.242299294735874	0.253	0.217	1	DHX29	c28
0.747268825140296	0.242186413752038	0.247	0.252	1	TTC1	c28
0.778765612899175	0.242184314115164	0.018	0.021	1	RPP40	c28
0.054067226695571	-0.242168624696163	0.3	0.227	1	ADD3	c28
0.388789360076138	0.242123524389838	0.065	0.086	1	YIPF1	c28
0.280738262546792	-0.242049404701861	0.653	0.589	1	PNRC1	c28
0.0425314158921491	-0.241899118169902	0.041	0.086	1	DPM1	c28
0.0207180293926767	-0.241628897503296	0.218	0.145	1	ARHGAP45	c28
0.374655107994346	0.241601300757885	0.065	0.05	1	ARNT	c28
0.47436410915643	0.2413671351761	0.053	0.043	1	CRADD	c28
0.021753263096445	0.241286800328535	0.276	0.214	1	NORAD	c28
0.000355145031603136	-0.24119812477633	0.988	0.962	1	TPT1	c28
0.342646972471209	-0.241148642654064	0.971	0.912	1	RPS28	c28
4.43397008218737e-05	0.240948253278915	0.676	0.527	1	DDX24	c28
0.0884354074003283	-0.240807754720994	0.224	0.295	1	CHMP4A	c28
0.357434723125789	-0.240802177846568	0.865	0.794	1	UBC	c28
0.648486117539508	0.240670922508307	0.1	0.092	1	GALNT11	c28
0.857961714252324	0.240590552787099	0.041	0.039	1	COA7	c28
0.216642774966929	0.24053227341881	0.047	0.031	1	RAD51D	c28
0.0309730800368473	0.240474620903784	0.318	0.259	1	EPRS	c28
0.362555317429367	0.240378752514164	0.1	0.082	1	RBM10	c28
0.0613630883561412	0.240375647421914	0.447	0.405	1	PPIG	c28
0.0173125928825675	-0.240350572724715	0.206	0.134	1	CCND2	c28
0.415103512695964	0.240349317563141	0.041	0.057	1	TTC4	c28
2.29720092451774e-05	0.240315611520612	0.876	0.751	0.840798510382738	HNRNPA2B1	c28
0.884616319865857	-0.240205434053412	0.141	0.148	1	SNHG7	c28
0.0149946064354448	0.240071954803494	0.071	0.036	1	USF3	c28
0.459188926636315	-0.24003083752329	0.241	0.283	1	RANBP1	c28
0.869096158581921	0.239850386318129	0.024	0.026	1	SLC16A6	c28
0.556668187111037	-0.239775207212888	0.082	0.071	1	NUP54	c28
0.720982956846925	0.239774161040527	0.059	0.054	1	PUS3	c28
0.301830367884786	-0.239726284594694	0.076	0.102	1	PRADC1	c28
0.0278900380318517	0.239715320409675	0.094	0.056	1	FYCO1	c28
0.498114188105493	-0.239691130161992	0.153	0.18	1	QARS	c28
0.382902229328142	-0.23956182579723	0.082	0.104	1	HMCES	c28
0.398481856479811	0.239504513717844	0.029	0.02	1	DHX34	c28
0.472585222022447	-0.23944559829594	0.147	0.174	1	KRCC1	c28
0.330861238302118	-0.239250488534896	0.012	0.006	1	TNK1	c28
0.581673228389873	-0.239219825206202	0.135	0.123	1	GNPAT	c28
0.731764765488158	0.239056972009683	0.059	0.054	1	APAF1	c28
0.0214735389499525	0.238976678960432	0.212	0.151	1	CORO7	c28
0.445879479877045	-0.238768986510626	0.865	0.784	1	RPL36AL	c28
0.825438758795409	0.238767942532906	0.024	0.021	1	ZNF684	c28
0.399336945065372	0.238738268883682	0.041	0.03	1	SCYL3	c28
0.49299410215622	0.238553101882156	0.135	0.123	1	STK25	c28
0.110399340798643	-0.238494902694915	0.012	0.034	1	KLF16	c28
0.0198566622897432	0.238471659665511	0.288	0.224	1	TRABD	c28
0.0131059755691673	0.238447942120246	0.429	0.353	1	SEPTIN11	c28
0.793255288140689	0.238319578056854	0.018	0.021	1	PXMP2	c28
0.000181422624348467	0.238211405604301	0.365	0.243	1	SYNRG	c28
0.0301608223400945	-0.23804546799641	0.035	0.083	1	C3orf14	c28
0.126440343439835	-0.238010604558576	0.029	0.057	1	AL392172.1	c28
0.696511281354668	0.238000782701395	0.012	0.016	1	TAF1A	c28
0.339728186055656	-0.237898577612347	0.247	0.293	1	NDUFS2	c28
0.727354954091117	-0.237818048540569	0.118	0.109	1	SAE1	c28
0.00229489688151766	0.237778158106139	0.329	0.225	1	VSIR	c28
0.574589721093203	0.23772551757738	0.165	0.158	1	DYNC1LI1	c28
0.0657055779237769	0.237473833240137	0.306	0.26	1	SERINC3	c28
4.07560674516731e-06	0.237420967655839	0.582	0.412	0.149171282479869	KMT2E	c28
0.479832369090597	-0.237362807687578	0.171	0.2	1	MANF	c28
0.0370369986036842	-0.237249772282519	0.129	0.082	1	STMN3	c28
0.981445998457096	-0.237196760741044	0.1	0.101	1	DUSP12	c28
0.0671657972886446	-0.237069933595776	0.082	0.134	1	C1orf122	c28
0.258501633285797	-0.237059077729586	0.006	0.017	1	SMYD5	c28
0.819607610409455	-0.237045166443664	0.035	0.032	1	EMP1	c28
0.486357938412762	0.236937425166774	0.053	0.068	1	REPS1	c28
0.725308373901509	-0.236932608533738	0.029	0.035	1	LINC01128	c28
0.434516131134813	0.236782771131616	0.041	0.057	1	MILR1	c28
0.811812308281643	0.236729330559268	0.012	0.01	1	SEMA4B	c28
0.224288264387714	-0.236649201639972	0.447	0.392	1	SEPTIN6	c28
0.81461458939219	0.236617986630289	0.082	0.08	1	VPS16	c28
0.378745664416094	-0.236483562671615	0.006	0.014	1	LIN7A	c28
0.840332623202957	-0.236380167037889	0.347	0.349	1	POLR3GL	c28
0.0458868117443264	-0.236337717715881	0.047	0.094	1	TP53RK	c28
0.240981044675857	0.236172159605877	0.018	0.009	1	C20orf204	c28
0.619332409547728	-0.236141764203193	0.947	0.903	1	RPS7	c28
0.629941253877985	0.236128906499211	0.176	0.17	1	PTPN11	c28
0.480632713549771	-0.235959185721364	0.018	0.027	1	RPS6KA2	c28
0.0795468992494895	0.235916611257101	0.047	0.026	1	RMRP	c28
0.896600393193657	-0.235894625715003	0.365	0.377	1	ZC3H15	c28
0.466324158075885	-0.23588430674224	0.071	0.089	1	TCTN3	c28
0.489770269086994	0.235739208802606	0.059	0.075	1	SETD7	c28
0.631428183951386	0.235712520328918	0.029	0.024	1	TUBG2	c28
0.980531003770438	0.235607006014711	0.265	0.289	1	EIF1AX	c28
0.347689102232828	0.235532240153572	0.047	0.034	1	FBXW4	c28
0.868208887153973	0.235527544298438	0.012	0.013	1	XYLT2	c28
0.574600812714035	0.235385614164434	0.094	0.112	1	GNL2	c28
0.592629011620328	-0.235187225135866	0.518	0.524	1	ANXA11	c28
0.741268187813151	-0.235123419574837	0.259	0.255	1	GBP2	c28
0.233969417122049	-0.235032285016986	0.094	0.128	1	C5orf51	c28
0.637342174239526	-0.234975618363457	0.365	0.396	1	PPP1R18	c28
0.0913586813414516	-0.2348844671294	0.059	0.035	1	NBEAL2	c28
0.120531206080526	-0.234869995715707	0.194	0.258	1	MTIF3	c28
0.256470574088639	-0.234750377515617	0.929	0.838	1	RPL37A	c28
0.475802759618181	-0.2346974126524	0.024	0.016	1	ANKRD55	c28
0.590945358772377	-0.234341152497797	0.829	0.767	1	RPL31	c28
0.232531509366441	-0.234289619184334	0.041	0.026	1	CSGALNACT1	c28
0.474414595165009	-0.234257031564123	0.018	0.012	1	NAP1L5	c28
0.220641702210638	-0.234053130023	0.141	0.186	1	AK2	c28
0.365493166568596	0.234028548728845	0.159	0.14	1	NXT1	c28
0.834398851577152	0.233927643345267	0.024	0.026	1	LZTS2	c28
0.403528350406329	0.233783466474204	0.047	0.036	1	ZNF362	c28
0.146989841357423	0.233591143853154	0.071	0.047	1	TARS2	c28
0.0053403449511158	-0.233439216774416	0.471	0.307	1	TRAF3IP3	c28
0.777652933106966	-0.233419108447141	0.253	0.273	1	ORMDL1	c28
0.193139653031901	-0.23339973490712	0.188	0.15	1	ELOVL5	c28
0.340340525007844	-0.233376984695419	0.276	0.329	1	WBP2	c28
0.0497815778094804	-0.233324312685158	0.106	0.169	1	GGCT	c28
0.438983656950714	-0.233196935904751	0.047	0.036	1	CSKMT	c28
0.411462194876237	-0.232684929354035	0.988	0.932	1	RPL11	c28
0.299134053558564	0.232648040605892	0.047	0.069	1	VPS37C	c28
0.000582257243589878	0.232619863589804	0.5	0.39	1	DDX46	c28
0.382206744161813	-0.232566171910039	0.265	0.308	1	LSM2	c28
0.0842426560590044	-0.232560549126025	0.076	0.126	1	RFC2	c28
0.14952989469322	0.232489472789633	0.171	0.136	1	CDS2	c28
0.386965437833398	0.232355079587484	0.041	0.058	1	GLYCTK	c28
0.954837267804044	-0.232133305994027	0.018	0.018	1	ZNF486	c28
0.229283694934449	-0.231877776031134	0.259	0.315	1	ESD	c28
0.0560596826829322	0.231814880118148	0.206	0.153	1	MZT2A	c28
0.67335606037524	0.231660429782217	0.253	0.257	1	SHKBP1	c28
0.920144197991931	-0.231489880823339	0.118	0.117	1	CLK3	c28
0.0248698979358218	0.231388865339253	0.118	0.071	1	LAG3	c28
0.0219355588803102	-0.231333881730513	0.076	0.143	1	TM2D2	c28
0.516961806083313	-0.231274306399915	0.029	0.04	1	TTI2	c28
0.459866285694583	-0.231243629778009	0.094	0.115	1	R3HCC1	c28
0.0584410914217092	-0.231129754738812	0.1	0.158	1	TCEAL3	c28
0.703860194857851	-0.231052198861299	0.147	0.164	1	IFNAR1	c28
0.0323959229323531	0.231038796476438	0.182	0.13	1	IFNAR2	c28
0.144956467718684	0.230897833155236	0.088	0.062	1	MSH6	c28
0.853046038139645	0.230741617302409	0.024	0.026	1	SLC5A6	c28
0.539597828060088	-0.230618388986008	0.094	0.081	1	GRAMD1A	c28
0.684755039816668	-0.23061598556267	0.318	0.345	1	TOMM22	c28
0.325415482671863	-0.230582717322345	0.106	0.137	1	MRPL2	c28
0.852938035857653	0.230483378666988	0.018	0.02	1	AC021054.1	c28
0.483719809505176	-0.230440943969042	0.018	0.026	1	LSM14B	c28
0.201300736194036	-0.23038990301302	0.082	0.059	1	SH2B1	c28
0.552035059866569	0.230373674709265	0.024	0.018	1	TAPT1	c28
0.0689716341745558	-0.230321119711435	0.371	0.292	1	KIF2A	c28
0.504812121969774	0.230259111201867	0.124	0.111	1	SF3B3	c28
0.968276347409872	0.230256600930004	0.106	0.108	1	MAEA	c28
0.585133565382761	-0.230084107225215	0.024	0.031	1	OSGIN2	c28
0.466922720073354	-0.230034459626328	0.029	0.041	1	TGFBRAP1	c28
0.232465895268525	0.229937886623391	0.176	0.15	1	MSL3	c28
0.939998192433827	0.229915260051772	0.159	0.166	1	MPHOSPH6	c28
0.838347344545336	-0.229858544058228	0.059	0.056	1	ZNF766	c28
0.620761153571825	0.229776657874742	0.194	0.19	1	UBA1	c28
0.401314885650879	-0.229759041478175	0.959	0.91	1	RPL14	c28
0.324359220634508	-0.229713847230106	0.065	0.088	1	RPP25L	c28
0.0191973041873958	0.229590411741395	0.265	0.2	1	TAP2	c28
0.391352154908129	-0.229565537001909	0.294	0.272	1	CCDC12	c28
0.122739297077434	-0.229512749469032	0.047	0.082	1	B3GNT7	c28
0.0159620408219663	0.229490688026041	0.441	0.373	1	VCP	c28
0.101078028143584	0.229483804396707	0.071	0.045	1	YEATS2	c28
0.0045452259533837	0.229333107079874	0.159	0.096	1	JAZF1	c28
0.587622447934348	0.229270779482071	0.1	0.09	1	THAP11	c28
0.443204935351339	-0.229181221897566	0.388	0.334	1	PLAUR	c28
0.655876681337352	0.229076132916006	0.035	0.03	1	CDYL	c28
0.0200734521849792	0.22904551387479	0.124	0.077	1	RERE	c28
0.149487594782095	-0.229025489733641	0.2	0.26	1	RILPL2	c28
0.0405309840003903	-0.228877428375669	0.065	0.12	1	PMP22	c28
0.158299240170209	-0.228777796908498	0.982	0.908	1	RPL26	c28
0.68940856098128	-0.228736180775796	0.129	0.143	1	ISCA1	c28
0.216576435571059	-0.228709201948556	0.088	0.123	1	MLST8	c28
0.00255791090735088	-0.228589978408068	0.359	0.231	1	GZMK	c28
0.393586923029227	-0.228486656938635	0.147	0.125	1	ARHGEF6	c28
0.0949385620520777	-0.228080989692903	0.106	0.071	1	CDC14A	c28
0.668642629257359	0.228080914513267	0.082	0.075	1	FUT11	c28
0.600049863887617	-0.22795433685884	0.294	0.322	1	PPA1	c28
0.508292860234917	0.227803690619611	0.106	0.094	1	DNAJB9	c28
0.989693330626539	0.227706441843034	0.012	0.012	1	CLDN12	c28
0.700860545413454	-0.227635697505921	0.082	0.093	1	INIP	c28
0.912162181168817	-0.227615959711879	0.012	0.013	1	STARD7-AS1	c28
0.0155965427094492	0.22727014961922	0.306	0.238	1	RNMT	c28
0.723863377881464	-0.22715204541729	0.159	0.174	1	MED4	c28
0.445113851992758	-0.226983282194196	0.324	0.301	1	G3BP2	c28
0.51026829500222	0.22697973793283	0.012	0.019	1	FAM72A	c28
0.0612417162259379	-0.226975817703057	0.141	0.213	1	COQ4	c28
0.394334393915143	0.226772119366331	0.229	0.218	1	CAPRIN1	c28
0.65594211999307	-0.226509847792689	0.235	0.26	1	CENPX	c28
0.58292706200997	0.226506672165443	0.006	0.01	1	PPP1R13B	c28
0.107234529521804	0.226493916633841	0.112	0.08	1	LRRC28	c28
0.498460259573505	-0.226252793636949	0.112	0.133	1	CYTH2	c28
0.676459395617065	-0.226229343399613	0.271	0.295	1	PPP1CC	c28
0.273775154029618	0.226227964678397	0.153	0.129	1	RAB5B	c28
0.889743421994691	0.226200217577395	0.082	0.088	1	RRP1	c28
0.0712863140857049	0.226177005216058	0.271	0.222	1	LASP1	c28
0.419926037745442	-0.22598838178259	0.076	0.061	1	ARHGEF9	c28
0.777173520743752	0.225939891339572	0.071	0.067	1	PISD	c28
0.496469342329125	-0.225678891763915	0.112	0.095	1	LINC01138	c28
3.21180077133644e-05	0.225139994062087	0.106	0.041	1	CX3CR1	c28
0.823563355725127	-0.224883993402639	0.018	0.016	1	ZNF816	c28
0.500006193617567	0.224820410798027	0.118	0.142	1	NTMT1	c28
0.994824659714669	0.224819720433258	0.047	0.048	1	SNX11	c28
0.400422930187845	-0.224373822232676	0.065	0.084	1	KPNA2	c28
0.34811888849305	0.224364676971838	0.041	0.059	1	TCTN1	c28
0.0367613303484297	0.224347517621533	0.147	0.1	1	PRORP	c28
0.525725703412554	-0.224310507938511	0.241	0.226	1	CGGBP1	c28
0.622624272370828	-0.224193160129816	0.235	0.224	1	EFR3A	c28
0.244528426010027	-0.224147305028296	0.071	0.05	1	TRIB2	c28
0.118584109440816	0.224051797072314	0.029	0.015	1	BX890604.2	c28
0.0205690985388252	0.223943126790521	0.235	0.172	1	FIP1L1	c28
0.597812637644592	-0.223757426767399	0.112	0.129	1	WDR46	c28
0.527526084788656	0.223549900999409	0.018	0.012	1	FGFBP3	c28
0.29512466796891	-0.223434254621504	0.006	0.016	1	AC020909.2	c28
0.397829563486402	-0.223416794797971	0.2	0.235	1	CAMLG	c28
0.899322779107317	-0.223383893699194	0.012	0.011	1	HOXB-AS1	c28
0.70560190743754	-0.223309572040293	0.671	0.661	1	GPSM3	c28
0.430493679945992	0.223278316556593	0.224	0.212	1	EIF4EBP2	c28
0.550377669559558	-0.223111364158449	0.071	0.086	1	AIFM1	c28
0.483468413434991	-0.223055576253897	0.347	0.382	1	ANP32A	c28
0.198058910385694	-0.222997634933054	0.112	0.153	1	DLD	c28
0.0386990153291941	0.222934580374561	0.012	0.003	1	TRBV7-7	c28
0.533000576321516	-0.222848188657685	0.082	0.07	1	PVT1	c28
0.144408711543845	0.22272618053765	0.306	0.269	1	FAAP20	c28
0.209893664533343	-0.22266904871475	0.182	0.236	1	STOML2	c28
0.000144123139299056	-0.222614926208075	0.329	0.187	1	CD8A	c28
0.555558407225271	-0.22246597523778	0.029	0.023	1	PTCD1	c28
0.911345116078122	0.222359317812686	0.071	0.07	1	CNP	c28
0.707690792744925	-0.222310110236448	0.306	0.296	1	NONO	c28
0.165536551658192	-0.222229352989652	0.1	0.072	1	LINC00909	c28
0.256869134454958	-0.222192702236682	0.112	0.15	1	NAGA	c28
0.965788953172929	-0.222161988535309	0.029	0.029	1	ZNF749	c28
0.0818388676197285	-0.222064403278274	0.124	0.186	1	RAB24	c28
0.150461774300445	0.221991821843413	0.053	0.033	1	ERCC2	c28
0.880524514392188	0.22198520905542	0.129	0.131	1	HAT1	c28
0.0852659683363007	0.221844311102132	0.424	0.35	1	GPNMB	c28
0.118109719639287	-0.221840714785505	0.106	0.156	1	TSPAN4	c28
0.164026770228162	0.221794473585273	0.024	0.012	1	SLC25A42	c28
0.989205312440114	0.221692695152191	0.176	0.188	1	CALU	c28
0.417924935049417	0.221655323798528	0.1	0.084	1	MBD1	c28
0.0527993881310862	0.22164088988441	0.118	0.079	1	THAP1	c28
0.00163405106199256	0.221589095283548	0.3	0.194	1	EPB41	c28
0.557137147859618	-0.221503549508436	0.082	0.098	1	GNL3	c28
0.487111239356428	-0.22109422368912	0.429	0.463	1	C4orf3	c28
0.242179437882138	-0.22094599963746	0.112	0.149	1	ECI2	c28
0.867909456131959	0.22080258103375	0.153	0.166	1	COPS2	c28
0.450945114454477	-0.220682117616656	0.082	0.068	1	AC022706.1	c28
0.270379711366903	0.22058938723153	0.124	0.1	1	BIRC2	c28
0.632329250478561	-0.220481736109516	0.065	0.076	1	FARS2	c28
0.0786840210070812	0.220338509609679	0.082	0.052	1	AC025159.1	c28
0.766876059454418	-0.220246076048297	0.224	0.241	1	HMGA1	c28
0.997615766952575	0.219973048444942	0.129	0.136	1	LENG1	c28
0.0138254090922691	0.219782769531397	0.2	0.138	1	TGS1	c28
0.383848556086656	-0.219721560131256	0.094	0.119	1	MPDU1	c28
0.864136626816844	-0.219651896754066	0.324	0.324	1	SH3GLB1	c28
0.548842620702519	-0.219610558735783	0.929	0.855	1	RPL35	c28
0.407675032558227	-0.219600707836979	0.8	0.757	1	RPS11	c28
0.233606270681184	0.219156870463633	0.218	0.193	1	RSRC1	c28
0.549898770468358	-0.218964547012718	0.124	0.144	1	NFYC	c28
0.626919893713499	-0.218822647612161	0.2	0.224	1	OLA1	c28
0.682796148597165	0.218769133786914	0.035	0.03	1	LINC01678	c28
0.390830137414602	-0.218705111082104	0.147	0.182	1	TAPBPL	c28
0.468958327423492	0.218475763552023	0.171	0.158	1	TOM1	c28
0.631461600088599	-0.218423723454376	0.818	0.762	1	NPM1	c28
0.619163412105987	0.2183986057053	0.065	0.057	1	POM121	c28
0.419357906740892	0.21826510279418	0.041	0.031	1	POMT1	c28
0.846279943282046	-0.218136542755294	0.041	0.038	1	NMT2	c28
0.290262780371412	-0.217978967888096	0.124	0.159	1	TOLLIP	c28
0.142718830982466	-0.217829776532105	0.053	0.087	1	HENMT1	c28
0.224125080211139	0.21746787962569	0.1	0.141	1	LACTB2	c28
0.698690551678034	-0.217378685632479	0.265	0.293	1	MRPS7	c28
0.821634987823934	-0.217353487226195	0.076	0.073	1	ZNF143	c28
0.974356417343358	0.21726839689181	0.012	0.012	1	BTBD3	c28
0.590748627976196	-0.217203482242939	1	0.96	1	RPL10	c28
0.337857442732417	-0.217143884604489	0.3	0.343	1	SPG21	c28
0.870123696809381	0.217112371185912	0.024	0.022	1	B4GAT1	c28
0.240856680811461	-0.217089911751436	0.282	0.341	1	LYAR	c28
0.938352486719631	0.21703967545523	0.2	0.209	1	SKAP2	c28
0.514768469570796	-0.216968711863723	0.041	0.053	1	RELL1	c28
0.696969631748836	0.216952564729036	0.094	0.088	1	IFI44	c28
0.768071162447597	0.216775696087451	0.224	0.231	1	LYPLA1	c28
0.202892340621831	0.216771178243606	0.024	0.013	1	EFCAB7	c28
0.575973096921165	0.216710010184694	0.029	0.038	1	ELAC1	c28
0.321209750322964	0.216525386532992	0.029	0.019	1	IL7	c28
0.58861671288508	0.216467230976439	0.059	0.05	1	LMNB1	c28
0.658821638474146	0.2164575820104	0.029	0.036	1	FCGR3B	c28
0.702352812384962	-0.216312304792464	0.353	0.378	1	COX14	c28
0.364938525192151	-0.216303653959252	0.047	0.066	1	ZDHHC16	c28
0.0399970377624778	-0.216289245576561	0.165	0.244	1	TMEM167A	c28
0.584588847364549	-0.216238267505675	0.053	0.044	1	TSHZ2	c28
0.89997135750358	-0.216194759365059	0.029	0.031	1	HSDL1	c28
0.40576528383284	0.21615110474783	0.082	0.067	1	MED16	c28
0.223713591930065	-0.21614947296847	0.082	0.06	1	HIST1H2AC	c28
0.463097814470777	-0.216013732654391	0.047	0.061	1	TEX261	c28
0.000644370357792455	-0.215882431492892	0.247	0.141	1	CAMK4	c28
0.817296964500159	-0.215762466642015	0.071	0.076	1	LRRC41	c28
0.838883330586636	-0.215672549060118	0.018	0.016	1	CD8B2	c28
0.00732568669276647	0.215498995318232	0.188	0.123	1	PPP3CA	c28
0.864962792004978	-0.215451867213416	0.665	0.64	1	EIF3F	c28
0.33814119947535	-0.215276408342377	0.141	0.177	1	GOPC	c28
0.775748406956935	-0.215146561807916	0.159	0.152	1	RNF166	c28
0.0211947113710489	0.215033195575351	0.188	0.132	1	SLC38A2	c28
0.492595394635107	0.214943071068447	0.124	0.148	1	BLCAP	c28
0.659338373872925	-0.2148289737539	0.353	0.37	1	ATP6AP2	c28
0.102998852987045	0.2146478821185	0.353	0.316	1	HDLBP	c28
0.225389208019786	0.214620086711751	0.241	0.213	1	NAAA	c28
0.583271355270229	-0.214332869708525	0.241	0.268	1	DNAJA2	c28
0.677542710798536	-0.214314239650594	0.441	0.428	1	CCDC85B	c28
0.697031153366542	-0.214236863503706	0.329	0.355	1	APEX1	c28
0.512084396961159	-0.214205488435323	0.124	0.147	1	BCL2L1	c28
0.628007240527978	0.214202987435338	0.012	0.017	1	NAT1	c28
0.398774204751503	0.214084951274788	0.071	0.057	1	MIR155HG	c28
0.357029648194987	-0.214046205134634	0.076	0.059	1	IPCEF1	c28
0.169807291311381	-0.21382926092644	0.694	0.613	1	PCED1B-AS1	c28
0.528221923673946	-0.213724888468618	0.071	0.086	1	P4HTM	c28
0.0804106462988504	0.213670750220502	0.159	0.117	1	TBC1D10A	c28
0.243198128685708	-0.213486741013224	0.818	0.786	1	RPL27	c28
0.668321560621275	-0.213457055731693	0.082	0.074	1	URI1	c28
0.469315125705784	0.213410916680614	0.129	0.158	1	DUSP3	c28
0.208452804295606	-0.213294705613064	0.047	0.074	1	CCDC127	c28
0.812042360104832	0.21326410449617	0.112	0.11	1	HCFC1	c28
0.663211624615795	-0.212931676246487	0.135	0.151	1	NT5C3A	c28
0.145613683281072	-0.212838817383525	0.206	0.263	1	MRPS16	c28
0.0707209969400544	0.212759887519193	0.012	0.004	1	AC233976.1	c28
0.820474123662759	-0.212752732880499	0.929	0.875	1	RPL5	c28
0.41237401994003	-0.212678684945798	0.029	0.043	1	TMEM185B	c28
0.000622154077640451	0.212671918101803	0.194	0.105	1	TRAT1	c28
0.963506691832096	-0.212612591191309	0.018	0.017	1	GTF2IRD2	c28
0.182223246261239	-0.212517472517365	0.3	0.257	1	DUSP1	c28
0.1826990562563	0.212333028907835	0.3	0.269	1	HPCAL1	c28
0.0375689650161412	0.212298659825671	0.4	0.33	1	WIPF1	c28
0.989626610764947	-0.211829529396763	0.082	0.084	1	PREP	c28
0.418493515319574	-0.211819911604086	0.012	0.007	1	KIF19	c28
0.867836647741576	0.211731795785061	0.082	0.081	1	QTRT2	c28
0.3226249609786	-0.211643694912774	0.112	0.143	1	CARHSP1	c28
0.214283742418919	0.211382534386615	0.118	0.092	1	NOL11	c28
0.984229638090815	-0.211350106387907	0.024	0.024	1	RACGAP1	c28
0.584406598672202	-0.21115182122848	0.012	0.017	1	FKBP14	c28
0.315296670445246	0.211149345654644	0.035	0.024	1	MTERF2	c28
0.00390375819874893	-0.21105502588714	0.282	0.178	1	CD6	c28
0.932047189874591	-0.210730067812788	0.388	0.399	1	SEPTIN9	c28
0.137642374176006	0.210720691930571	0.059	0.097	1	SLC49A3	c28
0.151943897996664	-0.210612451663396	0.041	0.024	1	RFLNB	c28
0.693563069113278	-0.210585417522504	0.112	0.124	1	RPIA	c28
0.598825984114014	0.21057646198666	0.059	0.071	1	JMJD7	c28
0.0035881268636459	0.210527829107618	0.135	0.074	1	MARCKSL1	c28
0.29298888184452	-0.21041620153473	0.071	0.097	1	RNF146	c28
0.787226369579072	0.210185719076155	0.112	0.11	1	TCTA	c28
0.660503543390141	-0.210112742487241	0.271	0.299	1	ICAM2	c28
0.829123789592168	-0.210108204548317	0.029	0.027	1	SKP2	c28
0.17676564798616	-0.21000452982168	0.129	0.176	1	PEX16	c28
0.825795125160727	-0.209914643777084	0.012	0.014	1	LBHD1	c28
0.396689680357798	0.209754657748089	0.118	0.098	1	CD320	c28
0.213089353805158	0.209751357884282	0.024	0.043	1	IPO13	c28
0.0038466067540994	0.209619098178308	0.382	0.282	1	GIMAP1	c28
0.0255076761810157	0.209610122528587	0.376	0.318	1	BNIP2	c28
0.235884652293627	0.209469651253309	0.006	0.018	1	NHLRC1	c28
0.31953384540458	0.209273961602179	0.147	0.126	1	C5orf24	c28
0.0348200250341226	-0.209270820318257	0.006	0.036	1	ODF3L1	c28
0.0123706608087344	0.209186036283592	0.241	0.172	1	SORL1	c28
0.946346297806426	-0.208944174387961	0.353	0.364	1	FDFT1	c28
0.560007912915243	-0.208922686575655	0.035	0.028	1	SETD1A	c28
0.16139572470459	0.208744847865914	0.012	0.03	1	RNLS	c28
0.968195168893446	-0.208728996589108	0.347	0.355	1	METTL26	c28
0.96692876018064	0.208693800023041	0.047	0.047	1	PIP4P2	c28
0.00157142833071105	0.208688835379547	0.618	0.517	1	SRSF5	c28
0.679073104027259	-0.208642166459136	0.888	0.828	1	EEF1D	c28
0.556204842333995	-0.208641575229423	0.106	0.123	1	PRPSAP1	c28
0.264849904525956	0.208591513203461	0.265	0.239	1	TADA3	c28
0.157157419464466	-0.208516257848234	0.147	0.199	1	ACYP2	c28
0.664608286801751	-0.208475602920495	0.041	0.049	1	SLC27A5	c28
0.17736036507459	-0.208474740863231	0.065	0.043	1	ZNF266	c28
0.766958044246085	-0.208117830772612	0.959	0.893	1	RPS25	c28
0.619907297670635	0.208054264629159	0.076	0.09	1	FAHD1	c28
0.733476014690241	-0.207964513251392	0.406	0.43	1	WDR1	c28
0.103228899038782	-0.207952592001395	0.018	0.044	1	SOWAHC	c28
0.90063413574745	0.207901136428086	0.241	0.254	1	BBX	c28
0.0228866923106197	-0.207883323703963	0.035	0.086	1	MACO1	c28
0.763746726855802	0.207873927220885	0.024	0.02	1	B3GLCT	c28
0.0668701576308112	-0.207841648892597	0.012	0.04	1	NEXN	c28
0.358572443741572	-0.207820764576034	0.994	0.932	1	RPS19	c28
0.364137934306245	0.207758670168173	0.171	0.153	1	FAM192A	c28
0.774641727589915	-0.207548765347672	0.1	0.109	1	IP6K2	c28
0.677351789679916	0.207488406742458	0.018	0.023	1	MTFR2	c28
0.0912648540801162	0.207456587472579	0.065	0.039	1	AC025164.1	c28
0.260239736655795	0.207439011739796	0.1	0.079	1	ARMC1	c28
0.140393784638941	0.207374932446402	0.035	0.02	1	C12orf66	c28
0.113048718146713	-0.207326087738557	0.206	0.156	1	CDC25B	c28
0.827583400252326	-0.207249234603282	0.488	0.493	1	ATP5F1A	c28
0.445364260971874	-0.207117824013921	0.524	0.511	1	BSG	c28
0.837032458241446	-0.207086455561533	0.1	0.097	1	SREBF2	c28
0.701205921779652	-0.206962935713344	0.047	0.055	1	RIOK2	c28
0.906812023549079	0.20687603663909	0.059	0.058	1	FASTKD2	c28
0.516949226190004	0.206840942906893	0.112	0.135	1	ITFG1	c28
0.346267236785073	-0.206762880384074	0.076	0.059	1	ZC3H8	c28
0.838450924884258	-0.206751160308452	0.053	0.05	1	RPUSD2	c28
0.372258449251586	-0.20669595595168	0.006	0.014	1	ANKRD29	c28
0.808987990283437	-0.206645273188918	0.182	0.193	1	RPA2	c28
0.690342253315412	-0.206618412852569	0.224	0.216	1	PWP1	c28
0.763571834011339	-0.206220636155365	0.041	0.037	1	XKR8	c28
0.973328982035134	-0.20615479599165	0.847	0.784	1	EEF1G	c28
0.504110821975146	-0.206027403234207	0.976	0.913	1	RPL7A	c28
0.130444195369885	0.205823364027228	0.124	0.092	1	POLDIP3	c28
0.874122164033742	0.205800232104782	0.253	0.272	1	EIF4E2	c28
0.321977366301591	-0.205782796954487	0.971	0.899	1	RPL29	c28
0.106915447364445	0.205731280021145	0.018	0.007	1	P3H4	c28
0.545832559430849	-0.205668966517543	0.106	0.126	1	RAMAC	c28
0.122614715868034	0.205623832092202	0.059	0.036	1	NAA80	c28
0.190222225558764	0.205611922509142	0.1	0.075	1	KAT7	c28
0.933563385637534	-0.20552497866242	0.047	0.046	1	PIGG	c28
0.520359710027252	0.205413055529972	0.041	0.053	1	SLC25A33	c28
0.104686768281549	0.205352892087677	0.147	0.109	1	HNRNPLL	c28
0.368672047823355	-0.205170813982682	0.088	0.113	1	ACTR6	c28
0.227393302683061	0.205161111787821	0.059	0.041	1	ZNF429	c28
0.8759103019614	-0.205116050159259	0.312	0.33	1	MESD	c28
0.650422756166841	-0.205094391139766	0.035	0.029	1	AC006369.1	c28
0.0235483836057742	0.204937842818563	0.212	0.152	1	CYP51A1	c28
0.196937247599339	0.204743671188453	0.224	0.193	1	DCTN1	c28
0.578871155696053	-0.204640279361729	0.512	0.536	1	ACTR3	c28
0.367293864571683	-0.204574590983246	0.112	0.093	1	BMS1	c28
0.503279357138567	-0.204571030090162	0.847	0.748	1	HSP90AB1	c28
0.637183521630661	-0.204418129457565	0.029	0.024	1	RAD18	c28
0.591736802643935	0.204376911684639	0.059	0.051	1	DGAT1	c28
0.436011307693092	-0.204273092543036	0.982	0.918	1	RPS23	c28
0.180247332610907	0.204227816083149	0.029	0.016	1	SLC41A1	c28
0.0283244799248093	-0.204066198433951	0.147	0.233	1	CCDC90B	c28
0.424871529461973	-0.20405006599045	0.141	0.171	1	YIPF5	c28
0.301698776241476	-0.20404689982968	0.512	0.416	1	CTSL	c28
0.223239800441503	0.203894054942944	0.071	0.051	1	NUP88	c28
8.31327606795761e-05	0.203859855628963	0.553	0.427	1	SF3B1	c28
0.480515542080718	-0.203826970005968	0.182	0.216	1	PPP6C	c28
0.988561621336582	-0.203772213301791	0.071	0.072	1	GPAT4	c28
0.643443330827747	0.203739506368555	0.112	0.127	1	YDJC	c28
0.847542172003767	-0.203660227623294	0.012	0.01	1	SEMA4F	c28
0.590892256335055	0.203591614301723	0.047	0.057	1	POLRMT	c28
0.261585077276496	0.203518462628028	0.053	0.078	1	PCCB	c28
0.745315698690575	-0.203270487001853	0.171	0.166	1	RCN2	c28
0.634679463772948	-0.203268235575157	0.988	0.918	1	RPL34	c28
0.425831481507627	-0.203235039071604	0.059	0.077	1	HECTD3	c28
0.792036344507119	-0.203179884368218	0.024	0.027	1	SLC20A2	c28
0.573508044985622	0.20317233993901	0.147	0.175	1	NPTN	c28
0.329092754104642	-0.203163413086155	0.135	0.17	1	TMEM120A	c28
0.0267595951528184	0.203114870832473	0.071	0.038	1	METTL15	c28
0.725052163914955	0.203099090828574	0.165	0.162	1	RNPEPL1	c28
0.968918577811058	0.203047791172908	0.047	0.047	1	XPO7	c28
0.0172034420963405	0.203030576346562	0.129	0.08	1	RPAP2	c28
0.542538667197529	0.20302169048109	0.047	0.038	1	EOMES	c28
0.0982813405651957	0.20293134762473	0.065	0.04	1	KAT2B	c28
0.798692075661858	0.202929055711936	0.059	0.065	1	PPP2CB	c28
0.348433484851056	-0.202825181850144	0.171	0.145	1	NUDT16L1	c28
0.959238402483884	-0.202766716566804	0.035	0.035	1	MBNL3	c28
0.391034702984454	-0.202722396898247	0.176	0.215	1	LYRM2	c28
0.77488106098385	0.202623705676386	0.153	0.15	1	AL138963.4	c28
0.756556983215885	0.202494843760445	0.059	0.054	1	TSC22D1	c28
0.200873369033269	-0.202458357849374	0.047	0.075	1	PCYOX1	c28
0.635104775802132	-0.202457255131205	0.106	0.096	1	GLT8D1	c28
0.148978107333101	0.202436491655984	0.094	0.067	1	CCAR2	c28
0.813993141735018	-0.202412720107318	0.271	0.271	1	SUGT1	c28
0.266241803266349	0.20187208736813	0.024	0.014	1	AP000787.1	c28
0.457322450856894	-0.201855006544903	0.088	0.073	1	COX11	c28
0.0633238625337056	0.201693562627023	0.2	0.154	1	SMARCA4	c28
0.543124353998447	0.201662558928724	0.041	0.033	1	CPNE2	c28
0.694119189690674	0.201580791515411	0.024	0.029	1	RFWD3	c28
0.510626096667678	-0.201518404515805	0.082	0.099	1	USP39	c28
0.594706915594107	0.201141287144426	0.053	0.045	1	C12orf73	c28
0.251183012185169	0.200832531643192	0.212	0.189	1	SND1	c28
0.578925666650167	-0.200739587547922	0.012	0.017	1	HIRA	c28
0.511712366174886	0.200597038891169	0.141	0.167	1	EIF3J	c28
0.925423543562351	0.200572187569486	0.024	0.023	1	ALDH1A2	c28
0.733836134511674	-0.20055168883936	0.253	0.245	1	MIER1	c28
0.0836648093456542	0.200549982270549	0.088	0.057	1	CEP78	c28
0.677178541658096	0.200494030138515	0.029	0.036	1	RPP14	c28
0.126759499160881	-0.200423165914508	0.047	0.027	1	ADORA2A	c28
0.473131717474589	0.200361074087604	0.141	0.127	1	SNUPN	c28
0.128037992471286	-0.200262231926573	0.106	0.074	1	NLRC5	c28
0.123631704691579	0.200209035624347	0.094	0.066	1	CEP250	c28
0.0442766279180102	0.200178102388749	0.282	0.23	1	RNASEH2B	c28
0.203450936552069	-0.2000143630563	0.4	0.36	1	LCP2	c28
0.992355383540346	0.200001592614756	0.141	0.149	1	IVD	c28
0.297611209225088	-0.199970777386092	0.953	0.876	1	NACA	c28
0.597253643088928	-0.199859291243346	0.006	0.01	1	ZNF2	c28
0.933542478982582	0.199803854004556	0.235	0.25	1	RAB1A	c28
0.0462005902482415	0.199749648211129	0.159	0.112	1	SMC4	c28
0.504290346400197	0.19970209100896	0.135	0.123	1	NSMAF	c28
0.000636455167145857	0.199681967989261	0.188	0.104	1	GPR183	c28
0.774111367285781	-0.199651883510233	0.012	0.01	1	LINC00910	c28
0.0637087695541622	0.199530167086074	0.171	0.125	1	MRPS31	c28
0.579288192808936	-0.199525827615527	0.271	0.3	1	BLOC1S2	c28
0.00423072912760057	0.19938086695064	0.441	0.352	1	CSNK1A1	c28
0.714817465823949	0.199340368745083	0.035	0.042	1	ACAD8	c28
0.0167905781253669	0.199327617821514	0.229	0.163	1	TMPO	c28
0.417876747652473	0.199236382689017	0.118	0.148	1	ACVRL1	c28
0.865728850837017	0.199209942465941	0.082	0.081	1	CCDC97	c28
0.00503111444127745	0.199204111399065	0.1	0.051	1	RIC3	c28
0.974704566416482	-0.199112958785468	0.076	0.079	1	RFX5	c28
0.264006150047212	-0.199093868240048	0.124	0.162	1	EVI2A	c28
0.906337164801417	0.199088937756731	0.012	0.013	1	TMEM237	c28
0.144534081252194	-0.199026232890558	0.088	0.06	1	ADAM8	c28
0.982663860599199	-0.199020312655475	0.235	0.248	1	CNOT7	c28
0.788182465878957	0.199013063017619	0.047	0.043	1	DSTYK	c28
0.563193080803276	0.199002491541173	0.012	0.018	1	SLC35E2A	c28
0.506219394441757	-0.198971675480602	0.065	0.053	1	ITM2C	c28
0.333524652090764	0.198936621877686	0.224	0.202	1	CEP57	c28
0.913980887013879	0.198899835420926	0.059	0.062	1	CES2	c28
0.794675046586755	-0.198476977393119	0.241	0.259	1	THEMIS2	c28
0.584918757728249	0.19839710141278	0.024	0.031	1	MYB	c28
0.814870015606778	0.198259401514845	0.094	0.091	1	UCKL1	c28
0.213858310220111	-0.198227953487732	0.035	0.059	1	POMC	c28
0.619616000728886	-0.197962685458183	0.041	0.034	1	PMAIP1	c28
0.935092397340985	0.197819156676683	0.247	0.27	1	SCPEP1	c28
0.0252834527803259	-0.197794344604523	0.871	0.539	1	CD3E	c28
0.0161031193414055	0.197770952681444	0.365	0.296	1	TRA2B	c28
0.0514092172913648	0.197750168863356	0.341	0.284	1	MFSD1	c28
0.592023834682913	0.197682489335724	0.076	0.091	1	YIPF2	c28
0.964539260604399	-0.197643625966698	0.029	0.03	1	EIF4ENIF1	c28
0.564003034149396	-0.197498147104645	0.159	0.146	1	CCNK	c28
0.441538971111538	-0.197491273309531	0.076	0.097	1	PPIL3	c28
0.863078413998335	-0.197487226207285	0.024	0.026	1	LINC02084	c28
0.728224230664128	-0.197458919843257	0.124	0.136	1	GOLPH3	c28
0.00746934600591124	0.19729244497059	0.082	0.041	1	SYNE3	c28
0.698043234365975	-0.197284489204506	0.059	0.052	1	DLGAP1-AS1	c28
0.308656618097371	-0.197266416702047	0.094	0.124	1	RFK	c28
0.684141902852369	-0.197259298191471	0.241	0.265	1	MFF	c28
4.07941969045097e-05	0.197226222766338	0.6	0.45	1	RBM39	c28
0.238222689248985	0.197153636566025	0.124	0.099	1	SPTLC2	c28
0.0528528446613755	0.197082114863261	0.071	0.125	1	RNF135	c28
0.382143063262867	-0.197016008309636	0.047	0.065	1	ALKBH4	c28
0.638504083875596	0.197015312203965	0.106	0.124	1	TMEM107	c28
0.512296308190638	-0.196989312694998	0.282	0.324	1	SNRPF	c28
0.324000524863195	0.1967572253853	0.059	0.043	1	PDCD4-AS1	c28
0.600275913909279	-0.196660259940061	0.206	0.233	1	CCDC47	c28
0.134283876051825	-0.196632574856711	0.129	0.092	1	SIRPG	c28
0.247242192075146	0.196526169667306	0.065	0.046	1	C18orf25	c28
0.00130696930217628	0.196486192405949	0.218	0.128	1	BCL11B	c28
0.235830121514206	0.196481778572856	0.241	0.217	1	POLR2A	c28
0.460400130501337	-0.196318068085723	0.218	0.254	1	PNKD	c28
0.588937865570469	-0.196035964854408	0.006	0.01	1	RTL5	c28
0.877659541548106	-0.195972371740152	0.459	0.469	1	ANAPC16	c28
0.782771397596672	0.195838407872945	0.088	0.097	1	SGSM3	c28
0.358843781278007	-0.195725107214089	0.382	0.441	1	LSM7	c28
0.447741402699148	0.195717098907116	0.029	0.021	1	SNHG21	c28
0.64804771023123	-0.195492415531742	0.576	0.526	1	DRAP1	c28
0.00213822720117593	0.195416620557453	0.071	0.03	1	TRAV21	c28
0.511779162501115	-0.195405727253243	0.453	0.474	1	SEC62	c28
0.411142030510345	0.195352274194152	0.135	0.119	1	USB1	c28
0.522311207171667	-0.195154515018805	0.471	0.504	1	SMDT1	c28
0.645565657251408	-0.195076250734648	0.094	0.085	1	LTBP4	c28
0.914461219476288	-0.195046896754159	0.153	0.161	1	SLC4A1AP	c28
0.952888964468644	0.194921987515231	0.124	0.132	1	AZIN1	c28
0.990590277901103	0.194656854135868	0.035	0.035	1	ZW10	c28
0.0220627620068682	0.194653538684043	0.147	0.096	1	ESCO1	c28
0.834424325067213	-0.194637502633803	0.059	0.063	1	SLC35B2	c28
0.145408136979461	0.194562837147259	0.135	0.104	1	TSEN15	c28
8.66130396375052e-05	-0.194492545739781	0.535	0.327	1	CST7	c28
0.933051466709689	-0.194417690097229	0.029	0.031	1	AL135925.1	c28
0.0309900782929685	0.194299129811403	0.076	0.043	1	CEMIP2	c28
0.893193062310387	0.19409751415523	0.1	0.101	1	BRD7	c28
0.858261615945209	0.194030301080813	0.041	0.045	1	SGPL1	c28
0.929915133608877	-0.194002167220952	0.241	0.246	1	PYCR2	c28
0.517008241716355	-0.193847360430076	0.635	0.575	1	UBXN1	c28
0.26273338146159	-0.193742722665948	0.018	0.009	1	LINC00265	c28
0.489492652781814	-0.193683877597766	0.124	0.146	1	GTF2E2	c28
0.35010375873404	-0.193660580738903	0.053	0.073	1	RNF25	c28
0.0850783262081066	-0.193304173099616	0.041	0.022	1	ZHX2	c28
0.277103353108419	0.193244247771095	0.076	0.057	1	PITPNA-AS1	c28
0.120630683595461	-0.192894850235284	0.018	0.042	1	SAMD1	c28
0.42291271939298	0.192888234748061	0.171	0.154	1	CFAP36	c28
0.872171266344351	-0.19246577410314	0.065	0.068	1	ODC1	c28
0.554974723274254	0.19244597042441	0.041	0.033	1	ATG16L1	c28
0.811666015067869	-0.192196732928368	0.024	0.021	1	DENND3	c28
0.596302333003581	-0.192092158309964	0.241	0.274	1	CFDP1	c28
0.6086797628393	-0.191739587937263	0.176	0.167	1	LSM12	c28
0.305227354973525	-0.19163645804476	0.141	0.116	1	DDX3Y	c28
0.846847575000466	-0.191315112387674	0.347	0.349	1	PNPLA2	c28
0.562642198661665	-0.191299745285717	0.135	0.157	1	HMG20B	c28
0.00340223355423675	0.191205964476524	0.171	0.099	1	ABLIM1	c28
0.793167417200985	0.191164251605032	0.029	0.026	1	PIAS3	c28
0.99029831872765	0.191038290074343	0.041	0.041	1	DNAJC24	c28
0.685621808165969	0.191032515025244	0.047	0.041	1	CAMKMT	c28
0.129614021862527	0.191021908097897	0.194	0.156	1	EPS15	c28
0.68955805374871	-0.190982537837104	0.547	0.538	1	CAP1	c28
0.538742797872058	0.190957939248967	0.029	0.023	1	LARS2	c28
0.172479690943939	0.190462393781841	0.071	0.107	1	LINC01094	c28
0.845457197887646	-0.190413239706629	0.965	0.871	1	HLA-E	c28
0.530939821293121	0.190128463181011	0.029	0.022	1	BCR	c28
0.308968270306661	-0.19008211998732	0.947	0.863	1	RPL9	c28
0.0945754416297242	0.190052443869451	0.288	0.25	1	SPPL2A	c28
0.421865726357139	0.189884748859261	0.053	0.041	1	TSHZ1	c28
0.202861935581283	-0.189815645175015	0.006	0.019	1	ERF	c28
0.850693448759021	0.189682346732726	0.018	0.016	1	IFT80	c28
0.110992560230306	-0.189663516833901	0.129	0.185	1	TMEM170A	c28
0.286724176071378	-0.189606890579721	0.159	0.131	1	DDX50	c28
0.811971129233758	0.189590569474797	0.029	0.027	1	IL11RA	c28
0.579499754805664	-0.18953953655699	0.053	0.044	1	FRMD8	c28
0.0974385928972265	0.189507199024909	0.059	0.035	1	POLG2	c28
0.244732352408609	0.189160677286338	0.1	0.078	1	MRRF	c28
0.257733716170829	-0.18909260870093	0.494	0.391	1	LST1	c28
0.497386941020939	-0.189033302783439	0.106	0.127	1	CASC4	c28
0.685326701012082	0.18890699697233	0.082	0.076	1	RSPRY1	c28
0.497345530826478	0.188860870610941	0.041	0.054	1	C8B	c28
0.46399475726795	0.188773475962192	0.018	0.027	1	CD3EAP	c28
0.091256939169994	-0.188740545507089	0.012	0.036	1	NFKBIE	c28
0.818746483537137	-0.188718619682397	0.024	0.027	1	TM7SF2	c28
0.058491480756744	0.18855899131451	0.071	0.041	1	ELK3	c28
0.419971126542147	-0.188478268658298	0.094	0.118	1	MRPL44	c28
0.70762579592845	0.188465417789225	0.047	0.054	1	NFAM1	c28
0.00103654063910909	0.188414163425216	0.182	0.101	1	CCR7	c28
0.679568194450007	-0.1883426798367	0.135	0.125	1	XPC	c28
0.650774982555011	-0.1881305727	0.094	0.086	1	VIRMA	c28
0.758227688578541	0.188034378066557	0.029	0.026	1	TRMT12	c28
0.679921524682097	-0.187820089112459	0.029	0.035	1	NSG1	c28
0.0685177270016912	-0.187722225502125	0.276	0.207	1	PLSCR3	c28
0.335426673026927	0.187715043125333	0.012	0.023	1	TRGC1	c28
0.60489823690875	0.187625341360157	0.218	0.209	1	EFCAB14	c28
0.0276473480848074	0.187275486047132	0.571	0.487	1	GAS5	c28
0.000177802352815336	0.187104594509691	0.553	0.426	1	EZR	c28
0.414808119637039	0.186979549652694	0.012	0.007	1	GPR35	c28
0.179895786667055	0.186937240199708	0.065	0.044	1	GALNT7	c28
0.669388605592627	-0.186799863371847	0.218	0.247	1	ARL8B	c28
0.978377725471438	-0.1867321626796	0.229	0.235	1	THYN1	c28
0.494444200332586	0.186710114350723	0.035	0.047	1	PAFAH2	c28
0.680235226016958	-0.186703639955428	0.082	0.075	1	RANGAP1	c28
0.257026730322238	0.186654148182101	0.094	0.073	1	CIZ1	c28
0.9709239305915	0.186637679843182	0.118	0.125	1	UBE2W	c28
0.489572772445536	0.186626356179312	0.012	0.007	1	CACNB1	c28
0.402835003750075	0.186582183728556	0.135	0.168	1	FHL1	c28
0.987313195146176	-0.186573219657678	0.018	0.018	1	ITFG2-AS1	c28
0.502995254084127	-0.186463628698888	0.035	0.027	1	ZSCAN16	c28
0.0249186895196868	-0.186313846468646	0.029	0.077	1	LILRA2	c28
0.925947565003719	-0.186222120013891	0.553	0.537	1	ARL6IP4	c28
0.798240174951381	-0.186110334219022	0.141	0.155	1	GOSR1	c28
0.0305876756309179	-0.186098988182589	0.465	0.343	1	ICAM3	c28
0.784866244530774	-0.18580285734539	0.124	0.134	1	SNX20	c28
0.732660254076042	0.18575801869402	0.065	0.059	1	RRP36	c28
0.911478316364929	0.185727228586483	0.024	0.025	1	TBC1D22B	c28
0.580036646777354	0.185694480627807	0.088	0.079	1	INTS12	c28
0.00720659826612426	0.185642448255001	0.182	0.114	1	CCDC69	c28
0.819766129665195	-0.185631821706052	0.088	0.085	1	CAAP1	c28
0.0128764053304956	-0.18556301607993	0.129	0.074	1	IL2RB	c28
0.883995109624234	0.185436195484122	0.018	0.019	1	AP001372.2	c28
0.537431579920171	0.185433520730697	0.035	0.028	1	GEMIN4	c28
0.529364899018247	0.185357275827192	0.029	0.04	1	NMNAT1	c28
0.0564761355860051	-0.185344949155405	0.135	0.092	1	PLEKHA1	c28
0.543133632284206	-0.18527420030938	0.012	0.018	1	SPATA2	c28
0.531738704284442	-0.185255167749388	0.035	0.027	1	KLHDC7B	c28
0.141489234027564	0.185242514430085	0.112	0.16	1	SLC50A1	c28
0.77281787066646	-0.185193069203183	0.024	0.027	1	MIER2	c28
0.658072590047334	0.185137016840641	0.1	0.116	1	RAE1	c28
0.81776762102498	-0.18511130899187	0.159	0.172	1	SPOP	c28
0.120531340052379	0.184864713495139	0.065	0.041	1	KPNA5	c28
0.180993727015071	0.184671864993175	0.1	0.074	1	TBK1	c28
0.540776034704234	-0.184522663941461	0.959	0.866	1	RPS2	c28
0.236267957710969	0.184431980966333	0.082	0.115	1	WBP4	c28
0.955032255342479	-0.184401337269195	0.112	0.112	1	WDR43	c28
0.375322355185391	0.184186709323771	0.053	0.073	1	HLA-G	c28
0.789058247102723	0.18413091851978	0.129	0.127	1	RNF11	c28
0.721709978273569	0.184116021610992	0.059	0.067	1	FAM114A2	c28
0.0191670456427386	-0.184007808003842	0.1	0.056	1	AC008555.4	c28
0.152991802924065	0.183919337308966	0.253	0.222	1	SNX1	c28
0.121021068049524	-0.183857836262243	0.024	0.011	1	RAB27B	c28
0.369699898804776	0.183666296714573	0.006	0.014	1	HAAO	c28
0.72338381115488	0.18358140036615	0.182	0.183	1	BORCS7	c28
0.0253607827227235	0.183504720665898	0.047	0.022	1	LMTK2	c28
0.513634101304822	0.183500167271282	0.224	0.213	1	TCP1	c28
0.882910422445193	-0.183436421211389	0.212	0.228	1	LARP7	c28
0.90141245609406	0.183300274937533	0.047	0.049	1	PRAF2	c28
0.24271654883107	-0.182997596576924	0.047	0.072	1	CCNQ	c28
0.158762702231608	-0.182896311387349	0.141	0.105	1	PTPN4	c28
0.819539007673334	-0.182839192909166	0.041	0.045	1	SIRT3	c28
0.810477673274499	-0.182837016400784	0.112	0.12	1	ENOPH1	c28
0.139112343591954	-0.182809172329836	0.088	0.059	1	P2RY10	c28
0.0579274781655532	0.18274901468781	0.024	0.009	1	AC020659.1	c28
0.90690254838314	-0.18266044057037	0.029	0.031	1	UBE2T	c28
0.399200163873318	0.182343411047571	0.094	0.12	1	SULT1A1	c28
0.281910342625731	0.182088018093283	0.047	0.033	1	PRIM2	c28
0.750360556457992	0.181904933053	0.059	0.054	1	TRDMT1	c28
0.0418113739739144	-0.18189493218687	0.006	0.035	1	C11orf74	c28
0.313067533349477	-0.18181826518378	0.035	0.023	1	SLC9B2	c28
0.99150602590198	0.181742999497256	0.135	0.142	1	MAPK1	c28
0.827421129509728	0.181720224781182	0.165	0.165	1	EPSTI1	c28
0.63740756719779	-0.18167208873545	0.724	0.684	1	EEF2	c28
0.0192826417959711	0.181641719001968	0.235	0.17	1	SHFL	c28
0.244721355158774	0.181444702982994	0.165	0.137	1	MICU2	c28
0.00484203020450797	0.181365602249066	0.224	0.145	1	LBR	c28
0.812127566195012	-0.181332836444848	0.988	0.933	1	RPL30	c28
0.686411187699504	-0.181152764325713	0.988	0.929	1	RPS27A	c28
0.770922071908429	-0.18097651813652	0.088	0.097	1	UTP6	c28
0.890260407208022	-0.180854948561595	0.053	0.056	1	ELF4	c28
0.0609811272932641	0.180843105853699	0.082	0.05	1	ST6GAL1	c28
0.0619718039397438	-0.180771149994009	0.029	0.067	1	GSTZ1	c28
0.222540804352931	0.180628510070715	0.059	0.041	1	TSTD2	c28
0.125390911314061	0.180530925482713	0.218	0.177	1	RAB29	c28
0.77880366093366	-0.180385021254334	0.224	0.223	1	DNTTIP2	c28
0.0036372267326568	0.180292426276948	0.335	0.246	1	ZBTB38	c28
0.946574360205792	-0.180176110141253	0.288	0.302	1	SRSF2	c28
0.947181629443648	-0.180097513012275	0.047	0.049	1	C9orf64	c28
0.196340906149238	0.180057038672552	0.053	0.035	1	TMCO6	c28
0.55871047218883	-0.17951315712822	0.088	0.106	1	RUFY1	c28
0.274399260251373	0.179290868132697	0.2	0.175	1	UFL1	c28
0.642363081199578	0.179142049216675	0.059	0.051	1	TRAF3IP2	c28
0.876487678493849	-0.178956746241764	0.112	0.111	1	MICU1	c28
0.0173322759586287	-0.178905808720406	0.253	0.174	1	PRKCH	c28
0.117924506885633	0.178764149679644	0.082	0.055	1	DYRK1A	c28
0.156121550946304	-0.178700396511469	0.188	0.149	1	ARHGEF3	c28
0.00354845034441887	0.178653600788833	0.324	0.235	1	KLF3	c28
0.0389571161394173	0.178573878246916	0.1	0.061	1	AC245407.2	c28
0.414877280718594	0.178534259030163	0.094	0.078	1	LAS1L	c28
0.219279727919844	0.178526056783566	0.212	0.187	1	SEC61A1	c28
0.457525093849471	0.178493420854644	0.288	0.279	1	STUB1	c28
0.847928468022793	0.178368458845056	0.147	0.16	1	HNRNPH2	c28
0.35988396221613	-0.178336022758302	0.241	0.287	1	PSMB5	c28
0.454570422773246	0.178335252739268	0.218	0.207	1	PARL	c28
0.00737086538222311	0.178306978923137	0.518	0.437	1	CSDE1	c28
0.395480289206827	-0.17785894248707	0.006	0.013	1	CNNM4	c28
0.161741407701693	-0.177848799686461	0.029	0.055	1	CHCHD4	c28
0.165528034877487	0.177810667998947	0.024	0.047	1	PINK1	c28
0.0836416326876168	0.177728561977812	0.047	0.026	1	ZNF337	c28
0.649024112168378	-0.177630548145553	0.018	0.014	1	ARHGAP11A	c28
0.814131540649584	-0.177619158897121	0.188	0.181	1	RCAN3	c28
0.0271323234624044	0.177485941994862	0.453	0.385	1	TMOD3	c28
0.320575798690506	-0.177379336350529	0.329	0.299	1	MED10	c28
0.493228198664583	0.177377823577494	0.094	0.116	1	PSMG1	c28
0.893163716493492	0.177327514409579	0.041	0.044	1	MCAT	c28
0.341167390072231	0.177256016158573	0.171	0.149	1	PTDSS1	c28
0.197599459487493	0.177239482697713	0.112	0.086	1	LRRC47	c28
0.863837325228152	0.177220212865516	0.024	0.026	1	ZNF689	c28
0.324312670404366	0.177118066021918	0.041	0.029	1	TRIM23	c28
0.15535851912906	0.177047287497694	0.153	0.121	1	NUP50	c28
0.875902633543511	-0.177021702140763	0.029	0.032	1	AJM1	c28
0.796010175413747	-0.176906531517175	0.6	0.566	1	EIF3G	c28
0.000692356725350951	-0.176904911914734	0.418	0.257	1	ISG20	c28
0.479892831723802	-0.176864328628224	0.476	0.451	1	XRCC5	c28
0.0268305060126283	-0.176694898143662	0.194	0.129	1	ITGB7	c28
0.306848948543219	0.176640094333652	0.288	0.27	1	ZFAND5	c28
0.707578147365572	0.176596294390235	0.141	0.136	1	CYB5B	c28
0.786066616787788	-0.176576196290976	0.041	0.046	1	NAT10	c28
0.97378941463643	-0.176313578163882	0.606	0.592	1	EIF3H	c28
0.00355193149650537	0.176241203520551	0.118	0.062	1	NBPF15	c28
0.82456934717355	-0.176090615113436	0.024	0.021	1	C11orf80	c28
0.105727551533071	-0.176070670339001	0.041	0.076	1	RTP4	c28
0.329545473801442	-0.176067141733449	0.141	0.176	1	EMG1	c28
0.000352235965141098	0.176000251214712	0.359	0.239	1	ZC3HAV1	c28
0.0595112386372522	-0.175973709413136	0.129	0.2	1	NFU1	c28
0.0787506507202032	0.17574772720328	0.318	0.274	1	CCPG1	c28
0.659868876558201	-0.175730555879038	0.265	0.261	1	SMARCE1	c28
0.135878233827078	0.175560406776984	0.018	0.008	1	TRDC	c28
0.355705768328348	-0.175544006730473	0.118	0.148	1	POLDIP2	c28
0.324320673832557	0.175417430043914	0.106	0.086	1	SMARCD1	c28
0.530332017843441	0.175398682767486	0.141	0.131	1	LMO4	c28
4.92388729378446e-06	0.175174169458466	0.665	0.494	0.180219198839805	JUNB	c28
0.949033427144147	-0.175170832191976	0.441	0.442	1	HLA-F	c28
0.258646088990315	-0.175142911793241	0.176	0.224	1	NKAP	c28
0.0643560717028338	0.17503678449028	0.282	0.231	1	DENND2D	c28
0.320749534998526	-0.174329705163578	0.241	0.285	1	MRPS18B	c28
0.994535854679715	-0.17430738598975	0.094	0.096	1	YY1AP1	c28
0.274044447140051	0.17403833175618	0.018	0.009	1	TRGV2	c28
0.561761995798787	-0.173827769439253	0.018	0.025	1	RCCD1	c28
0.0426896271905531	0.173769375947708	0.247	0.189	1	RASSF1	c28
0.341378199470964	-0.173632327083913	0.012	0.023	1	LBX2-AS1	c28
0.781934164305268	0.173302074260111	0.024	0.021	1	AP005019.1	c28
0.0835806438076203	0.173129035106156	0.253	0.204	1	MFNG	c28
0.0593943755857936	-0.173031171521178	0.018	0.05	1	FPR2	c28
0.660105719466201	-0.172931437669013	0.035	0.03	1	CIDEB	c28
0.116805098389947	-0.172893365085919	0.076	0.121	1	PEX2	c28
0.828585549140336	-0.172845848847489	0.024	0.021	1	ZNF789	c28
0.269666758279438	-0.172654567202369	0.159	0.13	1	CCSER2	c28
2.71452766982481e-06	0.172421654973461	0.824	0.526	0.099354427243258	GRN	c28
0.339334689415447	-0.172330352315191	0.2	0.237	1	GPD1	c28
0.242076114467169	-0.172323635265382	0.506	0.462	1	LEPROTL1	c28
0.734923360581519	0.172314112608774	0.029	0.026	1	HIST1H2BC	c28
0.684321169532593	0.172276483793671	0.076	0.088	1	TPM1	c28
0.878602759027125	-0.172178560590746	0.2	0.211	1	IAH1	c28
0.203313629568532	0.172062583403978	0.171	0.142	1	SLC25A46	c28
0.488561815443256	-0.172047463101382	0.059	0.047	1	VCPKMT	c28
0.854169390635877	-0.17197872232939	0.082	0.088	1	GCDH	c28
0.855642943598205	0.171965044308886	0.1	0.108	1	AARSD1	c28
0.551286695167645	0.171962734946526	0.159	0.147	1	ESF1	c28
0.70979519970646	0.171962540004649	0.182	0.181	1	ALDH9A1	c28
0.986566095143993	-0.171925917653738	0.041	0.041	1	PPRC1	c28
0.646302219524999	0.171757792599336	0.059	0.069	1	POLB	c28
0.499149559375216	0.171744309802352	0.006	0.011	1	SAMD13	c28
0.726111832510168	0.171690596650661	0.153	0.15	1	IKBKG	c28
0.264792991621659	0.171528356636166	0.165	0.14	1	PTPRA	c28
0.395970323884955	-0.171499524861731	0.124	0.152	1	TNIP2	c28
0.299400957875821	-0.171478055464659	0.088	0.118	1	HSD17B8	c28
0.646591000474497	-0.17142961145752	0.041	0.035	1	ABITRAM	c28
0.00435345329098487	0.171394574228701	0.1	0.051	1	TNFRSF4	c28
0.833738443384495	-0.171372059327501	0.035	0.033	1	GTF2E1	c28
0.942511590509197	0.171327956913892	0.141	0.151	1	GALT	c28
0.403942209151756	0.171263663253375	0.112	0.095	1	SMC2	c28
0.00161913648638683	-0.17124125832982	0.124	0.239	1	BTF3L4	c28
0.181787280546149	0.171154693207559	0.135	0.106	1	COIL	c28
0.109098058268825	-0.171152090616819	0.165	0.12	1	PSTPIP1	c28
0.659880728702305	0.171135773137479	0.059	0.069	1	RNASEH2A	c28
0.0411652528627183	0.171059463008583	0.071	0.039	1	OXCT1	c28
0.206066338043214	-0.171039455137673	0.024	0.044	1	DNAJC14	c28
0.174445396547428	-0.171031389984032	0.206	0.27	1	TRAPPC3	c28
0.565729318178893	-0.171004453931342	0.071	0.061	1	SLC25A25	c28
0.0848503598523958	0.171003965615822	0.076	0.048	1	FOXO1	c28
0.0430981327546838	0.170935795073766	0.288	0.229	1	YME1L1	c28
0.316846449469439	0.170821342730079	0.288	0.268	1	PSMD2	c28
0.205246489802426	-0.170681546595736	0.041	0.067	1	NMD3	c28
0.416466475305279	-0.170674236459635	0.253	0.297	1	MGMT	c28
0.94967786816027	0.170671114432882	0.159	0.168	1	RFXANK	c28
0.628536634575343	-0.170647609688652	0.982	0.905	1	RPL18	c28
0.116028457956907	0.170544340126062	0.029	0.015	1	TRBV24-1	c28
0.883976573026778	-0.17047115378671	1	0.93	1	RPL19	c28
0.213720928083488	0.170435821173047	0.218	0.189	1	PAGR1	c28
0.959270697520384	-0.170417532030127	0.088	0.091	1	CIAPIN1	c28
0.149668325968246	0.170413023291213	0.265	0.227	1	TSC22D4	c28
0.146463568412752	0.170254921614259	0.1	0.072	1	RSAD1	c28
0.991315711720224	0.17015524464981	0.118	0.123	1	HDDC3	c28
0.937899320590818	0.16991732135488	0.012	0.011	1	FAM161A	c28
0.856891280399939	-0.169906487912087	0.065	0.062	1	FAM153CP	c28
0.504738365035279	-0.169866211943431	0.853	0.784	1	RPL7	c28
0.866541214670263	-0.169847533956155	0.247	0.252	1	DARS	c28
0.111169023967937	0.169732670556467	0.276	0.238	1	ZFR	c28
0.109065831682209	-0.169702385811519	0.212	0.159	1	C12orf75	c28
0.0878270713777254	-0.169610688272585	0.059	0.101	1	TMEM220	c28
0.53608584002564	-0.169565667775021	0.106	0.125	1	THAP4	c28
0.173444944851957	0.169562493994295	0.088	0.063	1	COQ8A	c28
0.393464207086393	-0.169401313306605	0.024	0.015	1	ABCB1	c28
0.311710083212234	-0.169134825517027	0.047	0.068	1	EIF1AD	c28
0.459069338849137	-0.168735062885256	0.071	0.089	1	OAT	c28
0.232907591182707	0.168643140019303	0.041	0.065	1	FHL3	c28
0.934422339146181	0.168459994736221	0.1	0.105	1	COQ10B	c28
0.835600532435116	-0.168409537564468	0.024	0.021	1	ZNF526	c28
0.798168750149294	0.168175030419774	0.053	0.05	1	UEVLD	c28
0.929248499324019	0.168005254193498	0.035	0.037	1	N6AMT1	c28
0.418085482401754	-0.167985510723231	0.012	0.021	1	ZNF296	c28
0.861571140913122	0.167854517891885	0.035	0.038	1	MAK16	c28
0.001518691583786	0.16781648840125	0.241	0.151	1	PARP8	c28
0.877777115473751	0.167669774943994	0.024	0.022	1	PHC1	c28
0.139348944131699	-0.167663907890174	0.141	0.195	1	GMPR2	c28
0.689311441695344	-0.167517903529189	0.1	0.092	1	INO80	c28
0.864845117281108	0.167412377205221	0.018	0.016	1	NR4A1	c28
0.68632921417434	-0.167337748087977	0.265	0.259	1	DNAJC1	c28
0.000894396454751305	0.167293082533824	0.324	0.214	1	IL16	c28
0.104486324241861	0.167197211224596	0.282	0.237	1	MAX	c28
0.965086833031319	0.167139000726555	0.029	0.03	1	ISYNA1	c28
0.950296657870322	0.167134740145471	0.1	0.104	1	COASY	c28
0.844337773258325	-0.167019828311729	0.194	0.195	1	GTF2F1	c28
0.483177883876042	0.167008921519246	0.047	0.062	1	ARSB	c28
0.606826012504684	-0.16672619937742	0.318	0.34	1	CAT	c28
0.00512775517419046	0.166632039783394	0.065	0.028	1	TRGV9	c28
0.461601812609375	-0.166544802722172	0.165	0.196	1	CCS	c28
0.372791856076503	-0.16647856740209	0.935	0.866	1	RPS9	c28
0.323817542175128	0.166452975204322	0.076	0.06	1	DUSP18	c28
0.508749666943574	0.166441031797909	0.035	0.047	1	DHRS9	c28
0.485751347708241	-0.166317066421477	0.2	0.231	1	IRF2	c28
0.145811267836047	0.166297053761237	0.059	0.038	1	SCLY	c28
0.820912851500391	-0.166276481386708	0.2	0.215	1	RRP7A	c28
0.719685631564069	-0.166179901415185	0.271	0.266	1	EAPP	c28
0.224707266452221	0.166117894267676	0.176	0.148	1	TOR1AIP1	c28
0.741648405789634	-0.166068537425476	0.012	0.015	1	WDCP	c28
0.436366795568741	-0.166046891036533	0.065	0.051	1	DDHD2	c28
0.249550392795221	0.166029952687904	0.229	0.203	1	SHOC2	c28
0.519924216526023	0.16577579073478	0.082	0.071	1	BLMH	c28
0.656094367897024	-0.16575003887953	0.388	0.401	1	UPP1	c28
0.193964660079913	-0.165732917020836	0.053	0.083	1	IER5	c28
0.176132296273344	0.165717980301903	0.341	0.308	1	EMC10	c28
0.16294697041018	0.165704928766269	0.259	0.225	1	PCGF5	c28
0.81083600554253	0.1656234138392	0.129	0.126	1	ERG28	c28
0.221679543267972	-0.165550948743687	0.106	0.145	1	ARMCX6	c28
0.15676770329789	0.165414861520368	0.029	0.016	1	BICRA	c28
0.89140642255278	0.165371670561121	0.035	0.038	1	NCKIPSD	c28
0.719735100015368	0.165321338120477	0.047	0.042	1	RGL2	c28
0.349151406468414	0.165253045419644	0.065	0.088	1	POLR3H	c28
0.148542739757267	0.16519863152728	0.006	0.022	1	TAF9B	c28
0.0122274679048495	0.164952642139877	0.206	0.14	1	IRAK4	c28
0.302337142776194	-0.16491341294751	0.994	0.923	1	RPS27	c28
0.146478758553132	0.164571195739018	0.353	0.313	1	OS9	c28
0.3393117919754	0.16442493377168	0.271	0.254	1	CPNE3	c28
0.0132431755606899	0.164312629061679	0.188	0.127	1	HIPK3	c28
0.130254918596735	0.164007749496129	0.194	0.154	1	SNHG12	c28
0.451880019044941	-0.16396880000692	0.135	0.159	1	ORAI1	c28
0.624655698613001	0.163818886985032	0.129	0.123	1	SCFD1	c28
0.587516329324204	0.163793110727454	0.235	0.23	1	AATF	c28
0.997992439212445	0.163728308403201	0.029	0.03	1	FAAP100	c28
0.666202358937533	-0.163464246655648	0.259	0.287	1	BAG1	c28
0.321354674519694	-0.163346356270165	0.106	0.137	1	DCPS	c28
0.340023224228656	-0.16333692426202	0.324	0.375	1	CNPY3	c28
0.0509895689655543	-0.163226461373285	0.465	0.376	1	SLC9A3R1	c28
0.954065829424873	0.163114428862767	0.1	0.101	1	SLC1A5	c28
0.431182226621643	-0.163093851695996	0.1	0.083	1	SGTB	c28
0.547601232289904	-0.162986038343901	0.394	0.375	1	M6PR	c28
0.917260407423204	0.162890587379549	0.018	0.017	1	CNNM3	c28
0.00144857989058	0.162789419657428	0.071	0.029	1	TTN	c28
0.223112240693939	-0.162703272990692	0.076	0.055	1	ANKRD13C	c28
0.979167529761895	0.162579613632549	0.206	0.224	1	FEZ2	c28
0.163677820887436	-0.162430414535014	0.429	0.386	1	PPP1R2	c28
0.00254962015721593	-0.162158058218437	0.171	0.097	1	BIRC3	c28
0.0543089357030117	-0.162123835145927	0.053	0.028	1	TRAV8-4	c28
0.492805540957746	0.162033323614471	0.147	0.135	1	PRRC1	c28
0.830320923542879	-0.161997297934098	0.182	0.195	1	BCCIP	c28
0.0912403001313697	-0.161670768784905	0.059	0.101	1	YIPF6	c28
0.00596585565236657	-0.161620359596178	0.112	0.059	1	TNFRSF25	c28
0.0156528155961944	0.161594060262782	0.324	0.242	1	CDC42SE1	c28
0.7274837201354	0.161559146629865	0.159	0.177	1	WIPI2	c28
0.709379331934331	-0.161218347009766	0.547	0.554	1	MTDH	c28
0.433356142117856	-0.161159494755593	0.082	0.068	1	CDC37L1	c28
0.505766306013856	-0.161114177298346	0.088	0.107	1	LTV1	c28
0.129364720067774	-0.161077727289783	0.065	0.041	1	USP20	c28
0.728587291970745	-0.160768074818686	0.124	0.136	1	EXOSC7	c28
0.928543571730011	0.160732948368493	0.047	0.046	1	PGRMC2	c28
0.172773487490133	-0.160683401324104	0.165	0.215	1	PSMD14	c28
0.934918021721338	-0.160477898556723	0.9	0.847	1	RPL24	c28
0.627628949820424	-0.160318501172523	0.2	0.228	1	DHPS	c28
0.261401620304389	-0.160211813097804	0.047	0.071	1	FECH	c28
0.782654183414357	0.160013514717836	0.106	0.103	1	ALKBH3	c28
0.16103175575348	0.159845142071922	0.276	0.242	1	TGFBI	c28
0.740412896379333	-0.159450277747502	0.182	0.2	1	DNPEP	c28
0.359461563677489	-0.15944999849835	0.147	0.181	1	EIF2S1	c28
0.075289093867845	-0.159385994833987	0.253	0.331	1	C20orf27	c28
0.20075042569148	-0.159363056461524	0.006	0.02	1	FBXW9	c28
0.786505467876444	0.159234431929648	0.012	0.014	1	ZNF133	c28
0.472777510340543	0.159112178415708	0.071	0.088	1	RAB35	c28
0.978882737056825	0.159041926090769	0.065	0.066	1	GPN2	c28
0.673954606711218	0.159037810922244	0.241	0.266	1	CD55	c28
0.121043014867289	0.159003068395397	0.412	0.361	1	JAML	c28
0.935240161930551	-0.158933797951048	0.094	0.093	1	R3HDM1	c28
0.0808089661896206	0.158713401583898	0.135	0.097	1	MED1	c28
0.00236423395991387	0.158455419032646	0.553	0.461	1	APBB1IP	c28
0.298443800449263	-0.158352292647899	0.053	0.037	1	CEP68	c28
0.521428298479823	-0.158234585271467	0.159	0.185	1	NMI	c28
0.0103776081794802	0.158129001561694	0.594	0.49	1	TAX1BP1	c28
0.242239668320966	0.157965280419487	0.041	0.064	1	CCNY	c28
0.686472372367923	-0.157932757661414	0.118	0.131	1	NSMCE4A	c28
0.862516674475754	-0.157805531245665	0.176	0.175	1	SMAP2	c28
0.921186220442728	0.157638280303951	0.065	0.064	1	MCCC2	c28
0.189998691332477	0.157565678141896	0.082	0.059	1	MRPS27	c28
0.463253747286634	-0.157561111170959	0.559	0.52	1	PDIA3	c28
0.119420569842868	0.157396919759471	0.294	0.254	1	RBBP4	c28
0.085021934296367	-0.157290601165364	0.047	0.086	1	RIPK3	c28
0.0798952991665143	0.157229885286135	0.082	0.052	1	SYT11	c28
0.34232514380338	0.157211589661972	0.141	0.122	1	ACLY	c28
0.92907447782259	0.157176854466659	0.029	0.029	1	MLYCD	c28
0.162889985087172	0.15705579669627	0.329	0.303	1	IRF9	c28
0.697289501963084	-0.156827845124449	0.047	0.055	1	MCEE	c28
0.238570247169593	-0.156790049531358	0.059	0.041	1	TRMT13	c28
0.633795845408137	0.156783673951788	0.071	0.063	1	HGSNAT	c28
0.416816935212778	0.156643425822153	0.112	0.096	1	GAR1	c28
0.491360193314371	-0.156529990472208	0.112	0.134	1	MOB3A	c28
0.0688695974149177	0.156474803432232	0.294	0.243	1	SUN2	c28
0.0418583428659196	0.156435448284139	0.041	0.019	1	TRBV5-6	c28
0.861865505820796	-0.156402116553075	0.994	0.939	1	RPS8	c28
0.715051101124785	-0.156397328633914	0.171	0.188	1	TSSC4	c28
0.0291097493136298	0.156177116240584	0.606	0.546	1	MSN	c28
0.438072578620591	-0.156134139816964	0.029	0.042	1	PPM1N	c28
0.931418516940739	-0.156133397463724	0.176	0.182	1	SMNDC1	c28
0.0735238972475568	-0.156122378268911	0.094	0.06	1	TRIM59	c28
0.169413681719939	0.1560890781788	0.041	0.07	1	FAH	c28
0.227803208676665	0.155966296042177	0.276	0.244	1	LRP10	c28
0.267560998740308	0.155846086407617	0.047	0.032	1	HINFP	c28
0.000575094850022314	0.155810586181877	0.159	0.084	1	SLC4A7	c28
0.0461568805832692	0.155789807788346	0.165	0.117	1	PITPNC1	c28
0.870349236565603	0.155689315953887	0.235	0.246	1	LIMS1	c28
0.491713702150535	0.155644326456504	0.247	0.237	1	EGLN2	c28
0.892036734522254	-0.15560716516137	0.065	0.063	1	KIF20B	c28
0.609722766463248	-0.155404759673284	0.024	0.018	1	CCR10	c28
0.352520453147985	0.155381448294773	0.041	0.06	1	TBC1D10B	c28
0.0373186511918253	0.155185300136423	0.165	0.116	1	METTL17	c28
0.314825060970064	-0.155063817617744	0.029	0.046	1	CENPBD1	c28
0.177428708770296	0.155013783800555	0.035	0.021	1	SPATS2	c28
0.354107137866807	0.154915159170646	0.018	0.03	1	DECR2	c28
0.232982311597446	0.154795196965417	0.006	0.018	1	KIAA1522	c28
0.919313393307346	-0.154727639797599	0.529	0.535	1	EIF3E	c28
0.974955533480745	-0.154687657900984	0.247	0.259	1	FBXW5	c28
0.552282671632743	-0.154647027003937	0.071	0.085	1	RNF40	c28
0.0789041834682429	0.154607396753517	0.206	0.16	1	MAN1A2	c28
0.938414349455428	-0.154604246874688	0.259	0.266	1	EIF4H	c28
0.379607234838704	0.154573064513152	0.047	0.035	1	LZTR1	c28
0.694874817049167	-0.154474823834833	0.306	0.297	1	DNAJB1	c28
0.353299857394441	-0.154422954732064	0.053	0.073	1	GATC	c28
0.681728804501411	0.154251869846524	0.029	0.025	1	TTLL12	c28
0.721218410233979	0.154025551544779	0.012	0.015	1	RCAN1	c28
0.208851764178929	-0.15400230689869	0.165	0.216	1	ARSA	c28
0.130558624228203	0.153972509611275	0.141	0.107	1	COX19	c28
0.267458258845598	0.153842671988017	0.029	0.018	1	NHSL2	c28
0.0003526369094845	0.153766751908914	0.376	0.26	1	ZRANB2	c28
0.438091190798054	0.153760248505689	0.129	0.114	1	NME6	c28
0.11561640185334	-0.153454428738029	0.059	0.095	1	KLF4	c28
0.102192882757032	0.153413190485264	0.229	0.188	1	CCDC59	c28
0.899606608777712	-0.15340583674151	0.176	0.188	1	ATL3	c28
0.851879198246355	-0.15325519814177	0.053	0.05	1	SLC25A51	c28
0.894102890907784	0.153197080135661	0.212	0.221	1	NSFL1C	c28
0.438819973953683	0.153181796413288	0.082	0.069	1	AP3S2	c28
0.958238476245501	-0.153169857694994	0.147	0.154	1	BLOC1S6	c28
0.429515919330609	-0.153154225888435	0.1	0.125	1	TMED7	c28
0.863773581214223	0.153003009511138	0.124	0.123	1	KDSR	c28
0.691020338934163	-0.152845701319048	0.153	0.144	1	TBCC	c28
0.0749607224078755	-0.152747239464952	0.012	0.038	1	TMEM255B	c28
0.343234402566108	0.152691697564759	0.159	0.138	1	NOC2L	c28
0.590700042843035	-0.152625634358138	0.959	0.877	1	RPS16	c28
0.923372368901914	0.152536352810229	0.118	0.12	1	NELFCD	c28
0.376870855351047	0.152481422432704	0.041	0.058	1	CTSO	c28
0.0634165107285817	0.152413646710086	0.094	0.061	1	SPAST	c28
0.163912592124378	0.152353858668078	0.147	0.116	1	TMEM106B	c28
0.932352222873118	-0.152118258772641	0.253	0.265	1	CALCOCO2	c28
0.673799276393243	-0.151944548459173	0.018	0.014	1	NOMO2	c28
0.335411818340281	-0.151910310950774	0.129	0.164	1	MCRS1	c28
0.528173536172557	-0.15185222797536	0.041	0.053	1	H1F0	c28
0.00949232768459596	-0.151746864144314	0.106	0.194	1	FPR1	c28
0.0389200820958923	-0.151645637030859	0.082	0.048	1	HIVEP2	c28
2.43986500617926e-06	-0.151545290872983	0.365	0.189	0.0893014990911671	TRAC	c28
0.422609908196091	0.151520105992329	0.129	0.112	1	NT5DC1	c28
0.00752449846501681	0.15146509991997	0.165	0.102	1	NDE1	c28
0.265911207557328	0.151400210363905	0.035	0.023	1	TRGC2	c28
0.152197786725343	0.151304410572817	0.053	0.033	1	ARSK	c28
0.9486151760079	0.151203500750706	0.088	0.093	1	SIRT6	c28
0.0474722806368341	-0.15108102145103	0.212	0.292	1	AGPAT2	c28
0.781423334680715	0.151070646604842	0.065	0.072	1	MED21	c28
0.750950529680721	-0.15106045467273	0.047	0.042	1	FEN1	c28
0.00728779097150436	-0.151007008819985	0.082	0.165	1	DOK1	c28
0.0154285667174138	-0.150943226786084	0.606	0.47	1	PLAAT4	c28
0.135454179036272	-0.150805422452943	0.753	0.636	1	LSP1	c28
0.818464028863011	-0.150738428190423	0.1	0.108	1	UQCC3	c28
0.781061489228795	-0.150729045552803	0.276	0.28	1	VPS36	c28
0.222401434513282	0.150708189835661	0.065	0.096	1	ORAI3	c28
0.913790708792095	0.150600745993301	0.018	0.019	1	BLM	c28
0.481882222323457	-0.150542065454356	0.106	0.127	1	GPATCH4	c28
0.324704849663704	0.150404660251277	0.118	0.098	1	NCOA1	c28
0.516325041820667	-0.150264025949571	0.094	0.113	1	YEATS4	c28
0.694048542757717	0.150174890782696	0.141	0.162	1	ELP5	c28
0.59675783708165	0.150140278207402	0.112	0.132	1	FAM120AOS	c28
0.0975271566345171	0.149984674704712	0.094	0.063	1	STAT5B	c28
0.685421211713494	-0.149963610057873	0.065	0.074	1	EEF1AKMT2	c28
0.734373788906891	0.149821998607197	0.141	0.137	1	POLD2	c28
0.973988641512751	-0.149666411776415	0.012	0.012	1	DZANK1	c28
0.679418929516598	-0.149513044096971	0.706	0.663	1	GSTK1	c28
0.515950954160626	-0.149460310177737	0.059	0.048	1	NDUFAF6	c28
2.14596501525291e-05	0.149374660478604	0.847	0.735	0.785444655232717	PTPRC	c28
0.559591050313976	0.149316918043683	0.018	0.025	1	IMPA2	c28
0.602990333189059	-0.149188041147562	0.994	0.962	1	RPL41	c28
0.905700711392578	0.149172171774716	0.088	0.093	1	KIAA1191	c28
0.34534770608452	0.149147334104108	0.018	0.03	1	CAMK1	c28
0.574224552403005	-0.149141257164261	0.312	0.353	1	PAIP2	c28
0.00424192463925808	0.14913451844527	0.276	0.193	1	RFC1	c28
0.773210583631079	0.149126808732951	0.024	0.021	1	BCL6	c28
0.000434044874473522	0.149047548517521	0.124	0.059	1	KDM5D	c28
5.16920061439312e-06	0.148871091296185	0.659	0.399	0.189197911687403	CD48	c28
0.313574663325165	-0.148856106346322	0.212	0.184	1	UPF3A	c28
0.657717554016828	0.148593061093903	0.124	0.143	1	HAUS2	c28
0.129411328369918	-0.148578888324123	0.129	0.183	1	AASDHPPT	c28
0.00820342231671114	0.148570993662508	0.2	0.132	1	SMC5	c28
0.207917177516693	0.148464530124588	0.176	0.147	1	PPP2R5E	c28
0.194741488950485	0.148363225816355	0.047	0.03	1	LDOC1	c28
0.222568495273721	0.148338887176565	0.124	0.098	1	SLC30A9	c28
0.598476236043549	-0.148303195273914	0.194	0.181	1	RBM4	c28
0.680478239798164	0.148269291177451	0.241	0.241	1	CNDP2	c28
0.113353020160741	0.148117962022387	0.041	0.023	1	USP53	c28
0.78678354868185	0.148063137189136	0.035	0.04	1	NOL4L	c28
0.648886007798364	-0.147970645840758	0.206	0.229	1	USP16	c28
0.555009301322806	-0.147937843799984	0.329	0.36	1	OXA1L	c28
0.475002918259106	-0.147837008182534	0.071	0.057	1	TRAV26-1	c28
0.544086727650222	0.147740161226707	0.124	0.146	1	AXL	c28
0.141738419078567	-0.147724081032773	0.012	0.032	1	HES2	c28
0.260759629762011	0.147635541912366	0.147	0.122	1	SUPT20H	c28
0.3917729709568	0.147574487137214	0.006	0.014	1	BRMS1L	c28
0.0605806306439353	-0.14753119657074	0.024	0.058	1	PARAL1	c28
0.198614319335576	0.1473278125645	0.141	0.113	1	DDX23	c28
0.0104604936304677	0.147191987568242	0.459	0.382	1	THRAP3	c28
0.458965517377731	-0.146970536213617	0.171	0.202	1	NARS	c28
0.0133860975847398	0.146969990002399	0.3	0.226	1	ZNF24	c28
0.207471718730734	0.146861111419265	0.253	0.223	1	SLC66A3	c28
0.188861573063707	0.14685504443166	0.053	0.035	1	FBXO31	c28
0.701128343864282	0.146798114379302	0.153	0.176	1	PTPN18	c28
0.727063755535691	0.146743764158606	0.076	0.071	1	SH2D3C	c28
0.732500741786674	-0.146696193949713	0.082	0.091	1	TBC1D17	c28
0.354850777672476	-0.146575532828843	0.112	0.143	1	PGM1	c28
0.197813569183661	0.146500258053076	0.041	0.026	1	TCP11L1	c28
0.716617548309356	-0.146479967679046	0.041	0.036	1	MSTO1	c28
0.0961752887064047	-0.146396715147034	0.035	0.069	1	SUCNR1	c28
0.288207412086397	0.146393636350218	0.047	0.033	1	IKZF5	c28
0.409198873297509	-0.146021222787218	0.059	0.046	1	SMYD3	c28
0.304588253142886	-0.145992210616019	0.059	0.082	1	NUP37	c28
0.290416104057727	-0.145974497763776	0.129	0.104	1	LDLRAP1	c28
0.639731206391915	-0.145926547181397	0.053	0.046	1	TRAF3	c28
0.233773433427664	-0.145895014947096	0.159	0.128	1	PCIF1	c28
0.611301393121395	-0.145886681816894	0.094	0.11	1	DHRS1	c28
0.28933802257234	-0.145862182824087	0.076	0.105	1	PAK1	c28
0.698283447318506	0.14581340224494	0.088	0.083	1	LYRM4	c28
0.5051014268434	0.145755610728615	0.265	0.257	1	KAT8	c28
0.908896178975356	-0.145412624365981	0.047	0.046	1	FAM53C	c28
0.785665925253372	0.14537536922934	0.053	0.049	1	SLC35E1	c28
0.456427076981051	0.145365148952282	0.218	0.206	1	TOMM40	c28
0.0143790674025703	0.145342246003488	0.235	0.168	1	POLR2B	c28
0.0691217854756118	-0.145291841186344	0.041	0.081	1	LRRC25	c28
0.5912277410989	0.145018259508652	0.018	0.024	1	AL451123.1	c28
0.627007446182432	0.14491388161801	0.041	0.05	1	AKR1C2	c28
0.931335200163064	0.144900207409147	0.024	0.025	1	PEX5	c28
0.990583420918621	-0.144848939830544	0.171	0.174	1	MRFAP1L1	c28
0.0438269079726937	-0.144679174427033	0.771	0.678	1	ZFP36L2	c28
0.490816239006707	0.144587805029345	0.188	0.176	1	PUM1	c28
0.0842922336961765	-0.144511748838647	0.106	0.071	1	PRPSAP2	c28
0.12429176565636	-0.144502980500006	0.2	0.267	1	SPINT2	c28
0.728824976505134	0.144423547112494	0.041	0.037	1	JHY	c28
0.66226053582477	0.14422481790389	0.047	0.056	1	MAPK7	c28
0.218972061114263	0.144205673599308	0.147	0.196	1	PSMD12	c28
0.20899615839744	0.144098292094894	0.194	0.163	1	SRSF1	c28
0.359937227722907	0.143978392219965	0.041	0.029	1	MXI1	c28
0.92196017826085	0.143795191656891	0.106	0.106	1	MCM5	c28
0.45064973668035	-0.143720079512883	0.012	0.007	1	DAPK2	c28
0.965442969998018	-0.14356587725893	0.041	0.042	1	UCK1	c28
0.0166259257275907	0.143530335063165	0.3	0.218	1	CDKN1B	c28
0.354718165153434	-0.143300649728946	0.006	0.014	1	SLC12A4	c28
0.82819888399851	-0.143203596029205	0.935	0.876	1	RPL17	c28
0.459107377478973	0.143182596132649	0.018	0.027	1	SUOX	c28
0.48652519044079	0.143121015859448	0.059	0.076	1	PLPP3	c28
0.973968079864519	-0.143026536155118	0.306	0.316	1	ZBTB8OS	c28
0.0518461916439684	0.143013463318828	0.282	0.227	1	MZT2B	c28
0.719671918843908	-0.142938894773684	0.065	0.059	1	KIF3A	c28
0.161862143539741	-0.142894192230434	0.376	0.334	1	KRAS	c28
0.742145979571597	-0.142792281630618	0.024	0.02	1	EIF2AK3	c28
0.722641006285791	-0.142762682450964	0.012	0.015	1	EID2	c28
0.361107122895376	0.142581659540141	0.465	0.452	1	DEK	c28
0.743228380707702	-0.142465983030421	0.1	0.094	1	STYX	c28
0.250121608908326	-0.142407010299103	0.441	0.4	1	IRF1	c28
0.591405971657209	0.142345723017989	0.241	0.241	1	SMIM7	c28
0.487771677268556	0.142232383914534	0.018	0.012	1	GRAP	c28
0.661230770895981	0.142165617872448	0.024	0.019	1	L3MBTL3	c28
0.215575452863916	0.142109420070404	0.176	0.147	1	NARF	c28
0.575757318808438	-0.142013866618606	0.259	0.279	1	HCK	c28
0.523474991402792	0.141815528337849	0.041	0.033	1	ZNF490	c28
0.0649988345757908	0.14149312136417	0.406	0.34	1	CYTIP	c28
0.90712413873168	0.141313037479456	0.194	0.2	1	CFAP298	c28
0.603683355260015	-0.14130400034922	0.094	0.109	1	MSMO1	c28
0.0642105215259701	0.141254119799545	0.288	0.229	1	NOP58	c28
0.624702771541577	0.141063039763628	0.018	0.013	1	CCDC15	c28
0.160928892040188	-0.140982492322424	0.106	0.075	1	MEI1	c28
0.676705258428624	0.14086313577902	0.082	0.075	1	MAP4K2	c28
0.74260606641332	-0.140569647007114	0.018	0.015	1	PPP1R3F	c28
0.0843446961481659	-0.140569053984126	0.024	0.054	1	PUSL1	c28
0.289198718456939	0.140302428746005	0.065	0.048	1	DIPK2A	c28
0.211930555931667	-0.140297446004651	0.106	0.146	1	ACADM	c28
0.473617063740697	0.139908133078763	0.141	0.126	1	DUSP11	c28
0.656253846582149	-0.139679277609162	0.206	0.229	1	MAPK1IP1L	c28
0.58425362700312	-0.139620773553943	0.024	0.031	1	DZIP3	c28
0.930551185215017	-0.13944546847413	0.435	0.442	1	RTRAF	c28
0.343136123203921	0.139421556874285	0.082	0.11	1	DHCR24	c28
0.686117991628249	-0.139246059188268	0.194	0.216	1	BECN1	c28
0.0262855400293674	0.139181087290601	0.353	0.284	1	HSPA9	c28
0.145506708151946	0.13915819367336	0.076	0.118	1	ARL11	c28
0.943099526603402	0.139067324711387	0.012	0.011	1	ZNF823	c28
0.475472949192634	0.13905622039627	0.035	0.027	1	SNHG10	c28
0.221394805680549	0.139036470922306	0.065	0.097	1	SLC29A1	c28
0.738981575638944	-0.138965040244531	0.276	0.307	1	ZMAT2	c28
0.788840901780133	-0.138939090975768	0.053	0.058	1	ZNF281	c28
0.35504887806041	-0.138865932724686	0.141	0.176	1	SPATS2L	c28
0.762513465857706	-0.138789158691171	0.2	0.197	1	ADSS	c28
0.417185657387866	-0.138775558543911	0.894	0.805	1	EEF1B2	c28
0.0142883299393619	-0.138766199278955	0.241	0.162	1	OXNAD1	c28
0.48582181791537	-0.138763423105507	0.012	0.007	1	AC021028.1	c28
0.398606123970477	0.138726911565183	0.235	0.22	1	PSMC6	c28
0.749485795729082	0.138637005942022	0.071	0.065	1	PLTP	c28
0.268165989678487	0.138521924833817	0.282	0.26	1	HADHB	c28
0.0884642013025006	0.138520937631275	0.053	0.03	1	LINC02361	c28
0.775627590044072	-0.138485839178998	0.082	0.078	1	ORC4	c28
0.466439154253154	-0.138181730354611	0.035	0.026	1	TRGV7	c28
0.56900570840308	-0.138159043600522	0.188	0.217	1	UBE2K	c28
0.856832270374082	-0.138139746965043	0.029	0.027	1	PATJ	c28
0.823901136467393	0.137982784863333	0.153	0.166	1	AMD1	c28
0.00891382942927203	0.137898876441596	0.094	0.049	1	ZBP1	c28
0.900162481270546	-0.137763737720919	0.459	0.44	1	SERPINB1	c28
0.2935864370216	0.13770041548046	0.029	0.047	1	LZTFL1	c28
0.133068521718068	-0.137658571727114	0.118	0.085	1	BTN3A3	c28
0.659059904385831	-0.137410282027264	0.176	0.168	1	PRKAR2A	c28
0.0326463595833072	0.137403468740064	0.082	0.047	1	MT1E	c28
0.229417160658338	-0.137139177132673	0.147	0.195	1	COMMD5	c28
0.39969599673316	0.137111752624675	0.053	0.071	1	TMEM102	c28
0.151401582067197	0.136848177237556	0.371	0.336	1	HM13	c28
0.00140259491471135	0.136423330437514	0.341	0.236	1	MGAT4A	c28
0.730429938886076	-0.136404133797793	0.029	0.025	1	STK35	c28
0.650256854649347	0.136270734320835	0.135	0.128	1	TRMT1	c28
0.514578118034729	0.136199190231955	0.253	0.248	1	CIAO1	c28
0.137892608796451	-0.136129231647192	0.035	0.064	1	ADGRE1	c28
0.434871930470914	-0.136081261973688	0.435	0.413	1	WAS	c28
0.752077966386361	-0.1359088427832	0.041	0.047	1	RFX1	c28
0.0793695722599331	-0.135636489172979	0.018	0.046	1	NAPSA	c28
0.82343320013722	-0.135574548142908	0.341	0.366	1	POLR1D	c28
0.730463327308075	0.135566309634394	0.035	0.031	1	SAP30L	c28
0.386474127205778	0.13545628782518	0.1	0.083	1	EIF2D	c28
0.653215228724345	-0.135376483632061	0.229	0.221	1	PCED1B	c28
0.175339498710084	-0.135371100541734	0.182	0.237	1	ITPA	c28
0.777472873757629	0.135233566412889	0.129	0.127	1	CCDC6	c28
0.427407816486064	-0.135069522044191	0.994	0.948	1	RPS12	c28
0.683707252294906	-0.135036183040644	0.159	0.178	1	UBE2J2	c28
0.911644013364721	-0.134881561713017	0.518	0.517	1	UBE2D3	c28
0.758012411341548	0.134764490628925	0.018	0.015	1	ZNF707	c28
0.579973576304233	0.134763869154471	0.012	0.017	1	AC008915.2	c28
0.778916591840132	-0.134516379974854	0.088	0.097	1	SCO1	c28
0.509306125459658	-0.134374447780184	0.012	0.019	1	LAMB2	c28
0.363901450113096	0.134338066940321	0.088	0.071	1	TMEM41B	c28
0.456047971082182	0.134143596591313	0.106	0.13	1	CASC3	c28
0.0792436433609483	-0.134080227580178	0.124	0.085	1	TARSL2	c28
0.0854904101590114	-0.133960907351019	0.053	0.095	1	CENPW	c28
0.565674595752881	0.133603444645724	0.159	0.147	1	SLC44A2	c28
0.0919522480664065	-0.133225464923884	0.012	0.036	1	PPP1R16A	c28
0.880290683290498	0.133195519822204	0.135	0.147	1	SEC14L1	c28
0.838191155312891	0.133174914233261	0.012	0.014	1	OTUB2	c28
0.266153493198789	-0.133133757771464	0.112	0.148	1	CEBPG	c28
0.306757874826003	-0.133063904961642	0.035	0.023	1	GSTM3	c28
0.247196063497457	0.133000420643108	0.018	0.009	1	SLC16A13	c28
0.360864281049676	0.132939977585141	0.012	0.022	1	SNX7	c28
0.233398179969654	0.132566020303542	0.247	0.224	1	IMMT	c28
0.259556502552698	0.132509560040432	0.353	0.335	1	KPNB1	c28
0.24183110452556	0.132487027008501	0.118	0.094	1	TCOF1	c28
0.164562013522548	-0.132462196926043	0.259	0.222	1	IVNS1ABP	c28
0.68991175718633	-0.132340524593263	0.941	0.855	1	RPL10A	c28
0.380152284834883	-0.132259758844196	0.006	0.014	1	CD300E	c28
0.537468734683285	0.132256297098713	0.229	0.22	1	HSF1	c28
0.956531669686591	-0.132172520410426	0.035	0.036	1	SUFU	c28
0.943740034686665	-0.13216478821139	0.012	0.011	1	LINC00205	c28
0.308606390793614	0.132132388451179	0.035	0.054	1	TNFRSF12A	c28
0.192547686374241	-0.131943948058998	0.565	0.514	1	SF3B2	c28
0.402420398114927	-0.131853691040459	0.024	0.036	1	DHCR7	c28
0.126096256480821	-0.131829530530245	0.035	0.066	1	ACY1	c28
0.577948056121716	-0.131651053114769	0.059	0.05	1	HMG20A	c28
0.939958828191692	-0.131582578204879	0.1	0.104	1	TMEM167B	c28
0.0132781075978179	0.131582409435709	0.318	0.245	1	TM9SF2	c28
0.116996675452019	-0.131514364556011	0.129	0.185	1	FUCA1	c28
0.688358115401849	-0.13142572190178	0.018	0.022	1	HMGN5	c28
0.737474214094848	0.131394450038013	0.065	0.073	1	SLC35A1	c28
0.067202764602532	0.131324074932717	0.318	0.267	1	BRD2	c28
0.531804998444235	-0.131281038551874	0.976	0.916	1	RPL18A	c28
0.87441327285687	-0.131215661484975	0.024	0.026	1	LANCL2	c28
0.724754125608672	0.130959031497117	0.018	0.014	1	FNTB	c28
0.174614059661607	-0.130854158940738	0.088	0.127	1	UNC119	c28
0.318749540742753	0.130836536645039	0.094	0.075	1	TAF1B	c28
0.905943148079655	-0.130819654666851	0.129	0.13	1	KIAA1143	c28
0.806100188444007	0.13080538799968	0.147	0.147	1	UTP23	c28
0.552998365503439	0.130804907840538	0.012	0.008	1	ZNF512B	c28
0.083261062955637	-0.130769824668711	0.282	0.226	1	NAP1L4	c28
0.971517006106286	-0.13069595375935	0.071	0.07	1	NIPSNAP1	c28
0.103344029491407	0.130637194017256	0.382	0.344	1	NUDC	c28
0.193938407028388	-0.130635705194619	0.053	0.035	1	FOXJ2	c28
0.0355739016440268	-0.130571144200804	0.2	0.138	1	RASAL3	c28
0.945886449131015	-0.130530191724014	0.012	0.011	1	NEDD4	c28
0.116751140306934	0.130410418648537	0.094	0.065	1	SMARCAD1	c28
0.959377032893968	0.130406777214635	0.106	0.109	1	MFAP1	c28
0.240469467423364	-0.130337585451339	0.553	0.507	1	EID1	c28
0.181785826486596	0.130304038794065	0.135	0.106	1	NCBP3	c28
0.42899916962728	-0.130264757044075	0.053	0.041	1	RAB2B	c28
0.91681007547355	0.130256179674275	0.153	0.163	1	KARS	c28
0.566771917580992	-0.130247664322496	0.765	0.722	1	SARAF	c28
0.612010060019274	-0.130081874112764	0.041	0.034	1	VPS33B	c28
0.191873818789172	-0.130014986484016	0.112	0.154	1	EXOSC5	c28
0.460911765980538	0.129887220680116	0.094	0.116	1	ECSIT	c28
0.376246213915369	0.129803324280521	0.024	0.015	1	PLPP6	c28
0.495871698264362	0.129545227749943	0.171	0.156	1	BCL7B	c28
0.254698475365654	-0.129519018904134	0.041	0.063	1	TVP23B	c28
0.406790271012285	0.129215943172346	0.053	0.041	1	SYNJ1	c28
0.250318832024786	-0.129202910704473	0.359	0.326	1	DDX21	c28
0.822008166133712	-0.129174995456059	0.212	0.211	1	IMPDH2	c28
3.71415355267471e-05	0.129058577951295	0.259	0.139	1	FYN	c28
0.987143792129105	-0.128932000760661	0.324	0.333	1	FERMT3	c28
0.045289883078596	0.128924554273655	0.047	0.023	1	TRAV14DV4	c28
0.22191375773552	-0.128781832287119	0.118	0.159	1	SLC39A1	c28
0.219521866189886	0.128600687528394	0.118	0.092	1	ZMYND11	c28
0.172208698701928	0.128571497166919	0.288	0.256	1	RIOK3	c28
0.760036844980011	0.128541303122064	0.018	0.021	1	B3GALT6	c28
0.703816804855865	0.128311431524418	0.159	0.178	1	PPM1M	c28
0.351574368695443	-0.128285936687436	0.2	0.241	1	WARS	c28
0.874919975033875	0.128199347800059	0.182	0.199	1	PCMTD1	c28
0.325659735558699	-0.12811305776281	0.065	0.048	1	PRR5	c28
0.203677023302617	0.128100947477666	0.124	0.17	1	SCIMP	c28
0.680869828170611	-0.128088174894676	0.1	0.093	1	DHX38	c28
0.270502362827149	0.128080149254283	0.141	0.117	1	USE1	c28
0.728505545674742	-0.128055612339735	0.347	0.367	1	CTSA	c28
0.0742956402326861	0.128001967833683	0.218	0.171	1	RBM27	c28
0.660051630830375	0.127723300809664	0.182	0.206	1	PPA2	c28
0.374351370900995	0.127687608562556	0.053	0.073	1	TRIQK	c28
0.305427950688923	0.127494540113632	0.059	0.043	1	THOP1	c28
0.905354418388856	0.127462613487751	0.041	0.044	1	HAUS8	c28
0.124183527459766	-0.127448985159224	0.165	0.224	1	GNS	c28
0.578998941489026	-0.127374785703445	0.2	0.227	1	YTHDF2	c28
0.752382332175613	-0.127348029858734	0.041	0.047	1	AGL	c28
0.607094889372338	-0.127145069079328	0.006	0.01	1	L3MBTL1	c28
0.257270725947058	0.127131096804668	0.341	0.316	1	CAPZA1	c28
0.577190748361617	0.127109574057593	0.1	0.089	1	LNPK	c28
0.165231946932994	0.127108910506187	0.059	0.039	1	ATP11C	c28
0.809834558143678	0.12710514454114	0.141	0.138	1	KLHDC2	c28
0.29675697228752	-0.12684606809711	0.082	0.111	1	DDIT3	c28
0.809336193709625	-0.126833877369599	0.012	0.01	1	RPGRIP1L	c28
0.432463711386432	-0.126770473903451	0.112	0.095	1	FBXO21	c28
0.993680102042164	-0.126745333212479	0.059	0.059	1	THAP3	c28
0.911940604971073	-0.126685444279934	0.1	0.104	1	PIM3	c28
0.544003276152061	-0.12647827192755	0.029	0.022	1	TRAV27	c28
0.141374974470307	0.126475666311495	0.159	0.126	1	ACSL4	c28
0.855333611548802	0.126449941994863	0.012	0.01	1	CDKL3	c28
0.942330096495478	0.126422429043078	0.035	0.037	1	PPP2R1B	c28
0.522727026497081	0.126387767037709	0.088	0.107	1	PPP1R9B	c28
0.093514499440473	0.12638254000514	0.059	0.035	1	TFAP4	c28
0.10680665017783	-0.126289963335204	0.341	0.268	1	GIMAP5	c28
0.00218188691733888	0.126263201602666	0.371	0.243	1	ANXA6	c28
0.884315817611223	0.126030700801661	0.041	0.039	1	KCNQ1	c28
0.341854717818901	-0.125945665031646	0.035	0.024	1	PEAK1	c28
0.975575114950567	-0.125899096657179	0.024	0.024	1	ZSCAN2	c28
0.54343494848383	0.125811462587278	0.024	0.017	1	KIFC2	c28
0.57366617044573	0.125804185374033	0.176	0.167	1	PDHB	c28
0.542437868452554	0.125739442084856	0.1	0.088	1	RPRD2	c28
0.687850152214808	0.125604303048536	0.053	0.062	1	ISOC1	c28
0.489370611281805	-0.125603324609761	0.035	0.047	1	MEF2D	c28
0.998843791172209	-0.125460510468701	0.035	0.036	1	C22orf34	c28
0.0853368869675145	-0.125404696156838	0.135	0.2	1	DPYSL2	c28
0.912648264881307	0.125256637506808	0.024	0.025	1	ZNF528-AS1	c28
0.923755125061016	-0.125207008531935	0.012	0.011	1	LINC00954	c28
0.326496505788545	-0.125206195367338	0.112	0.089	1	SVIP	c28
0.00177953726892946	-0.125156060810621	0.359	0.225	1	CD247	c28
0.698548255530083	0.125147661439362	0.147	0.142	1	UBE2G1	c28
0.85986392790487	-0.124841488858935	0.182	0.184	1	CHCHD7	c28
0.610777605757067	-0.124788305127633	0.106	0.123	1	DESI2	c28
0.931964029187347	0.124761774397694	0.053	0.055	1	ADCK2	c28
0.471748552755617	-0.124734932749829	0.265	0.245	1	ARF6	c28
0.269492374246176	-0.124724779659219	0.071	0.052	1	EXOC8	c28
0.0867415080719207	0.124652389956629	0.076	0.125	1	DHRS3	c28
0.665916877562324	0.124452870853621	0.035	0.03	1	CEP85	c28
0.17593819351339	-0.124436550517559	0.035	0.061	1	SPRYD7	c28
0.797953749819058	0.124387913903257	0.047	0.052	1	FAM234A	c28
0.301975001587917	0.124382457634844	0.182	0.156	1	POLR2C	c28
0.000958988783438841	0.124373684341148	0.094	0.041	1	TESC	c28
0.0102471158927672	0.124305477069166	0.335	0.252	1	PPP2R5C	c28
0.373452407508846	0.124244699105524	0.024	0.037	1	SPA17	c28
0.854286093283392	0.124198992524774	0.1	0.098	1	CWC22	c28
0.567618737455348	0.124177309528093	0.012	0.018	1	MARCKS	c28
0.99808876906216	-0.123998018848856	0.094	0.097	1	TMUB2	c28
0.216213688227177	0.123703842579611	0.012	0.005	1	RNF212	c28
0.154916460906786	-0.123691850090148	0.035	0.063	1	SPATA20	c28
0.755244000083525	0.123665019362587	0.012	0.009	1	AC093249.6	c28
0.242447854050378	-0.123496794658823	0.012	0.026	1	GSTT2B	c28
0.806949022458467	0.123472930285822	0.118	0.129	1	PAIP1	c28
0.460367858246615	0.123141526159536	0.106	0.129	1	KPNA4	c28
0.615764340739127	0.123135450311585	0.006	0.01	1	BMP1	c28
0.00787984994311955	-0.123109868317517	0.141	0.082	1	MLLT3	c28
0.960745604978465	-0.123083855140227	0.441	0.434	1	RAB7A	c28
0.568950417748208	0.123005114042459	0.018	0.025	1	PCOLCE	c28
0.903538220251264	-0.12294043255327	0.953	0.872	1	RPS5	c28
0.568522582785731	-0.122821324576742	0.029	0.038	1	GTPBP1	c28
0.6118538314085	0.122752317927859	0.006	0.01	1	STAP2	c28
0.625434583645655	-0.122477273657769	0.012	0.008	1	ZNF81	c28
0.000695617647780876	0.122238050231155	0.418	0.309	1	PPP1R12A	c28
0.759202421342271	-0.122224600868374	0.024	0.028	1	FAM89B	c28
0.797927237432229	-0.12213871774611	0.124	0.12	1	ARMH1	c28
0.559059158734837	-0.122135716890289	0.559	0.543	1	PTGES3	c28
0.36222245790901	0.121990675318007	0.018	0.03	1	AC067852.2	c28
0.321275505817708	0.12172084827429	0.041	0.029	1	ZFYVE28	c28
0.00258717752994212	-0.121677943204189	0.459	0.299	1	LAT	c28
0.515797158759172	0.121545278203876	0.094	0.114	1	DDX49	c28
0.23258301161013	0.121378697285612	0.012	0.005	1	SLC14A1	c28
0.082235258051197	-0.121364408962887	0.059	0.034	1	ACADSB	c28
0.50839573232498	0.121288313992394	0.006	0.011	1	PCSK9	c28
0.640988292655467	0.121093402664177	0.059	0.052	1	NCAPH2	c28
0.474913201004356	-0.121068013755449	0.194	0.228	1	NGRN	c28
0.856232958620667	-0.120829105133119	0.047	0.045	1	CLUH	c28
0.243928633601748	0.120656828371389	0.071	0.1	1	STX18	c28
0.783263353459094	-0.120619015549412	0.071	0.066	1	OGFOD2	c28
0.646574097541157	-0.120449073365779	0.418	0.439	1	BAX	c28
0.352648589047833	-0.120400569399158	0.012	0.006	1	ARHGAP33	c28
0.462591891824451	-0.120219175836962	0.241	0.275	1	GUSB	c28
0.0564534136373656	0.120105159931245	0.241	0.174	1	SELL	c28
0.00583112068969141	-0.120084867420625	0.159	0.091	1	ITGB2-AS1	c28
0.151212768295119	0.119953952298824	0.047	0.028	1	TRAV38-2DV8	c28
7.5606485433932e-05	0.119937416330346	0.382	0.225	1	ARL4C	c28
0.219487969174561	0.119929624229405	0.141	0.113	1	ADK	c28
0.45870490884602	-0.119897937371912	0.082	0.102	1	TMEM242	c28
0.992396012661416	-0.119713701468412	0.218	0.23	1	FRG1	c28
0.156271484633	-0.119697194195112	0.041	0.07	1	ME1	c28
0.822890059364342	0.119694458649805	0.106	0.104	1	CGAS	c28
0.0133304983643807	0.119471811112248	0.376	0.293	1	SCD	c28
0.0421045942230293	0.119466453287774	0.218	0.165	1	TCERG1	c28
0.925701902428402	-0.119401378207257	0.082	0.086	1	C8orf33	c28
0.968655205656664	-0.119358004373507	0.282	0.297	1	SMAP1	c28
0.89821759397915	-0.119186680458801	0.112	0.118	1	FTSJ1	c28
0.127209992250948	-0.118941034703138	0.582	0.523	1	SEPTIN7	c28
0.339560282190313	-0.118838853774275	0.029	0.019	1	PI16	c28
0.941558766018407	0.11879781858087	0.035	0.037	1	EDC3	c28
0.0016600963754082	0.118757828275352	0.076	0.033	1	TRBV6-5	c28
0.216873000893364	0.11871099052263	0.024	0.013	1	IFFO2	c28
0.0959855063033348	0.118629967855061	0.106	0.073	1	SEC24C	c28
0.882637702743539	-0.118458531349847	0.047	0.05	1	PLEKHB1	c28
0.900336906494887	0.118424034444307	0.071	0.075	1	CRYZ	c28
0.682686591694716	-0.118383849976935	0.441	0.447	1	PTPN6	c28
0.763023707133509	-0.118324641843439	0.035	0.04	1	SLC35A5	c28
0.000635199378744004	-0.118318446365209	0.571	0.35	1	LCK	c28
0.51985174021621	0.118315208282568	0.088	0.106	1	RUVBL1	c28
0.380518844851995	0.118252549201241	0.006	0.014	1	JAG1	c28
0.743493645399833	0.11818211251011	0.012	0.015	1	VAV2	c28
0.33725436535482	0.118179557757524	0.065	0.049	1	CHAMP1	c28
0.597132953238112	-0.118111617845226	0.188	0.176	1	GADD45B	c28
0.357836472947366	-0.118110150071244	0.188	0.231	1	MRPS36	c28
0.70471464147127	0.118021274925836	0.047	0.055	1	CHRNB1	c28
0.0457919382051907	0.118010609531482	0.341	0.286	1	CBX3	c28
0.31053583700603	0.117957164000977	0.147	0.125	1	OSBPL9	c28
0.306698341080716	0.117905428734394	0.171	0.146	1	PIGC	c28
0.0557148977318702	0.117886294889295	0.494	0.404	1	TYMP	c28
0.561561765903323	-0.117714548250976	0.082	0.099	1	TEN1	c28
0.844079976619982	-0.117713140865374	0.071	0.076	1	ABCB7	c28
0.984096100034523	0.117461672047592	0.159	0.169	1	LINC00963	c28
0.322114070289175	-0.11739968077708	0.106	0.139	1	STAMBP	c28
0.799540159906402	-0.117149989757828	0.024	0.027	1	ZNF687	c28
0.39490404390603	0.117114814151421	0.129	0.111	1	PFKP	c28
0.106070315563945	0.116787534635369	0.035	0.018	1	NR1D1	c28
0.73810226845058	0.116652261947011	0.029	0.025	1	MFGE8	c28
0.348966812980904	-0.116551036129713	0.118	0.149	1	PPP2R3C	c28
0.853455278054774	0.116538174408047	0.194	0.211	1	MAPKAPK3	c28
0.409818438189656	0.116474145706587	0.029	0.02	1	TMEM120B	c28
0.994636078712277	-0.116218117617563	0.359	0.37	1	H2AFV	c28
0.251187282488285	-0.116008532963093	0.112	0.085	1	CD40LG	c28
0.00934138614750722	-0.11596232551344	0.194	0.121	1	FKBP11	c28
0.399413357528839	0.115819176141857	0.024	0.016	1	GRAMD2B	c28
0.0873170943812557	-0.115803757104693	0.106	0.162	1	PCK2	c28
0.57300930953348	0.11579566418046	0.212	0.245	1	IFNGR2	c28
0.472350579602675	0.115718117235498	0.018	0.027	1	AC015871.1	c28
0.729762641093679	-0.115597750659933	0.082	0.091	1	PRR14	c28
0.440986392922504	0.115478299336137	0.018	0.028	1	FAM111A-DT	c28
0.133539331949345	-0.115429993308134	0.165	0.221	1	NIFK	c28
0.935579662451301	0.115371070464579	0.141	0.15	1	UROS	c28
0.918945304457838	0.115283061472356	0.018	0.019	1	CHEK1	c28
0.814201880257719	0.115276633630258	0.088	0.096	1	UBL4A	c28
0.236318927916728	-0.11519167964126	0.112	0.086	1	CCDC66	c28
0.06560987348065	0.11502383279228	0.159	0.114	1	MAPRE2	c28
0.666534458606428	0.115016742560608	0.118	0.11	1	TRIM69	c28
0.00180179604201945	-0.115005420954973	0.594	0.458	1	STK4	c28
0.165621018505458	-0.11497195914344	0.106	0.077	1	EXOC2	c28
0.391936329136377	0.114968729680273	0.053	0.04	1	TBCCD1	c28
0.393379619269484	0.114964947179611	0.047	0.035	1	ZNF564	c28
0.740098304511362	-0.114959640940999	0.976	0.9	1	RPLP2	c28
0.144744848498519	0.114892348362896	0.376	0.348	1	EIF5B	c28
0.0676249085533837	-0.114832292564329	0.318	0.245	1	PSIP1	c28
0.331964636585728	-0.114661177459256	0.729	0.665	1	LCP1	c28
0.478335963412926	-0.114647214200552	0.982	0.927	1	RPL32	c28
0.00679387084451636	0.114592333154464	0.088	0.045	1	RANBP6	c28
0.998189581903531	-0.11456393508716	0.347	0.359	1	CCT7	c28
0.927069246458263	-0.114516964036244	0.318	0.327	1	ID2	c28
0.131872319616983	-0.11446982916004	0.188	0.249	1	EDEM2	c28
0.312155943951394	0.114325259424867	0.135	0.113	1	OARD1	c28
0.516954602556771	0.114171995317967	0.012	0.007	1	IRAK2	c28
0.961710207573607	-0.114146388580283	0.088	0.09	1	CBX1	c28
0.0381793550175432	0.1139196562312	0.318	0.256	1	DNMT1	c28
0.7285695654606	-0.113870360839363	0.147	0.139	1	LMF2	c28
0.871601620464441	-0.113811263188901	0.394	0.403	1	SCP2	c28
0.772884396319818	-0.113770955014953	0.388	0.384	1	HSPD1	c28
0.340499980371911	0.113487073731793	0.129	0.107	1	CAMK2G	c28
0.213868692260675	0.113446222645502	0.076	0.055	1	MCCC1	c28
0.954166308025167	-0.113409421055532	0.176	0.184	1	AP1M1	c28
0.961634185773549	-0.113365525045335	0.347	0.361	1	RAB14	c28
0.971169654409797	0.113353926251983	0.082	0.084	1	RCC2	c28
0.89458841427707	-0.1133331622442	0.106	0.112	1	ELP6	c28
0.0923050868911421	-0.113333032808759	0.1	0.154	1	RTCA	c28
0.985865464658282	0.113325778139537	0.2	0.211	1	GPR65	c28
0.194366676061362	0.113291812206176	0.212	0.184	1	COMMD2	c28
0.687742557998754	0.113216700476919	0.124	0.141	1	MAGT1	c28
0.0606890577902284	-0.112861768955075	0.024	0.009	1	KIAA1671	c28
0.00178457736256077	-0.112814716206176	0.188	0.108	1	RASA3	c28
0.383643983274841	0.112801202641918	0.159	0.14	1	HARS	c28
0.154333937530059	-0.112707586661137	0.094	0.067	1	AC079781.5	c28
0.00625371095622029	-0.112556522745099	0.288	0.192	1	DDIT4	c28
0.161039339235529	0.112457151473889	0.082	0.058	1	RNF38	c28
0.14856844659707	-0.112397847922104	0.488	0.448	1	ITGB1	c28
0.0380783837927797	0.112366568940067	0.412	0.355	1	RBPJ	c28
0.963053089419238	-0.112284441000103	0.182	0.187	1	GDI1	c28
0.580020439863616	0.112257152010561	0.076	0.066	1	PNPT1	c28
0.931449152850233	0.112008250281961	0.053	0.052	1	VPS52	c28
0.782334455295264	0.111987434207195	0.024	0.021	1	TSGA10	c28
0.432039864808922	-0.111791772940591	0.029	0.021	1	TTPAL	c28
0.260776083231571	-0.111641737994798	0.112	0.088	1	CBLL1	c28
0.100940406786808	0.111560967733988	0.329	0.287	1	EIF2S3	c28
0.208251117945601	-0.111508914288122	0.088	0.125	1	C11orf1	c28
0.0272659624594614	-0.111479767806583	0.059	0.029	1	HAPLN3	c28
0.970064669050157	0.111420468430047	0.024	0.024	1	PPFIBP1	c28
0.878477728852881	-0.111204713797847	0.4	0.415	1	NOL7	c28
0.350348059286708	0.111046851439136	0.047	0.066	1	GNG12	c28
0.251126609329671	-0.110793107329325	0.082	0.114	1	RPF1	c28
0.485260106109736	-0.110620407286823	0.029	0.041	1	C4orf33	c28
0.407092272867425	-0.110613251174586	0.059	0.078	1	FAM104B	c28
0.920635325659454	0.110560862782226	0.124	0.131	1	MZT1	c28
0.544482355054261	0.110502898048587	0.018	0.012	1	MEGF6	c28
0.00133422590193984	0.110472879102798	0.271	0.173	1	SLC2A3	c28
0.481641390933407	-0.110462007064092	0.165	0.15	1	SLC25A36	c28
0.403438564716717	-0.110315598616033	0.671	0.616	1	SSR2	c28
0.018340586688667	-0.110223376323064	0.124	0.21	1	PARVB	c28
0.767083066455751	-0.110206407961464	0.335	0.34	1	PAPOLA	c28
0.505041292148636	-0.110138544221595	0.147	0.174	1	C15orf40	c28
0.145383311441101	0.110122304310284	0.035	0.064	1	AC105446.1	c28
0.623589287716758	0.110020772107361	0.047	0.057	1	THOC5	c28
0.806965904973339	-0.110007889457221	0.241	0.263	1	SRSF9	c28
0.909685485262471	0.109907622792327	0.018	0.017	1	MAN1B1-DT	c28
0.523762448159372	0.109901491715162	0.047	0.038	1	INTS9	c28
0.339981792342577	-0.109770832808826	0.082	0.065	1	LMBR1	c28
0.367541547536448	-0.109714680183614	0.129	0.162	1	FAM136A	c28
0.617689923847264	0.109604976122162	0.018	0.024	1	ALYREF	c28
0.524913917658875	0.10938529080414	0.147	0.173	1	NEK6	c28
0.620457443931893	-0.109125908828656	0.088	0.079	1	ITGA6	c28
0.651604042587595	-0.109018751256369	0.194	0.189	1	USP14	c28
0.253935712555225	0.109017181763484	0.076	0.11	1	SPINT1	c28
0.148703753789181	0.108929135135529	0.129	0.099	1	CLCN3	c28
0.167171126669773	-0.108925215871393	0.953	0.874	1	RPSA	c28
0.777719185507055	-0.108921010832278	0.2	0.221	1	CIR1	c28
0.65801874081882	-0.108868289088408	0.6	0.57	1	ARF1	c28
1.9266054819522e-06	0.108712749944079	0.488	0.272	0.0705156872449325	SEPTIN1	c28
0.436987482490997	0.108480910438973	0.041	0.031	1	ZNF692	c28
0.811738718480501	0.10841425052504	0.112	0.11	1	CEACAM21	c28
0.863892240010235	0.108275545376702	0.024	0.022	1	EXO5	c28
0.998781006504413	-0.108124402095667	0.041	0.042	1	SLC26A2	c28
0.211236729040829	0.107935619981641	0.029	0.052	1	MLF1	c28
0.445837080456694	-0.107931406755921	0.047	0.062	1	FURIN	c28
0.17102321799239	0.107797753221993	0.024	0.012	1	ZNF827	c28
0.476318359137519	0.107688424460143	0.118	0.103	1	ACBD5	c28
0.146117115203129	-0.107520468335105	0.041	0.072	1	WSB2	c28
0.732538484990294	0.107496783129912	0.035	0.031	1	CCNYL1	c28
0.33781481789639	-0.107485447600308	0.206	0.252	1	MYD88	c28
0.425225500648437	-0.107339467891587	0.006	0.013	1	AC006059.1	c28
0.939945631189575	-0.107305287919429	0.035	0.035	1	AL355001.2	c28
0.734843303095387	-0.107259943875437	0.047	0.042	1	CDCA4	c28
0.785957418251581	-0.107106148370713	0.041	0.037	1	SASS6	c28
0.255452880337311	0.107069691436145	0.2	0.17	1	CFAP97	c28
0.421770419297276	-0.107050831321776	0.059	0.046	1	HAUS6	c28
0.103878724387611	0.106988578269452	0.5	0.447	1	TUFM	c28
0.608296677455815	-0.106946997369948	0.012	0.008	1	PLEKHG2	c28
0.997349184929813	-0.106913715425083	0.071	0.072	1	ARFIP2	c28
0.952191066247682	0.106826675259656	0.024	0.023	1	FLVCR1-DT	c28
0.000115201680980479	0.106778625688554	0.341	0.212	1	TNFAIP3	c28
0.73084748063769	-0.106748711355028	0.147	0.142	1	COA1	c28
0.512006042843941	-0.106663741298869	0.347	0.333	1	CMTM6	c28
0.597855209669899	-0.106584467368852	0.088	0.104	1	CHST11	c28
0.432319385964971	0.106528444201145	0.012	0.007	1	NBL1	c28
0.312306557553788	0.106203133751299	0.059	0.043	1	TENT4B	c28
0.0267959548752185	0.106147473204472	0.329	0.267	1	VPS4B	c28
0.314411337778138	-0.106143421317755	0.212	0.261	1	ADA2	c28
0.649740763396302	0.105965120797689	0.059	0.069	1	METTL3	c28
0.906400354293118	0.10594881877307	0.206	0.22	1	DPEP2	c28
0.520097319187935	-0.105862185180971	0.041	0.053	1	FTO	c28
0.459712969763038	0.105761134623802	0.276	0.254	1	PCOLCE2	c28
8.40675636242131e-05	0.105594918605881	0.412	0.271	1	PIK3R1	c28
0.231520765632585	-0.10557203495423	0.088	0.124	1	MMD	c28
0.423032851736501	-0.105559952280198	0.024	0.016	1	SLC12A2	c28
0.329666558853265	0.1054271412719	0.012	0.006	1	XYLT1	c28
0.957663406105566	0.105127025447807	0.035	0.035	1	LSS	c28
0.497229837166962	-0.105087697227583	0.206	0.243	1	STOM	c28
0.345482058353038	-0.105000853506095	0.118	0.098	1	SACM1L	c28
0.745873838830301	-0.104996284736534	0.159	0.175	1	SDR39U1	c28
0.216213688226615	0.104973753527553	0.012	0.005	1	TMSB15B	c28
0.743216180079462	0.104555990569637	0.018	0.015	1	DDX51	c28
0.932099818393461	-0.104512981444259	0.318	0.335	1	RAB10	c28
0.996692159760493	0.104497324463369	0.029	0.03	1	MIPEP	c28
0.206682436933391	0.104484811739215	0.335	0.309	1	ACTN4	c28
0.812341739956768	-0.104331706533276	0.082	0.079	1	VIM-AS1	c28
0.791884357559125	0.104329069455548	0.112	0.122	1	DMAC2L	c28
0.936473678117498	0.104308031128235	0.024	0.023	1	FAM185A	c28
0.170285512922643	0.104255865577896	0.147	0.114	1	CCDC186	c28
0.405719771190647	0.104042531064234	0.029	0.02	1	TULP3	c28
0.911401555846292	0.10381605833061	0.029	0.028	1	AC139530.1	c28
0.665284407367139	-0.10371152149256	0.024	0.029	1	GTF2IRD2B	c28
0.126206424018863	-0.103690391252298	0.082	0.127	1	TMEM101	c28
0.636692102481209	0.103672639178777	0.018	0.023	1	DENND6B	c28
0.183563790220222	0.103586662331621	0.047	0.03	1	GPR89A	c28
0.411448686733182	0.103579722396262	0.129	0.113	1	HGS	c28
0.314218242017551	0.103458346380045	0.506	0.488	1	NAP1L1	c28
0.000550508594195191	0.103251243378605	0.382	0.264	1	IKZF1	c28
0.190709839020805	0.103207812152135	0.106	0.079	1	MPRIP	c28
0.435864521119286	0.103122887465996	0.071	0.058	1	MAPK8	c28
0.63069952610502	-0.102812688554277	0.076	0.089	1	TRIM26	c28
0.533573849861028	-0.102799139070932	0.988	0.932	1	RPS14	c28
0.509547239696933	0.102773665265007	0.241	0.232	1	NUCB2	c28
0.45049332862861	0.102653923077236	0.041	0.031	1	FAM120C	c28
0.944395957370095	0.102635109947034	0.153	0.161	1	WTAP	c28
0.60275150979496	-0.102507371078302	0.959	0.91	1	RPS4X	c28
0.572272830826626	-0.102398475993577	0.088	0.078	1	TFIP11	c28
0.370880128718702	-0.102139298162562	0.965	0.922	1	RPS3A	c28
0.105402775897954	-0.102020392803692	0.112	0.165	1	TIGAR	c28
0.102201961622831	-0.101928031547083	0.065	0.04	1	TRBV28	c28
0.662117956445973	0.101773807436776	0.071	0.064	1	PPME1	c28
0.147768402017581	-0.101768718848205	0.482	0.429	1	EIF3M	c28
0.762664160047248	-0.101754857359333	0.3	0.302	1	FAM49B	c28
0.678835490105839	-0.101753511766692	0.071	0.081	1	LPCAT3	c28
0.019146290996458	-0.101596162004323	0.106	0.062	1	ARID2	c28
0.652650534362776	0.101283550742988	0.065	0.058	1	DPH6	c28
0.290164318837	-0.101233516996999	0.271	0.327	1	ETFB	c28
0.334316701514951	-0.101218260179594	0.1	0.08	1	RRN3	c28
0.567554586068098	-0.101003775205292	0.176	0.164	1	GID8	c28
0.462160004646049	-0.100893978752464	0.041	0.055	1	SLC39A9	c28
0.459294916035255	0.100783209678979	0.018	0.027	1	SH3BP5L	c28
0.724976281738291	0.100681832280758	0.041	0.048	1	MMUT	c28
0.444271732030671	-0.100642839729209	0.1	0.123	1	USP11	c28
0.466513340391097	-0.100561358925425	0.006	0.012	1	LINC02035	c28
0.190352044895538	0.100413775814948	0.047	0.03	1	PRKAB2	c28
0.178518169278722	0.100412209648125	0.094	0.069	1	NCAPD3	c28
0.337483619903216	0.100334606942437	0.112	0.093	1	CRNKL1	c28
0.53562277959527	-0.100292985633076	0.171	0.199	1	CLIC4	c28
0.336400909076614	-0.100056988448474	0.806	0.698	1	HSPA8	c28
