# factor-levels: seurat_clusters=c1|c2|c3|c4|c5|c6|c7|c8|c9|c10|c11|c12|c13|c14|c15|c16|c17|c18|c19|c20|c21|c22|c23|c24|c25|c26|c27|c28

p_val	avg_log2FC	pct.1	pct.2	p_val_adj	gene	seurat_clusters
2.08578041241249e-48	3.60689765038783	0.017	0.002	7.63416488747096e-44	VIPR2	c3
6.0323171721165e-33	3.5249210514855	0.013	0.002	2.20788840816636e-28	CNR2	c3
1.53568524453197e-237	3.25704507602636	0.101	0.018	5.62076156351146e-233	KLRF1	c3
2.05791107700556e-165	3.19265539114084	0.094	0.021	7.53216033294804e-161	TRGV7	c3
2.5766261518167e-63	3.11478392993289	0.028	0.005	9.43070937826429e-59	KIF19	c3
1.9973481786232e-151	3.06026543809353	0.08	0.017	7.31049406857879e-147	CD160	c3
8.02967896144935e-23	3.03427581052539	0.017	0.005	2.93894279668008e-18	AC243829.1	c3
0	2.8985199143852	0.558	0.124	0	GNLY	c3
0	2.86363129675455	0.215	0.045	0	TRAV26-1	c3
0	2.8536719672456	0.303	0.061	0	FGFBP2	c3
4.24778318027432e-199	2.84350565337694	0.102	0.021	1.55473112181221e-194	C1orf21	c3
2.35002490091629e-26	2.81810614219957	0.015	0.003	8.60132613984371e-22	KIR3DL1	c3
0	2.80119714749912	0.319	0.066	0	TRBV27	c3
3.42143769123395e-37	2.78934073231554	0.028	0.008	1.25228040936854e-32	MMP23B	c3
0	2.77160861078741	0.987	0.282	0	NKG7	c3
1.00208759704265e-21	2.76542637855487	0.02	0.006	3.66774081393581e-17	C1orf61	c3
1.28308971145765e-211	2.75580492300565	0.124	0.029	4.69623665290613e-207	S1PR5	c3
7.34114786908262e-31	2.7376677656897	0.025	0.007	2.68693353156293e-26	TMEM171	c3
1.41355647571167e-48	2.73674559976862	0.027	0.006	5.17375805675228e-44	LGR6	c3
2.72080983564373e-167	2.70427711566902	0.099	0.023	9.95843607943961e-163	TRGV9	c3
2.99237972197975e-31	2.70116982744195	0.024	0.007	1.09524090204181e-26	AP005482.1	c3
7.38970102300911e-234	2.61651141173928	0.156	0.041	2.70470447143157e-229	FCRL6	c3
3.70932507238144e-86	2.59968097026169	0.072	0.021	1.35765006974233e-81	PRSS23	c3
0	2.5863883903799	0.927	0.283	0	CST7	c3
3.06199865780265e-50	2.58508360535878	0.06	0.022	1.12072212874235e-45	COL6A2	c3
0	2.57897653069639	0.523	0.155	0	DUSP2	c3
1.28356324800947e-17	2.57040349779865	0.013	0.003	4.69796984403945e-13	AL590550.1	c3
0	2.56997974669832	0.487	0.265	0	CMC1	c3
4.33197221914136e-162	2.54179689901836	0.112	0.029	1.58554515192793e-157	XCL2	c3
0	2.53544321409733	0.754	0.189	0	GZMH	c3
8.90263216554276e-13	2.528932186709	0.051	0.031	3.25845239891031e-08	ASCL2	c3
1.99855874880777e-213	2.46710428417978	0.158	0.044	7.3149248765113e-209	SPON2	c3
4.40363326011527e-110	2.44425592276265	0.063	0.014	1.61177380953479e-105	DTHD1	c3
2.37820441354191e-14	2.43719539502822	0.012	0.004	8.70446597400475e-10	NMUR1	c3
9.01796959789392e-13	2.42783324281098	0.011	0.003	3.30066705252515e-08	GPR141	c3
2.36910778118887e-62	2.36543838945825	0.048	0.013	8.67117138992938e-58	FCRL3	c3
2.76556857510746e-156	2.36024336638244	0.136	0.042	1.01222575417508e-151	PTGDR	c3
0	2.35954850191185	0.325	0.085	0	KLRD1	c3
1.8964858833581e-19	2.35567940147501	0.015	0.004	6.94132798167898e-15	NCR1	c3
6.38742745158115e-15	2.34840133593669	0.016	0.005	2.33786232155322e-10	TUBB4A	c3
0	2.34391497675927	0.46	0.143	0	KLRG1	c3
1.77752594471097e-57	2.33679042350942	0.07	0.026	6.50592271023663e-53	SMAGP	c3
1.57836501358107e-37	2.33467824662873	0.091	0.047	5.77697378620807e-33	TTC38	c3
9.46907928687088e-60	2.3324521976783	0.046	0.013	3.46577770978761e-55	IGLV2-14	c3
2.1210994111112e-198	2.32534039459976	0.133	0.034	7.76343595460809e-194	CX3CR1	c3
1.61879059107845e-73	2.31548452772352	0.07	0.022	5.92493544240622e-69	LINC02084	c3
0	2.28657396037262	0.684	0.238	0	GZMM	c3
2.48466635179613e-126	2.24262108993004	0.103	0.03	9.09412731420903e-122	ADGRG1	c3
1.12043502089447e-18	2.22529600590422	0.031	0.014	4.10090421997583e-14	TRBV24-1	c3
0	2.21468131160002	0.616	0.187	0	CD8B	c3
2.42983259030177e-36	2.21328087104399	0.04	0.014	8.89343026376351e-32	CD244	c3
3.87210070161652e-175	2.21071265780409	0.143	0.042	1.41722757779866e-170	KLRC4	c3
0	2.21009093889486	0.851	0.417	0	CTSW	c3
1.18378340603121e-10	2.20691249941934	0.037	0.022	4.33276564441484e-06	TRGC2	c3
1.06978687407991e-10	2.20474032092871	0.014	0.005	3.91552693781988e-06	PDZD4	c3
3.10511564486087e-09	2.15921643452068	0.011	0.004	0.000113650337717553	LINC01260	c3
7.69802241883052e-27	2.14887448014722	0.029	0.01	2.81755318551616e-22	ADGRG5	c3
8.2130443921296e-14	2.13512671172872	0.012	0.004	3.00605637796336e-09	SCD5	c3
1.22090159045566e-13	2.10278327951462	0.021	0.009	4.46862191122676e-09	TRGV4	c3
0	2.09607187103384	0.992	0.381	0	CCL5	c3
8.5890909385882e-34	2.09356384697079	0.032	0.01	3.14369317443267e-29	TRGV8	c3
7.58367128704896e-07	2.07394223606268	0.016	0.008	0.0277569952777279	PYROXD2	c3
1.93220622558302e-07	2.0542433587399	0.016	0.008	0.00707206800625642	TRDV2	c3
4.55413970832631e-17	2.04414135593547	0.032	0.014	1.66686067464451e-12	LINC002481	c3
2.26998384046904e-45	2.03864821599358	0.055	0.02	8.30836785450073e-41	TTC16	c3
0	2.0345262137295	0.404	0.158	0	KLRB1	c3
6.00081502595924e-11	2.01450297885201	0.021	0.01	2.19635830765134e-06	DBN1	c3
1.62373861947827e-08	2.01103875962173	0.011	0.004	0.00059430457211524	FEZ1	c3
3.13195061903474e-133	1.98794034125263	0.138	0.047	1.1463252460729e-128	TGFBR3	c3
1.10600134240611e-41	1.98011606313188	0.046	0.016	4.0480755133406e-37	AC103702.2	c3
5.63347018649354e-08	1.97656599178419	0.011	0.004	0.0020619064229585	KLRC3	c3
0	1.97602248821641	0.874	0.289	0	GZMA	c3
1.33926841769732e-24	1.95892201104209	0.067	0.035	4.90185633561395e-20	CHI3L2	c3
8.01358924120423e-72	1.95861482085763	0.128	0.059	2.93305379817316e-67	NCR3	c3
1.8976784112283e-112	1.95220738172329	0.142	0.055	6.9456927529367e-108	CLIC3	c3
1.60317221547828e-18	1.95010932099452	0.023	0.009	5.86777062587207e-14	TRGV2	c3
0	1.94643416381741	0.452	0.146	0	KLRK1	c3
0	1.94635658737024	0.594	0.204	0	GZMK	c3
1.01310746923198e-13	1.92411538701809	0.058	0.036	3.70807464813598e-09	LPCAT1	c3
0	1.90297187169376	0.381	0.116	0	GZMB	c3
5.00965550295486e-20	1.89242168259487	0.018	0.006	1.83358401063651e-15	AF165147.1	c3
5.96080351432333e-148	1.88475111007305	0.221	0.097	2.18171369427748e-143	MATK	c3
2.07869878084297e-247	1.85142314532728	0.331	0.146	7.60824540776334e-243	C12orf75	c3
8.06684018859809e-22	1.85075902495244	0.045	0.022	2.95254417742879e-17	PRR5L	c3
5.39163113572721e-278	1.84532597336315	0.532	0.376	1.97339091198751e-273	PLEK	c3
5.90456662588376e-08	1.84477296584474	0.017	0.008	0.00216113043073971	TSPOAP1	c3
1.26820056384175e-12	1.84101841033225	0.04	0.022	4.64174088371717e-08	SLC25A4	c3
1.2765306683024e-83	1.83705495783774	0.115	0.046	4.6722298990536e-79	SLAMF7	c3
1.16430766898354e-41	1.82522601583902	0.091	0.044	4.26148249924666e-37	PRR5	c3
9.43362538794011e-21	1.82474861626515	0.085	0.052	3.45280122823996e-16	USP28	c3
2.61429763896619e-29	1.80989834038178	0.055	0.025	9.56859078838015e-25	TBX21	c3
1.12060180932484e-29	1.79967269917967	0.072	0.037	4.10151468230984e-25	MYBL1	c3
0	1.79632275274323	0.496	0.165	0	CD8A	c3
3.18225336235239e-11	1.79547079307655	0.035	0.02	1.1647365531546e-06	APBA2	c3
2.3434411953839e-37	1.78912762554624	0.248	0.199	8.57722911922463e-33	TPST2	c3
1.26779846387521e-80	1.76949600522851	0.188	0.1	4.64026915762966e-76	RUNX3	c3
2.18618346344057e-16	1.75544699724531	0.034	0.016	8.00165009453882e-12	NCALD	c3
1.46023490362409e-80	1.75484474306225	0.12	0.05	5.34460577075452e-76	CCL4L2	c3
0	1.73488386357	0.36	0.136	0	PRF1	c3
4.89853376207565e-48	1.73209774154427	0.08	0.035	1.79291234225731e-43	EOMES	c3
1.54548341375172e-11	1.72260752401111	0.024	0.012	5.65662384267267e-07	LAIR2	c3
9.54985977258663e-09	1.7202424462122	0.034	0.021	0.000349534417536443	PRR7	c3
4.69143932410501e-22	1.72023363444143	0.099	0.063	1.71711370701568e-17	ATG2A	c3
5.32676275994357e-10	1.70627242578289	0.028	0.015	1.94964843776695e-05	CD8B2	c3
2.65574445021908e-24	1.70618758748896	0.079	0.045	9.72029026224687e-20	MT1E	c3
2.91500694402204e-13	1.69615398358911	0.031	0.016	1.06692169158151e-08	LINC00944	c3
2.40198839705225e-128	1.68895129656603	0.202	0.089	8.79151773205094e-124	SAMD3	c3
5.60575344200601e-25	1.67996921913315	0.046	0.021	2.05176181730862e-20	CCL3	c3
9.24041036803387e-18	1.67601460051286	0.042	0.021	3.38208259880407e-13	TRAV10	c3
4.0180046909532e-11	1.67447597683316	0.022	0.011	1.47062989693578e-06	AUTS2	c3
0	1.66380875604751	0.676	0.456	0	PLAAT4	c3
6.24795751435042e-15	1.62598871950218	0.03	0.014	2.2868149298274e-10	KLRC2	c3
1.36843465881847e-162	1.59871368902154	0.263	0.12	5.00860769474149e-158	HOPX	c3
1.05978876434179e-08	1.59093445594408	0.043	0.027	0.000387893285636738	RAP1GAP2	c3
1.33138135687901e-87	1.58820230973817	0.176	0.086	4.87298890431287e-83	PYHIN1	c3
3.05414549083445e-10	1.58478363832552	0.021	0.01	1.11784779110032e-05	RAB27B	c3
5.39189664295265e-13	1.58138238698674	0.043	0.025	1.9734880902871e-08	MTSS1	c3
1.08075500948731e-06	1.57653240750766	0.015	0.007	0.0395567141022452	PLCB1	c3
3.01500205082496e-07	1.56620833180474	0.03	0.018	0.0110352090062244	MPP6	c3
1.36263506859274e-34	1.56054891953021	0.081	0.041	4.98738061455628e-30	PATL2	c3
1.10590425407901e-09	1.55111105236365	0.038	0.023	4.04772016035457e-05	CAPN12	c3
6.84976218748526e-08	1.5485819665056	0.049	0.033	0.00250708145824148	PMAIP1	c3
0	1.54351601308211	0.682	0.452	0	IFITM2	c3
6.97630792808961e-28	1.54139178087327	0.184	0.137	2.55339846476008e-23	TRG-AS1	c3
3.4919165611825e-29	1.53229171847998	0.071	0.036	1.27807638055841e-24	TRGV10	c3
3.06210347404125e-109	1.53036145471451	0.245	0.131	1.12076049253384e-104	FYN	c3
3.90626739896623e-10	1.52809580763025	0.043	0.027	1.42973293069563e-05	NR4A2	c3
2.87906758556252e-79	1.50399981245305	0.175	0.089	1.05376752699174e-74	SH2D1A	c3
1.44408065601447e-74	1.49598647455167	0.146	0.069	5.28547960907854e-70	TIGIT	c3
4.23870717889339e-29	1.49583755131888	0.083	0.045	1.55140921454677e-24	RAB37	c3
5.90792702786722e-82	1.46144536656651	0.237	0.138	2.16236037146968e-77	SH2D2A	c3
6.60992320633636e-07	1.45750356450926	0.084	0.067	0.0241929799275117	AC022706.1	c3
2.43050633033672e-07	1.45502782216326	0.091	0.073	0.00889589621966544	MIB2	c3
0	1.45109401893402	0.811	0.627	0	HCST	c3
1.8525948741931e-35	1.44157283936204	0.144	0.09	6.78068249903416e-31	SYTL3	c3
7.27062450224011e-37	1.43861393719657	0.113	0.063	2.6611212740649e-32	TENT5C	c3
8.29802464445564e-30	1.40592444346864	0.279	0.244	3.03716000011721e-25	ZBTB38	c3
8.84726672644025e-09	1.39756459635128	0.241	0.245	0.00032381880945444	RHOC	c3
7.88660675798979e-27	1.39208391540217	0.339	0.341	2.88657693949184e-22	LYAR	c3
4.17022264618654e-21	1.38972906909952	0.047	0.023	1.52634319073074e-16	TRAV1-2	c3
0	1.38457873914472	0.321	0.113	0	CCL4	c3
1.01617760659845e-15	1.36829215620308	0.098	0.068	3.71931165791098e-11	PRKCB	c3
6.9342902492073e-22	1.36209381995024	0.064	0.034	2.53801957411236e-17	PPP2R2B	c3
1.00064389949425e-38	1.36028943924648	0.107	0.056	3.66245673653889e-34	TRBV7-9	c3
6.27520130324539e-13	1.33681839111209	0.183	0.158	2.29678642900084e-08	C5orf56	c3
2.55473583148366e-133	1.33145196213015	0.355	0.216	9.35058861681334e-129	ARL4C	c3
1.60186095002471e-17	1.32280248550376	0.046	0.024	5.86297126318543e-13	TRBV7-6	c3
2.61789396681739e-111	1.3149682551932	0.457	0.37	9.58175370794834e-107	SLC9A3R1	c3
1.66574055078325e-31	1.30423654551912	0.343	0.327	6.09677698992176e-27	ARPC5L	c3
3.09746054210613e-16	1.29710128583866	0.049	0.027	1.13370153301626e-11	MSC	c3
5.77347670302085e-21	1.29541433963647	0.088	0.054	2.11315020807266e-16	SLAMF6	c3
2.07727355591883e-07	1.26500579536537	0.077	0.059	0.00760302894201852	ADA	c3
1.314112624698e-15	1.26408941007143	0.145	0.112	4.80978361765716e-11	TSEN54	c3
4.14282317383395e-08	1.26231464591502	0.199	0.188	0.00151631470985496	RASSF1	c3
1.03047655223619e-83	1.26214043617638	0.23	0.13	3.77164722883967e-79	SYNE1	c3
1.03661956233973e-13	1.25700711777055	0.076	0.05	3.79413126011966e-09	SERPINB9	c3
1.97034475223032e-07	1.24649950627236	0.111	0.092	0.0072116588276382	AOAH	c3
0	1.24205638059649	0.979	0.562	0	IL32	c3
4.38029949107569e-35	1.23388136173744	0.294	0.249	1.60323341672861e-30	PPP2R5C	c3
6.88237827549488e-17	1.23217712873439	0.03	0.014	2.51901927261388e-12	MS4A1	c3
5.57161875871416e-129	1.22057445050717	0.367	0.226	2.03926818187697e-124	LBH	c3
3.99903178153477e-22	1.21691297001257	0.16	0.118	1.46368562235954e-17	FKBP11	c3
3.48943949231192e-33	1.21123405529228	0.155	0.101	1.27716974858109e-28	PTPN4	c3
4.34535069027877e-12	1.20972735513717	0.036	0.019	1.59044180614893e-07	TRAV5	c3
3.31148952898072e-07	1.19890945081326	0.127	0.109	0.0121203828250223	RAB27A	c3
2.92290752826093e-26	1.19853198116109	0.371	0.381	1.06981338441878e-21	CLEC2B	c3
4.01009802882901e-31	1.19711591918149	0.086	0.046	1.4677359795317e-26	F2R	c3
5.26906005727396e-08	1.18285120418865	0.042	0.067	0.00192852867156284	FHL3	c3
7.90192081368805e-16	1.17432564034224	0.096	0.065	2.89218203701796e-11	PLEKHF1	c3
1.69844278070132e-38	1.15007427991836	0.315	0.267	6.2164704216449e-34	BIN1	c3
1.33546282641478e-19	1.14768707619901	0.054	0.028	4.88792749096075e-15	TRAV3	c3
5.73221639638418e-21	1.13924334278606	0.162	0.121	2.09804852324057e-16	RNF125	c3
6.65022673181991e-229	1.1391269739398	0.537	0.321	2.43404948611341e-224	CD7	c3
3.60568663522529e-53	1.13362085017631	0.227	0.148	1.31971736535881e-48	GNG2	c3
1.86632597570283e-13	1.132776381119	0.086	0.059	6.83093970366994e-09	LINC01871	c3
9.71813121525095e-07	1.12933795814762	0.06	0.087	0.03556933206094	CRTAM	c3
2.78634580537181e-17	1.12844599080356	0.076	0.047	1.01983042822414e-12	KIF21A	c3
2.44441062093755e-10	1.1137959762527	0.071	0.049	8.94678731369354e-06	SLA2	c3
0	1.10557069100313	0.887	0.496	0	IFITM1	c3
8.23581017914063e-15	1.09547356057612	0.06	0.036	3.01438888366726e-10	TOX	c3
1.51192356596877e-41	1.09513194316863	0.384	0.356	5.53379144380228e-37	PAXX	c3
1.19575830452644e-11	1.09433281805238	0.069	0.046	4.37659497039722e-07	KLF12	c3
2.88202019981077e-10	1.09375987413255	0.122	0.097	1.05484821333274e-05	MT1X	c3
5.96434534699199e-10	1.09191031980668	0.064	0.044	2.18301004045254e-05	ATP8A1	c3
3.81591747136429e-35	1.09083390261421	0.119	0.068	1.39666395369404e-30	LAG3	c3
1.14010308596069e-97	1.0898216092901	0.405	0.289	4.17289130492472e-93	CXCR4	c3
1.28959436186954e-14	1.08748496199597	0.217	0.19	4.72004432387871e-10	KLF2	c3
1.73354491763157e-12	1.07629354922485	0.147	0.118	6.34494775302333e-08	PSTPIP1	c3
9.18076701360714e-14	1.06528034657681	0.192	0.163	3.36025253465035e-09	AKNA	c3
2.17541194705999e-15	1.06517892665308	0.106	0.074	7.96222526743427e-11	CCDC88C	c3
9.64806029234841e-213	1.06310166817009	0.554	0.357	3.53128654760244e-208	CD3G	c3
0	1.05569292910235	0.878	0.515	0	CD3E	c3
6.29458579160997e-40	1.05415363310015	0.183	0.119	2.30388134558717e-35	P2RY8	c3
0	1.05347319984144	0.691	0.43	0	CD3D	c3
1.39203043836854e-14	1.05326955145433	0.218	0.19	5.09497060747271e-10	DDIT4	c3
1.01214351376573e-101	1.04865106014084	0.442	0.336	3.70454647473393e-97	ICAM3	c3
7.42236989987929e-261	1.04234280150085	0.748	0.673	2.71666160705482e-256	ZFP36L2	c3
2.30708371229354e-88	1.02510045352111	0.378	0.259	8.44415709536558e-84	TRBC2	c3
2.8548679436997e-175	1.02451950901658	0.512	0.329	1.04491021607353e-170	LIME1	c3
9.54614956420182e-13	1.02266845251985	0.111	0.173	3.49398620199351e-08	MAP3K8	c3
1.51443702275012e-16	1.01633192655717	0.302	0.291	5.54299094696773e-12	SIGIRR	c3
1.85708907369564e-08	1.0139351053629	0.305	0.328	0.00067971317186334	RNF167	c3
1.74718207232568e-09	1.00465627786055	0.104	0.153	6.39486110291922e-05	NMRAL1	c3
5.56365668741017e-105	0.990193108045118	0.556	0.514	2.036353984159e-100	VAMP2	c3
4.42308096426253e-212	0.987525123231566	0.584	0.372	1.61889186372973e-207	LIMD2	c3
0	0.97667072993509	0.82	0.528	0	CORO1A	c3
2.34025510014119e-62	0.976023772708746	0.341	0.251	8.56556769202678e-58	ISG20	c3
2.61056045382298e-14	0.965150785373713	0.206	0.176	9.55491231703747e-10	RHOF	c3
2.33441831732181e-31	0.96195584175203	0.416	0.419	8.54420448322956e-27	GIMAP4	c3
1.27756091273892e-14	0.96187620776103	0.368	0.398	4.67600069671571e-10	PPP1R18	c3
1.69011608343452e-155	0.95905527094871	0.51	0.339	6.18599387697868e-151	LCK	c3
1.78840343897721e-102	0.955872244390609	0.572	0.525	6.54573542700048e-98	TSC22D3	c3
2.8026592260268e-07	0.94945517734867	0.063	0.093	0.0102580130331807	GPKOW	c3
3.74568287848707e-27	0.948601761603656	0.322	0.29	1.37095739035505e-22	KIF2A	c3
1.14562864744159e-06	0.947043003904955	0.023	0.039	0.0419311541250095	CBX4	c3
1.27861076955757e-15	0.94632598447141	0.185	0.149	4.67984327765766e-11	HIST1H1D	c3
5.05656536702995e-15	0.945377760324449	0.104	0.072	1.85075348998663e-10	IL2RB	c3
9.86865207381511e-08	0.940070736157938	0.015	0.03	0.00361202534553707	P2RY11	c3
2.94447950406187e-14	0.938188533961029	0.144	0.224	1.07770894328168e-09	UBE2E3	c3
2.1343393316841e-18	0.934081120457608	0.21	0.172	7.81189538789699e-14	PRKCH	c3
1.61395611365111e-07	0.9313371308144	0.056	0.085	0.00590724077157444	TIMM22	c3
9.97698074628621e-07	0.929192473793772	0.031	0.05	0.0365167472294822	PDK2	c3
3.97334812181782e-85	0.922934717323731	0.469	0.403	1.45428514606654e-80	MT2A	c3
7.51793184108026e-122	0.922084124716668	0.597	0.579	2.75163823315378e-117	LITAF	c3
3.77848756316683e-12	0.920939811762002	0.056	0.095	1.38296423299469e-07	OVCA2	c3
4.40014539384803e-07	0.919034374380521	0.076	0.109	0.0161049721560232	RUVBL1	c3
8.53330027684536e-76	0.916718540889097	0.528	0.494	3.12327323432817e-71	TLE5	c3
1.09429596299754e-13	0.916379071550064	0.282	0.271	4.00523265416731e-09	PIK3R1	c3
4.64468666666729e-19	0.913269854132295	0.192	0.151	1.70000176686689e-14	SIT1	c3
9.6151734283348e-09	0.900494213159544	0.306	0.319	0.000351924962650482	BIN2	c3
3.11858388394311e-41	0.898287736126251	0.322	0.259	1.14143288736202e-36	STK17A	c3
1.09783865232734e-07	0.898117041475189	0.042	0.066	0.0040181992513833	CDKN2AIPNL	c3
1.68150451230842e-11	0.894418298428209	0.039	0.069	6.15447466550005e-07	AC010642.2	c3
1.38226769715629e-12	0.893483213626621	0.119	0.09	5.05923799836175e-08	ITGB2-AS1	c3
1.92306233056432e-114	0.892919945687233	0.61	0.587	7.03860043609847e-110	PNRC1	c3
1.86393005864038e-126	0.886295955140819	0.633	0.636	6.82217040762965e-122	PSMB9	c3
8.53157232219842e-115	0.882344592395554	0.498	0.366	3.12264078564784e-110	GIMAP7	c3
9.07523481516765e-281	0.87311232554598	0.783	0.716	3.32162669469951e-276	CD99	c3
1.42679069359706e-24	0.870322596251504	0.112	0.2	5.22219661763459e-20	RAB9A	c3
6.02947343013857e-07	0.868745888565525	0.023	0.04	0.0220684757016502	BNIP1	c3
3.16780578827645e-50	0.864715466665366	0.338	0.261	1.15944859656706e-45	SKAP1	c3
1.87343220024372e-11	0.859631250677192	0.053	0.089	6.85694919611205e-07	HENMT1	c3
4.28537822450612e-07	0.856813304881922	0.055	0.039	0.0156849128395149	SYTL2	c3
7.19668725148463e-17	0.855945524011221	0.209	0.169	2.63405950091589e-12	TRBC1	c3
3.10917562386791e-07	0.854719448135242	0.094	0.133	0.0113798937009189	SNRPN	c3
1.33200799159292e-09	0.852501824070913	0.365	0.403	4.87528245002926e-05	IRF1	c3
8.5839148687278e-19	0.851848468260397	0.156	0.253	3.14179868110306e-14	PTRHD1	c3
2.213315558089e-25	0.850164264015916	0.106	0.063	8.10095627416155e-21	LINC02446	c3
2.42389038557785e-13	0.848839051795177	0.099	0.156	8.87168120025348e-09	SIRT2	c3
3.01914281378537e-11	0.842291838528741	0.145	0.215	1.10503646127358e-06	ABHD14A	c3
8.38402152211923e-34	0.841232653073744	0.192	0.131	3.06863571731086e-29	IKZF3	c3
6.13347104956721e-10	0.840292838900895	0.071	0.109	2.24491173885209e-05	PIP4K2A	c3
8.48103352254759e-10	0.839995832872808	0.095	0.141	3.10414307958764e-05	MAD2L2	c3
1.27597047509842e-07	0.839990211875213	0.186	0.169	0.00467017953590772	SYTL1	c3
7.3143468358373e-09	0.839427398497891	0.052	0.082	0.000267712408538481	CHMP6	c3
1.58886585031226e-10	0.830679247266693	0.039	0.068	5.8154078987279e-06	ZNF480	c3
3.82944883414746e-179	0.826175288960088	0.703	0.631	1.40161656778631e-174	LSP1	c3
0	0.826065527342141	0.993	0.925	0	RPS15A	c3
2.70588199484319e-23	0.822174073251886	0.222	0.174	9.90379868932558e-19	ZAP70	c3
7.40090526357936e-07	0.819199778003473	0.036	0.057	0.0270880533552268	WDR83	c3
1.14044868424816e-36	0.816499694051349	0.489	0.526	4.17415622921669e-32	SEPTIN7	c3
1.16306857102134e-06	0.816281588443467	0.026	0.044	0.0425694727679522	KBTBD3	c3
1.29376756143693e-12	0.815617721023309	0.064	0.105	4.7353186516153e-08	VGLL4	c3
3.46088874442649e-07	0.809818690067331	0.142	0.197	0.0126671988934754	RPA2	c3
1.07432330240744e-10	0.809523585376004	0.03	0.056	3.93213071914149e-06	BOLA2B	c3
1.56572162999439e-90	0.80676687090871	0.6	0.628	5.73069773794246e-86	PPP1CA	c3
1.62750646100821e-64	0.80646815251431	0.541	0.543	5.95683639793613e-60	JAK1	c3
1.27971630622412e-56	0.806064017878749	0.379	0.294	4.68388965241089e-52	LAT	c3
2.58270643338549e-08	0.805763308661559	0.039	0.063	0.000945296381683424	RHBDF2	c3
8.52819699599175e-08	0.804874937385086	0.143	0.2	0.00312140538250294	SASH3	c3
0	0.802425101028061	0.916	0.822	0	EEF1D	c3
1.07438976509688e-45	0.802293943158782	0.508	0.517	3.93237397923108e-41	SRSF5	c3
2.51818231755626e-13	0.801766017994887	0.017	0.043	9.21679910048768e-09	EPB41L4A	c3
2.2340671328241e-201	0.799976787564926	0.745	0.726	8.17690911284949e-197	PSME1	c3
1.64346120488962e-09	0.799271585493365	0.099	0.075	6.01523235601649e-05	PRDM1	c3
1.07035987760576e-114	0.795707927744066	0.531	0.39	3.91762418802485e-110	CD48	c3
6.79703762844178e-18	0.790071346712914	0.296	0.267	2.48778374238598e-13	GIMAP5	c3
1.20534430847314e-38	0.78993936521426	0.334	0.269	4.41168070344255e-34	SEPTIN1	c3
2.15368461367898e-28	0.788008782401675	0.055	0.12	7.88270105452643e-24	SERTAD3	c3
4.84567312596397e-08	0.787405079027177	0.006	0.017	0.00177356482083407	NFIL3	c3
6.2690663588715e-07	0.78373336490041	0.19	0.264	0.0229454097801056	DNAJC1	c3
7.5473293058754e-10	0.781869944230479	0.148	0.215	2.76239799924346e-05	GPR65	c3
6.85891991563126e-10	0.781865572187401	0.025	0.047	2.5104332783202e-05	WDTC1	c3
0	0.779836673346305	0.994	0.915	0	RPS3	c3
1.94679468276223e-135	0.778762687857155	0.644	0.558	7.12546321837803e-131	RPS4Y1	c3
1.93810635818942e-09	0.77807959476223	0.02	0.04	7.09366308160908e-05	TMEM99	c3
4.10684385447051e-190	0.778024350597817	0.75	0.706	1.50314591917475e-185	RAC2	c3
1.54045767917012e-08	0.776734970701315	0.058	0.088	0.000563822915153055	SMARCD1	c3
1.30539840777559e-14	0.775567876848421	0.101	0.161	4.77788871229943e-10	DTD1	c3
0	0.775395174980695	0.949	0.849	0	RPL23A	c3
3.9338518746999e-30	0.775376915259504	0.279	0.222	1.43982912465891e-25	CD247	c3
0	0.774922906382598	0.997	0.943	0	HLA-A	c3
8.94504985343557e-31	0.7735922119904	0.077	0.158	3.27397769685595e-26	NME4	c3
0	0.773592043530446	0.984	0.894	0	RPL3	c3
3.5649240915715e-28	0.772566772809042	0.086	0.167	1.30479786675608e-23	ZNRD2	c3
3.52616084398784e-13	0.771983237639707	0.068	0.112	1.29061013050799e-08	SCRN2	c3
3.26431674338203e-11	0.770282533858289	0.034	0.062	1.19477257124526e-06	RPUSD1	c3
7.10735405681016e-10	0.76511597607716	0.128	0.102	2.60136265833309e-05	NFATC2	c3
2.78658723005867e-22	0.764900043387074	0.062	0.121	1.01991879207377e-17	SLC25A20	c3
1.97746428819561e-32	0.764861874351609	0.115	0.219	7.23771704122475e-28	POP4	c3
3.76935214188342e-194	0.764639482959134	0.732	0.655	1.37962057745075e-189	IL2RG	c3
1.57928771534709e-185	0.763249650585589	0.758	0.689	5.7803509669419e-181	BTG1	c3
6.79157829316017e-33	0.762853691930774	0.067	0.146	2.48578557107956e-28	TOR2A	c3
3.67042486362537e-10	0.761092897019703	0.033	0.059	1.34341220433552e-05	ASB1	c3
1.4895309399851e-07	0.760513944897541	0.037	0.06	0.00545183219343947	AUH	c3
4.19546152493158e-33	0.760215366346103	0.501	0.547	1.53558087274021e-28	HNRNPDL	c3
5.59651881825962e-12	0.758297138397031	0.007	0.025	2.04838185267121e-07	LINC00239	c3
3.44929688577740e-09	0.755817480994189	0.089	0.131	0.000126247715316338	PCIF1	c3
3.06904295253654e-15	0.754102771121145	0.209	0.173	1.1233004110579e-10	FCMR	c3
5.42214662021e-11	0.747374642890565	0.196	0.29	1.98455988446306e-06	PTP4A2	c3
3.046705177992e-31	0.742756138186434	0.488	0.495	1.11512456219685e-26	JUNB	c3
3.29249449922738e-16	0.741738092609325	0.141	0.223	1.20508591166221e-11	SS18L2	c3
8.07396514463184e-09	0.740116918222593	0.022	0.042	0.00029551519825867	ICK	c3
3.81756821480699e-12	0.739398517115639	0.212	0.32	1.39726814230151e-07	ZNF428	c3
8.38976913370967e-21	0.737050462941782	0.211	0.165	3.07073940062908e-16	CLEC2D	c3
6.51644207088525e-23	0.736328795357255	0.151	0.255	2.38508296236471e-18	MCRIP1	c3
0	0.735285551164734	0.995	0.928	0	RPS19	c3
1.52087632382694e-10	0.735119380707457	0.053	0.087	5.56655943283897e-06	LTBP4	c3
4.29500158785587e-10	0.733878782767616	0.011	0.028	1.57201353117113e-05	MACROD1	c3
4.62259369777335e-15	0.733284281470407	0.06	0.105	1.69191551932202e-10	ZFAND2A	c3
1.18779817690875e-10	0.733175462698144	0.05	0.082	4.34746010730373e-06	MPI	c3
1.07818707839816e-13	0.732175067437368	0.049	0.087	3.9462725256451e-09	RPS10	c3
4.06521437029282e-15	0.731310236493082	0.2	0.31	1.48790911167087e-10	MAF1	c3
3.80726529171023e-09	0.731246472384894	0.046	0.075	0.000139349716941886	VRK1	c3
0	0.730933820689347	0.988	0.897	0	RPS7	c3
1.19650934633943e-16	0.730853481667505	0.137	0.217	4.37934385853695e-12	BCAS2	c3
6.83711090790758e-19	0.730256485931229	0.279	0.24	2.50245096340325e-14	ANXA6	c3
3.16013179615269e-11	0.728187633888333	0.185	0.272	1.15663983870984e-06	EAPP	c3
8.19603891557703e-11	0.72743270270283	0.133	0.104	2.99983220349035e-06	THEMIS	c3
1.93951619291769e-21	0.725327198607461	0.07	0.131	7.09882321769803e-17	MRPL48	c3
3.63371807771975e-08	0.722111469943572	0.02	0.039	0.00132997715362621	SASS6	c3
7.79431791525346e-71	0.721976264965943	0.599	0.642	2.85279830016192e-66	SNRPD2	c3
1.99967827011487e-18	0.721012714072799	0.097	0.164	7.31902243644744e-14	ORAI1	c3
0	0.720370115521479	0.992	0.918	0	RPS27	c3
4.76231690076505e-49	0.72020402479869	0.564	0.62	1.74305560884901e-44	SSR2	c3
5.89089007949426e-10	0.720058174319585	0.026	0.05	2.1561246779957e-05	C11orf21	c3
2.29438333873076e-13	0.719024954675464	0.103	0.161	8.39767245808846e-09	ZFAND2B	c3
3.62747251110206e-20	0.718732905817371	0.058	0.112	1.32769121378847e-15	UQCC3	c3
0	0.717317039157414	0.946	0.853	0	RPL21	c3
9.51171295461253e-18	0.71677730176389	0.082	0.141	3.48138205851773e-13	DCPS	c3
4.1107517317325e-14	0.716458495726072	0.071	0.119	1.50457624133141e-09	R3HCC1	c3
8.93326987804114e-08	0.714218076675767	0.103	0.082	0.00326966610806184	STAT4	c3
9.13673124019139e-08	0.714198558213626	0.418	0.5	0.00334413500122245	CCND3	c3
1.07463565717649e-06	0.713479301884961	0.228	0.218	0.0393327396883168	SH3KBP1	c3
1.29894689398979e-06	0.713412676768451	0.143	0.195	0.0475427552669203	MAD1L1	c3
2.98541326138506e-10	0.713014187734199	0.047	0.078	1.09269110779954e-05	VPS37B	c3
1.32453536317656e-07	0.709462130760973	0.107	0.151	0.00484793188276254	CMTM3	c3
1.11934002977083e-14	0.706209420871412	0.035	0.07	4.09689644296421e-10	FOSL2	c3
0	0.704614914665568	0.993	0.927	0	RPS14	c3
4.78138161849473e-61	0.703961732330829	0.537	0.491	1.75003348618526e-56	C12orf57	c3
1.01525736709791e-06	0.702765982846965	0.032	0.051	0.0371594348931507	RPUSD2	c3
2.4139581613379e-11	0.701847890217069	0.062	0.101	8.83532826631283e-07	MVD	c3
3.45948634010673e-41	0.701784603560374	0.534	0.603	1.26620659534246e-36	GUK1	c3
5.90270735649153e-08	0.700185540927284	0.074	0.108	0.00216044991954947	ACD	c3
4.68278044509233e-15	0.699092958516709	0.042	0.08	1.71394447070824e-10	DMAC2	c3
1.72054380573423e-14	0.698654609760387	0.242	0.21	6.29736238336787e-10	APOBEC3G	c3
4.41203862082262e-12	0.697422196338155	0.039	0.072	1.61485025560729e-07	MAPK13	c3
3.18861922169418e-22	0.696228027309618	0.075	0.14	1.16706652133229e-17	ELOF1	c3
5.39125788038099e-17	0.695443045648191	0.167	0.264	1.97325429679825e-12	ITGB1BP1	c3
1.6151738965408e-07	0.695247409709755	0.005	0.015	0.00591169797872899	HES6	c3
0	0.694520842887057	0.922	0.855	0	CALM1	c3
2.34756614435078e-12	0.693946800245424	0.152	0.227	8.5923268449383e-08	ARIH2	c3
0	0.692300282212881	0.984	0.903	0	RPL26	c3
6.38934484090799e-13	0.691832884910904	0.078	0.125	2.33856410522073e-08	PHKG2	c3
6.78662021436786e-21	0.687310336646709	0.091	0.16	2.48397086466078e-16	DEDD2	c3
2.78682954531061e-08	0.683634671623337	0.034	0.057	0.00102000748187914	LINC00324	c3
1.9535883275188e-08	0.683627342271347	0.136	0.192	0.000715032863755155	RSBN1	c3
0	0.678180930366552	0.917	0.868	0	HLA-E	c3
3.07952328158806e-14	0.677876640674054	0.479	0.573	1.12713631629405e-09	EIF3G	c3
3.00223456148653e-13	0.675741455875746	0.061	0.103	1.09884787184968e-08	BORCS6	c3
6.79062100988527e-11	0.675653249585892	0.07	0.11	2.48543519582811e-06	ING4	c3
4.04020158763571e-07	0.674554179335888	0.361	0.394	0.0147875418309055	SEPTIN6	c3
3.35377063657746e-07	0.674453613579166	0.041	0.064	0.0122751359069372	C19orf12	c3
4.91322790881633e-18	0.672789973394151	0.042	0.085	1.79829054690586e-13	RCN1	c3
3.12154438409494e-07	0.671915499883855	0.02	0.037	0.0114251646002259	ZNF362	c3
0	0.671856032971293	0.994	0.924	0	RPS27A	c3
5.43190819648602e-20	0.671476775492787	0.046	0.094	1.98813271899585e-15	FAM207A	c3
2.92664278614599e-32	0.67136800201286	0.282	0.22	1.07118052615729e-27	RIPOR2	c3
1.08242239497726e-14	0.671275745150713	0.204	0.313	3.96177420785626e-10	RAB1B	c3
9.08200074469932e-07	0.670787655932722	0.091	0.072	0.033241030925674	NLRC3	c3
8.38218952025022e-17	0.669375066690727	0.128	0.204	3.06796518630678e-12	INO80E	c3
8.66583189588182e-09	0.668478658916835	0.11	0.157	0.00031717811322117	MED15	c3
3.87292695424738e-31	0.666606026159286	0.097	0.188	1.41752999452408e-26	WDR45	c3
1.0135819489863e-11	0.666077139149815	0.111	0.167	3.70981129148475e-07	ABTB1	c3
4.21023021490448e-13	0.665955312307891	0.024	0.052	1.54098636095719e-08	SPATC1L	c3
2.87288514498531e-23	0.665294981670001	0.061	0.122	1.05150469191607e-18	C1orf174	c3
0	0.663086344554545	0.998	0.96	0	RPL41	c3
5.40341999323207e-10	0.66226128416192	0.037	0.064	1.97770575172287e-05	DYNLL2	c3
5.12320464813116e-09	0.661384165313204	0.024	0.044	0.000187514413326249	BRF2	c3
1.65344202552461e-123	0.661111132698438	0.721	0.727	6.05176315762262e-119	RPL27A	c3
0	0.661040480257235	0.99	0.908	0	RPL7A	c3
6.22397305460144e-17	0.658526424264891	0.055	0.101	2.27803637771467e-12	ANKRD39	c3
1.73524447300721e-17	0.658102089944482	0.093	0.157	6.3511682956537e-13	C15orf61	c3
1.0487998208924e-09	0.657758233628759	0.102	0.149	3.83871222444829e-05	NUDT16L1	c3
5.82426670246815e-09	0.656957561161647	0.202	0.288	0.000213173985577037	SNRPA	c3
2.00782271582018e-11	0.656532808575759	0.095	0.145	7.34883192217343e-07	ABT1	c3
0	0.656484639811742	0.999	0.966	0	HLA-B	c3
1.06475177372818e-08	0.655354498033033	0.02	0.04	0.00038970979670225	GTPBP1	c3
6.6347528562772e-08	0.655019195021294	0.046	0.072	0.00242838589292602	UBXN2A	c3
1.84462527638342e-20	0.654532586738156	0.096	0.166	6.75151297409094e-16	ZGPAT	c3
9.83289094666026e-61	0.65409267592443	0.613	0.664	3.59893641538712e-56	GPSM3	c3
2.54851823012741e-11	0.652995191747062	0.189	0.278	9.32783157408933e-07	CCDC12	c3
3.15632328087019e-07	0.652892394180526	0.027	0.045	0.011552458840313	FRMD8	c3
9.88950391227696e-20	0.652105121096579	0.116	0.193	3.61965732693249e-15	TSSC4	c3
5.18951128427137e-31	0.651852793870459	0.541	0.606	1.89941302515617e-26	CIRBP	c3
5.02062135470627e-07	0.651705403163344	0.017	0.032	0.0183759762203604	CPSF4	c3
1.47956187603759e-18	0.65086351302474	0.173	0.276	5.41534442248518e-14	PDLIM2	c3
2.57264130369418e-16	0.648887374898396	0.109	0.176	9.41612443565108e-12	SNHG16	c3
1.57577457897464e-22	0.647743656905064	0.066	0.127	5.76749253650508e-18	STX5	c3
6.23809938492115e-17	0.647660039928408	0.067	0.119	2.28320675587499e-12	VRK3	c3
3.06337830072141e-20	0.647198777141087	0.185	0.299	1.12122709184704e-15	CLPP	c3
4.10569173952063e-12	0.647010245565458	0.222	0.192	1.50272423358194e-07	TUBA4A	c3
1.4888802203131e-12	0.646107550873055	0.05	0.087	5.44945049436796e-08	MRPS9	c3
2.78870938094767e-184	0.644315395340862	0.809	0.782	1.02069552052066e-179	RPL36AL	c3
1.14082298326123e-19	0.644218813339737	0.172	0.278	4.17552620103445e-15	PDAP1	c3
4.227585165868e-50	0.643773606265348	0.585	0.641	1.54733844655935e-45	SSR4	c3
1.44905692581355e-17	0.642767716380633	0.075	0.13	5.30369325417019e-13	TCHP	c3
4.69083794396252e-11	0.642385568654108	0.228	0.335	1.71689359586972e-06	ID2	c3
1.47940317402651e-07	0.641929884777278	0.036	0.058	0.00541476355725443	SPOUT1	c3
1.40387444198202e-10	0.641791220907329	0.066	0.103	5.13832084509839e-06	DUSP12	c3
4.80514477597227e-18	0.641607352738005	0.201	0.319	1.75873103945361e-13	HERPUD1	c3
0	0.640648570885931	0.999	0.957	0	HLA-C	c3
3.75010368615964e-30	0.640531466773212	0.111	0.207	1.37257545017129e-25	MANF	c3
3.16024136745327e-20	0.639936200950769	0.07	0.129	1.15667994290157e-15	MRPS2	c3
5.06773987922397e-14	0.63900827225696	0.035	0.068	1.85484347319477e-09	ATPAF1	c3
2.58537107956088e-14	0.637557584755847	0.101	0.16	9.46271668830079e-10	POLR2C	c3
1.0951674669785e-20	0.637529149703394	0.147	0.241	4.00842244588801e-16	CAMLG	c3
0	0.636435365288286	0.995	0.945	0	RPS12	c3
1.3516018203218e-12	0.634800092303339	0.221	0.19	4.9469978225598e-08	EMB	c3
3.22162823791482e-10	0.634704061437739	0.052	0.084	1.1791481513592e-05	DNAAF2	c3
8.71518987779996e-12	0.634471261623822	0.473	0.569	3.18984664717356e-07	SUB1	c3
2.71967107745249e-07	0.633817886859701	0.245	0.347	0.00995426811058387	BZW1	c3
3.67908907893086e-271	0.632209144281494	0.897	0.818	1.34658339377948e-266	RPL36A	c3
1.21020716943022e-17	0.631405222466706	0.149	0.238	4.42947926083154e-13	TMEM109	c3
4.77211425638355e-12	0.631138361925355	0.082	0.129	1.74664153897894e-07	ARFRP1	c3
1.00006755071056e-21	0.630439068590023	0.041	0.089	3.66034724235571e-17	BCL7C	c3
8.16211144004316e-07	0.629989580023024	0.142	0.193	0.029874144081702	CCDC167	c3
2.11027561969647e-26	0.629656128416628	0.107	0.193	7.72381979565106e-22	CCDC25	c3
0	0.628686482315639	0.989	0.915	0	RPS18	c3
1.19446257946526e-20	0.627700469776332	0.065	0.122	4.37185248710078e-16	NABP2	c3
5.23132405733862e-15	0.626008143838157	0.04	0.078	1.91471691822651e-10	SDHAF1	c3
5.76992429162393e-12	0.62550601128561	0.039	0.071	2.11184998997727e-07	FAM53B	c3
1.79215988665579e-08	0.625311062518267	0.035	0.059	0.000655948440114887	FBXO28	c3
6.99415207410311e-09	0.624398699874546	0.061	0.093	0.000255992960064248	WDR37	c3
8.1303890354613e-10	0.624057308496379	0.155	0.127	2.97580369086919e-05	TC2N	c3
0	0.623384945465553	0.95	0.87	0	RPL13A	c3
0	0.622578509497901	0.991	0.917	0	RPS15	c3
1.83963834190315e-207	0.622409571502359	0.861	0.834	6.73326029519971e-203	H3F3B	c3
9.1097961020833e-18	0.622390338408563	0.215	0.34	3.33427647132351e-13	CASP4	c3
1.0125799025056e-12	0.620854561986783	0.139	0.209	3.70614370116075e-08	MFNG	c3
1.51758105324502e-25	0.620290956061691	0.104	0.188	5.5544984129821e-21	PPIH	c3
3.97209153434057e-30	0.620267505314899	0.146	0.262	1.45382522248399e-25	PNKD	c3
2.25816330859375e-288	0.620028947924307	0.919	0.85	8.265103525784e-284	RPL35	c3
3.74456190808089e-10	0.62001688615798	0.011	0.029	1.37054710397669e-05	AL096870.8	c3
1.16545139067511e-14	0.619486281998257	0.101	0.161	4.26566863500998e-10	RBM22	c3
8.9491001597755e-07	0.619214496751772	0.051	0.075	0.0327546014947943	APOL3	c3
9.74689159727403e-11	0.618915736330018	0.474	0.582	3.56745979351827e-06	RBM3	c3
2.87157321142534e-30	0.618735606136636	0.099	0.19	1.05102451111379e-25	PEF1	c3
0	0.618700585323729	0.982	0.892	0	RPL6	c3
5.43529961485953e-30	0.61868295917799	0.086	0.169	1.98937401203474e-25	CRELD2	c3
9.58055562613541e-07	0.618271958964483	0.117	0.161	0.0350657916472182	RRP1B	c3
5.44395618918853e-17	0.61773202524394	0.222	0.348	1.99254240480489e-12	ABHD14B	c3
2.97368561311353e-20	0.615544956122432	0.13	0.215	1.08839867125568e-15	LYPLA2	c3
3.97787739164762e-19	0.615529906313103	0.05	0.099	1.45594290411694e-14	C6orf136	c3
2.13529659472472e-22	0.615167470575929	0.104	0.182	7.81539906635196e-18	EBP	c3
3.77790522052643e-20	0.613689063118742	0.214	0.346	1.38275108976488e-15	PIN1	c3
5.49425735325945e-14	0.612483788050735	0.056	0.097	2.01095313386649e-09	LRIF1	c3
7.78371937600868e-13	0.611874743999598	0.065	0.107	2.84891912881294e-08	CUTC	c3
4.74964220642879e-16	0.610595107711787	0.224	0.349	1.738416543975e-11	GPS2	c3
0	0.609676981869913	0.988	0.911	0	RPL18A	c3
2.90749842698231e-27	0.608900787749827	0.096	0.179	1.06417349925979e-22	LSM1	c3
1.27313355088113e-10	0.608312373953873	0.037	0.065	4.65979610958002e-06	NSMCE3	c3
2.09662182922191e-14	0.607190217818371	0.237	0.365	7.67384555713513e-10	IMP3	c3
2.38880206304845e-17	0.605378216544969	0.142	0.225	8.74325443096361e-13	ARL5A	c3
4.44093275426903e-16	0.604921639933778	0.05	0.093	1.62542579739001e-11	THAP11	c3
2.66251501322522e-27	0.604129479606259	0.103	0.189	9.74507119990564e-23	BORCS7	c3
2.89343358673838e-41	0.603648171379559	0.31	0.234	1.05902562708211e-36	ITGA4	c3
1.6993775003292e-09	0.603565975011629	0.012	0.029	6.21989158895489e-05	DUS2	c3
9.40555155636925e-09	0.603359837754001	0.23	0.327	0.000344252592514671	BUB3	c3
1.01533402195747e-15	0.603200913825937	0.063	0.11	3.71622405376653e-11	MAP2K3	c3
0	0.603119193124154	0.997	0.946	0	RPL13	c3
9.87666247554619e-27	0.602894832194284	0.069	0.138	3.61495723267466e-22	PDE6D	c3
2.91343594426332e-17	0.602828111896471	0.063	0.113	1.06634668995982e-12	NFKBIB	c3
3.20921044305405e-10	0.602468312257254	0.038	0.065	1.17460311426221e-05	EBPL	c3
1.62585934037128e-17	0.601928244716512	0.157	0.248	5.95080777169293e-13	SDHAF2	c3
1.01212094462413e-17	0.600740089745261	0.063	0.115	3.70446386941878e-13	NIP7	c3
1.41817301277226e-11	0.599728837356187	0.109	0.164	5.19065504404777e-07	MAN1A2	c3
8.93397726726677e-308	0.599244301782642	0.95	0.871	3.26992501959231e-303	RPL17	c3
5.99559247391639e-37	0.599196852953462	0.068	0.153	2.19444680137814e-32	PTRH1	c3
4.51498588366994e-07	0.598729832079574	0.017	0.033	0.0165252998328203	GIHCG	c3
3.19298807156594e-07	0.597857608875564	0.013	0.027	0.0116866556407385	MYL6B	c3
1.56808430476168e-12	0.5971735468405	0.242	0.365	5.73934536385823e-08	UBE2V1	c3
8.25248405472862e-18	0.596518728971787	0.045	0.089	3.02049168887122e-13	RBM7	c3
5.76267470928894e-14	0.596307047722611	0.141	0.215	2.10919657034684e-09	PHF20	c3
1.27672221264014e-24	0.596145987153724	0.052	0.111	4.67293097048417e-20	HSPBP1	c3
3.192157693274e-18	0.595442252289744	0.052	0.099	1.16836163731522e-13	SLC10A3	c3
6.33735295956295e-07	0.594906147118148	0.227	0.316	0.0231953455672964	PARP1	c3
3.70303189425468e-14	0.594429549394272	0.228	0.347	1.35534670361615e-09	EMD	c3
8.91331601174718e-28	0.593884065921304	0.079	0.155	3.26236279345959e-23	MED30	c3
3.30269218569352e-224	0.593647715905124	0.887	0.842	1.20881836688569e-219	ARHGDIB	c3
3.84685461938846e-09	0.593147092621296	0.417	0.46	0.000140798725924237	CNN2	c3
4.72925197513584e-10	0.592421287475107	0.146	0.209	1.73095351541947e-05	METTL9	c3
3.38702702129065e-15	0.592353494049157	0.024	0.055	1.23968576006259e-10	SARS2	c3
1.16861904697686e-11	0.592306674242158	0.075	0.118	4.27726257384e-07	DNAJC9	c3
1.15063046046999e-17	0.591716385068895	0.192	0.302	4.2114225483662e-13	CCNDBP1	c3
7.93213424747797e-12	0.59146400262267	0.102	0.154	2.90324045591941e-07	SRRT	c3
4.87724554233839e-18	0.591133357670638	0.239	0.381	1.78512064095127e-13	SELENOK	c3
7.82383021143712e-11	0.590899918106553	0.037	0.065	2.8636000956881e-06	SLC35B2	c3
6.97405866218418e-32	0.590590476237032	0.127	0.235	2.55257521094603e-27	CYB561D2	c3
0	0.589884408878837	1	0.993	0	B2M	c3
1.1162302652558e-30	0.589612846910569	0.156	0.277	4.08551439386275e-26	FAAP20	c3
1.16320719691636e-09	0.588283952742586	0.015	0.034	4.25745466143357e-05	CARD8-AS1	c3
4.63553127157229e-36	0.587405729202467	0.116	0.226	1.69665080070818e-31	STX8	c3
2.61598621848506e-12	0.586994152479914	0.095	0.146	9.57477115827718e-08	RNF115	c3
4.36547858067016e-23	0.586736659762451	0.117	0.202	1.59780881531109e-18	METTL23	c3
1.22745073064977e-12	0.586122638003832	0.02	0.046	4.49259241925121e-08	AL590764.1	c3
1.23439175362938e-17	0.585541759204833	0.514	0.619	4.51799725745891e-13	EDF1	c3
6.20809741645472e-18	0.585429798967685	0.038	0.079	2.27222573539659e-13	C16orf91	c3
4.11047745172711e-19	0.585410455311527	0.05	0.098	1.50447585210664e-14	CHMP1B	c3
1.5387048360991e-26	0.584433222488497	0.18	0.307	5.63181357060631e-22	ICAM2	c3
1.48854464822287e-28	0.584256568230612	0.103	0.192	5.44822226696052e-24	NUBP2	c3
7.87013178940265e-07	0.583615300049207	0.007	0.018	0.0288054693623926	IRF2BP1	c3
2.13361110118528e-68	0.582699976031265	0.645	0.686	7.80922999144823e-64	PPIB	c3
3.85931330990704e-09	0.581922961669041	0.027	0.049	0.000141254726455908	PIP4P2	c3
4.72926063027703e-13	0.580727540278538	0.081	0.129	1.7309566832877e-08	ZBTB1	c3
1.81822126485521e-09	0.579210950971614	0.213	0.188	6.65487165149654e-05	TRAC	c3
1.24851778979531e-31	0.578854750568523	0.126	0.232	4.56969996242982e-27	NDUFAF8	c3
1.96727397096107e-27	0.578796090063147	0.177	0.303	7.20041946111461e-23	MAGOH	c3
2.62359744703328e-21	0.578230977406873	0.163	0.266	9.60262901588651e-17	FBXW5	c3
7.04859206071558e-18	0.577824088371637	0.12	0.195	2.57985518014251e-13	PITHD1	c3
3.22678274292581e-07	0.577662503148332	0.019	0.035	0.0118103475173828	MARCH8	c3
3.78090612280546e-28	0.577455386602128	0.183	0.316	1.38384945000803e-23	ZMAT2	c3
2.14950586512837e-37	0.577130807909965	0.091	0.189	7.86740641695634e-33	ZCCHC17	c3
2.22175402481068e-16	0.577064494547727	0.113	0.181	8.13184190620959e-12	GADD45B	c3
1.42107624524947e-15	0.575794979155418	0.038	0.075	5.2012811652376e-11	CXorf40B	c3
1.10785247051955e-10	0.57570583799269	0.111	0.164	4.0548508273486e-06	PPM1K	c3
1.29795089009518e-46	0.574586265135405	0.122	0.253	4.75063005283737e-42	ANTKMT	c3
0	0.574391669081085	0.976	0.886	0	RPS6	c3
1.24961178284721e-306	0.574163441630232	0.96	0.868	4.57370408639906e-302	RPSA	c3
1.03166086082165e-15	0.573918411879527	0.164	0.252	3.77598191669332e-11	CPNE1	c3
8.7261866465773e-18	0.573120816643206	0.14	0.224	3.19387157451376e-13	PPHLN1	c3
2.70731975334794e-09	0.572745338721127	0.024	0.046	9.9090610292288e-05	BRPF1	c3
4.94454369062586e-22	0.572682405874719	0.059	0.116	1.80975243620597e-17	C6orf226	c3
1.71274100639683e-239	0.572400715151328	0.943	0.86	6.26880335751305e-235	RPS2	c3
0	0.572230037081107	0.998	0.958	0	RPL10	c3
3.43003163746225e-13	0.571278060629327	0.016	0.04	1.25542587962756e-08	ELAC1	c3
7.44271947834054e-11	0.571176078583393	0.017	0.039	2.72410975626742e-06	C2orf76	c3
1.21226298779229e-29	0.571065790122036	0.065	0.138	4.43700376161856e-25	TRIAP1	c3
1.30449867017108e-13	0.569615329248321	0.049	0.087	4.77459558269316e-09	PSD4	c3
0	0.569604122221316	0.991	0.913	0	RPL34	c3
4.49564344436389e-21	0.569508617080254	0.05	0.102	1.64545045707163e-16	TPGS1	c3
3.00538761397891e-17	0.569150524320173	0.076	0.132	1.10000192059242e-12	EIF1AY	c3
9.97687610772962e-30	0.569029416014088	0.11	0.205	3.65163642419012e-25	PRPF31	c3
2.04593715320321e-14	0.568903332229758	0.091	0.146	7.48833457443906e-10	UBE2G1	c3
5.0517351482167e-14	0.568690205085215	0.125	0.192	1.84898558159879e-09	RBBP6	c3
1.34071863363294e-141	0.568269797169508	0.782	0.766	4.90716427095994e-137	RPL31	c3
1.57239994922423e-21	0.56782503867587	0.05	0.102	5.75514105415561e-17	SLC25A26	c3
1.32372029682188e-07	0.567116502157846	0.023	0.041	0.00484494865839775	VMAC	c3
2.80041770813828e-33	0.56655640387356	0.105	0.204	1.02498088535569e-28	CDIPT	c3
0	0.566123009572332	0.982	0.908	0	RPS24	c3
6.02325956246595e-12	0.566010328813467	0.038	0.07	2.20457323245816e-07	MNAT1	c3
2.10999461950155e-12	0.564905454856312	0.077	0.123	7.72279130683763e-08	NELFCD	c3
0	0.562691432245229	0.98	0.895	0	RPLP2	c3
9.68913691845107e-10	0.562516905131165	0.013	0.03	3.54632100352228e-05	WDR92	c3
1.02238223223067e-09	0.561549578300979	0.058	0.091	3.74202120818747e-05	MTA2	c3
1.06559541849664e-27	0.56137238174778	0.55	0.604	3.90018579123956e-23	NOP53	c3
7.63596961261006e-16	0.560618600618078	0.062	0.11	2.79484123791141e-11	COIL	c3
3.82642970283697e-19	0.55977833001289	0.225	0.358	1.40051153553536e-14	POLR3GL	c3
6.11906481240305e-23	0.559363082820965	0.027	0.07	2.23963891198764e-18	CTNNBIP1	c3
3.37773990075701e-34	0.559131665415356	0.16	0.291	1.23628658107607e-29	BUD31	c3
1.10051896631741e-13	0.557916819113982	0.036	0.069	4.02800946861836e-09	GRWD1	c3
2.65198278784075e-14	0.557301131376337	0.037	0.072	9.70652220177594e-10	YJU2	c3
8.30498212179224e-37	0.556126862960204	0.161	0.299	3.03970650639718e-32	SDF2L1	c3
1.07599372790773e-16	0.555703132682029	0.048	0.091	3.9382446435151e-12	SDHAF3	c3
3.60975226311044e-36	0.554700137356111	0.156	0.288	1.32120542582105e-31	STUB1	c3
0	0.554395947279767	0.978	0.883	0	RPL35A	c3
0	0.554160442174222	0.986	0.904	0	RPS4X	c3
1.58712050244433e-11	0.55384112089636	0.204	0.299	5.80901975099649e-07	MYO1G	c3
2.25120052356099e-31	0.553177387149054	0.178	0.314	8.23961903628558e-27	SF3B4	c3
6.71280242453541e-10	0.552164315576729	0.026	0.049	2.45695281540421e-05	ZNF639	c3
7.76611725515036e-14	0.552116826653476	0.031	0.063	2.84247657655758e-09	RCHY1	c3
9.27385489958794e-11	0.551678211832787	0.117	0.172	3.39432363179818e-06	POLR2B	c3
2.96797244379346e-26	0.551609321096151	0.209	0.354	1.08630759415284e-21	TOMM22	c3
0	0.55127213962195	0.994	0.928	0	RPL30	c3
2.73748755823488e-10	0.551068530849887	0.24	0.214	1.00194782118955e-05	ITM2A	c3
1.17699733529876e-45	0.550713944959365	0.127	0.26	4.30792794692699e-41	KDELR2	c3
2.19341628004481e-121	0.550192990116905	0.778	0.795	8.02812292659202e-117	UBC	c3
3.64125040866314e-07	0.55003719414994	0.037	0.059	0.013327340620748	GCLM	c3
1.92476410860001e-07	0.548920576454982	0.009	0.022	0.0070448291138869	TRAM2	c3
1.31225351210917e-11	0.548467864709699	0.068	0.108	4.80297907967078e-07	CCDC57	c3
1.08013208348698e-19	0.548330953924465	0.292	0.249	3.9533914387707e-15	ACAP1	c3
9.30689049284439e-10	0.548195813487935	0.059	0.092	3.40641498928597e-05	ZNF830	c3
6.12262506416496e-08	0.54818818312045	0.212	0.295	0.00224094199973502	SPSB3	c3
3.0027265341353e-17	0.547921384607858	0.064	0.115	1.09902793875886e-12	BRIX1	c3
1.26903839340072e-28	0.54661468156134	0.051	0.115	4.64480742368597e-24	HAUS1	c3
1.51265621999824e-14	0.54657572126165	0.094	0.151	5.53647303081557e-10	SLC44A2	c3
1.04049497154178e-31	0.546133280268466	0.059	0.132	3.80831564534008e-27	GPATCH4	c3
1.32541775611232e-27	0.545940029200782	0.035	0.09	4.85116152914668e-23	CCDC112	c3
3.92744782488927e-307	0.545435104485755	0.988	0.934	1.43748517838772e-302	PFN1	c3
2.14449024238547e-22	0.545412606510666	0.214	0.351	7.84904873615507e-18	SSNA1	c3
1.36409746347197e-20	0.545073116267925	0.083	0.148	4.99273312605377e-16	CARHSP1	c3
7.09517231465636e-32	0.544671277530599	0.147	0.266	2.59690401888738e-27	THOC7	c3
0	0.543056110335907	0.993	0.926	0	RPL19	c3
5.55654423706315e-25	0.542905042747182	0.032	0.081	2.03375075620749e-20	FAM104B	c3
1.06238034343075e-21	0.542483338249773	0.226	0.368	3.8884182949909e-17	CCT7	c3
4.78316798532458e-16	0.542364986114256	0.167	0.258	1.75068731430865e-11	CSK	c3
1.88898563775689e-14	0.541694763522233	0.107	0.168	6.913876332754e-10	THUMPD1	c3
3.05592624735882e-23	0.541520644751711	0.221	0.364	1.1184995657958e-18	MFSD10	c3
2.20588988382538e-12	0.54107829147667	0.115	0.174	8.07377756378926e-08	CFAP97	c3
0	0.54019554877681	0.986	0.906	0	FAU	c3
2.34434948859706e-25	0.539971725338468	0.086	0.161	8.5805535632141e-21	BCL7B	c3
2.56715888284466e-23	0.539807718131175	0.138	0.233	9.39605822709973e-19	CNPPD1	c3
4.5733305027271e-24	0.539803114520381	0.093	0.169	1.67388469730315e-19	MRPL9	c3
3.26768570553011e-09	0.539763695112617	0.05	0.08	0.000119600564508108	AKAP8L	c3
1.22478365104097e-13	0.539539311033546	0.132	0.2	4.48283064117504e-09	FAM107B	c3
5.43022571287183e-16	0.539452851372483	0.096	0.156	1.98751691316822e-11	RNF166	c3
0	0.539380911493113	0.988	0.899	0	RPL18	c3
1.64277566365026e-39	0.538617545215597	0.127	0.25	6.01272320652631e-35	GPS1	c3
2.13862683621921e-22	0.538587979759895	0.078	0.144	7.82758808324592e-18	TERF1	c3
4.74242787954213e-36	0.538260998456473	0.163	0.299	1.73577602819122e-31	POLR2G	c3
2.98088302918602e-35	0.537974306407291	0.123	0.235	1.09103299751237e-30	SHARPIN	c3
2.50921118108912e-291	0.537970406922426	0.965	0.868	9.18396384390431e-287	RPL5	c3
2.07808075845969e-08	0.537290701718817	0.026	0.047	0.000760598338403831	MAGED1	c3
5.34552185744817e-41	0.536790631824409	0.111	0.225	1.95651445504461e-36	WBP1	c3
8.82635414334975e-15	0.536788127069829	0.054	0.097	3.23053388000744e-10	TCOF1	c3
6.77401237278171e-26	0.535879609610783	0.17	0.287	2.47935626856183e-21	PRMT1	c3
7.35657441800391e-28	0.535457511062591	0.098	0.184	2.69257980273361e-23	UBE2J2	c3
1.11159470293885e-12	0.534904175009814	0.139	0.208	4.0685477722265e-08	IRF3	c3
3.60933547486449e-07	0.534728770061154	0.014	0.028	0.0132105287715515	MTA1	c3
6.49120568953868e-07	0.534550638233182	0.029	0.048	0.0237584619442805	EMSY	c3
2.27001876793637e-28	0.534185422538473	0.18	0.31	8.30849569252391e-24	PSMD13	c3
4.48687670012749e-19	0.533476593702517	0.538	0.624	1.64224174101366e-14	UCP2	c3
7.77667836137157e-35	0.532901156518815	0.124	0.234	2.84634204704561e-30	HSPB11	c3
1.94855250169522e-14	0.532113456412278	0.033	0.067	7.13189701145469e-10	GPATCH3	c3
2.4252274030976e-15	0.530284526567037	0.062	0.108	8.87657481807754e-11	SSBP4	c3
0	0.530162209133777	0.99	0.918	0	RPS3A	c3
1.55427455249655e-17	0.529090576070727	0.067	0.119	5.68880028959263e-13	EHMT2	c3
1.87647260991291e-17	0.528637696211512	0.046	0.089	6.86807739954226e-13	PPP5C	c3
4.95870542124241e-21	0.527460614256964	0.081	0.146	1.81493577122893e-16	NINJ1	c3
6.25763446781935e-07	0.526871068289863	0.014	0.028	0.0229035679156656	MEN1	c3
7.73380369005216e-10	0.526767036144034	0.018	0.038	2.83064948859599e-05	SUFU	c3
0	0.525946465541327	0.989	0.913	0	RPS23	c3
7.61271412778657e-33	0.525343897813442	0.072	0.152	2.78632949791116e-28	ISCA2	c3
2.7929387914091e-12	0.525017843161777	0.015	0.037	1.02224352704365e-07	GLRX5	c3
1.31399227231613e-16	0.523515361826446	0.061	0.109	4.80934311590427e-12	PRPS1	c3
7.50977830922463e-08	0.522144012794544	0.088	0.125	0.00274865395895931	CDK11A	c3
1.71222162551087e-09	0.521584877478819	0.025	0.048	6.26690237153234e-05	PGAP2	c3
2.73096129464161e-13	0.521185649908852	0.117	0.178	9.99559143451774e-09	MRFAP1L1	c3
7.34333991615745e-22	0.521059198006655	0.056	0.112	2.68773584271279e-17	RWDD3	c3
2.45431740281472e-11	0.520542380684355	0.054	0.089	8.98304712604215e-07	WHAMM	c3
9.24101700376754e-17	0.519412648686813	0.024	0.057	3.38230463354896e-12	AP5S1	c3
3.33478351330886e-09	0.518815888584775	0.02	0.04	0.000122056411370617	B4GALT4	c3
1.78924174078937e-306	0.51876315519882	0.985	0.904	6.54880369546318e-302	RPL14	c3
1.10498456823254e-09	0.518628184860903	0.032	0.057	4.04435401818792e-05	CC2D1A	c3
1.3446224539531e-29	0.518411369613565	0.057	0.125	4.92145264371372e-25	MED19	c3
4.70404667703551e-26	0.518374934119688	0.583	0.668	1.72172812426177e-21	DDX5	c3
2.4655584861954e-10	0.518355313453549	0.071	0.11	9.02419061532378e-06	CAMK2G	c3
2.81229629078638e-34	0.518050122634648	0.189	0.339	1.02932856539072e-29	MIEN1	c3
1.2842804520048e-12	0.517338953948082	0.025	0.053	4.70059488238276e-08	THAP12	c3
5.60988984149645e-20	0.51708449857926	0.086	0.151	2.05327578088612e-15	PIGC	c3
1.41835621417793e-09	0.516783464286538	0.043	0.071	5.19132557951264e-05	MOAP1	c3
1.6816825079242e-25	0.515782641225643	0.055	0.115	6.15512614725335e-21	CISD1	c3
4.79071827392808e-17	0.515371939849968	0.135	0.214	1.75345079544042e-12	CCNH	c3
5.75211924044717e-11	0.515253373817648	0.096	0.144	2.10533316319607e-06	IRAK4	c3
4.88362207374866e-13	0.515021667306393	0.017	0.041	1.78745451521275e-08	MAPK3	c3
3.53905024566769e-31	0.514990821508685	0.092	0.181	1.29532778041683e-26	GLTP	c3
6.06733882581304e-33	0.514593080430572	0.182	0.322	2.22070668363583e-28	COPS6	c3
2.14309834001962e-15	0.514541263111485	0.091	0.148	7.84395423430582e-11	SRPK1	c3
6.08917798369715e-12	0.514259088898986	0.031	0.059	2.22870003381299e-07	THRA	c3
7.28120815981054e-18	0.514111136052749	0.034	0.074	2.66499499857226e-13	JMJD7	c3
2.53649613708164e-41	0.514051366379625	0.139	0.272	9.28382951133249e-37	SRSF9	c3
9.33930467523964e-14	0.513821679749609	0.054	0.093	3.41827890418446e-09	CLSTN1	c3
9.37688144901302e-22	0.513416321692138	0.549	0.618	3.43203237915325e-17	PCED1B-AS1	c3
2.51323307269078e-22	0.513220769706804	0.027	0.07	9.19868436935554e-18	CYREN	c3
1.07634077217934e-13	0.513052654183232	0.04	0.075	3.93951486025361e-09	GTPBP10	c3
1.16480502507716e-06	0.512957248608086	0.027	0.044	0.0426330287228491	RAB11FIP4	c3
7.95005551672122e-25	0.512933927701069	0.096	0.174	2.90979981967513e-20	ERVK3-1	c3
1.51675204557842e-17	0.512739039086699	0.05	0.096	5.55146416202159e-13	SERGEF	c3
1.51410639199457e-07	0.511535306399467	0.245	0.227	0.00554178080533932	CD69	c3
6.19355843472125e-07	0.51076835743168	0.023	0.039	0.0226690432269232	MDC1	c3
7.75440445725721e-40	0.510180857494681	0.1	0.207	2.83818957540071e-35	AAMP	c3
5.35942326930897e-30	0.510049356589261	0.057	0.126	1.96160251079977e-25	PTGES2	c3
3.5967963167012e-18	0.509803527694485	0.058	0.107	1.31646341987581e-13	TSEN15	c3
1.25832714488766e-267	0.509588512675607	0.98	0.904	4.60560318300334e-263	SH3BGRL3	c3
3.67568570914205e-302	0.509397929164451	0.983	0.893	1.34533772640308e-297	RPL29	c3
1.07210571034603e-11	0.509107259911457	0.119	0.177	3.92401411043752e-07	TNIP1	c3
5.42461107961345e-23	0.50877519934723	0.102	0.179	1.98546190124932e-18	MED4	c3
1.20474184785069e-06	0.508649883836691	0.045	0.068	0.0440947563731831	PRKD2	c3
1.18433331370958e-25	0.508553871165631	0.081	0.154	4.33477836150843e-21	ISY1	c3
4.46535118188113e-29	0.508553581863042	0.147	0.259	1.63436318608031e-24	NUB1	c3
3.08001263314167e-21	0.508505644903451	0.24	0.389	1.12731542385618e-16	DNAJC8	c3
2.06303804234916e-29	0.508344503452162	0.073	0.148	7.55092553880216e-25	ISCA1	c3
1.04291269956497e-28	0.508275417503709	0.083	0.162	3.81716477167776e-24	SURF2	c3
3.00649158620764e-48	0.507741973957252	0.142	0.288	1.10040598546786e-43	POLR2F	c3
4.34603423050944e-44	0.506308448067062	0.615	0.679	1.59069198870876e-39	TMA7	c3
1.0780883867294e-26	0.506058620888691	0.054	0.117	3.94591130426829e-22	ELP6	c3
1.89864280350364e-18	0.506046779025787	0.533	0.635	6.94922252510368e-14	CNBP	c3
1.87118719951332e-221	0.505994476293973	0.927	0.85	6.8487322689387e-217	RPL10A	c3
1.0941225479706e-14	0.505848019274373	0.028	0.059	4.00459793782718e-10	TRIM5	c3
2.63821792658853e-33	0.505182673277794	0.122	0.229	9.65614143310668e-29	DNAJC19	c3
4.65736281775478e-12	0.50468821996481	0.028	0.055	1.70464136492643e-07	C7orf26	c3
5.10920695982031e-12	0.503339748783854	0.047	0.081	1.87002083936383e-07	THAP1	c3
4.26932514101502e-13	0.503013785332864	0.033	0.064	1.56261569486291e-08	DAPK3	c3
8.93435089474764e-07	0.502668104080186	0.056	0.082	0.0327006177098658	SLC25A38	c3
5.16058425444899e-22	0.502554865711214	0.078	0.144	1.88882544297087e-17	UCHL5	c3
1.63454897614233e-27	0.502368634249623	0.143	0.25	5.98261270757855e-23	SUN2	c3
1.33765690127233e-44	0.502259906668223	0.069	0.166	4.89595802434687e-40	STARD3NL	c3
1.13070389874863e-07	0.502046600036328	0.024	0.043	0.00413848933980987	BCKDHB	c3
1.34207727888879e-18	0.501878850478328	0.218	0.344	4.91213704846086e-14	CCDC107	c3
7.74570935112415e-20	0.501737059630667	0.043	0.089	2.83500707960495e-15	LYRM1	c3
7.32801692634346e-22	0.50145824043609	0.056	0.111	2.68212747521097e-17	FAM98C	c3
4.87410244319043e-30	0.501381275923331	0.08	0.16	1.78397023523213e-25	RPS6KB2	c3
1.17096881637911e-13	0.501205871498061	0.01	0.032	4.28586296482919e-09	RNLS	c3
6.27933336320097e-17	0.500719904296157	0.05	0.094	2.29829880426519e-12	TBC1D17	c3
3.4912512915236e-10	0.50051241670662	0.077	0.117	1.27783288521055e-05	CCDC186	c3
1.0953647410545e-08	0.500323029276632	0.026	0.047	0.000400914448873357	RFC4	c3
1.09121304841603e-07	0.500127178532888	0.01	0.023	0.00399394887850752	MRM1	c3
8.65945393323834e-24	0.499802745335004	0.558	0.646	3.16944673410456e-19	EIF3F	c3
1.05345957933833e-06	0.49911715703228	0.046	0.069	0.0385576740633621	BNIP3	c3
1.30533882950011e-06	0.498695294723411	0.248	0.342	0.0477767064985336	TSTD1	c3
6.41258194491637e-19	0.498487583173965	0.168	0.267	2.34706911765884e-14	SMARCE1	c3
2.16190532335871e-09	0.497952002595452	0.012	0.029	7.9127896740252e-05	MSANTD3	c3
5.36919613884248e-21	0.497826172117568	0.071	0.131	1.96517947877774e-16	VPS26B	c3
9.20379327951704e-20	0.497750901942466	0.078	0.139	3.36868037823603e-15	INPP5K	c3
1.14313613746749e-14	0.49717169253573	0.028	0.06	4.18399257674477e-10	SSBP3	c3
2.15637964282016e-07	0.496177699198769	0.014	0.028	0.00789256513068607	EPOR	c3
4.62523164188847e-15	0.495456357754964	0.062	0.107	1.6928810332476e-10	B4GALT3	c3
1.53789523437054e-276	0.495451091614083	0.971	0.888	5.62885034731962e-272	RPS25	c3
1.97646220035711e-12	0.495075436383678	0.521	0.638	7.23404929952707e-08	CAPZB	c3
4.95512443114188e-15	0.494588244046855	0.279	0.434	1.81362509304224e-10	FKBP8	c3
1.37628375465284e-08	0.494461454757305	0.024	0.044	0.000503733617040487	JMJD4	c3
4.73802260662399e-31	0.494373735703414	0.167	0.294	1.73416365425045e-26	RBCK1	c3
1.69160984002448e-26	0.494340942213007	0.217	0.363	6.1914611754736e-22	PAIP2	c3
1.47156388011932e-116	0.49373515857723	0.8	0.785	5.38607095762472e-112	RPL27	c3
3.07974915638321e-10	0.493730211863228	0.117	0.17	1.12721898872782e-05	GON4L	c3
2.1989657949619e-15	0.49352666737367	0.077	0.129	8.04843470614003e-11	MRPS31	c3
3.03044706882783e-15	0.493094558126055	0.02	0.049	1.10917393166168e-10	CHCHD6	c3
3.35796447942796e-07	0.492191747079869	0.055	0.082	0.0122904857911543	XPO4	c3
1.69797478163022e-08	0.491492778952576	0.015	0.032	0.000621475749824475	GKAP1	c3
2.12289896977866e-12	0.491036297494819	0.293	0.447	7.77002251928689e-08	UBE2L6	c3
4.69276970822407e-27	0.4908965546066	0.083	0.16	1.71760064090709e-22	VPS72	c3
1.56276720478071e-82	0.490014677913044	0.495	0.361	5.71988424621787e-78	CD2	c3
1.20304837048338e-174	0.489491931779634	0.892	0.834	4.4032773408062e-170	RPL37A	c3
3.17734374162645e-35	0.489056824564488	0.054	0.129	1.1629395828727e-30	GFER	c3
4.25418199705375e-35	0.4890290392867	0.106	0.208	1.55707315274164e-30	TIMM17B	c3
6.47339745893668e-31	0.488917876328307	0.049	0.115	2.36932820394541e-26	RP9	c3
4.29355549435076e-29	0.488907279612687	0.08	0.159	1.57148424648732e-24	MAZ	c3
1.1537213618844e-16	0.488821879641915	0.123	0.196	4.22273555663308e-12	CRBN	c3
1.90361648355126e-26	0.488467272729629	0.118	0.21	6.96742669144598e-22	ZNF655	c3
2.39415482461092e-10	0.488441034525314	0.064	0.101	8.76284607355843e-06	H1FX	c3
4.5731766189563e-25	0.488017388879316	0.06	0.123	1.67382837430419e-20	FTSJ1	c3
4.62959927398948e-23	0.487207992847878	0.028	0.072	1.69447963027289e-18	RNASEH2A	c3
2.9805278894129e-11	0.486753202512931	0.074	0.116	1.09090301280402e-06	ZNF394	c3
5.30307464604571e-36	0.486239809939757	0.113	0.22	1.94097835119919e-31	BUD23	c3
4.65204489067845e-29	0.485663432448899	0.095	0.181	1.70269495043722e-24	SDR39U1	c3
1.2284209043942e-33	0.485442206577008	0.06	0.136	4.49614335217321e-29	TSEN34	c3
1.74350020879365e-27	0.484941331214637	0.095	0.178	6.38138511420565e-23	SMIM10L1	c3
1.28527641329059e-137	0.48466684785805	0.867	0.837	4.70424020028487e-133	MYL12A	c3
7.12810977318262e-07	0.48430001111415	0.216	0.295	0.0260895945808257	CFLAR	c3
2.3714178798426e-17	0.484279841481063	0.55	0.652	8.67962658201191e-13	YWHAZ	c3
1.23189564144043e-293	0.483735917858003	0.983	0.908	4.50886123723611e-289	RPL39	c3
1.74282776782102e-21	0.483733694620397	0.099	0.173	6.3789239130017e-17	KRR1	c3
8.69555515514246e-14	0.483700262418979	0.005	0.024	3.18266014233369e-09	PCCA-DT	c3
8.7753892734729e-08	0.483610645720727	0.034	0.056	0.00321188022798382	BISPR	c3
2.98672939660336e-15	0.483287491725039	0.03	0.064	1.0931728264508e-10	ISOC1	c3
7.67795239037752e-35	0.482589144030323	0.075	0.16	2.81020735440208e-30	RPUSD3	c3
2.23432360112977e-27	0.482487382824595	0.099	0.183	8.17784781249507e-23	GIMAP2	c3
2.57155609437975e-20	0.482395358561457	0.042	0.088	9.41215246103932e-16	PRKRIP1	c3
4.61208951942836e-35	0.48234432283598	0.072	0.156	1.68807088500597e-30	IKBKG	c3
3.63057530068785e-12	0.482288293168708	0.02	0.044	1.32882686580476e-07	TTLL1	c3
4.46275918085216e-28	0.482136879641435	0.05	0.112	1.6334144877837e-23	CREB3	c3
1.07901027812177e-213	0.482030822361889	0.942	0.871	3.9492855189535e-209	NACA	c3
4.15147387157098e-36	0.481862578376333	0.096	0.194	1.51948095173369e-31	TSTA3	c3
7.27616148233167e-27	0.481370808781926	0.062	0.128	2.66314786414821e-22	PRPSAP1	c3
1.0301077971473e-10	0.480815938250765	0.04	0.069	3.77029754833885e-06	MED16	c3
1.1415682782047e-08	0.480790204885182	0.023	0.042	0.000417825405505704	RAB2B	c3
4.52613121206346e-39	0.480771829137934	0.193	0.356	1.65660928492735e-34	SUPT4H1	c3
6.17892443578563e-16	0.480352250396932	0.123	0.194	2.2615481327419e-11	PRKACB	c3
4.11035730883231e-12	0.480180822340339	0.03	0.058	1.50443187860571e-07	ATP2B1-AS1	c3
5.63949773711316e-272	0.479414654428134	0.969	0.883	2.06411256676079e-267	RPL37	c3
3.01620062969139e-15	0.478054694129151	0.042	0.081	1.10395959247334e-10	UBA5	c3
4.8066911316721e-08	0.477814904051782	0.087	0.124	0.00175929702110331	ODF2L	c3
3.3763188895896e-11	0.477733923116329	0.229	0.198	1.23576647677869e-06	LINC00861	c3
2.43776683895898e-09	0.477480031033784	0.044	0.072	8.92247040727377e-05	NIPSNAP1	c3
3.53071421095167e-23	0.47741542714759	0.065	0.127	1.29227670835042e-18	MED27	c3
2.02789926318893e-17	0.475869820172935	0.086	0.145	7.4223140931978e-13	CARD8	c3
9.10539653210539e-26	0.475204972544178	0.065	0.131	3.33266618471589e-21	TAF11	c3
4.85980427338631e-17	0.474839018012501	0.084	0.141	1.77873696210212e-12	RASSF7	c3
1.18051207421101e-14	0.474355130429075	0.019	0.046	4.32079224281973e-10	PDF	c3
7.52359421854115e-13	0.473627314178223	0.019	0.044	2.75371071992824e-08	UCK1	c3
6.09174689182841e-41	0.473310008542619	0.12	0.24	2.22964027987812e-36	S1PR4	c3
1.54371786662706e-48	0.472515435080329	0.115	0.245	5.65016176364171e-44	RNF5	c3
5.82892308099757e-22	0.472197519430126	0.156	0.256	2.13344413687592e-17	PNRC2	c3
8.43945606382848e-27	0.471962436050236	0.085	0.162	3.08892531392186e-22	RNF113A	c3
1.28120109101791e-12	0.471554623199894	0.013	0.035	4.68932411323465e-08	WDR25	c3
2.62564566771786e-10	0.47147995621078	0.039	0.067	9.61012570841412e-06	TXLNG	c3
1.28977090075522e-26	0.471029578199244	0.054	0.115	4.72069047385418e-22	MED11	c3
2.17697061034978e-48	0.470570271788851	0.071	0.174	7.96793013094125e-44	MRPS11	c3
2.75592963006516e-16	0.470104260776377	0.075	0.127	1.00869780390015e-11	TSPYL1	c3
1.32618771928552e-06	0.470095955864957	0.022	0.038	0.0485397967135693	NAA80	c3
8.45444992603742e-19	0.469725618511971	0.213	0.334	3.09441321742896e-14	RNPS1	c3
5.20416263716272e-08	0.469588191455943	0.022	0.04	0.00190477556682793	ZMYM1	c3
4.84023781486038e-09	0.46933621865967	0.032	0.055	0.000177157544261705	MRPL20-AS1	c3
5.77642900041331e-26	0.469197625598384	0.086	0.161	2.11423077844127e-21	MRPS30	c3
1.0533167221698e-11	0.468941554040651	0.036	0.066	3.85524453481369e-07	DPH7	c3
2.51651900766049e-08	0.46873814966334	0.034	0.057	0.000921071121993815	FYCO1	c3
2.91009262252701e-10	0.468187375856556	0.308	0.456	1.06512300077111e-05	HNRNPA0	c3
1.28607206649163e-09	0.467320170486373	0.136	0.194	4.707152370566e-05	PSMB8-AS1	c3
1.15752780183178e-38	0.467105603707528	0.154	0.288	4.23666750748449e-34	TRAPPC6A	c3
5.5800841159552e-12	0.466667464079198	0.045	0.079	2.04236658728076e-07	SMPD1	c3
9.84950397325013e-23	0.466484172811257	0.225	0.365	3.60501694924928e-18	SRSF3	c3
7.06108144455964e-32	0.466416902108462	0.184	0.324	2.58442641952327e-27	PUF60	c3
6.70053779953397e-09	0.466286645815448	0.027	0.048	0.000245246384000743	ZNF836	c3
7.00206683939606e-39	0.466211246509838	0.076	0.168	2.56282648388735e-34	DRG1	c3
3.02337074212237e-24	0.465745876876593	0.08	0.149	1.10658392532421e-19	ILKAP	c3
4.70982582829044e-07	0.465250133491073	0.017	0.032	0.0172384335141258	AL135925.1	c3
8.48641423275598e-18	0.465041175935344	0.03	0.067	3.10611247333102e-13	ALKBH4	c3
2.53149811699324e-09	0.464931072989977	0.021	0.041	9.26553625800698e-05	LIPT1	c3
4.6190826820452e-17	0.464400697248759	0.032	0.069	1.69063045245536e-12	MRM3	c3
3.50087156967131e-18	0.464378546384038	0.192	0.3	1.2813540032154e-13	SRPRA	c3
1.72391842875185e-34	0.464221884414713	0.077	0.163	6.30971384107466e-30	TP53TG1	c3
6.23592172492502e-07	0.464198371382854	0.025	0.042	0.0228240971053981	ZNF429	c3
3.47995164811302e-11	0.463648286714907	0.011	0.029	1.27369710272585e-06	ZNF28	c3
6.81640064124951e-13	0.462822643949205	0.011	0.032	2.49487079870373e-08	SWSAP1	c3
8.3394513349141e-13	0.462482208308953	0.195	0.286	3.05232258309191e-08	CAPN2	c3
7.7634572400055e-12	0.462011700055873	0.052	0.087	2.84150298441441e-07	CSNK1G3	c3
1.87585167167474e-07	0.4618078930789	0.027	0.047	0.00686580470349671	SIRT3	c3
1.89124629958766e-13	0.461735667527734	0.101	0.157	6.9221505811208e-09	MZT2A	c3
3.66752425079092e-07	0.461621349257443	0.012	0.025	0.0134235055103198	PUS10	c3
2.26094944569949e-25	0.461378518068739	0.151	0.256	8.2753010662047e-21	NBEAL1	c3
2.44166117779942e-09	0.461282702574287	0.019	0.039	8.93672407686367e-05	SIRT5	c3
1.05006169407558e-08	0.461043259573318	0.006	0.018	0.000384333080648602	HIRA	c3
6.98760777198986e-09	0.460881119925415	0.022	0.042	0.000255753432062601	TBC1D25	c3
1.1424320589616e-14	0.460580243737245	0.271	0.416	4.18141557900534e-10	NUCKS1	c3
9.22715422715047e-13	0.460527237467744	0.042	0.076	3.37723071867935e-08	SEC24C	c3
1.03597827561114e-08	0.460373059246302	0.03	0.053	0.000379178408656432	NISCH	c3
3.76003417131705e-35	0.460326602946468	0.121	0.23	1.37621010704375e-30	PIH1D1	c3
3.18221968067193e-15	0.46027248089132	0.043	0.082	1.16472422532273e-10	SNHG17	c3
1.71464030037154e-21	0.459308045130836	0.024	0.063	6.27575496338988e-17	GIPC1	c3
1.17552597370814e-27	0.459289571231207	0.087	0.167	4.30254261636918e-23	WTAP	c3
9.98335004463306e-11	0.45918723956109	0.297	0.442	3.65400594983615e-06	TCEA1	c3
1.887559199759e-21	0.458882950971699	0.042	0.091	6.90865542703791e-17	SNX15	c3
7.71374531459962e-22	0.458716270392503	0.071	0.133	2.82330792259661e-17	CRCP	c3
3.21251560244088e-39	0.458475510416783	0.074	0.166	1.17581283564939e-34	DPM2	c3
9.84944522748688e-34	0.457176668846404	0.138	0.253	3.60499544771247e-29	ARF6	c3
2.91547775154531e-37	0.45706290044075	0.092	0.19	1.0670940118431e-32	TAF12	c3
1.32376240976848e-27	0.456975095954199	0.114	0.206	4.84510279599362e-23	TSR2	c3
9.93704637741795e-14	0.456888697695783	0.523	0.604	3.63705834459874e-09	KLF6	c3
1.33874356030235e-08	0.455893085961384	0.211	0.295	0.000489993530506265	FNBP1	c3
1.35559124654773e-06	0.455852309910583	0.079	0.109	0.0496159952148934	VPS13A	c3
7.82044809834693e-32	0.455722631270221	0.216	0.376	2.86236220847596e-27	MRPL54	c3
1.3488638605029e-07	0.454915477138851	0.012	0.026	0.00493697661582666	ANKRD37	c3
3.04805513212629e-08	0.454579341189304	0.023	0.042	0.00111561865890954	HIVEP3	c3
9.62254433535862e-14	0.454490853591997	0.017	0.043	3.52194745218461e-09	CCDC86	c3
3.71414355834964e-09	0.454447201107958	0.01	0.025	0.000135941368379155	RBBP9	c3
2.01185770188207e-26	0.454430267291153	0.157	0.267	7.36360037465855e-22	PHF11	c3
1.50512548080053e-38	0.454271811301065	0.644	0.704	5.50890977227802e-34	HNRNPA1	c3
2.33205432599671e-11	0.453604134257894	0.168	0.242	8.53555203858057e-07	STK10	c3
2.38608268804245e-18	0.45334960407136	0.059	0.109	8.73330124650417e-14	N4BP2L1	c3
3.28500431114633e-25	0.453294895138995	0.229	0.379	1.20234442792267e-20	HMOX2	c3
1.59709010994186e-15	0.453166314806407	0.302	0.476	5.84550951139822e-11	SF3B5	c3
6.18149675333269e-183	0.45303960498835	0.911	0.843	2.2624896266873e-178	RPL24	c3
9.90682115081121e-09	0.452904137853718	0.008	0.022	0.000362599560940841	ALDH1B1	c3
1.67460299507979e-22	0.451438408489266	0.061	0.119	6.12921442229153e-18	CHKB	c3
9.01594617657393e-16	0.45140415848653	0.048	0.089	3.29992646008782e-11	CCNB1IP1	c3
2.32826616341217e-19	0.451188746900922	0.184	0.291	8.52168698470489e-15	RSBN1L	c3
4.61007598201193e-09	0.451153074642592	0.072	0.107	0.000168733391017618	TRANK1	c3
1.36943149699228e-13	0.451083004466895	0.069	0.114	5.01225622214146e-09	SINHCAF	c3
1.80384728958135e-13	0.450987475607193	0.014	0.037	6.6022614645967e-09	MAP1LC3B2	c3
4.43435830503343e-07	0.450535223935729	0.078	0.11	0.0162301948322528	MON2	c3
3.28099245124146e-45	0.450251093022368	0.105	0.223	1.20087604707889e-40	RAB4B	c3
1.50013350709742e-32	0.450188693810569	0.088	0.176	5.49063864932727e-28	BCKDHA	c3
8.67669201055405e-15	0.450151068821602	0.062	0.107	3.17575604278289e-10	KLF13	c3
5.80190644439097e-37	0.449951849607156	0.16	0.296	2.12355577771154e-32	SRP19	c3
1.61374386527799e-07	0.449752444129739	0.006	0.017	0.00590646392130398	GRK4	c3
8.30198919174963e-10	0.449236053066864	0.323	0.487	3.03861106407228e-05	UFC1	c3
2.35851113238569e-68	0.449202731476769	0.73	0.759	8.63238659564487e-64	RPS11	c3
7.58281987557052e-25	0.448379715452522	0.053	0.112	2.77538790265757e-20	DMAP1	c3
1.23123560314366e-28	0.448003721496566	0.089	0.17	4.50644543106611e-24	GID8	c3
1.24899593649936e-09	0.447748895613863	0.061	0.095	4.57145002718129e-05	CHD6	c3
2.93643235650744e-45	0.447180060459163	0.07	0.168	1.07476360680529e-40	ELP5	c3
1.2876750332553e-33	0.445324139156036	0.081	0.167	4.71301938921774e-29	PPIE	c3
7.57761829595374e-50	0.445233641611492	0.689	0.737	2.77348407250203e-45	SLC25A6	c3
4.66060850083066e-34	0.444746968702016	0.073	0.156	1.70582931738903e-29	UROS	c3
1.40575366965508e-16	0.44435536089599	0.036	0.074	5.14519900630454e-12	ARFIP2	c3
3.54936411332697e-26	0.444182002234727	0.132	0.229	1.2991027591188e-21	DNTTIP2	c3
3.33470804445197e-11	0.442756940304811	0.021	0.044	1.22053649134987e-06	PTPRM	c3
1.93042978768904e-43	0.442594270197398	0.072	0.168	7.06556606592064e-39	ZNF622	c3
1.21740980473072e-30	0.442340033006493	0.199	0.342	4.45584162629492e-26	C17orf49	c3
1.38674988216544e-10	0.442175821083795	0.023	0.047	5.07564324371374e-06	NRM	c3
5.73817674964437e-48	0.442037403282134	0.134	0.273	2.10023007213734e-43	NAXE	c3
6.76318695039506e-14	0.441908808412275	0.021	0.048	2.47539405571410e-09	PGRMC2	c3
2.11344330880879e-30	0.441766223813643	0.061	0.133	7.73541385457105e-26	CWC27	c3
1.16693847551094e-88	0.441285302077466	0.786	0.784	4.27111151421761e-84	EMP3	c3
5.80574212349705e-45	0.441148674996159	0.113	0.235	2.12495967462116e-40	SZRD1	c3
3.69861215276543e-23	0.440809207074828	0.357	0.304	1.35372903403367e-18	TRAF3IP3	c3
3.98061282196596e-08	0.44055428081262	0.024	0.043	0.00145694409896776	FAM122B	c3
1.7897700711371e-45	0.440415002074575	0.05	0.136	6.55073743736891e-41	SERTAD1	c3
3.47267591246386e-18	0.440279033626952	0.102	0.169	1.2710341107209e-13	GBP4	c3
8.39145798055636e-08	0.439256932451587	0.027	0.047	0.00307135753546343	TTC32	c3
4.30037272145599e-15	0.438541372549471	0.022	0.051	1.57397941978011e-10	ANKMY2	c3
1.88364064557012e-142	0.43840274292295	0.909	0.852	6.89431312685119e-138	UBA52	c3
2.22737821784935e-27	0.438049809673127	0.234	0.393	8.15242701515041e-23	ANP32A	c3
2.18980959929817e-22	0.437583382938728	0.257	0.42	8.01492211439125e-18	PYURF	c3
4.26299016083417e-40	0.436881381884908	0.19	0.351	1.56029702876692e-35	TMEM160	c3
1.48491046225344e-33	0.436533325747248	0.085	0.173	5.43492078289382e-29	PDHB	c3
9.36523685123157e-36	0.436299332605196	0.1	0.2	3.42777033991927e-31	DCTN1	c3
5.48766416695463e-13	0.435910222917354	0.02	0.046	2.00853996174706e-08	SETD1B	c3
2.54835233936283e-15	0.435512503954208	0.047	0.088	9.32722439730191e-11	TOB2	c3
1.15396550991788e-09	0.435342894452321	0.039	0.066	4.22362916285043e-05	PWWP2A	c3
3.03735710344673e-292	0.435310353184835	0.992	0.935	1.11170307343254e-287	RPS8	c3
1.25404762630433e-21	0.43500209989464	0.032	0.076	4.58993971703649e-17	BCL2L12	c3
5.39938832816988e-16	0.434801240254883	0.027	0.06	1.97623012199346e-11	KLHL7	c3
6.1372872834574e-07	0.434487926930426	0.063	0.091	0.0224630851861824	SVIP	c3
7.67255956565654e-09	0.433522465733409	0.072	0.107	0.000280823352662595	KRI1	c3
3.54287770463041e-16	0.43307137205097	0.032	0.068	1.29672866867178e-11	PDRG1	c3
1.18641696763693e-35	0.432775031615339	0.053	0.128	4.34240474324793e-31	STK16	c3
6.14547394694474e-12	0.432068279105967	0.265	0.391	2.24930491932124e-07	THRAP3	c3
1.33588445059351e-55	0.431726007124143	0.114	0.254	4.88947067761729e-51	RNASEH2C	c3
4.46735021066901e-10	0.43137672053503	0.023	0.046	1.63509485060696e-05	ZNF544	c3
9.97164010042066e-11	0.430948128820459	0.044	0.074	3.64971999315497e-06	ZFP90	c3
1.46520723058374e-20	0.430667889769335	0.25	0.399	5.36280498465956e-16	SET	c3
1.72607958693518e-46	0.43048760011285	0.114	0.239	6.31762389614147e-42	FAM32A	c3
1.24514997116173e-15	0.429865091691732	0.016	0.044	4.55737340944905e-11	TMEM250	c3
2.70426831450545e-33	0.4298368677361	0.088	0.177	9.89789245792138e-29	PNKP	c3
7.10886052273101e-235	0.429248308535384	0.984	0.906	2.60191403992478e-230	RPL12	c3
2.46948575346769e-51	0.428624991661402	0.149	0.304	9.0385648062671e-47	MRPS7	c3
3.40022659191583e-48	0.428479104646437	0.131	0.269	1.24451693490711e-43	MRPS12	c3
1.38156365564319e-11	0.42811759239842	0.032	0.06	5.05666113601963e-07	PHF12	c3
1.33102149121169e-28	0.427989422310446	0.074	0.149	4.87167175998391e-24	B4GALT1	c3
9.36928951588243e-15	0.427893856297858	0.027	0.058	3.42925365570813e-10	RAB28	c3
1.28399354786326e-38	0.42773586381762	0.063	0.148	4.69954478453431e-34	NTMT1	c3
1.11468253158237e-31	0.426867346735411	0.091	0.179	4.07984953384464e-27	TPGS2	c3
7.77976582909035e-21	0.426824957839193	0.28	0.453	2.84747209110536e-16	LSM7	c3
9.57189586287134e-53	0.426283070550052	0.133	0.279	3.50340960476954e-48	SPAG7	c3
4.3174499062245e-19	0.426114679196771	0.073	0.131	1.58022984017723e-14	ARL14EP	c3
2.45470447905058e-47	0.426095862565379	0.673	0.725	8.98446386377303e-43	TOMM7	c3
2.68164383874853e-30	0.426080491905746	0.058	0.127	9.81508461420348e-26	UPF3B	c3
6.59399206707215e-43	0.425801820397183	0.125	0.25	2.41346703646908e-38	MRPL38	c3
3.07677754174203e-164	0.425006542106666	0.929	0.862	1.126131348053e-159	RPS9	c3
3.05721585546502e-198	0.424372964707066	0.962	0.883	1.11897157525875e-193	RACK1	c3
7.7317694817719e-29	0.424284486850015	0.144	0.253	2.82990494802333e-24	TOX4	c3
1.29662635806129e-27	0.42418228357822	0.04	0.097	4.74578213314012e-23	SIRT6	c3
1.97087602532466e-21	0.423596055008861	0.044	0.094	7.21360334029077e-17	CBX1	c3
5.91631310269963e-25	0.423502032826516	0.037	0.088	2.16542975871909e-20	IFT52	c3
1.79135581702515e-276	0.423148897527812	0.995	0.927	6.55654142589376e-272	RPL11	c3
1.77649804715148e-20	0.422653805352508	0.051	0.102	6.50216050237913e-16	TMEM222	c3
2.34580872567349e-37	0.420949830083309	0.074	0.163	8.58589451683752e-33	KLHDC3	c3
6.79574868526342e-192	0.420844498589595	0.954	0.871	2.48731197629327e-187	RPS16	c3
1.8381687496783e-38	0.420149993608027	0.057	0.138	6.72788144069754e-34	ERI3	c3
5.97828535437825e-09	0.419941481732242	0.01	0.026	0.000218811222255598	PEX5	c3
2.11253770321148e-12	0.419815800453216	0.012	0.033	7.73209924752434e-08	NACC2	c3
6.19648432633932e-36	0.41966422365917	0.101	0.201	2.26797522828346e-31	PMF1	c3
4.76165053850017e-101	0.419361468822833	0.723	0.736	1.74281171359645e-96	PTPRC	c3
9.29075381842217e-15	0.419005456142278	0.023	0.052	3.4005088050807e-10	COQ7	c3
4.0576582921093e-13	0.418743560330396	0.063	0.104	1.48514351149493e-08	NAE1	c3
1.0182075469957e-28	0.41873216041505	0.034	0.089	3.72674144275896e-24	ALG1	c3
5.77303792636789e-260	0.418515540905218	0.994	0.948	2.11298961142991e-255	RPL28	c3
2.85879126723961e-23	0.418435535632824	0.097	0.172	1.04634619172237e-18	DAXX	c3
6.46006141782919e-15	0.417570990034284	0.175	0.264	2.36444707953966e-10	MRPS6	c3
3.68184787107738e-12	0.417309698595193	0.063	0.102	1.34759313929303e-07	C1GALT1	c3
3.66566539636279e-14	0.417294997821523	0.05	0.089	1.34167019172274e-09	ARIH1	c3
3.17982280004805e-12	0.417045735941524	0.029	0.057	1.16384694304559e-07	DPH5	c3
1.49088838481205e-24	0.417044913592832	0.065	0.129	5.45680057725058e-20	DKC1	c3
4.97043135003902e-25	0.41687389043591	0.215	0.353	1.81922757842778e-20	AIP	c3
3.71565206257309e-10	0.416461024389331	0.035	0.061	1.35996581142238e-05	MYNN	c3
1.91010885590245e-08	0.416071439793386	0.031	0.053	0.000699118942348854	ATG4D	c3
9.6061204296964e-12	0.414754050241974	0.025	0.051	3.51593613847318e-07	MKRN2	c3
2.6332544559983e-36	0.414528622678308	0.19	0.34	9.63797463439939e-32	RBM17	c3
1.53358230024516e-24	0.414344276790099	0.048	0.104	5.61306457712732e-20	DDX19B	c3
6.23420508327993e-08	0.414067054167395	0.036	0.058	0.00228178140253129	SCLT1	c3
8.56849996828921e-16	0.413758663878897	0.052	0.096	3.13615667339353e-11	SKA2	c3
1.25885424592487e-27	0.413293261279503	0.056	0.121	4.60753242550962e-23	HDAC3	c3
2.78662974259771e-11	0.413069567326137	0.32	0.48	1.01993435208819e-06	ANAPC16	c3
1.74523027274845e-54	0.412984800811329	0.117	0.257	6.38771732128659e-50	UBL7	c3
5.39461905844403e-20	0.412331734482273	0.253	0.401	1.9744845215811e-15	DDX46	c3
5.25738184259241e-13	0.412163638263334	0.216	0.316	1.92425432820725e-08	ARID4B	c3
2.35769889819085e-37	0.41203189282	0.16	0.295	8.62941373726834e-33	ACP1	c3
3.63767725914357e-07	0.411386597159449	0.015	0.03	0.0133142625361914	TERF2	c3
2.249587132098e-19	0.410772491803852	0.286	0.459	8.23371386219188e-15	TUFM	c3
1.2216775165915e-12	0.410570586827063	0.04	0.073	4.47146187847654e-08	ATE1	c3
4.71739921666604e-37	0.41039592959768	0.195	0.353	1.72661528729194e-32	OSTC	c3
1.32497959115712e-28	0.410351396498649	0.054	0.118	4.84955780159419e-24	RPF1	c3
4.55209189933563e-14	0.410264051976206	0.066	0.111	1.66611115607584e-09	CPT1A	c3
6.13597684472767e-09	0.409825016283037	0.34	0.504	0.000224582888493877	RABAC1	c3
6.47395568137214e-30	0.4097523407531	0.091	0.176	2.36953251893902e-25	ABCF1	c3
1.50017778545399e-18	0.409693272825364	0.074	0.13	5.49080071254015e-14	ERG28	c3
7.95639612587698e-40	0.409471224875824	0.067	0.156	2.91212054603224e-35	IVD	c3
2.52300744157784e-31	0.4093153004034	0.102	0.194	9.23445953691907e-27	CCDC59	c3
5.61013561594439e-09	0.408829162535667	0.039	0.065	0.000205336573679181	PMS2	c3
2.03753503808111e-09	0.408796177012217	0.054	0.085	7.45758199288066e-05	GTF3C1	c3
1.06566823807478e-24	0.408555188063648	0.141	0.24	3.90045231817751e-20	SF3A1	c3
1.02418722372632e-16	0.408401728192128	0.141	0.22	3.74862765756072e-12	RASSF5	c3
7.91496205703799e-48	0.40738221564392	0.709	0.751	2.89695526249648e-43	MYL12B	c3
5.97096615614852e-21	0.407314126765763	0.056	0.11	2.18543332281192e-16	MTF2	c3
3.60915691929722e-20	0.406692309421919	0.068	0.125	1.32098752403197e-15	GMPS	c3
1.95385141691093e-35	0.406484278075583	0.075	0.161	7.1512915710357e-31	RING1	c3
1.74945864943105e-43	0.406389992567476	0.153	0.296	6.40319360278257e-39	VDAC3	c3
6.85670484321442e-31	0.406212142696304	0.16	0.281	2.50962253966491e-26	HNRNPH3	c3
3.70365607802743e-30	0.405787121364146	0.052	0.119	1.35557516111882e-25	PANK2	c3
9.19627090344195e-37	0.405694588997095	0.103	0.206	3.36592711336879e-32	SNRNP40	c3
7.91949705240729e-08	0.405481295021874	0.008	0.021	0.00289861511615159	FBXO48	c3
2.98729001381146e-31	0.405074886610353	0.093	0.181	1.09337801795513e-26	PEX16	c3
7.9176561075503e-36	0.40471131972258	0.15	0.276	2.89794131192448e-31	VPS4B	c3
1.52442953636412e-37	0.404460557706845	0.139	0.262	5.57956454604633e-33	CPNE3	c3
5.97169940977828e-26	0.404423664437684	0.25	0.415	2.18570170097295e-21	PSMC5	c3
5.68935387048444e-26	0.404380654341822	0.058	0.121	2.08236041013601e-21	ATG4B	c3
2.34750704011021e-07	0.404215921962557	0.011	0.025	0.00859211051750736	MTERF2	c3
3.44557906953607e-07	0.403647065004114	0.004	0.013	0.012611163952409	HS6ST1	c3
1.58861717848375e-11	0.40339510256676	0.03	0.058	5.81449773496838e-07	ANAPC1	c3
1.36357925249402e-10	0.403268150466111	0.061	0.097	4.99083642205336e-06	DBF4	c3
2.41277664482194e-31	0.402966943483954	0.108	0.203	8.83100379771279e-27	ADSS	c3
1.89850159461493e-95	0.402957151021584	0.797	0.783	6.94870568645012e-91	EEF1G	c3
4.41814076326238e-08	0.402828106483001	0.212	0.292	0.00161708370076166	IL10RA	c3
2.23558166373078e-34	0.402378249004949	0.16	0.289	8.18245244742104e-30	VPS36	c3
7.35500339585356e-07	0.401873923953112	0.031	0.05	0.0269200479291636	CBFA2T2	c3
4.13007183991334e-26	0.401435747134382	0.035	0.087	1.51164759412668e-21	RNF8	c3
3.07706121107444e-16	0.400902535557184	0.04	0.079	1.12623517386536e-11	GMDS	c3
1.00310225458564e-36	0.400866012231784	0.126	0.24	3.6714545620089e-32	PDCD2	c3
1.87563387407835e-184	0.399758507665838	0.934	0.869	6.86500754251417e-180	RPS21	c3
1.14685114891886e-11	0.399577029683563	0.042	0.073	4.19758989015791e-07	PRPSAP2	c3
4.12050726616271e-12	0.399506233671216	0.024	0.051	1.50814686448821e-07	POLR2M	c3
4.7750689319562e-51	0.399001109517756	0.098	0.221	1.74772297978529e-46	COQ4	c3
2.69738486294964e-25	0.398815139445525	0.063	0.127	9.87269833688196e-21	UNC13D	c3
2.67073326997215e-185	0.398706926063576	0.939	0.858	9.77515084142507e-181	RPL36	c3
7.60780702822905e-229	0.398497368091475	0.979	0.907	2.78453345040212e-224	RPS28	c3
7.55398030815005e-30	0.398483250209236	0.045	0.107	2.764832332586e-25	YBEY	c3
1.29200851400351e-14	0.398452182319402	0.015	0.041	4.72888036210423e-10	MPV17L2	c3
4.27349340414706e-23	0.39739634373116	0.174	0.284	1.56414132085186e-18	TMX4	c3
3.97012105651266e-38	0.397266770601265	0.099	0.202	1.4531040078942e-33	BCCIP	c3
7.72643178704717e-12	0.396596052234484	0.025	0.05	2.82795129837713e-07	STRIP1	c3
1.0614671545945e-29	0.396512768984979	0.068	0.142	3.88507593253132e-25	PRPF19	c3
7.55802547319151e-31	0.396365731558436	0.077	0.157	2.76631290344282e-26	PFDN4	c3
2.74753693695075e-47	0.395572719120077	0.109	0.232	1.00562599429334e-42	POP5	c3
5.91193175166518e-56	0.395100782013905	0.083	0.204	2.16382614042697e-51	DDA1	c3
1.88352755528085e-07	0.394888168183076	0.017	0.032	0.00689389920508345	RGS9	c3
1.14707975997524e-26	0.394743320292739	0.103	0.188	4.19842662948538e-22	SH3BP1	c3
8.43755871368712e-12	0.394704758464557	0.106	0.158	3.08823086479662e-07	RABGAP1L	c3
1.62468849990462e-14	0.394602237608229	0.024	0.054	5.9465223785009e-10	UBR7	c3
4.77614918278936e-28	0.394576359816456	0.077	0.152	1.74811836239273e-23	UTP23	c3
9.03357653907063e-13	0.394431273995421	0.57	0.682	3.30637934906524e-08	GMFG	c3
2.51857353658569e-12	0.394329366043305	0.028	0.056	9.21823100125728e-08	TRIM41	c3
1.96298922198886e-14	0.3941275965597	0.027	0.058	7.18473685140143e-10	UNG	c3
7.77110283857211e-32	0.393964991364569	0.106	0.201	2.84430134994578e-27	GTF2F1	c3
1.0019901236692e-24	0.392823285179481	0.187	0.309	3.66738405164163e-20	SP110	c3
2.13689741770389e-40	0.392633508678265	0.197	0.363	7.82125823853802e-36	EMC4	c3
4.30245748433177e-36	0.392224446631404	0.186	0.334	1.57474246384027e-31	SNRPF	c3
9.80485322816139e-11	0.39211039381601	0.015	0.036	3.58867433003935e-06	DHX37	c3
1.42597763329339e-20	0.391118105062528	0.038	0.084	5.21922073561715e-16	GPN1	c3
2.7529559892332e-30	0.390910686199319	0.176	0.305	1.00760942161924e-25	TRA2B	c3
4.53644559168813e-22	0.390585726212022	0.042	0.091	1.66038445101377e-17	NR2C2AP	c3
1.39462533966548e-22	0.390241494709964	0.103	0.179	5.10446820570961e-18	RO60	c3
3.12546275917673e-32	0.390038465706696	0.027	0.083	1.14395062448627e-27	IDNK	c3
2.42661849748856e-36	0.389660366842091	0.1	0.2	8.88166636265787e-32	ATG12	c3
4.15081177942209e-51	0.389533400734019	0.161	0.324	1.51923861938628e-46	CISD3	c3
1.2869915483368e-17	0.389104005912085	0.046	0.09	4.71051776606754e-13	FAM217B	c3
5.55588006410815e-18	0.388784844283606	0.222	0.343	2.03350766226422e-13	KRAS	c3
2.62919385981813e-30	0.388599786218416	0.098	0.186	9.62311244632036e-26	XPA	c3
4.85157822260546e-51	0.388384100280595	0.142	0.291	1.77572614525582e-46	TXN2	c3
5.91566170118136e-08	0.388234579738593	0.057	0.086	0.00216519133924939	FAS	c3
3.02357891680832e-18	0.388222162583616	0.051	0.098	1.10666011934101e-13	WASHC2A	c3
7.10979617714302e-34	0.38806154447033	0.06	0.136	2.60225649879612e-29	NSMCE4A	c3
3.12843837574122e-41	0.38742778918107	0.039	0.114	1.14503972990504e-36	CCDC71	c3
4.16798415165706e-35	0.387088967414789	0.049	0.121	1.525523879348e-30	ECSIT	c3
3.16371471222002e-26	0.386753971980354	0.061	0.126	1.15795122181965e-21	C1orf131	c3
1.20749779474281e-16	0.386724344855439	0.039	0.078	4.41956267853815e-12	PMM2	c3
5.04891680092436e-33	0.386644803369661	0.241	0.42	1.84795403830633e-28	HMGN3	c3
1.25762140557612e-32	0.386574180366138	0.1	0.194	4.60302010654916e-28	SNRPA1	c3
2.09369425402604e-12	0.386555882085825	0.018	0.042	7.66313033916071e-08	UNK	c3
6.06553449250188e-13	0.386178459883932	0.022	0.048	2.22004627960061e-08	UAP1	c3
7.87284805774324e-09	0.386016316200121	0.324	0.471	0.00028815411176146	APBB1IP	c3
1.08986385598479e-10	0.386003671903192	0.024	0.048	3.98901069928993e-06	IQCG	c3
7.34374390160991e-08	0.38552450628918	0.01	0.023	0.00268788370542824	ZNF197	c3
1.1712375269587e-15	0.38539856603564	0.034	0.07	4.28684647242154e-11	SNRNP48	c3
8.94799755619842e-32	0.385102912993945	0.658	0.727	3.27505658554418e-27	EIF3K	c3
2.47021084998421e-44	0.385098117144759	0.106	0.223	9.04121873202721e-40	ARRDC1	c3
1.29461382363578e-19	0.384896352961783	0.071	0.128	4.73841605588932e-15	CTDSP1	c3
7.82609934537214e-30	0.384894394001732	0.094	0.18	2.86443062139966e-25	NGDN	c3
4.58628618122722e-27	0.384794807964425	0.085	0.162	1.67862660519098e-22	DCAF8	c3
7.17780408482119e-56	0.384417082570334	0.153	0.318	2.6271480730854e-51	CYC1	c3
4.62038806167141e-27	0.384380526307263	0.219	0.365	1.69110823445235e-22	SYF2	c3
3.14410387362622e-12	0.384313360531564	0.053	0.09	1.15077345878593e-07	PSPC1	c3
4.13337431459887e-31	0.384306102526442	0.043	0.106	1.51285633288633e-26	ERAL1	c3
2.35668399645809e-13	0.384158563558704	0.061	0.103	8.62569909543626e-09	PRORP	c3
3.52630473765645e-38	0.38393627255963	0.036	0.105	1.29066279702964e-33	NFKBIL1	c3
1.48310883275545e-12	0.383822412741655	0.032	0.061	5.42832663876822e-08	MUTYH	c3
1.49982448328892e-34	0.38361142284777	0.223	0.393	5.48950759128577e-30	PPP4C	c3
1.17444184527494e-258	0.383498053269408	0.993	0.923	4.29857459789082e-254	RPL32	c3
5.44167323717548e-07	0.382924065377542	0.009	0.021	0.019917068215386	POLA1	c3
6.88498059272173e-35	0.38265933459609	0.089	0.181	2.51997174674208e-30	RANGRF	c3
2.20980769545634e-132	0.382027954981036	0.949	0.881	8.08811714613976e-128	RPL15	c3
6.5285177045438e-25	0.381939205723078	0.057	0.117	2.38950276504008e-20	OARD1	c3
1.24844755701983e-26	0.381548715982555	0.037	0.091	4.5694429034483e-22	RPP25L	c3
2.14504412919501e-09	0.381517073332007	0.352	0.523	7.85107601726664e-05	CUTA	c3
1.33903765016598e-11	0.381395615094867	0.013	0.034	4.90101170337251e-07	ERCC8	c3
1.04222007468388e-30	0.381383129983237	0.067	0.141	3.81462969535047e-26	LENG1	c3
2.53214212887647e-49	0.381348560737035	0.092	0.209	9.26789340590077e-45	TUSC2	c3
1.23679533175804e-70	0.381228170150059	0.778	0.787	4.5267945937676e-66	BTF3	c3
1.29913601945759e-10	0.381026793416906	0.025	0.049	4.75496774481673e-06	GCFC2	c3
3.11310315540791e-14	0.380892081919395	0.02	0.047	1.13942688591085e-09	CLP1	c3
1.57964833779953e-17	0.380715742774698	0.017	0.047	5.78167088118006e-13	UBXN8	c3
1.07477400840805e-30	0.380133818377235	0.09	0.175	3.93378034817432e-26	SGF29	c3
9.46441449029637e-28	0.380073968888339	0.204	0.34	3.46407034759338e-23	IK	c3
7.1345224788094e-24	0.379969120230877	0.099	0.176	2.61130657246903e-19	RBM27	c3
5.55993162396902e-19	0.379360796011207	0.079	0.138	2.0349905736889e-14	SPATA13	c3
1.08989956075823e-11	0.37924951612074	0.01	0.029	3.98914138233121e-07	ZNF468	c3
1.29477143706636e-34	0.379014837079984	0.228	0.4	4.73899293680659e-30	PSMD4	c3
2.7621049736136e-23	0.378963087707351	0.033	0.079	1.01095804139231e-18	DNAJC30	c3
3.84407007908552e-25	0.378161922198207	0.192	0.316	1.40696808964609e-20	U2SURP	c3
1.21384741555888e-21	0.377747913903929	0.06	0.117	4.44280292568707e-17	ACTR6	c3
4.68356504559296e-21	0.377375800749296	0.06	0.115	1.71423164233748e-16	CDK11B	c3
7.75794934865666e-29	0.377104984958716	0.072	0.145	2.83948704110182e-24	ASB8	c3
4.39158835873705e-48	0.376667633957862	0.19	0.367	1.60736525518135e-43	PHB	c3
2.96885484394326e-91	0.376633752093507	0.934	0.886	1.08663056143167e-86	CFL1	c3
1.36594026205064e-14	0.376409910551893	0.014	0.04	4.99947795313155e-10	CXorf40A	c3
3.77091392086219e-32	0.376396523348804	0.219	0.378	1.38019220417477e-27	TRAPPC5	c3
1.08232845226242e-13	0.376214302064906	0.035	0.068	3.96143036812569e-09	GTPBP8	c3
1.69423989590274e-23	0.376011862409535	0.097	0.173	6.20108744299361e-19	U2AF2	c3
7.72837826228774e-24	0.375758366354726	0.048	0.103	2.82866372777994e-19	GRK6	c3
1.51119280304e-14	0.375447809140641	0.306	0.268	5.5311167784067e-10	SPOCK2	c3
9.41695459069844e-13	0.375213260009324	0.027	0.055	3.44669954974154e-08	POLR3D	c3
3.21393376435718e-07	0.374784455128899	0.027	0.046	0.0117633189709237	ZNF236	c3
3.38281821409331e-40	0.374647610941243	0.183	0.337	1.23814529454029e-35	RAB11B	c3
4.26302312067259e-08	0.374210870406811	0.021	0.039	0.00156030909239738	ETV3	c3
1.49857299828601e-13	0.374109607157271	0.027	0.057	5.48492703102662e-09	CHRNB1	c3
5.51922837826597e-08	0.374072862897568	0.013	0.028	0.00202009277872913	ZMYM3	c3
2.33146949933988e-17	0.373438191226386	0.039	0.079	8.5334115145339e-13	ALKBH6	c3
4.9800467137096e-20	0.373346372865727	0.276	0.44	1.82274689768485e-15	SPCS2	c3
1.0554297450716e-12	0.373223043056827	0.018	0.043	3.86297840993654e-08	ARMC7	c3
4.28734912902694e-29	0.372858876002412	0.111	0.203	1.56921265471515e-24	SAFB2	c3
5.5835394525871e-15	0.372702778293592	0.318	0.495	2.0436312750414e-10	ARF5	c3
7.26102239054561e-17	0.37230886389807	0.081	0.137	2.6576068051636e-12	CD84	c3
1.03009564402031e-40	0.371878988420998	0.09	0.192	3.77025306667874e-36	HIKESHI	c3
2.13721256337629e-24	0.371865005350207	0.049	0.105	7.82241170321357e-20	ATF1	c3
2.74338075843659e-15	0.371845497138323	0.031	0.065	1.00410479139538e-10	TMEM181	c3
2.69262353131314e-41	0.371810371890515	0.097	0.203	9.85527138695921e-37	CCS	c3
4.36512565910207e-39	0.371367022532539	0.071	0.16	1.59767964248795e-34	BAD	c3
3.70668954202886e-20	0.371363740114512	0.02	0.055	1.35668543927798e-15	AL441992.1	c3
7.50238105498903e-17	0.371345802290923	0.046	0.089	2.74594648993654e-12	PCNT	c3
1.05486356975984e-15	0.371260393366875	0.023	0.054	3.86090615167798e-11	ADAT1	c3
2.1792895675374e-27	0.371163941580766	0.108	0.195	7.97641774614364e-23	SAP30BP	c3
1.04371240175184e-15	0.371118188499431	0.063	0.11	3.82009176165192e-11	COX19	c3
8.74136257112638e-32	0.371116128141895	0.225	0.388	3.19942611465797e-27	ZC3H15	c3
8.91128678720325e-16	0.370437826181739	0.127	0.197	3.26162007698426e-11	ANP32E	c3
4.0516444792335e-42	0.37038085089252	0.201	0.371	1.48294239584425e-37	SEC11C	c3
3.47104766185056e-23	0.370067019407914	0.062	0.121	1.27043815471392e-18	NUP42	c3
9.24488229347424e-19	0.369880677119851	0.024	0.059	3.38371936823451e-14	TMEM203	c3
1.07448426210783e-26	0.369372958634064	0.125	0.219	3.93271984774085e-22	GOLGA7	c3
1.29869812003722e-24	0.369294488106697	0.05	0.106	4.75336498914823e-20	PIGH	c3
3.70528281993478e-31	0.36926880431525	0.125	0.229	1.35617056492433e-26	DDX39A	c3
1.55099429328368e-28	0.369080026784024	0.049	0.112	5.67679421284759e-24	AARSD1	c3
1.86696919777534e-13	0.368889913134939	0.023	0.051	6.83329396077751e-09	SLC27A5	c3
4.09421648823417e-22	0.368820841919361	0.047	0.098	1.49852417685859e-17	NPRL3	c3
4.11164515159209e-64	0.368672724903506	0.142	0.312	1.50490324193422e-59	GET3	c3
6.94971227961173e-23	0.36795166759573	0.027	0.071	2.54366419146069e-18	EIF1AD	c3
3.01318408753006e-25	0.367369366167345	0.061	0.125	1.10285550787688e-20	MPHOSPH10	c3
1.82724454578976e-30	0.367178989363182	0.087	0.17	6.68789776204511e-26	UBLCP1	c3
1.57336800461273e-20	0.366458508408757	0.051	0.102	5.75868423368304e-16	PPAN	c3
9.12782862584138e-27	0.366438664335823	0.089	0.166	3.3408765553442e-22	CCM2	c3
1.12578495823992e-35	0.366409052489322	0.092	0.187	4.12048552565392e-31	FYTTD1	c3
1.22463244844962e-33	0.365783865000842	0.2	0.35	4.48227722457047e-29	CCT3	c3
2.47135116183128e-31	0.365759054851897	0.047	0.112	9.04539238741868e-27	ATXN10	c3
1.22135750726018e-18	0.36510920281539	0.048	0.094	4.47029061232298e-14	FBXW2	c3
7.51426690365796e-23	0.36508618311814	0.086	0.156	2.75029682940785e-18	USP1	c3
6.70574715655067e-25	0.364495237630211	0.062	0.125	2.45437051676911e-20	EXOSC9	c3
2.860933084118e-37	0.364101735313978	0.111	0.219	1.04713011811803e-32	IAH1	c3
5.91287025552267e-08	0.363853818615616	0.028	0.048	0.00216416964222385	RPTOR	c3
4.53079941573027e-23	0.363783671245663	0.142	0.236	1.65831789415143e-18	SENP6	c3
3.71853907699615e-36	0.363484447699883	0.701	0.764	1.36102248757136e-31	CD37	c3
4.05801172638922e-11	0.362931686956319	0.029	0.055	1.48527287197572e-06	IMMP1L	c3
3.47920836108938e-24	0.362893536932923	0.058	0.118	1.27342505224232e-19	NME6	c3
6.24693174246097e-23	0.362795807665915	0.026	0.068	2.28643948705814e-18	ZDHHC16	c3
3.33636321309718e-51	0.362785893830202	0.109	0.239	1.2211422996257e-46	DDT	c3
8.03306680138192e-07	0.362726921248596	0.015	0.029	0.029401827799738	FAM111A-DT	c3
1.03463847678156e-15	0.362554385480085	0.317	0.498	3.78688028886819e-11	JTB	c3
7.01913446607945e-45	0.362534314881853	0.075	0.175	2.56907340592974e-40	RFXANK	c3
5.21778697164432e-21	0.362523697029855	0.296	0.477	1.90976220949154e-16	SNU13	c3
2.42640264724747e-21	0.362434520514552	0.266	0.425	8.88087632919047e-17	SPN	c3
4.71524133724226e-08	0.362320862135791	0.355	0.525	0.00172582548184404	C19orf53	c3
3.31998571174523e-09	0.361821201769407	0.012	0.028	0.000121514797035587	PDE6B	c3
3.25306926672991e-08	0.361775024015915	0.015	0.031	0.00119065588231581	NLE1	c3
2.74404104967027e-55	0.360896094810032	0.141	0.296	1.00434646458982e-50	CLTB	c3
5.34439244516212e-50	0.360114105179463	0.11	0.238	1.95610107885379e-45	SCNM1	c3
3.03666282878689e-36	0.359888995009293	0.094	0.19	1.11144896196429e-31	COMMD2	c3
1.20652958910285e-20	0.359858481110473	0.094	0.162	4.41601894907535e-16	EHMT1	c3
9.77920701533374e-28	0.359631913194306	0.032	0.084	3.5792875596823e-23	LRRC28	c3
7.31518548105411e-07	0.3593756509861	0.158	0.211	0.0267743103792062	PLSCR3	c3
9.73618138224106e-21	0.359306898105006	0.059	0.114	3.56353974771405e-16	WASHC2C	c3
5.82249974223176e-293	0.359100736870999	0.999	0.969	2.13109313065424e-288	MALAT1	c3
1.99500798714086e-46	0.358905296774881	0.089	0.199	7.30192873373425e-42	LLPH	c3
8.33499146808715e-48	0.358885664280741	0.073	0.176	3.05069022723458e-43	ZNF32	c3
8.02779721918144e-12	0.358831933695191	0.033	0.062	2.9382540601926e-07	ATP6V0A2	c3
1.73623441788793e-21	0.358789635014792	0.051	0.103	6.3547915929116e-17	USP39	c3
4.32196050068395e-11	0.358602182998817	0.012	0.031	1.58188076285533e-06	SNHG11	c3
7.0448014894089e-07	0.358438584431259	0.007	0.018	0.0257846779313855	AC005562.1	c3
2.16370590078704e-59	0.358251957538144	0.826	0.815	7.91937996747065e-55	COX4I1	c3
3.773323341167e-09	0.357602687107683	0.024	0.045	0.000138107407610053	PDCD4-AS1	c3
5.4049572861036e-36	0.356815648792647	0.123	0.234	1.97826841628678e-31	ZNF24	c3
1.61187683900498e-20	0.356812478087198	0.027	0.066	5.89963041844214e-16	TMEM216	c3
3.49539268504936e-51	0.356604462649141	0.078	0.189	1.27934867665492e-46	TAPBPL	c3
8.67319712303686e-17	0.356551240571026	0.042	0.083	3.17447687900272e-12	CCDC97	c3
2.34549278544315e-41	0.356455982017049	0.108	0.221	8.58473814400046e-37	URM1	c3
1.17386066198556e-147	0.35610969748354	0.966	0.894	4.29644740893335e-143	RPLP0	c3
1.72226963585911e-10	0.355917584140784	0.008	0.025	6.30367909420793e-06	CDC34	c3
9.29429715599856e-168	0.355288692314717	0.949	0.867	3.40180570206703e-163	RPS5	c3
3.3539745272944e-48	0.355272131242722	0.093	0.208	1.22758821673502e-43	DNPEP	c3
1.86344799745929e-19	0.355030262963819	0.063	0.116	6.82040601550074e-15	NT5DC1	c3
8.0345302209256e-23	0.354937672381377	0.141	0.233	2.94071840616098e-18	TSC22D4	c3
1.45303805137543e-19	0.35421439064484	0.046	0.094	5.31826457183923e-15	ZBTB44	c3
9.73985535419759e-13	0.353910385990309	0.128	0.191	3.56488445818986e-08	R3HDM4	c3
7.39071919218023e-36	0.353291244630273	0.251	0.441	2.70507713152988e-31	SSBP1	c3
1.37858939494461e-23	0.352861298818397	0.038	0.088	5.04577504443675e-19	CGRRF1	c3
1.28470441827413e-25	0.352751497165457	0.023	0.068	4.70214664132514e-21	FUNDC1	c3
4.63251538441598e-45	0.352693536106701	0.086	0.192	1.69554695585009e-40	BRMS1	c3
1.83402828876305e-13	0.352418230160655	0.059	0.1	6.71272693970163e-09	ATF7IP2	c3
2.02106871045091e-07	0.352248850778257	0.016	0.031	0.00739731358712137	SPAG16	c3
5.85127944176645e-08	0.352248187393954	0.026	0.046	0.00214162678848094	CARNMT1	c3
1.57233975007824e-22	0.351786720426818	0.084	0.152	5.75492071926138e-18	NARF	c3
1.65885917222556e-14	0.351608295654479	0.061	0.105	6.07159045626277e-10	SNHG15	c3
9.89498400470805e-10	0.351528531592292	0.348	0.524	3.62166309556319e-05	COPE	c3
1.78741413861332e-07	0.350792763308975	0.015	0.03	0.00654211448873862	ZNF749	c3
4.87573416693507e-34	0.350752699823734	0.066	0.145	1.78456746243991e-29	NXT1	c3
4.16953236585953e-36	0.350721046181982	0.039	0.106	1.52609054122825e-31	GON7	c3
4.37079538647529e-34	0.35048602288239	0.222	0.387	1.59975481940382e-29	SCAMP2	c3
1.37579027815077e-33	0.350423664221837	0.1	0.195	5.03552999705965e-29	SMIM29	c3
2.04143778860943e-10	0.350082945332182	0.054	0.087	7.47186645008937e-06	ZMYM5	c3
5.18745135078268e-15	0.35008120531447	0.098	0.156	1.89865906889997e-10	SAMD9	c3
2.26527975484714e-07	0.350040490395546	0.03	0.05	0.008291150430716	SLC25A12	c3
9.71673955439348e-52	0.349698024895777	0.17	0.339	3.55642384430356e-47	MRPL43	c3
2.26792779513651e-33	0.349269876863954	0.075	0.158	8.30084252297912e-29	TNIP2	c3
3.24005492831355e-10	0.34916187156409	0.013	0.031	1.18589250431204e-05	ARMC2	c3
8.08469414294965e-56	0.348482875061563	0.093	0.219	2.959078903261e-51	MRPL28	c3
3.68070745541325e-38	0.348458499932945	0.057	0.138	1.3471757357558e-33	SNRNP27	c3
8.44422367862251e-19	0.347734486003669	0.024	0.06	3.09067030861262e-14	GEMIN8	c3
1.1298999460247e-28	0.347011067070206	0.039	0.097	4.13554679244499e-24	C12orf43	c3
1.13290681616413e-12	0.346864952815376	0.021	0.047	4.14655223784231e-08	ZNF664	c3
2.01723080606068e-103	0.346687674590934	0.834	0.804	7.3832664732627e-99	EEF1B2	c3
3.76317752188159e-07	0.346576148134315	0.311	0.436	0.0137736060478388	SF3B1	c3
4.16727998195353e-22	0.346461112659934	0.042	0.092	1.52526614619481e-17	RPAP3	c3
5.01701251608234e-07	0.346138773566541	0.02	0.036	0.018362767510113	TMCO6	c3
1.98876154863603e-35	0.34566449525341	0.063	0.142	7.27906614416275e-31	SLC35C2	c3
6.92975731442544e-32	0.345392267909958	0.048	0.115	2.53636047465286e-27	HCFC1	c3
6.85232301597276e-15	0.345371389510151	0.065	0.111	2.50801874707619e-10	SCAF4	c3
2.29364739988514e-58	0.345294991674803	0.134	0.289	8.39497884831958e-54	AGTRAP	c3
4.6576103783269e-09	0.345132908080791	0.362	0.538	0.000170473197457143	DRAP1	c3
4.78671988852244e-11	0.344871373365048	0.015	0.036	1.7519873463981e-06	WWOX	c3
2.66896118958907e-40	0.344839729259092	0.106	0.215	9.76866485001495e-36	ZNRD1	c3
1.27912599558602e-14	0.344763149183283	0.018	0.045	4.68172905644439e-10	PARP2	c3
3.26685773893421e-08	0.344584807661292	0.191	0.26	0.00119570260102731	TNFAIP8	c3
7.86565105844706e-44	0.343890625824271	0.108	0.224	2.87890694390221e-39	PWP1	c3
2.94828396175343e-19	0.343661954395612	0.028	0.067	1.07910141284137e-14	PINX1	c3
1.00511191920261e-13	0.343572532436859	0.044	0.08	3.67881013547347e-09	RNF44	c3
5.20405300005416e-09	0.343129112055873	0.029	0.051	0.000190473543854982	ARHGAP19	c3
4.55778895552587e-14	0.343115734263391	0.025	0.054	1.66819633561202e-09	NOL10	c3
4.86801916153004e-54	0.342828882677949	0.136	0.285	1.78174369331161e-49	CWC15	c3
8.32341877902197e-45	0.342659085249895	0.077	0.178	3.04645450730983e-40	STARD7	c3
3.92598834015214e-29	0.342516390068735	0.115	0.209	1.43695099237908e-24	CEP57	c3
2.56671601073275e-10	0.342375452148502	0.033	0.059	9.39443727088295e-06	ELMOD3	c3
1.63112969154602e-07	0.342122650314427	0.057	0.084	0.00597009778402759	GALM	c3
6.65903275323962e-51	0.34183047035488	0.15	0.303	2.43727257801323e-46	RTF2	c3
8.70211447703195e-32	0.341811227265346	0.042	0.105	3.18506091973846e-27	MAGOHB	c3
1.85826968032184e-15	0.340529037790435	0.092	0.149	6.80145285694597e-11	SP140	c3
1.20129904708845e-31	0.340437273998973	0.058	0.129	4.39687464224844e-27	SRPRB	c3
3.24253082668896e-29	0.340280250804936	0.085	0.165	1.18679870787643e-24	C19orf25	c3
7.64360755917034e-30	0.340163620470399	0.055	0.122	2.79763680273194e-25	HPF1	c3
1.91792019279816e-12	0.340052146312904	0.012	0.033	7.01977969766053e-08	MMAA	c3
3.24426030174856e-43	0.33988884095569	0.127	0.253	1.18743171304299e-38	PTPN2	c3
1.79084387054972e-45	0.339810227511256	0.063	0.157	6.55466765059904e-41	GPATCH11	c3
9.15437175219342e-13	0.339524992592452	0.037	0.069	3.35059160502031e-08	RBM48	c3
8.39667228052321e-33	0.339428561484611	0.257	0.445	3.0732660213943e-28	UBE2L3	c3
2.83079280788474e-51	0.338934989732306	0.083	0.196	1.03609847561389e-46	ZNF511	c3
3.23766072622309e-92	0.338771483208394	0.917	0.891	1.18501620240492e-87	EIF1	c3
5.99692129550596e-19	0.338377088248918	0.04	0.084	2.19493316336814e-14	CEP290	c3
1.26370860301319e-06	0.338287294176642	0.01	0.022	0.0462529985788859	NUDT7	c3
6.3294509092235e-19	0.337832320478986	0.043	0.088	2.31664232728489e-14	RNF40	c3
3.75742033556158e-21	0.337783026784879	0.053	0.105	1.37525341701889e-16	VCPIP1	c3
2.25941923481707e-30	0.337689980802142	0.061	0.133	8.26970034135395e-26	DRG2	c3
4.22491699103841e-29	0.337608656521662	0.065	0.136	1.54636186788997e-24	C1orf52	c3
4.55847408468559e-08	0.337057597058033	0.015	0.031	0.00166844709973577	GTF2IRD2B	c3
5.50611005638934e-25	0.336997423620817	0.267	0.439	2.01529134173906e-20	UBE2I	c3
1.1994726058357e-20	0.336680617669639	0.027	0.067	4.39018968461923e-16	UBE2S	c3
2.77912132792839e-56	0.336519230976187	0.105	0.239	1.01718619723507e-51	ZFAND6	c3
3.5349581399845e-11	0.336438168082898	0.035	0.063	1.29383002881573e-06	LMBR1L	c3
1.23011122861943e-27	0.336064428651282	0.217	0.36	4.50233010786997e-23	MCUB	c3
2.45594115932475e-27	0.335707518839611	0.158	0.27	8.98899023724451e-23	MAT2B	c3
3.3018230345642e-25	0.335435479446754	0.038	0.089	1.20850024888084e-20	P4HTM	c3
1.22644663718132e-15	0.335278645679253	0.082	0.136	4.48891733674735e-11	SMC5	c3
1.1053797510117e-31	0.335237187486512	0.092	0.18	4.04580042667792e-27	DNAJC2	c3
4.78982361397007e-07	0.335228609334594	0.009	0.022	0.0175312334094919	ZSWIM9	c3
7.63700429896974e-10	0.335140800292311	0.011	0.028	2.79521994346591e-05	CYP2U1	c3
4.41224245962509e-50	0.334821595034351	0.094	0.212	1.61492486264738e-45	CUEDC2	c3
5.26154242349829e-22	0.334637185452279	0.063	0.121	1.92577714242461e-17	TBC1D10A	c3
4.32978093969142e-23	0.334607614674657	0.184	0.298	1.58474312173646e-18	SNHG5	c3
7.99084176437208e-23	0.334450058225149	0.036	0.084	2.92472799417782e-18	KIF13B	c3
1.48964555623379e-24	0.333927549501021	0.043	0.096	5.4522517003713e-20	GALNT11	c3
6.15550866122822e-14	0.333909982271637	0.034	0.067	2.25297772509614e-09	PLEKHF2	c3
4.76679743580539e-42	0.333547079399431	0.205	0.376	1.74469552947913e-37	TGFB1	c3
4.21909461254489e-12	0.333322617147764	0.022	0.048	1.54423081913756e-07	PCGF6	c3
3.96690366107783e-34	0.333151828575881	0.217	0.379	1.4519264089911e-29	PPM1G	c3
5.41411593169142e-14	0.332942229379694	0.02	0.047	1.98162057215838e-09	CBR4	c3
3.04121518758703e-27	0.332928647028606	0.085	0.161	1.11311517080873e-22	RAP2B	c3
2.7207758881322e-18	0.332863286833934	0.032	0.071	9.95831182815265e-14	C11orf49	c3
4.75419633887198e-20	0.33264114844549	0.045	0.092	1.74008340199053e-15	DUS3L	c3
3.73205822466928e-34	0.332498873388485	0.11	0.211	1.3659706308112e-29	SURF4	c3
1.43901257925324e-09	0.332236532846557	0.016	0.034	5.26692994132477e-05	ABCC5	c3
1.37917505762044e-27	0.331340807526734	0.276	0.465	5.04791862839659e-23	GABARAPL2	c3
8.2632388305743e-57	0.331129624666919	0.09	0.216	3.0244280443785e-52	SMIM12	c3
6.84565395547283e-07	0.330949305481456	0.013	0.026	0.0250557780424261	ZNF623	c3
4.2342287307397e-12	0.330927599034122	0.03	0.058	1.54977005773804e-07	CPTP	c3
5.28524784549582e-33	0.330468225693939	0.255	0.439	1.93445356392993e-28	SNRPB	c3
2.24111710952906e-30	0.330114717368323	0.078	0.157	8.20271273258732e-26	EXOSC8	c3
5.07700183070706e-34	0.329632836411276	0.131	0.243	1.85823344005709e-29	GRSF1	c3
6.72456283092037e-48	0.329096735135097	0.106	0.228	2.46125724174516e-43	CDC26	c3
4.82109331029978e-28	0.32883876681922	0.071	0.142	1.76456836250282e-23	CHRAC1	c3
8.4984394952317e-27	0.328775922747907	0.279	0.463	3.11051383964975e-22	PHB2	c3
6.39711925459249e-52	0.328723162631803	0.064	0.167	2.3414096183734e-47	PLGRKT	c3
8.20318946029e-07	0.328701784210289	0.023	0.04	0.0300244937436074	LINC00476	c3
6.88545304653194e-28	0.328605095305691	0.261	0.438	2.52014466956116e-23	SEC61G	c3
1.7266708661275e-30	0.32823684536901	0.036	0.095	6.31978803711328e-26	CTBP1	c3
3.88412213387341e-158	0.328236354082974	0.982	0.916	1.42162754221901e-153	RPL8	c3
1.51592174755573e-48	0.328189655004115	0.192	0.368	5.54842518822872e-44	GTF2A2	c3
3.51528519615713e-26	0.327558028388674	0.27	0.45	1.28662953464547e-21	LMAN2	c3
3.34086777978776e-12	0.327343929379526	0.019	0.042	1.22279101608012e-07	ZNF414	c3
3.81295867883008e-39	0.326828188221096	0.235	0.42	1.3955810060386e-34	EIF3I	c3
3.84171503813654e-48	0.326770217053891	0.119	0.248	1.40610612110836e-43	TADA3	c3
6.41033785490774e-38	0.326607331160843	0.223	0.4	2.34624775827478e-33	DCTN3	c3
1.56016994963317e-56	0.326568144242945	0.166	0.339	5.71037803265238e-52	FLOT1	c3
1.2818887225318e-53	0.326077353189274	0.109	0.242	4.69184091333865e-49	METTL5	c3
1.84468856872228e-14	0.326034559391517	0.08	0.129	6.75174463038042e-10	TMEM50B	c3
3.2233354562207e-20	0.325776863738138	0.047	0.095	1.17977301033134e-15	C12orf76	c3
4.16952373623689e-47	0.325550463034066	0.088	0.198	1.52608738270006e-42	PHF5A	c3
7.06846884209134e-33	0.325372595399936	0.046	0.113	2.58713028089385e-28	RCE1	c3
8.20979540506752e-41	0.325339359850604	0.072	0.165	3.00486721620876e-36	TRMT10C	c3
3.43898690144281e-08	0.325313733007561	0.011	0.025	0.00125870359579708	XXYLT1	c3
1.70162471762761e-54	0.325166789263974	0.149	0.308	6.2281166289888e-50	PSMC4	c3
7.12951956038623e-13	0.324653065024737	0.031	0.061	2.60947545429696e-08	C16orf87	c3
2.66195973755853e-16	0.32458362723068	0.033	0.069	9.74303883543796e-12	BOP1	c3
5.09475468753376e-14	0.324382593069502	0.025	0.054	1.86473116318423e-09	CIAO3	c3
5.11325765761046e-30	0.324005202666248	0.096	0.183	1.871503435262e-25	RBBP7	c3
9.06010341957727e-25	0.323941097481924	0.041	0.094	3.31608845259948e-20	YAF2	c3
1.84443941671806e-12	0.32390482880675	0.024	0.05	6.75083270912978e-08	ZNF350	c3
7.14171796639261e-37	0.323773871869275	0.068	0.152	2.61394019287936e-32	GTF2E2	c3
1.96382352783377e-27	0.323722493132575	0.075	0.148	7.1877904942244e-23	ABCE1	c3
1.30198802508653e-18	0.323237396176476	0.633	0.724	4.7654063706192e-14	MIF	c3
3.66026988206589e-21	0.323209471333525	0.086	0.152	1.33969537953494e-16	MTG1	c3
9.58649314801612e-10	0.322724413493009	0.06	0.093	3.50875235710538e-05	RGS14	c3
2.63269538521158e-09	0.322488671564782	0.026	0.048	9.63592837941291e-05	DYRK2	c3
3.19805287883837e-23	0.322199624690529	0.047	0.1	1.17051933418363e-18	GAR1	c3
4.44421645775168e-38	0.322196308570512	0.147	0.274	1.62662766570169e-33	COMMD7	c3
1.44364527134682e-30	0.322078858825723	0.081	0.161	5.28388605765649e-26	ACBD6	c3
1.31226967110989e-18	0.321984875740664	0.032	0.071	4.80303822322931e-14	PIAS4	c3
4.32587015598969e-11	0.321779414746093	0.028	0.053	1.58331173579379e-06	EAF1	c3
4.61654799475377e-07	0.321572984006455	0.023	0.04	0.0168970273155983	KRBOX4	c3
1.67346264423254e-08	0.32124354761401	0.024	0.044	0.000612504062415553	SENP2	c3
4.38914609228064e-20	0.321146484650999	0.032	0.074	1.60647136123564e-15	LINC00339	c3
1.23920036224555e-31	0.321067783846444	0.038	0.099	4.53559724585493e-27	MIDN	c3
2.82853227308423e-09	0.321046112516702	0.031	0.055	0.000103527109727156	ZNF699	c3
3.8189505205313e-37	0.320988279732137	0.038	0.106	1.39777408001966e-32	DYRK4	c3
1.17139436275583e-16	0.320724448730211	0.037	0.075	4.28742050712261e-12	SLC41A3	c3
7.22708163381216e-11	0.32058685411728	0.016	0.036	2.64518414879159e-06	MBNL3	c3
4.23673190953734e-09	0.320045209933732	0.041	0.067	0.000155068624620976	ZNF75A	c3
2.04259496190155e-37	0.31999110242358	0.182	0.328	7.47610182005588e-33	TAOK3	c3
5.48928021707705e-60	0.319829479186742	0.092	0.224	2.00913145225237e-55	RRP7A	c3
5.33648980907121e-22	0.319791341212341	0.035	0.08	1.95320863501815e-17	COG2	c3
4.01588443605177e-10	0.319428852525535	0.017	0.037	1.46985386243931e-05	MSTO1	c3
3.12334983559962e-31	0.319389785216635	0.09	0.176	1.14317727332782e-26	ARFGAP3	c3
9.54624907915261e-46	0.319338102767533	0.038	0.117	3.49402262546065e-41	GMPPA	c3
3.97543274759638e-28	0.318995530879852	0.033	0.086	1.45504813994775e-23	ARV1	c3
8.37051428497116e-27	0.318897125535305	0.056	0.12	3.06369193344229e-22	DPP8	c3
4.95078334067911e-67	0.318889088797277	0.149	0.328	1.81203621052196e-62	CCDC124	c3
4.27739911695937e-31	0.318833267512675	0.069	0.146	1.5655708507983e-26	HARS	c3
7.77537221287946e-08	0.318753072092723	0.02	0.037	0.00284586398363601	USF3	c3
3.32167220373544e-07	0.318544850543014	0.02	0.036	0.0121576524328921	PHF8	c3
1.00939178897948e-43	0.318341316127106	0.206	0.382	3.69447488684381e-39	PSMA5	c3
5.86932606922094e-39	0.318295326504129	0.099	0.203	2.14823203459556e-34	FNTA	c3
9.27854524880655e-48	0.318221741625585	0.153	0.302	3.39604034651569e-43	PSMD6	c3
9.28991218925747e-15	0.317956717364991	0.142	0.215	3.40020076039013e-10	TAP1	c3
2.29490990013778e-15	0.317560731410705	0.05	0.092	8.39959972549427e-11	CLPX	c3
5.0023929682352e-33	0.317406435296916	0.087	0.174	1.83092585030377e-28	MOB4	c3
1.18942168022952e-12	0.317167885291912	0.028	0.056	4.35340229180807e-08	TTC5	c3
1.57288961615451e-16	0.317088956497199	0.028	0.062	5.75693328408712e-12	H2AFX	c3
5.97030944788571e-25	0.31703267814976	0.064	0.128	2.18519296102065e-20	GNPAT	c3
6.72965098631934e-12	0.316898054130944	0.039	0.07	2.46311955750274e-07	NUP133	c3
5.18248374260881e-15	0.316687735763737	0.018	0.045	1.89684087463225e-10	GALNT10	c3
1.05545687997805e-39	0.316448803398402	0.07	0.16	3.86307772640766e-35	SLC52A2	c3
1.18410173439417e-06	0.316346662381117	0.015	0.029	0.043339307580561	NFYA	c3
2.67314519695393e-40	0.316321876648743	0.121	0.238	9.78397873537109e-36	AATF	c3
3.55608038929443e-17	0.31596717607801	0.297	0.459	1.30156098328566e-12	NSA2	c3
2.51626988906934e-30	0.315737810943641	0.261	0.445	9.20979942098269e-26	UQCRFS1	c3
4.32259042109315e-59	0.315724160690398	0.158	0.329	1.5821113200243e-54	FAM174C	c3
1.45684210016786e-26	0.315639977488662	0.058	0.122	5.33218777082439e-22	CLK3	c3
1.81537036449878e-16	0.315303996548281	0.041	0.08	6.64443707110199e-12	GMEB1	c3
5.28576562081675e-15	0.315129280461104	0.017	0.044	1.93464307487514e-10	CAPN15	c3
3.0973676269979e-07	0.314110547498017	0.011	0.024	0.011336675251575	NCDN	c3
4.54594295957925e-33	0.31373598094656	0.056	0.129	1.6638605826356e-28	FXN	c3
3.50318507748131e-58	0.313624151729446	0.103	0.239	1.28220077020893e-53	FGR	c3
4.56240730559146e-13	0.313580973489306	0.015	0.038	1.66988669791953e-08	MON1A	c3
1.7170453138573e-07	0.313509744708655	0.014	0.028	0.00628455755324909	PHF7	c3
1.02922625255104e-59	0.313464540850403	0.169	0.349	3.76707100696208e-55	FUNDC2	c3
7.03126967608973e-25	0.313322772887953	0.065	0.128	2.5735150141456e-20	RPIA	c3
5.02278435162655e-34	0.31301466588897	0.057	0.131	1.83838930053883e-29	RAMAC	c3
3.64197899010702e-46	0.312885916853288	0.167	0.322	1.33300073016907e-41	DDOST	c3
2.45127676524646e-09	0.312702496285894	0.03	0.054	8.97191808847856e-05	AC025159.1	c3
7.51718940456954e-45	0.312696007421159	0.123	0.249	2.7513664939665e-40	SDAD1	c3
1.41089616540684e-44	0.312660659431724	0.208	0.386	5.16402105500558e-40	C1QBP	c3
4.93395391575463e-14	0.312116134971739	0.015	0.04	1.80587647270535e-09	WRAP53	c3
6.33028523456193e-38	0.31188015821808	0.099	0.2	2.31694769870201e-33	RSRC1	c3
4.60278050922418e-07	0.311796245280867	0.025	0.042	0.0168466369418114	KPNA5	c3
3.49206956671881e-52	0.311769182441902	0.176	0.348	1.27813238211475e-47	EFHD2	c3
9.806048619918e-43	0.311675159990142	0.068	0.161	3.58911185537619e-38	WAC-AS1	c3
1.20846557450613e-32	0.311606481975955	0.047	0.114	4.42310484924989e-28	PPP2R5A	c3
5.04708131862615e-46	0.311564929909845	0.036	0.115	1.84728223343036e-41	TP53I11	c3
1.25697693834291e-12	0.310777108533844	0.082	0.129	4.60066129202889e-08	CENPC	c3
8.43648927888932e-07	0.310702644407474	0.38	0.555	0.0308783944096628	NDUFB8	c3
6.18496301828345e-15	0.310461855991691	0.025	0.056	2.26375831432192e-10	MXD4	c3
4.58715546663619e-08	0.310273978087826	0.054	0.082	0.00167894477234351	RPAP2	c3
2.13465568379485e-08	0.310259896742782	0.015	0.031	0.000781305326825754	EIF4ENIF1	c3
1.84092388914059e-20	0.309777613136472	0.017	0.052	6.73796552664346e-16	RIDA	c3
3.11834716974803e-31	0.309556867448924	0.035	0.094	1.14134624759948e-26	FAM210A	c3
3.45512504805992e-49	0.309383894516683	0.184	0.355	1.26461031884041e-44	NUDC	c3
1.63210171498421e-34	0.309133058250919	0.079	0.165	5.97365548701371e-30	VPS4A	c3
3.78965823201041e-29	0.309124823066061	0.282	0.477	1.38705280949813e-24	C4orf3	c3
2.4481430420487e-40	0.30912079217992	0.129	0.251	8.96044834820244e-36	STOM	c3
8.64700184469044e-22	0.308885351967236	0.09	0.159	3.16488914517515e-17	UBTF	c3
1.02047423639022e-09	0.308746987839085	0.193	0.27	3.73503775261184e-05	IKZF1	c3
5.77467325540161e-11	0.308656905801535	0.008	0.026	2.11358815820954e-06	PCOLCE	c3
3.26673442774676e-12	0.308378943025211	0.054	0.091	1.19565746789959e-07	FAM172A	c3
6.05100835731537e-31	0.308361781784829	0.306	0.238	2.214729568861e-26	SYNE2	c3
4.75183548543704e-50	0.308277685480047	0.119	0.252	1.73921930602481e-45	NDUFA10	c3
6.39905417267148e-30	0.308169759576294	0.034	0.091	2.34211781773949e-25	TARBP2	c3
1.08533271990282e-20	0.308036216794108	0.037	0.082	3.97242628811631e-16	INTS12	c3
2.29633021365442e-07	0.308027128930368	0.017	0.033	0.00840479821499655	PAN3	c3
2.94805631445829e-60	0.308005396285361	0.149	0.315	1.07901809165488e-55	POLR2I	c3
6.60904453924726e-33	0.307689099022077	0.114	0.214	2.41897639180989e-28	THOC2	c3
9.97936302408138e-28	0.307600076184128	0.115	0.207	3.65254666044403e-23	TAP2	c3
2.19045053329568e-30	0.307524759693879	0.187	0.318	8.01726799691553e-26	PPP1R12A	c3
8.26587587840404e-09	0.30740364857043	0.037	0.062	0.000302539323025466	HIST1H2AC	c3
5.07500011173132e-18	0.307043280595411	0.046	0.091	1.85750079089478e-13	SART3	c3
2.55118289862952e-20	0.306674364161299	0.053	0.104	9.3375845272739e-16	ARHGAP1	c3
6.18697515033424e-26	0.306628005276723	0.041	0.095	2.26449477477383e-21	CIAPIN1	c3
1.34414821947195e-16	0.306599331186329	0.018	0.048	4.9197168980893e-12	PITPNM1	c3
8.75695017299728e-37	0.306554952203569	0.186	0.332	3.20513133281874e-32	XBP1	c3
1.41292157023085e-22	0.306495202876463	0.044	0.095	5.17143423920193e-18	UCKL1	c3
2.09017164128147e-24	0.306454419406845	0.248	0.401	7.6502372242543e-20	YWHAQ	c3
1.04291001137133e-12	0.306311082686492	0.007	0.026	3.81715493262021e-08	AL121944.1	c3
4.26480041825015e-30	0.306098846073103	0.027	0.08	1.56095960108374e-25	BPNT1	c3
2.86937422831233e-41	0.306077021595572	0.179	0.332	1.0502196613046e-36	APH1A	c3
9.84908647706841e-43	0.305720273516436	0.057	0.144	3.60486414147181e-38	NDUFAF4	c3
2.91842490191294e-48	0.305448356264248	0.108	0.231	1.06817269834916e-43	SLC66A3	c3
9.98610263023977e-38	0.30522023676687	0.2	0.358	3.65501342369406e-33	RSL24D1	c3
5.9524937146413e-54	0.304909891322325	0.092	0.216	2.17867222449586e-49	MRPS26	c3
2.02903791925971e-26	0.30484216680261	0.028	0.076	7.42648168828245e-22	TSR3	c3
1.85334120229085e-32	0.30441592917407	0.065	0.141	6.78341413450475e-28	TSN	c3
6.64550575103449e-09	0.304366115515397	0.036	0.061	0.000243232155993613	ZNF493	c3
2.37896810165972e-08	0.304350919462038	0.019	0.037	0.000870726114888475	CSKMT	c3
6.57421205008095e-27	0.304262715591465	0.024	0.071	2.40622735245013e-22	CTSF	c3
2.33575280071678e-22	0.304198578406851	0.022	0.062	8.54908882590348e-18	PACC1	c3
7.07020245906022e-49	0.304188966642827	0.086	0.199	2.58776480204063e-44	NCK1	c3
1.15288853968111e-20	0.30361971777981	0.046	0.094	4.21968734408682e-16	PRR14	c3
1.05360917809944e-10	0.303480989139543	0.031	0.057	3.85631495276178e-06	MAP2K5	c3
4.9769084548082e-19	0.303453473458585	0.017	0.049	1.82159826354435e-14	PAFAH2	c3
5.70661488154168e-15	0.302791362217099	0.338	0.517	2.08867811279307e-10	HNRNPC	c3
4.97256252594704e-13	0.302625266557033	0.01	0.031	1.82000761012188e-08	FAM241B	c3
5.71437098817951e-50	0.302512190815101	0.111	0.238	2.09151692538358e-45	FRG1	c3
3.31088481663844e-08	0.302399787790754	0.582	0.658	0.00121181695173783	LY6E	c3
1.64337909708319e-16	0.302248102473228	0.048	0.09	6.01493183323417e-12	HPS3	c3
5.74068401022163e-09	0.30212386233688	0.02	0.039	0.000210114775458122	FAHD2B	c3
8.54540791912814e-11	0.301943109647175	0.607	0.717	3.12770475248009e-06	TPM3	c3
1.29697834058462e-58	0.301816181717825	0.138	0.296	4.74707042437376e-54	PPP1R11	c3
2.39232127452718e-10	0.301669015101778	0.588	0.696	8.75613509689693e-06	UQCRB	c3
4.29945887695518e-25	0.30166071638827	0.079	0.15	1.57364494355437e-20	NIN	c3
9.08580143716251e-13	0.301250178220879	0.039	0.072	3.32549418401585e-08	NECAP1	c3
1.2683576441888e-18	0.301107531122904	0.675	0.746	4.64231581349542e-14	SRP14	c3
4.01473863480693e-08	0.300992512283599	0.019	0.037	0.00146943448772568	TTC27	c3
1.12750920416494e-21	0.300873581817466	0.043	0.092	4.1267964381641e-17	TOPORS	c3
1.44433956052625e-08	0.300849764046037	0.007	0.021	0.000528642722548212	C19orf47	c3
1.08748643750673e-12	0.300248952919987	0.017	0.042	3.98030910991839e-08	TMEM44-AS1	c3
2.22154463235187e-08	0.300101884693142	0.008	0.022	0.000813107550887109	USP18	c3
2.13463512714308e-32	0.300056454375998	0.053	0.123	7.8129780288564e-28	RDH14	c3
8.9515886117201e-13	0.299909950110867	0.007	0.025	3.27637094777567e-08	CMC4	c3
2.2289663941884e-16	0.299735892733515	0.026	0.06	8.15823989936897e-12	ELP4	c3
1.75919849363853e-38	0.299652546189103	0.035	0.103	6.43884240656637e-34	TEN1	c3
3.45790272679009e-22	0.299598395522516	0.049	0.101	1.26562697703244e-17	SMIM27	c3
2.94894238825707e-39	0.299338854138763	0.15	0.28	1.07934240352597e-34	PTPN1	c3
4.03478435001405e-12	0.29916912371246	0.014	0.035	1.47677141994864e-07	METTL2A	c3
2.02210159746051e-19	0.299148227766783	0.03	0.07	7.4010940568652e-15	DIS3L	c3
7.09833167694491e-11	0.29889665302284	0.02	0.043	2.59806037707861e-06	DNAJC24	c3
1.03219311693379e-21	0.29888547842728	0.066	0.125	3.77793002728936e-17	VEZF1	c3
4.91911539278424e-44	0.29855656272844	0.218	0.404	1.80044542491296e-39	NDUFA2	c3
2.16041310438924e-31	0.298496710282653	0.057	0.127	7.90732800337507e-27	DMAC2L	c3
3.0518544480378e-33	0.298452526660712	0.1	0.195	1.11700924652632e-28	PTBP1	c3
1.18964451661775e-37	0.298267400530829	0.069	0.155	4.35421789527264e-33	VBP1	c3
2.67786802370699e-18	0.298074121102731	0.036	0.076	9.80126475356997e-14	EEF1AKMT2	c3
5.54010080610275e-56	0.298039925591734	0.128	0.275	2.02773229604167e-51	DGCR6L	c3
9.56379013377596e-14	0.296862864164782	0.022	0.05	3.50044282686334e-09	PPP1R8	c3
2.09583081313513e-41	0.296795135181154	0.078	0.174	7.6709503591559e-37	C22orf39	c3
3.2006164661663e-18	0.296669745374357	0.072	0.126	1.17145763278153e-13	ILF3-DT	c3
2.7485590007416e-09	0.296600984179434	0.032	0.056	0.000100600007986143	HCP5	c3
2.90596310748636e-30	0.296547735333537	0.058	0.127	1.06361155697108e-25	USP11	c3
1.01847837045833e-16	0.296196807914249	0.033	0.07	3.72773268371453e-12	PRPF18	c3
5.19998436345725e-37	0.295922261814491	0.056	0.134	1.90324627686899e-32	RWDD4	c3
6.32501065253305e-198	0.295741927442778	0.999	0.982	2.31501714893362e-193	EEF1A1	c3
6.69765436413246e-37	0.295502876187681	0.245	0.432	2.45140847381612e-32	OTUB1	c3
1.06013321160375e-28	0.295488927492407	0.272	0.456	3.88019356779088e-24	RBM8A	c3
2.52539446912148e-23	0.295458742763145	0.028	0.073	9.24319629643152e-19	POLB	c3
2.16829121186379e-23	0.295347787605835	0.078	0.145	7.93616266454265e-19	NOLC1	c3
9.27759583890664e-29	0.295134404399951	0.146	0.253	3.39569285299822e-24	YTHDC1	c3
1.01697628821926e-20	0.295117269261277	0.654	0.728	3.7222349125113e-16	RPS20	c3
8.48940798537538e-49	0.29452624183662	0.207	0.394	3.10720821672724e-44	RGS19	c3
3.08989171265949e-07	0.294521553294484	0.039	0.061	0.011309312657505	EDRF1	c3
1.71099150923779e-40	0.294298126805057	0.12	0.237	6.26240002296125e-36	MAPK1IP1L	c3
6.16004044007703e-42	0.294261437381869	0.17	0.318	2.25463640147259e-37	TMED4	c3
1.2309186783359e-31	0.294109297569949	0.034	0.093	4.50528545457722e-27	TRUB2	c3
1.86294467696433e-27	0.294107873494371	0.747	0.786	6.81856381215714e-23	YWHAB	c3
1.1833096376086e-15	0.294101649896355	0.026	0.059	4.33103160461125e-11	ARMC6	c3
9.46608767528052e-27	0.293981878047549	0.069	0.138	3.46468275002942e-22	ACTR1B	c3
7.15032632539518e-58	0.293910986716095	0.132	0.285	2.61709093835789e-53	MPG	c3
2.4103381724148e-54	0.293263675337836	0.149	0.305	8.8220787448554e-50	CHMP4A	c3
3.71305516218309e-34	0.292767871982664	0.057	0.131	1.35901531991063e-29	LINC00667	c3
1.40322821936556e-15	0.292353326220417	0.027	0.059	5.13595560569989e-11	ELK4	c3
1.20042485167579e-19	0.292316032665991	0.013	0.044	4.39367499961856e-15	HHLA3	c3
6.15145848565094e-46	0.292253439110216	0.227	0.422	2.2514953203331e-41	AURKAIP1	c3
3.59524664044429e-16	0.292198999182613	0.154	0.235	1.31589622286901e-11	USP34	c3
1.97950378133043e-09	0.2921087525791	0.039	0.065	7.24518179004749e-05	ODF2	c3
2.6823634956538e-08	0.291856044696553	0.01	0.024	0.000981771863044246	ZWILCH	c3
2.24064348582712e-53	0.291720407792876	0.17	0.34	8.20097922247583e-49	NAA38	c3
3.5538380556906e-12	0.291337606418454	0.018	0.041	1.30074026676332e-07	FEM1A	c3
2.99328827865274e-36	0.291185060733006	0.021	0.079	1.09557344286969e-31	FAM49A	c3
8.21713738849309e-42	0.291120218337141	0.114	0.23	3.00755445556236e-37	HNRNPD	c3
2.57547248599299e-08	0.291114250786316	0.012	0.028	0.000942648684598293	TRUB1	c3
3.99757846070148e-17	0.290991398249763	0.048	0.092	1.46315369240135e-12	RNF34	c3
2.24160388692009e-08	0.290963090880092	0.012	0.028	0.000820449438651621	KCTD6	c3
2.88487209411677e-09	0.290716624495036	0.031	0.055	0.000105589203516768	TTC28-AS1	c3
1.71190764979337e-11	0.29063196313162	0.028	0.054	6.26575318900873e-07	RNF139	c3
1.01748701341886e-08	0.290611793856688	0.375	0.552	0.000372410421781436	BRK1	c3
4.07692728677511e-15	0.290553704839744	0.021	0.051	1.49219615623256e-10	NDUFAF6	c3
7.01061177836711e-08	0.290547588807714	0.014	0.029	0.00256595401700015	WDR59	c3
4.14783760141189e-22	0.290368468617546	0.289	0.463	1.51815004049277e-17	XRCC5	c3
5.31234733308497e-28	0.290306913562107	0.077	0.152	1.94437224738243e-23	OTUD6B-AS1	c3
3.09601134865068e-14	0.290245812654073	0.028	0.059	1.13317111371964e-09	PRKD3	c3
1.03326781928324e-21	0.290179680188552	0.219	0.346	3.7818635453586e-17	ATRX	c3
4.0152832067888e-21	0.290159546736326	0.028	0.069	1.46963380651677e-16	JOSD1	c3
2.02846817388244e-32	0.290052830812912	0.27	0.461	7.42439636322713e-28	RWDD1	c3
3.72885589897924e-09	0.289884465751339	0.017	0.035	0.000136479854758539	EXOSC2	c3
2.94540238432713e-16	0.289838119256489	0.338	0.53	1.07804672668757e-11	ATP5PB	c3
4.24185454034168e-53	0.289830672524951	0.106	0.235	1.55256118031046e-48	SMARCB1	c3
2.01929219111706e-59	0.289789142053407	0.094	0.226	7.39081134870755e-55	LAGE3	c3
5.79453980468962e-37	0.289574494757084	0.066	0.149	2.12085951391445e-32	RNASEH1	c3
1.06216786741418e-23	0.289400078105791	0.107	0.186	3.88764061152262e-19	FLI1	c3
6.2591106542678e-45	0.289067297869149	0.086	0.192	2.29089709056856e-40	ZNHIT3	c3
5.99331995502709e-21	0.289053758025656	0.036	0.08	2.19361503673947e-16	TRMT61B	c3
4.155593855433e-22	0.289003955078531	0.034	0.079	1.52098890702703e-17	HDHD3	c3
1.00058394989997e-50	0.288933211993846	0.201	0.387	3.66223731502888e-46	CNPY3	c3
2.28248388243851e-39	0.288894059648204	0.219	0.389	8.3541192581132e-35	EIF3D	c3
6.0177312144315e-07	0.288858880479199	0.013	0.027	0.0220254980179407	PPP3CB-AS1	c3
3.06655729795265e-12	0.288713264578034	0.035	0.066	1.12239063662365e-07	MCPH1	c3
8.18749089637143e-46	0.288521494849917	0.098	0.211	2.99670354298091e-41	WASHC1	c3
6.55020811833941e-16	0.288127776884451	0.649	0.759	2.39744167339341e-11	HNRNPA2B1	c3
2.64827060009501e-37	0.287967518554353	0.13	0.247	9.69293522340774e-33	REL	c3
7.06044359125251e-37	0.287906715132676	0.727	0.765	2.58419295883433e-32	RPL38	c3
5.04996011745481e-13	0.287506165329475	0.035	0.066	1.84833590258963e-08	ZFYVE27	c3
2.41557276647078e-21	0.287459426881203	0.045	0.095	8.84123788255971e-17	EEFSEC	c3
1.85025531852114e-28	0.28725347108311	0.199	0.333	6.77211949131923e-24	BCLAF1	c3
6.37478707905871e-23	0.287238197105161	0.032	0.077	2.33323581880628e-18	OGFOD1	c3
9.63818605566349e-48	0.287030149059192	0.196	0.371	3.5276724782334e-43	NDUFV1	c3
6.99385924129131e-15	0.287006792425506	0.34	0.529	2.55982242090503e-10	RHOG	c3
5.56441450074276e-07	0.286784087969423	0.386	0.561	0.0203663135141686	PARK7	c3
5.19622138418756e-52	0.286672249935491	0.114	0.246	1.90186898882649e-47	EGLN2	c3
4.91451782531379e-31	0.28655205508588	0.056	0.126	1.7987626692431e-26	TMEM106C	c3
4.88658258365001e-50	0.286150575699051	0.114	0.243	1.78853809144174e-45	YPEL5	c3
4.22172466817792e-28	0.286049412463278	0.058	0.123	1.5451934457998e-23	WDR74	c3
1.36205477701237e-26	0.285703064454954	0.282	0.466	4.98525668934299e-22	TBCB	c3
1.26732686049106e-13	0.285688411254021	0.007	0.027	4.63854304208333e-09	FADS2	c3
6.31836071389662e-11	0.285543257825732	0.065	0.102	2.3125832048933e-06	HCG18	c3
1.96903868915773e-37	0.285068371557577	0.067	0.151	7.20687850618621e-33	ZNF581	c3
1.14440175758807e-28	0.285046065920352	0.041	0.099	4.18862487294808e-24	SRSF6	c3
4.25643553633859e-27	0.284896986850862	0.205	0.339	1.55789797065529e-22	HNRNPR	c3
5.04806844937031e-08	0.284665665696814	0.002	0.012	0.00184764353315403	ZFY-AS1	c3
1.10340858564834e-16	0.284641541451834	0.033	0.07	4.03858576433148e-12	ELP3	c3
1.30388673986322e-51	0.284423190477372	0.193	0.374	4.77235585657336e-47	SF3B6	c3
9.29712409630037e-13	0.284243567016854	0.016	0.04	3.4028403904869e-08	AGO4	c3
5.15108490810767e-12	0.284209157637922	0.03	0.058	1.88534858721649e-07	ZNHIT6	c3
1.73794950745968e-27	0.284025237537147	0.053	0.115	6.36106899225317e-23	PLAA	c3
4.52805009720457e-54	0.284022604177318	0.771	0.785	1.65731161607784e-49	RPL7	c3
2.44710469351821e-20	0.283935898557097	0.319	0.508	8.95664788874599e-16	ARRB2	c3
1.24629427152634e-14	0.283773505583825	0.063	0.108	4.56156166321357e-10	NGLY1	c3
9.95634202896342e-46	0.283709488396726	0.065	0.16	3.6441207460209e-41	UTP3	c3
1.15885555326163e-24	0.28367379357962	0.069	0.134	4.24152721049291e-20	CHORDC1	c3
2.78054453171548e-30	0.283591972287681	0.027	0.079	1.01770710405318e-25	RTP4	c3
4.13945862031356e-22	0.283510216000683	0.112	0.191	1.51508324962097e-17	STAG2	c3
7.46960291320558e-56	0.283006286328643	0.135	0.286	2.73394936226237e-51	MRFAP1	c3
2.50512242838295e-27	0.282966544196525	0.052	0.114	9.16899860012443e-23	IP6K2	c3
1.74636058913407e-08	0.282928038982126	0.022	0.041	0.00063918543922896	GABPB2	c3
1.20170531316686e-55	0.282803857847562	0.162	0.33	4.39836161672201e-51	PPP1R7	c3
2.67321358394079e-10	0.282720605329137	0.031	0.056	9.78422903858167e-06	ALOX12-AS1	c3
2.76682181606618e-07	0.282656268908897	0.046	0.069	0.0101268445289838	LEMD3	c3
2.81057243048026e-07	0.282476288448838	0.015	0.029	0.0102869761528008	TBC1D31	c3
7.74931139377865e-13	0.281306674319133	0.019	0.044	2.83632546323692e-08	DCP1B	c3
1.23715062241857e-07	0.28127939535851	0.024	0.042	0.0045280949931142	ERCC6	c3
2.32357614067036e-35	0.28117338362214	0.152	0.275	8.50452103246758e-31	ERICH1	c3
1.97227661679676e-36	0.281022364508725	0.077	0.165	7.21872964513783e-32	WBP11	c3
4.54283783296703e-40	0.28091502026872	0.119	0.234	1.66272407524426e-35	IGFLR1	c3
1.19994542923573e-30	0.280904084374383	0.059	0.129	4.39192026554569e-26	FLAD1	c3
6.44888493797673e-26	0.280903080068586	0.287	0.474	2.36035637614886e-21	C11orf58	c3
3.9689830835866e-44	0.28077494817424	0.119	0.241	1.45268749842353e-39	GYG1	c3
5.05478477408489e-41	0.280756243045755	0.121	0.239	1.85010177516281e-36	IRF2	c3
3.19139069276164e-11	0.280658140007141	0.027	0.053	1.16808090745769e-06	FAM8A1	c3
1.22331386240086e-23	0.280367676686414	0.031	0.078	4.47745106777337e-19	URI1	c3
3.75157287657381e-40	0.280073571037665	0.039	0.112	1.37311318855478e-35	EI24	c3
1.51140443384299e-38	0.279820459480006	0.038	0.108	5.53189136830872e-34	ALKBH3	c3
5.56464834565833e-08	0.279713463527359	0.059	0.088	0.00203671694099441	PIK3CD	c3
5.92927380796094e-57	0.279488573270834	0.108	0.245	2.17017350645178e-52	STOML2	c3
2.45675308953636e-15	0.279299226351482	0.023	0.054	8.99196198301203e-11	ZADH2	c3
4.4610308212745e-32	0.279111121074715	0.067	0.143	1.63278189089468e-27	NOC2L	c3
8.99687062851588e-25	0.279083089878853	0.054	0.113	3.2929446187431e-20	SIGMAR1	c3
1.40372637211097e-49	0.278865881891074	0.059	0.157	5.13777889456338e-45	VPS25	c3
3.57240457933104e-25	0.278752587602247	0.038	0.091	1.30753580008095e-20	POLR3C	c3
2.52554052248675e-45	0.278658062240114	0.106	0.223	9.24373086635374e-41	RPL7L1	c3
2.13030573640726e-27	0.278370568201025	0.046	0.105	7.79713202582423e-23	TWISTNB	c3
7.17339331634458e-54	0.278147335084966	0.074	0.186	2.62553368771528e-49	MRPL47	c3
9.61379011334239e-12	0.278135368116641	0.324	0.473	3.51874331938445e-07	EIF4B	c3
2.73568830672277e-26	0.278082379079735	0.051	0.111	1.0012892771436e-21	ZNF580	c3
3.0016719262752e-30	0.277848021263186	0.177	0.302	1.09864194173599e-25	RSF1	c3
6.19502247459376e-07	0.277733489006687	0.013	0.026	0.0226744017592606	MDM1	c3
2.65542855334816e-50	0.277731324586041	0.045	0.135	9.71913404810959e-46	PSMG3	c3
1.01148571090738e-50	0.277721396807605	0.121	0.256	3.70213885049209e-46	PYCR2	c3
4.46318621514457e-39	0.277302692051762	0.076	0.168	1.63357078660506e-34	SLC4A1AP	c3
3.24101338818248e-07	0.277287597343794	0.385	0.563	0.0118624331020867	SPCS1	c3
6.39402985816202e-13	0.277236911990965	0.022	0.048	2.34027886838588e-08	NUDCD1	c3
1.83477640925883e-29	0.277092515524702	0.055	0.121	6.71546513552824e-25	USE1	c3
3.11344001123312e-12	0.277090546466339	0.099	0.15	1.13955017851144e-07	RNF19A	c3
6.07605637414212e-54	0.277055060987617	0.188	0.368	2.22389739349976e-49	METTL26	c3
2.27825386103714e-17	0.276751175405911	0.053	0.099	8.33863695678202e-13	BTG3	c3
8.32390472314955e-11	0.27660567942725	0.031	0.058	3.04663236771997e-06	SP2	c3
6.96053617845681e-19	0.276505593884287	0.029	0.068	2.54762584667698e-14	ELMO2	c3
8.71561216548801e-59	0.276494412359027	0.16	0.331	3.19000120869027e-54	UQCRC2	c3
2.10168361908698e-50	0.276384788619999	0.055	0.152	7.69237221422027e-46	MRPS18A	c3
2.10606687042364e-42	0.276317042831554	0.234	0.426	7.70841535243758e-38	TMED9	c3
2.9774601866893e-51	0.275703217016142	0.125	0.262	1.08978020293015e-46	FAM204A	c3
7.38744090465284e-18	0.275518660547491	0.037	0.077	2.70387724551199e-13	TBK1	c3
5.51817736664411e-38	0.275436375153289	0.077	0.167	2.01970809796541e-33	TINF2	c3
1.66524547768519e-65	0.275311983742566	0.148	0.322	6.09496497287555e-61	LSM3	c3
6.35634743505521e-20	0.27529648583056	0.045	0.092	2.32648672470456e-15	ACSL5	c3
1.41967339626325e-18	0.275125586888334	0.068	0.121	5.19614659766311e-14	C12orf65	c3
6.45973518497508e-08	0.274538518498312	0.064	0.094	0.00236432767505273	CA5B	c3
1.31420427919759e-22	0.274443565183484	0.043	0.094	4.81011908229108e-18	RNF6	c3
1.51168617368534e-33	0.274434770799685	0.083	0.17	5.53292256430572e-29	SSRP1	c3
6.91353843875532e-08	0.274209296477752	0.007	0.02	0.00253042420396884	ZNF90	c3
1.24353173136802e-26	0.27387831624808	0.044	0.101	4.5514504899801e-22	RAD51C	c3
1.73009285474344e-15	0.273846282128636	0.023	0.054	6.33231285764647e-11	SAAL1	c3
1.21434256524057e-07	0.272915048345547	0.017	0.034	0.00444461522303702	FO393401.1	c3
7.39525778323171e-17	0.272889681796065	0.028	0.063	2.70673830124064e-12	NFYB	c3
1.03506703618813e-20	0.272779407496867	0.061	0.116	3.78844885915217e-16	ITCH	c3
1.39936829521884e-59	0.272449718180945	0.152	0.321	5.12182789733048e-55	GTF3C6	c3
1.93054293159311e-23	0.272366473470146	0.039	0.089	7.06598018392393e-19	ABCF2	c3
5.38725114614313e-38	0.271767616338539	0.045	0.119	1.97178779199985e-33	DDX49	c3
1.16163086398996e-09	0.271596472326253	0.017	0.036	4.25168512528966e-05	LMF1	c3
1.07848598505398e-50	0.271566019864056	0.112	0.242	3.94736655389608e-46	CDC123	c3
2.72132082644389e-09	0.271422704909098	0.012	0.028	9.96030635686727e-05	ZNF408	c3
5.41242566349298e-33	0.271198644415173	0.046	0.113	1.98100191709506e-28	TRPT1	c3
1.62773815961612e-39	0.271133126853508	0.233	0.419	5.95768443801095e-35	COPS9	c3
5.96606808117272e-13	0.270912192849217	0.033	0.064	2.18364057839003e-08	EPS15L1	c3
2.37576735465385e-08	0.270880963439442	0.372	0.55	0.000869554609476856	SAP18	c3
5.06523091986699e-28	0.270842852862384	0.058	0.124	1.85392516898052e-23	NOL12	c3
5.3274890701161e-47	0.270580974739862	0.216	0.403	1.94991427455319e-42	SELENOF	c3
4.18037936928145e-07	0.270486076741353	0.032	0.051	0.015300606529507	CTC1	c3
8.13052680145237e-30	0.270462932263271	0.282	0.479	2.97585411459958e-25	FIS1	c3
2.94858646754222e-17	0.270336158383896	0.015	0.045	1.07921213298513e-12	CROT	c3
1.92455712753599e-07	0.270212752872364	0.018	0.034	0.00704407154249446	EXD3	c3
6.16535917944388e-08	0.269720585348024	0.016	0.032	0.00225658311326825	PGAP3	c3
2.40627500390194e-08	0.269638027973287	0.011	0.025	0.000880720714178148	ZNF71	c3
7.17730189572919e-15	0.269363869468616	0.021	0.05	2.62696426685584e-10	GSPT2	c3
6.65916740391441e-51	0.269284685797289	0.076	0.185	2.43732186150671e-46	SDF2	c3
2.10465262356796e-53	0.26894041511574	0.096	0.22	7.70323906752109e-49	SLU7	c3
2.63138368425094e-18	0.26890791235388	0.025	0.06	9.63112742272688e-14	TMEM214	c3
1.12719963407394e-52	0.268895420375136	0.19	0.372	4.12566338067402e-48	SUMO1	c3
2.16930349760804e-50	0.268876149873191	0.064	0.166	7.9398677315952e-46	PDZD11	c3
8.49833762265135e-37	0.268721822849954	0.143	0.265	3.11047655326662e-32	DNMT1	c3
1.06007099885921e-25	0.268694407741151	0.041	0.095	3.8799658629246e-21	KATNA1	c3
2.39730629057036e-55	0.268573522112479	0.189	0.375	8.77438075411658e-51	NDUFS6	c3
3.53050957582178e-33	0.268141261660786	0.091	0.18	1.29220180984653e-28	CTR9	c3
8.28860226238696e-37	0.267837421420514	0.12	0.229	3.03371131405625e-32	PPP4R2	c3
4.65024174554469e-55	0.267108968739507	0.126	0.27	1.70203498128681e-50	NT5C	c3
1.30597487123639e-43	0.266851155854047	0.067	0.161	4.7799986262123e-39	CEBPZOS	c3
2.65542070367603e-11	0.266630364504141	0.008	0.026	9.71910531752462e-07	EPS8	c3
5.40072535855572e-55	0.266601124774014	0.18	0.359	1.97671948848498e-50	ACAA2	c3
4.3626319443738e-19	0.266586339536081	0.029	0.068	1.59676691796026e-14	FAM199X	c3
6.47380066614281e-43	0.266556823772737	0.056	0.142	2.36947578181493e-38	EXOSC7	c3
5.92475942335698e-22	0.266450545631298	0.046	0.097	2.16852119654289e-17	TRNT1	c3
7.79384417571869e-29	0.266437817516448	0.274	0.454	2.8526249067548e-24	PA2G4	c3
1.36062232910074e-37	0.266329417635026	0.084	0.177	4.98001378674163e-33	ARL2BP	c3
5.63866413586205e-14	0.265793081091258	0.039	0.074	2.06380746036687e-09	NDRG1	c3
9.73384151985936e-22	0.265634458240538	0.027	0.069	3.56268333468372e-17	HEMK1	c3
5.10940593855366e-28	0.265604381563443	0.048	0.109	1.87009366757003e-23	SPRYD3	c3
7.54099552096617e-21	0.265348739226548	0.047	0.097	2.76007977062883e-16	ZDHHC6	c3
2.92558014392401e-55	0.265335891645679	0.193	0.38	1.07079158847763e-50	SNRPC	c3
6.63296252238481e-25	0.265104380715308	0.018	0.059	2.42773061281806e-20	AKT1S1	c3
1.51367311163855e-26	0.265006638158104	0.032	0.083	5.54019495590826e-22	VPS16	c3
1.57582971443681e-22	0.264652828720968	0.693	0.7	5.76769433781016e-18	SRGN	c3
2.95552613995195e-13	0.264605659455755	0.019	0.044	1.08175212248381e-08	SEC24A	c3
2.77837474469964e-22	0.264561588967219	0.048	0.1	1.01691294030751e-17	MED6	c3
1.91622199443554e-48	0.264523391510679	0.081	0.189	7.01356412183353e-44	TMEM183A	c3
9.84474555765241e-38	0.264444556407238	0.044	0.116	3.60327532155636e-33	CFAP410	c3
5.35291956894979e-24	0.264338823994858	0.051	0.107	1.95922209143131e-19	ANKRD13D	c3
1.33103879176353e-06	0.264321570393678	0.004	0.013	0.0487173508173371	TMEM237	c3
1.84939574631897e-19	0.263868073537505	0.033	0.075	6.76897337110205e-15	GABPA	c3
2.37091113661657e-13	0.263273554726498	0.03	0.06	8.67777185113032e-09	BRAP	c3
8.19177510474657e-20	0.263210567891285	0.146	0.232	2.99827160608829e-15	NAP1L4	c3
3.91344797078075e-54	0.263159577559641	0.11	0.243	1.43236109178546e-49	PQBP1	c3
1.92552161533691e-76	0.263142394759169	0.091	0.244	7.04760166429463e-72	SLC25A11	c3
1.29264165985006e-09	0.262921035020528	0.012	0.03	4.73119773921721e-05	PPARA	c3
3.8415451928816e-52	0.262906896720056	0.1	0.224	1.4060439560466e-47	PPP6C	c3
1.99774669891344e-17	0.262858864591172	0.05	0.095	7.31195269269307e-13	ZMYND11	c3
3.23972719758956e-33	0.262753360303241	0.053	0.124	1.18577255158975e-28	USB1	c3
5.90271093419776e-56	0.262732382837635	0.109	0.245	2.16045122902572e-51	THYN1	c3
4.40579631356351e-50	0.262153406546519	0.077	0.185	1.61256550872738e-45	WIPI2	c3
1.25842538641467e-08	0.262146602035777	0.012	0.027	0.000460596275681633	VANGL1	c3
8.78693489582016e-17	0.261922872412591	0.025	0.059	3.21610604121914e-12	POM121	c3
1.2115557123069e-46	0.261900769737533	0.085	0.192	4.4344150626145e-42	TMEM170A	c3
9.58799560163925e-07	0.261866833332193	0.009	0.021	0.0350930227015598	ALDH5A1	c3
2.22685026788635e-07	0.261713427819295	0.025	0.043	0.00815049466549085	AL450998.2	c3
1.28389449095766e-06	0.261678262198631	0.004	0.013	0.0469918222635413	ENDOG	c3
2.87812781158903e-63	0.261365047656353	0.14	0.306	1.0534235603197e-58	UFD1	c3
3.86942922205397e-22	0.261304247857302	0.023	0.064	1.41624978956397e-17	ENOX2	c3
3.65045122100993e-56	0.261148655173372	0.136	0.287	1.33610165140185e-51	GSDMD	c3
8.35884139033909e-11	0.261066823706911	0.037	0.065	3.05941953727801e-06	STAT5B	c3
1.44024136007531e-13	0.26094995695578	0.019	0.046	5.27142740201164e-09	TMEM187	c3
1.58038314554556e-26	0.260883320472628	0.117	0.206	5.78436035101131e-22	VPS51	c3
1.5870201848121e-21	0.260837730281038	0.079	0.142	5.80865257843077e-17	KLHDC2	c3
4.42791987901831e-71	0.260611118593643	0.121	0.286	1.62066295491949e-66	EMC6	c3
6.95227055682164e-47	0.260596492063198	0.063	0.159	2.54460054650229e-42	IFT20	c3
1.45179802624243e-27	0.260590358465818	0.132	0.229	5.31372595584993e-23	TIAL1	c3
1.10105047397603e-09	0.26029801669723	0.026	0.049	4.02995483979965e-05	ZNF600	c3
1.47477501730426e-20	0.260179537191736	0.023	0.061	5.39782404083534e-16	POMC	c3
7.06658942860312e-31	0.260025541149932	0.041	0.103	2.58644239676303e-26	NCOA1	c3
6.91335969767015e-33	0.259709816951616	0.042	0.106	2.53035878294425e-28	TMEM242	c3
4.14288619486229e-52	0.259484160382455	0.073	0.182	1.51633777618155e-47	KRCC1	c3
6.76513093622748e-48	0.259065040346949	0.136	0.274	2.47610557396862e-43	CYBC1	c3
5.3172727682752e-18	0.258992885806108	0.114	0.185	1.94617500591641e-13	XRN1	c3
1.45702508496064e-16	0.258568617465071	0.025	0.058	5.33285751346442e-12	PHF23	c3
8.22826776916164e-14	0.25826704131467	0.008	0.029	3.01162828619085e-09	FAM89B	c3
5.39876726024351e-39	0.25823095294991	0.061	0.145	1.97600280492173e-34	MFSD5	c3
1.15816525883554e-30	0.258166331237358	0.066	0.139	4.23900066386396e-26	NOB1	c3
1.6243268090427e-42	0.257389204124972	0.049	0.131	5.94519855377719e-38	THAP4	c3
3.61100310862835e-09	0.257331877021185	0.015	0.032	0.000132166324778906	ZFP64	c3
1.58148884505146e-15	0.257153711771136	0.065	0.111	5.78840732177284e-11	CYTH4	c3
5.6356026044844e-61	0.257134611580333	0.133	0.292	2.06268690926734e-56	ETFA	c3
1.5832616015024e-32	0.256890675678921	0.043	0.108	5.79489578765894e-28	AAAS	c3
1.0594175627224e-09	0.256025527454896	0.035	0.06	3.87757422132027e-05	KIF3A	c3
1.2529000662719e-07	0.255466304083272	0.016	0.031	0.00458573953256178	FRS2	c3
1.52527346003427e-83	0.255322117135819	0.771	0.748	5.58265339107144e-79	RPS29	c3
2.70980560817869e-16	0.25513187030663	0.089	0.145	9.91815950649481e-12	LY75	c3
1.09641661271019e-10	0.25487844706791	0.013	0.032	4.01299444418055e-06	SYCE1L	c3
1.31879458985167e-13	0.254761313914991	0.032	0.063	4.8269200783161e-09	TRAPPC9	c3
2.89724614255558e-18	0.254517542973944	0.314	0.487	1.06042106063677e-13	RAP1B	c3
1.18640997178271e-61	0.254436442214031	0.162	0.34	4.34237913772188e-57	CASP1	c3
4.00102295234378e-18	0.25437472296755	0.051	0.097	1.46441441078735e-13	ISG20L2	c3
1.54034892309947e-11	0.254320422460507	0.023	0.048	5.63783109343638e-07	HAUS6	c3
2.70834788999152e-25	0.253976231218868	0.053	0.112	9.91282411215797e-21	PCID2	c3
4.55342526387567e-59	0.25387002878939	0.148	0.312	1.66659918083113e-54	PSMC3	c3
6.42643902857125e-24	0.253775093239232	0.04	0.091	2.35214094884736e-19	DAZAP1	c3
2.48096548919555e-60	0.253725154941102	0.06	0.172	9.08058178700465e-56	MOSPD3	c3
3.56437435022121e-46	0.253406586124096	0.057	0.149	1.30459665592447e-41	KIN	c3
2.5540172345242e-42	0.253353446046008	0.048	0.129	9.34795848008203e-38	HDDC3	c3
1.05669493690222e-19	0.253296449406907	0.331	0.517	3.86760913855583e-15	SMDT1	c3
5.03429192680765e-23	0.253279696535999	0.071	0.133	1.84260118813087e-18	MTERF4	c3
1.07917964953978e-34	0.252938979018697	0.059	0.136	3.94990543528055e-30	KIAA1143	c3
1.21152946226124e-49	0.252489196046736	0.065	0.166	4.43431898482237e-45	GRPEL1	c3
1.43179959630879e-42	0.252371584461797	0.05	0.132	5.24052970244979e-38	ZBTB7A	c3
4.49168603871548e-09	0.25223736977907	0.016	0.035	0.000164400200703025	ASB7	c3
1.45264146364568e-42	0.252211153551987	0.056	0.141	5.31681302108956e-38	ZPR1	c3
4.20424188901216e-42	0.252105284175309	0.239	0.431	1.53879457379734e-37	COX7A2L	c3
7.0998597024009e-12	0.251759779715405	0.011	0.031	2.59861964967575e-07	ZNF174	c3
8.2030285066954e-50	0.251751144317503	0.144	0.29	3.00239046373559e-45	YY1	c3
3.39409313190825e-28	0.251746999872121	0.849	0.827	1.24227202720974e-23	PPDPF	c3
4.81007459508965e-25	0.251679331409082	0.039	0.091	1.76053540254876e-20	RIPK1	c3
5.95099513294327e-64	0.251448646994063	0.114	0.264	2.17812372860857e-59	AP3S1	c3
3.58540294231361e-25	0.251401963837429	0.074	0.142	1.31229333091621e-20	MICU2	c3
4.21834649334308e-52	0.251306494564502	0.084	0.199	1.5439570000285e-47	IDH3B	c3
4.20503606084806e-30	0.2512496708316	0.851	0.838	1.539085248631e-25	PFDN5	c3
7.7012603988137e-39	0.251184568203705	0.257	0.456	2.8187383185698e-34	NDUFB7	c3
9.5619695605268e-16	0.251120863527997	0.35	0.543	3.49977647884841e-11	MORF4L1	c3
1.26241278552316e-19	0.251032138288051	0.312	0.49	4.62055703629332e-15	TCF25	c3
1.2567458930157e-53	0.250425631740378	0.095	0.219	4.59981564302676e-49	AHSA1	c3
3.57047491997139e-51	0.250353680847502	0.084	0.198	1.30682952545873e-46	EXOSC1	c3
1.28479131440224e-47	0.250206816892188	0.058	0.151	4.70246468984362e-43	ARMCX6	c3
1.47812218289505e-17	0.250162259576368	0.045	0.088	5.41007500161418e-13	KLHL28	c3
4.49675416230328e-63	0.249908605905612	0.151	0.323	1.64585699094462e-58	CLNS1A	c3
1.29001173768503e-42	0.249903557303299	0.188	0.347	4.72157196110097e-38	HM13	c3
8.46697667593273e-10	0.249663379454308	0.017	0.037	3.09899813315814e-05	SLC23A2	c3
6.97219938995789e-54	0.249546549608797	0.192	0.377	2.55189469871849e-49	CYCS	c3
8.54078405490136e-11	0.249497137132887	0.012	0.031	3.12601237193445e-06	AC067852.2	c3
2.66543168321304e-68	0.249442126895497	0.169	0.361	9.75574650372806e-64	MEA1	c3
2.2220187982142e-20	0.249432932526263	0.034	0.077	8.13281100334381e-16	MRPL49	c3
7.80711295497867e-13	0.249259371971422	0.019	0.043	2.85748141265174e-08	TFB2M	c3
1.31652651550453e-06	0.249255844521576	0.002	0.011	0.0481861869939812	LINC00504	c3
6.1345837479994e-15	0.24920368923892	0.047	0.087	2.24531899760526e-10	PUS7L	c3
3.18191761900948e-60	0.249128246485592	0.108	0.248	1.16461366773366e-55	SARNP	c3
7.50088444644147e-17	0.249125842862569	0.021	0.052	2.74539871624204e-12	AKAP7	c3
1.27693582688191e-33	0.249005610268126	0.274	0.468	4.67371281997047e-29	TOMM20	c3
6.61601081533911e-12	0.24848495712119	0.007	0.025	2.42152611852227e-07	ALYREF	c3
2.07666048764945e-29	0.248379077379243	0.078	0.156	7.60078505084575e-25	AKIRIN1	c3
1.00721434376928e-25	0.248358114029158	0.023	0.068	3.68650521962993e-21	OAZ2	c3
1.11008467570605e-44	0.247959633075725	0.091	0.2	4.06302092155171e-40	HPRT1	c3
1.04248997136933e-57	0.24795315461506	0.062	0.171	3.81561754420889e-53	POP7	c3
6.66094572568732e-22	0.247928238969152	0.024	0.065	2.43797274505882e-17	BABAM2	c3
6.70144371689714e-79	0.247710147723066	0.112	0.282	2.45279541482152e-74	MRPL11	c3
1.38898821677256e-48	0.247669379502695	0.057	0.152	5.08383577220924e-44	RBMX2	c3
3.70404746929338e-08	0.247462632202062	0.036	0.058	0.00135571841423607	DENND6A	c3
3.59040066109651e-11	0.247099211941662	0.026	0.051	1.31412254596793e-06	AEBP2	c3
1.33224993907244e-23	0.247074557838634	0.039	0.089	4.87616800199904e-19	EIPR1	c3
1.33950675158453e-46	0.247044021083198	0.1	0.215	4.90272866147453e-42	CCDC91	c3
1.40407175647198e-30	0.246843964112265	0.056	0.124	5.13904303586308e-26	EIF2B1	c3
2.4561667384638e-57	0.24645885896278	0.125	0.272	8.98981587945134e-53	ELOVL1	c3
9.02760453680022e-22	0.246317889439192	0.043	0.092	3.30419353651425e-17	TCTN3	c3
2.90295761238924e-24	0.246307765033635	0.077	0.145	1.06251151571059e-19	MECP2	c3
1.81959432735369e-55	0.246254051562895	0.189	0.374	6.65989719754723e-51	NAPA	c3
4.24043243606994e-55	0.24624067385929	0.148	0.306	1.55204067592596e-50	DCTN2	c3
3.96525668602477e-19	0.245843375474971	0.083	0.143	1.45132359965193e-14	RBM33	c3
4.06529092107674e-28	0.245819140228288	0.136	0.237	1.4879371300233e-23	NOP58	c3
5.49708710911881e-61	0.245713429110288	0.132	0.289	2.01198885280858e-56	BABAM1	c3
2.0711688342494e-56	0.245624366422227	0.1	0.23	7.58068505023624e-52	NSFL1C	c3
1.37392187615618e-32	0.24536134911919	0.269	0.461	5.02869145891924e-28	OSTF1	c3
3.11087322720872e-37	0.245268350016453	0.047	0.121	1.13861070989066e-32	RAE1	c3
2.03010480590187e-11	0.24521605278915	0.016	0.038	7.43038660008144e-07	LRRC14	c3
1.01530298801173e-16	0.244876365370247	0.031	0.067	3.71611046642175e-12	GTDC1	c3
2.78402476915623e-35	0.244711148017455	0.06	0.138	1.01898090575887e-30	DDX54	c3
9.24882456966943e-21	0.244548661433204	0.027	0.068	3.38516228074471e-16	OBI1	c3
3.9617099274356e-19	0.244512960256769	0.016	0.049	1.4500254505407e-14	JMJD8	c3
1.92840674370339e-11	0.244495928154647	0.015	0.036	7.05816152262877e-07	ZNF641	c3
5.69726107648257e-71	0.244372740644346	0.078	0.215	2.08525452660339e-66	ZDHHC24	c3
2.23875826073448e-35	0.24431178055363	0.086	0.176	8.19407911011426e-31	SMU1	c3
1.21418352428863e-24	0.244237469433708	0.038	0.089	4.44403311724881e-20	GET4	c3
2.21240271808036e-38	0.244162341144039	0.1	0.201	8.09761518844591e-34	ATF6B	c3
8.57816296775603e-38	0.244149088911193	0.239	0.417	3.13969342782838e-33	CALM3	c3
2.9451664450886e-10	0.243974482163447	0.021	0.043	1.07796037056688e-05	PPOX	c3
1.99272640656244e-26	0.243973891503355	0.079	0.151	7.29357792065918e-22	SFSWAP	c3
2.12108036795967e-21	0.243935824190651	0.039	0.086	7.7633662547692e-17	LRCH4	c3
6.70112618606963e-54	0.243924616237972	0.888	0.894	2.45267919536334e-49	TXNIP	c3
6.96014719877165e-08	0.243702564991447	0.026	0.045	0.00254748347622241	MPHOSPH9	c3
3.30550206745183e-13	0.243576729203211	0.034	0.065	1.20984681170805e-08	MRE11	c3
1.85308312983117e-11	0.243485501722589	0.029	0.056	6.78246956349507e-07	APAF1	c3
1.60769964404768e-56	0.243152737882072	0.094	0.22	5.88434146717891e-52	RPAIN	c3
1.28526485859281e-37	0.243051539439294	0.177	0.319	4.70419790893556e-33	IFI16	c3
6.89139998254939e-19	0.242615757158657	0.049	0.095	2.5223213076129e-14	SUCO	c3
3.75454477564886e-16	0.242320645633514	0.034	0.07	1.37420093333524e-11	CCAR2	c3
5.11163885847682e-54	0.242196766948333	0.118	0.256	1.8709109385911e-49	CDC40	c3
1.65040532905293e-24	0.242021708871843	0.069	0.134	6.04064854486663e-20	EPB41L4A-AS1	c3
2.2000514630781e-27	0.24144826630867	0.036	0.09	8.05240836001216e-23	GTF2H3	c3
3.3915401999896e-11	0.241420805426627	0.088	0.132	1.24133762859819e-06	FGD3	c3
1.47750057260327e-09	0.24134445194849	0.013	0.031	5.40779984578524e-05	FAAP100	c3
2.99980859763918e-09	0.24130514734713	0.01	0.026	0.000109795994482192	DHODH	c3
4.40810126953183e-66	0.241273371918018	0.121	0.278	1.61340914566134e-61	IER3IP1	c3
8.36179006099764e-17	0.241247863823528	0.026	0.06	3.06049878022574e-12	TIFA	c3
2.87713882855082e-40	0.241163728430536	0.052	0.132	1.05306158263788e-35	WDR18	c3
1.94235331007697e-37	0.241027417312288	0.049	0.123	7.10920735021271e-33	MRPL44	c3
2.96294932450042e-35	0.240693696107775	0.048	0.119	1.0844690822604e-30	NKAPD1	c3
6.07636198894034e-65	0.240403381821956	0.147	0.319	2.22400925157205e-60	TMEM256	c3
1.96105669455215e-16	0.240318978284042	0.058	0.104	7.17766360773033e-12	USP36	c3
2.01366768520286e-54	0.240159349103407	0.079	0.194	7.37022509461098e-50	LCMT1	c3
2.66277057475435e-35	0.240103772209338	0.137	0.252	9.74600658065839e-31	UBE3A	c3
7.04772539892377e-12	0.239923294864566	0.03	0.058	2.57953797326009e-07	CEP135	c3
4.62041572016756e-47	0.239814542934005	0.109	0.23	1.69111835773853e-42	SLBP	c3
2.07580731775908e-18	0.239736271874446	0.024	0.059	7.59766236372999e-14	SUGP1	c3
2.53728148548272e-09	0.239446195574048	0.025	0.047	9.28670396501532e-05	SLC35E2B	c3
1.22420647157721e-07	0.239122532223131	0.014	0.029	0.00448071810661976	BRD1	c3
1.20311033765774e-39	0.239122115191632	0.134	0.256	4.40350414686108e-35	STRAP	c3
2.28202021634451e-10	0.239067089243338	0.027	0.052	8.35242219384255e-06	PDZD8	c3
2.26130961167242e-07	0.239051261949175	0.011	0.024	0.00827661930968222	SLC36A1	c3
1.0869728975025e-60	0.238906014475123	0.108	0.249	3.97842950214891e-56	TRAPPC4	c3
4.63224194933481e-62	0.238891103954287	0.948	0.912	1.69544687587603e-57	PTMA	c3
9.01154801567224e-19	0.238783839223232	0.027	0.065	3.2983166892162e-14	ZNF264	c3
1.44917672908342e-38	0.238726879865537	0.098	0.199	5.30413174611821e-34	INTS11	c3
2.30281458842208e-22	0.238631460603552	0.033	0.079	8.42853167508366e-18	TMEM41A	c3
2.90030143723028e-24	0.238294063312215	0.037	0.087	1.06153932904065e-19	BAK1	c3
1.54847723302188e-40	0.23825547180567	0.043	0.118	5.66758152058339e-36	ASPSCR1	c3
4.2516346473838e-27	0.238138287502268	0.048	0.107	1.55614079728895e-22	TMEM138	c3
1.16029711154766e-47	0.237984644844655	0.183	0.347	4.2468034579756e-43	DDX18	c3
3.42816212623372e-59	0.237954135710215	0.113	0.256	1.2547416198228e-54	FBXO7	c3
4.52438501831612e-54	0.237681717449892	0.998	0.981	1.65597016055388e-49	ACTB	c3
1.37345636809113e-40	0.237301374648074	0.773	0.804	5.02698765285034e-36	RPL4	c3
2.67010688928733e-57	0.237029851862091	0.166	0.338	9.77285822548056e-53	ADH5	c3
5.18162513100413e-07	0.236778804872554	0.003	0.013	0.0189652661419882	HOMER1	c3
7.97756947729222e-72	0.236716851584099	0.108	0.265	2.91987020438373e-67	CHCHD5	c3
1.28936134240044e-47	0.236654206728519	0.057	0.151	4.71919144931985e-43	EEF1E1	c3
4.44292099183418e-31	0.236347944714159	0.092	0.178	1.62615351222123e-26	ATP6V0E2	c3
7.60247487689088e-10	0.23626532200098	0.012	0.03	2.78258182969083e-05	NAA40	c3
9.3967198393154e-51	0.236199060293588	0.155	0.308	3.43929342838783e-46	SMAP1	c3
3.63983798389118e-13	0.236028646890075	0.04	0.074	1.33221710048401e-08	CASP3	c3
2.51813222813772e-54	0.235963990400334	0.184	0.362	9.21661576820686e-50	IGBP1	c3
2.17234734843387e-22	0.235775750805991	0.22	0.347	7.95100853000281e-18	RAD21	c3
1.9310804700486e-17	0.235302052911703	0.052	0.097	7.06794762842489e-13	NEK7	c3
2.96896678228716e-16	0.23506149999509	0.163	0.246	1.08667153198492e-11	ZC3HAV1	c3
3.63790283580849e-45	0.234695154584	0.064	0.158	1.33150881693426e-40	TMEM223	c3
1.00228970550198e-60	0.234648363417386	0.161	0.337	3.66848055110779e-56	SNRPD1	c3
1.87567031133118e-26	0.234464480700537	0.202	0.331	6.86514090650324e-22	ILF3	c3
4.94531347789777e-23	0.234243331940694	0.025	0.068	1.81003418604536e-18	SNX18	c3
2.01725006908283e-21	0.234179756090474	0.029	0.071	7.38333697785008e-17	ODC1	c3
4.83696581436123e-19	0.234122584711113	0.044	0.089	1.77037785771435e-14	STIM2	c3
1.1553795660032e-62	0.234034243803375	0.192	0.392	4.22880474952831e-58	COX14	c3
2.7373550148635e-21	0.234003328195298	0.031	0.074	1.00189930899019e-16	NRAS	c3
1.52795980298836e-56	0.233908022019336	0.192	0.378	5.59248567491771e-52	ENSA	c3
1.05112021818296e-23	0.233817810052386	0.029	0.074	3.84720511057145e-19	PLEKHA3	c3
1.66647310199383e-14	0.233474037397094	0.01	0.032	6.09945820060762e-10	ABHD4	c3
1.20016683702536e-19	0.233357212028216	0.668	0.76	4.39273064019653e-15	HMGB1	c3
4.03400678512465e-63	0.233237734410825	0.165	0.347	1.47648682342347e-58	TEX264	c3
9.39211903893097e-37	0.233143232946057	0.111	0.215	3.43760948943912e-32	SMC3	c3
1.48034792404512e-33	0.233124167931746	0.017	0.068	5.41822143679756e-29	AC105446.1	c3
5.06099172458963e-55	0.233014081886574	0.131	0.278	1.85237358111705e-50	PSMD2	c3
2.1307586815929e-20	0.232913793831731	0.029	0.07	7.79878985049819e-16	CPSF1	c3
1.5816958924329e-28	0.232626032970881	0.051	0.114	5.78916513589367e-24	GMCL1	c3
6.78269213916764e-33	0.231771847543399	0.03	0.089	2.48253314985675e-28	NOC4L	c3
9.57823858010379e-66	0.231710326698377	0.086	0.222	3.50573110270379e-61	DNAJC4	c3
1.76433276586592e-18	0.231234445759024	0.712	0.797	6.45763435634585e-14	PCBP2	c3
1.15300438184142e-23	0.231188657542876	0.026	0.07	4.22011133797777e-19	MTRF1L	c3
4.45819740248587e-29	0.231172108858664	0.03	0.083	1.63174483128385e-24	SWI5	c3
1.69354795826697e-09	0.230967725661443	0.036	0.062	6.19855488205294e-05	RFFL	c3
1.51663517677613e-32	0.230903241279105	0.065	0.142	5.55103641051831e-28	CDS2	c3
1.51727950941022e-24	0.230644485602114	0.28	0.447	5.55339473239234e-20	SRSF11	c3
3.63686108134617e-59	0.23063811558381	0.115	0.258	1.33112752438351e-54	AIMP1	c3
1.99417709035856e-58	0.230136860702503	0.196	0.392	7.29888756842137e-54	ADRM1	c3
3.91457701792581e-12	0.2300919702912	0.014	0.036	1.43277433433102e-07	FBXW4	c3
6.10213665344494e-09	0.230082729298728	0.022	0.042	0.000223344303652738	ZER1	c3
1.97507342246673e-65	0.230072289383906	0.154	0.331	7.22896623357049e-61	DGUOK	c3
4.36957074470954e-24	0.230067149445407	0.019	0.06	1.59930658827114e-19	DNAL4	c3
7.89646867873775e-07	0.229996724319582	0.011	0.023	0.028901865011048	ZBTB6	c3
2.87587964698984e-48	0.229707674160195	0.111	0.235	1.05260070959475e-43	MZT2B	c3
5.35771484953168e-12	0.229530700415285	0.008	0.026	1.96097721207709e-07	C8orf82	c3
4.40768393003471e-07	0.229422299212237	0.016	0.03	0.01613256395232	TNFAIP8L1	c3
2.27069619249178e-33	0.229310055285487	0.054	0.125	8.31097513413917e-29	PPP6R1	c3
4.13144852140851e-33	0.229264131152513	0.072	0.152	1.51215147332073e-28	PPP2R5E	c3
1.68197662131056e-31	0.229263299780091	0.06	0.132	6.15620263165877e-27	YDJC	c3
1.11792861071368e-50	0.22898713055402	0.215	0.409	4.09173050807313e-46	TMEM230	c3
2.01604172535147e-10	0.228705359146964	0.014	0.033	7.37891431895891e-06	MTRF1	c3
6.52828169453084e-11	0.22864792470036	0.014	0.034	2.38941638301523e-06	LARP1B	c3
6.55765975093196e-08	0.228569274761974	0.01	0.024	0.00240016904543861	LARS2	c3
5.33552369861216e-13	0.228521042604852	0.016	0.039	1.95285502892904e-08	SPHK2	c3
1.08984046247103e-54	0.228344033238966	0.106	0.237	3.98892507669022e-50	DHPS	c3
2.12895055089478e-34	0.22834367363389	0.091	0.182	7.79217191132998e-30	SMAP2	c3
4.05231822517677e-38	0.22808305879331	0.052	0.129	1.48318899359695e-33	TMEM107	c3
1.77717936407682e-20	0.228062951172775	0.036	0.08	6.50465419045757e-16	NUP160	c3
4.4909508751196e-49	0.227986742637045	0.057	0.153	1.64373292980252e-44	RUVBL2	c3
3.95065712100986e-37	0.227669098645687	0.141	0.262	1.44598001286082e-32	BBX	c3
2.56891595233057e-17	0.227130705383464	0.032	0.07	9.40248927712511e-13	AKAP17A	c3
9.27462953466914e-31	0.227059209154027	0.084	0.166	3.39460715598425e-26	PITPNB	c3
7.44417203785278e-58	0.226933926985143	0.09	0.216	2.7246414075745e-53	PARL	c3
3.49037476105578e-07	0.22613623971573	0.026	0.045	0.0127751206629402	ZNF266	c3
2.22086666369337e-24	0.226117993859749	0.029	0.076	8.1285940757841e-20	RNF25	c3
1.53588222174168e-39	0.226047414928676	0.087	0.185	5.62148251979672e-35	HNRNPL	c3
3.96862169306166e-22	0.226036272117984	0.105	0.181	1.4525552258775e-17	SECISBP2	c3
5.44090086643164e-17	0.22602675690869	0.039	0.078	1.99142412612264e-12	PACS1	c3
1.27519827829532e-21	0.225841411626576	0.067	0.126	4.66735321838871e-17	NUP50	c3
2.7270498087006e-08	0.225836596924464	0.046	0.072	0.000998127500482506	ANKZF1	c3
8.46824295854429e-21	0.225804229325036	0.067	0.124	3.0994616052568e-16	ZC3H18	c3
1.89049352878539e-10	0.225772187093197	0.014	0.033	6.9193953647074e-06	ZNF140	c3
2.36550991798584e-20	0.225709854181716	0.024	0.062	8.65800285081996e-16	RRP36	c3
6.57050132740972e-13	0.225679581322907	0.034	0.065	2.40486919084523e-08	CYP2R1	c3
5.20457650794874e-30	0.225258171676554	0.071	0.146	1.90492704767432e-25	RELA	c3
1.02999420106196e-06	0.225150206914252	0.02	0.036	0.0376988177530687	ZNF92	c3
2.51679461315289e-10	0.22509081430572	0.007	0.022	9.21171996360089e-06	MICALL1	c3
2.11896067591816e-33	0.224961482812641	0.178	0.311	7.75560796992807e-29	FAM49B	c3
3.63460829017717e-08	0.224859078683136	0.019	0.037	0.00133030298028775	METTL4	c3
1.64182921943294e-20	0.224584353384378	0.052	0.104	6.00925912604649e-16	MX2	c3
1.38220575645149e-08	0.224527604791973	0.019	0.037	0.000505901128918809	POLG2	c3
9.41900602060653e-11	0.224197013128479	0.032	0.059	3.4474503936022e-06	PITPNA-AS1	c3
2.14192609791931e-22	0.224137201221295	0.323	0.516	7.83966371099445e-18	SERBP1	c3
2.06769327247289e-73	0.224023790864237	0.107	0.266	7.56796414657803e-69	TMEM134	c3
2.10951774698546e-47	0.223954223278398	0.093	0.206	7.72104590574149e-43	PCMTD1	c3
6.77822649302106e-22	0.223943876075689	0.017	0.054	2.48089867871064e-17	EEF2KMT	c3
3.9834826551611e-25	0.223827339893638	0.063	0.127	1.45799448661552e-20	ARFGAP2	c3
1.40891965877424e-38	0.223813926860959	0.057	0.138	5.15678684307958e-34	DHX30	c3
1.16668399177403e-18	0.223680659257121	0.038	0.08	4.27018007829211e-14	FAM78A	c3
6.72941162524089e-25	0.223640672566317	0.069	0.135	2.46303194895442e-20	PHF14	c3
6.53548199658231e-07	0.223566444772012	0.012	0.025	0.0239205176556909	ZNF570	c3
7.29964288853049e-24	0.223509966375163	0.046	0.1	2.67174229363104e-19	GLT8D1	c3
1.58796829307883e-30	0.22337626711973	0.089	0.172	5.81212274949781e-26	RCN2	c3
1.9851346614897e-25	0.223157246902998	0.038	0.09	7.26579137451845e-21	FN3KRP	c3
1.61648861453414e-17	0.223098785334356	0.348	0.543	5.91650997805641e-13	PSMB1	c3
2.70196277158106e-60	0.223074929421056	0.192	0.387	9.88945394026384e-56	MRPL20	c3
2.32687283747848e-11	0.223071472810874	0.028	0.055	8.51658727245498e-07	RELL1	c3
2.68589552566097e-27	0.223054114265803	0.043	0.1	9.83064621347173e-23	PMPCA	c3
8.16198826999314e-28	0.222810704636886	0.07	0.14	2.98736932670019e-23	PIK3R5	c3
3.5616701511743e-10	0.222599745115204	0.017	0.038	1.30360689203131e-05	LYRM9	c3
2.72134253248632e-44	0.222529153844294	0.054	0.14	9.96038580315317e-40	FAM110A	c3
1.09661520324969e-14	0.222507497104682	0.015	0.041	4.01372130541421e-10	CCDC126	c3
4.05698781841072e-33	0.22249840977937	0.026	0.082	1.48489811141651e-28	PCCB	c3
1.4973221021582e-68	0.2224233960492	0.144	0.32	5.48034862610922e-64	NDUFAF3	c3
1.27137259830503e-24	0.22224855311203	0.043	0.096	4.65335084705625e-20	BMS1	c3
1.70775675197565e-33	0.222244092186562	0.092	0.182	6.25056048790606e-29	CDC73	c3
1.24259674104434e-38	0.222202551062555	0.065	0.15	4.54802833189638e-34	GGA1	c3
1.28021627148335e-18	0.222024929177793	0.041	0.084	4.68571957525622e-14	PARN	c3
2.93157444797307e-75	0.221597817339255	0.139	0.322	1.07298556370262e-70	NUTF2	c3
5.20752608874402e-12	0.221557026913606	0.009	0.028	1.9060066237412e-07	C14orf28	c3
3.96327430321387e-41	0.221523762139288	0.033	0.104	1.45059802771931e-36	GMPPB	c3
1.29475206504593e-35	0.221450871488675	0.132	0.246	4.73892203327461e-31	SDHA	c3
1.88020370232414e-73	0.221342010731363	0.109	0.269	6.88173357087658e-69	AKR7A2	c3
3.29688102085863e-56	0.221093252746109	0.16	0.326	1.20669142244447e-51	LSM8	c3
1.42315883233094e-08	0.221018541573061	0.006	0.018	0.000520890364221448	ST20-AS1	c3
1.95937138351072e-34	0.220957284796278	0.06	0.136	7.17149520078758e-30	NSUN5	c3
2.06269205666543e-48	0.22090967795771	0.147	0.292	7.54965919660115e-44	SBDS	c3
7.85115898922529e-12	0.220853091665178	0.371	0.558	2.87360270164635e-07	SEC61B	c3
6.66992788133316e-50	0.22084671387513	0.104	0.227	2.44126030384675e-45	NUDT21	c3
1.62764024126753e-11	0.22061786595034	0.009	0.027	5.9573260470633e-07	LINC01003	c3
2.68231561029945e-15	0.220367181328174	0.017	0.045	9.81754336525701e-11	CRADD	c3
7.82015221166701e-07	0.22027157812828	0.011	0.024	0.0286225391099224	RAB33B	c3
1.69724390920895e-52	0.219921735485071	0.068	0.174	6.21208243209569e-48	CTNNBL1	c3
3.61328272183207e-33	0.219738612508679	0.075	0.157	1.32249760901776e-28	NT5C3A	c3
2.5577877629919e-10	0.219734132343191	0.015	0.035	9.36175899132665e-06	ARSK	c3
5.72998617432128e-31	0.219570792325247	0.036	0.095	2.09723223966333e-26	PXK	c3
3.43770079906204e-41	0.219130241733728	0.242	0.433	1.2582328694647e-36	NDUFA6	c3
1.56582098177039e-11	0.218913762997966	0.006	0.022	5.73106137537781e-07	EVA1B	c3
6.06434122835898e-39	0.218907077791234	0.134	0.253	2.21960953299167e-34	MIER1	c3
1.03176271613001e-22	0.218737057600565	0.04	0.089	3.77635471730746e-18	EIF2B5	c3
3.8584529251697e-27	0.21866239298098	0.084	0.16	1.41223235514136e-22	TNIK	c3
2.49458708117637e-19	0.218291105555557	0.05	0.097	9.13043817581363e-15	RC3H2	c3
2.41329212097249e-52	0.218044255565865	0.049	0.144	8.8328904919714e-48	MRPL46	c3
1.77667763000957e-60	0.217968198412197	0.159	0.332	6.50281779359804e-56	PCMT1	c3
1.86679135802588e-15	0.217880704694409	0.022	0.052	6.83264304951051e-11	RAD17	c3
1.27131063517937e-56	0.217867132390323	0.155	0.319	4.65312405582001e-52	LSM2	c3
5.09899763588596e-68	0.21785189932313	0.083	0.22	1.86628412471062e-63	TMEM141	c3
8.01189493614185e-18	0.217837991887971	0.06	0.109	2.93243366557728e-13	ITFG2	c3
2.24396911631272e-36	0.217490509612713	0.12	0.228	8.21315136261618e-32	ZNF800	c3
2.92279661922442e-23	0.217438190938963	0.2	0.318	1.06977279060233e-18	NSD3	c3
1.35637958030271e-06	0.217433194249119	0.006	0.017	0.0496448490186594	CAB39L	c3
5.73257282023942e-63	0.217406152335312	0.19	0.389	2.09817897793583e-58	SNX17	c3
1.55609948834516e-42	0.21727975737521	0.075	0.171	5.6954797372921e-38	CHIC2	c3
9.31675012299746e-74	0.217260101869976	0.127	0.3	3.4100237125183e-69	TRAPPC2L	c3
8.19098546665694e-12	0.217228980076023	0.013	0.034	2.99798259065111e-07	GTF2E1	c3
5.74162260694893e-23	0.217122665256773	0.033	0.079	2.10149129036938e-18	FARS2	c3
2.77221983337312e-08	0.217104085496536	0.028	0.049	0.00101466018121289	RELB	c3
9.71659133927511e-55	0.217066680138614	0.13	0.274	3.55636959608808e-50	RTF1	c3
3.79647806554982e-62	0.216853010687334	0.131	0.289	1.38954893677189e-57	HPS1	c3
8.59245382656696e-78	0.216592917136292	0.123	0.299	3.14492402506177e-73	IDH3G	c3
1.11228970838375e-07	0.216539224790379	0.017	0.033	0.00407109156165535	CTPS1	c3
3.83605718071848e-20	0.216476663844396	0.04	0.086	1.40403528871477e-15	PHF6	c3
1.23921821921374e-52	0.216303210461668	0.083	0.199	4.53566260414422e-48	UBE2J1	c3
6.53829144343446e-74	0.215851101274659	0.099	0.253	2.39308005121145e-69	SRA1	c3
4.65991676179996e-19	0.215720733867402	0.038	0.08	1.7055761339864e-14	AAGAB	c3
4.9417329060072e-45	0.215436080400003	0.08	0.183	1.8087236609277e-40	PHAX	c3
4.22807146925421e-12	0.215303354284672	0.018	0.041	1.54751643846173e-07	TOE1	c3
3.09556296044834e-24	0.215231018826347	0.062	0.124	1.1330069991537e-19	RNF4	c3
2.39191329746473e-10	0.215130271570141	0.048	0.078	8.75464186005066e-06	C16orf54	c3
5.56904196658101e-31	0.214972328741857	0.081	0.161	2.03832505018832e-26	FAM111A	c3
1.29072036879474e-28	0.214669035415979	0.211	0.349	4.72416562182562e-24	TAF15	c3
1.23004536202978e-25	0.213884230418203	0.044	0.099	4.50208902956521e-21	MAF	c3
1.8026967492696e-07	0.213294554646188	0.01	0.024	0.00659805037200166	FAM185A	c3
1.2921336414554e-39	0.21326727684444	0.104	0.21	4.72933834109092e-35	CNOT2	c3
1.82392002817391e-24	0.213263353682549	0.04	0.091	6.67572969511934e-20	FTSJ3	c3
2.37282909728041e-55	0.213185973478995	0.2	0.391	8.68479177895602e-51	POLR2E	c3
2.23117778531997e-29	0.213048857752413	0.036	0.093	8.16633381204963e-25	TRIM26	c3
2.26050462564049e-34	0.212881342406078	0.056	0.13	8.27367298030676e-30	TIPARP	c3
1.35268246450516e-66	0.212675872259701	0.111	0.262	4.95095308833533e-62	TTC1	c3
5.03085593082056e-16	0.212617569005158	0.009	0.034	1.84134357923963e-11	EXTL2	c3
2.53285848796085e-56	0.212601622477662	0.077	0.193	9.2705153517855e-52	NMI	c3
5.83746469481658e-21	0.212578660052611	0.033	0.076	2.13657045294982e-16	L3MBTL2	c3
1.16902214004944e-37	0.212491513559923	0.082	0.175	4.27873793479497e-33	PRKAR2A	c3
4.25185275516115e-37	0.212400329005614	0.056	0.134	1.55622062691653e-32	WDR46	c3
1.15927627001163e-19	0.211611850741232	0.024	0.061	4.24306707586956e-15	AASDH	c3
1.19002982892078e-07	0.211582746792023	0.662	0.747	0.00435562817683296	ATP5MG	c3
1.94247969772816e-54	0.211341045485145	0.08	0.196	7.10966994165485e-50	NUDT1	c3
4.66829311042695e-17	0.211101009864516	0.04	0.08	1.70864196134737e-12	CD2AP	c3
1.80873909662177e-56	0.210913313720242	0.069	0.181	6.62016596754534e-52	TMEM126B	c3
1.29642116023483e-21	0.210858585064697	0.032	0.076	4.7450310885755e-17	ING3	c3
8.61818570746995e-17	0.210821489634945	0.014	0.042	3.15434215079108e-12	AL451165.2	c3
6.09448840548197e-23	0.210545951507497	0.284	0.449	2.23064370129046e-18	MPHOSPH8	c3
1.35437806081762e-33	0.210463360751804	0.1	0.195	4.95715914039858e-29	PHYKPL	c3
2.40657867523308e-36	0.210104993814457	0.072	0.157	8.80831860922059e-32	PTPRE	c3
4.66760448489865e-29	0.210089991596431	0.041	0.101	1.70838991751776e-24	SHC1	c3
4.77146194196248e-108	0.209868365552993	0.974	0.902	1.74640278537769e-103	RPS13	c3
5.06209333939865e-58	0.209488307128009	0.199	0.394	1.8527767831533e-53	GADD45GIP1	c3
5.20017953054599e-10	0.209396424305679	0.013	0.032	1.90331770997514e-05	ZNF333	c3
6.32542878499477e-09	0.209362819371383	0.013	0.029	0.000231517018959594	ZNF569	c3
9.4608320506192e-19	0.209268293453651	0.023	0.058	3.46275913884713e-14	CDK7	c3
3.37185235246786e-70	0.209192716274616	0.136	0.309	1.23413167952676e-65	COPZ1	c3
5.27899735939754e-27	0.209135164879309	0.097	0.178	1.93216582351309e-22	FIP1L1	c3
1.73128782205457e-10	0.209021687724301	0.015	0.035	6.33668655750193e-06	ZNF181	c3
9.42642257959993e-47	0.208945567667422	0.214	0.398	3.45016492835937e-42	GPI	c3
8.55774204588434e-32	0.208698177699654	0.039	0.101	3.13221916621413e-27	TTF1	c3
9.87350435577308e-31	0.208467461874873	0.273	0.457	3.61380132925651e-26	TAPBP	c3
5.67069061738551e-34	0.208105172150514	0.064	0.141	2.07552947286927e-29	PAFAH1B3	c3
5.18222990291295e-11	0.208089612403168	0.018	0.04	1.89674796676517e-06	CNOT11	c3
3.02169137923931e-31	0.207613752448335	0.069	0.145	1.10596926171538e-26	ALKBH5	c3
2.877606708222e-28	0.207602399231921	0.054	0.118	1.05323283127633e-23	PMM1	c3
3.43300322200934e-09	0.207563508479231	0.017	0.036	0.000125651350928764	FBXO31	c3
4.22624070175252e-40	0.207486981984743	0.252	0.446	1.54684635924844e-35	TECR	c3
6.5996063513073e-64	0.207422415801863	0.187	0.385	2.41552192064199e-59	PSMF1	c3
3.69890456019738e-08	0.207300277340973	0.018	0.035	0.00135383605807784	TRAF2	c3
1.46224178780465e-14	0.20726691116857	0.018	0.045	5.35195116754379e-10	DIABLO	c3
7.11507751488698e-58	0.207228954832688	0.101	0.233	2.60418952122378e-53	NSMCE1	c3
1.63568481269649e-07	0.206983541132294	0.008	0.021	0.00598676998295043	PAXIP1	c3
1.08947340870174e-36	0.206978394447797	0.062	0.143	3.98758162318923e-32	QTRT1	c3
3.02619051185655e-08	0.206713216598327	0.015	0.031	0.00110761598924461	PRKAB2	c3
6.56893716796901e-31	0.206699652065213	0.721	0.772	2.40429669284834e-26	RPS26	c3
1.25543604010833e-13	0.20649082424359	0.111	0.168	4.5950214504005e-09	ATF7IP	c3
4.95046492792688e-57	0.20644565959987	0.181	0.361	1.81191966827052e-52	UBE2B	c3
7.3770510524276e-68	0.206436016049459	0.092	0.235	2.70007445569903e-63	MRPL55	c3
5.20952943423976e-30	0.206286170762792	0.038	0.097	1.90673986822609e-25	INIP	c3
8.74029913788727e-59	0.206215901320072	0.168	0.344	3.19903688745812e-54	DBNL	c3
1.84556883055975e-36	0.206004488300264	0.036	0.102	6.75496647673175e-32	UBA7	c3
6.689326218199e-38	0.205811674072937	0.037	0.106	2.44836028912302e-33	CRIPT	c3
1.22843791610129e-11	0.205232936916283	0.013	0.034	4.49620561672234e-07	OSGEPL1	c3
9.30025516316511e-08	0.205124083548736	0.004	0.015	0.00340398639227006	H2AFY2	c3
2.64121362566234e-19	0.205009661887031	0.033	0.074	9.66710599128673e-15	TMEM161A	c3
6.82221419727396e-08	0.204895080285754	0.008	0.022	0.00249699861834424	MIER3	c3
4.92525267531099e-34	0.204688001656483	0.05	0.121	1.80269173169058e-29	CCDC137	c3
1.50628365553383e-08	0.204609370322028	0.016	0.034	0.000551314880761939	PRIM2	c3
4.11179120228328e-41	0.204565865132281	0.027	0.094	1.5049566979477e-36	SLC39A4	c3
3.45909454003013e-62	0.204202339623091	0.092	0.226	1.26606319259643e-57	TIPRL	c3
9.18781643865041e-31	0.204129230790866	0.025	0.078	3.36283269471044e-26	RRP9	c3
3.17048422954631e-18	0.204128877878572	0.027	0.064	1.16042893285624e-13	CDIP1	c3
1.73624513677725e-28	0.203906979480487	0.299	0.499	6.35483082511841e-24	MDH2	c3
4.35672049918755e-62	0.203871600619169	0.115	0.263	1.59460326990764e-57	TMEM9B	c3
2.29374152983672e-70	0.203735558073827	0.153	0.337	8.39532337335537e-66	SEC13	c3
1.17086851119373e-12	0.203551270459459	0.027	0.055	4.28549583782019e-08	ALG12	c3
2.22266263693745e-43	0.203151326971535	0.202	0.367	8.13516751745475e-39	HNRNPF	c3
9.76093096659243e-17	0.202992261439452	0.068	0.118	3.5725983430825e-12	CAPN7	c3
6.99586804890763e-36	0.202672995270102	0.05	0.123	2.56055766458068e-31	FAM3A	c3
1.20802750863865e-17	0.202503493436537	0.031	0.068	4.42150148436834e-13	CEP250	c3
4.0195300898176e-31	0.202406204717479	0.027	0.081	1.47118820817414e-26	PGPEP1	c3
2.03689651600988e-62	0.202371197949973	0.08	0.206	7.45524493824775e-58	NUDCD2	c3
1.11645140441492e-14	0.202280750228948	0.025	0.055	4.08632378529904e-10	TAF2	c3
2.9186221463982e-07	0.201955909313452	0.018	0.033	0.0106824489180321	ZNF862	c3
1.98321097963912e-38	0.20192988644903	0.125	0.239	7.25875050657715e-34	SNRNP200	c3
2.62385495744949e-47	0.201724304794659	0.836	0.822	9.60357152976088e-43	RPL22	c3
1.37849182432e-69	0.201322421577965	0.915	0.859	5.04541792619362e-65	RPL9	c3
5.93170258961983e-19	0.201315160345662	0.059	0.109	2.17106246482675e-14	NCBP3	c3
5.49818182733857e-45	0.201178715090399	0.042	0.123	2.01238953062419e-40	RABEPK	c3
1.64119472484682e-41	0.2011632144372	0.126	0.247	6.00693681241184e-37	RNMT	c3
1.43227568376427e-27	0.201111658601266	0.088	0.166	5.2422722301456e-23	SBNO1	c3
1.67897871146443e-42	0.201048913719336	0.047	0.128	6.14522998183097e-38	ZFPL1	c3
1.20124950814811e-49	0.200731864137545	0.061	0.16	4.39669332477288e-45	RABIF	c3
3.24844308961246e-46	0.20065528242909	0.249	0.455	1.18896265522906e-41	NDUFA12	c3
9.56164613258929e-68	0.200651330093163	0.159	0.343	3.49965810098901e-63	SNRPB2	c3
1.11249234621075e-22	0.200638548306466	0.065	0.125	4.07183323636598e-18	FAM13B	c3
3.75075317987663e-20	0.200623979122386	0.091	0.157	1.37281317136664e-15	ATXN7L3B	c3
6.10890335253692e-10	0.200129506912068	0.711	0.772	2.23591971606204e-05	ATP5MC2	c3
3.5319214279975e-11	0.199903298194458	0.032	0.06	1.29271856186136e-06	NCOA2	c3
9.38534640074184e-12	0.199750293130096	0.678	0.752	3.43513063613552e-07	COX7C	c3
1.31311758488458e-40	0.199646125251065	0.067	0.155	4.80614167243605e-36	ECI2	c3
1.24109752233881e-64	0.199459229218508	0.117	0.27	4.54254104151229e-60	RILPL2	c3
4.43107599244887e-59	0.199241190947325	0.108	0.247	1.62181812399621e-54	DERL1	c3
1.01581948700932e-49	0.199097311553897	0.063	0.162	3.71800090440281e-45	DCUN1D5	c3
5.67580811493245e-43	0.198966048359783	0.046	0.127	2.07740252814643e-38	DFFA	c3
3.41839179251631e-11	0.198940316434181	0.029	0.056	1.25116557997889e-06	GIMAP8	c3
1.1888799894533e-35	0.198784677594684	0.051	0.124	4.35141964939803e-31	PLEKHA2	c3
6.46606818924938e-12	0.19874191053102	0.017	0.04	2.36664561794717e-07	TUBGCP6	c3
3.13718080103153e-50	0.198702581711465	0.131	0.269	1.14823954498555e-45	EPRS	c3
5.26055619911594e-54	0.198554511248392	0.069	0.177	1.92541617443842e-49	PLPBP	c3
8.09199270916139e-40	0.19815999473251	0.133	0.254	2.96175025148016e-35	REST	c3
3.14621910943452e-66	0.197961290170247	0.101	0.246	1.15154765624413e-61	NELFE	c3
4.43585597481526e-49	0.197957850548083	0.09	0.203	1.62356764534213e-44	TFAM	c3
2.855556609566e-54	0.197683754649192	0.125	0.267	1.04516227466725e-49	SHKBP1	c3
5.55303481598992e-15	0.197559622033899	0.027	0.059	2.03246627300047e-10	THOC5	c3
1.9634343764589e-40	0.197538725833019	0.048	0.126	7.1863661612772e-36	AGA	c3
6.97750892061085e-43	0.197465613034502	0.247	0.442	2.55383804003278e-38	EIF3M	c3
9.08215527667595e-15	0.197285965739068	0.367	0.56	3.32415965281616e-10	NEDD8	c3
1.20529984046443e-64	0.197232423577211	0.15	0.323	4.41151794608387e-60	PSMD9	c3
1.52981659601744e-27	0.197218488705004	0.035	0.088	5.59928172308344e-23	CAAP1	c3
2.92341225628549e-35	0.19688437457492	0.048	0.119	1.06999811992305e-30	AK3	c3
2.33456044658146e-32	0.196822481841522	0.059	0.132	8.54472469053281e-28	ARL16	c3
9.02148482583043e-17	0.196810874616818	0.025	0.059	3.3019536611022e-12	TRMT10B	c3
2.40814279700401e-30	0.196183744514357	0.059	0.129	8.81404345131438e-26	CCDC130	c3
1.48648899373953e-90	0.196105401468547	0.997	0.961	5.44069836598604e-86	RPLP1	c3
1.28077749468901e-28	0.195968816475399	0.036	0.092	4.68777370831126e-24	AGPAT1	c3
4.62788949809898e-08	0.195566112809268	0.012	0.026	0.00169385383519921	DDX31	c3
1.43014100696531e-25	0.195444534430763	0.084	0.156	5.23445909959374e-21	CORO7	c3
9.8023346771662e-22	0.195350117663571	0.05	0.102	3.5877525151896e-17	CDKN2AIP	c3
7.18887806408392e-37	0.195340924714486	0.028	0.09	2.63120126023535e-32	NUDT18	c3
3.81270428241651e-17	0.195258016960122	0.134	0.208	1.39548789440727e-12	DEF6	c3
2.1284867309778e-16	0.195254941460052	0.37	0.575	7.79047428405186e-12	ATP5PO	c3
2.07362099215909e-45	0.195190993400066	0.078	0.18	7.58966019340147e-41	NOP56	c3
1.03077413088814e-20	0.195142019093295	0.034	0.077	3.77273639646368e-16	ACYP1	c3
7.55095361324713e-25	0.195051978514693	0.053	0.111	2.76372453198458e-20	MPPE1	c3
5.01368526545324e-13	0.194727387446198	0.019	0.044	1.83505894400854e-08	FAM160A2	c3
3.907036597854e-42	0.194422473827669	0.119	0.237	1.43001446518054e-37	ANAPC5	c3
6.86815786923112e-76	0.194416653219327	0.106	0.267	2.51381446171728e-71	TIMM13	c3
3.86039092490391e-38	0.194384430741237	0.261	0.457	1.41294168242408e-33	SNX6	c3
7.47927711737094e-16	0.194260015272694	0.011	0.036	2.73749021772894e-11	TAF6L	c3
1.52469136942165e-26	0.194229670741076	0.036	0.089	5.58052288122016e-22	DNAJC17	c3
7.20860116123459e-15	0.194173767192587	0.012	0.037	2.63842011102347e-10	TIMM8A	c3
2.46394479995563e-32	0.19403523112788	0.024	0.078	9.0182843623176e-28	NTHL1	c3
2.08261554448197e-41	0.193837754005651	0.051	0.133	7.62258115435844e-37	MED29	c3
9.16593280730818e-27	0.193799534710337	0.029	0.079	3.35482306680287e-22	TMEM9	c3
1.31254280064277e-20	0.193486474295847	0.069	0.126	4.8040379046326e-16	ZCCHC7	c3
1.12617143639488e-07	0.193310203928351	0.01	0.024	0.00412190007434889	CFL2	c3
3.66827494893795e-12	0.193233449781207	0.032	0.061	1.34262531406078e-07	SH2B1	c3
9.68022936570919e-12	0.193188159009094	0.019	0.042	3.54306075014322e-07	DXO	c3
3.37319309016033e-74	0.193150829149219	0.109	0.27	1.23462240292958e-69	WASHC3	c3
7.3920460682394e-14	0.192947888286642	0.023	0.051	2.7055627814363e-09	USP42	c3
9.19856302117098e-10	0.192848516610718	0.036	0.062	3.36676605137879e-05	SUPT3H	c3
9.03434375229841e-46	0.192508330205089	0.182	0.341	3.30666015677874e-41	TBRG1	c3
4.52995493999362e-19	0.192334281698149	0.013	0.044	1.65800880758707e-14	PPM1N	c3
1.99813339642439e-07	0.192267255530445	0.024	0.041	0.00731336804425289	FAM76B	c3
4.82234625165293e-42	0.191981494885205	0.066	0.157	1.76502695156749e-37	PRELID3B	c3
4.0910470333189e-65	0.191811146252079	0.048	0.158	1.49736412466505e-60	SNF8	c3
3.09644889305056e-59	0.191722782449081	0.094	0.224	1.13333125934543e-54	MRPL21	c3
1.94993336190254e-28	0.191593313574455	0.036	0.092	7.13695109789948e-24	RRP1	c3
3.24089111422624e-27	0.191564072918434	0.028	0.077	1.18619855671795e-22	CCDC127	c3
1.82856324315322e-52	0.1915326314531	0.077	0.189	6.6927243262651e-48	ALDH9A1	c3
1.16436330174187e-12	0.19146678647181	0.023	0.049	4.26168612070542e-08	MEF2D	c3
1.24253880267377e-36	0.191425602355548	0.248	0.431	4.54781627166625e-32	NDUFA3	c3
2.35909006383857e-10	0.191407827371569	0.014	0.034	8.63450554265554e-06	HINFP	c3
1.51999655151124e-20	0.191220599326463	0.033	0.075	5.56333937818628e-16	OSBPL2	c3
1.5525719310804e-18	0.191083404123371	0.017	0.049	5.68256852494736e-14	SPSB2	c3
1.46936595268272e-08	0.190968675709676	0.008	0.021	0.000537802632341404	FCSK	c3
9.64808785259304e-23	0.190771565578917	0.04	0.09	3.53129663492758e-18	LEO1	c3
3.1864716580041e-40	0.190154040424485	0.119	0.234	1.16628049154608e-35	PCNP	c3
4.62242854286557e-53	0.189996102031544	0.217	0.413	1.69185507097423e-48	DUT	c3
1.60128332416604e-28	0.18992878332972	0.066	0.136	5.86085709478012e-24	WDR82	c3
2.31796757073208e-15	0.189754992545081	0.017	0.045	8.48399310563647e-11	TENT4B	c3
1.99186551436603e-65	0.189747421379126	0.064	0.184	7.29042696913111e-61	EMG1	c3
5.95001211353721e-50	0.189739016405325	0.058	0.155	2.17776393367575e-45	POLDIP2	c3
8.16889891821571e-16	0.189075694567313	0.061	0.107	2.98989869305613e-11	GATAD2B	c3
1.2443677263693e-56	0.189014642816341	0.123	0.267	4.55451031528426e-52	GLOD4	c3
7.10086314802975e-54	0.188831427734732	0.211	0.406	2.59898692081037e-49	GHITM	c3
1.79716212337081e-37	0.188599291245939	0.098	0.197	6.57779308774949e-33	NASP	c3
4.29717471633266e-83	0.188541300929203	0.091	0.252	1.57280891792492e-78	TMED3	c3
9.06122569935695e-72	0.188469155324845	0.12	0.284	3.31649921822164e-67	SCAMP3	c3
1.28350200855589e-11	0.187676038924388	0.019	0.042	4.69774570151541e-07	NHEJ1	c3
9.71489082115021e-34	0.187626240472921	0.098	0.191	3.55574718944919e-29	UBA2	c3
9.1111432150359e-40	0.187440067018223	0.034	0.104	3.33476952813529e-35	DUSP22	c3
1.73986893639901e-20	0.187129683495598	0.028	0.068	6.36809429411402e-16	ABHD13	c3
8.55762326852967e-22	0.187036778210434	0.037	0.083	3.13217569251454e-17	WDR60	c3
7.79811597676419e-75	0.18682546063961	0.131	0.308	2.85418842865546e-70	SUCLG1	c3
1.80267771136705e-09	0.18675025505495	0.019	0.039	6.59798069137454e-05	MED9	c3
8.83086704419261e-19	0.186536812268338	0.056	0.106	3.23218564684494e-14	ZNF131	c3
2.84722286956225e-31	0.186514499408011	0.068	0.144	1.04211204248848e-26	TGS1	c3
7.42901489964808e-78	0.186498775839399	0.131	0.313	2.7190937434202e-73	PSENEN	c3
4.112775190417e-18	0.186349097120146	0.017	0.049	1.50531684744453e-13	PPIL1	c3
1.8641324462746e-08	0.186290975443397	0.011	0.025	0.000682291116660967	CEP128	c3
3.49034079942551e-64	0.18628316460777	0.114	0.264	1.27749963599773e-59	PFDN1	c3
3.31770410564731e-09	0.186190967436232	0.011	0.027	0.000121431287970797	TADA2B	c3
1.92830503350586e-30	0.186187625931965	0.045	0.107	7.05778925313479e-26	ACBD5	c3
1.69907334987013e-10	0.186109621068414	0.01	0.028	6.21877836785965e-06	AC015871.1	c3
4.04749986224586e-34	0.186043310028244	0.066	0.144	1.48142542458061e-29	MLLT10	c3
1.45148173809188e-44	0.185998111454091	0.185	0.342	5.31256830959008e-40	OSBPL8	c3
1.64341359394521e-69	0.18592175837517	0.151	0.332	6.01505809519888e-65	MRPS24	c3
2.99599520711369e-25	0.185849148053939	0.065	0.129	1.09656420575568e-20	VHL	c3
4.6127131745791e-57	0.185773271560703	0.086	0.209	1.6882991490277e-52	B3GAT3	c3
2.7006358642558e-18	0.185679699324111	0.011	0.039	9.88459732676266e-14	PALLD	c3
9.0836286602199e-19	0.185617463735244	0.023	0.058	3.32469892592709e-14	RAVER1	c3
8.8659067689909e-29	0.185608270311394	0.024	0.073	3.24501053651836e-24	RNF141	c3
1.23523763691023e-49	0.185552654385717	0.184	0.351	4.52109327485512e-45	PAPOLA	c3
1.42374972820605e-25	0.185434700389615	0.042	0.097	5.21106638020696e-21	DHX38	c3
1.36588114480723e-20	0.185329061374383	0.338	0.535	4.99926157810893e-16	TMEM258	c3
5.04224982772543e-19	0.185286088508119	0.016	0.048	1.84551385944579e-14	FDXR	c3
5.09677279552883e-13	0.185024679547036	0.019	0.044	1.86546981089151e-08	SCAMP1-AS1	c3
1.14022842067787e-17	0.184872173761354	0.013	0.042	4.17335004252306e-13	C11orf68	c3
8.71636741024103e-77	0.184865789441718	0.111	0.277	3.19027763582232e-72	SURF1	c3
1.19827119550173e-32	0.184849068985236	0.059	0.131	4.38579240265587e-28	DUSP11	c3
3.05954812105579e-39	0.184723036359977	0.058	0.14	1.11982520778763e-34	RIC8A	c3
8.60013844422759e-29	0.184560888444281	0.034	0.089	3.14773667197174e-24	SEC23IP	c3
5.02537977097303e-43	0.184558909691265	0.06	0.148	1.83933924997384e-38	COA1	c3
1.98961502442986e-09	0.1845276334153	0.782	0.806	7.28218995091575e-05	H3F3A	c3
3.48811992970664e-65	0.184386718610328	0.076	0.204	1.27668677547193e-60	GMPR2	c3
1.16032820997513e-15	0.184217090385318	0.058	0.103	4.24691728132998e-11	PPP6R3	c3
4.3435741544523e-58	0.184072970187998	0.084	0.207	1.58979157627109e-53	MRPL36	c3
1.81340842882402e-09	0.183909286232639	0.021	0.041	6.63725619033881e-05	PLCL2	c3
2.97876150377776e-40	0.183747856210004	0.055	0.137	1.0902564979977e-35	CCDC32	c3
1.80566269471601e-19	0.183482328847127	0.033	0.074	6.60890602893008e-15	DDX58	c3
1.05812970664096e-44	0.183462183088054	0.187	0.346	3.87286053927659e-40	HNRNPM	c3
7.23893014436452e-11	0.183295667055961	0.009	0.027	2.64952082213886e-06	RCC1	c3
9.0309399073977e-23	0.182956439155022	0.043	0.093	3.30541431550663e-18	RBM26	c3
5.51568069471071e-63	0.182683388105955	0.131	0.29	2.01879429107107e-58	SRP72	c3
5.49067409013776e-57	0.182214543354794	0.079	0.197	2.00964162373132e-52	PAGR1	c3
1.47508515690419e-10	0.182110109573925	0.018	0.039	5.39895918278501e-06	TJAP1	c3
3.78511427286853e-18	0.181937480435507	0.033	0.072	1.38538967501261e-13	LINC01184	c3
7.62668603876554e-33	0.181856974537931	0.033	0.092	2.79144335704858e-28	TMEM115	c3
1.96021304206307e-34	0.181615264414224	0.053	0.126	7.17457575525503e-30	GTPBP4	c3
1.37064328086655e-38	0.181397926906352	0.042	0.114	5.01669147229964e-34	HTRA2	c3
8.13256100784284e-45	0.181389561819946	0.04	0.12	2.97659865448056e-40	DTNBP1	c3
1.7981860711171e-27	0.18100049106392	0.075	0.147	6.5815408388957e-23	NUTM2A-AS1	c3
2.85559408475169e-80	0.18092638887369	0.105	0.271	1.04517599095997e-75	ARL2	c3
1.04392637313858e-46	0.180893021584841	0.074	0.176	3.82087491832452e-42	UBN1	c3
1.02874893203939e-11	0.180890138703943	0.03	0.058	3.76532396615738e-07	SMPD4	c3
9.31585394732833e-16	0.180728959768123	0.014	0.041	3.40969570326164e-11	NAF1	c3
9.52475791941988e-64	0.180537395048306	0.077	0.204	3.48615664608687e-59	CZIB	c3
1.61640171171323e-26	0.18052686112577	0.075	0.146	5.91619190504159e-22	CABIN1	c3
1.1470229907944e-17	0.180408786138234	0.02	0.053	4.19821884860658e-13	SLC25A51	c3
2.20224968496849e-09	0.180256963321572	0.072	0.108	8.06045407195317e-05	KIAA0040	c3
8.71254266827434e-23	0.180197610370221	0.022	0.063	3.18887774201509e-18	GTF2H4	c3
8.28918789191331e-20	0.179999254525937	0.043	0.089	3.03392566031919e-15	INPP4A	c3
1.64691274998385e-14	0.179894714809538	0.021	0.049	6.02786535621588e-10	ZNF426	c3
2.0747772028862e-42	0.179768811166658	0.088	0.191	7.59389204028378e-38	AP1M1	c3
2.09695878245814e-59	0.179744691263269	0.202	0.402	7.67507883967502e-55	SDHC	c3
6.86444807298739e-58	0.179731583651011	0.083	0.206	2.51245663919411e-53	C12orf10	c3
1.53030043974519e-18	0.179561812981497	0.012	0.042	5.60105263951136e-14	TEDC1	c3
6.26915201256628e-59	0.179508738141689	0.182	0.366	2.29457232811938e-54	DCXR	c3
9.3971352117326e-57	0.179418370778007	0.072	0.187	3.43944545884625e-52	DNAJB11	c3
1.02610767014716e-12	0.179318835169955	0.019	0.044	3.75565668350561e-08	DCAF15	c3
7.62780364473905e-33	0.179268665849329	0.054	0.125	2.79185241201094e-28	PARP10	c3
1.72664423948335e-14	0.179075219721055	0.041	0.077	6.319690580933e-10	RNF138	c3
2.45122182428417e-22	0.17891714175791	0.049	0.101	8.97171699906249e-18	MCM3	c3
3.07381959362987e-08	0.178447121122518	0.025	0.045	0.00112504870946447	ENDOD1	c3
2.86047075563147e-44	0.178278799073818	0.047	0.131	1.04696090126867e-39	ACOT8	c3
6.66201403502721e-31	0.178182760940032	0.182	0.31	2.43836375696031e-26	G3BP2	c3
1.55825270120924e-70	0.178152246440583	0.177	0.377	5.70336071169594e-66	EIF6	c3
4.67388705950767e-22	0.177817111000382	0.021	0.061	1.7106894026504e-17	GLYCTK	c3
1.64853919857355e-21	0.17742869230647	0.042	0.09	6.03381832069904e-17	REV1	c3
4.1470539515806e-63	0.177311538604688	0.199	0.402	1.51786321681802e-58	RPS19BP1	c3
6.18952801129967e-56	0.177309375130032	0.093	0.218	2.26542914741579e-51	PPP1R15A	c3
4.59970122936333e-55	0.176962908360486	0.096	0.221	1.68353664695927e-50	MBD4	c3
4.75045178576703e-45	0.176801040165806	0.056	0.146	1.73871285810859e-40	PEX11B	c3
7.87662726824643e-33	0.176643105086645	0.092	0.181	2.88292434645087e-28	XAF1	c3
1.52586535297946e-68	0.176614142663735	0.095	0.24	5.58481977844013e-64	IMP4	c3
1.51810291508766e-32	0.176545930845321	0.031	0.089	5.55640847951233e-28	LINC02256	c3
9.39532734336108e-26	0.1765383712576	0.024	0.069	3.43878376094359e-21	OGFOD2	c3
6.21163628280908e-16	0.17639359827968	0.026	0.058	2.27352099587095e-11	CBX6	c3
2.47791440275881e-11	0.176393074582915	0.038	0.068	9.06941450553753e-07	IKBKE	c3
1.27632403913651e-07	0.17608894913055	0.647	0.746	0.00467147361564353	HINT1	c3
6.68801029087688e-07	0.175982293798599	0.015	0.029	0.0244787864656385	AC008443.1	c3
2.58422407473264e-60	0.175974782534985	0.053	0.16	9.45851853592894e-56	CCDC28A	c3
1.02571795222268e-41	0.175894924368972	0.06	0.147	3.75423027693021e-37	GNL1	c3
6.88874046980165e-39	0.17588271476789	0.15	0.278	2.5213478993521e-34	TRIM22	c3
6.05213783126671e-36	0.175598340656408	0.053	0.128	2.21514296762193e-31	SCFD1	c3
6.83940526473348e-13	0.17534216380415	0.036	0.068	2.5032907209451e-08	TPD52	c3
4.22007258809421e-38	0.17526860891051	0.107	0.211	1.54458876796836e-33	UHMK1	c3
1.52612690555145e-23	0.175020021639057	0.158	0.257	5.58577708700885e-19	ATM	c3
1.40559222850892e-47	0.175000851299489	0.246	0.452	5.14460811556551e-43	MRPL41	c3
1.25027518422269e-52	0.174818646630638	0.12	0.255	4.57613220177348e-48	DAP3	c3
3.09489212666813e-12	0.174718656837247	0.016	0.038	1.1327614672818e-07	DPH2	c3
3.61602796441321e-39	0.174652270542986	0.04	0.112	1.32350239525488e-34	EIF2B2	c3
2.00200484081608e-14	0.17456787661313	0.014	0.039	7.32753791787094e-10	SFR1	c3
1.83316691563382e-57	0.174532025522527	0.11	0.247	6.70957422791136e-53	DENR	c3
1.0801736571214e-46	0.174412189567215	0.09	0.199	3.95354360243002e-42	HTATSF1	c3
5.14338200753878e-33	0.17434504661624	0.055	0.127	1.88252924857927e-28	ERAP1	c3
6.15877980627371e-72	0.174213150149357	0.177	0.38	2.25417499689424e-67	PSMB2	c3
3.6982087596293e-31	0.173984157685581	0.044	0.107	1.35358138811192e-26	PTPA	c3
2.28639928247449e-37	0.173888313349107	0.071	0.157	8.36845001378487e-33	ATG5	c3
8.26877208710626e-59	0.173748421602958	0.184	0.369	3.02645327160176e-54	RBIS	c3
1.59689078590002e-22	0.173697422457765	0.046	0.097	5.84477996547267e-18	R3HDM1	c3
1.01437973953987e-22	0.173677598981968	0.034	0.08	3.71273128468988e-18	PELP1	c3
2.32104063747693e-07	0.17367190730704	0.742	0.789	0.00849524083722931	ARPC2	c3
8.79274182889145e-28	0.173320078731326	0.069	0.139	3.21823143679256e-23	FOXN2	c3
1.91408767391774e-62	0.173305204732237	0.067	0.186	7.0057522953063e-58	MRPL22	c3
2.83624810391148e-26	0.173282071678776	0.041	0.096	1.03809516851264e-21	HYOU1	c3
7.27177596205235e-08	0.172673577317752	0.028	0.049	0.00266154271987078	ULK3	c3
9.06748277206017e-19	0.172473122506773	0.079	0.137	3.31878936940174e-14	PTPN22	c3
1.20927713374812e-56	0.172384824713968	0.049	0.148	4.42607523723148e-52	CINP	c3
2.01167858673308e-15	0.172252899571412	0.026	0.058	7.36294479530175e-11	ZNF766	c3
5.41839690004395e-13	0.172244128807154	0.049	0.085	1.98318744938508e-08	SIN3A	c3
7.04983861979604e-25	0.172237816316007	0.16	0.263	2.58031143323155e-20	PNN	c3
9.3962197486962e-44	0.171993876191693	0.109	0.225	3.4391103902203e-39	PMPCB	c3
1.05565378995701e-73	0.171921703123629	0.102	0.258	3.86379843662166e-69	DPM3	c3
4.08509787932191e-12	0.17179941638783	0.012	0.033	1.49518667481061e-07	PANK4	c3
6.03184551237875e-07	0.17176058652984	0.426	0.605	0.0220771577598575	EIF3H	c3
5.06724029957232e-16	0.17150201261381	0.023	0.054	1.85466062204646e-11	FAM228B	c3
1.64177301967514e-61	0.1714365329527	0.124	0.276	6.00905342931297e-57	MFF	c3
2.28563990829044e-08	0.171386954366572	0.01	0.025	0.000836567062833382	PANX1	c3
9.25102346749439e-24	0.171336461134885	0.056	0.114	3.38596709933762e-19	GLS	c3
2.71396970256281e-20	0.170999334568034	0.012	0.043	9.93340050835013e-16	KIF9	c3
2.14201675664889e-13	0.17086000518953	0.02	0.046	7.8399955310106e-09	ANKRD52	c3
4.66073353097978e-49	0.170555467727696	0.045	0.133	1.70587507967391e-44	TMEM101	c3
3.67422709256302e-63	0.170501141534325	0.066	0.185	1.34480385814899e-58	ALG3	c3
2.61567472684256e-16	0.170495929789295	0.113	0.177	9.57363106771644e-12	TNFRSF1B	c3
3.67547470522929e-11	0.170286692324568	0.022	0.045	1.34526049686097e-06	C12orf29	c3
4.65513627198513e-21	0.169958248641288	0.025	0.065	1.70382642690928e-16	ITGB3BP	c3
4.33487376593349e-18	0.169854943001829	0.027	0.063	1.58660714706932e-13	TAF8	c3
1.19985348553578e-26	0.169743488041144	0.023	0.07	4.39158374240952e-22	MFN2	c3
1.46215330045759e-12	0.169693919773715	0.025	0.052	5.35162729500483e-08	HOOK2	c3
3.97957082141093e-08	0.169677304108968	0.041	0.065	0.00145656271634461	ZNF101	c3
3.73936660172264e-45	0.169637761027446	0.066	0.161	1.3686455698965e-40	SMARCA4	c3
3.81833117125066e-57	0.169487410726141	0.195	0.383	1.39754739198945e-52	H2AFV	c3
1.50580415425433e-42	0.169130966305102	0.087	0.189	5.51139378498626e-38	SMNDC1	c3
1.15433904098036e-49	0.168992539082028	0.239	0.445	4.22499632389221e-45	RAP1A	c3
1.66466831763248e-36	0.168842701059458	0.065	0.146	6.09285250936664e-32	PKN1	c3
1.43766505699133e-10	0.168836695947868	0.041	0.07	5.26199787509397e-06	NAA16	c3
1.07285216800153e-18	0.168768046028474	0.043	0.088	3.9267462201024e-14	WWP1	c3
1.16551020917841e-18	0.168715361598113	0.353	0.546	4.2658839166139e-14	TOMM6	c3
2.52686522273275e-59	0.168611111541997	0.131	0.283	9.24857940172415e-55	ORMDL1	c3
2.67608438896124e-19	0.168057706271437	0.028	0.067	9.79473647203704e-15	TIMM29	c3
1.32139608194987e-53	0.167814598288185	0.105	0.233	4.83644179954473e-49	OLA1	c3
2.03277062065102e-64	0.167809827263164	0.19	0.389	7.44014374864481e-60	NHP2	c3
4.89572314431422e-66	0.167806189811071	0.122	0.279	1.79188362805045e-61	PSMD11	c3
2.33602472355882e-38	0.167419869510195	0.03	0.095	8.55008409069764e-34	UQCRHL	c3
1.01404860599058e-33	0.167342085692202	0.071	0.151	3.71151930278611e-29	LETMD1	c3
1.65016198468898e-07	0.166964661279487	0.007	0.019	0.00603975788016014	TRMT10A	c3
2.95864289661044e-10	0.166692871025433	0.006	0.021	1.08289288658839e-05	COQ3	c3
1.29679006143281e-21	0.166649250911373	0.343	0.54	4.74638130385024e-17	PRELID1	c3
1.46547805798996e-16	0.166628325088085	0.038	0.077	5.36379624004904e-12	ZFX	c3
1.81003403485649e-52	0.166431008179044	0.095	0.216	6.62490557097824e-48	SF3A3	c3
4.04564811165028e-16	0.166370798919786	0.021	0.052	1.48074766534512e-11	CSTF2	c3
6.96602701133661e-25	0.166245971037063	0.019	0.061	2.54963554641931e-20	MAP1LC3A	c3
1.02690216996782e-50	0.166072578604944	0.108	0.235	3.75856463229922e-46	IQGAP2	c3
1.12940303406784e-23	0.165891586573866	0.041	0.092	4.13372804499171e-19	RPRD2	c3
2.0400308712503e-68	0.165858656203248	0.068	0.195	7.46671699186321e-64	LRRC59	c3
2.72303853450778e-09	0.165748134089976	0.011	0.028	9.96659334015193e-05	NXT2	c3
2.13675743135218e-20	0.165595901734985	0.022	0.059	7.82074587449213e-16	TTC4	c3
1.09616235207529e-47	0.165093930832912	0.068	0.167	4.01206382483079e-43	DDB1	c3
1.47729889235486e-60	0.165011022690341	0.21	0.417	5.40706167590802e-56	NDUFS8	c3
1.60236581865154e-17	0.1649789780152	0.059	0.107	5.86481913284651e-13	KAT6A	c3
3.00122298976578e-38	0.164738182648831	0.282	0.49	1.09847762648417e-33	TBCA	c3
2.53794899430434e-18	0.164656328585893	0.015	0.046	9.28914711405333e-14	MIS18A	c3
7.52363740953905e-22	0.164506283519964	0.025	0.066	2.75372652826539e-17	COQ8A	c3
1.19343844504777e-16	0.164484301730317	0.025	0.058	4.36810405271936e-12	PAXIP1-AS2	c3
2.40154793791384e-48	0.16419962931349	0.065	0.165	8.78990560755846e-44	CHCHD3	c3
7.59696076058514e-09	0.16415792207609	0.012	0.029	0.000278056360798177	RNASEH1-AS1	c3
3.6533685006196e-78	0.164125765504376	0.082	0.231	1.33716940491178e-73	MCTS1	c3
6.99431805426781e-31	0.163869020076484	0.046	0.11	2.55999035104256e-26	IREB2	c3
8.83948526450855e-75	0.163859627644312	0.118	0.286	3.23534000166277e-70	CCDC115	c3
3.9303482465392e-76	0.16362589725337	0.12	0.291	1.43854676171581e-71	COX16	c3
4.20689137859431e-09	0.163612281150513	0.014	0.031	0.00015397643134793	MXI1	c3
6.04995459692919e-59	0.163553441048334	0.062	0.173	2.21434388202205e-54	PMVK	c3
1.46602379983237e-21	0.163463124910425	0.041	0.089	5.36579370976647e-17	LRRC47	c3
1.38397413558332e-23	0.163448544378301	0.025	0.068	5.06548373364852e-19	FBXL12	c3
4.87323640327302e-72	0.163126752508686	0.159	0.35	1.78365325596196e-67	CNPY2	c3
6.73596692708987e-43	0.162909494302613	0.063	0.153	2.46543125498416e-38	TMEM248	c3
7.35524665766781e-28	0.162905327815278	0.028	0.079	2.692093829173e-23	PCED1A	c3
1.48275604621214e-21	0.162751937718974	0.032	0.075	5.42703540474104e-17	SIKE1	c3
3.13341998012154e-65	0.162479477935659	0.201	0.411	1.14686304692428e-60	BANF1	c3
8.58385339590863e-25	0.162338458434799	0.068	0.132	3.14177618143652e-20	RALGDS	c3
2.3197002770662e-28	0.162228896350737	0.035	0.09	8.49033498409e-24	MGAT2	c3
1.13102833546961e-73	0.161950904676638	0.16	0.353	4.13967681065231e-69	MRPL34	c3
1.36440241889899e-33	0.161828039179841	0.284	0.485	4.9938492934122e-29	NDUFC2	c3
9.42628843243901e-08	0.161462293746871	0.004	0.015	0.003450115829157	F8A1	c3
3.61274142935034e-65	0.161432611008237	0.136	0.3	1.32229949055652e-60	NME3	c3
9.62989548020508e-22	0.161396612282767	0.049	0.1	3.52463804470986e-17	PREX1	c3
4.43435934070451e-21	0.161375036808065	0.036	0.08	1.62301986229126e-16	BRD8	c3
5.40318542470938e-24	0.161129648351754	0.046	0.099	1.97761989729788e-19	DCP1A	c3
2.68626626971304e-12	0.160954656651579	0.016	0.038	9.83200317377671e-08	IGHMBP2	c3
4.32616385694046e-16	0.160925716971806	0.011	0.036	1.58341923327878e-11	NUDT8	c3
9.34686483032001e-39	0.160597745788418	0.058	0.139	3.42104599654543e-34	ZRSR2	c3
2.13735023628817e-41	0.16055112107693	0.204	0.366	7.82291559983833e-37	TRAM1	c3
5.76365124488128e-32	0.16035418362492	0.052	0.12	2.109553992139e-27	NOP14	c3
9.91037249513991e-42	0.159980794906704	0.041	0.118	3.62729543694616e-37	CCDC22	c3
1.04338996141646e-75	0.159742625474952	0.116	0.283	3.81891159778038e-71	NDUFA9	c3
2.14647774011273e-49	0.159715678032043	0.051	0.142	7.85632317658662e-45	TRIM21	c3
2.11684316247803e-15	0.159659198987609	0.075	0.125	7.74785765898584e-11	HELZ	c3
9.29485969741239e-07	0.159378419926601	0.023	0.04	0.0340201159784991	NEDD1	c3
1.19857318324155e-38	0.15936697387494	0.128	0.243	4.38689770798241e-34	FGFR1OP2	c3
3.07166940435209e-16	0.159008813353247	0.031	0.067	1.12426171868691e-11	TBC1D14	c3
4.50080632455602e-78	0.158884834282943	0.132	0.313	1.64734012285075e-73	ILK	c3
4.76397561290757e-37	0.158802465221642	0.052	0.128	1.7436627140803e-32	BRD3	c3
2.5546851787651e-16	0.158686481180193	0.037	0.075	9.35040322279815e-12	UIMC1	c3
7.06179342875818e-07	0.158617798736592	0.004	0.013	0.0258468701285978	FIZ1	c3
5.36184065264781e-36	0.158301605157255	0.057	0.134	1.96248729727562e-31	ASCC2	c3
6.02739721059955e-56	0.158247594678081	0.094	0.219	2.20608765305154e-51	SREK1IP1	c3
1.54336149830092e-27	0.158172217462768	0.04	0.097	5.64885741993121e-23	CRNKL1	c3
6.35381457335453e-31	0.15816926634377	0.906	0.874	2.32555967199349e-26	GAPDH	c3
1.16752213797006e-22	0.157935758456049	0.03	0.074	4.27324777718423e-18	FOPNL	c3
5.19496304829771e-16	0.157928707126651	0.042	0.081	1.90140842530744e-11	ING5	c3
3.49148657681844e-43	0.157845621129771	0.047	0.129	1.27791900198132e-38	POLR2H	c3
7.15403747655481e-16	0.157824463144259	0.026	0.059	2.61844925679383e-11	BIN3	c3
3.33606838651257e-19	0.157635466148407	0.016	0.049	1.22103439014746e-14	LIAS	c3
6.25873479398966e-53	0.157515662421301	0.078	0.191	2.29075952194815e-48	AASDHPPT	c3
3.36840854948841e-37	0.15735067904081	0.033	0.099	1.23287121319825e-32	PIGBOS1	c3
4.48052385256679e-23	0.157306593514461	0.075	0.139	1.63991653527797e-18	LENG8	c3
1.51919976418792e-55	0.157138634236262	0.068	0.178	5.5604230569042e-51	ALG5	c3
2.1695213409149e-21	0.157090047374007	0.346	0.543	7.94066505988263e-17	SELENOW	c3
1.91763434867513e-12	0.1568834792211	0.015	0.038	7.01873347958586e-08	ETAA1	c3
7.30467355277684e-62	0.156634563401831	0.096	0.231	2.67358356705185e-57	CIR1	c3
7.69702180261618e-46	0.156528008054836	0.083	0.187	2.81718694997555e-41	BFAR	c3
2.58031384699566e-36	0.156348753618748	0.05	0.124	9.44420671138882e-32	IGSF8	c3
2.74303700044199e-69	0.1563300070369	0.094	0.238	1.00397897253177e-64	LARP7	c3
2.45159943044822e-07	0.156256690026046	0.011	0.024	0.00897309907538353	AC079922.2	c3
4.63703648773762e-53	0.156163656465051	0.096	0.218	1.69720172487685e-48	CLINT1	c3
9.43415623981077e-16	0.156160355144118	0.06	0.105	3.45299552533314e-11	NDE1	c3
1.03482374412286e-22	0.156008462722118	0.019	0.057	3.78755838586407e-18	MCEE	c3
1.03370297770987e-73	0.155729251420499	0.116	0.281	3.78345626871591e-69	PSMC1	c3
5.25395383270639e-26	0.155715721629548	0.312	0.509	1.92299964230887e-21	TMEM50A	c3
3.23676966853961e-08	0.155704358937078	0.005	0.017	0.00118469006638218	PRR11	c3
3.45329027947789e-25	0.155566295928355	0.024	0.068	1.2639387751917e-20	JAKMIP2	c3
8.0425479262194e-68	0.155544457776318	0.062	0.184	2.94365296647556e-63	PTPN18	c3
5.40470870846059e-09	0.155508879362787	0.676	0.768	0.000197817743438366	NPM1	c3
1.30570412464125e-18	0.155422810960613	0.023	0.059	4.77900766659945e-14	CSTF2T	c3
1.78183360331555e-62	0.155368322734775	0.173	0.357	6.52168917149523e-58	LMAN1	c3
2.35665890234834e-13	0.155334574526541	0.024	0.052	8.62560724848516e-09	RGP1	c3
2.83875024035966e-53	0.155124845604979	0.055	0.155	1.03901097547404e-48	B3GALT4	c3
2.83614592330674e-17	0.154929717863596	0.02	0.052	1.0380577693895e-12	HMG20A	c3
5.64754599670282e-87	0.154861241262285	0.123	0.309	2.0670583102532e-82	MGMT	c3
7.52017960302593e-53	0.154679468990815	0.229	0.434	2.75246093650352e-48	RNF7	c3
1.02405090825701e-76	0.154676134530341	0.124	0.298	3.74812872931147e-72	BAG1	c3
6.04449527626061e-08	0.154459515998718	0.005	0.016	0.00221234571606415	PPP1R3B	c3
3.19575879756707e-09	0.154437383769898	0.01	0.025	0.000116967967749752	LINC01137	c3
1.84083584997606e-08	0.154395788787416	0.009	0.023	0.000673764329449739	ACBD4	c3
4.98740776867668e-59	0.154053421245206	0.043	0.143	1.82544111741335e-54	GALK1	c3
1.4953463775584e-36	0.153875801994528	0.054	0.13	5.47311727650152e-32	MAP4K5	c3
2.50400582278068e-17	0.153785922525344	0.027	0.061	9.16491171195957e-13	PPP2R5D	c3
5.9872793037729e-34	0.153777572710163	0.066	0.145	2.19140409797392e-29	API5	c3
8.62676503725632e-19	0.153735230175768	0.337	0.524	3.15748227128619e-14	POLR2L	c3
2.29676681126036e-25	0.153734699523786	0.028	0.074	8.40639620589404e-21	RUSC1	c3
2.28628913161912e-30	0.153720898502723	0.028	0.082	8.36804685063913e-26	WDSUB1	c3
1.63733209305884e-12	0.153661116991582	0.009	0.029	5.99279919380465e-08	RELA-DT	c3
1.70238701776671e-18	0.153561198131862	0.018	0.051	6.23090672372794e-14	PIP4K2B	c3
2.88744296221719e-51	0.153539013839982	0.237	0.443	1.05683299860111e-46	SRI	c3
1.28871257485252e-10	0.153455131076854	0.007	0.024	4.7168168952177e-06	TTLL5	c3
6.17059275444024e-31	0.153396592300418	0.032	0.088	2.25849865405267e-26	APOL2	c3
7.34275299550111e-38	0.15335064867366	0.033	0.1	2.68752102388336e-33	IFT27	c3
1.8547752999434e-67	0.153285723390331	0.097	0.241	6.78866307532284e-63	MRPL33	c3
1.17632024440327e-28	0.153243943670474	0.041	0.099	4.30544972654043e-24	ZNF277	c3
1.44599745460192e-40	0.15313042729944	0.026	0.092	5.29249528358847e-36	POLR3H	c3
5.33631116017049e-10	0.153047993254912	0.007	0.023	1.953143247734e-05	STOML1	c3
1.8369442197724e-34	0.153006114229406	0.084	0.172	6.72339953878896e-30	SUPT5H	c3
2.77588013388611e-21	0.152895092366971	0.034	0.078	1.01599988780365e-16	POLR2D	c3
2.03215733000289e-13	0.152885084344649	0.014	0.037	7.43789904354359e-09	C22orf34	c3
4.96372919344988e-63	0.152767547956186	0.072	0.194	1.81677452209459e-58	RAB24	c3
9.55882683025514e-16	0.152764288884752	0.044	0.083	3.49862620814168e-11	DNAJA3	c3
6.61040504360283e-27	0.152746771221737	0.045	0.103	2.41947435000907e-22	ATXN2L	c3
7.44352951372178e-11	0.152732693752135	0.013	0.033	2.72440623731731e-06	TMEM185A	c3
6.96297554757694e-39	0.152672455902735	0.229	0.399	2.54851868016864e-34	SRRM2	c3
7.48180364628802e-31	0.152573763120334	0.054	0.122	2.73841495257788e-26	CTCF	c3
6.19473944256071e-48	0.152238698714814	0.052	0.143	2.26733658337164e-43	A1BG	c3
2.09915022838766e-20	0.152176578882341	0.033	0.076	7.68309975092166e-16	AP3M1	c3
2.71488263687136e-64	0.151998140680871	0.075	0.201	9.93674193921285e-60	BOLA3	c3
1.3026566728303e-07	0.151897764760939	0.012	0.026	0.0047678536882262	GYS1	c3
2.84906427024876e-09	0.15179319923492	0.017	0.036	0.000104278601355375	ZNF567	c3
3.79653513904645e-25	0.151758855492093	0.063	0.126	1.38956982624239e-20	SUPT20H	c3
8.85298648551383e-38	0.151742900754675	0.041	0.112	3.24028158356292e-33	TMEM189	c3
1.0752830524436e-17	0.151620922896243	0.018	0.049	3.93564350024884e-13	NCAPD2	c3
6.76269020927806e-08	0.15108168626529	0.016	0.032	0.00247521224349786	RAD51D	c3
3.48829498636113e-49	0.150951906594243	0.075	0.18	1.27675084795804e-44	AMZ2	c3
2.38967064541676e-16	0.150852149641876	0.044	0.084	8.74643352928987e-12	CENPT	c3
5.77092234162735e-26	0.150832911237726	0.069	0.136	2.11221528625903e-21	DDX50	c3
1.24508227653559e-12	0.150551206858456	0.031	0.06	4.55712564034792e-08	ZNF281	c3
9.47347764123522e-10	0.150517408512294	0.007	0.022	3.4673875514685e-05	MCU	c3
1.91195994564626e-09	0.150245547312863	0.024	0.045	6.99796459705987e-05	BRAF	c3
2.14914313629999e-41	0.150142447456964	0.267	0.475	7.8660787931716e-37	ERH	c3
3.66994031219066e-60	0.150098386179397	0.071	0.19	1.3432348536649e-55	SAR1A	c3
1.42813809064345e-49	0.149781520958562	0.193	0.365	5.22712822556409e-45	CSNK1A1	c3
2.19098532799332e-33	0.149777465676698	0.097	0.189	8.01922539898836e-29	FOXN3	c3
1.08691215215276e-16	0.149632755665097	0.026	0.06	3.97820716809433e-12	PRKAG2	c3
9.69975453279125e-24	0.149512575721348	0.03	0.077	3.55020715654692e-19	DDX59	c3
2.66940979980847e-13	0.149348565874754	0.023	0.05	9.77030680827897e-09	C19orf48	c3
2.98915800516347e-38	0.149325899720667	0.031	0.097	1.09406172146988e-33	C1orf50	c3
1.59443804583369e-21	0.149190794546682	0.13	0.212	5.83580269155589e-17	CCDC18-AS1	c3
1.95497119393809e-26	0.14909675992842	0.042	0.098	7.15539006693281e-22	COG4	c3
2.60231576672973e-21	0.148949908972818	0.023	0.062	9.5247359378075e-17	THAP3	c3
1.57734495272431e-34	0.148859826257212	0.104	0.2	5.77324026146623e-30	RFC1	c3
6.03718522527414e-14	0.148478272930356	0.033	0.065	2.20967016430259e-09	TYW1	c3
4.61443548356162e-59	0.148270295108527	0.047	0.149	1.68892953133839e-54	TGIF1	c3
6.177364128034e-13	0.148237135927778	0.012	0.034	2.26097704450173e-08	PPP2R5B	c3
2.50176617048563e-29	0.148086994960934	0.323	0.532	9.15671436059445e-25	UBE2D3	c3
1.0672943065345e-49	0.148050335698965	0.042	0.128	3.90640389134694e-45	ZDHHC4	c3
6.2119707613725e-52	0.148000919273904	0.073	0.181	2.27364341836995e-47	C15orf40	c3
5.06347277405432e-49	0.147728314772981	0.14	0.281	1.85328167003162e-44	SNRNP70	c3
2.17478358306442e-27	0.147704183091044	0.135	0.232	7.95992539237408e-23	BDP1	c3
7.04789073231680e-11	0.147614135887712	0.01	0.028	2.57959848693527e-06	GCLC	c3
5.96366749741786e-21	0.147567036048339	0.037	0.082	2.18276194072991e-16	WDR6	c3
2.55981596170674e-25	0.147171466255648	0.332	0.538	9.36918240144283e-21	TRMT112	c3
6.17864127962407e-35	0.146928994592187	0.091	0.182	2.2614444947552e-30	CDK12	c3
4.79415683018831e-34	0.146756657970047	0.067	0.145	1.75470934141722e-29	CWC25	c3
2.17696544887074e-09	0.146165092821785	0.02	0.041	7.96791123941178e-05	BCAS3	c3
1.60108295418939e-21	0.145963841732761	0.025	0.065	5.8601237206286e-17	RCBTB2	c3
2.28342988520158e-09	0.145768721683459	0.014	0.031	8.35758172282631e-05	ZNF263	c3
1.42271567763329e-20	0.145765526780925	0.02	0.056	5.20728165170561e-16	PUS3	c3
1.28003900046265e-16	0.145673262113017	0.028	0.062	4.68507074559334e-12	POM121C	c3
4.70236173643917e-70	0.145585684237746	0.156	0.341	1.7211114191541e-65	HAX1	c3
4.10923916806096e-59	0.145292855652976	0.083	0.206	1.50402262790199e-54	FKBP3	c3
1.76121331772669e-36	0.14502509653519	0.02	0.077	6.44621686421145e-32	HLA-G	c3
3.6275519662478e-27	0.144908657948361	0.041	0.097	1.32772029516636e-22	KIAA1191	c3
1.14481776295261e-16	0.144867431892839	0.378	0.574	4.19014749418285e-12	ATP5F1B	c3
7.77224399882769e-10	0.144860512948298	0.016	0.035	2.84471902601092e-05	ZNF121	c3
1.17942941789867e-21	0.144592475341322	0.063	0.12	4.31682961245093e-17	DDX3Y	c3
1.86222675728704e-21	0.144482222014337	0.029	0.071	6.81593615434628e-17	FBRS	c3
4.38050973555488e-08	0.144342873249754	0.017	0.033	0.00160331036831044	USP21	c3
1.43872739440072e-24	0.143979011141974	0.076	0.143	5.26588613624606e-20	GPATCH8	c3
6.20522434431083e-10	0.14394822398817	0.016	0.036	2.27117416226121e-05	ZNF611	c3
5.29964995317366e-47	0.143587629219301	0.14	0.277	1.93972487936109e-42	BRD2	c3
5.62634454413913e-35	0.143586236244512	0.021	0.077	2.05929836660036e-30	GNGT2	c3
1.36730776103283e-17	0.143451104103868	0.046	0.089	5.00448313615628e-13	CCDC66	c3
4.7871509659607e-48	0.143441182923619	0.087	0.197	1.75214512505128e-43	CLN3	c3
1.04086062791731e-38	0.143398080563307	0.088	0.184	3.80965398424014e-34	HMGN4	c3
1.31974020629746e-25	0.143327833556406	0.026	0.072	4.83038112906933e-21	DUSP28	c3
4.70714046723718e-29	0.14322301000999	0.064	0.134	1.72286048241348e-24	TAF3	c3
3.18377749887233e-13	0.143114273466724	0.033	0.065	1.16529440236226e-08	AC118549.1	c3
7.55662565757901e-40	0.143094081415185	0.078	0.172	2.76580055693049e-35	DDX27	c3
2.19092384512165e-31	0.14308541265574	0.175	0.299	8.01900036552976e-27	CYTH1	c3
2.25581315232922e-29	0.143063184770119	0.313	0.507	8.25650171884018e-25	HNRNPK	c3
3.6944792404024e-48	0.142910363269621	0.069	0.17	1.35221634677968e-43	NAA50	c3
7.80992082846941e-18	0.142692885806318	0.023	0.058	2.85850912242809e-13	KBTBD2	c3
8.86776947034983e-55	0.142631907241313	0.138	0.287	3.24569230384274e-50	PPP2CA	c3
2.48342408068935e-35	0.142568923419786	0.047	0.118	9.08958047773108e-31	PLRG1	c3
4.75485300702809e-33	0.142188564226032	0.304	0.506	1.74032374910235e-28	HMGN1	c3
4.74528459963939e-36	0.141812662910814	0.055	0.13	1.73682161631401e-31	OSBPL9	c3
4.94650055866521e-53	0.141734147848838	0.137	0.283	1.81046866947705e-48	TMCO1	c3
3.25463261951824e-31	0.141615383464953	0.029	0.084	1.19122808506987e-26	PNO1	c3
3.07799713073211e-52	0.141307041077177	0.192	0.368	1.12657772981926e-47	SRP9	c3
1.15955158267013e-46	0.141073713076016	0.121	0.246	4.24407474773095e-42	MAX	c3
7.14059588535197e-56	0.140987182806948	0.246	0.465	2.61352949999768e-51	MRPS21	c3
5.7661809347479e-29	0.140928224375256	0.03	0.083	2.11047988392708e-24	C18orf21	c3
7.05047107343368e-79	0.140761703198271	0.136	0.321	2.58054291758746e-74	EMC10	c3
4.18933220570043e-81	0.140665891921916	0.085	0.238	1.53333748060842e-76	CHMP4B	c3
5.01470371554698e-34	0.140580595823449	0.028	0.086	1.83543170692735e-29	FAM98A	c3
7.93841639551114e-42	0.140404068796926	0.105	0.215	2.90553978492103e-37	SUPT16H	c3
2.63709067748538e-57	0.140241700193936	0.1	0.23	9.65201558866424e-53	MAPKAPK5-AS1	c3
4.97243536284794e-41	0.139969565592766	0.065	0.153	1.81996106715597e-36	SIRT7	c3
1.58149065342882e-16	0.139913757357252	0.036	0.074	5.78841394061481e-12	TMEM41B	c3
2.13234408096917e-55	0.139799821842579	0.053	0.154	7.80459257075528e-51	ZMAT5	c3
2.07498518386426e-62	0.139646603452995	0.091	0.224	7.59465327146156e-58	GPR108	c3
2.48794584026956e-25	0.139490906492806	0.021	0.065	9.10613056997061e-21	MAST3	c3
1.63765355871085e-37	0.139308798277256	0.266	0.461	5.99397579023756e-33	PGAM1	c3
5.80590175042794e-18	0.139274835429126	0.021	0.055	2.12501809967413e-13	FTO	c3
2.19735911923478e-25	0.139251722364158	0.06	0.122	8.04255411231122e-21	RC3H1	c3
3.02417819069423e-11	0.139242481308893	0.016	0.037	1.10687945957599e-06	ZNF559	c3
7.50338524738793e-13	0.138956253971501	0.018	0.043	2.74631403439646e-08	METTL25	c3
1.28868202212141e-32	0.138836050338948	0.039	0.102	4.71670506916656e-28	RANBP3	c3
1.25230244380652e-71	0.138296319549905	0.162	0.354	4.58355217457626e-67	SELENOS	c3
5.75852535885463e-72	0.138089778014182	0.071	0.204	2.10767786659438e-67	TIMM10	c3
4.62237835412743e-19	0.138015120145742	0.015	0.047	1.69183670139418e-14	ZC3HC1	c3
4.41328534509545e-40	0.137951196921279	0.213	0.375	1.61530656915838e-35	ARHGAP30	c3
1.73428562393215e-21	0.137861672680051	0.037	0.083	6.34765881215405e-17	RBM28	c3
4.37744637569102e-40	0.137858959056113	0.05	0.128	1.60218914796667e-35	STK25	c3
2.7977437628779e-23	0.137788894314869	0.336	0.534	1.02400219465094e-18	ATP5MD	c3
8.99784558349067e-37	0.137662587504413	0.219	0.378	3.29330146201342e-32	SP100	c3
2.29106583678659e-07	0.137616103663	0.016	0.032	0.00838553006922261	DCAF17	c3
2.70263872001394e-57	0.137520900625529	0.034	0.125	9.89192797912301e-53	TMED1	c3
2.37730488431081e-59	0.137391362830156	0.1	0.235	8.701173607066e-55	SELENOM	c3
3.17281146713272e-33	0.137335242251116	0.291	0.49	1.16128072508525e-28	BST2	c3
3.33928373054158e-49	0.137240596203913	0.051	0.142	1.22221123821552e-44	SNRNP35	c3
5.15533907115816e-13	0.137086776085982	0.02	0.046	1.8869056534346e-08	LIN54	c3
3.13594178715934e-35	0.136926946297177	0.033	0.096	1.14778605351819e-30	SLC35A4	c3
1.47121370783485e-43	0.136815687792873	0.041	0.119	5.38478929204635e-39	NDUFAF2	c3
8.38709510269305e-09	0.13678542270972	0.01	0.025	0.000306976067853668	PHF13	c3
6.25062642732629e-22	0.136525088371949	0.038	0.086	2.2877917786657e-17	RBM10	c3
3.00836444615564e-48	0.136473552962173	0.047	0.135	1.10109147093743e-43	DTYMK	c3
1.52867425751666e-18	0.136394087048129	0.023	0.058	5.59510064993673e-14	CTDP1	c3
2.82283161527419e-52	0.136354373752282	0.067	0.171	1.03318459950651e-47	MCRS1	c3
4.8599249102782e-19	0.136071613980501	0.05	0.097	1.77878111641092e-14	SLC25A45	c3
1.02146760087684e-25	0.135456289980147	0.073	0.142	3.73867356596932e-21	PCF11	c3
1.77124750994935e-84	0.135440519939459	0.123	0.307	6.48294301116561e-80	UBE2F	c3
3.26546687845561e-38	0.135417546611909	0.043	0.115	1.19519353218354e-33	TRIM69	c3
7.6675564241605e-24	0.135413273703381	0.052	0.109	2.80640232680699e-19	COQ10B	c3
6.34813201856631e-29	0.135193074173153	0.034	0.089	2.32347980011546e-24	GATAD2A	c3
1.31266287931135e-11	0.134949941379598	0.008	0.026	4.80447740456746e-07	EXTL3	c3
1.6400339895465e-16	0.134753306861333	0.025	0.058	6.00268840513913e-12	E4F1	c3
1.23418830420448e-24	0.134495426028642	0.012	0.048	4.51725261221882e-20	CCDC51	c3
1.37121659637523e-18	0.134447814399602	0.353	0.543	5.01878986439298e-14	WDR83OS	c3
3.39282545503182e-17	0.134321847167544	0.024	0.058	1.2418080447962e-12	WDR5	c3
1.96361258162171e-58	0.134289515935328	0.108	0.246	7.18701840999363e-54	DNAJC7	c3
4.51977390236569e-75	0.134286609112761	0.124	0.294	1.65428244600487e-70	YIPF3	c3
2.97039734132474e-45	0.13425986639272	0.081	0.184	1.08719513089827e-40	POLE3	c3
5.50985462492396e-09	0.13410926049114	0.405	0.58	0.000201666189126842	UQCR10	c3
2.7311201418951e-21	0.133809076527103	0.991	0.953	9.99617283135024e-17	TMSB10	c3
5.2140254116271e-50	0.133576623197156	0.071	0.175	1.90838544090963e-45	LSM12	c3
2.52592389428935e-26	0.133438462320299	0.038	0.092	9.24513404548847e-22	RAB35	c3
3.44182158592414e-76	0.133432175115654	0.112	0.277	1.2597411186641e-71	COPS5	c3
2.77578874804331e-45	0.133178650639089	0.05	0.136	1.01596643967133e-40	MRPL58	c3
2.2077359065944e-61	0.133156430950213	0.092	0.225	8.08053419172617e-57	BECN1	c3
2.09402308130399e-43	0.133084210917939	0.058	0.146	7.66433387988074e-39	RABEP1	c3
4.02049349592139e-20	0.133055988050893	0.046	0.094	1.47154082444219e-15	NPAT	c3
3.88098638797399e-09	0.132907142986612	0.015	0.032	0.000142047982786236	SPIN2B	c3
5.64476249529098e-11	0.132753097213189	0.01	0.029	2.06603952090145e-06	SMG8	c3
3.32481652931288e-39	0.1327275977182	0.069	0.157	1.21691609789381e-34	COMTD1	c3
3.03321002774577e-10	0.132613333406259	0.013	0.031	1.11018520225523e-05	NEK4	c3
1.10088607703087e-15	0.132594908194924	0.013	0.039	4.02935313054068e-11	GID4	c3
6.53698989213083e-29	0.132591095715364	0.073	0.147	2.3926036704188e-24	TASOR	c3
1.59000439854521e-24	0.132577815176527	0.027	0.072	5.81957509911531e-20	TEFM	c3
3.55204086293942e-24	0.132197892435814	0.057	0.115	1.30008247624446e-19	PFKP	c3
1.52861616326775e-24	0.131889360335658	0.044	0.098	5.5948880191763e-20	MTREX	c3
3.27325589212698e-70	0.131834517489458	0.113	0.27	1.19804438907739e-65	LSM5	c3
2.94919205715519e-79	0.131831259006669	0.093	0.25	1.07943378483937e-74	MIF4GD	c3
1.35955723343179e-27	0.131682468740184	0.076	0.148	4.9761154300837e-23	MARCH7	c3
4.47813176005575e-14	0.131595628376767	0.063	0.106	1.639041005498e-09	TOB1	c3
7.09308644299901e-07	0.131563071323372	0.01	0.022	0.0259614056900207	TTPAL	c3
5.58406179528871e-54	0.131371451299805	0.229	0.436	2.04382245769362e-49	PSMA1	c3
5.36588792470688e-49	0.131267727059209	0.254	0.467	1.96396863932197e-44	PSMA2	c3
2.00919101085698e-14	0.131244888168265	0.025	0.054	7.35384001883762e-10	USP38	c3
6.05361632497236e-16	0.13122798627153	0.023	0.055	2.21568411110313e-11	ZNF433-AS1	c3
6.11763714050991e-72	0.131118588370831	0.132	0.304	2.23911636979803e-67	RAB8A	c3
3.60236097192516e-21	0.131066064724369	0.011	0.043	1.31850013933433e-16	FUZ	c3
3.19766719294262e-25	0.131016384106655	0.047	0.103	1.17037816928893e-20	KIAA2026	c3
2.43665230670314e-53	0.13101318718747	0.153	0.306	8.91839110776415e-49	NONO	c3
1.47674809550398e-12	0.130855436938541	0.015	0.038	5.40504570435412e-08	TAB1	c3
9.86971504799763e-21	0.130674575112852	0.033	0.076	3.61241440471761e-16	COX11	c3
1.79232154132436e-36	0.130655387519215	0.023	0.081	6.5600760734013e-32	SHLD1	c3
3.07547969505812e-14	0.130576138143109	0.014	0.038	1.12565632318822e-09	FASTKD5	c3
7.64014286949367e-42	0.130239333860104	0.144	0.273	2.79636869166338e-37	BPTF	c3
2.82222409999095e-50	0.130233937937945	0.054	0.149	1.03296224283769e-45	MAPK1	c3
1.06134162665966e-12	0.130132888035303	0.014	0.037	3.88461648773704e-08	LEMD2	c3
1.3482413087747e-12	0.130087669567917	0.029	0.057	4.93469801424628e-08	ANKRD13C	c3
2.35670311669559e-08	0.130006562917247	0.017	0.034	0.000862576907741754	IKZF5	c3
6.55343297181399e-55	0.12996013629524	0.079	0.194	2.39862200201364e-50	COPS3	c3
3.12039914131563e-09	0.129934742343246	0.023	0.044	0.000114209728971293	PYGO2	c3
3.18003786810805e-07	0.129834729875787	0.01	0.023	0.0116392566010623	CCDC191	c3
3.36741592093028e-17	0.12971758307033	0.039	0.079	1.23250790121969e-12	ARNTL	c3
1.05051753655655e-11	0.129682599922219	0.015	0.036	3.84499923555063e-07	URGCP	c3
5.70591624177735e-34	0.129636527075759	0.065	0.143	2.08842240365293e-29	PRRC2A	c3
2.20913743256867e-19	0.129252575701766	0.022	0.058	8.08566391694459e-15	C9orf85	c3
5.8963640388171e-18	0.129178753463997	0.018	0.05	2.15812820184745e-13	PIGU	c3
5.76159760647243e-20	0.129133340511832	0.016	0.05	2.10880233994497e-15	BOLA1	c3
3.192429655904e-69	0.128991631897244	0.178	0.375	1.16846117835742e-64	SELENOT	c3
2.1634469356017e-13	0.128986996815008	0.03	0.061	7.91843212899579e-09	NBPF19	c3
1.58517112614998e-07	0.128773834855586	0.011	0.024	0.00580188483882153	UBA6-AS1	c3
3.24495506126269e-36	0.12875732725186	0.274	0.465	1.18768600197276e-31	DEK	c3
7.22235405260858e-59	0.128639058874312	0.062	0.173	2.64345380679527e-54	TPRKB	c3
2.99601421313829e-26	0.12854975433666	0.337	0.542	1.09657116215075e-21	DDX24	c3
2.15941669554625e-30	0.128526030595396	0.026	0.078	7.90368104736882e-26	WBP1L	c3
8.81240227225722e-20	0.128467880991953	0.023	0.059	3.22542735566886e-15	PARP6	c3
3.23210486466978e-11	0.128329518377462	0.01	0.028	1.18298270151779e-06	ZNF687	c3
2.78209283545254e-09	0.128325130076226	0.007	0.021	0.000101827379870398	ZNF575	c3
7.40241175347663e-13	0.128259524458326	0.021	0.048	2.70935672588998e-08	CEP120	c3
4.65898870831225e-34	0.128007698464434	0.087	0.175	1.70523645712937e-29	RBM6	c3
3.14370673564716e-55	0.127827517218449	0.043	0.137	1.15062810231422e-50	MRPS28	c3
8.78951102236035e-19	0.12758865185289	0.025	0.062	3.21704892929411e-14	RBSN	c3
1.51970081200698e-31	0.127388332244128	0.018	0.067	5.56225694202675e-27	HMBS	c3
4.8007947726806e-47	0.127324593372939	0.047	0.133	1.75713889474883e-42	UNC119	c3
6.38102738897217e-29	0.127292140816092	0.047	0.109	2.3355198346377e-24	UNC45A	c3
1.32304254111284e-71	0.127218401692161	0.063	0.19	4.84246800472711e-67	TMEM126A	c3
2.76302495698526e-79	0.126804290773115	0.127	0.305	1.01129476450618e-74	NDUFS2	c3
1.9079818423883e-43	0.126796649454356	0.077	0.174	6.98340434132542e-39	OXLD1	c3
3.0402458991877e-22	0.126795927427019	0.057	0.112	1.11276040156169e-17	NUTM2B-AS1	c3
3.67137536056564e-08	0.126636167714699	0.445	0.635	0.00134376009572063	RAN	c3
8.76777418156192e-43	0.126564870739041	0.223	0.398	3.20909302819348e-38	PPP1R2	c3
6.54695066739423e-50	0.126387385707174	0.084	0.195	2.39624941377296e-45	RB1CC1	c3
1.77199389819399e-14	0.12633994661776	0.012	0.036	6.48567486677983e-10	PDCD2L	c3
4.21923866547777e-12	0.12630558953656	0.011	0.031	1.54428354395152e-07	POP1	c3
1.51469897844245e-41	0.125394950839976	0.098	0.203	5.54394973099722e-37	CEBPZ	c3
3.85509448192963e-20	0.125386249493528	0.074	0.133	1.41100313133107e-15	SRSF8	c3
1.43229905573842e-24	0.124951358120099	0.015	0.054	5.2423577739082e-20	C11orf71	c3
2.27609381230404e-17	0.124857368041175	0.028	0.063	8.33073096241403e-13	KDM4A	c3
1.05075518279797e-07	0.12477397874766	0.015	0.03	0.00384586904455886	GTPBP3	c3
3.74397124138253e-14	0.124699779077845	0.046	0.084	1.37033091405842e-09	KLF9	c3
2.19782118719747e-36	0.12465628922013	0.029	0.091	8.04424532726147e-32	DPM1	c3
4.0905630539072e-42	0.124501206138182	0.047	0.128	1.49718698336058e-37	ACLY	c3
3.33605198752392e-16	0.124161662956712	0.031	0.066	1.22102838795363e-11	ZNF652	c3
2.38555720625746e-31	0.124002881182146	0.123	0.222	8.73137793062293e-27	GPBP1	c3
5.15653982696859e-35	0.123948805849713	0.071	0.153	1.88734514206877e-30	SNHG7	c3
8.85723785281337e-08	0.123916328563205	0.012	0.027	0.00324183762650822	TUBGCP4	c3
2.18934545910591e-28	0.123856088460857	0.311	0.505	8.01322331487356e-24	EIF4G2	c3
4.29780357658432e-26	0.123816923746857	0.044	0.1	1.57303908706563e-21	KPNA1	c3
6.26783294946996e-27	0.123757136141936	0.023	0.069	2.2940895378355e-22	ZNHIT2	c3
1.76591222260316e-16	0.123676017264766	0.017	0.047	6.46341532594983e-12	SMIM8	c3
8.34913346259704e-56	0.123660006373449	0.069	0.179	3.05586633864514e-51	TXNDC9	c3
8.52210833815951e-42	0.123137496991825	0.029	0.098	3.11917687284976e-37	FBXO6	c3
1.83788345210712e-35	0.123086474716046	0.041	0.109	6.72683722305727e-31	PREB	c3
2.04009776069596e-19	0.12300733218646	0.368	0.571	7.4669618139233e-15	CSNK2B	c3
1.60791042720645e-27	0.122937378589384	0.042	0.1	5.88511295461834e-23	CERS2	c3
3.64709585883457e-13	0.12281192041326	0.018	0.043	1.33487355529204e-08	SLC38A9	c3
5.92153727993619e-13	0.122448819260931	0.04	0.074	2.16734185982945e-08	ZBTB25	c3
9.7056901551078e-19	0.122404614070771	0.026	0.063	3.55237965367101e-14	RUBCN	c3
1.08904290717306e-34	0.122133157053072	0.044	0.112	3.9860059445441e-30	MAEA	c3
1.62956383255904e-45	0.122022285786503	0.042	0.123	5.96436658354935e-41	HSD17B8	c3
3.28767567679535e-21	0.121952057728474	0.012	0.045	1.20332217446387e-16	GIT1	c3
7.1383041309739e-11	0.121812475260242	0.012	0.03	2.61269069497776e-06	SHQ1	c3
7.79503747565886e-11	0.121768573136261	0.005	0.021	2.8530616664659e-06	FBXW9	c3
2.04647169429156e-57	0.121762136084576	0.065	0.176	7.49029104827655e-53	TMEM18	c3
2.10347981203858e-53	0.121721187375737	0.043	0.135	7.69894646004242e-49	TMEM199	c3
1.70676896123399e-22	0.121702183484529	0.022	0.062	6.24694507501252e-18	NUFIP1	c3
8.13775135590717e-61	0.121658197127402	0.083	0.209	2.97849837377558e-56	CFAP298	c3
1.73460582491282e-20	0.121645660633755	0.044	0.091	6.34883077976342e-16	CBLL1	c3
9.65727296903525e-30	0.121628551483443	0.066	0.137	3.53465847939659e-25	RB1	c3
5.98816683999364e-47	0.121605893685955	0.096	0.21	2.19172894510607e-42	FXR1	c3
2.15441488456434e-28	0.121450589527743	0.056	0.121	7.88537391899396e-24	MITD1	c3
1.729106945295e-12	0.121313654776184	0.008	0.027	6.32870433047423e-08	LANCL2	c3
7.64453534376517e-11	0.120733638347626	0.022	0.045	2.79797638117149e-06	PAPOLG	c3
7.87516060621643e-41	0.120708095784597	0.059	0.144	2.88238753348128e-36	NADSYN1	c3
1.26279913077482e-09	0.120615197068375	0.023	0.044	4.62197109854891e-05	NSUN6	c3
2.5972387368493e-78	0.120560294185089	0.124	0.3	9.50615350074213e-74	KXD1	c3
4.10671015294125e-23	0.120474086123939	0.025	0.068	1.50309698307803e-18	ARHGAP27	c3
4.79227171273383e-17	0.120439841807818	0.02	0.051	1.75401936957771e-12	PET117	c3
6.45593773473344e-22	0.120352370510854	0.059	0.115	2.36293777028979e-17	RHOT2	c3
4.45621894487703e-07	0.120346737719231	0.013	0.026	0.0163102069601444	AK9	c3
1.13765388478742e-79	0.120071665941506	0.078	0.225	4.16392698371042e-75	COMMD4	c3
9.99998281247323e-26	0.119981617878675	0.03	0.079	3.66009370919333e-21	TAF1B	c3
1.36644013724713e-69	0.119947166541506	0.084	0.222	5.00130754633821e-65	PFDN6	c3
1.40790364941061e-13	0.119916000950035	0.042	0.077	5.15306814720778e-09	KAT7	c3
7.60479318464533e-58	0.119627300751539	0.218	0.419	2.78343035351204e-53	PPIG	c3
8.42787492831245e-33	0.119580012559115	0.032	0.091	3.08468650251164e-28	ZCCHC10	c3
3.30538683606314e-45	0.119492709533181	0.082	0.186	1.20980463586747e-40	EIF2AK1	c3
5.88484635968362e-07	0.119344494164224	0.005	0.015	0.021539126161078	PTDSS2	c3
5.94314231967516e-27	0.119147903011141	0.097	0.178	2.17524952042431e-22	SORL1	c3
3.79593752493897e-60	0.11861466058796	0.126	0.275	1.38935109350291e-55	SARS	c3
2.76408688378616e-25	0.11857701363246	0.029	0.076	1.01168344033457e-20	MKNK2	c3
9.83364867231752e-48	0.118312030467033	0.048	0.136	3.59921375055494e-43	TIMM9	c3
1.62993866867409e-47	0.118306777677369	0.039	0.122	5.96573852121405e-43	YKT6	c3
6.10196041317224e-10	0.118267217038826	0.037	0.063	2.23337853082517e-05	SLC20A1	c3
4.67377198612265e-13	0.11821668461009	0.024	0.051	1.71064728464075e-08	ANKRA2	c3
3.17789212581368e-23	0.118126652198	0.021	0.062	1.16314029696906e-18	DHRS4-AS1	c3
1.66267326606819e-08	0.118069826563686	0.005	0.017	0.000608555042113619	RFC3	c3
1.92534672958716e-19	0.117910454932885	0.028	0.066	7.04696156496197e-15	DNAJC11	c3
2.21088915422441e-27	0.117639081127449	0.019	0.063	8.09207539337677e-23	C12orf49	c3
7.8457673060409e-50	0.117570077726444	0.258	0.474	2.87162929168403e-45	REX1BD	c3
4.04494276191965e-68	0.117433088941822	0.191	0.395	1.48048950029021e-63	SIVA1	c3
1.59672887511281e-09	0.117383301596445	0.018	0.038	5.8441873558004e-05	CEP83	c3
7.36712819228649e-73	0.117346940719276	0.108	0.265	2.69644258965878e-68	RBM42	c3
1.64394637478045e-34	0.11723466159104	0.042	0.108	6.01700812633392e-30	TMEM167B	c3
1.53864159534198e-17	0.117140421080576	0.037	0.077	5.63158210311118e-13	ATF2	c3
2.75312183583347e-21	0.117099195882543	0.031	0.074	1.00767012313341e-16	NUP54	c3
5.4222020896326e-10	0.116751842427889	0.009	0.026	1.98458018682643e-05	SGO2	c3
2.03756800938851e-31	0.116570801258068	0.081	0.162	7.45770267116289e-27	EPS15	c3
1.03718420654011e-30	0.116523003633223	0.028	0.083	3.79619791435747e-26	UTP14A	c3
2.53899524392303e-09	0.115346705610854	0.02	0.039	9.29297649228268e-05	METTL15	c3
6.28537541456364e-26	0.115260994462371	0.349	0.561	2.30051025548444e-21	NDUFB9	c3
3.35269421501803e-45	0.115113207108829	0.078	0.18	1.22711960963875e-40	ADD1	c3
9.82918902276025e-66	0.115018342943602	0.155	0.332	3.59758147422048e-61	CCT2	c3
3.09925221492092e-58	0.114974962053463	0.137	0.291	1.1343573031832e-53	RASGRP2	c3
1.55026570342099e-32	0.114956192753475	0.041	0.105	5.67412750109117e-28	KAT5	c3
1.10162926561976e-12	0.114930657251416	0.009	0.029	4.03207327509488e-08	MRGBP	c3
1.2567592284987e-10	0.114774437745586	0.007	0.023	4.5998644522281e-06	PGBD2	c3
3.22366092252373e-20	0.114661068267202	0.064	0.118	1.17989213425291e-15	LPIN1	c3
6.45099518235243e-12	0.114574721726231	0.014	0.035	2.36112874669281e-07	SEPSECS-AS1	c3
9.95052209321184e-24	0.114542431717259	0.352	0.558	3.64199059133647e-19	PTGES3	c3
1.0537817490366e-40	0.114307968390815	0.118	0.232	3.85694657964887e-36	ACIN1	c3
3.0479158859917e-31	0.114039477398932	0.056	0.125	1.11556769343182e-26	TBC1D1	c3
2.44598302823052e-84	0.114002327140233	0.109	0.283	8.95254248162651e-80	PBDC1	c3
7.61478630912489e-11	0.113938582067187	0.029	0.055	2.7870879370028e-06	TMEM263	c3
2.51301965304302e-21	0.113690914476249	0.352	0.551	9.19790323210277e-17	NDUFA1	c3
5.96008730864281e-45	0.113616181410637	0.061	0.153	2.18145155583635e-40	RDH11	c3
8.2149482030158e-09	0.113580113144462	0.021	0.04	0.000300675319178581	HMBOX1	c3
1.63248153850972e-11	0.113543779678606	0.015	0.036	5.97504567909943e-07	WARS2	c3
8.23601470036346e-62	0.11344028236485	0.14	0.301	3.01446374048003e-57	UBE2N	c3
1.66027315527844e-77	0.113410194131805	0.164	0.365	6.07676577563463e-73	IFI27L2	c3
5.60637190557777e-18	0.113091178997875	0.017	0.049	2.05198818116052e-13	TRMT61A	c3
1.38175229928831e-15	0.112421121682719	0.016	0.044	5.05735159062515e-11	SMARCAL1	c3
5.64823012625815e-44	0.111862074007846	0.056	0.143	2.06730870851175e-39	POLD2	c3
1.02542104372753e-76	0.111672040763541	0.143	0.329	3.75314356214711e-72	PHPT1	c3
9.96213094479171e-09	0.111670911042336	0.057	0.086	0.000364623954710321	CREBZF	c3
3.48251098724207e-21	0.111546221449742	0.3	0.459	1.27463384644047e-16	MBNL1	c3
9.01068994966726e-42	0.111406065607011	0.076	0.171	3.29800262847771e-37	WDR33	c3
2.76629214904213e-13	0.11129704070232	0.013	0.036	1.01249058947091e-08	RNF123	c3
2.39621744610192e-15	0.110973200247324	0.016	0.044	8.77039547447763e-11	C1orf216	c3
4.48363354761897e-14	0.110850128524143	0.009	0.031	1.64105471476402e-09	CDKN2C	c3
1.07017076911573e-48	0.110742584825005	0.052	0.143	3.9169320320405e-44	PAF1	c3
2.2795799737689e-15	0.110295798564964	0.02	0.05	8.34349066199157e-11	CEP44	c3
7.74857278579646e-16	0.110197310972565	0.022	0.053	2.83605512532936e-11	PAAF1	c3
6.53519562077869e-75	0.109827669143987	0.142	0.324	2.39194694916121e-70	TOP1	c3
1.12779310926101e-22	0.109819415523457	0.05	0.104	4.12783555920624e-18	SP3	c3
8.34879037498879e-16	0.109736707747539	0.402	0.586	3.05574076514965e-11	MYH9	c3
7.9099919513836e-14	0.109649734611779	0.014	0.039	2.89513615412591e-09	AL353807.5	c3
3.41912360647911e-86	0.10947271390281	0.15	0.353	1.25143343120742e-81	SMIM26	c3
3.46576064005504e-42	0.109302785424016	0.052	0.135	1.26850305186654e-37	PSME3	c3
2.56929577726253e-25	0.10928958392145	0.059	0.121	9.4038794743586e-21	U2AF1L4	c3
2.93985725597986e-10	0.109072335625039	0.007	0.023	1.07601715426119e-05	ZNF865	c3
1.34422704458493e-07	0.108927224387057	0.01	0.024	0.00492000540588529	GPD1L	c3
2.0109240833881e-32	0.10888755284088	0.066	0.142	7.36018323760877e-28	EBLN3P	c3
2.84013235496988e-69	0.108714008609345	0.05	0.165	1.03951684324253e-64	PSMD10	c3
2.01821730367951e-13	0.108656425399713	0.029	0.059	7.38687715319739e-09	RNGTT	c3
5.72946281219051e-21	0.108570619240118	0.043	0.09	2.09704068388985e-16	LCOR	c3
1.52402130717502e-19	0.1084930807441	0.048	0.096	5.57807038639131e-15	NUP210	c3
1.07917095746135e-11	0.108399728020963	0.014	0.035	3.94987362140427e-07	BCS1L	c3
2.42827446697603e-09	0.107933216409273	0.015	0.033	8.88772737657896e-05	POLR3F	c3
3.83571164238267e-12	0.107625737251519	0.035	0.065	1.40390881822848e-07	EZH1	c3
8.08407786852661e-30	0.107581775803837	0.034	0.09	2.95885334065942e-25	C8orf33	c3
1.29695153574448e-09	0.1075425333844	0.01	0.026	4.74697231597838e-05	C14orf93	c3
1.26566293398528e-25	0.107517146036522	0.081	0.152	4.63245290467951e-21	BRWD1	c3
2.37106129091311e-14	0.107495540550194	0.011	0.034	8.67832143087107e-10	ZNF646	c3
2.3069915911106e-22	0.107452450401177	0.023	0.063	8.4438199226239e-18	DCTN5	c3
6.66709096633296e-78	0.107279967681403	0.094	0.249	2.44022196458753e-73	RAB4A	c3
1.4037635159638e-23	0.107193988126	0.018	0.057	5.13791484477912e-19	PUSL1	c3
1.18818001896383e-11	0.107135561588242	0.022	0.047	4.34885768740952e-07	FAM214A	c3
8.71564891690408e-48	0.10689988079884	0.064	0.161	3.19001466007606e-43	BLOC1S6	c3
9.98525359684024e-43	0.106524906061346	0.068	0.159	3.6547026689795e-38	PPID	c3
1.40836806221619e-53	0.106127470584202	0.049	0.145	5.15476794451746e-49	TOR1A	c3
2.91068186183027e-34	0.106055943885038	0.033	0.095	1.0653386682485e-29	YIPF2	c3
2.73993336810766e-59	0.105978550947592	0.073	0.191	1.00284301206108e-54	NSL1	c3
1.14484572122334e-59	0.105809880306252	0.045	0.146	4.19024982424955e-55	SNAPC2	c3
2.30162305080397e-24	0.105739696772416	0.024	0.068	8.42417052824762e-20	DDX28	c3
1.27143921089491e-10	0.105593036282207	0.007	0.024	4.65359465579646e-06	AC090517.5	c3
1.80142182985403e-53	0.105396582018962	0.046	0.14	6.59338403944872e-49	TSFM	c3
1.80010486013982e-88	0.105378457998107	0.13	0.324	6.58856379859777e-84	LSM10	c3
7.32043202768219e-58	0.105354618844406	0.097	0.226	2.67935132645196e-53	SNW1	c3
1.8220418909196e-82	0.105313613027742	0.094	0.255	6.66885552495484e-78	CMC2	c3
1.13188164300596e-14	0.105299805187546	0.048	0.087	4.14280000156611e-10	CCNT1	c3
1.06951717696713e-58	0.105102829719786	0.157	0.323	3.91453981941738e-54	ISG15	c3
3.55984593922077e-58	0.104840979164008	0.156	0.32	1.30293921221419e-53	SLTM	c3
4.46069935547338e-54	0.104699072418699	0.098	0.222	1.63266057109681e-49	NAAA	c3
3.4400587037885e-12	0.104265354374463	0.035	0.065	1.25909588617363e-07	ZNF160	c3
3.67468236470113e-39	0.104148925644731	0.047	0.123	1.34497049230426e-34	BZW2	c3
7.65818821692759e-64	0.104141291875413	0.096	0.233	2.80297346927767e-59	EFR3A	c3
2.04236966731973e-31	0.104136916492003	0.094	0.18	7.47527721935694e-27	SAFB	c3
2.90739277580486e-41	0.104001037755102	0.07	0.161	1.06413482987234e-36	WAC	c3
4.20910004185389e-12	0.103896631944643	0.011	0.031	1.54057270631894e-07	MIPEP	c3
7.95437013200782e-79	0.10384600713803	0.114	0.285	2.91137901201618e-74	STX10	c3
1.38713484843236e-19	0.103801928531771	0.021	0.057	5.07705225874729e-15	BUD13	c3
3.32735283472833e-09	0.103643960608242	0.012	0.028	0.000121784441103892	ZSCAN16	c3
2.34838740594637e-63	0.103617253339975	0.103	0.243	8.5953327445043e-59	LARS	c3
1.33919367286127e-76	0.103520650584438	0.137	0.318	4.90158276203953e-72	DNAJB6	c3
2.54501843610609e-14	0.103284553648986	0.012	0.036	9.31502197799189e-10	VPS33B	c3
1.72288391106904e-63	0.103173523128831	0.222	0.44	6.30592740290379e-59	CIAO2B	c3
1.51289101806977e-10	0.103152752995323	0.022	0.045	5.53733241523717e-06	DLG1	c3
7.97463835827099e-37	0.103105163491451	0.086	0.178	2.91879738551076e-32	MIA3	c3
3.53368453257283e-14	0.103047355811936	0.017	0.043	1.29336387576698e-09	GNPNAT1	c3
1.24751609547647e-10	0.102921536350001	0.025	0.049	4.56603366105341e-06	SLC9A8	c3
2.22445713767379e-38	0.102753776721434	0.049	0.125	8.14173556959984e-34	UFSP2	c3
7.70242046968179e-14	0.102474166017456	0.02	0.047	2.81916291610823e-09	SPATA33	c3
6.90991548412378e-14	0.102467110348208	0.015	0.039	2.52909816634414e-09	MTMR2	c3
1.67126003717488e-44	0.102304697015955	0.047	0.13	6.11697886206379e-40	ELOA	c3
2.485514465002e-66	0.102278693787438	0.08	0.211	9.09723149335382e-62	RAB18	c3
5.33984139172929e-22	0.102119306110712	0.046	0.096	1.95443534778684e-17	LUC7L	c3
9.02299010279146e-55	0.101886073752036	0.138	0.285	3.3025046075227e-50	SRSF4	c3
1.16119032817451e-27	0.101606379914126	0.052	0.114	4.25007272015151e-23	ICE1	c3
6.0715797380779e-16	0.101441362863058	0.016	0.045	2.22225889993389e-11	OTULIN	c3
2.1894428539421e-28	0.10125219449274	0.015	0.058	8.01357978971347e-24	AC018521.5	c3
4.31718456463638e-16	0.101010760985195	0.031	0.066	1.58013272250256e-11	POGLUT1	c3
3.89961661943587e-07	0.100975039133612	0.002	0.011	0.0142729867887972	IFT81	c3
1.06814371902697e-72	0.100781547329575	0.091	0.237	3.90951282601061e-68	TAF9	c3
1.00761721063402e-71	0.100586878498242	0.051	0.171	3.68797975264157e-67	MPST	c3
2.68270421883254e-31	0.100428603480736	0.018	0.067	9.818965711349e-27	GGCX	c3
4.10322874594596e-32	0.100423377108539	0.31	0.516	1.50182275330368e-27	DAD1	c3
1.26111357567704e-23	0.100421206529751	0.019	0.059	4.61580179833553e-19	ELF4	c3
1.6613988719456e-79	0.100397232418175	0.07	0.212	6.0808860112081e-75	CDK4	c3
4.37536302210325e-21	0.100386037756549	0.019	0.056	1.60142661972001e-16	MUL1	c3
4.29139918054699e-09	0.100126457986935	0.013	0.029	0.0001570695014072	FLYWCH1	c3
9.36999996685754e-10	0.100091230854459	0.124	0.173	3.42951368786953e-05	TAGAP	c3
4.69166955383852e-19	0.100073388746397	0.022	0.057	1.71719797340043e-14	DLAT	c3
1.64557453861417e-47	0.1000661009586	0.186	0.347	6.02296736878173e-43	EWSR1	c3
8.7532413452555e-38	0.100011659115776	0.04	0.111	3.20377386477696e-33	DLGAP4	c3
