# factor-levels: seurat_clusters=c1|c2|c3|c4|c5|c6|c7|c8|c9|c10|c11|c12|c13|c14|c15|c16|c17|c18|c19|c20|c21|c22|c23|c24|c25|c26|c27|c28

p_val	avg_log2FC	pct.1	pct.2	p_val_adj	gene	seurat_clusters
0	12.6817108907857	0.392	0	0	FCER1A	c27
0	12.3880099574696	0.052	0	0	CD207	c27
0	12.1770455564057	0.082	0	0	CLEC4F	c27
0	12.1380810608254	0.067	0	0	CACNA2D3	c27
3.84684307563087e-83	11.6326948131663	0.01	0	1.40798303411166e-78	OLIG1	c27
2.38919924575157e-307	11.3401967677686	0.026	0	8.74470815937533e-303	KCNN1	c27
0	11.2992585971439	0.031	0	0	ASCL4	c27
2.63920212033015e-246	11.0824106495848	0.021	0	9.65974368062039e-242	AC099560.1	c27
2.99519701986769e-185	10.9806088915321	0.015	0	1.09627206124177e-180	GPR31	c27
2.99519701986769e-185	10.7252512978733	0.015	0	1.09627206124177e-180	IL12B	c27
0	10.6607561833393	0.129	0	0	CD1A	c27
0	10.6172768460487	0.046	0	0	NEGR1	c27
0	10.6002029857759	0.309	0.001	0	S100A12	c27
0	10.5697455028002	0.052	0	0	SLCO5A1	c27
1.45864488746377e-25	10.5305870328081	0.01	0	5.33878615260614e-21	COL14A1	c27
0	10.4866981368753	0.175	0	0	CD1E	c27
2.44944537177256e-164	10.4362374133944	0.021	0	8.96521500522475e-160	MMP12	c27
3.58588639088638e-124	10.3027108267806	0.01	0	1.31247027792833e-119	LINC01170	c27
0	10.2909757468527	0.381	0.001	0	CD1C	c27
0	10.2501994086741	0.072	0	0	UPK3A	c27
0	10.1973366059422	0.088	0	0	P3H2	c27
2.46633248082754e-164	10.1394018952814	0.021	0	9.02702351307689e-160	RAB44	c27
0	10.114430184444	0.108	0	0	CLEC9A	c27
0	9.93445552323757	0.057	0	0	NRG1	c27
3.58588639088638e-124	9.9214677759101	0.01	0	1.31247027792833e-119	FIGLA	c27
3.58588639088638e-124	9.83495895272069	0.01	0	1.31247027792833e-119	PLEKHG4B	c27
3.99151409451645e-139	9.82680371753312	0.015	0	1.46093407373397e-134	APCDD1	c27
0	9.7013037264824	0.041	0	0	UTF1	c27
3.58588639088638e-124	9.69983926356786	0.01	0	1.31247027792833e-119	GPR33	c27
3.27049545501151e-230	9.69843022168175	0.041	0	1.19703404148876e-225	AQP1	c27
5.31659099127203e-273	9.68298538466165	0.036	0	1.94592546871547e-268	AL138899.1	c27
0	9.68027747212736	0.155	0	0	FLT3	c27
4.75720040788861e-42	9.67450852769865	0.01	0	1.74118292129131e-37	S1PR3	c27
0	9.64679840161369	0.062	0	0	CLEC4C	c27
0	9.62962019793675	0.041	0	0	NCKAP5	c27
3.58588639088638e-124	9.60805750839968	0.01	0	1.31247027792833e-119	LINC01724	c27
5.60771034294709e-93	9.57711657819776	0.015	0	2.05247806262206e-88	PRLR	c27
0	9.5645459226793	0.067	0	0	ACPP	c27
1.56872253425277e-219	9.47338298569432	0.026	0	5.74168134761858e-215	TNFRSF11B	c27
0	9.41418201265962	0.103	0	0	CD1B	c27
0	9.34369032339809	0.077	0	0	XCR1	c27
1.54579573455849e-219	9.25586099923737	0.026	0	5.65776696805751e-215	CTNND2	c27
3.84684307563087e-83	9.16354715767838	0.01	0	1.40798303411166e-78	AC024610.2	c27
0	9.16223165449866	0.155	0.001	0	CCL17	c27
2.48513188282144e-123	9.1007175479773	0.021	0	9.09583120431476e-119	CCL19	c27
4.78367850920412e-128	9.06741589363278	0.026	0	1.7508741711538e-123	CLEC4G	c27
2.45158349996454e-214	9.03915694696597	0.036	0	8.97304076822022e-210	CYYR1	c27
0	9.03541641424554	0.103	0	0	ASGR2	c27
6.67084167162132e-141	8.99008776125776	0.021	0	2.44159476023012e-136	KCND3	c27
0	8.96414642141213	0.376	0.002	0	CLEC10A	c27
3.84684307563087e-83	8.95589035854923	0.01	0	1.40798303411166e-78	NCKAP5-AS2	c27
0	8.9443214202634	0.082	0	0	PARM1	c27
1.27487190704431e-177	8.9115640847115	0.041	0	4.66615866697287e-173	LINC02723	c27
0	8.79919951334552	0.052	0	0	PRSS3	c27
3.49390829066622e-62	8.7361850700009	0.015	0	1.27880537346674e-57	FSTL1	c27
5.03989370582332e-56	8.71483339194616	0.015	0	1.84465149526839e-51	RXFP1	c27
3.90013441869531e-83	8.70088924955902	0.01	0	1.42748819858667e-78	ARNT2	c27
0	8.6719072218331	0.139	0.001	0	ENHO	c27
1.94993653297453e-260	8.64942803880511	0.046	0	7.13696270434007e-256	LIMCH1	c27
0	8.64072306375715	0.201	0.001	0	PPP1R14A	c27
1.90124876803096e-245	8.55120038425243	0.031	0	6.95876061587011e-241	GPER1	c27
0	8.54498146098917	0.598	0.007	0	LGALS2	c27
2.54990738297855e-123	8.53456426781325	0.021	0	9.33291601243978e-119	AOC1	c27
3.62606404330406e-36	8.52195303377913	0.01	0	1.32717570048972e-31	RNF150	c27
1.4412789211553e-264	8.49814311641867	0.088	0.001	5.2752249793205e-260	CCL22	c27
1.32358419879025e-293	8.38942285514562	0.067	0	4.84445052599219e-289	LINC00877	c27
1.95951034261964e-111	8.27620281919223	0.015	0	7.17200380502214e-107	TNFAIP8L3	c27
2.55341637036937e-85	8.23977160561167	0.026	0	9.34575925718893e-81	VENTX	c27
3.90013441869531e-83	8.1989669366728	0.01	0	1.42748819858667e-78	NES	c27
2.81212385264695e-20	8.18941628909843	0.015	0	1.02926545130731e-15	AC011472.2	c27
8.50876089112172e-170	8.16233972845569	0.031	0	3.11429157375946e-165	FBLN2	c27
0	8.15766323516349	0.093	0.001	0	PID1	c27
0	8.14349687548617	0.082	0	0	CLDN1	c27
1.32769937000079e-62	8.13203760059088	0.01	0	4.85951246413987e-58	BEND6	c27
5.7244038012043e-93	8.09182629661567	0.015	0	2.09518903527878e-88	AC092384.1	c27
2.64212345779009e-85	8.05039262553617	0.026	0	9.67043606785749e-81	UBD	c27
0	8.03109389015064	0.299	0.001	0	PLD4	c27
7.20261598114538e-138	7.90754666384974	0.031	0	2.63622947525902e-133	LAD1	c27
2.57628704074986e-123	7.87252723064152	0.021	0	9.42946819784857e-119	LINC01357	c27
0	7.87029891606217	0.196	0.001	0	P2RY6	c27
0	7.84115668262279	0.103	0.001	0	TACSTD2	c27
1.97166431868054e-111	7.8307120376838	0.015	0	7.21648857280264e-107	LINC00298	c27
0	7.82157424377541	0.588	0.019	0	FCN1	c27
0	7.78157771377792	0.052	0	0	AC064805.1	c27
5.42592806322587e-96	7.75733196688113	0.026	0	1.9859439304213e-91	ACHE	c27
2.59354838935959e-28	7.73014466270895	0.01	0	9.49264645989504e-24	IGSF3	c27
1.05414963358854e-162	7.62952399521534	0.041	0	3.8582930738974e-158	SEZ6L	c27
1.1483972501602e-139	7.62778031515523	0.026	0	4.20324877531136e-135	ENPP1	c27
1.20626566176878e-243	7.56507179292214	0.119	0.002	4.4150529486399e-239	LILRA1	c27
1.17908493814124e-290	7.52907554127346	0.052	0	4.31556878209074e-286	ADGRG6	c27
1.34145799462131e-62	7.52753048319262	0.01	0	4.90987040611345e-58	HTR7	c27
1.7217455415833e-27	7.51262669629822	0.021	0.001	6.30176085674904e-23	TUBB2B	c27
8.84631701943621e-80	7.49275096510579	0.015	0	3.23784049228385e-75	GHRL	c27
6.75628766002591e-163	7.46706877310014	0.057	0.001	2.47286884644608e-158	CD300LB	c27
9.35862941157245e-70	7.40705786895234	0.026	0	3.42535195092963e-65	KCNE5	c27
0	7.38918910567682	0.201	0.002	0	PKIB	c27
1.43780749198391e-110	7.37631885375321	0.077	0.002	5.26251920141032e-106	CYP1B1	c27
5.7244038012043e-93	7.34554416061482	0.015	0	2.09518903527878e-88	UPK1B	c27
0	7.33322186930556	0.139	0.001	0	F13A1	c27
2.86231896953358e-50	7.26293397099823	0.01	0	1.04763736603899e-45	LDLRAD2	c27
1.91248094555779e-44	7.25811375292501	0.041	0.001	6.99987150883606e-40	MARC1	c27
2.97904717752702e-184	7.25738527724178	0.052	0	1.09036105744667e-179	CHST15	c27
3.41415719256788e-35	7.24218819680296	0.015	0	1.24961567405177e-30	LINC02724	c27
9.58277918889153e-32	7.16021415720892	0.01	0	3.50739301092619e-27	RHOXF1-AS1	c27
1.36493512361857e-211	7.15102587104584	0.093	0.001	4.99579904595633e-207	DNASE1L3	c27
1.27639852178338e-155	7.13480921528327	0.052	0.001	4.67174622957935e-151	ID1	c27
2.12109069596216e-133	7.09899881685909	0.098	0.003	7.76340405629111e-129	FSCN1	c27
1.9741270597732e-116	7.09731487730093	0.077	0.002	7.22550245147589e-112	APOBEC3A	c27
1.64850994639328e-37	7.0876186254782	0.015	0	6.03371125479404e-33	FBN2	c27
1.39227897374996e-142	7.04564545275129	0.036	0	5.09588027182223e-138	MYCL	c27
9.42221914060463e-108	6.99401790522824	0.052	0.001	3.4486264276527e-103	ADRB3	c27
2.25972693789911e-111	6.94252770782542	0.082	0.002	8.27082656540453e-107	LAMP3	c27
1.46764910336234e-25	6.9332056987782	0.01	0	5.37174248321649e-21	PROC	c27
1.25297442614947e-123	6.88485164792516	0.057	0.001	4.58601169714967e-119	CBFA2T3	c27
3.05276799674612e-10	6.87777059200761	0.01	0	1.11734361448905e-05	AP000763.3	c27
2.88600242804223e-50	6.85846480433789	0.01	0	1.05630574868774e-45	CLSTN2	c27
3.90013441869531e-83	6.84588485346028	0.01	0	1.42748819858667e-78	IDO2	c27
2.86231896953358e-50	6.82605274898952	0.01	0	1.04763736603899e-45	AC106801.1	c27
4.7899538320799e-42	6.79987053850737	0.01	0	1.75317100207956e-37	HCAR1	c27
3.37420780683581e-258	6.79732673224637	0.17	0.004	1.23499379937997e-253	CD93	c27
3.3836143030326e-278	6.7463337603674	0.077	0.001	1.23843667105296e-273	IDO1	c27
5.62511791526619e-59	6.73371488644902	0.026	0	2.05884940816658e-54	CMTM4	c27
2.54654075858907e-90	6.70655609862007	0.026	0	9.32059383051185e-86	NME8	c27
2.61732154441894e-28	6.6839215445209	0.01	0	9.57965858472777e-24	ABCC6	c27
3.1178309305217e-28	6.66639273938432	0.015	0	1.14115729888025e-23	LRRC75B	c27
0	6.6506052821274	0.077	0	0	CCSER1	c27
2.36448181983334e-134	6.6371613524848	0.041	0	8.65423990877202e-130	FBXO27	c27
4.7745488790814e-181	6.62457047085902	0.093	0.002	1.74753263523258e-176	PADI4	c27
6.52330223546081e-27	6.61629884692245	0.015	0	2.38759385120101e-22	RASGRF1	c27
2.29865911077059e-134	6.57054527121906	0.041	0	8.41332221133145e-130	CRIP3	c27
2.85054990080981e-50	6.54369310135557	0.01	0	1.0433297691954e-45	RARRES2	c27
2.95706961490124e-258	6.5286923437653	0.072	0.001	1.08231704975e-253	TLR10	c27
9.53368000461963e-32	6.52596492917679	0.01	0	3.48942221849083e-27	ELAVL4	c27
9.68479104564377e-90	6.40037427986359	0.021	0	3.54473037061608e-85	TGFB2	c27
1.09362758933971e-18	6.38812242003558	0.026	0.001	4.00278633974227e-14	CHST13	c27
9.20418870806801e-47	6.36918292968051	0.015	0	3.36882510903997e-42	STEAP4	c27
5.7244038012043e-93	6.36726881670716	0.015	0	2.09518903527878e-88	TNFSF18	c27
3.14174441338522e-28	6.33465272773078	0.015	0	1.14990987274312e-23	LINC02362	c27
9.56066381646964e-62	6.33399698815165	0.021	0	3.49929856346605e-57	AC099524.1	c27
1.14026868804273e-107	6.31976537545811	0.052	0.001	4.17349742510521e-103	TNFRSF11A	c27
4.86212680130592e-17	6.31033486276019	0.021	0.001	1.77958703054598e-12	HGF	c27
9.79524756004749e-68	6.29149349640028	0.057	0.002	3.58515855945298e-63	TIFAB	c27
3.74456348866429e-60	6.28134529343169	0.041	0.001	1.37054768248602e-55	FZD2	c27
1.31693572472443e-124	6.27294052376649	0.036	0	4.82011644606389e-120	LINC01800	c27
5.76437340409186e-181	6.26433131257317	0.186	0.007	2.10981830963166e-176	S100B	c27
9.44954475608341e-17	6.25026982344901	0.015	0.001	3.45862787617409e-12	VSTM1	c27
4.21984645480553e-114	6.24911969758174	0.046	0.001	1.54450600092337e-109	EBI3	c27
2.85054990080981e-50	6.2296724180154	0.01	0	1.0433297691954e-45	KLRG2	c27
2.98072662041834e-21	6.22906664521538	0.031	0.002	1.09097575033932e-16	GPR162	c27
6.43811345445715e-10	6.22594283464687	0.015	0.001	2.35641390546586e-05	EPCAM	c27
3.99792372954311e-61	6.21189400801255	0.041	0.001	1.46328006425007e-56	LINC02356	c27
0	6.20612556193693	0.16	0.002	0	SULF2	c27
2.25771051666142e-158	6.18060390419209	0.088	0.002	8.26344626203245e-154	TPPP3	c27
1.34822896812081e-117	6.1509043842492	0.067	0.001	4.93465284621896e-113	ANKRD22	c27
5.46614272996971e-129	6.11681209008662	0.077	0.002	2.00066290059621e-124	S100Z	c27
1.38072243963033e-123	6.06111689929884	0.062	0.001	5.05358220129098e-119	ABCA6	c27
0	6.05863375451886	0.046	0	0	ABCB4	c27
2.61732154441894e-28	6.03894713339412	0.01	0	9.57965858472777e-24	SYT1	c27
7.03368665843853e-141	5.98116732517158	0.021	0	2.57439965385509e-136	FBXO17	c27
2.87413641263272e-50	5.93487915557338	0.01	0	1.0519626683877e-45	LINC01842	c27
7.86453449250456e-20	5.91665690050199	0.01	0	2.87849826960159e-15	STK32B	c27
1.47974046901825e-25	5.9112280305345	0.01	0	5.41599809065368e-21	PPFIA4	c27
2.53836738862276e-31	5.89882653987189	0.015	0	9.29067847909817e-27	LINC02805	c27
8.16621652480042e-61	5.88872619554829	0.149	0.013	2.9889169102422e-56	CD300E	c27
2.11213748710759e-19	5.87053348563788	0.026	0.001	7.73063441656248e-15	LILRA4	c27
8.96514311378748e-18	5.86092815703037	0.015	0.001	3.28133203107736e-13	ZNF703	c27
1.25813439618998e-10	5.85035156219467	0.01	0	4.60489770349495e-06	AF064858.1	c27
2.62329853043821e-28	5.80438346682218	0.01	0	9.6015349512569e-24	FAM149A	c27
2.60585897325863e-78	5.80318472423215	0.036	0.001	9.53770442802391e-74	BCL2L14	c27
2.86231896953358e-50	5.79370948458585	0.01	0	1.04763736603899e-45	AL031673.1	c27
5.29812269765188e-21	5.76060287687792	0.015	0	1.93916588856757e-16	PROSER2	c27
2.49235213803329e-15	5.75392276239585	0.01	0	9.12225806041564e-11	ST18	c27
5.4136882538328e-12	5.7419701157163	0.01	0	1.98146403778534e-07	P2RY2	c27
1.48072473135591e-240	5.73052774458105	0.093	0.001	5.41960058923577e-236	RAMP1	c27
9.48725042941759e-08	5.72823484067659	0.01	0.001	0.00347242852967113	OLFM1	c27
4.34322198825758e-114	5.70512774573173	0.046	0.001	1.58966267992216e-109	MYLK	c27
3.03023608365073e-08	5.70014214892251	0.015	0.001	0.001109096708977	SLC8A1-AS1	c27
0	5.66719065812357	0.186	0.003	0	HLA-DOB	c27
6.98280653350229e-10	5.6501249749032	0.01	0	2.55577701932717e-05	EHF	c27
3.20499552910655e-38	5.60035776984352	0.026	0.001	1.17306041360829e-33	ZNF469	c27
3.94177487694172e-223	5.59060873992176	0.258	0.011	1.44272902270944e-218	BASP1	c27
1.80824750650888e-11	5.56552443493869	0.015	0.001	6.61836669857316e-07	OAF	c27
5.8135108985881e-93	5.55231555647512	0.015	0	2.12780312399223e-88	NCCRP1	c27
9.65689909050596e-32	5.5398059687487	0.01	0	3.53452163611609e-27	MTUS2	c27
2.84119525448369e-103	5.50791855497835	0.077	0.002	1.03990587509358e-98	STAB1	c27
8.75042967704873e-14	5.47569434829487	0.01	0	3.20274476609661e-09	CLEC17A	c27
1.13825174729949e-48	5.46387145024893	0.082	0.005	4.16611522029088e-44	ZDHHC1	c27
5.8135108985881e-93	5.46372158959907	0.015	0	2.12780312399223e-88	AC084048.1	c27
3.22068878144219e-96	5.46320828568875	0.077	0.002	1.17880430089566e-91	MS4A4E	c27
5.10501055349763e-305	5.40180146400556	0.665	0.058	1.86848491268567e-300	FGL2	c27
4.62847333660713e-21	5.39649922013073	0.026	0.001	1.69406752593158e-16	FAM198B-AS1	c27
8.34607518112199e-166	5.39224934323762	0.103	0.002	3.05474697704246e-161	PTGIR	c27
2.04222484560477e-19	5.36169329542634	0.031	0.002	7.47474715739803e-15	REPS2	c27
1.25326163860312e-09	5.35636481512906	0.021	0.002	4.5870629234513e-05	ST6GALNAC3	c27
1.42982660075723e-111	5.34629317543293	0.227	0.017	5.23330834143155e-107	MARCKS	c27
2.54154381096534e-21	5.33336526859124	0.046	0.004	9.30230450251422e-17	DYSF	c27
2.79913515017198e-17	5.32784737617315	0.01	0	1.02451145631445e-12	FAM167A	c27
8.74106221089633e-14	5.3212842604739	0.01	0	3.19931617981017e-09	ANKRD65	c27
3.20430691844413e-128	5.31541644991588	0.134	0.005	1.17280837521973e-123	ZNF467	c27
6.9550770156702e-82	5.30630514785402	0.18	0.014	2.54562773850545e-77	CD1D	c27
1.084318191336e-35	5.30490584262258	0.041	0.002	3.96871301210889e-31	PADI2	c27
5.34121043597401e-131	5.29056657701407	0.165	0.008	1.95493643167085e-126	CYP2S1	c27
3.95971464907541e-13	5.2738363010613	0.01	0	1.44929515870809e-08	SIGLEC6	c27
5.54410424027609e-120	5.24777661833727	0.5	0.078	2.02919759298345e-115	VCAN	c27
4.03157984307881e-24	5.24680703615833	0.021	0.001	1.47559853836527e-19	CRISPLD2	c27
1.15502132352875e-06	5.22717257577629	0.015	0.002	0.0422749354624756	LINC01176	c27
1.18294005438601e-144	5.21453300711005	0.046	0	4.32967889305823e-140	HMSD	c27
3.15136066972598e-28	5.1849786120312	0.015	0	1.15342951872641e-23	LHFPL6	c27
6.66749835304123e-55	5.17529581480467	0.021	0	2.44037107219662e-50	GRIP1	c27
3.64048344793261e-62	5.15583804203839	0.015	0	1.33245334677781e-57	DSCAML1	c27
3.84518548958282e-17	5.14010147927319	0.026	0.002	1.40737634104221e-12	MERTK	c27
1.66033679681754e-67	5.13165408160478	0.098	0.005	6.07699871003187e-63	CALCRL	c27
1.26439641929449e-41	5.0881172413382	0.062	0.003	4.62781733425975e-37	PTGER3	c27
2.68444864979483e-23	5.08148449918699	0.01	0	9.82535050311406e-19	CFAP57	c27
1.0304486008528e-09	5.08052979610457	0.031	0.004	3.77154492398134e-05	FAAH	c27
2.29268615918254e-123	5.06405892851686	0.067	0.001	8.39146061122402e-119	PALD1	c27
9.67411517788356e-07	5.05722601237457	0.015	0.002	0.0354082289625716	FCAR	c27
3.3651117226446e-68	5.05265491457715	0.088	0.004	1.23166454160515e-63	TVP23A	c27
1.04102439768974e-114	5.02796500832691	0.232	0.017	3.81025339798422e-110	FCGR2B	c27
1.30339685443674e-143	5.00966855190921	0.134	0.005	4.77056282692392e-139	BCL11A	c27
1.49373869630959e-107	5.00606219368282	0.103	0.004	5.46723300236272e-103	P2RY14	c27
4.22491178154216e-208	4.9994579940852	0.345	0.021	1.54635996116225e-203	MEF2C	c27
3.03655660946552e-11	4.99609730619118	0.015	0.001	1.11141008463048e-06	NT5DC2	c27
4.04428372401243e-10	4.97573546863016	0.021	0.002	1.48024828582579e-05	VNN1	c27
9.73158817251381e-32	4.96882002257024	0.01	0	3.56185858702178e-27	CHRNA6	c27
3.91726903916979e-17	4.93769866351712	0.041	0.004	1.43375964102653e-12	GLT1D1	c27
6.60766344075435e-51	4.92478154953445	0.082	0.005	2.4184708959505e-46	JUP	c27
5.13564552882372e-222	4.90615592312252	0.227	0.008	1.87969762000477e-217	GPAT3	c27
1.05328585586419e-70	4.89218842142176	0.278	0.039	3.85513156104852e-66	C19orf38	c27
9.93035594355068e-113	4.85708370153674	0.242	0.019	3.63460957889899e-108	IGFBP7	c27
5.17927552460251e-34	4.83565252952023	0.134	0.018	1.89566663475976e-29	CDA	c27
8.79970935069231e-52	4.82697924042744	0.052	0.002	3.22078161944689e-47	TSPAN33	c27
2.01855919887858e-19	4.80650994642952	0.052	0.005	7.38812852381549e-15	LINC00937	c27
2.26165021366542e-92	4.79811321285767	0.108	0.005	8.27786594703681e-88	NLRP3	c27
2.32986792164752e-14	4.79801100443245	0.041	0.004	8.52754958002208e-10	GASK1B	c27
1.97052640503295e-14	4.78377644104587	0.026	0.002	7.21232369506109e-10	KCNK13	c27
3.2615852662369e-176	4.73723719110494	0.088	0.001	1.19377282329537e-171	ADAM28	c27
3.16497552419139e-14	4.72198292067807	0.041	0.004	1.15841269160929e-09	G0S2	c27
4.48310500858732e-143	4.71080028234046	0.495	0.064	1.64086126419305e-138	CFP	c27
4.62801544039808e-82	4.67323747442284	0.062	0.002	1.6938999313401e-77	EGLN3	c27
9.44309004096387e-47	4.65545521031141	0.015	0	3.45626538589319e-42	MPPED2	c27
1.05211999779683e-28	4.64137718364659	0.052	0.003	3.85086440393618e-24	IGF2BP2	c27
4.55696010909291e-29	4.62467080292456	0.036	0.002	1.66789296952909e-24	MEIKIN	c27
4.05879092695764e-12	4.62247692997694	0.026	0.002	1.48555806717576e-07	AL157813.1	c27
1.13377972758122e-27	4.61736461016463	0.046	0.003	4.14974718092001e-23	AC023043.1	c27
2.52578291691145e-10	4.54494475042432	0.031	0.004	9.24461805418762e-06	CLEC4D	c27
1.51058348741584e-34	4.53076850254562	0.082	0.007	5.52888662229073e-30	CYBRD1	c27
1.42083147921626e-23	4.51636732008843	0.015	0	5.20038529707943e-19	CYP2E1	c27
1.08189799879982e-36	4.51273268835831	0.077	0.006	3.95985486540723e-32	RAB3D	c27
6.32584836433446e-51	4.51079310081609	0.077	0.004	2.31532375983005e-46	ZNF366	c27
2.05434258340462e-115	4.5085626276299	0.057	0.001	7.51909928951925e-111	SPIB	c27
2.06484821973949e-26	4.48713368895293	0.057	0.005	7.5575509690685e-22	SMARCD3	c27
2.4240439370796e-25	4.48289119312944	0.021	0.001	8.87224321410505e-21	TLCD5	c27
3.09936529266394e-75	4.47507300897429	0.345	0.055	1.13439869076793e-70	CSF3R	c27
7.59344051379133e-08	4.44946347317043	0.057	0.013	0.00277927516245276	HOMER3	c27
1.18619593975187e-112	4.44193742430209	0.186	0.011	4.34159575908581e-108	RGS18	c27
3.31887451370753e-101	4.42386467719429	0.113	0.005	1.21474126076209e-96	GAS6	c27
4.00831516036625e-13	4.39921810180241	0.01	0	1.46708343184565e-08	RUFY4	c27
6.6236602505823e-26	4.38566125600356	0.041	0.002	2.42432588831563e-21	ETV5	c27
2.01171280806215e-40	4.38565945138981	0.16	0.022	7.36307004878828e-36	EGR1	c27
3.2215767752267e-52	4.38152371064182	0.098	0.007	1.17912931550073e-47	SIGLEC10	c27
2.53150770622801e-15	4.36213396967422	0.01	0	9.26557135556514e-11	ACY3	c27
1.03537559598709e-26	4.35565785832811	0.021	0.001	3.78957821887236e-22	AC004817.3	c27
2.74561114281593e-13	4.35478151356494	0.015	0.001	1.00492113438206e-08	LINC02019	c27
2.19442273100321e-30	4.34511419836642	0.232	0.054	8.03180663774485e-26	TMEM176A	c27
7.53328784001624e-15	4.34075942303803	0.036	0.003	2.75725868232435e-10	GPT	c27
4.35470071481747e-31	4.3365013300291	0.041	0.002	1.59386400863034e-26	ALDH1L2	c27
5.95206637284224e-38	4.33493649634723	0.082	0.007	2.17851581312399e-33	NR4A3	c27
9.89897224885176e-09	4.32139225302869	0.015	0.001	0.000362312283280223	AC009093.1	c27
9.17106529548673e-18	4.31323345189411	0.015	0.001	3.3567016088011e-13	TMEM72-AS1	c27
6.9118734812985e-07	4.29679632852268	0.015	0.001	0.0252981481289006	ROBO1	c27
1.83289722516769e-65	4.29517297245277	0.088	0.004	6.70858713383625e-61	SCN9A	c27
2.94536550958717e-21	4.29186575637005	0.072	0.009	1.078033230164e-16	MEFV	c27
3.21718146710183e-10	4.28952127544936	0.057	0.011	1.17752058877394e-05	RNASE2	c27
3.68831524311933e-59	4.28739639196451	0.34	0.066	1.34996026213411e-54	MPEG1	c27
1.84932171515931e-18	4.28566120444313	0.01	0	6.76870240965459e-14	EGOT	c27
1.05395399898233e-92	4.27557725882142	0.057	0.001	3.85757703167522e-88	ESAM	c27
1.77795710670607e-30	4.2523374884541	0.026	0.001	6.5075008062549e-26	SMPDL3B	c27
8.73694259904245e-143	4.23620525740857	0.227	0.013	3.19780836067553e-138	SEMA4A	c27
1.59163803559123e-12	4.22542093616954	0.01	0	5.82555437406748e-08	CRLF2	c27
3.97973889537992e-23	4.22422681170665	0.582	0.374	1.456624233098e-18	S100A8	c27
1.11136703842315e-17	4.21885475125794	0.124	0.027	4.06771449733257e-13	NRGN	c27
2.56924642865803e-17	4.19459519201459	0.021	0.001	9.40369885353127e-13	TRIM58	c27
2.16692136801443e-58	4.16941804253629	0.144	0.013	7.9311488990696e-54	TCF4	c27
4.02133459857587e-10	4.16146447582516	0.026	0.003	1.47184867642475e-05	ARAP3	c27
7.32418525766356e-44	4.14543044083989	0.191	0.028	2.68072504615744e-39	GAPT	c27
2.04740001253231e-18	4.13410774728415	0.026	0.001	7.49368878586952e-14	CDKN1C	c27
1.62542979974304e-50	4.11906462522633	0.072	0.004	5.94923561003951e-46	SNX22	c27
4.6702552513043e-27	4.10552450969595	0.041	0.002	1.70936012452989e-22	DEPTOR	c27
2.37010746408015e-44	4.10043991825889	0.077	0.005	8.67483032927975e-40	PPM1J	c27
9.13635960237256e-08	4.09391101341222	0.067	0.017	0.00334399897806438	AL132709.8	c27
1.52997886929878e-153	4.07939145005111	0.098	0.002	5.59987565952047e-149	CLNK	c27
3.09462268183524e-09	4.06773456430994	0.01	0	0.000113266284777852	HOXA9	c27
4.04104043129223e-13	4.06080278294664	0.01	0	1.47906120825727e-08	PTENP1-AS	c27
2.05826856604518e-07	4.05801167639656	0.015	0.001	0.00753346877858196	CTF1	c27
1.87175643790481e-61	4.05074303536077	0.268	0.04	6.85081573837538e-57	P2RY13	c27
4.5651746070725e-29	4.03513679502728	0.021	0.001	1.6708995579346e-24	PAWR	c27
2.30736452280827e-52	4.02809627835622	0.18	0.021	8.44518488993055e-48	SERPINF2	c27
9.93895925141244e-07	4.01943625308297	0.015	0.002	0.0363775847560947	UPK3BL2	c27
4.7611930218377e-53	4.00280725995464	0.072	0.004	1.74264425792282e-48	GNG7	c27
1.56542053241363e-38	4.00189842043774	0.124	0.014	5.72959569068712e-34	PTGS1	c27
5.64110737516917e-36	3.98783089185493	0.052	0.003	2.06470171038567e-31	DMD	c27
1.87429613131735e-07	3.97329350464177	0.026	0.003	0.00686011127023462	LRG1	c27
1.82103578956996e-22	3.9728670923175	0.103	0.016	6.66517309340503e-18	NR4A1	c27
7.25186784498756e-54	3.97046982989439	0.093	0.006	2.6542561499439e-49	CADM1	c27
1.28178342126987e-10	3.9696915299765	0.01	0	4.69145550018986e-06	PAQR7	c27
4.51351229354654e-28	3.96077360520676	0.088	0.01	1.65199063456097e-23	FOSB	c27
5.64704373157955e-10	3.95438295598766	0.036	0.005	2.06687447619543e-05	TRPM2	c27
2.96378807959574e-10	3.94261295441384	0.031	0.004	1.08477607501284e-05	PTGS2	c27
6.58698607468108e-10	3.93503877442805	0.021	0.002	2.41090277319402e-05	SDS	c27
1.10360370723839e-100	3.92947066158465	0.149	0.008	4.03929992886324e-96	HDAC9	c27
3.17839332616464e-44	3.9186156922029	0.237	0.041	1.16332374130952e-39	CEBPD	c27
9.22490406435942e-09	3.90496756071858	0.036	0.005	0.000337640713659619	P2RY12	c27
1.07053433731747e-10	3.89993917139132	0.031	0.003	3.91826272801566e-06	ENPP2	c27
9.60215119949055e-08	3.89274614261904	0.01	0.001	0.00351448336052554	STRIP2	c27
2.0795568492801e-36	3.86807309726951	0.139	0.018	7.61138602405011e-32	LRRK2	c27
3.26489668675004e-140	3.86698264239406	0.253	0.016	1.19498483631738e-135	NDRG2	c27
3.77414967988469e-44	3.86375032358537	0.175	0.024	1.3813765243346e-39	CREB5	c27
1.55520711336797e-16	3.85886005909955	0.108	0.022	5.69221355563811e-12	TLR2	c27
2.57755000949805e-13	3.85673192973248	0.021	0.001	9.43409078976382e-09	SHE	c27
1.66581545728675e-35	3.84613092096134	0.026	0.001	6.09705115521524e-31	C19orf33	c27
1.57479490709145e-12	3.84510306236373	0.01	0	5.76390683944543e-08	ILDR2	c27
5.59147458124533e-21	3.84279282684303	0.082	0.011	2.0465356114816e-16	ZNF516	c27
1.60024010016893e-52	3.83981279711299	0.268	0.045	5.8570387906283e-48	NAPSA	c27
5.28414431114531e-07	3.83122939403845	0.01	0.001	0.019340496593223	AC008764.7	c27
1.38387041568962e-16	3.7800868552522	0.082	0.014	5.06510410846558e-12	CLEC5A	c27
4.0361948251895e-10	3.76850700484654	0.021	0.002	1.47728766796761e-05	CH25H	c27
2.99342247697399e-35	3.74711906143561	0.299	0.076	1.09562256079725e-30	LILRA2	c27
1.06897997072369e-07	3.74026806308984	0.015	0.001	0.00391257359084579	AC104530.1	c27
5.61039709366839e-74	3.72325367153783	0.077	0.003	2.05346144025357e-69	BANK1	c27
1.83345720227826e-22	3.72276257786183	0.077	0.009	6.71063670605867e-18	ARHGEF40	c27
5.41691056563714e-14	3.71955156158064	0.026	0.002	1.98264343612885e-09	GNAI1	c27
1.44966352781941e-44	3.7162653037856	0.258	0.048	5.30591347817183e-40	SERPINF1	c27
1.48516137742666e-67	3.69808304956675	0.082	0.004	5.43583915751932e-63	CCND1	c27
6.3839437669815e-25	3.69133053635818	0.263	0.078	2.3365872581529e-20	LILRB2	c27
7.67238204438773e-07	3.69070244782028	0.031	0.005	0.0280816855206635	PLPPR2	c27
5.06371069759574e-07	3.68829552136812	0.052	0.012	0.0185336875242702	TLR6	c27
6.21453668209301e-27	3.67535826992208	0.619	0.395	2.27458257101286e-22	S100A9	c27
5.47680929238275e-09	3.67051786038349	0.015	0.001	0.000200456696910501	GEM	c27
3.81967159577698e-23	3.66809714196881	0.149	0.03	1.39803800077033e-18	CAMK1	c27
7.33005738608048e-56	3.66061463166158	0.155	0.015	2.68287430387932e-51	HRH2	c27
2.95230938679773e-14	3.64888877297372	0.015	0.001	1.08057475866184e-09	ANKRD33B	c27
9.58565471398548e-08	3.64858969641422	0.01	0.001	0.00350844548186583	VPS13A-AS1	c27
1.19362259923259e-35	3.63498127422838	0.041	0.002	4.36877807545121e-31	FNBP1L	c27
1.54055223968017e-21	3.59325103988028	0.036	0.002	5.63857525245338e-17	TMEM8B	c27
1.46731566009159e-16	3.5906666531792	0.057	0.007	5.37052204750124e-12	LINC02381	c27
1.82673571175949e-12	3.58637014923626	0.057	0.009	6.68603537861092e-08	DGAT2	c27
2.95922031200931e-26	3.56783163804924	0.129	0.021	1.08310422639853e-21	METTL7A	c27
1.30917330490404e-16	3.55447122332297	0.088	0.015	4.79170521327926e-12	CEACAM4	c27
8.88261490392478e-14	3.54791643669149	0.01	0	3.25112588098551e-09	ERICH3	c27
3.9629864994985e-21	3.54066385770649	0.072	0.009	1.45049268868145e-16	HLX	c27
8.17578030006043e-08	3.51736015808739	0.021	0.002	0.00299241734762512	SMOX	c27
4.27114195689895e-37	3.51578051791569	0.314	0.081	1.56328066764458e-32	TMEM176B	c27
4.22825519339831e-08	3.51504571813212	0.046	0.009	0.00154758368333572	PLB1	c27
3.52949812172114e-15	3.49919875386542	0.052	0.006	1.29183160753115e-10	NREP	c27
1.1287018225483e-29	3.49394675851262	0.093	0.01	4.13116154070903e-25	SCRN1	c27
3.2687173660233e-07	3.46128277162527	0.021	0.002	0.0119638324313819	GPR84	c27
8.75945593820888e-37	3.44104287637231	0.325	0.086	3.20604846794383e-32	RNASE6	c27
8.10701671823906e-19	3.4262814141463	0.031	0.002	2.96724918904268e-14	TNFSF4	c27
1.88542633245046e-113	3.41908039224538	0.139	0.006	6.90084891940192e-109	GNAO1	c27
3.68995548647297e-52	3.40017876866626	0.34	0.071	1.35056060760397e-47	CALHM6	c27
2.2179183439164e-29	3.3949755149673	0.211	0.046	8.11780293056842e-25	RASGRP4	c27
6.79314825926672e-08	3.38047307552354	0.093	0.029	0.00248636019437421	CKAP4	c27
8.88837480725817e-22	3.37289146857117	0.015	0	3.25323406320456e-17	TNFSF11	c27
7.57228658682044e-18	3.33878733418524	0.067	0.009	2.77153261364215e-13	LINC02812	c27
3.4323752247317e-11	3.33510515325303	0.067	0.013	1.25628365600405e-06	ZNF503	c27
5.28553409412599e-13	3.31634562834394	0.103	0.024	1.93455833379105e-08	IMPA2	c27
8.27584544893676e-12	3.30003382305097	0.046	0.007	3.02904219276535e-07	GPR35	c27
4.4136737071499e-30	3.29942023539559	0.139	0.021	1.61544871355394e-25	RGS2	c27
7.61272497603894e-14	3.28219062634476	0.237	0.095	2.78633346848001e-09	ASGR1	c27
6.30865473760057e-39	3.26503379053409	0.376	0.11	2.30903072050918e-34	CLEC4A	c27
3.46760965549761e-12	3.23899089874156	0.119	0.032	1.26917981000868e-07	ADGRE2	c27
6.49452489920596e-18	3.23194932271211	0.057	0.006	2.37706105835838e-13	NIPSNAP3B	c27
1.53871876010206e-16	3.22543815014261	0.057	0.007	5.63186453384955e-12	GABBR1	c27
3.87086824947702e-17	3.22466372435223	0.129	0.029	1.41677648799109e-12	SNN	c27
5.89087859917076e-62	3.22058914863658	0.144	0.012	2.15612047608249e-57	LTC4S	c27
8.35284088429993e-07	3.21806015523705	0.015	0.002	0.0305722329206262	AC004974.1	c27
1.02790374210801e-14	3.20768865797214	0.124	0.03	3.76223048648953e-10	TRIB1	c27
1.75869070205338e-13	3.20735175471045	0.021	0.001	6.43698383858559e-09	CHST2	c27
1.46779871808574e-21	3.20022377040888	0.17	0.04	5.37229008806562e-17	QPCT	c27
1.35464268723045e-13	3.19542640138513	0.113	0.028	4.95812769953216e-09	TBC1D8	c27
5.64461447825483e-40	3.18701590618197	0.18	0.027	2.06598534518605e-35	SPECC1	c27
4.97457772503565e-12	3.17287564883581	0.093	0.021	1.8207451931403e-07	IL4I1	c27
2.91758422273712e-16	3.16741824788016	0.103	0.02	1.06786500136401e-11	BCL6	c27
1.72255150549895e-11	3.16576932957527	0.01	0	6.30471076527672e-07	ZNF462	c27
1.30698661133917e-46	3.16174227753562	0.062	0.003	4.78370169616248e-42	GRASP	c27
1.05064993967311e-95	3.15547243745303	0.727	0.207	3.84548384419754e-91	AP1S2	c27
2.56979176053945e-48	3.14403843985381	0.222	0.034	9.40569482275045e-44	ENTPD1	c27
7.82094291224134e-26	3.13509085147132	0.139	0.024	2.86254331530945e-21	CD80	c27
3.56786514348155e-09	3.13475316096103	0.031	0.004	0.000130587432116568	TENM4	c27
3.01637454720594e-25	3.12844903648645	0.098	0.013	1.10402324802284e-20	HIST2H2AA4	c27
3.12324956342282e-08	3.11792986315623	0.015	0.001	0.00114314057270839	AL606807.1	c27
4.76303621150504e-54	3.1139643355665	0.418	0.104	1.74331888377296e-49	PAK1	c27
2.68312632847969e-38	3.09512642674862	0.062	0.004	9.82051067486853e-34	GPR82	c27
2.8868229419199e-15	3.07090245026868	0.222	0.08	1.0566060649721e-10	LRRC25	c27
2.00464825882092e-14	3.05766403531398	0.17	0.052	7.33721309211044e-10	C1orf54	c27
5.16080841909423e-12	3.04307449575699	0.031	0.003	1.88890748947268e-07	SEPTIN3	c27
9.24146362755498e-14	3.0260198770477	0.036	0.004	3.3824681023214e-09	KCNJ2	c27
1.52834190353413e-09	3.0255904030965	0.01	0	5.59388420112528e-05	DNAH10	c27
4.3039262530238e-10	3.00897135635465	0.098	0.026	1.57528004786924e-05	CLEC11A	c27
3.53874672209621e-21	2.98832238468655	0.18	0.044	1.29521668775443e-16	MBOAT7	c27
1.94338115491982e-34	2.96036592573428	0.057	0.003	7.11296936512202e-30	BCL7A	c27
3.00591360097279e-45	2.94613190891867	0.454	0.139	1.10019443709205e-40	RASSF4	c27
5.86450005273815e-24	2.94437248558435	0.201	0.049	2.14646566430269e-19	CLIC2	c27
1.41086856046118e-18	2.93083495620166	0.098	0.017	5.16392001814396e-14	SNCA	c27
6.55872928684076e-07	2.92929337540863	0.216	0.119	0.0240056050627659	IRF8	c27
7.83248761166842e-22	2.92294129162147	0.031	0.002	2.86676879074676e-17	MMP25	c27
4.94385332280744e-58	2.91793628082329	0.644	0.255	1.80949975468075e-53	MS4A6A	c27
2.36633252696603e-40	2.91480219998329	0.598	0.274	8.66101368194837e-36	CPVL	c27
2.29372349238294e-07	2.91448267115154	0.067	0.018	0.0083952573544708	PHETA1	c27
4.06716676815431e-12	2.90374059268533	0.206	0.081	1.48862370881216e-07	FES	c27
9.57279439438629e-35	2.90303961290235	0.206	0.038	3.50373847628933e-30	LRRK1	c27
1.12077940089021e-38	2.89499205016296	0.134	0.016	4.10216468519824e-34	CLECL1	c27
1.78281915198079e-10	2.89445050982531	0.026	0.002	6.52529637816487e-06	CNFN	c27
5.49615127533086e-14	2.89077588738204	0.036	0.004	2.01164632828385e-09	PIK3R6	c27
4.86544901721857e-22	2.89018988340869	0.036	0.002	1.78080299479217e-17	TREML2	c27
2.9171248977604e-31	2.87645352916432	0.32	0.092	1.06769688382928e-26	OGFRL1	c27
1.80020674684993e-26	2.87547375536991	0.067	0.006	6.58893671414542e-22	AFF3	c27
1.58698999983402e-09	2.87522621154463	0.082	0.021	5.8085420983925e-05	ARID3A	c27
2.09112734880402e-20	2.85067428116094	0.237	0.073	7.65373520935758e-16	NAIP	c27
4.45327246133869e-40	2.84733709114207	0.052	0.002	1.62994225357457e-35	IL1R2	c27
2.35805219698911e-19	2.82590481700957	0.082	0.012	8.63070684619983e-15	TPCN1	c27
3.14780669109305e-58	2.81407834804641	0.325	0.057	1.15212872700697e-53	POU2F2	c27
1.14361759537245e-08	2.81406500796575	0.01	0.001	0.00041857547608227	AC114760.2	c27
1.0692938051968e-07	2.78954230250682	0.031	0.005	0.00391372225640081	GPT2	c27
7.79634924668188e-34	2.78838652662927	0.505	0.205	2.85354178777804e-29	TNFSF13B	c27
1.41931256151806e-48	2.78012579944445	0.17	0.02	5.19482590641224e-44	ZNF296	c27
1.05658449075806e-18	2.77801814009517	0.052	0.005	3.86720489462357e-14	ATP8B4	c27
1.54938821891105e-27	2.74528581582349	0.34	0.116	5.67091582003632e-23	RAB32	c27
9.11312998325743e-22	2.74176906634875	0.098	0.015	3.33549670517205e-17	TFEB	c27
3.11930478273493e-44	2.73611075153854	0.567	0.217	1.14169674352881e-39	FOS	c27
2.41733079794201e-09	2.72882275955722	0.046	0.008	8.84767245354753e-05	TMEM268	c27
7.13009227620349e-26	2.72761089512255	0.139	0.024	2.60968507401324e-21	TRIP10	c27
5.39228474375487e-12	2.71980621801486	0.067	0.012	1.97363013906172e-07	TTYH2	c27
2.13111136341808e-11	2.711009975718	0.026	0.002	7.8000807012465e-07	SEMA7A	c27
2.18792597722958e-46	2.69876926298004	0.371	0.09	8.00802786925798e-42	PRCP	c27
2.42719377596058e-19	2.69363632962782	0.026	0.001	8.88377193939332e-15	CD200	c27
1.96631912358009e-23	2.6932072541763	0.139	0.026	7.19692462421548e-19	NAV1	c27
1.47210120101666e-27	2.68968398398828	0.325	0.099	5.38803760584107e-23	CDKN1A	c27
8.4849161446689e-23	2.68810564441488	0.067	0.007	3.10556415811027e-18	LMCD1	c27
3.74804170269404e-09	2.67910192288237	0.211	0.099	0.000137182074360305	WDFY4	c27
1.14664767121072e-62	2.67534895802153	0.366	0.067	4.19684514139835e-58	PLEKHO1	c27
1.11830821012779e-10	2.66951524245929	0.155	0.054	4.09311987988872e-06	RNF144B	c27
6.31927729613253e-19	2.66194929643259	0.119	0.023	2.31291868315747e-14	DENND6B	c27
2.15980658620891e-13	2.65490986719947	0.103	0.023	7.90510808618322e-09	BCL3	c27
3.01089957363195e-46	2.65141110179906	0.392	0.099	1.10201935294503e-41	KLF10	c27
6.86563228356176e-47	2.63992623092214	0.134	0.013	2.51289007210644e-42	PLXNC1	c27
2.80737806343785e-07	2.62142793301371	0.031	0.005	0.0102752844499889	NT5DC3	c27
7.42938736898045e-12	2.59652915444444	0.242	0.105	2.71923007092054e-07	PLXNB2	c27
4.17127922294403e-07	2.58804596143612	0.088	0.028	0.0152672990838974	PPM1F	c27
8.29182840739166e-27	2.57859890542981	0.191	0.04	3.03489211538942e-22	NFKBID	c27
1.32860786335112e-06	2.57719964811395	0.103	0.038	0.0486283764065143	EPB41L2	c27
2.43338552575713e-27	2.57109008981397	0.531	0.262	8.90643436282366e-23	CSTA	c27
1.21504193819083e-78	2.56882911612359	0.974	0.57	4.44717499797226e-74	CST3	c27
3.19962687238029e-19	2.56596665172128	0.268	0.094	1.17109543155991e-14	CD36	c27
5.41902295438705e-07	2.56030376139277	0.119	0.046	0.019834165915352	RNF19B	c27
1.64663965120671e-27	2.55833039611339	0.082	0.009	6.02686578738169e-23	IRF4	c27
2.4883127060891e-24	2.55776781962647	0.356	0.132	9.10747333555671e-20	ZNF385A	c27
8.77973988872439e-19	2.5572599126985	0.052	0.005	3.21347259667202e-14	FKBP1B	c27
7.72200833467986e-16	2.54807641728977	0.175	0.051	2.82633227057617e-11	ICAM1	c27
4.92433324591539e-23	2.54064907603057	0.222	0.059	1.80235521133749e-18	IER3	c27
3.30063709028831e-07	2.53665030008691	0.031	0.005	0.0120806618141643	ARNTL2	c27
2.76981001960455e-30	2.53150726615468	0.387	0.135	1.01377816527546e-25	PEA15	c27
7.81936365838175e-13	2.52277086576071	0.289	0.136	2.8619652926043e-08	CSF1R	c27
3.98574096342909e-46	2.50031827415118	0.67	0.284	1.45882105002468e-41	MNDA	c27
1.83559372088733e-10	2.48474143434987	0.119	0.035	6.71845657781973e-06	CCNG2	c27
6.66142052809215e-19	2.48052572131817	0.036	0.003	2.43814652748701e-14	BEND5	c27
1.74675217419766e-13	2.47941982424067	0.186	0.063	6.39328763278087e-09	ETV6	c27
2.32675014225282e-21	2.46917203196	0.175	0.041	8.51613819565954e-17	NET1	c27
2.59717505231406e-13	2.46328421620741	0.046	0.006	9.50592040897469e-09	XYLT1	c27
7.08877460223188e-17	2.44602325193461	0.309	0.13	2.59456239216289e-12	LYN	c27
7.6037289769568e-10	2.44134888399912	0.253	0.126	2.78304084285596e-05	LILRB3	c27
7.65014072529361e-36	2.4410975061858	0.443	0.15	2.80002800686472e-31	PTPRE	c27
1.50162204026408e-17	2.4367206943834	0.304	0.122	5.49608682957056e-13	CSF2RA	c27
2.43966654581413e-09	2.41722641053513	0.052	0.01	8.92942352433431e-05	MFSD2A	c27
3.33222817666542e-10	2.41700193423909	0.216	0.095	1.21962883494131e-05	KLF4	c27
1.11294767519133e-13	2.40568573430749	0.072	0.012	4.07349978596779e-09	UCK2	c27
1.59413623531476e-12	2.40449062186623	0.253	0.108	5.83469803487554e-08	LILRB4	c27
4.15376867230678e-10	2.3858475661276	0.129	0.041	1.520320871751e-05	PER1	c27
1.79418606819585e-13	2.36230964691642	0.021	0.001	6.56690042820362e-09	CCDC74A	c27
8.91336932080319e-28	2.35844266277697	0.211	0.047	3.26238230510718e-23	RELB	c27
2.86463305584601e-09	2.35430771245498	0.165	0.065	0.00010484843447702	OAZ2	c27
2.17145986160986e-10	2.34867729585688	0.026	0.003	7.94776023947825e-06	AMOT	c27
1.21571574252846e-06	2.34458994561234	0.103	0.038	0.0444964118922843	ETV3	c27
7.06638163355073e-11	2.33977036445397	0.098	0.025	2.5863663416959e-06	KCNMB1	c27
2.71456687636403e-14	2.3288294701035	0.299	0.136	9.93558622417997e-10	MARCH1	c27
8.68115274531784e-07	2.32758809292401	0.351	0.252	0.0317738871631378	CD14	c27
2.32436607366775e-20	2.31768169002791	0.402	0.185	8.50741226623133e-16	CLEC7A	c27
3.80041967353767e-21	2.31352821580492	0.294	0.103	1.39099160471152e-16	KCNK6	c27
6.98486917908803e-13	2.28959990065773	0.18	0.061	2.55653196823801e-08	RELT	c27
8.93961017699896e-07	2.28745837519408	0.175	0.086	0.0327198672088339	CARD9	c27
4.04606549861249e-20	2.28520015533111	0.371	0.158	1.48090043314716e-15	CPPED1	c27
7.09998083400755e-07	2.26924365802905	0.129	0.053	0.025986639850551	BATF3	c27
1.88548419450906e-26	2.26210381117679	0.474	0.212	6.90106070032261e-22	NAAA	c27
2.82728127975409e-13	2.25889127330028	0.015	0.001	1.0348132212028e-08	IGKC	c27
2.63928882592463e-09	2.25807499342737	0.062	0.013	9.66006103176674e-05	SLC41A2	c27
1.05165644220653e-06	2.25653503784856	0.031	0.005	0.0384916774412011	ZNF618	c27
1.81782290574739e-56	2.24682247646159	0.237	0.032	6.65341361732601e-52	RASSF2	c27
2.95406871835816e-10	2.24674159773016	0.031	0.004	1.08121869160627e-05	IL1R1	c27
5.35391036065993e-10	2.2424923317043	0.098	0.027	1.95958473110514e-05	CDK2AP1	c27
2.43551320566999e-12	2.23913016993607	0.325	0.162	8.91422188407271e-08	KCTD12	c27
3.89625062186031e-08	2.23246097035367	0.036	0.006	0.00142606669010709	MAP3K21	c27
7.77085126439067e-10	2.23061098510066	0.119	0.037	2.84420927127963e-05	MAP3K3	c27
5.1747315150356e-12	2.2297177336621	0.119	0.032	1.89400348181818e-07	EMP1	c27
2.10311053490195e-12	2.22057316221276	0.273	0.125	7.69759486879463e-08	IL13RA1	c27
3.16239684619279e-12	2.21775544899204	0.062	0.01	1.15746886967502e-07	NAGS	c27
6.9645186761161e-07	2.21208087525381	0.134	0.056	0.0254908348064526	HHEX	c27
6.74992984231192e-13	2.20544386515961	0.18	0.061	2.47054182158459e-08	AC090559.1	c27
2.39249324115748e-16	2.19237236552536	0.108	0.022	8.75676451196049e-12	DOCK5	c27
1.22259142283484e-06	2.18590265082967	0.021	0.003	0.044748068667178	LINC02211	c27
5.57746156167884e-08	2.16741003078288	0.314	0.193	0.00204140670619007	FPR1	c27
1.39657427787666e-08	2.15595696155224	0.015	0.001	0.000511160151445635	ALOX15	c27
8.54002589803394e-08	2.15233688690964	0.144	0.058	0.0031257348789394	ARHGAP26	c27
8.23080353523406e-14	2.15228282930181	0.098	0.021	3.01255640193102e-09	SLC9A7	c27
6.1032055952321e-13	2.14645546859363	0.046	0.006	2.2338342799109e-08	BIK	c27
3.28117454000431e-37	2.13322837690348	0.155	0.021	1.20094269338698e-32	FUT7	c27
1.13831835931273e-09	2.12493296175755	0.304	0.171	4.16635902692053e-05	CD33	c27
4.78357649255537e-12	2.11002819777367	0.067	0.012	1.75083683204019e-07	NUAK2	c27
3.30067662874248e-07	2.09768743081778	0.057	0.014	0.0120808065288603	NSMF	c27
5.39269872009848e-08	2.09285504986015	0.015	0.001	0.00197378165854325	MBOAT2	c27
9.88690466599711e-09	2.09251695017237	0.186	0.081	0.00036187059768016	KIAA0930	c27
7.6450497595129e-07	2.0894018416468	0.062	0.017	0.0279816466247932	PIGZ	c27
2.49455636838919e-08	2.08859516678322	0.134	0.05	0.000913032576394127	NBPF10	c27
1.31686552184917e-10	2.08790661531691	0.015	0.001	4.81985949652015e-06	LINC02539	c27
7.38367664699049e-11	2.07896816445326	0.263	0.125	2.70249948956499e-06	IRF5	c27
9.34260153740699e-09	2.07821108945369	0.17	0.07	0.000341948558870633	NRROS	c27
1.79717081253411e-16	2.07672754829889	0.129	0.029	6.57782489095609e-12	RASA4	c27
1.0429408589457e-11	2.0739741502176	0.16	0.053	3.81726783782715e-07	H1F0	c27
7.96120251430442e-16	2.06807578165746	0.232	0.081	2.91387973226056e-11	NBPF14	c27
1.59163953879833e-10	2.05607446228827	0.216	0.092	5.82555987595577e-06	ATF5	c27
2.31343090919906e-08	2.05499879203772	0.222	0.108	0.000846738847075949	SGK1	c27
1.17361004899158e-15	2.05113836687111	0.108	0.023	4.29553014031408e-11	FAM135A	c27
7.30461905248654e-26	2.03436229664751	0.495	0.229	2.6735636194006e-21	FGR	c27
3.151578126085e-07	2.02832769908997	0.206	0.105	0.0115350910992837	LPCAT2	c27
2.42633813811207e-30	2.02830201250247	0.16	0.026	8.88064021930397e-26	PALM2-AKAP2	c27
6.07177648182096e-45	2.01065528335071	0.784	0.39	2.22233091011129e-40	LST1	c27
5.19048127575456e-07	2.00706275165069	0.072	0.021	0.0189976805173893	DENND3	c27
3.09195001538879e-20	1.99440557191752	0.289	0.1	1.13168462513245e-15	DAPP1	c27
1.38414237075316e-16	1.99127189147664	0.191	0.056	5.06609949119365e-12	CBX6	c27
5.24780331322053e-07	1.97478790503916	0.098	0.033	0.0192074849067185	MICAL2	c27
8.20764628457403e-11	1.96796079838409	0.175	0.065	3.00408061661694e-06	FHL3	c27
6.76625505686937e-08	1.96777437834862	0.155	0.064	0.00247651701336476	SLC25A37	c27
5.78450683052739e-15	1.94542363463433	0.144	0.038	2.11718734504133e-10	STK38L	c27
2.35099550059294e-09	1.94444940857346	0.258	0.127	8.60487863172023e-05	ODF3B	c27
2.33019895978813e-08	1.93543713371189	0.191	0.085	0.000852876121272055	LINC02256	c27
9.66938290024704e-09	1.93270933487474	0.041	0.007	0.000353909083531942	ASB2	c27
1.23561652879902e-06	1.915436918568	0.211	0.112	0.0452248005705728	SCO2	c27
9.24572651331893e-25	1.91260057970707	0.18	0.038	3.38402836113986e-20	TMEM154	c27
5.03532807941898e-18	1.9106467128251	0.119	0.023	1.84298043034814e-13	MAP3K14	c27
9.3175600260366e-14	1.90998292942605	0.082	0.016	3.41032014512966e-09	ST3GAL4	c27
7.51906162017257e-08	1.90893481832971	0.072	0.019	0.00275205174359936	SRGAP2C	c27
2.7093336226101e-23	1.90420060161116	0.263	0.076	9.91643199211524e-19	JAK2	c27
3.82330958727647e-12	1.90416679864859	0.113	0.029	1.39936954203906e-07	HSH2D	c27
2.50979617283203e-20	1.90300519666049	0.253	0.078	9.18610497218252e-16	IL6R	c27
2.02132236888408e-07	1.88659432108854	0.031	0.005	0.0073982420023526	AP1S3	c27
4.41170585559443e-10	1.88309072615488	0.067	0.014	1.61472846020612e-05	H2AFY2	c27
4.67440717530352e-10	1.88134227783726	0.119	0.036	1.71087977023284e-05	FNIP2	c27
1.46506895181338e-32	1.87458673092957	0.742	0.453	5.36229887053214e-28	NFKBIA	c27
6.15112485165494e-31	1.8540130077244	0.541	0.225	2.25137320695422e-26	VSIR	c27
1.12903252246162e-46	1.85214240024257	0.866	0.429	4.13237193546179e-42	AIF1	c27
2.89018623713875e-11	1.84329329110433	0.242	0.105	1.05783706465515e-06	MAP3K13	c27
6.8960666956593e-12	1.84306032082755	0.124	0.034	2.52402937127826e-07	LRMP	c27
9.94077956584486e-07	1.82247435331309	0.026	0.004	0.0363842472889488	ZNF710-AS1	c27
1.75810248008968e-12	1.82130964599289	0.443	0.265	6.43483088737625e-08	BLVRB	c27
3.54429331738901e-07	1.81179042244485	0.17	0.077	0.0129724679709755	DNASE1L1	c27
4.10084251179908e-11	1.8066879277841	0.041	0.006	1.50094936774358e-06	RASA4B	c27
5.91033628311716e-14	1.80150613239199	0.149	0.041	2.16324218298371e-09	TESC	c27
1.36854418991823e-12	1.79944833018534	0.33	0.163	5.00900858951973e-08	RIN3	c27
1.61021556658932e-16	1.79734393311878	0.088	0.015	5.89354999527355e-12	LPAR5	c27
1.04584976322214e-19	1.78851751534717	0.113	0.02	3.82791471836936e-15	SPATS2	c27
5.95733959530012e-23	1.78769714391103	0.84	0.686	2.1804458652758e-18	HLA-DPB1	c27
1.91167314343121e-09	1.78189846805099	0.263	0.132	6.99691487227256e-05	SLC8A1	c27
1.50464617825618e-09	1.78166946700607	0.031	0.004	5.50715547703543e-05	GPR141	c27
1.60170647887822e-17	1.77818081910602	0.304	0.117	5.86240588334218e-13	PLCB2	c27
1.14723331526546e-10	1.76557939927824	0.211	0.087	4.19898865720309e-06	ADAM15	c27
5.10382635097231e-22	1.75854204156653	0.464	0.215	1.86805148271937e-17	LY86	c27
1.88317121543149e-40	1.75442507187856	0.82	0.511	6.89259496560081e-36	COTL1	c27
1.183284540209e-13	1.73862828429706	0.294	0.128	4.33093974561895e-09	TRMT1	c27
3.05079106835175e-08	1.73791644629911	0.18	0.079	0.00111662003892742	ETS2	c27
1.99159725546222e-08	1.73210311206884	0.18	0.077	0.000728944511471726	RPS6KA4	c27
3.87939300024477e-17	1.72374474437172	0.263	0.092	1.41989663201959e-12	AOAH	c27
2.30165925030202e-18	1.72329800327241	0.139	0.03	8.42430302203043e-14	KDM7A	c27
2.98143260991886e-14	1.72149934164659	0.268	0.108	1.0912341495564e-09	C12orf45	c27
7.27855245947819e-12	1.71978423118308	0.201	0.075	2.66402298569361e-07	CD300A	c27
4.42953922343691e-10	1.71900049829663	0.16	0.057	1.62125565117014e-05	PRKD3	c27
6.85383014204424e-21	1.71536349536981	0.345	0.13	2.50857037028961e-16	AHR	c27
6.79295161055851e-16	1.71153993879908	0.098	0.018	2.48628821898052e-11	CCR2	c27
5.16193899811478e-07	1.71132670225233	0.165	0.075	0.0188932129269999	FAM49A	c27
3.7277346272568e-21	1.71067653750363	0.186	0.044	1.36438815092226e-16	NRM	c27
2.24174865051886e-18	1.70973959804489	0.216	0.064	8.20502423576407e-14	JARID2	c27
1.83241608534745e-08	1.70752660292425	0.098	0.029	0.000670682611398022	CIDEB	c27
6.83688467195576e-08	1.69851038359459	0.247	0.13	0.00250236815878253	TSEN34	c27
2.11658815520376e-23	1.69033085008561	0.912	0.726	7.74692430686129e-19	HLA-DPA1	c27
3.24283280992691e-11	1.68780383191808	0.242	0.103	1.18690923676135e-06	CARD19	c27
2.20400438013117e-07	1.68062199451844	0.294	0.176	0.00806687643171809	GRK2	c27
2.13010818642934e-10	1.66277704558306	0.139	0.046	7.79640897315003e-06	TLR1	c27
1.77223227441124e-12	1.66214095273364	0.258	0.107	6.48654734757259e-08	NOTCH2	c27
1.11140399658999e-08	1.65043025736822	0.356	0.22	0.000406784976791902	TNFAIP2	c27
3.9510447438493e-14	1.64919126805821	0.031	0.003	1.44612188669628e-09	IFNL1	c27
1.33378733255224e-07	1.64853289980568	0.196	0.093	0.00488179501587445	SLC12A9	c27
1.3367795906035e-14	1.6431083055314	0.443	0.247	4.89274697956785e-10	CD302	c27
6.28728673113406e-08	1.6245847546672	0.098	0.031	0.00230120981646238	LINC02245	c27
6.25091905397581e-19	1.62171610383482	0.088	0.013	2.28789888294569e-14	CASS4	c27
3.01628685261555e-08	1.6036940324152	0.191	0.084	0.00110399115092582	SERTAD2	c27
5.50379129673961e-08	1.6021096639297	0.345	0.209	0.00201444265251966	IL17RA	c27
4.5434427113266e-09	1.59431651110934	0.18	0.074	0.000166294546677265	VCL	c27
2.96066576922996e-07	1.59120742254497	0.263	0.15	0.0108363327819586	NAGA	c27
1.41432665283292e-24	1.58963670775095	0.598	0.305	5.17657698203377e-20	IGSF6	c27
1.21025265787277e-11	1.58824943228985	0.237	0.099	4.42964575308012e-07	CAMK1D	c27
6.18768625082998e-10	1.58019189647298	0.119	0.036	2.26475504466628e-05	AFDN	c27
7.18297930564001e-13	1.5685655025087	0.278	0.121	2.6290422556573e-08	CUX1	c27
6.95222631343038e-08	1.56761885077429	0.201	0.094	0.00254458435297865	PACSIN2	c27
3.63053555698101e-32	1.5671775062088	0.691	0.373	1.32881231921062e-27	CTSH	c27
5.87752562170289e-13	1.56559521390204	0.567	0.38	2.15123315279947e-08	IFITM3	c27
1.33781547190451e-08	1.56123117386993	0.201	0.088	0.000489653840871771	CCDC88B	c27
3.14086256124898e-07	1.55230949733744	0.108	0.038	0.0114958710604274	TOMM34	c27
2.46528955557378e-10	1.55161639236176	0.247	0.113	9.02320630235558e-06	OTULINL	c27
1.99471433182576e-07	1.53922388375607	0.335	0.214	0.00730085392591548	CD86	c27
1.26962999489338e-15	1.53337035857536	0.433	0.225	4.64697274430927e-11	SYK	c27
3.43213225833252e-19	1.53242602579809	0.402	0.172	1.25619472787228e-14	TNFRSF1B	c27
3.78312042434102e-09	1.52927093673045	0.191	0.08	0.000138465990651306	LPGAT1	c27
5.5258777594659e-10	1.52708821894021	0.32	0.17	2.02252651874211e-05	LAT2	c27
2.55461025880184e-22	1.51848729923075	0.639	0.366	9.35012900824062e-18	TRAPPC5	c27
4.50087318219643e-12	1.51744451165778	0.139	0.041	1.64736459341571e-07	AC008105.3	c27
6.61829089933946e-14	1.51583981811371	0.278	0.115	2.42236065206723e-09	SERTAD3	c27
1.23559056723286e-13	1.51041554838084	0.5	0.307	4.52238503512898e-09	CRTAP	c27
5.40339560640114e-10	1.50875284368999	0.263	0.127	1.97769682589888e-05	UNC119	c27
1.71388347663306e-10	1.49220983641276	0.263	0.124	6.27298491282466e-06	ASAP1	c27
4.36682615142629e-08	1.49205845418825	0.129	0.047	0.00159830203968354	TMEM97	c27
2.67788098611227e-09	1.48873295277286	0.284	0.151	9.80131219726951e-05	IL18	c27
1.40573662821006e-19	1.48663142234637	0.474	0.228	5.14513663291163e-15	SCNM1	c27
4.30148778985441e-25	1.4854394291272	0.619	0.321	1.57438754596461e-20	IER2	c27
1.03534732295451e-06	1.48496235459044	0.253	0.144	0.037894747367458	ALCAM	c27
9.83299642320354e-12	1.47950355197236	0.495	0.322	3.59897502085673e-07	RNF130	c27
7.13023823418861e-10	1.47735133861531	0.665	0.551	2.60973849609537e-05	HLA-DQA1	c27
8.96535058884467e-13	1.46603025625003	0.273	0.117	3.28140796902304e-08	CIITA	c27
5.15180655749628e-09	1.46502704312356	0.387	0.234	0.000188561271810922	FMNL1	c27
5.74439943119534e-14	1.45720689732178	0.438	0.238	2.10250763581181e-09	REL	c27
1.96876523900414e-26	1.45336667840822	0.737	0.403	7.20587765127905e-22	TYMP	c27
2.03683014730898e-09	1.44535898543706	0.222	0.1	7.45500202216559e-05	DELE1	c27
9.78767802689846e-07	1.44453114587563	0.191	0.093	0.035823880346251	NKIRAS2	c27
8.58170771847874e-15	1.44359337290385	0.438	0.234	3.1409908420404e-10	ATF4	c27
2.66391773906374e-07	1.44180381248385	0.258	0.145	0.00975020531674719	LTBR	c27
2.524338744957e-10	1.44119740336463	0.052	0.009	9.23933224041713e-06	AMPD3	c27
2.13940817058395e-07	1.43915324478534	0.253	0.133	0.00783044784515432	PLCG2	c27
1.10999140938174e-07	1.43749029156273	0.268	0.147	0.0040626795574781	SEC14L1	c27
5.92691658726338e-17	1.43534486799161	0.613	0.387	2.16931074010427e-12	MCL1	c27
1.62440320538664e-08	1.43264246999253	0.278	0.149	0.000594547817203565	GNB4	c27
5.83339236792587e-07	1.42646216835081	0.232	0.126	0.0213507994058455	EHBP1L1	c27
4.26547853071094e-16	1.42258570156868	0.366	0.164	1.56120779702551e-11	UVRAG	c27
2.6423420993055e-09	1.42189879696834	0.278	0.142	9.67123631766808e-05	HLA-DOA	c27
3.07837689393735e-07	1.42119218720072	0.294	0.174	0.0112671672695001	SHTN1	c27
3.95830793056695e-10	1.415277615089	0.134	0.043	1.44878028566681e-05	RAB11FIP4	c27
5.09887901838601e-15	1.41424183342096	0.474	0.266	1.86624070951946e-10	SPINT2	c27
3.48632012510256e-18	1.41132792487059	0.784	0.577	1.27602802898879e-13	HLA-DQB1	c27
5.54895658644488e-08	1.41084435943213	0.067	0.017	0.00203097360020469	CHN2	c27
8.09569345130031e-16	1.40956966379639	0.582	0.36	2.96310476011043e-11	JAML	c27
3.97222090999349e-21	1.40867708382474	0.887	0.554	1.45387257526672e-16	CTSS	c27
6.60839590389344e-08	1.40520320629563	0.376	0.246	0.00241873898478404	PTRHD1	c27
1.29578520288629e-07	1.39992824422278	0.289	0.167	0.00474270342108412	MGST2	c27
6.84555670391696e-11	1.3921516007266	0.304	0.148	2.50554220920065e-06	HIF1A	c27
2.08535393588264e-07	1.39191969774607	0.098	0.032	0.00763260394072405	KCNN4	c27
2.98077865174049e-21	1.39170449499648	0.598	0.338	1.09099479432354e-16	HLA-DMB	c27
2.57110428189527e-07	1.38391922067141	0.129	0.05	0.00941049878216488	RUFY3	c27
5.29930252799921e-07	1.37587819010494	0.216	0.11	0.0193959771827299	ARHGAP31	c27
4.83774197071488e-12	1.37232298287862	0.284	0.125	1.77066193870135e-07	APP	c27
5.40257043909936e-27	1.372290669113	0.948	0.654	1.97739480641476e-22	LYZ	c27
7.89163397306076e-08	1.37085990857528	0.17	0.072	0.00288841695047997	HOTAIRM1	c27
2.89287973478893e-08	1.36849961816543	0.309	0.172	0.0010588229117301	IRF7	c27
5.53231549196096e-08	1.36227296630896	0.314	0.182	0.00202488279321263	JUND	c27
8.31487672068331e-08	1.36033988881851	0.082	0.023	0.0030433280285373	DUSP4	c27
1.73668063723576e-20	1.35935846728203	0.222	0.059	6.35642480034661e-16	ADAM8	c27
3.52708282913114e-11	1.35805336153702	0.16	0.053	1.29094758629029e-06	APAF1	c27
1.00828955999819e-15	1.34810157036116	0.263	0.096	3.69044061854936e-11	PREX1	c27
7.8855652273892e-08	1.34620692021978	0.088	0.026	0.00288619572887672	MTSS1	c27
1.79598690507064e-09	1.34118607643855	0.088	0.023	6.57349167124906e-05	USP53	c27
4.51044110706307e-17	1.33594886448499	0.531	0.278	1.65086654959616e-12	HCK	c27
6.58881830180453e-09	1.33242239712864	0.165	0.064	0.000241157338664348	ARHGAP27	c27
1.04621318479699e-06	1.32828569742841	0.052	0.012	0.0382924487767545	IKZF4	c27
1.11491477688317e-06	1.32802456915353	0.139	0.059	0.040806995748701	SLCO3A1	c27
1.89355512251478e-07	1.32351445346031	0.18	0.081	0.00693060110391636	TYK2	c27
1.56871529872319e-14	1.32283735307562	0.588	0.374	5.74165486485673e-10	CNPY3	c27
1.47631567240467e-21	1.32245807233901	0.675	0.402	5.40346299256832e-17	TIMP1	c27
8.98857649554809e-15	1.3207915838023	0.536	0.349	3.28990888313556e-10	GDI2	c27
4.40641982296035e-17	1.31594334982517	0.448	0.225	1.61279371940172e-12	IGFLR1	c27
8.64627847458719e-10	1.31479545058144	0.464	0.313	3.16462438448366e-05	PPT1	c27
4.1172271313034e-39	1.31148231592141	0.918	0.612	1.50694630232836e-34	GSTP1	c27
4.88038112378078e-21	1.30860342481053	0.577	0.309	1.786268295115e-16	ZFP36L1	c27
2.83879756224488e-14	1.30768471732476	0.443	0.241	1.03902829575725e-09	HMGA1	c27
1.88981627965365e-07	1.30505695115754	0.325	0.199	0.00691691656516033	DPYSL2	c27
1.54555868377171e-12	1.29453233386369	0.227	0.085	5.65689933847285e-08	RFTN1	c27
9.5644826247897e-13	1.28110594900279	0.582	0.433	3.50069628549928e-08	RGS10	c27
6.69204875330794e-08	1.27950383554937	0.119	0.041	0.00244935676419824	ELK3	c27
7.6651245278276e-16	1.27481362363939	0.521	0.291	2.80551222843018e-11	MYO1F	c27
3.6055344544471e-08	1.26652122731351	0.345	0.209	0.00131966166567218	SKAP2	c27
8.22304405554496e-17	1.25662514524778	0.18	0.049	3.00971635477001e-12	LMNB1	c27
1.22197320089093e-09	1.25513346547759	0.402	0.238	4.4725441125809e-05	GCA	c27
6.90730377881009e-13	1.25469255394626	0.557	0.371	2.52814225608228e-08	RAC1	c27
5.66690831015917e-12	1.25405071850608	0.598	0.405	2.07414511060136e-07	GNAI2	c27
2.63463703303371e-07	1.24679660598393	0.284	0.162	0.00964303500460668	MPST	c27
7.39086465522453e-18	1.24229022633871	0.351	0.137	2.70513037245873e-13	AC004687.1	c27
2.8812330430127e-15	1.23872566066896	0.577	0.371	1.05456010607308e-10	H2AFY	c27
7.16273503737043e-08	1.23677839094315	0.216	0.104	0.00262163265102795	PIM3	c27
4.71871358473741e-23	1.23142875269558	0.211	0.051	1.72709635914974e-18	SERPINB9	c27
2.06131986367722e-07	1.22329448970152	0.155	0.064	0.00754463683304498	PLEKHF2	c27
8.01331344226875e-17	1.21244982358517	0.593	0.366	2.93295285300478e-12	GLIPR1	c27
7.48931914006934e-09	1.20615102816678	0.423	0.27	0.000274116569845678	CAPNS1	c27
3.02994067637223e-09	1.20389894950576	0.139	0.048	0.0001108988586959	NFKB2	c27
1.12786243330882e-06	1.19611862327157	0.392	0.263	0.041280892921536	NAGK	c27
3.06283182137805e-10	1.19095565671163	0.423	0.256	1.12102707494258e-05	SHKBP1	c27
2.1036858127598e-11	1.1896688828012	0.644	0.503	7.69970044328213e-07	SYNGR2	c27
2.2969320271913e-15	1.18803403753096	0.216	0.069	8.40700091272286e-11	PRKCB	c27
2.46442674043586e-11	1.18164605716364	0.448	0.256	9.02004831266928e-07	DUSP1	c27
4.52384504661067e-23	1.18071248718753	0.784	0.551	1.65577252550997e-18	ITGB2	c27
9.60937288453631e-34	1.17703643974821	0.995	0.969	3.51712656946913e-29	CD74	c27
3.54761808919281e-31	1.17654663336902	0.851	0.635	1.29846369682546e-26	LSP1	c27
3.78743879582714e-09	1.17364788924048	0.196	0.082	0.000138624047366069	PIK3CG	c27
2.1102979507242e-09	1.15687505755399	0.433	0.271	7.72390152944565e-05	EIF4E2	c27
6.99643998476697e-08	1.15232689591713	0.351	0.212	0.00256076699882456	DNAJC4	c27
7.47994935626351e-13	1.15120210260233	0.139	0.039	2.73773626388601e-08	MAGEF1	c27
5.22175814066855e-09	1.14965250744072	0.443	0.296	0.00019112156970661	PARVG	c27
1.00025384000318e-18	1.14491843428985	0.701	0.482	3.66102907979564e-14	ARF5	c27
4.91198586238327e-38	1.14436857927626	0.959	0.746	1.7978359454909e-33	GABARAP	c27
2.58343609131019e-07	1.14229534975113	0.289	0.164	0.00945563443780442	PICALM	c27
1.37583157100648e-07	1.14180345201805	0.376	0.233	0.00503568113304082	PLSCR1	c27
6.26942242264235e-08	1.13742308973994	0.345	0.208	0.00229467130091133	MTMR14	c27
1.83107760169346e-27	1.13619413484014	0.139	0.022	6.70192712995822e-23	MCOLN2	c27
1.28251255334824e-10	1.13092868961548	0.149	0.048	4.6941241965099e-06	ANTXR2	c27
2.56898734583196e-15	1.12882804812229	0.809	0.532	9.40275058447956e-11	SAT1	c27
2.6318264483497e-07	1.12454597262593	0.309	0.177	0.00963274798360475	HNRNPL	c27
4.0669752237495e-15	1.12441878689665	0.546	0.326	1.48855360164456e-10	ID2	c27
6.51246504001485e-11	1.12148564119509	0.593	0.44	2.38362732929584e-06	SERPINB1	c27
1.19798308141248e-17	1.11207188881136	0.593	0.321	4.38473787627782e-13	RAB31	c27
1.02339461893476e-12	1.10075311496523	0.201	0.068	3.74572664476311e-08	PXN	c27
1.10611011148775e-09	1.09620127915124	0.356	0.197	4.04847361905632e-05	HOOK3	c27
2.13128011798022e-07	1.09241913756428	0.387	0.252	0.0078006983598194	ZNF106	c27
2.47176073802655e-17	1.0881260943539	0.68	0.444	9.04689147725098e-13	PGLS	c27
2.92104531758416e-07	1.0854434264259	0.237	0.121	0.0106913179668898	PHKG2	c27
2.22157608385127e-09	1.0850678977152	0.18	0.071	8.13119062450404e-05	TET2	c27
1.16335796582275e-06	1.08369679083661	0.258	0.145	0.0425800649070785	ZNF581	c27
1.16923241686913e-12	1.07937836379417	0.588	0.376	4.27950756898269e-08	TUBA1A	c27
8.18176349403091e-08	1.07720815242263	0.211	0.101	0.00299460725645025	SLC1A5	c27
3.19098379579255e-16	1.07555215563544	0.613	0.355	1.16793197909803e-11	LGALS9	c27
2.16643691634348e-07	1.06878628719657	0.036	0.006	0.00792937575750876	SLC30A4	c27
2.77954055010818e-08	1.06393853855094	0.356	0.204	0.00101733963674509	METTL9	c27
1.41841667532828e-46	1.05931753047017	0.979	0.875	5.19154687336903e-42	GAPDH	c27
2.98836236179812e-07	1.05778770718967	0.34	0.209	0.0109377050804173	PPP1R15A	c27
4.17429436882021e-07	1.03101992872278	0.139	0.056	0.0152783348193188	ATP2B1-AS1	c27
3.79869006593774e-11	1.02711989008393	0.258	0.11	1.39035855103387e-06	SINHCAF	c27
3.66799614278258e-14	1.02322552731025	0.758	0.521	1.34252326821985e-09	TKT	c27
8.48492226574381e-09	1.00872076912516	0.485	0.338	0.000310556639848489	ATG3	c27
1.38141230290029e-25	1.00848522095127	0.897	0.633	5.05610716984535e-21	LGALS1	c27
4.26559638595309e-12	1.00522597937173	0.742	0.514	1.56125093322269e-07	TALDO1	c27
1.77249011593129e-11	1.00261113692446	0.258	0.107	6.48749107332011e-07	INPP5D	c27
1.02606275419052e-19	1.00122844920624	0.773	0.542	3.75549228661271e-15	SAMHD1	c27
5.19664460797836e-08	0.996038847717339	0.041	0.007	0.00190202389296616	IRAK2	c27
7.38261950614173e-14	0.992295276451859	0.526	0.301	2.70211256544294e-09	FAM49B	c27
5.21722739681395e-10	0.987416270404352	0.479	0.295	1.90955739950787e-05	RAB11FIP1	c27
2.22470763243347e-11	0.980197546004687	0.546	0.352	8.14265240546974e-07	ZFP36	c27
1.46409731073578e-09	0.976714901218042	0.686	0.526	5.35874256702403e-05	PRELID1	c27
1.2384649687104e-12	0.97277225845562	0.639	0.462	4.53290563197694e-08	ZYX	c27
1.11401485338051e-30	0.971509201735604	0.902	0.733	4.07740576485802e-26	SLC25A6	c27
4.46176487623619e-07	0.971409037771156	0.268	0.147	0.0163305056235121	MICAL1	c27
3.41165897238419e-07	0.97102041933706	0.371	0.233	0.0124870130048234	PQBP1	c27
4.20166496596379e-13	0.969364293984228	0.247	0.091	1.53785139419241e-08	ITGB2-AS1	c27
1.95846943075362e-09	0.96834801754477	0.407	0.244	7.16819396350131e-05	RHOC	c27
6.91733523969179e-07	0.964824007619861	0.423	0.283	0.0253181387107959	PTP4A2	c27
1.18818980011741e-17	0.959377127696386	0.727	0.515	4.34889348740973e-13	RHOG	c27
1.6149318552734e-07	0.95607397162319	0.469	0.324	0.00591081208348617	YWHAE	c27
1.45525601404225e-10	0.945108010490985	0.433	0.251	5.32638253699602e-06	CSK	c27
6.21482591736074e-08	0.941411202766788	0.191	0.084	0.0022746884340132	RPS10	c27
1.44824774373291e-20	0.932021884819018	0.861	0.697	5.30073156683682e-16	PABPC1	c27
3.68843691690969e-08	0.914081338658832	0.072	0.018	0.00135000479595812	SLC2A1	c27
1.08288350902126e-06	0.909090759973906	0.361	0.227	0.0396346193136872	COMMD3	c27
1.45365089441321e-15	0.906465645510626	0.799	0.624	5.32050763864178e-11	AHNAK	c27
1.50494393298466e-23	0.905827689981961	0.804	0.406	5.50824528911716e-19	SPI1	c27
3.01860188184118e-08	0.903662729882123	0.211	0.092	0.00110483847477269	CHD3	c27
6.77317111808802e-11	0.891430295806492	0.515	0.326	2.4790483609314e-06	DDX21	c27
1.09850981041132e-06	0.891165617509506	0.356	0.226	0.0402065575708648	CNPPD1	c27
2.1805332076702e-14	0.88342874029146	0.784	0.583	7.98096959339371e-10	SERP1	c27
1.20971188691966e-07	0.882397570066008	0.268	0.137	0.00442766647731466	CDKN2D	c27
1.93530039611515e-07	0.881484552328366	0.454	0.311	0.00708339297982106	MAN2B1	c27
3.9263642910882e-07	0.860863333234008	0.464	0.332	0.0143708859418119	C17orf49	c27
3.40446400678992e-14	0.857464691248268	0.742	0.474	1.24606787112518e-09	AP2S1	c27
2.89234408527692e-25	0.851503271009788	0.954	0.767	1.0586268586522e-20	ATP5MC2	c27
6.57997441868828e-16	0.849942489270411	0.732	0.45	2.4083364369841e-11	HLA-DMA	c27
3.76654605863923e-09	0.849332682027482	0.624	0.447	0.000137859352292254	PTPN6	c27
5.74528071813299e-07	0.847768111008899	0.175	0.079	0.0210283019564385	CLASRP	c27
9.32344356720513e-09	0.83339281217996	0.294	0.144	0.000341247358003275	ARHGAP45	c27
6.79528350442621e-08	0.824435375330198	0.129	0.045	0.00248714171545504	ADAM19	c27
4.04790838617074e-12	0.822508111583031	0.562	0.355	1.48157494842235e-07	SRSF3	c27
9.34574224212127e-22	0.822146162784689	0.969	0.78	3.42063511803881e-17	HLA-DRA	c27
7.61025342386532e-12	0.816714498337745	0.758	0.482	2.78542885566895e-07	PYCARD	c27
3.26411706367459e-07	0.816337358553899	0.485	0.344	0.0119469948647554	SUPT4H1	c27
3.663395939731e-09	0.815484870311902	0.49	0.332	0.000134083954790094	CMTM6	c27
3.17809456520816e-09	0.814227988956858	0.742	0.527	0.000116321439181184	LAMTOR4	c27
4.29842609810581e-07	0.801456380189398	0.222	0.108	0.0157326693616771	CYTH4	c27
1.03282187251919e-12	0.794137161790552	0.778	0.592	3.78023133560749e-08	RPS17	c27
8.45699925691796e-07	0.793601890873858	0.412	0.27	0.0309534629802454	ZFAND5	c27
1.80031404106146e-07	0.787540316452486	0.103	0.034	0.00658932942168904	PMAIP1	c27
3.57661513065245e-15	0.783382923333094	0.912	0.77	1.3090769039701e-10	HLA-DRB1	c27
4.01787706574197e-41	0.78262858738976	1	0.912	1.47058318483222e-36	RPS24	c27
5.65987473254523e-07	0.773500738683907	0.423	0.279	0.0207157075085888	CAPN2	c27
8.4373395887511e-13	0.763560965632797	0.139	0.038	3.08815066287879e-08	CCR6	c27
3.93879267116273e-20	0.755987066447061	0.541	0.238	1.44163750557227e-15	ITGA4	c27
9.06775926004446e-07	0.753680986044257	0.521	0.381	0.0331889056676887	ANP32A	c27
1.04945325133628e-11	0.742488391678058	0.655	0.487	3.84110384521591e-07	NAP1L1	c27
1.82257124068876e-10	0.738554331369659	0.716	0.566	6.67079299804492e-06	SLC25A5	c27
1.31954018232319e-12	0.738247102166199	0.809	0.621	4.82964902132111e-08	TPI1	c27
1.75465678106312e-07	0.734830464398394	0.474	0.326	0.00642221928436911	STMP1	c27
9.29004226519561e-34	0.733272303550741	1	0.982	3.40024836948424e-29	ACTB	c27
2.2045387724086e-11	0.729454183725984	0.83	0.595	8.06883236089272e-07	COX8A	c27
1.19951348331633e-08	0.72773891021991	0.371	0.209	0.00043903393002861	TAP1	c27
5.68854578876384e-07	0.712937811756728	0.397	0.261	0.0208206464414545	ELOVL1	c27
1.98739248898214e-08	0.711493503764385	0.624	0.483	0.000727405524892354	ZFAS1	c27
6.93296273680066e-18	0.696538532376048	0.881	0.709	2.53753369129641e-13	TPM3	c27
5.85071966771583e-07	0.693525611936141	0.5	0.359	0.0214142190558067	OXA1L	c27
3.37212311382908e-44	0.69291263117034	1	0.956	1.23423078089258e-39	TMSB10	c27
6.99463802474668e-07	0.690753845453829	0.113	0.041	0.0256010746343753	CX3CR1	c27
2.80890485739472e-08	0.687684945147908	0.294	0.15	0.00102808726685504	ELOVL5	c27
1.4817265155319e-18	0.686960073930421	0.933	0.804	5.42326721949829e-14	H3F3A	c27
2.97557371067082e-23	0.686674101030688	0.969	0.607	1.08908973384263e-18	TYROBP	c27
1.32613056438202e-11	0.682934209382082	0.593	0.388	4.85377047869463e-07	SET	c27
4.87028180474734e-12	0.67746065353624	0.845	0.663	1.78257184335557e-07	EIF4A1	c27
1.07809560267263e-08	0.672877924038913	0.701	0.473	0.000394593771534209	C1orf162	c27
2.45730704035801e-09	0.671863324468638	0.526	0.335	8.99398949841435e-05	HM13	c27
3.99877271638847e-07	0.661980225051866	0.67	0.537	0.0146359080192534	CAP1	c27
8.61843958317886e-07	0.653596466810015	0.046	0.01	0.0315443507183929	DBN1	c27
7.55626043319454e-10	0.648618848351514	0.67	0.479	2.76566688115353e-05	PAK2	c27
1.256559841184e-06	0.646350494518458	0.381	0.245	0.0459913467471755	ARF6	c27
3.06949716191389e-19	0.64350270299951	0.943	0.896	1.1234666562321e-14	ACTG1	c27
4.4688351582017e-13	0.640415990510094	0.948	0.807	1.6356383562534e-08	ATP5F1E	c27
4.0369536885156e-07	0.638067785905122	0.531	0.376	0.0147756541953359	ALKBH7	c27
1.15012451209735e-16	0.637872483221689	0.892	0.756	4.20957072672752e-12	RPS11	c27
1.23590191610471e-09	0.636177879578084	0.742	0.597	4.52352460313484e-05	HIGD2A	c27
4.44118739741412e-07	0.63268278973805	0.443	0.296	0.0162551899932754	MIS18BP1	c27
1.64616007134212e-07	0.63093785076396	0.742	0.579	0.0060251104771193	PKM	c27
4.37433168644553e-08	0.628244185880786	0.33	0.18	0.00160104914055593	DOCK10	c27
2.53418987475877e-09	0.628125002202819	0.526	0.331	9.27538836060459e-05	CCDC88A	c27
1.61478906079767e-07	0.614216247999723	0.588	0.428	0.00591028944142555	EIF3M	c27
3.85827956963849e-10	0.614047538759797	0.784	0.625	1.41216890528338e-05	RPL23	c27
4.01925561372216e-08	0.609264756107113	0.557	0.387	0.00147108774717845	PLEK	c27
2.99086657965344e-08	0.60438386658579	0.454	0.289	0.00109468707681896	CFLAR	c27
1.08761027821005e-08	0.592999625547735	0.464	0.278	0.000398076237927661	STK17B	c27
8.29584066134486e-12	0.584565944953823	0.861	0.722	3.03636064045883e-07	EIF3K	c27
1.38452601460178e-07	0.583305425880091	0.216	0.101	0.00506750366604399	SNHG15	c27
3.2182175976868e-10	0.575247864074658	0.799	0.584	1.17789982292935e-05	HLA-DRB5	c27
2.31966357621814e-12	0.573725770517783	0.959	0.856	8.49020065531603e-08	S100A10	c27
1.07430732710979e-06	0.571496185738818	0.629	0.513	0.0393207224795453	EIF3L	c27
2.210581941435e-08	0.569536472052563	0.727	0.577	0.000809095096384624	HCLS1	c27
2.99330225870924e-10	0.568306858841935	0.918	0.743	1.09557855971017e-05	RNASEK	c27
7.06303941741415e-10	0.562837870394591	0.82	0.676	2.58514305716775e-05	NME2	c27
1.37719572683333e-10	0.559650872104131	0.923	0.778	5.04067407978269e-06	ARPC1B	c27
6.69482960365289e-07	0.558763712024309	0.201	0.096	0.0245037458323299	DENND1B	c27
1.03115308838392e-08	0.552676048400014	0.335	0.173	0.000377412341879398	TNIP1	c27
1.07617048555394e-22	0.547836990924681	1	0.914	3.93889159417598e-18	PTMA	c27
4.37864599700899e-08	0.545967273156277	0.691	0.553	0.00160262822136526	MTDH	c27
4.67244238830359e-10	0.544375077443323	0.418	0.218	1.710160638543e-05	SH3KBP1	c27
3.92516532296293e-09	0.544118152353756	0.16	0.058	0.000143664975985766	ST8SIA4	c27
5.94543788726137e-12	0.542620630412415	0.82	0.683	2.17608972111654e-07	EEF2	c27
2.40200853898707e-10	0.542028128238627	0.902	0.753	8.79159145354658e-06	ARPC3	c27
1.03185719018234e-07	0.525129642935921	0.701	0.605	0.0037767005017864	SLC25A3	c27
2.2750944518097e-12	0.52399213480554	0.938	0.815	8.32707320306867e-08	COX4I1	c27
4.79352492040103e-13	0.522319267292976	0.99	0.91	1.75447805611598e-08	S100A6	c27
9.38635427102945e-07	0.521824597407511	0.325	0.192	0.0343549952673949	PDCL3	c27
1.42108189740901e-07	0.511529049963186	0.696	0.531	0.0052013018527067	DAZAP2	c27
4.72014522177625e-21	0.510156191070601	0.995	0.92	1.72762035262233e-16	RPL8	c27
6.23849717315048e-21	0.508729483708466	1	0.906	2.28335235034481e-16	RPS13	c27
3.80441580628993e-13	0.506334683372955	0.923	0.783	1.39245422926018e-08	RPL7	c27
1.22265776102852e-09	0.503199561153121	0.66	0.468	4.47504967114048e-05	IQGAP1	c27
1.72708422927567e-09	0.499152704774476	0.99	0.911	6.32130098757187e-05	S100A4	c27
5.1937938091458e-10	0.498414678075741	0.66	0.464	1.90098047208545e-05	PLP2	c27
2.14610709169587e-07	0.483850079652367	0.572	0.395	0.00785496656631604	EIF3A	c27
1.44786234623984e-15	0.478148358201996	0.701	0.444	5.29932097347245e-11	NEAT1	c27
2.88071050625312e-08	0.464055972177667	0.376	0.2	0.00105436885239371	RCSD1	c27
9.95604777983679e-08	0.463656098864992	0.675	0.562	0.00364401304789806	SUB1	c27
3.49254836384745e-12	0.442293148219961	0.948	0.856	1.27830762665181e-07	UBA52	c27
9.84119641762934e-17	0.434986557110417	0.995	0.963	3.60197630081652e-12	RPLP1	c27
4.35827522727188e-13	0.431253084223943	0.722	0.385	1.59517231593378e-08	LIMD2	c27
6.50144646527671e-09	0.429376779237116	0.103	0.03	0.000237959442075593	SLC9A9	c27
1.33551508485167e-06	0.419191917180925	0.912	0.751	0.0488811876206559	CYBA	c27
1.2479389743551e-06	0.418767651604044	0.974	0.944	0.0456758144003712	VIM	c27
3.60291863069885e-12	0.406874385736181	0.959	0.866	1.31870424802208e-07	RPS9	c27
5.10913282750644e-10	0.403922074122286	0.892	0.835	1.86999370619563e-05	H3F3B	c27
1.08701312122371e-10	0.400043124369906	0.835	0.491	3.97857672499092e-06	FCER1G	c27
6.58798551569976e-11	0.393877629951495	0.887	0.784	2.41126857860127e-06	EEF1G	c27
1.65942382257865e-09	0.392194365172784	0.356	0.174	6.07365713302011e-05	SELL	c27
6.82271397002647e-11	0.388388530604345	0.84	0.547	2.49718154016939e-06	CORO1A	c27
3.36217983999012e-08	0.385662952341273	0.634	0.375	0.00123059144323478	CTSZ	c27
1.27884510610997e-06	0.357482169108795	0.665	0.416	0.0468070097287311	FCGRT	c27
2.13406745804171e-08	0.355636058816083	0.887	0.786	0.000781090030317845	BTF3	c27
1.21529803868545e-07	0.346237050703231	0.918	0.625	0.00444811235139261	PSAP	c27
6.75147066500881e-09	0.339195578381299	0.943	0.866	0.000247110577809988	RPS2	c27
2.11683259131072e-11	0.320937859419523	0.732	0.494	7.74781896745635e-07	JUNB	c27
1.1491442706589e-10	0.29746924537743	1	0.913	4.20598294503863e-06	RPL39	c27
6.0150789609184e-10	0.294104382816438	0.985	0.911	2.20157905048575e-05	FAU	c27
1.34567696521028e-06	0.293400761141171	0.129	0.05	0.0492531226036616	SLAMF7	c27
3.73352098653694e-08	0.286305887676369	0.979	0.908	0.00136650601628239	RPL26	c27
1.31606626181478e-08	0.284729707135888	0.912	0.822	0.000481693412486827	RPL22	c27
7.54617169165524e-07	0.271937363113703	0.871	0.766	0.0276197430086273	RPL31	c27
1.42156916969089e-07	0.270238610701084	0.964	0.898	0.00520308531798563	RPLP0	c27
1.11522248325504e-06	0.270221250375841	0.907	0.838	0.0408182581096177	RPL37A	c27
1.42673401808902e-09	0.259239886236031	0.964	0.889	5.22198917960763e-05	RPL37	c27
1.8600151622625e-08	0.251189586235698	0.263	0.12	0.000680784149539696	PSTPIP1	c27
6.24013140528834e-08	0.238676942814823	0.985	0.905	0.00228395049564958	RPL18	c27
1.06576896586348e-08	0.232088974284637	0.995	0.939	0.000390082099195691	RPS8	c27
3.84967065008127e-07	0.215595397145531	0.985	0.918	0.0140901795463625	RPS23	c27
3.27573969099077e-07	0.199015179760814	0.99	0.911	0.0119895348429953	RPS28	c27
1.05448741542845e-13	0.185513598921392	0.979	0.677	3.85952938920968e-09	IFI30	c27
1.55232366698268e-14	-6.81177705400271	0	0.238	5.6816598535233e-10	GPD1	c27
0.00059552012979756	6.24932683266068	0.01	0.001	1	LINC01283	c27
6.69671619988025e-06	6.14108543785063	0.01	0.001	0.245106509631817	AC006064.2	c27
0.0265494427836543	-6.00020631527781	0	0.025	1	TRBV6-2	c27
0.0353680363595619	-5.7080637150719	0	0.022	1	TRBV5-4	c27
0.0390212041980229	-5.62620651436742	0	0.021	1	TRBV18	c27
8.51850524827532e-15	-5.60805812338777	0.01	0.255	3.11785810592125e-10	PCOLCE2	c27
1.03465182488789e-08	-5.56585833175594	0	0.146	0.000378692914427216	ACE	c27
1.42075181061337e-05	5.5051257347984	0.01	0.001	0.5200093702026	CYP1B1-AS1	c27
0.0303040905198823	-5.42275495404903	0	0.024	1	TRAV14DV4	c27
1.15576167791734e-06	-5.39052941517336	0	0.109	0.0423020331734524	DEFB1	c27
0.0170661340814611	-5.38550096906567	0	0.029	1	TRGV9	c27
1.15310678629216e-06	-5.36879173561653	0	0.109	0.0422048614850794	SPOCD1	c27
1.01258440213419e-05	-5.32818141525388	0	0.092	0.370616017025136	CXCL3	c27
0.026664660090819	-5.21533111018745	0	0.025	1	TRAV12-1	c27
0.00022979947557882	-5.10936068569862	0	0.065	1	PLTP	c27
0.00171831896094266	-5.06350102518606	0.005	0.057	1	TRAV26-1	c27
1.5118816538254e-06	-4.92103746634145	0	0.107	0.0553363804116634	ANOS1	c27
4.53777403138147e-06	-4.91774034781068	0	0.098	0.166087067322593	DNAJC5B	c27
0.000104509864654919	4.86484177822453	0.015	0.002	1	HAL	c27
8.35170137404641e-06	-4.80919656838725	0	0.093	0.305680621991473	FOLR1	c27
4.62054115042803e-06	-4.80391089782439	0	0.098	0.169116426646816	COLEC12	c27
0.005803206420875	-4.68653602277226	0	0.038	1	CHI3L2	c27
0.0143750230875131	-4.626265018274	0	0.03	1	PERP	c27
0.0307016527572443	-4.61626426361051	0	0.024	1	KLRF1	c27
2.39101244915735e-07	-4.60757669714887	0.005	0.13	0.00875134466516083	AKR1C3	c27
9.13858921878008e-09	-4.60284853110878	0.01	0.163	0.00033448150399657	CCL23	c27
0.00646889738261194	-4.58649614883549	0	0.037	1	FBLN5	c27
0.00141757045755681	-4.57050820744389	0	0.05	1	PLEKHB1	c27
1.68371934847361e-05	-4.56232683091436	0	0.087	0.616258118734826	KLHDC8B	c27
4.178673752644e-05	4.56027595036262	0.015	0.002	1	RPH3A	c27
3.22188747665676e-05	-4.55638957265455	0	0.082	1	DCSTAMP	c27
0.000338852605325582	-4.55589751914237	0	0.062	1	AC092691.1	c27
0.00267024584347257	-4.54772491105251	0.005	0.054	1	TGFBR3	c27
0.0159821996121147	-4.5414765803205	0.005	0.038	1	TRGV10	c27
0.0280878396549592	-4.50012146220478	0	0.024	1	CCR4	c27
3.06241206138703e-05	-4.48391124458661	0	0.082	1	ABCG2	c27
7.64723799481878e-05	-4.45427124664687	0.01	0.092	1	CXCL5	c27
0.0262636213165468	-4.44490780132005	0	0.025	1	ANK3	c27
0.010231053506584	-4.4442943449436	0	0.033	1	CYB561D2.1	c27
0.0339068759502215	4.44339291797502	0.01	0.003	1	CLTCL1	c27
0.0889015477487331	-4.43353466527094	0	0.015	1	TRAV6	c27
6.04225360049957e-05	-4.42251218222442	0	0.077	1	DNASE2B	c27
0.0817444750254645	4.42164594017888	0.01	0.003	1	AC002451.1	c27
0.00351868346114806	4.42016222403161	0.01	0.002	1	DEPP1	c27
0.0243070680568179	-4.41884647223265	0.01	0.043	1	TRAV29DV5	c27
4.72590667707495e-05	-4.40630199178044	0	0.079	1	SLC7A8	c27
2.79528348149693e-15	-4.39548782753645	0.021	0.276	1.02310170706269e-10	S100A13	c27
0.0967336659375283	-4.39541748231245	0	0.014	1	TRAV8-1	c27
0.00220186013507375	-4.38363949777783	0.005	0.055	1	RGL4	c27
0.00160360668472707	4.37499312924135	0.01	0.001	1	WDR97	c27
0.00012606533770012	-4.36027968003818	0	0.071	1	ME1	c27
0.0263775704841112	-4.35170957258589	0	0.025	1	PRSS23	c27
0.000185092459910922	-4.35072532371362	0	0.067	1	ANKS1A	c27
0.106778252950631	-4.32497729458077	0	0.013	1	TRAV26-2	c27
0.0406785052473356	-4.29807646752518	0	0.021	1	CD160	c27
3.57373510183034e-05	-4.29385218188558	0	0.081	1	DTX4	c27
2.66068943326471e-05	-4.28357852454304	0.021	0.117	0.973838939469215	CCL24	c27
0.000617101272433414	-4.25917461071786	0	0.057	1	ZBED3-AS1	c27
0.0274856328622838	-4.2586555133877	0	0.024	1	COL6A2	c27
0.0270386668500874	4.25811184019512	0.01	0.002	1	SIGLEC15	c27
0.000396013562704154	-4.22157437764615	0.01	0.078	1	FGFBP2	c27
3.0827591746349e-07	-4.19855506520759	0.005	0.129	0.0112832068550812	LINC02345	c27
0.00362574147641802	4.17983641917744	0.015	0.003	1	AC079630.1	c27
7.86560673138004e-05	-4.16868349692097	0.005	0.084	1	FABP3	c27
0.0401845381909367	-4.16798324356459	0.021	0.053	1	TRBV5-1	c27
0.0288148611578909	4.15497026760928	0.015	0.005	1	LINC01220	c27
0.124728318067908	-4.15261345667869	0.01	0.028	1	TRAV38-2DV8	c27
0.00172845210226418	-4.15215151507214	0	0.048	1	ITIH5	c27
5.59605642565775e-05	-4.13330570236572	0	0.077	1	MORN2	c27
0.00242447465798353	4.12774743680937	0.01	0.002	1	AC006460.2	c27
0.0011209517957467	4.1035247642131	0.01	0.001	1	AC008074.2	c27
0.00134682013202238	-4.09523339368173	0	0.05	1	AKR1C2	c27
2.41301852454353e-09	-4.09124572004546	0.005	0.166	8.83188910168179e-05	MLPH	c27
0.000282164085539332	-4.08621466326698	0.005	0.073	1	LINC02154	c27
0.00339839727447745	-4.0854067193851	0.005	0.052	1	RIC3	c27
0.000584893865321753	-4.07844871812568	0	0.058	1	CAMSAP1	c27
0.000262730064455966	-4.06902747188919	0	0.064	1	AC026689.1	c27
0.000416612838824567	-4.06199471078273	0	0.06	1	TLCD2	c27
0.00433243216233691	4.05202607610505	0.015	0.003	1	AC005632.3	c27
0.00869316079729411	4.04160966963693	0.01	0.002	1	TNFRSF6B	c27
0.000769716595161199	-4.04130571130069	0.005	0.064	1	GTDC1	c27
0.000406873873639666	-4.03062919857764	0	0.061	1	FARP1	c27
0.000406416961124663	4.01575291997268	0.015	0.003	1	EPHB2	c27
0.0336083973974034	-3.97564964172656	0.01	0.04	1	TRBV28	c27
5.06176080316023e-05	3.95880428019316	0.01	0.001	1	EGR3	c27
0.000150969126128981	-3.95599422810828	0	0.069	1	GAPLINC	c27
2.16543452877324e-06	3.95386571151479	0.021	0.003	0.0792570691876295	NID1	c27
3.17015425707696e-05	3.94169075280655	0.057	0.018	1	NLRP12	c27
0.0954716624797137	-3.93234802359479	0.01	0.031	1	TRAV8-2	c27
2.59936938718017e-07	-3.92267908684395	0.005	0.13	0.00951395189401814	SPARC	c27
3.82904290971489e-06	-3.90035205496537	0.021	0.132	0.140146799538475	MAL	c27
0.00023029667953915	-3.88954938950292	0	0.065	1	MGAT3	c27
0.00162831551759348	-3.87279351850274	0	0.049	1	GGH	c27
0.000796243959190877	-3.86508970859972	0	0.055	1	AMOTL1	c27
1.57645185436166e-05	-3.86146904428192	0.005	0.097	0.576997143214911	LINC02185	c27
0.000281514432302212	-3.85731040232156	0	0.064	1	GPA33	c27
0.0106187642127084	3.85583189120403	0.01	0.002	1	AC007255.1	c27
0.0447034893313124	-3.84929131264806	0	0.02	1	LINC00402	c27
0.062576504043043	-3.84702976652645	0	0.018	1	ABCD2	c27
0.0815010802949883	3.84262903325744	0.01	0.003	1	AL356056.2	c27
0.0899190736544936	-3.84251340268625	0	0.015	1	RRM2	c27
0.00959634413406434	-3.84245799374833	0	0.033	1	ARSK	c27
0.229950169877297	-3.82560372250859	0.005	0.016	1	TRBV4-1	c27
0.0578074795557558	-3.81807682770703	0.01	0.035	1	XCL2	c27
0.0203957662561551	3.79614597785533	0.01	0.002	1	STXBP5-AS1	c27
0.150683007374281	-3.7935035924463	0	0.011	1	TRAV1-1	c27
0.10554112007805	-3.78365093618096	0.005	0.022	1	TRAV12-3	c27
0.000838199119406226	-3.77892978159851	0	0.054	1	C8B	c27
3.35924745144844e-12	-3.77681983784234	0.103	0.322	1.22951815970464e-07	IFI27	c27
0.000372395398423816	3.77439492309398	0.01	0.001	1	KHDRBS2	c27
0.00853386427538184	-3.766757343215	0	0.034	1	WWOX	c27
1.65850656571602e-10	-3.76245490681561	0.015	0.2	6.0702998811772e-06	PPIC	c27
0.0451244593990795	-3.76206010665381	0.005	0.029	1	TRAV17	c27
0.0587626288986467	-3.75772935161105	0.005	0.027	1	PATJ	c27
0.0435369356278203	-3.75514268991833	0.005	0.03	1	ATP8B2	c27
0.0558683158091692	-3.73500519712366	0	0.019	1	SPEF2	c27
0.00122535249650637	3.71842571837371	0.01	0.001	1	AC010247.2	c27
0.133298240164312	3.70149676277857	0.01	0.004	1	PODXL	c27
0.00327193192969135	3.69899184991575	0.01	0.002	1	AC138207.4	c27
8.27090836331215e-07	-3.69444715403372	0.046	0.176	0.0302723517005588	FCMR	c27
0.00541296676602481	-3.69031182247919	0.015	0.064	1	NCR3	c27
0.000722357695787909	-3.66548390048136	0.015	0.081	1	ASXL1	c27
0.155739785801797	-3.65705356668631	0.005	0.019	1	MKI67	c27
7.40317911685543e-05	-3.65476111734207	0.01	0.093	1	PYHIN1	c27
5.76992996100936e-05	-3.64824397194732	0.01	0.096	1	CAMP	c27
0.00173213966271778	-3.64704431252342	0	0.048	1	ZBTB7C	c27
0.000986097507872926	-3.64550454584719	0	0.053	1	CHDH	c27
0.000606607852511478	-3.64369249133049	0	0.057	1	ECSCR	c27
0.0913645761288847	-3.63615544465557	0	0.014	1	UBE2C	c27
8.74322257400212e-05	-3.63430105620717	0.031	0.12	1	ITK	c27
0.0082185923155681	-3.63360628498875	0.005	0.044	1	LINC00472	c27
0.00262648561550755	3.6131695538904	0.01	0.002	1	CCDC150	c27
0.0277850664701108	-3.59918637551406	0	0.024	1	EDA	c27
0.044507430790068	-3.594402993367	0	0.02	1	AC005842.1	c27
1.54321230188262e-06	3.57678211568503	0.01	0.001	0.0564831134612057	AC008105.1	c27
0.00110196342158942	-3.57515987770699	0	0.052	1	GALNT12	c27
0.000491131405940359	-3.56823827411695	0.005	0.068	1	CTSF	c27
0.000164622207999727	3.56511907868234	0.01	0.001	1	AC007285.1	c27
0.0770808574040905	-3.56286001813735	0	0.016	1	TNFAIP6	c27
0.0180622974361667	3.55338001579817	0.01	0.002	1	DENND5B	c27
0.000537293875437723	3.54464349567151	0.01	0.001	1	MIR924HG	c27
0.131044775894541	-3.54290503039093	0	0.012	1	TRGV8	c27
0.000252427778988018	3.53139190198044	0.01	0.001	1	OLFML2B	c27
6.77351407510626e-05	3.52988003167332	0.015	0.002	1	SCN1B	c27
2.56921238425039e-07	-3.52587694728705	0.005	0.131	0.00940357424759486	FRMD4A	c27
0.147241901591143	-3.51107163965329	0.005	0.02	1	TRBV5-6	c27
0.0142218504653132	-3.50911090956676	0	0.03	1	FAM241B	c27
0.032275885758401	-3.50628357570868	0	0.023	1	TRGC1	c27
0.00323923178004481	-3.5060191480197	0	0.043	1	TBC1D16	c27
3.60272078508446e-05	-3.50508340230541	0.005	0.091	1	PAQR5	c27
0.00439671301724742	-3.50086726481965	0.021	0.073	1	FBXO32	c27
0.00146053724591765	-3.49854057990464	0	0.05	1	BCAR1	c27
0.00267461679104153	-3.4944422140803	0	0.044	1	LSAMP	c27
3.02376365492253e-10	-3.49148123432835	0.005	0.181	1.10672773533819e-05	INHBA	c27
0.0059028932566724	-3.49084599675276	0	0.038	1	MOGAT1	c27
0.00770374695158364	-3.48881388223456	0	0.035	1	MS4A14	c27
5.0374809374386e-05	-3.48660591313236	0.005	0.088	1	AF127936.2	c27
0.00401580445854881	-3.4844612529434	0	0.041	1	TM4SF19	c27
0.00884897059505642	-3.48346860406096	0	0.034	1	SLC16A10	c27
0.000103032735840803	3.47947585979743	0.01	0.001	1	BX640514.2	c27
0.00224620106337574	-3.47679682089587	0	0.046	1	PVALB	c27
0.0024366284522163	3.47563797491491	0.01	0.002	1	AC110620.2	c27
0.0145485581530004	-3.46162125952039	0.021	0.062	1	PRKCQ	c27
0.0563661962612263	-3.46075803399507	0	0.018	1	DNAJC27	c27
0.00172477236148021	-3.45599950163008	0	0.048	1	DHDH	c27
0.283351141917034	-3.45161898847069	0.005	0.014	1	MT1G	c27
0.00213428800703764	-3.45094052031237	0	0.046	1	LINC01645	c27
0.0147572362432646	-3.44903399833747	0.01	0.047	1	TRBV7-2	c27
0.00359519100120888	-3.43778118749732	0	0.042	1	CD5L	c27
2.24942971266177e-05	-3.43318976356833	0.005	0.095	0.823313769131336	PROS1	c27
0.000455949208472022	3.4239503104176	0.021	0.004	1	STON2	c27
7.04141319892408e-06	3.42272133292377	0.036	0.008	0.25772276449382	B3GNT8	c27
0.00143796069840683	3.40566975311007	0.062	0.026	1	TLR5	c27
4.18784327418531e-06	3.40441918925453	0.026	0.004	0.153279251678457	C9orf139	c27
5.11992881961944e-05	3.40163859985859	0.01	0.001	1	F2RL1	c27
0.00175443017741229	-3.39491834868431	0	0.048	1	AC083855.2	c27
3.91823029528222e-06	3.39412342093485	0.01	0.001	0.143411147037625	RTN4RL2	c27
0.000498454086288233	3.38723124438372	0.015	0.003	1	AL442125.1	c27
0.138015267558965	-3.38564994281801	0	0.011	1	CCL20	c27
0.017361912400084	-3.37819991471549	0	0.028	1	FBXL17	c27
6.79447485587962e-05	3.3763695072468	0.015	0.002	1	AC015712.2	c27
0.00186719895103762	-3.37284336215436	0.01	0.065	1	JAKMIP2	c27
8.04808161866855e-20	-3.3686410865386	0.17	0.464	2.94567835324888e-15	APOE	c27
8.02848886548354e-05	3.36421994083496	0.021	0.004	1	AC012640.2	c27
0.0949796588883325	-3.35776371584174	0	0.014	1	SNHG22	c27
0.0445074307920311	-3.35588442213011	0	0.02	1	ZNF8	c27
0.0821138307804658	-3.35578199508186	0	0.015	1	FAAH2	c27
0.00146705571180044	-3.35568432657431	0.005	0.059	1	CENPK	c27
0.154066816152025	-3.35535505622385	0.005	0.019	1	TYMS	c27
0.00782729683074116	-3.353222840393	0.015	0.061	1	ANKRD36B	c27
0.000330738098191629	3.35212951796261	0.01	0.001	1	ADM	c27
0.0922017211756429	-3.34906959216056	0	0.014	1	EPHA4	c27
3.55964215711794e-05	3.33743059842219	0.021	0.003	1	TSHZ3	c27
0.0116303757256863	-3.32978227049875	0	0.032	1	PNPLA3	c27
0.00460721400535896	3.32779049291914	0.01	0.002	1	DCLK2	c27
5.10734704568708e-05	3.32752069867284	0.01	0.001	1	CRTC3-AS1	c27
0.00631911914847495	-3.32729074270238	0	0.037	1	DIXDC1	c27
0.00560886867427296	-3.32458560034345	0	0.038	1	TNS1	c27
0.00963739579157643	-3.32287598021263	0	0.033	1	S100P	c27
0.012615020360422	-3.31991122033212	0	0.031	1	SWSAP1	c27
5.19637790588165e-18	-3.31911063011055	0.227	0.49	1.90192627733174e-13	FN1	c27
0.00372774735205606	3.31801064650173	0.015	0.003	1	PDE8B	c27
0.0077531645012563	-3.31760750811421	0	0.035	1	PLD1	c27
0.12621879384455	-3.3160441152638	0	0.012	1	IFNG-AS1	c27
3.52053674884253e-05	-3.31216675343782	0.005	0.091	1	FAM89A	c27
0.00018837990027702	3.30937607360554	0.015	0.002	1	PAQR6	c27
0.0605201542949691	-3.30519403841908	0	0.018	1	C15orf41	c27
4.15608867102643e-11	-3.30434796101882	0.036	0.24	1.52117001448238e-06	ABCG1	c27
4.14310065115842e-22	-3.30140162011753	0.309	0.573	1.51641626933049e-17	FABP4	c27
0.00945404545885654	-3.30130668756297	0	0.034	1	RAD51AP1	c27
0.00798411796629162	3.29851405111144	0.015	0.004	1	VEGFA	c27
0.0738525341809138	-3.29594970894165	0	0.016	1	VSIG1	c27
0.106042168677891	-3.29419722817672	0	0.013	1	A2M-AS1	c27
0.00476103600047258	-3.29293817458654	0	0.039	1	SIGLEC11	c27
3.43574474797103e-05	-3.2851309413272	0.015	0.108	1	TANC2	c27
3.82488382277821e-05	-3.26370903196933	0.062	0.165	1	KLRG1	c27
0.00422799540489034	-3.25887746537802	0.005	0.05	1	SDC2	c27
0.0190503177788969	-3.25767531539284	0.005	0.037	1	HERC6	c27
0.00667890030628081	-3.25673343680671	0	0.037	1	CDK18	c27
0.00321861973884133	-3.25230400388053	0	0.043	1	PKD2L1	c27
0.00829865022815448	3.25057107114077	0.01	0.002	1	GPRC5C	c27
0.00573018483162954	-3.24869435585256	0.067	0.128	1	CCL4	c27
1.26799794174555e-05	-3.24456630048833	0.015	0.116	0.464099926658288	TMEM106B	c27
6.25118711348513e-06	-3.24062608171735	0.01	0.114	0.228799699540669	RRAGD	c27
0.00201076256563087	-3.23316373686781	0.005	0.056	1	AC008555.4	c27
0.0425954672593684	-3.22955160427381	0.015	0.045	1	ICOS	c27
0.000133297955448124	-3.21869552637933	0.005	0.08	1	ITGB5	c27
7.92495369644293e-06	3.21631231506767	0.031	0.006	0.290061230243508	PLBD1-AS1	c27
0.313379101984782	3.2144615564165	0.015	0.009	1	ZNF358	c27
4.24141374391055e-05	3.21349126725567	0.01	0.001	1	ZBTB46	c27
0.0296531781724616	-3.21061316173615	0	0.024	1	AL035530.2	c27
4.02432848819462e-12	-3.21040795138337	0.052	0.272	1.47294446996411e-07	RBP4	c27
6.8035607143168e-07	-3.20368416707484	0.052	0.187	0.0249017125704709	NMB	c27
0.0242963805112917	-3.19922646775487	0	0.025	1	STK35	c27
0.00931387184579468	-3.19370002711824	0	0.034	1	SH3PXD2B	c27
0.0153520808561952	3.1934529202248	0.01	0.002	1	Z93022.1	c27
0.044801853984701	-3.19313761614393	0	0.02	1	ALDH5A1	c27
0.0783538989238082	-3.18456197342473	0.005	0.025	1	NDUFV2-AS1	c27
2.8008529621106e-05	-3.17771132828028	0.01	0.102	1	TTC39B	c27
0.0221186943534106	-3.17570003779064	0.005	0.036	1	S1PR5	c27
0.000153377732106456	3.17055149567006	0.046	0.014	1	CD180	c27
0.00877211715676413	3.16379945967144	0.01	0.002	1	AC084018.2	c27
2.14217509203012e-07	-3.16205110226829	0.031	0.172	0.00784057505433944	ENOSF1	c27
0.10173914785935	-3.15768003280306	0	0.014	1	CCDC65	c27
0.0029121932977943	-3.15699621681188	0.046	0.11	1	INPP4B	c27
6.02283614714153e-07	-3.15664557728695	0.093	0.231	0.0220441825821527	GZMK	c27
0.00720757349296923	-3.15522438128371	0.021	0.068	1	S1PR1	c27
0.000142109010237021	3.15465604458539	0.01	0.001	1	GOLGA8O	c27
0.000141974449053428	3.15364293963082	0.01	0.001	1	RAB15	c27
0.0128603089596377	-3.15272108917965	0	0.031	1	AKAP5	c27
0.000518137462009544	-3.15049291845076	0.031	0.106	1	TRAT1	c27
0.0367850584596207	-3.14920209843671	0	0.022	1	CHPF	c27
0.0102968071435083	-3.14831642626091	0	0.033	1	ZWINT	c27
0.278378601354682	3.14750271249809	0.01	0.005	1	AC027601.6	c27
0.00148292162943843	3.14742145918051	0.01	0.001	1	AC104187.1	c27
0.0105190787267685	-3.14389677890489	0	0.033	1	LRRC75A	c27
0.00384017250933147	-3.13881967750135	0.005	0.051	1	TRHDE	c27
9.72786788903454e-17	-3.13644121628304	0.258	0.513	3.56049692606553e-12	CCL18	c27
1.13891003738359e-05	3.13368476022348	0.01	0.001	0.416852462782768	AL122035.2	c27
2.92330019488637e-06	3.1333684968452	0.01	0.001	0.106995710433036	BX664727.3	c27
3.0996257028855e-05	-3.13205410415198	0.005	0.092	1	NRP1	c27
0.10534890337418	-3.13203002132023	0.005	0.022	1	ITPR3	c27
0.000938308264593394	-3.13057312146027	0.005	0.063	1	MOSPD1	c27
0.000213036236925616	-3.12537687413085	0.005	0.076	1	NAGLU	c27
0.000364838601992839	-3.12386323147293	0.005	0.071	1	SLC19A3	c27
0.0268950679817905	-3.11732378719312	0.021	0.057	1	SLAMF6	c27
0.00135983109620285	-3.11399726378684	0.021	0.084	1	TRBV27	c27
3.93383908525733e-06	3.10827019699679	0.01	0.001	0.143982444359504	LINC02846	c27
0.00398481211251303	3.10117612595107	0.015	0.003	1	ZSWIM4	c27
0.326047252883804	-3.09780423255721	0.01	0.02	1	TRBV4-2	c27
0.0568687135365013	-3.09697733175678	0	0.018	1	C10orf88	c27
7.90651290180356e-05	-3.0967008116383	0.01	0.093	1	AL365361.1	c27
4.13098772972389e-05	3.09504437771549	0.062	0.021	1	PLEK2	c27
2.40996576510544e-07	-3.09426052272197	0.082	0.226	0.00882071569686241	CD247	c27
0.101272785446481	-3.09401569009257	0	0.014	1	AP000787.1	c27
0.00558503982089333	-3.0927992836617	0	0.038	1	TPRG1-AS1	c27
5.25827013285794e-22	-3.0922518067461	0.381	0.602	1.92457945132733e-17	C1QA	c27
7.89346878713474e-21	-3.08532292557285	0.423	0.616	2.88908851077919e-16	C1QB	c27
0.0217701360386433	-3.08329050751264	0.005	0.036	1	C22orf34	c27
0.0159390908692506	-3.0720803851654	0.031	0.075	1	IL2RB	c27
9.58625311718102e-06	3.06551814815751	0.098	0.039	0.350866450341943	NFE2	c27
0.285209024286183	-3.06471740292643	0.005	0.014	1	TRBV12-4	c27
0.0124275128165344	-3.06344925550381	0	0.031	1	KCNAB1	c27
0.10388223931306	-3.05258525643471	0.005	0.022	1	MIAT	c27
0.0300419854793523	-3.05143289780665	0	0.024	1	ECT2	c27
0.0587073194320417	-3.05022137797932	0.01	0.035	1	ADGRG1	c27
0.00858863911569522	-3.04423252977345	0	0.034	1	AL356417.3	c27
0.0998797828138326	-3.04308978806502	0.005	0.023	1	TTC16	c27
0.009829410352853	-3.04302442274381	0.021	0.066	1	TMEM204	c27
0.172404502501405	-3.04198559229068	0	0.01	1	KIAA1671	c27
0.0067648057640901	-3.03660037800099	0	0.036	1	FCGR3B	c27
0.00924393050956413	-3.03485869546217	0.015	0.059	1	LINC01550	c27
7.34230538559603e-06	3.03276934061034	0.015	0.002	0.2687357194182	AL592148.3	c27
0.0349844809141562	-3.03176773608929	0	0.022	1	KLC4	c27
0.0297176193965735	-3.0306507757621	0	0.024	1	AL365295.1	c27
0.0223342889616547	-3.02349339631207	0	0.026	1	CXCL2	c27
1.66526330952914e-10	-3.02299924191226	0.036	0.229	6.0950302392076e-06	PHLDA3	c27
0.124787816349776	-3.02203508161397	0.005	0.021	1	EID3	c27
0.000224824596243529	-3.02062136348138	0.021	0.099	1	ABLIM1	c27
0.304386957903255	3.02049228536747	0.015	0.009	1	SULT1A2	c27
0.0296943945848382	-3.02023623520838	0.015	0.049	1	F2R	c27
0.0119581743075485	-3.01916529734735	0	0.032	1	RASSF8-AS1	c27
0.00992975485271583	-3.01753337924582	0	0.033	1	IFITM10	c27
5.02472127983377e-16	-3.00275730069938	0.093	0.364	1.83909823563196e-11	NUPR1	c27
0.121021164007512	-3.00132657145197	0	0.012	1	LINC00243	c27
0.00602992076320271	-3.00011823513091	0	0.037	1	WWTR1	c27
8.85566885854279e-06	2.99736505818194	0.01	0.001	0.324126335891525	SLC23A3	c27
2.01836793283915e-06	2.99590224747767	0.067	0.02	0.0738742847098456	COL9A2	c27
0.00102140816116022	2.99569222584256	0.01	0.001	1	BCO2	c27
1.63892350527096e-14	-2.99483833105392	0.062	0.318	5.99862392164225e-10	PPARG	c27
4.79430703367515e-16	-2.99362637568877	0.16	0.417	1.75476431739544e-11	CTSL	c27
0.741574853291998	2.99294526808238	0.01	0.008	1	AC009961.4	c27
0.000539324706880591	2.98645114859879	0.01	0.001	1	ID2-AS1	c27
0.121021164007701	-2.98456397851451	0	0.012	1	CFH	c27
0.00441809089902054	2.98327652816364	0.041	0.016	1	DLG4	c27
0.104903122017386	-2.98308172650493	0.01	0.03	1	TRAV3	c27
0.0660205675953194	-2.98110316705569	0	0.017	1	ZNF614	c27
3.40668444142189e-05	2.97658392921927	0.015	0.002	1	HS3ST1	c27
0.0595656595800095	-2.97605124495824	0.021	0.049	1	KIF21A	c27
0.00574176131871179	-2.97449576104526	0	0.038	1	TEX14	c27
0.0907420552856072	-2.97430489975362	0	0.015	1	AC006449.6	c27
0.0173112925807255	-2.9737958563653	0.015	0.053	1	LINC02273	c27
0.115250740750704	-2.97258350994418	0	0.013	1	ZNF483	c27
0.0195874692181941	-2.97063477900328	0.005	0.037	1	ETAA1	c27
0.11105522461239	-2.96899166444403	0	0.013	1	TMEM25	c27
0.014252352282739	-2.96438994700074	0	0.03	1	RWDD2A	c27
0.0935590809454916	-2.96066062231238	0.005	0.023	1	CRACR2A	c27
0.307715781178268	2.9590254324282	0.021	0.013	1	AC005280.2	c27
0.00208414525408924	2.95755461408521	0.01	0.002	1	MPP3	c27
0.076907274188318	-2.95203047235628	0	0.016	1	BICRA	c27
0.0525896463249385	-2.95080653704934	0.005	0.028	1	SIDT1	c27
0.00814459358245317	2.95075671355033	0.124	0.081	1	RBP7	c27
0.00588243936143204	-2.94859680443874	0.015	0.063	1	AP002387.2	c27
1.49452525708776e-14	-2.94811126937467	0.072	0.327	5.47011189346689e-10	MS4A4A	c27
0.00594943730118611	2.94413320403835	0.01	0.002	1	AC087286.3	c27
0.696909232525824	-2.94404242742909	0.01	0.013	1	TRAV36DV7	c27
0.101849237677799	2.94239776556106	0.021	0.009	1	GPR160	c27
5.1728622012306e-05	2.94188567842165	0.015	0.002	1	TTLL7	c27
0.0107501332703625	2.93874218849159	0.015	0.004	1	ZNF697	c27
0.00175561087920632	2.93820755619432	0.031	0.009	1	GATM	c27
0.000814667362282267	-2.93256864491361	0.026	0.095	1	LINC01138	c27
5.12352900411553e-05	2.92921722571093	0.01	0.001	1	DNMT3B	c27
0.000291541463690871	2.92842085629379	0.01	0.001	1	AL157402.2	c27
0.956938168715649	2.92608034552479	0.01	0.01	1	KBTBD11	c27
0.205787283219031	2.92519185947905	0.021	0.011	1	TNFRSF10C	c27
0.0519318297596823	-2.91940476207301	0	0.019	1	CEP76	c27
0.0455968923444693	-2.91574758988811	0	0.02	1	ZNF575	c27
0.0597175546036507	-2.91443433564622	0	0.018	1	TRMT10A	c27
0.14678686705403	-2.91218636084112	0	0.011	1	RADX	c27
0.00112174919679099	-2.91165140461434	0.026	0.092	1	SIRPG	c27
0.000675892792950081	-2.90408438240022	0.005	0.066	1	GNG12	c27
6.34224027434756e-06	-2.90327928775018	0.222	0.331	0.232132336281395	NKG7	c27
0.000501426653460039	2.90069548017049	0.041	0.013	1	AL391069.2	c27
7.3746198586902e-06	2.89509282872686	0.046	0.012	0.26991846144792	TMCC3	c27
0.0114087660970493	-2.89475151570506	0	0.032	1	HES2	c27
1.03936041798379e-05	-2.89472680568904	0.01	0.11	0.380416306586246	DNAAF4	c27
2.94062336105108e-05	-2.89431985840764	0.021	0.118	1	MYO6	c27
0.0901240682382387	-2.89132405498381	0	0.015	1	UBE3D	c27
0.0440649004566719	2.88403351635639	0.026	0.011	1	PLA2G7	c27
8.76728739666933e-06	-2.88219813143231	0.01	0.112	0.320891486005494	EPB41L1	c27
0.313538451228443	2.88195937522404	0.01	0.005	1	AZU1	c27
0.00675041152547767	-2.88085339649262	0	0.036	1	ODF3L1	c27
0.00014322713605092	2.87993026284116	0.021	0.004	1	INPP5J	c27
3.9655555128381e-20	-2.87324830645855	0.526	0.656	1.45143297325387e-15	APOC1	c27
0.0320961212741129	2.86618699774802	0.01	0.003	1	CMTM1	c27
0.213236575332797	-2.86592588569294	0.005	0.016	1	RNF144A	c27
0.00273991761062832	-2.86497973543117	0.01	0.062	1	BEX3	c27
0.0744954227574151	-2.85563026682121	0.005	0.025	1	TRAV13-2	c27
0.152492003312868	-2.85555073207096	0	0.01	1	SARDH	c27
0.169861707913399	-2.85467495904232	0.01	0.026	1	LINC02084	c27
0.0391066679081387	-2.84758590384378	0	0.021	1	MICALL1	c27
0.032275885758542	-2.84696523166125	0	0.023	1	FDXACB1	c27
0.0863134214289492	2.84583212028772	0.015	0.006	1	KLHL17	c27
6.85988786478211e-06	2.84370620271076	0.01	0.001	0.25107875573889	ANKLE1	c27
0.0442039646032697	-2.8436910822691	0.021	0.052	1	SPON2	c27
0.010720373861172	2.84286653258547	0.01	0.002	1	AC011445.2	c27
0.117198179710438	-2.84187278137396	0.026	0.049	1	KLRC4	c27
0.0867060124233613	-2.84159676090525	0	0.015	1	ACTR3C	c27
0.0253699493774313	-2.84023051894973	0	0.025	1	CTSK	c27
0.960284187306455	2.83952893627443	0.01	0.01	1	RTL5	c27
0.14160215188745	-2.838687926847	0.005	0.02	1	TTC39C-AS1	c27
0.264826446550972	-2.83805021711029	0.005	0.015	1	TRBV24-1	c27
0.0845975226949812	-2.83736773939137	0.005	0.024	1	TRBV11-2	c27
0.010256313944741	2.83548408475853	0.015	0.004	1	FOSL1	c27
0.000214642611018914	2.83489843488597	0.021	0.004	1	COL9A3	c27
0.0917821272482558	-2.83404510816637	0	0.014	1	ZNF432	c27
1.58725034755895e-05	-2.83236084028516	0.088	0.201	0.580949499710052	LINC00861	c27
0.0182737165841715	2.83232553915579	0.01	0.002	1	SPRY2	c27
4.8479512741351e-08	-2.83230078433336	0.067	0.224	0.00177439864584619	CD27	c27
0.0116303757257029	-2.82982157289746	0	0.032	1	TTC7B	c27
2.54617849419841e-05	-2.8296941880869	0.046	0.155	0.93192679066156	TNIK	c27
0.0185478727465149	-2.82274431517767	0.021	0.06	1	HELB	c27
0.00125817622654527	-2.82220580577817	0.067	0.141	1	CAMK4	c27
0.0202697938547096	-2.81926387001086	0	0.027	1	IQCK	c27
0.0600315306534467	2.81912530561066	0.01	0.003	1	PTX3	c27
0.144365945955325	-2.81857835686305	0	0.011	1	YPEL1	c27
7.97393000217585e-05	2.81533711010067	0.041	0.011	1	GAB1	c27
0.0461012066002189	-2.81496630543544	0	0.02	1	ZNF658	c27
3.56104935839208e-05	-2.81469849732934	0.052	0.156	1	CDC25B	c27
0.0501710976250714	-2.81150604213702	0.015	0.044	1	TSHZ2	c27
4.3139508344306e-05	2.81103711578172	0.026	0.005	1	FAM20A	c27
0.0398980859240048	-2.81068879694472	0.005	0.031	1	GNB1L	c27
6.89445110978888e-13	-2.80972148493953	0.052	0.287	2.52343805069383e-08	DNASE2	c27
0.037433496326333	-2.80965346128717	0	0.022	1	B4GAT1	c27
0.0666447148169746	-2.80861790788357	0.005	0.026	1	S100A1	c27
0.00892479952322788	-2.80673896310681	0	0.034	1	PIR	c27
0.123879183483291	-2.80668647371911	0	0.012	1	OTUD3	c27
0.00955759293798585	-2.80584167491897	0.015	0.059	1	MUTYH	c27
0.180825692092362	-2.80563015853589	0.005	0.018	1	ACSL6	c27
0.0736975627639135	-2.80475579322858	0.005	0.025	1	ZBTB37	c27
0.0936771131711119	-2.8031052994872	0.005	0.023	1	UBA6-AS1	c27
0.0211496465083077	-2.80298758409798	0.005	0.036	1	KHK	c27
0.161132618814891	-2.80224122011186	0	0.01	1	LINC01891	c27
8.93607232607691e-17	-2.79380579036493	0.314	0.511	3.27069183206741e-12	ACP5	c27
9.86057164132255e-05	2.79098453403099	0.015	0.002	1	AL355490.1	c27
0.0225118244896823	2.78883884025947	0.026	0.01	1	TSKS	c27
2.82633348067687e-05	2.78736363847484	0.01	0.001	1	LINC01136	c27
0.0515921578546869	-2.78528483137118	0.005	0.028	1	TBC1D31	c27
0.163870510584775	-2.78470163562142	0	0.01	1	HOOK1	c27
0.0695085362865335	-2.78469401568706	0	0.017	1	ZNF500	c27
9.08512419628948e-08	-2.78451207151638	0.041	0.193	0.00332524630708391	ACO1	c27
2.9392888290228e-05	-2.78369792587731	0.108	0.217	1	CD8B	c27
0.0228716173376121	-2.77729494692137	0.057	0.102	1	KLRD1	c27
0.0787331666580121	2.77718956186438	0.01	0.003	1	LINC01814	c27
0.000154387872561666	2.77600055213753	0.026	0.006	1	NOCT	c27
0.0824864411451109	-2.77506213562833	0	0.015	1	ZNF852	c27
0.112182340434441	-2.77390678910874	0.005	0.022	1	ZHX2	c27
0.0119837727097584	-2.77382876426317	0	0.032	1	ZDHHC19	c27
0.0589260924035284	-2.77156437674268	0	0.018	1	CARMIL1	c27
1.09633731114826e-05	2.77023644430133	0.015	0.002	0.401270419253373	WNT2B	c27
0.0564253821320944	2.76969900434807	0.052	0.029	1	P2RX1	c27
7.27080399031372e-09	-2.76908407518997	0.031	0.197	0.000266118696849472	HPGD	c27
0.148543747917612	-2.76350167383751	0	0.011	1	ATG9B	c27
0.0037013986925958	-2.76178790002966	0.036	0.095	1	SH2D1A	c27
4.23230945352637e-05	2.7613715314314	0.01	0.001	1	DEPDC7	c27
0.0309912203104452	-2.76126489728754	0.026	0.063	1	TYW1	c27
0.025205876139574	-2.75732711610161	0	0.025	1	RSPO3	c27
8.50911573245889e-17	-2.75575566153787	0.077	0.366	3.11442144923728e-12	MSR1	c27
0.00253032127430099	-2.75532584859788	0.082	0.152	1	PRF1	c27
1.28667760800959e-06	-2.75450853377696	0.093	0.228	0.0470936871307591	CD69	c27
0.126648145396933	-2.75243922253127	0.01	0.028	1	CHRM3-AS2	c27
0.03166940890852	-2.75058067089309	0.005	0.032	1	OLMALINC	c27
3.94253636911385e-06	2.74945099653624	0.01	0.001	0.144300773645936	AC116366.1	c27
9.61509554655994e-06	-2.74513903505448	0.046	0.16	0.351922112099641	TCF7	c27
8.40682580854016e-09	-2.74388283355621	0.062	0.234	0.000307698231418378	STAC	c27
1.82302201969618e-23	-2.74324888454313	0.247	0.541	6.67244289428999e-19	CD3E	c27
0.0649113170247443	2.73842897295948	0.031	0.015	1	LINC02432	c27
0.189263195566028	2.73839569104699	0.026	0.015	1	SIGLEC5	c27
0.0183596219138685	-2.73758489856425	0	0.028	1	PGM5	c27
0.0481770569901635	-2.73754749702025	0	0.02	1	AC021054.1	c27
0.00166707487441321	2.73665988400428	0.026	0.007	1	NOL3	c27
0.00019265217845887	2.73576818504888	0.077	0.032	1	LMO2	c27
0.349100536653839	-2.7344533787659	0.005	0.013	1	TRAV41	c27
2.29211356074441e-09	-2.73371149202912	0.036	0.214	8.38936484368063e-05	NCEH1	c27
0.0332744684262439	-2.73261704395233	0	0.023	1	LINC00607	c27
0.483229783063868	-2.73080056324095	0.015	0.023	1	TRBV3-1	c27
0.0513542203175981	-2.73037010005886	0.005	0.028	1	ERMP1	c27
0.0535178941147062	-2.72929919891679	0.005	0.028	1	DBT	c27
0.0299768231480042	-2.72671042543039	0	0.024	1	AC116366.2	c27
0.0537785566533189	2.72574853603386	0.046	0.025	1	AL445524.1	c27
0.337232825970155	-2.72480996656899	0.015	0.026	1	TRGV7	c27
0.0861887964393901	2.72396964868918	0.015	0.006	1	SPHK1	c27
1.29373080390454e-08	-2.72134051912042	0.103	0.271	0.0004735184115371	SPOCK2	c27
0.000786186426785377	-2.71947062254789	0.088	0.168	1	KLRK1	c27
0.0690427845381414	-2.71779171600359	0	0.017	1	GDF15	c27
0.159208487325895	-2.71759959540759	0	0.01	1	SLC43A1	c27
2.43120363128694e-16	-2.71469291975309	0.196	0.447	8.89844841087332e-12	GCHFR	c27
0.264773909847188	-2.71419952562699	0.01	0.022	1	LMTK2	c27
0.731860446243461	2.71246341356738	0.01	0.008	1	AC009951.6	c27
0.00474851422575351	-2.71204075400661	0.057	0.118	1	SFXN1	c27
4.02546015134604e-08	-2.71143986111692	0.026	0.177	0.00147335866999417	AVPI1	c27
5.25402124791494e-06	2.71024388328336	0.01	0.001	0.192302431694935	LINC02099	c27
0.0790179155576592	-2.70834405121986	0	0.016	1	IBA57	c27
1.03153554715016e-05	-2.70749905616002	0.041	0.155	0.377552325612429	RORA	c27
2.41036603734456e-05	-2.70732658793158	0.015	0.112	0.882218073328481	IQSEC3	c27
0.151175624170439	-2.70696449606551	0.005	0.019	1	MPP6	c27
0.0917821272483959	-2.70624399784851	0	0.014	1	MIR34AHG	c27
0.0285673561738192	-2.70330452801526	0.005	0.033	1	FXYD7	c27
0.115518620077287	-2.70243244403604	0	0.013	1	AL162377.1	c27
9.6969854391312e-06	2.7018848580221	0.046	0.012	0.354919364057641	PIP5K1B	c27
0.166472543929226	-2.70004885666347	0.01	0.026	1	AL662844.4	c27
0.00037234500315285	2.69766213664383	0.057	0.021	1	FGD6	c27
0.11498353697293	-2.69756052707533	0	0.013	1	BIRC5	c27
0.000290948531005035	2.69235091569652	0.01	0.001	1	RNASEH2B-AS1	c27
1.14815315090485e-05	2.69121577438989	0.01	0.001	0.420235534762683	KIT	c27
0.366409624441579	-2.69018783341274	0.01	0.019	1	AFAP1	c27
0.357510884012581	2.68672654734092	0.026	0.017	1	AC008957.1	c27
1.09786539304682e-15	-2.68655245642438	0.072	0.344	4.01829712509065e-11	LGALS3BP	c27
0.000370995235916841	-2.68630217170632	0.057	0.142	1	AC243960.1	c27
0.105945673485118	-2.68618505097886	0.005	0.022	1	MDS2	c27
0.153222384723418	-2.68606640482652	0	0.01	1	PABPC1L	c27
0.0973124906295337	-2.68417158759214	0.005	0.023	1	CNBD2	c27
0.00830010783909152	2.68356421838824	0.01	0.002	1	ACER2	c27
0.0237427202056948	-2.68239447678882	0.005	0.035	1	DISP1	c27
0.0878963102425621	-2.6812712300843	0	0.015	1	ZNF514	c27
0.0334196928736834	-2.68114810955157	0	0.023	1	CABP4	c27
0.000339617898306105	2.68069910119954	0.026	0.006	1	FZD1	c27
0.0965125261860772	-2.67980489659094	0	0.014	1	SH3BP5-AS1	c27
0.0341556500532669	-2.67887442022821	0	0.023	1	ALDH1A2	c27
0.00181231335441813	-2.67720892069259	0.005	0.057	1	IGFBP2	c27
0.0606550156284635	-2.67613059564326	0	0.018	1	GINS2	c27
1.95504720088126e-06	2.67602092191762	0.129	0.056	0.0715566825994551	MTMR11	c27
0.233396982149424	-2.67491567922489	0.005	0.016	1	AC127521.1	c27
3.29492332451129e-05	-2.67337129276132	0.005	0.092	1	MDK	c27
0.000166338626564978	-2.67170525685602	0.01	0.087	1	HOXB6	c27
0.169915975313074	-2.67156536933763	0	0.01	1	LRRN3	c27
0.52850974306699	-2.67095856088909	0.005	0.01	1	TRGV2	c27
1.00209156699253e-12	-2.66773023924044	0.216	0.448	3.66775534434937e-08	CTSW	c27
0.241263980224749	-2.66489526959222	0.01	0.023	1	TRBV6-1	c27
0.0386812721951634	-2.66042365304565	0	0.022	1	AC004241.1	c27
0.0423906828115157	2.65674245351617	0.026	0.011	1	AC096667.1	c27
4.24494426530663e-05	2.65505623159153	0.046	0.013	1	KLHL5	c27
0.0137721688642473	-2.65399660366648	0	0.03	1	RTL8B	c27
0.546590591226844	-2.65368809793085	0.021	0.027	1	TBX21	c27
1.2429270597222e-11	-2.65309363952758	0.134	0.342	4.54923733128922e-07	LIME1	c27
0.00381057097811933	2.65300982216045	0.01	0.002	1	KCTD15	c27
0.00655221744680449	-2.65259891362856	0.026	0.077	1	PRDM1	c27
1.83184527908372e-05	2.65249187684078	0.01	0.001	0.670473690597433	AC098484.4	c27
0.0810066949050897	-2.65161574027966	0	0.015	1	CRAMP1	c27
0.0684268913329062	-2.65101084066838	0	0.017	1	TRHDE-AS1	c27
0.0279057728281541	-2.64906306916218	0	0.024	1	LINC00239	c27
0.00433592694815486	2.64694210488337	0.01	0.002	1	AC020658.5	c27
1.50974885615594e-16	-2.6458304182276	0.062	0.351	5.52583178841637e-12	GPNMB	c27
0.0130389576576806	-2.64510692824056	0.005	0.04	1	CENPV	c27
4.51404131974452e-05	2.6411454309952	0.062	0.021	1	STARD8	c27
0.0123839339802072	-2.64078326949155	0.026	0.071	1	ZBTB25	c27
0.0763672684457331	-2.63838256906904	0.01	0.033	1	COQ10A	c27
0.00406175762789049	2.63711947870394	0.01	0.002	1	HLA-DQB1-AS1	c27
0.000145263633489018	-2.63618453757296	0.021	0.104	1	LDLRAP1	c27
0.91575856599586	2.63592496440763	0.01	0.011	1	SLC9A3R2	c27
1.48482938246202e-05	2.63547784348583	0.052	0.015	0.543462402274923	C2orf81	c27
7.90595366797045e-06	2.6336490637901	0.036	0.008	0.289365810201386	PLCB1	c27
0.0153853838573015	2.63222956032754	0.01	0.002	1	AR	c27
0.107024840463938	-2.63157123884945	0	0.013	1	AC007216.4	c27
0.215688432667813	-2.63117707897247	0.005	0.016	1	SLC41A1	c27
6.93042928875164e-05	-2.63003170952316	0.021	0.11	1	CD276	c27
0.00246110347371431	2.6296425178202	0.01	0.002	1	PLS3	c27
0.237443617922316	2.62880085897471	0.01	0.005	1	CDC42EP2	c27
0.119420943429592	-2.6283460976549	0.036	0.061	1	LINC01871	c27
0.56963084462435	2.62827677164302	0.01	0.007	1	AL391832.2	c27
0.0480709940699628	-2.6273472899726	0	0.02	1	COQ3	c27
0.27497855310812	2.62573743344277	0.031	0.02	1	AC040970.1	c27
0.0324166341171057	-2.62347370576455	0	0.023	1	PCCA-DT	c27
0.0317047910184098	-2.61894502911932	0.005	0.033	1	CCDC34	c27
0.0350997426323127	2.61884213507419	0.021	0.008	1	SNAI3-AS1	c27
0.000538310889588979	2.61876344262988	0.015	0.003	1	PPP1R3G	c27
0.0162439274636178	-2.61768112497302	0	0.029	1	AP002954.1	c27
0.145037497437986	-2.61626887819971	0.015	0.034	1	TRAV12-2	c27
0.0124725082828304	-2.61245826810333	0.015	0.057	1	ASB1	c27
0.0217636656593564	-2.61187459905068	0	0.026	1	GSTT2B	c27
0.0206220788339095	-2.60788389846576	0	0.027	1	DLC1	c27
0.240827857608697	2.6046661694912	0.015	0.008	1	PWP2	c27
0.0041165381776642	2.60426865607123	0.015	0.003	1	RDH5	c27
0.026420706205538	2.60263149579148	0.01	0.002	1	ABHD17C	c27
0.184445999401159	-2.60035667390796	0.005	0.018	1	TMEM117	c27
0.00489978445651921	-2.59825788389905	0.067	0.129	1	TC2N	c27
0.0750249476572376	-2.59754766741847	0	0.016	1	CCDC142	c27
0.0128794007149971	-2.5973651279829	0.005	0.04	1	DYNC2LI1	c27
0.104345872750834	-2.59529456556637	0	0.013	1	ZNF558	c27
8.58026976343942e-07	-2.59521969253724	0.134	0.269	0.0314046453611646	GZMM	c27
0.146090600781696	-2.59259553589503	0	0.011	1	STX18-AS1	c27
0.026419532208	-2.59242579718192	0.005	0.034	1	AK1	c27
0.0249597047661259	2.59167804803459	0.015	0.005	1	SYT17	c27
0.00240229370164281	-2.58938594093581	0.01	0.064	1	NSMCE3	c27
0.135753997300697	-2.5871140010239	0	0.011	1	KIAA1324	c27
0.104529226628785	2.58679132137524	0.021	0.009	1	HSD11B1L	c27
4.47583351452026e-05	2.58462843880735	0.021	0.003	1	AC003681.1	c27
0.353309560759791	-2.58308640240415	0.005	0.013	1	LAIR2	c27
0.000443724664156021	-2.58092225740594	0.01	0.079	1	ITGB8	c27
6.40416394522819e-05	2.58029287405672	0.103	0.046	1	CLEC4E	c27
0.0463964883759076	2.57810268012114	0.067	0.041	1	WDFY3	c27
0.101272785448504	-2.57633525995126	0	0.014	1	TMEM67	c27
0.127406723109194	-2.57432793184497	0	0.012	1	AC006141.1	c27
0.0231688853210382	-2.57431340195309	0	0.026	1	PC	c27
0.254654291343197	2.57293869001514	0.01	0.005	1	AC027031.2	c27
0.220985595404788	-2.57093479976234	0.031	0.049	1	FCRL6	c27
0.00273141848640925	2.56922359664236	0.098	0.053	1	C15orf39	c27
0.223021293157056	2.56908867551225	0.01	0.004	1	LUCAT1	c27
0.151022901155591	-2.56806869281588	0.005	0.019	1	PI16	c27
0.0411070087491111	-2.56759208147508	0.01	0.038	1	ATMIN	c27
0.0533227196183659	2.56533288655516	0.01	0.003	1	SHROOM1	c27
3.41549453538376e-06	2.56508330413738	0.052	0.013	0.125010515489581	CHRFAM7A	c27
0.0201826833156433	-2.56402002019347	0	0.027	1	SMIM10	c27
0.0303083129940347	-2.56137087477371	0.005	0.033	1	LINC00278	c27
2.67441676201823e-05	-2.55753195516381	0.01	0.102	0.978863279066293	ARHGEF28	c27
0.237104494772255	2.55738669033356	0.01	0.005	1	ZNF653	c27
2.27759650248455e-13	-2.55608628009765	0.402	0.533	8.3362309587437e-09	FBP1	c27
0.0528587824859731	-2.55302109616639	0	0.019	1	FRRS1	c27
2.14403287941129e-06	2.55212291908814	0.01	0.001	0.0784737474193327	ZNF660	c27
0.00123332849942472	2.55015312040254	0.082	0.039	1	STRN4	c27
0.00117740546273168	2.5499926845571	0.072	0.032	1	TMEM170B	c27
0.0934728726280796	-2.54829939887627	0	0.014	1	ITIH4	c27
0.000159019996990681	2.54746458524527	0.031	0.007	1	ASPHD2	c27
0.000485775227823222	-2.54538212876718	0.144	0.228	1	GZMH	c27
0.0720491320937766	-2.54109089050812	0	0.016	1	GRK4	c27
0.00209438253146661	2.54045643725684	0.01	0.002	1	AC008894.2	c27
9.25887349760012e-09	-2.53385227228876	0.057	0.231	0.000338884028885662	TGM2	c27
0.0821138307814605	-2.53352615258886	0	0.015	1	ZNF319	c27
0.0783077922040248	-2.53298562766942	0.01	0.033	1	TRBV6-5	c27
0.0028749165661178	-2.53258384226316	0.082	0.154	1	GNLY	c27
0.000699837077328875	-2.53215476690436	0.026	0.098	1	CSF1	c27
2.22324971469905e-10	-2.52895275458132	0.227	0.387	8.13731628076998e-06	VSIG4	c27
0.000146134982864896	-2.5277587693651	0.082	0.178	1	ZAP70	c27
0.547268563942853	2.52625829195244	0.015	0.011	1	KTI12	c27
0.000985001636578808	-2.52474837668976	0.082	0.165	1	APOC2	c27
0.0559923537550469	-2.52323563491689	0	0.018	1	IFT46	c27
0.232547807799498	-2.51966122466856	0.015	0.03	1	SH2D3A	c27
0.0205777046718325	-2.51948024093141	0	0.027	1	AC004921.1	c27
0.017853692649452	-2.51897834543776	0	0.028	1	IL17RB	c27
0.164265899313014	-2.51856486578104	0	0.01	1	TAF4B	c27
0.0332744684265348	-2.51465728931158	0	0.023	1	RGL3	c27
2.1213092292536e-08	-2.51440852549174	0.098	0.267	0.00077642039099911	SKAP1	c27
0.0467862751211628	2.51428115145525	0.01	0.003	1	TBC1D8-AS1	c27
0.000380245880622955	2.5134577064694	0.01	0.001	1	CPNE5	c27
0.00132428347419192	2.51242973805831	0.026	0.007	1	ANXA3	c27
0.00113135037552192	-2.51103275374682	0.077	0.154	1	SIT1	c27
0.00407867630863378	2.50909030122041	0.015	0.003	1	AL109811.2	c27
0.108754329255365	2.50747338659604	0.041	0.024	1	ACRBP	c27
3.44891172984991e-13	-2.50694363557365	0.232	0.435	1.26233618224237e-08	MCEMP1	c27
0.028072843931143	-2.50496611764948	0.026	0.063	1	CD28	c27
1.97973882342303e-11	-2.50358203982991	0.036	0.249	7.24604206761064e-07	C2	c27
0.027502599402636	-2.50323804399307	0.01	0.042	1	PPM1N	c27
5.76728724416513e-06	-2.50259100548035	0.021	0.132	0.211088480423688	USP30-AS1	c27
0.00178157432343105	2.50238049689002	0.01	0.002	1	KCNJ2-AS1	c27
0.0641309981976568	-2.50211284141555	0	0.017	1	VGLL3	c27
0.096473601411783	-2.49747670247799	0.01	0.031	1	ZNF213-AS1	c27
0.00359411055449746	2.49336648632097	0.021	0.005	1	PTCH2	c27
2.88158825340327e-06	2.49179714887132	0.031	0.006	0.105469011662813	PXYLP1	c27
0.0512901361002033	-2.4914784341829	0.005	0.028	1	HRAS	c27
0.443179091980632	2.49122864914785	0.015	0.01	1	AC010969.2	c27
0.0481571813543988	-2.4907241867366	0.015	0.044	1	TCP11L2	c27
0.00390454420514759	2.49041321275051	0.021	0.005	1	CAHM	c27
0.00300868206319636	-2.48982978557325	0.005	0.053	1	FOXRED1	c27
0.157904495850717	-2.48448782324847	0.015	0.033	1	SPATA5	c27
0.00878584754289956	2.47986646075686	0.01	0.002	1	KCNAB3	c27
0.309156923072416	-2.47742325954657	0.01	0.021	1	TRAV5	c27
0.0275835251516862	-2.4762172596179	0.005	0.034	1	TRIM16	c27
0.00294710409697675	-2.47599500497637	0.062	0.129	1	BCL11B	c27
0.216433137765709	-2.47217295893919	0.005	0.016	1	AC007383.2	c27
0.0227602576485699	-2.47021132983366	0.01	0.044	1	TNRC6C-AS1	c27
0.00700325425241132	-2.46922441360872	0.031	0.083	1	STAT4	c27
0.0359263636297945	-2.46746917875919	0.01	0.04	1	TTI2	c27
0.204401304330133	2.46697763501104	0.067	0.05	1	CR1	c27
0.132282719754326	-2.4641167469334	0	0.012	1	ZNF696	c27
0.0846531350641432	-2.46254960491718	0.01	0.032	1	ZNF831	c27
0.104776015946543	2.46039537316274	0.021	0.009	1	DGKG	c27
2.52971651560068e-05	2.45676835005875	0.015	0.002	0.925901541875004	PHYHD1	c27
2.02126769494136e-09	-2.4555403122576	0.077	0.264	7.39804189025485e-05	OASL	c27
0.000219086643989762	2.4553903367595	0.113	0.056	1	MILR1	c27
0.00327050297852126	-2.45438642049533	0.01	0.061	1	RETREG1	c27
0.0798990707406588	-2.45191771561746	0.01	0.033	1	MIATNB	c27
0.493565459739563	2.45140030779008	0.021	0.015	1	CCDC153	c27
2.74870754902294e-06	2.45100051408454	0.015	0.002	0.100605445001789	GPSM1	c27
0.000170789698092485	2.45039891249687	0.031	0.008	1	PELI2	c27
0.106617469303449	-2.4464653880174	0.005	0.022	1	LINC02762	c27
0.000291834773583321	-2.44555984065237	0.031	0.112	1	LEF1	c27
0.0559277924371736	2.44450166732857	0.01	0.003	1	AC096536.2	c27
0.229767200135698	-2.44431289109111	0.01	0.023	1	FXYD1	c27
0.000123271320887215	-2.44423902262934	0.026	0.113	1	MIR3945HG	c27
0.0378447426293941	-2.44101742648209	0	0.022	1	NSUN7	c27
0.00333421561734402	2.44009777436671	0.041	0.016	1	ZNF787	c27
0.0126839201693407	-2.43893002586996	0.005	0.041	1	SLC1A3	c27
0.000115996460917423	2.43667426043506	0.057	0.019	1	CLIP2	c27
0.121586950750454	-2.43660318164186	0	0.012	1	CEP70	c27
0.0299768231484832	-2.43656608335067	0	0.024	1	DAGLA	c27
0.0468169860846318	-2.43556733713831	0	0.02	1	ERRFI1	c27
0.00103274747173004	2.43328703360927	0.082	0.039	1	SERPINB8	c27
0.011367994729668	2.43263641457668	0.041	0.018	1	AL138756.1	c27
2.94452318947429e-06	2.43213266397565	0.01	0.001	0.107772493257949	TERC	c27
0.0567426469733688	-2.43207249693233	0	0.018	1	AL138828.1	c27
1.04478817198136e-10	-2.43155995958471	0.16	0.352	3.82402918826896e-06	LCK	c27
7.30671613780922e-07	-2.43141914168723	0.139	0.278	0.0267433117359955	FLT3LG	c27
0.176875719769558	-2.43007858495602	0.01	0.025	1	TRAV4	c27
0.0547676714155818	-2.42920060304525	0.01	0.036	1	DHCR7	c27
0.0235466429020625	-2.42782987325844	0.005	0.035	1	PUDP	c27
0.0420381814756513	-2.42657424971188	0	0.021	1	MAPRE3	c27
0.0336857580941818	-2.42591795946231	0.041	0.081	1	GPR174	c27
0.252178457891249	-2.42458156882461	0.005	0.015	1	ZNF540	c27
0.0725301763142199	-2.42114433301967	0.005	0.025	1	MFGE8	c27
7.86392196890563e-06	-2.42038969450136	0.031	0.144	0.287827407983915	PLA2G15	c27
0.0349844809145645	-2.41967473637317	0	0.022	1	KRT79	c27
0.0782699165211899	-2.41779441473982	0.036	0.066	1	FAM102A	c27
0.107519865149004	-2.41313003311433	0	0.013	1	CHTF18	c27
0.643043572009061	-2.41258788436093	0.01	0.014	1	TRBV30	c27
8.16272062779556e-07	-2.40970097170061	0.129	0.268	0.0298763737697945	TRBC2	c27
0.0222779237286545	-2.40815879784764	0.015	0.052	1	TNRC6C	c27
5.88262313126573e-05	2.40809461419077	0.026	0.005	1	AL139289.2	c27
0.0596435334449348	-2.40623767688331	0.015	0.043	1	ORC5	c27
0.0337856112475794	-2.40512727966181	0	0.023	1	SLC1A7	c27
0.00068035714617808	2.40497016276132	0.01	0.001	1	EFHC2	c27
0.0736866345029062	-2.40054184995576	0	0.016	1	LYSMD4	c27
0.0555037618687569	-2.39993314987436	0.021	0.05	1	LPAR2	c27
0.0224308646648728	-2.39875672297627	0	0.026	1	CASP5	c27
0.472717818189617	-2.39874822670253	0.01	0.017	1	KLRC1	c27
7.08634257795251e-18	-2.39858295282344	0.284	0.524	2.5936722469564e-13	IFITM1	c27
0.00749253926732521	2.39678635350725	0.046	0.02	1	TRPM4	c27
0.0787287219735952	-2.395748181177	0.026	0.054	1	SFI1	c27
0.0903042449134007	-2.39543000606069	0.01	0.031	1	ATPSCKMT	c27
0.0909490566397254	-2.39326816232196	0	0.015	1	LINC01146	c27
2.96708662593892e-07	-2.39249961275414	0.015	0.148	0.0108598337595991	ACVRL1	c27
0.138341690513074	-2.39198421419212	0	0.011	1	FAM161A	c27
0.0488746418118417	-2.3915666576686	0.026	0.059	1	PAM	c27
0.0116109319591601	-2.39145872551431	0.01	0.05	1	RPUSD2	c27
0.0240353100751222	-2.39132595623742	0	0.026	1	AC067752.1	c27
0.137001602610971	-2.38887476309321	0.005	0.02	1	EIF2AK3	c27
0.304595338080836	-2.38777481611723	0.01	0.021	1	IFNG	c27
0.0333469993980658	-2.38349192215159	0	0.023	1	RBP1	c27
0.026223409757446	-2.38236314138366	0.015	0.05	1	AKAP7	c27
0.00174098808381909	2.3808628516226	0.052	0.02	1	RFNG	c27
0.542289147215321	2.37953066899978	0.01	0.007	1	ZDHHC14	c27
8.59008952556726e-05	2.37758922507902	0.134	0.069	1	SUCNR1	c27
0.000525104346887075	-2.37731288501315	0.021	0.094	1	NPC1	c27
0.0968764750394126	2.3770212784472	0.041	0.024	1	PRRG4	c27
0.108446568684757	-2.37456517433828	0.021	0.044	1	GNB5	c27
0.0328655810727942	2.37456272529176	0.036	0.017	1	U62317.4	c27
3.80814483680039e-16	-2.37288751385696	0.16	0.43	1.39381909171731e-11	SERPING1	c27
0.00143818804368802	-2.36802168682099	0.098	0.176	1	KLRB1	c27
0.00560585065245264	-2.36720371873858	0.015	0.064	1	HSBP1L1	c27
0.00130088857494267	-2.36708406339335	0.015	0.077	1	IFIT5	c27
1.50016907197823e-15	-2.36614882169564	0.381	0.568	5.49076882034752e-11	C1QC	c27
0.152128272356493	-2.36604952557408	0	0.01	1	ZNF682	c27
4.54638849396801e-10	-2.36442312051265	0.144	0.337	1.66402365267723e-05	CD7	c27
0.035445265385505	-2.36297964530269	0	0.022	1	PEX11G	c27
0.258390117949807	2.36079272147418	0.01	0.005	1	LINC01963	c27
4.77142498539395e-05	2.35971567261466	0.046	0.013	1	MOCOS	c27
3.69129966450923e-05	2.35664466639552	0.18	0.103	1	LILRA5	c27
0.151765510390949	-2.35579806991154	0	0.01	1	ZNF417	c27
0.159208487328452	-2.35184586099637	0	0.01	1	LIN9	c27
0.508063775468603	2.34697227572451	0.01	0.017	1	LRRC6	c27
0.000723080696071991	2.34460834367221	0.041	0.013	1	PLEKHA7	c27
0.00604645777716772	2.34417000950249	0.036	0.013	1	SLC25A29	c27
1.0214284671556e-24	-2.34334991282415	0.263	0.615	3.73853033263621e-20	PCED1B-AS1	c27
9.26631999170998e-05	2.34290302597562	0.021	0.004	1	TNKS1BP1	c27
0.0246517426588731	-2.34150338391886	0.005	0.035	1	TLE1	c27
2.67063306542721e-05	2.34106327453531	0.119	0.054	0.977478408277013	NFAM1	c27
0.000252148850827276	-2.3399573129889	0.005	0.075	1	AP000547.3	c27
0.000137701825290094	2.33912624746941	0.046	0.014	1	GRAMD4	c27
0.114451148179065	-2.33740129407432	0	0.013	1	KIF27	c27
0.00299134701081308	-2.33536261039658	0.01	0.062	1	NEIL2	c27
0.260401521577833	-2.33475101589713	0.005	0.015	1	IGLV2-14	c27
0.0177727368704332	-2.33455430335478	0.005	0.038	1	CENPS	c27
1.46182940895004e-05	2.334336031378	0.01	0.001	0.535044181969804	IGHA1	c27
0.124873475494533	2.33396799383774	0.01	0.004	1	MACORIS	c27
0.00805718408517192	2.33379811604218	0.067	0.034	1	JDP2	c27
0.0386127814260947	2.33235765388399	0.01	0.003	1	AC026748.3	c27
3.08105193374956e-05	2.33044378882556	0.021	0.003	1	SERPINB9P1	c27
0.359637987784615	-2.32738252576924	0.005	0.012	1	LINC00921	c27
2.26037818926613e-06	-2.32729189321328	0.041	0.168	0.0827321021053297	FHL1	c27
7.0218588014099e-05	-2.32521208163443	0.072	0.176	1	RHOH	c27
0.000710482999117738	-2.32519251193931	0.005	0.066	1	AOC3	c27
0.00380595033060047	2.3247550917429	0.01	0.002	1	AP001469.3	c27
0.102678830457774	-2.32393997796666	0	0.014	1	RGMB	c27
0.0365983514671393	-2.32277829386921	0.015	0.047	1	MT1E	c27
0.000391991421553212	2.31737063318895	0.052	0.018	1	SPATA2	c27
0.0394504594122505	-2.31665905118625	0	0.021	1	ZBTB8A	c27
0.205521384374964	-2.31586448233796	0.005	0.017	1	CDC14B	c27
0.588317661342868	2.31526400840114	0.01	0.007	1	TMEM201	c27
0.0298867489004848	-2.31523871241668	0.062	0.106	1	MATK	c27
0.206421113068782	-2.31122071640511	0.005	0.017	1	AC138150.1	c27
0.0935699429775425	2.31074798851014	0.041	0.024	1	CDC34	c27
0.628024735536731	-2.30731681183643	0.021	0.026	1	TRBV2	c27
0.250889757560769	-2.30509447937022	0.005	0.015	1	AC005332.4	c27
0.00612886391584282	-2.30497369455739	0.01	0.055	1	PJA1	c27
0.0048403728791765	2.30474808906803	0.021	0.006	1	NRSN2-AS1	c27
0.36261059586229	2.30309532870271	0.01	0.005	1	CKB	c27
0.0174694355733946	-2.30241482846796	0.005	0.038	1	CD274	c27
0.0765906514573397	2.30045474302307	0.01	0.003	1	SLC1A2	c27
0.153383442749866	2.29996205462221	0.031	0.018	1	ADGRE3	c27
0.098143347015179	2.29858579249623	0.021	0.009	1	KRBA1	c27
0.0732515448282002	-2.29721554607228	0.015	0.041	1	DZIP1L	c27
0.10755633380182	-2.2966447919043	0.01	0.03	1	ARMC2	c27
0.0190960374246732	-2.29654520865317	0.021	0.061	1	GIPC1	c27
9.30759005279064e-05	-2.29426842170893	0.072	0.175	1	PRKCH	c27
0.0766729847932231	-2.2926532794331	0.005	0.025	1	ANO9	c27
0.00883022061473076	2.29259597382288	0.01	0.002	1	C16orf46	c27
0.000145012692570549	2.29099714984787	0.021	0.004	1	TGFA	c27
0.00619987277800749	-2.29059473740868	0.015	0.063	1	GMPR	c27
0.0397560780943062	-2.28823823275367	0.005	0.031	1	CCL28	c27
0.560476863528459	-2.28767117857543	0.01	0.015	1	KLRC2	c27
0.00854899338177834	-2.2861280400985	0.072	0.13	1	HOPX	c27
9.08462440599027e-05	-2.28599193186392	0.005	0.083	1	SNX24	c27
0.0660542609289118	-2.28512762621981	0.031	0.062	1	TSPYL2	c27
0.499215076753762	2.28505375478627	0.01	0.006	1	LINC01001	c27
0.0889015477508982	-2.28490896264157	0	0.015	1	C3orf33	c27
0.0371499436438374	2.28443647709531	0.026	0.011	1	ADAM12	c27
0.0852302806809775	-2.28329653555774	0.005	0.024	1	BBS1	c27
0.000183380432384527	-2.28323988425154	0.005	0.077	1	AC011899.2	c27
0.147769811881411	2.28131482159928	0.01	0.004	1	FCGBP	c27
1.24164714163023e-09	-2.28056431135887	0.057	0.248	4.5445527030808e-05	SCCPDH	c27
0.0926233691565584	-2.27729972892503	0	0.014	1	PYCR3	c27
0.111448798981535	-2.27650338310548	0.005	0.022	1	ZNF230	c27
1.4006755868767e-07	-2.27335125566035	0.149	0.301	0.00512661271552741	LAT	c27
0.000223372639628374	2.27302858189691	0.01	0.001	1	PAK3	c27
0.112348224795733	-2.26948512355012	0	0.013	1	ZNF280B	c27
0.234830052937245	-2.26941959104864	0.005	0.016	1	LINC002481	c27
1.50680843799849e-05	-2.26785603574814	0.01	0.108	0.551506956391826	NPL	c27
3.20141009665685e-15	-2.26743941409195	0.304	0.514	1.17174810947738e-10	MARCO	c27
0.145368939764853	2.26724343816063	0.01	0.004	1	AC024909.1	c27
0.0305348497781018	2.26693717339196	0.026	0.01	1	ZBTB18	c27
0.0124820894847184	-2.2666086699013	0.036	0.086	1	CRTAM	c27
0.0397103495537713	-2.26530504883285	0	0.021	1	AC079209.1	c27
3.24859730102927e-08	-2.26397785502835	0.273	0.424	0.00118901909814972	CCL5	c27
4.62894502062826e-05	-2.26375423440167	0.005	0.089	1	BACE1	c27
0.110684541620747	-2.26256246971165	0.01	0.03	1	LLGL2	c27
2.16605721762254e-06	2.26082500406356	0.093	0.033	0.0792798602222027	RNF24	c27
0.0171771726965277	-2.25993389873233	0.057	0.106	1	THEMIS	c27
0.000256109842318096	2.25919873349024	0.01	0.001	1	AL356966.1	c27
0.052393170541702	-2.25889964273877	0	0.019	1	FGFRL1	c27
0.231085426837429	2.25465163677261	0.01	0.005	1	CATSPER2	c27
0.759040807952864	2.25224630844764	0.036	0.033	1	TNNT1	c27
0.14481359725567	-2.25027730964125	0.005	0.02	1	C12orf66	c27
0.102340254500014	-2.25012955460175	0.026	0.051	1	SLA2	c27
0.0704019420221402	2.24915387966001	0.031	0.015	1	FMO5	c27
0.0736084551520544	2.24749148243908	0.01	0.003	1	HES1	c27
3.45246517123912e-11	-2.24744908217718	0.088	0.303	1.26363677732523e-06	RMDN3	c27
0.400525003676244	2.24712901632622	0.026	0.018	1	NAPA-AS1	c27
0.00394587336003589	-2.24609327235598	0.01	0.059	1	LIMK2	c27
0.000161494627377637	2.24448279501315	0.072	0.028	1	CDC42EP1	c27
2.87106537860039e-05	-2.24410508522774	0.17	0.273	1	SEPTIN1	c27
2.88830620805414e-05	2.24371132874742	0.072	0.025	1	SH3BP4	c27
0.124169020600433	-2.24345004271466	0	0.012	1	RFESD	c27
6.44119785167457e-06	2.24338094539179	0.144	0.067	0.235754282569141	PHLDA2	c27
0.123014104723049	-2.24250954834745	0	0.012	1	CCDC102B	c27
9.02704928424754e-06	-2.24051821649317	0.015	0.121	0.330399030852744	AMIGO2	c27
1.74982789735922e-10	-2.23897025585141	0.18	0.371	6.40454508712447e-06	CD3G	c27
0.00493098004525719	2.23568515072278	0.026	0.008	1	AL133243.2	c27
0.0116202690206939	-2.2352779060043	0.036	0.085	1	CD40LG	c27
2.45850853462732e-05	2.23443563307274	0.057	0.017	0.899838708758945	THAP9-AS1	c27
0.000541508532541352	2.2344146257229	0.01	0.001	1	FAM71E1	c27
0.846596961965824	2.23420326702904	0.01	0.012	1	MMEL1	c27
0.00241502498564243	-2.23254064454775	0.046	0.115	1	DNAJC9	c27
0.198423834974771	-2.23080823331797	0.021	0.038	1	BCAS4	c27
0.304057796445475	-2.23029753802815	0.005	0.014	1	HIP1R	c27
0.158219623731893	-2.23023901549256	0.005	0.019	1	ZNF18	c27
0.000374351831375281	2.22712892723224	0.103	0.05	1	AMPD2	c27
0.82302798248018	2.22229913582059	0.015	0.014	1	LIN7A	c27
0.0637030662111071	-2.2190847562287	0	0.017	1	SPIRE2	c27
0.120260363613604	-2.21742315399012	0.01	0.029	1	LINC00426	c27
0.704661946998967	-2.21585577264027	0.026	0.03	1	TRAV21	c27
0.0391923248204167	-2.21546391367266	0	0.021	1	PTCRA	c27
0.459857512989156	2.21483744327712	0.01	0.006	1	AC004556.3	c27
0.209961373381025	-2.21440952304744	0.015	0.031	1	EHBP1	c27
0.0129015828841955	2.21411131847457	0.041	0.018	1	MED20	c27
0.00495604646022837	2.21194999514162	0.015	0.003	1	AC006001.2	c27
1.41632010953191e-05	2.20829249095351	0.077	0.027	0.518387323289774	ZNF710	c27
6.55355382658919e-06	2.20616161143793	0.144	0.068	0.239866623606991	NECTIN2	c27
1.80072996328277e-08	-2.2039527664336	0.015	0.169	0.000659085173861126	AGRP	c27
0.0484967067377888	-2.20278582600926	0	0.02	1	LINC02542	c27
1.37317813445481e-11	-2.20274441982164	0.093	0.322	5.02596928991805e-07	OPTN	c27
1.80145300982526e-14	-2.20269610001864	0.211	0.449	6.59349816126144e-10	CD3D	c27
0.00204082096546902	-2.20200689854013	0.072	0.145	1	PTPRCAP	c27
0.00436257759197816	2.20158324793596	0.01	0.002	1	CFLAR-AS1	c27
0.164943510133838	-2.19950370088853	0.005	0.019	1	NUP35	c27
0.118594023014846	-2.19851017209754	0.026	0.05	1	RNASE1	c27
6.8756504057682e-07	-2.19706033216825	0.01	0.133	0.0251655680501522	KCNMA1	c27
0.0694502081065669	-2.19695583969114	0.005	0.026	1	ASNSD1	c27
0.00720824190487695	2.19531743970642	0.015	0.004	1	CLEC1A	c27
4.39616548859611e-13	-2.19523649341746	0.108	0.348	1.60904053048106e-08	OLR1	c27
0.148543747917375	-2.19490355207778	0	0.011	1	AL031963.3	c27
0.105153288792318	-2.19333998687577	0.005	0.022	1	CCL3	c27
0.180932620895368	2.19283894373907	0.021	0.011	1	BOLA2	c27
0.138015267557439	-2.19138561390028	0	0.011	1	C5orf17	c27
0.00348018510828696	2.19109951942725	0.041	0.016	1	ZCWPW2	c27
0.0015684471496473	-2.18579534843503	0.015	0.076	1	HDHD3	c27
0.123014104723433	-2.18495943076592	0	0.012	1	ZNF155	c27
0.0305436909561123	-2.18492264786437	0.01	0.041	1	TSHZ1	c27
0.00259717473139203	-2.18299405124299	0.026	0.087	1	GALC	c27
0.263649942139182	-2.18265557328056	0.01	0.022	1	PHC1	c27
0.00553576816473201	2.182049804702	0.015	0.004	1	INKA1	c27
2.18591153193839e-08	-2.18203440681134	0.067	0.241	0.000800065479804769	GLDN	c27
9.1931539766344e-05	-2.18048319500146	0.026	0.116	1	UBE2D4	c27
0.0542816731267976	-2.1803782626155	0	0.019	1	OVCH1	c27
0.0440504911879215	2.17965045691362	0.041	0.021	1	SAMD4A	c27
0.157310124740302	-2.1787702141446	0	0.01	1	HMMR	c27
0.166259054768708	-2.1771523720472	0	0.01	1	FAM111B	c27
0.0611976178516121	-2.17698042626239	0	0.018	1	CXADR	c27
0.225679312013472	2.17587067440899	0.01	0.004	1	GTF2IRD1	c27
0.183177734960739	-2.17477990205264	0.01	0.025	1	HABP4	c27
0.00033804491386138	-2.17366684280643	0.088	0.178	1	CD6	c27
0.00165510692877025	-2.17253061751339	0.005	0.058	1	PARAL1	c27
0.00068843505311805	-2.17113730744141	0.026	0.099	1	FGD5	c27
0.000142913393447263	2.16925079327175	0.134	0.069	1	AC020656.1	c27
0.336011487610369	2.1677705775713	0.01	0.005	1	MZB1	c27
0.0700278348327736	-2.16681577965839	0.021	0.048	1	EIF3J-DT	c27
0.0757209096895743	-2.16442071392217	0.036	0.067	1	TENT5C	c27
0.47226715146056	2.1635142346688	0.031	0.024	1	INSR	c27
0.308446894524984	-2.16253084225284	0.015	0.027	1	ZNF484	c27
0.0876967226968405	-2.16237703986541	0	0.015	1	HES6	c27
0.0136827068017665	-2.16107368959141	0.005	0.04	1	AC069360.1	c27
0.0624839951796076	-2.16097462300255	0.005	0.027	1	IL11RA	c27
3.1988776196788e-06	-2.16084958993591	0.01	0.12	0.117082119757864	PMP22	c27
0.0274145238220558	-2.15917992929029	0.005	0.034	1	GPR153	c27
5.65670645702588e-06	-2.1591359437471	0.088	0.222	0.207041113033604	PCED1B	c27
0.22143914735067	-2.15876111396666	0.01	0.024	1	TRAV20	c27
0.00836454045503281	2.15875160971783	0.082	0.045	1	LATS2	c27
0.0849930750703803	-2.15705155738191	0.072	0.105	1	GRAP2	c27
0.188213918278827	-2.15700480868995	0.01	0.025	1	AC013264.1	c27
0.0195049219630861	2.1561256896439	0.015	0.004	1	EMC1-AS1	c27
0.0605201542965011	-2.1556475003368	0	0.018	1	SOX13	c27
0.00090919093479857	-2.15550329250141	0.088	0.17	1	CD96	c27
2.32396060992125e-06	2.15440534484455	0.052	0.013	0.0850592822837278	MIR181A1HG	c27
5.16147607854748e-05	2.15369476996592	0.01	0.001	1	ITGA10	c27
0.0830487318787695	-2.15345585853515	0	0.015	1	YPEL4	c27
0.0698329711587814	-2.1524182125935	0.026	0.055	1	PKNOX1	c27
0.0128575016621477	2.14935545573026	0.093	0.055	1	INPPL1	c27
0.134556798438124	2.14897591543749	0.015	0.007	1	TMEM86B	c27
0.159975023918647	-2.14800695206886	0	0.01	1	CKAP2L	c27
4.28261347081017e-05	2.14598738142548	0.01	0.001	1	AC009315.1	c27
0.427226892844132	2.14593132802945	0.021	0.014	1	TRIM3	c27
0.254478568980281	2.14581703040832	0.01	0.005	1	RAB23	c27
0.119591385416209	-2.14529604803294	0.005	0.021	1	CCHCR1	c27
0.0679042154979254	2.14521436005629	0.01	0.003	1	ARHGAP5-AS1	c27
0.131330726157857	-2.14464504689241	0.021	0.042	1	TTN-AS1	c27
0.795757290688996	-2.14382051234625	0.026	0.028	1	MSC	c27
0.557527119743985	2.13990016848002	0.031	0.025	1	ARHGAP22	c27
0.129819563920971	-2.13978312443083	0	0.012	1	MAP3K10	c27
0.0107752912647985	-2.1396872253681	0.067	0.124	1	GATA3	c27
0.0323713848975251	2.13919079013786	0.031	0.013	1	CAPS	c27
0.0352391145133487	-2.13555567866328	0.031	0.069	1	LINS1	c27
0.00372388672466291	2.1353681135081	0.021	0.005	1	SCARF1	c27
0.137689695928406	-2.13409280201639	0	0.011	1	AC009065.4	c27
0.249399664260521	-2.13400747680768	0.005	0.015	1	PLPP6	c27
0.187563485062704	2.1337943999696	0.01	0.004	1	FZD7	c27
0.139680003589343	-2.1319775455756	0.026	0.048	1	PRR5	c27
0.0856317204048557	-2.13054469523846	0.005	0.024	1	AC004889.1	c27
0.00150413825137748	2.12841061990862	0.021	0.005	1	KIAA1958	c27
0.0478566171521905	-2.12809520294704	0.005	0.029	1	MAP11	c27
0.200419454824251	-2.12804799194199	0.005	0.017	1	ANKEF1	c27
0.134241343107043	-2.1275649584478	0.01	0.028	1	BRD3OS	c27
0.0486037456432681	-2.12752149619448	0	0.02	1	TPD52L1	c27
3.96230438321017e-05	-2.12698720432984	0.01	0.099	1	PRSS21	c27
0.184687164487337	2.12309410901748	0.077	0.058	1	PRKACA	c27
0.0441179816137502	-2.1211095535441	0	0.02	1	OTOA	c27
0.0841855841829653	-2.12018915470331	0	0.015	1	KLHL29	c27
0.00187651470909271	-2.1197176433791	0.026	0.09	1	CA2	c27
0.0361372398857085	2.11829100852361	0.108	0.073	1	CSF2RB	c27
0.553182301404724	-2.11825267495029	0.01	0.015	1	C5orf63	c27
0.125335815763719	-2.11684977979879	0	0.012	1	BBS5	c27
0.305076224579413	-2.11637543777328	0.01	0.021	1	CDKN3	c27
0.467860908685798	2.11634895914444	0.031	0.024	1	ADAP1	c27
0.0283305379002879	-2.11592845575615	0.01	0.042	1	PLXNA3	c27
0.000160249993290718	-2.11578209598872	0.026	0.111	1	CCRL2	c27
0.135963450907444	-2.11488249303832	0.005	0.02	1	AARS2	c27
0.225860162946538	-2.11373474074841	0.067	0.088	1	BCL2	c27
0.126356959232782	-2.11282528167422	0.041	0.068	1	AC022706.1	c27
0.0205772283145057	2.11158280063187	0.01	0.002	1	AC034231.1	c27
0.0282209127199937	-2.10759786447642	0.005	0.034	1	BBS9	c27
0.134185736794962	-2.10693558763641	0.046	0.072	1	SHISAL2A	c27
0.196083524745999	-2.10658507024922	0.01	0.025	1	ZNF420	c27
0.150583375574541	-2.10548552262437	0.005	0.019	1	LINC01215	c27
0.178082258748619	-2.10481685263435	0.005	0.018	1	TRAV16	c27
0.00792241943803749	2.10410241918453	0.01	0.002	1	CLCN1	c27
0.0258364488587298	-2.09403987466023	0.005	0.034	1	TTLL4	c27
3.90355054796241e-06	-2.09330858825621	0.093	0.231	0.142873853605972	DENND2D	c27
0.411451596658502	-2.09190559367311	0.01	0.018	1	HIST1H1B	c27
0.289687317595465	-2.0914989885396	0.005	0.014	1	EDARADD	c27
0.00370384275229978	2.08991494591452	0.088	0.046	1	GAS7	c27
0.0517027478896097	-2.08797727655264	0	0.019	1	FNDC10	c27
0.497294350670663	-2.08599574464498	0.01	0.016	1	TRBV29-1	c27
0.096492066585972	-2.08584426002471	0.005	0.023	1	SYNGAP1	c27
0.000153849507097938	2.08425356252392	0.036	0.01	1	SAP30	c27
0.493116854428427	2.08413677247606	0.01	0.006	1	SLC46A2	c27
9.3531519321093e-10	-2.08396795546887	0.088	0.284	3.42334713867132e-05	TREM2	c27
0.000289738733765802	-2.08392132149139	0.015	0.091	1	LIMS2	c27
0.00966505572640825	-2.08338321786652	0.015	0.06	1	LINC01278	c27
0.00851438455407701	-2.08096965695094	0.046	0.103	1	CBLB	c27
1.1753764695604e-10	-2.08015973761472	0.082	0.294	4.30199541623801e-06	SCD	c27
0.469744821829906	-2.07994605058781	0.021	0.029	1	TTN	c27
8.35381012408477e-05	-2.07988321596469	0.021	0.11	1	HSD17B14	c27
2.05529437067552e-18	-2.07875131236619	0.356	0.591	7.52258292610946e-14	IL32	c27
0.0733093362540059	-2.07843097980157	0.021	0.048	1	KLF12	c27
0.0884979874946046	-2.07828024495861	0	0.015	1	RND3	c27
0.105277681668123	-2.0780586680334	0.01	0.03	1	ZNF234	c27
0.0316695347814951	-2.07794857767558	0.005	0.032	1	RHOD	c27
0.0731912946082032	-2.07668847703598	0	0.016	1	WFS1	c27
0.834232371255356	2.07532529694024	0.01	0.009	1	IL27	c27
0.0865093067444407	-2.07353915252278	0	0.015	1	AC108488.1	c27
0.0175491021616872	-2.07328539214258	0.01	0.046	1	MBNL1-AS1	c27
2.02831031962524e-05	2.06983212467213	0.026	0.005	0.742381860086035	CCL2	c27
0.688901767285829	-2.06918652039016	0.021	0.025	1	TRAV1-2	c27
0.00112526434012265	-2.06652977016451	0.088	0.168	1	CLEC2D	c27
0.354157828397329	-2.06467579103859	0.005	0.013	1	MEGF6	c27
0.13704109613038	-2.06276275478228	0	0.011	1	LINC00884	c27
0.132072007346022	-2.05832983641097	0.031	0.055	1	CCL4L2	c27
0.0813739671752765	-2.05816526759217	0	0.015	1	AC083949.1	c27
2.34839735241768e-06	-2.05725458926651	0.201	0.33	0.0859536914958396	GZMA	c27
7.16613197127899e-06	2.0521877826452	0.088	0.032	0.262287596280782	SLC44A1	c27
0.229822463136669	-2.05041679548756	0.01	0.023	1	WDR76	c27
5.77575586206027e-05	-2.0501493844438	0.036	0.136	1	KCNA3	c27
4.16023684840717e-05	2.04889226459536	0.057	0.018	1	MAML3	c27
0.20760311334112	-2.04819944617374	0.01	0.024	1	ZNF75D	c27
0.395968332744188	-2.0472759902202	0.031	0.043	1	TRAV9-2	c27
0.0442150117662067	-2.04710398999289	0	0.02	1	TMEM52B	c27
0.612836574164908	-2.04622877709347	0.036	0.042	1	TSPAN5	c27
7.95887784761447e-11	-2.04600333325338	0.175	0.379	2.91302888100537e-06	RHBDD2	c27
0.0030519926637671	-2.04595115392965	0.026	0.086	1	PHLDA1	c27
0.142326142304053	-2.04512360331734	0	0.011	1	PPP2R3B	c27
0.000666579613767277	-2.04441528257078	0.093	0.181	1	DUSP2	c27
0.325321996670349	2.0427955412847	0.015	0.009	1	ZFP3	c27
0.0107921941537844	2.0411856052096	0.01	0.002	1	ZNF415	c27
0.0824864411449859	-2.04116457548597	0	0.015	1	AL078582.1	c27
0.0107105975356957	2.04100282262322	0.108	0.067	1	CLCN7	c27
0.000101822516757729	-2.0387912970844	0.165	0.281	1	CMC1	c27
0.0589888956406831	2.03803128448258	0.01	0.003	1	AC011446.2	c27
0.200705449114617	-2.03720511037422	0.015	0.031	1	RGS9	c27
0.0666136785527596	-2.03635974857044	0	0.017	1	TJP1	c27
0.121114700529802	2.03607142094708	0.015	0.006	1	TBCE.1	c27
0.0401984911628894	-2.03526202957658	0.015	0.047	1	GMNN	c27
0.559512368196357	-2.03515630138006	0.015	0.021	1	APOBEC3D	c27
0.00220344822210059	-2.03460039719591	0.01	0.065	1	SLC47A1	c27
0.0756595124131548	-2.03290212844214	0.021	0.048	1	ZNF639	c27
0.0973649422895665	2.03252776054552	0.01	0.003	1	GRB10	c27
0.00129979783284373	-2.03072839186559	0.015	0.078	1	CASP7	c27
0.00150701753291652	2.03024255687942	0.041	0.014	1	PPM1L	c27
0.110406427490276	2.0297156854492	0.015	0.006	1	LYPD3	c27
0.00135905495005785	2.02951171233349	0.222	0.158	1	HLA-DQB2	c27
0.0019676536990255	-2.02922362276607	0.062	0.137	1	SMYD2	c27
0.00880112604589218	2.02865636041927	0.01	0.002	1	DDR1	c27
0.0259351664158678	2.02830658710715	0.021	0.007	1	NEDD4L	c27
0.0746762524203641	-2.02750567995072	0.005	0.025	1	DGKQ	c27
0.00259048406664008	2.02711482082725	0.072	0.034	1	PHC2	c27
0.127813972736588	-2.02621877365704	0.005	0.021	1	ZSWIM9	c27
0.00280215749738122	-2.02541181594291	0.041	0.108	1	ST6GALNAC6	c27
1.60146028832839e-05	2.02399951437835	0.072	0.024	0.586150480131073	CACNA2D4	c27
0.129638353069001	-2.02245775324615	0.021	0.042	1	FEN1	c27
0.38285866019096	-2.02239937623733	0.005	0.012	1	SLC25A42	c27
0.0544020364597286	-2.02220701701717	0	0.019	1	AL157388.1	c27
0.111570476881176	-2.02207207021783	0	0.013	1	TMEM237	c27
0.271174064267168	2.02183995546906	0.026	0.016	1	C19orf54	c27
0.342466970118001	-2.02176525076996	0.026	0.038	1	NMT2	c27
1.74917672346481e-09	-2.02168503345439	0.16	0.357	6.40216172555353e-05	STMN1	c27
0.0118354663752975	-2.02113637332798	0.052	0.105	1	PTPN4	c27
0.0937070256672419	-2.02033253976671	0.026	0.052	1	EXOC8	c27
0.0200993584817492	2.02013064714972	0.015	0.004	1	ROM1	c27
0.611807543121711	2.01896785984792	0.01	0.007	1	LINC02285	c27
0.00323121261277645	-2.0181182193501	0.005	0.053	1	TMEM74B	c27
0.00012933469755093	2.01743113721864	0.165	0.092	1	ARPIN	c27
0.167058517210576	-2.01725529403242	0.077	0.102	1	LY9	c27
1.42733912970698e-05	-2.0163474508472	0.021	0.126	0.52242039486405	TCN2	c27
1.75505869603331e-06	-2.01516970169836	0.052	0.188	0.0642369033335152	BHLHE41	c27
0.157892572099796	2.01440992068599	0.015	0.007	1	NFIX	c27
0.0315583135881603	2.01425175422623	0.046	0.024	1	SFXN5	c27
4.82702943429148e-06	-2.01389316804837	0.015	0.125	0.176674104324503	THBS1	c27
0.229368269343934	-2.01384025401138	0.01	0.023	1	FSD1L	c27
0.146497402588829	-2.01342211264483	0.041	0.066	1	PRKD2	c27
0.181644238827607	-2.01173102248448	0.005	0.018	1	PACRGL	c27
0.0141855750164031	-2.01166211548318	0.134	0.188	1	CD8A	c27
0.0597700799421658	-2.01154351143781	0.015	0.043	1	NIFK-AS1	c27
0.199464972776885	-2.01124423137838	0.021	0.038	1	FAHD2B	c27
0.259513246645433	-2.01119459546205	0.026	0.041	1	PBX4	c27
7.40933921555597e-05	2.01099258513062	0.01	0.001	1	GARNL3	c27
0.0132394880075908	-2.01040052719237	0.021	0.064	1	AC105446.1	c27
6.37660774024942e-05	2.00989951434882	0.216	0.135	1	DUSP6	c27
0.584838116583112	2.00980514854096	0.01	0.007	1	AL022311.1	c27
0.0140629917495825	-2.00676144638043	0.036	0.085	1	CGRRF1	c27
0.132438690972584	-2.00533441268572	0.005	0.02	1	RFC5	c27
2.72748600311819e-05	2.00504598808035	0.062	0.02	0.998287152001289	MSH5	c27
0.0727922143078083	2.00468659733446	0.021	0.009	1	FAM13A-AS1	c27
0.136536016681745	-2.00440388129197	0.036	0.061	1	LIG1	c27
0.845332539601051	2.003913696537	0.01	0.009	1	FFAR2	c27
6.84823049271605e-06	2.00357460392961	0.041	0.01	0.2506520842639	AHDC1	c27
0.136718062725574	-2.00324618071418	0	0.011	1	SNTA1	c27
0.0842637107619756	-2.00227452147993	0.005	0.024	1	CDKL1	c27
0.881078983739261	-1.99924345114131	0.052	0.052	1	GPR171	c27
0.101862131536263	-1.99865282126084	0.015	0.038	1	STRADB	c27
0.0989752452588251	-1.99759458943274	0	0.014	1	CRNDE	c27
0.719512146558443	-1.99693051520433	0.031	0.035	1	ENO2	c27
0.0972695731913426	-1.99680101034621	0.01	0.031	1	TK1	c27
0.0697826316392812	1.99631559768798	0.015	0.006	1	MYLK-AS1	c27
0.00994839127430427	-1.99566886486722	0.041	0.095	1	MAF	c27
0.00078422234074132	-1.99455535367499	0.031	0.106	1	PRPS1	c27
0.00997578106711215	-1.99413365604934	0.046	0.101	1	PTGER2	c27
0.132594213313872	-1.99339503027767	0	0.012	1	F12	c27
0.041275265577808	-1.99299944484608	0.01	0.039	1	ZRANB1	c27
0.272805495325447	-1.99230042440651	0.01	0.022	1	ZNF507	c27
0.029714936266471	-1.99229939755946	0.026	0.064	1	ZDHHC5	c27
7.21538664210506e-09	-1.99220157428147	0.237	0.394	0.000264090366487687	CD9	c27
0.0971775795138124	-1.99163669564517	0	0.014	1	GPR85	c27
0.122441057421109	-1.99163056769255	0	0.012	1	ENTPD7	c27
0.200464075473917	-1.99112561190029	0.021	0.038	1	LINC00342	c27
0.259115776827891	1.99031325195726	0.01	0.005	1	AC114271.1	c27
0.0118578938806848	-1.98983088520734	0.005	0.041	1	RARRES1	c27
0.00111997598615625	-1.98949216681482	0.16	0.243	1	SYNE2	c27
0.0334225769755137	-1.98897935623895	0.031	0.069	1	MAPK13	c27
0.020023587922318	1.98846085052743	0.149	0.101	1	AL627171.2	c27
0.0993317552594365	-1.98791200094502	0.015	0.038	1	MCM4	c27
0.119492982167264	-1.9878502299999	0.021	0.043	1	BRF2	c27
0.24393945171189	-1.98712164897858	0.005	0.015	1	DNLZ	c27
0.0430650886319385	-1.98574305856234	0	0.021	1	MFAP5	c27
8.21259214604077e-05	-1.9853367495039	0.015	0.102	1	ELL2	c27
0.160868677352481	-1.98527411865913	0.036	0.059	1	IPCEF1	c27
0.0585021803490249	-1.98506305795853	0.046	0.082	1	STMN3	c27
0.000538744780937426	-1.98482118843016	0.129	0.216	1	ITM2A	c27
0.236609303106269	-1.98465630236053	0.01	0.023	1	ZBTB49	c27
0.0203396210776486	-1.98297029984075	0.031	0.074	1	MIB2	c27
0.381628216372388	-1.98276930888615	0.005	0.012	1	PRDM10	c27
0.0227411913451014	1.98217827180436	0.036	0.016	1	SLC30A1	c27
0.0969365826196015	-1.98203777290515	0.026	0.052	1	AC013457.1	c27
0.101532870210986	-1.98061705576777	0.005	0.023	1	TRGC2	c27
0.286616133749488	-1.98007761288367	0.005	0.014	1	AC145124.1	c27
1.16414404656258e-06	-1.97932629778501	0.036	0.169	0.0426088362482372	NR1H3	c27
0.02688865586081	-1.97909890013634	0.046	0.09	1	MYC	c27
0.16444563550441	-1.97857725194183	0.005	0.019	1	SOGA3	c27
0.0446539784620747	-1.97804216736948	0.01	0.038	1	ABCA1	c27
0.000305190762070333	1.97793815721236	0.026	0.006	1	AC006064.4	c27
0.46191572816201	-1.97775752345308	0.005	0.01	1	AC009133.3	c27
0.00336253471997745	1.97708967609803	0.026	0.008	1	AC087284.1	c27
0.16148465917562	-1.97685651266381	0.015	0.033	1	BRCA1	c27
0.315973619119525	-1.97512064452302	0.01	0.02	1	ARHGEF12	c27
0.00040613694064432	1.9750841058668	0.124	0.066	1	MCTP1	c27
0.00120413453220291	-1.97504993378664	0.16	0.236	1	LBH	c27
0.012133482004056	-1.97401854748525	0.01	0.05	1	CRACR2B	c27
0.125335815763915	-1.97387924117725	0	0.012	1	AC007298.1	c27
0.00014325612222423	1.97307155732457	0.077	0.031	1	NACC2	c27
0.00163947424503496	1.97259866238331	0.072	0.033	1	RHBDD1	c27
0.0624371607807635	-1.97094595884505	0	0.018	1	MED14OS	c27
0.134571493327646	-1.970931442872	0.031	0.055	1	ZNF683	c27
0.105258962944147	1.97057366288266	0.021	0.009	1	AC124248.1	c27
0.421301760503496	-1.97043032732169	0.026	0.036	1	AC073111.4	c27
0.0613049844003587	-1.9695092460199	0.103	0.14	1	CD5	c27
0.0447722132792872	-1.96916287499169	0.015	0.046	1	CYB561	c27
0.892227896111576	1.96766615553277	0.026	0.028	1	TXNDC5	c27
0.00528443408896874	1.96693620810373	0.01	0.002	1	AC011933.2	c27
0.487748955854702	1.96631149675637	0.01	0.006	1	N4BP2L2-IT2	c27
0.164662364029376	-1.96573482523536	0	0.01	1	ZNF74	c27
0.259301753506096	-1.96510538433521	0.057	0.076	1	MEI1	c27
0.0141255351722353	-1.96314695313613	0.036	0.085	1	WWP1	c27
0.549998805893168	-1.96283612725128	0.01	0.016	1	RNF157	c27
0.126514633191039	-1.96279627755986	0	0.012	1	ZNF582-AS1	c27
0.00039232127150084	-1.96205345064498	0.046	0.134	1	AC119396.1	c27
0.053557972112179	-1.96142903644269	0.005	0.028	1	TRAV8-4	c27
0.0332884220658397	-1.96029934197113	0.005	0.032	1	FOXP4	c27
0.000138488795638092	-1.96006000506214	0.021	0.106	1	PRXL2A	c27
0.0127057001309427	-1.95964564552753	0.082	0.138	1	PRKCQ-AS1	c27
0.00118753120771101	-1.95884058530595	0.088	0.172	1	ATP6V0E2	c27
0.765048063240265	1.9584137154081	0.01	0.013	1	GSDME	c27
0.361648721993242	1.95831823257977	0.036	0.026	1	SLC16A5	c27
0.0938787455736741	-1.95819899400479	0.041	0.071	1	UBASH3A	c27
0.264148103504913	-1.95780157105573	0.015	0.029	1	LIN52	c27
0.000210882129378195	-1.95698679033903	0.165	0.257	1	ISG20	c27
0.000152844834659029	-1.95577502485391	0.015	0.097	1	SLC49A3	c27
0.126936785425467	-1.95518224890886	0.005	0.021	1	SERPINI1	c27
0.0024608534573294	1.95384691892653	0.155	0.098	1	FPR3	c27
0.136074515896677	-1.95380332651989	0	0.011	1	NEFH	c27
0.224068029319231	1.95210647453305	0.01	0.004	1	AC019069.1	c27
0.0247282640403896	1.95199088672291	0.036	0.016	1	PRR15	c27
3.64868140524102e-05	-1.95166397262342	0.062	0.175	1	UBASH3B	c27
0.137750996531017	-1.9511812639682	0.005	0.02	1	LINC02328	c27
0.0335525860849841	-1.94814747340367	0.005	0.032	1	ANGPT2	c27
0.000172736097726569	-1.94770050165142	0.046	0.14	1	NMRK1	c27
0.187277795478265	-1.94476580095057	0.015	0.032	1	ZNF621	c27
0.0605885536699716	-1.94309500943561	0.005	0.027	1	ADAL	c27
0.000192757187765398	-1.9420323824299	0.036	0.126	1	DHRS3	c27
0.0208605847801684	-1.94126742478024	0.046	0.094	1	VWA8	c27
0.000356415716233505	-1.94012590789286	0.046	0.134	1	ECHDC2	c27
0.184860123759266	1.93942232969995	0.01	0.004	1	SPATA1	c27
9.47588826085543e-05	1.93725713857421	0.088	0.036	1	NFKBIE	c27
0.00965935750102895	1.93721465469656	0.052	0.024	1	FBXO45	c27
0.0207525857767496	-1.9367309626764	0.052	0.1	1	AC008875.3	c27
0.56026467826046	-1.93613422331058	0.015	0.021	1	TRBV7-3	c27
0.00312739230774725	-1.93344137119584	0.072	0.143	1	ARID5B	c27
0.818210258345738	-1.93259707806504	0.01	0.012	1	HS3ST3B1	c27
0.000680243409643485	-1.93181594211934	0.057	0.14	1	ENPP4	c27
0.100517541425742	-1.93135646625959	0.026	0.052	1	DDHD2	c27
0.00552309934688612	-1.93100103019033	0.021	0.073	1	CYP4V2	c27
0.0439927902898095	1.9299814194759	0.072	0.044	1	ZSWIM6	c27
0.0629806401284919	-1.92977397498587	0.005	0.027	1	ZNF746	c27
0.129456018170137	-1.92840617425499	0.005	0.021	1	AP005019.1	c27
0.226311332348384	-1.92815838837584	0.01	0.023	1	TNIP3	c27
0.0232555802981576	-1.92763320600752	0.005	0.035	1	AC107884.1	c27
0.104827518236522	-1.92687001974223	0	0.013	1	ATP9A	c27
0.512036673961059	1.92619425464938	0.026	0.019	1	AL139384.1	c27
0.000443254235155477	1.92391988562021	0.046	0.015	1	SLC17A9	c27
0.000282317458600646	1.92293707317824	0.015	0.002	1	JAG2	c27
0.0037506734906111	-1.92181587510376	0.005	0.051	1	ME3	c27
0.0889015477504922	-1.919790022587	0	0.015	1	RAPGEF3	c27
0.0731087752272776	1.91938914268175	0.021	0.009	1	AL162231.2	c27
0.127108595528878	-1.91899757643743	0	0.012	1	PGAM5	c27
0.100488872711336	-1.91898748725767	0.103	0.135	1	IKZF3	c27
7.45883304901153e-05	-1.91632679585133	0.041	0.14	1	RASAL2	c27
1.33840089817225e-23	-1.91592342231052	0.366	0.658	4.89868112740026e-19	EVL	c27
0.0620210803618935	-1.91572560465498	0	0.018	1	LINC02577	c27
0.16308294680096	-1.91562109367359	0	0.01	1	ACVR2B	c27
0.00528673683537472	1.91503667884333	0.052	0.022	1	AFMID	c27
0.123745302382215	1.91430481392665	0.015	0.007	1	AC005332.5	c27
0.210151994764665	-1.91426417875468	0.005	0.017	1	LINC00944	c27
0.692121635364102	-1.91411137654494	0.021	0.025	1	TRAV8-6	c27
0.00368734921511508	1.91352427504764	0.046	0.019	1	AC022098.1	c27
0.232530161497204	-1.9131929188829	0.005	0.016	1	AC068338.2	c27
0.0277429371865776	-1.91283958529742	0.026	0.065	1	TMEM161B-AS1	c27
0.00355597642374048	-1.91267659926567	0.021	0.077	1	BPNT1	c27
0.202854501062797	-1.91186558202628	0.01	0.024	1	ZNF71	c27
1.23006924434999e-05	1.91173535440759	0.072	0.024	0.450217644124539	NIPAL2	c27
0.0296131766859545	1.91095225490239	0.015	0.005	1	NR6A1	c27
0.000226535653932347	1.90983786975082	0.103	0.048	1	MAP3K20	c27
0.243325271393175	1.90852378108933	0.015	0.008	1	AZIN1-AS1	c27
0.0834258566076186	-1.90653611252078	0	0.015	1	PDLIM4	c27
0.000288341371944952	1.90458921836384	0.067	0.026	1	SLC5A6	c27
0.0927902549026837	1.90457742716876	0.041	0.023	1	SRGAP2B	c27
0.0695771811524868	1.90190954835691	0.031	0.015	1	CEACAM3	c27
0.252145525573655	-1.90118830679337	0.005	0.015	1	RASGEF1A	c27
0.153424691209629	-1.90114714621727	0.046	0.071	1	CDC14A	c27
0.0921264327734198	-1.90078862143358	0.021	0.046	1	MRNIP	c27
0.467065106156783	-1.89991053285642	0.01	0.017	1	TOP2A	c27
0.00284188859489301	1.89732766074067	0.046	0.018	1	DUSP7	c27
1.92430048753785e-06	1.89731628496228	0.057	0.015	0.0704313221443729	SPRED2	c27
0.0440987152948759	-1.89555710671765	0.103	0.145	1	SH2D2A	c27
0.000648539778243	1.89530525243451	0.088	0.041	1	SPOPL	c27
0.314060186045928	-1.89471352061906	0.031	0.045	1	APBB1	c27
0.000338209652409253	-1.894353243488	0.062	0.153	1	PIK3IP1	c27
0.451144704205581	-1.89364845495456	0.015	0.023	1	SLC25A4	c27
0.397448173339904	1.89169749530718	0.01	0.006	1	CABLES2	c27
4.76143129438785e-06	-1.8898965199322	0.263	0.371	0.17427314680589	CD2	c27
0.0891559359152708	1.88981051137369	0.082	0.056	1	LINC01637	c27
0.106397026768941	-1.88892383677798	0.005	0.022	1	MTUS1	c27
0.169505190230427	-1.88861059813873	0	0.01	1	ZNF416	c27
0.63427771402715	-1.88809130858787	0.015	0.02	1	RAB39B	c27
0.0303188615692619	-1.88760312874666	0.026	0.064	1	BLZF1	c27
0.0729938862091927	-1.88484287241919	0.01	0.034	1	HIC2	c27
5.51252547314383e-06	1.88411592756956	0.129	0.056	0.201763944842537	UBALD2	c27
0.0188765236791882	-1.88371606389687	0.005	0.037	1	SPA17	c27
2.46930851471433e-11	-1.88302826163162	0.077	0.303	9.03791609470591e-07	LAIR1	c27
0.0767956252623038	-1.88295215858466	0.036	0.067	1	BEX2	c27
0.124686848545311	-1.88204424290463	0.021	0.043	1	AC026979.2	c27
0.000709544637341931	1.88183445430068	0.093	0.044	1	LYL1	c27
2.88766660409044e-06	-1.87863874012785	0.031	0.153	0.105691485376314	TMEM251	c27
1.35813847118087e-05	1.877452875179	0.093	0.036	0.497092261836909	DENND1A	c27
0.118569520994002	-1.87706147272833	0.01	0.029	1	SHQ1	c27
0.00956429049780727	1.87649800597259	0.196	0.145	1	EMILIN2	c27
0.443969105256851	-1.87643597608084	0.015	0.024	1	CAPN12	c27
0.138015267558529	-1.87638725805609	0	0.011	1	AL035071.1	c27
0.104318563589296	1.87614352154643	0.077	0.053	1	GAB2	c27
0.129792269600121	1.87610985318502	0.015	0.007	1	H3F3C	c27
0.104827518237007	-1.87402492507022	0	0.013	1	SLC28A3	c27
4.8878748464943e-11	-1.87335407470825	0.052	0.267	1.78901107256538e-06	SLCO2B1	c27
0.022851205800695	-1.87300555191389	0.01	0.044	1	ADPRM	c27
0.233406167200561	-1.87289193218307	0.015	0.03	1	LDOC1	c27
0.116868219188865	-1.87209289761599	0	0.013	1	AC011586.2	c27
0.0093160799179937	1.87134862628668	0.01	0.002	1	C20orf197	c27
0.167468048159573	-1.87045326890261	0	0.01	1	ITGA3	c27
0.519217002466399	-1.86984473854229	0.01	0.016	1	TRAV35	c27
0.0872989970134453	-1.86771215589915	0	0.015	1	RUSC2	c27
0.229246328099676	1.86617119536199	0.021	0.012	1	RAI1	c27
0.0420488913447481	-1.86606830461827	0.005	0.03	1	PDK1	c27
5.66725450436924e-08	-1.86603778332838	0.031	0.186	0.00207427182114419	ADTRP	c27
0.0734404196700735	-1.86464998123227	0.015	0.041	1	TPRG1	c27
0.0685803200536141	-1.86345681031912	0	0.017	1	TMEM37	c27
0.146324995185169	1.86187492918763	0.057	0.038	1	IPMK	c27
0.541515564969937	-1.8617015480097	0.021	0.027	1	ADORA2A	c27
0.281340101248404	1.86061274396718	0.01	0.005	1	NRIP3	c27
0.00514665553282649	-1.86058207153048	0.046	0.108	1	BTD	c27
0.0527419767595284	-1.86022363617402	0	0.019	1	SEPTIN9-DT	c27
0.30091380926156	-1.86002411691895	0.01	0.021	1	APBA2	c27
0.164356622216114	-1.85982122464069	0.005	0.019	1	NCAPG2	c27
0.0294232648645815	1.85934165467652	0.026	0.01	1	SENCR	c27
0.371153332384152	-1.85830351023404	0.01	0.019	1	L3MBTL3	c27
7.6841820456191e-07	-1.85558338831136	0.041	0.179	0.0281248747051705	CDCP1	c27
0.126637651897759	1.85526783429545	0.031	0.017	1	CCZ1B	c27
0.0742157237043492	1.8534040345432	0.01	0.003	1	ABHD1	c27
0.391280304836171	-1.85297518275329	0.01	0.019	1	TBC1D19	c27
0.0949796588899301	-1.8527801491132	0	0.014	1	AC005082.1	c27
0.000699563037456497	1.85264314353828	0.144	0.082	1	IER5	c27
0.51731697061593	-1.85210109971424	0.036	0.045	1	SP4	c27
1.65099767833438e-09	-1.85144321707795	0.232	0.424	6.04281660247166e-05	MRC1	c27
0.128606930112867	-1.85063239700405	0	0.012	1	LINC01135	c27
6.06920154732638e-05	-1.84882852421783	0.036	0.137	1	RBMS2	c27
0.488038588035503	1.84847943762733	0.015	0.01	1	NETO2	c27
0.128305719211446	-1.84728290439866	0	0.012	1	ESR1	c27
0.057103934207968	1.84703140063278	0.052	0.029	1	DHX57	c27
0.0501283437432947	-1.84650539904688	0	0.019	1	DNALI1	c27
0.099606878084507	1.84591121691573	0.01	0.003	1	GCNA	c27
0.932430517123032	-1.84556089204091	0.026	0.024	1	CTLA4	c27
0.231985924481755	-1.8455234021805	0.005	0.016	1	SLC12A2	c27
0.0896929475808088	-1.84534923876441	0.026	0.053	1	TMEM263	c27
0.0134910945731815	1.84394265194561	0.052	0.025	1	GPR157	c27
0.0420035474307853	1.8435662290089	0.062	0.036	1	EEF1AKMT4	c27
0.222521588617109	-1.8426689940517	0.005	0.016	1	ZNF77	c27
0.286286783400498	1.84238906916227	0.005	0.014	1	STS	c27
2.24291599344299e-06	1.84222886797109	0.062	0.017	0.082092968276007	VAV3	c27
0.000471433632653027	1.84195638221244	0.077	0.033	1	ICAM4	c27
0.483352932341455	-1.84169661138439	0.031	0.04	1	SYTL2	c27
0.00196422378188651	1.83894600044471	0.026	0.007	1	MYO7A	c27
5.09285298975886e-05	1.83728532311667	0.036	0.009	1	CCDC189	c27
0.314762967292477	1.83695549125557	0.021	0.013	1	HS6ST1	c27
0.000251997018226346	1.83685925623457	0.052	0.017	1	AC005562.1	c27
0.220336669305972	-1.83659940366375	0.015	0.03	1	GKAP1	c27
0.0582829887828131	-1.83654140199152	0.005	0.027	1	PDE6B	c27
0.0603505308648109	-1.83398933271066	0.046	0.082	1	MLLT3	c27
0.146307293911879	-1.83359050757955	0.052	0.078	1	WDR54	c27
0.00231595502914944	1.83342629039476	0.113	0.064	1	RTN1	c27
0.299150652076075	-1.83010068242526	0.005	0.014	1	SLX4	c27
0.00179299697869334	1.8297889131711	0.01	0.002	1	UNC5CL	c27
0.00111572361689852	-1.82960198154345	0.015	0.079	1	ITGA6	c27
0.0556359541345542	1.82808596588856	0.067	0.041	1	IQCE	c27
0.0980719855298498	-1.82689567351273	0	0.014	1	UBXN10	c27
0.0236947027902065	1.82600550143906	0.077	0.045	1	SGPL1	c27
0.00439284543325963	1.82594536384989	0.01	0.002	1	CIB2	c27
0.252321538929905	1.82563527623048	0.01	0.005	1	COBLL1	c27
0.215022894087742	-1.82305149519399	0.005	0.016	1	SEC22A	c27
0.00834436507642135	-1.82233222350242	0.026	0.076	1	KIAA0586	c27
1.91446277969895e-08	-1.8219972099148	0.072	0.248	0.000700712521997612	ALAS1	c27
1.83338164963469e-05	1.82116861569877	0.015	0.002	0.671036017582794	CHST10	c27
0.0302267906029372	1.82036446741645	0.072	0.043	1	PLCB3	c27
1.55271929489325e-06	1.81861291676459	0.247	0.141	0.056831078912388	NINJ1	c27
0.114943034513575	1.81754174991627	0.031	0.017	1	MAN1B1-DT	c27
0.00840603743834927	1.81683038544582	0.072	0.037	1	AC092809.2	c27
0.0158076812342996	1.81623576030671	0.036	0.015	1	EID2	c27
0.0170988603578702	-1.81252583266423	0.082	0.137	1	SYNE1	c27
0.472809646217956	-1.81242230110501	0.015	0.023	1	GRPEL2	c27
0.284510615788057	1.81213017087569	0.01	0.005	1	EXT1	c27
0.0402952315111297	-1.81142336414912	0.005	0.031	1	CACNB3	c27
0.104462408023988	1.8108704406462	0.046	0.028	1	USP6NL	c27
0.0615111947255856	1.81084774753098	0.036	0.018	1	CDH23	c27
0.0852368334059528	1.81066327941124	0.01	0.003	1	TPTE2	c27
0.00084417276710532	1.81021649044179	0.01	0.001	1	OXT	c27
0.261858894408703	-1.80941926506406	0.005	0.015	1	DOCK9	c27
0.759806052637872	-1.80925528980846	0.021	0.024	1	LAX1	c27
0.128305719211849	-1.80783460242857	0	0.012	1	AL359237.1	c27
0.00849583212944721	1.80732758363224	0.103	0.06	1	METRNL	c27
0.0812437035584744	-1.80680056061817	0.015	0.04	1	AP4B1	c27
0.0256383853730665	1.80578475453956	0.01	0.002	1	AC093495.1	c27
1.36619067696323e-12	-1.80561743925646	0.124	0.371	5.00039449675312e-08	CYP27A1	c27
0.210122726335848	1.80541366303737	0.021	0.038	1	TMEM255B	c27
0.0901240682394744	-1.8052528093499	0	0.015	1	ATP6V0D2	c27
0.23470508172788	-1.80521990863909	0.005	0.016	1	AC022916.1	c27
0.000245445685911969	1.80508639612228	0.222	0.148	1	PRAM1	c27
0.0669123333737982	-1.80478830848924	0	0.017	1	EGFL7	c27
0.456351644978023	-1.80327006816329	0.005	0.011	1	SREBF2-AS1	c27
0.00287821132342736	1.80213254752032	0.046	0.018	1	MPP7	c27
0.116868219189228	-1.80180810234561	0	0.013	1	DNAJC6	c27
0.179591103248693	-1.80011332933705	0.015	0.032	1	ERCC8	c27
7.11814937216243e-13	-1.79866107389042	0.278	0.527	2.60531385170517e-08	IL7R	c27
0.0321027026036222	-1.79862971283345	0.005	0.033	1	TIMD4	c27
0.0945425579955953	1.79758892025667	0.067	0.044	1	RIN2	c27
0.00147467527802266	1.79680460552153	0.175	0.114	1	ITGAM	c27
0.00033982803298996	1.79648444358647	0.103	0.049	1	SLC66A1	c27
0.197444225830513	-1.79618469767504	0.026	0.045	1	LMBRD2	c27
0.573002298766905	-1.79493218244441	0.015	0.021	1	KLHL11	c27
0.163082946801223	-1.79482487165849	0	0.01	1	C19orf73	c27
0.243248172202576	-1.79481417639084	0.072	0.094	1	USP9Y	c27
0.350618342899193	1.79455174154946	0.026	0.017	1	AP000873.2	c27
2.66942835335769e-06	1.79312655668141	0.232	0.132	0.0977037471612447	PRKCD	c27
0.323152062116728	1.7930677817991	0.01	0.005	1	NPIPA1	c27
0.000145700848882811	1.79261424859181	0.113	0.054	1	CXorf21	c27
0.00710038024748401	-1.79212468538843	0.041	0.098	1	CD320	c27
0.00254502823824341	-1.79138314543482	0.046	0.114	1	MT1F	c27
0.142326142304053	-1.78953205348919	0	0.011	1	ZNF813	c27
0.0544020364596479	-1.7895040598566	0	0.019	1	LINC01506	c27
0.970594072133891	1.78906289628957	0.015	0.016	1	RSAD2	c27
4.79928015579136e-05	1.78866384770966	0.041	0.011	1	SLC18B1	c27
0.234899583714408	-1.78678037512374	0.015	0.03	1	EIF5A2	c27
0.0332336063800797	1.78666181048899	0.077	0.047	1	LINC01504	c27
0.0140918038307789	-1.78625613096435	0.139	0.194	1	OCIAD2	c27
0.0529270499210388	1.7862320765119	0.021	0.008	1	AP004609.3	c27
0.537714268719444	-1.78536710935609	0.01	0.016	1	FCRL3	c27
0.00289079691767678	1.78369490604897	0.01	0.002	1	ALG1L2	c27
0.000297018317905305	1.78359907955905	0.082	0.035	1	ZNF362	c27
0.103824581911136	-1.78300249082194	0.015	0.038	1	PKIA	c27
0.0496606837530923	-1.78268875844621	0.01	0.037	1	CENPN	c27
0.5684022373595	-1.78128277945561	0.01	0.015	1	EPHA1-AS1	c27
0.000553081254728697	1.7812274637834	0.072	0.03	1	PRKAR2B	c27
0.593771035073232	1.78106459092147	0.026	0.021	1	NBPF20	c27
0.353353871886872	-1.78097269558407	0.005	0.013	1	TWNK	c27
0.101505678107458	-1.77891501369708	0	0.014	1	HTRA4	c27
0.568427719407906	1.77880802642795	0.01	0.007	1	ZSCAN22	c27
0.00345804224453832	-1.77880688473006	0.026	0.085	1	MTIF2	c27
0.254402220360149	-1.77832259028022	0.01	0.022	1	PSKH1	c27
0.085398461681943	-1.77741628874798	0.005	0.024	1	TTC8	c27
0.0226741870658385	-1.77738413823173	0.046	0.093	1	SH3YL1	c27
0.0535706201299878	1.77686778169463	0.036	0.018	1	PROCA1	c27
0.0901060343951861	-1.77655816020782	0.021	0.046	1	POMGNT1	c27
0.208642970678407	1.77612033085711	0.01	0.004	1	AC005944.1	c27
0.375453189987817	-1.77304439598627	0.026	0.038	1	MAST4	c27
0.221823908320422	-1.77271168529857	0.005	0.016	1	RTKN2	c27
1.88684521214908e-10	-1.77192064088438	0.093	0.306	6.90604216098684e-06	VAT1	c27
0.0322425348324536	1.77141624191119	0.113	0.077	1	NADK	c27
0.000104082821889005	1.77138672190484	0.072	0.027	1	LONRF1	c27
0.0189758954395611	-1.77063585990542	0.015	0.053	1	LDLR	c27
0.0669123333737982	-1.77048328922705	0	0.017	1	LYPD5	c27
0.0566684546356731	-1.77033070272544	0.021	0.051	1	SMYD4	c27
0.40684442323344	1.76987951709384	0.021	0.014	1	FOXO4	c27
0.218178580232101	-1.76895164995274	0.005	0.016	1	ZBED6CL	c27
0.0209479617847158	-1.76819302692504	0.041	0.088	1	CRELD1	c27
0.0617945606774263	1.76778906045183	0.031	0.015	1	VAV2	c27
0.498926517352639	1.76734490265751	0.026	0.019	1	ZNF555	c27
0.33050819475828	1.76498483640046	0.01	0.005	1	CDK3	c27
0.130973045939513	-1.76335218713956	0.005	0.021	1	NEIL1	c27
0.638893874960474	-1.76273786787233	0.021	0.026	1	RMRP	c27
7.24947150185185e-05	-1.76156374298228	0.041	0.142	1	GCSH	c27
0.140498492273712	-1.7615512807776	0.01	0.028	1	E2F6	c27
0.00723996550479579	1.76154430593715	0.015	0.004	1	SCNN1A	c27
0.109272059198412	-1.76133650547143	0	0.013	1	CFB	c27
0.0198507362791598	-1.76106389119439	0.108	0.163	1	OXNAD1	c27
0.177623951608575	-1.76078225385158	0.01	0.026	1	TRBV7-6	c27
0.012412643307397	-1.7599805724301	0.046	0.097	1	SAMD3	c27
0.142326142304279	-1.75967422474818	0	0.011	1	IL1A	c27
1.83993254698458e-08	-1.75851316153078	0.021	0.178	0.000673433711521826	ACOT4	c27
0.346415324926419	-1.75719738073302	0.005	0.013	1	ACTL10	c27
0.247779663782905	-1.75686461126359	0.005	0.015	1	ZNF765	c27
0.148124650818628	-1.75541700960393	0.036	0.06	1	FAM168B	c27
0.594526263137705	1.75537405710608	0.01	0.015	1	GPAT2	c27
0.554865889043493	1.75512292690123	0.01	0.007	1	AC009093.2	c27
0.366863288476602	1.75454648506791	0.015	0.009	1	NPIPB4	c27
0.00860874467683062	1.75453539459231	0.093	0.052	1	PPP1R14B	c27
0.44458862530048	-1.75426699932237	0.01	0.017	1	TRAV8-3	c27
0.00135739170839966	-1.75283310550262	0.108	0.19	1	TRAC	c27
0.273825920335828	-1.75257839086515	0.005	0.015	1	CDCA8	c27
0.0943755956230218	-1.752446272779	0.052	0.084	1	PUS7L	c27
0.481830847595595	-1.7511973106606	0.015	0.023	1	ZNF805	c27
0.0592834653356215	-1.75068803836283	0.026	0.057	1	GCLM	c27
0.905416408076988	1.75019216719711	0.062	0.067	1	CATSPER1	c27
0.380308342038332	-1.7501524902796	0.005	0.012	1	RAB40B	c27
0.0704905120429473	-1.74932792817885	0.015	0.041	1	TRBV19	c27
0.233245463308178	1.74894911234729	0.072	0.055	1	AGAP3	c27
1.92015330284222e-06	1.74863935422332	0.057	0.015	0.0702795310373281	ZFAT	c27
0.00426165610859663	-1.74774303911138	0.005	0.05	1	SEPTIN4	c27
0.0947484759802253	1.7468551036052	0.088	0.061	1	CSGALNACT2	c27
0.0566670492627736	-1.74680226617011	0.067	0.107	1	VPS13A	c27
0.0550215637312146	1.74645874577064	0.01	0.003	1	AC124319.1	c27
0.00894868804508516	1.74644702816419	0.015	0.004	1	ZNF620	c27
0.0457687124987019	-1.74642341237095	0.01	0.038	1	SETD4	c27
8.59917713784111e-11	-1.74572961161272	0.088	0.312	3.14738482422123e-06	HDDC2	c27
0.166270688552008	-1.74467578228473	0.062	0.087	1	SCML4	c27
0.199108304763362	-1.74448352189685	0.057	0.08	1	PARP15	c27
0.287803869375055	-1.74438916294405	0.026	0.04	1	TRAPPC2	c27
0.142376740077352	-1.74430611712659	0.005	0.02	1	FBXO48	c27
0.000319588477030488	1.74424968561083	0.134	0.071	1	C9orf72	c27
0.435494605460139	1.74335232450337	0.01	0.006	1	RILPL1	c27
0.0691459223527482	1.74297853889585	0.021	0.009	1	HOMER2	c27
7.15573754228509e-05	1.74241648601063	0.149	0.077	1	BX284668.5	c27
0.603311001707193	1.7416281157898	0.01	0.015	1	C1orf198	c27
0.81267915119891	-1.74154068909934	0.057	0.058	1	NPDC1	c27
0.00509917186209825	-1.73990164965005	0.01	0.057	1	POLRMT	c27
0.0811901103984587	-1.73921343473452	0	0.015	1	AC018529.2	c27
0.714085228763929	1.73901805561079	0.01	0.013	1	CNNM4	c27
0.016935169878336	1.73855876745881	0.01	0.002	1	IGHM	c27
0.0605325420027292	1.73817230514086	0.01	0.003	1	TET1	c27
0.157602246611783	-1.73812236213113	0.031	0.053	1	LXN	c27
3.76124075199822e-05	1.73792496707802	0.057	0.018	1	BMF	c27
0.00334729861924787	1.73754386149103	0.124	0.072	1	MKNK2	c27
0.0802146605219838	-1.73740929620544	0.01	0.033	1	GTF2E1	c27
0.341105507655184	-1.73705808726423	0.005	0.013	1	YES1	c27
4.98775962452189e-12	-1.73684534042486	0.124	0.361	1.82556990017126e-07	PLAAT3	c27
0.815967803789434	-1.736482722967	0.021	0.018	1	AC103702.2	c27
0.041327580678201	-1.7354425206907	0.077	0.121	1	FKBP11	c27
0.0763596784507708	1.73536501830858	0.031	0.015	1	AC092279.1	c27
0.184447347828265	-1.73523210307508	0.026	0.046	1	DTNB	c27
0.280602096406177	1.7331667520193	0.036	0.025	1	SLC25A28	c27
0.142575595688851	1.73294316278702	0.031	0.017	1	SNAPC4	c27
0.0882969413207295	-1.73225125134017	0	0.015	1	BIRC7	c27
6.32649153849015e-05	1.73207225999066	0.077	0.029	1	LIMD1	c27
0.177375476574829	-1.7319040761293	0.005	0.018	1	ZNF678	c27
0.0182413268419473	1.73108562072289	0.026	0.009	1	PIPOX	c27
0.736039046154644	1.73031075468518	0.015	0.019	1	CD22	c27
0.0092671269852902	1.72952884974459	0.015	0.004	1	LINC01572	c27
0.00741423654839637	1.72915064728933	0.18	0.129	1	LILRB1	c27
0.167063950139794	-1.72862872989144	0	0.01	1	TIGD5	c27
0.358588986034292	-1.72810626043005	0.005	0.012	1	AL691432.2	c27
4.11718112281286e-06	1.72755171564475	0.026	0.004	0.150692946276073	HIF1A-AS3	c27
0.553155620838988	1.72682802885591	0.015	0.011	1	FANCE	c27
0.481866538847088	-1.72659967932079	0.015	0.023	1	BACH2	c27
0.00502773694725984	1.72610023400189	0.072	0.036	1	USF3	c27
0.0214882222841491	-1.72589934699609	0.031	0.074	1	DNMT3A	c27
9.10679880046142e-06	-1.72561167097442	0.052	0.176	0.333317942895689	PHYH	c27
0.00177032320608482	1.72422278155533	0.031	0.009	1	EME2	c27
0.388560435981816	1.7241793553459	0.021	0.014	1	ZNF275	c27
0.000198297081859769	-1.72365296714685	0.036	0.126	1	GBP3	c27
0.153642691555263	-1.72337519195183	0.057	0.084	1	ANKRD36	c27
0.0209276348514048	-1.72212593314344	0.021	0.06	1	TRBV7-9	c27
7.49824340487754e-12	-1.72107305111279	0.428	0.538	2.74443206861923e-07	MGST3	c27
0.0222914451005219	1.71967634878684	0.01	0.002	1	AL139317.5	c27
0.00064355505356044	-1.71876852060784	0.01	0.076	1	PLPP3	c27
0.483380901543698	-1.71745657776383	0.036	0.046	1	ZNF512	c27
1.48660423833695e-09	-1.71537128518696	0.113	0.307	5.44112017273706e-05	RAB13	c27
0.164662364031235	-1.71425975648379	0	0.01	1	OIP5	c27
0.243591716486088	-1.71410582970744	0.041	0.06	1	SUPT3H	c27
0.833198127441939	-1.71229905574611	0.062	0.063	1	SLAMF1	c27
4.4962682719372e-06	-1.71182849020836	0.062	0.194	0.164567915021173	SLFN11	c27
0.484139110402117	-1.71177791454014	0.005	0.01	1	CDC20	c27
0.174859421792655	-1.7115289212978	0.005	0.018	1	RIMKLB	c27
0.219400505325449	-1.71147049608618	0.005	0.016	1	URB2	c27
0.050097445524669	1.71083965144328	0.031	0.014	1	SLC12A4	c27
0.0980719855303007	-1.71053039490962	0	0.014	1	TCHH	c27
0.0394714503847906	-1.70975219091808	0.041	0.081	1	TRBV20-1	c27
0.204174526395336	1.70895287534806	0.015	0.008	1	QSOX2	c27
4.73274255492187e-10	-1.70833203105187	0.16	0.36	1.73223110252695e-05	TREM1	c27
7.93208284028373e-05	1.70724423503234	0.088	0.036	1	AC020916.1	c27
0.0058415849138577	1.70579550691501	0.052	0.022	1	MTPAP	c27
0.000767753213471406	1.70499317740628	0.088	0.041	1	GSE1	c27
0.083323551348572	-1.70495113412844	0.026	0.054	1	PUS3	c27
0.295423996126168	-1.70453032384285	0.031	0.046	1	EMSY	c27
3.99006116115755e-05	1.70416430594102	0.247	0.159	1	CD300C	c27
0.048948651875246	1.70215375449863	0.057	0.032	1	MAML1	c27
0.0699006608366258	-1.70205291684757	0.021	0.049	1	PIP4K2B	c27
0.0491073671032991	-1.69928941072983	0.072	0.114	1	TSEN54	c27
0.0248174631283087	1.6986525361043	0.062	0.034	1	TBC1D12	c27
0.0452585142102843	-1.69710706035634	0.021	0.053	1	CDC23	c27
8.51645351785974e-05	1.69680657740525	0.263	0.176	1	UBE2R2	c27
0.268468193259378	1.69551538852683	0.021	0.012	1	MED26	c27
0.922301170509694	1.69491608764351	0.01	0.01	1	AC026471.1	c27
0.909431254354726	-1.69448359620477	0.015	0.016	1	PTBP2	c27
0.449801230084312	-1.69233405320768	0.01	0.017	1	NDC80	c27
0.297858695479779	1.69175863491505	0.046	0.034	1	SOGA1	c27
0.125044331900315	-1.690907451536	0.005	0.021	1	ALKBH1	c27
0.166510391182329	-1.68974490002453	0.01	0.026	1	BDH1	c27
0.000231525279303382	-1.68710095023988	0.026	0.109	1	SPR	c27
0.349658040025277	-1.68708673183331	0.031	0.044	1	SFMBT1	c27
0.0333845056685094	1.68645024712975	0.041	0.02	1	TMTC2	c27
0.895304533693825	1.68641516224465	0.015	0.014	1	PTDSS2	c27
0.181372098171774	-1.68613202938667	0.005	0.018	1	PCBP4	c27
3.94159510331553e-05	1.68540157614121	0.015	0.002	1	PYCR1	c27
0.138865274026829	-1.68494962788441	0.031	0.055	1	TRAV13-1	c27
8.79487064102841e-05	-1.6843598369533	0.036	0.132	1	SERINC2	c27
0.228162546699734	-1.6842385951112	0.01	0.023	1	GPR89B	c27
0.245734851501734	-1.68346608082434	0.021	0.036	1	TANGO6	c27
0.0380088909691424	1.68327601571767	0.062	0.035	1	DOCK4	c27
0.0504824251974759	-1.68280330936899	0.005	0.029	1	ZXDC	c27
0.829690361145166	1.6822245797004	0.01	0.012	1	BTBD3	c27
0.0600106102942982	1.68020284022742	0.021	0.008	1	DOCK8-AS1	c27
0.124459600159434	-1.68016147978653	0	0.012	1	LINC02610	c27
0.365078344340853	-1.68013725564802	0.005	0.012	1	FGFBP3	c27
0.111312527362074	-1.67874975069164	0	0.013	1	AC004988.1	c27
0.192743421494171	-1.67640334167844	0.015	0.032	1	DOLK	c27
0.489311522089922	-1.67624771825172	0.005	0.01	1	SMKR1	c27
0.00798885047512953	1.67589442811819	0.015	0.004	1	PPM1H	c27
0.234655154851402	-1.67445361595895	0.005	0.016	1	MIEF2	c27
0.312633608443601	1.67422001360897	0.01	0.005	1	AVIL	c27
0.0540580891493407	1.67384555712896	0.093	0.062	1	TBL1X	c27
0.01161331836392	-1.67374037125189	0.046	0.101	1	CDK5RAP2	c27
0.115136989983003	-1.67287749771988	0.021	0.044	1	PDCD4-AS1	c27
0.298114771802688	-1.6728747256248	0.01	0.021	1	USP18	c27
0.234000316088372	1.67230278876332	0.041	0.028	1	RAB11B-AS1	c27
0.0433478026499519	-1.6718580052008	0.021	0.053	1	EOGT	c27
0.19067593661174	1.67148627154464	0.031	0.019	1	WDR49	c27
0.736216946151708	-1.67132623817091	0.021	0.024	1	TRBV6-6	c27
0.305768507234188	-1.67062499416061	0.031	0.046	1	RBL1	c27
0.141000807629348	-1.6705854297656	0.005	0.02	1	TDRKH	c27
0.918282682107439	-1.67055288745319	0.015	0.014	1	ADHFE1	c27
0.0550363732759642	-1.67027793657292	0.015	0.044	1	CAPRIN2	c27
0.118237258478375	-1.66985465806886	0.01	0.029	1	JRK	c27
0.0607147129891445	1.66848410425653	0.026	0.011	1	TREX1	c27
0.360131332435269	1.66846940122704	0.01	0.005	1	TIAM2	c27
0.183998278185214	1.66829380528209	0.093	0.071	1	CERS6	c27
0.0187719161907321	1.66799055721868	0.119	0.078	1	TRIOBP	c27
0.588598479489237	1.66587957849505	0.01	0.007	1	AMY2B	c27
0.949156857505509	-1.66587566954603	0.072	0.068	1	GOLGA8B	c27
8.68830068468435e-06	-1.66498318938029	0.093	0.227	0.318000493360132	ST3GAL1	c27
0.0885185119127266	1.66323383958306	0.015	0.006	1	AL022069.3	c27
1.04682682215922e-05	1.66267950806603	0.072	0.024	0.383149085178495	RFLNB	c27
0.0198637205175108	1.66208935505507	0.227	0.18	1	CD83	c27
0.0932597172577779	-1.66189911105524	0	0.014	1	TTC23	c27
0.317390505908025	1.66167717836663	0.036	0.025	1	SLC24A4	c27
0.00195835415771143	1.66110013566843	0.062	0.027	1	KMT5A	c27
0.0045737194082246	-1.66080568622327	0.052	0.117	1	MTFP1	c27
0.0722111389583568	-1.65988068073267	0	0.016	1	APOC4	c27
0.662106013399684	-1.65952506154214	0.046	0.052	1	PDE7A	c27
0.748781595066759	-1.65914795859331	0.01	0.013	1	HIST1H2BN	c27
0.957285042578287	1.65745895246249	0.021	0.02	1	RMDN2	c27
0.320632468616711	-1.65737544216589	0.005	0.013	1	SLFN13	c27
0.167873251334497	-1.65697437240224	0	0.01	1	SGO1	c27
0.117401289410669	-1.65649815778578	0.046	0.075	1	TIGIT	c27
0.00200484928202482	-1.6563853276903	0.026	0.09	1	ALG9	c27
1.57288448503592e-06	1.65521421346963	0.201	0.104	0.0575691450367999	SWAP70	c27
0.147838201083391	-1.65487440484855	0	0.011	1	PINLYP	c27
0.0024424321340563	-1.65363599974298	0.031	0.095	1	KPTN	c27
0.00501162703197722	1.65309791291932	0.067	0.032	1	TECPR2	c27
0.0156841186195471	1.65287225854431	0.216	0.175	1	CLEC12A	c27
0.137573204234391	1.65260550888006	0.052	0.033	1	LTB4R	c27
0.721126187017425	1.65186612799262	0.015	0.013	1	SYNGAP1-AS1	c27
0.000395136976289454	-1.65088404148547	0.062	0.153	1	CLDN7	c27
0.0244811028465162	1.65019578043865	0.144	0.102	1	ZDHHC7	c27
0.694594270775858	-1.6499309554613	0.021	0.025	1	CLU	c27
0.157222321206286	-1.64946421147377	0.108	0.134	1	GZMB	c27
0.128908917678176	-1.64926491083392	0	0.012	1	CLDN12	c27
0.342207182420075	1.64925158282124	0.01	0.005	1	FSTL3	c27
0.137426594362139	1.64736945947984	0.031	0.017	1	TMEM265	c27
0.00639239962785248	1.64721246463818	0.01	0.002	1	KISS1R	c27
0.00268814582709492	1.64704748392871	0.015	0.003	1	KDM7A-DT	c27
0.0298932490474078	-1.64667883440789	0.005	0.033	1	STPG1	c27
0.111312527362074	-1.64556883027401	0	0.013	1	NPHP1	c27
0.215309310064255	-1.64551322861393	0.046	0.067	1	PLEKHF1	c27
0.135668257080148	-1.64495073271603	0.01	0.028	1	MSANTD3	c27
4.20909732160303e-08	-1.64487291472541	0.397	0.471	0.00154057171067992	FABP5	c27
0.425437382256903	1.64432425139584	0.01	0.018	1	TENT4A	c27
0.00892105708137422	1.64421691081866	0.139	0.092	1	CTBP2	c27
4.09638375177404e-06	1.64412781144849	0.149	0.069	0.149931741698682	TMEM69	c27
0.00307737641944673	-1.64405603743515	0.01	0.062	1	VKORC1L1	c27
0.00490210875383251	-1.64343885309185	0.026	0.081	1	PASK	c27
0.801133328926676	1.64264924373375	0.015	0.013	1	AC004847.1	c27
0.631044384014832	-1.64224007024703	0.01	0.014	1	TRBV10-3	c27
0.483431278982591	-1.6418222396111	0.01	0.017	1	LRIG1	c27
0.591383529317614	1.64174839956952	0.01	0.007	1	LIPN	c27
0.0336059422723397	-1.64174067267452	0.01	0.041	1	EPN2	c27
0.0219740407707064	1.64155050253638	0.015	0.004	1	TCFL5	c27
0.31948006481326	-1.64032981114871	0.005	0.013	1	ZNF343	c27
0.0179259857866669	1.63984251585364	0.124	0.082	1	KDM1B	c27
0.104586396151366	-1.63929415487464	0	0.013	1	CEP170B	c27
0.0144351936683995	-1.63865949501501	0.046	0.098	1	ANKRD39	c27
0.0320960674522542	1.63841922678635	0.119	0.081	1	ZFHX3	c27
0.183064937239047	1.63724408001297	0.077	0.058	1	GPBAR1	c27
4.92451250053371e-05	1.63661545285874	0.129	0.061	1	CNOT3	c27
0.00685614843899376	-1.63615423955148	0.01	0.055	1	P4HA2	c27
0.0198724168736532	1.6360203007544	0.015	0.004	1	AC073254.1	c27
0.144524403080987	1.63559204656571	0.077	0.056	1	AKT1S1	c27
0.00819494920021733	1.63246639743997	0.077	0.041	1	TGFBRAP1	c27
0.06920738424674	-1.63210954411714	0.057	0.094	1	DNAJB9	c27
1.25121412755173e-05	1.63205219349661	0.196	0.107	0.457956882825207	PPP1R9B	c27
8.2892244922405e-05	1.63184168622674	0.119	0.055	1	STK32C	c27
0.0309405878034614	-1.63133763526457	0.072	0.121	1	TMEM106C	c27
0.454416093372187	-1.62985696004912	0.01	0.017	1	GTF2IRD2	c27
0.0699297076471792	1.6292657392283	0.015	0.006	1	ZNF687-AS1	c27
0.788835453370932	1.6286886923781	0.01	0.013	1	POMT2	c27
0.621603168413632	-1.62824446541991	0.015	0.02	1	B3GLCT	c27
0.130146586968731	-1.62786050108766	0.046	0.074	1	MDN1	c27
0.142520886746577	-1.62773565757263	0.077	0.106	1	ORMDL3	c27
0.0241218754129179	-1.62551538482011	0.021	0.059	1	AL512625.3	c27
0.065365765053956	1.62489832407727	0.026	0.012	1	ZSCAN9	c27
0.00225329897473495	-1.62408594804326	0.031	0.096	1	MACC1	c27
0.000480555922861696	1.62394722427571	0.113	0.057	1	PRKAG2	c27
0.262941907868384	1.62320381615459	0.01	0.005	1	RAD54B	c27
0.0177866669753627	-1.62256305124474	0.052	0.102	1	NAE1	c27
0.0629226200395854	-1.62168971692277	0.01	0.035	1	SPRY1	c27
0.775901415530537	-1.62167316046224	0.01	0.008	1	CXCL9	c27
0.000482908364422005	1.61999007814245	0.067	0.027	1	C16orf86	c27
0.394149529319025	1.61928266408585	0.113	0.101	1	CARS2	c27
5.38398328235508e-09	-1.61922646345679	0.046	0.226	0.000197059172117478	LPL	c27
0.16787325133504	-1.61857796090421	0	0.01	1	CASTOR2	c27
0.124459600159824	-1.61823234371937	0	0.012	1	RBM11	c27
0.00098705213458953	1.61814586727464	0.134	0.076	1	SLC2A6	c27
0.219969521642489	-1.61809196074561	0.036	0.056	1	FYCO1	c27
0.00261581556874039	-1.61773442947432	0.021	0.08	1	IMPAD1	c27
0.5168963705671	-1.61643343697498	0.057	0.066	1	LINC02446	c27
0.0663007086589158	-1.61597491519818	0.015	0.042	1	C1orf216	c27
0.0184310834399141	1.61550781579211	0.072	0.04	1	STK11	c27
1.09722463795571e-13	-1.6145529410772	0.294	0.537	4.01595189738168e-09	EML4	c27
0.116596932394426	-1.6137973374452	0	0.013	1	SYTL4	c27
4.39157346719613e-10	-1.61362387540565	0.082	0.283	1.60735980472845e-05	ACOT2	c27
0.0969176689999384	1.61291227179035	0.124	0.096	1	ORAI3	c27
5.75029329070505e-09	-1.61263701967753	0.33	0.495	0.000210466484733095	C12orf57	c27
0.457152256111078	-1.61250971891158	0.021	0.029	1	AC006369.1	c27
0.179494745462068	-1.61222472438049	0.005	0.018	1	NR2F6	c27
0.0981895039832428	-1.6113704065124	0.242	0.263	1	STK17A	c27
0.0231847203065386	-1.61021015710558	0.015	0.052	1	GTSF1	c27
0.152856706390535	-1.60981436330716	0	0.01	1	RTN4R	c27
2.12959016102259e-06	1.60959485280178	0.165	0.074	0.0779451294835877	MARCKSL1	c27
0.197612872105428	-1.60951878776615	0.01	0.025	1	PCSK1N	c27
0.239167436694664	-1.60944056907486	0.005	0.016	1	EPS8L1	c27
0.303532657799938	-1.60829955028015	0.005	0.014	1	ZNF549	c27
0.201071935781661	-1.60775947943972	0.015	0.031	1	RPL39L	c27
0.388822092762926	-1.60716676364194	0.01	0.019	1	ZNF354B	c27
0.329970515632836	-1.60590777361837	0.021	0.033	1	BTRC	c27
0.0859220392120069	-1.60581006234158	0	0.015	1	OSCP1	c27
0.806321185760192	1.60534826408151	0.031	0.029	1	AC103691.1	c27
0.00429803690079701	-1.60514435951686	0.015	0.067	1	SIPA1L2	c27
0.214534681886724	-1.60490659857356	0.015	0.031	1	RAD51B	c27
0.529783005236695	-1.60437180096873	0.01	0.016	1	PRKCA	c27
0.599764843498749	-1.60303887302253	0.015	0.021	1	MANEA-DT	c27
0.00122358562468518	1.60271999411178	0.077	0.035	1	PFKFB3	c27
0.642962717333571	-1.60248562865258	0.021	0.026	1	FBLN7	c27
0.074972798892456	-1.60186213837098	0.031	0.062	1	ISOC1	c27
0.222913337038108	-1.60140004185066	0.005	0.016	1	BMPR1A	c27
4.46045818791538e-08	-1.6006292137374	0.155	0.341	0.00163257230135891	LYAR	c27
0.314683599297386	1.59828272469511	0.052	0.039	1	C16orf72	c27
0.457799892776356	-1.59807241398556	0.015	0.023	1	PARP11	c27
0.417705553098091	-1.59784197470903	0.021	0.03	1	LINC02361	c27
0.65258754337361	1.59783269507888	0.046	0.041	1	CALML4	c27
9.20428572353559e-18	-1.59746453945316	0.423	0.637	3.36886061767126e-13	ALOX5AP	c27
0.074897459355621	-1.59726774888412	0.015	0.041	1	EPB41L4A	c27
0.676623638082881	-1.59571656350904	0.01	0.014	1	SLC35G1	c27
0.736985725899758	-1.59463796911181	0.052	0.056	1	TRAF5	c27
0.110520823545785	1.59435831783448	0.01	0.004	1	ADAMTSL4-AS1	c27
0.0759264726106611	-1.5940144289134	0.01	0.033	1	SEPSECS-AS1	c27
0.270147228528726	1.59275397126915	0.01	0.005	1	AC092164.1	c27
0.208649674031395	1.59228231384955	0.036	0.023	1	ZSCAN29	c27
0.0227329883674617	-1.59217207878137	0.046	0.094	1	SLC25A45	c27
0.0377565524536138	1.59212439355219	0.01	0.003	1	CASTOR3	c27
0.124891627329929	-1.59140905823418	0.005	0.021	1	TAF1C	c27
0.191413482545802	1.59122650547998	0.031	0.019	1	ATP6V1E2	c27
0.359478062887783	-1.59108131425262	0.005	0.012	1	ZNF354C	c27
0.597187242330185	-1.58912484087998	0.041	0.048	1	SLC16A7	c27
0.00038319753460468	1.58800064132942	0.036	0.01	1	MAP3K2-DT	c27
0.398154521955377	-1.58797549414777	0.021	0.031	1	DZIP3	c27
0.841943290075793	-1.58759284499205	0.021	0.023	1	TRAV27	c27
0.00221371555885928	-1.58703033734161	0.046	0.118	1	HSD17B8	c27
1.12279274118498e-07	-1.58646425642511	0.108	0.273	0.00410953371201115	TFRC	c27
0.74976352298681	1.58643968293732	0.041	0.048	1	SLC66A2	c27
0.0066881921145577	1.58571348243997	0.052	0.023	1	NOD2	c27
0.224323003910938	-1.58558760381918	0.01	0.024	1	DHX35	c27
0.300400564346158	-1.58490329446273	0.005	0.014	1	ASF1B	c27
1.31279915417382e-08	-1.58320328471316	0.284	0.469	0.00048049761841916	JUN	c27
0.0573339259853839	1.58289269843978	0.031	0.015	1	DISC1	c27
0.0757037241928449	-1.58261032104082	0	0.016	1	S100A16	c27
0.414183365907823	1.58166266213594	0.098	0.087	1	SIGLEC9	c27
0.0454517703320671	-1.58161301047208	0.01	0.038	1	SLC46A1	c27
0.173675962333712	1.58038604505072	0.01	0.004	1	SDR42E2	c27
0.0114341758895188	1.57999723971898	0.067	0.035	1	FOXJ2	c27
0.154011696939841	-1.57976678276103	0.057	0.084	1	FAS	c27
0.553779338215189	-1.57951932819482	0.015	0.022	1	AP4S1	c27
1.90778789996374e-08	-1.57946342962973	0.33	0.497	0.000698269449265728	TLE5	c27
0.707471900910208	-1.57884192593504	0.015	0.019	1	FOXP3	c27
0.202672595786396	1.57789260956457	0.139	0.117	1	TST	c27
0.0399982262365934	1.57743305939463	0.036	0.017	1	AREG	c27
4.00997210669198e-05	-1.57668884258975	0.144	0.272	1	PIK3R1	c27
0.0395236079372466	-1.57655552375883	0.093	0.141	1	ABT1	c27
9.40937237732119e-05	1.5751108142505	0.113	0.052	1	TEP1	c27
0.017403727995256	1.57508757835891	0.036	0.015	1	MINDY1	c27
0.0227611643858689	-1.57361915525037	0.01	0.044	1	ANGEL1	c27
0.0104956755019983	-1.57304701258359	0.103	0.168	1	HERPUD2	c27
0.522608045285463	-1.57212247919884	0.005	0.01	1	SBK1	c27
0.91805753632506	-1.57137235510028	0.01	0.011	1	RAB27B	c27
0.00840860875552369	1.57136661892918	0.01	0.002	1	TMED2-DT	c27
7.07298941468981e-05	-1.57082986146647	0.077	0.19	1	CPM	c27
0.000832247704334197	-1.5697131838398	0.088	0.179	1	HACD3	c27
0.0980719855298498	-1.56814377614697	0	0.014	1	KLK1	c27
0.0415210553265081	1.56811869939657	0.031	0.014	1	IER5L	c27
0.116923089259038	-1.56780554550132	0.041	0.069	1	LINC01184	c27
0.150782984465486	-1.56776354315381	0.01	0.027	1	DNAJA4	c27
0.308938768044089	-1.5667134022936	0.041	0.058	1	TIFA	c27
0.000658105534750184	1.56628404861811	0.041	0.013	1	C4orf46	c27
0.152304417687934	-1.56589836071912	0.005	0.019	1	AC093157.1	c27
0.0119003455758588	1.56583566196949	0.134	0.088	1	KDM6B	c27
0.00983697555430501	-1.56576156388856	0.005	0.043	1	WLS	c27
0.647478846625088	1.56555622010633	0.103	0.123	1	TLR4	c27
0.476337675914393	-1.56495986949482	0.015	0.023	1	LINC01934	c27
0.157164308161326	-1.56439962152264	0.015	0.034	1	TARBP1	c27
0.645905670208923	1.56418814723262	0.01	0.008	1	SH3BGR	c27
0.00283554465154402	1.56398950234724	0.057	0.024	1	CLCN5	c27
0.585489934953426	-1.56390216015979	0.01	0.015	1	NEMP2	c27
0.0349108710454251	-1.56372675867819	0.005	0.032	1	PKIG	c27
0.779847886175171	1.56303315055109	0.067	0.064	1	CCNY	c27
0.0579952570033707	-1.56199299018257	0.005	0.028	1	FAM110B	c27
0.000929967790537387	1.56145140008074	0.113	0.059	1	PTOV1	c27
0.0166049189578563	1.56037020513631	0.031	0.012	1	PKP2	c27
0.437061593446272	-1.56036229281608	0.005	0.011	1	APLF	c27
0.0728557869823092	-1.56008042993165	0.015	0.041	1	ALPK3	c27
0.303419737977151	-1.55872090737062	0.021	0.034	1	TAF6L	c27
0.0978354997843855	-1.55843600639461	0.036	0.065	1	DDX28	c27
0.048875846666971	-1.55784050397472	0.01	0.037	1	TXK	c27
0.865632044350704	1.55733588429756	0.026	0.024	1	ZDHHC9	c27
0.885845329653976	-1.55678066154853	0.01	0.011	1	DLG3	c27
0.131591164652199	-1.55642838786138	0.015	0.035	1	ZNF568	c27
0.00017543523604184	1.55623795746482	0.067	0.025	1	POLI	c27
0.0039416381973862	1.5555611050672	0.129	0.077	1	MAP4K4	c27
0.0190150909541474	-1.55520914862608	0.036	0.083	1	ARV1	c27
0.0418466070653622	-1.55493856370679	0.015	0.046	1	FDXR	c27
0.372513826347112	1.55453431129337	0.026	0.017	1	CPEB2	c27
0.128005282630658	-1.55410514734428	0	0.012	1	RPS6KL1	c27
0.00157026995712739	1.55403626770316	0.067	0.029	1	ADORA2B	c27
0.891116658878782	-1.55390463469777	0.015	0.017	1	ITPRIPL1	c27
0.520415380359455	-1.55373969959646	0.005	0.01	1	OBSCN	c27
0.170583607780453	-1.55294331332252	0.052	0.077	1	SMPD1	c27
0.781738869990619	-1.5512825999525	0.021	0.023	1	SLC38A5	c27
0.070951303183404	-1.55083742973815	0.015	0.041	1	INTS13	c27
0.241310896747305	1.55017430986436	0.041	0.028	1	CBX7	c27
0.0523799660399345	1.55005861498005	0.01	0.003	1	HSF4	c27
0.174331956502636	-1.55001310247146	0.021	0.04	1	TLK2	c27
2.00154239274164e-05	1.54959006211978	0.149	0.073	0.732584531167368	NFKB1	c27
0.450516347271433	-1.54876848004483	0.005	0.011	1	NR3C2	c27
0.123626214171334	-1.54840816884792	0.005	0.021	1	PTGFRN	c27
0.560523543539146	1.5481928297687	0.01	0.007	1	HIST1H4J	c27
0.343051128346616	-1.54817271538292	0.005	0.013	1	PSAT1	c27
0.935153116551426	1.54775997942943	0.01	0.01	1	AMT	c27
0.758999110168671	1.54612648097695	0.01	0.008	1	ARMCX4	c27
0.112083844337007	-1.54596316567808	0.01	0.03	1	PMEPA1	c27
0.823080929924629	1.54563696549356	0.015	0.014	1	JAG1	c27
0.00387726222466493	-1.54554854241214	0.067	0.138	1	SLC39A7	c27
0.0147950400385244	1.54483848053882	0.062	0.031	1	NRF1	c27
0.0305744202997357	-1.54468763056992	0.015	0.049	1	SLC35E1	c27
0.00042538112226987	-1.54412181662748	0.052	0.142	1	SLC35E3	c27
0.876686282128028	-1.5428533474037	0.052	0.052	1	DPP4	c27
0.0195955679353196	-1.5427811346849	0.041	0.089	1	RPRD2	c27
0.0034539782335107	-1.54274501626219	0.098	0.172	1	TRBC1	c27
0.967180316155297	1.5405950175297	0.021	0.021	1	UBE2O	c27
0.0339140227086235	1.54039192632667	0.046	0.024	1	FBRSL1	c27
0.957469669001979	1.5396783736957	0.031	0.032	1	PFKFB4	c27
0.020143870352527	-1.53792734591647	0.072	0.123	1	P2RY8	c27
0.122493615631216	-1.53773521530995	0.026	0.05	1	PRAF2	c27
0.0436351767212563	-1.53688927550544	0.01	0.038	1	TMEM116	c27
0.00787082838798462	1.53681791839447	0.103	0.061	1	BAIAP2	c27
0.223436927664807	-1.53608310235454	0.01	0.024	1	CENPM	c27
0.158142154814384	-1.53566650925661	0.01	0.027	1	TRIB3	c27
0.0893129106993489	-1.53552274504421	0.036	0.066	1	AL136454.1	c27
0.117652290692149	-1.53511105956647	0.01	0.029	1	EXD2	c27
0.422291885957649	-1.53481310088606	0.01	0.018	1	TRAV23DV6	c27
0.00404608057601799	1.53410049819935	0.093	0.049	1	WDR75	c27
0.00733920645818175	-1.53305696508011	0.119	0.19	1	CCDC167	c27
0.297300493228562	-1.5330418809556	0.036	0.052	1	DLGAP1-AS1	c27
0.0533001704876782	1.53291191611881	0.052	0.029	1	ZNF700	c27
0.99683934576065	1.53138844883457	0.015	0.016	1	AC087500.1	c27
0.373934530875598	-1.5312427734098	0.021	0.032	1	NDFIP2	c27
0.537769054569825	1.53009462439737	0.015	0.011	1	ARL17B	c27
0.00961072397784214	-1.52951493789022	0.031	0.083	1	ALG14	c27
0.678898060008823	-1.52938486390016	0.031	0.036	1	IKZF2	c27
0.0852553610266462	-1.52889093579421	0.134	0.169	1	ETS1	c27
0.372600757030317	-1.52871339072204	0.031	0.044	1	ENDOD1	c27
0.249661887675452	-1.52820016695726	0.01	0.023	1	VILL	c27
0.158826766818815	-1.52788715030229	0	0.01	1	ITLN1	c27
0.419796001400493	1.52777595413643	0.041	0.032	1	OTUD1	c27
0.236220710565797	1.52629679228721	0.062	0.045	1	FAM13A	c27
0.000119377824115925	1.52341165694918	0.036	0.009	1	GALNT3	c27
0.80035928235887	1.52073121127526	0.01	0.009	1	ZP3	c27
0.0946815695863797	-1.52052485097826	0.057	0.089	1	SVIP	c27
0.339211150748133	-1.52040898932886	0.01	0.02	1	AC064807.1	c27
0.00384405354663392	-1.52040610871889	0.026	0.084	1	KMO	c27
0.0144150222826766	1.52008069697568	0.062	0.031	1	PAN3	c27
0.234589342590072	-1.51967071070098	0.015	0.03	1	ALDH18A1	c27
0.00151027287682207	1.51957328102597	0.01	0.001	1	AL354733.3	c27
0.334896793244471	-1.51868078319834	0.026	0.039	1	LINC00476	c27
3.67816369943224e-06	1.51786613866834	0.113	0.045	0.134624469562919	FCHSD2	c27
0.00175093444953522	1.51758385724566	0.119	0.066	1	MYO1E	c27
0.110225129578504	1.51749450470984	0.036	0.02	1	PXDC1	c27
0.03119037775689	-1.51696498247058	0.052	0.098	1	RAD51C	c27
9.15186749938617e-06	-1.51451675898488	0.031	0.144	0.334967502345033	CORO2A	c27
0.263800274604648	1.51318202975583	0.021	0.012	1	TNFRSF10D	c27
0.00460418865872487	1.5112691830715	0.072	0.035	1	PHF2	c27
0.00064153937156743	1.51088232371375	0.082	0.037	1	CLK2	c27
0.166660953571986	-1.51087035759241	0	0.01	1	STAP2	c27
0.351968686809162	1.50995848117023	0.01	0.005	1	AL031432.4	c27
0.0618622381609042	-1.50883121797061	0.031	0.063	1	NELL2	c27
0.411240836985684	-1.50850710095523	0.026	0.037	1	HELLS	c27
0.636533828701267	1.50726828743265	0.026	0.021	1	PRXL2B	c27
0.0694292463277635	1.5064609739404	0.196	0.165	1	MAFB	c27
4.96758768907398e-05	1.50460468807253	0.304	0.21	1	TBXAS1	c27
0.141318246470427	-1.50393552193096	0	0.011	1	ZFHX2	c27
1.31045823005317e-05	-1.50330380775063	0.082	0.214	0.47964081678176	ADAMTSL4	c27
0.0324610611422456	1.50224122050816	0.082	0.051	1	RBM15B	c27
0.0911565631240606	-1.50215807883735	0	0.014	1	AL772337.2	c27
0.0909929335848583	-1.50119819175324	0.01	0.032	1	TUBE1	c27
0.402435174722085	-1.50066667556025	0.026	0.037	1	SNTB2	c27
0.738095292363816	-1.50057611701913	0.021	0.024	1	ZNF570	c27
0.0922633819794596	1.49985340761745	0.098	0.07	1	CENPB	c27
0.0338538504028254	-1.4983039224963	0.015	0.048	1	QPRT	c27
3.23997467299885e-05	-1.49793124239453	0.175	0.305	1	CES1	c27
1.58310955405181e-05	1.4975480265756	0.113	0.048	0.579433927878505	REPIN1	c27
0.440000510513305	-1.49700727984124	0.005	0.011	1	Z97192.3	c27
0.142663876945674	-1.49697723708005	0	0.011	1	AKR1C1	c27
0.0886377018175913	1.49602268761781	0.021	0.009	1	PYCARD-AS1	c27
0.000766892632115941	1.49243255442214	0.129	0.069	1	CYB561A3	c27
0.0129862937893637	-1.49188878369261	0.021	0.065	1	EGR2	c27
0.1641748405194	-1.49156975389851	0.015	0.033	1	KIAA0556	c27
0.278107365309657	1.49090664785776	0.015	0.029	1	AC240274.1	c27
0.473789382875519	-1.49034582057517	0.036	0.047	1	EFL1	c27
0.394498357298847	-1.48990328011637	0.005	0.012	1	NAP1L5	c27
0.182359071528454	1.48949314466294	0.036	0.022	1	NBPF9	c27
0.000988797900566713	-1.48929962578289	0.041	0.118	1	FCHO2	c27
0.0189687282332642	1.48926712231936	0.041	0.019	1	CHKB-DT	c27
0.0366108138497751	1.48873878569419	0.082	0.051	1	PLAGL1	c27
0.139655948626901	-1.48842454464068	0	0.011	1	CSPG4	c27
0.144299143454921	-1.48817818994514	0.108	0.139	1	RASAL3	c27
0.0540577851571318	-1.48675101522886	0.026	0.058	1	MAP1LC3A	c27
0.00152534438931221	-1.48528287362926	0.072	0.155	1	CFAP36	c27
0.0121311423433831	-1.48515060069519	0.036	0.088	1	POLR3H	c27
0.0222416793029834	-1.48512424225314	0.021	0.06	1	VWA5A	c27
0.111366775519849	-1.48511760381397	0.005	0.022	1	POMGNT2	c27
0.460742818222837	-1.48511073371248	0.005	0.011	1	AC002310.1	c27
0.245629086360913	-1.48498102144611	0.041	0.06	1	CEP85L	c27
0.0306304587564065	-1.48458376890431	0.031	0.071	1	ERI1	c27
0.0626845151738325	-1.48457271328251	0.01	0.035	1	USP30	c27
0.550920317384589	1.48401336633811	0.072	0.064	1	FRY	c27
0.161106941776523	-1.48359636602649	0.057	0.083	1	TESPA1	c27
0.964717334487989	1.48278588636312	0.021	0.02	1	CACTIN	c27
0.289517181463667	-1.48116005367965	0.015	0.028	1	PLEKHG3	c27
0.270917501590753	-1.48087024390455	0.015	0.029	1	TRIM23	c27
0.052700069003082	-1.48013452594436	0.031	0.065	1	MROH1	c27
0.00197661103437801	1.4796570145081	0.216	0.15	1	MTHFD2	c27
0.000133071209347423	-1.47965509156772	0.036	0.13	1	PDK4	c27
0.331662025501678	1.47770698517457	0.041	0.03	1	ZNF174	c27
0.00107602697015523	1.47728521504198	0.222	0.147	1	ADAP2	c27
0.0711800971658902	-1.47707736604259	0.046	0.082	1	ADRB2	c27
1.02476860272826e-08	-1.47531907655059	0.026	0.191	0.000375075556284571	MME	c27
0.689862443052194	-1.474960820191	0.015	0.012	1	TRAV22	c27
0.362490171218538	-1.47403724128602	0.026	0.038	1	METTL15	c27
0.643285007049482	1.47386143446905	0.026	0.021	1	TTYH3	c27
0.000139362196120855	1.47362278623635	0.103	0.046	1	SIPA1L1	c27
0.0011810864216843	-1.4734341928668	0.057	0.138	1	FMNL2	c27
0.276898397401992	-1.47307036108326	0.01	0.022	1	CCNB1	c27
0.274156609383989	1.47305624416176	0.046	0.033	1	SH2B2	c27
0.0579462216143444	1.47302513702518	0.01	0.003	1	HIST1H3F	c27
8.37645695675022e-09	-1.47281933182249	0.201	0.388	0.000306586701074015	AKR1B1	c27
0.359458951485089	-1.47193715427444	0.026	0.038	1	RBM34	c27
0.415882033139706	1.47182917049376	0.026	0.018	1	PATZ1	c27
0.401933444527696	-1.47166671822968	0.01	0.018	1	NICN1	c27
0.055131553300238	-1.47163655148664	0.005	0.028	1	DNAL1	c27
0.0270953544122611	-1.47149412292026	0.005	0.034	1	GNA11	c27
0.999968700612215	-1.47007406008577	0.01	0.01	1	KRT1	c27
0.429512077316202	-1.46923628155642	0.005	0.011	1	ZFP28	c27
0.301055176289182	-1.46921949452933	0.01	0.021	1	AC010654.1	c27
0.00574604169666541	1.4686539182995	0.082	0.043	1	KLF7	c27
0.056783863652532	-1.46855397983999	0.005	0.028	1	L1TD1	c27
0.0426509577720307	-1.46774109641997	0.01	0.038	1	CNRIP1	c27
3.10631360924969e-06	-1.46737625910708	0.113	0.261	0.113694184412148	ABHD5	c27
0.887231296670074	-1.46715796450601	0.021	0.022	1	AL359220.1	c27
0.0269356833124546	-1.46709045019389	0.067	0.119	1	RDH14	c27
0.0462562410015023	-1.46686303397194	0.015	0.045	1	NQO1	c27
0.000133148993800967	-1.46669611572166	0.835	0.685	1	LGALS3	c27
0.987561655714859	-1.46668156750517	0.015	0.015	1	MAP9	c27
0.542941200728381	-1.46591896217543	0.01	0.016	1	AC243829.4	c27
0.0476156944616439	-1.46589144118485	0.036	0.074	1	CCDC127	c27
0.0493052408198702	-1.4650701860376	0.01	0.037	1	SREBF1	c27
0.0644676498444565	-1.46500705116755	0.015	0.042	1	PTPRM	c27
0.101802192365179	1.46489147792654	0.031	0.016	1	ZSCAN5A	c27
0.548207559026404	-1.46477862735607	0.026	0.033	1	MANEA	c27
0.0930736212411929	-1.46381401197189	0.031	0.059	1	THAP3	c27
0.129244365520053	-1.46379059213111	0.01	0.028	1	BTBD6	c27
1.25405008475507e-09	-1.46357406424523	0.237	0.43	4.58994871521203e-05	PLIN2	c27
0.0449664948573453	-1.46354130239768	0.01	0.038	1	CIPC	c27
0.127641903822614	1.46344516969746	0.015	0.007	1	AC092803.1	c27
0.84893960856921	-1.46310040199171	0.041	0.038	1	APOBEC3H	c27
0.212704950176342	-1.46304413991218	0.015	0.031	1	CLCN6	c27
0.00455538812136242	1.46278799750722	0.201	0.142	1	NUDT16	c27
0.118629094526249	-1.46222642074048	0.026	0.05	1	TTC38	c27
0.562365265435503	-1.46219609143369	0.015	0.021	1	CARF	c27
0.205362022311711	-1.46122368777061	0.005	0.017	1	NUDT12	c27
0.88499686770774	1.45997635211878	0.041	0.04	1	INAFM1	c27
3.49394740987652e-14	-1.459720608454	0.119	0.394	1.2788196914889e-09	FCGR3A	c27
0.023060727106201	1.45914253240103	0.18	0.137	1	MSRB1	c27
1.73509389995426e-05	1.45886888107874	0.124	0.055	0.635061718322257	LINC01578	c27
4.37579196910119e-05	1.45877705129721	0.062	0.02	1	AC007952.4	c27
0.000750304905765439	1.45870066610849	0.067	0.027	1	NBPF26	c27
0.827828851417778	-1.4575512374096	0.015	0.014	1	AC012360.3	c27
0.110287178381236	-1.4574605961522	0	0.013	1	ARMC9	c27
0.0895206576775369	1.45616702986484	0.026	0.012	1	VIPR1	c27
1.80478300802236e-05	1.4550788970875	0.093	0.036	0.660568628766265	PPP1R16A	c27
0.461283888394539	1.45501991425898	0.057	0.047	1	NIBAN2	c27
0.169772734044102	-1.4546558849886	0.062	0.089	1	RNF34	c27
0.0841669462954831	1.45341930652574	0.046	0.027	1	MEN1	c27
0.564923804628588	1.45307004214934	0.021	0.016	1	PPP1R3B	c27
0.00117808963746207	1.45269226786075	0.031	0.009	1	AL162253.2	c27
0.532655429888585	1.4513246889724	0.015	0.011	1	ANKRD9	c27
0.246000192117631	-1.45083432300482	0.015	0.03	1	BAG2	c27
0.0831089215674656	-1.45049861608176	0.01	0.032	1	TFCP2L1	c27
0.21679928320623	-1.44824544474537	0.005	0.016	1	SETMAR	c27
0.410407476520179	-1.44818454717801	0.01	0.018	1	ZNF624	c27
0.0971775795141101	-1.44796574556493	0	0.014	1	ANKRD29	c27
0.261237753600003	-1.44764727229638	0.01	0.022	1	ZNF197	c27
0.936330152246735	-1.4474683069793	0.077	0.072	1	CXCR6	c27
0.722194914681838	1.44697696865159	0.01	0.008	1	AC009005.1	c27
0.000229642429742774	1.44662048485916	0.082	0.035	1	OTUD6B	c27
0.00863095097571681	-1.44627559119985	0.16	0.229	1	SLFN5	c27
0.123948854446631	1.44463967065313	0.052	0.033	1	NCKAP5L	c27
0.316806232817541	1.44434383056179	0.01	0.005	1	FAM215A	c27
0.778485988608725	1.44373299590143	0.026	0.023	1	TMEM144	c27
0.202241893860377	1.44367028143535	0.015	0.008	1	AL133243.3	c27
0.0560870394252041	-1.44312592115563	0.093	0.139	1	MLLT10	c27
6.61072057763819e-08	-1.4423605672366	0.041	0.202	0.00241958983862135	EPHX1	c27
0.00138983512500862	1.44104881427017	0.021	0.005	1	FAM156A	c27
0.491415900848468	-1.44068662893988	0.005	0.01	1	CDHR3	c27
1.85043186026668e-05	-1.44068210416757	0.072	0.196	0.677276565176206	ADAM17	c27
0.0231820596001022	1.43814248041097	0.01	0.002	1	H1FX-AS1	c27
1.93924553297667e-05	-1.4372778385528	0.062	0.187	0.709783257524792	GABARAPL1	c27
0.00105690587499095	-1.43720435923413	0.01	0.072	1	PI4K2A	c27
0.21223647836787	1.43715042936744	0.052	0.036	1	AREL1	c27
0.000181177138714823	-1.43689048516323	0.041	0.135	1	PDCL	c27
0.0121053041005593	1.43673288606296	0.046	0.021	1	RPP40	c27
0.98277720431909	1.43657214366021	0.01	0.011	1	IFT81	c27
0.652706536560094	-1.43644990474278	0.01	0.014	1	LINC00863	c27
0.193887352601237	-1.43580495736129	0.052	0.076	1	CDK17	c27
0.00934822483176016	-1.43530541752879	0.113	0.182	1	TTC39C	c27
0.954604875241493	1.43456782891479	0.01	0.01	1	MAGIX	c27
0.712072518325463	-1.43424612264019	0.031	0.036	1	CENPF	c27
0.150380899310674	-1.42851154645452	0.01	0.027	1	PHF7	c27
0.0157173789054693	-1.42671219782788	0.036	0.085	1	ZBED5-AS1	c27
0.0852799254885827	-1.4266530434917	0.005	0.024	1	KRT8	c27
3.69365193974087e-06	-1.42662236924661	1	0.996	0.135191354646456	FTL	c27
0.00499864986432683	1.42636991596283	0.103	0.058	1	PPP3R1	c27
0.0993616123354561	1.42625869260713	0.046	0.027	1	INKA2	c27
0.373936131719636	-1.42621623004416	0.021	0.032	1	BCDIN3D	c27
0.0515775172105333	1.42595383240206	0.103	0.071	1	MPZL1	c27
0.0196619190317654	1.42544187105559	0.031	0.012	1	C16orf74	c27
0.739562308062713	1.42499248566605	0.052	0.048	1	PPFIBP2	c27
0.0418402842900828	-1.42476588329308	0.036	0.074	1	ACYP1	c27
0.349838134629007	1.4243578188572	0.01	0.005	1	SNED1	c27
3.09958916060552e-06	-1.42402534869143	0.144	0.299	0.113448062867323	ICAM2	c27
0.368809002704272	-1.42381990475723	0.005	0.012	1	FAM161B	c27
0.592569656206914	-1.42254807529382	0.021	0.027	1	C1orf21	c27
0.338421691160164	-1.42247791054116	0.005	0.013	1	KIAA0753	c27
0.00120853460881743	-1.42222758425783	0.088	0.177	1	EBP	c27
0.0950813711295778	-1.42194320198733	0.052	0.085	1	CAAP1	c27
0.471509248373375	1.42118197599882	0.01	0.006	1	AC021016.2	c27
0.0343522031665886	-1.42108626788399	0.005	0.032	1	EXTL2	c27
0.000207273789571	-1.42087419191882	0.165	0.269	1	GIMAP5	c27
0.0270627244066234	1.4201054988594	0.072	0.042	1	ECI1	c27
0.00903825641017193	-1.42003787743868	0.046	0.104	1	HMCES	c27
0.380580334419417	-1.41990993671986	0.005	0.012	1	EIF1B-AS1	c27
0.549356462549414	-1.41811088157605	0.041	0.05	1	FBXO44	c27
0.40161269057628	1.41746170951152	0.005	0.012	1	HSD11B1-AS1	c27
0.380509672469439	1.41744350649409	0.021	0.013	1	TSPAN13	c27
4.60131382862767e-06	1.41740208485964	0.278	0.171	0.168412687441602	LYST	c27
0.643127279523339	-1.41623533543662	0.01	0.014	1	MORC4	c27
0.0382386962496762	-1.41607981335655	0.01	0.039	1	RHOBTB2	c27
0.0891040645013605	-1.41579391733758	0	0.015	1	ENPP6	c27
0.0280224506619248	-1.41575203801118	0.021	0.058	1	PTPDC1	c27
0.0326773603364738	-1.41441527356929	0.062	0.11	1	DHRS1	c27
0.563071447116903	1.4139753335012	0.124	0.119	1	SOX4	c27
0.135162810177366	-1.41372575310583	0.021	0.042	1	UCK1	c27
0.401163077278756	-1.41330318251995	0.021	0.031	1	RAD51D	c27
0.0163744267316131	-1.41266592177983	0.005	0.038	1	TMEM99	c27
0.297419165895501	1.41182540530561	0.062	0.047	1	MAFG	c27
0.30590266920323	1.41136380931095	0.031	0.021	1	NLK	c27
0.126218793846329	-1.41096108798328	0	0.012	1	LINC01226	c27
1.33727152512708e-06	-1.41048756473361	0.18	0.345	0.0489454750911763	LMAN1	c27
0.139438183566666	1.41010409787337	0.041	0.025	1	KAT2A	c27
0.222936773956027	-1.41007210873569	0.015	0.031	1	ABHD4	c27
0.236530198883002	-1.40996959505608	0.01	0.023	1	IGSF22	c27
0.270403810593418	-1.4099692012634	0.005	0.015	1	ZNF182	c27
0.154544488074709	1.40941026224092	0.067	0.047	1	ARHGAP24	c27
0.0208517258711504	1.40919259637416	0.026	0.01	1	TSPYL5	c27
2.35684043221718e-08	-1.40904527642123	0.289	0.471	0.000862627166595809	PLAAT4	c27
0.107470946085154	1.40898995169942	0.098	0.071	1	MTFR1L	c27
2.25244498371674e-07	-1.40897220245826	0.129	0.307	0.00824417388490163	SH3BP5	c27
0.810038680240897	1.40863715303105	0.041	0.038	1	CBX4	c27
0.319065081151507	-1.4082585186586	0.026	0.04	1	LIPT1	c27
0.0177325904464657	-1.4075346849609	0.01	0.046	1	EEPD1	c27
0.102451071303905	1.40711020570309	0.129	0.097	1	BIRC3	c27
0.0699127612051097	-1.40685001122973	0.026	0.056	1	NFATC1	c27
0.585937081561598	-1.40669336574874	0.015	0.021	1	MBLAC2	c27
0.427111795687306	-1.4064528490486	0.015	0.024	1	CEP152	c27
0.0946929706330253	-1.40631146497055	0.005	0.023	1	FBXO10	c27
0.285322540592418	1.40621747195137	0.062	0.047	1	NCAPD2	c27
0.0315346191906202	1.40603886363713	0.01	0.003	1	BX284668.6	c27
0.152811039025442	-1.40497291804196	0.015	0.034	1	WDR53	c27
0.101945395377249	-1.40489801054709	0.005	0.023	1	MTFR2	c27
0.0166981825777777	1.40384971621005	0.067	0.036	1	GORASP1	c27
0.00638431597959892	-1.40336956142856	0.026	0.08	1	NDUFAF1	c27
0.738099120114732	-1.40289670828784	0.01	0.013	1	APOLD1	c27
8.24454504381885e-11	-1.40282554737805	0.675	0.701	3.01758593148814e-06	CTSD	c27
0.4966418608825	-1.4022927770342	0.144	0.151	1	HIST1H1D	c27
0.0183687993930486	1.40139678709269	0.088	0.052	1	MIR22HG	c27
0.00160712747798537	1.40139415911167	0.16	0.1	1	CTNND1	c27
0.239914667079774	-1.40127777215294	0.005	0.016	1	ARHGEF5	c27
0.0696974566474187	-1.40095835243293	0.01	0.034	1	RNFT1-DT	c27
0.409564017261722	1.39838031427036	0.01	0.006	1	PODXL2	c27
0.822171213640766	-1.39783247178519	0.046	0.049	1	PTGDR	c27
0.81473522503316	-1.39752436556333	0.057	0.06	1	SCAPER	c27
0.371214064254258	-1.39740642982979	0.015	0.025	1	CDCA7	c27
0.201904779186786	-1.39735844899995	0.01	0.024	1	PLXNA1	c27
0.102155419451578	1.39604434885101	0.057	0.036	1	FAM114A1	c27
0.318511167852917	1.39573454887143	0.026	0.017	1	ZBED3	c27
0.0138003919395424	1.39557361947512	0.015	0.004	1	AC020978.7	c27
0.89913955397586	-1.39532967777547	0.021	0.022	1	ZNF169	c27
0.21333173140293	-1.3952790843359	0.005	0.017	1	LAMB1	c27
0.167859258782025	-1.39503764552247	0.036	0.059	1	DHRS4-AS1	c27
0.0675178551289445	-1.39458651862879	0.005	0.026	1	PCSK5	c27
0.058013653023125	1.39455742178289	0.01	0.003	1	LINC00173	c27
0.16260212318023	-1.39447977901999	0.093	0.121	1	ANXA2R	c27
0.435494488080977	-1.39374295049773	0.005	0.011	1	TRAV2	c27
0.84494117579666	1.39266879409834	0.01	0.009	1	AC092755.2	c27
0.263058428061712	1.3926236604603	0.015	0.008	1	THNSL2	c27
0.19476548367736	1.39191083127454	0.057	0.04	1	BTBD2	c27
0.0416099694026191	1.39144193743733	0.036	0.017	1	ULK1	c27
0.252013001618325	-1.39128495522882	0.005	0.015	1	HOXB4	c27
0.116388371764301	1.39122331952324	0.026	0.013	1	AP002381.2	c27
0.0635152616735059	-1.39074715742059	0.031	0.064	1	NSDHL	c27
0.00401944570998551	-1.39069378701928	0.093	0.167	1	KANSL1-AS1	c27
0.000135032523375908	-1.39018612678815	0.026	0.115	1	MRAS	c27
0.0215426503224496	1.39009138770933	0.01	0.002	1	RUSC1-AS1	c27
0.383370137687682	1.39008468325727	0.036	0.027	1	KCTD6	c27
0.134769548566213	-1.38904711208317	0.021	0.042	1	TTLL1	c27
0.651099197153185	1.38878692932648	0.057	0.051	1	RCOR1	c27
0.511082322852012	-1.38730130739193	0.015	0.022	1	TRAV10	c27
0.0116839791446936	1.3871805607199	0.036	0.014	1	LINC01006	c27
0.104345872751156	-1.38684149513832	0	0.013	1	GLTPD2	c27
6.15629562008082e-06	1.38655680003377	0.201	0.109	0.225326575990578	GNA15	c27
0.000729916033646954	1.38647560399083	0.222	0.147	1	IRF2BP2	c27
0.00072430580476301	1.38595588852831	0.026	0.006	1	AL022328.4	c27
0.262689929910684	-1.38592544311735	0.01	0.022	1	OSM	c27
0.0425407107510365	1.38444861504256	0.01	0.003	1	GPC1	c27
0.819383231827973	-1.38407960264518	0.01	0.009	1	HIST1H4F	c27
0.0299245165482509	1.38385746307005	0.026	0.01	1	HDAC2-AS2	c27
0.04259785544443	1.38322339377544	0.046	0.024	1	DNASE1	c27
0.0102499446190745	1.3822995915428	0.093	0.053	1	UBP1	c27
0.000148984305689311	-1.38213815277659	0.021	0.106	1	LINC02785	c27
0.101142521377862	-1.38049157496867	0.021	0.045	1	FAM214A	c27
0.014574548933564	-1.38030828303919	0.119	0.181	1	RCAN3	c27
0.169854391704749	-1.38004239867659	0.005	0.018	1	ZNF783	c27
0.000723556907905086	1.37880329155873	0.062	0.024	1	EPS8	c27
0.917737172586233	-1.37818717193138	0.026	0.024	1	IL21R	c27
0.0956893094457823	1.37624304671706	0.082	0.056	1	MIR155HG	c27
0.000600084154988207	1.37619625131684	0.041	0.013	1	CDK2	c27
0.119063433798161	-1.37547836105831	0	0.012	1	CD2BP2-DT	c27
0.287776609659038	1.37547038382422	0.031	0.02	1	DHX34	c27
0.524452001737914	1.37544383800423	0.052	0.043	1	IPO13	c27
0.308614484687989	1.37515536000581	0.026	0.017	1	ARMCX2	c27
0.00134060309787854	1.3750805728938	0.139	0.08	1	PGGT1B	c27
0.850400714455782	1.37493036190858	0.103	0.103	1	C15orf48	c27
0.00141553993992085	-1.37481413762083	0.443	0.475	1	LTB	c27
0.519281522409379	1.3741336390234	0.072	0.063	1	NPLOC4	c27
0.0031984097152881	1.37243585288364	0.082	0.041	1	PROSER1	c27
0.214014122803519	-1.37123780540764	0.026	0.044	1	KIZ	c27
0.000682314008467352	1.37093478736773	0.144	0.081	1	CRYBG3	c27
0.467893994864405	1.37057017449977	0.041	0.033	1	PHKA2	c27
0.401427722555803	1.37014881397238	0.072	0.06	1	ARSD	c27
0.136691803131786	1.37000523549459	0.041	0.071	1	CLMN	c27
0.0761132138997126	-1.36993747504865	0.026	0.055	1	SLC39A9	c27
0.868621490089235	-1.36964009921068	0.01	0.012	1	TRBV14	c27
0.162400464884119	-1.36920552134473	0.005	0.019	1	THAP7-AS1	c27
0.558360884661867	-1.36864074005491	0.01	0.015	1	MTMR1	c27
5.2389983542957e-07	-1.36837196566462	0.093	0.248	0.0191752578765577	POR	c27
0.00965964303563248	-1.36756086994093	0.057	0.117	1	SYNJ2BP	c27
0.524426414718379	-1.36753475008273	0.021	0.028	1	SARM1	c27
0.107239134665025	-1.36733688110759	0.036	0.064	1	ANKRD36C	c27
0.314091733443733	-1.36712810233238	0.031	0.02	1	XCL1	c27
0.207200894170232	-1.36700814098035	0.062	0.086	1	CCDC66	c27
0.153699342351809	-1.3665293016709	0.01	0.027	1	PARD6A	c27
0.00492621279619604	-1.36484118313233	0.015	0.066	1	UACA	c27
0.0293725354795695	1.36462106302277	0.108	0.071	1	WDR11	c27
3.52380622532799e-05	1.36384604854838	0.253	0.16	1	ITGAX	c27
0.516619670539658	-1.36321411007119	0.015	0.022	1	SYNJ2	c27
0.00394095850901757	-1.36304433085272	0.057	0.126	1	CLN5	c27
0.0424995399369846	1.36285192698038	0.01	0.003	1	E2F7	c27
7.91472330005175e-06	-1.3619840030317	0.139	0.281	0.289686787505194	CD82	c27
0.922375240888779	1.36196094085623	0.031	0.03	1	LOXL3	c27
0.00930268102355843	1.36192855510452	0.026	0.009	1	LRP8	c27
0.298334355895606	1.36154790492789	0.021	0.012	1	YRDC	c27
0.714637472282253	-1.36145991969496	0.021	0.024	1	PDCD1	c27
0.0977029699066484	1.36132341184281	0.01	0.003	1	CBLN3	c27
0.0137169591371555	-1.36060574638144	0.057	0.112	1	EHD1	c27
0.141606784766564	-1.36042870612793	0.005	0.02	1	MEAK7	c27
0.263231990857738	-1.35999532734093	0.021	0.035	1	NSG1	c27
0.126374533398401	-1.35989120340875	0.036	0.062	1	DAPK3	c27
0.893788858783739	-1.3598264947815	0.031	0.032	1	TRIM73	c27
0.0741091292834134	1.35959105821483	0.036	0.019	1	FUT10	c27
0.164979587297435	1.35936773792379	0.052	0.034	1	LACC1	c27
0.363953964280146	1.35903942489501	0.031	0.022	1	LDLRAD3	c27
0.49944124640422	1.35889108551009	0.031	0.024	1	ZBTB21	c27
0.00801572787156659	1.35819893391357	0.052	0.023	1	FAM117B	c27
0.0325383900833146	-1.35746141553167	0.026	0.064	1	NFIA	c27
0.631381075284695	-1.35689479688222	0.021	0.026	1	ZNF66	c27
3.32138141912035e-05	1.35676591855423	0.124	0.056	1	ARMC6	c27
0.00200196281855967	1.35657461775326	0.139	0.083	1	MAP2K2	c27
0.552255623449927	1.35645844396011	0.031	0.025	1	ZNF282	c27
0.0947672576313648	-1.35628037417102	0.01	0.031	1	UBE2T	c27
0.000100629306435769	1.35540567889748	0.067	0.024	1	EIF3C	c27
0.360018945993007	1.35532345345256	0.031	0.022	1	TMEM267	c27
0.0834585686149186	1.35428363005568	0.062	0.039	1	ZNF561-AS1	c27
9.72841178607209e-08	-1.35358017801214	0.077	0.239	0.00356069599782025	AC026369.3	c27
0.0783422345939648	-1.35312438586591	0.057	0.092	1	CA5B	c27
0.607509648923595	-1.35303176009103	0.052	0.059	1	LINC00892	c27
0.0462834978207672	-1.35277989804089	0.124	0.174	1	MRFAP1L1	c27
0.317907981908795	-1.35212694237686	0.005	0.013	1	CCDC15	c27
0.0877209161489821	-1.35207538002072	0.072	0.11	1	TRIM69	c27
0.851928593131123	-1.3512488197638	0.01	0.012	1	SAMD10	c27
5.89586183650759e-08	-1.3506192913086	0.144	0.328	0.00215794439078014	DAB2	c27
0.104931097136765	-1.35011370012522	0.036	0.065	1	ALKBH4	c27
0.0272431297192835	1.35003118979016	0.041	0.02	1	LIPE-AS1	c27
0.0877746193383209	-1.34996261889982	0.072	0.11	1	TCTA	c27
0.000231859507189817	1.34972047001901	0.098	0.044	1	CSRNP1	c27
0.328683504466139	1.34961384540212	0.015	0.009	1	AC083799.1	c27
8.80609942937064e-05	1.34922416406159	0.201	0.119	1	UNC93B1	c27
0.251922777234068	-1.34845037958278	0.026	0.042	1	LINC00649	c27
0.000795368616503047	1.34823228259636	0.16	0.094	1	MIDN	c27
0.00309503441824066	-1.34729411953077	0.227	0.297	1	CXCR4	c27
0.105135278313577	-1.34714285799284	0.031	0.058	1	GPALPP1	c27
1.66929630819001e-05	1.34651274134236	0.103	0.042	0.610979141760627	RGL2	c27
1.04972299326704e-05	-1.34650724786167	0.253	0.359	0.384209112765671	PDLIM1	c27
0.192012481598735	-1.34633003835621	0.005	0.017	1	FMO4	c27
0.977357641282519	-1.34562148088152	0.015	0.016	1	LENG8-AS1	c27
0.0148638090576996	1.34538729336777	0.139	0.094	1	GRK3	c27
0.000341617552521779	1.34524555484647	0.113	0.056	1	FHOD1	c27
0.0374932220389017	-1.34279488409277	0.026	0.062	1	FPGT	c27
0.514010884430228	-1.34242912896815	0.026	0.034	1	WDR86-AS1	c27
0.0611751863978856	-1.34236767268562	0.005	0.027	1	PKD1	c27
0.020740987837262	1.34212393426864	0.098	0.06	1	RPUSD1	c27
0.692909658722907	1.34121709500182	0.01	0.014	1	KCNC3	c27
9.13099284150169e-06	1.34119928824761	0.201	0.106	0.334203468991803	MAP2K3	c27
6.34851204254098e-05	-1.34108704679984	0.16	0.286	1	PDE4DIP	c27
0.265192070776261	1.34029782321214	0.057	0.042	1	DVL3	c27
1.0554596375936e-06	-1.34024993112836	0.155	0.311	0.0386308781955634	CYB5A	c27
0.256105421295359	1.34018023607599	0.021	0.012	1	TMEM241	c27
0.186037059908471	-1.33964378620456	0.015	0.032	1	OXSM	c27
0.513643723242818	-1.33951377230416	0.005	0.01	1	BBS10	c27
0.0122346481366359	-1.33853327770342	0.031	0.08	1	TECPR1	c27
0.0774166035201564	-1.33830635236526	0.01	0.033	1	PPARGC1B	c27
0.246534575030243	-1.33824584477763	0.098	0.122	1	ZCCHC7	c27
0.315885939278661	1.33774178842981	0.041	0.03	1	ZDHHC8	c27
0.326311332807984	-1.33732547297038	0.021	0.033	1	JMY	c27
0.949571583276918	-1.33719587884551	0.031	0.03	1	DGKE	c27
0.520595359162951	-1.336993425849	0.01	0.016	1	GDAP1	c27
0.281069436263502	-1.33664327367842	0.015	0.028	1	FLYWCH1	c27
0.252148168140933	-1.33553836222687	0.01	0.023	1	RNF103	c27
0.376005508398377	-1.33551138809868	0.005	0.012	1	LINC02384	c27
0.0842030733726707	-1.33480517725186	0.031	0.061	1	CLOCK	c27
0.00827679482711424	-1.33466418707749	0.026	0.077	1	SHLD1	c27
0.0023735313293183	1.33449782387188	0.113	0.063	1	TSR1	c27
0.928602409687275	1.33290414955729	0.062	0.066	1	CAVIN3	c27
0.963187169957055	1.33255456713936	0.01	0.011	1	TUSC1	c27
0.0907717875193883	1.33197148806913	0.108	0.079	1	SLC12A7	c27
2.55965576285661e-06	1.33191836740339	0.072	0.022	0.0936859605763146	CCDC28B	c27
0.81254285544696	-1.3314807624736	0.072	0.075	1	RINL	c27
0.450084308493661	1.33147493714821	0.036	0.028	1	BRD1	c27
0.0113206491144613	-1.33135145527389	0.062	0.122	1	PDE3B	c27
0.302880599158607	1.33107959288927	0.036	0.025	1	NAB2	c27
7.00106008715042e-05	1.33093221778735	0.052	0.016	1	AHCYL2	c27
0.324694025385623	-1.33003441799209	0.005	0.013	1	ZNF519	c27
0.383968785848868	1.32994440608743	0.088	0.074	1	UBXN6	c27
0.150274453554933	-1.32942987199089	0.015	0.034	1	TCEANC2	c27
0.0417464388927365	1.32912352877613	0.031	0.014	1	DPY19L1	c27
0.0553847650635479	-1.32877477969621	0.015	0.044	1	GPR180	c27
0.866699483784374	-1.32847714079321	0.036	0.038	1	EOMES	c27
0.0628284434954607	1.32762962939598	0.057	0.033	1	EFCAB2	c27
0.948715938340233	-1.32740726025783	0.015	0.016	1	LINC00957	c27
0.434390439595902	1.3266952335237	0.036	0.027	1	ULK2	c27
0.318798003033007	-1.32663712655721	0.005	0.013	1	FIRRE	c27
0.405217743721226	-1.32637444090902	0.015	0.025	1	RCCD1	c27
0.169061503559302	-1.32618939262814	0.005	0.019	1	ORC6	c27
0.205965649469621	-1.32577663547236	0.041	0.064	1	TVP23B	c27
0.0166185459133399	-1.32523413047827	0.005	0.038	1	ACSM3	c27
0.517407281986036	-1.32479807634477	0.026	0.034	1	ZNF737	c27
0.500426397321261	-1.32418184635263	0.046	0.057	1	MHENCR	c27
0.000231917772848635	1.32405207578589	0.088	0.038	1	SCARB1	c27
0.181513038854278	1.32384983819607	0.067	0.048	1	C11orf21	c27
0.0896001065283305	-1.32379853827083	0.021	0.046	1	THTPA	c27
0.19762140466849	-1.32340959115013	0.005	0.017	1	PDGFD	c27
1.31064525294516e-11	-1.32301950641076	0.443	0.662	4.79709269030459e-07	IL2RG	c27
0.674721487691615	1.32292932615311	0.031	0.026	1	TADA2B	c27
0.613728457185127	1.32246985912375	0.088	0.081	1	TK2	c27
0.00186186151428534	1.32185602938087	0.098	0.05	1	AP4M1	c27
0.197402883694131	1.32151616863832	0.01	0.004	1	ZIK1	c27
0.048504199182757	1.3213083696319	0.108	0.074	1	SETDB1	c27
0.289067323719269	1.31848140657439	0.052	0.038	1	TOR4A	c27
0.261606947156772	-1.31846847490626	0.01	0.022	1	FAN1	c27
0.151876967395928	-1.31794688085876	0.072	0.103	1	HEATR5B	c27
0.507420997906091	1.31725397271245	0.026	0.019	1	PAQR4	c27
0.422113897132497	1.31707191551453	0.021	0.014	1	HAAO	c27
0.000211653434044315	-1.3168493213513	0.026	0.112	1	SOWAHD	c27
0.260216625226039	1.31628280669941	0.046	0.033	1	ANKRD40	c27
5.64342619353173e-05	1.31614109602012	0.144	0.073	1	PON2	c27
0.000246216458052795	1.31596238666165	0.067	0.025	1	RGS1	c27
0.467103759425238	-1.31585311797363	0.01	0.017	1	MICAL3	c27
0.452210089019725	-1.3148179254749	0.01	0.017	1	FKBP14	c27
0.0243041054167956	-1.3147634131707	0.01	0.043	1	RNASE4	c27
0.0395302867489565	1.31396849959418	0.077	0.047	1	NBPF12	c27
0.149353888614463	-1.31230486596306	0.015	0.034	1	FBXW4	c27
5.55614989604618e-06	-1.3116472823932	0.247	0.393	0.203360642345186	TBC1D10C	c27
0.320383100273445	-1.31112250709332	0.015	0.027	1	LIG4	c27
0.000205416010646124	1.31103056162943	0.232	0.15	1	DNTTIP1	c27
0.0700984192017206	-1.31096271786879	0.098	0.14	1	PHF1	c27
0.138927600376051	-1.31083698017155	0.196	0.223	1	ARHGAP15	c27
0.00142377649955424	1.31083227216586	0.015	0.003	1	LAYN	c27
3.18753722718227e-05	1.31041658191798	0.222	0.13	1	MAP3K11	c27
1.95977995911364e-06	1.31040669642057	0.361	0.245	0.0717299062835184	IFNGR2	c27
0.0762730777054859	1.31021439543828	0.129	0.098	1	MEGF9	c27
0.88444017601056	1.31017075853359	0.01	0.009	1	MXD3	c27
0.00449582815336435	-1.30948475662935	0.108	0.188	1	DENND4C	c27
0.297882245174382	-1.30888916807472	0.062	0.082	1	KLHDC4	c27
0.00656964946137105	-1.30802204052936	0.031	0.087	1	HENMT1	c27
0.196555857196432	-1.30732527472617	0.067	0.094	1	TRNT1	c27
0.0265781571991666	-1.30714730095083	0.01	0.043	1	CRADD	c27
0.00039225806306714	-1.30649615492976	0.067	0.162	1	ACP2	c27
0.601825989202741	1.30641144099784	0.01	0.007	1	PDXP	c27
0.0895771232764579	1.30592465873697	0.057	0.035	1	CTNS	c27
0.0498676942208399	1.30565947641017	0.01	0.003	1	HIST1H2BE	c27
0.0461391916996685	-1.30515934305744	0.015	0.045	1	AL035446.2	c27
0.163920345072648	1.30442984828527	0.031	0.018	1	DEAF1	c27
0.149492004370916	-1.3044250719792	0.031	0.055	1	DLAT	c27
7.57059003406878e-05	1.30418226462523	0.216	0.13	1	STAT2	c27
0.429282539553536	1.30376705001355	0.046	0.037	1	SNX30	c27
0.92239410322629	-1.30376291087445	0.015	0.014	1	PRKCZ	c27
0.666158261335186	1.302787418157	0.015	0.012	1	CPB2-AS1	c27
0.0740404097727832	-1.30257424584151	0.005	0.025	1	PEX11A	c27
0.369547110504051	-1.29994833344992	0.057	0.073	1	RRM1	c27
0.804614891511497	-1.29953222538709	0.01	0.012	1	Z99127.4	c27
0.002365453136178	-1.29943664175281	0.031	0.097	1	HK2	c27
0.0657130400362949	1.29864455037341	0.119	0.086	1	PLBD2	c27
0.00135690408698393	-1.29844350581635	0.01	0.069	1	ANO5	c27
0.715586350908855	1.29839798189056	0.01	0.008	1	ZNF784	c27
0.319809810250381	1.29824791072262	0.088	0.071	1	PITPNA	c27
0.0230336873374079	-1.29803338986289	0.041	0.088	1	COQ6	c27
0.173786454399713	1.29689073779616	0.108	0.084	1	RCC2	c27
0.0571504137764036	-1.29673313356964	0.031	0.065	1	TEX2	c27
0.0608594645565131	-1.29621570495748	0.021	0.05	1	ZDHHC21	c27
0.136395870177808	-1.29516533502132	0	0.011	1	PCSK9	c27
0.842180436302681	1.29507321991909	0.026	0.024	1	LRRC27	c27
9.83609713888113e-06	1.29483845291201	0.093	0.035	0.360010991380188	MYO18A	c27
0.989718730205213	1.29429678912372	0.021	0.021	1	MIR762HG	c27
0.300904555107882	-1.29419892965643	0.01	0.021	1	ZNF529-AS1	c27
0.745160300591083	1.29405085036193	0.01	0.008	1	LRRC3	c27
0.095285367878354	1.29377431062094	0.015	0.006	1	NACA2	c27
0.00030043805938404	-1.29301627620076	0.046	0.138	1	CKS1B	c27
9.86161057143229e-05	-1.29282585043713	0.041	0.141	1	TMEM63A	c27
0.0624960930631722	1.29279792006661	0.067	0.117	1	FOLR3	c27
0.125629387400727	-1.29242351579953	0	0.012	1	AC091182.1	c27
0.412111438468802	-1.29224437841805	0.021	0.031	1	PARP16	c27
0.0164223498709962	1.29213462678432	0.139	0.093	1	COP1	c27
0.537452047310816	1.29196057305569	0.211	0.208	1	NAMPT	c27
0.135983689423076	-1.29159989110316	0.005	0.02	1	CRIM1	c27
1.47297427395355e-06	1.29155364204999	0.216	0.113	0.053912331400974	TRAF7	c27
0.415745804820771	1.29090938084738	0.057	0.046	1	WDTC1	c27
0.00117620287592309	1.29049265474851	0.088	0.042	1	DCAF15	c27
0.691031722762432	-1.28798053656368	0.026	0.021	1	OLFM2	c27
3.98709414017347e-06	-1.28762154503133	0.026	0.143	0.145931632624489	EPAS1	c27
5.25634695712657e-10	-1.28619216630033	0.562	0.611	1.92387554977789e-05	PRDX1	c27
9.07205365694395e-06	1.28594343573767	0.227	0.128	0.332046235897806	CDV3	c27
1.963697347848e-05	1.28574432621597	0.196	0.105	0.718732866285848	SSBP4	c27
0.616101489883691	1.28574071988826	0.021	0.027	1	SIGLEC14	c27
0.00148255386629742	1.28529780531461	0.206	0.137	1	A1BG	c27
0.593917861746325	1.28453837903478	0.036	0.03	1	DECR2	c27
0.216261364040446	-1.28396054088718	0.031	0.05	1	SLC25A51	c27
0.601397097678052	-1.28353680482359	0.021	0.027	1	AC027097.1	c27
8.63003301252182e-06	1.28347150744736	0.103	0.04	0.315867838291311	TP53BP2	c27
0.0978431486755453	1.28232621877853	0.108	0.08	1	MAPK14	c27
0.414172759832398	1.28230420010451	0.005	0.011	1	SAMD13	c27
2.2271384658493e-06	-1.28204546498009	0.129	0.285	0.0815154949885504	CD163	c27
0.114555749209071	1.28189690288308	0.041	0.024	1	SIAH2	c27
2.43584594677045e-06	1.28181448056255	0.108	0.041	0.0891543974977452	PSTPIP2	c27
0.0244457387043329	-1.28122836525731	0.036	0.08	1	GPD2	c27
0.000121242854446283	1.28089607522684	0.206	0.121	1	ADCY7	c27
0.22729106889739	1.28084892275665	0.01	0.004	1	AC010247.1	c27
0.0262898353624299	-1.28048246231399	0.005	0.034	1	SRXN1	c27
0.12533581576313	-1.28018534508902	0	0.012	1	MAP1LC3C	c27
0.34468456678813	1.27957092602481	0.021	0.013	1	ZFP57	c27
0.782397501920134	-1.27928050864221	0.015	0.018	1	C2orf42	c27
0.234710982397985	1.27909488914704	0.067	0.05	1	CBWD1	c27
0.366590065544266	1.27874696676003	0.062	0.049	1	ATG4C	c27
0.889518553404349	1.27784784990226	0.01	0.009	1	USP49	c27
1.38979802768231e-06	1.27760570725447	0.232	0.126	0.0508679976112001	ACSL4	c27
0.0379565091323121	1.27740022335079	0.103	0.069	1	RP2	c27
0.755444321017082	-1.27730698731872	0.021	0.017	1	DTHD1	c27
1.17168205350542e-05	-1.27725020171988	0.093	0.226	0.428847348403519	SELENOM	c27
0.425543882561885	1.27687497128692	0.031	0.023	1	CNTROB	c27
0.000820702140748825	-1.27643369999047	0.005	0.065	1	CPE	c27
0.0261149942776763	1.27607778046662	0.129	0.088	1	SH3TC1	c27
0.141653329832939	-1.27595932931747	0	0.011	1	LINC01353	c27
0.161909582171793	-1.27547358485879	0	0.01	1	LINC00504	c27
4.9023393531565e-05	1.27482688022379	0.16	0.083	1	SRCAP	c27
0.00231115719180429	1.27459781717618	0.067	0.03	1	LINC01678	c27
0.377306433061453	1.27435471152993	0.036	0.026	1	GTF3C4	c27
0.287160322706801	-1.27408200759832	0.005	0.014	1	MRPL53	c27
0.841154066443609	-1.27186111143364	0.01	0.012	1	PM20D2	c27
0.749654721484444	-1.27183302014372	0.01	0.013	1	KIF11	c27
0.684351185750532	-1.27156643054981	0.015	0.019	1	POLE	c27
0.0823710496401415	-1.27145654040341	0.067	0.106	1	RNF214	c27
1.94472067889134e-05	1.27099585787528	0.232	0.138	0.71178721568102	MEF2A	c27
0.47965341465238	-1.27093573832063	0.036	0.047	1	IQCG	c27
7.34528532563516e-05	-1.27036276606248	0.052	0.159	1	MR1	c27
0.163327586792506	-1.27018050796382	0.015	0.034	1	METTL2A	c27
0.483121491603495	1.26990834560832	0.031	0.024	1	ALYREF	c27
0.126477636225473	1.26963854472435	0.015	0.007	1	UST	c27
0.213661833542815	-1.26960553095007	0.005	0.017	1	ZNF286A	c27
0.0569363936251233	-1.26926560883172	0.057	0.098	1	TULP4	c27
0.226917423511525	-1.2689271150827	0.01	0.023	1	GSTM3	c27
0.0467252116390382	-1.26858950036775	0.052	0.093	1	BBIP1	c27
0.0803216553729732	-1.2684911949104	0.021	0.047	1	FICD	c27
0.203844508390424	-1.26832230995629	0.026	0.045	1	CARNMT1	c27
0.107074029963061	-1.26814543834326	0.005	0.022	1	AC005332.6	c27
0.46400151039412	-1.26809886832573	0.046	0.036	1	FUT8	c27
3.07444990103615e-05	-1.26732099238784	0.088	0.215	1	ACAT1	c27
0.227378457823104	1.2668409145941	0.077	0.058	1	TUG1	c27
0.0787145142176331	-1.26677701196681	0.021	0.048	1	SLC25A35	c27
6.93557368465338e-06	1.26646062377084	0.01	0.001	0.253848932431998	FCER2	c27
0.00143949877232969	1.26627001563146	0.072	0.032	1	CNOT6	c27
0.00979327720563586	1.26599148590537	0.067	0.034	1	TCF20	c27
0.181460841707461	-1.26580168808031	0.021	0.039	1	CEP89	c27
0.000627477670067222	1.26565587907454	0.18	0.11	1	NIPSNAP3A	c27
0.332164633449539	-1.26564331732245	0.031	0.045	1	LTA	c27
0.659767976907495	-1.26548607773262	0.108	0.094	1	LRBA	c27
0.186223723432849	1.26535910637424	0.067	0.048	1	SMARCD2	c27
0.14748682787163	-1.26531778897992	0	0.011	1	AC026904.1	c27
3.49400447705633e-05	1.26410463737582	0.098	0.04	1	STX3	c27
0.161674569505954	1.2638819853801	0.041	0.026	1	ZNF689	c27
0.380740134249708	-1.26302890063145	0.005	0.012	1	AC136475.1	c27
0.265249475998109	1.26288237995071	0.088	0.069	1	RNF141	c27
0.00353948609769857	-1.26279764256941	0.026	0.085	1	FAM3C	c27
0.014830114988903	-1.26198830191608	0.021	0.064	1	BPHL	c27
0.476210986252049	-1.26168140862849	0.026	0.019	1	HIST1H2AG	c27
0.0490641490473099	1.26124129831123	0.186	0.152	1	SH3BP2	c27
0.903767124578608	1.26057320263232	0.062	0.062	1	FURIN	c27
0.492636131593466	-1.26005950074389	0.015	0.023	1	PLA2G6	c27
0.732552261842701	-1.25971764275317	0.015	0.019	1	ZNF382	c27
0.0412363486990866	-1.25860176369168	0.015	0.046	1	EPHX2	c27
0.493202843895444	-1.25850702226305	0.015	0.01	1	ZC3H12D	c27
0.131972031680912	-1.25807766958148	0	0.012	1	CTDSPL	c27
8.14615635805847e-08	-1.2576168406297	0.387	0.499	0.00298157468861298	GLUL	c27
0.0162893857577782	1.25681405083911	0.046	0.021	1	GFOD1	c27
0.136709889673115	-1.25615760606397	0.026	0.049	1	POLR2M	c27
0.120712364401049	-1.25597617239371	0.155	0.192	1	GBP5	c27
0.346295021782812	-1.25577951080181	0.005	0.013	1	ARL6	c27
0.000107814628342539	1.25555311631796	0.088	0.036	1	ZNF318	c27
7.5805144509475e-06	1.25502324005981	0.49	0.354	0.277454409419129	GSN	c27
0.0258341739114447	-1.25499359025449	0.026	0.066	1	EMC1	c27
0.259480870822894	1.25473525495734	0.021	0.012	1	KLHDC1	c27
0.142192966800493	-1.2532526529333	0.077	0.109	1	BLOC1S4	c27
1.22458807274029e-05	-1.25299188464658	0.026	0.135	0.448211480503675	CLIP4	c27
0.162299644273529	-1.25214795153711	0	0.01	1	CCDC40	c27
1.73292668716533e-06	1.25210222309858	0.345	0.227	0.0634268496769384	FBXL5	c27
0.591913263160773	-1.25194162807064	0.108	0.118	1	C12orf65	c27
0.323417750796369	1.25181701928822	0.01	0.005	1	AC008443.5	c27
0.0239930793935297	1.25148812160842	0.072	0.041	1	TMEM164	c27
0.445280218911489	-1.25141156118681	0.232	0.226	1	ARL4C	c27
0.16236870891823	-1.25133482718065	0.036	0.06	1	TPRG1L	c27
0.124723926498305	-1.2513051171317	0.015	0.036	1	CENPH	c27
0.211973692741038	1.25038611465545	0.031	0.051	1	ASB13	c27
0.0961673995650694	1.2497029163824	0.015	0.006	1	HIST2H3PS2	c27
0.156838613061512	-1.24950621266348	0.005	0.019	1	B3GALNT1	c27
0.000395338550827415	1.24941731197818	0.325	0.242	1	TGFBI	c27
4.39886560601162e-05	-1.24805290265371	0.835	0.941	1	MT-ND4L	c27
0.193509141908646	-1.24805165160502	0.041	0.064	1	ZNF101	c27
0.457002597346784	1.24735798451173	0.067	0.056	1	KCMF1	c27
0.532425949670138	1.2471666922271	0.072	0.063	1	ACSS2	c27
0.159327186551597	1.24691346917764	0.046	0.03	1	SLC25A14	c27
0.197728238730301	-1.24689897681242	0.17	0.194	1	EPB41	c27
0.0126061476289852	1.24672233533582	0.041	0.018	1	ZBTB11-AS1	c27
0.388015718050133	-1.24626377200788	0.005	0.012	1	SSX2IP	c27
0.386809250062291	-1.2455903722093	0.005	0.012	1	AC099063.4	c27
0.782771000886739	1.24556625374599	0.01	0.013	1	GLIDR	c27
0.360963234200725	1.24523493561275	0.052	0.039	1	MAPK3	c27
0.325253505031338	1.24514232952008	0.005	0.013	1	NADK2	c27
0.0357437005176368	-1.24499734995665	0.015	0.048	1	CLDN23	c27
0.00139902027181749	-1.2441656393994	0.026	0.092	1	MGAT5	c27
0.000180752946609759	-1.24379855401688	0.18	0.297	1	DNAJB1	c27
0.47349141175475	-1.24367860886367	0.015	0.01	1	TMEM200A	c27
0.380084680324532	1.24256037602746	0.026	0.018	1	URB1-AS1	c27
1.3292751108799e-08	-1.2422967194215	0.041	0.217	0.000486527983333152	ALDH1A1	c27
0.0175259264110729	1.24227824105168	0.026	0.009	1	PHETA2	c27
0.124169020600239	-1.24208356018412	0	0.012	1	TSKU	c27
4.56350487967203e-15	-1.24096336137125	0.562	0.71	1.67028842100876e-10	LDHB	c27
0.164918344002125	-1.24031583387494	0.026	0.047	1	LIN7B	c27
0.0764083285751988	1.23895191714152	0.113	0.082	1	ATPAF2	c27
0.533148544178511	-1.23772667571274	0.021	0.028	1	ZC3H11A	c27
0.278545207439083	-1.23599523557681	0.036	0.054	1	WDR7	c27
0.122390668712239	-1.23529238345146	0.041	0.07	1	LINC00662	c27
0.00102209311335568	1.23477382025334	0.088	0.041	1	PPRC1	c27
0.00194793351051418	1.23452627169275	0.098	0.051	1	LRRCC1	c27
0.0316292818227241	1.23435278454218	0.113	0.074	1	SYMPK	c27
0.384143637618213	1.23425879639089	0.113	0.149	1	BST1	c27
5.91301665878061e-06	1.2339039418627	0.031	0.006	0.216422322728029	PRDM8	c27
0.687629374458139	1.23369132186931	0.057	0.067	1	SIRPB2	c27
0.631299247518849	-1.23359849041012	0.021	0.026	1	RBM38	c27
7.93603546542871e-06	-1.23321039911044	0.113	0.256	0.290466834070156	ACOT7	c27
0.186220996694813	-1.23288547198984	0.021	0.039	1	FAF1	c27
0.913379881704417	1.23226044855499	0.026	0.028	1	ZNF701	c27
0.0721367233723476	1.23206954852876	0.052	0.03	1	UVSSA	c27
0.00197830392385588	1.23116270590601	0.16	0.099	1	DUSP22	c27
0.869954638788146	-1.23098246292646	0.041	0.043	1	PAXIP1-AS1	c27
0.00505552237755465	1.23082579152638	0.077	0.039	1	RALGAPA2	c27
0.378978199776755	1.23054404619274	0.015	0.009	1	SLITRK4	c27
0.00740487462106887	-1.23022020998116	0.175	0.252	1	PPP2R5C	c27
0.476196338061733	-1.22998266973785	0.119	0.13	1	THEM4	c27
0.500080121810164	-1.229751706697	0.036	0.046	1	TTC32	c27
0.275536013250479	-1.22954897605513	0.021	0.035	1	NOP14-AS1	c27
0.615883117368398	-1.22905179253015	0.021	0.026	1	CSGALNACT1	c27
0.138997100989461	-1.22900317261506	0	0.011	1	ZFY-AS1	c27
0.823615921254401	-1.22832611649211	0.01	0.009	1	CHIC1	c27
0.088776616202929	-1.22794314880562	0.077	0.116	1	CCDC137	c27
0.278924865858899	-1.22757026890082	0.01	0.022	1	FCRLB	c27
0.00111642679422619	-1.22741764847653	0.139	0.236	1	MGAT4A	c27
0.433037851117258	-1.22632336938586	0.026	0.036	1	SLC16A1-AS1	c27
5.03244009828398e-05	1.22621176478147	0.088	0.035	1	TGIF2	c27
0.318541011118132	-1.22601404765846	0.005	0.013	1	AL035587.2	c27
0.475382098975821	-1.22588981316941	0.041	0.052	1	ATXN7L1	c27
0.000747924742764927	1.22588033764174	0.273	0.198	1	APOBR	c27
0.134317813263689	-1.22578870776283	0.026	0.049	1	C2CD5	c27
0.253561288153469	1.22470254781835	0.026	0.016	1	KBTBD8	c27
0.323892275557657	-1.22464744059929	0.01	0.02	1	XRRA1	c27
0.00163109248749061	-1.22460038981548	0.093	0.184	1	MALSU1	c27
0.0131063618456614	1.22420982003815	0.036	0.015	1	PFAS	c27
0.471839220533725	-1.22413076041079	0.005	0.01	1	MADCAM1	c27
0.494580889888822	-1.22405856889078	0.005	0.01	1	C8orf88	c27
0.0712182697976544	1.22373290258093	0.01	0.003	1	RGPD8	c27
0.076406633787221	-1.22357155295784	0.052	0.088	1	ZNF91	c27
0.40307197504907	1.2234982879482	0.041	0.032	1	LINC01503	c27
0.355512797224791	-1.22328618790781	0.005	0.013	1	AKR1E2	c27
0.174053046935438	-1.22309986986328	0.01	0.026	1	LINC02482	c27
0.885210477735126	1.22305779207115	0.036	0.035	1	LZTR1	c27
0.128226064438018	1.22297398692266	0.015	0.007	1	AC132192.2	c27
0.621400091443472	-1.22286586113834	0.031	0.037	1	MAGEH1	c27
0.126368556497802	1.22278114984606	0.026	0.013	1	RAB40C	c27
0.00680856266716416	1.22267481383671	0.026	0.008	1	ZNF532	c27
0.380036428954719	1.22246238999741	0.036	0.026	1	HDAC4	c27
0.591256543727775	1.22211247723088	0.01	0.007	1	RAB11FIP5	c27
0.00735402786630616	1.22200912993125	0.237	0.175	1	GLTP	c27
2.1227542326857e-05	-1.22194551565614	0.108	0.242	0.776949276705295	TFPT	c27
0.00559702374847036	1.22171908366909	0.108	0.062	1	RCBTB2	c27
0.00733807446619123	1.2216694861519	0.113	0.067	1	FBRS	c27
0.235716666286052	-1.22128851175754	0.036	0.055	1	RBM19	c27
0.662310307093371	-1.22126144737164	0.103	0.107	1	PIM2	c27
0.0424483195056707	1.22091167309793	0.046	0.024	1	SLC1A4	c27
0.0006446726761994	1.22035578624371	0.031	0.008	1	HIST1H2AM	c27
0.00436244269448313	1.2193878152127	0.062	0.028	1	MIB1	c27
0.000660129975831896	-1.21931923641326	0.072	0.16	1	C5orf56	c27
0.106036146879831	1.21919203797045	0.015	0.006	1	AC104794.3	c27
0.875832581148845	-1.2188306621462	0.031	0.029	1	STAMBPL1	c27
0.14645647163865	1.21819325475952	0.149	0.122	1	SPTSSA	c27
0.252465414523234	-1.21804107133516	0.026	0.015	1	ABCB1	c27
0.00145618623470941	-1.2168678359914	0.098	0.189	1	PRKACB	c27
0.099383404487522	-1.21614162762163	0.062	0.097	1	SUPT7L	c27
0.209825961410452	1.21550883490459	0.041	0.027	1	AC127502.2	c27
0.0536949455030891	-1.21544534240279	0.01	0.037	1	PPP2R3A	c27
0.246177152918893	-1.21508956183627	0.057	0.039	1	MYBL1	c27
0.475291956349073	-1.21506770935603	0.005	0.01	1	IRAK1BP1	c27
0.190055630040905	-1.21480302976809	0.01	0.025	1	ZNF528-AS1	c27
0.0596385787567638	-1.21445553882995	0.062	0.103	1	MMAB	c27
1.3286523192561e-05	1.2144272432429	0.232	0.134	0.486300035370924	FGD2	c27
0.861199847814368	1.21437386244421	0.01	0.012	1	CPT1B	c27
0.00618920146915899	-1.21332561104659	0.021	0.072	1	PECR	c27
0.316336328425409	1.21332479509684	0.021	0.013	1	ZNF579	c27
0.0990854395749499	1.21280182769922	0.031	0.016	1	DCUN1D3	c27
0.00126950829719166	-1.21244534429206	0.103	0.199	1	DPH3	c27
0.526027675928954	1.21224390299682	0.01	0.007	1	CPAMD8	c27
0.0059181193004192	1.21170138992658	0.433	0.373	1	NCF1	c27
0.385375271092775	1.21113780983298	0.077	0.065	1	SNX18	c27
0.265798145281659	-1.21109377861921	0.01	0.022	1	ATAD3A	c27
0.313548927237432	-1.20951152605599	0.031	0.046	1	TMEM184C	c27
0.0152773268167683	1.20941491513939	0.082	0.046	1	COQ8B	c27
9.50090896716871e-05	-1.20915452468481	0.015	0.101	1	ARHGAP6	c27
0.31978749062344	-1.20850496963406	0.01	0.02	1	AL158152.1	c27
0.0128252977680055	1.20844419602908	0.108	0.066	1	KMT2D	c27
0.020193853150148	1.20728530288924	0.072	0.04	1	C4orf33	c27
0.0161222369928062	-1.20708507700671	0.031	0.078	1	LRRC23	c27
0.210576381341856	-1.20706757737846	0.01	0.024	1	AC025048.2	c27
0.00588231537901926	-1.20640855294147	0.015	0.064	1	CYB5R2	c27
0.364233699685231	-1.20631147552039	0.026	0.038	1	GTPBP1	c27
0.000498756794258843	-1.20618089084764	0.108	0.211	1	FFAR4	c27
0.96505789837127	-1.20614744435088	0.01	0.011	1	KIAA0825	c27
0.000434050445171269	-1.20556060921223	0.088	0.188	1	CCDC25	c27
0.000384581003332975	-1.20545969506413	0.119	0.228	1	NGRN	c27
0.364872749929795	-1.20497531469844	0.005	0.012	1	ZNF461	c27
0.852038971045229	-1.20492723594447	0.088	0.09	1	ZNF830	c27
0.260762304577824	-1.20467002034128	0.057	0.078	1	NOM1	c27
0.0528007995540897	-1.20464203394671	0.031	0.066	1	CCDC18	c27
0.140354878842122	-1.20462989438269	0.031	0.055	1	FMR1	c27
0.00181540827600488	1.20445345735004	0.093	0.047	1	MEF2D	c27
0.416107542893237	-1.20427491106679	0.026	0.037	1	NAA80	c27
0.0435779005957847	-1.20412862025689	0.062	0.107	1	RASA1	c27
0.264716600876135	1.20384630428392	0.01	0.005	1	AP003486.1	c27
0.331276024615091	-1.20371448546963	0.046	0.063	1	CUL3	c27
0.00689728563735051	1.20359758306037	0.108	0.063	1	ST3GAL2	c27
0.00783204425751525	1.20347201014891	0.015	0.004	1	AL683813.1	c27
0.00110021710825078	1.20312703822923	0.015	0.003	1	HIST1H2BG	c27
0.858437657113441	-1.20282549304665	0.015	0.014	1	ZFP1	c27
0.698678707790682	-1.20280812313971	0.015	0.019	1	ZNF346	c27
2.07010444564524e-07	-1.20279093995941	0.082	0.246	0.00757678928150615	TRIM14	c27
0.00396275443086729	1.20259993735468	0.098	0.053	1	GSK3A	c27
0.077240646083722	1.20232552382589	0.046	0.026	1	PIAS3	c27
0.0346071755090518	1.20229909920745	0.031	0.013	1	ZNF785	c27
0.0424119708978452	1.2015767594472	0.041	0.02	1	TMEM120B	c27
0.48534213440666	1.20117739574497	0.062	0.052	1	MAN2A2	c27
0.353969446470078	-1.20063022472167	0.046	0.062	1	ZNF264	c27
3.74837639918932e-05	1.20061424622791	0.206	0.117	1	TARDBP	c27
0.103100768046882	-1.20059505087158	0.041	0.072	1	TMEM161A	c27
0.865720706944294	-1.19984565960066	0.031	0.028	1	CARD11	c27
0.54935277768695	-1.19918044822631	0.031	0.039	1	NHLRC2	c27
0.768047513476583	-1.19884071603331	0.015	0.013	1	SLFN12L	c27
0.317927741489704	-1.19844134242502	0.01	0.02	1	EXOC3-AS1	c27
0.671972827029998	-1.19789775715514	0.026	0.031	1	ZNF557	c27
0.483120292743888	-1.19770206402395	0.031	0.041	1	NHEJ1	c27
0.278335612235351	-1.1974685709458	0.031	0.047	1	CRY2	c27
0.330974641957151	1.1952443093254	0.057	0.044	1	PCTP	c27
0.266529525317523	-1.19514395766377	0.015	0.029	1	ZBTB41	c27
0.55311885906253	-1.1945503627573	0.01	0.016	1	RRAS2	c27
0.00845740198716309	1.19414354959251	0.01	0.002	1	B3GAT1	c27
0.0230148262928825	1.19407506466274	0.201	0.153	1	CYFIP1	c27
0.231736317993855	1.19296153818472	0.015	0.008	1	CHKA	c27
0.000451174545412248	1.19192143718996	0.031	0.008	1	PLEKHG2	c27
0.0560110719506966	1.19096327284742	0.021	0.008	1	AC091271.1	c27
0.972098451292676	1.19089645314539	0.01	0.01	1	AC012020.1	c27
0.43796320365558	1.19088161547891	0.077	0.066	1	TFE3	c27
0.139066841113787	-1.19073037884684	0.036	0.062	1	LRR1	c27
0.00705505731789629	1.19058399966714	0.062	0.029	1	CD38	c27
0.262239291672647	1.19050030166744	0.041	0.028	1	SELENOO	c27
0.0296378519541225	-1.19018866206957	0.041	0.086	1	VEGFB	c27
7.26652199979278e-06	1.1879715429077	0.289	0.179	0.265961971714415	QARS	c27
0.554012690194473	1.18797126451746	0.062	0.076	1	PLAU	c27
0.130220245004929	1.18764329075236	0.031	0.017	1	FBXW8	c27
0.060752594805165	-1.18741941181232	0.01	0.035	1	C2CD2L	c27
0.357054338512528	-1.18721929691902	0.015	0.026	1	KIAA1328	c27
0.000213630865937031	1.1870480708959	0.175	0.102	1	WDFY2	c27
0.228492630841283	-1.186842218728	0.021	0.037	1	COG6	c27
0.00138122441537007	1.18497497680681	0.046	0.017	1	ZNF41	c27
0.436320988250067	-1.18490865776152	0.052	0.063	1	TNFSF14	c27
0.000459684906647906	-1.1841480003632	0.268	0.381	1	CLEC2B	c27
0.733209107789992	1.1839689417114	0.026	0.03	1	RNLS	c27
0.220648163462718	1.18335569312437	0.015	0.008	1	ZNF512B	c27
0.286792517244687	-1.18330066908163	0.01	0.021	1	ZNF841	c27
0.578530294582633	-1.18325305525572	0.015	0.021	1	C11orf80	c27
0.224664334075151	-1.18316676101111	0.108	0.136	1	CYB5B	c27
0.0385126812183203	-1.18314676857482	0.026	0.062	1	ARSB	c27
0.932536808166318	1.18309659759179	0.01	0.01	1	PLA2G4C	c27
0.00025048068672089	-1.18289843428278	0.237	0.335	1	CD59	c27
0.388453191136324	-1.18277706716438	0.031	0.043	1	ASB16-AS1	c27
0.414193352637133	-1.18258053644847	0.005	0.011	1	BTBD8	c27
0.239181579365123	1.18257421288625	0.041	0.028	1	ARHGEF11	c27
0.053588363728799	1.18170438009846	0.093	0.062	1	CLPB	c27
0.00877612172055363	1.1816018524626	0.325	0.278	1	AGTRAP	c27
0.0487471710660616	-1.18111312140963	0.062	0.104	1	SNRK	c27
0.58766474809457	-1.18073803023521	0.01	0.015	1	ZNF563	c27
0.0300829664707971	1.18061962662166	0.103	0.066	1	WDR70	c27
0.765359295285595	1.18050735848787	0.015	0.013	1	SLC22A4	c27
0.677542103617129	-1.17961004233768	0.052	0.058	1	SENP7	c27
0.309645745309832	-1.17942614833936	0.186	0.194	1	TUBA4A	c27
7.77636076012589e-06	1.17932139883736	0.186	0.095	0.284622580181368	AGTPBP1	c27
0.0152770824046924	1.17924604053063	0.108	0.067	1	KDM1A	c27
0.0174268751031429	1.17907376527574	0.031	0.012	1	GPR146	c27
0.0292271430086675	1.17896510062573	0.057	0.03	1	ZNF333	c27
0.0917150157768192	-1.17892039077135	0.021	0.046	1	UAP1	c27
0.0186345359316943	1.17881480896453	0.026	0.009	1	DBF4B	c27
0.324603521964662	-1.17868517214493	0.005	0.013	1	ZNF251	c27
0.722844073680958	-1.17797232067424	0.036	0.041	1	SNHG14	c27
5.06272194225793e-05	-1.17753597940736	0.093	0.212	1	PAG1	c27
0.331548315677083	-1.17749528170456	0.005	0.013	1	PIGW	c27
0.354069161599095	1.17726299375288	0.026	0.04	1	NEXN	c27
0.000430159529144978	1.17715313989917	0.34	0.261	1	ADA2	c27
0.108148329022974	-1.17715013076858	0.041	0.071	1	R3HCC1L	c27
0.309920785641744	1.17699379577929	0.067	0.052	1	AC108134.3	c27
0.973688643683439	-1.17663037540062	0.041	0.041	1	USP20	c27
0.0297757434165422	-1.17589834430017	0.021	0.057	1	PRAG1	c27
0.583398395987981	-1.17502990901399	0.026	0.033	1	PRIM2	c27
0.253814340187374	-1.17437109833878	0.057	0.078	1	ING5	c27
0.155437112626197	-1.1741175652776	0	0.01	1	OR6N1	c27
0.123132601045657	1.17386853485685	0.041	0.024	1	SLX4IP	c27
0.66631476034368	-1.17358801996237	0.057	0.063	1	MTO1	c27
9.80880609359147e-05	1.17357781702157	0.273	0.181	1	NAPRT	c27
0.167183657725181	-1.17279914581455	0.026	0.047	1	INTS4	c27
0.00318054077643049	1.17266030242641	0.299	0.233	1	HEBP1	c27
9.22439828327613e-06	1.17264009971343	0.113	0.047	0.33762220156619	PIP4P2	c27
0.129515232217644	-1.17246484791205	0	0.012	1	CCDC151	c27
0.146438273564029	-1.17237261849396	0	0.011	1	LINC01914	c27
3.732616741096e-06	-1.171589243769	0.057	0.191	0.136617505340855	IL3RA	c27
0.14411003444978	-1.17104304673469	0.015	0.035	1	ZNF93	c27
0.132651224484754	1.17031454084132	0.093	0.069	1	TPK1	c27
0.002332600096355	-1.17028631283848	0.149	0.241	1	LPIN2	c27
0.12266298612176	1.1702138101331	0.036	0.021	1	TAF4	c27
0.280668712654631	1.17020712903839	0.026	0.016	1	HYPK	c27
0.217102016685314	1.17006076227079	0.052	0.036	1	KIF13A	c27
0.429282401991418	1.16975440527948	0.062	0.05	1	PCMTD2	c27
0.131198683129636	-1.16971283257961	0.113	0.149	1	ARHGEF3	c27
0.00840294633794999	1.16937025314397	0.124	0.076	1	VARS	c27
0.120272717598286	-1.16909685816878	0.026	0.05	1	MOB3C	c27
0.787930840898832	-1.16852918306858	0.036	0.04	1	AC006504.5	c27
0.171155112245462	-1.16840786381847	0	0.01	1	TNNI1	c27
0.00012277486634357	-1.1681478065296	0.124	0.244	1	CMC2	c27
0.227739962467165	-1.16776650330797	0.026	0.044	1	SNAPC1	c27
1.63891655761532e-05	-1.16776145464963	0.046	0.162	0.599859849252782	QDPR	c27
0.0808412082291307	-1.16775055187034	0.005	0.025	1	FGFR1	c27
0.0378557903660285	1.16691053580689	0.129	0.091	1	EIF3B	c27
0.342903435773592	-1.16676212765527	0.036	0.025	1	TRGV3	c27
0.450570035393601	-1.16671440750417	0.036	0.048	1	MMUT	c27
0.0268230706038163	1.16506882438169	0.067	0.037	1	C2orf76	c27
0.0390763858453503	-1.16494063760032	0.021	0.055	1	SLFN12	c27
0.083093960031327	-1.16449482487968	0.082	0.121	1	ODF2L	c27
0.369658131311469	1.16444091865406	0.103	0.089	1	MARCH2	c27
0.0281305104033675	1.164354010209	0.124	0.084	1	CCDC159	c27
0.20837553152709	1.16342561090221	0.036	0.023	1	WDR24	c27
0.172124741096688	-1.16339494401027	0.052	0.077	1	BRD8	c27
0.867020533737645	1.16331359069296	0.046	0.046	1	CCDC170	c27
0.951857717774026	1.16325463966463	0.144	0.155	1	RXRA	c27
0.30303201428438	1.16296678644622	0.036	0.025	1	RFX2	c27
5.43300218354738e-12	-1.1627190194503	0.407	0.598	1.98853312920018e-07	SOD1	c27
0.00998762407860697	-1.16264082742672	0.232	0.304	1	GCC2	c27
0.966672771449108	1.1614668851938	0.077	0.08	1	KIAA2013	c27
0.515423195951499	-1.16114830633269	0.01	0.016	1	ARL17A	c27
0.172974384142205	-1.16069858971778	0.077	0.107	1	BSDC1	c27
1.8309175897122e-05	1.15956970697769	0.015	0.002	0.670134147010564	CHAC1	c27
0.327358060458237	-1.15911793135368	0.005	0.013	1	GNG11	c27
0.242790822915458	-1.15900938656766	0.005	0.015	1	KAZN	c27
0.00168690743057129	1.15891804428932	0.072	0.032	1	RYBP	c27
0.0022861943830593	1.15884596950086	0.077	0.037	1	DPH2	c27
0.0377790399772705	1.15881763714981	0.124	0.087	1	MAN2C1	c27
0.188310102407025	-1.15869047399718	0.01	0.025	1	ABCA2	c27
0.00820141900027051	-1.15835616758396	0.057	0.121	1	TMEM128	c27
0.000437614747287547	1.15816326896329	0.206	0.132	1	BTK	c27
0.497069753654456	-1.15791683333738	0.015	0.023	1	WDPCP	c27
0.00240554159725437	1.15765107728886	0.046	0.018	1	SLX1B	c27
0.877571061285456	1.15763881533886	0.01	0.009	1	CCDC96	c27
0.33000892510891	-1.15699443842398	0.031	0.046	1	CBR4	c27
9.26083226515937e-06	1.15614151390828	0.144	0.067	0.338955721737098	HIP1	c27
2.37579696675793e-09	-1.15594586264111	0.969	0.991	8.69565447803072e-05	MT-CYB	c27
0.0688076034806616	1.15570975710912	0.057	0.034	1	BCS1L	c27
0.0240766852041904	1.15568837847936	0.103	0.065	1	GTF3C2	c27
0.85534858563991	-1.1554774915301	0.031	0.028	1	MPZL3	c27
0.409172981909803	-1.15528447016091	0.067	0.082	1	PTTG1	c27
0.00182452295138602	1.15473686776982	0.124	0.069	1	SCAMP4	c27
0.0692495768610095	-1.15460838342506	0.036	0.07	1	TIMM21	c27
0.0266129215723145	-1.15373909959001	0.036	0.08	1	IDNK	c27
0.0154781702322365	-1.15297216021825	0.093	0.158	1	TIMM50	c27
0.132712027586831	-1.15188878613	0.082	0.117	1	HPF1	c27
0.47354970778517	-1.15150018114042	0.021	0.029	1	INTS2	c27
0.0104833243991051	-1.15082248075178	0.041	0.097	1	ZCCHC2	c27
0.00106444195026089	1.14993402354611	0.077	0.035	1	ING1	c27
0.000748514906328071	1.14968566559493	0.33	0.253	1	CPNE3	c27
9.42431369628305e-10	-1.14935654485063	0.155	0.359	3.44939305597656e-05	CD81	c27
1.12611263142305e-05	1.14894715865684	0.335	0.229	0.412168484227149	IFNGR1	c27
0.726236524947039	-1.14780777250154	0.046	0.041	1	ZNF414	c27
0.000875308127381577	-1.14768544361179	0.134	0.238	1	GGA2	c27
0.398514316491253	-1.14707904623344	0.144	0.16	1	PPP3CC	c27
0.000734390867445006	1.14679381610217	0.227	0.15	1	MSL3	c27
0.538974553382409	1.14672593219442	0.021	0.028	1	NOXA1	c27
0.00328141449033902	-1.14619878071204	0.124	0.208	1	CCNH	c27
0.730269077900185	-1.14601527932091	0.021	0.017	1	AC008969.1	c27
0.0931500421456127	1.14568210881006	0.072	0.048	1	EFNB1	c27
0.000246207613131772	-1.14556570256613	0.284	0.375	1	GIMAP7	c27
0.980484488201077	1.14513514859912	0.026	0.026	1	CAMKK1	c27
0.0226003315889903	1.14502197999463	0.026	0.01	1	SLC35D2	c27
0.350421563095683	-1.14481161069131	0.005	0.013	1	ZC4H2	c27
0.417079283145555	-1.14420241391774	0.057	0.071	1	DDX58	c27
0.774992310501956	-1.14405686652965	0.01	0.013	1	CXCL10	c27
6.4807246178372e-05	-1.1433280941059	0.026	0.12	1	HSD3B7	c27
0.45620713522375	-1.14331255891321	0.041	0.053	1	ZNF699	c27
0.503047038177693	-1.14315257854491	0.155	0.159	1	C12orf75	c27
0.0859504124963753	-1.14247007381924	0.021	0.047	1	PINK1	c27
0.992039348840763	-1.14199029826647	0.01	0.01	1	SNHG19	c27
0.588001885812861	-1.14177072498658	0.026	0.02	1	DTX3	c27
6.18003196887547e-09	-1.14136791615909	0.052	0.236	0.000226195350092811	TCF7L2	c27
0.186275621381745	-1.14096922047117	0.031	0.052	1	RGS3	c27
0.0224695162867923	-1.1405816541374	0.088	0.148	1	B3GALT4	c27
0.018879494490832	-1.13995578183667	0.031	0.077	1	GAS2L3	c27
0.303244788339983	1.13935324638202	0.093	0.077	1	FILIP1L	c27
0.319418795097542	1.13898309082128	0.062	0.048	1	NCOA5	c27
0.173840233122331	-1.13895328280654	0.026	0.046	1	MTM1	c27
0.701721493919533	-1.13890539238972	0.036	0.031	1	MMP25-AS1	c27
0.649564667914322	-1.13855810378413	0.052	0.059	1	KIF3A	c27
0.160190738360078	-1.13834849326159	0.093	0.124	1	RNF125	c27
3.9369534766013e-05	1.13805951521318	0.345	0.242	1	SRA1	c27
0.00197928955462031	1.13611241337357	0.155	0.095	1	CHMP1B	c27
0.415994227576619	1.13611154407621	0.026	0.018	1	RAPH1	c27
0.659636356872391	1.13592353788066	0.046	0.041	1	TBC1D25	c27
0.243090028819734	-1.13483617000007	0.072	0.097	1	MED6	c27
0.000125246908739871	-1.13401582853643	0.082	0.192	1	KLF2	c27
0.44930919560631	-1.13383930518146	0.036	0.047	1	SACS	c27
0.312566805049793	-1.13347383329901	0.108	0.13	1	SNRPN	c27
8.77703608283343e-05	1.13341906399448	0.335	0.234	1	OGFR	c27
0.757895507930209	-1.13269643168761	0.041	0.036	1	PPP2R2B	c27
0.189299022609259	-1.13255213174942	0.021	0.039	1	STARD4	c27
0.343024036041416	-1.13252281402952	0.01	0.02	1	TESK2	c27
0.00835462631900332	-1.13227703883793	0.057	0.119	1	ILVBL	c27
0.0623949450295187	1.13211500456628	0.072	0.045	1	PPTC7	c27
0.00133043468394551	-1.1320550246556	0.098	0.185	1	FUCA1	c27
0.00725949891434595	1.13175379644131	0.309	0.241	1	WARS	c27
0.295464283723086	-1.13093689295064	0.015	0.028	1	ARSG	c27
0.689212383687206	1.12997387041811	0.015	0.02	1	DOLPP1	c27
0.272875219875248	-1.12961627813837	0.108	0.131	1	GABPB1-AS1	c27
4.10252684064574e-05	-1.12897595165708	0.057	0.171	1	MAP4K3-DT	c27
0.0364194838110106	-1.12761641160849	0.031	0.07	1	GAS2L1	c27
0.394966245756866	-1.12679242031891	0.082	0.099	1	RAPGEF6	c27
0.0166837175049071	-1.12668680355209	0.021	0.063	1	AKT3	c27
0.155809706791957	-1.12649811385759	0	0.01	1	ACKR3	c27
0.489507508968174	-1.1264594523355	0.046	0.058	1	CEP78	c27
0.537968368075077	1.12622358587456	0.01	0.007	1	FAM234B	c27
0.870023860685488	-1.12606070784302	0.16	0.147	1	OFD1	c27
0.00358673770309847	1.12546517962288	0.093	0.049	1	STRIP1	c27
0.276880943507662	1.12544973981327	0.052	0.037	1	LINC01089	c27
0.5530259202391	-1.12542843914614	0.01	0.016	1	ZNF816	c27
0.199667766265496	-1.12514133755562	0.026	0.045	1	ZNF664	c27
0.915735384477627	1.12482731849109	0.01	0.01	1	IGF1R	c27
0.0859566880804372	-1.12473184840175	0.015	0.04	1	HACD1	c27
0.417703351190911	1.12415246953143	0.021	0.014	1	PTPRN2	c27
0.00853543703802624	1.12396415187965	0.155	0.103	1	ANKRD13D	c27
0.0827485653849167	1.12313646812721	0.01	0.003	1	MRC2	c27
0.60854457902374	-1.12270355030437	0.015	0.021	1	MIER3	c27
0.195487082796336	-1.12269048846967	0.031	0.052	1	TRAF3IP2	c27
0.320796151620457	-1.12267224735206	0.005	0.013	1	Z83843.1	c27
0.852233610393326	1.12238591536218	0.015	0.017	1	PDIA5	c27
1.07469003115247e-32	-1.12221043889985	0.799	0.89	3.93347298302117e-28	CD52	c27
0.12142367028634	-1.12213515840205	0.057	0.088	1	NR2C2AP	c27
0.39104391053105	1.12181360902792	0.021	0.014	1	FLVCR1	c27
0.323708682182344	-1.12175075467644	0.052	0.069	1	CHD7	c27
0.301099865600149	1.12168980617632	0.01	0.005	1	DUXAP8	c27
0.30877335203649	-1.12158201391912	0.005	0.014	1	TP53INP2	c27
0.000225475903459248	1.12154726291097	0.16	0.088	1	TRIM8	c27
0.10581292688529	-1.12137230607236	0.438	0.464	1	MT-ND6	c27
0.00010162022725923	1.12061157630787	0.129	0.063	1	MTFMT	c27
0.298525288968666	-1.11998568842236	0.046	0.065	1	LMBR1	c27
0.741923609052066	1.119942245057	0.093	0.091	1	LILRA6	c27
0.130567111291463	1.11993488647978	0.077	0.054	1	MXD4	c27
0.917662889159625	-1.11981553317303	0.077	0.078	1	ZNF430	c27
0.160804707363254	1.11972280587931	0.026	0.014	1	MEX3C	c27
0.32642242701877	-1.11952205348191	0.036	0.052	1	KDM6A	c27
0.779106574651954	-1.11940673273113	0.026	0.023	1	IPP	c27
0.19431898806725	-1.11913991389394	0.026	0.045	1	ALKBH2	c27
0.340762673402837	1.11910548661569	0.015	0.027	1	SLC45A4	c27
0.301065223670785	1.11910534350098	0.01	0.005	1	PSMD6-AS2	c27
0.385911363461502	1.11879286942829	0.077	0.064	1	ZMYM4	c27
0.728621478053466	1.11874855391763	0.072	0.068	1	SRBD1	c27
6.1685613865624e-05	1.11861361494813	0.175	0.095	1	DHX8	c27
0.0634630683513571	1.11833474175527	0.021	0.008	1	MAP10	c27
0.01584402527309	-1.11798802380652	0.015	0.055	1	MUC12	c27
0.164300846291649	-1.11763960523779	0.01	0.026	1	KIF21B	c27
0.0314160561950844	1.11750534863282	0.191	0.144	1	PKN2	c27
0.0256541447056936	1.11747182837332	0.026	0.01	1	ARRDC3-AS1	c27
0.00150307473357377	-1.11728835225785	0.258	0.347	1	ACAA2	c27
0.345124079733252	-1.11670349346705	0.026	0.039	1	NEDD1	c27
0.383599770535689	-1.11665779416899	0.021	0.032	1	TMEM161B	c27
0.366359995328482	-1.11627391151183	0.067	0.085	1	DCAF10	c27
0.540888894896812	1.1161821106764	0.036	0.029	1	ZNF598	c27
0.891177961650165	1.11610206835453	0.026	0.028	1	RELA-DT	c27
0.2412649278611	1.11605498927186	0.021	0.012	1	SBF2-AS1	c27
0.316565334432787	-1.11570274291042	0.005	0.013	1	STXBP4	c27
0.0569393934959835	1.11495881209567	0.093	0.062	1	HDAC10	c27
0.180543383627572	-1.11494777878641	0.062	0.089	1	TRUB2	c27
0.432604865691734	1.11459506150464	0.005	0.011	1	THAP10	c27
0.000305059708985823	1.11442026138608	0.052	0.017	1	AL390728.5	c27
0.331143094363907	1.11412245168126	0.052	0.039	1	GIGYF1	c27
0.0043772987432316	1.1141052159752	0.077	0.038	1	CNOT11	c27
0.10489051704617	-1.11397100671633	0.067	0.103	1	ACBD5	c27
0.000181454461202935	1.11310885052344	0.175	0.1	1	RBM23	c27
0.00282206828132095	1.1121176597484	0.098	0.052	1	PLD2	c27
0.322553979866343	-1.11206787809891	0.021	0.033	1	ASB7	c27
0.767823108387102	-1.11205935997347	0.052	0.046	1	CLSTN3	c27
0.827570028046433	-1.11188889922129	0.062	0.064	1	RASGRP1	c27
0.0957559914429503	1.11164116115275	0.026	0.013	1	TXNDC16	c27
0.697468966799679	-1.11147606786527	0.01	0.014	1	MAP3K12	c27
0.000269018589873289	1.11138119345066	0.268	0.185	1	RAB24	c27
0.000130386668769343	1.11125721430976	0.108	0.049	1	ST3GAL5	c27
0.409849796724881	1.11116534268073	0.067	0.088	1	SIGLEC7	c27
0.212989994713982	-1.11113520835369	0.088	0.116	1	NOP14	c27
8.92809082391457e-06	1.11096821783153	0.191	0.098	0.326777052246097	ITPRID2	c27
0.0386479741820461	-1.11086703896327	0.041	0.083	1	SEMA3C	c27
0.77291637274788	-1.11050451625019	0.036	0.04	1	OXCT1	c27
0.0905839986047519	-1.11001025735619	0.057	0.093	1	ABHD3	c27
0.00427928701716926	-1.10966052890779	0.015	0.068	1	SNTB1	c27
0.77952090530833	-1.10949445638627	0.046	0.041	1	STK26	c27
0.0532564203384856	-1.1094667122068	0.052	0.092	1	ZMYND11	c27
0.145398005700096	-1.10933618969144	0	0.011	1	SPATA12	c27
0.167042012424526	-1.10858646803651	0.026	0.047	1	PAFAH2	c27
0.624088471876433	1.10841087392145	0.041	0.05	1	NDST1	c27
0.00253609871569667	1.10825580660859	0.191	0.123	1	CTDSP1	c27
0.447701169327127	-1.10821242546535	0.005	0.011	1	AC016876.1	c27
0.238841155428488	-1.10796469221914	0.057	0.08	1	UBIAD1	c27
0.411606150116991	-1.10781546904125	0.046	0.06	1	INTS6	c27
0.872473806568425	1.10753336040801	0.031	0.029	1	ZNF25	c27
0.929773810056955	1.10751328634774	0.036	0.036	1	ACVR1B	c27
0.122371069654174	-1.1074470661086	0.103	0.14	1	TRG-AS1	c27
0.156183301821236	-1.10740944261219	0	0.01	1	SHB	c27
0.858568928609832	1.10736263591909	0.103	0.105	1	KLHL18	c27
4.60454849421014e-05	1.10718982795324	0.191	0.106	1	DLGAP4	c27
0.000770089039893057	-1.10700107608798	0.005	0.065	1	FOLR2	c27
0.365301198273692	-1.10661039731784	0.005	0.012	1	GRHL1	c27
0.362886663313525	-1.10584468331088	0.015	0.026	1	WDR89	c27
0.0114953120678085	-1.10582658226292	0.072	0.134	1	SKI	c27
0.341296976231291	-1.1055767478731	0.005	0.013	1	ZNF20	c27
0.00444528477388966	1.10425646577165	0.026	0.008	1	HIST1H2AL	c27
0.342311053119354	-1.10403087317507	0.01	0.02	1	ZNF287	c27
0.821818163988551	1.10389458025722	0.01	0.009	1	SPESP1	c27
0.738887501053176	-1.10382854885975	0.015	0.013	1	CARMIL2	c27
0.00274644118660821	-1.10372450995415	0.026	0.088	1	HPGDS	c27
1.02651263397857e-05	1.1036722050941	0.129	0.056	0.375713889162495	SCLT1	c27
4.24242994747033e-06	1.10355873931049	0.33	0.216	0.155277178507362	YIF1B	c27
0.101068964564601	-1.10289011938152	0.067	0.103	1	DIP2A	c27
0.583222586393318	1.1027936627951	0.015	0.011	1	GAS8	c27
0.194814431752867	-1.10261773752818	0.036	0.058	1	MAPK8	c27
0.472714299952917	-1.1025999480543	0.067	0.08	1	SLC25A38	c27
0.00579457010440357	1.10256765093027	0.268	0.207	1	PLIN3	c27
0.470476276324351	-1.10158545826077	0.01	0.017	1	SOCS5	c27
0.754636437178583	-1.10079957969114	0.041	0.037	1	CASP2	c27
0.00850568985767703	1.10041838357814	0.031	0.011	1	ZNF496	c27
0.0450151550734614	1.10029237925293	0.088	0.056	1	RXRB	c27
0.105478363234664	1.10026599151705	0.057	0.036	1	NEU3	c27
0.242837370592643	1.10003967867952	0.015	0.008	1	LCMT2	c27
0.0931421983276664	-1.09920783453425	0.01	0.032	1	PER3	c27
4.27900197711407e-08	-1.09900681833657	0.082	0.259	0.00156615751364352	SCARB2	c27
0.000249069643087738	1.0989672824009	0.242	0.158	1	DUSP3	c27
0.384525924460241	1.09893411451846	0.036	0.026	1	AC005261.1	c27
0.00983983433728069	-1.09854548961714	0.119	0.191	1	CHST12	c27
0.026598022093859	1.09790362336685	0.216	0.173	1	RAB34	c27
0.0339741646256924	1.09750712780257	0.103	0.067	1	CTNNBIP1	c27
0.0352832032396133	1.09730917493246	0.026	0.01	1	HYAL3	c27
0.9897878785034	1.09715142071723	0.052	0.052	1	NACC1	c27
0.585957001543577	-1.0971193298393	0.052	0.061	1	ZNF84	c27
0.774092493475147	-1.09677412868401	0.026	0.029	1	ACP6	c27
0.00384980669875414	1.09662595073985	0.082	0.042	1	IL15	c27
0.625204027014469	-1.09644856631009	0.057	0.065	1	ENTPD4	c27
0.297249335419216	-1.09601813317031	0.015	0.028	1	AC099343.3	c27
0.249116097260727	-1.0954491543821	0.01	0.023	1	LARS2	c27
0.202662767509529	-1.09502853903673	0.01	0.024	1	CBX8	c27
0.028893202576468	1.09492468731283	0.16	0.116	1	SH2B3	c27
0.667750108534197	1.09465436936026	0.031	0.026	1	GZF1	c27
0.0146125746544501	1.09462469489534	0.041	0.018	1	NHSL2	c27
0.276946924243087	-1.09422494291391	0.026	0.041	1	YAE1	c27
0.484468212889603	-1.09411625970225	0.041	0.052	1	ZNF708	c27
0.0132104949156197	1.09338285804911	0.041	0.018	1	ROBO3	c27
0.756913798564278	-1.09262893930492	0.052	0.056	1	LANCL1	c27
0.000246741855712026	1.09224509207637	0.175	0.099	1	ATXN2L	c27
0.308483581195377	1.09200753096478	0.052	0.038	1	ALDH6A1	c27
0.00986294950088576	-1.09160526741161	0.175	0.255	1	GPRIN3	c27
0.443823636939025	-1.09133583748495	0.01	0.018	1	AC083798.2	c27
0.102439764622772	1.09128832747285	0.103	0.075	1	VPS11	c27
0.106542710915662	-1.09123270354975	0.015	0.038	1	IFNLR1	c27
0.966308227340963	-1.09116179284139	0.015	0.015	1	MARCH9	c27
0.000715979073829699	-1.09102056848366	0.232	0.336	1	TSTD1	c27
0.44161160649132	1.09090686399974	0.01	0.006	1	TAFA2	c27
0.820613487838554	1.09088614702543	0.031	0.028	1	BAIAP2-DT	c27
0.290771214137244	-1.0905867288515	0.01	0.021	1	ZNF684	c27
0.405212150091107	-1.09052325688615	0.021	0.031	1	CCDC7	c27
0.000989000235918033	1.09047210927559	0.263	0.182	1	MED28	c27
0.48555239384604	1.08980732019422	0.01	0.006	1	CDKN2B	c27
0.0290247282666424	1.08865583616001	0.026	0.01	1	S1PR2	c27
0.268419964391936	1.08854230873108	0.062	0.046	1	KDM4B	c27
8.01739929818639e-05	1.08850736104412	0.206	0.12	1	TOR3A	c27
0.0187717471815185	-1.08834195628185	0.041	0.09	1	THAP11	c27
0.848218569295091	-1.08832122803551	0.041	0.044	1	MPHOSPH9	c27
0.588051851273908	1.08821404806953	0.046	0.04	1	C11orf68	c27
0.153943961625941	-1.08817998102082	0.021	0.041	1	TRMT13	c27
0.0894405745875583	-1.08708962834439	0.041	0.073	1	GNGT2	c27
1.50822337849544e-11	-1.08678819229001	0.412	0.594	5.52024838763116e-07	GYPC	c27
0.082735751079876	-1.08664245962795	0.067	0.107	1	PAX8-AS1	c27
0.578488099932137	1.0862193613307	0.015	0.021	1	FBXL6	c27
0.88373465532103	1.08585179271677	0.01	0.009	1	PTK6	c27
0.611066458868303	-1.08578748291642	0.041	0.049	1	PDE4D	c27
0.286455369787983	1.08501497754714	0.108	0.09	1	RIT1	c27
0.464281854463977	-1.08484918067132	0.067	0.081	1	PMS1	c27
0.398430456571706	1.08338400423381	0.041	0.031	1	CPSF4	c27
0.0364173837297968	1.08323553720407	0.108	0.072	1	FAM91A1	c27
0.0139697511159477	1.08264818978251	0.232	0.179	1	MANBA	c27
0.0643901154641536	1.08231535457701	0.057	0.033	1	MRPL30	c27
0.266151915657635	1.08202559059409	0.026	0.016	1	RIN1	c27
0.232868053463397	-1.08175404667753	0.015	0.03	1	NUSAP1	c27
7.58930938830944e-06	-1.08122813722213	0.067	0.199	0.277776312921514	LIMA1	c27
0.242577250601243	1.08099266198887	0.01	0.005	1	AC007728.2	c27
0.4353687697258	-1.08082644600288	0.041	0.054	1	NCBP1	c27
0.0482269764723571	-1.08002455849803	0.041	0.08	1	MPI	c27
0.0267810348995914	1.07994238673498	0.16	0.114	1	RABL6	c27
0.0208155518923933	1.0791779008903	0.052	0.026	1	RCC1	c27
0.426433933122969	-1.07900814569337	0.021	0.03	1	SCYL3	c27
0.332826734995287	-1.07900013444564	0.046	0.063	1	HELQ	c27
0.528925282969332	-1.07844778363827	0.01	0.016	1	DNAAF5	c27
0.942693632334593	-1.07811666999907	0.072	0.072	1	NIPAL3	c27
0.157687755959807	-1.07793781839629	0	0.01	1	AC012103.1	c27
0.0263317233738393	-1.07727752257222	0.108	0.168	1	KRR1	c27
0.593741897047424	-1.07649830209959	0.021	0.027	1	AC097376.3	c27
0.280278743671202	1.07620285952908	0.015	0.008	1	ABHD17B	c27
0.0377836514764703	1.07588985663583	0.098	0.063	1	AL034397.3	c27
0.00360386915770537	-1.07578176379062	0.036	0.101	1	FAM3B	c27
0.713875526409114	-1.07520041538587	0.036	0.041	1	ZNF7	c27
0.696087050120213	1.07518303794915	0.026	0.022	1	GTF2H2C	c27
0.383679904729183	-1.07501205373593	0.021	0.032	1	GGT7	c27
0.955855130240233	1.07342106467898	0.124	0.135	1	IRAK3	c27
0.324421194754539	1.07313668144099	0.021	0.013	1	FIZ1	c27
0.0208916226643607	1.07267027247815	0.036	0.016	1	LINC00665	c27
0.836195035130986	-1.07262488438975	0.026	0.023	1	ZNF552	c27
0.532519033083999	1.07252822379036	0.041	0.033	1	UBQLN4	c27
0.779768272367333	-1.07251571220786	0.041	0.045	1	FBXL8	c27
0.11374601647426	1.07250526875101	0.093	0.067	1	FOSL2	c27
0.0571391763097477	1.07245118257174	0.052	0.029	1	ZNF586	c27
0.016161793286891	1.07226108335226	0.077	0.043	1	SPPL3	c27
0.236206927081566	-1.07152721792609	0.052	0.074	1	COX11	c27
0.0178436342551694	-1.07100235570603	0.01	0.047	1	HCAR3	c27
0.23345097430062	-1.07077623198694	0.005	0.016	1	C21orf58	c27
0.472429204299282	1.07076457756603	0.021	0.014	1	DVL1	c27
0.257352618789764	1.07059657929834	0.036	0.024	1	NFE2L3	c27
0.379190830294109	1.07049377399152	0.082	0.069	1	NPEPL1	c27
0.314484248751202	-1.07007709374252	0.005	0.014	1	PARPBP	c27
0.0109123890686136	1.06964480105611	0.129	0.082	1	CAMKK2	c27
0.154694913888796	-1.06949582082486	0	0.01	1	A4GNT	c27
0.0141253352426572	-1.06940265743432	0.031	0.078	1	POLR1E	c27
0.0415479566083587	-1.06919915952886	0.186	0.244	1	SYNRG	c27
0.0219361648159275	1.06894801507412	0.17	0.122	1	CMIP	c27
1.73876630622531e-05	-1.06882818017286	0.113	0.25	0.636405855741526	EDEM2	c27
0.893598079912853	1.06878745528232	0.041	0.044	1	ARFGAP1	c27
1.53517368242064e-05	-1.06829456216489	0.119	0.263	0.561888919502777	PTPMT1	c27
0.523444116235839	1.06760136628032	0.067	0.058	1	NUP85	c27
0.328373016277973	-1.06713546352558	0.041	0.058	1	KIF1BP	c27
0.441112500388108	-1.06707625740649	0.005	0.011	1	IFT140	c27
0.628092014574514	-1.06665545556822	0.077	0.086	1	WHAMM	c27
0.00262628062397318	1.06660940201079	0.088	0.044	1	PCBP1-AS1	c27
0.123254527082085	1.0663280262051	0.015	0.007	1	AC245140.2	c27
0.510778560597251	1.0658346176017	0.031	0.024	1	TSPYL4	c27
0.101708918869971	-1.0655956291395	0.026	0.052	1	CEP295	c27
0.00160749370136575	1.06542101063946	0.129	0.072	1	MED13L	c27
0.000129745432293788	-1.06541456040086	0.237	0.369	1	HMOX2	c27
0.159523436291411	1.06513811889837	0.082	0.06	1	HSPBAP1	c27
0.0754869314249353	-1.06504562245326	0.196	0.246	1	ZBTB38	c27
0.271595629260924	-1.0649817593615	0.139	0.164	1	ATF7IP	c27
0.280549031613426	1.06496880301399	0.113	0.094	1	UGCG	c27
0.712297989099096	1.0647348807466	0.015	0.019	1	TRIM66	c27
0.915815341304435	-1.06471767915384	0.026	0.024	1	CROCC	c27
0.00887318300593808	-1.06461727203385	0.046	0.106	1	SLC17A5	c27
0.193618946387276	1.06448096295275	0.041	0.027	1	AC015871.1	c27
0.407654682821854	-1.06444360505215	0.01	0.018	1	TRBV12-3	c27
0.844375550000998	-1.06420995044667	0.01	0.012	1	ZNF571	c27
0.96422170731162	1.06403654378342	0.01	0.01	1	AL590617.2	c27
0.000493189471676681	1.06346461912633	0.175	0.104	1	TMEM167B	c27
6.26277941137888e-05	-1.06322322720996	0.16	0.294	1	MPC1	c27
0.916691945191107	1.06309972243032	0.015	0.015	1	NEURL1	c27
0.673805082911534	-1.06291816426069	0.144	0.151	1	THOC3	c27
0.710620961869932	-1.06277050003931	0.026	0.03	1	ISYNA1	c27
0.0418612767153729	-1.06272151678177	0.021	0.054	1	CAMSAP2	c27
0.405834675850566	-1.06259948910124	0.026	0.037	1	RPAP1	c27
0.00791260904821917	1.06253111761167	0.155	0.103	1	UTP11	c27
0.604691187341383	1.06230097471727	0.01	0.007	1	L2HGDH	c27
0.28655533096393	1.06200705319661	0.01	0.005	1	HIST1H4D	c27
0.863818148718261	1.06197356071199	0.036	0.034	1	PCGF3	c27
0.000380709774428253	1.06196949394939	0.258	0.175	1	PTPN18	c27
0.406167354442317	-1.06165616344966	0.046	0.06	1	RABGEF1	c27
0.619251822257144	1.0615803419551	0.01	0.007	1	TBX19	c27
0.0601361464656321	1.06142574443291	0.057	0.033	1	FOCAD	c27
0.220927501843354	-1.06127131855221	0.242	0.252	1	ACAP1	c27
0.263979632665514	1.06093059888276	0.031	0.02	1	AL136038.5	c27
0.941179849809342	1.06051823312669	0.021	0.02	1	RUBCNL	c27
0.695133076620849	1.06011045402155	0.124	0.145	1	DMXL2	c27
0.393552895781044	-1.06005171223002	0.057	0.072	1	ZFP90	c27
0.000221276795140303	-1.05859138198729	0.098	0.211	1	ABHD14A	c27
0.426142138593965	-1.05772390681159	0.041	0.054	1	IMMP1L	c27
0.0187667970623293	1.05744508781252	0.175	0.126	1	ZBTB7A	c27
0.110897753931325	1.05698674731137	0.01	0.004	1	FOXP1-IT1	c27
0.513060959527814	1.05684222857892	0.041	0.033	1	TAF13	c27
0.0137884632795507	1.0565409696296	0.191	0.138	1	NADSYN1	c27
0.0241312666514586	1.05632507114348	0.01	0.002	1	GIPR	c27
0.868728966561002	-1.05551553677437	0.015	0.017	1	NAPB	c27
0.154796766574663	-1.05516712802152	0.005	0.019	1	IL17RE	c27
0.486339224403338	1.05488970412156	0.01	0.006	1	AC055839.2	c27
0.854196613338429	1.05397500955126	0.139	0.145	1	SNX27	c27
0.277799946418356	1.05348140554322	0.062	0.047	1	TNFRSF10B	c27
0.67612400159374	-1.05335546854204	0.067	0.073	1	NLRC3	c27
0.436637860678076	-1.05286610495014	0.062	0.076	1	ABCB7	c27
0.0412867133788509	-1.05250475975561	0.088	0.138	1	KLHDC2	c27
0.00280942773635248	1.0524598033294	0.206	0.14	1	TOR2A	c27
0.0171853441978988	-1.05239306648061	0.108	0.176	1	DNAJB14	c27
0.0648149465106796	1.05222177081005	0.052	0.029	1	ERMAP	c27
0.754456759633914	-1.05185255086544	0.01	0.013	1	MORN3	c27
0.000253897040811751	-1.05156109313674	0.113	0.228	1	SORT1	c27
0.088106255288577	-1.05132704875391	0.021	0.047	1	FASTKD1	c27
0.793828416891387	-1.05092191987437	0.026	0.029	1	TERF2	c27
0.000282586967842198	1.0509023969789	0.232	0.15	1	MAP2K1	c27
0.406200474439106	-1.05075272668603	0.082	0.1	1	IARS	c27
0.0202204908610771	-1.05025600223591	0.139	0.203	1	IRF3	c27
0.00174790423194935	1.04974573844495	0.129	0.072	1	UIMC1	c27
0.288016425703478	-1.0496604696026	0.015	0.028	1	FAM117A	c27
0.000108115247939137	1.049622282191	0.273	0.176	1	MKRN1	c27
0.346829696102826	-1.04860850515335	0.015	0.026	1	C14orf28	c27
0.567265843069871	-1.04842471971442	0.021	0.027	1	DUSP16	c27
0.000125568751868355	1.04818876127973	0.144	0.074	1	TSPAN32	c27
0.0111289921336475	-1.04808533256052	0.943	0.938	1	MT-ND3	c27
0.695727417761957	1.04780787265889	0.041	0.037	1	TAB1	c27
0.0025444338037644	1.04751643381665	0.196	0.132	1	ZMIZ1	c27
1.17683653294284e-05	-1.04711314012167	0.165	0.313	0.430733939422408	CISD3	c27
0.318102477205502	-1.0470278319934	0.021	0.034	1	UGDH	c27
0.0969154649304728	-1.04663750807793	0.041	0.073	1	AGPAT4	c27
0.387020531344232	1.0466254604726	0.01	0.006	1	AC009950.1	c27
0.817316557953958	1.04640403964666	0.021	0.023	1	ZEB2-AS1	c27
0.168526425391404	-1.04630323407011	0.015	0.033	1	UNC13B	c27
0.0539579328748666	-1.04612436002519	0.062	0.104	1	ILRUN	c27
0.136821807219268	-1.04588467426174	0.113	0.152	1	EXOSC8	c27
0.0998945893216387	-1.04588319191839	0.201	0.247	1	ERAP2	c27
0.717644743160816	-1.04587701004234	0.015	0.019	1	CTNNAL1	c27
0.052809153005271	-1.04421465501061	0.046	0.086	1	PCYT2	c27
0.102152718647321	-1.04418315704527	0.005	0.023	1	C11orf45	c27
0.0178994078852951	-1.04412852081886	0.088	0.151	1	DCAF5	c27
0.690150916425068	-1.043910510905	0.041	0.047	1	ZNF600	c27
0.715208867470999	-1.04388538069369	0.01	0.008	1	SSSCA1-AS1	c27
0.778149642636368	-1.04385694125518	0.036	0.04	1	TRMT2B	c27
0.000953735005410583	-1.04384772469073	0.036	0.111	1	CEACAM21	c27
0.0118588384088835	1.04376546598122	0.072	0.038	1	ENDOV	c27
0.0107609171164766	-1.04293669990574	0.046	0.104	1	ALKBH3	c27
0.882706768689011	-1.04292737704714	0.021	0.022	1	AC009961.1	c27
0.0658144214954788	1.04264612821881	0.077	0.049	1	MFSD14C	c27
0.0214189445438451	1.04236924623487	0.258	0.21	1	UBE2D1	c27
3.24969228871107e-14	-1.04124369601771	0.747	0.742	1.18941987459114e-09	UBB	c27
0.626200124466275	-1.0412101153824	0.01	0.014	1	NDUFA6-DT	c27
0.899927666919421	-1.0407409096913	0.01	0.011	1	NEDD4	c27
0.476209048302207	1.04010060495348	0.062	0.051	1	EAF1	c27
0.00259411786776187	-1.04007273545031	0.067	0.029	1	LINC01943	c27
0.215921736076475	-1.03992828523371	0.015	0.031	1	TRIM47	c27
0.00391549039319962	1.03966211913618	0.036	0.013	1	IFFO2	c27
8.17101291671983e-06	1.03948538956744	0.351	0.236	0.299067243764862	DNAJC7	c27
0.0154136207265491	1.03921749705004	0.149	0.103	1	SNX8	c27
0.606423702193591	1.03913138913453	0.01	0.015	1	MS4A1	c27
0.630047322579442	-1.03862968609537	0.041	0.048	1	SLC35A3	c27
0.916254053353266	1.03845134012366	0.052	0.051	1	SBF2	c27
0.226322781096695	-1.03818949344205	0.01	0.024	1	AC087239.1	c27
0.766517873430916	1.03790359695558	0.036	0.041	1	HPSE	c27
0.0969284756891485	-1.03770395665818	0.036	0.066	1	TMEM184B	c27
0.218758915866297	1.0376952102758	0.01	0.004	1	SEPTIN7-AS1	c27
0.450510418675768	1.0373783646646	0.021	0.014	1	ZNF133	c27
0.244463656039476	-1.03732650276718	0.031	0.049	1	TDP1	c27
0.411838472625603	-1.03717597885898	0.005	0.011	1	MICALL2	c27
0.509455081255353	-1.03668331142836	0.026	0.034	1	ZNF567	c27
0.362030297949799	-1.03648832364355	0.031	0.045	1	CCP110	c27
0.497666136457371	-1.03632258128811	0.005	0.01	1	THBS3	c27
6.10052048069214e-06	1.03590402642689	0.165	0.08	0.223285150113813	PTEN	c27
0.57454411719957	1.03572163925884	0.01	0.015	1	MIR4458HG	c27
0.00369776707913026	1.03551254456492	0.216	0.153	1	IFT20	c27
0.532245446645911	1.03546855663735	0.01	0.016	1	C1orf53	c27
0.00326873801096935	1.03544198351632	0.093	0.048	1	PDK2	c27
0.116261632663407	-1.03494684194717	0.021	0.044	1	DHX32	c27
0.207382572586236	-1.03479899684468	0.036	0.057	1	HEATR5A	c27
0.37167050470264	-1.0346398738545	0.041	0.056	1	ZNHIT6	c27
0.0204822416392484	1.03401405918629	0.036	0.016	1	ZNF577	c27
0.191830707084013	1.0333704935843	0.165	0.142	1	YBX3	c27
0.5964813969453	1.0333374050942	0.036	0.045	1	CLUH	c27
0.262676198176653	-1.03308987005707	0.057	0.078	1	LAS1L	c27
0.365280250766335	-1.03283845460139	0.113	0.134	1	THAP7	c27
0.000145856002164335	-1.03278331908373	0.222	0.339	1	PNPLA6	c27
0.911873362094572	1.03253488025814	0.031	0.03	1	NEK4	c27
0.983823307249885	-1.03219036602038	0.015	0.015	1	ZFAND4	c27
0.765065295061856	-1.03211081433845	0.036	0.04	1	RAD51-AS1	c27
0.725639020456447	-1.0317770558184	0.046	0.052	1	PRKCI	c27
0.219193206461395	-1.03169646429318	0.005	0.016	1	TMEM143	c27
0.280618057298643	1.03164607647743	0.015	0.029	1	DOT1L	c27
0.544644779955912	-1.03152421286008	0.021	0.028	1	GEMIN4	c27
0.972048837008402	-1.0314050637893	0.01	0.01	1	AC245014.3	c27
0.39133847513949	-1.03079884720438	0.052	0.067	1	GRWD1	c27
0.136408495608658	1.03026665882828	0.01	0.004	1	RAB11FIP3	c27
0.403155439945226	-1.03007674080575	0.057	0.072	1	SIKE1	c27
0.436386957158582	-1.02992862448526	0.005	0.011	1	C17orf67	c27
0.0169383894818096	1.02953715273705	0.165	0.116	1	VASH1	c27
0.0122777618712774	1.02941292573673	0.191	0.136	1	EMC8	c27
0.0880856324115879	-1.02923091730607	0.046	0.08	1	MBIP	c27
0.517034858230194	1.02894074345844	0.005	0.01	1	TMCC1-AS1	c27
0.242869067404397	1.02805541249301	0.082	0.113	1	METTL22	c27
0.544298333526077	-1.02790321617287	0.021	0.028	1	AC008443.1	c27
0.849246733024594	1.02768521284813	0.062	0.066	1	MFN2	c27
0.594532359482024	1.02709999885117	0.026	0.021	1	ANKRD50	c27
0.644777128953223	-1.0266411080737	0.021	0.026	1	CD70	c27
0.0881219855138318	1.02572124639237	0.108	0.077	1	CNTLN	c27
0.00310215459979003	1.02560169186495	0.015	0.003	1	KIAA1324L	c27
0.686032131218863	1.02538271059315	0.026	0.031	1	UGGT2	c27
1.40239129757295e-05	1.02516191302339	0.227	0.127	0.513289238824676	YDJC	c27
0.112128314562015	-1.02474362674008	0.072	0.109	1	MINDY2	c27
0.00650560300058375	-1.02472335841835	0.155	0.234	1	PIM1	c27
0.143875324587427	-1.02447128006503	0.015	0.035	1	FBXO31	c27
0.592626901341906	-1.02447088447398	0.015	0.021	1	VSIG10	c27
0.572373997575537	1.02445803770927	0.021	0.028	1	ABAT	c27
0.00015009538228995	1.02393494388704	0.18	0.102	1	REEP4	c27
0.431802039931782	-1.0237632804173	0.026	0.036	1	MAD2L1	c27
0.000147392420797665	-1.02373394506388	0.113	0.233	1	NUCB2	c27
0.00111899933829605	1.02359973065445	0.366	0.284	1	EIF4EBP1	c27
0.052491894310684	1.02354640770726	0.036	0.018	1	MAN1C1	c27
0.000569485718524258	1.02294483921299	0.191	0.115	1	DEDD	c27
0.299291887383901	1.02291653733292	0.046	0.033	1	ZNF121	c27
0.904408706702965	-1.02291521745328	0.036	0.037	1	TRIM35	c27
0.0155534241833493	1.02280650535042	0.072	0.039	1	MXD1	c27
0.898061274162838	-1.02267303030204	0.026	0.024	1	HSF2	c27
0.0033156369273652	1.02251170084406	0.072	0.034	1	ZNF641	c27
0.185752334697799	1.0225045400234	0.01	0.004	1	AC144652.1	c27
0.241266440346541	1.02245785593373	0.077	0.059	1	TBC1D10B	c27
0.450613888222032	1.02244848480767	0.124	0.112	1	AP5B1	c27
0.0184047033518725	1.02207430237032	0.021	0.007	1	CFAP44	c27
3.08807232422166e-05	-1.02202257885449	0.722	0.66	1	CSTB	c27
0.0965443290271321	1.02196101374645	0.015	0.006	1	ZKSCAN2	c27
0.550693784149715	1.02167740931861	0.01	0.007	1	STK36	c27
0.353914088172645	1.0214708028804	0.052	0.039	1	BNIP1	c27
0.390358517790289	-1.02140690679192	0.015	0.025	1	AL121944.1	c27
0.281999358253962	1.02079339900073	0.093	0.075	1	SNX13	c27
0.883877720704171	-1.02061328444817	0.021	0.022	1	MORC2	c27
0.481750800160122	1.01978408364971	0.015	0.023	1	C5AR2	c27
0.00170267123794608	1.01953520330884	0.165	0.1	1	NFKBIZ	c27
0.404955352428705	1.01919365539146	0.031	0.022	1	ACBD4	c27
2.02065389857773e-06	1.0178394885766	0.098	0.035	0.0739579533418433	BCL2L11	c27
0.503262199724095	1.01782529092626	0.046	0.038	1	UBE2M	c27
0.0016773166512181	1.01780882955108	0.026	0.007	1	SLC35F2	c27
0.15285676762037	-1.01714825713389	0.015	0.034	1	MAST2	c27
0.164116517153336	1.01667656556939	0.021	0.01	1	PLA2G4B	c27
0.0341783953185365	-1.01650434171425	0.278	0.308	1	TRAF3IP3	c27
0.00155268922296666	1.01641904278214	0.165	0.103	1	TPMT	c27
0.331250646435289	-1.01571302464375	0.031	0.046	1	EPC2	c27
0.721610582862854	-1.0155420384752	0.015	0.019	1	FBF1	c27
0.2895154095888	1.01551518052336	0.015	0.008	1	NKAPL	c27
0.0170067927243841	-1.01491951569567	0.015	0.055	1	KANSL3	c27
0.674829970961409	-1.01471304238417	0.031	0.036	1	LYRM9	c27
0.998362589488207	1.0144491422675	0.036	0.037	1	AL353807.5	c27
0.903510970249919	-1.01421659895497	0.041	0.043	1	PPP1R35	c27
0.0129185457200048	1.0142126043551	0.149	0.1	1	MX2	c27
0.423827993649294	1.01392458812897	0.046	0.036	1	DCLRE1B	c27
0.212922965805662	-1.01361861274367	0.072	0.099	1	TBPL1	c27
0.0544225637723916	1.01330419467527	0.263	0.224	1	NUP214	c27
0.124422026968273	-1.01325115728335	0.072	0.106	1	HERC4	c27
0.205927611134492	1.01319945768701	0.015	0.008	1	SPIN4	c27
0.274998167738664	1.01264917042095	0.113	0.093	1	TOP2B	c27
2.1376127684695e-05	-1.01188287526963	0.392	0.465	0.782387649387522	LRPAP1	c27
0.394338262091354	-1.01120967998526	0.026	0.037	1	MTMR2	c27
0.00221002726244811	1.01119283439731	0.253	0.181	1	MRPL12	c27
0.237334209304818	1.01105824473302	0.046	0.032	1	ICA1	c27
0.770063164075865	-1.01094711940957	0.01	0.013	1	EFCAB7	c27
0.165458535787853	-1.01083179972022	0	0.01	1	SOBP	c27
0.000985947076012477	-1.01079201979235	0.448	0.517	1	VAMP2	c27
6.8846493506739e-06	1.01072345541528	0.345	0.228	0.251985050884016	USP3	c27
0.856400196558869	-1.01070267551385	0.041	0.043	1	KBTBD4	c27
0.00203752603708401	-1.01044238418839	0.057	0.134	1	AC244090.1	c27
0.502373616655545	1.01019551780015	0.021	0.015	1	ENO3	c27
0.000258095324999113	-1.00975095994651	0.227	0.347	1	TMEM35B	c27
0.45397535989002	-1.00973590748642	0.052	0.065	1	PPP4R1	c27
0.823494461450677	-1.00970328507252	0.026	0.028	1	TMEM135	c27
0.0757710322842328	1.00941528970756	0.046	0.026	1	NKRF	c27
0.00392709301092613	1.00908052583434	0.144	0.089	1	YPEL2	c27
0.249625151795292	1.0090388139501	0.031	0.02	1	CTIF	c27
0.667679336432164	1.00887467243373	0.01	0.008	1	ZNF280C	c27
0.0725449781274358	-1.00873068372352	0.036	0.069	1	PLPP1	c27
0.536693626623915	1.0086993971273	0.031	0.024	1	STXBP5	c27
0.0101986648659667	1.00865452724667	0.206	0.15	1	SUPT6H	c27
0.110989154048295	1.00858688154368	0.103	0.075	1	NXF1	c27
0.165145558187366	-1.00792163969686	0.041	0.066	1	RAD1	c27
0.555372366205663	-1.00769283174423	0.031	0.039	1	CDK8	c27
0.0259078161136796	1.00730955567643	0.062	0.033	1	ATG16L1	c27
0.528089846596248	-1.00697265157028	0.005	0.01	1	BX255925.3	c27
0.180898582183143	-1.00693920048383	0.701	0.53	1	CD68	c27
1.56949510067408e-05	1.00674101079542	0.067	0.021	0.574450901797721	GCSAM	c27
0.997576703781999	-1.00576146602324	0.026	0.026	1	ZNF439	c27
7.96839132306408e-05	-1.00486381607735	0.335	0.463	1	LEPROTL1	c27
0.517826246050668	-1.00410378075867	0.16	0.169	1	TAGAP	c27
0.0441542960541236	1.00406147929017	0.062	0.036	1	DAGLB	c27
0.641338419317546	-1.00331567973612	0.052	0.059	1	KDM5D	c27
0.831292687730096	1.00296957580941	0.015	0.014	1	ZNF345	c27
0.133088992536487	-1.00277455229892	0.041	0.068	1	PLCG1	c27
0.30362654500047	-1.00209470820489	0.01	0.021	1	SIAE	c27
0.00675331341774029	1.00155904569839	0.18	0.125	1	GNAQ	c27
0.190041480901574	-1.00139879184376	0.021	0.039	1	RABL2B	c27
0.0261871810107825	1.0013723749369	0.082	0.049	1	FAM193A	c27
2.64278704296371e-07	-1.00129779883182	0.464	0.549	0.00967286485595148	HSPB1	c27
0.0884867508897888	-0.999785290315769	0.021	0.047	1	SLC37A1	c27
0.481271260896584	0.999780873806216	0.052	0.042	1	SRD5A1	c27
0.406651870412075	-0.999496306585115	0.046	0.061	1	NFYB	c27
0.719496237973209	-0.999002554483179	0.031	0.036	1	METTL4	c27
0.0279939250872638	-0.998857246410965	0.046	0.094	1	PELO	c27
0.113791758913353	-0.998753006800537	0.01	0.03	1	AL139260.1	c27
0.305381972690619	-0.998541879191207	0.046	0.065	1	NAA35	c27
0.000294536534479961	0.998409608464891	0.026	0.006	1	LINC01311	c27
0.165454363900331	-0.998358678570357	0.046	0.073	1	JADE2	c27
0.385468407858739	0.998099136746622	0.021	0.014	1	AC004951.1	c27
0.0111144453850663	0.997913321173788	0.057	0.027	1	MIER2	c27
0.00413705055985971	-0.997418079567009	1	0.995	1	MT-CO2	c27
0.109939658269841	0.997381564452627	0.015	0.006	1	AL135999.1	c27
0.153567887590516	-0.99736969823777	0.01	0.027	1	EPOR	c27
0.0747866211784817	0.996877729020413	0.093	0.063	1	EML3	c27
0.0520401936885272	-0.99672329297313	0.041	0.08	1	MECR	c27
0.319956801913443	-0.996540854987892	0.026	0.04	1	NOL4L	c27
0.49990967253256	-0.996251975428414	0.062	0.074	1	MRPL49	c27
0.0475668273523103	-0.996056374768896	0.134	0.186	1	DYNLT3	c27
0.0422575898328724	0.99555095430562	0.052	0.028	1	AC005670.3	c27
0.255109822354486	0.995013579478023	0.057	0.041	1	ZNF354A	c27
0.60076326667132	0.994959406107057	0.036	0.03	1	ZNF263	c27
0.776915282717485	0.994739906331208	0.026	0.023	1	RAB33B	c27
0.0182869398435996	-0.994477384601719	0.144	0.212	1	TNFAIP3	c27
0.0200296606725807	0.994291353603219	0.036	0.015	1	OSBPL7	c27
0.110793379041688	-0.994170399100931	0.01	0.03	1	RYK	c27
0.876388481654206	0.993847757161365	0.046	0.05	1	KLF11	c27
0.147847096920817	-0.993814037371015	0.01	0.027	1	LINC02611	c27
2.69138034654369e-05	0.993619971922852	0.139	0.066	0.985072120638455	CNOT10	c27
0.00863836223949489	0.993185607159522	0.273	0.211	1	IMPDH1	c27
0.474684012517242	-0.992946324809638	0.026	0.035	1	PORCN	c27
0.0133889601402524	-0.992831284052463	0.124	0.196	1	PSMD12	c27
0.76146243418359	-0.992678640726038	0.036	0.04	1	TBCCD1	c27
0.00666948111552916	-0.992657822859776	0.088	0.161	1	AK6	c27
0.0004232977014268	0.992633589732772	0.149	0.083	1	LYRM4	c27
0.351595020960849	0.992610948537321	0.036	0.026	1	LANCL2	c27
0.242078216017846	-0.992296910104558	0.057	0.08	1	WDR36	c27
0.0152939423947756	0.992170538403109	0.113	0.07	1	TRIM33	c27
0.247126340403833	0.991905137005213	0.01	0.005	1	KLF5	c27
0.00308952459792048	0.991650466574396	0.345	0.273	1	STX10	c27
0.721502274654418	0.991096237127774	0.108	0.122	1	CCR1	c27
0.16012849845451	-0.99064538339229	0.99	0.992	1	MT-CO3	c27
5.02321702385001e-05	0.990124439545141	0.062	0.02	1	SIPA1L3	c27
0.348156434208699	0.990124007417486	0.005	0.013	1	OPLAH	c27
0.207255198658802	-0.990012576407559	0.067	0.093	1	KIAA1191	c27
0.160361503253203	0.989926260349785	0.036	0.022	1	SRR	c27
0.860611229742262	-0.989768567421899	0.129	0.13	1	IFNAR2	c27
0.444132256212096	0.989642215472285	0.021	0.014	1	PPP1R13L	c27
0.103031748955209	-0.989533152859277	0.026	0.052	1	ADAT1	c27
0.395271338303625	-0.988891088723329	0.026	0.037	1	SASS6	c27
0.292492799326123	0.988375237150544	0.108	0.091	1	FGD4	c27
0.368073142987119	0.988353022117993	0.021	0.013	1	C2orf27A	c27
0.22652606413978	0.98832376880554	0.031	0.019	1	CCDC24	c27
0.0469685892710655	-0.988082360516482	0.093	0.144	1	DDHD1	c27
0.170035775762144	-0.987628751805638	0.062	0.09	1	ZBTB44	c27
0.000905204716160211	0.987456274524763	0.247	0.17	1	BCKDHA	c27
0.0143764391456827	0.986990064152901	0.211	0.158	1	NUDT3	c27
0.46998413099486	0.986597887167641	0.01	0.017	1	ZCCHC14	c27
0.000120260718727265	0.986538125989135	0.098	0.042	1	FAM160A2	c27
3.33999271330034e-06	0.986417978367393	0.062	0.018	0.122247073299506	CA11	c27
0.0251059558750603	-0.986115537267705	0.015	0.051	1	RHBDD3	c27
0.574762347415107	-0.98594862441971	0.041	0.05	1	PSMD5	c27
0.169558414310467	0.985514926353294	0.072	0.051	1	RNF187	c27
0.191090749241327	-0.985478024029125	0.015	0.032	1	SHMT1	c27
0.0182325198263087	0.985296240943982	0.165	0.115	1	MGRN1	c27
0.00251905201949962	0.985240044780504	0.021	0.005	1	GSEC	c27
0.343243908433513	-0.984631289765131	0.005	0.013	1	COL6A1	c27
0.169910450383943	0.984112913665224	0.067	0.047	1	ZNF562	c27
0.0360017866096913	0.984101791218866	0.186	0.14	1	PKN1	c27
0.0227966067420321	-0.983693159849435	0.129	0.195	1	COX20	c27
0.239826867586303	0.983559765528772	0.057	0.041	1	SYNJ1	c27
0.233216555349917	-0.983479626972513	0.005	0.016	1	FAM86C1	c27
0.361403292451808	-0.983468121488224	0.067	0.085	1	PRKRIP1	c27
0.213183452446073	-0.982955477935905	0.021	0.038	1	DGKH	c27
2.05230968562881e-05	0.982153879769002	0.108	0.045	0.751165868037001	DGKD	c27
0.0400297358405867	0.98196558191066	0.046	0.024	1	PEAK1	c27
0.298512968268647	-0.981642195041752	0.103	0.128	1	CWC27	c27
0.0171336339669204	-0.981484896705427	0.01	0.047	1	ZNF185	c27
0.75489835958454	0.981119301751846	0.021	0.018	1	KANTR	c27
0.406315416810135	-0.98072250094139	0.01	0.018	1	CCR10	c27
0.0884832707130102	0.98053113336496	0.088	0.06	1	PBX3	c27
0.658169548592931	-0.980500113480585	0.041	0.048	1	FBXO4	c27
0.0430663279108585	0.980337746069556	0.088	0.056	1	RASSF3	c27
0.0816307420492674	-0.97993084259162	0.103	0.144	1	TMC8	c27
0.000558670103227927	0.979896906601046	0.366	0.281	1	NCOA4	c27
0.920606166083275	-0.979813037270939	0.01	0.011	1	ADARB1	c27
0.158244228084584	0.979622952575148	0.119	0.093	1	TBC1D9	c27
0.101471520141406	-0.979590827809446	0.021	0.045	1	SLC39A13	c27
0.716493756702997	-0.979541623746933	0.041	0.047	1	DROSHA	c27
0.000558177216984405	0.979473503973501	0.031	0.008	1	TRAF4	c27
0.174929705481326	0.979424034812631	0.01	0.004	1	PIK3CD-AS2	c27
0.00500900376585688	0.979162342322488	0.077	0.039	1	MPV17L2	c27
0.141890549336545	-0.978919477702676	0.005	0.02	1	LILRB5	c27
0.1851148164685	0.978397912515816	0.067	0.048	1	SYNGR1	c27
0.000251873921659646	-0.978356921965211	0.046	0.14	1	DENND5A	c27
0.140772978830583	0.977884119100779	0.01	0.004	1	MAP1A	c27
0.239475342191258	0.977695724539864	0.031	0.02	1	CCR5AS	c27
0.700418077803113	-0.977689383958992	0.01	0.013	1	ZNF771	c27
0.00259343165481495	-0.977157820693558	0.036	0.104	1	UNC5B	c27
7.8297767662259e-05	-0.976958109388462	0.165	0.293	1	CNIH4	c27
4.31882569970388e-06	0.976897863645772	0.206	0.107	0.158073339434862	ANO6	c27
0.000106176138662931	0.976826991589186	0.222	0.134	1	UBE2E1	c27
4.2583361846665e-05	-0.976248095997249	0.036	0.14	1	APH1B	c27
0.00463873192826846	0.976140097573482	0.062	0.028	1	TEX10	c27
0.412235158578292	-0.976136600648816	0.01	0.006	1	LINC00299	c27
0.00198695759490542	0.975950995087644	0.124	0.07	1	SNX12	c27
0.111126388618569	0.975897669279363	0.01	0.004	1	HCN3	c27
0.00113231528740402	-0.975485483156556	0.088	0.177	1	B3GNT2	c27
0.000676462349270958	0.97520729621857	0.366	0.289	1	SAT2	c27
0.000225995322842518	0.975149217454589	0.021	0.004	1	TLR3	c27
0.248651956827184	0.974669094708515	0.015	0.008	1	AL135791.1	c27
0.0352938487267955	0.974649506588483	0.021	0.008	1	HDX	c27
0.0164296335985019	-0.974573089882499	0.01	0.047	1	CLUAP1	c27
0.241793912058469	-0.974527148926308	0.046	0.068	1	NAA16	c27
0.00852721972608236	-0.974507680722152	0.088	0.158	1	RRP1B	c27
0.00188897393886747	-0.974476215321053	0.16	0.255	1	BSCL2	c27
0.932251364385347	-0.974130363165659	0.026	0.027	1	TM7SF2	c27
0.255164088046524	0.974121961486409	0.01	0.005	1	RECQL4	c27
0.839110321607511	-0.973568702752404	0.046	0.049	1	CBFA2T2	c27
0.478678333402355	-0.973503326553984	0.01	0.017	1	F8	c27
0.0619443580454711	0.973489054408663	0.01	0.035	1	PELI3	c27
0.0234941373010629	-0.973123037092858	0.005	0.035	1	GLRX5	c27
0.115378691285192	-0.972951995114469	0.031	0.057	1	ELMOD3	c27
0.64068887686249	0.972926823456431	0.062	0.055	1	POU2F1	c27
0.821808443108457	-0.972760276741941	0.021	0.023	1	AC079922.2	c27
0.00420083209897171	0.972571649526796	0.098	0.053	1	MEMO1	c27
0.277253874891621	-0.972570209433616	0.005	0.015	1	ZNF845	c27
0.55561433703235	-0.972469805367906	0.036	0.045	1	ATG4A	c27
0.852306735992297	-0.972236426556653	0.057	0.059	1	ZC3H8	c27
0.689321987422614	-0.971381554317575	0.026	0.031	1	SLC26A6	c27
7.28871044860366e-05	0.970623469715002	0.289	0.191	1	CSNK1D	c27
0.949768465331661	-0.970258578169354	0.01	0.01	1	AL627171.1	c27
9.34830032021062e-05	0.970095425968178	0.242	0.152	1	F11R	c27
0.0145406016326877	0.970086351295977	0.046	0.021	1	ZNF526	c27
0.00611479309290707	-0.970033097989507	0.021	0.073	1	IFIT1	c27
0.00322081303912604	0.969650631077749	0.165	0.104	1	PPIF	c27
0.127205425870201	0.969537040102627	0.015	0.007	1	MORN1	c27
0.317757480305657	0.969471682397629	0.046	0.034	1	MAP2K4	c27
0.275491482927751	0.969134178839073	0.072	0.101	1	MSRB2	c27
0.777540998694277	0.969092031160466	0.031	0.028	1	AL096870.8	c27
0.461407993378131	0.968764085422479	0.021	0.014	1	MAP7	c27
0.918264157057168	-0.968692017807032	0.062	0.063	1	NBPF15	c27
0.704596066722248	0.968663307635108	0.031	0.027	1	ZNF687	c27
0.667338728247345	0.968590689164338	0.031	0.026	1	BRF1	c27
0.00831032032786491	0.968504198536725	0.32	0.258	1	THEMIS2	c27
0.282158118502365	-0.968130937095921	0.036	0.053	1	TTC28-AS1	c27
0.83063672774365	-0.968120619624695	0.021	0.023	1	SLC35D1	c27
0.124771047248632	0.967195276403605	0.134	0.105	1	ELAVL1	c27
0.491788111133207	0.967068590934161	0.01	0.006	1	SCOC-AS1	c27
0.255675852911431	0.966954108426348	0.015	0.008	1	RMI2	c27
0.243306479443723	-0.966860985174549	0.103	0.132	1	APC	c27
0.948201696981626	0.966755244469589	0.021	0.02	1	GRK5	c27
0.00224746070047891	0.966607162454235	0.186	0.119	1	AL133415.1	c27
0.292850762779377	-0.966022171104025	0.036	0.053	1	TNKS	c27
0.259229011156643	0.965997066462264	0.062	0.046	1	RBM41	c27
0.00176057578373967	0.965724135642397	0.201	0.134	1	MAP3K2	c27
0.000126833782744449	-0.965695166049118	0.052	0.155	1	ADIPOR2	c27
0.570641893376191	-0.965503147923942	0.026	0.033	1	LARP1B	c27
0.00589086232917963	0.965145605873654	0.139	0.087	1	TLE3	c27
0.0113575929581439	-0.964770565518879	0.015	0.059	1	HOXB7	c27
0.48345914204152	-0.964298704233759	0.072	0.086	1	LEO1	c27
0.039059957600623	0.964079366149881	0.077	0.047	1	TP53	c27
0.0643082944881613	0.964053365117035	0.057	0.033	1	TMOD2	c27
0.358726600150134	-0.963547181170845	0.067	0.085	1	ZNF506	c27
0.0016487047534427	0.963227300216721	0.057	0.023	1	PPIP5K1	c27
0.352643927962872	-0.963169189333066	0.01	0.02	1	AFG1L	c27
0.674978533668604	0.962712710825725	0.057	0.051	1	DGAT1	c27
0.97829140527684	-0.962674466926519	0.052	0.052	1	SAAL1	c27
0.0153569927928598	0.962661703918244	0.103	0.062	1	BABAM2	c27
0.000519326483702403	0.962151166085475	0.103	0.049	1	PPM1D	c27
0.0318632975266251	0.961904664358837	0.196	0.149	1	DGKZ	c27
0.138125285305712	-0.961379653712674	0.041	0.069	1	C11orf49	c27
0.374108020502735	-0.961286358079207	0.088	0.107	1	BTN3A1	c27
0.00231999929834143	0.960953407544056	0.155	0.094	1	TMEM131	c27
0.292776709230184	-0.960865049261241	0.098	0.122	1	ERAP1	c27
2.80879955871506e-05	0.960177925066675	0.273	0.171	1	ERCC1	c27
0.408869849541737	-0.95967784807377	0.005	0.011	1	TCTN2	c27
0.0505453969865366	-0.959561804017623	0.005	0.029	1	NOMO1	c27
0.470721821632438	-0.958935493780391	0.082	0.095	1	ERN1	c27
0.00244528343414706	0.958883944508418	0.263	0.191	1	GINM1	c27
0.42279645527313	0.958813868038495	0.088	0.076	1	MCMBP	c27
0.193888764730841	-0.958551424411236	0.113	0.145	1	SP140	c27
0.760719012239855	0.958467363738577	0.01	0.013	1	PPP1R26	c27
0.570035086404466	0.957174890818509	0.093	0.112	1	RHOQ	c27
0.161303566234483	0.957096709711935	0.263	0.243	1	TMEM167A	c27
0.434478513938875	-0.95695723291719	0.021	0.03	1	EIF4ENIF1	c27
0.0649227587934224	-0.956396959932297	0.129	0.181	1	FARSA	c27
0.040432176748522	0.95638820503253	0.17	0.128	1	TTC7A	c27
0.942126253106781	-0.956380056302166	0.036	0.037	1	CDR2	c27
0.190063395121905	0.956290332686478	0.015	0.007	1	ZSWIM3	c27
0.967001911171735	-0.95584978196206	0.026	0.025	1	KATNAL1	c27
0.694060926942081	-0.955751805614463	0.041	0.047	1	ZNF836	c27
0.273799077731809	0.955697716561803	0.057	0.042	1	SAMD1	c27
0.00651719586317419	-0.955674166370665	0.021	0.072	1	ZBTB4	c27
0.247008672132072	0.955571051162592	0.046	0.032	1	GPR155	c27
0.565926091885861	0.955064012248507	0.093	0.084	1	FEM1B	c27
0.448805771395546	0.954684279710357	0.021	0.031	1	INAFM2	c27
0.243525838890048	0.954279562999998	0.015	0.03	1	SLC49A4	c27
0.633821272728154	0.954252297960873	0.031	0.026	1	SLC22A15	c27
0.198310669520598	-0.953633013702236	0.036	0.058	1	TMEM214	c27
0.696324371108358	0.9536084188064	0.077	0.088	1	PIP5K1C	c27
0.0053263705135724	0.953571811914848	0.031	0.01	1	RHEBL1	c27
0.0793978396254552	0.953507813369524	0.124	0.09	1	NNT	c27
0.0607472304202613	-0.953281069276366	0.072	0.116	1	ATXN1	c27
0.168836650953641	0.952737694400231	0.026	0.014	1	AC025171.1	c27
0.00972363774824012	0.952062644621072	0.124	0.077	1	RERE	c27
0.390440205652136	-0.95196405154506	0.005	0.012	1	GSTCD	c27
0.721361541158059	-0.951930210137085	0.031	0.027	1	ZSCAN26	c27
0.369790126712569	-0.951862090812599	0.041	0.056	1	RAB28	c27
0.440625867309304	0.95165213912632	0.01	0.018	1	CCNB2	c27
0.175190001726666	0.951602178127053	0.139	0.112	1	ID3	c27
0.781807436239817	-0.951391591361481	0.036	0.04	1	TPT1-AS1	c27
0.346693281161728	0.950940090940877	0.01	0.02	1	DYNC2H1	c27
0.0134843024522283	0.950766376748316	0.144	0.096	1	N4BP1	c27
0.72519390029714	-0.95065534278539	0.01	0.013	1	PTCD2	c27
0.0376907493655727	0.95024255600436	0.124	0.086	1	CCDC112	c27
0.132321391031112	0.950224261510756	0.041	0.025	1	GYS1	c27
0.0833332300566143	0.949991103714498	0.052	0.03	1	TEPSIN	c27
0.0730373070581717	0.949862124111935	0.01	0.003	1	PPP1R32	c27
6.16272749040479e-05	0.949479305168897	0.191	0.107	1	ZFAND3	c27
0.0305486323587617	0.949395953094973	0.134	0.093	1	POGK	c27
0.441553214570239	0.949276569875674	0.015	0.024	1	LIPT2	c27
0.115746142006938	-0.949149799464037	0.222	0.27	1	MTRNR2L8	c27
0.30039476680813	-0.949062949497414	0.005	0.014	1	GPAM	c27
3.40658537875505e-06	0.948703083823748	0.077	0.025	0.124684431447813	AC007384.1	c27
0.483672796977782	-0.948622416276766	0.18	0.194	1	RFC1	c27
0.396457011224406	-0.948080584867845	0.005	0.012	1	FAM215B	c27
0.0845348209477235	0.947919553800452	0.16	0.125	1	TBC1D9B	c27
0.309904359640476	-0.947712638155539	0.015	0.027	1	SMG8	c27
0.544545579971009	0.947553210559655	0.01	0.007	1	AC096677.1	c27
0.598894332762843	-0.947319254622268	0.01	0.015	1	PSMG3-AS1	c27
9.45857665182022e-06	0.947167626098701	0.464	0.342	0.346193364033272	MOB1A	c27
0.198372143902157	-0.946753428922592	0.062	0.089	1	NOC3L	c27
0.907716134896401	-0.94673374382486	0.01	0.009	1	DDX47	c27
0.370826779811551	0.946692448901512	0.113	0.099	1	PI4KA	c27
0.207064423772861	-0.946650813473682	0.021	0.038	1	ZNF846	c27
0.259553195172817	-0.946600662518909	0.005	0.015	1	KANSL1L	c27
0.342921865655509	0.946322680051198	0.01	0.005	1	ZBTB26	c27
0.0597397152395735	0.946142142647388	0.01	0.003	1	HIST1H4I	c27
0.00381369590865232	0.946139636648654	0.165	0.105	1	HMGXB4	c27
0.362873070826174	0.945920258035668	0.01	0.005	1	CRPPA	c27
0.424701776696165	-0.945777001127361	0.036	0.049	1	TSPAN17	c27
0.145874367444413	-0.945574366901206	0.052	0.08	1	SC5D	c27
0.00260771865402916	-0.945529190229466	0.196	0.293	1	MRPS7	c27
5.915022836433e-05	0.945109553755298	0.211	0.121	1	PTGES2	c27
0.489677320239291	0.945047420488294	0.036	0.028	1	SETD1A	c27
0.193761735146558	-0.944950837852817	0.216	0.241	1	PBXIP1	c27
0.0834723594898892	0.944923058593481	0.005	0.025	1	AATBC	c27
0.102237005085003	-0.944828722577832	0.021	0.045	1	NUP205	c27
0.362962595455599	-0.944568019075545	0.015	0.026	1	EXOC6B	c27
0.000986029664019485	0.944050221222653	0.139	0.079	1	ANKRD13A	c27
0.740053021475286	-0.943888112393392	0.015	0.019	1	LY6G5C	c27
0.0640680816045951	0.943782533312469	0.01	0.003	1	AL139011.1	c27
0.00121231100195755	-0.943695757243837	0.17	0.271	1	ATP1B1	c27
0.812378269510978	-0.943325978234461	0.021	0.018	1	AL050341.2	c27
0.908971659053486	-0.942513676980814	0.062	0.063	1	AP3M2	c27
0.739122457676612	-0.942022853254072	0.067	0.059	1	P2RY10	c27
0.410463897187009	-0.942018145828027	0.046	0.06	1	TEX30	c27
0.00275393238131785	0.941877805871203	0.206	0.141	1	ATG16L2	c27
0.146273494684277	-0.941722819567366	0.186	0.135	1	SLC38A1	c27
0.597045685022731	0.94127638919465	0.046	0.04	1	METTL1	c27
0.00059998113759458	-0.941154274100138	0.046	0.133	1	DRAM1	c27
0.278309475981734	0.94092171248026	0.098	0.08	1	MARK2	c27
0.4270386741205	-0.940632751607124	0.031	0.042	1	ANKH	c27
0.0736101456650187	0.940326531582614	0.119	0.087	1	TSPAN15	c27
0.00687892246142026	-0.940036746291867	0.376	0.412	1	PLD3	c27
0.0185755527766837	0.939622520636808	0.01	0.002	1	MAPK11	c27
0.0257106169917279	-0.939416400997276	0.098	0.158	1	TP53TG1	c27
0.0150041870269006	-0.939053718656422	0.175	0.251	1	PSMC2	c27
0.164403314419222	-0.938963490924166	0.201	0.148	1	CXCR3	c27
5.06682476234429e-05	-0.938803605890899	0.366	0.451	1	MDH1	c27
0.961349883707366	-0.93836428232341	0.129	0.126	1	ERG28	c27
0.34060630012631	0.93803449783873	0.021	0.013	1	APOM	c27
6.86971053719807e-06	0.937815903720498	0.119	0.049	0.251438275371987	HACD2	c27
0.00451352919160106	0.937702108190886	0.124	0.073	1	ING3	c27
0.0287344331068101	-0.937567386846744	0.052	0.1	1	ZFYVE26	c27
0.00569523114799153	0.937262804753604	0.129	0.077	1	SNRPD3	c27
0.0804492977920426	-0.937044525579463	0.046	0.082	1	FAM98A	c27
0.333961451002358	-0.936652105399171	0.031	0.045	1	FUBP3	c27
0.0759693780190715	-0.936357660889365	0.057	0.096	1	TRMO	c27
0.0509706969363819	0.936239463491081	0.17	0.13	1	PSEN1	c27
0.0949986167157999	-0.936206079493621	0.974	0.973	1	MT-ATP6	c27
0.00071949516004045	-0.935883732024726	0.031	0.107	1	IFT43	c27
0.205132562969241	-0.935527300414343	0.098	0.128	1	RALGDS	c27
0.000502218089483149	0.935287919756461	0.253	0.167	1	TNFSF10	c27
0.0105147960829633	0.934844909195927	0.021	0.006	1	PGBD4	c27
0.744722059247688	0.934666066171516	0.057	0.064	1	HMBS	c27
0.741580809774803	0.933907393060303	0.015	0.019	1	LAMB2	c27
0.423380984056271	-0.933341064187474	0.01	0.018	1	SOCS7	c27
0.350492180303991	-0.933083898428089	0.005	0.013	1	WDR19	c27
0.939182693882306	0.93297657295029	0.16	0.17	1	SCIMP	c27
0.00296964785735563	0.932847732783149	0.196	0.13	1	TIMM9	c27
0.423262573329307	-0.932739106372091	0.005	0.011	1	WDR5B	c27
0.256819320640907	0.932594472360071	0.062	0.046	1	FAM53C	c27
0.0458125318914778	-0.932546564372952	0.062	0.108	1	PEX14	c27
0.082614873985985	-0.932300069258323	0.062	0.1	1	TSPAN31	c27
0.000411815133062786	0.932172402378245	0.232	0.149	1	HAVCR2	c27
0.000239523992444244	-0.932157258985711	0.119	0.233	1	METTL5	c27
0.422262453454744	-0.932051950065115	0.036	0.048	1	CRY1	c27
0.0959067438286793	-0.931587992454506	0.072	0.109	1	SIGMAR1	c27
0.0653982034349617	0.931522614764949	0.031	0.015	1	ZNF213	c27
0.870390615167251	0.931507707356937	0.057	0.056	1	A2M	c27
0.0855690183128722	0.931483853616844	0.057	0.097	1	TMEM91	c27
4.44149049735285e-06	0.931015315975024	0.459	0.323	0.162562993693612	HSBP1	c27
0.151977594285936	-0.930821026231388	0.16	0.2	1	TSR2	c27
0.404761798940558	0.930466473960609	0.031	0.022	1	BCR	c27
0.281237279495748	0.930465447511581	0.077	0.06	1	RNF170	c27
0.881802565012794	-0.930419941754597	0.01	0.009	1	GFI1	c27
0.283706673067815	0.930253643103192	0.093	0.125	1	TBC1D2	c27
0.00218749763266631	0.930144933975742	0.052	0.02	1	FANCI	c27
0.00718865239710948	-0.929976919893469	0.01	0.054	1	TSC22D1	c27
0.616030920625575	0.929884465643208	0.17	0.166	1	NUDT14	c27
0.155892744704707	0.929146533363052	0.031	0.017	1	KIFC2	c27
0.00225722983974783	0.929142235197073	0.16	0.099	1	SPTLC2	c27
0.606528082240427	0.929125753876697	0.062	0.073	1	GEMIN7	c27
0.279922062601491	0.928442101843453	0.113	0.094	1	GALNT1	c27
0.688219937084906	0.928144453811414	0.026	0.031	1	LRIG2	c27
0.177401813155874	-0.928097809100556	0.067	0.094	1	SYTL3	c27
0.73630515484171	0.928055624142449	0.01	0.008	1	RTCA-AS1	c27
0.107799043845584	0.927837941066614	0.026	0.013	1	ENDOG	c27
0.557114550227612	-0.927644532845325	0.031	0.024	1	LCLAT1	c27
0.0413501717950687	-0.927512267119849	0.057	0.103	1	VGLL4	c27
0.0551450165957003	0.927297871994981	0.186	0.145	1	BAZ2B	c27
0.733768776553997	-0.927272869041445	0.021	0.017	1	AC015982.2	c27
0.406062192741101	0.926942872396805	0.057	0.045	1	RANBP6	c27
0.000133417553428144	0.926641088291578	0.314	0.211	1	MAPKAPK3	c27
0.000560331207001213	0.926624479549611	0.237	0.159	1	EIF2AK4	c27
0.00221736781603746	0.926589571660927	0.129	0.073	1	LIN37	c27
0.722700095025114	-0.926365793282583	0.021	0.024	1	DEXI	c27
0.0763098727843246	0.926197346585375	0.186	0.15	1	CCDC50	c27
0.228289061259282	-0.926129734864436	0.067	0.092	1	GALNT11	c27
0.00028023213687916	-0.925041296367554	0.052	0.147	1	SLC44A2	c27
0.346745658186218	0.924981080600735	0.021	0.013	1	AF117829.1	c27
0.0518614355394033	0.924557077676298	0.098	0.065	1	TRMT1L	c27
0.877717644102072	-0.924453130900023	0.026	0.028	1	MTA3	c27
0.590730645889443	0.924157195899453	0.155	0.151	1	MBD2	c27
0.450123550077836	-0.92393987618705	0.005	0.011	1	USP31	c27
1.11805054430388e-05	-0.923812526975285	0.077	0.211	0.409217679720665	FNDC3B	c27
2.16254434305244e-06	0.92372613382986	0.242	0.132	0.0791512855000622	RB1	c27
0.879037921824585	-0.923665285675671	0.01	0.011	1	AC016727.1	c27
0.566591025244235	-0.923642781661353	0.021	0.015	1	EVA1C	c27
0.150213916267945	0.923596934460887	0.046	0.029	1	MCM9	c27
0.00322434988880551	0.923295812091826	0.412	0.339	1	YWHAH	c27
0.0699170274307928	0.923271483839966	0.052	0.03	1	CDKN2C	c27
0.00643029468333858	0.922370658409752	0.01	0.002	1	MCC	c27
0.121494486491556	-0.92217516422219	0.036	0.063	1	AKTIP	c27
0.00349728894713079	0.921839563107353	0.299	0.229	1	GNB1	c27
0.0024949287274566	-0.92174174969259	0.026	0.088	1	PTGR1	c27
0.0869014350010767	0.921711433618981	0.247	0.21	1	PARVB	c27
0.317124548204686	-0.921541063947561	0.01	0.021	1	RTL10	c27
0.061419886740744	-0.921074636598278	0.119	0.171	1	PNKP	c27
0.488296201208566	0.92103104336961	0.082	0.104	1	ALDH3B1	c27
0.000344637039602908	0.920840629971795	0.407	0.327	1	CASP1	c27
0.00218934165944038	-0.920538337050571	0.397	0.419	1	MS4A7	c27
0.893003333519872	0.92053718702203	0.026	0.028	1	GNE	c27
0.00607242757986073	0.920082614820244	0.175	0.115	1	RPS6KA3	c27
0.764736328908566	-0.919911976894644	0.082	0.087	1	GABPB1-IT1	c27
0.564238593452971	0.919672803543187	0.01	0.016	1	ZNF778	c27
0.0522186504417743	-0.919639184374375	0.108	0.16	1	PLGRKT	c27
2.86485486401301e-05	0.919526860722797	0.129	0.059	1	NBPF19	c27
0.443617738813759	0.919345792257917	0.041	0.055	1	AC018521.5	c27
0.1795746637257	0.919053538024924	0.021	0.011	1	FUT4	c27
0.00611752672722931	-0.919007501769745	0.057	0.124	1	TMEM107	c27
0.489588572504964	-0.918928579672849	0.021	0.029	1	RFWD3	c27
0.0183715720941652	0.91880800639008	0.015	0.004	1	MYLPF	c27
0.258393263167179	0.918448999504498	0.077	0.059	1	CRTC2	c27
0.588259423581394	-0.918193713334812	0.021	0.027	1	PCNX2	c27
0.590090011026072	0.917404393322007	0.01	0.007	1	C17orf97	c27
0.831139972450738	-0.917008045763202	0.015	0.017	1	ZNF14	c27
0.414174472732557	-0.916698065757834	0.005	0.011	1	MSANTD2	c27
0.886202923593211	0.916520191347416	0.01	0.011	1	PAQR3	c27
0.0047275042993993	-0.916227653120667	0.232	0.317	1	LIPA	c27
0.0347557741064981	-0.9160877392106	0.046	0.09	1	FAHD1	c27
0.180151874832706	0.915878478143922	0.052	0.035	1	CHPT1	c27
0.278588582187301	-0.915821721877636	0.052	0.072	1	DDX60	c27
0.256490598258972	-0.915513235689803	0.015	0.029	1	FAM221A	c27
0.284737545701148	0.915317849570852	0.021	0.035	1	PIK3R2	c27
0.287641276680463	0.914462560260874	0.015	0.008	1	AL137857.1	c27
0.351655357494094	-0.914397739992928	0.052	0.069	1	ZNF224	c27
0.144065321432765	-0.914343487862906	0.113	0.151	1	GALT	c27
0.220542171544619	0.913938253806971	0.119	0.097	1	HDGF	c27
0.00126653843996515	0.913765836893786	0.211	0.136	1	CEP63	c27
0.255670563050277	-0.91373335123858	0.041	0.061	1	SOS1	c27
7.57681411627329e-07	-0.913530289840212	0.119	0.287	0.0277318973469719	RETN	c27
0.0597885745172996	-0.912872206009946	0.062	0.104	1	FARSB	c27
0.0338037270768817	-0.912787565102779	0.026	0.064	1	RETSAT	c27
0.920455798428057	-0.912294500111805	0.021	0.022	1	ZNF180	c27
0.421437442166964	-0.912069543154897	0.026	0.037	1	IGHMBP2	c27
0.868530697413546	-0.911937286790878	0.026	0.028	1	FAM111A-DT	c27
0.336253477149882	0.911551615654265	0.036	0.025	1	ANKRD37	c27
0.000134061241440635	0.911469938138661	0.222	0.135	1	AP2A1	c27
0.00197485334548567	0.911374082675989	0.129	0.073	1	NEPRO	c27
0.0532042693452143	-0.91124385545841	0.005	0.028	1	CABLES1	c27
0.00444189610414041	0.91122586904008	0.021	0.005	1	AL121658.1	c27
0.772416349453982	0.911192968413264	0.119	0.12	1	SULT1A1	c27
0.00604017313334299	0.911164104440072	0.01	0.002	1	UBE2Q2L	c27
0.0294925723074123	-0.911118709782029	0.856	0.885	1	MTRNR2L12	c27
0.000677476516358806	0.910829657692262	0.253	0.17	1	ARID1A	c27
0.000374206511232275	0.910552772971122	0.211	0.131	1	ARHGEF2	c27
0.366435881697984	-0.910321823202709	0.031	0.044	1	SLC15A4	c27
0.281280865431415	-0.910126693919595	0.026	0.041	1	CLCN4	c27
0.0249582112695798	-0.91010851987749	0.17	0.238	1	DERL1	c27
0.00999041295212391	0.910028977393919	0.134	0.086	1	AIFM1	c27
0.00713201527087179	0.909846181153213	0.237	0.176	1	GADD45B	c27
0.747163079552013	-0.909564982650879	0.036	0.031	1	GPR25	c27
0.317235827690523	0.909434324202537	0.015	0.009	1	TBCEL	c27
0.000528091014689116	-0.908935882887231	0.299	0.419	1	SHISA5	c27
0.0587615625219418	0.908930665751248	0.036	0.018	1	TOMM40L	c27
0.0960392677007986	-0.908723138048749	0.021	0.046	1	COL8A2	c27
0.000100108629815795	-0.908640441755613	0.088	0.202	1	OSTM1	c27
0.277900396625548	-0.908593114719289	0.139	0.166	1	GON4L	c27
0.859761507742997	-0.90846190652782	0.088	0.082	1	GALM	c27
0.36549927340333	0.908397948399152	0.041	0.031	1	FKBP1C	c27
0.597943519616844	-0.908010255139771	0.01	0.007	1	LINC00894	c27
0.799061184321937	0.907276016651421	0.046	0.044	1	FBH1	c27
0.542611088264523	-0.907064187958251	0.01	0.016	1	AC012645.3	c27
0.0379340693211406	0.907012590716826	0.16	0.117	1	DENND10	c27
0.362414823179262	0.906985100637001	0.124	0.108	1	FCHO1	c27
0.306614984363122	-0.906963529776713	0.01	0.021	1	ARL5B	c27
0.987279416649886	-0.906947943771133	0.021	0.02	1	CASTOR1	c27
0.15124818650774	0.906448930997247	0.077	0.055	1	ZBTB48	c27
0.214666908964655	-0.906085665998615	0.036	0.057	1	METTL16	c27
0.294481853236203	0.905196018713309	0.057	0.042	1	RAPGEF2	c27
0.00151409108236738	0.90505541177845	0.113	0.06	1	RUBCN	c27
1.8455621405387e-05	0.905050327390242	0.201	0.107	0.675494199058569	RNF145	c27
0.157277281733362	0.904269576505344	0.01	0.004	1	LRRC1	c27
0.969872684084863	-0.903953292857528	0.021	0.021	1	TCAF2	c27
0.114019138547567	-0.903812040846862	0.062	0.096	1	DPP3	c27
0.0381449953210893	0.903744691936539	0.01	0.003	1	Z94721.1	c27
0.329865611619864	0.903743370035838	0.046	0.034	1	MICB	c27
0.00102501127153828	0.903400822568678	0.088	0.041	1	CTTNBP2NL	c27
0.233647400653732	-0.902900057956264	0.005	0.016	1	PDZD7	c27
0.815255889673406	-0.902896610367564	0.01	0.012	1	AC097534.2	c27
0.418709792967543	0.902876532345307	0.01	0.006	1	GINS3	c27
0.000632046331435118	0.902708734728938	0.155	0.087	1	RPP25L	c27
0.226124938500879	0.902662182302197	0.088	0.067	1	RALGAPB	c27
0.0672755402724622	0.902634051014986	0.062	0.038	1	LIG3	c27
0.998633011906601	-0.902471947577133	0.985	0.996	1	MT-CO1	c27
0.0467012703514383	-0.902380020669344	0.015	0.046	1	BCAR3	c27
0.280116920051038	-0.902296063664887	0.052	0.071	1	VAPB	c27
0.481756226353974	0.902208591169014	0.01	0.006	1	NUDT13	c27
0.800316908222536	0.902021808730369	0.093	0.09	1	TIAM1	c27
0.370794265654154	-0.900699731263196	0.021	0.032	1	ARL15	c27
0.43923500539454	0.900642453088081	0.01	0.006	1	ZNF70	c27
0.14396591038025	-0.900272016256794	0.088	0.122	1	MRPL42	c27
0.945900134780414	0.900237017489484	0.082	0.084	1	TATDN3	c27
0.0895048311695059	-0.899912180891623	0.124	0.17	1	CFAP97	c27
0.742261838511089	0.899882905547669	0.036	0.032	1	TRIM39	c27
0.00360502520071568	0.899793516424146	0.113	0.064	1	ZNF652	c27
0.235334667686253	0.899588736333657	0.082	0.063	1	COQ8A	c27
0.22445725553088	-0.899547126608732	0.124	0.155	1	GOSR1	c27
0.388657474238778	-0.899345366422092	0.005	0.012	1	ZNF550	c27
0.887184851506294	0.899306662868268	0.062	0.061	1	LONP1	c27
0.103159938758842	0.89917110002592	0.077	0.052	1	VPS52	c27
0.393960548216914	-0.898771027319275	0.098	0.117	1	TWF1	c27
0.265868045320676	0.898356940766484	0.021	0.036	1	UBTD1	c27
0.0698285360596814	-0.898125886678803	0.021	0.049	1	OGG1	c27
2.32352183267048e-05	0.897963802182411	0.237	0.138	0.850432225975722	SNAP23	c27
0.0206998440687649	0.897439127768849	0.088	0.052	1	NOL10	c27
0.488404494329168	-0.897303966047491	0.036	0.047	1	HSPA13	c27
0.849825098621839	-0.896964957038475	0.015	0.014	1	TIGD1	c27
0.000401766315820942	0.896711974096159	0.196	0.119	1	PLEKHA2	c27
0.745685914204075	-0.896555634763115	0.067	0.061	1	SPAST	c27
0.0135713393463896	0.896496429967524	0.16	0.108	1	NOP16	c27
0.258109133752942	0.896184442038624	0.057	0.041	1	RCC1L	c27
0.795182722119865	0.89595793315589	0.01	0.012	1	LRP11	c27
0.000513476598121711	0.895926520128155	0.155	0.088	1	AGPAT1	c27
0.00166614028021302	-0.895870785652554	0.263	0.35	1	ARHGAP18	c27
0.00598875226901113	-0.895688663926898	0.072	0.143	1	NCLN	c27
0.232901553605315	0.895499298434129	0.01	0.005	1	AC113410.4	c27
0.0013535885277147	-0.895499146984504	0.041	0.117	1	LHFPL2	c27
0.0888450797014716	-0.89501369974295	0.015	0.039	1	RTN2	c27
0.232237788025865	-0.894671034571871	0.041	0.062	1	ITGB3BP	c27
0.0980068442992487	-0.894443245025442	0.036	0.066	1	RBM43	c27
0.535214872628643	-0.894390050639051	0.273	0.271	1	BIN1	c27
0.179371165762956	0.894015722827535	0.036	0.022	1	SPATA5L1	c27
0.161820461177145	0.893806206840124	0.015	0.007	1	ANKRD16	c27
0.130461543911299	-0.893780793010802	0.077	0.113	1	MTX2	c27
0.0481661083025958	0.893753553486052	0.088	0.056	1	THG1L	c27
0.590424802728484	-0.893729117684894	0.01	0.015	1	FKTN	c27
0.0334112281330251	-0.893612016178907	0.067	0.117	1	PITPNC1	c27
0.838173440032019	-0.893579844758161	0.01	0.009	1	AP002490.1	c27
0.12038107462637	0.893354909480881	0.036	0.02	1	ZNF69	c27
0.354516585671051	-0.89312891157071	0.052	0.068	1	ODC1	c27
0.153007091111829	-0.893023822674182	0.026	0.048	1	ABCD3	c27
0.929024736238218	-0.892803710908894	0.015	0.015	1	PPP1R3F	c27
0.551184757020164	0.892681894591054	0.01	0.007	1	CAPN10-DT	c27
0.385645313296854	-0.892151515148649	0.041	0.056	1	KIAA1586	c27
0.0146411960399974	-0.891841412678943	0.082	0.148	1	PTRH1	c27
0.0551312219534806	0.891660802739116	0.103	0.07	1	ZNF267	c27
0.662324719068012	-0.891566669821369	0.021	0.026	1	ZNF529	c27
0.0452396506764186	-0.891447639616865	0.18	0.24	1	BTN3A2	c27
0.79315427337627	0.891394260558072	0.062	0.069	1	ST3GAL6	c27
0.350652093133985	-0.891275346442179	0.01	0.02	1	C19orf47	c27
0.0461410401432635	0.891086209537773	0.021	0.008	1	BTBD19	c27
0.934765877071773	0.890985102874422	0.026	0.027	1	ZSCAN16	c27
0.518918373311765	-0.890758969024959	0.082	0.095	1	BTG3	c27
0.859501784828544	0.890488738987977	0.015	0.017	1	NAIF1	c27
0.161110925745299	-0.890460631837844	0.046	0.073	1	LPCAT4	c27
5.51635972458628e-05	0.890433263810489	0.206	0.118	1	BZW2	c27
0.12890610052047	0.890183370421742	0.186	0.158	1	ATP6V1A	c27
0.191283048013938	0.890138887779127	0.041	0.026	1	ANKMY1	c27
0.761879214721319	-0.890101470204334	0.031	0.035	1	RBM45	c27
0.968222481984447	-0.889901396463144	0.046	0.046	1	ABRAXAS1	c27
0.431485439645253	-0.889802097748425	0.005	0.011	1	PHOSPHO2	c27
0.584462723665677	0.889493553637973	0.067	0.059	1	PANK3	c27
0.889687469218873	-0.889406460364333	0.057	0.054	1	FBXL20	c27
0.630499445914129	0.889120989911761	0.031	0.026	1	FADS2	c27
0.259824518385744	0.889087870578608	0.046	0.032	1	CARD8-AS1	c27
0.00498085097123562	0.888861068054272	0.206	0.142	1	ELMO1	c27
0.0532111907133974	-0.888695386483891	0.015	0.044	1	MIS18A	c27
0.082989480383294	-0.888690902581655	0.057	0.094	1	CASP6	c27
0.090318911140698	-0.888308860114251	0.18	0.229	1	RRAGA	c27
4.77701541225348e-06	0.888039686995657	0.067	0.02	0.17484354110389	GPR132	c27
0.447953351574157	0.887945069136351	0.026	0.018	1	ZNF273	c27
0.0269994515342174	0.887887050130471	0.026	0.01	1	MAFIP	c27
0.960712240641931	0.887660169873527	0.015	0.015	1	RCAN1	c27
0.0406307038867537	-0.887522172136404	0.005	0.031	1	SDC3	c27
0.0348920003659751	0.886793989663172	0.134	0.092	1	POLDIP3	c27
0.737269870614373	-0.886694249144517	0.031	0.035	1	ACACA	c27
0.437665484958836	-0.88642028428477	0.01	0.018	1	TAPT1	c27
0.00553790509137976	0.886286739948098	0.134	0.082	1	EXOC3	c27
0.0937753468485217	0.885734287397098	0.015	0.006	1	AC009403.1	c27
0.0109413803745162	0.885722607663468	0.119	0.074	1	CPNE8	c27
0.745106497567559	-0.885285484301863	0.01	0.013	1	ZNF597	c27
0.0257990505873643	0.885160529599378	0.222	0.172	1	HSD17B11	c27
0.209018517280119	0.884803158046867	0.01	0.004	1	AL358472.2	c27
0.589120472324312	0.883741582126645	0.082	0.074	1	MOGS	c27
0.0344159045292454	0.883678345441218	0.149	0.107	1	TMEM189	c27
4.89839758595099e-05	0.88362735856424	0.211	0.123	1	BRD3	c27
0.904906130700105	-0.883607204574859	0.098	0.094	1	DBF4	c27
0.479254288239154	-0.883557941614651	0.072	0.086	1	SMARCD1	c27
0.0414591058666951	0.883505947038714	0.129	0.09	1	WDR45B	c27
0.010549000614447	0.883171132542832	0.015	0.004	1	ERP27	c27
0.702014602110527	-0.88276845859062	0.026	0.03	1	DCAF17	c27
0.340385424327242	0.882696749178476	0.046	0.035	1	TICAM2	c27
0.835416749671368	0.882619087313636	0.015	0.014	1	F8A1	c27
0.031383346805806	0.882537604744722	0.155	0.113	1	USP32	c27
0.00665053805698635	0.882494305402699	0.108	0.063	1	HGSNAT	c27
0.160915388940797	0.88248444167822	0.046	0.03	1	CCDC77	c27
0.669786419325518	-0.882422003235218	0.021	0.025	1	DDX31	c27
0.0149299612222131	0.882147070043601	0.175	0.122	1	NMT1	c27
0.673424067132572	0.882100572343836	0.01	0.014	1	PIGA	c27
0.616849050748664	-0.881803579147707	0.031	0.038	1	USP37	c27
0.496097683329698	-0.881737794927569	0.696	0.535	1	SERPINA1	c27
0.305748784667993	-0.881705345233723	0.031	0.047	1	XPO5	c27
0.195801657096737	-0.881363406799889	0.186	0.222	1	DNAJC19	c27
9.20421949962567e-06	0.88081682161832	0.237	0.134	0.336883637905799	ANKRD10	c27
1.85636483324792e-05	0.880430211667433	0.309	0.2	0.67944809261707	PRKAR1A	c27
0.759185359147038	0.879815042410605	0.227	0.23	1	BRI3	c27
0.0153363181967424	-0.879377267329888	0.247	0.318	1	BIN2	c27
0.337645160222965	0.879133201989414	0.041	0.03	1	CRTC1	c27
0.135414939717822	-0.878796575970519	0.247	0.287	1	SPTAN1	c27
0.224898073322358	-0.878647064366438	0.129	0.16	1	TNPO1	c27
0.328707730263469	-0.878499271385036	0.077	0.098	1	TMEM222	c27
0.136957322602101	-0.878431825912173	0.093	0.13	1	TMEM11	c27
3.63736940088118e-05	0.878419348561033	0.129	0.059	1	DUSP18	c27
0.078677180708822	-0.87840957421948	0.082	0.125	1	TIPARP	c27
0.743187323050575	-0.877663638690023	0.057	0.062	1	MYSM1	c27
0.00237764995325523	-0.877438375311295	0.175	0.269	1	PDCD4	c27
0.122000381890734	-0.877435041482819	0.01	0.029	1	PDCD1LG2	c27
0.0487469703168296	-0.877048528151541	0.046	0.087	1	ZNF518A	c27
0.333496906914934	0.876931437405107	0.113	0.096	1	HCCS	c27
0.898358004589937	0.876920269928659	0.067	0.067	1	PISD	c27
0.699335362207139	-0.876222604505786	0.031	0.036	1	EXOG	c27
0.106511218603781	-0.87595260809155	0.041	0.072	1	CCDC125	c27
0.000122868081567452	0.875752753733059	0.32	0.223	1	NDUFV3	c27
0.304362490227697	-0.875616453885518	0.015	0.028	1	MRGBP	c27
0.311854142917085	-0.875367090384638	0.015	0.027	1	ATAD5	c27
0.174088882648907	0.875242881337346	0.01	0.026	1	ANKRD42	c27
0.0162486642929656	-0.875121565092043	0.036	0.085	1	CETN2	c27
0.209648246099395	-0.874925131106883	0.01	0.024	1	AP001816.1	c27
0.000226642142472376	-0.874863488558927	0.309	0.433	1	TECR	c27
0.504125952159667	-0.874454556359627	0.036	0.046	1	RNF121	c27
0.098436773600762	0.873936184279181	0.067	0.043	1	TMEM62	c27
0.612407432193474	-0.873671055161406	0.062	0.071	1	SETDB2	c27
0.442687142644536	-0.873554953060654	0.052	0.065	1	SMG6	c27
0.12723154277186	0.873498700999482	0.263	0.233	1	CREG1	c27
1.7823203747806e-07	-0.873473218141074	0.459	0.581	0.00652347080373449	LITAF	c27
0.222786122393852	-0.873335199100005	0.015	0.031	1	TRAPPC10	c27
0.879011725190617	-0.873112473231718	0.046	0.044	1	PATL2	c27
0.0060323441230569	0.872681175888727	0.196	0.136	1	GALK1	c27
0.84492861227337	-0.872332855132502	0.01	0.012	1	AC092329.4	c27
0.000586405454681979	-0.871855546717918	0.222	0.337	1	CNPY2	c27
0.427431965282521	-0.871685014790446	0.005	0.011	1	AC087623.2	c27
0.844744919984295	0.871308303327056	0.222	0.245	1	CEBPB	c27
0.482713333280996	-0.87111588937073	0.005	0.01	1	SNHG26	c27
6.46475298332423e-05	0.870515818670384	0.134	0.064	1	TBC1D14	c27
0.235842592149837	-0.870453691277603	0.031	0.05	1	ELP1	c27
0.291986457713733	0.870432562258884	0.01	0.005	1	FLT1	c27
0.0400597736460299	-0.870389218173425	0.077	0.128	1	ACADS	c27
0.248361695964372	-0.869807933689824	0.119	0.146	1	RNF19A	c27
0.183041092053205	-0.869725446133027	0.067	0.096	1	C6orf136	c27
0.304858280648549	0.86963459435418	0.041	0.061	1	FXYD6	c27
0.104914040441141	0.869144166597151	0.077	0.053	1	PACS2	c27
0.468366104174049	-0.869066642318113	0.057	0.07	1	ZNF83	c27
0.561681972513746	0.868720471094528	0.01	0.007	1	AL121603.2	c27
0.024709195415034	-0.868229048548093	0.175	0.243	1	MRPL40	c27
0.0340067482523527	-0.867904286911378	0.18	0.247	1	PYCR2	c27
0.227031179927735	-0.867794553865383	0.005	0.016	1	SNX21	c27
0.16639947084807	-0.867756475965674	0.041	0.066	1	FAM222B	c27
0.419751501924057	-0.867562780248781	0.175	0.193	1	RPA2	c27
0.858964303328808	-0.867559389342499	0.093	0.096	1	EML2	c27
0.0723036581837779	0.867388621013902	0.082	0.054	1	NELFB	c27
0.186842830139635	-0.867106130229725	0.026	0.046	1	SMYD3	c27
0.000736911553131863	-0.866948998654964	0.345	0.429	1	HSPE1	c27
0.0157269743454712	0.866585683144421	0.103	0.062	1	TLE4	c27
0.0159432876506623	0.866534585781259	0.284	0.224	1	BRD4	c27
0.623694569278997	0.866486248779051	0.021	0.016	1	MIRLET7BHG	c27
0.658069623361676	0.866392026207211	0.015	0.012	1	ZNF551	c27
0.79879510277764	0.866292662773056	0.077	0.085	1	IFT52	c27
0.0233865565112715	0.865970753289057	0.062	0.032	1	SNHG25	c27
0.870335603223712	-0.865960490963687	0.057	0.059	1	PPP2R5D	c27
0.00209770633486893	0.865952751241668	0.108	0.057	1	POLL	c27
0.140422138602471	-0.865642178944452	0.077	0.111	1	CFAP410	c27
0.851427888385968	-0.865606457991969	0.026	0.028	1	ZNF407	c27
0.167873251335311	-0.865300715050016	0	0.01	1	LURAP1	c27
0.443945202845537	0.865054383831541	0.036	0.027	1	PAPSS2	c27
0.855892267839357	-0.864181665835202	0.046	0.049	1	MKRN2	c27
0.54906333382529	-0.864180491731193	0.031	0.039	1	SLC30A6	c27
0.0291312046280115	0.864151691149132	0.258	0.205	1	UBE2E2	c27
0.333593512633767	-0.863520641071889	0.01	0.02	1	CTBP1-DT	c27
0.296454732029067	-0.863185037745345	0.01	0.021	1	ZNF253	c27
0.50726523087489	-0.862996617564252	0.031	0.023	1	SLC9B2	c27
0.454034580069765	-0.862933114571043	0.01	0.017	1	WARS2-AS1	c27
0.969371000646388	0.862917098296557	0.031	0.032	1	LRRC45	c27
0.959713001529922	0.862388843033325	0.015	0.016	1	ZNF747	c27
5.81858049017219e-05	0.862229513942922	0.258	0.162	1	EVI2A	c27
0.447760690497535	-0.861951881325154	0.129	0.146	1	PIGC	c27
0.399154200173713	-0.861805657524982	0.01	0.019	1	ZNF616	c27
0.617175049120553	0.861601701152604	0.072	0.065	1	ARRDC2	c27
0.732867475296377	-0.861313503417062	0.057	0.062	1	ZNF688	c27
0.130153269982909	-0.861205531102372	0.072	0.106	1	COIL	c27
5.22822147622327e-05	0.861118085928237	0.124	0.057	1	INPP5F	c27
2.6724348323251e-06	-0.86096339561075	0.201	0.364	0.0978137872979308	IFI6	c27
0.00610109593150313	0.860877798573788	0.108	0.062	1	ATP10D	c27
0.0991560584411569	-0.860846618863084	0.119	0.164	1	POP7	c27
0.729939503363705	-0.860042612830742	0.015	0.019	1	HACE1	c27
0.620035141436348	-0.859929360932422	0.026	0.032	1	CDPF1	c27
0.00246719672384814	-0.859768181564674	0.031	0.097	1	SLC29A1	c27
7.49506911364035e-05	-0.859762619294646	0.026	0.121	1	MMP19	c27
0.190398739326562	-0.859483902725259	0.036	0.059	1	GTF2A1	c27
0.167455080359355	-0.859458191405047	0.268	0.299	1	TRADD	c27
0.463215562241237	-0.859301924669138	0.062	0.076	1	COG5	c27
0.0102292103788685	0.859066925118928	0.32	0.259	1	RILPL2	c27
0.280514015963414	0.859023212111526	0.01	0.022	1	STOML1	c27
0.0124008790662761	0.858902294250664	0.072	0.038	1	BRI3BP	c27
0.695604857402173	-0.858840148709594	0.077	0.068	1	TRABD2A	c27
0.346197925894893	-0.85866281910485	0.015	0.026	1	NOL6	c27
0.844864918659659	0.858354220015916	0.108	0.122	1	PYGL	c27
0.440904845944277	-0.85830487610664	0.072	0.088	1	TMEM38B	c27
0.0859701564374316	-0.858182618285276	0.093	0.137	1	SLC35C2	c27
0.746637954235226	0.858021558622214	0.067	0.064	1	PNPO	c27
2.18154724903618e-15	-0.857886284252885	0.825	0.894	7.98468108619732e-11	TXNIP	c27
0.041913369591878	-0.857660361894969	0.041	0.082	1	B3GNT7	c27
0.0100496265423578	-0.857589307633428	0.284	0.354	1	SEPTIN11	c27
0.495452921008769	-0.857535016303044	0.088	0.102	1	ZNF131	c27
0.0268775340815966	0.857355174260403	0.062	0.033	1	MARCH8	c27
0.21040454368145	-0.857200729836043	0.015	0.031	1	MMAA	c27
0.271903007834248	0.857054210880658	0.098	0.079	1	KIAA0319L	c27
0.227788112434126	0.856846586237233	0.119	0.095	1	SRSF6	c27
0.574113603163779	-0.856834480135475	0.036	0.044	1	ZNF236	c27
7.96885526096928e-06	0.856613527641184	0.32	0.2	0.291668071406737	TIMM17B	c27
0.161191133585751	0.856535011914335	0.021	0.01	1	AC133552.5	c27
0.0191270706120438	0.856279322296283	0.093	0.055	1	KDM3B	c27
0.229609972465827	0.856161880233599	0.052	0.036	1	TIRAP	c27
0.104567686284292	-0.856077248370872	0.005	0.023	1	PRUNE2	c27
0.886544170843343	0.856075253253007	0.124	0.126	1	TCHP	c27
0.000110612584313689	0.856068706795766	0.015	0.002	1	CXCL13	c27
6.28341616472388e-06	0.855969770455798	0.155	0.071	0.229979315045059	NDRG1	c27
0.221002668590475	0.855825999387219	0.057	0.04	1	SRGAP2	c27
0.0460978713797796	0.855740302868431	0.015	0.005	1	CXCR5	c27
0.0544590806879138	0.855545101819256	0.072	0.044	1	MRI1	c27
0.751836242747566	-0.855012988995417	0.021	0.018	1	CASK	c27
0.800644086426832	0.854935358503535	0.01	0.009	1	NATD1	c27
0.355607781327613	-0.854421688320388	0.041	0.029	1	RUNX2	c27
0.0522831346685624	-0.854409557818423	0.067	0.113	1	TRIM25	c27
0.148369872626562	-0.85433803993977	0.129	0.165	1	TUT4	c27
0.463327235287956	-0.854235238318219	0.041	0.032	1	TRAV19	c27
0.0747940069160803	0.854034581875467	0.16	0.124	1	PABPC4	c27
0.487069907384822	-0.853975300314071	0.077	0.091	1	NFATC2IP	c27
0.0337593499900623	0.85393681928724	0.067	0.038	1	RPGR	c27
0.290528835407813	0.85341057829373	0.031	0.02	1	ZNF587	c27
4.03231171486257e-46	-0.853378704825599	1	0.993	1.47586641075685e-41	B2M	c27
0.00153599397851185	-0.853239429530072	0.361	0.424	1	MYDGF	c27
0.613111075516011	-0.853220504745543	0.015	0.021	1	TSGA10	c27
0.50268343538637	-0.853034060808341	0.036	0.046	1	PIGG	c27
0.211027848476714	-0.852621210585393	0.005	0.017	1	TRAV38-1	c27
0.190380759525387	-0.852121426050984	0.057	0.083	1	C3orf14	c27
0.0963957345394652	0.851887076949684	0.046	0.081	1	SAV1	c27
0.00692097854137134	-0.851826788176663	0.165	0.252	1	MRPL13	c27
0.000319842366121829	0.851655865288029	0.366	0.274	1	BID	c27
0.000374314484078064	0.851606388004444	0.361	0.271	1	CD4	c27
0.0102301702025791	0.851566880254047	0.144	0.094	1	VAC14	c27
0.406335582815447	-0.851169904903593	0.005	0.012	1	DZANK1	c27
0.789617029556704	0.85102856728137	0.01	0.009	1	TMTC1	c27
0.00065662628134695	0.850794945607664	0.273	0.189	1	SND1	c27
0.323214099358879	-0.850627695713649	0.005	0.013	1	KDELR3	c27
0.00250344449116499	-0.850342892340548	0.232	0.331	1	TMBIM1	c27
0.000814315542437159	0.850320295552574	0.33	0.243	1	SFPQ	c27
0.000219052795118356	-0.84994316759731	0.015	0.094	1	TAGLN	c27
0.13045175506462	0.849760578170277	0.072	0.111	1	SLC12A6	c27
0.767321915897366	-0.849586924958846	0.397	0.327	1	CST7	c27
0.147247203478398	0.849257327805329	0.155	0.125	1	RALB	c27
0.284261740898475	-0.849003507999775	0.062	0.083	1	GSR	c27
0.866863517722856	-0.848370602119839	0.015	0.017	1	POLR3B	c27
0.231660749837279	-0.848326613891448	0.093	0.122	1	DMAC2L	c27
0.452085421647525	-0.847939287332416	0.082	0.098	1	SLC30A9	c27
0.608008468816378	-0.847866027387832	0.119	0.129	1	TAF3	c27
0.0006580320097837	0.8475592103287	0.273	0.188	1	CCDC59	c27
0.76350551828261	-0.847451776194398	0.046	0.041	1	SLC39A8	c27
0.131968174326432	0.847449764387523	0.088	0.062	1	MIR4435-2HG	c27
0.452492641069805	0.847325043183687	0.026	0.019	1	SERAC1	c27
0.83721181438959	0.847307623709698	0.036	0.04	1	GNA12	c27
0.00977193191312275	-0.846917444319309	0.448	0.462	1	LTA4H	c27
0.195100064896957	-0.846915149832369	0.026	0.045	1	RCL1	c27
0.418119236344309	0.846338670754975	0.026	0.018	1	ZNF486	c27
0.873208243794418	0.846280024594771	0.052	0.055	1	ATP11A	c27
0.000214460166668775	0.846133504116424	0.206	0.125	1	UBE2W	c27
0.00018801322102724	0.845962837585736	0.108	0.05	1	ARNT	c27
0.0915062372294203	0.845858331434812	0.119	0.088	1	AGPAT3	c27
0.000775554925533964	-0.845828181375641	0.052	0.137	1	HERC5	c27
0.0751774333292484	0.8457188204946	0.077	0.05	1	SPATC1L	c27
0.60130439088084	0.845600476631617	0.057	0.05	1	PSPH	c27
0.14460054402011	-0.844733919099639	0.021	0.042	1	PER2	c27
0.0642968032284455	0.844287684454224	0.072	0.045	1	COPG2	c27
0.145385313472325	-0.844245839162457	0.041	0.068	1	NNT-AS1	c27
0.510443663441066	-0.844064848209646	0.057	0.069	1	TEFM	c27
0.704445075517978	0.843982515020062	0.031	0.037	1	VPS9D1	c27
0.188334618908558	0.843872925535141	0.134	0.108	1	PRR14L	c27
2.06247795750058e-06	-0.843759847130954	0.052	0.189	0.0754887557224789	IFIT3	c27
0.000482531619613167	0.843734563072486	0.304	0.214	1	ARRDC1	c27
0.725178867308359	0.843400737330439	0.031	0.027	1	HEXIM2	c27
0.0166014083870281	-0.843382052163956	0.314	0.384	1	CD46	c27
0.423360849991208	-0.84326936247013	0.052	0.066	1	CHERP	c27
0.47654444358527	0.843201017346065	0.041	0.033	1	SORD	c27
0.846948965308599	0.843157231460642	0.021	0.019	1	CIP2A	c27
8.20701522261893e-05	-0.843083764681114	0.134	0.263	1	PRDX4	c27
0.697383594143322	0.84304790502378	0.01	0.014	1	TRAF3IP1	c27
0.716126594455749	-0.842744309818131	0.052	0.045	1	MSI2	c27
0.428233358426903	-0.842325886136391	0.036	0.027	1	RAB3IP	c27
0.291468226624647	0.842270953381542	0.021	0.012	1	ZNF799	c27
0.309553549539308	0.842111127846987	0.119	0.1	1	NFKBIL1	c27
0.444045485940022	0.842046651095078	0.052	0.041	1	RAB2B	c27
0.00064650027446763	0.841850688380545	0.088	0.04	1	GABPB1	c27
0.157509620583495	-0.841678648737658	0.036	0.021	1	FASLG	c27
0.00179657140332066	0.841659370512375	0.253	0.178	1	PPM1M	c27
0.0582651501606147	0.841615388289165	0.098	0.156	1	DOK3	c27
0.000738609967447383	0.841589251092731	0.031	0.008	1	C5orf30	c27
0.000455538500459	0.841479473235719	0.021	0.004	1	SNPH	c27
3.35883317306055e-05	-0.84115570479635	0.113	0.247	1	SVIL	c27
0.00276451428074545	-0.840967686771646	0.186	0.277	1	C14orf119	c27
0.307209422296133	-0.840820579451862	0.01	0.021	1	CLSPN	c27
0.254066243254872	-0.840665354371088	0.057	0.08	1	WDR60	c27
0.0582171095940687	0.840511760144743	0.093	0.061	1	SLC20A1	c27
0.000796509512436327	-0.840376101830745	0.186	0.292	1	TRPV2	c27
0.00533255024741543	0.840270342074557	0.211	0.148	1	OGDH	c27
0.697773727462823	0.840199184794086	0.026	0.022	1	LRRC8B	c27
0.245104217972864	-0.839919074624589	0.026	0.043	1	THUMPD2	c27
0.526007457537549	-0.839388806864206	0.015	0.022	1	GATD3B	c27
0.0376148132847016	0.839351923385238	0.351	0.306	1	POLE4	c27
0.0309494661124007	-0.839331583773684	0.031	0.072	1	STEAP3	c27
0.0161058933656927	-0.839271561626554	0.057	0.112	1	DDIT3	c27
1.90225227714368e-06	0.838910466731773	0.428	0.287	0.0696243355957358	EIF2S3	c27
0.0121689806442996	-0.838603418475198	0.175	0.255	1	TMEM134	c27
0.591162970637416	-0.838451078770046	0.046	0.055	1	MTERF3	c27
0.784435235189231	0.837974610980486	0.041	0.046	1	ESRRA	c27
0.76053356187982	-0.837902049120629	0.031	0.035	1	GK5	c27
0.181538717195689	-0.837602642172002	0.082	0.113	1	ACTR6	c27
0.184448572900553	-0.837424149236432	0.041	0.065	1	IFT22	c27
0.00361311647643069	-0.837378340267452	0.005	0.052	1	MLF1	c27
0.125439643533943	-0.837278099495656	0.021	0.043	1	RBM12	c27
0.197472131852344	-0.837268869570919	0.041	0.064	1	SOS2	c27
0.0362873248784703	-0.836972889765826	0.036	0.077	1	HECTD3	c27
0.0359814529742788	0.83661219310657	0.031	0.014	1	AC092944.1	c27
0.0870671559037441	0.836570189726995	0.088	0.06	1	POM121C	c27
0.0120729394246717	-0.836225442190458	0.711	0.58	1	CD63	c27
3.11671630928626e-06	0.836187690099063	0.206	0.106	0.114074933636186	MCM5	c27
0.130213648687505	0.836169388671457	0.088	0.063	1	TOP1MT	c27
0.0042716011207309	-0.835675186365636	0.196	0.291	1	CLPP	c27
0.136528049876501	-0.835322722641706	0.041	0.069	1	DUSP28	c27
0.643372246627648	-0.83526168360432	0.046	0.054	1	ANKRD27	c27
0.0169830661258039	-0.834915920357304	0.072	0.038	1	TOX	c27
0.343661105823399	-0.834736879811699	0.005	0.013	1	ATP1A1-AS1	c27
0.9728033133089	-0.833701714453069	0.021	0.02	1	KRBA2	c27
0.0177525801358685	0.833519203274252	0.144	0.096	1	KPNA1	c27
0.942002504531613	-0.833330710383234	0.046	0.047	1	ZNF426	c27
0.230850556133053	-0.833180702658486	0.005	0.016	1	TMEM236	c27
0.203636089114012	-0.833064876135863	0.062	0.042	1	AL118516.1	c27
0.887714922997305	-0.832680095674463	0.021	0.019	1	ETV7	c27
0.000843954356579666	0.832018712254878	0.485	0.391	1	NDUFA2	c27
0.0631943782231432	0.831845755698542	0.098	0.067	1	TMEM39B	c27
0.730996294964077	-0.831635699882831	0.015	0.019	1	GLCCI1	c27
0.000610107194992003	0.831624932664537	0.18	0.11	1	BICD2	c27
0.229890542621347	-0.831050064294504	0.072	0.097	1	ATF7IP2	c27
0.0194861123273398	0.830834898289257	0.052	0.025	1	RNF169	c27
0.541255248619649	-0.83070788255622	0.052	0.062	1	BANP	c27
0.55053264298841	-0.830565938504962	0.062	0.073	1	VPS13B	c27
0.00241580575344477	-0.830220817554871	0.031	0.097	1	HILPDA	c27
0.917510487086843	0.829795778660787	0.036	0.035	1	ADNP2	c27
0.00312302269847877	0.8296018634692	0.124	0.071	1	PLEKHA3	c27
0.0162625495962993	0.829528266546914	0.149	0.1	1	SRP68	c27
0.162483786840184	0.829501584177108	0.124	0.097	1	SP1	c27
1.2554822064003e-05	0.829285881310909	0.345	0.234	0.459519042364575	YPEL5	c27
0.658908232391202	-0.829172440828113	0.026	0.031	1	DYRK1B	c27
0.689259430398122	0.82897820477579	0.057	0.065	1	TMEM94	c27
0.0232005346033845	-0.828545598633563	0.057	0.11	1	HIBADH	c27
0.533432589544796	0.828450426225614	0.129	0.119	1	MMGT1	c27
0.0115333878994397	0.828427108442491	0.082	0.045	1	MIOS	c27
0.334610472494979	-0.828355851884878	0.041	0.057	1	MSH2	c27
0.100260805780378	-0.82778738334891	0.031	0.06	1	CDCA7L	c27
0.368069130497404	-0.827745249219857	0.01	0.019	1	PCLAF	c27
0.0102567536538175	-0.8276620166384	0.067	0.132	1	MOCS2	c27
0.394133088206469	-0.827590284045685	0.005	0.012	1	NEURL4	c27
0.455486964035648	-0.827488036399544	0.072	0.087	1	UBR1	c27
0.685767731237844	-0.827361130707019	0.088	0.095	1	SMC2	c27
0.0210287527856341	0.827289956080028	0.237	0.184	1	CHP1	c27
0.372515404056977	0.827227763924231	0.01	0.006	1	AL359643.3	c27
0.498063944569608	0.826798562866577	0.119	0.107	1	BMPR2	c27
0.0751407716322784	-0.826584411578364	0.103	0.151	1	GPATCH11	c27
0.0120633698196932	-0.826568405928613	0.134	0.209	1	EFCAB14	c27
0.120285309294991	-0.826381636288441	0.021	0.044	1	SDC4	c27
0.718494593203243	0.826290263414298	0.021	0.017	1	AC012368.1	c27
0.372266230876275	-0.825893577487299	0.036	0.05	1	MCM6	c27
0.82146627862619	-0.825815352777871	0.015	0.018	1	TMTC4	c27
0.745946665600719	0.825758389113432	0.046	0.052	1	COG7	c27
0.351294710912667	0.825694516968114	0.088	0.072	1	CPSF3	c27
0.0745540063615969	-0.825544206742121	0.021	0.048	1	RNF185	c27
0.547733657807452	-0.825395546844299	0.01	0.016	1	RASGRP3	c27
0.508884644098132	-0.825010372990873	0.175	0.19	1	CASP8	c27
0.0710146751887299	0.824972149525659	0.113	0.081	1	RIPK2	c27
0.000108195165359488	0.824941056466779	0.18	0.098	1	H1FX	c27
0.275494770417429	-0.824881718767091	0.052	0.072	1	HSPA1B	c27
0.456007027137869	0.824828879143164	0.026	0.036	1	AGRN	c27
0.191549116805865	0.824738252453509	0.052	0.035	1	C17orf58	c27
0.235044698660104	-0.824628181787545	0.026	0.043	1	THOP1	c27
0.0178893645987593	0.82374207344578	0.258	0.202	1	STAT6	c27
5.51339760321876e-05	-0.823606253936066	0.582	0.612	1	CTSC	c27
0.29122330218408	-0.823260736422212	0.021	0.035	1	TRIM65	c27
0.293014541907184	-0.822935290310091	0.041	0.059	1	ZNF493	c27
0.0636476864641683	-0.822845924343206	0.268	0.324	1	RESF1	c27
3.13583940092864e-05	-0.822322616617222	0.026	0.128	1	SLC38A6	c27
0.485777612460749	-0.822319074500445	0.046	0.058	1	RARS2	c27
0.000643057518075588	-0.822138564118335	0.036	0.115	1	GPX3	c27
0.00229467791259985	0.822126680047048	0.119	0.065	1	PDCD11	c27
0.38451236325009	0.821943958283986	0.015	0.009	1	AC093249.6	c27
0.0223837311697034	0.821898370914769	0.206	0.157	1	ROGDI	c27
0.323576912180702	-0.821828798130293	0.005	0.013	1	XYLT2	c27
0.380449087037505	-0.821707752366788	0.005	0.012	1	LINC02035	c27
0.0326975237463524	-0.821696029950441	0.041	0.085	1	AMDHD2	c27
0.436977948387981	0.821300194661439	0.01	0.006	1	AC009690.2	c27
0.0945712809941444	0.82113803455612	0.082	0.056	1	PPP1R12C	c27
0.815957182745768	-0.820753015170288	0.015	0.013	1	FAM216A	c27
0.287553862615648	-0.820639233862964	0.129	0.156	1	POLR2C	c27
0.0242657579011544	-0.820028903256258	0.149	0.217	1	SS18L2	c27
0.94408452238219	-0.82002512774636	0.026	0.025	1	C14orf93	c27
0.566545127589994	-0.819448332866383	0.191	0.197	1	CDC42SE2	c27
0.4919103557966	-0.819345537596539	0.01	0.017	1	AC092821.3	c27
0.0372022674017405	-0.819326531409251	0.263	0.326	1	ADH5	c27
6.54407553507006e-05	0.819190897217081	0.304	0.201	1	BOD1L1	c27
0.00157797560758638	0.819081190494974	0.119	0.064	1	MCCC2	c27
0.00811111640053486	0.818159890760853	0.211	0.152	1	AP1B1	c27
0.0823185115265339	-0.817749903277522	0.175	0.227	1	SHARPIN	c27
0.0501942580992943	-0.817744701411963	0.082	0.132	1	STIM1	c27
0.0973326781152104	-0.816925426363247	0.021	0.046	1	POFUT1	c27
0.0138444279521833	0.816596694697145	0.211	0.152	1	RNF166	c27
0.875402815742473	-0.816165885694778	0.026	0.024	1	ENTR1	c27
0.142790553116329	-0.815976906329221	0.031	0.056	1	PHF23	c27
5.53810682651921e-05	0.815889015578358	0.247	0.152	1	NME4	c27
0.557524751967699	-0.815856002715824	0.021	0.028	1	ZNF468	c27
0.319539815867636	0.815697035662771	0.077	0.062	1	CES2	c27
0.0416243019151807	-0.815685097918678	0.057	0.102	1	PCGF1	c27
0.380690202158617	0.815418525386898	0.015	0.026	1	LRRC8A	c27
0.036491310497938	-0.815119928959091	0.088	0.142	1	DCTD	c27
0.00847358470390918	-0.814951886069087	0.18	0.264	1	AAK1	c27
0.0870912427937306	0.814814253253157	0.057	0.035	1	TMEM168	c27
0.109795256932201	0.814781995233588	0.134	0.104	1	KIAA0232	c27
0.350929430114597	0.814416500829924	0.01	0.005	1	C8orf31	c27
0.000512638257483335	-0.814299201518675	0.222	0.327	1	BCL2A1	c27
0.505697736329114	-0.814261020469525	0.005	0.01	1	AC091729.3	c27
0.447708887408443	-0.813993359873663	0.005	0.011	1	AC009133.1	c27
0.00502397980039475	0.813932016028497	0.18	0.121	1	SNX14	c27
0.447494237715482	-0.813853181679343	0.031	0.042	1	MYLIP	c27
0.0076767470591962	0.813045624581758	0.134	0.083	1	FRMD4B	c27
0.0525069867960549	-0.812424333500243	0.062	0.107	1	ZMYND8	c27
0.740473721033172	-0.812284287238406	0.057	0.062	1	EPS15L1	c27
0.738272180075054	0.812253373525432	0.041	0.047	1	HS2ST1	c27
0.297941749269063	0.81214774825681	0.015	0.009	1	NEK3	c27
0.041824967023433	-0.812134165524902	0.062	0.108	1	IPO8	c27
0.17047195199652	0.811848353719746	0.072	0.051	1	CHPF2	c27
0.031688149284126	0.81162974322207	0.067	0.038	1	ZNF384	c27
0.181762062949154	0.811254288278311	0.216	0.188	1	NUDT1	c27
0.609128496443187	-0.811011324185573	0.124	0.134	1	CNST	c27
2.5995096757156e-05	0.810625892948426	0.258	0.155	0.951446536408668	RAP2B	c27
0.0975650861798307	-0.810249506484584	0.01	0.031	1	MYB	c27
0.516056733975926	0.809889725512714	0.015	0.011	1	MOSMO	c27
0.0689966079776628	-0.80971329413429	0.18	0.236	1	THYN1	c27
2.34159958591417e-06	0.80953376478389	0.557	0.417	0.0857048864440446	ACAP2	c27
0.304595108412138	-0.809146846737046	0.036	0.053	1	ALG12	c27
0.618516110141019	-0.809065104793104	0.057	0.065	1	ZNF276	c27
0.54865072531122	0.809019467224311	0.015	0.022	1	PRSS36	c27
0.385209280667176	-0.808974907244262	0.134	0.154	1	MED15	c27
0.433847405732814	-0.808831637227582	0.057	0.07	1	NIPSNAP1	c27
0.288483724817157	-0.808752077419484	0.036	0.053	1	COG1	c27
0.624010841820432	0.808518825916529	0.062	0.072	1	CSNK1G2	c27
0.915783352861237	-0.808498622193992	0.031	0.03	1	PPP1R37	c27
0.353898430561861	-0.808460403194307	0.088	0.108	1	RWDD3	c27
0.247754886002257	-0.808193911379277	0.186	0.212	1	APOBEC3G	c27
0.919622686956701	0.808099009701554	0.041	0.044	1	TMEM187	c27
0.0618097888830264	0.807845383422195	0.124	0.089	1	C2orf68	c27
0.0722131042193083	0.80782782806076	0.031	0.015	1	DET1	c27
0.0441277805131991	0.807803493813904	0.129	0.09	1	ORAI2	c27
0.205200570020025	-0.807734631644017	0.026	0.045	1	C12orf4	c27
0.673485554330923	-0.807665037497103	0.026	0.031	1	KCTD7	c27
8.41692930680383e-06	-0.807640884352489	0.01	0.113	0.308068029558327	ACOT1	c27
0.0299649765143201	0.807311397736993	0.201	0.155	1	WAC-AS1	c27
0.128986772834587	-0.807306821553478	0.088	0.125	1	THAP4	c27
1.44769162461072e-05	0.80692597080478	0.418	0.301	0.52986961152377	MYADM	c27
0.0096832084260017	0.806557050266164	0.093	0.052	1	EEF2K	c27
1.36587573722016e-05	0.806013841483696	0.227	0.126	0.499924178579952	ARL14EP	c27
0.255994478577989	-0.805951422734984	0.021	0.036	1	PEX6	c27
0.0305201758963421	0.805618846820684	0.18	0.134	1	FAM110A	c27
0.226514443529809	-0.80560943833495	0.021	0.037	1	LRWD1	c27
0.639665879597759	0.805106618276697	0.01	0.007	1	LRTOMT	c27
0.140213673638206	0.804807227246205	0.067	0.046	1	RNF26	c27
0.455340902879676	-0.80476065781887	0.067	0.082	1	RAP2C	c27
0.518494820486173	-0.803940432841972	0.005	0.01	1	AL080250.1	c27
0.973516274989288	-0.803741211445632	0.015	0.015	1	AGMAT	c27
0.77304234155197	0.803250073621287	0.031	0.035	1	ABITRAM	c27
0.403300675675505	0.803181631438604	0.052	0.04	1	CETN3	c27
0.126967852096888	-0.80295573264983	0.005	0.021	1	RHOBTB3	c27
0.479985626262816	0.802444090834586	0.139	0.13	1	COMMD10	c27
0.00393259207033419	-0.802277971801054	0.021	0.076	1	ATL1	c27
0.189764851449763	-0.802253534865847	0.005	0.018	1	MYO7B	c27
0.0320741583549635	-0.802147443378838	0.103	0.164	1	CRELD2	c27
0.769194905433956	-0.802020604888106	0.01	0.013	1	AL121832.2	c27
1.22497633423643e-05	0.801981673076055	0.268	0.16	0.448353588093875	HNRNPH2	c27
0.597387916319593	-0.801910331630928	0.031	0.038	1	MDC1	c27
0.000145665556898888	0.801909574910003	0.222	0.134	1	SNX20	c27
0.853886122489967	-0.801841045375926	0.144	0.147	1	BRWD1	c27
0.754817358685534	-0.801600160077467	0.026	0.022	1	ZNF764	c27
0.578264335754388	-0.801363405351629	0.015	0.021	1	DCAF4	c27
0.026826984965303	0.801272714929815	0.072	0.133	1	IQSEC2	c27
0.955748279923404	-0.801259524192583	0.015	0.016	1	IFT80	c27
0.00590110344414513	0.801217611580204	0.222	0.16	1	DPYD	c27
0.172841447579264	-0.80120507128972	0.124	0.16	1	SP140L	c27
0.0546609957151251	-0.801001434718629	0.093	0.141	1	LACTB2	c27
0.389834105166507	-0.800713847025174	0.067	0.085	1	RMC1	c27
0.22846101198459	0.800427875873599	0.067	0.049	1	SPATA6	c27
0.971049264388503	-0.800356995546184	0.021	0.02	1	MOCS3	c27
0.00371840277107408	-0.800302446649904	0.108	0.194	1	IGF2R	c27
0.985113536030788	-0.79990885895233	0.021	0.02	1	HDGFL3	c27
0.401363522508052	-0.799632587104611	0.031	0.043	1	NOD1	c27
0.00144792434823209	-0.799596749902681	0.031	0.103	1	ZYG11B	c27
0.204187619478931	0.799455638162164	0.108	0.086	1	DCUN1D1	c27
0.926007039769369	-0.799029304983944	0.062	0.059	1	TNFRSF25	c27
0.118833135858299	-0.798585353554035	0.046	0.077	1	KCTD10	c27
0.018694243254694	-0.798367733148572	0.206	0.282	1	SBDS	c27
0.401880146777544	-0.797900529360236	0.046	0.061	1	TRMU	c27
0.0803960980006288	0.797692205386998	0.149	0.114	1	DDX49	c27
0.781895158039345	-0.797089329055997	0.082	0.087	1	CWF19L2	c27
0.375525100278774	-0.796754227343859	0.005	0.012	1	AP003717.4	c27
0.399510511696924	0.796591268029817	0.16	0.148	1	ANPEP	c27
0.651252551874396	-0.795992408738628	0.026	0.031	1	EEF1AKMT1	c27
0.114691797751624	-0.795867886252839	0.062	0.096	1	ANKRD28	c27
0.248271953829263	0.795625022544801	0.186	0.168	1	FAM120A	c27
0.0177228987693134	0.795107337427669	0.036	0.015	1	NOTCH2NLA	c27
0.0135133810073126	0.794957313746982	0.119	0.073	1	APOL3	c27
0.00125732209879754	0.794531499828679	0.18	0.109	1	DCK	c27
2.7686432125271e-06	0.794365919981042	0.18	0.085	0.101335110221704	CRIP2	c27
0.351680063045478	-0.794301889928552	0.098	0.121	1	AGA	c27
0.61962458351615	-0.794112827725725	0.015	0.012	1	ADGRG5	c27
0.947031959747422	0.793910592000459	0.01	0.01	1	DNMBP	c27
0.516983391935907	-0.793496490624891	0.005	0.01	1	LINC00920	c27
0.0581517145245465	0.793467102273288	0.155	0.115	1	WBP4	c27
0.00384774836308478	0.793094283776967	0.036	0.013	1	GPR18	c27
0.339072354543372	0.793026885045888	0.031	0.021	1	ADCK1	c27
0.0617489793688357	0.792762918932434	0.082	0.053	1	USP46	c27
0.124524474109885	-0.792752009808358	0.082	0.117	1	ZNF302	c27
6.1129890710147e-07	-0.792730002093756	0.526	0.603	0.0223741512988209	PEBP1	c27
0.00998714146227172	0.792440006189287	0.196	0.137	1	PRRC2A	c27
0.00306103328730451	-0.792435509437034	0.098	0.185	1	ACOT13	c27
0.00022657983704867	-0.792337110973596	0.057	0.157	1	HBEGF	c27
0.220176185908113	0.79200496705777	0.093	0.072	1	PLK3	c27
0.0363452763431639	-0.791685831671906	0.046	0.091	1	TACO1	c27
0.00586970043003961	0.791475595738659	0.165	0.107	1	ATXN10	c27
0.474432767424783	-0.791271062081552	0.082	0.098	1	SLC25A26	c27
0.140196048547327	-0.791167651132634	0.041	0.069	1	PIGK	c27
0.904828166198827	-0.791090888550144	0.041	0.043	1	NAA30	c27
7.73145645098862e-06	-0.79094204632222	0.51	0.561	0.282979037562634	BCAP31	c27
0.471810873135734	-0.790884370015598	0.057	0.045	1	NR2C1	c27
0.000682763673946026	0.790792709334945	0.175	0.104	1	KLF13	c27
0.00605455506474784	-0.790728518492244	0.077	0.152	1	TRIO	c27
0.878081726665829	-0.790371606964457	0.026	0.027	1	KLHDC7B	c27
0.121174903025458	0.790038229538972	0.139	0.109	1	SPINT1	c27
0.58606168273053	-0.789675591214126	0.067	0.077	1	EXOC2	c27
0.580253800766484	0.789539755565343	0.103	0.097	1	UBAC1	c27
0.0347639020525976	0.789477481580873	0.01	0.003	1	MIR181A2HG	c27
0.0708985016838755	-0.789407810295813	0.015	0.042	1	PDGFC	c27
0.64151426453722	0.789158923781843	0.165	0.194	1	ARAP1	c27
0.0873116001924163	-0.789133756375378	0.036	0.067	1	DIS3L	c27
0.617028258620886	-0.788622824615719	0.01	0.015	1	AC242426.2	c27
0.278584061138664	-0.788521287134524	0.057	0.04	1	GLMN	c27
0.326598373189402	-0.788352886250663	1	0.994	1	FTH1	c27
0.284941516585809	0.78826868927655	0.01	0.005	1	AL163051.1	c27
0.349178320989587	-0.788219545195125	0.015	0.026	1	TYW5	c27
0.167840186384274	-0.788173990957804	0.01	0.026	1	AIFM2	c27
0.501683681707691	0.788085839285228	0.005	0.01	1	ZNF628	c27
0.43919210591115	-0.787928169480038	0.031	0.042	1	JMJD4	c27
0.251831762612976	0.787884560828231	0.124	0.103	1	CTDSP2	c27
0.0798668819281321	0.787736506054417	0.067	0.042	1	SENP2	c27
0.222703091300165	-0.787663860850785	0.098	0.128	1	C5orf51	c27
0.0227109093590059	-0.787136114071779	0.057	0.11	1	TP53I11	c27
0.532320300610934	0.787117542189956	0.098	0.088	1	TPM1	c27
0.0808234662447335	-0.787052465969888	0.124	0.174	1	C15orf40	c27
0.365757796761834	0.786907657168886	0.026	0.039	1	STX2	c27
0.921258740891173	-0.786777847288822	0.021	0.02	1	ZBED6	c27
0.213585963208401	-0.786700666916089	0.005	0.017	1	LRRC29	c27
0.871229202321773	-0.786388445282067	0.077	0.08	1	TTC19	c27
0.452832109089082	0.786096168168068	0.01	0.006	1	XRCC3	c27
2.98515520865594e-05	-0.785416078902803	0.144	0.289	1	APOL6	c27
0.923674440826844	0.785394679646425	0.077	0.083	1	GALE	c27
0.000261149223721781	0.785260533861952	0.098	0.044	1	SETD1B	c27
0.334417063917959	-0.785205751100541	0.077	0.098	1	CDKN2AIP	c27
0.0780044730316506	-0.784957358176115	0.124	0.174	1	NGDN	c27
0.394291264838455	0.784921875295342	0.021	0.032	1	BLNK	c27
0.430996623682146	-0.784918131375983	0.149	0.124	1	DANCR	c27
0.134536922392024	0.784485718839858	0.057	0.037	1	PALLD	c27
0.344178177840485	-0.783164972013873	0.067	0.087	1	FN3KRP	c27
0.00032683622601363	0.782452469058789	0.366	0.27	1	CD58	c27
0.0494913451161546	0.782132872843287	0.129	0.092	1	FADS1	c27
0.0688083917213155	-0.782074797563706	0.258	0.303	1	PRDX2	c27
0.747198147597839	-0.782029322675245	0.108	0.114	1	CCDC186	c27
0.524620204017422	-0.781430900520568	0.119	0.133	1	PTPN22	c27
0.314118411359022	-0.781402124314538	0.113	0.138	1	NDUFAF4	c27
0.846800845155233	0.781391419372428	0.026	0.029	1	TNFRSF21	c27
0.648170926965207	-0.781314608676944	0.103	0.113	1	OARD1	c27
0.00329696440243389	0.78130673328815	0.077	0.037	1	SFR1	c27
0.105014770826567	-0.780863819498024	0.021	0.045	1	KRT18	c27
0.0825532433152883	-0.78058064596494	0.108	0.155	1	VPS72	c27
0.000193564342369353	0.780574314924119	0.253	0.16	1	MAT2A	c27
0.138824192200564	0.780494798405936	0.201	0.171	1	MYCBP	c27
1.55523935932443e-06	0.780373556511968	0.165	0.074	0.0569233157906334	TAB2	c27
0.447571837369283	-0.780091702691791	0.005	0.011	1	NCAPH	c27
0.0351859686996668	0.779964537106392	0.134	0.093	1	INIP	c27
0.0295326129313717	0.779948512637157	0.108	0.07	1	MLH1	c27
0.941245061165758	-0.779902672807784	0.021	0.02	1	TRIM68	c27
0.508720943853282	-0.779641781665571	0.077	0.091	1	CLSTN1	c27
0.691036570303803	-0.779529449733861	0.134	0.143	1	ARL6IP6	c27
0.0522731018616862	-0.779004165668524	0.036	0.073	1	NOTCH1	c27
0.113222246077502	-0.778894930684303	0.284	0.329	1	ARPC5L	c27
0.0789702011776963	0.778716161095843	0.015	0.006	1	DUBR	c27
0.00103330567085539	-0.778705709871212	0.227	0.331	1	APIP	c27
0.232539880492401	0.778574528671778	0.015	0.03	1	SLC4A8	c27
0.641014529317655	0.778341327047371	0.046	0.056	1	MAPK7	c27
0.88207704413671	-0.77823768431153	0.031	0.033	1	WDR47	c27
0.520435741510005	0.778199882328863	0.052	0.043	1	BAP1	c27
1.17095832325926e-05	0.778069798220582	0.438	0.32	0.428582455896123	TMEM14C	c27
0.688130491012719	-0.777657016926014	0.041	0.047	1	DIS3L2	c27
0.550243921270293	-0.77763499380943	0.015	0.022	1	EXO5	c27
0.0552900553680662	-0.777443960789522	0.031	0.065	1	TXLNG	c27
0.0235532919115923	-0.777241059745936	0.072	0.127	1	MAN2B2	c27
0.0125461753090858	-0.776687369103585	0.18	0.257	1	GLOD4	c27
0.0766099352510853	-0.77657748341483	0.093	0.137	1	MRPL50	c27
0.0587344183289263	-0.776270014481383	0.304	0.354	1	EPC1	c27
0.457468854992934	-0.776020437170167	0.046	0.059	1	THAP5	c27
0.845048867842686	0.775925663106779	0.01	0.009	1	ZFP41	c27
0.803606817245965	-0.77582153635296	0.052	0.047	1	TATDN2	c27
0.355376938848539	-0.775699090567211	0.041	0.057	1	DENND6A	c27
0.432815406329483	0.775470164412624	0.103	0.091	1	ATP13A1	c27
0.232967154804867	-0.775238423218117	0.01	0.023	1	NPW	c27
0.000246186381772179	-0.774571943482863	0.201	0.317	1	NAA20	c27
0.495090637392849	-0.774571040856324	0.015	0.023	1	ZNF585B	c27
0.448924887160346	-0.774420828391293	0.098	0.114	1	LPIN1	c27
0.757262883316515	0.774184823845125	0.041	0.038	1	PKD2	c27
0.129283555700696	-0.77410933131697	0.01	0.029	1	C16orf95	c27
0.960526144243269	0.774076196788148	0.021	0.021	1	APBB3	c27
0.00100510392140301	0.773764846632705	0.113	0.058	1	LPAR6	c27
0.73551931243882	0.773759530868145	0.088	0.083	1	PTPN9	c27
0.00454084131870273	0.773241158392059	0.392	0.318	1	BNIP3L	c27
0.695512806115693	0.773018471329412	0.041	0.049	1	KSR1	c27
0.0930659216537475	0.772865083305609	0.015	0.006	1	SNX25	c27
0.388556048744033	0.7728491900448	0.015	0.026	1	SMIM13	c27
0.0455776696670985	0.772826903200168	0.031	0.014	1	MEGF8	c27
0.711866567672905	-0.772675154369316	0.021	0.025	1	MIGA2	c27
0.00373935772770934	0.772281561598114	0.351	0.272	1	CMTM7	c27
0.000209472434549107	-0.771932994073311	0.134	0.258	1	ARPC1A	c27
0.0377582582101013	0.771849229312065	0.041	0.02	1	ZNF341	c27
0.723956319536382	-0.771835219709776	0.01	0.013	1	FBXO41	c27
0.508156210968042	-0.771702711094959	0.005	0.01	1	AC026785.2	c27
0.0203446979339489	0.770953415103155	0.211	0.161	1	TNFAIP8L2	c27
2.42783099306522e-05	0.770946402784699	0.32	0.205	0.8886104217718	HNRNPH1	c27
0.644650488206675	-0.770810696165088	0.134	0.144	1	SRPK1	c27
0.126405102673475	-0.770765381982992	0.021	0.043	1	CEMIP2	c27
0.318926782594923	-0.770477046162338	0.015	0.009	1	AL135818.1	c27
0.000354478085520238	0.770457342872604	0.428	0.33	1	C20orf27	c27
0.00544599223715119	-0.770449851587941	0.046	0.111	1	CPEB4	c27
0.153650692382633	0.770149634775453	0.01	0.004	1	GRAMD1C	c27
0.944267814604763	-0.769901837597842	0.031	0.032	1	AMMECR1	c27
0.366541562239999	-0.769799838009598	0.031	0.044	1	CDK14	c27
0.363969030069469	-0.768631045527969	0.082	0.103	1	YBEY	c27
0.0153738335416204	-0.768556640823617	0.258	0.339	1	EMD	c27
0.0596178351385717	0.768532788562108	0.036	0.018	1	RFX7	c27
0.924165486165121	-0.767971797168858	0.046	0.045	1	PPP1R3E	c27
0.235857654402739	0.767932800720112	0.026	0.015	1	ELOA-AS1	c27
0.311256773390203	-0.767875746198379	0.052	0.07	1	PVT1	c27
0.280838260895459	-0.767655639882058	0.036	0.054	1	GPX7	c27
0.075043824850092	0.767498955661748	0.191	0.152	1	HEBP2	c27
0.223379333301771	0.767129696912923	0.062	0.044	1	BRPF1	c27
0.0462951267999441	0.767103043513004	0.01	0.003	1	AL138895.1	c27
0.310515645701549	0.766840235888973	0.046	0.066	1	SLC35B3	c27
0.854025381465405	-0.766729983664017	0.01	0.009	1	POMK	c27
0.123479058652667	0.766544398096879	0.082	0.058	1	PSEN2	c27
0.0739941273800568	0.766108280521874	0.062	0.038	1	QRSL1	c27
0.41232908471033	-0.765995968796904	0.052	0.067	1	TCAF1	c27
0.70069360676295	0.765852839719593	0.015	0.012	1	CTPS2	c27
0.0894232070141703	-0.765656666127173	0.031	0.06	1	C12orf49	c27
0.00759934698513826	0.765623965583512	0.227	0.165	1	CBL	c27
0.0460502307956629	-0.765526265351529	0.139	0.2	1	CFAP298	c27
0.000830125422246346	0.765507268355198	0.046	0.016	1	CEP131	c27
0.00381938713163865	-0.764924461917442	0.119	0.206	1	HIPK2	c27
0.302659128249768	-0.764838217742071	0.01	0.021	1	ZNF761	c27
0.992645484301907	0.764714670478922	0.062	0.064	1	WDR81	c27
0.254221006129688	-0.764605379484655	0.031	0.049	1	SLC27A5	c27
0.0557764318170102	0.764078675450044	0.072	0.044	1	B3GNTL1	c27
0.0778121067863554	0.763627628044901	0.149	0.113	1	CREBBP	c27
0.3224890596304	-0.763085703197996	0.082	0.105	1	COQ10B	c27
0.0404282468263438	-0.763004187395928	0.041	0.084	1	TMEM140	c27
0.728804928418785	-0.762969988845314	0.052	0.057	1	ELP4	c27
0.271874555167487	0.762945325335345	0.031	0.02	1	SLC10A7	c27
0.00636114502525115	0.762637808289179	0.129	0.078	1	CLASP2	c27
0.93175701451609	-0.762369486551348	0.046	0.048	1	CEP44	c27
0.113889290035808	0.76223716453255	0.124	0.093	1	SIRT6	c27
0.759749857035307	-0.76221290227507	0.072	0.076	1	CCDC88C	c27
0.661704039152864	0.762120384632987	0.041	0.036	1	VNN2	c27
0.397653332306924	-0.762095972346528	0.237	0.258	1	LNPEP	c27
0.0275324179464267	-0.762006771761764	0.108	0.169	1	NTAN1	c27
0.886370645194808	-0.761993168838164	0.01	0.011	1	TIGD7	c27
0.169231086229498	-0.7618976539836	0.052	0.079	1	CPT2	c27
0.359898230077309	-0.761544300334712	0.098	0.12	1	TTC37	c27
0.00564980179980339	-0.761261250114714	0.227	0.317	1	EMC7	c27
0.620685205781701	-0.7612506176706	0.041	0.034	1	TRBV9	c27
0.656365518020555	0.761182578509466	0.052	0.046	1	PITPNM1	c27
0.00315617461932766	0.761001399661467	0.144	0.085	1	LRRC47	c27
0.668297253217998	0.760924402567789	0.026	0.032	1	TPCN2	c27
0.0791215106197187	0.760346790740455	0.077	0.05	1	ECE1	c27
0.122800337930395	-0.760318961392833	0.021	0.044	1	TRMT5	c27
0.0688596239179295	-0.76029216685372	0.046	0.083	1	THEM6	c27
0.730171333797338	0.760263131042899	0.036	0.041	1	TMED8	c27
0.0891305514084997	0.760161268499405	0.175	0.139	1	ANKRD17	c27
0.0662473851428972	-0.759900555837393	0.052	0.09	1	DDI2	c27
2.87252941857331e-05	0.759549557302017	0.16	0.08	1	WDR41	c27
0.0181920727634	0.759440566760715	0.129	0.084	1	MAP3K1	c27
0.00256587999214167	0.759386147170105	0.149	0.089	1	ACSL5	c27
0.00310484594004019	0.759136619723153	0.124	0.07	1	SH2D3C	c27
0.121071476589056	0.758995164648511	0.01	0.004	1	LAPTM4B	c27
0.0238279084395036	0.75897835030566	0.046	0.022	1	ZNF790	c27
0.296450370984866	0.758840695467135	0.041	0.029	1	FADS3	c27
0.847010323423449	-0.758736652257945	0.119	0.123	1	MED27	c27
0.403007610290687	-0.758404724777563	0.082	0.101	1	CXXC1	c27
0.0500075839425431	0.758088889007011	0.031	0.014	1	RARG	c27
0.0786374303928434	0.758019832581278	0.021	0.009	1	SEC31B	c27
0.045004146302186	-0.757953712727193	0.258	0.321	1	BUB3	c27
0.556988108785466	0.757895428949633	0.088	0.079	1	MAVS	c27
0.141164048348975	-0.757200185725617	0.036	0.062	1	FAM160B1	c27
0.000388135192753045	0.757171912125802	0.253	0.165	1	SHMT2	c27
0.0009416757343875	0.757116823061766	0.314	0.224	1	ACIN1	c27
0.507308711129588	-0.756948924213814	0.119	0.135	1	PRRC1	c27
0.145382681934009	-0.756905435498522	0.057	0.087	1	ZC3H14	c27
0.0174292049947362	0.756890833220548	0.222	0.168	1	MAP3K8	c27
0.650343828306816	-0.756877333988906	0.062	0.054	1	TRDMT1	c27
0.745693944216621	-0.756684743641086	0.041	0.046	1	RFC4	c27
0.209562797030066	0.756591507483248	0.021	0.011	1	ZNF823	c27
0.324251418182397	0.756518863823867	0.021	0.013	1	STARD7-AS1	c27
8.46103823658008e-05	0.755459515113707	0.284	0.185	1	DEGS1	c27
0.364206379810385	0.755407940714953	0.082	0.067	1	AKAP17A	c27
0.724110796415504	0.755381726029426	0.057	0.052	1	RRP12	c27
0.787198730601725	-0.75521477239997	0.015	0.018	1	BX664615.2	c27
0.894698550652116	-0.754187068526676	0.036	0.038	1	WWC3	c27
0.956876558429671	0.754173074246885	0.201	0.224	1	GNS	c27
0.496639562983051	-0.754081440789911	0.103	0.116	1	BATF	c27
0.157499527912494	0.753640709464787	0.242	0.217	1	COMMD9	c27
0.898547606969009	-0.753376619134635	0.057	0.054	1	USP28	c27
0.11408100159081	-0.75326436867335	0.103	0.07	1	CDK6	c27
0.0915598061847596	-0.75240298330335	0.144	0.191	1	NCK1	c27
0.421182520648879	0.752376649689243	0.072	0.059	1	THOC1	c27
0.108187452283776	-0.75217415011543	0.015	0.038	1	SLC37A4	c27
0.228558066595918	-0.752146553169851	0.103	0.133	1	EIF2B3	c27
0.0031642511200665	-0.75209407549306	0.113	0.201	1	MANF	c27
4.92500375802322e-05	-0.75204333217148	0.026	0.121	1	HCAR2	c27
0.00523913044781398	-0.752019082363746	0.046	0.11	1	DHCR24	c27
0.0932523136830904	0.751955735461405	0.098	0.069	1	POLB	c27
0.755112888040492	0.751781302978446	0.021	0.024	1	ZNF205	c27
9.98471799663882e-14	-0.751773911768983	0.773	0.84	3.65450663394978e-09	MYL12A	c27
0.590874169615556	-0.751725318879439	0.01	0.015	1	TRIM62	c27
0.175461531735477	-0.751689205226549	0.026	0.047	1	PPIL1	c27
0.288641835608313	-0.751647761275433	0.134	0.161	1	PPM1K	c27
0.0230353633587894	0.751535567380248	0.036	0.016	1	CD244	c27
0.0609220468681734	-0.751370797174692	0.211	0.269	1	APMAP	c27
0.752548946307018	0.75120737997604	0.031	0.028	1	APPL2	c27
0.114356583191911	0.751175567946476	0.041	0.024	1	CAPN10	c27
0.0618259831780223	0.751093022215632	0.088	0.144	1	CD300LF	c27
0.227550569218786	-0.750935707156749	0.077	0.105	1	TFDP2	c27
0.798162006727932	0.750629442173996	0.155	0.158	1	TOM1	c27
0.116561596505908	0.750591699062839	0.237	0.203	1	MTHFS	c27
0.253338182892845	-0.749900786202374	0.242	0.279	1	TMEM243	c27
0.511715934415198	-0.749730300019682	0.026	0.034	1	ALG6	c27
0.0126502909061011	0.749317096494711	0.201	0.145	1	PABPN1	c27
0.00489712586498882	0.749306319995472	0.155	0.099	1	IKBIP	c27
0.0113392303710074	0.748692440433744	0.18	0.123	1	KDSR	c27
0.166762699106058	0.74854899988302	0.01	0.004	1	DMPK	c27
0.716886796910186	0.748540520528472	0.01	0.008	1	CYSLTR2	c27
0.981519181348657	-0.748020117033703	0.082	0.081	1	SLF1	c27
0.333491897273003	0.747994129135181	0.01	0.005	1	MAGI3	c27
0.00403735275494262	-0.747974102874391	0.33	0.429	1	SPCS2	c27
0.238139853033911	-0.747797447058626	0.026	0.043	1	ATRN	c27
0.326380818307508	0.747581078808917	0.067	0.052	1	FAM234A	c27
0.00162443817011387	0.747542531632099	0.191	0.122	1	DAP	c27
0.557484407422105	-0.747206174437769	0.057	0.067	1	ZFYVE19	c27
0.0272121749386216	-0.746503356688867	0.17	0.24	1	TRAPPC4	c27
0.205124125318389	-0.746405218632591	0.021	0.038	1	GPHN	c27
0.0226046810508755	0.7462795032358	0.01	0.002	1	IL26	c27
0.0468297216488601	-0.746168524682718	0.082	0.13	1	IFRD2	c27
0.462301769381867	-0.746163199579354	0.036	0.047	1	WDR20	c27
0.483705445182859	0.745910949914932	0.062	0.078	1	FAM104B	c27
0.0862282301834793	-0.745780468882017	0.067	0.106	1	UXS1	c27
0.0207827144916252	0.745665847451317	0.206	0.153	1	UCHL3	c27
0.212619755755832	-0.745608571251743	0.036	0.057	1	POM121	c27
0.000187573479832746	-0.745442316137503	0.052	0.15	1	CDC42BPB	c27
0.538824698342869	-0.745409271066317	0.139	0.119	1	DGKA	c27
0.819665108664326	-0.745258741276675	0.036	0.039	1	TASP1	c27
0.123017230345669	0.745247352712192	0.077	0.053	1	SLC25A33	c27
0.417633685410787	0.744906244612965	0.149	0.135	1	SUMF1	c27
0.00634479266750481	0.74489581914508	0.17	0.111	1	CDK11B	c27
0.159414557366523	-0.744700834991689	0.005	0.019	1	AURKA	c27
0.10646967677182	0.744548260052582	0.067	0.108	1	MLKL	c27
0.221806169285267	-0.74449161487086	0.021	0.038	1	TUBGCP5	c27
0.0232110348025616	0.744432538498664	0.021	0.007	1	NMNAT3	c27
0.25205275312252	0.744201974052121	0.036	0.024	1	PALB2	c27
0.245056298900265	0.744032484502013	0.015	0.008	1	DCUN1D2	c27
0.762612931130576	-0.743856560615281	0.041	0.046	1	FAM50B	c27
0.426418389798811	-0.743806164462053	0.247	0.271	1	GOLGA4	c27
0.00540889319593253	0.743691893113746	0.232	0.165	1	POLR2J	c27
0.471843636742625	0.743257090407197	0.031	0.023	1	CHAF1A	c27
0.40674018660122	-0.743152615643213	0.082	0.101	1	ATF1	c27
0.0202324943802022	0.743072366337453	0.031	0.012	1	ZNF613	c27
8.7854315071914e-06	0.742870206382073	0.418	0.285	0.321555578594713	VPS35	c27
0.417255111500267	-0.742841719858816	0.155	0.177	1	RBBP7	c27
0.215264610053143	-0.742723962727359	0.046	0.07	1	ERLIN2	c27
0.0544934680351075	-0.742411230265866	0.072	0.12	1	PIGF	c27
0.204792362933316	-0.742319390894365	0.005	0.017	1	GLB1L	c27
0.0972698973125358	0.742193064460293	0.088	0.06	1	CEPT1	c27
0.750396137309811	0.742180169141709	0.098	0.095	1	ASPH	c27
0.353410151142831	0.742142007639737	0.031	0.021	1	ZNF223	c27
0.204979182140541	0.741955951509877	0.144	0.121	1	SMIM4	c27
0.87102652799418	-0.741824449669816	0.021	0.022	1	ZFP82	c27
0.0199070530190174	-0.741819613198787	0.134	0.204	1	ZNFX1	c27
0.496945250700918	-0.741807131432076	0.144	0.159	1	TTC14	c27
0.960204773183034	-0.74175765237229	0.046	0.047	1	RFX1	c27
0.396051589392106	0.741688344051206	0.124	0.11	1	HCFC1	c27
0.00278677872752714	0.741022344171336	0.103	0.054	1	SNHG9	c27
0.00480125779037228	-0.740993854950905	0.201	0.289	1	FDX1	c27
0.44582364898395	0.740987355684434	0.088	0.075	1	MLXIP	c27
0.0101956768269138	-0.740892302095765	0.088	0.159	1	MKNK1	c27
0.0217542335871156	-0.74083458886836	0.067	0.122	1	ILF3-DT	c27
0.06105559037283	-0.740635615606845	0.134	0.188	1	ATL3	c27
0.335487313779211	-0.740617687187792	0.046	0.033	1	GAMT	c27
0.0500578237753693	0.74049885646014	0.242	0.194	1	GTF2F1	c27
0.875579064086594	0.74041127175848	0.082	0.089	1	WDR26	c27
0.526933933026243	-0.739780245017202	0.01	0.016	1	ZNF449	c27
0.445962490004733	-0.739767587896868	0.036	0.048	1	APOOL	c27
0.548891308815852	0.739541614511142	0.052	0.044	1	EAF2	c27
0.372262109321541	-0.739520384978695	0.082	0.103	1	NEK9	c27
0.67476184626718	0.73906641985093	0.041	0.036	1	NUP155	c27
0.150402159823671	0.73875048393335	0.325	0.298	1	TCIRG1	c27
0.293804479823146	-0.738637558334282	0.175	0.2	1	CYLD	c27
0.576496313539395	0.738625536646611	0.031	0.025	1	ZNF717	c27
0.0466667528033204	-0.738585816470363	0.206	0.272	1	TMC6	c27
0.235765989512344	-0.738051858279924	0.057	0.08	1	AP5M1	c27
0.334436540518547	0.737973355058856	0.015	0.009	1	PYROXD2	c27
0.837701983135105	0.737949600357698	0.119	0.128	1	SLC35B1	c27
0.547578570340409	0.737813431615869	0.01	0.007	1	GPRC5D-AS1	c27
0.753067951900118	0.737807894080252	0.088	0.084	1	NINJ2	c27
0.041121564183416	0.737764655075704	0.062	0.035	1	ZNF92	c27
0.089341921001865	0.737515882394498	0.015	0.006	1	ACOT11	c27
0.00134573683854494	-0.737383289030666	0.175	0.282	1	GIMAP1	c27
0.0962672165534984	-0.737347224488444	0.031	0.06	1	CD109	c27
0.442411410567926	0.737194195844908	0.031	0.023	1	GPD1L	c27
0.000140443035965628	0.737188970517171	0.134	0.067	1	BOP1	c27
0.460589068069892	-0.736955422606128	0.052	0.065	1	ELMO2	c27
0.124514756661118	0.736866502050316	0.247	0.215	1	ADI1	c27
0.202023519154129	0.736837855753611	0.16	0.134	1	MOB3A	c27
0.593774623050927	0.736520581816578	0.015	0.021	1	CCDC85C	c27
0.210194668282128	0.736119351591738	0.134	0.109	1	SCYL1	c27
0.261354170501752	-0.735604158434871	0.015	0.029	1	TTI1	c27
0.000163892215859266	0.735342558548122	0.459	0.344	1	NCF2	c27
0.0357673576109768	0.735271625671554	0.021	0.008	1	HIST2H2BF	c27
0.16577151894501	0.735210028728255	0.062	0.043	1	ZNF100	c27
0.759731617816395	0.735145361606106	0.067	0.075	1	PCYOX1	c27
0.814214335686277	-0.734952619015119	0.067	0.071	1	CCDC14	c27
0.00836986848342196	0.734202995501474	0.165	0.11	1	GTF2F2	c27
0.926742261072267	0.734167385084644	0.021	0.02	1	CCZ1	c27
0.000344520553890336	0.733998496274818	0.144	0.077	1	SUSD6	c27
0.230066522197361	0.733778083351551	0.021	0.011	1	PRICKLE4	c27
0.528578830346988	-0.73368458835532	0.005	0.01	1	UHRF1	c27
0.868806931558227	-0.733538550207051	0.088	0.091	1	MAP3K4	c27
0.447271392866481	-0.73326695950819	0.108	0.126	1	ARFRP1	c27
0.0101771392959587	-0.733119663906187	0.459	0.528	1	DDX24	c27
4.53267738784635e-05	0.732984674714994	0.263	0.162	1	SMARCC1	c27
0.672132521488556	0.732861732154574	0.01	0.008	1	ZNF284	c27
0.0126801024720964	0.732686270982355	0.057	0.028	1	FAM89B	c27
0.139867847184855	0.732632902770234	0.113	0.087	1	PIK3CB	c27
0.000770090336802149	0.732076795869756	0.289	0.203	1	SHOC2	c27
0.870351426466333	0.731619855914558	0.015	0.017	1	PLCXD1	c27
0.746764765223552	0.731475200079848	0.155	0.153	1	CD40	c27
0.775623069112585	-0.731375507664999	0.021	0.018	1	ITFG2-AS1	c27
0.770030736567427	-0.73132489861926	0.036	0.04	1	RUNDC1	c27
0.0183228952864292	-0.731237040299043	0.021	0.062	1	FAM153CP	c27
0.00452029403420062	0.731093615652921	0.278	0.204	1	CUEDC2	c27
0.702675589660761	0.730921970664366	0.057	0.052	1	PURB	c27
0.956025026743953	-0.730871108016973	0.01	0.011	1	ZBTB39	c27
0.763784908014852	-0.730328164626786	0.129	0.133	1	CYTOR	c27
0.0111376304342687	0.730308860368909	0.149	0.098	1	TEN1	c27
0.979758389280911	-0.730198117072606	0.062	0.062	1	ARID2	c27
0.000590444207447317	-0.729854307788743	0.057	0.15	1	STAC3	c27
0.00299182623193487	0.729839412730867	0.015	0.003	1	ASNS	c27
0.514067488108008	-0.729760597067544	0.041	0.052	1	EEF2KMT	c27
0.0806370968251254	-0.729613512213246	0.041	0.076	1	TAF1B	c27
0.802412711703491	-0.729476837098678	0.098	0.102	1	DENND1C	c27
0.614609409714547	-0.729427152606534	0.108	0.12	1	FAM104A	c27
0.255984667951268	-0.729274673610679	0.088	0.115	1	AK3	c27
0.000940731393240345	0.729241883478632	0.541	0.446	1	SNX3	c27
0.130471210821214	0.728961680389574	0.062	0.041	1	CCDC86	c27
0.0756496639044118	-0.728958363651699	0.067	0.108	1	PSME4	c27
0.162802251609115	-0.728593633605327	0.134	0.173	1	AMZ2	c27
0.0533064957065352	0.727380918074033	0.17	0.129	1	WDR46	c27
0.524224534253153	-0.726910750445377	0.258	0.265	1	RBL2	c27
0.310530485598593	-0.726868443400907	0.031	0.046	1	PGAP2	c27
0.531072644575786	-0.726830821836177	0.088	0.102	1	FRA10AC1	c27
0.176024585546915	-0.726745682366449	0.031	0.053	1	LINC00467	c27
0.0939468063510492	0.726714934342626	0.093	0.065	1	SEH1L	c27
0.0129107564948074	0.726610069241833	0.134	0.086	1	NUP62	c27
0.20756380096402	-0.726472350300906	0.01	0.024	1	RASL11A	c27
0.333282149701601	-0.726449121691747	0.005	0.013	1	ZNF441	c27
0.0055030444821259	0.726120466777672	0.067	0.032	1	CTPS1	c27
0.0186815101302454	-0.72583084599822	0.036	0.083	1	SPRED1	c27
0.000586364256163576	-0.725821004377768	0.026	0.101	1	TMEM220	c27
0.861098500919246	0.725673383105002	0.01	0.009	1	FBXL19	c27
0.81820583241516	-0.72566280920193	0.041	0.038	1	MED9	c27
0.256580530851782	0.725312758677884	0.041	0.028	1	PGGHG	c27
0.171370677332197	0.725205830331295	0.216	0.193	1	TMEM205	c27
0.188267546379179	-0.724650719460849	0.046	0.072	1	CCNQ	c27
0.721726268797784	-0.724626767274218	0.015	0.019	1	GGACT	c27
0.326495465288303	0.724561389288739	0.026	0.04	1	KCNE1	c27
1.86397417740481e-06	0.724558919954159	0.495	0.356	0.0682233188671935	RBIS	c27
0.956780355504447	-0.724334042776106	0.057	0.057	1	KLHL7	c27
0.406382020398415	-0.723641279129094	0.015	0.025	1	TAF5L	c27
0.373512043162923	-0.723578384457386	0.067	0.085	1	KLHL28	c27
0.445324734380265	-0.72356186353191	0.005	0.011	1	MLLT11	c27
0.00561767425786778	0.723462160492131	0.211	0.148	1	CEBPG	c27
0.864370167134283	-0.723366561216073	0.036	0.038	1	ZSCAN32	c27
0.944827689131504	0.72332355375311	0.098	0.104	1	PLXND1	c27
0.0119522887931996	-0.723313722635077	0.253	0.339	1	ABHD14B	c27
0.214171384581782	0.723286930241807	0.072	0.053	1	SARS2	c27
0.00350538624778373	0.723268182339237	0.129	0.074	1	ZFX	c27
0.370664578097311	-0.723032932706387	0.041	0.056	1	ZNF76	c27
0.456827976961089	-0.722911703053218	0.021	0.03	1	WRN	c27
0.822318874847267	0.722821480061219	0.031	0.028	1	RAP1GAP2	c27
0.872262735372382	0.722648870244286	0.01	0.009	1	AC245452.1	c27
0.334018095811626	0.722348263418424	0.01	0.005	1	L3MBTL4	c27
0.737357678346175	0.721870689084562	0.062	0.057	1	MKKS	c27
0.0336758051508397	0.721479950327987	0.036	0.017	1	ZNF786	c27
0.0644873884371966	-0.721408765029873	0.026	0.057	1	THRA	c27
4.92556650724057e-05	-0.721095802226564	0.443	0.537	1	RPS27L	c27
0.0749404053754956	0.720996854509998	0.062	0.038	1	KIAA0355	c27
0.457018169843835	0.720805740316788	0.015	0.01	1	FANCB	c27
0.0040301582319264	-0.72079075652555	0.041	0.108	1	LINC01094	c27
0.001368641436659	-0.720784078046309	0.067	0.153	1	PROCR	c27
0.114165800003537	-0.720668088926894	0.052	0.084	1	RETREG3	c27
0.280775215271273	0.72043897881394	0.036	0.024	1	PTK2	c27
0.752411549942855	-0.720430192635944	0.088	0.094	1	NEK7	c27
0.793793130048535	-0.720402534609012	0.01	0.012	1	YOD1	c27
0.480912563362589	-0.720370437875528	0.057	0.07	1	MSH3	c27
0.467376311960511	-0.720227585833993	0.01	0.017	1	ZNF487	c27
0.031732418366471	-0.72013760056938	0.036	0.079	1	ALAD	c27
0.158031793360756	-0.720137032396046	0.005	0.019	1	BCLAF3	c27
1.24949780366457e-05	0.720124696461597	0.222	0.122	0.457328691119268	ARFGAP2	c27
0.0542572443809425	-0.720034584915521	0.057	0.098	1	PCNX1	c27
0.0653035519656355	0.720009986763882	0.046	0.025	1	HIST1H2BC	c27
0.450623527193793	0.719983343812583	0.119	0.104	1	B4GALT3	c27
0.738574202706885	0.719967989323938	0.031	0.027	1	FAM189B	c27
0.0951120165275189	0.719916629543699	0.155	0.12	1	KIDINS220	c27
0.123725229965486	-0.719333787724364	0.026	0.05	1	ZBP1	c27
0.00951638496603075	0.719322696333213	0.098	0.056	1	ELF4	c27
0.462677860438613	-0.719174880676598	0.031	0.041	1	DNAJC24	c27
0.557873038317283	-0.719170309229915	0.01	0.016	1	STBD1	c27
0.0895428130787695	-0.719152182457349	0.052	0.087	1	SEC23A	c27
0.234082895727825	0.718911538625145	0.144	0.12	1	PPP6R1	c27
0.219319324988219	-0.718622853767851	0.072	0.099	1	PTPRO	c27
0.524070236232559	-0.718539509148163	0.046	0.057	1	RNGTT	c27
0.191567081182464	0.718343228239581	0.067	0.047	1	FAM126B	c27
0.0168699820307056	0.718247456178872	0.093	0.055	1	CSNK2A2	c27
0.355063418734726	0.718178927740386	0.052	0.039	1	HMBOX1	c27
0.47104781338407	0.717957378352398	0.021	0.014	1	TMEM79	c27
0.0380713107772891	0.717624024251291	0.01	0.003	1	HIST1H3I	c27
0.105105003513117	-0.717538654405594	0.01	0.03	1	BLOC1S3	c27
0.803987558694519	-0.717320891395006	0.015	0.018	1	PRDM15	c27
0.0519251477982843	-0.717238946194181	0.01	0.037	1	EFCAB11	c27
0.727909869475704	-0.716964763482347	0.082	0.09	1	FAHD2A	c27
0.351938356773626	-0.716853052503023	0.098	0.121	1	EXOSC9	c27
0.277435407467678	0.716714411721542	0.021	0.035	1	TJP2	c27
0.0935648260201187	0.716689523903854	0.175	0.139	1	SNAPC2	c27
0.262252624996055	0.716154510128975	0.046	0.033	1	HCG11	c27
0.539637822793169	-0.716099491843123	0.015	0.022	1	NEMP1	c27
0.00453727050605372	0.716066532223663	0.144	0.089	1	OAT	c27
0.473579558884221	-0.715855131951483	0.052	0.065	1	MAU2	c27
0.632712951581854	0.715805975247915	0.021	0.016	1	LDB1	c27
9.94930944604784e-05	0.71551670137334	0.387	0.281	1	TXN2	c27
0.540086402414832	-0.715501959095104	0.067	0.078	1	DTWD1	c27
0.809570434772625	0.715470823501477	0.253	0.27	1	JOSD2	c27
0.000992481330710782	0.715427209971319	0.428	0.336	1	EFHD2	c27
0.380300153499267	-0.715406080835178	0.18	0.207	1	MRPS26	c27
7.87844415039511e-05	0.715230074163249	0.438	0.333	1	NDUFB5	c27
0.258197459974416	-0.714909881341906	0.021	0.036	1	OCRL	c27
0.00580223519956086	0.714868512137359	0.32	0.252	1	MYD88	c27
0.344798747598392	0.714719099101647	0.072	0.095	1	CENPW	c27
0.77510644172704	0.714446725357042	0.01	0.013	1	EHHADH	c27
0.00113502088090778	0.714307834395445	0.227	0.154	1	BLOC1S6	c27
0.22741590415206	-0.714015783704519	0.01	0.024	1	ACACB	c27
0.726062835184429	-0.713774888472281	0.077	0.084	1	BAK1	c27
0.054848967715514	0.713274280170667	0.263	0.221	1	COPA	c27
0.00491789875578578	-0.713155797145714	0.376	0.453	1	RNF149	c27
0.304428399493001	-0.713067488972793	0.021	0.034	1	C10orf143	c27
0.0152197610376916	0.712961376061169	0.144	0.095	1	WASHC2A	c27
0.919278798280801	0.712935416854551	0.139	0.144	1	MCRIP2	c27
0.000104067048881563	0.712667817434834	0.299	0.2	1	TAP2	c27
0.169526802467391	0.712585383539172	0.021	0.011	1	KLHL15	c27
0.956446709359599	0.712479409399763	0.036	0.038	1	ABCD1	c27
0.0578212627103535	-0.712407446185281	0.005	0.028	1	ALDH7A1	c27
2.3559071429754e-05	0.712379753430843	0.505	0.379	0.862285573400425	ATP5ME	c27
0.552758162780208	-0.712342933452725	0.026	0.02	1	MCTP2	c27
0.106464641773213	-0.712341122698555	0.072	0.11	1	HTRA2	c27
0.100894557729732	-0.712293176458036	0.036	0.066	1	ZNHIT2	c27
0.413257244423281	-0.712187926979388	0.005	0.011	1	TRIM36	c27
0.00165058588713409	-0.71207502429478	0.247	0.355	1	MFSD10	c27
0.491933571537055	-0.711814628090273	0.026	0.035	1	TMCO6	c27
0.457527385801415	0.711798978296334	0.036	0.028	1	FAM241A	c27
0.135929116660526	0.711701934323322	0.031	0.017	1	ZNF347	c27
0.206969907587135	0.711664388420068	0.232	0.217	1	PTAFR	c27
0.480669430161108	0.711626489869696	0.031	0.042	1	KATNB1	c27
0.188344390439483	0.711420819169268	0.155	0.129	1	QKI	c27
0.089324558327645	0.711324327656291	0.098	0.069	1	RBBP8	c27
0.0939423311371496	-0.711093327500586	0.01	0.031	1	CENPE	c27
0.000733468404070507	0.710911739983363	0.124	0.065	1	ZNF791	c27
0.48863330305762	0.710727987828311	0.046	0.038	1	PCNX3	c27
0.112275938043207	0.710632559611734	0.072	0.048	1	C19orf48	c27
0.93327130928254	0.710553118215576	0.021	0.02	1	MYO15B	c27
0.0499566469824576	-0.71028357171333	0.392	0.442	1	HLA-F	c27
0.400562356050093	-0.710265339749104	0.031	0.022	1	PRR7	c27
0.162946557771343	-0.710189215342418	0.026	0.047	1	BOLA1	c27
3.13464334811093e-05	0.710088073463382	0.515	0.409	1	EVI2B	c27
0.0650794075569034	-0.709599679924806	0.031	0.064	1	IFI27L1	c27
0.0372905879118845	0.709384988821586	0.015	0.005	1	BOLA3-AS1	c27
0.00191217156481678	0.70927248829836	0.041	0.014	1	PRELID2	c27
0.00320692300603554	0.709183915417991	0.082	0.041	1	POLR3A	c27
0.517098223883269	0.708872396159367	0.113	0.138	1	EVI5	c27
7.14286529777415e-11	-0.708385176590993	0.505	0.653	2.61436012763832e-06	LY6E	c27
0.0970166344888904	-0.708336849254088	0.211	0.261	1	ZRANB2	c27
0.786337357778783	0.708187998663207	0.046	0.052	1	SLC35B4	c27
0.0829007279413028	-0.70772495751724	0.072	0.113	1	NBPF1	c27
0.0308561568172363	0.70763192435962	0.119	0.078	1	MBNL2	c27
0.667829356035632	-0.707200454771193	0.072	0.064	1	ZFYVE27	c27
0.977435117554301	-0.706883415917204	0.041	0.041	1	ZNF875	c27
0.115933520277813	-0.706690955265343	0.052	0.031	1	EPS8L2	c27
0.44913407125244	-0.706580861342773	0.015	0.024	1	TUBG2	c27
0.882290644945116	-0.706359491526745	0.082	0.079	1	WDR6	c27
0.461327171337683	-0.706061983026182	0.155	0.168	1	CYFIP2	c27
0.284561225406146	-0.706047294628788	0.021	0.035	1	URGCP	c27
0.472591996327723	0.705879101895282	0.247	0.244	1	ANTKMT	c27
0.792654327287781	0.705776785681847	0.093	0.091	1	PXK	c27
0.510634465003203	0.705735323990911	0.103	0.124	1	OCEL1	c27
0.861422645606485	-0.705598487232493	0.01	0.009	1	FAM106A	c27
0.160572335541522	0.705171734792478	0.196	0.171	1	EPN1	c27
0.660144187102332	-0.705075088923933	0.082	0.073	1	MAP7D3	c27
0.566439642215267	-0.704941834593733	0.165	0.177	1	CLDND1	c27
0.0135576529787461	0.704780102704079	0.454	0.39	1	C4orf48	c27
0.403403712549853	0.704771435515358	0.134	0.121	1	DEF8	c27
0.49916155003086	0.704768726187836	0.067	0.083	1	IRAK1	c27
0.00141299480576275	-0.704740725753538	0.469	0.512	1	BSG	c27
0.948602076281209	0.704540687979625	0.062	0.062	1	SLC2A8	c27
0.0897937346272279	-0.704132377843577	0.088	0.13	1	STT3B	c27
0.355337941075474	-0.703865378248794	0.01	0.02	1	HARBI1	c27
0.861238791590087	0.703650055939123	0.01	0.012	1	ANKRD6	c27
0.814468265645558	0.703636875149323	0.201	0.212	1	UBXN11	c27
0.275835144206284	0.703542475296877	0.201	0.183	1	BCKDK	c27
0.0662985740499162	0.703259554844168	0.057	0.033	1	AC004865.2	c27
0.520736538710992	-0.703106205264822	0.041	0.033	1	EZH2	c27
0.361206719061865	-0.703090960772605	0.046	0.063	1	ZBTB7B	c27
0.805807540310734	-0.7030423128338	0.046	0.05	1	CTC1	c27
0.000944947394110252	0.702828095101972	0.433	0.343	1	SPG21	c27
0.911694494980502	-0.702822055202204	0.021	0.022	1	ALKBH8	c27
0.591368105286008	0.702784199927441	0.01	0.015	1	AC147651.4	c27
0.223133618237678	0.70274705043972	0.247	0.224	1	FEZ2	c27
0.199754665611155	-0.70271186254697	0.036	0.058	1	CSNK1E	c27
0.725978547063251	-0.702673809881245	0.211	0.208	1	PLSCR3	c27
0.62907552390373	-0.702662861835971	0.031	0.038	1	SCLY	c27
0.605162313951343	-0.70264284492563	0.077	0.067	1	HEATR1	c27
0.0990131592699015	-0.70258670381123	0.005	0.023	1	HSPA14.1	c27
0.0593527418143164	0.702430789335692	0.036	0.018	1	ZNF212	c27
0.208917340496038	-0.702369194231565	0.062	0.089	1	EIF2B4	c27
0.29144623229105	0.702343512182459	0.031	0.02	1	FCSK	c27
0.0107618973008989	-0.70202493808668	0.057	0.119	1	MTHFD1	c27
0.221942816397587	0.701670485136676	0.062	0.044	1	CUL4B	c27
0.000629342582625679	0.701513239487979	0.263	0.177	1	VMP1	c27
0.0989798606252479	-0.701190946122131	0.021	0.046	1	PCGF6	c27
0.369784129197617	-0.701157590885139	0.216	0.236	1	FNBP4	c27
0.916446792118869	-0.700936598721835	0.186	0.18	1	XRN1	c27
0.272402396189147	-0.700877727388246	0.072	0.097	1	TTF1	c27
0.0820747642608325	-0.700607313906743	0.232	0.29	1	UBE2N	c27
0.458618663439651	0.700521003801855	0.01	0.006	1	STAP1	c27
0.465213134090001	0.700485600589427	0.067	0.057	1	CD27-AS1	c27
0.882789451254321	-0.699722474356346	0.057	0.054	1	TBCK	c27
0.620556201862077	0.69970789242181	0.119	0.114	1	TCEA3	c27
0.142740261020538	-0.699687008842702	0.082	0.119	1	IGSF8	c27
0.559723308453834	-0.69966409050856	0.046	0.056	1	UNG	c27
0.45124174628336	0.699330008924465	0.036	0.028	1	MYL5	c27
0.690716714691693	-0.699151391813322	0.026	0.031	1	DDX11	c27
0.00828270403351454	0.699125514540089	0.149	0.096	1	NSF	c27
0.523558838896515	-0.699101919117018	0.155	0.172	1	VPS26A	c27
0.607554633240131	-0.699015807609029	0.026	0.02	1	AC093323.1	c27
0.0808114792184986	-0.698569269480201	0.015	0.04	1	ANG	c27
0.693480616172739	0.698548500297185	0.01	0.008	1	AC090114.2	c27
0.0593781345768238	-0.69841681239658	0.155	0.211	1	GPR65	c27
0.34150822602851	0.698380953197393	0.021	0.013	1	RAD52	c27
0.989961992967509	0.698361849083973	0.052	0.052	1	CARD6	c27
0.00655158780604707	0.698284802706955	0.17	0.112	1	DNM1L	c27
0.551036472362316	-0.698238372603686	0.021	0.028	1	C7orf31	c27
0.0598058493061927	0.69812636772774	0.206	0.167	1	MRPS25	c27
0.569663628010996	0.698110046634572	0.01	0.007	1	CLDN15	c27
0.000944412406918715	0.698001227527286	0.098	0.047	1	MAPK8IP3	c27
0.575294553428838	-0.697933271606306	0.01	0.007	1	DAPK2	c27
0.762845304364547	-0.697669812972912	0.01	0.013	1	ZNF17	c27
0.000907616348421926	0.697473447112318	0.139	0.077	1	EXOC6	c27
0.785410536651211	0.697300161648413	0.026	0.029	1	MXI1	c27
0.0508142517581783	-0.697274490688956	0.031	0.067	1	ZNF438	c27
0.972288326301243	-0.696657001071435	0.036	0.036	1	POLG2	c27
0.0914783872611624	-0.696581881228018	0.093	0.137	1	DDX60L	c27
0.00238599959085136	-0.696462490855164	0.062	0.14	1	ATP2C1	c27
0.125132124763935	-0.696280645010452	0.155	0.198	1	DERL2	c27
0.775571754969391	-0.696266551608358	0.206	0.206	1	CCDC18-AS1	c27
0.297857515317667	0.696119921749028	0.149	0.128	1	EIF1AY	c27
0.00807007501480612	0.695560581063599	0.088	0.048	1	MOB1B	c27
0.0258425271602174	0.695544925713127	0.088	0.053	1	RELL1	c27
0.974110923744925	-0.69547011283833	0.665	0.478	1	ALDH2	c27
0.00202618834455827	-0.695001069775191	0.412	0.53	1	RNF213	c27
0.347394936524614	-0.694975119728301	0.17	0.196	1	METTL23	c27
0.706224163602218	0.694594422266648	0.046	0.042	1	RITA1	c27
0.511306866012771	0.694439755093314	0.232	0.225	1	OSCAR	c27
7.36268713141905e-09	-0.694348577419656	0.82	0.872	0.000269481711697069	HLA-E	c27
0.00903089767651209	-0.694187073572371	0.072	0.139	1	OGFOD3	c27
0.338155624319081	0.694128890761072	0.026	0.017	1	CHSY1	c27
7.07498225238593e-06	0.694099818028428	0.129	0.055	0.258951425419577	NAALADL1	c27
0.00161677090742096	0.693853854690862	0.438	0.36	1	PLEC	c27
0.029500083769472	0.693805012778081	0.015	0.005	1	AL512662.2	c27
0.0206359418535129	-0.693771522276825	0.062	0.118	1	ATP9B	c27
0.379155442372341	0.693696172300418	0.01	0.006	1	SELENOP	c27
0.00137463786140806	-0.693677717067902	0.253	0.359	1	SEC11C	c27
0.188832397343029	0.693636649415634	0.01	0.004	1	LIMD1-AS1	c27
0.780009159100322	-0.693624417551701	0.052	0.056	1	OTUD5	c27
0.259185188477841	-0.693354460295114	0.052	0.074	1	UMPS	c27
0.434876274284932	-0.693209090738186	0.134	0.151	1	NT5C3A	c27
0.253659719107537	-0.693054542465433	0.067	0.09	1	RNF6	c27
0.680687452541773	0.692997301891631	0.021	0.017	1	SBNO1-AS1	c27
0.494385770461972	0.692928973213133	0.005	0.01	1	RHOBTB1	c27
0.578992928259369	-0.692857332630541	0.062	0.072	1	ZBED5	c27
0.816182995423383	-0.692820941851793	0.026	0.028	1	POMZP3	c27
0.0688345223573788	0.692225679886886	0.057	0.033	1	ZNF136	c27
0.202699595126448	-0.69219137238655	0.052	0.077	1	CLPTM1L	c27
0.700398802896817	-0.691831829289672	0.062	0.055	1	ANKRD13C	c27
0.0371256189339118	0.691660341562938	0.057	0.031	1	GTF2H2	c27
0.000723739640923371	0.691495797721755	0.165	0.097	1	UTP6	c27
0.647459192537728	0.6913036193373	0.021	0.017	1	NFIL3	c27
0.00827954379789379	0.691290391159618	0.278	0.217	1	STX7	c27
0.0705583009110965	0.691192098535832	0.273	0.231	1	MRPL33	c27
0.209096518072017	-0.690745179736011	0.026	0.045	1	UHRF1BP1	c27
2.8424044175341e-05	-0.690731184971141	0.582	0.694	1	BTG1	c27
0.600423932607781	-0.690683200778718	0.067	0.058	1	SOCS4	c27
2.51647959771827e-05	-0.690654697113325	0.222	0.359	0.921056697560863	SMIM25	c27
0.00140705979577127	0.690424354134449	0.309	0.229	1	FLII	c27
0.00118846679697062	-0.690298508484037	0.474	0.54	1	ARL6IP1	c27
0.586850928594816	-0.69016188189622	0.196	0.208	1	SMC3	c27
0.464474660783326	-0.689933013930515	0.026	0.036	1	MIR29B2CHG	c27
0.00810218297084699	-0.689889343133092	0.263	0.336	1	LAMP2	c27
0.457313735856988	-0.689761788031461	0.387	0.392	1	N4BP2L2	c27
0.876892341397163	0.689717842778477	0.031	0.033	1	CPNE2	c27
0.0830987101780954	0.689525479211944	0.031	0.016	1	DUSP5	c27
0.0415706082473314	-0.689380032625779	0.005	0.03	1	CHIT1	c27
0.630879679010413	-0.689289237894793	0.155	0.166	1	RCN2	c27
0.149974020407568	-0.689249624368019	0.062	0.091	1	ATG13	c27
0.999261856973653	-0.68905176971113	0.01	0.01	1	KDM8	c27
0.000301924033644524	-0.688823545158351	0.32	0.423	1	TOMM5	c27
0.327185582950453	-0.688681476363587	0.067	0.05	1	TRIB2	c27
0.185193786067885	-0.688620420552383	0.01	0.025	1	ACVR1	c27
0.878820198306515	0.688532563041039	0.082	0.088	1	EIF4G3	c27
0.366153102819683	-0.688439928817422	0.088	0.108	1	SERINC5	c27
0.00810507307466857	-0.688045806203596	0.247	0.331	1	PEPD	c27
0.205100313799959	-0.687747915528583	0.021	0.038	1	ZNF740	c27
0.613478670569041	0.687746321611348	0.041	0.035	1	MAP1LC3B2	c27
0.439071648370939	-0.687362940086784	0.046	0.06	1	MYNN	c27
0.110114635345559	-0.686920827549347	0.031	0.058	1	KIF1C	c27
0.93743833210033	0.686785521223545	0.072	0.073	1	GATC	c27
0.654840601304346	-0.686611105751902	0.031	0.026	1	TUBGCP4	c27
0.203222550563294	-0.686510789576513	0.119	0.152	1	NCBP2	c27
0.198939903413719	-0.686330153047354	0.021	0.039	1	NKIRAS1	c27
0.750390846823237	0.686118866379019	0.093	0.089	1	MAPKAPK2	c27
0.353901392263351	0.686053609674341	0.077	0.062	1	MED12	c27
0.0280400886959343	-0.685860655724371	0.119	0.183	1	ZCCHC17	c27
0.0158298318477735	0.685733010182143	0.211	0.157	1	DYNC1LI1	c27
0.0691043672908228	0.685665102706848	0.206	0.166	1	COPS2	c27
0.0210138598152435	0.685424129451302	0.149	0.103	1	ZFP91	c27
0.19621097113809	-0.685408515338686	0.005	0.017	1	ZBTB22	c27
0.179672080218962	-0.68530769570207	0.144	0.183	1	TCEAL8	c27
0.851990525546049	-0.685028146189243	0.026	0.024	1	IL2RA	c27
0.823642451721127	-0.684825732993367	0.041	0.038	1	BRCA2	c27
0.581362994285794	-0.684781671601526	0.041	0.034	1	NDUFAF7	c27
0.652995994886905	-0.684726516433864	0.026	0.032	1	RIC8B	c27
0.712140975477665	-0.68455889653168	0.067	0.073	1	MED17	c27
0.0160236722639705	0.684501540507214	0.015	0.004	1	IGHV1-3	c27
0.637662088064214	-0.684259601959281	0.036	0.043	1	DHX40	c27
0.708493466022774	-0.683933113684353	0.062	0.069	1	PTPN23	c27
0.166625723480754	-0.683828234382877	0.041	0.067	1	ABCD4	c27
0.387653974313428	-0.683801168278316	0.021	0.032	1	AXIN1	c27
0.684424404207698	-0.68367201638681	0.026	0.031	1	UBN2	c27
0.570506489080341	-0.683250953314958	0.082	0.072	1	TMEM41B	c27
0.0223315763115433	-0.683227769887974	0.263	0.336	1	CCDC107	c27
0.859693928478338	0.683221941573024	0.031	0.029	1	SSH3	c27
0.191781852702549	0.683029777733326	0.119	0.093	1	TTC9C	c27
0.585693198211127	-0.682274063798284	0.01	0.007	1	BMERB1	c27
0.699797942914709	-0.682230575661306	0.01	0.014	1	AC139887.2	c27
0.177768774201719	0.682184749845679	0.015	0.007	1	CACNB1	c27
0.834614825889706	0.68216649081814	0.046	0.044	1	DHX58	c27
0.102477417842796	0.682155688504761	0.16	0.128	1	TMEM273	c27
0.0103343184148464	-0.682046306538811	0.34	0.383	1	CXCL16	c27
0.739035174620786	0.681972416615694	0.021	0.025	1	POT1	c27
0.0159994125673044	0.681879458097178	0.021	0.007	1	SLC27A2	c27
0.0512138787342518	0.681709836520495	0.16	0.119	1	HDHD5	c27
0.497532522661199	0.681702811531198	0.052	0.042	1	RNF31	c27
0.409966707968953	-0.681623666036516	0.113	0.093	1	MATR3.1	c27
0.644168214819036	-0.681458698498379	0.041	0.035	1	ABCC10	c27
0.985754594675269	0.681102873107037	0.046	0.048	1	MRPL23	c27
0.000446845640053508	0.681043353908445	0.258	0.168	1	GARS	c27
0.579386611670846	-0.680890134274218	0.062	0.072	1	TP53BP1	c27
0.335677836277015	-0.680864872425455	0.057	0.042	1	CDADC1	c27
0.0946606120153316	-0.680821112139481	0.149	0.199	1	INO80E	c27
0.819307776868159	0.680477795087907	0.041	0.039	1	THAP8	c27
0.304952903356201	0.680408377264597	0.149	0.132	1	MID1IP1	c27
0.130744576532504	0.680398181937874	0.119	0.09	1	CTBP1	c27
0.0267952462346449	0.680160325593742	0.186	0.136	1	STX16	c27
0.00407867714627012	0.680151834397777	0.144	0.088	1	AHCTF1	c27
0.983892733181243	-0.680088206969474	0.093	0.092	1	PLEKHA1	c27
0.798597195751535	0.67972137308424	0.149	0.164	1	CRYL1	c27
0.477012561922254	-0.679655337243055	0.015	0.023	1	ZWILCH	c27
0.734040678386449	0.679528525029174	0.062	0.057	1	DNAL4	c27
0.0131991513474749	0.679157193939703	0.108	0.065	1	PRR12	c27
0.121767991706787	0.679096576718406	0.108	0.079	1	MPRIP	c27
0.240115480966144	0.678817100512051	0.108	0.085	1	FKBP2	c27
0.749548699514884	-0.678811781256271	0.098	0.104	1	PSMA3-AS1	c27
0.124425125150336	-0.678360596449326	0.046	0.076	1	CSNK1G1	c27
0.000704594142605983	-0.678308493019068	0.5	0.552	1	TMEM59	c27
0.565511863812758	-0.678211194080861	0.144	0.159	1	ARPP19	c27
0.00084572514637967	0.678188548501565	0.402	0.311	1	LAP3	c27
0.918830902477172	-0.678062883873284	0.031	0.032	1	FAM200A	c27
0.0124644672599356	-0.678041696937103	0.077	0.144	1	TXNDC11	c27
0.407842355567485	-0.678013215443091	0.021	0.031	1	PGAP3	c27
0.364088795889732	-0.677985056089342	0.041	0.056	1	SUGP1	c27
0.466952547232231	0.677831524395228	0.057	0.046	1	DHRS9	c27
0.100502020662828	-0.677736705387544	0.041	0.072	1	ITPKB	c27
0.0444092531042712	-0.677427580876092	0.057	0.102	1	GON7	c27
0.503309095434939	0.677382252703569	0.077	0.068	1	EIF1AD	c27
0.00736204177220541	0.677270125404538	0.108	0.062	1	LETM1	c27
0.00139712095977849	-0.677145690544932	0.18	0.289	1	MTLN	c27
5.52719185640608e-05	0.677061428655906	0.381	0.273	1	SSR1	c27
0.510070382425673	-0.676889381651099	0.015	0.023	1	TTLL5	c27
0.00610059117674624	-0.676712407458043	0.196	0.288	1	SLA	c27
0.000437314031926065	0.676674738329719	0.144	0.078	1	RFX5	c27
0.0357503183010729	-0.676413005427073	0.82	0.526	1	GRN	c27
0.074943940947676	-0.675826912746211	0.067	0.108	1	NT5C3B	c27
0.735475949306669	-0.675720581351718	0.103	0.111	1	NIP7	c27
0.99573285345278	0.675411749160097	0.015	0.016	1	AC087273.2	c27
0.021994304895321	0.674812113610744	0.046	0.022	1	ZNF34	c27
0.0286347287792992	-0.674559045531927	0.284	0.343	1	RHEB	c27
0.914074658072642	-0.674457361197308	0.01	0.011	1	TVP23C	c27
0.584951012655839	0.674368338742223	0.186	0.183	1	MGST1	c27
0.000863842396889335	0.674362159968603	0.407	0.313	1	OS9	c27
0.000393320304904348	0.674239329954629	0.093	0.042	1	PLCD1	c27
0.156915421856689	-0.674054322745531	0.046	0.073	1	TRAK2	c27
0.787248240515341	0.674003024249071	0.01	0.009	1	TMEM147-AS1	c27
0.0803590450192296	-0.673974067472187	0.969	0.953	1	MT-ND1	c27
0.282807232640269	-0.673831014773254	0.005	0.014	1	SNX33	c27
0.605178358717819	-0.673724208186471	0.067	0.077	1	NFX1	c27
0.126882612410442	-0.673645796279501	0.072	0.109	1	CREB3L2	c27
8.79819235971125e-07	-0.67351255818651	0.031	0.165	0.0322022638557791	TMEM53	c27
0.0212202542325145	-0.673506964358234	0.103	0.165	1	GBP4	c27
0.0684835575305327	0.673076515824777	0.015	0.006	1	CBR3-AS1	c27
0.336431725534207	-0.672719709269469	0.149	0.176	1	PHAX	c27
0.937368433861303	-0.672627746625011	0.057	0.055	1	PIP4K2C	c27
0.564838471995613	0.672403459494766	0.015	0.022	1	LINC02802	c27
0.510270732478534	-0.672387910927472	0.124	0.107	1	MON2	c27
0.361920614823486	0.672313035489468	0.057	0.044	1	MINPP1	c27
0.471532957777936	0.672264203807763	0.093	0.081	1	TMEM150A	c27
6.72509631361638e-06	0.6720526635727	0.284	0.168	0.246145250174673	ABI3	c27
0.750928975970362	-0.672023614723179	0.093	0.099	1	HCG18	c27
0.00819821441692306	0.672011559382406	0.206	0.149	1	DSE	c27
0.177083313089301	-0.671680738368493	0.088	0.12	1	BORCS8	c27
0.595576577407893	-0.671605743251348	0.036	0.044	1	RUFY2	c27
0.0125362589362729	-0.671441518207971	0.036	0.014	1	GOLGA8A	c27
0.148952869514871	0.671118782377242	0.021	0.042	1	FOXK2	c27
0.977524670059	0.671062813278328	0.015	0.015	1	FANCM	c27
0.000256400255899312	-0.670986889746766	0.124	0.237	1	ATP6V1D	c27
0.0678403684126864	-0.67094365751658	0.021	0.049	1	TSEN2	c27
0.334308720871237	0.670909364374034	0.031	0.021	1	TRAM2	c27
0.878498792257842	0.670569798098518	0.01	0.012	1	KLHL26	c27
0.581675765498263	0.670442319660144	0.119	0.112	1	ATG7	c27
0.0781900816869839	-0.670241408532743	0.026	0.055	1	VTN	c27
0.288561944706292	-0.670104499410688	0.046	0.066	1	ABHD10	c27
0.0776477599207296	0.66991713060257	0.144	0.109	1	TM7SF3	c27
0.0223351713949898	-0.669660313577402	0.082	0.143	1	ISCA1	c27
0.0297258166994472	0.669626468500881	0.134	0.092	1	IFIH1	c27
0.576043055849921	-0.669585254755056	0.015	0.011	1	SAMD12	c27
0.257721781365331	0.669572104106466	0.129	0.108	1	SEC23B	c27
0.0005560208196626	0.669442727251868	0.284	0.194	1	NPEPPS	c27
0.50298309374412	0.669281514598441	0.036	0.047	1	LZTFL1	c27
0.77432910945788	-0.669268111233298	0.253	0.227	1	ADD3	c27
0.0295883728303704	-0.669213457833659	0.103	0.162	1	ZNRD2	c27
0.922712423279406	-0.66918625699312	0.129	0.131	1	PRPF38A	c27
0.280461429251478	0.669109331378753	0.149	0.13	1	TRPC4AP	c27
0.628801137100379	-0.668810451823942	0.026	0.021	1	CPNE7	c27
0.0179332906190728	0.668739537980874	0.258	0.196	1	SASH3	c27
0.398187570682882	0.668661565744195	0.057	0.075	1	GBGT1	c27
0.000697577455291535	0.668650722313364	0.16	0.091	1	CEP164	c27
0.377216495622484	0.668244569501575	0.021	0.013	1	AL162258.2	c27
0.373776993940249	0.66813692527832	0.015	0.026	1	VARS2	c27
0.059011832795443	-0.668015679179417	0.026	0.058	1	MBOAT1	c27
0.318509022521501	0.66782346193402	0.139	0.119	1	MPDU1	c27
0.743973071842659	-0.667548121182657	0.072	0.079	1	PRPF3	c27
0.406545117943414	-0.667448855449977	0.041	0.055	1	INSIG2	c27
0.00230288450075877	0.667445943632103	0.258	0.181	1	SH3BP1	c27
0.746138336134624	-0.667363768450037	0.036	0.041	1	UNK	c27
0.0244602086686796	0.667312676075399	0.129	0.086	1	ARL8A	c27
0.757031922322503	0.667284865948473	0.108	0.105	1	GEMIN6	c27
0.203040708975588	0.667007833999695	0.098	0.076	1	TMEM41A	c27
0.00217750702530545	0.666985526830444	0.155	0.092	1	ELMSAN1	c27
0.0050866718750633	-0.666440612422265	0.175	0.103	1	NFATC2	c27
0.107377174553671	0.666160965558845	0.113	0.084	1	RNF220	c27
0.46190008039895	0.666077717446876	0.057	0.046	1	AC147067.1	c27
0.101391157666049	-0.666043157145513	0.005	0.023	1	AC004130.2	c27
0.00734462675959493	0.665788664214706	0.031	0.011	1	ZBTB5	c27
0.890798603456213	-0.665699428035128	0.021	0.022	1	BICD1	c27
0.717290704325795	-0.665583104823178	0.082	0.09	1	SAYSD1	c27
0.00960532430210227	0.665569810723075	0.057	0.027	1	GATD3A	c27
0.000476994562793496	-0.665344654977128	0.041	0.129	1	AQP9	c27
0.673527133323391	0.665225668874553	0.149	0.147	1	ZMAT5	c27
0.000271831971922617	0.665210226537365	0.222	0.136	1	PRPF19	c27
0.380830706928731	-0.665019487508945	0.062	0.048	1	ZNF335	c27
0.000431053543908106	-0.664857102381282	0.139	0.249	1	VMO1	c27
0.000516940850367681	-0.664496270732421	0.371	0.48	1	ISCU	c27
0.17454688516257	-0.664438183177984	0.082	0.113	1	PHC3	c27
0.959284086945608	0.664287341927444	0.015	0.016	1	ARHGEF19	c27
0.0105947942404954	-0.663926545681485	0.057	0.117	1	GALNT6	c27
0.353442675317648	-0.663631637719489	0.067	0.086	1	LYRM1	c27
0.497175669673104	-0.663161870907749	0.005	0.01	1	ERICH6-AS1	c27
0.107800350621377	-0.662837121664571	0.284	0.335	1	KRAS	c27
0.422139038894464	-0.662697588624059	0.01	0.006	1	TOGARAM2	c27
0.841160335084586	0.662684495398961	0.021	0.019	1	ZNRF2	c27
0.716504786165676	0.662662808520584	0.067	0.063	1	IFFO1	c27
0.0313383104198075	-0.662620671842039	0.036	0.079	1	TUBG1	c27
0.00290555443516927	0.662373094235932	0.108	0.058	1	C16orf87	c27
0.507103345155128	-0.662363517706609	0.098	0.114	1	RPF1	c27
0.143016901180999	-0.662336915977653	0.072	0.106	1	CRTC3	c27
0.822391545606288	0.662316266067074	0.072	0.069	1	SLC36A4	c27
0.134115993716289	0.66214862786034	0.32	0.295	1	SERPINB6	c27
0.205741014201237	-0.662118746136673	0.021	0.038	1	RANBP10	c27
0.342109510175351	0.66155812110235	0.191	0.173	1	IL10RB	c27
0.0148878459109353	0.661301277229385	0.082	0.046	1	RPUSD4	c27
0.00177389785929762	-0.66086600381218	0.289	0.388	1	SLC3A2	c27
0.108429581115744	-0.660863752604003	0.077	0.115	1	VRK3	c27
0.463256716056677	-0.660840738231765	0.015	0.01	1	BICDL1	c27
0.645320713465424	-0.660542647586255	0.046	0.039	1	ZNF107	c27
0.00147260613870548	-0.659759496778516	0.299	0.419	1	GIMAP4	c27
0.0263972364233668	0.659702351090921	0.206	0.153	1	EXOSC5	c27
0.716987336595654	0.659417063269277	0.186	0.186	1	STX11	c27
0.810852081857395	-0.658991799867289	0.041	0.045	1	ANKAR	c27
0.35993374734187	0.658683561167407	0.113	0.099	1	HIPK1	c27
0.000242303955635497	0.658661182707699	0.428	0.332	1	DBNL	c27
0.0797184333484743	0.658554478966026	0.113	0.081	1	GRAMD1A	c27
0.811557786940368	-0.658427579873151	0.062	0.066	1	ZNF124	c27
0.257348080830966	-0.658122417207178	0.015	0.029	1	VPS54	c27
0.0154268469068636	0.657860683536809	0.428	0.364	1	RAB5IF	c27
0.768578385989382	0.657802208650657	0.088	0.097	1	RNF146	c27
0.443502321445677	-0.657554557000057	0.067	0.083	1	TIMM22	c27
0.0138104460023763	0.657344605171614	0.098	0.057	1	PHF12	c27
0.248919715411215	0.656782390746077	0.082	0.063	1	EBPL	c27
0.499059406823925	-0.656451607677862	0.005	0.01	1	SEMA4B	c27
0.385732198905736	-0.656390216595032	0.294	0.31	1	NSD3	c27
0.13584814373286	-0.656361982536025	0.892	0.906	1	MT-ND5	c27
0.00366884313096359	0.656286294458521	0.325	0.254	1	CHCHD5	c27
0.474849446021173	0.656140974589191	0.062	0.051	1	NUP88	c27
0.191758701031136	-0.655780717800375	0.021	0.011	1	LINC02694	c27
0.0715010886177644	-0.655768985540115	0.124	0.176	1	SPATS2L	c27
0.0916191315026504	0.655312020746976	0.093	0.064	1	PELI1	c27
0.00175292988067475	0.655298975878556	0.093	0.046	1	NUDCD1	c27
0.331647087321886	-0.655233196195507	0.015	0.027	1	SKP2	c27
0.043421094047073	-0.655059523559284	0.077	0.045	1	ATP8A1	c27
0.692718191157034	-0.654980568768515	0.119	0.128	1	ASCC2	c27
0.167384399188767	0.654440292039081	0.201	0.174	1	RNPEP	c27
0.357364075923086	-0.653745399912181	0.01	0.019	1	RASSF8	c27
0.758014488876268	-0.653607948741788	0.015	0.018	1	CEP19	c27
0.464819751831768	0.653297102492467	0.021	0.014	1	SGMS1-AS1	c27
0.0559283623350383	-0.653288524868119	0.309	0.364	1	CYCS	c27
0.00219343442015881	0.653286596839033	0.16	0.097	1	FNIP1	c27
0.946972064623931	-0.653273364596477	0.031	0.03	1	BICRAL	c27
0.156191337433903	-0.653147756181098	0.077	0.053	1	HDAC7	c27
0.655969897154837	0.653122079549748	0.01	0.008	1	AP002807.1	c27
0.681081730565682	-0.652791649542762	0.021	0.017	1	TPX2	c27
0.965141075535524	-0.652609661377801	0.057	0.057	1	KCTD13	c27
0.960343572504583	-0.652465287913061	0.057	0.058	1	ASH2L	c27
0.587406339368398	0.65245851100458	0.057	0.068	1	ATP13A3	c27
0.161718306105654	0.652450516758334	0.077	0.055	1	PWWP3A	c27
0.474302072873387	0.652308684271897	0.18	0.168	1	TMEM18	c27
0.995918948726476	-0.652170950144408	0.021	0.021	1	AC097382.3	c27
0.232569775500671	-0.652124307340547	0.057	0.081	1	CCDC97	c27
0.00719278401731212	0.652109473647481	0.01	0.002	1	EXPH5	c27
0.00185495332403471	0.652048466560463	0.258	0.184	1	PDLIM5	c27
0.225830769395788	0.652026153792217	0.273	0.252	1	NUB1	c27
0.993818987173424	-0.65156447990005	0.026	0.026	1	TCP11L1	c27
1.19997856697871e-05	0.65149472368476	0.5	0.377	0.439204155299877	POLR2E	c27
0.47462051293896	0.651274443503967	0.232	0.226	1	FAM200B	c27
0.00360620244073927	-0.651262312035862	0.01	0.061	1	SPRYD4	c27
0.000230811466392479	0.651129854675471	0.268	0.174	1	TMX1	c27
0.00117126122010872	0.651099585719799	0.237	0.155	1	WAC	c27
0.462737091932491	0.651092189817121	0.067	0.056	1	KHSRP	c27
0.107135030931759	0.650965765180926	0.031	0.016	1	PLA2G4A	c27
0.506805994470794	-0.650916773284998	0.691	0.539	1	CTSB	c27
0.1157680410542	0.650736425631977	0.134	0.103	1	PRCC	c27
0.754938347013873	-0.65068535786668	0.088	0.08	1	RPAP2	c27
0.731599866439654	-0.650644034828244	0.021	0.017	1	SGCB	c27
0.307903752339664	-0.650544471224536	0.005	0.014	1	SLC19A2	c27
0.0886951327937684	0.650529903552787	0.067	0.043	1	SCAMP1-AS1	c27
0.494642016845956	0.650179114435344	0.021	0.029	1	SMAD1	c27
0.20481071106221	-0.649959664034545	0.005	0.017	1	ZSCAN21	c27
0.495247585877489	-0.64984781848116	0.206	0.218	1	CDKN1B	c27
0.941215682896167	-0.6496626809732	0.093	0.091	1	PRR14	c27
0.105098263357787	0.649616473535336	0.052	0.032	1	CD72	c27
0.142791747627387	0.649383668614006	0.196	0.165	1	NIPSNAP2	c27
0.508945598813807	0.649280015091142	0.093	0.112	1	C6orf226	c27
0.100435437294391	0.648830101317184	0.093	0.064	1	HMGCS1	c27
0.416744407115971	0.648620140465789	0.01	0.006	1	AL591895.1	c27
0.819222125985223	-0.648562509996492	0.072	0.068	1	SNRNP48	c27
0.8629124574535	0.648354200154244	0.01	0.012	1	APTR	c27
0.142850130458574	0.648343025068385	0.057	0.037	1	MVK	c27
0.0105245907053841	-0.648185035774653	0.263	0.349	1	POLR3GL	c27
0.0154772083958867	0.647941806974895	0.222	0.163	1	RAD23B	c27
0.301173238281486	0.647629649764311	0.046	0.033	1	ERCC2	c27
0.0085798843718105	-0.647344099833602	0.619	0.678	1	ZFP36L2	c27
0.1678304263382	-0.647056537877615	0.129	0.167	1	RAD50	c27
0.14162375600809	0.646773956712019	0.17	0.141	1	NUMB	c27
0.194344217757209	-0.646710661289978	0.067	0.095	1	IL12RB1	c27
0.0866946194228675	0.646684812895138	0.088	0.059	1	GGA3	c27
0.0586346057942411	0.64623787137481	0.253	0.208	1	VMA21	c27
0.928377138606964	0.646198414924666	0.026	0.027	1	FASTKD3	c27
0.461506118747019	0.645933303409241	0.046	0.037	1	ATXN7L3	c27
0.0554669271404929	-0.645923832437279	0.036	0.072	1	FBXO8	c27
0.932848770922707	-0.645901000082001	0.057	0.055	1	WDR83	c27
0.930792455259642	0.645753730455943	0.01	0.01	1	KLHL35	c27
1.03907471586113e-05	0.645561849099478	0.273	0.165	0.380311736752333	GNPTAB	c27
0.135597883080517	-0.645344409339113	0.247	0.291	1	CYTH1	c27
0.00247402344393542	0.645230384565664	0.309	0.23	1	MLX	c27
0.764320020088491	-0.645221357480906	0.041	0.046	1	CCDC51	c27
0.863247198931227	-0.644688952624139	0.124	0.118	1	ASXL2	c27
0.632210225412933	-0.644633761121243	0.072	0.081	1	KLF9	c27
0.0484711148774407	0.644587544573507	0.077	0.048	1	DIPK2A	c27
0.344324385814367	0.644498657754668	0.041	0.058	1	ALPK1	c27
0.048605324901768	0.644450374679375	0.17	0.127	1	HIPK3	c27
0.757537798124817	-0.644258127441116	0.036	0.04	1	ZNF200	c27
0.940810273663532	-0.644167318057232	0.021	0.02	1	FANCG	c27
0.213286933678652	0.644124535819107	0.088	0.067	1	CYREN	c27
0.0614510313322493	-0.643577392988098	0.046	0.085	1	NUDT18	c27
0.669899640160086	-0.643570862461201	0.093	0.101	1	USP36	c27
0.0421275931022442	-0.643358062284381	0.351	0.412	1	NOSIP	c27
0.0190010134068161	-0.643214287750108	0.036	0.084	1	DHRS7B	c27
0.0477515055820608	-0.642921928857641	0.021	0.053	1	DDO	c27
0.00440318737665866	-0.642870844491209	0.18	0.269	1	CBR1	c27
0.424199045179489	0.642707193459581	0.015	0.01	1	IQCH-AS1	c27
0.525738580937442	-0.6425062617532	0.026	0.034	1	PRIMPOL	c27
0.0127620024061782	-0.64236214576731	0.098	0.17	1	ALG5	c27
0.00030263797025396	0.642164142907634	0.232	0.147	1	CS	c27
0.436146474471889	-0.642145078616163	0.062	0.077	1	GFPT1	c27
0.492921602350417	0.642119366342261	0.052	0.043	1	TELO2	c27
7.08011759775785e-22	-0.641967771603971	0.969	0.96	2.59139384195535e-17	HLA-C	c27
0.0020758056698993	0.641883264285607	0.113	0.06	1	MALT1	c27
0.501211561747628	0.641537103854248	0.031	0.024	1	CMC4	c27
4.56018819695614e-05	0.641518526585931	0.062	0.02	1	PLEKHA5	c27
0.524475755250839	-0.64121621914323	0.046	0.057	1	SSBP3	c27
0.269427977891446	0.641022627518832	0.041	0.028	1	TRPC6	c27
0.751239642261771	0.640996495607642	0.015	0.019	1	SH2D4A	c27
0.00831625570948538	0.640869534976013	0.201	0.139	1	TNKS2	c27
0.101960119330414	0.64063571679084	0.175	0.14	1	NXT1	c27
0.00172623804197561	-0.640296977585116	0.041	0.116	1	SEPTIN10	c27
0.624639302093443	-0.640106036370762	0.077	0.088	1	BORCS5	c27
2.49598048661854e-05	0.640036059421227	0.577	0.452	0.913553817907253	DEK	c27
0.384398542876016	0.639994480455197	0.01	0.019	1	LINC02828	c27
0.389296979044634	-0.639774395592884	0.01	0.019	1	TTC12	c27
0.445431564161913	-0.639747357036044	0.021	0.03	1	LRRC40	c27
0.640448201013936	-0.639646681218228	0.01	0.007	1	HCG25	c27
0.951525711582549	0.639526019025777	0.021	0.022	1	CENPP	c27
0.603719045177945	-0.639424716362945	0.119	0.105	1	KRI1	c27
0.344821454082794	0.639074781347072	0.067	0.053	1	ZSWIM8	c27
0.223067580558899	0.639062364047977	0.031	0.019	1	TRIT1	c27
0.487809801380908	-0.63877649311099	0.108	0.126	1	KLC1	c27
0.257073976836233	0.638712140910689	0.201	0.181	1	ARRB1	c27
0.160585168046297	-0.638523628019955	0.005	0.019	1	GDPGP1	c27
0.214306692106844	0.638069265820008	0.134	0.11	1	BCL10	c27
0.540977308766367	0.638068419335486	0.052	0.064	1	SUSD1	c27
0.347274276826719	0.637955771051541	0.057	0.044	1	IMMP2L	c27
0.761662575164991	0.637920272545604	0.01	0.013	1	TMEM64	c27
0.41676915933582	-0.637812811862583	0.16	0.181	1	SECISBP2L	c27
0.214025935636532	0.63780753711885	0.026	0.015	1	SHPK	c27
0.0412307758716163	-0.637444425989144	0.015	0.047	1	AC020915.2	c27
0.135914418054903	0.637250704033921	0.155	0.124	1	BAG5	c27
0.0201647803208755	0.637167759869353	0.015	0.004	1	SUMO4	c27
0.15431045101342	0.636821216155941	0.103	0.077	1	NUP93	c27
0.461073674762456	0.636578011285233	0.031	0.023	1	PWWP2B	c27
0.735923379546999	0.636428084101125	0.093	0.089	1	DCTN6	c27
0.956309738333425	-0.636237147706939	0.134	0.132	1	MRPL10	c27
0.00461141624773634	0.636119378242618	0.232	0.163	1	ABTB1	c27
0.0310263619396446	-0.636050409317271	0.093	0.152	1	AKIP1	c27
0.240399510435896	-0.635875058946703	0.005	0.016	1	CD8B2	c27
0.739207526079719	-0.635794010952652	0.01	0.008	1	ZNF829	c27
3.4126313061157e-06	0.635540380018041	0.49	0.352	0.124905718435141	CCT8	c27
0.00492376124716915	0.635165959103659	0.253	0.186	1	TAX1BP3	c27
0.207490437838874	0.635123181706391	0.026	0.015	1	AC010618.3	c27
0.0530100890706758	-0.634690297586233	0.072	0.118	1	ATP2A2	c27
0.525715540469265	-0.634384927901019	0.124	0.14	1	ASB8	c27
0.0385965162320075	-0.634328178253014	0.196	0.267	1	C1D	c27
0.955923683023689	-0.634327127061458	0.222	0.215	1	GPBP1	c27
0.637390219602636	0.634238950649868	0.015	0.012	1	ITPKC	c27
0.00016312978748036	0.63423593095049	0.201	0.117	1	GLYR1	c27
0.621153951468237	-0.63391620201708	0.057	0.065	1	ZNF75A	c27
0.000143288488014379	0.633721651850656	0.418	0.307	1	TMEM256	c27
0.0141530108527406	0.633514311122377	0.098	0.058	1	RNF38	c27
0.203784270918174	0.633513279821609	0.098	0.075	1	PPP1R15B	c27
0.994163450026067	0.633357319812069	0.015	0.016	1	ZNF804A	c27
0.0414326472206947	0.632953088084529	0.155	0.113	1	AIG1	c27
0.710060305307664	-0.632706988298787	0.062	0.055	1	HAUS3	c27
0.31630677653939	-0.632649257806341	0.026	0.04	1	TMEM44-AS1	c27
0.279419894553116	0.632622292854164	0.052	0.037	1	RPS10-NUDT3	c27
0.997836644246941	0.632563026773577	0.01	0.01	1	ICA1L	c27
0.111130280664154	0.632552071518171	0.026	0.013	1	ICOSLG	c27
0.0223064675218817	0.632413566715725	0.33	0.266	1	CD55	c27
0.0255489368458776	0.632383414661692	0.175	0.125	1	ARHGAP17	c27
0.0915648016300411	-0.632380423992762	0.16	0.211	1	ITGAL	c27
0.153294936923092	-0.632169680653139	0.5	0.494	1	CCND3	c27
0.376654995672062	-0.631446654857808	0.021	0.032	1	PANK4	c27
0.00892844502150906	0.631317058406066	0.144	0.091	1	CIAPIN1	c27
0.0222708102196141	0.631287947898434	0.134	0.089	1	MTA2	c27
0.964743744912197	0.630924345790997	0.031	0.031	1	SLC25A53	c27
0.554202646080392	0.630714825979796	0.067	0.081	1	TMCO3	c27
0.985776102276418	-0.6304536528713	0.067	0.067	1	CKS2	c27
0.492998246944045	-0.630410596419129	0.062	0.076	1	POLR1C	c27
6.33460545728617e-05	0.630332839832765	0.412	0.295	1	TRA2B	c27
0.900524127615691	0.630285699481028	0.041	0.044	1	SSPN	c27
0.300741433931595	-0.630042870289951	0.005	0.014	1	CDK1	c27
0.611308069854995	0.629690706724005	0.01	0.007	1	ZKSCAN7	c27
0.359206770024926	0.629610773650767	0.119	0.102	1	RBM5	c27
0.325750751132052	-0.629494999677646	0.438	0.449	1	ITGB1	c27
0.332338229419113	-0.629027583931702	0.005	0.013	1	ARHGAP32	c27
0.596497382797426	0.629022449150195	0.046	0.056	1	SP2	c27
0.520550913032804	-0.628418565438963	0.015	0.022	1	HMGN5	c27
1.61000086695623e-12	-0.628171130240432	0.84	0.829	5.89276417314651e-08	PPDPF	c27
0.108999570583499	-0.628089007983135	0.031	0.016	1	AC116407.2	c27
1.82493202653954e-05	0.628015120700978	0.036	0.008	0.667943371033735	TNFRSF9	c27
0.29129126916761	0.627859460503284	0.015	0.008	1	ZFP69	c27
0.540318397176593	-0.627460022658799	0.026	0.02	1	AL050309.1	c27
0.148324643179429	0.627421393338657	0.139	0.11	1	HAUS1	c27
0.00072743831312512	0.627323865470693	0.392	0.297	1	PSMB4	c27
0.00150001304735884	-0.627311682299876	0.175	0.277	1	HAGH	c27
0.162982473334677	0.626780604897005	0.149	0.121	1	ERBIN	c27
0.0189619997043412	-0.626703064194113	0.284	0.349	1	HEXA	c27
0.0276614697368683	0.626693914360553	0.144	0.1	1	DNAJC10	c27
0.26197433330551	-0.626642743590124	0.005	0.015	1	AQP7	c27
0.218428132345363	-0.62658987583062	0.139	0.174	1	DNAJC2	c27
0.361484257758165	0.626174708245186	0.015	0.009	1	PIK3R3	c27
0.134030630325148	0.62613658612545	0.201	0.17	1	LACTB	c27
0.246114840650276	-0.626036664911215	0.041	0.062	1	LRRC57	c27
0.863145872758507	0.625884505579732	0.041	0.039	1	COA7	c27
0.390614279041163	-0.625844155067215	0.01	0.019	1	FAM72A	c27
0.00433515153480951	0.625813582144593	0.407	0.328	1	NAA38	c27
0.778385695003483	0.625805832507985	0.062	0.059	1	KIAA0513	c27
0.806624950665849	-0.625656069302568	0.036	0.04	1	TEDC1	c27
0.115591805095441	0.625646592665416	0.113	0.085	1	ARMT1	c27
0.00260019172965449	0.62531196924441	0.304	0.226	1	SMARCB1	c27
0.927886192502494	-0.625286007023254	0.036	0.037	1	WDR3	c27
0.198484234449288	0.624963771828376	0.062	0.044	1	AL590764.1	c27
0.225409226260071	0.624641267566299	0.031	0.019	1	ZNF90	c27
0.516999727813876	-0.624627125697524	0.103	0.119	1	DDB2	c27
0.788892104584634	0.624607560592652	0.113	0.112	1	MDP1	c27
0.270607933643794	0.624600645188425	0.124	0.103	1	MCM3AP	c27
0.445963415508965	-0.624462150125656	0.015	0.024	1	CHST14	c27
0.132029971545749	-0.624343432457229	0.077	0.111	1	NFATC3	c27
0.573755612997384	-0.624148387150505	0.041	0.05	1	CAD	c27
0.536314228814996	-0.623871316129291	0.021	0.028	1	ZNF569	c27
0.0540576265236034	-0.623755322062134	0.314	0.38	1	NDFIP1	c27
0.305286700957663	-0.623744037298057	0.052	0.071	1	ZNF720	c27
0.0300711131680514	0.623710149094087	0.278	0.225	1	NDUFAF8	c27
0.740033176033185	-0.62334706485633	0.026	0.03	1	AC067852.2	c27
0.0434415045253533	-0.623260221522998	0.093	0.146	1	ETNK1	c27
0.00991779584521897	0.62320796849587	0.356	0.291	1	RAB8A	c27
0.259620682505169	-0.623142781983354	0.129	0.16	1	C19orf25	c27
0.160433092282184	0.623135490254984	0.077	0.055	1	NSD2	c27
0.00757307266934816	0.623018544720404	0.139	0.087	1	LCOR	c27
0.0335971687525885	-0.622924709067132	0.335	0.401	1	RPN2	c27
0.184979994114072	0.622600663598313	0.139	0.113	1	RNF20	c27
0.735697303785758	-0.622284927741366	0.026	0.03	1	PRKAB2	c27
0.416259204056023	0.622051266439099	0.036	0.027	1	HSPA6	c27
0.996826906091085	-0.621681619838664	0.119	0.117	1	CLK3	c27
0.000805580071020652	0.621661803616359	0.211	0.135	1	PPIP5K2	c27
0.051962330804345	0.621450309687767	0.201	0.155	1	RPS6KB2	c27
0.759698500575938	-0.621208775586887	0.046	0.051	1	TOGARAM1	c27
0.426271915696567	0.620722317512501	0.015	0.01	1	ARL4D	c27
2.66426231850267e-06	0.620580088440201	0.624	0.47	0.0975146651195163	FKBP1A	c27
0.9431864318182	-0.620289887252113	0.01	0.01	1	AL513550.1	c27
0.95538816831145	0.619819202632927	0.067	0.071	1	AC016747.1	c27
0.943854906756034	0.619717306551412	0.036	0.036	1	FAM102B	c27
0.379706217927162	-0.619627307686555	0.031	0.044	1	BBC3	c27
0.101930468075849	-0.619542226070593	0.211	0.259	1	CORO1C	c27
0.0962429479474198	-0.619529719551173	0.093	0.136	1	EXOSC7	c27
0.654176374081741	0.619331125031629	0.046	0.04	1	NPHP3	c27
0.467005604231522	-0.61926957021303	0.119	0.137	1	QTRT1	c27
0.0126803185702643	0.618968131751717	0.227	0.167	1	LSM12	c27
0.36030496328893	-0.618912284742681	0.093	0.074	1	ZNF431	c27
0.0395680330556379	0.618746019367003	0.17	0.123	1	TSPYL1	c27
3.11952923019583e-11	-0.618595618435271	0.804	0.86	1.14177889354398e-06	CALM1	c27
0.144219298580057	-0.618043496255992	0.077	0.113	1	HMGCL	c27
0.193675449071766	0.617338053758625	0.103	0.079	1	RBM28	c27
0.345988777465018	-0.617064417528882	0.387	0.415	1	MBP	c27
0.132584975230778	-0.616969532121408	0.005	0.021	1	TRPV4	c27
0.460291437698678	0.616834266687	0.01	0.006	1	AL354920.1	c27
0.23158047523429	0.615689177893064	0.015	0.008	1	AC073389.1	c27
0.299073569430674	0.615665593048689	0.036	0.025	1	CSAD	c27
0.709297609791682	-0.615664497343851	0.134	0.142	1	RNF115	c27
0.563025027366185	-0.615608943592964	0.263	0.233	1	TAF7	c27
0.885108298744298	0.615523259173915	0.026	0.024	1	WIZ	c27
0.0258252124003087	0.615385935776297	0.18	0.131	1	PPP4R3A	c27
0.263104739458057	-0.615345015410908	0.124	0.155	1	CEBPZOS	c27
0.18667025308412	-0.615002572198529	0.041	0.065	1	CPED1	c27
0.0543788813770397	-0.614930932729583	0.026	0.059	1	GTPBP6	c27
0.114370113158643	-0.614907655591646	0.005	0.022	1	CLCF1	c27
0.486159929316843	-0.614857388970332	0.052	0.041	1	CAMKMT	c27
0.367344023562764	0.614428189822738	0.026	0.017	1	HIRA	c27
0.0999163529986228	0.614394081998832	0.108	0.078	1	RNF44	c27
0.00851267825346789	0.61421691603099	0.021	0.006	1	PLEKHN1	c27
0.587338757669524	-0.61400490138439	0.01	0.015	1	AL450326.1	c27
0.50074445982111	-0.613983343169979	0.052	0.063	1	NELFA	c27
0.379737723495055	0.613858484888482	0.01	0.006	1	AC005726.1	c27
0.727530108197238	-0.613549095436285	0.149	0.156	1	EPS15	c27
0.647716933026544	-0.613385381595399	0.072	0.079	1	SPTBN1	c27
0.163143453177122	-0.613130056466246	0.057	0.086	1	GATAD2A	c27
0.302184891307126	-0.613070107128919	0.01	0.021	1	TPPP	c27
0.000664334498757299	0.613019098878744	0.402	0.309	1	DDAH2	c27
0.612195011617932	0.612949214572782	0.021	0.016	1	CASZ1	c27
0.0214045648069938	-0.612840782102486	0.258	0.331	1	MESD	c27
0.971891060356844	-0.612711424543473	0.01	0.011	1	NCAPG	c27
0.823791987231503	0.612487942125471	0.113	0.125	1	RNF135	c27
0.373988226854356	0.612397137942709	0.057	0.075	1	SETD7	c27
0.414738891018685	-0.611838925585151	0.015	0.025	1	HLCS	c27
0.793540401022484	0.611705772949488	0.01	0.009	1	DNHD1	c27
0.714960607814703	-0.611602935429881	0.144	0.151	1	PARP8	c27
0.117758023046475	-0.610974398054398	0.005	0.022	1	RDH10	c27
0.345083581329199	0.610919892073731	0.077	0.063	1	SPATA20	c27
0.0918072024395313	-0.610918692040229	0.082	0.124	1	HDDC3	c27
0.000351896886471549	0.610872316007608	0.536	0.451	1	GABARAPL2	c27
0.217606119276357	-0.610523994359742	0.052	0.076	1	TMEM9	c27
0.866190777678279	-0.610347148056937	0.026	0.024	1	RACGAP1	c27
0.00348350454333638	-0.610188362793288	0.026	0.085	1	SIK2	c27
0.0123714218626432	0.610029149893618	0.082	0.045	1	TSC22D2	c27
0.0142236879750993	-0.610018178018248	0.134	0.209	1	ISOC2	c27
0.237208850846966	0.609736182533877	0.036	0.023	1	DPY19L4	c27
0.201455079675342	-0.609720706056571	0.041	0.064	1	PARP3	c27
9.37248024847966e-11	-0.609634213076256	0.933	0.947	3.43042149574604e-06	HLA-A	c27
0.000476087594014978	-0.609067170214936	0.093	0.202	1	SIRPB1	c27
0.00358958149590985	0.608775372994611	0.186	0.123	1	AIMP2	c27
0.198034642640047	0.608299855093935	0.216	0.191	1	BAG6	c27
0.0119152014696901	-0.608213745975511	0.186	0.272	1	NDUFA9	c27
0.82981703118667	-0.608167779779348	0.933	0.906	1	MT-ND2	c27
0.921919740228993	-0.608090108358207	0.108	0.11	1	GLS	c27
0.951260119362045	-0.608037272652851	0.01	0.011	1	NRL	c27
0.354383400775315	0.607508935507393	0.01	0.02	1	SMPDL3A	c27
0.899088636485132	0.607502242897397	0.134	0.147	1	SLC43A2	c27
0.552942750896988	0.607429532404353	0.052	0.044	1	DNAJC14	c27
0.341201459908336	0.60716178775922	0.021	0.013	1	CREB3L4	c27
0.234236880579583	0.607088999804537	0.057	0.041	1	TNRC18	c27
0.000450649707529649	-0.606845936420285	0.675	0.722	1	SARAF	c27
0.000299284384412124	-0.606839798081026	0.232	0.367	1	SLC11A1	c27
0.333597887366835	0.60645121679071	0.046	0.034	1	ABL1	c27
0.57751936305467	-0.606404695114277	0.103	0.091	1	FBXW2	c27
0.92843875513257	-0.606276149725788	0.01	0.01	1	ZNF665	c27
0.882782314692565	0.606245064695056	0.046	0.05	1	CLCC1	c27
0.772940710865876	-0.606151588569765	0.072	0.067	1	MADD	c27
1.70352089199925e-05	0.606103975220694	0.418	0.29	0.623505681680647	SNHG5	c27
0.045914528847723	0.605918537997469	0.124	0.086	1	FAR1	c27
0.0817195418385425	-0.605776956283248	0.139	0.191	1	TXNRD1	c27
0.0430518709946929	0.605646641635671	0.258	0.209	1	TACC1	c27
0.995120811024895	0.605529412352849	0.026	0.026	1	SH3GLB2	c27
0.0119805483798039	0.605286284052209	0.258	0.194	1	PMF1	c27
0.760683082951994	-0.605272493226064	0.021	0.024	1	ZSCAN2	c27
0.821189464002555	-0.605137217340639	0.046	0.05	1	CSTF2	c27
0.557750351066031	-0.605044029311915	0.021	0.028	1	RNASEH1-AS1	c27
0.536447037296986	-0.605024643910248	0.057	0.068	1	SNX19	c27
0.0175718516024269	0.604423637198408	0.191	0.138	1	NCOR2	c27
0.821788819529109	0.604363722960203	0.067	0.073	1	LRRC8D	c27
0.00542046484616506	0.603910926259715	0.072	0.035	1	BMT2	c27
0.430932030675046	-0.603830408376334	0.041	0.055	1	MCEE	c27
0.865161612294274	0.603676063981599	0.031	0.034	1	SLC38A7	c27
0.0192541126435788	0.603434131890464	0.119	0.076	1	RSPRY1	c27
3.54063445603389e-05	-0.602950910083519	0.598	0.71	1	RAC2	c27
0.31037688992654	0.602946804187853	0.015	0.009	1	MTMR8	c27
8.76623711850021e-05	0.602857100823226	0.134	0.065	1	ARHGAP5	c27
0.00149846312533873	0.602807132627417	0.32	0.235	1	GRSF1	c27
0.496095725106485	-0.60279941100834	0.021	0.015	1	DDX51	c27
0.00051521432717121	0.602623643662364	0.407	0.307	1	CYC1	c27
0.356679593491338	-0.602525680435395	0.015	0.026	1	HLA-F-AS1	c27
0.000398565376448806	0.60227200170436	0.237	0.149	1	PTDSS1	c27
0.828539887549724	-0.602049014036087	0.046	0.05	1	THADA	c27
0.0527599420282931	-0.601827497390296	0.052	0.094	1	ALG8	c27
0.329361723710869	-0.601801903617829	0.031	0.046	1	USP40	c27
0.172374221628498	0.601344632085351	0.119	0.093	1	DHX38	c27
0.94818211027435	-0.600931576260346	0.062	0.061	1	TRAPPC9	c27
0.630379791743256	0.600525025493752	0.052	0.061	1	SPRYD7	c27
0.466615940117907	0.600360183320328	0.134	0.121	1	TMEM259	c27
0.199101493208443	0.600280969306856	0.108	0.085	1	TPRA1	c27
0.498963490861133	0.600167937149473	0.005	0.01	1	ANO8	c27
4.98502682259604e-05	-0.600060860339723	0.093	0.221	1	SLC31A1	c27
0.10071996188786	-0.59943137056416	0.397	0.42	1	CD164	c27
0.126927979941705	0.59941431211171	0.062	0.041	1	NOP9	c27
0.0204095667256442	0.59921984577967	0.046	0.022	1	FANCD2	c27
0.0566959748235844	-0.59915408364153	0.031	0.065	1	ATG2A	c27
0.233729405133859	0.59887860033188	0.005	0.016	1	POC1A	c27
0.00136767807198322	0.598594338149434	0.082	0.038	1	SOCS3	c27
0.903162177073475	-0.59851128231892	0.021	0.022	1	AP006621.3	c27
0.0129132659896623	0.59837641641611	0.134	0.085	1	NABP1	c27
0.528665182248771	-0.598368374960691	0.036	0.028	1	ZNF232	c27
0.0480266251865493	0.598341354586586	0.046	0.024	1	SGO2	c27
0.708725470127669	0.598337126729633	0.036	0.032	1	CMPK2	c27
0.00979146747076095	-0.598247184645227	0.211	0.306	1	CITED2	c27
0.040950306503826	-0.598244161687299	0.046	0.09	1	LNPK	c27
0.384333998698933	0.598217501489062	0.309	0.295	1	AKIRIN2	c27
0.8263239368753	0.598202972337775	0.134	0.149	1	PIK3AP1	c27
0.0579379867533136	0.597834951887115	0.32	0.279	1	ACTN1	c27
0.831915222067337	-0.597650294145631	0.015	0.014	1	PXN-AS1	c27
0.046776222187226	-0.597562765984947	0.036	0.017	1	GPR68	c27
0.413102244361631	-0.597454258346636	0.062	0.049	1	WDR44	c27
0.161116386846901	-0.59737010584059	0.371	0.4	1	DUT	c27
0.666374287941348	-0.597343666411674	0.067	0.075	1	SNAP47	c27
0.606785045787519	-0.596815527745233	0.077	0.088	1	SS18	c27
0.818076212376691	-0.596761664223835	0.031	0.034	1	EXOSC2	c27
0.0369442904976396	0.596311421063949	0.144	0.102	1	NAA60	c27
0.783115235947115	0.596123601071422	0.108	0.107	1	RIPOR1	c27
0.0526639434101352	0.595895974773099	0.134	0.094	1	GBF1	c27
0.867181713433633	-0.595866356890752	0.021	0.019	1	BLM	c27
0.0170795374928392	0.595828050242709	0.289	0.23	1	DDT	c27
0.223592027387161	-0.595636513891483	0.098	0.128	1	RWDD4	c27
0.0663339463425415	0.595629044795622	0.082	0.053	1	TRPS1	c27
0.686307362199727	0.595516046484968	0.093	0.105	1	C11orf54	c27
0.0027312932580956	0.595514777905345	0.448	0.361	1	NDUFS6	c27
0.20362628321183	0.595490627521284	0.046	0.031	1	SHISA4	c27
0.149369029351215	0.595368496945981	0.232	0.204	1	ZSWIM7	c27
1.57680537069468e-06	0.595335209902855	0.448	0.309	0.0577126533727961	IFI16	c27
0.868477820501868	-0.595327589015575	0.082	0.079	1	ZCCHC8	c27
0.808573011027277	0.595229802403748	0.196	0.198	1	NFIC	c27
0.438022328591055	-0.595159726000324	0.01	0.006	1	TNK1	c27
0.108605102190619	0.595068626450926	0.041	0.024	1	ERV3-1	c27
0.124966600269624	-0.594957392017709	0.093	0.131	1	LARP4	c27
0.879075540232254	0.594901812602927	0.026	0.028	1	CEP41	c27
0.00335741789213112	0.594701615692091	0.304	0.225	1	HNRNPAB	c27
0.0644046075630613	0.594678308513204	0.144	0.107	1	ZNF580	c27
0.449965117841066	0.594548875527917	0.067	0.055	1	RAVER1	c27
0.342790177614746	-0.594244826939482	0.134	0.161	1	PPIE	c27
0.0449658476209177	-0.593950142804242	0.273	0.337	1	FUNDC2	c27
0.469133734426131	-0.593943315295435	0.026	0.019	1	ANKRD46	c27
0.137021519262619	-0.593709050628171	0.088	0.125	1	LTBP3	c27
0.31165460648982	-0.59362581525839	0.165	0.192	1	BOLA3	c27
0.831222977765492	-0.593575897845123	0.201	0.203	1	TPST2	c27
0.703036267870131	-0.593060433670358	0.026	0.03	1	Z93930.2	c27
0.528217962118252	-0.592989030733851	0.005	0.01	1	FKRP	c27
0.155836961962105	-0.592966575136285	0.062	0.093	1	PLA2G12A	c27
0.0858663003328731	-0.592845663561165	0.216	0.274	1	CCPG1	c27
0.0498621358844193	0.59275003471162	0.113	0.077	1	VPS45	c27
0.0720352009043108	0.592461196906202	0.139	0.101	1	STK24	c27
0.150427842511416	-0.592017131772454	0.284	0.328	1	MPC2	c27
0.0182796634387979	-0.591680312023327	0.448	0.502	1	DAD1	c27
0.176552378013099	0.591435387935494	0.072	0.051	1	NISCH	c27
0.574264999016859	-0.591430029569679	0.088	0.101	1	YIPF6	c27
0.158764198625142	0.591204415282927	0.041	0.025	1	GCH1	c27
0.507257375836752	0.591174191081272	0.211	0.199	1	TUBB6	c27
0.598005715535777	-0.590941714241636	0.093	0.104	1	MDFIC	c27
0.812746799840743	-0.590815691973534	0.021	0.023	1	UBFD1	c27
0.854156711773177	-0.590794779656408	0.036	0.039	1	CDKAL1	c27
0.20575560059002	-0.590739469812288	0.057	0.038	1	PPP1R16B	c27
0.372490909834119	0.590589571879292	0.062	0.049	1	USP42	c27
0.72325863314103	-0.590481847015975	0.031	0.036	1	P2RY1	c27
4.59055187055442e-05	0.590463817800884	0.603	0.476	1	TBCA	c27
0.498722287255572	-0.590429221673491	0.021	0.029	1	BAHD1	c27
0.00905692414811449	0.590428507451554	0.345	0.289	1	ZEB2	c27
0.583190854044525	0.590402996920491	0.01	0.007	1	AC020765.2	c27
0.746727924327631	-0.589936232371402	0.134	0.143	1	CUL5	c27
0.633374957688604	0.588810433781843	0.062	0.055	1	CDK7	c27
0.014700446020611	0.588520439226725	0.412	0.355	1	METTL26	c27
0.442433549994863	-0.588340466206379	0.057	0.071	1	PGS1	c27
0.00773500520933731	-0.588095821104851	0.211	0.306	1	TMEM173	c27
0.0309600992811716	0.588078858996772	0.273	0.215	1	COPB2	c27
0.998074978448058	-0.58787252041537	0.01	0.01	1	ZNF782	c27
0.00314277491091252	-0.587844020180333	0.16	0.255	1	MINK1	c27
0.0332466594674133	0.58781571651509	0.309	0.259	1	FCGR2A	c27
0.127897444735358	0.587680227190137	0.021	0.044	1	SOWAHC	c27
0.00370847933033394	0.587595018998834	0.041	0.015	1	INTS6L	c27
0.169645984271049	0.587437928330206	0.108	0.082	1	RBM10	c27
0.198215703761885	0.587057861086604	0.278	0.256	1	TIMM13	c27
0.850978830263473	-0.587037405198175	0.098	0.102	1	CAMK2D	c27
0.424022698398712	-0.586990888619273	0.015	0.024	1	NLRP2	c27
0.434090297032991	0.586959881074312	0.015	0.01	1	ZNF2	c27
0.0600877657774613	-0.586668514489229	0.237	0.296	1	GLG1	c27
0.398508356267492	0.586430057849083	0.01	0.006	1	USP35	c27
0.542229409157352	-0.586268135000158	0.021	0.028	1	TIPIN	c27
0.597862536875553	0.58614626450415	0.021	0.016	1	PRR11	c27
0.070032529228889	0.586092870716657	0.026	0.012	1	MYOM2	c27
0.496133539454311	-0.585847997288485	0.216	0.241	1	MRPL38	c27
0.513160500117958	-0.585804149420626	0.124	0.107	1	ING4	c27
0.0781885411601482	-0.585725196124166	0.186	0.243	1	SUN2	c27
0.0486215650143131	0.584897850284208	0.32	0.27	1	APPL1	c27
0.959909111503303	-0.58453645653835	0.021	0.021	1	SNHG21	c27
0.0300305550003282	-0.584527865460808	0.021	0.057	1	AL392172.1	c27
0.0513182118815505	-0.584265257451288	0.381	0.431	1	SSB	c27
0.0722970380270902	0.584227027991437	0.149	0.114	1	LHPP	c27
0.73888219235493	-0.584212235810123	0.046	0.041	1	UTP25	c27
0.786143388449754	-0.584199969135081	0.036	0.04	1	LRSAM1	c27
0.725457461356898	0.584001408202647	0.088	0.083	1	MTOR	c27
0.00143639846026012	0.583130489758127	0.175	0.106	1	OGT	c27
0.00089480976278408	0.582959670519405	0.5	0.422	1	PCBP1	c27
0.00711017565684903	0.582890211858268	0.289	0.217	1	SNW1	c27
0.0192306609734046	0.58237725773772	0.093	0.055	1	RPS6KC1	c27
0.647282200613415	-0.582373801989349	0.031	0.037	1	PIGV	c27
0.146180531759755	-0.582277432589457	0.113	0.153	1	SUCLG2	c27
0.0166430059869298	0.582265714885198	0.247	0.189	1	UBA1	c27
0.346275649114683	0.582111845992311	0.01	0.005	1	E2F2	c27
0.267891164551503	-0.582101934831834	0.041	0.061	1	GOLGA1	c27
0.420488333476299	-0.582049545361382	0.01	0.018	1	MFAP3	c27
0.291982126046585	0.581912137727743	0.072	0.056	1	CTDP1	c27
0.0173419190983043	-0.581806453950847	0.103	0.172	1	PIGP	c27
0.144754204665929	-0.581707594591553	0.351	0.391	1	YWHAQ	c27
0.543338380274982	-0.581561821253906	0.026	0.034	1	DCAF1	c27
0.0181273750630041	-0.581560060389925	0.108	0.177	1	GLMP	c27
0.0401328075465639	-0.581473912807223	0.036	0.076	1	USP25	c27
0.490166207854306	-0.58121250457241	0.17	0.189	1	NUMA1	c27
0.143900999016933	-0.581090508990159	0.253	0.299	1	MED10	c27
0.629350388977911	-0.580940113227581	0.129	0.142	1	COA1	c27
2.98021046753828e-06	0.580366497204844	0.211	0.104	0.109078683322369	GPR183	c27
0.387619838673929	-0.580265173258566	0.067	0.085	1	GOT2	c27
0.00989038555221604	0.580184236667429	0.299	0.236	1	DOCK2	c27
0.513629917009064	0.579676478139479	0.015	0.022	1	MYPOP	c27
0.837646305321467	-0.579616714650918	0.103	0.109	1	CDK13	c27
0.0504332182645508	0.579587882363945	0.232	0.186	1	STAG2	c27
0.00958505073694374	-0.579294284226554	0.031	0.084	1	RRAS	c27
0.0649018897141803	-0.579253171401079	0.634	0.639	1	HCST	c27
0.596324348949833	-0.579071091337238	0.052	0.061	1	TAF8	c27
0.0321753073227044	0.579047958550692	0.206	0.158	1	CHCHD3	c27
0.635779093844375	-0.578949373938699	0.015	0.02	1	FAAP24	c27
0.106726666968065	-0.578900611088443	0.304	0.356	1	IMP3	c27
0.00736571686441306	-0.578694124051847	0.149	0.236	1	MMP24OS	c27
0.462833860981718	-0.578575572042087	0.036	0.048	1	ENTPD3-AS1	c27
0.253250255767453	0.578461735516099	0.015	0.008	1	CYB5D1	c27
0.00906495562630136	-0.578381208512283	0.268	0.348	1	MEA1	c27
0.0835422778050389	0.578250148968953	0.17	0.133	1	DDX54	c27
0.000239368089813529	0.578245921728305	0.031	0.008	1	MYEF2	c27
0.987567509990315	0.577922475782922	0.098	0.101	1	BRD7	c27
0.0133244000287336	-0.577744108524863	0.057	0.117	1	CCDC93	c27
0.206595669217687	-0.577732650043359	0.021	0.038	1	HMGB3	c27
0.734401222848124	0.57772049438764	0.021	0.018	1	BCL2L2	c27
0.347809804741512	0.577710557203618	0.046	0.034	1	PDCD2L	c27
0.448284326162905	0.577676574645263	0.036	0.027	1	ZNF248	c27
0.924478295361766	0.577603903191462	0.124	0.133	1	MOB3B	c27
0.493301924133793	0.577422800219084	0.031	0.023	1	PROSER3	c27
0.0256052589152223	0.577181866204582	0.155	0.107	1	MPPE1	c27
0.647273206376207	0.577072343458784	0.062	0.055	1	KBTBD2	c27
0.97707491959169	-0.576869510958131	0.021	0.021	1	METAP1D	c27
0.000474691161756268	0.576729751728994	0.423	0.327	1	FLOT1	c27
0.586104424943277	-0.576541114986552	0.021	0.027	1	SH3BP5L	c27
0.80004637037781	-0.576499614550235	0.031	0.034	1	NUDT8	c27
0.310051696816836	0.576496424556363	0.041	0.059	1	ZNF331	c27
0.826096219281346	0.57624825208955	0.036	0.034	1	PAN2	c27
0.967612339892156	0.576203765743128	0.082	0.087	1	PLEKHM2	c27
0.41681158027814	0.576173941171148	0.093	0.08	1	FAM214B	c27
0.230135806964896	0.576106937518095	0.046	0.07	1	TLR8	c27
0.0688301551267328	-0.576099138506665	0.036	0.071	1	ODR4	c27
0.00737219045678226	0.576064812645129	0.222	0.159	1	GRPEL1	c27
0.000762224459655841	-0.575865997935142	0.139	0.071	1	LAG3	c27
0.329921475987132	-0.575550454190112	0.062	0.083	1	ABRAXAS2	c27
0.473655032666962	-0.575511168843413	0.036	0.047	1	OPA3	c27
0.425855146081563	0.575429350996825	0.015	0.025	1	PUS10	c27
0.333223397696614	-0.575404995788594	0.021	0.033	1	INCENP	c27
0.0355791290917009	0.575371476110351	0.361	0.306	1	DUSP23	c27
0.0202256516437483	-0.57470980438791	0.206	0.285	1	MRPS18B	c27
0.978796527785263	-0.57461603390404	0.036	0.036	1	LRRC14	c27
0.712327531761707	0.574501199149676	0.021	0.025	1	GALNT4	c27
0.348259670075015	0.574245341161815	0.165	0.148	1	TDG	c27
0.000262716682716784	0.573839270534255	0.124	0.06	1	PRKX	c27
0.0924865281422356	0.573596394669188	0.18	0.144	1	NFYC	c27
0.000524834197687445	0.573510721545494	0.052	0.018	1	REC8	c27
0.00449148308446133	-0.573389197498708	0.098	0.178	1	GIMAP2	c27
0.286544812203402	-0.573101024909608	0.041	0.028	1	TSPOAP1-AS1	c27
0.0447281794213932	-0.573073294563096	0.18	0.243	1	STOM	c27
0.295342555777806	-0.572940674733634	0.072	0.095	1	MTAP	c27
0.0329745169781454	-0.57285991347674	0.103	0.165	1	GSS	c27
0.0312063368133965	0.572524942235385	0.134	0.092	1	DDX52	c27
0.300871599517744	-0.57210753192243	0.139	0.113	1	CCNL2	c27
0.00356376514690704	0.572100112361089	0.082	0.041	1	NPIPB5	c27
0.0174435488117162	0.571835755686894	0.072	0.039	1	FARP2	c27
0.611310378440406	0.571705262945938	0.046	0.056	1	LINC01410	c27
0.326180362670519	0.571695435775766	0.052	0.038	1	EPG5	c27
0.519089168014859	-0.571617348530797	0.16	0.18	1	XPA	c27
0.634006597214179	-0.571393526839076	0.052	0.06	1	ZBTB33	c27
0.00540447804152037	0.571356729866634	0.299	0.228	1	DHPS	c27
0.694742431489147	-0.570850456688132	0.026	0.03	1	TMIGD2	c27
0.558581707977985	-0.570776482016794	0.072	0.062	1	MMS19	c27
0.000484213917491524	-0.570669692825233	0.088	0.188	1	CALU	c27
6.04997046031291e-05	0.570528108080493	0.443	0.326	1	DNAJC15	c27
0.64985570538983	-0.570516866361098	0.186	0.192	1	DDIT4	c27
0.316704505794338	0.570438479906013	0.067	0.052	1	RPS6KB1	c27
0.514746394752546	0.570264110173654	0.015	0.023	1	AC078883.1	c27
0.14514500531253	-0.569891232174024	0.113	0.083	1	EED	c27
0.951706113603012	-0.569740490169309	0.052	0.051	1	DDX20	c27
0.320602869467457	0.569496602933269	0.021	0.013	1	AC103591.3	c27
0.533874228822073	-0.569466899840206	0.01	0.016	1	C1orf159	c27
0.246825653685513	0.568772163276103	0.093	0.073	1	TSR3	c27
0.420967487551954	-0.56866865509193	0.273	0.224	1	RIPOR2	c27
0.0094216237874702	-0.568543075930417	0.17	0.258	1	STAU1	c27
0.790633376250319	-0.568472303745281	0.067	0.072	1	PIKFYVE	c27
0.0937909631282025	0.568387334178264	0.062	0.039	1	TNK2	c27
0.587694891524121	-0.568315260926541	0.031	0.038	1	ULK4	c27
0.171997070143251	-0.568250973409463	0.01	0.026	1	CHROMR	c27
0.660389056970244	0.568160991849834	0.031	0.026	1	SMURF1	c27
0.0941917604101635	-0.568119852924787	0.021	0.009	1	IL9R	c27
0.77131400286594	0.56801280807401	0.165	0.165	1	PDLIM7	c27
0.00941966326507518	0.567988830568874	0.067	0.033	1	AC073332.1	c27
0.0211150256677944	-0.567975237953919	0.072	0.13	1	MRPL58	c27
0.999830377127367	-0.567831356475008	0.031	0.031	1	MPP5	c27
0.526250155368222	0.567651720811723	0.052	0.043	1	OTULIN	c27
0.436480638845472	0.567633818997664	0.041	0.032	1	INO80B	c27
0.00198211802182588	-0.567601442624265	0.062	0.141	1	PCNA	c27
0.148507076954421	-0.567268496993361	0.134	0.177	1	SLAIN2	c27
0.0494230579604974	0.56712040100616	0.124	0.085	1	UHRF1BP1L	c27
0.417881950934175	-0.567109969712597	0.01	0.018	1	HGH1	c27
0.584526603601022	-0.567070164064945	0.052	0.061	1	NEK1	c27
7.69040678609652e-05	0.566872824281213	0.552	0.436	1	HADHA	c27
0.424576407155827	0.566780599865989	0.021	0.014	1	SHLD3	c27
0.0155473944081517	-0.566767104705049	0.021	0.064	1	PSD3	c27
0.299833353781437	0.566719937140058	0.067	0.051	1	LTO1	c27
1.18028243353467e-05	0.566544461480643	0.314	0.186	0.431995173498026	R3HDM4	c27
0.859384942200739	0.566529505018939	0.057	0.061	1	IL1B	c27
0.0379987290707454	0.566519055183718	0.227	0.177	1	WIPI2	c27
0.133966499610379	-0.566387529610379	0.052	0.083	1	SMUG1	c27
0.0207670213929581	0.566305115698747	0.34	0.282	1	BUD31	c27
0.427632024923667	-0.566297948862235	0.211	0.236	1	RNF5	c27
0.99135893591481	0.566072773257573	0.01	0.01	1	SULT1B1	c27
0.0234144381196133	0.565657158881876	0.021	0.007	1	HIST1H4H	c27
0.409364877557145	-0.565653466768661	0.077	0.062	1	C21orf91	c27
0.0427677536204751	0.565555972138161	0.01	0.003	1	CUBN	c27
0.288945153601855	-0.565306433815471	0.139	0.169	1	ITPR2	c27
0.00421795880821427	-0.565209417912424	0.387	0.458	1	ZNF706	c27
0.503686934377351	-0.565172251653409	0.314	0.336	1	DDX18	c27
0.123723466563126	-0.564585350987297	0.088	0.06	1	HIST1H2AC	c27
0.516409289916417	-0.564259444668048	0.026	0.034	1	ZNF85	c27
0.355445319251971	-0.564244085056236	0.057	0.074	1	ATF2	c27
0.416501440278998	-0.564235009154761	0.041	0.031	1	ZNF692	c27
0.143526975394556	-0.564130428474132	0.026	0.049	1	C9orf64	c27
0.218643730406508	-0.564114585532561	0.196	0.238	1	SDHA	c27
0.244934907774372	0.563759326581279	0.139	0.117	1	BCL2L13	c27
0.55717633065959	-0.563750202667784	0.072	0.061	1	ARHGEF9	c27
0.838593533463519	-0.563627118069976	0.01	0.012	1	GRAP	c27
0.912073293146175	0.563586792333975	0.077	0.083	1	CLN8	c27
0.954711674405795	-0.563477970317308	0.015	0.016	1	RTL6	c27
0.493808357403555	-0.562947643884443	0.052	0.064	1	MCPH1	c27
0.0436214924494018	0.562787678887923	0.062	0.035	1	C1orf109	c27
0.035488049850081	0.562671244300202	0.191	0.141	1	RELA	c27
0.000804045826714878	0.562556536612547	0.284	0.195	1	CCS	c27
0.810799944901637	0.562546106312061	0.103	0.101	1	ERAL1	c27
0.0153476691350584	0.561936658824673	0.175	0.123	1	NSMAF	c27
0.137449404737569	0.561893084730327	0.088	0.062	1	MCM7	c27
0.136156119222941	-0.561880043786626	0.144	0.187	1	RBBP6	c27
0.508944478613572	0.561526007012003	0.082	0.072	1	TRAPPC11	c27
0.292595631791999	0.561434053595585	0.062	0.047	1	PHTF1	c27
0.499698235091683	-0.561111513007174	0.082	0.097	1	SMIM27	c27
0.0063032675680869	-0.560973813806179	0.077	0.152	1	MAN1A1	c27
0.09794575185281	-0.56070711144548	0.041	0.073	1	VRK1	c27
0.549917873369905	0.56054127713343	0.026	0.034	1	TMEM177	c27
0.0217799274665367	0.560408381720708	0.237	0.177	1	ALG3	c27
0.429793155954264	0.560391919767435	0.026	0.018	1	EIF4E3	c27
0.221836469555126	0.560389668111775	0.098	0.076	1	LRRC41	c27
0.616546966232222	0.560366974770422	0.031	0.039	1	NUDT19	c27
0.357676442579935	0.560358888828397	0.031	0.022	1	AP003307.1	c27
0.574011747746004	0.560348924880576	0.119	0.108	1	UQCC3	c27
0.000414600960021469	0.560246217912208	0.314	0.222	1	HNRNPD	c27
0.0688743009325965	0.560245705500521	0.186	0.145	1	USP48	c27
4.87501221312185e-05	0.559894928308156	0.428	0.322	1	PPA1	c27
0.0307076182747881	0.559796393184357	0.237	0.185	1	LRRFIP2	c27
0.092189981963284	0.559782281176019	0.093	0.062	1	ATP2A3	c27
0.288394158906928	0.559605443941173	0.186	0.166	1	COA5	c27
0.218350543978126	-0.559535737389066	0.031	0.051	1	ZBTB45	c27
0.343880082800636	0.558987117411831	0.149	0.184	1	RBM47	c27
0.798981000306112	-0.558872967372307	0.01	0.012	1	ZNF222	c27
0.0136772136077086	-0.558820981002065	0.098	0.169	1	LINC00963	c27
0.00949936566331291	-0.558582911222897	0.17	0.258	1	KAT8	c27
0.358428403393848	-0.558564560608774	0.088	0.109	1	RPP38	c27
0.0464457186804231	-0.558517450793044	0.052	0.095	1	BDH2	c27
0.000260561139630969	0.558508651631345	0.598	0.483	1	ATP5MPL	c27
0.000566772072776828	0.5584803075639	0.299	0.205	1	DCP2	c27
0.222716870619604	-0.558263961610828	0.155	0.189	1	CAPN1	c27
0.0224683212566483	-0.5582631022128	0.191	0.268	1	IER3IP1	c27
0.52789181322374	0.558194103671479	0.01	0.016	1	WDR35	c27
0.226130367496058	0.558165063123155	0.18	0.157	1	UBR4	c27
0.971301745616243	-0.558055234288697	0.052	0.052	1	MSL2	c27
0.00160358075331188	0.557836551801927	0.216	0.144	1	PHF20L1	c27
0.191362148985731	-0.557765194597029	0.01	0.025	1	KAT14	c27
0.830894217444074	-0.557706260988472	0.067	0.071	1	RUSC1	c27
0.74391212921564	-0.557653782193098	0.057	0.063	1	USP24	c27
0.00816350348801786	-0.557499083327988	0.067	0.134	1	TUBB2A	c27
0.773096463552295	0.557392502043645	0.093	0.09	1	SLC39A4	c27
0.000742197642450593	0.557219664358206	0.031	0.008	1	SRGAP3	c27
0.854119791654493	-0.557150084458673	0.067	0.07	1	UBXN2A	c27
0.930065655909696	0.556677219216428	0.031	0.032	1	MINCR	c27
0.709258495050275	0.556078045113006	0.021	0.017	1	F5	c27
0.233726778977192	-0.556033444187534	0.031	0.05	1	MFSD3	c27
0.213073884948574	0.556001185490909	0.062	0.044	1	CDK19	c27
0.132765000466075	-0.555992676805157	0.098	0.137	1	GPN3	c27
0.843126324045599	0.555821082220439	0.149	0.152	1	TAOK1	c27
0.0507916036348593	-0.555816852890283	0.077	0.125	1	C11orf1	c27
0.728587313944502	-0.555512647996421	0.046	0.041	1	PPOX	c27
0.693721558572624	-0.555457021177803	0.062	0.055	1	PPP3CB	c27
0.000534656515998175	0.555138698420719	0.485	0.394	1	VDAC1	c27
0.913148087689051	0.555017727318158	0.093	0.099	1	GRK6	c27
0.680302391327262	-0.554994678714875	0.057	0.064	1	SLC35C1	c27
0.737030579330185	-0.554977493410543	0.103	0.095	1	UBQLN2	c27
0.0453281217936338	-0.5549738121667	0.031	0.068	1	B9D2	c27
0.00612776235163701	0.554953209836591	0.052	0.022	1	TAF9B	c27
0.393812272821052	-0.55475949070057	0.206	0.23	1	NOP58	c27
0.137360462066944	0.554636858938914	0.01	0.004	1	C18orf54	c27
0.257573687082454	-0.554449179706404	0.088	0.116	1	TRAP1	c27
0.165643884114542	-0.554080467047111	0.696	0.747	1	MT-ATP8	c27
0.278715736059004	-0.553992530066965	0.005	0.014	1	TTC28	c27
0.520442378862055	-0.553623825714056	0.01	0.016	1	ZNF16	c27
0.770893701561429	-0.553316067433569	0.036	0.04	1	ZER1	c27
0.422028475064326	-0.553185915117364	0.067	0.054	1	MTMR4	c27
0.000632800202086524	0.553067264670375	0.387	0.286	1	IDH3G	c27
0.174481777902606	0.552848870767446	0.093	0.133	1	KCNE3	c27
0.224390469013736	-0.552782365899847	0.036	0.057	1	CASP10	c27
0.456068968842992	-0.55266720138609	0.01	0.006	1	MYO1D	c27
0.00227872737163247	0.55266201756532	0.407	0.324	1	MRPL52	c27
0.000615700134404533	0.552141418595561	0.345	0.25	1	PTBP3	c27
0.000510513855432899	0.551902789330464	0.402	0.305	1	TPP1	c27
0.00805431767162382	0.551670245156481	0.031	0.011	1	LINC00954	c27
0.192358145006526	0.551621482421724	0.134	0.108	1	TRPT1	c27
0.216094697902313	0.551591648229207	0.036	0.023	1	ZNF142	c27
0.356468400536913	-0.55154151935359	0.165	0.192	1	MAD1L1	c27
0.929913930330208	-0.551281526962243	0.01	0.01	1	ZNF888	c27
0.00811421634359683	-0.551114402993182	0.031	0.086	1	FAIM	c27
0.502614689304226	-0.55102497631995	0.067	0.081	1	QTRT2	c27
0.0258829429545152	-0.551015009628858	0.16	0.105	1	KIAA0040	c27
0.426978431062714	-0.551014553071883	0.036	0.027	1	ALDOC	c27
0.0325278177539863	-0.550855763499962	0.155	0.221	1	MAPKAPK5-AS1	c27
0.0501171645474074	-0.550829499565739	0.098	0.149	1	RNFT1	c27
0.981213863993254	-0.550656388703241	0.046	0.047	1	RIOX1	c27
0.408034782567527	0.550647618102298	0.015	0.025	1	EXTL3	c27
0.819166872928499	0.55045716399087	0.052	0.048	1	TAOK2	c27
4.70025970355084e-06	0.550438702022692	0.222	0.114	0.172034205409664	CCDC69	c27
0.827855320997386	-0.549738172247389	0.119	0.113	1	PLRG1	c27
0.00564560799514516	-0.549567557379454	0.201	0.291	1	NANS	c27
0.0526740166158905	0.549387039305587	0.191	0.145	1	PDPK1	c27
0.156044162632182	-0.549208581860042	0.108	0.146	1	DTX3L	c27
0.000205669708467408	0.548949771981869	0.294	0.197	1	PPP1CB	c27
0.488205603034656	-0.548665496700772	0.01	0.017	1	P2RX5	c27
0.040321895898211	-0.54841445142428	0.093	0.147	1	RDH11	c27
0.0139952025627515	-0.548344203656741	0.108	0.182	1	SAR1A	c27
0.509135171089402	-0.548197658819915	0.036	0.046	1	SPSB2	c27
0.613597341432835	0.547952092304758	0.088	0.08	1	TRAPPC8	c27
7.07574295436528e-06	0.547547111587634	0.268	0.154	0.258979267872724	BHLHE40	c27
0.494581003127624	-0.547166140027187	0.026	0.019	1	PHLDB3	c27
4.51807301026242e-05	0.547143929267868	0.278	0.174	1	HDAC2	c27
2.31289046819355e-05	0.546942330375317	0.17	0.084	0.84654104026352	NCOA3	c27
0.0184964181881622	0.54656864573285	0.077	0.043	1	DSTYK	c27
0.448892781099007	-0.546481538845159	0.196	0.22	1	PSMC6	c27
0.12516960630656	0.546329026551217	0.098	0.071	1	FOPNL	c27
0.669355916945618	0.546227234113982	0.031	0.026	1	LSM14B	c27
0.256823750050681	-0.546101958020545	0.021	0.036	1	BBS4	c27
0.415711495686533	-0.545726833285639	0.015	0.025	1	PRKCE	c27
0.000857667875986087	-0.545450874540335	0.206	0.317	1	ZBTB8OS	c27
0.361306731946856	0.545245863358018	0.098	0.082	1	SCAF1	c27
0.957105067348131	-0.545203734483426	0.01	0.01	1	ZNF283	c27
0.226692992627954	-0.545156633120867	0.015	0.031	1	NAXD	c27
0.989358884982996	0.544810396920268	0.263	0.284	1	COA3	c27
0.50332872672496	-0.544743896465997	0.005	0.01	1	BX537318.1	c27
0.0172147489285723	-0.544686956017014	0.247	0.32	1	HCFC1R1	c27
0.628733935291601	-0.544309016248167	0.046	0.054	1	SAMD8	c27
0.877227189267096	-0.544184090608461	0.021	0.022	1	TIMELESS	c27
0.954655225409435	0.543797951174692	0.041	0.041	1	CNPY4	c27
0.000436224813977432	0.543551296365029	0.191	0.113	1	PHTF2	c27
0.471468730515765	-0.543470224861451	0.103	0.121	1	ANKLE2	c27
0.00103739555986516	0.543400058146734	0.314	0.227	1	CDK5RAP3	c27
0.258023585031442	-0.543391646754488	0.015	0.029	1	FOXK1	c27
0.233501098188962	0.543167856187933	0.021	0.011	1	CSRNP2	c27
0.847425936072095	-0.54302077281811	0.036	0.039	1	ZMYM1	c27
0.866462635465553	-0.542822868982392	0.026	0.028	1	ZNF814	c27
0.36272975567676	0.542750268163168	0.206	0.188	1	NSRP1	c27
0.0970943021743348	0.542513323787003	0.325	0.284	1	MFSD1	c27
0.295061147023399	-0.542493740370782	0.088	0.111	1	MED11	c27
0.00027760162477588	-0.54244049407328	0.485	0.569	1	CIB1	c27
0.793907293374617	-0.541628566885735	0.191	0.196	1	FNTA	c27
0.765350912572927	-0.541605743599339	0.046	0.042	1	ZNF821	c27
0.77568763007357	0.541377784112405	0.165	0.163	1	KARS	c27
0.0940484957610531	-0.54134557879049	0.077	0.119	1	VAMP4	c27
0.689784844067522	-0.541207674011085	0.046	0.053	1	C7orf26	c27
0.00277921063367797	-0.541168696326136	0.335	0.429	1	SRI	c27
0.803856095971851	-0.54111319036179	0.01	0.009	1	ALG10B	c27
0.936993978340189	0.540797885588964	0.046	0.048	1	ZNF141	c27
0.0432560965735881	0.540504322249991	0.124	0.084	1	SCYL2	c27
0.00398618764783723	0.540470048335302	0.17	0.108	1	SCAF4	c27
0.00880897328781091	0.540287477971029	0.082	0.044	1	HIST1H2BK	c27
0.00168144943573854	0.54020326080733	0.253	0.174	1	AP3B1	c27
0.514336980012385	0.540184360802591	0.057	0.071	1	ABHD8	c27
0.00254722056917254	0.540169372367345	0.582	0.495	1	ARRB2	c27
0.647065398140346	-0.539750422772088	0.041	0.048	1	ZFY	c27
0.0378750430549289	0.539727558530581	0.113	0.074	1	RICTOR	c27
0.985552485637012	-0.539642297064364	0.103	0.104	1	IFT57	c27
5.43847908868627e-05	0.539579364783528	0.675	0.518	1	BLOC1S1	c27
0.0469338350241495	0.539558769057047	0.021	0.008	1	HIST1H4E	c27
0.0737432486737407	-0.539539768988484	0.062	0.037	1	TNFRSF18	c27
0.333811826635033	0.539482728374032	0.021	0.034	1	PI4K2B	c27
0.133054518388612	0.539437325823814	0.015	0.036	1	DDIAS	c27
0.767116871101964	0.539392680654238	0.062	0.058	1	BRAP	c27
1.06419642525302e-05	0.539244512843251	0.026	0.004	0.389506533606859	PLEKHG1	c27
0.941422158768012	-0.539089445706805	0.155	0.156	1	RNF113A	c27
0.108400252383616	0.538940053221832	0.134	0.103	1	CHST11	c27
0.988453379070426	0.538914485888393	0.041	0.042	1	TMEM250	c27
0.945756754269869	0.538722767470363	0.041	0.041	1	ZNF429	c27
0.0077979315410662	0.538643842457924	0.191	0.129	1	CSNK2A1	c27
0.880780559240705	-0.538616770757343	0.072	0.075	1	CRYZ	c27
0.894595087727914	0.538487848393588	0.021	0.019	1	ERF	c27
0.738176253398961	-0.538411411786626	0.036	0.041	1	PDHX	c27
0.1323476218277	-0.538394228027737	0.031	0.017	1	CMTM8	c27
0.15619809736326	-0.538106121888578	0.144	0.185	1	ATIC	c27
0.0630668046330881	-0.53778227841568	0.124	0.084	1	SLC4A7	c27
0.952069862897897	0.537738822760334	0.026	0.027	1	MAPKBP1	c27
0.368066677555076	0.537664171912915	0.052	0.07	1	FBXO42	c27
0.73645331159303	-0.537638093569497	0.036	0.032	1	TBC1D13	c27
0.872293663037241	-0.537386263470745	0.046	0.044	1	PAXBP1	c27
0.478604960738258	-0.537300779973102	0.165	0.186	1	HIKESHI	c27
0.173196650402337	0.537209642509677	0.149	0.124	1	HPS5	c27
0.0259181820656739	0.537167471983746	0.021	0.007	1	AL133477.2	c27
0.225972112359128	0.537165236842379	0.18	0.153	1	DICER1	c27
0.0484042941695191	0.536932474793566	0.129	0.09	1	SUZ12	c27
0.0767263537734352	-0.536821691382579	0.134	0.187	1	LCMT1	c27
4.19276360975817e-05	-0.536665692098143	0.562	0.605	1	NDUFS5	c27
0.332935383182796	0.53650368609348	0.077	0.062	1	LFNG	c27
0.0772618422732322	-0.536494181982352	0.289	0.35	1	MCUB	c27
0.000944227313537358	0.536349037486138	0.191	0.118	1	MARS	c27
0.00545634698543657	0.536193772679905	0.237	0.167	1	ZFC3H1	c27
0.180011182609425	0.536074492714614	0.113	0.087	1	PSPC1	c27
0.31382370727844	0.536055733376177	0.201	0.184	1	TMEM70	c27
0.438554124981218	0.53598563082645	0.015	0.01	1	RAB38	c27
0.0726651150091573	-0.535927143149407	0.268	0.329	1	HAX1	c27
0.889505352628595	-0.535882809708879	0.093	0.09	1	HBS1L	c27
0.903818387486521	-0.535804862574943	0.088	0.084	1	CREBZF	c27
0.000372771963959005	0.535802764652479	0.418	0.321	1	APH1A	c27
0.844785513339846	-0.535688471495028	0.113	0.118	1	PURA	c27
0.597874775777169	-0.535575800029095	0.021	0.027	1	LINC00174	c27
0.0194196758312875	-0.535549556441677	0.469	0.497	1	ECH1	c27
0.416130558967115	0.535514806075098	0.093	0.079	1	MSL1	c27
0.619340971649983	-0.535447603401997	0.149	0.164	1	UBLCP1	c27
0.348867577893878	-0.535366207869269	0.041	0.029	1	WAKMAR2	c27
0.622629117388544	-0.535347668997352	0.093	0.103	1	BET1L	c27
0.494657599854303	0.535029237786677	0.082	0.101	1	CPD	c27
0.0844739918776786	-0.534912675023283	0.093	0.139	1	DGLUCY	c27
0.0303623923439375	-0.534884068596733	0.057	0.105	1	NUDT9	c27
0.604902122015622	-0.53486419606462	0.01	0.015	1	UPK3BL1	c27
0.36805759305527	0.53483920258749	0.036	0.026	1	ZNF337	c27
0.947487674313112	0.534716487333125	0.134	0.142	1	DAPK1	c27
0.160255099038676	0.534451646506681	0.041	0.025	1	APOBEC3F	c27
0.960709430856935	-0.534343368829591	0.015	0.016	1	IPPK	c27
0.937247362753265	0.534296738287587	0.036	0.035	1	LEMD2	c27
0.874580059226564	-0.534144809355696	0.428	0.392	1	SEPTIN6	c27
0.0757456935373186	-0.534044153718223	0.026	0.056	1	MARVELD1	c27
0.0393837773610233	-0.53396088013413	0.33	0.385	1	GPI	c27
0.542801258416872	0.533808062193808	0.026	0.034	1	NDUFAF5	c27
0.660791373159274	0.533308063311067	0.01	0.014	1	ZNF219	c27
0.356775070990475	0.532980546962976	0.17	0.153	1	SGK3	c27
0.0268018826372956	-0.532583155684528	0.031	0.073	1	SLC2A9	c27
0.0303612251283938	0.532459359609283	0.201	0.149	1	IL27RA	c27
0.9086009441116	0.532199310962981	0.01	0.01	1	XYLB	c27
0.563552743507506	0.532171392457834	0.082	0.074	1	HEIH	c27
0.476296482040671	0.53201147651466	0.046	0.037	1	ZNF668	c27
0.829738466020289	-0.531972506077534	0.041	0.044	1	ZNF138	c27
0.0206053100636795	-0.531863696429228	0.201	0.278	1	PCBD1	c27
0.852010161286642	0.531855447764668	0.036	0.034	1	ZNF181	c27
0.470529748245619	0.531813453226962	0.108	0.096	1	RARS	c27
0.33550121875652	0.531782098660201	0.124	0.158	1	LRMDA	c27
0.615935803593581	0.531772979560192	0.021	0.026	1	TOP3B	c27
0.000985107964849841	0.531750492409398	0.103	0.051	1	FAM98B	c27
0.0549580439691377	0.53169637736539	0.062	0.036	1	ATXN1L	c27
0.174525665624186	-0.531662875339753	0.021	0.04	1	WWC2	c27
0.848391038719203	-0.531534828750125	0.041	0.044	1	FRMD8	c27
0.110165164367204	-0.531484971490165	0.124	0.167	1	PYM1	c27
0.894438089788205	-0.531439775575278	0.077	0.08	1	PPM1A	c27
0.445781212081095	0.531347518641832	0.031	0.023	1	FAM193B	c27
0.117579702166132	-0.531206440100314	0.082	0.055	1	APBA3	c27
0.724306761923427	-0.531110638960283	0.211	0.22	1	ZNF800	c27
0.8177538889395	0.531070599626544	0.067	0.064	1	UBE2S	c27
5.76959459017266e-06	-0.530947176787993	0.119	0.28	0.21117293159491	C5AR1	c27
0.00031297723152138	0.530770497657091	0.376	0.265	1	CCNL1	c27
0.101349333916188	0.530527994247346	0.041	0.024	1	PANX1	c27
0.127690794033069	0.53042871715212	0.026	0.013	1	CCDC146	c27
0.229047645940972	0.530314415167883	0.01	0.004	1	NEURL2	c27
0.433696572469274	-0.53004907646922	0.015	0.024	1	THAP2	c27
0.695908108926643	0.53002604271791	0.155	0.152	1	DLD	c27
0.829676043619537	-0.52924858193411	0.088	0.092	1	NUP210	c27
0.2337727582275	-0.52915450327402	0.253	0.212	1	KMT2A	c27
0.714147629003393	-0.529062336730947	0.015	0.012	1	AC111182.1	c27
8.55662912967884e-08	-0.528850358988024	0.789	0.791	0.00313181182775375	HSP90AA1	c27
0.400405829026872	-0.52871989290186	0.046	0.061	1	SESN1	c27
0.313293892169436	-0.528472656536713	0.139	0.168	1	RNF126	c27
0.453884583631443	-0.528461479800011	0.005	0.011	1	TMPO-AS1	c27
0.292982787782104	0.528360089503328	0.119	0.154	1	PPFIA1	c27
0.0812212869982758	-0.5283435524925	0.082	0.126	1	OXR1	c27
0.955586799259195	-0.528317557713969	0.144	0.146	1	ACADM	c27
0.396466556069024	0.528113205765936	0.005	0.012	1	PMFBP1	c27
0.191930253702791	-0.528112449657486	0.041	0.065	1	KHNYN	c27
0.64005969196591	0.52799980701355	0.026	0.021	1	EVA1B	c27
0.435947725264999	-0.527807461904392	0.015	0.024	1	ECHDC3	c27
0.00052368875284326	0.527787978019723	0.289	0.194	1	NSD1	c27
0.00444451779764187	0.527421127622477	0.098	0.052	1	MTMR10	c27
0.0844430486905069	0.527232402363446	0.211	0.176	1	DYNC1I2	c27
0.537977435947188	-0.527009363147531	0.134	0.151	1	SRRT	c27
0.489596782099182	0.526876339613842	0.031	0.024	1	ATF3	c27
0.901216132924503	-0.526722660611193	0.108	0.105	1	TRANK1	c27
0.871831087132504	-0.526674537754857	0.144	0.149	1	ECI2	c27
0.0798035834931282	0.526526253603251	0.103	0.072	1	TBC1D23	c27
0.118121961213357	0.526360240912442	0.077	0.053	1	P3H1	c27
0.0143422402933302	0.526287346698622	0.191	0.135	1	ZPR1	c27
0.000138871297795187	0.526175852109813	0.412	0.299	1	SEPTIN2	c27
0.0167244293060717	0.526153241118359	0.227	0.17	1	SVBP	c27
0.582608625215903	0.526138164285564	0.067	0.059	1	ELL	c27
0.289243493382084	-0.52606622612148	0.015	0.028	1	SLC26A11	c27
0.0120464913602335	0.525889298648255	0.149	0.098	1	ARID1B	c27
0.000143470875197403	0.525701508870046	0.526	0.419	1	KDELR1	c27
0.352541740256489	0.525670689613353	0.108	0.091	1	SLC35A4	c27
0.209610847015573	-0.525560717809495	0.077	0.056	1	ZNF766	c27
0.280057749778169	-0.525416677058699	0.216	0.252	1	DARS	c27
0.125373476567612	-0.525287607686551	0.366	0.405	1	CALM3	c27
0.4682342618268	-0.525244676381775	0.144	0.125	1	FUBP1	c27
0.960690249493604	0.525084289302536	0.021	0.02	1	KMT5C	c27
0.804998305610576	-0.525009967448681	0.088	0.093	1	MFSD14A	c27
0.510479199725246	-0.524995739801818	0.01	0.016	1	RFC3	c27
0.162178663111301	0.524971328721767	0.057	0.038	1	FEM1C	c27
0.891019227502755	0.524846534344901	0.072	0.071	1	NRAS	c27
0.172199011053202	-0.524778542621648	0.026	0.047	1	CHCHD6	c27
0.34439996352713	-0.524636881098344	0.052	0.069	1	UBE4B	c27
1.18078958212446e-05	0.524481314742806	0.665	0.56	0.432180794953373	ATP5F1B	c27
0.452985170795788	-0.524434792649734	0.01	0.017	1	LLGL1	c27
0.489294614098308	-0.524400021853103	0.082	0.098	1	RPF2	c27
0.678975222923986	-0.524360142652069	0.01	0.014	1	LBHD1	c27
0.285027094504727	-0.524104900531399	0.005	0.014	1	IATPR	c27
0.199300034263695	0.524070641717328	0.026	0.015	1	RAB39A	c27
0.844193304872995	-0.523990779773558	0.015	0.017	1	AC124016.1	c27
0.478271702302359	0.523861202362876	0.046	0.06	1	INPP1	c27
0.709463915810483	-0.523840585641883	0.036	0.031	1	TMEM185A	c27
0.728421940939312	-0.52332409966596	0.031	0.027	1	FAM24B	c27
0.200665836888607	0.523020884474906	0.222	0.196	1	YWHAG	c27
0.289273020238997	-0.522854868848689	0.026	0.041	1	FUZ	c27
0.0613993189767097	0.522233447407754	0.072	0.045	1	PDP1	c27
0.212471253019741	0.521961755024212	0.057	0.04	1	PLCL2	c27
0.432324130845163	0.521780125131766	0.077	0.066	1	BMP2K	c27
0.397847023965903	-0.521689917605208	0.129	0.151	1	TRNAU1AP	c27
0.689688842024812	-0.521000455990601	0.026	0.022	1	PPBP	c27
0.881198454356298	-0.520965530451633	0.036	0.038	1	ZC3H12A	c27
0.0323885950137928	0.520895396799453	0.186	0.137	1	PCF11	c27
0.843218741215616	-0.520806520474087	0.015	0.014	1	CHAC2	c27
0.0664829544499633	-0.520761150893901	0.253	0.322	1	XBP1	c27
0.0311511259563051	-0.520737892878902	0.32	0.379	1	DSTN	c27
0.000338747927776514	0.520587369659276	0.103	0.048	1	OSBPL3	c27
0.737715230352155	0.520486799344015	0.01	0.008	1	HHAT	c27
0.226300458533204	-0.52045314529458	0.052	0.075	1	ECD	c27
0.191571927057309	0.520379942992783	0.196	0.168	1	SFT2D2	c27
0.065911241297784	0.520343866113677	0.165	0.125	1	THOC6	c27
0.645439508635212	-0.520072477619439	0.082	0.093	1	CHTF8	c27
0.015322395046305	0.520023247395343	0.119	0.073	1	SURF6	c27
0.980789019978886	0.519722909122371	0.113	0.117	1	DPP9	c27
0.823444750249238	-0.519707727731624	0.067	0.071	1	PRPSAP2	c27
0.498463779814581	-0.519574595145365	0.026	0.035	1	LSS	c27
0.871980600591649	0.519369619416898	0.052	0.05	1	RAB30-DT	c27
1.46522785194792e-05	0.519319122399006	0.206	0.108	0.53628804609146	NUTM2B-AS1	c27
0.672752625775476	-0.518961189942305	0.01	0.014	1	NOMO2	c27
0.330307372560158	0.518939767239007	0.031	0.021	1	ZNF606	c27
0.856647130536803	-0.518895465968204	0.01	0.012	1	STARD9	c27
0.00648453195582497	0.518868770249411	0.268	0.199	1	AAMP	c27
0.00758186993689071	0.518815305283614	0.309	0.241	1	CNDP2	c27
0.776693037970912	0.518746655190213	0.031	0.035	1	TIMM8A	c27
0.477430644545666	0.518607242319847	0.036	0.048	1	SNX11	c27
6.27945511698581e-05	-0.518524599281114	0.093	0.218	1	RENBP	c27
0.932566694840138	-0.518427475096567	0.098	0.097	1	PPIL3	c27
0.0563061003116279	0.518295952886666	0.309	0.262	1	SRSF9	c27
0.0339511894225597	0.518254619705947	0.144	0.099	1	ANKRD49	c27
0.0388326297491913	-0.518085210619338	0.206	0.277	1	GSDMD	c27
0.617930905962734	-0.518069884875612	0.129	0.144	1	GGA1	c27
0.15220252327672	0.517948154963789	0.021	0.042	1	MFSD13A	c27
0.901736234287012	-0.517258221100554	0.01	0.011	1	NPHP4	c27
0.21568137863226	-0.517141204693828	0.046	0.069	1	MBD6	c27
0.0869370631656083	0.516901205727529	0.015	0.006	1	HIST1H3H	c27
0.0673102267075829	-0.516854182357239	0.031	0.064	1	MAIP1	c27
0.545505567731859	-0.516519683599762	0.165	0.145	1	LBR	c27
0.0535661877240429	-0.516154389382962	0.237	0.303	1	IRF9	c27
0.105537067464891	0.51608285228945	0.021	0.009	1	CDYL2	c27
0.324886607317235	-0.515952255049666	0.273	0.305	1	TAF1D	c27
0.991460815686725	-0.515822130694328	0.026	0.026	1	MAFK	c27
0.13432181023691	0.51577275025688	0.16	0.129	1	CASC3	c27
0.00436478635381896	0.515418884093941	0.211	0.141	1	CARD8	c27
0.0163153914159147	-0.515415791991572	0.036	0.085	1	HP	c27
0.670117168888363	-0.51535051886628	0.057	0.064	1	TRIM52	c27
0.426417419636997	-0.515226001566037	0.015	0.024	1	AC073896.2	c27
0.651181460125758	0.515161204815203	0.026	0.032	1	SPACA9	c27
0.815662471529444	-0.515083233594224	0.103	0.097	1	CREM	c27
0.0282309301693426	0.515025778326038	0.036	0.016	1	SLC2A13	c27
0.213010079979898	-0.514852574552414	0.031	0.051	1	FAM8A1	c27
0.822628704809079	0.514741697806297	0.026	0.029	1	MTFR1	c27
0.216933984209374	0.514706996157137	0.294	0.26	1	SMCO4	c27
0.972056528414188	0.514429503612274	0.103	0.106	1	ABHD17A	c27
0.777694648761555	-0.514206767240876	0.082	0.087	1	LINC00623	c27
0.0588207332637665	-0.513976934764063	0.052	0.092	1	B4GALT7	c27
0.873801493013397	0.513858080212666	0.031	0.029	1	TMEM63B	c27
0.00573895668721207	0.513680785753816	0.33	0.255	1	MRPL4	c27
1.07390973415368e-05	0.51366612001354	0.515	0.392	0.393061701797587	RSL1D1	c27
0.0204462070309614	0.513562859564042	0.072	0.04	1	CHD1L	c27
0.181036165037533	0.513149271644686	0.108	0.083	1	LARP4B	c27
0.846556178453893	-0.513138424206254	0.227	0.231	1	TNRC6B	c27
0.424009005306237	0.512978676340547	0.005	0.011	1	CHMP4C	c27
7.52506299094386e-05	0.51276241060973	0.247	0.147	1	CMTM3	c27
0.584032545412004	-0.512635519954099	0.026	0.033	1	SLC22A5	c27
0.0074456337697968	0.512417317813256	0.222	0.154	1	UBTF	c27
6.17336326911815e-05	0.512202856200746	0.624	0.421	1	ATP6V0D1	c27
0.376621213442055	-0.512190101833486	0.082	0.066	1	TPD52	c27
0.362550309757554	0.512016496935043	0.119	0.1	1	UBAP1	c27
0.699213064866174	0.511902986358929	0.036	0.032	1	HCFC2	c27
0.942735946601825	-0.511714378800148	0.041	0.04	1	SFMBT2	c27
1.0839637168864e-05	0.51167170170512	0.619	0.419	0.396741560017591	GRINA	c27
0.761601645538207	-0.51162997029206	0.067	0.062	1	TBC1D2B	c27
0.00597741869185231	0.511625505229009	0.067	0.032	1	DHTKD1	c27
0.45079928604647	0.51159450997343	0.077	0.096	1	MFSD14B	c27
0.00301703581258302	0.51159378618958	0.418	0.331	1	CAPZA2	c27
0.869149162397416	-0.511497854847765	0.036	0.038	1	MAK16	c27
0.742491463144733	-0.511490783141624	0.057	0.062	1	SUPV3L1	c27
0.536041465469091	0.511352058789811	0.046	0.039	1	ATP11C	c27
0.0908472091636242	0.511337173572856	0.237	0.2	1	SNAP29	c27
0.73118259437403	-0.511276649245906	0.021	0.024	1	ZNF398	c27
0.508110009139233	-0.511111656892268	0.031	0.04	1	KCTD18	c27
0.586318235750765	0.510983656681067	0.139	0.163	1	DESI1	c27
0.00451014296241158	0.510825062852155	0.026	0.008	1	SLC35E4	c27
0.0995058990179854	0.510655647238706	0.046	0.027	1	MFSD4B	c27
0.293034163817982	0.510624337222133	0.052	0.073	1	TRIQK	c27
0.00187130597094586	0.510419403789579	0.454	0.373	1	MRPL20	c27
0.873894342265207	-0.510325819595732	0.031	0.033	1	ABCC5	c27
0.201235901362566	-0.509549444132545	0.175	0.217	1	WBP1	c27
0.00775724243368258	-0.50945959256997	0.015	0.063	1	LDHD	c27
0.0171701125548156	-0.509169029799771	0.139	0.22	1	TIMMDC1	c27
0.511343742447014	-0.50890438953873	0.021	0.015	1	WDCP	c27
0.0112587762775131	-0.508873406007327	0.093	0.05	1	CD226	c27
0.000122486972383212	0.508860264148585	0.392	0.28	1	YY1	c27
0.458836679352734	0.508828319761744	0.052	0.041	1	FGFR1OP	c27
0.777718183043187	0.508654095306241	0.01	0.008	1	C8orf58	c27
0.0133677968559798	0.508516988481853	0.077	0.041	1	BCL9L	c27
0.412118608847459	-0.508406474777265	0.01	0.018	1	KIAA1522	c27
0.648820218524607	-0.508384992113044	0.242	0.245	1	PSIP1	c27
0.536939863190302	0.508328935257967	0.036	0.046	1	KCTD17	c27
0.584222110582955	0.508322653432952	0.015	0.021	1	B3GALT6	c27
0.00152839118033546	0.508291629079933	0.582	0.484	1	ATP5PD	c27
0.358698082319756	0.508099614906257	0.289	0.273	1	TIMM8B	c27
0.944493880825322	0.508085881682174	0.18	0.194	1	RAB9A	c27
0.0132252934758566	0.507922056968815	0.124	0.078	1	DENND4A	c27
0.0869846990050977	0.507783787523972	0.335	0.292	1	MYO1G	c27
0.37982956541303	0.507185382595767	0.021	0.013	1	ZNF202	c27
0.271056669181572	0.507125340255031	0.134	0.113	1	ASPSCR1	c27
0.866074699664913	-0.507038893564742	0.33	0.326	1	STAT3	c27
0.901082950992198	-0.506775124512321	0.155	0.151	1	MAGED2	c27
0.335550894015208	-0.50675436539818	0.005	0.013	1	ENKD1	c27
0.879711124076778	0.506665800837162	0.021	0.022	1	SLC27A4	c27
0.327355154899691	-0.506462708187644	0.175	0.201	1	OGA	c27
0.122416160908614	-0.506054174535016	0.062	0.039	1	AC025164.1	c27
0.560720590808241	0.505933346550329	0.036	0.046	1	USP19	c27
0.883346983224623	0.505860055506469	0.041	0.04	1	VMAC	c27
0.850895830339141	0.505829852596674	0.072	0.077	1	ST14	c27
0.764462241001455	-0.505786478426155	0.052	0.057	1	GLE1	c27
0.0038244389397932	0.505684549153174	0.299	0.222	1	FLOT2	c27
0.700417120309914	0.505651245449916	0.129	0.123	1	MMD	c27
0.00241527835290287	0.505544688967426	0.253	0.177	1	VOPP1	c27
0.708292153194956	-0.505488907282218	0.077	0.085	1	TMEM42	c27
0.0115306668856684	-0.505323879671554	0.598	0.582	1	C9orf16	c27
0.0052455433636278	0.505236485109493	0.232	0.162	1	SPG7	c27
0.179791628682129	-0.505229040645169	0.026	0.047	1	TRMT61A	c27
0.162583301311908	-0.505164435686599	0.103	0.141	1	GNL1	c27
0.37969991837979	0.505018045858831	0.201	0.185	1	ZNHIT3	c27
0.00277442915750197	0.504666155136093	0.294	0.217	1	UBE2K	c27
0.187307546390628	0.504470231720322	0.149	0.122	1	ACLY	c27
0.998169634937247	-0.504390665705756	0.082	0.083	1	GTF3C1	c27
0.146793107449774	-0.504278638412259	0.113	0.154	1	RPUSD3	c27
0.340739009163737	-0.504248464564483	0.036	0.052	1	C11orf71	c27
0.000493428972648748	0.504244541092043	0.402	0.3	1	SP110	c27
0.0648989182688598	-0.504074914185194	0.062	0.104	1	SEC16A	c27
0.310659108240138	-0.504039408977202	0.232	0.267	1	EAPP	c27
0.34398631818893	-0.504011301724692	0.196	0.223	1	SYS1	c27
0.0533339953949884	-0.503894022889478	0.361	0.406	1	CD47	c27
0.569265033955354	0.503591027377363	0.021	0.016	1	ZNF776	c27
0.108759862620584	0.503503695803426	0.129	0.097	1	TMUB2	c27
0.241280380920103	-0.503070836768441	0.407	0.438	1	MPHOSPH8	c27
0.277275751767009	-0.503040259227321	0.067	0.09	1	CANT1	c27
0.489924652567409	-0.502937658257167	0.005	0.01	1	PPP1R13B	c27
0.657490964572177	0.502897602640737	0.021	0.017	1	FBXO46	c27
0.285653773336356	-0.502747662989289	0.082	0.108	1	TXLNA	c27
0.316269672695163	0.502595287406542	0.201	0.18	1	SYPL1	c27
0.10222870424043	0.502263902904525	0.021	0.046	1	SASH1	c27
0.802043025709091	-0.502165854475853	0.036	0.033	1	EXD3	c27
0.0124277153905566	-0.501966156507043	0.082	0.149	1	NHLRC3	c27
4.68376925439196e-06	-0.501964119747789	0.098	0.253	0.17143063848	FCGR1A	c27
0.976465024707986	-0.501921014497236	0.057	0.056	1	SMPD4	c27
0.804091710982609	-0.501755108742485	0.057	0.061	1	KLHL20	c27
5.04994227052002e-06	0.501578738721663	0.546	0.413	0.184832937043303	WAS	c27
0.00438123703434871	-0.501568111373697	0.17	0.265	1	UQCC2	c27
0.000561895818581085	0.501500497816589	0.258	0.168	1	SPAG9	c27
0.844859367937774	-0.501231657311255	0.041	0.038	1	TUBGCP6	c27
0.962058897692827	-0.500714775149266	0.026	0.025	1	SLC16A1	c27
0.720118839563569	-0.500648211815511	0.124	0.133	1	KIAA1109	c27
0.302180287456474	0.50063333447791	0.026	0.016	1	RAP2C-AS1	c27
0.00231750155372965	-0.500561717903233	0.015	0.073	1	ATP10A	c27
0.938621397494269	0.500476009413232	0.015	0.015	1	ZNF707	c27
0.00271659959310878	-0.50045533769218	0.649	0.721	1	CD99	c27
0.0105410902333253	-0.500299674751214	0.557	0.593	1	CALR	c27
0.00204706245063871	0.500011209875699	0.036	0.012	1	C3orf18	c27
0.210894085263485	0.500004036878556	0.015	0.032	1	DPCD	c27
0.297906042053885	0.499871034937521	0.036	0.025	1	CASD1	c27
0.908992888343711	0.499549209240393	0.067	0.066	1	IKBKE	c27
0.509804114145023	-0.49953242877316	0.021	0.029	1	ZDHHC18	c27
0.0787601491498755	-0.49929457642353	0.948	0.923	1	RPS27	c27
0.00509159725030226	0.499112776575511	0.165	0.105	1	NGLY1	c27
0.00591654314313693	0.499090169643388	0.216	0.148	1	ISY1	c27
0.541757403303714	0.49893473932195	0.108	0.097	1	SGSM3	c27
0.876633235925367	0.498648750566567	0.026	0.024	1	C2CD2	c27
0.547685111375294	0.498638771614411	0.17	0.164	1	FBXL15	c27
0.830962871789764	0.498627094293772	0.01	0.012	1	FAM83G	c27
0.368978336562023	0.498324522365611	0.144	0.18	1	G6PC3	c27
0.772926045334232	0.498309117003886	0.026	0.03	1	CDYL	c27
0.462982455437145	-0.498227547687012	0.139	0.161	1	SMAD2	c27
0.87779938373949	-0.497992845792044	0.108	0.105	1	DIDO1	c27
0.962229303690664	0.497981475316693	0.124	0.127	1	NDUFS1	c27
0.0183914527638441	0.497966916484172	0.149	0.1	1	MDM4	c27
0.567475057162033	-0.497895639470293	0.057	0.047	1	VCPKMT	c27
4.95106192191572e-05	0.497730045340418	0.68	0.552	1	CAST	c27
0.00491352685160425	0.497604237232947	0.129	0.076	1	YTHDC2	c27
0.330703348403891	0.497512540640177	0.01	0.005	1	AL355075.4	c27
0.0386122059013028	0.497482324075868	0.222	0.173	1	USP22	c27
0.137099296667002	0.497411993822475	0.01	0.004	1	AL049828.1	c27
0.859428166303762	-0.497294148838757	0.036	0.034	1	NR2C2	c27
0.139528839191417	0.497085830694815	0.165	0.133	1	CD84	c27
0.458961904002424	-0.497049829281277	0.103	0.087	1	RALGAPA1	c27
0.374654824490472	0.496990652572364	0.057	0.044	1	KMT2B	c27
0.0120384286933679	-0.496947316128476	0.144	0.228	1	GBP1	c27
0.0728001553157186	0.49687451056707	0.113	0.08	1	MTMR3	c27
0.95642420363514	-0.49679878407122	0.031	0.03	1	NAPEPLD	c27
0.981351609085961	-0.496666699553294	0.093	0.093	1	R3HDM1	c27
0.484658298212204	-0.496610541782195	0.057	0.071	1	TRIM34	c27
0.612898568774025	-0.496487484485359	0.01	0.007	1	AC009113.1	c27
0.72194135055667	-0.496429271879433	0.098	0.107	1	BRCC3	c27
0.218486874305022	-0.496371441672796	0.155	0.19	1	ACTR10	c27
0.169558810401107	0.496337565500421	0.108	0.083	1	RRP8	c27
0.854087061615301	-0.496137075514404	0.046	0.05	1	MINDY3	c27
0.91964865533144	-0.496088143800835	0.041	0.043	1	C5orf22	c27
0.36177441949251	0.496074453260967	0.057	0.044	1	BRAF	c27
0.0166138751608586	0.496050105868723	0.062	0.032	1	AJM1	c27
0.874890615404275	-0.495855515393466	0.057	0.059	1	PRKY	c27
0.0359675614995865	-0.495714144189166	0.428	0.457	1	JPT1	c27
0.678519117263966	-0.495639711145818	0.794	0.735	1	PTPRC	c27
0.75052825571813	0.495558179429127	0.01	0.013	1	BACE2	c27
0.257148657239351	0.495474482808642	0.186	0.16	1	MAN1A2	c27
0.00025827160755466	0.49534285538807	0.376	0.271	1	ZNF207	c27
0.444721988487507	0.49515273048934	0.026	0.018	1	ZKSCAN4	c27
0.0147998266969127	0.495147830758337	0.108	0.065	1	COPS7B	c27
0.0222234351465266	0.494875639548332	0.201	0.15	1	VPS41	c27
0.41224143410083	-0.494657655656995	0.041	0.055	1	MCCC1	c27
0.255767238617695	0.494606727854411	0.139	0.116	1	ARAF	c27
0.00914946844435255	0.494553539403382	0.129	0.079	1	CKAP2	c27
0.338567964534578	-0.494502004300902	0.134	0.161	1	CCM2	c27
0.525213015104434	-0.49444504200213	0.005	0.01	1	KCTD3	c27
0.0113971129495887	-0.494304402396681	0.062	0.124	1	SGMS2	c27
0.314082686881988	0.49430404245456	0.041	0.029	1	ACAP3	c27
0.0241567695345114	0.494205820437525	0.237	0.182	1	BACH1	c27
0.035431008377846	0.494120173326698	0.191	0.142	1	EFTUD2	c27
0.749334051159951	0.493926460603741	0.041	0.037	1	SRF	c27
0.768680897040894	-0.493729440180957	0.299	0.282	1	SNRPA	c27
0.117861667277077	-0.493640673212882	0.371	0.408	1	ATRAID	c27
0.74408133651101	0.493357493947603	0.031	0.036	1	RAD54L2	c27
0.155360707120513	0.493334922313937	0.149	0.12	1	NLRP1	c27
0.00654062547259362	0.49317049646759	0.015	0.004	1	WNT10A	c27
0.411287196153635	0.492839828377573	0.031	0.022	1	U2AF1L5	c27
0.0429729227437845	-0.492752463879877	0.108	0.163	1	NAA50	c27
0.0423173684359827	0.492650633375341	0.366	0.312	1	MTCH1	c27
0.315187876018167	-0.49262317858954	0.124	0.151	1	ATG5	c27
0.853275967863362	0.492421103070908	0.108	0.117	1	TRIM28	c27
0.0659137768418178	0.492342328912036	0.113	0.079	1	UTP14A	c27
0.944301702132152	-0.492124927961645	0.082	0.084	1	SLC46A3	c27
0.794242473144201	0.492052314019029	0.124	0.135	1	LYPLAL1	c27
0.01400486120031	-0.491817227585881	0.32	0.408	1	MT2A	c27
0.376472383180349	-0.491693985670597	0.119	0.097	1	MCM3	c27
0.8189517034637	-0.491638818348603	0.052	0.055	1	DPH5	c27
0.37467726222954	0.491598963258508	0.113	0.142	1	FKBP4	c27
0.00987412053996657	0.491581158620154	0.216	0.156	1	CALHM2	c27
0.505075870734897	-0.491381016303414	0.041	0.033	1	LINC01588	c27
0.0793213914658709	-0.491366944310014	0.021	0.048	1	TMEM86A	c27
0.00315108427788293	0.491364380542612	0.253	0.175	1	SMAP2	c27
0.677267802560855	-0.491351582306836	0.077	0.086	1	P4HTM	c27
0.65571947955155	0.491336357785638	0.16	0.153	1	PPID	c27
0.571379501706932	-0.491170433879621	0.108	0.122	1	UPF3B	c27
0.00210344488879701	0.491008614503447	0.613	0.502	1	RNASET2	c27
0.00262239267216142	0.490427204682097	0.072	0.033	1	INPP5B	c27
0.285243551016338	0.490316031099001	0.113	0.094	1	ALDH16A1	c27
0.952713435476234	-0.490176382657729	0.01	0.011	1	HOXB-AS1	c27
0.91137578083811	-0.490033757766815	0.052	0.054	1	MUL1	c27
0.852137298665424	-0.490022633237957	0.196	0.204	1	UHMK1	c27
0.952907830933542	0.489997546264177	0.077	0.078	1	ARFGEF2	c27
0.245854764997311	-0.489933940364169	0.046	0.068	1	MNAT1	c27
0.996919919200437	-0.489890601984278	0.031	0.031	1	DLEU1	c27
0.106738351734826	-0.48983137756448	0.031	0.059	1	SH3PXD2A	c27
0.0381830734747855	0.48982616322852	0.01	0.003	1	AF131215.6	c27
4.52582037689307e-05	0.489782897317931	0.149	0.073	1	ZNF33A	c27
0.633845492867173	-0.489565812546234	0.046	0.055	1	CCDC92	c27
0.651850199870521	-0.489522948951882	0.031	0.037	1	KLHL2	c27
0.453154859299357	0.489334844947355	0.041	0.055	1	TMEM51	c27
0.513534048621976	-0.489330418292459	0.021	0.029	1	MLYCD	c27
0.197081986904024	-0.489130076594291	0.057	0.083	1	RNF8	c27
0.0161307740616152	-0.488922327089759	0.077	0.141	1	MRPS22	c27
0.56539164247014	-0.488896678894296	0.057	0.048	1	PRMT9	c27
0.177453586498052	0.488850317388895	0.01	0.004	1	EFNA3	c27
0.971783909278917	-0.488823018935408	0.052	0.052	1	ZNF654	c27
0.677190684166607	0.488636397658221	0.041	0.048	1	MOV10	c27
0.754535380816606	-0.488596451532296	0.119	0.126	1	ZBTB1	c27
0.259816368283448	-0.488521966654095	0.057	0.08	1	SWI5	c27
0.0912430948923048	0.488507980964938	0.119	0.086	1	ABCF2	c27
0.799428820946101	0.488455173749138	0.036	0.04	1	ICK	c27
0.886099484272469	0.488373653334311	0.062	0.065	1	TSC2	c27
0.762703628649644	-0.488288784595301	0.17	0.161	1	ZNF148	c27
0.534891857151174	0.488263792751582	0.031	0.024	1	AL451123.1	c27
0.753207390868016	-0.488180141531367	0.088	0.095	1	NPRL3	c27
0.136612990988591	0.487956348373463	0.108	0.082	1	ZNF322	c27
0.35047833699437	-0.487717585671944	0.211	0.242	1	SDHAF2	c27
0.164885406021773	-0.48767545244735	0.124	0.166	1	EBNA1BP2	c27
0.000102743844366048	0.487519954659321	0.479	0.355	1	HNRNPF	c27
0.414311718643861	-0.487259861447196	0.021	0.031	1	NUDT6	c27
0.182599928351	-0.486978954309302	0.057	0.084	1	GIMAP6	c27
0.307055649893699	0.486871886505397	0.438	0.415	1	CARD16	c27
0.121200541324408	0.486221837392807	0.144	0.113	1	HGS	c27
0.137522705486694	0.486120335481331	0.098	0.072	1	GPAT4	c27
0.141596579315457	-0.485786212127172	0.098	0.136	1	TRIM21	c27
0.325459804867538	0.485765172838934	0.057	0.076	1	ZMYND15	c27
0.13399082045941	0.485759163915343	0.289	0.245	1	SLC25A24	c27
0.74165763219358	0.485600074569794	0.052	0.047	1	XPO7	c27
0.155449037534252	-0.485509541305389	0.015	0.034	1	GTPBP2	c27
0.0472405528719203	0.485501968980921	0.149	0.11	1	WASHC2C	c27
0.385528207592295	-0.485478892909364	0.01	0.019	1	CHEK1	c27
0.307524591506764	-0.485463386586043	0.067	0.09	1	NXPE3	c27
0.190854386866406	0.48534342114155	0.082	0.061	1	TIMM44	c27
0.984511941401631	0.485330943462329	0.021	0.021	1	PXMP2	c27
0.869864728154857	0.485283403384939	0.072	0.071	1	SLC35F5	c27
0.918176316897729	-0.485241941417897	0.031	0.032	1	ACOX3	c27
0.575482629199227	0.48522437514836	0.015	0.011	1	HDAC11	c27
0.176817976479229	-0.485030228423585	0.108	0.146	1	TRIM56	c27
0.00355359025974064	0.484797841367538	0.052	0.021	1	USP45	c27
0.841466415909051	0.484733949918613	0.01	0.009	1	AL035701.1	c27
0.0346385773482861	0.484423569815746	0.155	0.11	1	CYB5R4	c27
0.524386877448088	0.484404737872729	0.144	0.132	1	GAPVD1	c27
1.86874712913886e-05	0.484339921771709	0.335	0.219	0.683980136736114	ARL5A	c27
0.144196151299594	-0.484298530277148	0.036	0.061	1	AC245407.2	c27
0.00228462771575354	0.484268399191054	0.567	0.474	1	WASF2	c27
0.141573926071543	-0.484251365487082	0.031	0.017	1	ACAD11	c27
0.815306507879653	-0.48409293895609	0.01	0.012	1	DCBLD1	c27
0.406605137082743	-0.484003565267406	0.129	0.151	1	CMAS	c27
0.644054437512225	-0.483983766764252	0.026	0.032	1	EFNA4	c27
0.0988995002357138	-0.483850687688128	0.175	0.228	1	BEX4	c27
0.188916153300488	-0.483842578482701	0.021	0.039	1	DVL2	c27
0.668565780881916	-0.483777272276262	0.046	0.04	1	SPNS3	c27
0.13020261499821	0.483683284829328	0.18	0.146	1	AHCY	c27
0.00101780886160679	0.483583164236492	0.438	0.344	1	TOMM22	c27
0.673368624891585	-0.483506967247181	0.108	0.12	1	ENOPH1	c27
0.398014052389872	0.483200384622878	0.139	0.123	1	PRPSAP1	c27
0.885350629600453	0.483001011481587	0.139	0.142	1	MAPK1	c27
0.688640928184572	-0.482975638397602	0.062	0.069	1	NCAPD3	c27
0.0301994183114755	0.482873078613484	0.129	0.207	1	PDXK	c27
0.867554302438833	-0.482866241920511	0.052	0.055	1	SCRN3	c27
0.140795302352932	0.482755369403714	0.077	0.054	1	RBMXL1	c27
0.0127877044658028	0.482386775809992	0.103	0.061	1	ESS2	c27
0.390532350103479	-0.482252069622385	0.088	0.071	1	VEZT	c27
0.150300152131594	0.482075344851233	0.196	0.164	1	IFNAR1	c27
0.410293388997661	0.481999733473507	0.057	0.045	1	SMIM8	c27
0.67207190516393	-0.481995179495299	0.015	0.02	1	STRBP	c27
0.00236903488631953	0.481970486037836	0.196	0.125	1	AIDA	c27
0.82725656791063	-0.481895826025851	0.098	0.093	1	MARK3	c27
0.134916369153988	-0.481789088431469	0.454	0.454	1	TMED10	c27
0.348860318106557	-0.481697472374744	0.103	0.127	1	GPATCH4	c27
0.340514415970564	0.481628833870708	0.088	0.072	1	METTL21A	c27
0.0380984359178071	0.48138979843415	0.149	0.106	1	IREB2	c27
0.124370880233287	-0.481337621212	0.335	0.367	1	HEXB	c27
0.620893060546821	0.481216141261825	0.093	0.085	1	USF1	c27
0.226678285140407	-0.480970175009279	0.026	0.044	1	IFT88	c27
0.0108034433765959	0.480910548818791	0.443	0.363	1	EIF6	c27
0.707648703191046	-0.480905823183321	0.01	0.013	1	ZNF724	c27
0.945006070285551	0.48072341018369	0.155	0.163	1	ITPK1	c27
0.139490134498465	0.480651604660634	0.108	0.155	1	WDR13	c27
0.0128731097178588	0.480582757122927	0.273	0.21	1	PJA2	c27
0.160930407335116	0.48057574775129	0.108	0.083	1	MAP3K7	c27
0.0102662239001375	-0.480330856665489	0.17	0.247	1	TSPAN3	c27
0.329244099530289	0.4801775762154	0.103	0.086	1	C8orf33	c27
0.149415536778997	-0.479832875073012	0.088	0.124	1	ETFRF1	c27
0.00310518129200492	-0.479820091125857	0.175	0.101	1	PTPN7	c27
0.167239634330097	-0.479801249140123	0.072	0.103	1	PRKAA1	c27
0.169200978047482	-0.479616076128973	0.062	0.091	1	ZNF721	c27
0.00629213755995607	0.479602242402178	0.366	0.294	1	UBE2F	c27
0.570435977711273	-0.479505804620399	0.211	0.229	1	MRPS5	c27
0.779129877715415	-0.479180351974371	0.031	0.035	1	PRR3	c27
0.309160351929207	0.479056477602169	0.263	0.244	1	RNASEH2C	c27
0.0361103318768004	-0.478919432551839	0.077	0.13	1	AC100810.1	c27
0.771150087624171	-0.478873863872735	0.165	0.174	1	LZIC	c27
0.306629303355524	0.478827072427536	0.227	0.211	1	OAS1	c27
0.382996282809004	-0.478814891161549	0.134	0.113	1	CAND1	c27
0.0537326636075609	0.478793291459151	0.273	0.222	1	SLC66A3	c27
0.817225618961282	0.478513777264647	0.17	0.17	1	PLEKHO2	c27
0.493944325174738	0.478412063856763	0.119	0.106	1	SMG7	c27
0.224577525868403	-0.478280548372793	0.067	0.094	1	WIPF2	c27
0.661816353279663	0.477990250544753	0.026	0.021	1	FAM219A	c27
0.650771636444848	-0.47787805002246	0.021	0.026	1	ZNF605	c27
0.859859811443122	0.477835912809483	0.062	0.065	1	ZNF274	c27
0.999325349501589	0.477811083654105	0.263	0.275	1	GUSB	c27
0.955780100031148	-0.477762188839461	0.067	0.066	1	HEMK1	c27
0.140434595725982	0.477556884790143	0.335	0.306	1	HACD4	c27
0.308312637411581	0.477487286796495	0.041	0.029	1	AC009779.2	c27
0.525700819685669	-0.477456470249997	0.005	0.01	1	CCNA2	c27
0.0150465674909537	-0.477383421095642	0.273	0.354	1	TMED5	c27
0.702624434662811	-0.477021834572405	0.072	0.065	1	ATXN7	c27
0.56398068493508	0.476927467537135	0.057	0.048	1	CSPP1	c27
0.00606791848678621	0.476879692142092	0.186	0.122	1	TP53I13	c27
0.000299214165195037	0.476695195289482	0.191	0.109	1	CLK1	c27
0.783754215612474	-0.476681964214352	0.119	0.125	1	RASA2	c27
0.751869824705572	-0.47633114686962	0.021	0.018	1	ZNF525	c27
0.551797236850533	-0.476251118866502	0.082	0.096	1	MRPL1	c27
0.662802088496273	0.476229610928003	0.201	0.198	1	NUDCD2	c27
0.946319700544072	0.476001845278567	0.026	0.027	1	MTA1	c27
0.155549256469066	0.475948814139326	0.021	0.01	1	ETV2	c27
0.376832552465445	-0.475891736794202	0.041	0.03	1	TNFAIP1	c27
0.777336613237402	-0.475766165500824	0.082	0.088	1	FAM172A	c27
0.487144895386393	-0.475712095971458	0.01	0.017	1	NEK11	c27
0.555787463843948	-0.475661524486187	0.046	0.056	1	CPTP	c27
0.507683030818807	-0.475541815462997	0.093	0.109	1	SCRN2	c27
0.407356122099954	0.475441134102059	0.046	0.036	1	RPP14	c27
0.0653010300784063	0.475417054466023	0.134	0.097	1	SNX29	c27
0.925357833735907	-0.475352426950164	0.067	0.065	1	UBAP2	c27
0.227299783081756	-0.475333324368509	0.186	0.225	1	MRPL55	c27
0.265936602903413	0.475168882997968	0.247	0.228	1	CHMP4B	c27
0.0394040774797385	-0.475160364238209	0.041	0.084	1	B3GNT5	c27
0.741973241555978	0.475080844365485	0.165	0.165	1	PTPN12	c27
0.000372929035110986	0.475039728128075	0.526	0.396	1	APLP2	c27
0.403718597835412	0.474892066990916	0.072	0.059	1	PEX10	c27
0.0309118208653412	0.474872545915631	0.222	0.167	1	U2AF2	c27
0.833735151084293	-0.474689193660899	0.103	0.108	1	PCID2	c27
0.0263345709573609	0.474610693254244	0.134	0.089	1	RBM26	c27
0.707314073856698	0.474440094472068	0.139	0.138	1	HVCN1	c27
0.371996238813869	0.47443459454271	0.021	0.013	1	STAG3	c27
0.367554789762415	-0.474367551675931	0.015	0.026	1	AC008267.5	c27
0.720066869950586	-0.474308300475934	0.015	0.013	1	WDHD1	c27
0.861831930804659	0.474017787314178	0.196	0.201	1	NQO2	c27
0.722264623396047	-0.473940721953606	0.196	0.187	1	TSTA3	c27
0.186394702761828	0.473825921668231	0.072	0.052	1	TFCP2	c27
0.253825384829827	0.47352234866159	0.119	0.096	1	YY1AP1	c27
0.546446825817425	0.472784877479702	0.057	0.068	1	C6orf120	c27
0.595833287390974	-0.472738973618241	0.046	0.055	1	CD99L2	c27
0.0985996081539173	-0.472556954909473	0.17	0.224	1	GPAA1	c27
0.460784182483755	-0.472547541791935	0.077	0.093	1	C12orf43	c27
0.979221689166631	0.472462645531319	0.067	0.068	1	ABL2	c27
0.589989438280045	-0.472372719664773	0.041	0.05	1	LRCH1	c27
0.071545377405835	0.472370226731296	0.16	0.12	1	EP400	c27
0.160481202728762	0.472287597015259	0.031	0.018	1	CERS4	c27
0.000321234563263024	0.472269834357195	0.392	0.285	1	CLTB	c27
0.0269315111173126	0.472144621408858	0.237	0.181	1	SMNDC1	c27
0.497503132550109	0.472090063289267	0.098	0.087	1	DNAJC21	c27
0.948216451647305	-0.471963536684432	0.01	0.011	1	PLXDC1	c27
0.0315845210327305	0.471893294887147	0.067	0.038	1	USP12	c27
0.164573696608686	-0.471753114135544	0.103	0.14	1	PTPRA	c27
3.19010492668171e-06	0.471743163031294	0.711	0.555	0.116761030421477	NDUFB11	c27
0.324943794130477	-0.471636685141179	0.052	0.071	1	FECH	c27
0.000662209368565568	0.471522541541632	0.366	0.265	1	EIF4H	c27
0.144722130503781	0.471494136609405	0.093	0.067	1	FAM114A2	c27
0.00987218367024999	-0.47145159425987	0.124	0.2	1	NFU1	c27
1.05246237429876e-05	0.471360868520284	0.675	0.566	0.385211753617091	EIF3G	c27
0.702204845708411	0.471285824509534	0.015	0.012	1	UNC119B	c27
0.490496438276385	0.471041529690487	0.015	0.01	1	AC007114.1	c27
0.101000019374408	0.471010457716304	0.031	0.06	1	ITSN1	c27
0.358317934283288	0.470881464327018	0.01	0.02	1	NEFL	c27
0.406496473931252	-0.470841047263221	0.026	0.037	1	STRN3	c27
0.145634243300756	-0.47078651341328	0.036	0.062	1	PDE12	c27
0.0555525661323566	0.470603722703934	0.263	0.215	1	BECN1	c27
0.690680160863161	-0.470246684785451	0.041	0.047	1	POLR3E	c27
0.0813888913606814	-0.470240409314274	0.263	0.192	1	EMB	c27
0.148324759319965	-0.469972128133272	0.923	0.9	1	RPL3	c27
0.714816955944152	0.469960242570927	0.057	0.065	1	HINT3	c27
0.380983478152207	0.469852461763961	0.067	0.089	1	ASRGL1	c27
0.7329648582545	-0.469646255724883	0.057	0.062	1	TRIM52-AS1	c27
0.0428209891396144	-0.469585395136713	0.206	0.275	1	CCDC115	c27
0.589948519874656	-0.469571083287029	0.077	0.067	1	AC010642.2	c27
0.213420138153464	-0.469387428624882	0.067	0.047	1	TNFSF8	c27
0.63501959312282	-0.469293815605635	0.134	0.147	1	NARF	c27
6.91365647216913e-06	0.469137680457222	0.629	0.476	0.253046740537862	HNRNPU	c27
0.768919119705547	0.469126877260677	0.247	0.284	1	SLC7A7	c27
0.133758309026981	0.469037399190799	0.155	0.123	1	SCFD1	c27
0.973509630634921	-0.468999075505152	0.015	0.016	1	LINC01684	c27
0.743998814965985	-0.468924131275602	0.237	0.222	1	ARIH2	c27
0.288760413194688	-0.468834005487148	0.093	0.12	1	UFSP2	c27
0.176868821439727	0.468818835315353	0.067	0.047	1	GUF1	c27
0.145675309473349	-0.468816571435966	0.052	0.081	1	PARN	c27
0.0505618944196997	0.468732983663903	0.082	0.052	1	CIAO3	c27
0.0550822611122381	0.468719599215085	0.124	0.087	1	ZCCHC10	c27
0.739114391662436	-0.468691803142433	0.041	0.037	1	MYO19	c27
0.684182487129363	-0.468504113057264	0.113	0.124	1	SRPRB	c27
0.000777233050899424	0.46799268995681	0.392	0.3	1	ILK	c27
0.105265733191311	-0.467636088242472	0.015	0.006	1	TRBV6-4	c27
0.409628210842807	0.467589206336116	0.082	0.069	1	AP3S2	c27
0.871174296274055	-0.46753623661489	0.072	0.07	1	RIOX2	c27
0.114312073179426	0.467346927959444	0.057	0.036	1	MSTO1	c27
0.655042908218459	0.467154551667569	0.057	0.05	1	PDZD8	c27
0.121314458947222	-0.467152916811364	0.046	0.028	1	NR4A2	c27
0.511204695309259	0.467004256150904	0.031	0.041	1	ZNF677	c27
0.331479518451743	-0.46687643671429	0.015	0.027	1	TRUB1	c27
0.00509822879009505	0.46649779115116	0.32	0.242	1	NDUFA10	c27
0.27384022432035	-0.466397909964192	0.072	0.054	1	TASOR2	c27
0.525200149949206	-0.466235622032851	0.052	0.062	1	CYP2R1	c27
0.00198575198922706	0.46600102895546	0.119	0.064	1	INTS3	c27
0.202382293238077	-0.465842283827986	0.077	0.106	1	RUVBL1	c27
0.0579161064633599	0.465727149544398	0.057	0.033	1	ZNF490	c27
0.687461193979752	-0.465632127293075	0.113	0.124	1	TDP2	c27
0.649055269145076	-0.465220404272608	0.015	0.012	1	ZNF565	c27
0.0908259287661598	-0.465206765038752	0.067	0.107	1	PEX19	c27
0.000132529535931955	0.465163479980698	0.088	0.036	1	PHF19	c27
0.327569369959313	0.465039133782465	0.206	0.185	1	AK2	c27
0.00344719992944045	0.464861974186934	0.273	0.199	1	MRPL3	c27
0.206686635812668	0.464701024131935	0.201	0.175	1	XAF1	c27
0.353831333910123	0.464508964759963	0.077	0.062	1	HDHD2	c27
0.211879256753463	-0.4641649694987	0.113	0.149	1	FMC1	c27
0.0376171332910243	-0.464006279070037	0.16	0.23	1	GTF2H5	c27
0.155162753026395	0.463955933401906	0.139	0.111	1	PLAA	c27
0.288946804102157	0.463906218275353	0.119	0.099	1	SLAMF8	c27
0.453572074428028	0.463893094901787	0.046	0.037	1	XKR8	c27
0.502269927770244	-0.463864544438105	0.129	0.148	1	POLDIP2	c27
0.47655960318868	-0.463791491391615	0.031	0.041	1	METTL25	c27
0.14204578199015	0.463641123730968	0.026	0.014	1	ARHGAP11A	c27
0.321520411047986	-0.463593013080544	0.005	0.013	1	ZNF763	c27
0.0840479776670093	0.463453090669572	0.16	0.124	1	GFER	c27
0.146945185688416	0.463439719405407	0.165	0.133	1	ZNF585A	c27
0.0146512616556927	-0.463416674330499	0.211	0.297	1	MGMT	c27
0.066195922859985	0.4632714285058	0.144	0.105	1	N4BP2L1	c27
0.16509310031209	0.463133780710091	0.052	0.034	1	FER	c27
0.0481454230727284	-0.463086435091965	0.165	0.23	1	NDUFA8	c27
0.384674730914365	-0.463054419624728	0.088	0.108	1	AGO3	c27
0.0135483575107712	0.462636272072363	0.144	0.094	1	LRIF1	c27
0.531045644377769	-0.462608481058256	0.01	0.016	1	SLC25A30	c27
0.764317306722661	-0.462486232774512	0.201	0.207	1	CCDC91	c27
0.40892125969789	-0.462010686491651	0.072	0.058	1	ATAD2	c27
0.0658853016573929	0.461995068724369	0.01	0.003	1	LINC02132	c27
0.141290422535513	-0.461978270874277	0.036	0.021	1	AGFG2	c27
0.4721553753403	-0.461970679490146	0.026	0.036	1	CHUK	c27
0.312350021814822	-0.461864431592925	0.067	0.09	1	FAM210A	c27
0.172941413260605	-0.461770033105666	0.144	0.112	1	PUM2	c27
0.180361344665918	-0.461701690432705	0.031	0.053	1	SGSH	c27
0.0901789650082605	-0.461562439278738	0.206	0.263	1	TGFBR2	c27
0.660877733437727	-0.461545885437363	0.021	0.026	1	LINC01003	c27
0.0108173045984979	-0.461498348196213	0.186	0.271	1	PBDC1	c27
0.00143244765916878	-0.461246333934839	0.253	0.156	1	ATP2B4	c27
0.250884928894016	0.460981453268074	0.155	0.131	1	AZIN1	c27
0.948761287381215	-0.460901844323455	0.088	0.086	1	HLTF	c27
0.144936360034496	-0.460831853595993	0.021	0.042	1	B4GALT5	c27
0.103387010620514	-0.460664271285773	0.515	0.467	1	GSTO1	c27
0.000608591664174517	0.460548980879588	0.299	0.205	1	WAPL	c27
0.926684993236628	0.460372711486884	0.021	0.02	1	ZCCHC3	c27
0.177625177297653	0.460261555427117	0.077	0.056	1	ACTR8	c27
0.451724277604977	0.460251908902079	0.041	0.032	1	CARM1	c27
0.307556118473143	-0.460192318093061	0.041	0.059	1	DNAJB2	c27
0.175204118524423	0.460184934758406	0.134	0.106	1	MTF2	c27
0.0135820893805808	0.460036819382892	0.428	0.364	1	TGFB1	c27
0.0613671818563006	0.460001802707596	0.098	0.065	1	TAMM41	c27
0.985787137433542	-0.459990551522675	0.046	0.046	1	GATD1	c27
0.489247655045373	0.459984932752114	0.005	0.01	1	SLAMF9	c27
0.831620583830609	-0.459646054766353	0.113	0.12	1	SETD3	c27
0.492932324313145	-0.459470332668929	0.088	0.074	1	SCAF8	c27
0.789786694871785	-0.459362520176456	0.036	0.033	1	POLH	c27
0.00040150825822546	0.459362425113528	0.536	0.42	1	GNAS	c27
0.745272746494442	-0.459358548964106	0.021	0.024	1	RBBP9	c27
0.965484236377104	-0.459200288891868	0.041	0.042	1	C16orf58	c27
0.947714058576098	0.459054674531636	0.046	0.046	1	CENPBD1	c27
0.541055360167642	-0.458922783761559	0.062	0.074	1	RXYLT1	c27
0.531828893522007	-0.458817202518181	0.01	0.016	1	CAB39L	c27
0.593951374430458	0.458682094532991	0.062	0.054	1	PUSL1	c27
0.402248495191584	-0.458512233365374	0.082	0.102	1	PIGH	c27
0.348582986269326	0.458361634430093	0.021	0.013	1	UBR5-AS1	c27
0.00023619405003472	-0.458271111500491	0.727	0.748	1	MYL12B	c27
0.0132213692269196	-0.45823427209318	0.18	0.265	1	DMAC1	c27
0.0496390752210046	0.458065754738047	0.237	0.187	1	SNRPA1	c27
0.565738547785798	0.458035677118738	0.072	0.085	1	FAM219B	c27
0.893953776561567	0.457959133687923	0.01	0.009	1	FAM122A	c27
0.228394380515767	-0.45795520103057	0.01	0.023	1	JPH4	c27
0.370173467182072	-0.457947964847471	0.077	0.097	1	SREBF2	c27
0.719835144525087	-0.457945837107403	0.067	0.073	1	ATR	c27
0.00292151924285519	0.457845333801566	0.284	0.204	1	SMC1A	c27
3.03504438448944e-05	-0.457731530624472	0.072	0.195	1	IFIT2	c27
0.0387046485758947	0.457724702871094	0.103	0.067	1	CPSF1	c27
0.425597846054638	0.457648305626613	0.036	0.027	1	SUOX	c27
0.00319142762420626	-0.457541178242542	0.17	0.269	1	HPCAL1	c27
0.475143196725622	-0.457514839798038	0.995	0.971	1	MALAT1	c27
0.084551306507446	0.457460728412417	0.021	0.009	1	SMARCA5-AS1	c27
0.881598299704057	0.457308788886595	0.01	0.012	1	ZNF584	c27
0.268963469647881	-0.45722599063641	0.201	0.233	1	CCDC90B	c27
0.0474591502146121	0.456918413086521	0.314	0.267	1	VPS4B	c27
0.258577096176388	0.456901189643977	0.082	0.063	1	PMS2	c27
0.407048181843446	-0.456891756887522	0.026	0.037	1	ZDHHC2	c27
0.771379004706544	-0.45665826603867	0.021	0.024	1	ST3GAL3	c27
0.338842942673603	0.456617711496147	0.103	0.085	1	BTN2A1	c27
0.560018158478373	0.456540848449788	0.052	0.044	1	SUN1	c27
0.107199444349557	-0.456507326671076	0.005	0.022	1	SNX7	c27
0.871021724871939	-0.456483529212358	0.082	0.079	1	SNHG1	c27
0.438258716373824	-0.456199731998799	0.041	0.054	1	BISPR	c27
0.908992223316706	-0.456060539576358	0.088	0.086	1	PCNT	c27
0.917441150897301	-0.455994452607053	0.129	0.126	1	DALRD3	c27
0.046016574245735	0.455917217585936	0.232	0.185	1	NMI	c27
0.0288288443202371	0.4555118490088	0.175	0.126	1	UBL3	c27
0.0658252578820681	0.455192775524717	0.052	0.029	1	SNHG11	c27
0.078724359933628	0.455058043788071	0.232	0.195	1	TIMM10	c27
0.0369792032364949	0.454992515427701	0.175	0.127	1	WDR18	c27
0.11585226340918	0.454962081885572	0.392	0.349	1	NDUFB1	c27
0.633163322497361	-0.454485610146792	0.381	0.389	1	ELF1	c27
0.437036941683317	0.454410061805012	0.103	0.089	1	FAM210B	c27
0.543224994742821	-0.454365147684635	0.103	0.118	1	XAB2	c27
0.0907499560894788	-0.45422288285014	0.278	0.333	1	LSM6	c27
0.0727289326219814	0.454145795791124	0.232	0.189	1	PAGR1	c27
0.000141217450666104	0.453849629476783	0.552	0.437	1	CSDE1	c27
0.841803084909252	-0.453771210613012	0.01	0.012	1	ASPM	c27
0.34052949289457	0.45363049944193	0.103	0.086	1	EIF2B5	c27
0.881293180156258	-0.453526152457429	0.186	0.182	1	NSL1	c27
0.296935942942985	0.453479246467903	0.015	0.009	1	ZNF517	c27
0.00473778426857517	0.453433872289484	0.412	0.338	1	SMIM26	c27
0.255586983160624	0.453321534387621	0.021	0.012	1	KIAA0895L	c27
0.23821303980196	-0.45316152081337	0.113	0.088	1	ZBTB20	c27
0.764410444998463	-0.452776177722624	0.304	0.309	1	ACTN4	c27
0.457595819509999	-0.452761206707167	0.026	0.018	1	NR1D1	c27
0.676329806015851	-0.452306175233939	0.015	0.012	1	NRBP2	c27
0.868861439838708	-0.452294723548452	0.041	0.039	1	MEPCE	c27
0.616622408118128	0.452271767412797	0.093	0.108	1	DDX1	c27
0.084277027005364	0.452070716691877	0.108	0.076	1	DIP2B	c27
0.81411600213586	-0.451876641428989	0.031	0.034	1	SERPINH1	c27
0.568097960689658	-0.451744175383656	0.021	0.016	1	ZNF184	c27
0.24440769083407	0.451590702921965	0.031	0.019	1	PUS7	c27
0.726366369483486	-0.451423430299573	0.041	0.036	1	ALG11	c27
0.0178598310043449	0.451369756191871	0.314	0.258	1	NRDC	c27
0.342161234237415	-0.451369236106392	0.124	0.101	1	HIST1H1C	c27
0.247257200072289	-0.451267479575531	0.036	0.023	1	NUBPL	c27
0.633548678634917	-0.451266353863044	0.144	0.158	1	RNF216	c27
0.684007156556935	-0.45121899698467	0.031	0.037	1	JHY	c27
0.354967457235915	0.451198618228766	0.01	0.005	1	AL356481.1	c27
0.26741768606285	0.450485780820277	0.005	0.015	1	PCGF2	c27
0.548133034936595	-0.450399945161124	0.124	0.109	1	SAE1	c27
0.352451987423629	-0.450213614978156	0.021	0.033	1	CENPU	c27
0.157859290384728	-0.45020241784316	0.206	0.153	1	GNG2	c27
0.359765502248592	-0.449873653955771	0.005	0.012	1	ZNF473	c27
0.524727833179727	0.449817009915511	0.041	0.033	1	WDR25	c27
0.972038964300302	-0.449601698089359	0.124	0.122	1	SUPT20H	c27
0.0129545362937743	-0.449593476241356	0.196	0.279	1	HTATIP2	c27
0.258826455106979	0.449590290256316	0.036	0.024	1	PRICKLE3	c27
0.579612219956827	-0.449475687331415	0.046	0.056	1	E4F1	c27
0.259482266799688	-0.449458475751646	0.103	0.132	1	APOL4	c27
0.254883042496328	-0.449312048668171	0.036	0.056	1	KIAA1841	c27
0.454336442453339	0.449310661453714	0.32	0.319	1	PTTG1IP	c27
0.00229620237122401	0.449309206302995	0.479	0.38	1	LAMTOR2	c27
0.749251083885238	0.449285471372328	0.031	0.027	1	FBXO30	c27
0.697192413865723	0.449188540700009	0.144	0.14	1	FASTK	c27
0.0934488949738775	0.449040464490908	0.448	0.396	1	CHMP2A	c27
0.40938274101037	-0.44902987395853	0.031	0.043	1	RPARP-AS1	c27
0.230450752787315	-0.449025283623979	0.108	0.082	1	JAK3	c27
0.205226036905772	-0.448692664998872	0.005	0.017	1	LMLN	c27
0.00985106429076248	-0.448437994510956	0.108	0.188	1	HADH	c27
0.874223955633898	0.448392449830338	0.144	0.154	1	BAD	c27
0.489853573469728	0.448371970726	0.041	0.033	1	FGGY	c27
0.563609567025549	0.448138412558924	0.057	0.048	1	FBXO33	c27
0.167679244051861	0.448108173116518	0.108	0.082	1	PTPRJ	c27
0.000389780899172189	0.448007609588572	0.423	0.317	1	TAOK3	c27
0.465389413727004	-0.448000519201712	0.119	0.139	1	MIA2	c27
0.0406541615657355	0.447982767048025	0.113	0.075	1	RNF138	c27
0.0340610989794055	-0.447946628154872	0.057	0.03	1	HIST1H3D	c27
0.0878038124790387	-0.447926105193267	0.041	0.075	1	STIMATE	c27
0.291915987774851	0.447791923652255	0.108	0.088	1	INO80C	c27
0.0186252795424916	0.447675018109547	0.361	0.295	1	SUCLG1	c27
0.739638990107927	0.447620351748148	0.046	0.042	1	STK3	c27
0.139851173795065	-0.447616474776325	0.108	0.148	1	LGMN	c27
0.220643959756829	-0.447569222593737	0.242	0.283	1	RANBP1	c27
0.241130901978519	-0.447506901511402	0.088	0.117	1	FAF2	c27
0.0935335061775972	0.447272291412443	0.268	0.232	1	DHRS4	c27
0.924597467939669	0.447175022047342	0.077	0.081	1	KIF13B	c27
0.143092932369569	0.446849131622475	0.093	0.067	1	AP5Z1	c27
0.000346395921074384	-0.446796085483769	0.01	0.082	1	TMEM150B	c27
0.959477535705165	-0.446700962231526	0.088	0.087	1	TAF6	c27
0.553571411013046	-0.446688085542714	0.093	0.081	1	SHPRH	c27
0.0730210907841291	-0.446396657205764	0.046	0.084	1	CRK	c27
0.0789390880043682	0.446395101000481	0.026	0.012	1	RAB12	c27
0.410718313830342	-0.446314314611393	0.052	0.067	1	NUP153	c27
0.527837475362367	-0.446303320142623	0.103	0.09	1	HOXB2	c27
0.873079908695185	-0.446175442798302	0.041	0.044	1	HAUS8	c27
0.999364704627751	0.446163011953554	0.062	0.063	1	FBXO11	c27
0.132784972862417	0.446102145722264	0.067	0.045	1	NAA25	c27
0.562954338065668	-0.445903158352743	0.16	0.144	1	TBCC	c27
0.284340608717768	0.445770532501072	0.021	0.035	1	WDR91	c27
0.838870129475355	0.445461421901184	0.103	0.102	1	PRADC1	c27
0.909374707533864	-0.445456813940545	0.046	0.045	1	KCTD9	c27
0.0139676333700392	-0.445355886077359	0.077	0.14	1	GBA	c27
0.951880904359999	0.445307335437329	0.062	0.064	1	HPS6	c27
0.98612612565001	0.445277479025179	0.077	0.08	1	DENND4B	c27
0.736155503246749	-0.445129185862679	0.284	0.295	1	GGNBP2	c27
0.530438822653048	-0.445066490672496	0.005	0.01	1	TMC4	c27
6.33537578338084e-05	0.444984292352099	0.613	0.502	1	SERBP1	c27
0.440810968066399	-0.444407637840027	0.01	0.018	1	ALS2	c27
0.532944490342577	-0.444310613509515	0.067	0.056	1	ARL13B	c27
0.124506539657048	0.444258839207893	0.155	0.121	1	KCTD20	c27
0.122897827310182	-0.444134331880439	0.237	0.291	1	CHMP5	c27
0.18625348439152	0.444129059058071	0.124	0.099	1	SART1	c27
0.172869553861161	-0.444089417254394	0.088	0.12	1	C8orf76	c27
0.276372259917769	0.4437904099718	0.046	0.067	1	TMEM192	c27
0.634484763554344	-0.443776048696729	0.959	0.838	1	S100A11	c27
0.678871887495454	-0.443541876078022	0.015	0.012	1	KBTBD6	c27
0.348705429191615	0.443532689140007	0.077	0.062	1	C2orf49	c27
0.0878991464840577	0.443441971918346	0.206	0.165	1	USP4	c27
0.459159479949053	0.443422568736745	0.031	0.042	1	SLC37A2	c27
0.153213711568284	0.443342824941059	0.031	0.055	1	PPCDC	c27
0.764403362903493	0.44318813161563	0.015	0.019	1	ZNF35	c27
0.89380300985603	0.443044815349711	0.01	0.009	1	PARS2	c27
0.113496396817985	-0.442985808189582	0.041	0.072	1	TCEAL1	c27
0.117619964587016	-0.442968968440593	0.201	0.248	1	CTBS	c27
0.98103557610994	0.44283250502128	0.139	0.146	1	AXL	c27
0.528745212541082	-0.442717127542925	0.191	0.173	1	FIP1L1	c27
0.712161078915334	-0.442682086923139	0.113	0.124	1	MRTO4	c27
0.47450586064878	-0.442523079135422	0.031	0.023	1	INTS7	c27
0.00202129070700617	-0.442459414173505	0.108	0.204	1	ARHGAP10	c27
0.000275818596090591	0.442339579019796	0.619	0.499	1	VPS28	c27
0.144054630428709	0.442304292519957	0.211	0.18	1	GSK3B	c27
4.57224603570231e-06	0.442265179031786	0.582	0.433	0.16734877715274	TLN1	c27
0.748995457759235	0.442227795023506	0.01	0.013	1	ALDH4A1	c27
0.244348655912185	0.442180032730585	0.258	0.236	1	NELFE	c27
0.283008134684916	0.442007880251338	0.119	0.099	1	LRRC58	c27
0.985435017923505	0.44182233812803	0.067	0.067	1	PAICS	c27
0.504185518425845	0.44168107588151	0.129	0.119	1	DDX41	c27
0.87115385090665	0.441317251260733	0.01	0.012	1	AIFM3	c27
2.69984738916795e-06	0.441235662616841	0.072	0.022	0.0988171142909362	RFX3	c27
0.829339552836303	0.441072269721403	0.031	0.029	1	ABHD6	c27
0.626072932062943	0.440724658657242	0.01	0.007	1	AC008014.1	c27
0.0852058387402845	0.440699140806343	0.165	0.126	1	MRPL48	c27
0.406216065830213	-0.440560421049046	0.005	0.012	1	ETFBKMT	c27
0.593086368778897	0.440519253782855	0.036	0.045	1	PRR34-AS1	c27
0.103163366477707	-0.440398374672641	0.015	0.038	1	FHAD1	c27
0.0253783816616161	0.440359577678239	0.041	0.019	1	SPDL1	c27
0.00419304818873813	0.440096719370298	0.175	0.114	1	HSD17B12	c27
0.999635754418935	-0.440094762972179	0.052	0.052	1	NCAPH2	c27
0.290196289175461	-0.440060951251152	0.005	0.014	1	EEF1AKMT3	c27
0.861216590664717	-0.43992403389553	0.046	0.05	1	WDYHV1	c27
0.334514937894324	-0.439741510110136	0.072	0.056	1	CEP135	c27
0.771196216154763	-0.43959244114559	0.108	0.114	1	MAPRE2	c27
0.142180981153098	0.439489669634738	0.273	0.246	1	LIMS1	c27
0.579624335375181	-0.439480293284745	0.129	0.145	1	GOLGA2	c27
0.960784746113081	-0.439472515565953	0.062	0.063	1	C19orf12	c27
0.0145912434761446	0.439392084523232	0.155	0.102	1	NAA10	c27
0.00369816684564173	0.438849417936753	0.098	0.052	1	ATG4D	c27
0.70166647643915	-0.438745166666452	0.057	0.064	1	PPME1	c27
0.226446906433743	0.438662336630978	0.082	0.063	1	EEF1AKNMT	c27
0.0318735293316627	0.438625499384482	0.062	0.034	1	TRAF2	c27
0.917019079228075	-0.43848277144089	0.052	0.053	1	PIP5K1A	c27
0.744628240616236	0.438320701247041	0.021	0.018	1	ZNF446	c27
2.95007793513971e-06	0.438042934320228	0.582	0.427	0.107975802504049	SF3B1	c27
0.814374412187197	-0.438027596592792	0.278	0.287	1	PCM1	c27
0.0298263251811058	0.437752705745733	0.16	0.112	1	EP300	c27
0.0121196846995553	0.437644962645657	0.624	0.53	1	WDR83OS	c27
0.916646294252047	-0.437513442066823	0.093	0.095	1	FBXO21	c27
0.00934787691951669	-0.437364275085561	0.088	0.16	1	TMEM33	c27
0.0257901627621425	-0.437360389778223	0.031	0.074	1	UBE3B	c27
1.21955789856747e-05	0.437359725416907	0.371	0.242	0.446370386454681	ITSN2	c27
0.0372078812590442	-0.437351698893274	0.067	0.116	1	HUS1	c27
0.299107836662538	0.437275368736812	0.124	0.105	1	SLC25A13	c27
0.256996888935486	0.437229294097414	0.124	0.162	1	RNPEPL1	c27
0.225283309588859	0.437216320728804	0.196	0.17	1	PLPBP	c27
1.60858234182553e-05	0.437056136982414	0.742	0.64	0.588757222931562	EIF3F	c27
0.912386658857172	0.437011223156621	0.041	0.044	1	EYA3	c27
0.31855676752304	-0.436677466920819	0.031	0.046	1	FANCA	c27
0.0986468506289369	-0.436389504378485	0.191	0.139	1	FYN	c27
0.242191770460088	-0.436316666864329	0.067	0.093	1	DMXL1	c27
0.886876220194774	-0.436093632782525	0.046	0.044	1	COG8	c27
0.915325629422393	0.436031511403731	0.258	0.271	1	TMEM208	c27
0.467461042138679	-0.435974771853425	0.01	0.017	1	ZNF582	c27
0.401097948687131	-0.435955410173845	0.021	0.031	1	REXO1	c27
0.00136758458153277	0.43592995596956	0.119	0.063	1	RCOR3	c27
0.694820870986584	-0.435441239812881	0.067	0.06	1	RFFL	c27
0.00279308053072197	0.435252048009928	0.418	0.342	1	OSTC	c27
0.0161785200845342	0.435112572231301	0.49	0.406	1	COPS9	c27
0.669948397114987	-0.434630212165826	0.103	0.114	1	PDK3	c27
0.0203604494202326	-0.434608593954072	0.902	0.893	1	RPS25	c27
0.181208603211751	0.434581782411258	0.082	0.06	1	G2E3	c27
0.122995713835656	-0.434500279361841	0.062	0.097	1	GAR1	c27
0.998495850567845	0.43442526475261	0.041	0.042	1	TMCO4	c27
0.453226144630161	0.434358544909776	0.113	0.1	1	STX18	c27
0.121232767137939	-0.434070194553906	0.015	0.037	1	FAM20C	c27
0.382869525851525	-0.433994622827712	0.155	0.184	1	MRPS33	c27
0.602601295160123	-0.433832392351422	0.134	0.122	1	UBA3	c27
0.329164375656899	-0.433806443082395	0.299	0.256	1	HIST1H1E	c27
0.00118178602131706	0.433747673900017	0.773	0.62	1	COX5B	c27
0.101201141220594	0.433691328185108	0.026	0.013	1	MARS2	c27
0.0709412531853213	0.433585717675635	0.041	0.022	1	SLC25A22	c27
0.33699806055667	-0.433479374731311	0.046	0.064	1	DAAM1	c27
0.426266487502877	-0.433226553857078	0.041	0.031	1	TTC21B	c27
0.267830654441328	-0.432911060415403	0.01	0.022	1	ABCA5	c27
0.974635145365029	-0.432857636735404	0.165	0.164	1	HERC1	c27
0.0904921609568758	-0.432829361128414	0.16	0.213	1	CISD2	c27
0.347209384406649	-0.432817758178131	0.242	0.273	1	SCAMP3	c27
0.695196067849027	-0.432750122624519	0.242	0.226	1	NAP1L4	c27
0.879041400966818	-0.432749682825761	0.021	0.022	1	MMS22L	c27
0.0440039384744709	0.432678522241474	0.18	0.135	1	GOLPH3	c27
0.000325376640647573	0.432629277380347	0.082	0.035	1	NBEAL2	c27
0.426525516937557	-0.432591135619674	0.088	0.106	1	KIFAP3	c27
0.0719061124855501	0.43252946843918	0.098	0.067	1	HSCB	c27
0.0119248996039892	0.432419804693736	0.196	0.137	1	CHRAC1	c27
0.16169101449692	0.432319823034783	0.129	0.101	1	NFE2L1	c27
0.159926543470654	0.43229414459092	0.082	0.059	1	MRPS27	c27
0.224878500352223	0.432283712743672	0.216	0.193	1	TRIM38	c27
3.98848318716267e-06	0.432233730068943	0.758	0.587	0.145982473133341	GNG5	c27
0.452026634337995	0.431985255558763	0.077	0.097	1	NT5C2	c27
0.987815803916231	-0.431980408664577	0.062	0.062	1	PCNX4	c27
0.544996305252308	0.431940699940502	0.015	0.011	1	AC002091.2	c27
0.405749481787752	-0.431569797629	0.026	0.037	1	DSN1	c27
0.140108657889025	-0.431469132573383	0.253	0.297	1	COPZ1	c27
0.225874026291142	-0.431393504948247	0.026	0.044	1	PDF	c27
0.481476821459239	-0.431379924757093	0.077	0.065	1	TRIM13	c27
0.16707939554571	-0.431239033484547	0.046	0.073	1	FAM120B	c27
0.935641530197029	-0.431046698914283	0.108	0.107	1	SETD5	c27
0.00205628612190353	-0.430376356087342	0.139	0.241	1	SLC15A3	c27
0.0931441819873165	-0.430257596177805	0.268	0.316	1	POLR2K	c27
0.491554582324256	-0.430053538551154	0.077	0.093	1	REV3L	c27
0.00533234842174817	0.429959049971175	0.448	0.375	1	M6PR	c27
0.00199574966130431	0.429754221173599	0.608	0.511	1	COPE	c27
0.328561688092476	-0.429673606935732	0.165	0.134	1	CCND2	c27
0.841140780139042	0.42963508513936	0.057	0.054	1	SFXN4	c27
0.15373516037237	-0.429629967109412	0.057	0.087	1	GET1	c27
0.160170794505129	-0.429477314773176	0.067	0.099	1	WWP2	c27
0.200430816850291	0.429096612988376	0.072	0.052	1	AC025159.1	c27
0.486772878028337	-0.42904487789549	0.113	0.098	1	AARS	c27
0.313807155854211	-0.429005787558616	0.031	0.047	1	AGL	c27
0.0750026395138298	-0.428983531553948	0.459	0.495	1	TMEM50A	c27
0.586221229705599	-0.428935231754559	0.015	0.021	1	RECQL5	c27
0.0531738818240539	-0.428915852205686	0.026	0.059	1	TCTN1	c27
0.177140594730352	0.428904867320626	0.072	0.051	1	ZC3H7B	c27
0.696264630869274	-0.428647217086739	0.227	0.241	1	KDM5A	c27
0.0661837930189826	0.428637027079812	0.067	0.041	1	AC068587.4	c27
0.611522435895355	-0.428609354740654	0.067	0.077	1	ZBTB43	c27
0.00287376699730813	0.428606497372481	0.387	0.302	1	ACAA1	c27
0.360907875226092	-0.428472132923696	0.232	0.202	1	CEP57	c27
0.424184700807909	-0.428444788161589	0.021	0.031	1	RPH3AL	c27
0.840869454029231	0.428206087753153	0.01	0.012	1	ZNF615	c27
0.0119299091576606	0.428171731902316	0.392	0.319	1	BAZ1A	c27
0.060224075097759	0.428157797077767	0.119	0.083	1	EIF2D	c27
0.524762823753233	0.428156055131109	0.077	0.067	1	MRM3	c27
0.0194091242547612	-0.428131480294881	0.366	0.417	1	DECR1	c27
7.78010217509721e-05	0.428095625100366	0.613	0.474	1	MTPN	c27
0.0727892360168325	-0.428002939315512	0.119	0.169	1	SGF29	c27
0.153870360776514	0.427926393837042	0.082	0.058	1	ZNF281	c27
0.147529636574939	-0.427896231334086	0.015	0.035	1	ST6GALNAC2	c27
0.0376338866806935	0.427719535677027	0.113	0.075	1	POLR2D	c27
0.0144423303504429	0.427613074557632	0.356	0.29	1	ADAR	c27
0.333590375035852	-0.427577307639551	0.139	0.165	1	PTGER4	c27
0.0265321124038475	0.427560233700056	0.088	0.053	1	EMC9	c27
0.401544585676973	-0.427558905626464	0.113	0.137	1	P4HA1	c27
0.0439316742293312	0.427416371182965	0.041	0.021	1	ABCC4	c27
0.558240877772219	-0.427404770192094	0.036	0.029	1	PLAGL2	c27
0.618346945924097	-0.427328178124919	0.345	0.351	1	EMC4	c27
0.665543472629153	0.427291711039925	0.031	0.026	1	ZNF26	c27
0.0636761390091008	-0.427281647162688	0.098	0.149	1	HTT	c27
0.715978195124253	-0.426964541279168	0.01	0.013	1	FXYD2	c27
0.480911445702447	-0.426862877673909	0.155	0.178	1	EIF4E	c27
0.166544818177278	0.426845225293252	0.067	0.099	1	STK40	c27
0.292469627883959	-0.426802972588129	0.392	0.414	1	SPN	c27
0.821933838563608	0.42674953518648	0.015	0.014	1	OTUB2	c27
0.534649575447472	-0.426710886643615	0.222	0.242	1	ZCRB1	c27
0.662606562669835	-0.426691828479961	0.057	0.064	1	DPH7	c27
0.423684117092629	0.426585999279885	0.036	0.027	1	CD3EAP	c27
0.172821381200288	-0.426499129789863	0.325	0.362	1	SELENOT	c27
0.9107779185621	-0.426430191093673	0.062	0.06	1	SKIV2L	c27
0.572348802424144	0.426272815375344	0.124	0.115	1	R3HCC1	c27
0.693321753715473	0.426201248057775	0.077	0.071	1	BCAT1	c27
0.691799565428879	0.426140304915717	0.062	0.056	1	NUP188	c27
0.436029797915885	-0.425717516001264	0.191	0.217	1	TIPRL	c27
0.938211903547652	0.42554454465786	0.088	0.088	1	RRP1	c27
0.496577351617107	-0.42549431217855	0.01	0.017	1	CPEB3	c27
0.868282990111696	-0.425454514405209	0.01	0.012	1	ARMCX5	c27
0.408891277348354	-0.425420826286917	0.015	0.025	1	PEX5	c27
0.0619812026217072	0.425353785924785	0.186	0.144	1	B4GALT1	c27
0.144159073049525	0.425319354366746	0.186	0.15	1	PCSK7	c27
0.00146101863006985	0.425253401387129	0.129	0.07	1	BTBD10	c27
0.177018777672153	-0.425095972463064	0.052	0.079	1	UPF1	c27
0.650282152759313	-0.424720507347618	0.067	0.077	1	ZNF880	c27
0.997354933311304	0.424703214823436	0.041	0.042	1	GNPNAT1	c27
0.571707536098206	-0.424613751523752	0.057	0.068	1	TRAPPC6B	c27
0.543016466164627	-0.424556420378582	0.072	0.085	1	LINC00847	c27
0.123548310262273	-0.424463277286577	0.34	0.388	1	DCTN3	c27
0.942136082495405	-0.424363561167603	0.119	0.118	1	C1orf174	c27
0.108628243463542	0.424305726038584	0.062	0.04	1	DEPDC5	c27
0.204693338122219	0.424152067505427	0.088	0.066	1	PNMA1	c27
0.718883509408106	0.42414582222712	0.232	0.235	1	SMIM14	c27
0.631872506514216	-0.424096623900284	0.139	0.153	1	ATXN7L3B	c27
0.702342135623667	-0.424093206531941	0.015	0.019	1	CCDC9	c27
0.621893463429816	0.424089015969694	0.093	0.085	1	GOLGA5	c27
0.449067611405679	-0.423995562925654	0.005	0.011	1	AC022509.2	c27
0.778378427474492	0.423777948391793	0.01	0.008	1	AOPEP	c27
0.26733381044188	0.423737530065564	0.108	0.087	1	GNL3L	c27
0.0937738079821269	-0.423541383120263	0.093	0.136	1	SPART	c27
0.48025537933652	-0.423297462679042	0.005	0.01	1	SEMA4F	c27
0.932090339367098	-0.423228781451592	0.17	0.167	1	EIF3J	c27
0.0437910270281668	-0.423227995688348	0.124	0.184	1	ABHD12	c27
0.207899008244131	-0.423144021583787	0.211	0.256	1	ESYT1	c27
0.498583492787539	-0.423133880234946	0.088	0.104	1	VPS37A	c27
0.539889060035379	-0.423053605060155	0.082	0.097	1	SCO1	c27
0.450057658513648	0.423040252586462	0.005	0.011	1	CRIPAK	c27
0.000263407746264348	0.422957015915487	0.701	0.546	1	UQCRH	c27
0.87728501706882	0.422816260801363	0.186	0.188	1	REEP3	c27
5.51392587193059e-06	0.422731234804724	0.856	0.741	0.201815200838531	ATP5MG	c27
0.00557728468177178	0.422546310592463	0.057	0.025	1	TRERF1	c27
0.373627488914737	-0.422243936032027	0.015	0.026	1	A1BG-AS1	c27
0.587282947966792	-0.422112445582117	0.139	0.126	1	CCDC174	c27
0.457405216700057	-0.421799947603622	0.026	0.036	1	UPRT	c27
0.782778407737972	0.421561182558558	0.16	0.158	1	CEP170	c27
0.0343605206749613	0.421463430320337	0.129	0.088	1	VPS8	c27
0.592321641968461	0.420790411085124	0.031	0.025	1	PSTK	c27
0.232547608872196	0.420686458494886	0.067	0.049	1	LRRC42	c27
0.601421064291019	-0.420384701909517	0.103	0.117	1	PDE4A	c27
0.698935955965492	0.420213404722629	0.072	0.067	1	TRAPPC2B	c27
0.991079441125849	0.420080957527261	0.062	0.063	1	HEXIM1	c27
0.770358998526671	-0.41983391680259	0.155	0.147	1	UTP23	c27
0.626822990325112	0.41968138956533	0.077	0.07	1	TRAPPC12	c27
0.485027673404677	-0.419634453094184	0.01	0.017	1	ADAMTS6	c27
0.593140832330174	-0.419552808638331	0.021	0.027	1	FRAT2	c27
0.980086849218946	-0.419438638115617	0.165	0.167	1	DAXX	c27
0.990039522321629	-0.419413355820412	0.191	0.191	1	CRBN	c27
0.132714016862439	0.41926839147423	0.015	0.007	1	ZNF630	c27
0.0130320995620711	0.41922259707332	0.33	0.262	1	PRKCSH	c27
0.0288274542575479	-0.419037063882502	0.082	0.048	1	HIVEP2	c27
0.51623029201732	-0.418968634393906	0.046	0.057	1	PRIM1	c27
0.63633720974257	0.418945881992563	0.046	0.04	1	SLC35A5	c27
0.810969329813214	-0.418834710757316	0.067	0.063	1	HACL1	c27
1.19647577955111e-05	0.41868378164066	0.103	0.04	0.437922100073503	ERCC6	c27
0.333513818624012	0.418682116476303	0.015	0.009	1	FANCC	c27
0.0382029478755336	0.418659044458693	0.418	0.359	1	XRN2	c27
0.900645203831637	0.418620249103559	0.17	0.181	1	ALDH9A1	c27
0.522264904814656	0.418617414278199	0.021	0.015	1	ZNF419	c27
0.150646729813436	0.418457386121147	0.036	0.021	1	AGBL5	c27
0.686583007040665	-0.418450566459366	0.031	0.036	1	ALMS1	c27
0.275456328482539	0.418239227876231	0.077	0.06	1	EPHB6	c27
0.582903922324625	0.418225853375751	0.144	0.134	1	TAF10	c27
0.252195504022354	-0.418132791006162	0.052	0.074	1	ZNF37A	c27
0.958114166290164	-0.418123331982052	0.072	0.073	1	GTPBP10	c27
0.000683938092967784	0.418022709423575	0.546	0.45	1	GNB2	c27
0.155329442832519	0.417885527510823	0.278	0.25	1	MLEC	c27
0.722059494656769	0.417874414336361	0.093	0.104	1	ERO1A	c27
1.39692838410449e-05	0.417736449516925	0.423	0.283	0.511289757866083	HNRNPUL1	c27
0.413511660590011	0.417634940648756	0.072	0.06	1	GDAP2	c27
7.65287725743912e-06	0.417574107754309	0.732	0.601	0.280102960499529	CDC42	c27
0.527427550118291	0.417541128490107	0.186	0.176	1	HAUS4	c27
0.590725821158702	0.417362233149419	0.18	0.172	1	SORL1	c27
0.885470578882337	0.41728966092487	0.057	0.056	1	SBNO2	c27
0.0438994488170106	0.417271456644966	0.119	0.081	1	TRMT2A	c27
0.226126797384994	-0.4171079292051	0.041	0.064	1	RAB11FIP2	c27
0.192203483991245	-0.417086378932635	0.227	0.273	1	ORMDL1	c27
0.349785986929845	-0.417076265423618	0.088	0.109	1	MSMO1	c27
0.506605231967989	-0.417056948314809	0.046	0.037	1	GID4	c27
0.760466015069041	0.416812634391236	0.155	0.154	1	NBR1	c27
0.535011331871614	0.416782911490642	0.01	0.016	1	AC020909.2	c27
0.541951465505608	-0.416723257756639	0.072	0.085	1	MKLN1	c27
0.748966786587325	-0.416559641130031	0.124	0.129	1	EPB41L4A-AS1	c27
0.00139908594055647	0.416546423154317	0.119	0.063	1	MRE11	c27
0.658932708158535	0.416516374207325	0.041	0.049	1	PET117	c27
0.585329318068526	-0.416220968900517	0.041	0.05	1	RAD17	c27
0.359011573015454	0.415853052533599	0.036	0.026	1	AC245060.5	c27
0.507959805994498	-0.415604624778998	0.072	0.086	1	FBXO22	c27
0.964228349630933	-0.415603487679456	0.021	0.021	1	URB1	c27
0.0671152683152938	0.415479244527523	0.17	0.128	1	PCIF1	c27
0.840435243691181	-0.415467629447805	0.139	0.145	1	ZNF217	c27
0.541801474187284	0.415356830239545	0.124	0.114	1	NDUFAF2	c27
0.788713904420285	-0.415326214776622	0.082	0.077	1	GMEB1	c27
0.000922043794857066	-0.415190702330932	0.443	0.529	1	SELENOW	c27
0.0413447947931421	0.415113702751728	0.17	0.124	1	DKC1	c27
0.560780625079063	-0.41504886062478	0.026	0.034	1	NLN	c27
0.061563009080546	0.415042909820208	0.258	0.213	1	CHD9	c27
0.0912914295832852	-0.415029254114355	0.067	0.108	1	SPIN1	c27
0.288435492315277	-0.414974826562023	0.046	0.066	1	CFAP20	c27
0.010341081409925	-0.414885455745478	0.015	0.06	1	PAX8	c27
0.00378079445057259	0.414804738401734	0.454	0.367	1	PRPF40A	c27
0.0557729266699368	-0.414719404113524	0.16	0.225	1	DPY30	c27
0.136818300202778	0.41470856653443	0.211	0.177	1	SEC63	c27
0.631152103863135	0.414596704923607	0.201	0.192	1	ZNF593	c27
0.189036831919361	0.414562703365475	0.036	0.059	1	IDUA	c27
0.375537492912007	0.414542703343038	0.01	0.006	1	TIMM23B	c27
0.0024794584041685	0.414479585544386	0.247	0.171	1	STARD7	c27
0.0768904731206799	0.4143859366903	0.067	0.042	1	ABCC1	c27
0.0579032148937855	0.414046891351628	0.412	0.349	1	SUMO3	c27
0.589339571371266	0.413942124124363	0.16	0.15	1	DNM2	c27
0.658638802889236	-0.413855230171386	0.046	0.04	1	SPPL2B	c27
0.384596362225024	0.413694009808159	0.149	0.131	1	WDR82	c27
0.361867769803051	-0.413620654649668	0.005	0.012	1	TIGD6	c27
0.631854175849975	-0.41360853000235	0.093	0.105	1	PREB	c27
0.868177194092517	0.413571119472728	0.206	0.215	1	MYO9B	c27
0.00615413006769108	0.413414572762092	0.278	0.206	1	GNAI3	c27
0.0778133870383822	-0.413346925602622	0.026	0.056	1	IFT74	c27
0.355688375806463	-0.413255152091444	0.237	0.265	1	RTF1	c27
9.83834809144577e-05	0.413253898078642	0.737	0.611	1	ATP5F1D	c27
0.682686827593491	0.41298998173724	0.077	0.071	1	INTS1	c27
0.504699974364711	0.412974056905098	0.062	0.076	1	MAP3K5	c27
0.702969705737697	-0.412918401473259	0.186	0.196	1	CEBPZ	c27
0.036325452661445	-0.412868422399351	0.268	0.344	1	RSU1	c27
0.311547032981251	0.412740263754587	0.052	0.071	1	JMJD7	c27
0.636789742803729	-0.412645427392117	0.01	0.007	1	AC005037.1	c27
0.560703506106828	0.412570874906962	0.067	0.059	1	POMC	c27
0.46221099205389	-0.412461415191312	0.046	0.059	1	DLEU2	c27
0.611673722121721	-0.412307524899917	0.046	0.055	1	DENND11	c27
0.0010157209313323	-0.41218391728188	0.067	0.156	1	DCUN1D5	c27
0.0230658513646934	0.412138862158527	0.376	0.314	1	ESD	c27
0.332544702596197	-0.412133463425424	0.046	0.064	1	GALK2	c27
0.0127426725997608	0.412122349251745	0.366	0.305	1	ATP2B1	c27
0.0192827836561963	0.412108159390608	0.093	0.055	1	CC2D1A	c27
0.57055018163165	-0.412006899833127	0.031	0.024	1	AL645568.1	c27
0.0824196377224207	-0.411794577479212	0.144	0.2	1	DNPEP	c27
0.639201105307149	-0.411550151478676	0.093	0.084	1	PYROXD1	c27
0.0970273154878089	0.41146271126839	0.108	0.077	1	NOL9	c27
0.389879367640133	-0.411292413477663	0.077	0.096	1	GLT8D1	c27
0.192951891706777	-0.411258931672469	0.098	0.133	1	PHACTR1	c27
0.923143564198987	-0.410477179406221	0.026	0.025	1	ATAT1	c27
0.86638008109699	-0.410299405912719	0.046	0.044	1	CNEP1R1	c27
0.115412756420771	-0.410279068016949	0.072	0.109	1	RASA3	c27
0.0477116072664694	-0.410221615570469	0.052	0.094	1	TP53RK	c27
0.225690276736006	-0.410159838093091	0.088	0.117	1	SLC25A20	c27
0.395913475146511	-0.410050196791299	0.041	0.031	1	ZNF43	c27
0.0160680962280069	0.409917628306973	0.325	0.263	1	GTF2I	c27
0.924730592044327	-0.4098295946119	0.057	0.059	1	PACC1	c27
0.809664537137983	0.409823968026107	0.196	0.21	1	SREK1IP1	c27
0.488047181180909	-0.409501427559524	0.031	0.041	1	ARMC7	c27
0.0843223016713956	0.409247320622816	0.103	0.072	1	DOP1B	c27
0.00224313705316971	0.409244732862274	0.304	0.222	1	IVNS1ABP	c27
0.000585140761558183	0.409097866712311	0.253	0.163	1	SRSF1	c27
0.119171780656415	0.408438233959481	0.072	0.049	1	LYRM7	c27
0.635535768056723	-0.408383288191408	0.015	0.02	1	CNNM2	c27
0.00370480493296807	0.408017499501351	0.387	0.304	1	USP15	c27
0.0300579984172611	0.40766896925606	0.077	0.045	1	RABEP2	c27
0.31571950561959	-0.407550684878595	0.144	0.176	1	SDR39U1	c27
0.37722004744918	-0.407473693248274	0.371	0.399	1	EIF4A2	c27
0.572318643529855	0.407362290965573	0.18	0.208	1	FAM50A	c27
0.87885927455031	0.406942423815801	0.119	0.127	1	CASC4	c27
0.422705285561187	-0.406904107983711	0.608	0.6	1	NOP53	c27
0.420155770357744	-0.406884039339518	0.119	0.14	1	DHRS4L2	c27
0.0101270811859078	-0.406845243973997	0.268	0.357	1	LPXN	c27
0.548789473956814	-0.406838122939712	0.046	0.056	1	PRMT7	c27
0.989233903282909	0.406644005023102	0.103	0.107	1	MON1B	c27
0.714955385526705	-0.406625078531963	0.082	0.076	1	PTS	c27
9.66411461834859e-05	0.406586798194058	0.397	0.279	1	SRP72	c27
0.0732504529553574	0.406540343995965	0.052	0.03	1	PLEKHM3	c27
0.00524866955175981	-0.406480010324473	0.062	0.135	1	TP53I3	c27
0.035888771507998	0.406413058718216	0.263	0.208	1	DNPH1	c27
0.368547691994667	-0.406311390231504	0.031	0.044	1	LIN54	c27
0.447713567630352	-0.406150998019284	0.01	0.006	1	AC064836.4	c27
0.00795708737615428	-0.406086359309116	0.119	0.201	1	GM2A	c27
0.929800033825867	0.40603184483005	0.021	0.02	1	GIN1	c27
0.164732974177525	-0.406005015249446	0.01	0.027	1	FKBP9	c27
0.782588346404299	-0.405802469221298	0.052	0.056	1	BIN3	c27
0.366326346725695	-0.405706216606187	0.01	0.019	1	AP001372.2	c27
0.489554040231674	0.405674360565869	0.041	0.033	1	DCAKD	c27
0.224704385423851	0.405673498750953	0.01	0.004	1	SMIM1	c27
0.559715249117179	-0.405631813224848	0.227	0.24	1	ZC3HAV1	c27
0.487146211442661	-0.405609827602945	0.01	0.006	1	BCL9	c27
0.384489542008965	0.405419910030986	0.052	0.04	1	TMEM106A	c27
0.789314063798832	0.405357096911846	0.108	0.118	1	MRPL44	c27
0.954816492841969	0.405269768059612	0.119	0.124	1	BRD9	c27
0.778202505384114	0.405128453199572	0.01	0.008	1	TMEM182	c27
0.340676036702055	-0.405105828123173	0.351	0.387	1	PPP1R2	c27
0.000694000467851801	0.40508000170744	0.247	0.161	1	XPO1	c27
0.0106470894758297	-0.405068389065038	0.314	0.403	1	SCP2	c27
0.759995011361047	-0.405050102357423	0.021	0.018	1	FIGNL1	c27
0.000400862398829753	0.40503756791903	0.454	0.352	1	CSNK1A1	c27
0.143634856116329	-0.404952609289862	0.072	0.107	1	ATF7	c27
0.882291454238986	-0.404907237367594	0.01	0.011	1	OTUD7B	c27
0.0262291775689288	0.404854097837124	0.052	0.026	1	IPO11	c27
0.483414056054718	-0.404558591276165	0.015	0.023	1	FLVCR1-DT	c27
0.534603429856593	-0.404401682240649	0.082	0.071	1	ZNF146	c27
0.00240519316779729	0.404208279259915	0.376	0.292	1	RTF2	c27
0.905037150887855	0.4041849369897	0.108	0.116	1	TM9SF3	c27
0.305358913589315	0.404125660058255	0.098	0.079	1	THAP1	c27
0.109622290830594	-0.404064899203373	0.021	0.045	1	POLD1	c27
0.879845578403551	0.403842142349776	0.041	0.044	1	USPL1	c27
0.72633523375958	-0.403787065774301	0.067	0.061	1	SLC25A25	c27
0.821086008135319	0.403785405719749	0.057	0.061	1	INTS8	c27
0.323073389543932	0.40375317771997	0.072	0.057	1	TMEM203	c27
0.900408975480363	-0.403419571044416	0.015	0.014	1	PIK3C2B	c27
0.0538261753780289	0.403397671015554	0.052	0.029	1	EFHC1	c27
0.00172833766566025	-0.403312341250182	0.124	0.228	1	ENG	c27
0.000261392720189865	0.403268055469309	0.335	0.233	1	METAP2	c27
0.394163272022217	0.403022557092066	0.041	0.031	1	SAP30L	c27
0.712663607302302	-0.402685913980563	0.021	0.025	1	RWDD2B	c27
0.385166132176468	0.402443203733288	0.093	0.115	1	DTNBP1	c27
0.013284078091666	0.402392139252474	0.479	0.399	1	CYBB	c27
0.757202976707022	0.402286268067122	0.021	0.018	1	MTX3	c27
0.468193753641182	0.402277580174357	0.098	0.085	1	GUCD1	c27
0.819146546875742	0.402041922476416	0.052	0.049	1	HEATR3	c27
0.645551402774017	-0.401937848601998	0.077	0.069	1	ZBTB24	c27
0.262462348329084	0.401935889894209	0.186	0.162	1	MCUR1	c27
0.239386621392242	-0.401639354996726	0.124	0.098	1	SACM1L	c27
0.000166778682270561	0.401585649914489	0.469	0.347	1	RSL24D1	c27
0.0235682513597026	-0.401443844382598	0.289	0.367	1	CTSA	c27
0.0572370590118805	0.401400919562493	0.113	0.077	1	USP5	c27
0.0432187893698147	0.401240711371257	0.34	0.289	1	NME3	c27
0.044610773634633	-0.401212311115441	0.015	0.046	1	DOCK1	c27
0.510247608636413	-0.401202419753716	0.062	0.075	1	FUT11	c27
0.727270806692752	0.40100402801478	0.067	0.062	1	ZNF672	c27
0.181870529904274	-0.400811132404639	0.17	0.215	1	HK1	c27
0.00310753547986935	0.400737856597123	0.268	0.19	1	NASP	c27
0.428976818387758	0.400715187818196	0.18	0.166	1	APEH	c27
0.428264504455587	-0.400686154110644	0.005	0.011	1	TRAF3IP2-AS1	c27
0.530479522417176	-0.400511081265694	0.186	0.207	1	ZNRD1	c27
0.267484428145969	-0.40049659477129	0.077	0.103	1	POLD3	c27
0.0276760632574777	-0.400473933165491	0.201	0.271	1	MCOLN1	c27
0.720460613151024	-0.400451137014126	0.021	0.017	1	ST20-AS1	c27
0.211055834141502	0.40042723045486	0.057	0.083	1	XPO6	c27
0.00216037255936155	0.400338666884732	0.082	0.039	1	KLHL22	c27
0.25114965488165	0.400328001870185	0.309	0.284	1	HSPA9	c27
0.341860176791825	0.400187965796823	0.031	0.046	1	GBE1	c27
0.686757572791553	0.399993259948346	0.036	0.031	1	BYSL	c27
0.693548415307722	-0.399827036147955	0.289	0.292	1	SIGIRR	c27
0.12738321411668	0.399754122384848	0.144	0.112	1	HMGXB3	c27
0.868681513098202	-0.399711240759224	0.015	0.014	1	ZNF79	c27
0.0119735463237914	-0.399493080541598	0.418	0.453	1	GLIPR2	c27
0.38321108227168	0.399400973119047	0.031	0.022	1	MRM1	c27
0.231051504646191	-0.399398867545599	0.33	0.36	1	SUMO1	c27
0.109398919914018	0.399157427593643	0.067	0.044	1	ASTE1	c27
0.76892023736007	-0.39914749959009	0.031	0.027	1	C17orf80	c27
0.474033238599568	0.399077927583895	0.01	0.006	1	ELMO3	c27
0.44871025149327	-0.399006821547672	0.067	0.054	1	HCP5	c27
0.000134232707063933	0.398973548189202	0.634	0.516	1	ATP5PB	c27
0.169085599585014	0.398764035889144	0.119	0.091	1	KATNA1	c27
0.579671328743265	0.398704646159096	0.046	0.039	1	DUS4L	c27
0.00651917868774207	0.398613681569031	0.371	0.293	1	NDUFS2	c27
0.401647308765124	0.398582226745471	0.057	0.075	1	WBP1L	c27
0.0481793444399122	-0.398408523937037	0.201	0.274	1	CFDP1	c27
0.244555757335829	-0.398253252359619	0.129	0.162	1	FAM136A	c27
0.0356995087256196	-0.39818712418943	0.387	0.434	1	DNAJA1	c27
0.562845065526849	-0.398179709092358	0.139	0.157	1	IWS1	c27
0.522978989566176	0.398149769429061	0.01	0.016	1	FAM149B1	c27
0.741353135457638	-0.398067276298838	0.103	0.112	1	ARFIP1	c27
0.802258498702098	-0.397987686498485	0.144	0.137	1	FRYL	c27
0.784455731426534	-0.397979896666707	0.057	0.061	1	DPH1	c27
0.183463343735905	-0.397937512855801	0.036	0.059	1	ATN1	c27
0.000102620290052747	0.397884843473558	0.124	0.058	1	N4BP2	c27
0.997755606080855	-0.397869412540956	0.124	0.124	1	POGZ	c27
0.85523523342994	0.39779604566835	0.129	0.129	1	TMEM199	c27
0.749082535575131	-0.397511109492354	0.077	0.072	1	MED21	c27
0.364220918194417	0.397503969119368	0.057	0.044	1	NVL	c27
0.0660044497632145	-0.397193794224009	0.134	0.188	1	SNAPC5	c27
0.770972036307411	0.397124601154573	0.072	0.08	1	ZBED1	c27
0.344372228946374	0.396966812844888	0.052	0.038	1	TMEM71	c27
0.51647575579374	-0.396736998681424	0.052	0.042	1	TTC31	c27
0.697353623096536	-0.396289789733649	0.155	0.168	1	SLC6A6	c27
0.0383351803291076	0.396266832053201	0.062	0.035	1	WARS2	c27
0.29674337814608	-0.396112794091917	0.021	0.034	1	ZNF611	c27
0.309339747691997	0.396065328638654	0.103	0.085	1	SLK	c27
0.00141460218013676	0.395997388693303	0.046	0.017	1	RFXAP	c27
0.0113031336657254	0.395902048946756	0.149	0.096	1	VPS13D	c27
0.791810293259627	0.395858323685098	0.175	0.191	1	UBE2J1	c27
0.0126155530259858	0.395744909421258	0.057	0.027	1	PBX2	c27
0.0110624776977717	0.395727555395955	0.175	0.118	1	AFTPH	c27
0.860971664034125	-0.395594517394184	0.01	0.009	1	ZNF19	c27
0.0186179595824076	0.395434404055069	0.139	0.091	1	TBC1D17	c27
0.660441933539839	-0.395328892730762	0.021	0.026	1	CHST7	c27
0.000918753324104819	0.39532211953548	0.412	0.316	1	CAPZA1	c27
0.00389657706733351	0.395265640920043	0.289	0.203	1	ARHGAP4	c27
0.00084493456972757	0.394951809472727	0.149	0.082	1	SIN3A	c27
0.800932023076975	-0.394910774375709	0.273	0.28	1	VPS36	c27
0.808338938685497	0.394897373745982	0.046	0.043	1	MLH3	c27
0.197885022773227	0.394888693292228	0.196	0.168	1	OXLD1	c27
0.262747799492478	-0.394780821292859	0.082	0.11	1	IP6K2	c27
0.505094111185293	-0.394502408222722	0.314	0.326	1	RNF167	c27
0.0578383548724455	0.394057634051959	0.119	0.083	1	RBM14	c27
0.781029551731887	-0.393834072514349	0.088	0.093	1	SEMA4D	c27
0.170681028285841	0.393788222322106	0.026	0.014	1	WDR27	c27
0.00195735800054852	0.393781156134373	0.448	0.355	1	RBPJ	c27
0.86830550153945	-0.393750175082322	0.139	0.146	1	RUVBL2	c27
0.460591499714941	0.39348080965256	0.031	0.042	1	HHLA3	c27
0.771600249187446	0.393475549965117	0.015	0.018	1	AC073611.1	c27
0.328227622931696	0.393468686591283	0.062	0.047	1	POC5	c27
0.601202450142842	-0.393436048755668	0.165	0.181	1	EIF2S1	c27
0.0537366455859241	-0.393237613102512	0.108	0.159	1	ARHGAP25	c27
0.783356594776302	-0.393217171705011	0.098	0.105	1	SPRYD3	c27
8.4696618919993e-05	0.393174183289035	0.222	0.128	1	SPEN	c27
0.993163477912705	0.392932940720233	0.062	0.063	1	FBXL3	c27
0.852420417343698	-0.39282169675404	0.082	0.087	1	NUDCD3	c27
0.773363176869877	-0.392793239792829	0.268	0.281	1	PAFAH1B1	c27
0.3214434919754	0.392750247272873	0.046	0.065	1	ZNF780A	c27
0.670795986109793	0.392403646642625	0.165	0.163	1	MRPL15	c27
0.976539632930334	-0.392325970622545	0.098	0.099	1	CBFB	c27
0.488114642258593	0.392296528071657	0.036	0.047	1	GPR34	c27
0.272432890803224	0.392265746276103	0.082	0.111	1	SLC43A3	c27
0.575501181829155	0.392159192815829	0.062	0.073	1	CIZ1	c27
0.777413986857372	-0.392123050408316	0.01	0.013	1	LINC02693	c27
0.868697925940959	-0.391985780376851	0.01	0.009	1	GGT1.1	c27
0.700464716562819	-0.391829520182526	0.16	0.171	1	YIPF5	c27
0.92447083200714	0.391782895460677	0.036	0.035	1	ASB6	c27
0.898146662358619	-0.391626760709601	0.01	0.011	1	TMSB4Y	c27
0.375925625007132	0.391626017163836	0.021	0.032	1	PPP2R5B	c27
0.320248921986712	-0.391594557850736	0.201	0.234	1	EEA1	c27
0.773273972658254	-0.391464730560313	0.103	0.11	1	INF2	c27
0.329953036011841	0.391264261469158	0.247	0.231	1	MRPS36	c27
0.071961179157253	0.391041756058563	0.129	0.093	1	ZNF770	c27
0.971435581875625	-0.390882504353707	0.093	0.093	1	MLLT6	c27
0.00736531117245849	0.390852806138053	0.397	0.324	1	SEC13	c27
0.173873675422592	-0.390556916816479	0.17	0.215	1	PSMD14	c27
0.770115334843436	0.390480675582524	0.103	0.099	1	GMPPB	c27
0.0831340923447491	0.390446033029438	0.464	0.408	1	NDUFAB1	c27
0.98627198668109	0.390346443504673	0.026	0.026	1	ZNF583	c27
0.0301717236288649	0.390306167398561	0.247	0.195	1	DR1	c27
0.813699926407041	-0.39018269672121	0.216	0.225	1	BDP1	c27
0.926334859026746	-0.390060684136265	0.144	0.145	1	NUDT16L1	c27
0.0053915496498721	0.389851182311257	0.16	0.101	1	DUSP12	c27
0.182317213598573	-0.389737543239388	0.119	0.155	1	RING1	c27
0.00769776135366327	0.389705381046832	0.165	0.106	1	NCBP3	c27
0.486574281458828	-0.389664550996129	0.108	0.125	1	MAP4K5	c27
0.00451660567344785	0.38957138859128	0.113	0.063	1	ATAD2B	c27
0.689552943643449	-0.389545121918538	0.088	0.08	1	LRRC28	c27
0.0134573937484954	0.389337491713273	0.149	0.099	1	PPAN	c27
0.551864225722548	-0.389227211461218	0.072	0.086	1	EIPR1	c27
0.0946417323139852	0.389119471441969	0.098	0.069	1	FAM53B	c27
0.000362731583089638	0.389021990831032	0.665	0.575	1	RBM3	c27
0.00124329704419208	0.388917217921605	0.351	0.259	1	NT5C	c27
0.00211624417817447	0.388910463215791	0.397	0.31	1	HERPUD1	c27
0.0169283461793273	0.388859188949227	0.33	0.264	1	BPTF	c27
0.504019640266605	0.388821768401312	0.129	0.116	1	SPTLC1	c27
0.447041633915536	-0.388778422974042	0.134	0.156	1	FAM111A	c27
0.803540864976703	0.388760195954147	0.18	0.182	1	DHX9	c27
0.183343638668079	-0.388657769112556	0.134	0.103	1	KAT6A	c27
0.48584431988131	0.38841271822515	0.077	0.066	1	RABGAP1	c27
0.00615659114752023	0.388322118413691	0.304	0.231	1	RALA	c27
0.0397440795904079	0.388242806095134	0.119	0.079	1	ARMC1	c27
0.939394150673401	-0.388194608353494	0.021	0.02	1	PRMT6	c27
0.25992925077218	0.387856864547563	0.144	0.183	1	AP1S1	c27
0.141867086143344	-0.387854853524401	0.026	0.049	1	XIST	c27
0.000988423055323334	0.387831919601209	0.32	0.232	1	CTNNA1	c27
6.0587242733895e-06	0.387670695187772	0.608	0.476	0.221755367130329	ARPC4	c27
0.156722709221408	-0.387661801800383	0.119	0.159	1	GK	c27
0.385654494295915	0.387599263869025	0.052	0.04	1	METTL18	c27
0.350745625280249	-0.387409622171745	0.098	0.123	1	ZDHHC20	c27
0.512763100794555	0.387403616170849	0.01	0.007	1	VSIG10L	c27
0.144738869594376	-0.386870609478662	0.031	0.056	1	BBS7	c27
0.0522389318291411	-0.386799930507415	0.134	0.191	1	IQSEC1	c27
0.930908469305128	-0.386739774209927	0.165	0.161	1	SBNO1	c27
0.170081024363728	0.386732079374271	0.077	0.055	1	MAP2K5	c27
0.0199081595953052	0.386713552317248	0.335	0.268	1	SPAG7	c27
0.322230775716798	-0.386692376306164	0.041	0.059	1	PXMP4	c27
0.456616908022164	0.38662397974133	0.046	0.037	1	B3GALNT2	c27
0.253181021224441	0.386582150616765	0.036	0.055	1	PNPLA4	c27
0.405317022293903	-0.386533203460429	0.036	0.05	1	SMAD4	c27
0.794736872564605	0.38651939750013	0.026	0.029	1	P2RY11	c27
0.620853442944058	-0.386443032941592	0.175	0.193	1	DCTN1	c27
0.515399249813053	-0.386188157150074	0.026	0.035	1	CPLANE1	c27
0.76239740574681	-0.38612824429949	0.067	0.073	1	ANGEL2	c27
0.773558797326957	0.386079352229305	0.077	0.073	1	GCNT1	c27
0.993707923544609	0.386016338413663	0.036	0.036	1	INVS	c27
0.852416268380534	-0.385968172919513	0.021	0.023	1	CFL2	c27
0.231684065844672	-0.385770816255232	0.593	0.531	1	ATP6V1F	c27
0.141946620926278	-0.385496801540277	0.119	0.158	1	TRMT10C	c27
0.000610337652619852	-0.385433858389519	0.093	0.198	1	COLGALT1	c27
0.597109819138261	0.385197106038254	0.026	0.02	1	PRKAG2-AS1	c27
0.856324271717008	-0.385190087270456	0.072	0.076	1	ARNTL	c27
0.622357728648893	0.385135557732264	0.057	0.067	1	AMFR	c27
0.00846592749825563	-0.385086833070409	0.16	0.244	1	COA6	c27
0.603459442105419	-0.385051463355151	0.041	0.034	1	RAD9A	c27
0.712978182720041	0.384956441151	0.082	0.076	1	GAB3	c27
0.835873358174134	0.38473645733697	0.036	0.039	1	KCNQ1	c27
0.37247140123819	-0.384682279220371	0.284	0.314	1	PUF60	c27
0.29003708202614	-0.384559789808139	0.134	0.166	1	AMD1	c27
0.0719270997079927	0.384403858771375	0.098	0.066	1	RIC1	c27
0.00245172062360166	0.384390503663672	0.448	0.365	1	ENSA	c27
0.804612172672716	0.384370950152658	0.01	0.009	1	NUDT17	c27
0.064629611273439	0.384336787939665	0.119	0.083	1	BTN2A2	c27
0.427080988950539	0.384325062906972	0.098	0.084	1	GTF2H1	c27
0.893212353464077	-0.384301973879476	0.134	0.138	1	NOC2L	c27
0.328851697184374	-0.384294530432593	0.036	0.052	1	PIK3CA	c27
0.431895489540955	-0.384095417852296	0.021	0.031	1	FN3K	c27
0.0186644094317737	0.383959442582645	0.124	0.079	1	STXBP3	c27
0.5207435350186	-0.383861019202964	0.005	0.01	1	BMP1	c27
0.836549499485797	-0.383558059164817	0.021	0.023	1	SLC36A1	c27
0.556409988017952	-0.383402940967235	0.139	0.126	1	PPIL4	c27
0.447916431432077	0.383365162165701	0.031	0.042	1	DCP1B	c27
0.389474772933564	-0.383363474609023	0.263	0.233	1	SF3A1	c27
0.0650791507958019	-0.383345700446776	0.026	0.057	1	PRKAR1B	c27
0.000413802739115687	0.383301040202737	0.629	0.482	1	SH3BGRL	c27
0.335782850119251	-0.383133585359726	0.149	0.183	1	AASDHPPT	c27
0.620477025851969	0.383098132155658	0.026	0.033	1	TLR7	c27
0.0969326540251784	-0.382951980192848	0.253	0.313	1	ZNF428	c27
0.914862994653944	-0.382822108409109	0.015	0.015	1	ZNF440	c27
0.234792921242066	-0.382753516202609	0.031	0.05	1	AGPAT5	c27
0.946252855490239	0.38267200349892	0.046	0.048	1	POLR1A	c27
0.455692158064018	0.382503952588715	0.103	0.088	1	VTI1A	c27
0.985029076801583	0.382479185198878	0.015	0.016	1	STARD5	c27
0.874143243032556	-0.382449725056659	0.052	0.049	1	CHAMP1	c27
0.689786576794291	-0.382352118618147	0.077	0.086	1	INPP4A	c27
0.378429515200638	0.382327795569517	0.082	0.067	1	ANAPC4	c27
0.928391423821165	-0.382305242220634	0.036	0.035	1	ANKS3	c27
0.242720405213631	0.382260543100767	0.119	0.096	1	CERS2	c27
0.0104887974580097	0.382169182747527	0.093	0.052	1	CERK	c27
0.0371243569833919	0.382139942273119	0.278	0.224	1	OLA1	c27
0.3532809455265	-0.382106365766952	0.155	0.129	1	SRSF8	c27
0.0209206472628324	0.382066345513034	0.32	0.249	1	PNRC2	c27
0.965060865445063	0.382052978809805	0.021	0.021	1	ZNF789	c27
0.121161125518051	-0.382035153701519	0.067	0.103	1	WASHC5	c27
0.500653211882762	-0.381762474990111	0.015	0.01	1	ZBTB3	c27
0.749787539408235	-0.381736771946416	0.052	0.057	1	STAM2	c27
0.122532764459077	0.381664252040259	0.186	0.152	1	TMEM223	c27
0.239315812125172	-0.381625579710574	0.16	0.196	1	ITGAE	c27
0.616469482353757	-0.381530860935361	0.052	0.044	1	ZNF544	c27
0.624659895489846	-0.381472568376668	0.062	0.071	1	REXO4	c27
0.141062059068103	-0.381213082095275	0.134	0.181	1	TMEM126A	c27
0.214166605249391	0.381187862577526	0.088	0.067	1	MTRF1L	c27
0.788345028967038	-0.381004212358143	0.036	0.04	1	ENC1	c27
0.717041028720187	-0.380818529187564	0.129	0.139	1	THUMPD3-AS1	c27
0.0319205360345583	-0.380419622690712	0.057	0.107	1	SDSL	c27
0.743866969734342	0.380291878509635	0.015	0.013	1	DTNA	c27
0.0195382360401172	0.380017607018282	0.258	0.194	1	ATF6B	c27
1.71516863862701e-08	-0.380012242825146	0.995	0.968	0.000627768873423871	HLA-B	c27
0.673924166578982	-0.379881904968375	0.046	0.053	1	MYBBP1A	c27
0.885039282439712	-0.379851243306491	0.144	0.141	1	CABIN1	c27
0.257063665700496	0.379817746886194	0.021	0.036	1	AC025048.4	c27
0.0676791432822009	0.3797770113878	0.175	0.134	1	LENG8	c27
0.2454269945779	0.379521709030033	0.196	0.172	1	KYNU	c27
0.00132036464347901	0.379379807894269	0.531	0.432	1	UQCRFS1	c27
0.887992170260608	-0.37930025006637	0.093	0.091	1	WDR37	c27
0.479086640681451	-0.379259264741235	0.299	0.325	1	SH3GLB1	c27
0.632292887382132	-0.379036879547911	0.057	0.049	1	BPGM	c27
0.00473962402495804	0.379013288128613	0.392	0.32	1	MRPS24	c27
0.0766855431707064	-0.379011010013782	0.33	0.243	1	ANXA6	c27
0.983478239892741	0.378931284356465	0.031	0.031	1	GIHCG	c27
0.000101337296300209	0.378612316073908	0.49	0.366	1	POLR1D	c27
0.793061231083969	-0.378550688869867	0.021	0.024	1	ZNF236-DT	c27
0.691032229914769	-0.378349820057582	0.088	0.08	1	XPNPEP1	c27
0.588442108847554	0.378249018768949	0.01	0.007	1	ZNF607	c27
0.704711141535338	0.378241898614082	0.129	0.123	1	POLR2H	c27
0.00516549940230319	0.378134133333053	0.227	0.158	1	KIAA0100	c27
0.0339032088794079	0.378029995047801	0.278	0.223	1	AGGF1	c27
0.799857853020329	0.377953216982669	0.082	0.09	1	MRM2	c27
0.904072067817919	0.377926628132748	0.134	0.135	1	SNRNP25	c27
0.00716169346373501	-0.377726531346796	0.057	0.122	1	FLVCR2	c27
0.0349702937787375	0.377590313883519	0.469	0.408	1	AURKAIP1	c27
0.192880795311931	0.377499413305509	0.057	0.039	1	ZNF44	c27
0.107929960201139	0.37743938086605	0.082	0.057	1	NPM3	c27
0.351654214993525	0.377416714483437	0.108	0.136	1	UBALD1	c27
0.991266672535994	-0.377326894478936	0.01	0.01	1	CDKL3	c27
0.129019857124028	-0.377311847606091	0.129	0.173	1	GLO1	c27
0.931028180326224	-0.377250049363621	0.015	0.016	1	CPOX	c27
0.218327480014577	-0.377227354136581	0.216	0.254	1	BBX	c27
0.119429887488559	-0.377193577383132	0.098	0.068	1	DMTF1	c27
0.326864284489855	0.377177297604079	0.026	0.017	1	KNTC1	c27
0.000345626184807972	0.377161851503875	0.655	0.546	1	MSN	c27
0.847168380379681	-0.377132152018945	0.113	0.109	1	HNRNPLL	c27
0.354397134491435	-0.377017468819834	0.082	0.105	1	LSG1	c27
0.747533251978072	-0.377004846028776	0.062	0.056	1	ABHD18	c27
0.657481575142149	0.376939712975837	0.036	0.031	1	OSGIN2	c27
0.187116325924229	0.376902265304823	0.381	0.353	1	NDUFA7	c27
0.716908857609553	-0.376862465613595	0.077	0.085	1	ELAC2	c27
0.748994064551119	-0.376665934951851	0.258	0.263	1	ANXA4	c27
0.138174482501946	0.376449066500455	0.227	0.195	1	CZIB	c27
0.0353617564625888	0.376409056528345	0.103	0.066	1	FAM199X	c27
0.206640675472968	-0.376371567193208	0.304	0.355	1	IDS	c27
0.685592856484466	-0.3760910714227	0.072	0.065	1	HARS2	c27
0.178697058235913	0.376043275845633	0.041	0.026	1	ZNF780B	c27
0.749703545276017	-0.375956166809236	0.021	0.018	1	AC004812.2	c27
0.420941140150378	-0.375813128735586	0.196	0.224	1	NSMCE1	c27
0.897102142385024	-0.375625189165954	0.253	0.244	1	UBE3A	c27
0.769163736717342	0.375448254743142	0.273	0.278	1	BABAM1	c27
0.0731067865625626	0.375388746687307	0.309	0.266	1	COPS5	c27
0.588724989151327	-0.375370469720123	0.103	0.118	1	FH	c27
0.990182673088226	-0.375321721905921	0.01	0.01	1	DONSON	c27
0.0912234416332015	-0.375257932572343	0.222	0.28	1	RASGRP2	c27
0.0140345569457133	0.375214476367304	0.268	0.204	1	SMG1	c27
0.856936113666569	0.375174369581533	0.01	0.012	1	GPSM2	c27
0.0280043901876561	-0.375026830288874	0.665	0.654	1	SKP1	c27
0.783838812789162	-0.374981674191798	0.33	0.331	1	SNHG8	c27
0.400765966388148	-0.374976189728896	0.015	0.025	1	MED22	c27
0.0239610756971745	0.374909984656743	0.026	0.01	1	L3MBTL1	c27
0.848471583812104	-0.374809091150243	0.01	0.009	1	ATXN7L2	c27
0.196816370587576	0.374714232216595	0.165	0.138	1	GOLIM4	c27
0.534860023049167	0.374611637971495	0.062	0.053	1	NCOA6	c27
0.0286221910392683	-0.374520091021396	0.16	0.106	1	RUNX3	c27
0.0017380884964005	0.374295222732026	0.356	0.264	1	CYBC1	c27
0.0862165668756102	0.374290416533337	0.469	0.424	1	PRDX6	c27
0.0709133045096966	-0.3742571380174	0.093	0.06	1	TRIM59	c27
0.792728714699608	-0.37413172376574	0.093	0.088	1	TMEM115	c27
0.10065276671124	-0.374084423637678	0.015	0.039	1	COX18	c27
0.0275823101122792	-0.373797758803123	0.448	0.511	1	CUTA	c27
0.0346625060307061	-0.373749101075613	0.335	0.404	1	ATP6AP1	c27
0.770775982102478	-0.373697742415953	0.294	0.285	1	CELF2	c27
0.637851942697995	-0.373617196503631	0.046	0.054	1	PEX1	c27
0.44012171146389	0.373606156268315	0.015	0.01	1	DNAJC3-DT	c27
0.596905454569249	-0.373490646257124	0.082	0.073	1	LINC00909	c27
0.202377491398491	-0.37337876562147	0.082	0.113	1	MBTPS1	c27
0.0164266901577529	-0.373307764491542	0.68	0.762	1	NPM1	c27
0.774244006531962	0.373279374891486	0.222	0.223	1	GLB1	c27
0.944589205490949	-0.373271907709977	0.108	0.106	1	ACD	c27
0.0491889373041186	0.373182377607499	0.155	0.113	1	PRKRA	c27
0.17488971015186	0.372989342284739	0.196	0.163	1	USP9X	c27
0.000237960132681836	0.372976963754924	0.603	0.477	1	TCF25	c27
0.165302106166618	-0.372971943721276	0.052	0.08	1	BBS2	c27
0.33201501917026	-0.372884386331105	0.17	0.202	1	RAB18	c27
0.934322113084454	0.372831875094124	0.077	0.077	1	LMNB2	c27
0.867047455838329	-0.372802922007262	0.119	0.122	1	CDK11A	c27
0.988353813104616	-0.372737988911563	0.155	0.156	1	MRPS30	c27
0.0607374343449394	-0.372726082223568	0.139	0.197	1	CDIPT	c27
0.304138631995243	-0.372651536717805	0.057	0.077	1	ALKBH6	c27
0.0363283459325207	0.372441044260678	0.273	0.221	1	DDX39A	c27
0.965572091269412	0.372411895850566	0.088	0.088	1	DAZAP1	c27
0.748040671216378	-0.372352702396392	0.041	0.046	1	GATB	c27
0.225288895297362	0.372252530278188	0.134	0.11	1	VRK2	c27
0.308625516950862	0.37210712890325	0.072	0.055	1	DYRK1A	c27
0.426472183087528	-0.372064878472956	0.036	0.049	1	SOCS6	c27
0.976931783597654	0.371964944823272	0.072	0.073	1	L3MBTL2	c27
0.434872820755462	-0.37186861350441	0.021	0.014	1	RALGPS1	c27
0.0369822963595025	0.371846604416481	0.294	0.238	1	RAB4A	c27
0.971005177372707	-0.371523722952789	0.01	0.01	1	CKMT2-AS1	c27
0.964051388144486	-0.371375338456462	0.134	0.137	1	MICU2	c27
0.250505356063893	-0.371326162225272	0.026	0.015	1	AL499604.1	c27
0.00418853932090843	0.3711781632439	0.557	0.463	1	SCAND1	c27
0.677053928874743	0.371153070907953	0.057	0.05	1	ATG10	c27
0.00500022121146847	-0.370835119967375	0.423	0.497	1	DOK2	c27
0.148146702093442	0.370822830604511	0.01	0.027	1	ZCCHC24	c27
0.38527724665338	0.37079305739384	0.108	0.093	1	EPB41L3	c27
0.63115427917831	-0.370787634101429	0.026	0.032	1	ACCS	c27
0.0828788872722349	-0.370707887840001	0.108	0.155	1	C2orf74	c27
0.0879970025034169	-0.370666110334672	0.144	0.196	1	GNPDA1	c27
0.407893347218047	-0.370612878619895	0.01	0.006	1	AL359513.1	c27
0.004371058092498	-0.370413412762231	0.211	0.31	1	LAMP1	c27
0.367570700461611	-0.370290724169612	0.093	0.115	1	KIF16B	c27
0.354229802286241	-0.370252530243465	0.155	0.129	1	FGD3	c27
0.0933573297884455	0.370219740657482	0.263	0.221	1	NSFL1C	c27
0.0762290084197555	-0.370126196919655	0.196	0.252	1	ECHDC1	c27
0.263957102664493	0.370084566157106	0.026	0.016	1	MCM2	c27
0.0587368123316552	0.370007165900875	0.057	0.033	1	GBA2	c27
0.226393277033434	-0.369976501645204	0.897	0.874	1	RPSA	c27
0.534724097174388	-0.369972266298954	0.057	0.047	1	AGK	c27
0.168210356114489	0.369969549659983	0.046	0.03	1	GFM2	c27
0.204816605292357	-0.369939980653043	0.335	0.372	1	SELENOK	c27
0.549699229816047	-0.369883218359792	0.129	0.115	1	TMEM43	c27
0.396759949687531	-0.369834446961504	0.278	0.314	1	MMADHC	c27
0.24324853151307	-0.369800049376616	0.206	0.242	1	FAM177A1	c27
0.000980439849642743	-0.369670415338427	0.057	0.143	1	ABCC3	c27
0.827458965895595	-0.369506975618139	0.16	0.164	1	THUMPD1	c27
0.383093827851224	0.369494641312999	0.062	0.081	1	AKT1	c27
0.517773349612796	-0.369485491635596	0.093	0.109	1	MFAP1	c27
0.824768171295669	-0.369279550151585	0.129	0.134	1	SPATA13	c27
0.549349326676034	-0.36887743075828	0.196	0.178	1	HMGN4	c27
0.194804755919232	-0.36880897500347	0.082	0.113	1	NAPG	c27
0.767814242670532	0.36879722712466	0.082	0.079	1	NAT9	c27
0.133623329858833	0.368660949998469	0.031	0.017	1	PRC1	c27
0.662187823417468	-0.368623068255967	0.021	0.017	1	CYTH3	c27
2.65012842272747e-05	0.368620484721506	0.593	0.457	0.96997350400248	ACTR2	c27
9.85060459899479e-06	0.368581657417022	0.407	0.272	0.360541978927808	CCDC12	c27
0.600788109711334	-0.36854230833567	0.175	0.161	1	PITPNB	c27
0.0138990666124975	0.368407860782059	0.227	0.164	1	EPSTI1	c27
0.564992294994053	-0.368371881629051	0.015	0.022	1	SGSM2	c27
0.683680815493088	-0.368336633064533	0.026	0.022	1	ATL2	c27
0.000375819119109051	0.368310367464395	0.722	0.622	1	ENO1	c27
4.93769250849436e-05	0.368221948731923	0.454	0.331	1	OSBPL8	c27
0.106533923899677	-0.368126171932544	0.155	0.207	1	CHCHD1	c27
0.507144238789171	0.367753381238047	0.144	0.168	1	DSC2	c27
0.775697588903007	-0.367672137810769	0.186	0.175	1	SECISBP2	c27
0.12675795277768	-0.367634929182771	0.005	0.021	1	FAM151B	c27
0.947589811003218	-0.367358094883145	0.196	0.196	1	BIRC6	c27
0.783500230476867	-0.367346610152634	0.098	0.093	1	MED13	c27
0.24885780309963	-0.367224092248161	0.211	0.249	1	SUMF2	c27
0.49598626922727	0.366887550023648	0.015	0.01	1	ZNF629	c27
0.0943800322068252	-0.366608265124823	0.232	0.287	1	PSMB5	c27
0.814339332384137	-0.366454470068656	0.052	0.048	1	XPNPEP3	c27
0.443266572720159	-0.366317975631705	0.18	0.208	1	RECQL	c27
0.716210810901426	0.366183417058257	0.015	0.013	1	TSTD3	c27
0.723777547585255	0.366145460345487	0.021	0.017	1	AC009506.1	c27
0.014061508465671	0.366025617072633	0.052	0.024	1	MAP2K6	c27
0.284074080290018	-0.365947477720803	0.175	0.212	1	SLU7	c27
0.218754014634054	0.365904141203897	0.216	0.192	1	HPRT1	c27
0.00162303012155062	0.365880732291158	0.639	0.521	1	TMEM258	c27
0.00204730647918497	0.365767423745719	0.469	0.381	1	RGS19	c27
0.0386890103119781	-0.36568129260662	0.041	0.083	1	MED7	c27
0.156048978560371	0.365578623575034	0.098	0.136	1	ACSL1	c27
0.563837964933779	0.36554001524718	0.057	0.068	1	PDPR	c27
0.421408835130478	0.36498541219787	0.155	0.139	1	STX6	c27
0.620984652827556	-0.364686262690948	0.046	0.039	1	CBR3	c27
0.846772858148048	-0.364510854364642	0.186	0.19	1	PITHD1	c27
0.957235054092541	-0.364288385182746	0.139	0.139	1	CHD8	c27
0.684751044332427	-0.364196064740205	0.036	0.042	1	SMARCAL1	c27
0.134458527570948	0.364159086529127	0.015	0.007	1	SPIN3	c27
0.270513421080877	0.364045119953371	0.119	0.097	1	DCAF6	c27
0.78754185751733	-0.363893550044152	0.077	0.073	1	RNF25	c27
0.221044872451903	0.363867975750647	0.397	0.375	1	SNX17	c27
0.0128573579109389	-0.363555358593001	0.031	0.012	1	AC017002.3	c27
0.0618800922234715	-0.363505645642561	0.149	0.104	1	PDE4B	c27
0.274905072590977	0.363497436932169	0.253	0.234	1	SLC25A11	c27
0.314316598291313	-0.363317168361751	0.299	0.335	1	TEX264	c27
0.00585318334259575	0.363316938375871	0.222	0.151	1	USP1	c27
0.536873013560899	-0.363267587177687	0.036	0.046	1	MAGED1	c27
0.356520922920753	-0.363264172137083	0.103	0.129	1	PAIP1	c27
0.16302876166973	0.363240972373223	0.098	0.073	1	ZNF143	c27
0.822965211492415	-0.363227406491158	0.01	0.009	1	ZBTB16	c27
0.80789982930809	-0.363204198888323	0.16	0.153	1	ARID5A	c27
0.456835443724575	0.362849383739929	0.139	0.126	1	TMEM175	c27
0.138636896475593	0.362832948695717	0.356	0.327	1	ETFB	c27
0.899415592978895	0.362650939613286	0.278	0.287	1	KXD1	c27
0.717368639462625	-0.362597067133752	0.015	0.019	1	OSBPL5	c27
0.0838249821851514	0.362545085478469	0.454	0.38	1	PGD	c27
0.487578880034741	-0.362527992354719	0.036	0.047	1	KLHDC10	c27
0.232871169496621	0.362269579539216	0.165	0.204	1	ABHD2	c27
0.126184371977274	0.362232700667022	0.206	0.163	1	HLA-DQA2	c27
0.248604117091631	-0.362133482478956	0.155	0.191	1	MCFD2	c27
0.00150606056006315	0.362071209922165	0.588	0.507	1	EID1	c27
0.481002197953576	0.36204255071036	0.155	0.143	1	SIL1	c27
0.388978243095415	-0.361958646831034	0.129	0.154	1	LARP1	c27
0.978878291169672	0.361823447789409	0.088	0.09	1	ANKFY1	c27
0.320630074436876	0.36177182460202	0.057	0.043	1	PRMT3	c27
0.735428953537043	0.361701415343054	0.021	0.025	1	TTLL12	c27
0.462516517131065	0.36142334742964	0.036	0.048	1	MGAT4B	c27
0.225778469074212	-0.360925592046534	0.041	0.063	1	TMEM181	c27
0.588201581569211	-0.360831701486764	0.088	0.1	1	C1GALT1	c27
0.0818822125474401	-0.360767105000097	0.005	0.025	1	ANGPT4	c27
0.4079152262638	0.360634558392823	0.211	0.195	1	DDA1	c27
0.111758872980587	0.360517602492765	0.17	0.132	1	SMC5	c27
0.097667492706342	-0.360468770355816	0.552	0.516	1	NOP10	c27
0.758553120781044	0.360428770979522	0.16	0.157	1	KLHDC3	c27
0.882980212834773	0.35979447311352	0.17	0.174	1	RARA	c27
0.392206625531911	-0.359751401466468	0.041	0.056	1	C9orf85	c27
0.471387944999494	-0.35954564506456	0.015	0.01	1	BTLA	c27
0.374377094186578	0.359484323433885	0.01	0.006	1	DTL	c27
0.680543798624918	-0.359423131520549	0.077	0.087	1	USP7	c27
0.61758345695498	-0.359407765688948	0.052	0.044	1	ANKRD52	c27
0.916407143454952	-0.359078401211381	0.211	0.216	1	PWP1	c27
0.931478523517566	0.359047594294666	0.149	0.157	1	DYNC1LI2	c27
0.0126453459552058	0.35889436427651	0.139	0.09	1	IDH3A	c27
0.31016080848005	0.358817018768582	0.186	0.165	1	DOK1	c27
0.383903016899149	-0.358749615557486	0.196	0.171	1	RBM27	c27
1.33660427507531e-05	0.358610749781996	0.634	0.505	0.489210530720315	HNRNPC	c27
0.663550244990884	0.358273517541462	0.01	0.014	1	HSPA14	c27
0.613663925538289	0.358247056111447	0.021	0.027	1	CDC42BPA	c27
0.715383615029446	-0.358215373707854	0.036	0.041	1	ACSS1	c27
0.517622489223229	-0.358138538748048	0.057	0.047	1	DYRK2	c27
0.523284011920711	-0.358135924684308	0.046	0.058	1	GEMIN8	c27
0.914388549242086	-0.35768941003525	0.031	0.03	1	NLE1	c27
0.479046178058046	0.357545258840122	0.015	0.01	1	AGER	c27
0.813333085158079	-0.357430922130178	0.067	0.063	1	SLC35B2	c27
0.097561331710588	0.357430343474177	0.165	0.128	1	GMIP	c27
0.0807916872616559	0.35730831340388	0.268	0.227	1	LYSMD2	c27
0.103421402032131	0.357225989273028	0.046	0.027	1	TCEA2	c27
0.65059624436009	-0.35718131004674	0.031	0.026	1	ZNF227	c27
0.000583205992364075	-0.357172183011948	0.046	0.134	1	MITF	c27
0.092309957360789	0.35704035706941	0.175	0.136	1	DCPS	c27
0.431420067086236	-0.356890243521622	0.088	0.073	1	BCL2L12	c27
0.325415406056282	0.356588414067459	0.155	0.135	1	GRIPAP1	c27
0.249714774103045	-0.356531931874866	0.108	0.085	1	ATAD1	c27
0.0173992708053661	-0.356461150717366	0.155	0.235	1	HSPH1	c27
0.198093008382604	-0.356408572368889	0.057	0.039	1	WRAP53	c27
0.67510164122951	-0.356369219048915	0.046	0.053	1	SBF1	c27
0.0057469082644601	0.356231170229735	0.191	0.126	1	TAF11	c27
0.842517554146505	-0.356018818407092	0.052	0.048	1	FANCF	c27
0.691707765137979	0.356001067216721	0.062	0.056	1	THOC5	c27
0.493613761409382	0.355912464451808	0.077	0.065	1	UBXN7	c27
0.021027174920055	0.355858568268362	0.237	0.18	1	COMMD8	c27
0.957249842173842	-0.355729497814298	0.01	0.01	1	ZRANB3	c27
0.925938929029006	-0.35545763344094	0.021	0.02	1	MFSD9	c27
0.979834908676002	0.355341816540449	0.057	0.058	1	SETD9	c27
0.887257479626904	-0.355307340061682	0.031	0.029	1	ZNF134	c27
0.915075115703024	0.35520795165267	0.021	0.022	1	LENG9	c27
0.408705539309425	-0.354914595065164	0.763	0.54	1	CAPG	c27
0.00513717761904909	-0.354712133767423	0.052	0.12	1	SLC35F6	c27
0.628226118682178	-0.354479616236052	0.376	0.394	1	OCIAD1	c27
0.190600487118938	0.354384630473901	0.021	0.011	1	AC036176.1	c27
0.0158531276311143	0.354233622240819	0.021	0.007	1	AC016831.1	c27
0.440679986286739	0.354221348437644	0.134	0.119	1	PNPLA8	c27
0.0261930858371878	0.354211264042053	0.057	0.03	1	FAAP100	c27
0.000411845101109323	0.35414609957003	0.418	0.309	1	PPP1R12A	c27
0.0433330188498561	0.353919657142249	0.474	0.397	1	VASP	c27
0.283256463771881	-0.35377898816504	0.052	0.072	1	OSBPL2	c27
0.260835455308491	0.353433849122935	0.108	0.086	1	GET4	c27
0.612008112375752	0.353340085888373	0.093	0.085	1	NOC4L	c27
0.658479755742881	0.353280616800802	0.062	0.055	1	CCSAP	c27
0.672661421589809	-0.353075484783925	0.041	0.048	1	PEX3	c27
0.015503490443703	0.353004987042388	0.335	0.267	1	BRD2	c27
0.0410431270197254	0.352945443601007	0.041	0.085	1	NLRC4	c27
0.432269085506323	-0.352785680851354	0.258	0.28	1	ERP44	c27
7.2266497149114e-05	0.352774029477632	0.747	0.665	1	LCP1	c27
0.903918349671089	-0.352756098784536	0.041	0.043	1	C17orf75	c27
0.588085173052877	-0.35272696800399	0.113	0.13	1	CDC27	c27
0.267889729565254	-0.352649857094012	0.046	0.032	1	GCC1	c27
0.00393520650527205	0.352538401416946	0.304	0.228	1	ANKRD11	c27
0.656995009150678	0.352498789466133	0.015	0.012	1	AP002360.1	c27
0.550609652447944	-0.352369599045381	0.108	0.124	1	ELOA	c27
0.704367051425371	0.352328336388343	0.103	0.097	1	GTF3C5	c27
0.801054868725315	-0.352252520091669	0.098	0.093	1	ZNF326	c27
0.548824695130005	-0.352002246478595	0.108	0.096	1	TIMM10B	c27
0.0629365544016567	-0.351876711056299	0.088	0.136	1	FIG4	c27
0.439340757783776	-0.351738237099205	0.428	0.398	1	COMT	c27
0.000210671409948982	0.351688265765592	0.562	0.443	1	EIF5	c27
0.122532472996878	0.351618194627432	0.175	0.14	1	CWC25	c27
0.054227345607774	-0.351557614439915	0.129	0.185	1	POLR3K	c27
0.848096944603168	0.351543249246683	0.01	0.009	1	ZSWIM1	c27
0.589854442956711	-0.351410732106338	0.201	0.22	1	CDC26	c27
0.48536430249508	-0.351377750983255	0.015	0.01	1	HIST1H2AE	c27
0.00354958688866289	-0.351180441311675	0.021	0.078	1	RAB42	c27
0.196882542095796	0.351172612062212	0.015	0.007	1	AP003068.2	c27
0.000573370758341252	0.351118455106539	0.613	0.504	1	SMDT1	c27
0.591830058043458	0.350982166974419	0.031	0.025	1	SPATA2L	c27
0.0300762822757633	0.350752151249544	0.603	0.52	1	ATP5MD	c27
0.316685199658187	-0.350566145972099	0.505	0.528	1	TSC22D3	c27
0.692251990715097	0.350516832704979	0.067	0.06	1	DDX10	c27
0.852018661468475	-0.350291933783177	0.062	0.065	1	SMARCAD1	c27
0.353337018988308	-0.350263684559538	0.479	0.433	1	PRMT2	c27
0.00696061182257125	0.350221548898305	0.32	0.245	1	UBE2A	c27
0.857215509282157	-0.350054850366357	0.036	0.039	1	KRBOX4	c27
0.255378205557819	-0.350035568285789	0.17	0.139	1	USP47	c27
0.583758101514287	-0.349840625165274	0.258	0.276	1	PRPF6	c27
0.160430858685189	0.349802523023439	0.134	0.105	1	PHKB	c27
0.00089139610975016	0.349747690316538	0.603	0.491	1	RNH1	c27
0.802922185634072	0.349683920772315	0.139	0.139	1	GPR137B	c27
0.907406828573331	0.349641513654164	0.108	0.109	1	SFXN3	c27
0.0145499595768347	0.349553198994496	0.124	0.078	1	KDM2B	c27
0.849305904068018	-0.34940658999951	0.031	0.033	1	TAB3	c27
0.00565566237705972	0.349260727229499	0.521	0.435	1	ERGIC3	c27
0.442126117980893	0.349184785413768	0.211	0.197	1	CELF1	c27
0.986142749057343	0.349014242159188	0.108	0.114	1	STYXL1	c27
0.454324196852087	0.348919678010209	0.021	0.03	1	ZGLP1	c27
0.649592356378783	-0.348728139772537	0.021	0.026	1	POLR1B	c27
0.635905714185358	-0.348522539100278	0.077	0.069	1	BTAF1	c27
0.270658727874625	-0.348450058928038	0.082	0.063	1	PGM2L1	c27
0.317420533771765	-0.348249630559187	0.134	0.166	1	PMVK	c27
0.383607392814364	-0.347979287786571	0.026	0.017	1	DUSP14	c27
0.547683139048203	0.347743114505158	0.015	0.011	1	CDKN2B-AS1	c27
0.813288721247473	-0.347720539558714	0.093	0.089	1	TFB1M	c27
0.369939868438994	0.347386424400931	0.005	0.012	1	CD163L1	c27
0.273922640150923	0.347253324929448	0.186	0.158	1	EHMT1	c27
0.00129949547009805	0.347054877241156	0.577	0.489	1	CKLF	c27
0.129154634148073	0.346946171433143	0.062	0.041	1	TSTD2	c27
0.397611215717889	-0.346817003049429	0.046	0.062	1	TBL3	c27
0.760393678576945	-0.346608054414919	0.021	0.018	1	ZNF573	c27
0.609731082002383	-0.346568742700422	0.072	0.064	1	CMSS1	c27
0.0792954552111718	-0.346515426334052	0.469	0.483	1	TGOLN2	c27
0.222443116405829	0.346491491229007	0.046	0.031	1	ZNF574	c27
0.627789931994563	-0.346490050373507	0.108	0.122	1	ZFPL1	c27
6.25374892359469e-05	0.346293540553398	0.304	0.189	1	TES	c27
0.00732452217394802	0.346198553292241	0.304	0.231	1	TMEM109	c27
0.42876476872951	-0.346159363694762	0.021	0.014	1	CCDC152	c27
0.851016460478809	-0.346127328718843	0.201	0.195	1	TUBGCP2	c27
0.63245958661569	0.34598621877353	0.021	0.026	1	PPP1R3D	c27
0.030973539299974	-0.345934758504963	0.613	0.617	1	NDUFA4	c27
0.180083510930975	0.345921478192141	0.16	0.13	1	CHORDC1	c27
0.0476120761760684	0.345910533793397	0.351	0.299	1	PLXDC2	c27
0.640624620484811	-0.345829079808476	0.021	0.016	1	ZNF23	c27
0.662003392480021	0.345803937072725	0.139	0.131	1	CNOT6L	c27
0.959006579685694	-0.345699135208973	0.031	0.032	1	IPO4	c27
0.0208269593887278	0.345690123650664	0.242	0.186	1	COPS3	c27
0.000252173199071976	0.345631293317475	0.356	0.248	1	NIBAN1	c27
0.239884884377398	0.345612078767367	0.309	0.281	1	RRBP1	c27
0.00104459476605711	0.345593744956545	0.155	0.088	1	PPP1R21	c27
0.836548387820431	-0.345580778613705	0.16	0.17	1	ARCN1	c27
0.880083283507234	-0.345405311491199	0.119	0.116	1	TRPM7	c27
0.000437549060613174	0.345334546186436	0.196	0.116	1	HDAC3	c27
0.854904072855213	0.345000308008713	0.113	0.121	1	SCOC	c27
0.779659943223126	0.344857144469061	0.108	0.118	1	TMED1	c27
0.206568598152722	-0.344680976614101	0.052	0.076	1	RTP4	c27
0.0606544522610759	-0.34459031533385	0.17	0.233	1	MRPL24	c27
0.00557053857429067	0.344433318482003	0.026	0.082	1	SLC9A1	c27
0.000157914116212744	0.34428397595679	0.742	0.681	1	CCNI	c27
0.54051151186904	0.344149609094756	0.052	0.043	1	GIT1	c27
0.346869595629068	-0.343982411671496	0.005	0.013	1	B9D1	c27
0.928927133988411	0.343863595790002	0.216	0.223	1	RTL8C	c27
0.86493189317295	-0.343745641380358	0.01	0.012	1	SPAG1	c27
0.0208448662654655	0.343742515959125	0.299	0.237	1	EGLN2	c27
0.0702469681199938	-0.343634902653189	0.314	0.377	1	SLC9A3R1	c27
0.311370449929027	0.343580221003784	0.216	0.195	1	UBE2G2	c27
0.131488338523863	-0.343537804016096	0.041	0.069	1	FHIT	c27
0.228963842503402	0.343351347854099	0.026	0.015	1	ZNF627	c27
0.185066014664325	0.343337222357026	0.253	0.222	1	SNX1	c27
0.758407950724145	0.343236530567394	0.088	0.083	1	CHM	c27
0.340790380190947	0.34320624060177	0.041	0.03	1	CEP85	c27
0.0836086450597741	0.343156175912533	0.134	0.099	1	PDS5A	c27
0.21199634394644	0.343148431830804	0.015	0.031	1	CEP162	c27
0.832210312376575	-0.34312633898726	0.082	0.079	1	AHI1	c27
0.437550739263699	-0.34304992440525	0.304	0.331	1	IK	c27
0.227381253479695	-0.343018283433895	0.036	0.057	1	ZNF316	c27
0.889177051748834	-0.342827957182565	0.082	0.085	1	CSNK1G3	c27
0.966154685215498	0.342780225262585	0.052	0.053	1	PARG	c27
0.295174691008907	-0.34263425127964	0.309	0.344	1	C9orf78	c27
0.986828149682985	-0.342613236832878	0.124	0.123	1	DESI2	c27
0.403570686426296	-0.342593558537535	0.005	0.012	1	AL356599.1	c27
0.297941193770478	0.342508450623887	0.015	0.009	1	HECTD2	c27
0.709485624956626	0.342504477205169	0.119	0.113	1	ZNF394	c27
0.87540886986726	-0.342479426791911	0.015	0.017	1	AC090825.1	c27
0.818986457089936	-0.342399115525535	0.387	0.395	1	TERF2IP	c27
0.844527848007398	-0.34232271634759	0.17	0.178	1	MRPS10	c27
0.2851419659101	0.342164238147857	0.16	0.137	1	CUL4A	c27
0.898558009960742	-0.341925490355404	0.052	0.049	1	ARHGAP19	c27
0.0792142526473853	0.341876098351636	0.186	0.145	1	NIN	c27
0.830066797298931	0.341659064808635	0.17	0.185	1	HNRNPUL2	c27
0.562099554551262	-0.341632230014464	0.046	0.057	1	TTC4	c27
0.0121245870655026	0.341515120245714	0.119	0.073	1	AP3M1	c27
0.687436412804768	-0.341498656163747	0.335	0.319	1	NR3C1	c27
0.730587088126056	0.341480277238745	0.124	0.12	1	NUP58	c27
0.504914702969298	-0.341458343577185	0.015	0.023	1	LMAN2L	c27
0.0245635348981798	0.341369968663435	0.155	0.107	1	ZFAND1	c27
0.00476595989208815	0.340954988394624	0.49	0.415	1	EIF2S2	c27
0.836048161342796	0.340803285181098	0.052	0.056	1	NCK1-DT	c27
0.521502103439905	-0.34076214866166	0.335	0.327	1	ALOX5	c27
0.103828175407689	0.340737061804923	0.304	0.266	1	CHMP2B	c27
0.167673964023895	-0.340604465198888	0.088	0.063	1	STRADA	c27
0.788539949439094	-0.34058271670547	0.067	0.073	1	STK19	c27
0.343054883118434	-0.340406760358158	0.021	0.033	1	ZBED4	c27
0.822969278890753	0.34039544226556	0.041	0.045	1	NUDT15	c27
0.984976075514218	-0.340325292645084	0.108	0.109	1	VTA1	c27
0.146925638830697	-0.340297760041492	0.062	0.041	1	SSBP2	c27
0.60591314241165	0.340267039798935	0.031	0.039	1	C3orf62	c27
0.183228635266814	0.340255913464746	0.036	0.022	1	MARK4	c27
0.686533057286354	-0.340072237060584	0.227	0.236	1	GTF2B	c27
0.236904753586657	0.340053081065644	0.155	0.131	1	ECPAS	c27
0.337819833594733	-0.340047332838822	0.015	0.009	1	TRAV24	c27
0.317082484684781	-0.339912474380552	0.062	0.046	1	C18orf25	c27
0.366677287416586	-0.339811342342619	0.015	0.009	1	HIST1H2AK	c27
0.000920311246568191	0.339766940283272	0.572	0.474	1	SRRM1	c27
0.0419003172883657	-0.339713376715388	0.186	0.254	1	MRPS18C	c27
0.00175528018101791	0.339510826329809	0.577	0.455	1	RAB5C	c27
0.421320781235889	0.339372216412483	0.01	0.018	1	DHFR2	c27
0.458357764746199	-0.33933190355028	0.057	0.071	1	BLMH	c27
0.922325742543572	-0.339280174409723	0.108	0.107	1	FAM98C	c27
0.544148605394901	0.339196326276908	0.015	0.011	1	OPHN1	c27
0.851299871166628	-0.339168236887215	0.01	0.009	1	ZNF543	c27
0.494313535599909	-0.339063859555639	0.026	0.035	1	ZNF268	c27
0.0653709197908637	0.338675062124972	0.015	0.006	1	MCF2L2	c27
0.456279211964096	-0.33863165160857	0.046	0.059	1	MAFF	c27
0.643582581766719	-0.33857043315699	0.129	0.142	1	EMC2	c27
0.00413447968410162	-0.338452783980509	0.309	0.411	1	NUCB1	c27
0.13818902121928	0.338452773126953	0.149	0.116	1	DDX3Y	c27
0.0182999580385013	0.338437419420401	0.124	0.078	1	TBP	c27
8.30422966350837e-05	-0.338425877967836	0.969	0.928	1	MT-ND4	c27
0.00154075394805215	0.338416042126843	0.541	0.44	1	LSM7	c27
0.6589874234349	0.33828026064089	0.072	0.083	1	RREB1	c27
0.640223283096836	-0.338279360389716	0.036	0.043	1	PARP2	c27
0.716974164562012	-0.338265279092686	0.186	0.199	1	PCMTD1	c27
0.310365896575336	-0.338194539122332	0.098	0.124	1	POLR2J3	c27
0.524280786940354	0.338175264754993	0.021	0.029	1	TEC	c27
0.0680846174193884	-0.33810050933051	0.686	0.649	1	TMBIM6	c27
0.11149186268282	0.338084231056217	0.443	0.403	1	NDUFS8	c27
0.900200273876902	0.338081024303727	0.072	0.072	1	WSB2	c27
0.595299136465566	-0.337632268950423	0.067	0.058	1	FASTKD2	c27
0.890443318355753	-0.337596319329037	0.036	0.038	1	HIST3H2A	c27
0.701157193641042	0.337545511775065	0.077	0.071	1	HEATR6	c27
0.499462498937309	-0.337288582248148	0.088	0.103	1	CUL2	c27
0.259004798881377	0.3370751200155	0.026	0.042	1	CAPN15	c27
0.478858690425223	-0.337042585408042	0.134	0.155	1	RNF168	c27
0.0607412881793015	-0.336859784941374	0.113	0.167	1	UNC50	c27
0.00257259919343904	0.33670241706324	0.294	0.211	1	IAH1	c27
0.00177539031834374	0.336630198900998	0.371	0.275	1	SRSF4	c27
0.00472254759104189	0.336524636467178	0.639	0.545	1	SEC61B	c27
0.533923925885884	-0.336288961845947	0.052	0.063	1	GGCX	c27
0.432647299068538	0.336130221946397	0.036	0.027	1	ZNF408	c27
0.651667340155907	0.336045205351265	0.052	0.06	1	GTF2H4	c27
0.0010579403853697	0.335994501986042	0.196	0.119	1	CNOT8	c27
0.071959654687745	0.335603279679222	0.108	0.075	1	TMEM80	c27
0.438200798082913	0.335535055550247	0.021	0.014	1	PLCL1	c27
0.674132627292206	0.33552457032358	0.201	0.226	1	IQGAP2	c27
0.467970448462602	0.335493781804371	0.036	0.028	1	MAPK9	c27
0.955463075639543	0.335447428044629	0.113	0.116	1	ZFYVE16	c27
0.84815520797513	-0.33538272271407	0.139	0.146	1	GTF2E2	c27
0.233517986065468	-0.335332032767947	0.289	0.321	1	TNFRSF14	c27
0.992790981633429	-0.3353260574298	0.227	0.228	1	CYB561D2	c27
0.680205362935525	0.335157834641817	0.01	0.008	1	AC046134.2	c27
0.693644682346831	-0.334919291815465	0.057	0.05	1	RGP1	c27
0.185991774729034	0.334902461218041	0.015	0.007	1	TRAV39	c27
0.360997514768101	-0.334886068685553	0.103	0.126	1	CENPC	c27
0.419174641287189	-0.33487183259208	0.407	0.434	1	DHRS7	c27
0.182871666486596	-0.334747090239832	0.026	0.014	1	COX10-AS1	c27
0.980647758477315	-0.334642252774492	0.072	0.071	1	ERCC6L2	c27
0.00298411845106485	0.334599913953378	0.273	0.186	1	ARHGAP9	c27
0.51065090068807	0.334460867631154	0.067	0.082	1	RCN1	c27
0.37957833755086	-0.334307864716917	0.046	0.035	1	MTRNR2L1	c27
0.386444166850046	-0.334269112182714	0.015	0.009	1	AC020659.1	c27
0.000644081787842331	0.334240210695953	0.861	0.699	1	SRGN	c27
0.974671602006928	0.334226504856708	0.082	0.086	1	TMEM245	c27
0.202182616435166	-0.33413063294747	0.052	0.035	1	LINC01128	c27
0.245946780271446	-0.334035356324871	0.263	0.301	1	SDHD	c27
0.943706372599529	-0.334011837931182	0.01	0.01	1	PRPF40B	c27
0.0653715813302141	0.333831098066987	0.196	0.151	1	PFDN4	c27
0.103015920833035	-0.333776051561491	0.062	0.099	1	EXOSC3	c27
0.102586398881332	-0.333708454229064	0.289	0.34	1	MRPL34	c27
0.139686997182971	0.333468889821146	0.098	0.139	1	ARRDC4	c27
0.0350291355231473	-0.333454230260497	0.515	0.538	1	SAP18	c27
0.344056152653283	-0.333448179163149	0.129	0.157	1	XIAP	c27
0.0248331648720562	0.333168601088099	0.418	0.355	1	APEX1	c27
0.889077672771999	0.333109298537059	0.17	0.174	1	CTR9	c27
0.175661966444468	0.333015328720327	0.067	0.047	1	LIAS	c27
0.637680522015229	0.332996588914325	0.015	0.012	1	AC023157.3	c27
0.0269410946000341	-0.332931428449073	0.732	0.723	1	RPS20	c27
0.0229158653623078	0.332877100979196	0.036	0.016	1	CENPL	c27
0.375380369101655	0.332838571196381	0.031	0.022	1	ZNF671	c27
0.692353557863031	-0.332803941425657	0.041	0.048	1	PIGU	c27
0.523833063447234	0.33278250220329	0.01	0.007	1	AC022211.2	c27
0.0137403543162586	0.332777790167963	0.402	0.322	1	ILF3	c27
0.508147541616126	0.332659945372638	0.015	0.011	1	IL23A	c27
0.626443058671975	-0.332582483687664	0.036	0.044	1	NSUN3	c27
0.732385904906082	-0.332396869209957	0.284	0.297	1	PSMC4	c27
0.498880167136069	0.33237082016627	0.036	0.028	1	TCF3	c27
0.0241331058257717	0.332356588018495	0.103	0.064	1	ZNF280D	c27
0.8022330401569	-0.332331913268651	0.211	0.219	1	NUDT21	c27
0.608786056769783	-0.332294106376118	0.036	0.044	1	METTL6	c27
0.348237515171113	0.332191858495546	0.067	0.053	1	FAM76A	c27
0.334759768110208	0.332079352361309	0.062	0.047	1	ULK3	c27
0.612965506553093	-0.332059167318465	0.149	0.167	1	COPS7A	c27
0.430284008958332	-0.331825990492105	0.077	0.063	1	EZH1	c27
0.668411340684849	-0.331609386158176	0.052	0.059	1	SEC24D	c27
0.662179228634806	0.331569918409787	0.062	0.056	1	METTL8	c27
0.482451259426708	-0.331525662794288	0.015	0.01	1	IGFBP4	c27
0.0171318732937227	0.331501432033773	0.392	0.32	1	VTI1B	c27
0.0774618638391043	0.331272601370306	0.495	0.446	1	TWF2	c27
0.593728694429872	-0.331146800958624	0.129	0.116	1	METTL17	c27
0.60957657043095	-0.330920756795176	0.149	0.136	1	CREBRF	c27
0.249142928799683	-0.330772263603641	0.041	0.062	1	PITRM1	c27
0.768808624395791	-0.330653360722573	0.32	0.308	1	LSM2	c27
0.956910832768827	-0.330641484419993	0.149	0.15	1	MED30	c27
0.0102568973198621	0.330591194117433	0.263	0.196	1	ADSS	c27
0.63393608433652	-0.330493001923201	0.057	0.066	1	ATPAF1	c27
0.466584435573567	0.330449496856862	0.124	0.11	1	PHACTR4	c27
0.717833450317519	-0.330427574523943	0.186	0.176	1	FPGS	c27
0.998167965805705	0.330352854015149	0.021	0.021	1	RBAK	c27
0.00070958219187519	0.330187390621271	0.665	0.543	1	COX5A	c27
0.303915984447219	-0.330010822385531	0.201	0.235	1	FGFR1OP2	c27
0.999053929447337	-0.330007475500415	0.01	0.01	1	ZNF773	c27
0.581743230579385	-0.32992018688043	0.325	0.343	1	CCT4	c27
0.831946139029151	-0.329720679735342	0.108	0.104	1	TSEN15	c27
0.617506992276978	-0.32970478330795	0.015	0.021	1	POLA1	c27
0.8491802395154	0.329619880910951	0.015	0.014	1	BIVM	c27
0.316739651006779	0.329570206858113	0.17	0.149	1	VBP1	c27
0.911408819820136	-0.329505138891275	0.062	0.06	1	PHF21A	c27
0.897394352946412	-0.329348894779052	0.015	0.014	1	AC016831.5	c27
0.277849713099953	0.329337837156699	0.103	0.083	1	LRCH4	c27
0.85383593529474	-0.328742735030953	0.258	0.254	1	PHF3	c27
0.422833678097507	-0.328604118149687	0.18	0.206	1	SEPHS2	c27
0.358018621640249	-0.328414535855237	0.01	0.019	1	A4GALT	c27
0.98203730585152	-0.328075545676009	0.077	0.079	1	INTS12	c27
0.0598378035012963	0.328060404174006	0.134	0.096	1	MARCH5	c27
0.000393140952443332	0.32800862484985	0.268	0.164	1	AKNA	c27
0.475170103713266	-0.327989309297419	0.139	0.161	1	DDB1	c27
0.823286658056723	0.327838427502849	0.01	0.012	1	HOMER1	c27
0.0124033891323382	-0.327622664546551	0.057	0.118	1	ARL11	c27
0.715104254980779	-0.327538459462145	0.129	0.138	1	GPATCH8	c27
0.0117056652042946	-0.32750241662863	0.82	0.846	1	ARHGDIB	c27
0.000591829175210944	0.327457561572854	0.124	0.063	1	POGLUT1	c27
0.00819251740299632	0.327400704460692	0.515	0.426	1	SEC61G	c27
0.00436015663452592	-0.32738071626886	0.062	0.136	1	ARHGEF10L	c27
0.000868785309366116	0.327364347255485	0.314	0.221	1	GLUD1	c27
0.717513573756342	0.327308377791459	0.134	0.129	1	BROX	c27
0.856857330913639	0.326811324597971	0.052	0.049	1	MTRR	c27
0.428258517545962	-0.32667931539068	0.015	0.024	1	LINC01137	c27
0.000180495888033099	-0.326612217742534	0.247	0.387	1	RGCC	c27
0.500397072363549	-0.326321900057371	0.098	0.085	1	PEX26	c27
0.392990622547365	-0.325972671193549	0.526	0.494	1	REEP5	c27
0.254421313579769	0.325965595393776	0.201	0.175	1	PEX16	c27
0.378698284644868	-0.325920882269854	0.005	0.012	1	ADCY9	c27
0.0931384877750236	-0.325533849774547	0.216	0.279	1	YIF1A	c27
0.0707654022785005	0.325518298191659	0.124	0.088	1	CDK10	c27
0.36038516194821	0.325435487568518	0.119	0.101	1	ARHGAP1	c27
0.446379615617889	-0.325278842670876	0.093	0.078	1	AKAP8L	c27
0.356280344463647	0.325264923846199	0.036	0.051	1	PCCA	c27
0.00804481678452648	0.325256987822232	0.072	0.036	1	MED14	c27
0.104674187008409	0.325251981339237	0.067	0.044	1	PRMT5	c27
0.424535038675497	-0.325211126702627	0.242	0.271	1	DDX6	c27
0.462410272106991	-0.325188551437179	0.026	0.036	1	MLLT1	c27
0.953103221458179	-0.325177207600642	0.103	0.105	1	TRIM4	c27
0.413067043667165	0.324907368203564	0.108	0.092	1	HIGD1A	c27
0.409774486605571	-0.324855142944225	0.541	0.558	1	CD53	c27
0.923668921475429	0.324852212888057	0.026	0.027	1	ERVK13-1	c27
0.114079448190903	-0.324818052495348	0.34	0.399	1	SEPTIN9	c27
0.0927489323767808	0.324803279280844	0.289	0.248	1	GOLGB1	c27
0.713591978624298	0.324722446834319	0.191	0.186	1	VAMP3	c27
0.0525262041674487	-0.324645299285723	0.124	0.182	1	TAPBPL	c27
0.191797290848929	-0.324540853194861	0.031	0.052	1	UBR7	c27
0.0024550687714284	0.324528993699299	0.773	0.656	1	COX6B1	c27
0.65576591534383	0.324002217912842	0.103	0.095	1	CCDC43	c27
0.0281754120668884	0.32373563965686	0.139	0.094	1	TMEM159	c27
0.0367732421587516	0.323722253862395	0.5	0.445	1	ATP5F1C	c27
0.76926016706498	-0.323656109283161	0.113	0.107	1	DIMT1	c27
0.586636737178507	-0.323635339426072	0.057	0.067	1	SMCR8	c27
0.269817494019706	-0.323443503922721	0.036	0.024	1	ACTR5	c27
0.494812482218551	-0.323439648498204	0.021	0.029	1	DAG1	c27
0.269665747672842	0.323387267374313	0.057	0.041	1	UHRF2	c27
0.0784212523773372	0.323290844750026	0.325	0.279	1	CLTC	c27
0.441479172996971	-0.323152418598994	0.062	0.05	1	SLC25A17	c27
0.39317030583675	0.323039321155918	0.015	0.025	1	ZNF718	c27
0.446862092637999	-0.322960010961759	0.01	0.006	1	ZXDA	c27
0.947479321859339	-0.322770574468407	0.036	0.035	1	SRP14-AS1	c27
0.90589801873798	-0.322765530861455	0.031	0.033	1	C2CD3	c27
0.512797286596991	-0.322764649126338	0.072	0.061	1	BARD1	c27
0.497961972794098	-0.322691231262864	0.057	0.047	1	TRIM37	c27
0.287807214294538	-0.322484349927027	0.201	0.168	1	POLR2B	c27
0.489528920401828	0.322395532274661	0.057	0.046	1	TTC13	c27
0.217363060120553	0.322309415518226	0.175	0.148	1	PCYT1A	c27
0.0148373513089069	-0.322253766391646	0.613	0.625	1	ATP6V1G1	c27
0.225292134049143	0.322250404126505	0.263	0.23	1	PIAS1	c27
0.740312821232403	-0.322211134971808	0.134	0.145	1	NOL8	c27
0.492961238752987	-0.322164693151425	0.01	0.017	1	KIF9-AS1	c27
0.528304732269338	0.322150194998609	0.077	0.093	1	INO80	c27
0.00033653833245876	-0.322023262608101	0.052	0.017	1	NCALD	c27
0.630906652011979	-0.321923087655214	0.139	0.127	1	AP1G2	c27
0.0850484129517658	-0.321856165224808	0.206	0.153	1	MZT2A	c27
0.36345149509856	-0.321822093936322	0.077	0.099	1	YARS2	c27
0.823073603466612	-0.32179304243386	0.01	0.012	1	CCDC134	c27
0.444027652915853	0.32173502178346	0.16	0.145	1	ARMCX6	c27
0.692299521359633	0.321589191328814	0.031	0.037	1	DHFR	c27
0.336545539066937	-0.321582411024158	0.237	0.277	1	TMX4	c27
0.0885740895948317	0.32150635792074	0.067	0.043	1	CBWD5	c27
0.462266169449491	0.321401905348341	0.196	0.181	1	TMEM183A	c27
0.714202908145575	-0.321234109503912	0.165	0.177	1	GOPC	c27
0.0454960740891076	0.32116077500583	0.479	0.43	1	ADGRE5	c27
0.0226923916846621	0.321055720270956	0.113	0.072	1	CXorf40B	c27
0.695961476529871	0.320978626864793	0.021	0.017	1	INPP5E	c27
0.475056482534419	-0.320865683525718	0.052	0.064	1	PINX1	c27
0.0489474241237987	0.32067427869019	0.345	0.296	1	SSU72	c27
0.946923098533509	0.320559544339304	0.026	0.027	1	ZMYM3	c27
0.0922975015170158	0.320491210385572	0.309	0.265	1	COMMD7	c27
0.134068696333952	0.320234919813412	0.036	0.021	1	ZBTB10	c27
0.619389599528522	0.320226567366535	0.052	0.062	1	RHBDF2	c27
0.574913100382192	-0.320137403120372	0.273	0.295	1	PPP1CC	c27
0.342123543848735	0.320042873487789	0.031	0.021	1	NUDT7	c27
0.289792442122472	0.319922472154753	0.088	0.07	1	CNP	c27
0.648581574551005	-0.319899957183857	0.036	0.043	1	TMEM186	c27
0.748484350193067	0.319882181001121	0.057	0.052	1	AGO1	c27
0.156350542694712	0.31981597640636	0.067	0.046	1	TRAF3	c27
0.44865471699097	-0.31961464875393	0.005	0.011	1	LINC01827	c27
0.269395904601093	0.31959894059154	0.108	0.086	1	REV1	c27
0.345117867149971	-0.319579274343658	0.005	0.013	1	PPT2	c27
0.893424541412027	-0.319504258897275	1	0.948	1	RPS12	c27
0.172268595189537	-0.319398754680099	0.216	0.175	1	APOBEC3C	c27
0.975951869782996	-0.319341411774508	0.113	0.114	1	NME6	c27
0.339004450249996	0.319294413484583	0.021	0.013	1	BORA	c27
0.622493685223357	0.319237765712212	0.026	0.021	1	PPP1R12B	c27
0.977710049926217	-0.319156251760883	0.196	0.192	1	UPF2	c27
0.0128018939931194	0.319024914975964	0.763	0.631	1	NDUFA13	c27
0.308673120241112	0.318946226633032	0.129	0.11	1	MRPL45	c27
0.420312664413012	0.318931276669916	0.093	0.079	1	SNHG17	c27
0.472185357275141	0.318855157635394	0.155	0.14	1	ALKBH5	c27
0.790114768885281	0.318772865460066	0.052	0.048	1	RRAGB	c27
0.000144264103345157	-0.318754160028867	0.253	0.41	1	AQP3	c27
0.522540301654832	-0.318728502203879	0.072	0.086	1	SCAP	c27
0.952006782028115	0.318686702855754	0.062	0.061	1	UTP4	c27
0.581470940322482	-0.318558676939022	0.015	0.021	1	AC087741.1	c27
0.313235050250933	-0.31853226932823	0.057	0.077	1	ATP11B	c27
0.370767751673973	0.318363584222316	0.32	0.316	1	HDLBP	c27
0.21456860409323	-0.318307655101183	0.082	0.06	1	ADA	c27
0.0623500582514972	0.318107405827887	0.072	0.045	1	YEATS2	c27
0.00885028898944488	0.31799153284631	0.206	0.142	1	TASOR	c27
0.376547044725215	0.317808533341663	0.263	0.246	1	CDC40	c27
0.105662592969828	0.317803400335357	0.186	0.146	1	SFSWAP	c27
0.00474602146438879	0.317608975261543	0.268	0.192	1	HTATSF1	c27
0.226932309668262	-0.317419777390598	0.052	0.075	1	DHRS12	c27
0.406297004069314	-0.317262143393068	0.134	0.159	1	PDZD11	c27
0.39599921242675	-0.317243730187519	0.139	0.164	1	CHIC2	c27
0.102386258676001	0.317192549513529	0.247	0.207	1	PARL	c27
0.741313017603716	0.317167210870298	0.186	0.207	1	DRAM2	c27
0.566682392167915	0.317151940099498	0.015	0.022	1	NOTCH2NLC	c27
0.477483970349196	0.317053115035167	0.325	0.353	1	BLVRA	c27
0.101442298069788	-0.316955536587014	0.093	0.063	1	SLC7A6	c27
0.526193591245082	0.316887787897117	0.284	0.27	1	COMMD1	c27
0.347559722419581	0.316874216710835	0.103	0.086	1	YIPF1	c27
0.723085755293968	-0.316783362030003	0.062	0.056	1	SNHG30	c27
0.178315945367936	0.316764133087743	0.325	0.293	1	RSF1	c27
0.0941645852703202	0.316729766031161	0.16	0.123	1	EXOC1	c27
0.724435164975952	-0.316618000928217	0.062	0.069	1	RNASEH2A	c27
0.408881487950518	0.316556034619275	0.072	0.059	1	LIN7C	c27
0.861720337933056	-0.316521765756756	0.206	0.211	1	AHSA1	c27
0.163115997692781	0.316517895728681	0.284	0.249	1	PFKL	c27
0.914101302225969	-0.316515546556935	0.088	0.086	1	DPM1	c27
0.0132208909054853	0.316453275603975	0.072	0.038	1	ZUP1	c27
0.432755968532245	0.316387473929014	0.201	0.188	1	ZNF511	c27
0.643688007412277	-0.316357891426013	0.01	0.014	1	TRAV25	c27
0.756656622969524	-0.316355743292529	0.464	0.471	1	UBXN4	c27
0.351284057775323	0.31632373841289	0.237	0.226	1	MRPL16	c27
0.321712693194047	-0.316139578093246	0.103	0.13	1	DCAF11	c27
0.763563198958336	-0.315992144881561	0.036	0.041	1	FBXL4	c27
0.964052644253822	0.315982255424764	0.072	0.074	1	EEF1AKMT2	c27
0.792129031787231	0.315616182237006	0.052	0.048	1	HOMEZ	c27
0.0586980436362543	-0.31558761083586	0.082	0.13	1	SLC25A19	c27
0.876887450774255	-0.315544888851434	0.149	0.154	1	SLC39A3	c27
0.086954597199505	0.31528750006578	0.149	0.111	1	RHOT2	c27
0.236669992760717	0.315266871398319	0.201	0.17	1	SMU1	c27
0.519096848216385	0.315266713586451	0.046	0.059	1	AKAP10	c27
0.443676516788039	-0.315232614271554	0.057	0.045	1	SIRT3	c27
0.987399615746866	0.315134502669094	0.273	0.283	1	NCF4	c27
0.314263577112916	0.315101794892001	0.144	0.124	1	RFK	c27
0.194578149466426	-0.31504389538717	0.015	0.032	1	HFE	c27
0.352116370585143	0.314915717023931	0.232	0.215	1	RRP7A	c27
0.389318399112982	-0.314910665468301	0.113	0.136	1	LENG1	c27
0.0104902526706683	0.314721579218405	0.696	0.614	1	ERP29	c27
0.834743492698626	-0.31469507715904	0.113	0.109	1	MARCH6	c27
0.457974980497478	0.314365409148566	0.273	0.26	1	HADHB	c27
0.364900620003566	-0.314190855427397	0.113	0.138	1	SEC22B	c27
0.460599231244591	0.31404065708954	0.077	0.065	1	NF2	c27
0.978901963361822	0.314011943432566	0.201	0.212	1	MAP7D1	c27
0.809291327139967	-0.313985498055543	0.057	0.053	1	ELK1	c27
0.727979187967831	-0.313938452445108	0.113	0.123	1	STK16	c27
0.563967806166604	-0.313867367643341	0.861	0.856	1	RPL23A	c27
0.959722521829613	-0.313856053166883	0.242	0.246	1	REST	c27
0.887983423398648	-0.313837687257322	0.186	0.191	1	TMF1	c27
0.0742602053561898	-0.31365675000214	0.015	0.041	1	WDR34	c27
0.28844770351884	-0.313475309728547	0.026	0.041	1	RHOU	c27
0.904984265069809	-0.313452687205787	0.103	0.102	1	SLC39A6	c27
0.152994737731104	0.313020772903526	0.108	0.08	1	RRN3	c27
0.210870489282207	0.312966365697488	0.304	0.274	1	MPG	c27
0.712354326252611	0.312965460169174	0.052	0.047	1	DUSP10	c27
0.783565938414889	0.31293193611246	0.227	0.247	1	ARL8B	c27
0.470619944956993	-0.312768984986097	0.077	0.065	1	ABHD13	c27
0.0241919927875334	0.312666509784868	0.134	0.089	1	CLPX	c27
0.62537471943242	0.312629274415143	0.206	0.202	1	NARS	c27
0.0727386004953082	-0.312275549297387	0.052	0.029	1	RELL2	c27
0.993285899327402	-0.312264707823984	0.067	0.068	1	KYAT3	c27
0.300954990468196	0.312176653832601	0.046	0.033	1	MTMR9	c27
0.92124859267788	-0.3121664157202	0.036	0.035	1	ORC2	c27
0.361335532939189	-0.312072110301849	0.165	0.141	1	UBAC2	c27
0.819494255775556	-0.311954778760903	0.407	0.406	1	NUCKS1	c27
0.956070276498367	0.311921200944428	0.041	0.041	1	HIVEP3	c27
0.578471065062855	0.311829514617444	0.046	0.039	1	ABHD15	c27
0.0133931753983404	0.311677067306815	0.119	0.072	1	SLC41A3	c27
0.199325789818114	0.311610078805044	0.201	0.173	1	ELF2	c27
0.0444622521082766	0.31157237370218	0.438	0.387	1	SRRM2	c27
0.873264700865641	-0.311429433559638	0.129	0.126	1	IBTK	c27
0.845484780791569	-0.311333068101641	0.021	0.023	1	MAP4K3	c27
0.842301389890234	-0.311063337938585	0.113	0.119	1	USB1	c27
0.0990338060043598	0.310707685453356	0.088	0.06	1	ORC3	c27
0.128790000239693	-0.310628729242197	0.026	0.05	1	TUT1	c27
0.19474309166766	-0.310622582058771	0.036	0.058	1	AASDH	c27
0.449242744507896	0.310566034534135	0.17	0.157	1	DCAF8	c27
0.538810007900155	-0.310448492855934	0.103	0.091	1	AP1G1	c27
0.164167478084191	-0.310297924567489	0.088	0.062	1	KIF20B	c27
0.287682391145902	-0.310128211839959	0.072	0.054	1	CHRNB1	c27
0.338647672662816	0.310026778586683	0.119	0.1	1	CYHR1	c27
0.82098815536881	0.309976205529326	0.046	0.043	1	DCAF16	c27
0.54032685757521	-0.309847738277255	0.015	0.022	1	ZKSCAN8	c27
0.896110727373823	-0.309792272674329	0.149	0.147	1	INTS10	c27
0.302944322668853	-0.309732538777904	0.077	0.06	1	DCTN5	c27
0.636632415631772	0.309709794720501	0.041	0.035	1	ZW10	c27
0.726483473281286	-0.309630297033152	0.129	0.121	1	GMPS	c27
0.0165263401480315	0.309621658893542	0.335	0.271	1	SUGT1	c27
0.248469510408342	-0.309551715120032	0.356	0.382	1	VKORC1	c27
0.308516976366243	-0.309483857602921	0.345	0.379	1	PDIA6	c27
0.045241986247492	0.30946340932875	0.031	0.014	1	TMEM65	c27
0.320105853869969	-0.309397188638253	0.186	0.217	1	DST	c27
0.490252800141343	0.30937938511767	0.021	0.029	1	WDR92	c27
0.0359875246752808	-0.309199555472782	0.026	0.063	1	TTL	c27
0.285393584148703	0.309164748979443	0.021	0.035	1	NECAB3	c27
0.0249736891645288	0.308926542144205	0.021	0.007	1	DLEC1	c27
0.0725606132183025	0.30885865501	0.021	0.009	1	TBC1D32	c27
0.0409075610847591	-0.308775789130907	0.098	0.154	1	FNDC3A	c27
0.0144382527870929	0.308664588984287	0.562	0.48	1	COX7B	c27
0.103439691770987	0.308628010497484	0.103	0.073	1	SEC24C	c27
0.867501493506022	0.308581331917508	0.015	0.014	1	ZSCAN30	c27
0.862570826290631	-0.308567101074601	0.196	0.19	1	PSMB8-AS1	c27
0.0593660837406435	0.308555219380289	0.088	0.056	1	SPOUT1	c27
0.550208989635188	-0.308530689985366	0.026	0.02	1	TADA1	c27
0.744234810924276	0.30846429580627	0.155	0.153	1	BAG4	c27
0.189508050622754	0.308458481282965	0.093	0.127	1	TRIP6	c27
0.205943128687241	-0.308294035696276	0.062	0.089	1	RAB3GAP2	c27
0.987504211918758	0.308241965708559	0.021	0.021	1	ACTA2	c27
0.355910531679573	-0.308158292470594	0.99	0.929	1	RPS27A	c27
0.253338393411963	0.308152147094536	0.041	0.028	1	SMIM3	c27
0.281121377916805	0.307983841433213	0.144	0.121	1	VEZF1	c27
0.780000039577867	0.307963799526644	0.036	0.033	1	AC025171.2	c27
0.000768500046985824	0.307861606726073	0.732	0.649	1	COMMD6	c27
0.297824620391778	0.307851937626066	0.082	0.064	1	CDKN2AIPNL	c27
6.89216240715849e-05	0.307840659986576	0.191	0.101	1	MAP4K1	c27
0.767616056099907	-0.307752213602178	0.495	0.486	1	GTF3A	c27
0.0242432938537307	-0.307579848395172	0.51	0.547	1	NDUFB9	c27
0.138956001752279	0.307274441327229	0.057	0.091	1	PLOD1	c27
0.507853507710381	-0.307148786712371	0.108	0.095	1	GART	c27
0.226340263314598	0.306898301443927	0.098	0.076	1	FAM118B	c27
0.772414419449822	-0.306852823589591	0.129	0.124	1	CYP20A1	c27
0.50073764151662	-0.306528966249411	0.098	0.116	1	ECSIT	c27
0.422357566574621	-0.306460645515072	0.237	0.27	1	MRPL11	c27
0.134068962329577	0.306350384355939	0.407	0.366	1	ATP5MC1	c27
0.00829500796918327	0.306339646886223	0.289	0.216	1	CEP350	c27
0.536806554813988	0.306105826673644	0.129	0.116	1	YKT6	c27
0.737075595304677	0.306039751904809	0.015	0.013	1	AC006059.1	c27
0.17699897378154	-0.305965354178292	0.026	0.047	1	IRF2BPL	c27
0.582925341480126	-0.305943625757586	0.046	0.056	1	UBR3	c27
0.663219076470269	-0.305390072971274	0.247	0.256	1	NR1H2	c27
0.407202560295084	0.305317385098064	0.273	0.26	1	FKBP15	c27
0.299988538679873	0.305253794762256	0.005	0.014	1	RCN3	c27
0.934208936816655	-0.305158024240706	0.113	0.113	1	XRCC1	c27
0.64661566067472	0.305069441105532	0.067	0.06	1	STRN	c27
0.228904211198686	0.304951311782023	0.191	0.161	1	ZGPAT	c27
0.90012502331978	-0.304934144073064	0.103	0.108	1	MAEA	c27
0.658386746705231	-0.304917348604513	0.031	0.037	1	PPP2R1B	c27
0.811614636291163	-0.304914102466068	0.036	0.033	1	LINC-PINT	c27
0.00112091946003946	0.304825375770651	0.732	0.602	1	ARPC5	c27
0.792665891612479	0.304593429034687	0.18	0.178	1	SDF2	c27
0.876833426742101	0.304395089208009	0.186	0.198	1	MRPL36	c27
0.489848764111696	-0.304368779936709	0.284	0.257	1	ITGB1BP1	c27
0.0127654570638226	0.304351601349593	0.613	0.508	1	POLD4	c27
0.165087995117457	-0.30429355905308	0.139	0.107	1	CAMK2G	c27
0.656512357011199	0.304216388919276	0.031	0.037	1	SIRT5	c27
0.226186983389758	0.304179868640666	0.134	0.108	1	DMAP1	c27
0.315530820322546	0.304170276435876	0.289	0.259	1	NFE2L2	c27
0.00581988698526077	0.304157281051461	0.515	0.431	1	TCEA1	c27
0.389930668685055	-0.304152022104074	0.021	0.032	1	ZNF3	c27
0.521409352204792	-0.304086910455425	0.144	0.128	1	CRCP	c27
0.0133993811105265	0.303916384407805	0.464	0.388	1	PSMD4	c27
0.277889397800465	-0.303810856064751	0.485	0.49	1	TAX1BP1	c27
0.167930403854219	-0.303793787498513	0.294	0.341	1	RTN3	c27
0.49059773934809	0.303730233594839	0.062	0.052	1	FAM228B	c27
0.983426233192513	-0.303621072147907	0.057	0.056	1	PDCD7	c27
0.291460988797525	-0.303399150807081	0.278	0.32	1	PCMT1	c27
0.696870891140706	0.303391930159983	0.026	0.031	1	ZNF260	c27
0.00502276712791331	0.303384495017107	0.438	0.361	1	SF3B6	c27
0.759711580190926	0.303318404131473	0.021	0.018	1	AL390728.6	c27
0.00587562247105996	0.303268737531047	0.294	0.213	1	HMGB2	c27
0.131554177935272	-0.303208795367631	0.351	0.396	1	TMEM230	c27
0.61233458320365	-0.303082919887063	0.031	0.038	1	AC012146.1	c27
0.000188695896592201	0.302831378980397	0.232	0.139	1	TTC17	c27
0.173483026307608	0.302789504018978	0.155	0.127	1	CCDC6	c27
0.335215355860595	0.302787680603996	0.201	0.184	1	OSGEP	c27
0.00190725201409251	0.30277248885795	0.521	0.427	1	UBE2I	c27
0.156578745159391	-0.302713754138193	0.155	0.204	1	PARP4	c27
0.711474083996514	0.3026617796621	0.057	0.051	1	UTP20	c27
0.123357058337182	0.302586905051837	0.113	0.084	1	KPNA2	c27
0.740898327425795	-0.302564418046885	0.036	0.032	1	GFOD2	c27
0.859581499860018	0.302563903751759	0.041	0.039	1	CTU2	c27
0.131709856054395	-0.302374786292719	0.046	0.076	1	SCAMP1	c27
0.0944251046499285	0.302285550492704	0.397	0.345	1	CIAO2A	c27
0.629213339741822	-0.302247302542695	0.113	0.126	1	VPS26B	c27
0.0471443623399195	-0.302187675840823	0.17	0.241	1	FBXO9	c27
0.118412327751716	0.301980076377504	0.284	0.247	1	UBL7	c27
0.341705612925081	0.301850720907488	0.031	0.046	1	NR1D2	c27
0.86106564006549	0.301839482267315	0.124	0.12	1	NOL12	c27
0.482539518722141	-0.301535617898511	0.041	0.053	1	TAF2	c27
0.875752215597143	-0.301522592439447	0.82	0.665	1	ANXA2	c27
0.542695002804575	-0.301351700739849	0.067	0.08	1	TIA1	c27
0.431564720125085	0.301328423862319	0.082	0.069	1	YJU2	c27
0.567177925650698	0.301308111884369	0.134	0.123	1	STX5	c27
0.379723878522614	-0.301307744584465	0.005	0.012	1	M1AP	c27
0.850069073551945	-0.301143838262533	0.134	0.131	1	HAT1	c27
0.472682423546615	-0.301072924151876	0.108	0.093	1	RRS1	c27
0.954167249114158	-0.300879347936562	0.01	0.011	1	ZNF595	c27
0.880532684579119	0.300561748890301	0.124	0.124	1	TMED7	c27
0.726658604371776	0.300325293284226	0.041	0.037	1	FANCL	c27
0.314762448766247	0.300199158162124	0.036	0.054	1	LONRF3	c27
0.742783069900123	0.300142137360619	0.015	0.013	1	LINC01857	c27
0.452111560806439	-0.300014062501998	0.01	0.017	1	AC006333.2	c27
0.0014242757458047	-0.299998391730164	0.088	0.18	1	TNNI2	c27
0.00560750366282498	0.299997197996577	0.655	0.557	1	CSNK2B	c27
0.205083276483385	0.299865484596903	0.041	0.027	1	ADCK5	c27
0.703415875766698	0.299824719265336	0.015	0.012	1	ZNF547	c27
0.943668964703262	-0.299824249136751	0.036	0.037	1	RBM15	c27
0.156221417553683	0.299736049575393	0.067	0.046	1	NAT10	c27
0.771544967241685	0.299649706191194	0.057	0.053	1	MTHFD2L	c27
0.00376446007071999	-0.299488952774121	0.057	0.129	1	DTYMK	c27
0.957592070632492	-0.299345811093466	0.418	0.413	1	SNRPG	c27
0.349327621003907	-0.299259140921101	0.17	0.201	1	B3GAT3	c27
0.212067693663593	0.29924496384233	0.237	0.297	1	PILRA	c27
0.243980858097438	-0.29908118074182	0.113	0.143	1	KIN	c27
0.0527773817699336	0.298957941841317	0.412	0.357	1	PET100	c27
0.279006040238121	-0.298786520926917	0.196	0.233	1	GYG1	c27
0.35675765098238	-0.298734818921278	0.046	0.063	1	RMND5B	c27
0.209097622783534	-0.2985959039819	0.015	0.031	1	HSDL1	c27
0.42750178256604	-0.298570307594635	0.17	0.196	1	FAM107B	c27
0.0736847510088179	0.298548517137007	0.278	0.231	1	EIF4G1	c27
0.185886234655667	-0.298465896325842	0.165	0.206	1	PAPSS1	c27
0.749871184819171	-0.298381859970704	0.098	0.107	1	MED25	c27
0.592647326838129	0.298294587435081	0.041	0.034	1	ATG9A	c27
0.919569280197069	-0.298191100994611	0.103	0.107	1	CREB3	c27
0.827034107297985	0.298157530484093	0.134	0.132	1	PARP12	c27
0.725454197798073	0.29812169301486	0.01	0.008	1	MESP1	c27
0.00024711362602083	0.298062533478299	0.459	0.343	1	WSB1	c27
0.71141110688276	0.297936002743074	0.103	0.098	1	NCOA1	c27
0.40291858416254	0.297894561259827	0.062	0.05	1	UEVLD	c27
0.210712225418685	0.297853697990222	0.139	0.113	1	CAB39	c27
0.234888154426965	0.29783899951387	0.289	0.265	1	CALCOCO2	c27
0.733508889663094	-0.29776386831315	0.149	0.141	1	NOLC1	c27
0.892939287508548	-0.29775992590633	0.057	0.059	1	RRP36	c27
0.0181161587837861	-0.297743507644356	0.062	0.031	1	AL139246.5	c27
0.327468729317082	-0.297653400371568	0.036	0.052	1	RNF139	c27
0.030313894873698	-0.297600813052648	0.057	0.029	1	HAPLN3	c27
0.198860895621132	0.297595228801027	0.103	0.079	1	DCLRE1C	c27
0.0014586922418695	0.297582469247573	0.206	0.131	1	TATDN1	c27
0.246301634768886	0.297368026779651	0.036	0.057	1	SESTD1	c27
0.278975614623955	0.297311973092755	0.067	0.051	1	MTHFR	c27
0.568579672538945	0.297244256669072	0.041	0.034	1	PIGB	c27
0.840279198868306	0.297121803623648	0.031	0.029	1	PPARA	c27
0.000481875377663709	0.297093673720708	0.784	0.657	1	CALM2	c27
0.538050802630136	-0.297056981321361	0.052	0.063	1	NF1	c27
0.00150606812800363	0.297027465074736	0.84	0.76	1	CD37	c27
0.995060221778779	-0.296898302243212	0.036	0.036	1	DCUN1D4	c27
0.399313320555994	0.296808181980507	0.041	0.031	1	ZFP64	c27
0.062770999445817	0.296805233178305	0.278	0.229	1	USP16	c27
0.219183391095594	-0.29674525336871	0.459	0.432	1	AKR1A1	c27
0.00977834831803766	-0.296712337507688	0.216	0.311	1	ISG15	c27
0.121982233624815	-0.29654753793823	0.242	0.192	1	ANP32E	c27
0.165305626038208	-0.296447845622064	0.062	0.091	1	GPKOW	c27
0.901234825645164	0.296433430023808	0.335	0.351	1	IFI27L2	c27
0.0111127521789999	0.296432686791755	0.088	0.048	1	HIST2H2AC	c27
0.873144242633406	0.296250673631549	0.01	0.009	1	AL118506.1	c27
0.669624665544038	-0.296118990498003	0.041	0.049	1	NDUFAF6	c27
0.00269845897765845	-0.29609115003019	0.057	0.134	1	SELENON	c27
0.0440228178747746	-0.296001671408605	0.021	0.054	1	ZNF589	c27
0.0191935463512817	0.29563245555185	0.046	0.101	1	IRS2	c27
0.0776491492909979	-0.295522253344888	0.031	0.015	1	SWT1	c27
0.491978716171317	0.295443962535353	0.18	0.172	1	MED8	c27
0.452453089370213	-0.295400714110563	0.072	0.09	1	COQ5	c27
0.051352309682242	-0.295345977245751	0.088	0.139	1	TOR1A	c27
0.0755291192223938	-0.295283089704575	0.464	0.467	1	GLRX	c27
0.000761074619740649	0.295157408997383	0.526	0.414	1	NDUFS7	c27
0.313796980348287	0.295095182233158	0.026	0.017	1	TYW1B	c27
0.486915873261497	0.294896814266529	0.124	0.147	1	AGPS	c27
0.455518471996889	-0.294729946236875	0.082	0.068	1	MRPL39	c27
0.103921629952569	-0.294718999172629	0.201	0.155	1	ZNF22	c27
0.291453932402904	-0.294706130342353	0.067	0.09	1	MFHAS1	c27
0.351432201587272	-0.294700319214435	0.113	0.094	1	TMEM87B	c27
0.305492082766163	0.294663589481373	0.242	0.212	1	GOLGA7	c27
0.75607138228453	-0.294532439175284	0.072	0.079	1	HDAC8	c27
0.785236246821444	-0.294399140410717	0.139	0.134	1	ZNF644	c27
0.170335674187763	-0.294356741278151	0.124	0.165	1	HSDL2	c27
0.486990815888104	0.294186166601329	0.129	0.116	1	EHMT2	c27
0.228368335055688	-0.294169300914009	0.036	0.057	1	OMA1	c27
0.259229755470983	-0.294147391879995	0.211	0.17	1	SYTL1	c27
0.957730983727571	-0.294011686107016	0.113	0.113	1	GIGYF2	c27
0.0418591357507598	0.293888115896916	0.495	0.42	1	RNF7	c27
0.73272620601609	-0.29363248209056	0.026	0.03	1	SCRIB	c27
0.656542644769875	-0.293602883264819	0.046	0.054	1	BOLA2B	c27
0.825101850709495	-0.29351473573848	0.211	0.221	1	CIR1	c27
0.625118562456392	0.293340888642022	0.052	0.045	1	SPATA33	c27
0.117884302086254	-0.293258445628481	0.49	0.487	1	TMBIM4	c27
0.953048571044226	0.29313628495826	0.021	0.021	1	SLC6A12	c27
0.399218354715521	-0.293103036968863	0.041	0.056	1	SRC	c27
0.0633720158089593	0.293022658920199	0.273	0.231	1	FAM32A	c27
0.000336719850059812	0.292859823284211	0.464	0.355	1	SYF2	c27
0.505507028643561	0.292814346391011	0.088	0.075	1	FARS2	c27
0.634777620413017	-0.292648317997811	0.021	0.026	1	ZCWPW1	c27
0.356683830285074	-0.292599946428443	0.144	0.171	1	IDH1	c27
0.0759571757019275	0.292564680461717	0.515	0.464	1	SF3B5	c27
0.0735829287517226	0.292381442073567	0.175	0.241	1	TIMP2	c27
0.378943968423862	0.292315720461152	0.046	0.035	1	LMF1	c27
0.869722953593912	-0.292253153944499	0.067	0.071	1	LINC00339	c27
0.505480888913132	0.292065572554292	0.144	0.131	1	ALG2	c27
0.36361010558106	0.29204158135469	0.005	0.012	1	ZNF839	c27
0.779920616853624	0.291922401295422	0.077	0.074	1	UBE2Q1	c27
0.132206658550091	-0.291877412120848	0.361	0.404	1	PDCD6	c27
0.360680000906644	-0.291812727383197	0.119	0.099	1	KIAA2026	c27
0.694664007287923	0.291656577569166	0.098	0.092	1	SPTY2D1	c27
0.193106311558257	-0.291553480323496	0.088	0.121	1	SLC22A18	c27
0.275233186736125	-0.291486758482122	0.144	0.119	1	WDR74	c27
0.434292866871665	0.291422872778905	0.067	0.055	1	RAP2A	c27
0.747327701582902	0.291173870367396	0.088	0.082	1	NUDT4	c27
0.839040278382754	-0.291113302659344	0.222	0.233	1	NRBF2	c27
0.715586932019641	-0.291105575426208	0.134	0.126	1	DUSP11	c27
0.534772684723984	-0.290926550491292	0.134	0.121	1	GTPBP4	c27
0.373149553074514	0.290800351782615	0.108	0.092	1	OVCA2	c27
0.763278546538556	-0.290697152158337	0.304	0.294	1	MEAF6	c27
0.214209895810457	0.290688175791975	0.196	0.245	1	IFI35	c27
0.0126421373473786	0.290545382448732	0.227	0.165	1	DDX27	c27
0.318388411840623	-0.290456799706408	0.01	0.005	1	MATN1-AS1	c27
0.682441836484948	-0.290306422692014	0.17	0.184	1	PEF1	c27
0.0273601839015339	-0.290280798770685	0.119	0.185	1	TMEM170A	c27
0.46962126632283	-0.290211952598847	0.263	0.292	1	PSMD6	c27
0.0378019615416337	-0.290118207106611	0.335	0.255	1	TNFAIP8	c27
0.368226843444433	-0.290029412892097	0.093	0.074	1	NLRC5	c27
0.836392655685108	-0.289837119488145	0.227	0.233	1	LARS	c27
0.163111415666389	0.289337828520433	0.031	0.018	1	SLC35E2A	c27
0.717625418383272	-0.2893057104328	0.01	0.013	1	AK5	c27
0.385492202370903	-0.28923857467878	0.124	0.104	1	RPA1	c27
0.827632858236374	-0.28919903421987	0.175	0.187	1	PDHA1	c27
0.0242866216461356	0.289101941483521	0.335	0.269	1	FAAP20	c27
0.00678809943256283	0.289100600180013	0.103	0.058	1	AUH	c27
0.971468053542646	-0.288939327693219	0.01	0.01	1	CDK20	c27
0.985481325785894	-0.2888311629313	0.077	0.077	1	UTY	c27
0.00250544582615864	0.288596980354514	0.397	0.31	1	CLNS1A	c27
0.271202072885416	0.28855331241814	0.211	0.187	1	MX1	c27
0.175950025502394	-0.288478941526312	0.041	0.067	1	DBR1	c27
0.588460255067306	-0.288405228749018	0.01	0.007	1	HIST1H2BF	c27
0.544030163132002	0.288340810766803	0.227	0.216	1	QSOX1	c27
0.454073834185605	0.288299725606994	0.124	0.148	1	BLCAP	c27
0.899020458040207	-0.288284841182435	0.062	0.06	1	RLF	c27
0.01668616126182	0.288145357975436	0.108	0.066	1	TAF1	c27
0.402978465516439	-0.287964321028767	0.278	0.306	1	DNAJB6	c27
0.56367047314403	0.287962465800633	0.062	0.074	1	GCN1	c27
0.534274402517657	-0.287805274601538	0.082	0.096	1	KLHL24	c27
0.189117869293745	-0.287781411067255	0.268	0.309	1	GTF3C6	c27
0.769788930617397	0.287679051506577	0.088	0.083	1	YTHDF3	c27
0.265762595614421	-0.287470947286993	0.057	0.041	1	SLC38A9	c27
0.697868710621353	-0.287460522357947	0.077	0.085	1	BTN3A3	c27
0.0695791519991007	0.28745723186419	0.134	0.098	1	GNL3	c27
0.819925882084962	-0.287443172758783	0.041	0.045	1	UBXN8	c27
0.00267184967242883	-0.287392267309002	0.284	0.401	1	UPP1	c27
0.9430085425108	0.287363270604494	0.088	0.088	1	BEST1	c27
0.828237145441995	-0.287312763666599	0.026	0.023	1	GCNT2	c27
0.00271830673874083	0.287194167150374	0.155	0.09	1	RGS14	c27
0.137914808900755	0.287075691144465	0.428	0.373	1	LAPTM4A	c27
0.300314586127231	0.287011614036973	0.082	0.065	1	OBI1	c27
0.133537678115318	0.286937910049138	0.093	0.067	1	TMA16	c27
0.00633306236568618	-0.286913038092195	0.206	0.129	1	ITGB7	c27
0.735543433695025	-0.286855996160392	0.041	0.037	1	EDC3	c27
0.00320057189305971	0.286774954989998	0.5	0.407	1	SSR3	c27
0.637523413185741	-0.286588266547613	0.052	0.061	1	KDM4A	c27
0.77525835955239	-0.286484120110503	0.093	0.1	1	NBAS	c27
0.303984148259249	-0.286442781543796	0.335	0.371	1	PSMF1	c27
0.426802874477557	-0.286301382169142	0.124	0.107	1	HSPBP1	c27
0.29250650724273	-0.286300444617857	0.057	0.078	1	WDSUB1	c27
0.248202006919252	-0.286033867810175	0.052	0.036	1	CSKMT	c27
0.0395787738301471	-0.285939230788768	0.026	0.062	1	MPND	c27
0.485991183226789	-0.285906498626842	0.103	0.122	1	ST6GALNAC4	c27
0.366758044015639	-0.285830088889723	0.082	0.066	1	RELCH	c27
0.213490371975105	0.285812863777666	0.603	0.555	1	TXN	c27
0.656583318797956	0.285809513693201	0.01	0.014	1	C1RL-AS1	c27
0.5634189652943	-0.285805744338867	0.139	0.158	1	SRP54	c27
0.520814008487918	-0.285716551516366	0.278	0.259	1	DNAJC1	c27
0.823354708919265	-0.28566516121006	0.072	0.068	1	ABCA7	c27
0.784206117492157	-0.285548164092008	0.057	0.053	1	FTO	c27
0.0394717490766234	0.285279532282515	0.438	0.367	1	SNRPC	c27
0.420081482048276	-0.285263182634797	0.01	0.018	1	NHLRC1	c27
0.219503224912274	-0.285261223934802	0.031	0.051	1	HAGHL	c27
0.0452249169300429	-0.285251801185298	0.119	0.079	1	FOXJ3	c27
0.0710610450287555	-0.285132053704607	0.067	0.111	1	SNX4	c27
0.494718526362274	0.284955824598509	0.077	0.066	1	SHLD2	c27
0.0477254564918408	0.284804838445363	0.16	0.117	1	NUP42	c27
0.669389543429663	-0.284777104864804	0.067	0.076	1	DDX19A	c27
0.775245285377383	-0.284591056302389	0.062	0.067	1	BNIP3	c27
0.0328026886811404	0.284541303306073	0.479	0.418	1	COX7A2L	c27
0.8627697414583	0.284393341546822	0.258	0.266	1	SURF1	c27
0.0374076777842364	-0.284236528952965	0.149	0.215	1	COMMD4	c27
0.974664456657304	0.283806719351399	0.253	0.26	1	CENPX	c27
0.000467023139835331	0.283577030900807	0.624	0.536	1	ACTR3	c27
0.162410418213628	0.283384447506246	0.222	0.189	1	TIMM17A	c27
0.97957194667582	-0.283383928362496	0.036	0.037	1	FASTKD5	c27
0.566943702692016	-0.283240719330277	0.021	0.027	1	ZNF669	c27
0.823467306606413	-0.283040096775735	0.01	0.012	1	TMEM229B	c27
0.421852469960821	-0.283033871868476	0.026	0.037	1	N6AMT1	c27
0.21558130014611	-0.283004783684362	0.108	0.142	1	SLC25A46	c27
0.00124207985338373	0.282625466704173	0.624	0.529	1	MORF4L1	c27
0.89058779392614	-0.282382821879704	0.041	0.043	1	DLG1	c27
0.0603686709013483	0.282280212704572	0.144	0.105	1	GPATCH2L	c27
0.252651388592699	0.28220097498665	0.046	0.068	1	PIAS4	c27
0.404828644797577	-0.282032272144651	0.021	0.014	1	LOXL1-AS1	c27
0.571454159845641	-0.282004852471711	0.546	0.543	1	NDUFB8	c27
0.155322735961099	-0.281967968487404	0.031	0.055	1	EXT2	c27
0.131215558952234	-0.2819071893128	0.082	0.057	1	CTDSPL2	c27
0.540305503838595	-0.281780866424238	0.32	0.301	1	G3BP2	c27
0.519823219777111	0.281721082006076	0.041	0.033	1	TMEM191C	c27
0.479865161775156	-0.281550467249609	0.077	0.093	1	RPS6KA5	c27
0.106465612253099	0.281484209117118	0.134	0.1	1	BIRC2	c27
0.794028508352224	0.281451678156509	0.144	0.155	1	CNOT1	c27
0.217792525191032	0.281428194442464	0.052	0.035	1	GLI4	c27
0.0724206089225329	0.281427046657883	0.093	0.061	1	LMBR1L	c27
0.0192289698470723	0.281326003713567	0.562	0.476	1	BST2	c27
0.644394172277241	0.281320016552711	0.052	0.045	1	GRAMD1B	c27
0.200994500309206	-0.2812911997996	0.263	0.311	1	LSM3	c27
0.007804152042848	0.281183886374417	0.407	0.33	1	HNRNPR	c27
0.323928007640356	-0.281018067658636	0.232	0.271	1	ORMDL2	c27
0.00141694982635336	-0.280795274914534	0.072	0.158	1	TCEAL3	c27
0.489145989975105	0.28074222044112	0.052	0.042	1	RFT1	c27
0.564975183083522	-0.280654035137751	0.052	0.062	1	ERCC4	c27
0.125146974430986	0.280647779429918	0.057	0.091	1	UQCRHL	c27
0.593042395747835	0.280585098328411	0.072	0.063	1	NFRKB	c27
0.424767527500718	-0.280332638684121	0.072	0.09	1	TMEM19	c27
0.644712761213016	0.279950927989285	0.16	0.179	1	MRPL47	c27
0.421716611500491	-0.279863158829506	0.015	0.025	1	DTWD2	c27
0.48867260302126	-0.279711715290384	0.278	0.304	1	PPP2R1A	c27
0.0457151273302554	0.279646209230073	0.268	0.214	1	NORAD	c27
0.807054983936985	0.279596289406485	0.015	0.018	1	GGPS1	c27
0.571866872771661	-0.279592894610234	0.077	0.067	1	REPS1	c27
0.16544147253148	0.279443277610223	0.263	0.229	1	MAPK1IP1L	c27
0.710998352945486	0.279256669561988	0.119	0.13	1	MDM2	c27
0.714117805540826	-0.279146940122464	0.015	0.019	1	PAK4	c27
0.0010211910983168	0.279119885997483	0.634	0.478	1	LAMTOR1	c27
0.5484385082648	0.279039811284849	0.129	0.118	1	CTCF	c27
0.342470857829047	0.279038727867937	0.021	0.033	1	FAM20B	c27
0.757830698746935	0.279009675993086	0.026	0.023	1	NFXL1	c27
0.302103871563547	0.278904107992961	0.046	0.066	1	PIGX	c27
0.0219434401761759	0.278848230692627	0.175	0.121	1	CCNG1	c27
0.741184855754533	-0.27868280662449	0.082	0.091	1	TM9SF4	c27
0.823672042687989	-0.278547065886773	0.01	0.012	1	DNAH1	c27
0.224010863090333	0.278452445245554	0.18	0.153	1	UTP3	c27
0.00613001716182593	0.278419484738033	0.629	0.527	1	PSMB10	c27
0.22433228246038	-0.278269809550268	0.655	0.642	1	HSP90B1	c27
0.576816441494671	-0.278252356329531	0.021	0.016	1	JRKL	c27
0.492106704349653	0.278109839720758	0.036	0.028	1	DUS2	c27
0.00587079453672415	0.277969080331382	0.814	0.776	1	TAGLN2	c27
0.255378758816954	0.277665307015239	0.407	0.343	1	PLBD1	c27
0.260805386859459	-0.277633582618897	0.062	0.086	1	TOPBP1	c27
0.647991284864349	-0.277556762330784	0.082	0.074	1	FMNL3	c27
0.896240141569337	0.277415051109802	0.16	0.168	1	JKAMP	c27
0.597607895838159	-0.277232413062412	0.015	0.021	1	ZNF566	c27
0.153248416268166	-0.276598391557126	0.732	0.66	1	PSMA7	c27
0.684211752364513	-0.276348927615421	0.99	0.93	1	RPS15A	c27
0.195057432272552	-0.27618216522874	0.077	0.11	1	SPIDR	c27
0.249353573779052	0.276050433173574	0.17	0.141	1	LY75	c27
0.29802962634047	-0.275866456539668	0.046	0.066	1	CEP250	c27
0.0993855314324406	-0.275856797921474	0.433	0.358	1	PAXX	c27
0.505479532160838	0.275810029035578	0.046	0.038	1	SPHK2	c27
0.177745720387467	-0.27578807916509	0.057	0.085	1	ZNF226	c27
0.265100988011122	0.275642120382973	0.273	0.253	1	TMEM9B	c27
0.0919250081715397	0.275631651306617	0.474	0.418	1	NDUFA3	c27
0.612111485517528	0.275613697898494	0.067	0.078	1	PCCB	c27
0.31585649539244	-0.275589773378315	0.314	0.343	1	NDUFB6	c27
0.0265848901449723	0.275438725718342	0.103	0.065	1	GPATCH3	c27
0.441598598332468	-0.27542370161267	0.67	0.663	1	GSTK1	c27
0.215861762245466	0.275387090165291	0.16	0.131	1	FAM120AOS	c27
0.068765944949948	0.275269185079025	0.057	0.033	1	CD79B	c27
0.0883846698501064	-0.275198974244252	0.082	0.126	1	RAMAC	c27
0.267289508647672	-0.275180043532425	0.015	0.029	1	ZBTB47	c27
0.59479100820267	-0.274947767454108	0.227	0.249	1	NBEAL1	c27
0.194961086576516	-0.274878217709402	0.129	0.17	1	TMEM14A	c27
0.0556187255871424	0.274630764277419	0.165	0.121	1	NUP50	c27
0.471199551213411	0.274531783936751	0.186	0.169	1	GGCT	c27
0.216600271582429	0.274467121355815	0.103	0.081	1	VPS39	c27
0.421330373990666	-0.274366668007691	0.005	0.011	1	S100A2	c27
0.561148891774123	-0.274213950476028	0.232	0.252	1	HSPA1A	c27
0.122985623681776	0.27421278496694	0.412	0.359	1	PSMA4	c27
0.384087404478989	-0.274205234562751	0.304	0.337	1	PIN1	c27
0.688719226406503	-0.274158138594946	0.01	0.014	1	AC009126.1	c27
0.961696464820413	-0.274152254646244	0.129	0.131	1	NSUN5	c27
0.13867186646935	-0.274081045440832	0.222	0.27	1	TRAPPC3	c27
0.537217248416714	0.2740695503028	0.258	0.251	1	KDELR2	c27
0.842763933647846	-0.273985193316755	0.021	0.019	1	AC060780.1	c27
0.690029892261901	-0.273821713397515	0.134	0.149	1	PPP2R3C	c27
0.440687562077443	0.273815161559673	0.067	0.055	1	ARHGAP21	c27
0.318399727870153	-0.273769124758555	0.191	0.224	1	POP5	c27
0.0809248821230287	0.273478669252625	0.227	0.183	1	CNTRL	c27
0.857093645673932	0.27341509236853	0.031	0.029	1	GTPBP3	c27
0.425831453140922	-0.273235594747493	0.113	0.096	1	ESCO1	c27
0.485557552269995	-0.27320797328037	0.278	0.308	1	EMC10	c27
0.940391604068469	0.273090686445088	0.01	0.01	1	ZNF792	c27
0.837043704843749	0.272942630795977	0.01	0.009	1	LETM2	c27
0.00804764126764806	0.272917253875569	0.18	0.121	1	TBC1D22A	c27
0.309471788310878	0.27284871740559	0.067	0.051	1	SLC39A11	c27
0.244585716942785	0.272784232749868	0.108	0.087	1	ACBD3	c27
0.154117679031764	-0.272727010660233	0.052	0.033	1	RBM4B	c27
0.975626454726629	-0.272720811120599	0.974	0.921	1	RPS3	c27
0.526486678965174	0.272711723845569	0.144	0.133	1	NIPA2	c27
0.483030671957873	-0.27269942130337	0.01	0.006	1	PTPN13	c27
0.180774156165528	0.272573177850906	0.211	0.178	1	FAM133B	c27
0.433684772003476	-0.272527715430326	0.021	0.03	1	SYCE1L	c27
0.972864588311054	0.272524288762978	0.186	0.197	1	DCTPP1	c27
0.00108125914034619	0.272428601792578	0.443	0.333	1	TMEM123	c27
0.91404237821162	-0.272401518761651	0.299	0.303	1	SERINC1	c27
0.898263274326518	-0.272322358991146	0.144	0.15	1	CLPTM1	c27
0.0935270410024706	0.27229703089654	0.119	0.086	1	RBM7	c27
0.875557094664923	-0.271807171885167	0.227	0.233	1	TXNDC12	c27
0.285544070008638	-0.271588220361377	0.397	0.425	1	ABRACL	c27
0.929615939668612	0.271325794566006	0.062	0.061	1	SSH1	c27
0.334000033965681	0.271202179331861	0.351	0.333	1	FERMT3	c27
0.722419389357473	-0.27097762712078	0.01	0.013	1	AC069185.1	c27
0.258540365441585	-0.270956089383015	0.34	0.298	1	FOXP1	c27
0.497232946787682	-0.270941823389452	0.119	0.139	1	STAMBP	c27
0.824554564021155	0.270835231612818	0.021	0.023	1	NCDN	c27
0.913488813296659	-0.270834983465368	0.242	0.243	1	G3BP1	c27
0.258487498610168	0.270645808500537	0.015	0.008	1	RALY-AS1	c27
0.709032739066829	0.270416143799496	0.077	0.086	1	RIPK3	c27
0.795107590296032	-0.270380423357621	0.026	0.023	1	ZNF548	c27
0.79837784931558	-0.270290966389581	0.119	0.113	1	FBXW11	c27
0.503837126764349	-0.270149542176374	0.005	0.01	1	AC099850.1	c27
0.00559857032590083	0.269966077203771	0.407	0.323	1	SNRPF	c27
0.133257421562395	0.269769656008564	0.268	0.23	1	IMP4	c27
0.407755804996259	-0.269724992925514	0.021	0.031	1	SEPSECS	c27
0.655773493321141	-0.26971458605892	0.062	0.055	1	CMTR1	c27
0.0108425892204352	0.269707184837461	0.675	0.557	1	ATP5MF	c27
0.533951327032995	0.269682999390248	0.062	0.052	1	SYT11	c27
0.191429044285788	0.269639985004543	0.005	0.018	1	ZBTB34	c27
0.900853685944333	0.269577686838468	0.093	0.092	1	PI4KB	c27
9.84295555933669e-06	0.269405945707729	0.871	0.791	0.360262016427282	PCBP2	c27
0.919439940102436	-0.269250067016276	0.088	0.091	1	LIMK1	c27
0.229579114226474	0.269162811625637	0.062	0.045	1	ZC3HC1	c27
0.0199539390670467	0.268881645913874	0.175	0.121	1	C1orf131	c27
0.845629112373711	-0.268798925781266	0.062	0.066	1	MIEF1	c27
0.149417127423824	0.268727710697768	0.186	0.151	1	INSIG1	c27
2.80254721178648e-06	0.26868036006173	0.954	0.893	0.102576030498597	EIF1	c27
0.285186846889586	-0.268672598082433	0.005	0.014	1	REEP6	c27
0.249724172266613	-0.268466598554905	0.005	0.015	1	HRH1	c27
0.900971494915303	-0.268135291066168	0.057	0.059	1	EDRF1	c27
0.714857215447522	0.268087589477457	0.01	0.013	1	LRP12	c27
0.25880346596075	0.268061081628739	0.052	0.037	1	DHX33	c27
0.799363785876246	0.268044527681016	0.134	0.13	1	KIF22	c27
0.791992141252738	-0.268013058311042	0.124	0.131	1	PHF14	c27
0.899618858433606	0.267953409028675	0.021	0.02	1	FBXW9	c27
0.736570967913369	-0.267867548061901	0.062	0.069	1	TCAIM	c27
0.52967492667691	-0.267802027973508	0.108	0.096	1	DCTN4	c27
0.0738846456749779	0.267669340415539	0.247	0.198	1	ABI1	c27
0.219079821895748	0.267628085078012	0.031	0.019	1	SS18L1	c27
0.00104206643699739	0.267587202228932	0.18	0.108	1	CPT1A	c27
0.226879915641768	-0.267501657469097	0.356	0.308	1	U2SURP	c27
0.988204528634411	-0.267178370212947	0.057	0.057	1	GTF3C3	c27
0.418150391655025	0.267161992426292	0.046	0.036	1	TTC27	c27
0.132764550192414	-0.266977008624169	0.34	0.286	1	CBX3	c27
0.982113405269796	-0.266967981368288	0.108	0.108	1	STN1	c27
0.128173063960875	0.26683777053434	0.062	0.04	1	TGDS	c27
0.220270672300269	0.266617747049404	0.289	0.261	1	SMARCE1	c27
0.244466669889745	0.266616445792812	0.021	0.012	1	C1orf112	c27
0.554582743482032	-0.26643501409654	0.144	0.164	1	SEC22C	c27
0.00435237536793799	0.266428848274231	0.062	0.027	1	RGS16	c27
0.0514818853433497	-0.26641382732726	0.103	0.156	1	TSPAN4	c27
0.894182266524601	0.266412883954259	0.057	0.06	1	VDR	c27
0.163383520595722	0.266121609750371	0.237	0.203	1	WASHC1	c27
0.216349386664545	-0.265972389385258	0.041	0.027	1	HAUS5	c27
0.233626916485909	-0.26594869185694	0.057	0.04	1	TOE1	c27
0.00158165813267851	0.265586841170246	0.32	0.228	1	SMARCA5	c27
0.135360428221165	-0.265556374170858	0.026	0.013	1	LNX2	c27
0.770936317083121	-0.265351848202072	0.021	0.018	1	ADAT3	c27
0.830498230532452	-0.265132185802593	0.01	0.009	1	ZNF619	c27
0.916388551352143	-0.265025162833286	0.015	0.016	1	ZNF891	c27
0.686116224631639	-0.264883610418718	0.098	0.11	1	MED31	c27
0.474865515817457	0.264281786862969	0.098	0.086	1	SNAI3	c27
0.24104246672136	0.264132161374781	0.082	0.062	1	LRCH3	c27
0.0396065712840125	0.264035287424306	0.376	0.309	1	FIBP	c27
0.624917000820486	-0.263997303504095	0.01	0.015	1	GMEB2	c27
0.781582928875893	-0.263909504019042	0.067	0.073	1	SLC35A1	c27
0.144393075988981	0.263882909924351	0.345	0.314	1	LSM8	c27
0.778503844779266	0.26351732761855	0.227	0.247	1	DPM3	c27
0.609278641370459	0.263487709450976	0.01	0.007	1	Z93241.1	c27
0.209584743378559	-0.263356786180277	0.113	0.148	1	NENF	c27
0.921964072596123	-0.263287502028274	0.057	0.059	1	NUFIP1	c27
0.0201501268918466	0.263145497003001	0.01	0.002	1	STYK1	c27
0.535994896802645	0.262955204239772	0.057	0.048	1	NSUN4	c27
0.944903217243483	0.262851848367722	0.067	0.066	1	ZMAT3	c27
0.512713649510607	0.262806729878649	0.093	0.081	1	SYNC	c27
0.0125266703320729	-0.262797205532922	0.124	0.204	1	DOCK11	c27
0.574139894378972	-0.262603674452728	0.139	0.126	1	LINC00667	c27
0.0752794307906891	-0.262434923823585	0.144	0.103	1	TOB1	c27
0.0963729573758371	-0.262294534515042	0.031	0.059	1	CDKN2A	c27
0.930021213003427	-0.262217263014213	0.057	0.059	1	MNT	c27
0.0306759443030989	0.262128701162643	0.593	0.504	1	PSMB3	c27
0.624888171657478	-0.26207796119211	0.144	0.131	1	DDX50	c27
0.968310921638175	0.261849273679806	0.067	0.067	1	MUS81	c27
0.961965422773859	-0.261720111746126	0.072	0.074	1	RRP9	c27
0.0354537628460547	0.261608253667132	0.273	0.216	1	EIF2A	c27
0.0153632390801749	0.26147608885266	0.253	0.188	1	PTBP1	c27
0.880824026338405	0.261441148023706	0.031	0.029	1	PHF10	c27
0.425261854398391	-0.261381263316999	0.041	0.055	1	TMEM234	c27
0.939517041701076	0.26135801642661	0.129	0.136	1	PIK3R5	c27
0.465599346432816	-0.261287851479662	0.005	0.011	1	ALG10	c27
0.545545213976487	-0.261165923003306	0.253	0.278	1	POLR2F	c27
0.026942266824901	0.261131288756346	0.253	0.197	1	SLC39A10	c27
0.869419230744078	-0.261129665367184	0.144	0.139	1	API5	c27
0.664722750744054	0.260980913054186	0.093	0.085	1	DNAJC17	c27
0.861978921041224	-0.260935272221885	0.474	0.466	1	ANKRD12	c27
8.26454628766872e-05	0.260911288011859	0.51	0.343	1	ICAM3	c27
0.171378864168287	0.260865168854038	0.32	0.282	1	SDHB	c27
0.0782416560324531	0.260840552559817	0.273	0.227	1	SETX	c27
0.931162894891844	0.260790358868513	0.052	0.051	1	ZBTB40	c27
0.562854579174493	-0.260771603434701	0.082	0.096	1	UBL4A	c27
0.00651172870356759	0.260296723993145	0.32	0.244	1	PTPN2	c27
0.871743489447408	0.26023117871064	0.191	0.192	1	LAMTOR3	c27
0.395109604595443	0.259820221591404	0.041	0.031	1	TTC33	c27
0.0657703365341689	0.259810287102831	0.531	0.463	1	C4orf3	c27
0.99745619539727	0.259625351704594	0.057	0.058	1	DPH6	c27
0.324098494221528	0.259456460335759	0.01	0.005	1	MIR222HG	c27
0.0189098853627859	0.259433348054401	0.33	0.254	1	RBBP4	c27
0.0416752100903426	0.259374503333369	0.113	0.075	1	SEC24B	c27
0.241780445201973	-0.259343970622059	0.201	0.242	1	PARP14	c27
0.480984272669702	-0.259187607623137	0.026	0.036	1	CEP57L1	c27
0.00106297003254036	0.259186511584771	0.108	0.052	1	ITM2C	c27
0.495049842418889	-0.258679068217238	0.052	0.064	1	FUNDC1	c27
0.0218665334121223	0.258670185402603	0.397	0.332	1	ILF2	c27
0.314112932887934	0.258558182038175	0.057	0.043	1	CLEC16A	c27
0.00977699999451079	0.258347949528865	0.335	0.256	1	PNN	c27
0.0170511445544635	0.257669460233108	0.067	0.035	1	TADA2A	c27
0.663143704361603	-0.257601035883472	0.01	0.014	1	FRAT1	c27
0.247274399280728	-0.257316733070715	0.098	0.076	1	GMDS	c27
0.339831669453122	0.257210073251009	0.062	0.048	1	JPT2	c27
0.497885867620971	-0.257152713473039	0.021	0.029	1	ZFYVE28	c27
0.333604525386753	0.257011853103844	0.041	0.058	1	CTSO	c27
0.0828925303022968	0.25697684671307	0.052	0.03	1	FAM118A	c27
0.855778690763708	-0.256858142616403	0.088	0.091	1	EEFSEC	c27
0.0819463996050073	-0.256747032276128	0.119	0.082	1	KDM5B	c27
0.182045718075085	0.256647170761849	0.119	0.158	1	PSMD10	c27
0.268399889080304	-0.256488626119861	0.041	0.028	1	TUBD1	c27
0.228806806744339	-0.256367016703941	0.052	0.035	1	PAQR8	c27
0.0509411477517404	0.256274815171529	0.309	0.257	1	THOC7	c27
0.165223883011169	-0.256189238142485	0.057	0.087	1	SIN3B	c27
0.559763389188167	-0.256182360905508	0.041	0.051	1	THAP12	c27
0.667248193013686	-0.256146924155739	0.103	0.115	1	RPP30	c27
0.875720006699185	0.256061656047566	0.021	0.019	1	NIPBL-DT	c27
0.170167472369685	-0.255954288351764	0.005	0.019	1	CCDC9B	c27
0.451481370740481	0.255928820259658	0.021	0.03	1	SLC48A1	c27
0.74571586687147	-0.255847583698955	0.082	0.077	1	ERCC3	c27
0.333086575744016	-0.255678164485993	0.108	0.136	1	ZFYVE21	c27
0.20239118102849	-0.255602305362441	0.129	0.163	1	ARL1	c27
0.621261149077803	-0.255579764849482	0.103	0.093	1	E2F4	c27
0.941144290113929	-0.255371268869617	0.232	0.232	1	UFM1	c27
0.759765978338481	-0.255151686468202	0.077	0.084	1	DIS3	c27
0.665225666708255	-0.255074282859921	0.052	0.045	1	TYSND1	c27
0.671404831093326	0.254836780943128	0.129	0.123	1	UNC13D	c27
0.500405723563786	0.254707554850131	0.165	0.152	1	TNIP2	c27
0.00297622236183321	0.25467790131503	0.665	0.598	1	KLF6	c27
0.451822846620286	0.254668985940988	0.015	0.01	1	CLDND2	c27
0.21410537284182	-0.254640919558689	0.093	0.126	1	MRPS31	c27
0.170647088045037	0.25460906596108	0.041	0.026	1	MYL6B	c27
0.419606910734225	0.254591361273853	0.01	0.018	1	ZNF329	c27
0.643891667574225	-0.254460930564091	0.021	0.016	1	NIPA1	c27
0.70408070021574	-0.25429126657677	0.067	0.075	1	MAP4K2	c27
0.842467195988721	0.254264709873794	0.077	0.075	1	MAPKAPK5	c27
0.204858780716212	-0.254138052649292	0.072	0.101	1	RSPH3	c27
0.0112127164253228	0.254123416968934	0.093	0.052	1	TUBGCP3	c27
0.284372995470367	0.25409700884072	0.015	0.008	1	ZXDB	c27
0.252931816398769	0.254067684831607	0.211	0.185	1	BRMS1	c27
0.0306080823138803	0.25396189575488	0.325	0.266	1	JMJD1C	c27
0.310726102870232	-0.253834297208788	0.005	0.014	1	RBKS	c27
0.019606356423661	0.253774425577335	0.552	0.491	1	EIF4G2	c27
0.410232028244036	0.253743877498687	0.062	0.08	1	CHMP6	c27
0.51221760785352	-0.253699016956965	0.01	0.006	1	ANKDD1A	c27
0.878511971841283	-0.253687214387306	0.026	0.028	1	ZCCHC4	c27
0.606453024237339	0.2536470537938	0.01	0.007	1	PGAP1	c27
0.299750610860996	0.25359652901566	0.155	0.131	1	ZC3H7A	c27
0.636259018808791	-0.253542981131058	0.067	0.076	1	C16orf54	c27
0.525600501558202	0.253428525757912	0.16	0.187	1	LRRC59	c27
0.664432438689078	0.253332690156591	0.232	0.229	1	PIGT	c27
0.011924921232351	0.253258505897278	0.108	0.063	1	STAT5B	c27
0.275942502503508	-0.253249311719955	0.108	0.141	1	MAGT1	c27
0.570648435308289	-0.253230855633112	0.325	0.353	1	DCXR	c27
0.129589394204141	0.252794892362566	0.34	0.294	1	SLC16A3	c27
0.595509120345924	0.252653718103442	0.072	0.063	1	TNFRSF10A	c27
0.070953480201895	0.252580920977685	0.278	0.232	1	PDCD2	c27
0.0701953634628595	-0.252310508966404	0.057	0.097	1	UBA7	c27
0.240670993806929	0.251998376634758	0.186	0.159	1	DPM2	c27
0.0227449506935403	0.251828753167	0.062	0.033	1	IKZF5	c27
0.916807029452532	-0.251744403256104	0.015	0.015	1	AC253572.2	c27
0.282104929945189	0.25139294791812	0.052	0.037	1	INTS5	c27
0.363594836833732	0.251311610113977	0.072	0.057	1	TRIM5	c27
0.238904499439295	-0.251149726421351	0.155	0.188	1	RSBN1	c27
0.100658695541258	0.251113348180382	0.227	0.183	1	AP1M1	c27
0.0139970577661317	0.251112076691716	0.371	0.302	1	SRSF2	c27
0.985517465087117	-0.251110209815986	0.031	0.031	1	ZSCAN18	c27
1.46546335682656e-05	0.251048363728461	0.876	0.794	0.536374243232088	UBC	c27
0.0330667882760023	0.251048304417326	0.062	0.034	1	SCAI	c27
0.964453128405565	-0.250771059379706	0.144	0.147	1	MTG1	c27
0.00367632703896443	0.250407339997403	0.438	0.35	1	IGBP1	c27
0.366246128909797	-0.250305115373419	0.082	0.066	1	JOSD1	c27
0.00752357227972504	0.250265752628502	0.17	0.111	1	SF3B3	c27
0.948566365624766	0.25024987623752	0.046	0.047	1	SDE2	c27
0.755028667624161	-0.250167786059529	0.237	0.232	1	SNRNP200	c27
0.549872788970149	-0.250091126738266	0.082	0.071	1	CASP3	c27
0.0755104020812719	-0.25005039033685	0.299	0.364	1	ETHE1	c27
0.630928240241719	0.249980102555115	0.098	0.112	1	CLN6	c27
0.211456657669823	-0.249932360629601	0.222	0.184	1	UPF3A	c27
0.00278586444783027	0.249841992083947	0.613	0.535	1	EIF3E	c27
0.332372604268928	0.249696748463252	0.103	0.131	1	CDK5	c27
0.0183436892088279	0.249692284135581	0.196	0.138	1	TRA2A	c27
0.974065550694869	-0.249674420194913	0.026	0.025	1	AK9	c27
0.99940014676134	0.249532745883882	0.165	0.17	1	SLC25A1	c27
0.848869861401221	-0.24951602960496	0.119	0.124	1	CCDC130	c27
0.231578764145954	0.249449121191828	0.175	0.218	1	LY96	c27
0.824675578246532	-0.249426898616604	0.046	0.05	1	PCBD2	c27
0.114071452602605	0.249282760886634	0.119	0.088	1	FTSJ3	c27
0.21067623757969	-0.249238021396665	0.108	0.083	1	ARHGEF7	c27
0.0297612616515908	0.249203477726522	0.505	0.442	1	RTRAF	c27
0.456238206872547	0.249183481404363	0.144	0.13	1	GPBP1L1	c27
0.918239710369253	-0.249140923390715	0.134	0.132	1	SNRNP27	c27
0.180529743550231	0.249054434282063	0.227	0.199	1	HSPA4	c27
0.0100093127014937	0.24887550975352	0.557	0.493	1	ATP5F1A	c27
0.0271400905963017	0.2487849068947	0.041	0.088	1	COPRS	c27
0.00126514858405948	-0.248745629555771	0.082	0.037	1	CCR5	c27
0.571725046183444	0.248713600838161	0.015	0.011	1	CYB5RL	c27
0.658188623023861	0.248702465897231	0.165	0.187	1	SIRPA	c27
0.457596284248507	0.248607970522449	0.021	0.03	1	SPAG16	c27
0.722945486391463	0.248595920730144	0.062	0.057	1	CSTF3	c27
0.839043056391044	-0.248567165750329	0.665	0.622	1	TUBA1B	c27
0.652711822559554	0.248418245082786	0.057	0.065	1	PDRG1	c27
0.586846890034392	0.248394986981214	0.376	0.354	1	GNG10	c27
0.851516780077372	-0.248144724379144	0.026	0.024	1	PHF13	c27
3.45846770337693e-05	0.248108610126232	0.964	0.835	1	OAZ1	c27
0.336524328159294	0.248076360611844	0.046	0.034	1	RNF123	c27
0.343118934757692	0.247949107388778	0.18	0.16	1	HBP1	c27
0.160744313151459	0.247947713285121	0.253	0.216	1	PSMD3	c27
0.184810818933844	0.247944060883201	0.041	0.026	1	RMI1	c27
0.680323364375542	-0.247922851019202	0.041	0.036	1	SLC23A2	c27
0.0800991611292714	-0.247805905477805	0.175	0.129	1	CCSER2	c27
0.227373944992898	-0.247636762800022	0.067	0.048	1	POLM	c27
0.0949377036282198	0.247381791104584	0.448	0.396	1	BANF1	c27
0.438109482602362	0.247141120236814	0.356	0.34	1	TMEM160	c27
0.685192205942436	0.247123970828103	0.062	0.056	1	TRIP4	c27
0.12293075349279	0.246930536111621	0.247	0.21	1	CLINT1	c27
0.0621411191549484	0.246915779822914	0.077	0.124	1	MRPL35	c27
0.00404538953974431	0.246710680932113	0.222	0.147	1	SNHG7	c27
0.300273244707626	0.246700256453964	0.113	0.093	1	CRNKL1	c27
0.234975254053507	-0.24664269733823	0.155	0.189	1	SAP30BP	c27
0.492876881959147	0.246599264289397	0.026	0.019	1	ZC3H10	c27
0.631942594023095	-0.24655829313477	0.082	0.094	1	SLF2	c27
0.782447056725691	0.246504637378875	0.18	0.196	1	CACUL1	c27
0.107904249944484	0.246235486764921	0.01	0.03	1	AL035446.1	c27
0.493927453225054	0.246167414893433	0.021	0.015	1	DNAJB4	c27
0.379249369162567	-0.246045717887959	0.108	0.089	1	FTX	c27
0.180093697943606	-0.24592081458909	0.222	0.183	1	FOXN3	c27
0.656021529265843	0.245801705858676	0.082	0.075	1	TBC1D20	c27
0.308075903657228	-0.245760541979729	0.624	0.584	1	HMGN2	c27
0.361541167329317	-0.245714131966901	0.072	0.057	1	FBXO28	c27
0.0519638167289438	0.245607289972891	0.057	0.032	1	AEN	c27
0.0163964949451889	0.24559944171996	0.067	0.035	1	PHF8	c27
0.837663742431301	-0.245513419843563	0.907	0.872	1	RPS5	c27
0.711659249498632	0.245503382955908	0.232	0.255	1	COA4	c27
0.899487536381587	0.245499765162037	0.227	0.234	1	CAMTA1	c27
2.03489099660284e-06	0.245299489983652	0.784	0.487	0.0744790453666604	NPC2	c27
0.0186662301501161	0.245201105610047	0.572	0.493	1	HNRNPK	c27
0.798828140000621	-0.245174698254133	0.098	0.092	1	SERGEF	c27
0.0593347342740103	-0.244921208931323	0.031	0.066	1	ACY1	c27
0.0624628063326914	0.244784016053743	0.036	0.018	1	RALGPS2	c27
0.802433200939475	0.244523562393242	0.093	0.099	1	PPP6R3	c27
0.565875812652053	0.244380908769189	0.057	0.049	1	SCML1	c27
0.543101491481917	0.244339501706562	0.036	0.029	1	AACS	c27
0.70047998213564	-0.244308598291486	0.031	0.036	1	SUFU	c27
0.23012078333683	-0.244077060255912	0.057	0.081	1	CEP290	c27
0.984893427168292	0.243828787241854	0.144	0.147	1	SIRT7	c27
0.863771634203778	-0.243827356009128	0.046	0.049	1	BMI1	c27
0.69782910074022	-0.243781313650341	0.428	0.427	1	HSPA5	c27
0.130665443206169	0.243747687960852	0.026	0.013	1	MREG	c27
0.975434677419169	-0.243464247380718	0.088	0.09	1	C5orf15	c27
0.903701386810661	0.243154276708085	0.103	0.109	1	DIAPH2	c27
0.941194229938107	-0.243075887663828	0.021	0.02	1	CEP97	c27
0.367710125881734	0.243030917821434	0.113	0.096	1	CRYZL1	c27
0.14690148908329	-0.243003626328808	0.742	0.718	1	MIF	c27
0.0583666201191875	0.242877428975729	0.577	0.475	1	TMEM219	c27
0.145482331574697	0.242857803312629	0.015	0.007	1	ZNF530	c27
0.907710470875979	-0.24278913758761	0.196	0.204	1	ZNF655	c27
0.967070938478261	0.242688159067774	0.031	0.031	1	SIK3	c27
0.453204824818632	-0.242498270743591	0.077	0.095	1	IFT27	c27
0.549891325662553	-0.242111764408364	0.469	0.474	1	SEC62	c27
0.56622113198814	0.242090037839807	0.031	0.039	1	BCAS3	c27
0.076289797507453	0.242047052956727	0.258	0.212	1	MBD4	c27
0.0359936669977532	0.242026306919143	0.01	0.04	1	MROH6	c27
0.763096071983823	-0.241914146499196	0.273	0.291	1	ATP1A1	c27
0.00125251214434822	0.241880321034753	0.325	0.227	1	BTG2	c27
0.0150154275910401	0.241790808291885	0.036	0.086	1	RILP	c27
0.666125323318581	-0.241771615149779	0.356	0.364	1	FDFT1	c27
0.0119701219354507	0.241719657109799	0.273	0.2	1	VPS51	c27
0.0479764629225555	0.24163195692422	0.16	0.113	1	DYNLRB1	c27
0.153293752821294	0.241571594546201	0.216	0.182	1	CMPK1	c27
0.814500898248584	0.241530625283221	0.046	0.043	1	ZNF266	c27
0.624663469318599	0.24143864953588	0.021	0.016	1	ZNF844	c27
0.5143447131878	-0.241178866873363	0.139	0.158	1	HERC2	c27
0.116232656241312	-0.241079640702535	0.119	0.164	1	MOSPD3	c27
0.338807959181131	0.241042785075559	0.129	0.162	1	PCK2	c27
0.0959368389076157	-0.240959620852945	0.01	0.031	1	CC2D2A	c27
0.971001328239024	-0.240922830922483	0.469	0.461	1	C11orf58	c27
0.00812681416588613	0.240786778043195	0.552	0.451	1	PSMA2	c27
0.420385813725622	0.240751677404378	0.18	0.165	1	TPRKB	c27
0.344246331849799	0.240709611537213	0.088	0.071	1	TMEM102	c27
0.602171689454859	-0.240600332326616	0.139	0.157	1	UTP18	c27
0.749803014768274	0.240577363934101	0.026	0.023	1	AC090517.5	c27
0.212103603802666	-0.240303540567378	0.031	0.051	1	PEX7	c27
0.00351066835147997	-0.24026327009284	0.119	0.215	1	MGLL	c27
0.173815504762561	-0.240229940628804	0.284	0.238	1	MACF1	c27
0.478153662594494	0.240144778336453	0.036	0.028	1	ZFP62	c27
0.294967726836999	-0.240142246671827	0.072	0.095	1	STAM	c27
0.00909401211227705	0.240024844203049	0.149	0.096	1	JAZF1	c27
0.00208865268695095	0.239713273054535	0.546	0.441	1	PA2G4	c27
0.164131957240175	0.239691309957528	0.18	0.15	1	VPS25	c27
0.724555153263441	0.239608484596027	0.015	0.019	1	IL7	c27
0.818063268829848	-0.239522046620027	0.077	0.074	1	DHDDS	c27
0.232969546850571	-0.239279184749535	0.954	0.888	1	MYL6	c27
0.0197450867502145	0.239174223692663	0.639	0.504	1	GRB2	c27
0.046019471320367	-0.239144413923773	0.124	0.188	1	AZI2	c27
0.216921673558812	0.239114366283129	0.113	0.09	1	PAK1IP1	c27
0.542627320602293	-0.239086894623926	0.015	0.011	1	AC074032.1	c27
0.165142873873584	-0.239054968924581	0.036	0.061	1	ARHGAP35	c27
0.093283751158064	0.238937077329413	0.088	0.06	1	ATP6V0A2	c27
0.352100696261975	0.238910058607285	0.093	0.12	1	ARMH1	c27
0.000830630758026379	0.238905086870072	0.67	0.575	1	UBXN1	c27
0.0860090512955929	0.238732886037784	0.454	0.408	1	HMGN3	c27
0.913425207639261	0.238729500830125	0.026	0.025	1	AC016065.1	c27
0.364211248062279	0.238470461254363	0.196	0.177	1	IST1	c27
0.97749477758446	-0.238457692316702	0.196	0.196	1	SRPK2	c27
0.00734315175966793	0.238390100118151	0.072	0.036	1	CEP83	c27
0.414563206992085	-0.238323657186186	0.015	0.025	1	ACAD10	c27
0.770193940059952	0.238145665418378	0.01	0.013	1	OSBPL10	c27
0.892386774147519	0.238014345625503	0.041	0.043	1	TOP3A	c27
0.453552008425328	0.237905337653128	0.33	0.318	1	FAM174C	c27
0.735259955242744	0.237898067838637	0.093	0.102	1	ZFAND2A	c27
0.0548520286217917	-0.237866555572967	0.165	0.119	1	RNF4	c27
7.05862359888608e-05	0.237719928802011	0.938	0.885	1	RPL15	c27
0.979623813773944	-0.237681315437564	0.01	0.01	1	NRAV	c27
0.0807059821615777	-0.237530568076127	0.237	0.186	1	LONP2	c27
0.0285520194647528	0.237343631311331	0.237	0.177	1	RAB29	c27
0.289036095731628	-0.237334390125931	0.077	0.102	1	DHX16	c27
0.0057901824883081	0.237241748332918	0.253	0.179	1	CHD1	c27
0.325342028613813	0.236891510015104	0.067	0.052	1	IDE	c27
0.499530310464784	-0.236771123121095	0.031	0.024	1	ZNF649	c27
0.432606625029683	-0.236609699421078	0.067	0.054	1	TTC5	c27
0.384428791288735	0.236607355274932	0.206	0.189	1	CLN3	c27
0.139158769392326	-0.236507549441523	0.124	0.092	1	LUC7L	c27
0.245725544896951	0.236229060928169	0.268	0.241	1	MRPS35	c27
0.456201876929527	0.236215176087785	0.144	0.128	1	EXOC7	c27
0.533112991037237	0.236102396321924	0.216	0.207	1	ZDHHC12	c27
0.214232115956588	-0.236087901009623	0.175	0.143	1	MARCH7	c27
0.00289361180990192	0.236029875858453	0.686	0.588	1	PNRC1	c27
0.0377603158511594	-0.235982406411489	0.381	0.294	1	SMCHD1	c27
0.199524389325512	-0.235869378738529	0.186	0.226	1	SEL1L	c27
0.278398549343175	0.235498137541358	0.387	0.361	1	NAPA	c27
0.900944013125522	0.235434227510082	0.062	0.061	1	CWF19L1	c27
0.789021512614979	0.235430921284337	0.093	0.089	1	ZCCHC9	c27
0.162752758143525	-0.235382024332172	0.031	0.018	1	ZBTB9	c27
0.661919593663001	-0.235183348372257	0.103	0.095	1	IPO5	c27
0.612435759576103	0.235087593158657	0.052	0.061	1	CDIP1	c27
0.724718190990459	0.234988009571858	0.098	0.109	1	GPANK1	c27
0.0593561810074162	0.234559761887271	0.531	0.471	1	NDUFC2	c27
0.913069735448452	-0.234442155690261	0.015	0.016	1	ARL10	c27
0.413072572813848	-0.234440438173761	0.325	0.356	1	SQOR	c27
0.091956237925953	-0.234415729361965	0.351	0.281	1	ARHGEF1	c27
0.511209881316549	-0.234285670153791	0.021	0.029	1	SDHAF4	c27
0.817196091393046	0.234169200221774	0.082	0.089	1	CREBL2	c27
0.0674098780202828	-0.234095565238022	0.093	0.143	1	PGM1	c27
0.163320289077145	-0.234078735848971	0.149	0.115	1	SUSD3	c27
0.329832825615048	0.234023101293503	0.201	0.178	1	UBE2J2	c27
0.275653127763267	-0.23399108865455	0.005	0.015	1	NECTIN1	c27
0.574633071569854	-0.233964539191262	0.036	0.029	1	ZNF460	c27
0.412977261968848	-0.233791681512829	0.036	0.049	1	ANKRA2	c27
0.0503831095821624	0.233723621327888	0.567	0.517	1	UBE2D3	c27
0.231247116789505	-0.233669518242704	0.577	0.554	1	H2AFZ	c27
0.884047437242533	-0.233628412046303	0.201	0.211	1	EIF2AK2	c27
0.807916422291556	-0.233482740688393	0.268	0.278	1	FDPS	c27
0.687972371726016	0.233467643649891	0.031	0.037	1	PDSS1	c27
0.783550471321621	0.233354793821216	0.031	0.028	1	CHEK2	c27
0.503257272567262	-0.232988279386355	0.01	0.006	1	AC019205.1	c27
0.274150320416554	0.23273697314087	0.479	0.442	1	NDUFB7	c27
0.0626585817141588	0.232696997798223	0.237	0.189	1	USP8	c27
0.795677303056256	-0.232496341126251	0.134	0.142	1	PPP1R10	c27
0.399108100755481	-0.232495540890456	0.149	0.173	1	TPGS2	c27
0.363492761465828	0.232358919104404	0.139	0.119	1	EIF2B1	c27
0.919985334592411	0.232352079782496	0.211	0.215	1	GPR108	c27
0.938609342169657	-0.232262386368217	0.098	0.1	1	PRORP	c27
0.00995898837608546	0.232228811278772	0.345	0.267	1	ERICH1	c27
0.30624679008467	0.23217931004026	0.108	0.089	1	TRAFD1	c27
0.389406323025282	-0.232024836117702	0.546	0.488	1	GAS5	c27
0.291746218767319	-0.231798269459355	0.026	0.041	1	KIF9	c27
0.298868418617645	0.231681440195609	0.263	0.239	1	TADA3	c27
0.784435280783047	-0.231665252572069	0.227	0.223	1	DNTTIP2	c27
0.404619171406659	0.231529149010005	0.155	0.181	1	ANAPC13	c27
0.72476712430233	0.231503071339574	0.031	0.027	1	CYP2U1	c27
0.704096772440254	0.231456388296265	0.041	0.036	1	DGCR8	c27
0.010962826169487	-0.231415298232001	0.057	0.121	1	AL121933.2	c27
0.0753586347270576	-0.231331465745827	0.464	0.493	1	ATP5IF1	c27
0.646436469762986	-0.231055364953469	0.423	0.44	1	CHURC1	c27
0.277475657433518	0.230688783527048	0.103	0.083	1	SAC3D1	c27
0.982946733746019	-0.230687928642737	0.067	0.067	1	MED16	c27
0.000435936569039963	0.230654083031147	0.985	0.909	1	SH3BGRL3	c27
0.520817906422264	0.23052678154706	0.149	0.138	1	ATXN3	c27
0.305635151245765	0.230522696734572	0.005	0.014	1	AL049840.5	c27
0.807393733343264	0.230502804713397	0.036	0.033	1	DBP	c27
0.285344546248314	-0.230456997849102	0.098	0.126	1	TM9SF1	c27
0.290480744215277	-0.230288970717258	0.005	0.014	1	STON1	c27
0.0867803265514582	-0.230085510946354	0.031	0.016	1	CHML	c27
0.27285356551049	0.230016867550756	0.149	0.124	1	VHL	c27
0.344722691967682	0.229943642257039	0.01	0.02	1	LRRC61	c27
0.946586001556149	0.229784057217483	0.186	0.191	1	CTDNEP1	c27
0.041793217972053	0.229713576955344	0.103	0.066	1	TNF	c27
0.277321911475937	-0.229603732846536	0.113	0.143	1	RNASEH1	c27
0.501284043267809	-0.229599795892999	0.149	0.133	1	ACTR1B	c27
0.293129301230132	-0.229596351565748	0.021	0.035	1	AL355001.2	c27
0.871544419435402	0.229584916420293	0.077	0.075	1	PTCD3	c27
0.973732563319435	-0.229584862668334	0.253	0.256	1	SYNCRIP	c27
0.390148374180645	-0.229123257897417	0.211	0.187	1	GDI1	c27
0.528058148917619	0.229053776334778	0.067	0.057	1	C2orf69	c27
7.72630232232719e-06	0.2290518508547	0.964	0.876	0.282790391299497	NACA	c27
0.661987323370561	-0.229017792493295	0.036	0.043	1	AMBRA1	c27
0.253418390694688	0.228763625852214	0.268	0.239	1	SNAPIN	c27
0.000874155507760875	0.22876035496378	0.052	0.019	1	CD200R1	c27
0.497816519449707	0.228596481474663	0.134	0.121	1	HELZ	c27
0.608939504643971	0.228501067812672	0.072	0.063	1	MBD5	c27
0.993381337404366	0.228471356171845	0.108	0.111	1	MICU1	c27
0.208817035809127	0.228302196308985	0.031	0.019	1	LTB4R2	c27
0.000118901424245302	-0.228295827013977	0.108	0.232	1	TSPAN14	c27
0.834036411809944	0.22828994036819	0.16	0.173	1	TMEM126B	c27
0.251623077981145	0.228184687900119	0.026	0.043	1	TESK1	c27
0.0300681977420753	0.228127343413096	0.366	0.311	1	DDOST	c27
0.534660134829762	-0.228123282235817	0.021	0.028	1	ZNF383	c27
0.0180222177234232	0.228022581805599	0.191	0.134	1	NOB1	c27
0.856331685345714	-0.227981722448595	0.18	0.178	1	AFF4	c27
0.142735712681676	0.227926244327541	0.026	0.05	1	FPR2	c27
0.515001871708932	0.227806768261409	0.067	0.057	1	TRIM11	c27
0.609162695676808	-0.227743061722353	0.216	0.235	1	CSRP1	c27
0.0420974509266522	-0.227716281962738	0.139	0.204	1	CHID1	c27
0.576870898387624	-0.227586445568543	0.067	0.058	1	NCOA2	c27
0.0333635350100731	0.227553160214915	0.17	0.122	1	RAB3GAP1	c27
0.0535967842643745	0.227446084894742	0.387	0.33	1	SNRPB2	c27
0.480916732242534	0.227411684662358	0.088	0.076	1	APOO	c27
0.296812826706496	-0.227403818617202	0.082	0.109	1	CCDC71	c27
0.553854030559481	0.227257358946229	0.057	0.048	1	SH3GL1	c27
0.994582439998036	0.227180268440934	0.144	0.148	1	SORBS3	c27
0.518026206280335	0.227047290107882	0.304	0.302	1	MGAT1	c27
0.187857129546633	-0.226937311324477	0.314	0.264	1	IKZF1	c27
0.985281158736964	0.226916156980336	0.01	0.01	1	AGAP9	c27
0.876921301207026	-0.226728782842162	0.082	0.08	1	ZNF451	c27
0.0569247095190189	-0.226691619012245	0.232	0.176	1	ZNF292	c27
0.32286619663091	0.226603766039958	0.041	0.029	1	TNFAIP8L1	c27
0.914890386320195	-0.2265937592719	0.103	0.107	1	EIF2B2	c27
0.975853270916	0.226590373940692	0.057	0.057	1	CAMTA2	c27
0.0572083235094474	0.226585477876622	0.345	0.286	1	BAG1	c27
0.663140817840426	0.226563670109957	0.041	0.036	1	CCDC144A	c27
0.453517163826593	0.226514428737207	0.021	0.014	1	ZNF510	c27
0.492244247528533	0.226501110207812	0.067	0.057	1	DUS1L	c27
0.224645322617556	-0.226447098012081	0.015	0.031	1	KIFC3	c27
0.202582217913176	-0.226412269750514	0.036	0.059	1	XRCC4	c27
0.0112420002836463	0.226204017906941	0.005	0.042	1	KAZALD1	c27
0.306453973863702	0.226008143989678	0.077	0.061	1	HDGFL2	c27
0.978607287350599	0.226007306043289	0.124	0.127	1	SNUPN	c27
0.780519064030051	0.225904554509726	0.098	0.095	1	PIGBOS1	c27
0.936400200841709	-0.225714598774929	0.01	0.011	1	LINC00526	c27
0.550294097966072	-0.225520537542834	0.108	0.125	1	ACOT8	c27
0.722273875924077	0.225478808119052	0.077	0.072	1	ARFIP2	c27
0.386939110271671	-0.2253725769183	0.067	0.084	1	APOL2	c27
0.458931590126067	-0.225371784680199	0.108	0.129	1	KPNA4	c27
0.18034982466407	0.225370723011665	0.052	0.034	1	DHX37	c27
0.605817151084269	0.225309743548937	0.036	0.03	1	TET3	c27
0.207499005442065	-0.225280035461154	0.072	0.102	1	DCAF12	c27
0.135168027547122	-0.225237406108559	0.134	0.101	1	VCPIP1	c27
0.421512300649562	-0.22517180886699	0.144	0.125	1	ARHGEF6	c27
0.540561210192493	-0.22503785155764	0.015	0.022	1	AC006213.2	c27
0.15155425502593	0.224777280636127	0.036	0.062	1	DYNLL2	c27
0.276439746241879	0.224761669174583	0.186	0.158	1	WBP11	c27
0.716831159123396	0.224621097649164	0.098	0.11	1	PPP2R5A	c27
0.826729829810314	-0.224348614694009	0.119	0.124	1	ARFGEF1	c27
0.153633160096795	-0.224034241712954	0.093	0.13	1	ZSCAN16-AS1	c27
0.818108054247318	0.223899514285216	0.129	0.142	1	TYW3	c27
0.909873497703979	-0.22383968141332	0.01	0.011	1	C21orf62-AS1	c27
0.913148841182897	-0.223735221091058	0.196	0.198	1	PRPF31	c27
0.0119977913401478	0.223721560437572	0.077	0.041	1	SYNE3	c27
0.558878327451986	0.223688789132349	0.222	0.215	1	MRPL21	c27
0.183219656792112	-0.223551696712562	0.072	0.103	1	TMEM138	c27
0.262327360869304	-0.223535282618307	0.17	0.142	1	NCOA7	c27
0.0016475622502177	0.22345963023551	0.242	0.161	1	WTAP	c27
0.273933277300699	-0.223342952801682	0.119	0.15	1	SNF8	c27
0.505197182668225	-0.223178269169758	0.108	0.094	1	ISG20L2	c27
0.709670697221361	-0.222968061396955	0.031	0.027	1	RPS6KA2	c27
0.170974755807582	0.222841447517416	0.33	0.293	1	ANXA7	c27
0.927916272192277	0.222664735209363	0.062	0.062	1	HERC3	c27
0.363907240983035	0.222617492158922	0.093	0.077	1	CHFR	c27
0.996685831766834	-0.222603737294412	0.371	0.36	1	NDUFC1	c27
0.82905084128811	-0.222549024024338	0.062	0.059	1	XPOT	c27
0.0298380968149056	0.22241515199716	0.057	0.03	1	TRIM24	c27
0.463707989727979	-0.222308381138727	0.082	0.099	1	KLHL9	c27
0.449060723341208	-0.222261349793375	0.031	0.023	1	GEN1	c27
0.00698248437018851	-0.222241652335772	0.088	0.046	1	TRAF6	c27
0.035145021699903	0.221929725834481	0.407	0.339	1	CCT3	c27
0.914593974001508	0.221918787631844	0.134	0.136	1	ZKSCAN1	c27
0.423147147211581	-0.221889480575169	0.067	0.084	1	GSTM4	c27
0.627987110722109	-0.221882009702257	0.057	0.066	1	CDK16	c27
0.176234033523342	-0.221843191702393	0.778	0.784	1	RPL36AL	c27
0.808873320455841	-0.221795160543047	0.01	0.012	1	KNL1	c27
0.277243580746121	-0.221790246988664	0.052	0.073	1	HLA-G	c27
0.258240904613888	-0.221682720179107	0.139	0.112	1	NT5DC1	c27
0.657323119544385	0.221526806500826	0.046	0.041	1	RMND5A	c27
0.0792187504246789	0.221519704896548	0.665	0.568	1	UQCR10	c27
0.84437249644815	0.221495613577714	0.119	0.127	1	GAK	c27
0.816738168347079	0.221444751174177	0.046	0.043	1	PAPOLG	c27
0.0721734221567623	0.221366860955782	0.088	0.057	1	PITPNA-AS1	c27
0.49965629635715	-0.221279175565183	0.01	0.006	1	AC099778.1	c27
0.000322608465209275	0.22118957726396	0.351	0.245	1	TM9SF2	c27
0.465788581351624	-0.221057843122648	0.005	0.011	1	KCNQ1OT1	c27
0.779067114937588	-0.220966418562688	0.082	0.089	1	CDK5RAP1	c27
0.700161405495521	-0.22086992218959	0.16	0.172	1	TXNDC9	c27
0.981061424765948	0.220857855712968	0.155	0.162	1	MYOF	c27
0.195529049587	-0.220799108823265	0.119	0.092	1	SUCO	c27
0.201579543771692	0.220765641824428	0.108	0.084	1	KMT5B	c27
0.533789685593223	-0.220545911088011	0.031	0.04	1	MRTFB	c27
0.125356091210374	-0.220316917803596	0.263	0.327	1	MRPL43	c27
0.937251480846613	-0.220007655882026	0.144	0.148	1	EXOC5	c27
0.172914541320115	0.219933174818712	0.155	0.126	1	DDX56	c27
3.14904925804135e-05	0.21989574497508	0.918	0.671	1	TSPO	c27
0.43624655477722	0.219592220839112	0.052	0.067	1	TLNRD1	c27
0.109845394893234	-0.219541268456662	0.103	0.147	1	ADPRHL2	c27
0.658982716595383	0.21933508716409	0.01	0.014	1	PHLPP2	c27
0.577861819152088	0.219121773710253	0.062	0.054	1	IL18BP	c27
0.761395869606121	-0.218973268173135	0.366	0.355	1	TRAM1	c27
0.50282057349267	-0.218734803506078	0.119	0.137	1	MRPL46	c27
0.386247663100582	-0.218691692516527	0.057	0.074	1	NTHL1	c27
0.934137633234279	-0.218560017839365	0.01	0.011	1	APBB2	c27
0.245428643257333	-0.218522605042502	0.139	0.112	1	WDR43	c27
0.942121979034986	0.218329609733494	0.201	0.213	1	TXNL4A	c27
0.581801022547838	0.218230310774921	0.216	0.206	1	RNF114	c27
0.532794249895924	0.218061872238258	0.222	0.208	1	SF3A3	c27
0.155283801571431	-0.218031664622962	0.026	0.048	1	QSER1	c27
0.213710230693145	0.217874637682097	0.361	0.334	1	HNRNPM	c27
0.655947397966226	0.217805537879379	0.026	0.032	1	KLHL21	c27
0.663934807826249	0.217767081315244	0.021	0.026	1	POFUT2	c27
0.567142538186818	-0.217753051022821	0.263	0.246	1	RAB6A	c27
0.622987756122792	0.217610817053798	0.18	0.206	1	PPA2	c27
0.993198358797028	-0.217535762280341	0.052	0.051	1	TNFRSF4	c27
0.586612640846187	-0.217447456075625	0.098	0.111	1	PFKP	c27
0.167110056160333	0.217319799009452	0.253	0.218	1	CAPRIN1	c27
0.86394432264857	-0.217109882444966	0.258	0.268	1	PSMD2	c27
0.591073484657336	0.217042795822526	0.088	0.103	1	PIEZO1	c27
0.0138336436330389	0.216969799298186	0.619	0.511	1	POLR2L	c27
0.00160933471384629	0.216810024814694	0.902	0.785	1	ARPC2	c27
0.156647591070555	0.216779819780573	0.082	0.119	1	IMPACT	c27
0.227698937449702	0.216677847284149	0.294	0.263	1	MTCH2	c27
0.375250441963392	0.216635570657804	0.17	0.154	1	SLC52A2	c27
0.291553651702326	-0.216463111938194	0.211	0.251	1	TNFSF12	c27
0.159095000826091	0.216023172757425	0.191	0.162	1	ZNF622	c27
0.46474510985975	0.215793414085333	0.165	0.152	1	FLYWCH2	c27
0.679386766067582	0.215720932899698	0.01	0.014	1	RAB3A	c27
0.0738611669300671	0.21564717593742	0.454	0.4	1	UQCRC1	c27
0.937567627213696	-0.21555539883846	0.175	0.178	1	MRPL22	c27
0.407971542451839	0.215510681052371	0.01	0.006	1	TRIM16L	c27
0.00133739209396636	-0.21519825784479	0.84	0.864	1	CRIP1	c27
0.273098115188227	0.214878859822276	0.052	0.037	1	GOLPH3L	c27
0.303100904707377	-0.214823363041091	0.021	0.034	1	ACADSB	c27
0.299981065341916	0.214468861234159	0.278	0.258	1	MRPS6	c27
0.842712546480156	-0.214437784166946	0.216	0.227	1	TAF9	c27
0.00285408745696761	0.214215105863122	0.479	0.382	1	THRAP3	c27
0.286449190131509	-0.214204006232655	0.015	0.028	1	ARHGAP12	c27
0.280088060891188	0.214139243271943	0.098	0.079	1	ZHX1	c27
0.197763485904683	0.214078707737939	0.206	0.176	1	WASHC4	c27
0.778408776301453	-0.214006600617695	0.18	0.174	1	MED4	c27
0.494089734785242	-0.213992626053559	0.005	0.01	1	TBC1D24	c27
0.000389282075053653	0.213797090714996	0.773	0.66	1	GPSM3	c27
0.0185286062719403	0.213765327807187	0.68	0.618	1	UCP2	c27
0.000110421025002503	0.213747220075903	0.969	0.889	1	CFL1	c27
0.280753073498478	-0.213725802576826	0.103	0.136	1	FDX2	c27
0.0103280442231788	0.213713114383715	0.49	0.407	1	EIF3I	c27
0.534874102153605	0.21366350415224	0.072	0.062	1	ITPRIPL2	c27
0.77542316354882	-0.213647542734811	0.01	0.008	1	AC019080.1	c27
0.695339724233243	-0.213645540461081	0.098	0.091	1	DPAGT1	c27
0.0253810892846226	0.213626490824438	0.196	0.141	1	TBC1D5	c27
0.267238341960586	-0.213607556183236	0.191	0.228	1	STX4	c27
0.103333298571063	0.213520779828555	0.108	0.077	1	AAGAB	c27
0.323137346467689	-0.213403686873297	0.046	0.065	1	TMLHE	c27
0.894890607869826	0.213403057489262	0.031	0.03	1	MIPEP	c27
0.00344749329021622	-0.21334003681416	0.18	0.29	1	REXO2	c27
0.324121061389113	-0.213294744377299	0.01	0.02	1	ZNF599	c27
0.424482124916292	-0.213127939631748	0.021	0.014	1	SDCBP2-AS1	c27
0.783370103535277	0.21308390195055	0.031	0.035	1	MBNL3	c27
0.444731123303232	-0.213032375363173	0.046	0.059	1	SLC2A4RG	c27
0.388486639358282	-0.213016807911894	0.021	0.013	1	RTTN	c27
0.337844667676712	0.212978171634374	0.366	0.332	1	TXNDC17	c27
0.0026238815598215	0.212743576369199	0.526	0.431	1	RAP1A	c27
0.495549205418667	0.212694669824511	0.067	0.082	1	RETREG2	c27
0.608391892851487	0.212618448677226	0.021	0.016	1	SPATA7	c27
0.223151422922487	-0.212552185327133	0.057	0.082	1	NUP37	c27
0.635821873531618	-0.212369219511032	0.149	0.137	1	RASSF7	c27
0.446184962248672	-0.212313115344796	0.191	0.173	1	ADD1	c27
0.66494280047273	0.212107826725322	0.026	0.021	1	ZNF667-AS1	c27
0.527623597475017	-0.211956014291571	0.124	0.143	1	MRPL19	c27
0.00381201548768671	0.211645680596428	0.165	0.102	1	PTPA	c27
0.564935904704425	-0.211605517013433	0.979	0.933	1	RPL30	c27
0.0619187934764508	0.211416283432339	0.314	0.265	1	SARS	c27
0.541475987520162	0.211306116092306	0.021	0.015	1	KYAT1	c27
0.00112826732758441	0.211240629668715	0.861	0.784	1	EMP3	c27
0.690099506631305	0.211054738383652	0.119	0.134	1	MAN2A1	c27
0.889492436730682	-0.210957925850554	0.041	0.039	1	TOM1L2	c27
0.414258274128885	0.21095696017271	0.144	0.128	1	UBE2Q2	c27
0.00417513543874313	0.210883692630989	0.201	0.132	1	SLC38A2	c27
0.376510543131292	-0.210836436004983	0.129	0.109	1	LIX1L	c27
0.378331732737452	-0.210822572608521	0.113	0.137	1	MRPL2	c27
0.0102588047175794	0.210753147724245	0.057	0.027	1	DIPK1A	c27
0.27809503313602	0.210550571636	0.067	0.05	1	COX10	c27
0.835566088129654	0.210369519593073	0.01	0.012	1	TOLLIP-AS1	c27
0.553796636970785	-0.210357443385062	0.103	0.09	1	NPAT	c27
0.239784458003355	0.210314891690139	0.046	0.031	1	SELENOI	c27
0.424513385811144	0.210285203439521	0.247	0.228	1	LARP7	c27
0.426319595823923	-0.210213385893006	0.062	0.077	1	TRMT61B	c27
0.967243650289209	-0.21012638025222	0.119	0.119	1	KRIT1	c27
0.561551798218187	-0.209993467135485	0.077	0.067	1	AC079781.5	c27
0.883554438274614	0.209942435762248	0.057	0.055	1	GSKIP	c27
0.919400908998567	-0.209935972926782	0.186	0.192	1	LLPH	c27
0.807525416655754	0.209927559254853	0.041	0.045	1	NFS1	c27
0.00826288832190636	-0.209852027914175	0.036	0.014	1	RAB30	c27
0.745437524935528	0.209832456939506	0.134	0.146	1	GANAB	c27
0.0865316804064413	0.20966720419481	0.345	0.301	1	PSMD13	c27
0.324325655598467	-0.209121945073467	0.113	0.092	1	CPSF7	c27
0.917023422276204	0.208819335164468	0.082	0.082	1	MAD2L1BP	c27
0.710435963841204	-0.208700397797327	0.052	0.046	1	HAUS6	c27
0.069480863233082	-0.208583492292601	0.046	0.084	1	ICMT	c27
0.014028709305909	-0.208556365373121	0.015	0.057	1	SPIRE1	c27
0.169011952271304	0.208368252397433	0.01	0.026	1	CUEDC1	c27
0.523380079683325	-0.208298518182135	0.314	0.34	1	GPS2	c27
0.516018231379321	0.208254614591709	0.191	0.179	1	DNAJB11	c27
0.0122080903347687	0.208204012803692	0.665	0.537	1	NDUFA1	c27
0.00473054097121127	-0.208200618998712	0.098	0.183	1	GLA	c27
6.2446623430879e-05	0.2080997030734	0.603	0.457	1	CNN2	c27
0.857563479539653	0.208047527208748	0.031	0.029	1	GEMIN2	c27
0.72497422964768	-0.207870737824316	0.108	0.101	1	PPP6R2	c27
0.975670054685298	0.207798087654196	0.031	0.031	1	AL135925.1	c27
0.0702981256846633	-0.207634285671697	0.804	0.749	1	RPS29	c27
0.834643196757548	-0.207611689731172	0.062	0.066	1	OGFOD2	c27
0.0791803775969268	0.207475702138256	0.335	0.283	1	MYCBP2	c27
0.103726770227661	0.207460053169244	0.18	0.145	1	RBMX2	c27
0.475353024641165	-0.20741050257816	0.155	0.137	1	POLD2	c27
0.828099396559499	-0.207361620773601	0.067	0.072	1	PLEKHM1	c27
0.969748107727529	-0.207317081265294	0.129	0.132	1	SRFBP1	c27
0.831141973176209	-0.207311134981658	0.201	0.212	1	COQ4	c27
0.90519587877395	-0.207169425202801	0.021	0.019	1	UBOX5	c27
0.654624650228508	0.207140022523371	0.067	0.06	1	AGO2	c27
0.41025208161239	-0.206968970193261	0.015	0.025	1	UQCC1	c27
0.543984069181814	-0.206903690442546	0.103	0.091	1	UCKL1	c27
0.458334425573407	0.206783985232526	0.052	0.066	1	GSTZ1	c27
0.171682549172848	0.206755369729215	0.247	0.211	1	PLEKHJ1	c27
0.628481615694518	-0.20674747613656	0.072	0.064	1	PIBF1	c27
0.828287263181749	0.206644747061143	0.015	0.014	1	LMO7	c27
0.488271093754956	-0.20663412713521	0.077	0.065	1	ZDHHC16	c27
0.186442301966821	-0.20651679986145	0.088	0.12	1	PARP10	c27
0.75804590025492	0.206454373792091	0.041	0.046	1	TMCC1	c27
0.544455771446863	-0.206156295390181	0.113	0.099	1	ZC3H6	c27
0.626599957900556	0.206134012984017	0.186	0.177	1	TRIM44	c27
0.0877356671749144	-0.20609228808779	0.155	0.205	1	STX12	c27
0.772220935746861	0.206016689436647	0.026	0.03	1	CENPQ	c27
0.36298482476087	-0.205993797110342	0.036	0.026	1	UNKL	c27
0.276802329670092	-0.205820987022172	0.005	0.015	1	CCDC171	c27
0.727586158095351	-0.205778642250472	0.021	0.025	1	C8orf82	c27
0.0108181064161762	0.205725164714255	0.918	0.839	1	PFDN5	c27
0.683171831253124	0.205704479165897	0.103	0.097	1	ARL3	c27
0.600853118756714	0.205655058453011	0.015	0.021	1	AC091982.3	c27
0.55652970752074	-0.205621291188066	0.01	0.016	1	TAF1A	c27
0.798546996187059	0.205604290174973	0.057	0.053	1	PUS1	c27
0.94565468152238	-0.205579219551789	0.16	0.159	1	VPS4A	c27
0.843096431223459	0.205503200185559	0.015	0.017	1	IRF2BP1	c27
0.657197921344744	0.205458954260263	0.072	0.065	1	RBBP5	c27
0.972422453520983	0.205357628173339	0.01	0.01	1	MYL9	c27
0.149806825097073	0.205350703972576	0.175	0.141	1	YIPF4	c27
0.755974022724016	-0.205292708303024	0.119	0.112	1	SMC4	c27
0.282750274920494	-0.205132400185209	0.072	0.094	1	CHMP7	c27
0.98343380244423	0.205113405926802	0.052	0.053	1	GHDC	c27
0.67556724492687	-0.204990264777069	0.196	0.212	1	BCAS2	c27
0.496005113477407	0.204954500983009	0.01	0.017	1	ADORA1	c27
0.969075498119288	0.204788731103837	0.072	0.075	1	ERLIN1	c27
0.0993478691256587	0.20461492021574	0.211	0.17	1	ARFGAP3	c27
0.445532961729242	-0.204507023291946	0.046	0.036	1	TTBK2	c27
0.957990210754231	-0.204360946363086	0.129	0.13	1	PSME3	c27
0.270396533111989	0.204322058100913	0.263	0.239	1	MIF4GD	c27
0.988220898706307	-0.204003791920883	0.01	0.01	1	TTC30B	c27
0.36923621957934	-0.203953067264256	0.5	0.475	1	POMP	c27
0.581335662992578	-0.203560265616546	0.103	0.117	1	MRPS17	c27
0.437417596576108	0.203517876762355	0.067	0.085	1	THBD	c27
0.0342687479233661	0.203082856202048	0.088	0.053	1	MRPL20-AS1	c27
0.466093041974436	-0.202993931061303	0.732	0.721	1	TOMM7	c27
0.378334585206515	-0.202962583672907	0.258	0.29	1	SDF2L1	c27
0.389132754311364	-0.202961477667387	0.036	0.05	1	SLC9A6	c27
0.747600780268747	-0.202917845174249	0.082	0.09	1	RNF14	c27
0.683249806254385	0.202695769261481	0.021	0.017	1	AC019163.1	c27
0.893742492923926	-0.202526132222754	0.149	0.147	1	TMEM248	c27
0.989455902513584	-0.202479658934833	0.139	0.142	1	ABR	c27
0.227978004477308	-0.202433633693989	0.072	0.053	1	ZNF433-AS1	c27
0.433385364188978	0.202402104246818	0.031	0.023	1	PTCD1	c27
0.173164045008947	-0.202362996157166	0.211	0.259	1	WASHC3	c27
0.00542298659604846	0.202321316130075	0.119	0.068	1	LEMD3	c27
0.211375726829933	-0.202184331938152	0.062	0.043	1	BCOR	c27
0.298546757005858	0.20217291039874	0.021	0.035	1	AC004540.1	c27
0.439096866992229	0.202082677903069	0.031	0.043	1	PVR	c27
0.558271776494422	-0.201880231267743	0.557	0.551	1	SPCS1	c27
0.820384401051533	-0.201868847043357	0.242	0.25	1	ATM	c27
0.0513791322744935	0.201830003760371	0.582	0.469	1	CLTA	c27
0.299717358606585	-0.20157143769487	0.072	0.094	1	COG4	c27
0.00168966943332614	0.201390428082224	0.851	0.749	1	CLIC1	c27
0.720336542071472	-0.201316053474123	0.052	0.046	1	RPTOR	c27
0.110531137254516	0.201253724736846	0.196	0.156	1	USP33	c27
0.294881084752645	0.201160290507025	0.165	0.202	1	MRPL17	c27
0.366253858101286	0.20114140148711	0.026	0.017	1	VAMP1	c27
0.816998874910233	0.201028305256069	0.072	0.07	1	RAB21	c27
0.735259111518656	-0.201009839119574	0.304	0.318	1	PDCD6IP	c27
0.139545436973708	0.200983212767387	0.077	0.054	1	ASB3	c27
0.22524600633296	-0.200980013563721	0.33	0.286	1	PRPF38B	c27
0.79349383679373	0.200905778751541	0.093	0.09	1	BCAT2	c27
3.76819069377639e-06	0.200754573883436	0.985	0.898	0.13791954758291	RPL6	c27
0.542919847226611	0.200653070289466	0.031	0.04	1	AL451165.2	c27
0.0589333178952718	0.200626693258754	0.582	0.494	1	SEC11A	c27
0.516323187248638	0.200466950713922	0.17	0.159	1	PARP9	c27
0.478289295621414	-0.200444662487895	0.031	0.042	1	TFB2M	c27
0.852107328616003	0.200400795204642	0.036	0.039	1	KLHL8	c27
0.699422538641557	-0.200219102161574	0.021	0.025	1	DHODH	c27
0.306785657307738	0.200189013708805	0.052	0.038	1	ST7	c27
0.938772632154696	0.200097116232066	0.036	0.037	1	TJAP1	c27
0.192363771479576	0.199933218915261	0.082	0.061	1	NRDE2	c27
0.537490778936245	-0.199817527806957	0.103	0.09	1	RRP15	c27
0.145656331112883	0.199806423478755	0.325	0.287	1	ARF3	c27
0.214566229914596	-0.199804717785561	0.165	0.206	1	TOMM40	c27
0.256125846324729	-0.199743549830094	0.046	0.032	1	ARID3B	c27
0.505869145136315	0.199666116253702	0.052	0.042	1	PIK3R4	c27
0.385014129444567	-0.199503561289585	0.485	0.405	1	CFD	c27
0.888432209557317	-0.199439801591505	0.289	0.283	1	SFT2D1	c27
0.00259358597477586	-0.199415102554294	0.093	0.184	1	SLC38A10	c27
0.879239627998193	-0.199387753395567	0.026	0.024	1	AMMECR1L	c27
0.56454732483431	0.199255600938049	0.108	0.098	1	MED1	c27
0.878967532792836	-0.199143961671225	0.175	0.174	1	ERCC5	c27
0.00830689270827412	0.199128278251381	0.742	0.635	1	LRRFIP1	c27
0.778341698081581	-0.198847102908531	0.284	0.277	1	PNP	c27
0.32874517748435	0.198820451608293	0.072	0.056	1	CSTF2T	c27
0.17758998895629	0.198797989800873	0.222	0.189	1	SMIM29	c27
0.780782536687391	0.198755222061855	0.052	0.048	1	CIC	c27
0.391617275814413	0.198735606034378	0.015	0.025	1	MDM1	c27
0.0864031760315764	0.198675250879019	0.284	0.24	1	ANKHD1	c27
0.585094611930574	-0.198590831654717	0.113	0.128	1	VPS26C	c27
0.530802351376607	-0.19855736786815	0.005	0.01	1	AL691447.2	c27
0.459743404102585	-0.198193175485215	0.026	0.019	1	KLC2	c27
0.0266786351574127	0.198153195311709	0.103	0.064	1	PWWP2A	c27
0.0779444097351943	0.198145526849591	0.057	0.034	1	HNRNPA1P48	c27
0.202706326079153	-0.198137557379511	0.082	0.113	1	YEATS4	c27
0.382974382921222	0.197915618533841	0.108	0.091	1	YIPF2	c27
0.998076671167538	-0.197908822447591	0.01	0.01	1	AL353801.3	c27
0.147488937587755	0.197871989472649	0.206	0.172	1	SPOP	c27
0.0908974038142172	0.197773853999507	0.655	0.56	1	ALDOA	c27
0.849127980811471	-0.197734184949731	0.392	0.4	1	IRF1	c27
0.148947396715816	-0.197701269301307	0.077	0.054	1	POC1B	c27
0.312139743221119	-0.197691705866709	0.16	0.196	1	LPP	c27
0.291612376109031	0.197631292952145	0.062	0.084	1	TOR1B	c27
0.217857372698374	-0.197582644199186	0.046	0.031	1	ZNF714	c27
0.398510512190955	-0.197559296201149	0.026	0.038	1	PIGO	c27
0.647380779481918	0.197533048303492	0.093	0.085	1	MRPS9	c27
0.510494501379295	0.197519721088025	0.021	0.029	1	SLC25A44	c27
0.0959797351332029	-0.197424011415559	0.052	0.088	1	MFSD12	c27
0.395502313249079	-0.197342362460914	0.005	0.012	1	AC093627.4	c27
0.666332863255556	-0.197318073249652	0.093	0.085	1	BET1	c27
0.68176177163275	-0.197298726218323	0.655	0.598	1	GUK1	c27
0.760355432316395	0.197272175178374	0.072	0.068	1	SYVN1	c27
0.0234251561635009	0.197220457895739	0.165	0.114	1	NKAPD1	c27
0.452142593199623	-0.197219937796516	0.345	0.369	1	LSM4	c27
0.618960268392031	0.197171622863904	0.036	0.043	1	TENT4B	c27
0.336735405443287	-0.197171458564183	0.057	0.076	1	HECA	c27
0.141787942259756	0.197147819835383	0.113	0.084	1	AFF1	c27
0.36612263057772	-0.197055612949504	0.201	0.233	1	PIN4	c27
0.238183580603799	0.197047054345451	0.103	0.081	1	GPN1	c27
0.111796591956586	0.196962194128314	0.232	0.195	1	BCCIP	c27
0.262020029103542	-0.196906961179055	0.325	0.348	1	CD151	c27
0.24165533950578	-0.196888272893136	0.057	0.08	1	HIRIP3	c27
0.686154112374551	-0.196836108602244	0.366	0.37	1	ATP6AP2	c27
0.0900111042500447	0.196829866234394	0.402	0.357	1	CCT6A	c27
0.702182739394317	-0.196755247769668	0.026	0.031	1	EID2B	c27
0.752047158198362	-0.196504075584071	0.088	0.096	1	SUCLA2	c27
0.441833700171041	-0.19640324113297	0.082	0.1	1	DDX19B	c27
0.375714188712313	0.196337001781637	0.191	0.171	1	ARL2BP	c27
0.816114155339456	0.19630845198216	0.088	0.085	1	ALG1	c27
0.356730571774361	-0.196148594558549	0.139	0.117	1	CASP8AP2	c27
0.0970269469505273	-0.195893137905729	0.031	0.061	1	TMEM104	c27
0.420661639337409	-0.195888773667933	0.242	0.218	1	PPHLN1	c27
0.250749821685905	-0.19574374946773	0.16	0.199	1	CLIC4	c27
0.270253223540327	-0.195734045621738	0.113	0.09	1	ZMYM2	c27
0.00442515783626843	0.195600055040687	0.521	0.403	1	TPM4	c27
0.715544606249113	-0.195577077704995	0.098	0.108	1	RBM18	c27
0.733706555305336	0.195506913564028	0.026	0.03	1	FRS2	c27
0.330206300605206	-0.195420406523937	0.139	0.166	1	RAPGEF1	c27
0.166234520352554	-0.195317396471375	0.113	0.084	1	CCNT1	c27
0.834453979891818	0.195042400697537	0.227	0.233	1	TNFRSF1A	c27
0.793265157451642	0.194922479494394	0.015	0.018	1	ZNF768	c27
0.668947383309103	-0.19488281452395	0.191	0.182	1	SYAP1	c27
0.983074157814884	-0.194514209088315	0.01	0.01	1	ZNF527	c27
0.300064208592484	-0.194470136202638	0.273	0.246	1	CISH	c27
0.958076247669478	0.194463685053324	0.149	0.15	1	TMEM60	c27
0.559593872855092	-0.194410718240058	0.057	0.048	1	MED18	c27
0.241881214326708	-0.194366033569918	0.067	0.092	1	C1orf50	c27
0.645436344273303	0.194268803907865	0.206	0.198	1	RTCB	c27
0.0585058611822547	0.194253903474606	0.041	0.021	1	NDOR1	c27
0.73114353121747	-0.19424912737188	0.046	0.053	1	SMPD2	c27
0.224069307218182	0.194241807160534	0.16	0.133	1	RRAGC	c27
0.0611494008463411	0.194045064364943	0.129	0.091	1	YAF2	c27
0.788652505227351	-0.193878356506418	0.113	0.122	1	ZDHHC4	c27
7.69229630867797e-06	0.193843376532082	0.959	0.888	0.281545737193923	RACK1	c27
0.300122021589954	-0.193840908171931	0.057	0.078	1	TFIP11	c27
0.0374508879659426	0.193755040681964	0.077	0.131	1	AAMDC	c27
0.58382893130259	-0.193722213905759	0.01	0.007	1	ELOVL6	c27
0.0422992352388654	-0.193545360333265	0.067	0.117	1	RASGEF1B	c27
0.248141019915097	0.193474129298543	0.418	0.358	1	ATOX1	c27
0.00574324710163299	0.19345086758781	0.469	0.381	1	PPP4C	c27
0.326183327825785	-0.193419750411905	0.155	0.131	1	KDM2A	c27
0.0167409155265816	-0.193373329546129	0.191	0.278	1	KCNAB2	c27
0.627682008244159	0.193369502868475	0.021	0.026	1	RTN4IP1	c27
0.576902599086481	-0.193327352673731	0.119	0.131	1	YPEL3	c27
0.380561052640132	-0.19323877066767	0.521	0.544	1	HNRNPDL	c27
0.660158144085644	-0.193145459371161	0.01	0.014	1	CMKLR1	c27
0.291800147901903	-0.193027469370607	0.201	0.241	1	SMIM7	c27
0.213844918511717	0.192828335247325	0.021	0.011	1	LINC00205	c27
0.00202878878008696	-0.192818039026815	1	0.987	1	TMSB4X	c27
0.520353566838566	-0.192758831578573	0.098	0.085	1	STAG1	c27
0.450977251465416	-0.192610748541426	0.031	0.042	1	RECK	c27
0.503054084690647	-0.192563810915199	0.186	0.212	1	RPAIN	c27
0.225791729156518	-0.192524426114183	0.175	0.217	1	DHX29	c27
0.313266550956311	0.192408454039282	0.026	0.016	1	AC078846.1	c27
0.538804220627112	-0.192268774038129	0.32	0.295	1	SF3A2	c27
0.0312078206672547	0.192238086495433	0.149	0.102	1	NDE1	c27
0.779537223962598	-0.192144041256956	0.046	0.051	1	MED23	c27
0.0953042126573444	0.191858675805664	0.232	0.19	1	PHF5A	c27
0.527228608462714	-0.191817341155968	0.005	0.01	1	AC005225.2	c27
0.781164006098768	-0.1915737137611	0.041	0.038	1	RANBP9	c27
0.035366689083929	0.191521321622635	0.021	0.056	1	KIF1B	c27
0.85475829832429	-0.191447870213754	0.01	0.009	1	BCORL1	c27
0.53128752192673	-0.191391251235888	0.021	0.028	1	FZR1	c27
0.584060572624342	0.191252711494272	0.428	0.412	1	TMED9	c27
0.738116405972266	0.191102048077099	0.098	0.093	1	TANGO2	c27
0.480592035363646	0.191035361526014	0.046	0.037	1	TDRD7	c27
0.0663226028201936	0.190916975763981	0.046	0.025	1	ZNF623	c27
0.662432485062263	0.190868575591985	0.041	0.049	1	KNSTRN	c27
0.973986630615341	-0.19083444292794	0.139	0.14	1	PEX11B	c27
0.511081744388939	-0.190669202438507	0.057	0.069	1	MOAP1	c27
0.957663983737652	0.190610309607964	0.015	0.015	1	PNPLA7	c27
0.00175165521816145	0.190588779660025	0.139	0.079	1	MRTFA	c27
0.0115780662644026	0.190449738324424	0.67	0.612	1	EDF1	c27
0.959955051525332	0.190285049329011	0.098	0.101	1	RGS12	c27
0.682889113868936	0.190166548285589	0.036	0.043	1	SEC24A	c27
0.553310429278414	-0.189739658471628	0.052	0.063	1	ATP7A	c27
0.192910502537757	0.189645913027216	0.057	0.085	1	CD101	c27
0.276433197715932	0.18962081507099	0.046	0.033	1	FO393401.1	c27
0.951730439114968	0.189489569058541	0.01	0.01	1	ZNF879	c27
0.827780121502572	0.189167750745396	0.072	0.069	1	METTL3	c27
0.24158279978701	-0.18916346575318	0.026	0.015	1	PKP4	c27
0.0799474404678392	-0.189129638221433	0.108	0.075	1	PDS5B	c27
0.848205354497905	0.189125356722051	0.046	0.05	1	RIDA	c27
0.553726557723079	0.189069534382009	0.206	0.234	1	RPP21	c27
0.879673892940192	-0.189030425291804	0.232	0.227	1	MZT2B	c27
0.479414860805945	-0.189010734609341	0.093	0.112	1	KPNA6	c27
0.629028084411303	-0.188826946333605	0.077	0.088	1	SDHAF3	c27
0.671474395663028	-0.188743077112131	0.067	0.076	1	DNAJC30	c27
0.274366760497827	-0.188727532662182	0.186	0.221	1	PDIA4	c27
0.0437065965150657	-0.1885680506663	0.211	0.157	1	CNOT4	c27
0.352832483980246	0.188405231643913	0.325	0.304	1	SF3B4	c27
0.0406508538752863	0.188325485645694	0.397	0.34	1	PAPOLA	c27
0.00361750821075419	0.188253510074894	0.299	0.213	1	SNHG32	c27
0.660601107188839	0.188135009152727	0.139	0.132	1	DHX30	c27
0.293077835291116	0.188129223773159	0.134	0.11	1	RAB27A	c27
0.623027455467386	0.188052511225765	0.062	0.055	1	RIOK2	c27
0.725361100218785	-0.188000974539859	0.031	0.027	1	SLC20A2	c27
2.52535560161012e-05	0.187997541346538	0.995	0.922	0.924305403745321	RPS15	c27
0.952549289945357	-0.18798398349786	0.041	0.042	1	CXorf56	c27
0.417366466261442	0.187889869096719	0.201	0.181	1	TANK	c27
0.611265685263923	-0.187832790379298	0.273	0.258	1	ADSL	c27
0.706319109436822	-0.187816412831674	0.062	0.056	1	PAXIP1-AS2	c27
0.735256281106902	-0.187727339617763	0.093	0.103	1	ALG13	c27
0.428824079662937	0.187726178488546	0.268	0.258	1	AKR7A2	c27
0.311542221339682	0.187650451481209	0.113	0.094	1	VPS33A	c27
0.672186389749219	-0.187520089829474	0.041	0.048	1	TRMT11	c27
0.156651008807489	0.187474596383733	0.335	0.292	1	MVP	c27
0.151625928069181	0.18712263158499	0.211	0.175	1	CDC73	c27
0.71984398956297	-0.187102777910161	0.041	0.036	1	ZNF445	c27
0.683700684655011	0.187087021717971	0.026	0.022	1	AC011603.2	c27
0.934155268367225	-0.187037679201029	0.222	0.22	1	SMARCC2	c27
0.304971123719921	0.186962919134471	0.082	0.066	1	GPN2	c27
0.889175891534033	-0.186902537526707	0.103	0.101	1	KAT5	c27
0.352896884321049	-0.18682913581479	0.026	0.017	1	SLC37A3	c27
0.206467972558921	0.186807604750538	0.577	0.533	1	TOMM6	c27
0.0226237709106138	0.186596739813709	0.18	0.126	1	C5orf24	c27
0.685649999640608	-0.186526547064289	0.067	0.076	1	SGTA	c27
0.0037663654742586	0.186521586010741	0.716	0.629	1	CAPZB	c27
0.520742966365212	-0.186484185667873	0.119	0.105	1	RIOK1	c27
0.0254886850507212	0.186360915343858	0.108	0.068	1	DDX55	c27
0.0312471430412461	-0.186177449840014	0.129	0.084	1	ZMYM5	c27
0.0288005200451783	0.186167620610543	0.108	0.068	1	RPRD1A	c27
0.395697578042374	0.186153703770841	0.072	0.058	1	ZC3H4	c27
0.983831796776772	-0.186046640723217	0.227	0.23	1	USP34	c27
0.0233150945476702	0.186020248925845	0.062	0.118	1	GSAP	c27
0.564931826587225	0.18601754773247	0.031	0.04	1	NMNAT1	c27
0.259920210122894	-0.185934254066232	0.088	0.068	1	SEL1L3	c27
0.418742798136122	0.185885070057307	0.01	0.006	1	PRRG2	c27
0.151335839902782	0.185860887800819	0.201	0.168	1	PRKAR2A	c27
0.972726955355454	-0.185730497172141	0.381	0.381	1	GADD45GIP1	c27
0.548364031013967	-0.185709355566677	0.155	0.14	1	MECP2	c27
0.395553586465478	0.185692158142372	0.098	0.121	1	DFFA	c27
0.402628504258659	-0.185684108397371	0.634	0.626	1	PPP1CA	c27
0.479142437012199	-0.185614057462142	0.077	0.093	1	TBL1XR1	c27
0.0506898096765161	0.185509546576222	0.253	0.204	1	CCAR1	c27
0.22916761996436	0.185509129296574	0.052	0.076	1	GALNS	c27
0.131677738085581	0.185334007961496	0.144	0.197	1	EIF4EBP3	c27
0.900661532702593	-0.185256766435854	0.057	0.055	1	WDR5	c27
0.674900252859873	-0.185230436644658	0.124	0.135	1	ELOF1	c27
0.00555740669621375	0.185039063330146	0.299	0.218	1	SEC31A	c27
0.279714075223972	-0.185031633716188	0.01	0.022	1	FP565260.1	c27
0.705580747462936	-0.184958804952902	0.124	0.135	1	INPP5K	c27
0.490642077925145	0.184839911494371	0.052	0.064	1	CSTF1	c27
0.0748383850824378	0.184775651703227	0.082	0.054	1	TRIM41	c27
0.904146640886072	0.184682751147169	0.015	0.017	1	ZNF587B	c27
0.179520070603923	0.184532880487208	0.072	0.052	1	TICAM1	c27
0.609198243965928	0.184403606618933	0.046	0.056	1	DNAJC25	c27
0.471632217893315	0.184344003113377	0.052	0.042	1	AL450998.2	c27
0.51927221018695	-0.184322182844086	0.052	0.042	1	GLCE	c27
0.000327027540195016	0.184122321127085	0.778	0.662	1	DDX5	c27
1.06318509451916e-05	0.184017894806336	0.985	0.916	0.389136376444958	RPL18A	c27
0.428133505311282	-0.183994517286873	0.124	0.147	1	BCL2L1	c27
0.0931925197790595	0.183886650961827	0.407	0.364	1	ARHGAP30	c27
0.51907945111301	0.18384717741403	0.351	0.334	1	NDUFS3	c27
0.510321480335386	-0.183651278189987	0.108	0.095	1	PPWD1	c27
0.31116801377995	0.183594777252247	0.026	0.041	1	IL17RC	c27
0.689163737474474	-0.183562395994258	0.108	0.12	1	KNOP1	c27
0.0780372513508594	0.183547399773834	0.082	0.129	1	PSMG3	c27
0.00157457902049825	-0.183546791335779	0.113	0.22	1	DPEP2	c27
0.543705804195531	-0.1835287246418	0.644	0.563	1	RPS4Y1	c27
0.911604707594253	-0.183491076947062	0.088	0.087	1	MGA	c27
0.627795107119722	-0.183486520961833	0.072	0.063	1	ZBTB11	c27
0.692229362376874	-0.183352379746855	0.036	0.042	1	SCFD2	c27
0.855436727625121	-0.183297965987522	0.088	0.093	1	SGMS1	c27
0.123826694512571	-0.183233450903866	0.067	0.103	1	RHOT1	c27
0.12778503453285	0.183176661174497	0.268	0.227	1	YTHDF2	c27
0.809789488166488	-0.183048337178687	0.345	0.335	1	NDUFB3	c27
0.976621203051129	0.182987910104198	0.268	0.278	1	HPS1	c27
0.936885789546349	-0.182968826579381	0.139	0.137	1	EBLN3P	c27
0.574094021614742	-0.182792322940365	0.134	0.122	1	DCAF13	c27
0.940999221866522	0.182672795549627	0.072	0.074	1	URI1	c27
0.836765670056083	0.182657497980107	0.134	0.135	1	ITFG1	c27
0.597016274100409	-0.182641714099289	0.242	0.264	1	SMS	c27
0.618172229640465	0.182563502892393	0.046	0.04	1	MIS12	c27
0.462277263369925	0.182518194047952	0.046	0.037	1	SAP130	c27
0.0551759555085619	-0.182256813677553	0.49	0.419	1	HIST1H4C	c27
0.732791167866309	0.182190273742843	0.041	0.037	1	PRDM4	c27
0.610606453789984	-0.182140554425281	0.072	0.084	1	OTUD4	c27
0.0957417771563107	-0.182045234225669	0.119	0.085	1	PSD4	c27
0.30045339654719	0.182033296509064	0.247	0.224	1	TSG101	c27
0.282973647193699	0.181980582989258	0.479	0.443	1	SEM1	c27
0.92441280481745	-0.181965338214538	0.046	0.045	1	CLASP1	c27
0.711928998350247	-0.181900157161411	0.052	0.058	1	STAU2	c27
0.00508001589918637	0.181702953303797	0.371	0.289	1	FNBP1	c27
0.251527571267737	0.181459622023817	0.062	0.086	1	CRLS1	c27
3.1004845858624e-06	0.181414645540462	0.974	0.9	0.11348083632715	RPLP2	c27
0.375254000855209	-0.181340036978499	0.139	0.166	1	NIT1	c27
0.00527968787741449	0.181109233748143	0.552	0.45	1	RBM39	c27
0.973966542970364	-0.180921604149778	0.072	0.074	1	RMND1	c27
0.872154266690725	0.180875090288179	0.098	0.096	1	PMPCA	c27
0.25601768440311	0.180716420749261	0.216	0.184	1	UBA2	c27
0.326792679039943	0.18070351590189	0.098	0.08	1	VPS16	c27
0.945761765949517	0.180600773594222	0.077	0.078	1	IMPA1	c27
0.596657572277392	-0.180564039379997	0.098	0.088	1	SLMAP	c27
0.536451423408707	0.180529580607628	0.098	0.087	1	TMX3	c27
0.776557312260028	-0.180474938796843	0.021	0.024	1	CDKL5	c27
0.540694851134523	-0.180437430361175	0.309	0.287	1	SRP19	c27
0.552050424636432	-0.180403544457178	0.015	0.011	1	RABL2A	c27
0.00680504273467605	0.180186283781852	0.593	0.51	1	TRAPPC1	c27
0.983775742611303	-0.180057323679211	0.412	0.415	1	NOL7	c27
0.266598910571435	0.17980684992504	0.16	0.135	1	RIF1	c27
0.169290770708208	-0.179679404712684	0.088	0.063	1	ZNF160	c27
0.0906556239716458	0.179646337593684	0.345	0.296	1	CNIH1	c27
0.54166977613374	-0.179478253557964	0.077	0.092	1	SLC30A7	c27
0.671439421947648	0.17944515573213	0.088	0.08	1	IKBKB	c27
0.200366850240532	0.179320607537918	0.052	0.035	1	PIGN	c27
0.00224928258754836	0.179303456598779	0.871	0.786	1	RPL27	c27
0.120825075748176	0.17926030129305	0.108	0.157	1	TFEC	c27
0.888490831628345	-0.179078612915	0.144	0.147	1	ACAT2	c27
0.691152188749611	-0.179071034782681	0.211	0.226	1	CGGBP1	c27
0.622916338889723	-0.179042597815731	0.144	0.134	1	RIC8A	c27
0.0629515135950204	0.178767339849183	0.459	0.404	1	AUP1	c27
0.52826039325727	-0.178690599239675	0.108	0.096	1	ABCF3	c27
0.881420290729776	0.178651668407789	0.046	0.049	1	ZNF576	c27
0.0417392790591147	-0.178624689736758	0.01	0.039	1	PDE1B	c27
0.180519270770772	0.178609068517013	0.598	0.54	1	BRK1	c27
0.344914208880292	-0.178573472685225	0.119	0.098	1	MVD	c27
0.0345370339357339	0.178506170963439	0.387	0.325	1	PSMA3	c27
0.717342942007206	0.178464738263016	0.036	0.042	1	ACAD8	c27
0.110027359886287	-0.178298356383565	0.082	0.122	1	SMC6	c27
0.584441714465622	0.178249375902109	0.149	0.139	1	MYO5A	c27
0.263382987567079	0.178165868381945	0.263	0.231	1	DDX3X	c27
0.901972628133121	-0.178162421496131	0.242	0.248	1	CNOT7	c27
0.527414239001036	0.178076849254366	0.057	0.07	1	EGLN1	c27
0.651141803918854	-0.177896658775052	0.139	0.152	1	CYP51A1	c27
0.766500030728462	0.177882172351755	0.289	0.289	1	HSD17B10	c27
0.702034474875656	-0.177856300026943	0.289	0.3	1	BLOC1S2	c27
0.166893690154397	0.177811102163543	0.371	0.329	1	WBP2	c27
0.660836487279041	-0.177714217480642	0.036	0.031	1	KMT2E-AS1	c27
0.872861009454223	0.177699324598591	0.16	0.162	1	PHACTR2	c27
0.941687526590137	-0.177563641913721	0.046	0.048	1	CC2D1B	c27
0.153983521880624	-0.177443001617608	0.124	0.094	1	POLK	c27
0.738877239433537	0.17733976400702	0.046	0.052	1	UBL7-AS1	c27
0.535830016458145	0.177270469364939	0.067	0.058	1	VPS50	c27
0.41667375527155	-0.177243059486657	0.041	0.055	1	ADCK2	c27
0.205921583879872	-0.17719003429744	0.18	0.219	1	UBE2E3	c27
0.689006896796172	-0.177027014630952	0.479	0.452	1	RBX1	c27
0.882300196003974	-0.176998786062045	0.18	0.189	1	USP14	c27
0.58134025399071	0.176953495147504	0.052	0.062	1	MAST3	c27
0.990629079126853	0.176886715525587	0.026	0.026	1	PPP3CB-AS1	c27
0.112172688392598	-0.17675666109804	0.165	0.125	1	XPC	c27
0.945306000074314	-0.176720029078794	0.552	0.531	1	PSMB8	c27
0.42075789096115	-0.176581141499017	0.165	0.146	1	MRPL32	c27
0.260395818998614	0.176505877382298	0.082	0.064	1	TIMM29	c27
0.787523011799316	0.176301336532532	0.232	0.231	1	NDUFS4	c27
0.623667095747585	-0.176275553108677	0.093	0.084	1	NOA1	c27
0.265990546611762	0.175987385300857	0.309	0.279	1	COX16	c27
0.995346357666239	0.175978072371906	0.113	0.113	1	ASF1A	c27
0.179018409408044	0.17591635362597	0.139	0.111	1	CISD1	c27
0.459751983201306	0.175904441202019	0.072	0.089	1	IFI44	c27
0.0300695930997334	0.175897551666883	0.284	0.224	1	TRABD	c27
0.925887514321526	0.175765334569018	0.139	0.148	1	TFG	c27
0.501957568224479	0.175749145797198	0.077	0.066	1	SPECC1L	c27
0.128815149939319	0.175725701613807	0.041	0.024	1	CEP128	c27
0.563904916356359	-0.1756413537829	0.01	0.015	1	CCDC71L	c27
0.629781009789151	-0.175616548813655	0.057	0.066	1	ZNF480	c27
0.0600961013347627	0.175469131920927	0.211	0.168	1	TMEM87A	c27
0.965630016069968	0.175450263771705	0.031	0.032	1	ZNF140	c27
0.54756658739445	0.175404865873083	0.134	0.121	1	FAM13B	c27
0.546819882128935	-0.175334275774887	0.129	0.147	1	ESF1	c27
0.0192806217399292	0.1752548278499	0.794	0.606	1	VAMP8	c27
0.536857630401519	-0.175250345328696	0.052	0.043	1	TMEM185B	c27
0.0920622686681493	-0.175020298952635	0.191	0.146	1	LETMD1	c27
0.0153001639254657	0.174950161478036	0.196	0.138	1	MAD2L2	c27
0.198029960051423	-0.174885757061785	0.33	0.283	1	RSBN1L	c27
0.747260785167347	-0.174848144564876	0.129	0.121	1	PPP2R2A	c27
0.23960104250701	0.174840410429718	0.423	0.389	1	PSMD7	c27
0.521083724942504	0.174829272538271	0.242	0.23	1	NDUFA5	c27
0.0929212490630493	0.174818211285487	0.113	0.081	1	PRXL2C	c27
0.425776542628762	-0.174583947581214	0.459	0.469	1	ANAPC16	c27
0.938644813654023	0.174581303801587	0.129	0.129	1	RAB5B	c27
0.821273419144635	0.174533629360326	0.026	0.029	1	GADD45G	c27
0.582018222197963	-0.174490908569737	0.144	0.162	1	CHTOP	c27
0.204778994047927	0.17429600240922	0.119	0.093	1	ACTL6A	c27
0.706145186740208	-0.174193965254319	0.046	0.041	1	NBPF11	c27
0.846819985586763	-0.17406470368717	0.031	0.034	1	SLC2A11	c27
0.47603272050655	-0.173929833683996	0.005	0.01	1	BBOF1	c27
0.0149614139967762	0.173891884265884	0.108	0.064	1	SATB1	c27
0.439724949102955	0.173865117548594	0.149	0.135	1	CPQ	c27
0.0859616278471661	0.173741693133514	0.294	0.238	1	RNMT	c27
0.609303439053306	0.173735215570346	0.119	0.109	1	CARS	c27
0.401476211541749	0.173644152170785	0.253	0.234	1	DHX36	c27
0.0572260540714963	0.173554949535216	0.041	0.081	1	CEBPA	c27
0.449960172493125	0.173551536718016	0.067	0.055	1	ZNF675	c27
0.781750334843662	-0.173516044249873	0.521	0.493	1	CANX	c27
0.242010527360062	0.173450173612172	0.155	0.13	1	STAT5A	c27
0.810618185197139	-0.173425615090444	0.036	0.04	1	GABPB2	c27
0.0465446563303102	-0.173409929459881	0.082	0.134	1	C1orf122	c27
0.569424104890773	-0.173388534497704	0.077	0.068	1	NUP133	c27
0.694511722550227	0.173284882176683	0.041	0.036	1	ZDHHC17	c27
4.81986069826166e-05	0.173259430863667	0.871	0.805	1	EEF1B2	c27
0.155796781308847	0.173232810583917	0.119	0.09	1	NAA15	c27
0.591593897297658	0.173177852932885	0.222	0.212	1	PFDN6	c27
0.0620835761294709	-0.172940967436154	0.196	0.265	1	DGCR6L	c27
0.820538731077046	0.172843142277457	0.412	0.403	1	RNF181	c27
0.236957783841982	0.172618701147602	0.273	0.242	1	PHIP	c27
0.334763655152236	0.172609090896877	0.139	0.175	1	GLRX2	c27
0.00224495128857307	0.172566856467572	0.309	0.222	1	PIH1D1	c27
0.328080766411087	-0.172261652852408	0.021	0.033	1	IL15RA	c27
0.436802100500316	0.172105748704105	0.747	0.664	1	UQCR11	c27
0.53793364336232	0.172031236065088	0.088	0.077	1	DMAC2	c27
0.763289099070989	0.171954945741911	0.304	0.301	1	GET3	c27
0.781769928186219	0.171894207036543	0.026	0.029	1	MTERF1	c27
0.319843362939895	-0.17186678457708	0.268	0.3	1	PSENEN	c27
0.466609022881785	-0.171848303058113	0.026	0.036	1	ERMARD	c27
0.411075458972978	0.171728946117245	0.072	0.059	1	ENTPD6	c27
0.752162422937855	0.171649326130456	0.175	0.17	1	PTPN11	c27
0.901064387354114	0.171645418066571	0.01	0.011	1	ZG16B	c27
0.741134009705928	-0.171636486998726	0.227	0.24	1	SDAD1	c27
0.691737430421858	-0.171475221674004	0.041	0.048	1	ZMAT1	c27
0.4647464061184	-0.171419086104891	0.005	0.011	1	PKMYT1	c27
0.712927858711631	0.171366123946474	0.026	0.031	1	ZFYVE1	c27
0.475100002058831	-0.171289512909232	0.098	0.116	1	GNA13	c27
0.899466833993291	0.171270446543798	0.021	0.019	1	SNX16	c27
0.348040163344872	0.171252590741421	0.098	0.081	1	RAB22A	c27
3.69388674737089e-05	0.171073253528383	0.995	0.951	1	RPL28	c27
0.528672358561128	-0.170849248685295	0.026	0.019	1	MTHFSD	c27
0.220770930800159	-0.170685397582824	0.129	0.101	1	SOCS1	c27
0.0604469636529504	-0.17062082832888	0.232	0.301	1	MRPL14	c27
0.534044002374413	-0.170524381879969	0.015	0.011	1	EFCAB13	c27
0.40275335937839	-0.170517690435751	0.103	0.086	1	MGAT2	c27
0.0244158539384475	0.170458645203124	0.026	0.068	1	RPP25	c27
0.231291770223871	-0.170249708741807	0.072	0.099	1	CLCN3	c27
0.563178932865942	0.170175129999739	0.093	0.083	1	ANKIB1	c27
0.838972500292263	-0.170068130581841	0.031	0.029	1	CUL9	c27
0.119306631814561	0.170013987447342	0.057	0.036	1	FAM168A	c27
0.72574959777638	-0.169901811300217	0.052	0.046	1	PIGL	c27
0.279954048348206	0.169894294447233	0.351	0.324	1	SNRPD1	c27
0.97726433924493	0.169805707745646	0.206	0.211	1	POP4	c27
0.285868721064588	0.169639453293128	0.015	0.028	1	NDC1	c27
0.157221763447555	0.169424726136619	0.309	0.271	1	SNRNP70	c27
0.163316376365019	-0.169394991395796	0.711	0.748	1	HSP90AB1	c27
0.935351171613507	-0.169366829661754	0.082	0.085	1	RLIM	c27
0.236831938289401	-0.169337465954433	0.041	0.062	1	IPO9	c27
0.403988710202403	0.169287008750425	0.015	0.01	1	LINC01011	c27
0.195416188495546	0.169059717552375	0.041	0.026	1	PDIK1L	c27
0.102329328202802	0.16899670666048	0.015	0.038	1	MAP3K7CL	c27
0.00679444209627604	0.168931372310915	0.773	0.674	1	TMA7	c27
0.747249986002908	-0.168776629565825	0.531	0.505	1	FUS	c27
0.103312356259366	0.168734302689686	0.015	0.006	1	SEC61A2	c27
0.318955902444525	0.168616660201436	0.077	0.061	1	PTAR1	c27
0.853981486008356	-0.168501231730061	0.113	0.121	1	PDXDC1	c27
0.921119908087063	-0.168486994894695	0.01	0.011	1	LINC00539	c27
0.992582068752594	-0.168444208126639	0.34	0.349	1	UBE2B	c27
0.150814760916899	-0.168379922469717	0.01	0.004	1	ZEB1-AS1	c27
0.227300758181178	0.168362582316564	0.093	0.072	1	C11orf24	c27
0.259404312079706	0.168148525236862	0.057	0.041	1	SLC5A3	c27
0.631013154865143	-0.168092917007819	0.067	0.077	1	CD2AP	c27
0.0177790556617188	0.168083060785682	0.026	0.009	1	LINC00265	c27
0.808761134036705	-0.167988517588122	0.098	0.105	1	TNPO3	c27
0.935256413600317	-0.167970207910085	0.031	0.032	1	HINFP	c27
0.157973858504427	-0.167897905129246	0.593	0.523	1	SEPTIN7	c27
0.184872797569672	-0.16785670904131	0.242	0.205	1	HUWE1	c27
0.49280777887989	-0.167828419781684	0.005	0.01	1	GDPD1	c27
0.971247578390444	0.167815548265902	0.103	0.105	1	UBE2Z	c27
0.610946659521634	0.167674166219074	0.165	0.155	1	SMARCA4	c27
0.964339264112158	0.167654120593971	0.077	0.08	1	C18orf21	c27
0.516464624664365	-0.167619627615528	0.433	0.387	1	TMEM179B	c27
0.818454454741241	0.167571836368912	0.165	0.182	1	WDR45	c27
0.0760459987348966	0.167559788377114	0.211	0.167	1	PDHB	c27
0.706572813931924	-0.167450806755046	0.01	0.008	1	AC100861.1	c27
0.534358491644316	-0.167181785221587	0.186	0.21	1	TMEM141	c27
0.345197004436716	0.167153093498575	0.031	0.045	1	TRAK1	c27
0.134670272549187	-0.167079629912567	0.098	0.07	1	LATS1	c27
0.473139946098556	0.166957942638414	0.041	0.032	1	NLRX1	c27
0.207151286318158	-0.166955290197769	0.356	0.388	1	RPS19BP1	c27
0.313152165375419	0.166937277712427	0.093	0.075	1	KAT7	c27
0.434215497710312	0.166891194842817	0.175	0.157	1	ATG101	c27
0.276004130890363	-0.166806920052055	0.247	0.288	1	ERLEC1	c27
0.77250124864886	-0.166781064250592	0.273	0.286	1	ACP1	c27
0.323361263768617	-0.166713439068253	0.015	0.009	1	AL117379.1	c27
0.0986769395980843	0.166555579670608	0.284	0.239	1	SARNP	c27
0.499151457870583	0.166440996616431	0.046	0.037	1	LPCAT1	c27
0.353562829805019	-0.166387407881083	0.041	0.057	1	MFN1	c27
0.194621550020069	0.166379297740163	0.191	0.161	1	SLC4A1AP	c27
0.0195548196534302	0.166190192549564	0.026	0.069	1	VPS37C	c27
0.91216549708146	0.166059606821298	0.046	0.049	1	AC090204.1	c27
0.424299051899149	0.166041916502984	0.026	0.018	1	TCF19	c27
0.903251512168704	-0.1659778798354	0.309	0.306	1	DDRGK1	c27
0.568337981191361	-0.165685241946578	0.134	0.152	1	SIRT2	c27
0.995094543027489	0.165660643508446	0.021	0.021	1	PDE6G	c27
0.120212618538348	-0.165653688969004	0.108	0.078	1	POLG	c27
0.367971543292487	0.165545511864087	0.062	0.081	1	VPS35L	c27
0.713603100651268	0.165385861198891	0.082	0.092	1	TOR1AIP2	c27
0.872410551578365	0.165206774564845	0.134	0.136	1	ERGIC1	c27
0.394178105774127	-0.165186682092046	0.026	0.038	1	NCKIPSD	c27
0.33252345942541	0.164945701327404	0.253	0.291	1	AGPAT2	c27
0.00686442516382912	0.16488326225645	0.067	0.032	1	RCBTB1	c27
0.882464896306874	0.164825522548433	0.088	0.093	1	DTX2	c27
0.299379507911586	-0.164795612247687	0.077	0.101	1	ATP6V0A1	c27
0.102282913634125	0.164686942379781	0.082	0.056	1	LINC00324	c27
0.357570149775603	0.16464926423064	0.052	0.07	1	FAH	c27
0.139295561744358	-0.164607196623336	0.052	0.082	1	NIF3L1	c27
0.0380029606752792	0.164548638818136	0.314	0.256	1	RSRC2	c27
0.526877838896385	-0.164536568726239	0.237	0.265	1	STAT1	c27
0.89843353824897	-0.164478935564585	0.222	0.225	1	CYSTM1	c27
0.876107946744009	-0.164466000279249	0.046	0.049	1	ANKMY2	c27
0.41471702395509	-0.164368480575865	0.33	0.303	1	TTC3	c27
0.0499377315260957	-0.164273534007874	0.052	0.028	1	SLC7A1	c27
0.406681191017185	0.164231149752038	0.021	0.014	1	AC106791.1	c27
0.0608119091675623	0.164226064894572	0.278	0.229	1	ZFAND6	c27
0.802118332519457	-0.164149592331214	0.191	0.188	1	RB1CC1	c27
0.464385186895339	0.163873025105678	0.18	0.209	1	RBMS1	c27
0.0121876533739648	0.163705588020803	0.985	0.866	1	SERF2	c27
0.325556642994277	-0.163690553795324	0.077	0.061	1	AAR2	c27
0.0398288903801243	-0.163563106058806	0.134	0.091	1	KDM4C	c27
0.812296492493381	-0.163466476407415	0.015	0.014	1	BRMS1L	c27
0.48134205832742	-0.163179252493244	0.01	0.006	1	LINC01619	c27
0.635137430594738	0.163152462706359	0.041	0.035	1	TTLL3	c27
0.653560248429505	0.16313368128764	0.015	0.012	1	LINC01409	c27
0.0867430409299017	0.163124431577787	0.268	0.221	1	NIFK	c27
0.297992665547416	0.163092482694852	0.412	0.381	1	SIVA1	c27
0.540679815219174	-0.16295025454977	0.608	0.569	1	FYB1	c27
0.135264580616967	-0.162910024748231	0.139	0.185	1	TM2D1	c27
0.861202825048691	0.162839720331489	0.041	0.039	1	STK11IP	c27
0.479913777747041	-0.162697581651255	0.041	0.032	1	USP21	c27
0.495658992975902	0.162492626299951	0.18	0.164	1	GID8	c27
0.667931823207477	0.162463895798601	0.067	0.06	1	RCHY1	c27
0.395572840544213	0.162433307822478	0.031	0.022	1	CCDC191	c27
0.526560698537879	0.162433184227917	0.041	0.052	1	MBD3	c27
0.751045289557123	0.162425375408613	0.021	0.024	1	RNF217	c27
0.613732713612772	0.162259176540498	0.082	0.074	1	AVL9	c27
0.956899062997752	-0.162221014338042	0.134	0.136	1	RNPC3	c27
0.41861093369906	-0.162000628472327	0.098	0.083	1	ANAPC7	c27
0.886807519529047	-0.161941536770134	0.082	0.08	1	CDK9	c27
7.93604871832866e-05	0.161775273670384	0.974	0.903	1	RPS7	c27
0.291204128011978	0.161717524645521	0.052	0.037	1	D2HGDH	c27
0.748862712748262	-0.161697613593794	0.067	0.073	1	CRKL	c27
0.307753502515259	0.161473067141136	0.124	0.102	1	WDR77	c27
0.789233306759867	0.161380261171455	0.082	0.079	1	VIM-AS1	c27
0.457005751215943	0.161350772952205	0.088	0.075	1	RANGAP1	c27
0.000537180275162305	0.161287886038469	0.83	0.726	1	RPL27A	c27
0.710532812279603	-0.161151915555545	0.423	0.422	1	RAD23A	c27
0.32411466345098	-0.161070626829408	0.335	0.292	1	KIF2A	c27
0.290514842021248	-0.16106711820102	0.026	0.041	1	BCKDHB	c27
0.181253282342653	0.161042071077887	0.031	0.018	1	SAP25	c27
0.190118692925096	0.160988366707165	0.407	0.375	1	NHP2	c27
0.647571797576919	0.16095029811163	0.124	0.115	1	CHKB	c27
0.0579010150781269	-0.160884296296063	0.072	0.121	1	CYSLTR1	c27
0.989107691116931	-0.160746032519657	0.062	0.062	1	PDSS2	c27
0.827162935348879	0.160692962251689	0.026	0.024	1	IRGQ	c27
0.812113794630485	-0.160425892662542	0.325	0.335	1	RAB10	c27
0.288643991079092	0.160309745896681	0.01	0.005	1	AC139887.4	c27
0.46903143631129	-0.160288456849412	0.01	0.017	1	AC002467.1	c27
0.934075962403976	-0.160127220950841	0.015	0.016	1	CEP126	c27
0.109441100777154	-0.159980055039593	0.17	0.13	1	CREB1	c27
0.224270752452101	0.159937496491361	0.17	0.142	1	PRKAG1	c27
0.151621458258253	-0.159842310961534	0.665	0.617	1	COX7A2	c27
0.358340129093541	0.159805748606165	0.289	0.267	1	WNK1	c27
0.907335700490691	-0.159761432521375	0.206	0.203	1	CNOT2	c27
0.278795782638671	0.159755257948869	0.144	0.183	1	PLAC8	c27
0.584704588525529	-0.159705249507893	0.041	0.034	1	VPS33B	c27
0.00892678853409828	0.159580205484912	0.799	0.683	1	PPIB	c27
0.6198325284314	-0.159235772022615	0.031	0.025	1	TNPO2	c27
0.177799148353062	0.15918376049998	0.129	0.101	1	TWISTNB	c27
0.90490256184983	-0.15914350823066	0.082	0.086	1	ARIH1	c27
0.628155789738424	-0.159127266006178	0.057	0.05	1	DOP1A	c27
0.317288371565716	-0.159126900335871	0.722	0.674	1	GMFG	c27
0.058160298819225	0.15908497485334	0.443	0.373	1	VCP	c27
0.511761229552887	0.158932153744258	0.021	0.015	1	PHGDH	c27
0.540412693904162	-0.158853609015404	0.113	0.131	1	KIAA1143	c27
0.910775133454979	-0.158759126234143	0.191	0.19	1	EXOSC1	c27
0.52731845709793	0.158728565626287	0.16	0.146	1	CCNK	c27
0.597081700376842	-0.158684584338327	0.01	0.015	1	TRMT44	c27
0.506631489190133	-0.158588112512017	0.067	0.082	1	PIK3C3	c27
0.130543346330162	-0.158584107533823	0.098	0.07	1	MYO9A	c27
0.101195406260412	-0.158474244510595	0.227	0.287	1	CDC42EP3	c27
0.587265900824616	-0.158421619977585	0.052	0.062	1	FCF1	c27
0.0605734217029781	0.158320370590005	0.211	0.164	1	MRPL9	c27
0.905485201883329	-0.158291562982956	0.057	0.059	1	SH2B1	c27
0.885485970931165	0.158264046490748	0.124	0.132	1	CPSF2	c27
0.435245334211996	0.158247349656144	0.149	0.134	1	PDE6D	c27
0.258435345461765	-0.158164670615626	0.186	0.224	1	EFR3A	c27
0.895669084205773	0.157901484591882	0.01	0.009	1	ZNF436	c27
0.40948306839329	-0.157867250998133	0.01	0.018	1	NBPF3	c27
0.848962366640928	0.157770385196619	0.196	0.196	1	GSPT1	c27
0.0113317446351934	0.157736029640319	0.716	0.504	1	ATP6V0B	c27
0.234385030450931	-0.157734194583748	0.119	0.093	1	SAMSN1	c27
0.0528473226901767	0.15766259708563	0.294	0.234	1	TMED2	c27
0.639719511369994	0.157523374349817	0.015	0.02	1	KCTD2	c27
0.406017685120528	-0.157471280410022	0.155	0.184	1	BORCS7	c27
0.280349112985578	0.15742093561922	0.119	0.153	1	CCDC28A	c27
0.237106792082955	0.157246815084995	0.108	0.085	1	VIRMA	c27
0.18234356138018	0.157213178765775	0.242	0.207	1	LUC7L2	c27
0.452347441029148	-0.156828332033166	0.722	0.677	1	SUMO2	c27
0.762807585632192	-0.156801213504512	0.979	0.91	1	RPL14	c27
0.768381947835001	-0.156598729957761	0.015	0.013	1	SPAG5-AS1	c27
0.173391406704151	0.156580178619608	0.593	0.537	1	ARL6IP4	c27
0.530360292314315	-0.156504590733657	0.01	0.016	1	PLXNA2	c27
0.904944574790495	-0.15644574583524	0.01	0.009	1	DERPC	c27
0.795976496037823	0.156215285270532	0.021	0.023	1	ATAD3B	c27
0.377771629751623	-0.156088004249876	0.005	0.012	1	AC018647.2	c27
1.77782333310809e-05	0.156062398213287	0.923	0.823	0.650701118150891	RPL36A	c27
0.75649143823232	-0.156023431720646	0.175	0.168	1	RFXANK	c27
0.368790517000583	0.155790013307113	0.021	0.013	1	CCDC122	c27
0.0548970590829375	-0.155746963868734	0.01	0.036	1	STK39	c27
0.709512913909587	-0.155703592308678	0.222	0.216	1	PPP6C	c27
0.707860069501877	-0.155628476093937	0.113	0.105	1	UNC45A	c27
0.4967757561718	-0.155621794312123	0.021	0.029	1	ZNF749	c27
0.157087555594908	-0.155431180768885	0.067	0.101	1	DYRK4	c27
0.058965775370943	-0.155413346809862	0.268	0.213	1	NRBP1	c27
0.0387197811233564	-0.155390662883002	0.119	0.179	1	CYB5R1	c27
0.793659750324088	0.15522846584612	0.067	0.064	1	ACAD9	c27
0.406521048832571	-0.155125960433779	0.052	0.04	1	TMEM39A	c27
0.86541872464547	-0.155118504300868	0.072	0.076	1	MAP2K7	c27
0.16742821168432	-0.155074025270703	0.144	0.112	1	KAT6B	c27
0.335109188520038	-0.155012291967296	0.103	0.13	1	TBC1D4	c27
0.239678939475591	0.154857183077806	0.077	0.058	1	MED24	c27
0.307550960833903	-0.154590040778313	0.521	0.524	1	ANXA11	c27
0.834615222766476	-0.154480682051987	0.144	0.154	1	TMX2	c27
0.805865659272979	-0.15437812015692	0.093	0.088	1	STX17	c27
0.939238568465923	0.154283392459342	0.026	0.025	1	TBC1D22B	c27
0.859677456145061	-0.154220186258916	0.072	0.069	1	INO80D	c27
0.0657039087621745	0.154180056797307	0.34	0.289	1	SPSB3	c27
0.327985972892721	0.154020653544041	0.258	0.231	1	RNASEH2B	c27
0.256029743771752	-0.154012002771025	0.144	0.179	1	ERGIC2	c27
0.140333813741567	0.153934115186016	0.201	0.165	1	TCERG1	c27
0.693423375852531	0.153879559330062	0.041	0.036	1	PIGQ	c27
0.022863660904166	0.15383474034267	0.149	0.101	1	LDLRAD4	c27
0.324628496838143	-0.153786288305755	0.108	0.089	1	TCTN3	c27
0.457267436652758	-0.153777374636562	0.057	0.045	1	SLC35E2B	c27
0.214793348278144	-0.153758922109914	0.046	0.07	1	ZC2HC1A	c27
0.410490443316975	0.153573059217948	0.428	0.391	1	P4HB	c27
0.937974218027932	0.153381020537698	0.113	0.119	1	GOSR2	c27
0.67178549986854	-0.153348432716055	0.026	0.021	1	SENP3	c27
0.980559470438994	-0.153322460714382	0.031	0.031	1	POLA2	c27
0.53498844161747	-0.153059626181802	0.206	0.231	1	ZNF524	c27
0.677628607888172	-0.153046409948824	0.057	0.064	1	ZNF410	c27
0.918624561455772	-0.152894382889607	0.392	0.396	1	MRPS34	c27
0.00359077540674644	-0.152875244777491	0.098	0.186	1	NEU1	c27
0.00536474788339525	0.152728207922411	0.16	0.1	1	SP3	c27
0.770746271775541	-0.152447625563929	0.165	0.176	1	PUM1	c27
0.0485850874599891	-0.152340221992872	0.082	0.135	1	OAS2	c27
0.413553123632684	-0.152255437251968	0.371	0.343	1	CACYBP	c27
0.631439861743781	0.152136690901553	0.072	0.085	1	UBXN2B	c27
0.618222818352417	0.152042040214871	0.015	0.021	1	CUL7	c27
0.110122663694585	0.151984949088254	0.464	0.419	1	OTUB1	c27
0.363242996587272	0.151948502561372	0.01	0.005	1	STAM-AS1	c27
0.0516087867205314	0.151821486928703	0.562	0.485	1	MDH2	c27
0.120901264328627	0.15181701925626	0.309	0.267	1	VPS13C	c27
0.58598889082702	-0.151739575973425	0.263	0.245	1	TOX4	c27
0.968240896101833	0.151682743647904	0.423	0.408	1	ASAH1	c27
0.805058124057411	0.151661080040057	0.072	0.078	1	MRS2	c27
0.799982189755322	0.151654569701321	0.026	0.023	1	MKS1	c27
0.619383329992131	-0.151638302303469	0.541	0.525	1	PRRC2C	c27
0.0242239615834159	0.151429316275704	0.464	0.39	1	DDX46	c27
0.699472360248776	-0.151194377853728	0.134	0.124	1	CRLF3	c27
0.885651007481373	0.151063667947638	0.134	0.133	1	TSFM	c27
0.308093243262756	0.150898552690287	0.206	0.182	1	CDC5L	c27
0.471130789207666	0.150841055822155	0.005	0.01	1	LINC00294	c27
0.868345483989398	0.150539421785146	0.155	0.157	1	DTD1	c27
0.201628423352602	0.1505387172503	0.284	0.254	1	RBM42	c27
0.581486099702182	0.15037167764209	0.16	0.151	1	SUDS3	c27
0.000316022538911015	0.15035984833878	0.974	0.911	1	RPL12	c27
0.973649757851433	0.150319087795892	0.129	0.135	1	ARMC8	c27
0.0145926350427617	0.150290962871753	0.804	0.747	1	COX7C	c27
0.917992991914742	0.150218952502439	0.031	0.032	1	OSGEPL1	c27
0.0612116811222441	-0.150157833290463	0.052	0.029	1	BTBD9	c27
0.0348991653556573	0.150132607943783	0.119	0.078	1	FBXO34	c27
0.160823114530275	-0.149997869409723	0.191	0.152	1	SAMD9	c27
0.568360736574038	-0.149955421675005	0.103	0.092	1	NOL11	c27
0.14205804045526	0.14995241561825	0.057	0.09	1	ADAM9	c27
0.0624479360584062	0.149938239703573	0.268	0.217	1	LAGE3	c27
0.265481862835831	0.149805394800734	0.021	0.036	1	TMEM129	c27
0.484238254671625	0.149797667836318	0.134	0.155	1	DEDD2	c27
0.566837147722067	-0.149750056519398	0.124	0.112	1	OXSR1	c27
0.20554488350687	0.149701033781481	0.366	0.327	1	DIAPH1	c27
0.611551992530035	0.149650496432559	0.124	0.113	1	IL4R	c27
0.628746205453451	0.149611667732827	0.077	0.09	1	CXXC5	c27
0.93172351638696	0.149558428690355	0.119	0.124	1	FLAD1	c27
0.862227419920652	-0.149536161770365	0.088	0.092	1	HYOU1	c27
0.437850901745898	0.14949168525086	0.031	0.023	1	AC008124.1	c27
0.675165369899431	0.149447031125184	0.021	0.026	1	UAP1L1	c27
0.835324837852746	-0.14939567377224	0.216	0.227	1	IARS2	c27
0.164768700693927	0.149305352945992	0.103	0.078	1	PGM2	c27
0.0257516977043818	-0.149194614921426	0.082	0.144	1	HAUS2	c27
0.970786338034213	0.149173910921556	0.031	0.031	1	DARS2	c27
0.891222452020008	0.149138793568022	0.062	0.06	1	ESYT2	c27
0.700557956804442	-0.149107923547835	0.052	0.046	1	MZF1	c27
0.39954554224218	0.148989658770318	0.077	0.063	1	TMEM216	c27
0.192153739556869	-0.148940821829917	0.093	0.069	1	KANSL2	c27
0.204212907118718	0.148927815834915	0.263	0.232	1	SAMD9L	c27
0.425343452756402	-0.14891958308302	0.108	0.093	1	BMS1	c27
0.175852824381528	0.148851923426116	0.526	0.46	1	ERH	c27
0.69764537440887	-0.148693902351075	0.536	0.543	1	PTGES3	c27
0.264853739157102	0.148638715379787	0.108	0.087	1	CDC16	c27
0.797207457884143	-0.148479707322198	0.402	0.419	1	CORO1B	c27
0.0583537843681508	-0.148451229704128	0.191	0.143	1	MORC3	c27
0.431993058950416	0.148449167746846	0.072	0.09	1	ZNF592	c27
0.266385514946472	0.148294389181453	0.381	0.356	1	GTF2A2	c27
0.548578919270671	0.148257736479958	0.057	0.048	1	GSPT2	c27
0.4350537340684	-0.147931965095325	0.067	0.054	1	ALOX12-AS1	c27
0.000127516641206018	-0.147931250566013	0.072	0.027	1	AC090152.1	c27
0.50480237233014	-0.147772679948799	0.01	0.006	1	TBKBP1	c27
0.920871184092864	-0.147629461167474	0.036	0.038	1	DNAJC16	c27
0.552278635590038	-0.147626633940205	0.015	0.022	1	ZNF528	c27
0.307237815466315	0.147584397732889	0.139	0.116	1	EXOSC10	c27
0.958314537499168	0.147580766388458	0.443	0.447	1	PGAM1	c27
0.259089934305794	0.147570945147705	0.149	0.125	1	OSBPL9	c27
0.886198648867678	-0.147570496558939	0.062	0.064	1	C11orf98	c27
0.786124552744859	0.147564841335764	0.16	0.157	1	HMG20B	c27
0.351272952266456	0.147509181514234	0.299	0.282	1	YIPF3	c27
0.127703716656105	-0.147418262253491	0.082	0.121	1	PEX2	c27
0.402706232286576	-0.147325310863425	0.124	0.147	1	TSNAX	c27
0.718373969921833	-0.147200548026775	0.433	0.433	1	VAPA	c27
0.500454103097562	-0.147138156375894	0.01	0.017	1	AL136419.3	c27
0.223539552797777	0.147062913006455	0.201	0.247	1	OSBPL11	c27
0.0340780671591649	-0.147003026919943	0.046	0.023	1	PRR5L	c27
0.417114782379987	0.146922967388968	0.031	0.043	1	CROT	c27
0.552717554629791	-0.146904834544102	0.026	0.02	1	RTEL1	c27
0.0256475305402061	0.146543805216786	0.149	0.099	1	MT1X	c27
0.920683303477917	-0.146487386665221	0.01	0.01	1	LINC00910	c27
0.0580095334340608	0.146457353106514	0.289	0.237	1	DENR	c27
0.55029351545468	0.146373400442681	0.216	0.246	1	ATP6V1B2	c27
0.104276670615426	-0.146357302326664	0.144	0.195	1	GMPR2	c27
0.650019874700383	-0.14633399574704	0.397	0.409	1	PYURF	c27
0.800891404077473	-0.146223522344209	0.258	0.275	1	CWC15	c27
0.809037664122099	-0.146083589524923	0.052	0.056	1	ANAPC1	c27
0.529622448356942	-0.146003946015637	0.077	0.066	1	PNPT1	c27
0.919813272943899	0.145886987803556	0.036	0.038	1	GADD45A	c27
0.228854537841555	0.145849409035109	0.108	0.085	1	TOB2	c27
0.159982663366421	-0.145842764425995	0.206	0.17	1	ABCF1	c27
0.54244861772709	0.145665368287113	0.196	0.223	1	SSH2	c27
0.376449722423567	-0.145649353788237	0.129	0.11	1	ICE1	c27
0.406035598273787	-0.145571980504995	0.222	0.198	1	NCBP2AS2	c27
0.829852846814297	-0.145551870224026	0.01	0.009	1	ZNF225	c27
0.538772671034743	0.145423879194517	0.067	0.058	1	SNAPC3	c27
0.00192050684725559	0.145382884435611	0.428	0.323	1	BCLAF1	c27
0.780910205586089	-0.145375532980026	0.345	0.356	1	SRP9	c27
0.396618759507852	0.145352522293724	0.119	0.143	1	NTPCR	c27
0.119861239070366	0.145350331982232	0.041	0.072	1	SECTM1	c27
0.172356384806107	-0.145281617728922	0.108	0.08	1	DNAJA3	c27
0.406439971511351	0.145239663565444	0.01	0.006	1	DSEL	c27
0.0442142055136212	0.145219315757374	0.505	0.447	1	OSTF1	c27
0.371517743233994	-0.145146934496041	0.149	0.129	1	LRPPRC	c27
0.483753165158655	-0.145127202498123	0.186	0.168	1	MOB4	c27
0.224177028716216	0.14503260138061	0.242	0.212	1	MRPL37	c27
0.930385766543026	-0.144944903344236	0.077	0.08	1	SLC29A3	c27
0.506426701263501	0.144901320860416	0.144	0.132	1	CCDC32	c27
0.17518157162614	-0.144724129645822	0.469	0.412	1	KMT2E	c27
0.641860085500842	-0.144620380556651	0.021	0.026	1	LINC01150	c27
0.192745638207675	0.144599733161797	0.144	0.116	1	YLPM1	c27
0.998643087808801	0.144596995406173	0.036	0.036	1	NAB1	c27
0.21812554476344	-0.144543700569069	0.005	0.016	1	ANKRD55	c27
0.428760690887372	-0.14447699176809	0.046	0.06	1	ITPRIP	c27
0.452837264360007	-0.144416989991338	0.01	0.017	1	AC008915.2	c27
0.262403519300017	0.144113439401239	0.278	0.254	1	AP3S1	c27
0.992635982333386	-0.144055837757377	0.021	0.021	1	HYLS1	c27
0.934506577200537	0.144050833124378	0.036	0.038	1	RRNAD1	c27
0.376160843879719	-0.144050028305649	0.082	0.104	1	COASY	c27
0.382997090440013	0.144015551092388	0.139	0.167	1	NCSTN	c27
0.682207064896906	0.143982751370117	0.067	0.076	1	ADPRH	c27
0.378745111079301	0.143929505241412	0.34	0.318	1	DGUOK	c27
0.54404264965298	-0.143852276008242	0.093	0.082	1	BRAT1	c27
0.865584855339607	0.143764017149515	0.057	0.055	1	ARMH3	c27
0.488081372805593	-0.143586444877648	0.242	0.222	1	LMBRD1	c27
0.659269125998052	0.143375579322712	0.057	0.05	1	HIVEP1	c27
0.718494019153882	0.143374085092307	0.093	0.103	1	AAAS	c27
0.12856526489269	-0.143083233579054	0.232	0.289	1	EIF1AX	c27
0.988854268345365	-0.142439063372091	0.387	0.381	1	MLF2	c27
0.677280296522839	-0.14232302873278	0.026	0.031	1	CCNYL1	c27
0.128866540472647	0.142302635012516	0.216	0.179	1	EIF2AK1	c27
0.322339105639456	0.142188935264588	0.01	0.005	1	RGL1	c27
0.285712053920336	-0.142113640288752	0.469	0.425	1	SRSF7	c27
0.866097247201891	0.142066836328079	0.01	0.012	1	AC015912.3	c27
0.692061328223952	0.142035882130942	0.015	0.02	1	CDC42EP4	c27
0.458556940385636	-0.1416416062029	0.139	0.123	1	PPP3CA	c27
0.00759949809525086	0.141446792436923	0.428	0.339	1	TAF15	c27
0.653081797147988	-0.141420443979576	0.01	0.014	1	CCNJ	c27
0.232549172568931	-0.141235590840173	0.335	0.378	1	COX14	c27
0.368289495741434	0.140816140331264	0.124	0.106	1	TBRG4	c27
0.0305525646212191	0.140635197214009	0.144	0.22	1	MPP1	c27
0.196893539280747	0.14051982980036	0.289	0.252	1	FAM204A	c27
0.801149050006836	0.140410795054594	0.093	0.101	1	R3HDM2	c27
0.0824443949046198	-0.140407819719802	0.129	0.093	1	SLC30A5	c27
0.753766049412011	0.140273486830132	0.201	0.199	1	ACYP2	c27
0.684113167255211	0.140236533876839	0.01	0.008	1	AVEN	c27
0.704835159325337	-0.140226578458055	0.057	0.064	1	ODF2	c27
0.587449893269428	0.140117937162332	0.134	0.124	1	TUT7	c27
0.0434711361799791	-0.140099157752543	0.098	0.061	1	CLIC3	c27
0.595062971267867	-0.139943121852736	0.175	0.195	1	C6orf89	c27
0.722235549598904	-0.139935489756249	0.021	0.017	1	ARIH2OS	c27
0.465297962452623	-0.139636743299818	0.082	0.101	1	MTMR6	c27
0.260786783640921	0.139582209634637	0.387	0.34	1	CAT	c27
0.28824439444966	0.139482046849555	0.062	0.046	1	ABI2	c27
0.573765044107634	-0.139215235841448	0.01	0.007	1	ZNF726	c27
0.220960897913612	0.139210121223637	0.098	0.077	1	C3orf38	c27
0.657107600676043	-0.139193021292701	0.397	0.37	1	TMEM14B	c27
0.966389740087593	-0.139094150933185	0.052	0.051	1	ZADH2	c27
0.861113688990189	-0.138975172876338	0.314	0.327	1	RAB11B	c27
0.651046510872935	0.138728630659042	0.067	0.06	1	MTG2	c27
0.0949595669115607	0.138638047437326	0.392	0.342	1	DDX39B	c27
0.978838447269054	-0.138606292048278	0.103	0.104	1	THUMPD3	c27
0.2485177170481	0.138425363992284	0.144	0.118	1	FAM3A	c27
0.931825128730995	-0.138362926745185	0.077	0.077	1	CBWD2	c27
0.315808513950086	-0.138327163565057	0.031	0.047	1	JMJD8	c27
0.912671781886233	-0.138242093884076	0.01	0.011	1	B4GALT1-AS1	c27
0.575061600730136	-0.138212208919979	0.088	0.1	1	BORCS6	c27
0.994035944944596	-0.138079652321494	0.077	0.078	1	ORC4	c27
0.247691954113511	-0.138078725915561	0.237	0.279	1	TRAPPC6A	c27
0.233610679786736	0.13794662845149	0.119	0.094	1	MTREX	c27
0.290326664063225	0.137925328578633	0.052	0.037	1	TCTEX1D2	c27
0.808494268672341	-0.137799064442432	0.119	0.124	1	ASCC3	c27
0.693485459023863	-0.137697728390138	0.438	0.447	1	RWDD1	c27
0.784295630081323	0.137558178628519	0.139	0.135	1	MORF4L2	c27
0.978426624912638	-0.1375405931178	0.149	0.154	1	NUBP1	c27
0.851068952327382	-0.137344789574324	0.026	0.024	1	ZBTB14	c27
0.00979250712755084	0.137241593453215	0.649	0.489	1	STXBP2	c27
0.00427040454819509	-0.137195391452233	0.077	0.159	1	OSBPL1A	c27
0.0773642873385812	0.137166447103311	0.046	0.026	1	VANGL1	c27
0.342183629162988	-0.137109696869872	0.144	0.175	1	RANGRF	c27
0.919414255181844	0.13709273960321	0.01	0.011	1	TTTY14	c27
0.880322603060639	0.137006629009219	0.418	0.387	1	SDCBP	c27
0.949311484754374	-0.136889179463569	0.021	0.02	1	CENPJ	c27
0.469113968420292	0.136799163225419	0.093	0.079	1	SIPA1	c27
0.13861732593769	-0.136489091064215	0.108	0.08	1	PNO1	c27
0.973531149465096	-0.136305857579932	0.526	0.526	1	DRAP1	c27
0.00123741878583274	0.136253740919332	0.567	0.45	1	PHB2	c27
0.913998071068975	-0.136171287805592	0.134	0.133	1	DHX15	c27
0.856286066974961	-0.13615711470923	0.284	0.298	1	FAM162A	c27
0.153016016953203	0.136115402782694	0.268	0.231	1	IRF2	c27
0.963164390658783	0.136063217178261	0.01	0.01	1	TSNARE1	c27
0.539203680123679	-0.13606082059455	0.036	0.029	1	EARS2	c27
0.568546169438211	0.136045565015027	0.021	0.016	1	MCM8	c27
0.462788119835213	-0.136031422396734	0.139	0.122	1	CKAP5	c27
0.0636701944728721	0.13599279571014	0.577	0.514	1	SF3B2	c27
0.766812258296494	0.135933716778709	0.01	0.008	1	AC083862.3	c27
0.963882409314829	-0.135835179493867	0.052	0.053	1	PICK1	c27
0.0525979493053961	0.135667028055046	0.526	0.464	1	SNU13	c27
0.760453989079561	-0.135464018807169	0.995	0.983	1	EEF1A1	c27
1.74177830668309e-06	0.135448506158212	0.072	0.021	0.0637508278029076	RAB33A	c27
0.0900235437259186	0.135246473506004	0.015	0.006	1	STX1A	c27
0.493021346184203	0.135241918562422	0.139	0.127	1	TMEM101	c27
0.173845041235329	0.135218109934796	0.474	0.42	1	NDUFA6	c27
0.737612627118079	-0.135147467887299	0.273	0.27	1	SNRPE	c27
0.696535251977076	-0.135095912733173	0.057	0.05	1	HMG20A	c27
0.053718653353094	-0.13500639177432	0.201	0.272	1	ADAM10	c27
0.0254186398176648	0.135004950643662	0.485	0.404	1	PSMC5	c27
0.212681233300809	0.135002881517608	0.119	0.094	1	RC3H2	c27
0.412177087586339	-0.134998978508645	0.263	0.296	1	TUBA1C	c27
0.917189564886997	-0.134844080023925	0.191	0.193	1	NIT2	c27
0.0981185444192724	-0.134812154260553	0.18	0.242	1	TCEAL4	c27
0.0882765838182628	-0.134513268083404	0.299	0.245	1	MIER1	c27
0.0880530424168298	0.134415223494071	0.144	0.201	1	SLC27A3	c27
0.622962548206726	0.134395146698595	0.01	0.007	1	STARD10	c27
0.979772500355234	0.134272109467895	0.072	0.074	1	ERC1	c27
0.271264967614992	0.134200704478911	0.175	0.15	1	UROS	c27
0.445936079021006	-0.134114237529731	0.314	0.34	1	RER1	c27
0.210893781479192	-0.13410590367091	0.464	0.425	1	KTN1	c27
0.55372257322045	-0.134001732437278	0.041	0.051	1	C7orf25	c27
0.788136777601862	-0.133870763577034	0.093	0.098	1	CWC22	c27
0.967188903204135	0.133854544469592	0.046	0.046	1	ZC3H3	c27
0.131478855532144	-0.133793380310005	0.459	0.402	1	TPR	c27
0.568895590105852	-0.133765582087687	0.165	0.187	1	SEC61A1	c27
0.279671486982302	-0.133599970121781	0.067	0.091	1	GALNT2	c27
0.0508550128569138	0.133447465621287	0.284	0.229	1	SENP6	c27
0.244714793851688	-0.133395456498206	0.933	0.859	1	RPL21	c27
0.413624661720193	-0.133390440283175	0.036	0.027	1	SNHG10	c27
0.512966821293647	-0.133360072181742	0.062	0.076	1	VPS37B	c27
0.717972900466852	-0.133336488348745	0.077	0.086	1	BCL7C	c27
0.330067819965084	-0.133290929955258	0.216	0.193	1	ATG12	c27
0.800898940347339	0.13328867880354	0.072	0.078	1	HSD17B7	c27
0.0156849042620364	-0.133235174424694	0.021	0.064	1	ADGRE1	c27
0.0606882442369958	0.133221610799303	0.227	0.174	1	SAFB	c27
0.819668227174257	-0.133117170692844	0.258	0.254	1	NEMF	c27
0.161385086173784	0.133075812937101	0.026	0.048	1	BOD1	c27
0.883211377365186	0.132962993485604	0.454	0.459	1	REX1BD	c27
0.291343369332661	0.132953190590281	0.088	0.069	1	NECAP1	c27
0.88980001925835	-0.132903777700053	0.082	0.085	1	LTBP4	c27
0.451948084988925	0.132850434443248	0.495	0.458	1	NDUFB4	c27
0.440807388751454	0.132735998181334	0.253	0.235	1	KLF3	c27
0.90090166317007	-0.132535358252049	0.077	0.081	1	APPBP2	c27
0.737171100325845	-0.13250815127039	0.119	0.132	1	DHRSX	c27
0.577392863699963	-0.132385189380462	0.082	0.096	1	DNAJC13	c27
0.000173130986322568	0.132351391877994	0.954	0.877	1	RPS16	c27
0.292889296024225	-0.132349811355765	0.103	0.082	1	ICE2	c27
0.939342644402317	-0.132322421772457	0.01	0.011	1	GDPD5	c27
0.984178591696919	0.132232332496031	0.046	0.047	1	SAMD4B	c27
0.123635952301491	0.132050980206647	0.036	0.02	1	MAP3K6	c27
0.2291030217177	0.131947575218374	0.479	0.424	1	VDAC2	c27
0.783337706358352	0.131942722477953	0.01	0.013	1	LINC01597	c27
0.20835783310496	-0.131746102148067	0.304	0.349	1	PNPLA2	c27
0.0654207857820772	-0.131696222835127	0.093	0.143	1	ITGA5	c27
0.503580105963054	-0.131592112717128	0.108	0.095	1	DLST	c27
0.431181714830946	0.131567671435978	0.082	0.069	1	BTBD1	c27
0.649034842845356	-0.131407027489761	0.046	0.04	1	ATRIP	c27
0.365644139694793	-0.131370924062169	0.082	0.067	1	BLOC1S5	c27
0.173342218501708	0.131368669257301	0.18	0.151	1	COMTD1	c27
0.124084467989011	-0.131324609820874	0.01	0.029	1	LINC00996	c27
0.0275720777516767	-0.131161388590106	0.088	0.148	1	CALCOCO1	c27
0.260257438402704	0.131124435213276	0.052	0.074	1	SMAD5	c27
0.460366464033742	0.131067295024532	0.191	0.177	1	ME2	c27
0.286279251355068	0.131066114285386	0.113	0.147	1	AHCYL1	c27
0.0972538207677808	0.13093264397205	0.129	0.095	1	ZNF277	c27
0.174597897538733	0.130870753912366	0.015	0.007	1	CEP112	c27
0.297356329188991	0.130672087146715	0.345	0.32	1	UQCRC2	c27
0.343287565070791	0.130541197749383	0.351	0.332	1	TXNL1	c27
0.137170168449238	-0.13048698496548	0.165	0.216	1	ARSA	c27
0.00913296329213063	0.13045527436831	0.124	0.074	1	IFRD1	c27
0.0128639120204752	0.130253208538573	0.485	0.407	1	XRCC6	c27
0.0234187399338691	-0.130138081758717	0.165	0.24	1	SLC31A2	c27
0.988231866754228	-0.130099324725529	0.01	0.01	1	CATSPERG	c27
0.179503174630076	-0.130057620454294	0.057	0.038	1	B4GALT4	c27
0.0593746471544666	0.129805709887682	0.237	0.188	1	PHYKPL	c27
0.780486706383037	0.12974377308703	0.119	0.115	1	CHMP1A	c27
0.045364783870424	0.129634693510079	0.072	0.043	1	SLC40A1	c27
0.85100988815654	-0.129590208446961	0.562	0.484	1	RTN4	c27
0.734503795914611	-0.129583618106285	0.103	0.097	1	RANBP3	c27
0.594580740237204	-0.129582620888705	0.129	0.147	1	PAFAH1B2	c27
0.828120069246774	-0.129506233694074	0.665	0.639	1	SNRPD2	c27
0.530773965927225	-0.129323418313952	0.01	0.007	1	AC244213.1	c27
0.723290941628646	-0.129294209611573	0.077	0.072	1	ITPR1	c27
0.239863749664339	0.129254830640749	0.098	0.077	1	NUP160	c27
0.757982897387741	0.129203232914462	0.057	0.053	1	WDR73	c27
0.534838897052569	0.128929031887674	0.387	0.378	1	ADRM1	c27
0.053365279521618	-0.128861809131661	0.278	0.214	1	IL16	c27
0.684310104567937	-0.128807430942333	0.567	0.506	1	ATP5PF	c27
0.282109095719179	-0.128772777128963	0.129	0.105	1	JMJD6	c27
0.828368534544245	-0.128572071510538	0.351	0.358	1	C18orf32	c27
3.56082653241968e-05	0.128055102609781	0.974	0.899	1	RPL29	c27
0.460250347304553	0.127659166883373	0.021	0.014	1	NUP50-DT	c27
0.475459379696671	0.127657607451493	0.113	0.101	1	MAGOHB	c27
0.0699197451097923	-0.127635967098423	0.088	0.057	1	IQCB1	c27
0.435424128839916	-0.127296286689238	0.005	0.011	1	HIST2H2AB	c27
0.496875463402382	-0.127145779121648	0.01	0.017	1	NAT1	c27
0.723855183246178	0.127062998202967	0.108	0.122	1	NAGPA	c27
0.00752363038875391	-0.126851019324791	0.103	0.183	1	ALDH3A2	c27
0.534962016134732	-0.126782039257511	0.186	0.207	1	NKTR	c27
0.928754135908578	-0.126761805476844	0.082	0.085	1	SEC23IP	c27
0.497761351837878	-0.126620487280989	0.366	0.388	1	SDHC	c27
0.220282943624781	0.126475832481931	0.057	0.04	1	DTD2	c27
0.000650932719418087	0.126455247519659	0.887	0.768	1	RPS26	c27
0.686478265803112	0.12639724748131	0.232	0.223	1	HDAC1	c27
0.0650439830580331	0.126382176663624	0.67	0.635	1	PSMB9	c27
0.49998730287843	-0.126251570799368	0.18	0.164	1	WDR33	c27
0.552189993259687	-0.126235294958902	0.119	0.136	1	TSN	c27
0.0205479839669261	0.126212881560425	0.541	0.455	1	SF1	c27
0.109198931567475	0.126068347966447	0.17	0.134	1	ACSL3	c27
0.760171136823521	0.125919041689973	0.077	0.072	1	AC245297.3	c27
0.968986966362856	0.12586777743994	0.247	0.259	1	LSM5	c27
0.168755693439579	0.12584918842612	0.124	0.096	1	UBA6	c27
0.242346912137795	-0.125820386029402	0.232	0.202	1	ZNF638	c27
0.971813254366814	-0.12579704144767	0.242	0.252	1	TTC1	c27
0.114270489548554	-0.125743582744803	0.072	0.048	1	PPP1R8	c27
0.799620921021562	0.125608673623252	0.067	0.073	1	MTRES1	c27
0.581813732616444	-0.125501793854446	0.294	0.317	1	EMC3	c27
0.175236549244982	0.12548971357859	0.232	0.195	1	UTRN	c27
0.93756719671342	0.125371689681178	0.335	0.343	1	DYNLT1	c27
0.206759403328268	-0.12535849514998	0.206	0.173	1	NOP56	c27
0.000337901797010866	0.125225815431211	0.093	0.04	1	ZEB1	c27
0.840718707160602	0.125223665087049	0.046	0.05	1	SZT2	c27
0.502407945625144	0.125159269518364	0.242	0.229	1	MRPL27	c27
0.794877383750697	-0.125120810548107	0.959	0.933	1	RPS19	c27
0.53527551572729	-0.125114809867382	0.072	0.086	1	ABCB8	c27
0.0519584260225387	-0.12510385446618	0.747	0.706	1	CHCHD2	c27
0.241244880745133	0.125095878580553	0.067	0.049	1	PEX13	c27
0.774299619032149	-0.125073524391075	0.175	0.17	1	GORASP2	c27
0.839492979920052	-0.124753542143545	0.021	0.023	1	SIRT1	c27
0.208266943852568	-0.124728948481527	0.046	0.031	1	POMT1	c27
0.7905325455327	-0.124723726284249	0.546	0.514	1	C19orf53	c27
0.639203797744691	0.124681162617834	0.062	0.055	1	CHCHD4	c27
0.841366101584123	0.124670501573053	0.077	0.083	1	PHF6	c27
0.644187499661922	0.124585313021278	0.144	0.133	1	CYTH2	c27
0.878591914090913	-0.124584832220828	0.351	0.366	1	PSMB2	c27
0.0533976342737776	-0.124545513245016	0.113	0.169	1	ZNF32	c27
0.488473953507877	-0.124530085230939	0.052	0.064	1	DNAJC11	c27
0.710271652256989	-0.124373969658646	0.113	0.107	1	EI24	c27
0.612246328764247	-0.124344170440556	0.108	0.123	1	GMFB	c27
0.810397313474521	-0.124259909561832	0.072	0.078	1	SUGP2	c27
0.0163277732518686	0.1241681656861	0.505	0.426	1	SNRPB	c27
0.819108588266981	-0.124159017500689	0.01	0.012	1	KCTD11	c27
0.185716920556533	-0.123970186737843	0.103	0.14	1	RMDN1	c27
0.117781484156423	0.123613711702224	0.402	0.36	1	LCP2	c27
0.317304202616304	0.123576706995369	0.077	0.102	1	TMEM242	c27
2.62512143759262e-05	0.123561594008337	0.639	0.399	0.960820697373275	CD48	c27
0.992442310629515	-0.123510282840389	0.825	0.65	1	ATP6V0C	c27
0.383491180501921	0.123258069518894	0.113	0.097	1	QRICH1	c27
0.0976467052437189	0.123022991844795	0.062	0.039	1	CCDC126	c27
0.896595560880086	-0.122883628208033	0.242	0.242	1	WDR61	c27
0.176221296757038	0.122819753277311	0.175	0.144	1	TXNDC15	c27
0.00617553964490227	0.122622119025994	0.438	0.338	1	RAD21	c27
0.0278839783615663	0.122579534978322	0.155	0.105	1	CCDC57	c27
0.0485384908854141	0.12252118292461	0.113	0.174	1	NEK6	c27
0.498384826244425	0.122391400914707	0.227	0.254	1	HINT2	c27
0.0507681109127143	0.122360591557207	0.175	0.129	1	MTERF4	c27
0.419922506017056	-0.122340559189489	0.046	0.061	1	MIGA1	c27
0.568438787413163	0.122332911093949	0.232	0.264	1	ANAPC15	c27
0.788708384578654	0.122244904532847	0.175	0.172	1	SNHG16	c27
0.835921555088043	-0.122045142438716	0.026	0.029	1	TWSG1	c27
0.000762004257039493	0.121920730614127	0.51	0.397	1	RSRP1	c27
0.108407377470327	-0.121882320731226	0.794	0.741	1	SRP14	c27
0.791748228775561	0.121857380520774	0.175	0.17	1	SHFL	c27
0.0421682849177297	0.121763737181552	0.026	0.011	1	EPHA1	c27
0.790971576337775	-0.121747122449896	0.041	0.046	1	GXYLT1	c27
0.713794449420633	-0.121707046675824	0.175	0.191	1	MPLKIP	c27
0.702541599112803	0.121661981206632	0.186	0.201	1	TUSC2	c27
0.023262281886999	0.121573475517785	0.526	0.447	1	HP1BP3	c27
0.861020747520488	-0.121571798640647	0.155	0.153	1	RTCA	c27
0.223462184062403	-0.121546844669474	0.057	0.083	1	OPN3	c27
0.434522752147394	0.121485311769295	0.031	0.023	1	MVB12B	c27
0.521241901238998	0.121433638264161	0.18	0.167	1	C22orf39	c27
0.0385594281278991	-0.121400926031549	0.515	0.435	1	SRSF11	c27
0.626922596557529	-0.121149253065894	0.026	0.021	1	TTPAL	c27
0.449279883184623	-0.121035375056076	0.129	0.113	1	ADK	c27
0.802241819958539	-0.12094967072951	0.031	0.028	1	ZNF28	c27
2.85549993025691e-05	0.120634411931458	0.985	0.89	1	RPL35A	c27
0.905882823396208	-0.120576163263703	0.124	0.123	1	STK25	c27
0.530685913134889	0.120532719706691	0.015	0.022	1	GNPDA2	c27
0.300139144750911	0.120522442065829	0.675	0.628	1	CNBP	c27
0.0247396911807258	-0.120247443693802	0.237	0.322	1	GPCPD1	c27
0.344345205694695	0.120192003541645	0.077	0.062	1	PIAS2	c27
0.87423062725268	-0.120189177181584	0.046	0.049	1	AEBP2	c27
0.00195560432043817	0.120177049131075	0.149	0.086	1	CCNB1IP1	c27
0.464618405670462	0.120153229855295	0.031	0.042	1	ATP13A2	c27
0.465141792771385	0.120078448833405	0.031	0.042	1	RARA-AS1	c27
0.16312924054742	-0.120033784636774	0.985	0.962	1	TPT1	c27
0.0254158260561631	0.119961849215216	0.134	0.089	1	DUS3L	c27
0.863357820556977	-0.119920938892404	0.485	0.463	1	NDUFV2	c27
0.535124111936889	-0.119804902028528	0.49	0.486	1	SELPLG	c27
0.0310530310579108	0.119761290534676	0.531	0.46	1	EIF5A	c27
0.113981952225479	-0.119659124721264	0.242	0.298	1	ATP6V1E1	c27
0.427020060502069	-0.119596402667955	0.046	0.061	1	ENOX2	c27
0.744402202306626	0.119577370631443	0.031	0.036	1	YTHDF1	c27
0.883364881535839	-0.119528303290311	0.799	0.753	1	HMGB1	c27
0.834093508516896	-0.119476435408291	0.088	0.093	1	SKA2	c27
0.486290120209263	-0.119357673005191	0.222	0.206	1	COPB1	c27
0.756198908418515	-0.119338588487582	0.186	0.202	1	CDK4	c27
0.825736887659349	-0.119293914898822	0.196	0.208	1	SMIM12	c27
0.359433249221296	0.119120217400178	0.046	0.034	1	PRKAB1	c27
0.0162629426930123	0.118936994647134	0.309	0.239	1	CHD4	c27
0.69890936593648	-0.118876859415965	0.077	0.086	1	WDR48	c27
0.45189689139873	0.118857476473455	0.072	0.06	1	SLC33A1	c27
0.461717340861634	-0.118850833996285	0.325	0.301	1	PSMC3	c27
0.243466040505239	0.118837697509629	0.093	0.125	1	MOSPD2	c27
0.53709620966025	-0.118616864595301	0.536	0.515	1	UBE2D2	c27
0.166979609682722	0.118612060836118	0.175	0.145	1	SKIL	c27
0.0803101644348985	-0.118557400464263	0.113	0.079	1	NDEL1	c27
0.233583461690844	-0.118544914769551	0.16	0.2	1	PRNP	c27
0.0879778490374869	-0.118324961094637	0.015	0.04	1	FAM92A	c27
0.72308634625619	-0.118196424119806	0.68	0.645	1	OST4	c27
0.247276839777585	-0.118094782813527	0.144	0.117	1	MITD1	c27
0.779294837950209	-0.118038319541159	0.237	0.231	1	CHD2	c27
0.117347326559835	0.11795426159225	0.01	0.03	1	AC009061.2	c27
0.0446615411395833	0.117919091287549	0.108	0.166	1	MAML2	c27
0.250836570275698	-0.117825951321316	0.119	0.094	1	STYX	c27
0.885358777069044	0.117533561036223	0.366	0.36	1	PPCS	c27
0.777083942771123	-0.117519266545878	0.201	0.197	1	C12orf10	c27
0.429493315473884	-0.117481017418058	0.026	0.037	1	GPATCH1	c27
0.599740548707659	0.117440445748025	0.376	0.365	1	MRPL54	c27
0.630729559523658	-0.117403733599046	0.041	0.049	1	VIPAS39	c27
0.156878543366713	-0.117379437769703	0.041	0.068	1	PRPF18	c27
0.222325939716673	-0.117313320990082	0.129	0.166	1	SMIM15	c27
0.390023870874845	-0.117219992379505	0.479	0.454	1	TBCB	c27
0.859649466907244	0.117151473732187	0.026	0.024	1	ARMC5	c27
0.124228841853815	-0.117062763836503	0.608	0.543	1	JAK1	c27
0.732920065111137	0.117009440244465	0.036	0.041	1	KPNA5	c27
0.43107484195703	-0.116914455612863	0.186	0.164	1	MCRS1	c27
0.479234494382625	-0.116749195379021	0.113	0.099	1	RNF111	c27
0.712986989676734	0.11671401195562	0.206	0.202	1	FXR1	c27
0.0727484137416543	-0.116454186264604	0.088	0.138	1	IL1RN	c27
0.141117839324748	0.11624446750233	0.129	0.174	1	SAR1B	c27
0.94300878817487	-0.116143009691111	0.242	0.244	1	LRP10	c27
0.86178951134624	-0.116097632152739	0.026	0.028	1	SETD6	c27
0.570282680844865	0.116031075199541	0.015	0.022	1	PTGR2	c27
0.186295718716707	0.115965051759885	0.005	0.018	1	CES4A	c27
0.575998784944312	-0.115963641899823	0.237	0.26	1	SERINC3	c27
0.0263963110270956	0.115357640770477	0.134	0.088	1	RAB35	c27
0.0213042486210235	0.115269292671297	0.119	0.075	1	LRRC8C	c27
0.501641005811337	-0.115249194067513	0.005	0.01	1	UBE2D3-AS1	c27
0.393041546504849	0.115245888838098	0.093	0.116	1	PEMT	c27
0.343272614414844	-0.115199129522984	0.119	0.146	1	RTL8A	c27
0.711207530767226	-0.115187163508816	0.036	0.042	1	AKAP1	c27
0.867587289846711	0.115167938126637	0.119	0.126	1	RFC2	c27
0.725766209779274	-0.115159342998426	0.216	0.212	1	BUD23	c27
0.0777300997978638	0.114872329837283	0.108	0.075	1	SDHAF1	c27
0.841713152789036	-0.114848444345159	0.021	0.019	1	AP002748.4	c27
0.346224884612631	-0.114799837652636	0.041	0.03	1	KBTBD7	c27
0.548235903676642	-0.11477640067949	0.077	0.067	1	METAP1	c27
0.674651577351259	-0.114762829457943	0.304	0.294	1	MAGOH	c27
0.143009555846352	0.114712741900244	0.258	0.222	1	LASP1	c27
0.724595141265158	0.114668916079753	0.026	0.022	1	ZBTB6	c27
0.623225024295342	-0.114621354553044	0.314	0.333	1	ATP1B3	c27
9.6523714566539e-05	0.11436989647041	0.113	0.05	1	ST6GAL1	c27
0.939343613065191	-0.114361823483626	0.057	0.056	1	FBXW7	c27
0.505592917609194	0.114171251590119	0.005	0.01	1	RPGRIP1L	c27
0.491872039053411	-0.114127996268142	0.026	0.019	1	ZNF211	c27
0.1279226445063	0.114096838311063	0.665	0.554	1	DBI	c27
0.760878184921555	0.114077776403343	0.206	0.21	1	MRPL28	c27
0.66846149925915	0.113995298197311	0.093	0.085	1	RNF40	c27
0.90238821190508	0.113933872194233	0.082	0.086	1	MACO1	c27
0.436026086916897	0.113717646259978	0.01	0.018	1	FBXO5	c27
0.845338530239628	0.113579038577076	0.026	0.024	1	SMAD3	c27
0.863458709892788	-0.113463309840756	0.041	0.044	1	SEPHS1	c27
0.241303033460493	0.113386271261597	0.402	0.374	1	C1QBP	c27
0.647268154098025	-0.113336313086194	0.675	0.624	1	PSME2	c27
0.228823136203293	-0.11301134662945	0.314	0.276	1	PPP2CA	c27
3.33893883000212e-05	0.112953591695803	1	0.93	1	RPL19	c27
0.832778778527441	0.112869908541997	0.036	0.034	1	KLHL42	c27
0.602091186689105	-0.112834780586502	0.072	0.083	1	SGTB	c27
0.0780406600412304	0.112820539562542	0.186	0.142	1	CXorf38	c27
0.720138195791823	0.112774243489138	0.046	0.041	1	ZNF444	c27
0.44042087603253	-0.112770180345729	0.149	0.131	1	IDI1	c27
0.668417080429005	0.112734251736342	0.093	0.104	1	CGAS	c27
0.671861490623831	-0.112632767923355	0.268	0.259	1	MRPS12	c27
0.576372200057454	-0.112532740462024	0.67	0.605	1	ATP6V0E1	c27
0.000165191825160087	0.112391182490889	0.938	0.847	1	RPL24	c27
0.237484096106704	-0.112372725671609	0.01	0.005	1	MIR4453HG	c27
0.297469140726591	0.112124022090161	0.082	0.065	1	AL135905.2	c27
0.107495689290008	0.112105799249749	0.67	0.578	1	NDUFA11	c27
0.862626768081881	-0.111930922638271	0.216	0.227	1	SZRD1	c27
0.980395255143449	0.111913641282883	0.031	0.032	1	ARRDC3	c27
0.421163248469159	-0.111717123853049	0.005	0.011	1	AC008771.1	c27
0.773069889699122	0.111633565316009	0.046	0.043	1	KBTBD3	c27
0.405506147287101	0.111454238931013	0.186	0.219	1	MTX1	c27
0.86033900201883	0.111366920155807	0.108	0.115	1	MYO1C	c27
0.0746020129963461	0.111347782803906	0.397	0.348	1	RPN1	c27
0.296770918899223	0.111313292617276	0.01	0.005	1	CCL3L1	c27
0.343208762944441	-0.111196568908059	0.438	0.414	1	NCOR1	c27
0.758899219705006	-0.111160759969067	0.742	0.689	1	UQCRB	c27
0.260117189944878	0.11112759520877	0.036	0.024	1	ZDHHC13	c27
0.0964136548453364	0.111127034112085	0.175	0.136	1	PAFAH1B3	c27
0.278543468869708	0.111106090871967	0.186	0.164	1	SMIM20	c27
0.607573129892157	-0.111090656032086	0.077	0.09	1	COQ9	c27
0.802365626664538	-0.110946992058918	0.01	0.009	1	HIST4H4	c27
0.017607385666216	0.110891372962189	0.103	0.061	1	NEDD9	c27
0.192955049039935	-0.110878894090008	0.216	0.269	1	PSMD11	c27
0.630511022083823	0.110718488971406	0.237	0.23	1	KMT2C	c27
0.583697193564106	-0.110609696182363	0.139	0.157	1	SURF2	c27
0.072413121312427	0.11045540945822	0.247	0.198	1	SNRNP40	c27
0.744768921548858	-0.110401556666752	0.108	0.102	1	SNHG3	c27
0.0242713580180557	-0.110318323402135	0.113	0.07	1	NFAT5	c27
0.822336330005356	0.109990895173726	0.113	0.124	1	FXN	c27
0.217598944189122	-0.109943212677457	0.263	0.229	1	ANAPC5	c27
0.105135996005103	0.109870360253975	0.273	0.229	1	YME1L1	c27
0.158468620611432	0.109691197708162	0.139	0.19	1	BCAP29	c27
0.512619830773585	-0.109474935245103	0.17	0.196	1	USF2	c27
0.860089163875809	-0.109445292249483	0.082	0.087	1	TARBP2	c27
0.845543858787258	-0.109416496171058	0.335	0.326	1	NBDY	c27
0.841782921906572	0.109415853533726	0.309	0.33	1	TBRG1	c27
0.820297100096782	0.109399200738032	0.041	0.039	1	AGO4	c27
0.605714847942206	0.109291950264214	0.376	0.358	1	PFDN2	c27
0.706011539032818	-0.109185102077418	0.155	0.168	1	TRIP11	c27
0.137071712092629	-0.109000583315267	0.144	0.111	1	BRIX1	c27
0.155254822675715	0.108975245537622	0.17	0.139	1	MFSD5	c27
0.143893984106243	0.108853815797218	0.036	0.021	1	ZNF324	c27
0.0352634325028532	-0.108851462248964	0.067	0.12	1	TMEM127	c27
0.276936767656234	0.108782388490404	0.278	0.257	1	ZC3H13	c27
0.129115391174333	-0.108763754621944	0.325	0.28	1	PRKDC	c27
0.929726016465683	0.108708196074887	0.433	0.444	1	SNX6	c27
0.982956769382647	-0.108142544369841	0.443	0.431	1	MICOS13	c27
0.0632387917044981	0.108130631171622	0.356	0.299	1	PRPF8	c27
0.469273575278769	-0.107993507897448	0.16	0.142	1	SETD2	c27
0.979217556506468	-0.107974806746052	0.34	0.348	1	EIF5B	c27
0.272966061634779	-0.107933666126042	0.021	0.036	1	LRFN4	c27
0.407416015785968	-0.107929785106142	0.031	0.022	1	PGBD2	c27
0.593196516531299	0.107662633380678	0.098	0.111	1	MFSD11	c27
0.942596157950696	0.107441079018879	0.237	0.238	1	TMEM30A	c27
0.027042150626289	0.107384161554182	0.155	0.106	1	IL6ST	c27
0.716949485539741	-0.107309995884122	0.119	0.112	1	ITCH	c27
0.678274727752541	0.107243288858533	0.036	0.031	1	AMACR	c27
0.0603766614609618	0.107117501430768	0.448	0.384	1	HSPD1	c27
0.859931077342404	-0.106890318017737	0.082	0.087	1	FAM217B	c27
0.0102288136763283	0.10687548937081	0.412	0.329	1	LUC7L3	c27
0.213312010978992	-0.106789565059957	0.387	0.341	1	EIF1B	c27
0.529597564833664	0.106696530424647	0.005	0.01	1	AC018755.4	c27
0.385477402537601	-0.106509182466834	0.16	0.139	1	LMF2	c27
0.129704536850746	0.106320657357819	0.206	0.169	1	UBN1	c27
0.795934545764725	0.106320336255104	0.052	0.048	1	RAB37	c27
0.174547871603904	-0.106300546181014	0.175	0.14	1	IRAK4	c27
0.671910571696331	-0.106198907299731	0.227	0.222	1	PPP4R2	c27
0.0123651682104096	0.106151962379695	0.356	0.278	1	KHDRBS1	c27
0.270455151148512	-0.106147480864025	0.211	0.184	1	COMMD2	c27
0.0850258811597144	0.106097461749444	0.438	0.379	1	DNAJC8	c27
0.358734355478682	-0.106031427542205	0.129	0.107	1	COX19	c27
0.481190179914301	0.106026162404374	0.443	0.423	1	FKBP8	c27
0.608145334288613	0.106012100655172	0.314	0.312	1	TOP1	c27
0.0670349470343082	-0.10599649251952	0.031	0.015	1	BX890604.2	c27
0.000213534682750246	0.105963414761448	0.938	0.863	1	RPL9	c27
0.484441597865421	0.105906887367564	0.067	0.083	1	ING2	c27
0.701614998561142	-0.105599453000247	0.34	0.32	1	PTMS	c27
0.547621042228339	-0.105462874165149	0.284	0.302	1	KRT10	c27
0.26261401806404	0.105424760375396	0.402	0.335	1	TNFSF13	c27
0.937504794519803	-0.105295385490767	0.634	0.559	1	PGK1	c27
0.856622362908462	-0.105234016234311	0.093	0.09	1	CBX1	c27
0.093610814001024	0.105012305048259	0.036	0.067	1	CCDC58	c27
0.782116647367038	-0.104978748446823	0.129	0.125	1	PML	c27
0.332767312874482	0.104872387682803	0.01	0.005	1	AC016773.1	c27
0.145479704913424	0.104552952642121	0.309	0.271	1	PTPN1	c27
0.637406890124788	-0.10453851863316	0.015	0.02	1	TIPARP-AS1	c27
0.403885068737694	-0.104425602424892	0.155	0.136	1	CDS2	c27
0.0329911919908476	0.104176554265309	0.51	0.447	1	TUFM	c27
0.228494895613809	-0.104111749551625	0.582	0.517	1	SRSF5	c27
0.546253911281677	-0.104035461823148	0.021	0.028	1	NFYA	c27
0.0744089217722702	-0.103621503483584	0.021	0.049	1	FLCN	c27
0.77656947808134	0.103495326271528	0.242	0.239	1	BTF3L4	c27
0.0238043047905246	0.103466682805658	0.459	0.387	1	ROCK1	c27
0.626976421083562	0.103451509422612	0.041	0.049	1	AGAP2	c27
0.00411307687550226	0.103393148933409	0.814	0.801	1	RPL4	c27
0.134145226016529	0.103357400772651	0.211	0.173	1	PPP4R3B	c27
0.522436438365898	-0.103239896986413	0.191	0.179	1	SMIM19	c27
0.603400233405842	-0.10312693549805	0.052	0.061	1	TEX261	c27
0.756068193851962	0.103098854583294	0.155	0.15	1	NMRAL1	c27
0.534764167412827	-0.103047665416919	0.253	0.235	1	CAMLG	c27
0.869877080004497	-0.102731239419724	0.046	0.044	1	TSC1	c27
0.657977708844728	-0.102727897175896	0.155	0.144	1	ILKAP	c27
0.460044325749364	0.102685609288907	0.021	0.03	1	ENTPD5	c27
0.00131241485559178	0.102665524788538	0.979	0.913	1	RPL7A	c27
0.171388698190009	0.102647107149545	0.046	0.03	1	FASN	c27
0.0301872915712777	-0.102604340192589	0.17	0.116	1	U2AF1L4	c27
0.429679158996123	-0.102598273918531	0.093	0.078	1	UBA5	c27
0.0190801095118187	0.102593335339431	0.474	0.392	1	DOCK8	c27
0.417973317523959	-0.102564501201545	0.077	0.095	1	FADD	c27
0.858004274731285	0.102537995266689	0.015	0.014	1	SNHG20	c27
0.224677309215329	-0.102470917720991	0.381	0.336	1	EWSR1	c27
0.32857887093024	0.102248484352257	0.108	0.138	1	ACOX1	c27
0.346297028822944	0.102193626855387	0.186	0.224	1	NKAP	c27
0.335927479868472	0.102128438303521	0.211	0.187	1	UBE2V2	c27
0.820365165201634	0.101819677965041	0.041	0.045	1	CLP1	c27
0.269790657101147	0.101790185792145	0.057	0.041	1	ZBTB17	c27
0.716258390918234	-0.101730792855895	0.036	0.042	1	NDST2	c27
0.436027694881651	-0.101716506009191	0.026	0.036	1	XPR1	c27
0.946584360244596	0.101450841509098	0.021	0.021	1	ALDH1B1	c27
0.755624623200112	-0.101441426451026	0.077	0.084	1	MBD1	c27
0.952036981684741	-0.101385875433818	0.222	0.227	1	HSPB11	c27
0.715526027392274	-0.101157178962591	0.165	0.159	1	ABHD16A	c27
0.653479844053978	-0.101090019958481	0.201	0.189	1	RASSF1	c27
0.992157952766848	0.10101355076545	0.026	0.026	1	ABCB10	c27
0.745256787774022	-0.100914722974129	0.155	0.15	1	SLC25A36	c27
0.741915883711983	0.100909925390012	0.057	0.064	1	MICA	c27
0.136750376965186	0.100906097676515	0.381	0.34	1	BZW1	c27
0.179291731331562	0.100777129414735	0.113	0.087	1	HPS3	c27
0.0809567851916636	-0.100776892177907	0.088	0.133	1	KLHL6	c27
0.31892065726979	0.100666491047666	0.098	0.079	1	NOP2	c27
0.652693882258505	0.100643459823776	0.026	0.021	1	FKBPL	c27
0.0329080094111658	0.10062898354868	0.268	0.207	1	THOC2	c27
0.503690482834011	0.100552400396597	0.144	0.132	1	TRIAP1	c27
0.481789403748434	0.100493565460142	0.036	0.047	1	SGPP1	c27
0.816418680955528	0.100440844642363	0.062	0.059	1	IL1RAP	c27
0.526469117052363	-0.100437671565575	0.046	0.058	1	MTMR12	c27
0.808024917587864	-0.100356089795517	0.062	0.058	1	HEXD	c27
0.541662185692159	-0.100316041391351	0.541	0.485	1	PSMD8	c27
0.0957019374752163	-0.100272038047702	0.222	0.288	1	TRAPPC2L	c27
0.528131581634306	0.100264392120105	0.052	0.043	1	PTER	c27
0.460867341962743	-0.100246708392523	0.325	0.306	1	RAB1B	c27
0.244637438187212	-0.100177495993122	0.052	0.076	1	KCTD5	c27
0.746237458897895	0.100133204279103	0.082	0.077	1	PELP1	c27
0.472976329632389	-0.100014658068994	0.263	0.294	1	UFD1	c27
