# factor-levels: seurat_clusters=c1|c2|c3|c4|c5|c6|c7|c8|c9|c10|c11|c12|c13|c14|c15|c16|c17|c18|c19|c20|c21|c22|c23|c24|c25|c26|c27|c28

p_val	avg_log2FC	pct.1	pct.2	p_val_adj	gene	seurat_clusters
1.52891370710129e-151	7.62693392911592	0.018	0	5.59597705936144e-147	FCRLA	c18
7.33310671183168e-95	7.39223063602071	0.013	0	2.68399038759751e-90	IGHD	c18
1.04389911718816e-89	7.09109485632083	0.015	0	3.8207751588204e-85	FCER2	c18
1.71882481154657e-149	7.08534515024288	0.019	0	6.2910706927416e-145	TCL1A	c18
1.16107711844682e-108	6.68163290220285	0.019	0.001	4.2496583612272e-104	SPIB	c18
4.59311977152387e-104	6.47950011292883	0.015	0	1.68112776757545e-99	VPREB3	c18
9.93772330805699e-133	6.06794260319424	0.03	0.001	3.63730610798194e-128	IGHM	c18
1.15052903460571e-99	6.0015463434777	0.023	0.001	4.21105131956035e-95	LINC00926	c18
4.73252211029786e-110	5.96972640280268	0.02	0.001	1.73215041759012e-105	NIBAN3	c18
1.47900650170183e-45	5.80854233291023	0.017	0.001	5.41331169687888e-41	CD19	c18
3.26866184207012e-70	5.46494078069559	0.043	0.006	1.19636292081608e-65	CD79A	c18
1.52456650195937e-52	5.32498533377538	0.024	0.003	5.58006585382149e-48	BANK1	c18
8.09567328358047e-99	5.07306831286574	0.015	0	2.96309737852329e-94	IGKC	c18
2.0404126735132e-70	4.73289207617679	0.014	0.001	7.46811442632566e-66	IGHA1	c18
2.08104323411518e-30	4.37377505696319	0.02	0.003	7.61682634118496e-26	AC233976.1	c18
3.49730768042725e-14	4.27615510201865	0.013	0.003	1.28004958411318e-09	CNKSR2	c18
6.48449824762498e-14	4.17836953437643	0.019	0.005	2.37339120361322e-09	FAM153A	c18
6.70224846379481e-19	4.15458937407441	0.011	0.002	2.45308996023354e-14	ADAM28	c18
5.07740912682153e-34	4.10518517268209	0.012	0.001	1.85838251450795e-29	TNFRSF13B	c18
3.08821589096813e-39	4.08722793801686	0.031	0.006	1.13031789825325e-34	AFF3	c18
6.63614030129814e-25	4.00610861709819	0.016	0.002	2.42889371167813e-20	BLK	c18
6.79780919168345e-16	3.95940086647202	0.011	0.002	2.48806614224806e-11	PLD4	c18
2.43679338255643e-26	3.93623509717088	0.045	0.014	8.91890745949479e-22	MS4A1	c18
6.80095248875232e-12	3.93265523113274	0.013	0.003	2.48921662040824e-07	GRASP	c18
5.19233754919618e-66	3.9082446895814	0.097	0.027	1.90044746638129e-61	TTN	c18
1.36026504511386e-10	3.79868095602491	0.012	0.003	4.97870609162122e-06	HLA-DOB	c18
8.50634378335631e-21	3.79144690924781	0.012	0.002	3.11340688814624e-16	POU2AF1	c18
1.34544892441907e-08	3.67708140100831	0.01	0.002	0.000492447760826625	AEBP1	c18
8.01217712908216e-07	3.60863480025063	0.013	0.004	0.0293253695101536	KANK1	c18
9.87480523490534e-21	3.53354171015583	0.048	0.017	3.6142774640277e-16	RALGPS2	c18
3.75505485091586e-16	3.41581331665179	0.027	0.008	1.37438762598371e-11	CCDC141	c18
4.09303146856223e-38	3.32077853898837	0.072	0.023	1.49809044780846e-33	ANK3	c18
5.80927802253047e-10	3.3007724583855	0.013	0.003	2.12625384902638e-05	BCL7A	c18
3.45579033848955e-46	3.18471002401947	0.188	0.098	1.26485382179056e-41	NFKBIZ	c18
8.50897448469281e-26	3.13601736248446	0.092	0.042	3.11436975114242e-21	TSHZ2	c18
1.3349649025454e-23	3.13326297395923	0.167	0.106	4.88610503980641e-19	SERINC5	c18
3.23253970970592e-07	3.09793043257417	0.031	0.016	0.0118314185914946	RTKN2	c18
3.07603062076524e-26	3.09119924870437	0.075	0.031	1.12585796750628e-21	TRIM73	c18
1.27969558677397e-18	3.07020084534035	0.075	0.036	4.68381381715141e-14	TXK	c18
5.87369037133206e-20	3.02813668258268	0.055	0.022	2.14982941281125e-15	BACH2	c18
8.32916395647453e-09	2.91804570083805	0.039	0.02	0.000304855729970924	LINC00402	c18
8.87642478824364e-12	2.89641267223891	0.124	0.085	3.24886023674506e-07	SESN3	c18
3.4665086508707e-51	2.89190169406099	0.156	0.069	1.26877683130519e-46	CDC14A	c18
7.8842474795912e-12	2.81509992526195	0.054	0.027	2.88571342000517e-07	CHRM3-AS2	c18
3.84540903793895e-10	2.79376417938918	0.068	0.04	1.40745816197603e-05	SSBP2	c18
6.48570517643569e-19	2.7919122546297	0.126	0.075	2.37383295162723e-14	UTY	c18
3.22984631196136e-60	2.73530283820255	0.214	0.106	1.18215604864098e-55	INPP4B	c18
3.36348170514905e-24	2.70345328842637	0.136	0.077	1.2310679389016e-19	SPTBN1	c18
4.25840279785729e-08	2.68961892560702	0.065	0.04	0.00155861800804375	SNHG14	c18
7.27085279719426e-34	2.68497179885544	0.21	0.131	2.66120483230107e-29	AC119396.1	c18
4.8312790597659e-07	2.6441358141364	0.039	0.021	0.0176829644866492	NOTCH2NLC	c18
4.19761194879111e-61	2.61492818735118	0.251	0.138	1.53636794937703e-56	CAMK4	c18
3.6210708429636e-07	2.60344820278949	0.042	0.024	0.0132534813923311	CCR4	c18
2.09543535685922e-17	2.57681926220221	0.107	0.061	7.66950294964041e-13	NELL2	c18
1.14267577349571e-06	2.57380913594491	0.13	0.106	0.0418230759857163	IL6ST	c18
2.82375720134245e-42	2.570845413914	0.197	0.109	1.03352337326335e-37	LEF1	c18
1.17559331876424e-06	2.48979955719572	0.083	0.058	0.0430278910600898	KDM5D	c18
1.65139016600267e-07	2.48611525452293	0.076	0.051	0.00604425314658637	RIC3	c18
7.95429923120007e-08	2.48106605364095	0.04	0.021	0.00291135306161154	ZNF507	c18
4.30047999128339e-10	2.42946870169358	0.052	0.027	1.57401868160963e-05	SIDT1	c18
8.78950249538223e-21	2.42673731487556	0.187	0.129	3.21704580833485e-16	GABPB1-AS1	c18
3.76113032938729e-106	2.41250178368365	0.382	0.22	1.37661131185904e-101	RIPOR2	c18
1.6155093916668e-26	2.3914197283034	0.165	0.099	5.91292592443964e-22	CCR7	c18
4.34236595610111e-21	2.38490376278234	0.155	0.097	1.58934936359257e-16	ABLIM1	c18
3.85792912572754e-09	2.383043047005	0.09	0.06	0.000141204063930754	ANKRD36B	c18
1.29979740232209e-08	2.3670378004139	0.092	0.062	0.00047573884722391	CD28	c18
2.79387219492389e-08	2.36469381210181	0.072	0.046	0.00102258516206409	TNFSF8	c18
1.97664313580652e-15	2.36451661201881	0.165	0.118	7.23471154136543e-11	DGKA	c18
5.33658824281449e-19	2.31571529681797	0.132	0.08	1.95324466275253e-14	JAK3	c18
7.20631907266867e-07	2.28119982654859	0.083	0.058	0.0263758484378746	PRKY	c18
2.61965668487485e-08	2.24451379116468	0.113	0.083	0.000958820543231042	ANKRD36	c18
3.21719792842909e-19	2.23684340150742	0.177	0.121	1.17752661378433e-14	P2RY8	c18
2.84634697365064e-17	2.202483972722	0.178	0.127	1.04179145582587e-12	BCL11B	c18
1.8988271157633e-16	2.1696670165555	0.31	0.298	6.94989712640527e-12	FOXP1	c18
2.50200166812467e-20	2.15035020018318	0.176	0.118	9.15757630550311e-16	ITK	c18
9.95336632860629e-07	2.13986323292749	0.124	0.098	0.0364303160993319	RAPGEF6	c18
7.35470618064092e-41	2.09952264806396	0.264	0.171	2.69189600917638e-36	SELL	c18
4.67722554950456e-47	2.09245514315763	0.335	0.24	1.71191132337416e-42	SYNE2	c18
5.19231013875116e-13	2.08025818388529	0.231	0.197	1.90043743388431e-08	ANKRD44	c18
6.45566867390869e-15	2.06566450525837	0.174	0.127	2.36283929133732e-10	TC2N	c18
0	2.04936688496869	0.993	0.97	0	MALAT1	c18
5.52853173143753e-61	2.00855759847753	0.482	0.455	2.02349789902345e-56	SF1	c18
5.53862606847107e-33	1.99117434711448	0.274	0.198	2.0271925273211e-28	LINC00861	c18
1.1042279631949e-15	1.95466374853613	0.257	0.222	4.04158476808964e-11	ARHGAP15	c18
4.78607773722755e-13	1.94474696144841	0.178	0.137	1.75175231260266e-08	PRKCQ-AS1	c18
2.01885083176342e-18	1.92430809658737	0.317	0.293	7.3891959293373e-14	SMCHD1	c18
2.62914183956199e-18	1.92267251554451	0.379	0.398	9.62292204698082e-14	RSRP1	c18
8.86254315917961e-31	1.90278025162905	0.437	0.452	3.24377942169133e-26	DDX17	c18
1.57067246032168e-07	1.89534273779715	0.111	0.082	0.00574881827202339	STAT4	c18
6.21742353338273e-08	1.88072498305465	0.212	0.193	0.00227563918745341	EPB41	c18
3.94334260674258e-08	1.77700934984767	0.164	0.135	0.00144330282749385	SLC38A1	c18
1.42835502156258e-08	1.73168371542451	0.045	0.088	0.00052279222144212	MAN2C1	c18
5.67550859947239e-07	1.70535085006972	0.074	0.124	0.0207729290249289	RAB3GAP1	c18
1.27225184404805e-07	1.70318499855205	0.183	0.159	0.00465656897440027	TCF7	c18
1.25037640894673e-92	1.69746180938891	0.595	0.524	4.57650269438593e-88	IL7R	c18
2.99420604372627e-14	1.68239328290025	0.397	0.448	1.09590935406425e-09	PNISR	c18
2.18284849304486e-38	1.64644250251396	0.371	0.306	7.98944376939349e-34	TRAF3IP3	c18
7.07914945407573e-09	1.61873077112417	0.38	0.451	0.000259103949168626	MBNL1	c18
3.64309391173403e-07	1.61653781883083	0.054	0.097	0.0133340880263377	MTAP	c18
8.22942313062581e-09	1.61621588710004	0.082	0.143	0.000301205116004035	TMEM63A	c18
8.11912000326396e-08	1.59786134779722	0.053	0.097	0.00297167911239464	CRYZL1	c18
2.27098727205838e-09	1.59749808961541	0.048	0.096	8.31204051446086e-05	STAM	c18
5.82352180037979e-07	1.59359655346554	0.037	0.071	0.0213146721415701	MSH3	c18
2.16663688368873e-10	1.59134891356331	0.084	0.153	7.93010765798913e-06	GALT	c18
9.8564656373197e-09	1.57372462932458	0.057	0.107	0.000360756498791538	IREB2	c18
3.45686242637514e-07	1.56178991961488	0.021	0.049	0.0126524621667756	SCML1	c18
8.2156452524933e-08	1.56045749049026	0.037	0.075	0.00300700831886507	GCN1	c18
1.71172670044665e-07	1.55542324884557	0.088	0.145	0.00626509089630477	CUL5	c18
1.09759923466506e-06	1.55158432304697	0.025	0.054	0.0401732295879758	USP46	c18
1.12302700355329e-09	1.54885440863112	0.08	0.143	4.11039113570538e-05	YIPF4	c18
4.51628224173165e-09	1.53732798153019	0.051	0.1	0.00016530044632962	SLC30A9	c18
1.66269071649758e-07	1.53330708018655	0.037	0.074	0.00608561429145278	TRAK2	c18
8.49255068005856e-07	1.53293641222946	0.12	0.188	0.0310835847440823	LONP2	c18
3.6211145555657e-07	1.53203513637287	0.091	0.148	0.013253641384826	ETNK1	c18
4.25414051806456e-08	1.5310141240404	0.025	0.059	0.00155705797101681	MAPK8	c18
5.44637238012398e-09	1.52845578555553	0.052	0.1	0.000199342675484918	RNF111	c18
1.06757035392843e-10	1.52789518176678	0.157	0.267	3.90741425241343e-06	TGFBR2	c18
2.36462850839521e-10	1.52657243371272	0.09	0.161	8.65477680357733e-06	RANBP2	c18
5.33161646132755e-10	1.52534472299982	0.415	0.508	1.9514249410105e-05	FUS	c18
1.70193638794494e-09	1.52448518448232	0.052	0.102	6.22925737351726e-05	MTMR6	c18
7.99824444353968e-07	1.52368360769611	0.054	0.094	0.0292743744877996	MFSD14A	c18
2.4974654477306e-08	1.52232810649185	0.08	0.138	0.000914097328523877	CREBRF	c18
9.52264132753079e-07	1.52046543577805	0.067	0.113	0.0348538195228954	RHOT2	c18
2.94763409485937e-07	1.5173931859792	0.111	0.178	0.0107886355505948	CDK12	c18
5.23876807134499e-11	1.51583508065002	0.046	0.099	1.91744150179298e-06	SGSM3	c18
4.70168495764316e-07	1.51572521085472	0.028	0.059	0.0172086371134697	FASTKD2	c18
1.42964842255886e-10	1.51137391887004	0.049	0.102	5.23265619140767e-06	DELE1	c18
7.97168794073289e-07	1.50258665242294	0.062	0.106	0.0291771750318764	MARF1	c18
4.4643134331875e-07	1.5008642795634	0.05	0.09	0.0163398335968096	RAB3GAP2	c18
8.19608409202451e-10	1.50059544571916	0.059	0.114	2.99984873852189e-05	DNM1L	c18
5.00795606308838e-08	1.50025847474146	0.05	0.094	0.00183296199865098	SLC30A5	c18
8.65896469804703e-07	1.49952120194033	0.065	0.11	0.0316926766913219	MARCH6	c18
9.87231037884236e-09	1.49740950595484	0.148	0.243	0.000361336432176009	ANKHD1	c18
8.37604070079095e-07	1.49697484542811	0.013	0.037	0.030657146568965	ERMARD	c18
2.73881828204441e-15	1.49028045561492	0.05	0.118	1.00243487941108e-10	SYNJ2BP	c18
3.2380454258461e-07	1.49026664573478	0.095	0.154	0.0118515700631393	ATXN7L3B	c18
1.73455244546551e-07	1.48848084705037	0.087	0.144	0.0063486354056483	ELMO1	c18
2.62510567581363e-07	1.48479590626258	0.085	0.14	0.00960814928404547	JPX	c18
8.3517501967094e-08	1.48448638189868	0.041	0.08	0.00305682408949761	ZCCHC8	c18
6.9862316901541e-07	1.48082147697776	0.018	0.044	0.025570306609133	ATRN	c18
9.61859407895075e-07	1.47856346030857	0.055	0.095	0.0352050161883676	POLK	c18
1.05807257081703e-08	1.47508080681935	0.065	0.117	0.000387265141644742	YLPM1	c18
1.36208141309866e-12	1.47227977323965	0.29	0.27	4.9853541800824e-08	SPOCK2	c18
7.85623635031851e-09	1.47212355025849	0.024	0.058	0.000287546106658008	CASP10	c18
5.24809669155615e-07	1.47194953904897	0.052	0.092	0.0192085587007647	MAP3K4	c18
7.40663944516138e-07	1.46744496476845	0.068	0.114	0.0271090410332352	PHTF2	c18
1.77288080848469e-09	1.46662747601721	0.056	0.107	6.4889210471348e-05	CRTC3	c18
1.48482732642517e-09	1.4656588572022	0.06	0.115	5.43461649744876e-05	CREBBP	c18
2.58820721018833e-07	1.46226471098275	0.092	0.151	0.00947309721001029	HIF1A	c18
8.91122352441111e-10	1.46179330488487	0.053	0.104	3.26159692216971e-05	NEK9	c18
8.69444213897706e-07	1.46138120770948	0.064	0.108	0.0318225276728699	COX19	c18
6.31507815560256e-07	1.4597999103241	0.078	0.129	0.0231138175573209	AP1G2	c18
7.48561760926995e-11	1.45331408986562	0.053	0.108	2.73981090116889e-06	ZMYND8	c18
1.44006204329195e-09	1.45144373468432	0.266	0.251	5.27077108465285e-05	ACAP1	c18
9.85620649963895e-08	1.45033646213049	0.06	0.107	0.00360747014093285	SMG7	c18
4.89212170459604e-07	1.44888247592943	0.028	0.059	0.017905654650992	VPS50	c18
4.09433797460090e-09	1.44623778305633	0.067	0.122	0.000149856864208367	RAP1GDS1	c18
6.44622121822777e-07	1.44340773799145	0.04	0.076	0.0235938142808355	LRRC8C	c18
2.02351459095889e-10	1.44334448218458	0.022	0.061	7.40626575436862e-06	HSPBAP1	c18
5.94039790838121e-07	1.44321330833463	0.023	0.051	0.0217424503844661	HIVEP1	c18
8.25390813945169e-11	1.43753714126496	0.043	0.095	3.02101291812071e-06	SGMS1	c18
8.68221355324673e-08	1.42849345225448	0.101	0.166	0.00317777698262383	HERC1	c18
1.62608557110163e-07	1.42833104605052	0.077	0.13	0.00595163579878907	SPEN	c18
6.73982645284754e-10	1.42547949483142	0.072	0.133	2.46684388000673e-05	KDM2A	c18
1.00969636351447e-08	1.42507984205718	0.074	0.131	0.000369558966009932	LRPPRC	c18
4.06903974147038e-07	1.42223097503212	0.038	0.073	0.0148930923577557	TBC1D23	c18
1.04195633692124e-06	1.42206890743733	0.017	0.042	0.0381366438876541	PROSER1	c18
1.77517303223916e-10	1.42152997157901	0.039	0.087	6.49731081529855e-06	TMEM245	c18
1.48149804432975e-11	1.42050926085865	0.035	0.084	5.42243099205133e-07	XPO6	c18
9.12172628970447e-13	1.41743407558419	0.066	0.136	3.33864303929473e-08	MAN2A1	c18
1.03936129787096e-06	1.41680383086893	0.009	0.03	0.0380416628633749	EXD2	c18
4.09071588457795e-08	1.41615367332851	0.037	0.076	0.00149724292091437	MAP4K2	c18
4.47529832173625e-07	1.41603601530886	0.097	0.156	0.0163800393873869	TNIK	c18
9.6813069921108e-13	1.41284332158609	0.128	0.23	3.54345517218248e-08	OIP5-AS1	c18
1.68792807042887e-13	1.41270388096322	0.123	0.225	6.17798553057669e-09	LMBRD1	c18
1.46449654654401e-09	1.41264954458389	0.031	0.072	5.36020381000572e-05	MLH1	c18
3.27768435587834e-09	1.40925119994217	0.023	0.059	0.000119966525109503	WDR12	c18
2.69813580777631e-11	1.40826774566963	0.082	0.154	9.87544687004207e-07	CORO7	c18
5.12371076796119e-08	1.4076936825597	0.054	0.1	0.00187532937818147	ARID1B	c18
4.60882938851766e-09	1.40717514839886	0.039	0.081	0.000168687764449135	SC5D	c18
4.0255406234177e-08	1.40689376539708	0.043	0.085	0.00147338812357711	PYROXD1	c18
5.35373082479212e-08	1.40505231129822	0.05	0.093	0.00195951901918216	ELP2	c18
1.0534542878185e-13	1.40491962392138	0.062	0.132	3.85574803884448e-09	STT3B	c18
1.29963923937518e-09	1.40164168820386	0.046	0.095	4.7568095800371e-05	MARK3	c18
1.97143396398151e-07	1.40030871031277	0.013	0.038	0.00721564545156871	PDSS1	c18
4.97274414807497e-11	1.398251931957	0.062	0.122	1.82007408563692e-06	NUP58	c18
1.01782632390283e-07	1.39710177724421	0.063	0.112	0.00372534612811673	ZZEF1	c18
1.31577653835752e-12	1.39709084072599	0.156	0.275	4.81587370804235e-08	SNRNP70	c18
3.27284409202906e-07	1.39707230948532	0.058	0.102	0.0119789366612356	NBAS	c18
2.3254911175727e-09	1.39345512238828	0.139	0.231	8.51153003942785e-05	ANKRD11	c18
9.79989734177693e-08	1.39214246191459	0.086	0.144	0.00358686042606378	NUTM2A-AS1	c18
8.50140069784844e-07	1.39012430012344	0.04	0.075	0.0311159766941951	ERC1	c18
3.77578208751931e-13	1.38814152874768	0.046	0.107	1.38197400185294e-08	LSG1	c18
1.91533250547e-76	1.38314710013904	0.657	0.738	7.01030850327074e-72	PTPRC	c18
2.34359333092855e-10	1.38169147556325	0.101	0.178	8.57778595053159e-06	BAZ2A	c18
7.9597812131662e-07	1.37933664270605	0.023	0.051	0.0291335952183096	DGCR2	c18
1.38271927790178e-10	1.37903162519922	0.03	0.074	5.06089082904832e-06	CSE1L	c18
8.47185281748399e-10	1.377783073452	0.065	0.122	3.10078284972732e-05	KIDINS220	c18
3.62826345971437e-07	1.37529342469018	0.031	0.064	0.0132798070889006	HACL1	c18
3.96806037791799e-08	1.37209767135145	0.144	0.232	0.00145234977892176	USP34	c18
1.10430668328347e-06	1.37198361655574	0.034	0.066	0.0404187289148583	TAMM41	c18
5.1362552279105e-10	1.37124189722567	0.058	0.113	1.87992077596752e-05	NUP98	c18
9.13578090281554e-07	1.37072050391443	0.028	0.059	0.0334378716823951	DPH6	c18
1.42089967500216e-07	1.37015777875717	0.053	0.096	0.00520063490047539	STYX	c18
1.27110542537088e-09	1.37007062540263	0.071	0.131	4.65237296739995e-05	TAF3	c18
1.31104047655538e-08	1.36998495765277	0.21	0.341	0.000479853924824036	ATRX	c18
4.59617170674433e-09	1.36904934116826	0.2	0.327	0.000168224480638549	BCLAF1	c18
1.50605241224267e-08	1.36879847032641	0.045	0.088	0.000551230243404939	TNRC6A	c18
8.48885533188908e-10	1.36827287087951	0.103	0.178	3.10700594002472e-05	DNAJB14	c18
5.97614943345086e-08	1.36807907003572	0.041	0.081	0.00218733045413735	KIAA0319L	c18
5.28477462198545e-09	1.36756238687472	0.056	0.106	0.000193428035939289	COQ10B	c18
9.66392716137508e-07	1.36713748632858	0.078	0.128	0.0353709398033489	TMEM50B	c18
1.56525436125736e-12	1.36702762879268	0.107	0.197	5.72898748763808e-08	NPEPPS	c18
4.90081478127117e-11	1.36469812226761	0.068	0.132	1.79374721809306e-06	CPSF6	c18
3.29426061680521e-07	1.3637847421109	0.034	0.068	0.0120573232835688	ABCD4	c18
3.43817220568556e-07	1.36237447271038	0.038	0.074	0.0125840540900297	UIMC1	c18
1.42611045022127e-08	1.35985563136425	0.03	0.067	0.000521970685885486	UMAD1	c18
1.15496754435635e-09	1.35974583602902	0.034	0.076	4.22729670909869e-05	ZNF609	c18
4.06594582339358e-09	1.35944393180047	0.025	0.061	0.000148817683082028	ESYT2	c18
1.14594071558444e-06	1.35941584707928	0.025	0.054	0.0419425761311062	LYSMD3	c18
4.95278706633535e-09	1.35941034297738	0.107	0.18	0.00018127695941494	FAM133B	c18
8.47412670536756e-08	1.35872530860598	0.065	0.113	0.00310161511543158	PUM2	c18
7.88700966142549e-09	1.35663884993807	0.03	0.067	0.000288672440617834	CNOT10	c18
1.4106687545959e-07	1.35654375107133	0.023	0.053	0.00516318870869646	SLC25A16	c18
3.25737999258344e-07	1.35638560857176	0.052	0.093	0.0119223365108546	NOL11	c18
2.1493463939746e-17	1.35638466982289	0.037	0.106	7.86682273658645e-13	ERO1A	c18
1.53347885303643e-09	1.35618076940333	0.12	0.203	5.61268594999865e-05	VPS51	c18
3.51962363777515e-11	1.35581201579892	0.046	0.099	1.28821744766208e-06	MED1	c18
6.29059638730921e-08	1.35539145833205	0.068	0.119	0.00230242118371904	CASP8AP2	c18
1.22439511829879e-11	1.35496563560953	0.085	0.159	4.48140857248541e-07	DCAF8	c18
1.42927443082158e-15	1.3530413392071	0.047	0.116	5.23128734425008e-11	PDK3	c18
1.22919214232153e-06	1.35276377018645	0.021	0.047	0.0449896616011104	RBM41	c18
2.93786306138333e-11	1.35258002112465	0.051	0.108	1.07528725909691e-06	KIFAP3	c18
6.11630608255741e-09	1.35235119201372	0.042	0.085	0.000223862918927684	MBD1	c18
9.97272455521773e-07	1.35117442193569	0.059	0.101	0.0365011691445524	SP3	c18
3.46669949192774e-07	1.34992733692342	0.048	0.087	0.0126884668104047	ARIH1	c18
2.33475430735897e-10	1.34888926479852	0.028	0.07	8.54543424036457e-06	METTL3	c18
9.36988756207685e-19	1.34779439385886	0.077	0.172	3.42947254659575e-14	ITPR2	c18
1.06726451520331e-16	1.34708666368516	0.054	0.13	3.90629485209565e-12	TRMT1	c18
2.87259142369371e-07	1.34444387191479	0.033	0.066	0.0105139718698614	HARS2	c18
7.28354919850082e-09	1.34382641872294	0.02	0.053	0.000266585184214329	ZMIZ2	c18
2.30963655580605e-09	1.34198441880892	0.019	0.053	8.45350075790571e-05	BAG3	c18
8.53894930735216e-08	1.34171431162825	0.052	0.095	0.00312534083598396	NEK7	c18
8.31710850988604e-10	1.34058794869466	0.185	0.308	3.04414488570339e-05	GCC2	c18
6.37996431667253e-10	1.33731248916027	0.141	0.238	2.33513073954531e-05	KLF3	c18
1.56492454974705e-11	1.33700934838745	0.074	0.142	5.72778034452919e-07	TNKS2	c18
7.92347033461768e-10	1.336750931449	0.029	0.07	2.90006937717342e-05	PDPR	c18
5.32787610675616e-10	1.33533722179711	0.139	0.234	1.95005593383382e-05	SNRNP200	c18
3.98478840136578e-08	1.33494350881271	0.039	0.079	0.00145847240278389	AAGAB	c18
2.58437760994137e-10	1.33411021683553	0.039	0.086	9.45908049014641e-06	ARHGEF18	c18
7.78967304320825e-10	1.33193533161981	0.096	0.168	2.85109823054465e-05	SUPT5H	c18
4.50862419608692e-07	1.33182755245733	0.056	0.098	0.0165020154200977	DENND1B	c18
9.43394642403926e-07	1.33086122823045	0.02	0.046	0.0345291873066261	NR1D2	c18
1.43822418488712e-12	1.32975787119544	0.055	0.118	5.26404433910537e-08	TMEM106B	c18
2.67396645230727e-08	1.32908259876013	0.068	0.12	0.000978698461208984	ASXL2	c18
4.5885426220147e-13	1.32771546616181	0.058	0.124	1.6794524850836e-08	CUX1	c18
1.00831062406326e-11	1.32576791806213	0.033	0.081	3.69051771513393e-07	BBS2	c18
7.72026220935888e-10	1.32573288701715	0.046	0.095	2.82569317124744e-05	ZNF326	c18
1.10331318707585e-08	1.32475994757958	0.049	0.095	0.000403823659601631	ZDHHC6	c18
4.34718290500457e-10	1.32464669188354	0.079	0.144	1.59111241506072e-05	TASOR	c18
1.3926756695595e-07	1.32264148941678	0.055	0.099	0.00509733221815471	SACM1L	c18
2.55530929299652e-09	1.32254041369481	0.058	0.11	9.35268754329656e-05	CDK13	c18
4.74219278312803e-08	1.32086875600617	0.041	0.081	0.00173568998055269	TTC19	c18
1.44779740407357e-07	1.31866964723277	0.068	0.118	0.00529908327864966	METTL17	c18
5.48352446480475e-10	1.31821523161118	0.114	0.195	2.00702478936319e-05	SMARCA2	c18
9.00785086685231e-08	1.3168475343157	0.017	0.045	0.00329696349577662	GALNT7	c18
8.88147304961412e-09	1.31557237665071	0.083	0.144	0.000325070795088927	SETD2	c18
4.56292022271085e-08	1.31467043118704	0.08	0.137	0.0016700744307144	KCNA3	c18
1.16666858479777e-08	1.31385342122977	0.187	0.303	0.000427012368721832	PRPF8	c18
2.9090315934356e-12	1.31254217975438	0.069	0.138	1.06473465351336e-07	UBR5	c18
7.12324245347885e-08	1.31213399500125	0.195	0.313	0.00260717797039779	ARID4B	c18
1.53813263653892e-12	1.31200572902496	0.068	0.138	5.62971926299609e-08	PIK3R5	c18
5.4760334964724e-13	1.31148816135487	0.145	0.258	2.00428302004386e-08	NEMF	c18
2.73938483068833e-07	1.31044141078034	0.031	0.064	0.0100264224188024	USP24	c18
3.37861782236293e-16	1.31031991803484	0.126	0.242	1.23660790916306e-11	RNMT	c18
1.37299882967507e-09	1.30940095602462	0.095	0.166	5.02531301649371e-05	SRSF1	c18
6.92934539221333e-11	1.30912142519228	0.04	0.09	2.536209707004e-06	TCTN3	c18
1.14788784631233e-13	1.30769024560664	0.097	0.186	4.20138430628776e-09	FOXN3	c18
5.79138339734586e-07	1.30751963162224	0.016	0.041	0.0211970423726256	CHD1L	c18
4.53282286922824e-15	1.30555810711325	0.045	0.11	1.65905849836623e-10	BTD	c18
5.49434634198551e-09	1.30417366613892	0.03	0.069	0.000201098570463012	ELP3	c18
8.53544966673525e-13	1.30348375047775	0.1	0.185	3.12405993252177e-08	CNTRL	c18
5.1125641763379e-10	1.30283758237477	0.045	0.094	1.87124961418144e-05	REV3L	c18
8.1068426875277e-09	1.30195150523739	0.063	0.116	0.000296718549206201	LPIN1	c18
5.56292886759724e-13	1.30157250564406	0.037	0.092	2.03608759482927e-08	TIAM1	c18
4.36715369516512e-09	1.30102709482479	0.12	0.201	0.000159842192396739	TLK1	c18
2.37807452360257e-15	1.30047374160243	0.09	0.181	8.70399056383778e-11	AFF4	c18
7.29351455613249e-07	1.30019121334216	0.023	0.051	0.0266949926269005	HMG20A	c18
1.41391436521761e-11	1.2998070160937	0.025	0.07	5.17506796813299e-07	C6orf120	c18
2.20928731078421e-08	1.29933287979138	0.029	0.065	0.000808621248620129	ZNF280D	c18
4.76829189094456e-10	1.29548683714191	0.065	0.123	1.74524251500462e-05	NUP50	c18
1.27019696288762e-11	1.29546292612754	0.05	0.107	4.64904790386499e-07	TNPO3	c18
1.29175924919694e-08	1.2933762615466	0.074	0.13	0.000472796802798571	MTERF4	c18
1.50562080818597e-11	1.29194352973806	0.025	0.069	5.51072272004147e-07	PISD	c18
7.80430642077432e-07	1.28838130632604	0.076	0.125	0.0285645419306761	CRLF3	c18
1.10094656663916e-06	1.28800902265808	0.028	0.058	0.0402957452855599	ELMOD3	c18
1.83242881653527e-08	1.2879311050524	0.027	0.063	0.000670687271140075	LRRC57	c18
2.27830129180043e-08	1.28786013031588	0.053	0.099	0.000833881055811876	OPA1	c18
1.56691054631922e-07	1.287591566798	0.013	0.038	0.00573504929058296	STRN3	c18
1.82159523822164e-11	1.28592562244253	0.033	0.08	6.66722073141501e-07	ANKRD13A	c18
1.40889822293007e-09	1.28463282119065	0.059	0.112	5.15670838574634e-05	TAZ	c18
3.50715338181661e-16	1.28370249754826	0.147	0.275	1.2836532092787e-11	GOLGA4	c18
1.26973133869555e-13	1.28248186832025	0.037	0.094	4.64734367275957e-09	DDX52	c18
9.03392559509511e-09	1.28068835073989	0.05	0.096	0.000330650710706076	MTREX	c18
1.23106753847668e-08	1.2783411648235	0.146	0.239	0.000450583029757848	MGAT4A	c18
7.4358279329885e-10	1.27812098569946	0.051	0.102	2.72158738175312e-05	IARS	c18
2.69378570555336e-07	1.27791364605567	0.042	0.079	0.00985952506089587	FBXO34	c18
2.53857840213005e-15	1.27697559254544	0.054	0.125	9.29145080963618e-11	NSMAF	c18
9.23481760967636e-08	1.27693374030368	0.018	0.046	0.00338003559331765	ALKBH2	c18
2.00573777179957e-08	1.27553545699225	0.054	0.101	0.000734120081856362	MX2	c18
3.39588160447074e-09	1.27363338246706	0.033	0.073	0.000124292662605234	TET2	c18
1.12500206011627e-12	1.27347668499474	0.056	0.119	4.11762004023157e-08	TARDBP	c18
6.7683759738293e-09	1.27303946048897	0.037	0.078	0.000247729329018126	NFX1	c18
9.76884930294859e-08	1.27301492309522	0.021	0.051	0.00357549653337221	SLC25A51	c18
1.14058586438946e-10	1.27262889855324	0.038	0.086	4.17465832225186e-06	GFM1	c18
1.19943564573287e-14	1.27141168738533	0.038	0.099	4.39005440694687e-10	SUPT7L	c18
2.26101362252517e-22	1.26954977964747	0.137	0.284	8.27553595980439e-18	TMEM243	c18
9.90663370311419e-11	1.26932772889427	0.12	0.208	3.62592700167682e-06	HUWE1	c18
2.74398171137566e-07	1.26928020868657	0.031	0.065	0.010043247461806	POGLUT1	c18
1.8389938839904e-15	1.26902648165409	0.087	0.177	6.73090151479328e-11	RNF10	c18
1.07821704869821e-06	1.26895419321598	0.036	0.068	0.0394638221994033	RALGAPB	c18
5.08099929185368e-09	1.26867992396011	0.038	0.08	0.000185969655081137	MRTFA	c18
6.7511415377585e-07	1.26840695487107	0.027	0.056	0.0247098531423499	RBM19	c18
3.19732350167884e-13	1.26831070692623	0.128	0.232	1.17025237484947e-08	SMARCA5	c18
3.64188866385742e-09	1.26712560563165	0.034	0.075	0.000133296766985845	TSPAN32	c18
8.78566883986156e-10	1.26710791797649	0.077	0.139	3.21564265207773e-05	PCF11	c18
2.14040899177205e-07	1.26663914161831	0.03	0.062	0.00783411095078487	PDE12	c18
5.01134612638665e-15	1.26608524110097	0.12	0.227	1.83420279571878e-10	TRABD	c18
1.47235998254067e-08	1.26531496657311	0.016	0.046	0.000538898477209711	UHRF1BP1	c18
1.41189172475606e-12	1.26348505153013	0.043	0.1	5.16766490177966e-08	LRRC58	c18
5.45832465448852e-11	1.2632978201515	0.08	0.148	1.99780140678934e-06	SFSWAP	c18
4.88612392984829e-09	1.26318068526692	0.037	0.079	0.000178837021956377	ARFGEF2	c18
2.83101578721636e-08	1.26301099302456	0.027	0.062	0.00103618008827906	CWF19L1	c18
1.77143564636326e-08	1.26049677140463	0.03	0.067	0.000648363160925417	CEP250	c18
1.40216168429925e-07	1.25811556559749	0.039	0.076	0.00513205198070369	SLC25A32	c18
1.38399434042875e-13	1.25809336913174	0.137	0.248	5.06555768540328e-09	UBE3A	c18
3.32189995513904e-15	1.25725163536115	0.104	0.203	1.21584860258044e-10	TAP2	c18
3.30090367661778e-07	1.25630527062947	0.042	0.079	0.0120816375467888	SUGP2	c18
3.50000465781198e-12	1.25618960649469	0.025	0.07	1.28103670480576e-07	PIGK	c18
8.02761225627824e-16	1.25608455274686	0.042	0.108	2.9381863619204e-11	UXS1	c18
4.99341423200804e-08	1.25573331185664	0.022	0.053	0.00182763954305726	IDE	c18
3.5467688573021e-07	1.25563429607108	0.036	0.07	0.0129815286946114	MOAP1	c18
7.91594603596515e-08	1.25511321391943	0.021	0.051	0.00289731540862361	CLCC1	c18
1.1608856333657e-10	1.25484340795338	0.039	0.087	4.24895750668181e-06	KLHL36	c18
1.42077320829687e-08	1.25360029412906	0.028	0.065	0.000520017201968736	COQ8A	c18
1.87030102501583e-08	1.2529948473777	0.059	0.109	0.000684548878166046	CAMK2G	c18
1.43090538705209e-10	1.2500320048474	0.053	0.107	5.23725680714935e-06	RNF214	c18
6.29527522476045e-13	1.24952084244089	0.094	0.178	2.30413368501457e-08	CDC73	c18
4.00657130082157e-09	1.24931018149326	0.03	0.069	0.00014664451618137	SEL1L3	c18
1.05022933615274e-10	1.24900232799597	0.024	0.064	3.84394439325265e-06	HGSNAT	c18
4.5299930837049e-16	1.24864753678392	0.12	0.231	1.65802276856683e-11	USP3	c18
2.6648918755903e-08	1.24827293402065	0.041	0.082	0.000975377075384807	PARN	c18
5.79349514213458e-14	1.24783420910348	0.135	0.245	2.12047715697268e-09	PHIP	c18
3.72415128010009e-19	1.2477145105437	0.048	0.128	1.36307661002944e-14	TMEM175	c18
4.89520007425441e-16	1.24739496669657	0.077	0.164	1.79169217917785e-11	XPO1	c18
6.36955464869714e-10	1.24719718550965	0.085	0.151	2.33132069696964e-05	IL27RA	c18
3.51058469068382e-07	1.24718019414851	0.031	0.063	0.0128490910263718	PCNX4	c18
4.1318321257756e-09	1.24581064464681	0.048	0.094	0.000151229187635513	ZNF770	c18
1.03401774024813e-11	1.24192117371417	0.042	0.096	3.78460833108217e-07	VWA8	c18
5.24332435129535e-08	1.24167331647204	0.028	0.062	0.00191910914581761	SPAST	c18
3.28161049836051e-07	1.24119404274505	0.015	0.041	0.0120110225850493	GABPB1	c18
1.30544248070206e-08	1.24117736881141	0.015	0.045	0.00047780500236176	EAF2	c18
8.50588983731313e-11	1.24109348148055	0.039	0.087	3.11324073935498e-06	EIF2B5	c18
3.04121412621466e-08	1.24009770628002	0.019	0.049	0.00111311478233583	OSBP	c18
1.71731818671122e-11	1.23907545675617	0.034	0.082	6.28555629518175e-07	VPS39	c18
2.46715646605157e-13	1.23866538257683	0.092	0.177	9.03003938139535e-09	ERCC5	c18
2.60497864591836e-19	1.23796288432205	0.078	0.176	9.53448234192578e-15	USP22	c18
2.95550470864724e-10	1.23796013686264	0.065	0.123	1.08174427841198e-05	SUPT20H	c18
3.78905457106262e-07	1.23717920636165	0.065	0.111	0.0138683186355463	HNRNPLL	c18
2.58393864204914e-09	1.23702800105744	0.031	0.071	9.45747382376405e-05	FBXO42	c18
3.62284544264575e-09	1.23647589889331	0.029	0.067	0.000132599766046277	RABGAP1	c18
6.01995250837497e-08	1.23498223287346	0.025	0.057	0.00220336281759032	GANC	c18
1.33844666930385e-07	1.2344896490278	0.063	0.11	0.00489884865431901	NUTM2B-AS1	c18
1.0066022296324e-07	1.2341839923094	0.049	0.091	0.00368426482067755	RBM26	c18
1.73644246836859e-07	1.23352108215537	0.022	0.051	0.00635555307847588	ARNT	c18
1.08349274669535e-06	1.23342434452469	0.024	0.051	0.0396569180217966	ANKRD26	c18
1.63978108912083e-13	1.23341832174847	0.063	0.133	6.00176276429113e-09	CREB1	c18
1.02294312008389e-09	1.23198005363272	0.014	0.047	3.74407411381903e-05	TMCC1	c18
2.44193100691826e-07	1.2310128614698	0.025	0.056	0.00893771167842153	SLC39A9	c18
1.2026714548223e-07	1.23034534417283	0.018	0.046	0.00440189779179509	GXYLT1	c18
8.34781209519186e-10	1.22988813589017	0.043	0.09	3.05538270496117e-05	RPRD2	c18
1.09588808309023e-08	1.22787650396508	0.056	0.105	0.000401105997291856	PRKAA1	c18
6.98906455787481e-10	1.22756090642215	0.026	0.065	2.55806751882776e-05	MCCC2	c18
7.64925610043276e-07	1.22585471756806	0.033	0.065	0.0279970422531939	ZNF652	c18
2.39707180578835e-14	1.22548755981458	0.057	0.126	8.77352251636593e-10	ARFGEF1	c18
3.58319679981953e-08	1.22548436854596	0.04	0.081	0.00131148586070194	AQR	c18
1.04400704891545e-11	1.22546649609125	0.076	0.145	3.82117019973545e-07	MORC3	c18
1.35254081387259e-10	1.22518657655347	0.046	0.098	4.95043463285506e-06	KPNA1	c18
2.59069328476442e-07	1.22416798301495	0.06	0.105	0.00948219649156627	GATAD2B	c18
6.0873909130908e-12	1.22408672436996	0.025	0.071	2.22804594810037e-07	SLC36A4	c18
1.92614484100997e-08	1.22401503157928	0.028	0.063	0.000704988273258058	C2orf49	c18
3.44650288276231e-07	1.22356386078672	0.018	0.044	0.0126145452011983	TMEM62	c18
2.98045618374008e-09	1.22242303065667	0.086	0.151	0.000109087676781071	ARHGEF3	c18
1.70524506044376e-08	1.22240276460353	0.05	0.096	0.00062413674457302	RC3H2	c18
1.13540608629898e-07	1.22188021820363	0.026	0.058	0.00415569981646291	THRA	c18
1.83526536561482e-10	1.22165479894415	0.051	0.104	6.7172547646868e-06	ZNF131	c18
3.91072401483403e-14	1.22135905983674	0.098	0.188	1.4313640966694e-09	STAG2	c18
4.3644652440918e-10	1.22113406046122	0.056	0.11	1.59743792399004e-05	MINDY2	c18
1.27240459135589e-12	1.22009455949705	0.056	0.12	4.65712804482168e-08	ATP9B	c18
4.02965023772257e-08	1.2183598214648	0.022	0.053	0.00147489228350884	COG7	c18
6.02002502527701e-10	1.21820062206002	0.036	0.08	2.20338935950164e-05	TBP	c18
1.13399893077036e-09	1.21647639700309	0.045	0.092	4.15054948651259e-05	CLSTN1	c18
3.84249599743299e-10	1.214129224485	0.023	0.061	1.40639196002045e-05	RNF170	c18
1.42648056381935e-07	1.21395142422525	0.019	0.048	0.00522106151163521	GUF1	c18
9.89436024836212e-12	1.21369079990153	0.227	0.391	3.62143479450302e-07	PPP1R2	c18
1.79899258905937e-13	1.21345724936762	0.164	0.291	6.58449277521622e-09	PCM1	c18
1.25735496661804e-07	1.21303069108435	0.059	0.105	0.00460204491331867	LDLRAP1	c18
2.23070098374909e-09	1.21291435820199	0.019	0.054	8.16458867062005e-05	MTMR10	c18
1.62831359106142e-07	1.21265304252141	0.025	0.057	0.0059597905746439	NFATC1	c18
4.55732941583638e-12	1.21220523564495	0.023	0.067	1.66802813949027e-07	GPN2	c18
1.16942618412476e-08	1.21211367640591	0.048	0.093	0.000428021677651503	NFATC2IP	c18
9.87243884504683e-07	1.21177585832631	0.043	0.079	0.0361341134167559	ING5	c18
1.6505801510126e-11	1.21060766064745	0.054	0.113	6.04128841072121e-07	SF3B3	c18
1.9714608912146e-09	1.21046288871096	0.033	0.074	7.21574400793455e-05	DOP1B	c18
1.3788752358298e-07	1.20796638391413	0.067	0.116	0.00504682125066066	MAPRE2	c18
3.13916196822294e-14	1.20766613731522	0.031	0.086	1.14896467198928e-09	SERTAD2	c18
1.75019561874571e-07	1.20712195587206	0.023	0.053	0.00640589098417117	UBL7-AS1	c18
1.15856730988848e-10	1.20689454289363	0.064	0.124	4.24047221092284e-06	ILF3-DT	c18
5.76248693559176e-07	1.20619035648043	0.032	0.064	0.0210912784329594	MTO1	c18
5.56906282743638e-17	1.20617552886698	0.103	0.207	2.03833268546999e-12	UHMK1	c18
7.69804429846979e-14	1.20569968959254	0.077	0.155	2.81756119368293e-09	FKBP5	c18
3.87020533609252e-21	1.20567576268811	0.071	0.171	1.41653385506322e-16	TRIP11	c18
7.54706465176062e-07	1.20493888138	0.05	0.088	0.0276230113319091	PSPC1	c18
1.81604417079767e-11	1.2041004571214	0.037	0.087	6.64690326953655e-07	RLIM	c18
6.02300271982027e-15	1.2037338626703	0.133	0.246	2.20447922548142e-10	ITSN2	c18
4.68023510710153e-10	1.20327002904465	0.025	0.065	1.71301285155023e-05	GALK2	c18
1.01937474002566e-14	1.2029789432236	0.033	0.091	3.73101348596791e-10	FAHD2A	c18
4.93757799289213e-14	1.20231351474943	0.043	0.104	1.80720292117845e-09	WDFY2	c18
3.79788777127399e-14	1.20221949677556	0.046	0.109	1.39006490316399e-09	ZFAND3	c18
5.61502427577144e-11	1.20171427447085	0.077	0.144	2.0551550351751e-06	NCOA7	c18
2.2361853882528e-07	1.20159676806237	0.032	0.066	0.00818466213954408	TRIM13	c18
2.06472072670447e-14	1.2014068601063	0.049	0.115	7.55708433181102e-10	HGS	c18
1.16461711175738e-17	1.20073147887304	0.109	0.22	4.26261509074319e-13	CEP350	c18
1.46002673483153e-07	1.20033018139008	0.027	0.059	0.00534384385215687	PIK3C2A	c18
7.98445171129465e-12	1.19913003113724	0.03	0.077	2.92238917085095e-07	SNX13	c18
2.39018390522189e-07	1.1986747670639	0.024	0.054	0.00874831211150264	WDR73	c18
2.42172736433726e-08	1.19835305850318	0.036	0.075	0.000886376432621081	ZNF37A	c18
5.27008727963529e-14	1.19824322069199	0.126	0.233	1.92890464521931e-09	SENP6	c18
6.59993562876274e-14	1.19822704914977	0.472	0.572	2.41564243948345e-09	FYB1	c18
2.59788222260050e-09	1.19821140504192	0.032	0.072	9.50850872294007e-05	WDR11	c18
5.40046422032242e-07	1.19817369352793	0.027	0.058	0.0197662390928021	TRIM11	c18
3.71459465490078e-12	1.19799681484132	0.069	0.138	1.35957878964023e-07	RIF1	c18
6.78637499903072e-07	1.19747430276241	0.02	0.047	0.0248388111339523	KDM4B	c18
1.61445020048183e-08	1.19705947702206	0.054	0.101	0.000590904917878355	ANKRD49	c18
7.62096607655387e-09	1.19514801946781	0.022	0.056	0.000278934979367948	ARMH3	c18
9.66465408001298e-08	1.19509315013192	0.04	0.078	0.00353736003982555	ATP11B	c18
3.54221555972352e-11	1.19479691477299	0.08	0.149	1.29648631701441e-06	MTG1	c18
9.07832648668906e-09	1.19438568629355	0.025	0.06	0.000332275827739306	FBXO38	c18
1.47571040552366e-13	1.19429005811858	0.042	0.101	5.40124765525716e-09	PDS5A	c18
6.9845298017454e-09	1.19370500937714	0.021	0.054	0.000255640775273683	POLR3D	c18
5.36964265358297e-20	1.19296859834811	0.127	0.258	1.9653429076379e-15	BBX	c18
1.05681397581225e-14	1.19256771830695	0.069	0.146	3.86804483287041e-10	PKN2	c18
4.37996535452227e-12	1.19169684234783	0.046	0.102	1.6031111194087e-07	DNAJC10	c18
5.93086883901794e-13	1.19163278432729	0.107	0.197	2.17075730376896e-08	NSD1	c18
1.65554922623727e-11	1.19115342179427	0.038	0.089	6.05947572295103e-07	NUDCD3	c18
2.18428018892571e-07	1.1905805067877	0.016	0.042	0.00799468391948699	METTL25	c18
5.17104228601849e-20	1.19057863887726	0.157	0.307	1.89265318710563e-15	TTC3	c18
2.34078338335862e-17	1.18983893226478	0.042	0.113	8.56750126143089e-13	SLC12A6	c18
4.91196152704122e-11	1.1890404336677	0.023	0.064	1.79782703851236e-06	ATP7A	c18
4.74814474984726e-13	1.18885964668913	0.129	0.233	1.73786845989159e-08	NOP58	c18
9.76844653096422e-07	1.18854668173936	0.026	0.055	0.0357534911479822	GIMAP8	c18
4.97503655742581e-11	1.18829090733594	0.083	0.152	1.82091313038342e-06	AL138963.4	c18
1.33530575370429e-20	1.18785521561078	0.111	0.233	4.88735258913307e-16	KMT2C	c18
1.44006100664827e-10	1.18769642605742	0.07	0.133	5.27076729043333e-06	CNOT6L	c18
3.63488073670009e-09	1.185577173238	0.097	0.165	0.00013304026984396	TMPO	c18
3.24107173315473e-07	1.18482788541179	0.021	0.05	0.0118626466505196	PIP4K2B	c18
3.72635684594332e-09	1.18421061880794	0.021	0.056	0.000136388386918371	SCRN3	c18
1.10922596605235e-06	1.18406200381845	0.015	0.039	0.0405987795834821	STK38L	c18
2.01738209888891e-08	1.18361918903795	0.04	0.081	0.000738382022014328	MPRIP	c18
2.3223447758582e-13	1.1828285207651	0.042	0.101	8.50001411411862e-09	CLCN3	c18
3.61496621846049e-14	1.18060175045922	0.078	0.158	1.32311378561872e-09	SREK1	c18
1.09329536648961e-06	1.18042887375734	0.012	0.034	0.0400157037088862	MAP2K4	c18
6.37004534877569e-13	1.18034304677074	0.037	0.091	2.33150029810539e-08	ANKFY1	c18
5.18297297950359e-19	1.18013458569723	0.102	0.213	1.89701994022811e-14	PJA2	c18
6.02022984897906e-08	1.1797642417308	0.02	0.05	0.00220346432702483	HACD2	c18
1.01345270605083e-08	1.17965530138297	0.05	0.096	0.000370933824941665	RAF1	c18
2.74204168957741e-07	1.17956713569466	0.074	0.124	0.0100361467880223	ZCCHC7	c18
1.11381510201449e-11	1.179389934631	0.051	0.109	4.07667465488325e-07	MPPE1	c18
4.20029373216836e-09	1.17907318880039	0.029	0.067	0.000153734950891094	RBM43	c18
2.40426868346837e-10	1.17894822414684	0.03	0.073	8.7998638083626e-06	PLEKHM1	c18
9.42193289453439e-08	1.17875083985189	0.024	0.055	0.00344852165872853	ANKRD27	c18
1.04222768418361e-11	1.178541172375	0.05	0.107	3.81465754688043e-07	TENT2	c18
4.3656120362545e-12	1.17843977530157	0.031	0.08	1.59785766138951e-07	ARMC1	c18
5.12056209714492e-09	1.17821508756241	0.039	0.082	0.000187417693317601	NSUN2	c18
5.2899737558022e-13	1.17751699751956	0.06	0.126	1.93618329436116e-08	POGZ	c18
6.78985016959794e-09	1.1762607231118	0.076	0.134	0.000248515306057454	SMC5	c18
3.21256378327778e-17	1.17625991715678	0.056	0.135	1.1758304703175e-12	GAPVD1	c18
7.32138299926111e-12	1.17576232700767	0.019	0.06	2.67969939155956e-07	SLCO3A1	c18
1.73228714922821e-07	1.17514812993663	0.026	0.057	0.00634034419489018	THOC5	c18
4.24822752684219e-21	1.17490645149416	0.11	0.233	1.55489375709951e-16	YME1L1	c18
7.94142993732789e-10	1.17484889682075	0.075	0.136	2.90664277136138e-05	LENG8	c18
5.10809929074891e-21	1.17374009493941	0.074	0.175	1.86961542140701e-16	ENOSF1	c18
1.43112813213664e-13	1.17373709952388	0.05	0.113	5.23807207643331e-09	PLAA	c18
1.41798532381825e-14	1.17349528054026	0.083	0.168	5.18996808370716e-10	TCERG1	c18
2.3303045499713e-13	1.17268790838238	0.037	0.093	8.52914768334995e-09	TM9SF4	c18
9.18892218369072e-08	1.17260798863118	0.014	0.041	0.00336323740845264	TGDS	c18
8.06082968766944e-13	1.17245586029541	0.058	0.123	2.95034427398389e-08	TBC1D22A	c18
3.09644312986678e-07	1.17206403078963	0.014	0.04	0.0113332914996254	KLHL8	c18
1.67841822800339e-13	1.17201487145989	0.037	0.093	6.14317855631521e-09	SLC30A7	c18
1.73046613527324e-25	1.17184870982829	0.123	0.271	6.33367910171357e-21	CD55	c18
6.7050984720964e-22	1.171792233505	0.106	0.231	2.454133091772e-17	ST3GAL1	c18
1.92185547480387e-08	1.17037138891173	0.033	0.071	0.000703418322332965	MYO9A	c18
3.4222274304802e-07	1.17024157510495	0.031	0.063	0.0125256946183006	CYP2R1	c18
2.13155593094482e-08	1.16873335875313	0.025	0.059	0.000780170786285112	SNAPC3	c18
1.96956211292469e-10	1.16855862648151	0.041	0.09	7.20879428951567e-06	VPS8	c18
6.73853593129251e-07	1.16822000202361	0.018	0.044	0.0246637153621237	NOD1	c18
1.91034563024048e-13	1.16808482443132	0.067	0.139	6.99205604124319e-09	CUL4A	c18
9.73452778080116e-12	1.16804241428198	0.045	0.099	3.56293451305103e-07	SNX29	c18
1.50644294688499e-18	1.16767805321212	0.081	0.178	5.51373182989376e-14	AP3B1	c18
8.37453531192838e-11	1.16758022949952	0.046	0.098	3.06516366951891e-06	VPS13D	c18
3.39149729285035e-14	1.1673289974874	0.058	0.128	1.24132192415616e-09	KLC1	c18
2.15812553414194e-12	1.16716938082968	0.095	0.177	7.89895526751292e-08	SAFB	c18
3.19645028989191e-14	1.16657265646436	0.098	0.19	1.16993277060334e-09	RBBP6	c18
1.84308322928964e-11	1.16543933244459	0.031	0.078	6.74586892752302e-07	FAM78A	c18
1.91071567921594e-08	1.16540760844683	0.009	0.035	0.000699341045749827	SLC16A10	c18
2.90262524364284e-12	1.16523896822613	0.04	0.095	1.06238986542572e-07	TBL1XR1	c18
4.04369661231148e-07	1.16513455161508	0.034	0.068	0.0148003339707212	COG3	c18
7.52258273944615e-18	1.1651056530494	0.154	0.294	2.75334050846468e-13	ADAR	c18
7.18799716154361e-18	1.16479309990122	0.143	0.276	2.63087884109658e-13	ZNF207	c18
3.21834306611881e-09	1.16448529215462	0.053	0.103	0.000117794574563015	USP36	c18
1.4956334767113e-16	1.16365787086689	0.106	0.21	5.47416808811101e-12	LUC7L2	c18
5.15371961336563e-14	1.16196276720305	0.113	0.211	1.88631291568795e-09	HECTD1	c18
1.1044351797944e-08	1.16192642571772	0.086	0.147	0.000404234320156549	SP140	c18
2.42214926181188e-07	1.1618060405922	0.03	0.063	0.00886530851315766	FAM153CP	c18
1.51023872090621e-08	1.16150439618236	0.261	0.433	0.000552762474238883	SF3B1	c18
2.07286590620835e-08	1.16073837787283	0.039	0.08	0.000758689650331317	WDR6	c18
9.55554343224478e-07	1.15965322729581	0.021	0.048	0.0349742445163591	GCFC2	c18
4.84874633002998e-12	1.1596303665134	0.095	0.175	1.77468964425427e-07	FIP1L1	c18
7.19503278844081e-10	1.15948324472549	0.024	0.062	2.63345395089722e-05	CLOCK	c18
1.37758189063685e-07	1.15933566380065	0.02	0.049	0.00504208747791993	RRAGB	c18
3.64711450449904e-07	1.15882634629009	0.01	0.033	0.0133488037979169	ZNF646	c18
1.46927881030184e-12	1.15836598825728	0.083	0.16	5.37770737358577e-08	EHMT1	c18
5.10268866647908e-15	1.15792740038962	0.065	0.141	1.86763507881801e-10	TGS1	c18
2.04641968562615e-08	1.15782059651373	0.023	0.056	0.000749010069136029	ZNF397	c18
3.49706543268662e-17	1.15762909731324	0.05	0.125	1.27996091901763e-12	GMFB	c18
5.83581743267106e-08	1.15691751048712	0.02	0.05	0.00213596753853193	PEX13	c18
3.21223992241883e-09	1.15683468518792	0.023	0.059	0.000117571193400452	ASH2L	c18
1.71597705692634e-07	1.15676164601952	0.02	0.049	0.00628064762605608	FBXO4	c18
6.50203632082655e-12	1.15652905891755	0.068	0.135	2.37981031378572e-07	SLC38A2	c18
4.73180798451613e-07	1.15607138467908	0.017	0.043	0.0173188904041275	C16orf58	c18
2.87223801623098e-07	1.15598427995216	0.026	0.057	0.010512678363207	FBXW7	c18
7.26218616482065e-07	1.15558093459158	0.032	0.064	0.0265803275818601	PMS2	c18
2.97267163932128e-14	1.15556155749833	0.023	0.074	1.08802754670798e-09	PECR	c18
1.57870885276997e-07	1.15520455988557	0.029	0.062	0.00577823227202335	KLHL20	c18
9.62240002920696e-13	1.1550002370834	0.059	0.123	3.52189463469004e-08	ANKLE2	c18
6.90871664327485e-10	1.15484094289379	0.032	0.074	2.52865937860503e-05	NEPRO	c18
6.47736776072741e-17	1.15479576300504	0.114	0.224	2.37078137410384e-12	ZNF800	c18
8.17536215334254e-20	1.15474755827872	0.046	0.128	2.9922643017449e-15	APP	c18
3.01287832339534e-10	1.15441049784362	0.037	0.083	1.10274359514593e-05	GRAMD1A	c18
9.13361984678389e-18	1.15403610541103	0.03	0.095	3.34299620012137e-13	COP1	c18
1.33105111212744e-13	1.15293714449285	0.065	0.136	4.87178017549764e-09	FOXN2	c18
6.60203468111413e-20	1.15228296448806	0.064	0.156	2.41641071363458e-15	DICER1	c18
7.67563394756485e-19	1.1511676087624	0.13	0.258	2.80935878114821e-14	RBBP4	c18
6.5921911762577e-15	1.15093217289173	0.062	0.135	2.41280789242208e-10	PUM3	c18
1.71737327101086e-16	1.15068871456715	0.119	0.23	6.28575790922686e-12	SETX	c18
4.97583131134029e-20	1.15039201623425	0.185	0.356	1.82120401826366e-15	AKAP9	c18
3.43915772851098e-10	1.15031329382294	0.057	0.111	1.2587661202123e-05	PHACTR4	c18
1.45081244382841e-08	1.15014009757735	0.017	0.047	0.000531011862565636	XPO5	c18
1.18107214836562e-08	1.14894778899884	0.032	0.07	0.000432284217023301	NCAPD3	c18
1.50874647496604e-09	1.14783020284248	0.019	0.053	5.52216297302322e-05	PIK3CA	c18
1.48382147338311e-08	1.14775225102396	0.013	0.042	0.000543093497472953	L3HYPDH	c18
2.3155225657844e-12	1.14760944152999	0.022	0.067	8.47504414302749e-08	FAM222B	c18
5.18688227680821e-17	1.14749931151681	0.12	0.234	1.89845078213457e-12	DDX3X	c18
1.19156229170892e-11	1.14726500370448	0.032	0.08	4.36123714388382e-07	HDAC8	c18
1.44388736708852e-10	1.1470513466598	0.066	0.127	5.28477215228069e-06	FUBP1	c18
3.98023064952344e-09	1.14700056169205	0.056	0.106	0.000145680422003207	PSMA3-AS1	c18
8.82061211771196e-19	1.1462527809846	0.126	0.251	3.22843224120375e-14	ERAP2	c18
1.24524667899813e-06	1.14618982406757	0.009	0.03	0.0455772736980104	MAP11	c18
1.07147657937499e-15	1.14554333597879	0.03	0.088	3.92171142817039e-11	SIN3B	c18
3.10961293466464e-07	1.14544198534662	0.014	0.039	0.0113814943021661	FEM1C	c18
6.59118851374545e-07	1.14483755405432	0.021	0.049	0.0241244090791597	ABCD3	c18
2.37847056031907e-10	1.14475260457597	0.034	0.078	8.70544009782382e-06	MAP4K4	c18
2.23499454455898e-14	1.14473356401906	0.05	0.115	8.18030353254032e-10	FBXW11	c18
5.61648369565642e-10	1.14457407327232	0.061	0.117	2.05568919744721e-05	TMEM43	c18
4.84705360148104e-16	1.14352881611616	0.095	0.192	1.77407008867808e-11	PRKACB	c18
1.15105682833973e-06	1.14342220071739	0.275	0.443	0.0421298309740625	MPHOSPH8	c18
2.66081116239698e-07	1.14317436493313	0.016	0.042	0.00973883493548919	RAB2B	c18
6.20466651572983e-15	1.14140863613941	0.129	0.241	2.27096999142227e-10	MAX	c18
6.7047340361025e-09	1.14125023886731	0.024	0.058	0.000245399970455388	ELP4	c18
2.1104792432886e-12	1.14100792639609	0.04	0.094	7.72456507836062e-08	PPM1B	c18
3.94389014318748e-10	1.14077449506942	0.03	0.072	1.44350323130805e-05	METTL14	c18
1.6214582822062e-15	1.14073575101111	0.136	0.255	5.93469945870291e-11	PRPF4B	c18
4.06234429675787e-08	1.1406332433541	0.024	0.056	0.00148685863605635	ZNF675	c18
8.92149597006037e-13	1.14055442801041	0.037	0.091	3.2653567400018e-08	TFB1M	c18
2.21335682475536e-07	1.14034466361695	0.026	0.057	0.0081011073142871	ZNF76	c18
5.05949706066173e-10	1.13961316267358	0.024	0.062	1.8518265191728e-05	AAR2	c18
7.09848296123541e-12	1.13931964021762	0.041	0.094	2.59811574864177e-07	CRNKL1	c18
2.16341480403062e-10	1.13895053028883	0.033	0.077	7.91831452423246e-06	TMEM80	c18
4.98777264192087e-13	1.13893531185299	0.04	0.096	1.82557466466946e-08	GBF1	c18
9.47478287980604e-19	1.13820901265911	0.121	0.242	3.46786528183781e-14	REL	c18
1.33642925870816e-10	1.13725136015154	0.04	0.089	4.89146472979773e-06	ZNF91	c18
1.78088971040695e-08	1.13715344164192	0.04	0.081	0.000651823442906047	TIA1	c18
1.86805964369828e-17	1.13671610438513	0.071	0.158	6.83728510190007e-13	CNOT1	c18
8.10766069319477e-09	1.13669856448705	0.045	0.089	0.000296748489031622	CBLL1	c18
1.36033225877018e-09	1.13665840458896	0.027	0.066	4.97895210032472e-05	TSC2	c18
8.41193530698023e-13	1.13621744834499	0.039	0.094	3.07885244170783e-08	ELMSAN1	c18
1.75169107963635e-13	1.13549764442895	0.032	0.086	6.411364520577e-09	SMG5	c18
5.31248611136989e-15	1.1345941992183	0.066	0.142	1.94442304162249e-10	MECP2	c18
1.16489643211989e-22	1.13427820668853	0.075	0.181	4.26363743120202e-18	UBQLN1	c18
1.88186906750275e-13	1.13407039005025	0.043	0.102	6.88782897396681e-09	BIRC2	c18
2.26086667029099e-10	1.13405172265391	0.106	0.184	8.27499809993206e-06	TTC39C	c18
4.62018054042413e-15	1.13404739799404	0.041	0.104	1.69103227960064e-10	ALG13	c18
4.57980034852691e-07	1.13369757443639	0.008	0.029	0.0167625272556433	NDC1	c18
2.84204731543138e-17	1.13315186096127	0.051	0.127	1.04021773792104e-12	OSBPL9	c18
4.00437447478877e-16	1.13234497941134	0.053	0.126	1.46564110151744e-11	VPS53	c18
2.20975432701902e-14	1.13210440408688	0.109	0.206	8.08792181232233e-10	IRF3	c18
1.88873443886236e-11	1.13194969600059	0.048	0.103	6.91295691968013e-07	CDK5RAP2	c18
1.98597136711572e-16	1.1316654896119	0.042	0.11	7.26885380078024e-12	NOTCH2	c18
1.73675196489961e-07	1.12996465593507	0.021	0.05	0.00635668586672905	MINDY3	c18
4.15720521376713e-12	1.12895906209631	0.054	0.114	1.52157868029091e-07	ITCH	c18
7.50232355355481e-15	1.12893013321808	0.122	0.228	2.7459254438366e-10	BDP1	c18
3.9252317133219e-15	1.12804851285742	0.098	0.192	1.43667405939295e-10	NUMA1	c18
7.63953429095365e-10	1.12755624760596	0.031	0.072	2.79614594583194e-05	DDX58	c18
4.19351189912606e-13	1.12703082184529	0.041	0.098	1.53486729019913e-08	QRICH1	c18
5.26521271141681e-12	1.12659705590889	0.042	0.097	1.92712050450567e-07	DHX8	c18
7.47054833672482e-10	1.12596187371727	0.039	0.084	2.73429539672465e-05	PHF6	c18
8.96478643486374e-07	1.12537448542742	0.013	0.037	0.0328120148302448	RAD54L2	c18
3.08731986837233e-16	1.12534636848767	0.038	0.103	1.12998994502296e-11	TTC39B	c18
1.06956871574282e-07	1.12511687797305	0.027	0.059	0.0039147284564903	AUH	c18
1.70273182201413e-08	1.12511248262925	0.027	0.062	0.000623216874175391	KDM4A	c18
1.06109107028173e-08	1.12487584940638	0.025	0.06	0.000388369942633817	GTF2A1	c18
8.43330125761306e-16	1.12462941525689	0.118	0.226	3.08667259329895e-11	TIAL1	c18
2.62249414137058e-07	1.12454508427267	0.027	0.059	0.00959859080683044	PHF12	c18
5.29776157980773e-14	1.12449478375598	0.103	0.195	1.93903371582543e-09	UPF2	c18
1.42921172668751e-07	1.12401485497934	0.018	0.045	0.00523105784084896	CCP110	c18
1.1912879049056e-12	1.12349698971362	0.021	0.066	4.360232860745e-08	SEH1L	c18
2.30737320007702e-08	1.12326828096579	0.024	0.057	0.000844521664960192	PAXIP1-AS2	c18
3.04866496731139e-17	1.123173610447	0.153	0.29	1.11584186468564e-12	PRPF38B	c18
8.5277686007149e-07	1.12316483615128	0.01	0.031	0.0312124858554766	TXNL4B	c18
1.01612666693278e-08	1.12221227599344	0.019	0.052	0.000371912521364067	DDX20	c18
3.55198992565085e-07	1.12194747809484	0.047	0.086	0.0130006383268747	BTN3A3	c18
1.65148118823692e-08	1.12151520353878	0.045	0.089	0.000604458629706594	GNL3L	c18
8.23660323798924e-16	1.12062201589623	0.06	0.136	3.01467915113644e-11	DHX15	c18
3.85993830815841e-10	1.12001589724363	0.019	0.056	1.41277602016906e-05	RIOK2	c18
1.24944927439513e-21	1.11991063300329	0.082	0.19	4.57310928921361e-17	GDI1	c18
3.75074080059607e-17	1.11937506885201	0.061	0.142	1.37280864042617e-12	LMF2	c18
5.90016288280117e-12	1.11891511602186	0.039	0.092	2.15951861673406e-07	NAA15	c18
5.91159510388436e-14	1.11888118400115	0.053	0.119	2.16370292397271e-09	NUP42	c18
9.36670597434876e-12	1.11801529115866	0.04	0.092	3.42830805367139e-07	NNT	c18
5.11774941423194e-08	1.11656464821533	0.01	0.036	0.00187314746310303	ZNF93	c18
2.86070841331276e-07	1.11638304113202	0.018	0.045	0.010470478863566	SETD1B	c18
5.34703941316467e-08	1.115895863417	0.022	0.054	0.0019570698956124	PARG	c18
3.54097016875693e-10	1.11586026587545	0.022	0.061	1.29603049146673e-05	SEC24D	c18
9.03799252498876e-07	1.11493048697272	0.019	0.045	0.0330799564407114	LMBRD2	c18
6.9434824091844e-15	1.11463413644271	0.051	0.119	2.54138399658558e-10	GLYR1	c18
1.65960239227755e-09	1.11417369373503	0.039	0.084	6.07431071597505e-05	ICE2	c18
3.6223703002833e-18	1.11395225076811	0.039	0.11	1.32582375360669e-13	DDX1	c18
6.51542104883892e-16	1.11363690989036	0.037	0.101	2.38470925808553e-11	HIPK1	c18
4.453462600497e-20	1.11341763224566	0.055	0.142	1.63001184640791e-15	ANKRD17	c18
1.34738932474617e-24	1.11182611784807	0.082	0.198	4.93157966750346e-20	TUBGCP2	c18
2.81289979644677e-16	1.11128368181739	0.054	0.128	1.02954945449748e-11	OXR1	c18
3.5464309205106e-07	1.11042297426159	0.057	0.101	0.0129802918121609	HCG18	c18
2.64080540247541e-11	1.10976730358479	0.036	0.084	9.66561185360026e-07	SRCAP	c18
2.69907101445979e-18	1.10976644348586	0.059	0.142	9.87886982002429e-14	LGALS8	c18
1.36652553541792e-09	1.10974450331143	0.033	0.074	5.00162011218312e-05	LPCAT4	c18
6.40341915706337e-07	1.10893063319602	0.012	0.035	0.0234371544567676	ATG9A	c18
5.44875298858162e-07	1.10859684271749	0.013	0.036	0.0199429808135076	PAQR8	c18
2.2308373710011e-11	1.10855620757038	0.034	0.082	8.16508786160114e-07	AP5M1	c18
4.39601643676465e-07	1.10841530497063	0.019	0.046	0.0160898597602023	PDP1	c18
1.07504417478444e-09	1.10822887809015	0.028	0.067	3.93476918412851e-05	SENP5	c18
3.10578465499717e-13	1.10776778092487	0.039	0.095	1.13674824157551e-08	MED13	c18
2.49978565864311e-11	1.1068547164236	0.041	0.092	9.14946548919963e-07	CEP164	c18
6.99128760518979e-10	1.1063782410492	0.042	0.089	2.55888117637551e-05	UBR1	c18
1.59234592713944e-08	1.10590820624243	0.03	0.066	0.000582814532792308	TXLNG	c18
3.32558563891593e-07	1.10574161099818	0.025	0.056	0.0121719759969962	NSD2	c18
9.64497028649707e-07	1.10494664125542	0.015	0.039	0.0353015557456079	MAK16	c18
2.70452136060615e-18	1.10471864854227	0.069	0.158	9.89881863195456e-14	ACBD6	c18
1.18486935205673e-06	1.10462468249706	0.013	0.036	0.0433674031546283	C1orf109	c18
4.48887710492382e-08	1.10440563236321	0.031	0.067	0.00164297390917317	CHERP	c18
7.7553035521913e-13	1.10410730394847	0.058	0.123	2.83851865313754e-08	PPP2R2A	c18
1.88893316823166e-24	1.10379375566977	0.096	0.222	6.9136842890447e-20	CAPRIN1	c18
2.61695232508521e-07	1.10305622741157	0.018	0.044	0.00957830720504438	IFT88	c18
1.10803422746561e-11	1.10299386730548	0.243	0.419	4.05551607594689e-07	NCOR1	c18
6.91021872519499e-23	1.10241102240414	0.094	0.213	2.52920915560862e-18	IL17RA	c18
2.22602029679837e-10	1.10228940248925	0.025	0.065	8.1474568883117e-06	BLZF1	c18
2.75609655346605e-13	1.10169636875707	0.033	0.087	1.00875889953411e-08	ELAC2	c18
7.96113208717172e-18	1.10089668858794	0.039	0.11	2.91385395522572e-13	ST6GALNAC6	c18
3.04687096722045e-08	1.10084042694705	0.037	0.076	0.00111518524271236	ZFX	c18
8.84511341745941e-08	1.10051563755616	0.018	0.047	0.00323739996192432	RPUSD4	c18
5.9146188898094e-09	1.1001887592153	0.061	0.113	0.000216480965985914	NFATC3	c18
4.94630125062597e-19	1.10016838673457	0.105	0.218	1.81039572074161e-14	NORAD	c18
1.7203651315805e-10	1.09989450610894	0.046	0.097	6.29670841809779e-06	AGTPBP1	c18
7.7957290309605e-20	1.09989058866212	0.094	0.202	2.85331478262185e-15	ARID4A	c18
1.23871473356944e-09	1.09954885543066	0.015	0.048	4.5338197963375e-05	TNFRSF10B	c18
3.00466333306427e-12	1.09942150498137	0.129	0.229	1.09973682653485e-07	NAP1L4	c18
2.11184827042041e-17	1.09910782115375	0.063	0.147	7.72957585456575e-13	B4GALT1	c18
1.07319896010153e-07	1.09905475028241	0.031	0.065	0.00392801551386762	PWWP2A	c18
6.32852323791568e-21	1.0990418005497	0.075	0.177	2.31630279030952e-16	NGDN	c18
1.94286795851131e-12	1.09834415415757	0.034	0.085	7.11109101494725e-08	AKT2	c18
4.13466774841089e-12	1.09823626243472	0.059	0.121	1.51332974259587e-07	KRIT1	c18
2.22603388739704e-07	1.09812155304875	0.019	0.047	0.00814750663126192	MZF1	c18
2.05534425865725e-12	1.09633924945555	0.025	0.072	7.5227655211114e-08	BTBD10	c18
1.02889058162841e-15	1.09596137592717	0.097	0.194	3.76584241781814e-11	CRBN	c18
1.29912772703926e-13	1.09585193732825	0.064	0.135	4.7549373937364e-09	RB1	c18
1.8386475979651e-20	1.09572461127507	0.081	0.184	6.72963407331206e-16	SECISBP2L	c18
1.42996417915832e-22	1.09567379038285	0.074	0.179	5.23381189213738e-18	PUM1	c18
8.72673205545426e-12	1.0926162544958	0.148	0.255	3.19407119961682e-07	PPP2R5C	c18
9.97719457181996e-13	1.09258786983877	0.039	0.094	3.65175298523182e-08	BMS1	c18
4.91029879392517e-12	1.09255591683451	0.042	0.096	1.79721846156455e-07	UGCG	c18
2.24310431948537e-12	1.0898255921135	0.022	0.066	8.20998611974842e-08	TMLHE	c18
1.57636431226783e-18	1.08982448905029	0.043	0.118	5.76965101933149e-14	RPS6KA3	c18
3.49587120700462e-08	1.08929165174445	0.021	0.053	0.00127952382047576	SAAL1	c18
1.29278639264233e-14	1.08880590912462	0.069	0.146	4.7317274757102e-10	PHF20L1	c18
3.21017406612318e-20	1.08800882088794	0.079	0.18	1.17495580994175e-15	SEC63	c18
9.59239003574639e-15	1.08742398476759	0.05	0.117	3.51091067698353e-10	ATXN1	c18
1.96265160198047e-17	1.08717516193324	0.037	0.106	7.18350112840871e-13	VPS37A	c18
1.01697424704024e-13	1.08596362330832	0.042	0.101	3.72222744159197e-09	ZC3H6	c18
2.9437181560836e-09	1.08585713056217	0.031	0.07	0.000107743028230816	LINC01184	c18
1.48469376926991e-07	1.08498806597305	0.025	0.056	0.00543412766490479	KANSL3	c18
6.95265651743632e-10	1.08474513147116	0.015	0.049	2.54474181194687e-05	MMUT	c18
1.47398795728046e-15	1.08411128233737	0.065	0.143	5.3949433224422e-11	ATG16L2	c18
5.16072090197261e-07	1.08326757106619	0.011	0.034	0.01888875457331	WDR47	c18
1.86402438894659e-14	1.08260935907921	0.042	0.104	6.82251566598341e-10	HEATR5B	c18
4.41083791411448e-26	1.08183059550138	0.062	0.172	1.61441078494504e-21	ATP6V1H	c18
6.25160984510979e-16	1.0817942861218	0.063	0.141	2.28815171940863e-11	MLLT10	c18
1.23879717694071e-15	1.08072570027436	0.027	0.083	4.53412154732068e-11	TYK2	c18
4.2453721322921e-08	1.08056208553976	0.014	0.042	0.00155384865414023	SLC26A2	c18
1.37989834519979e-17	1.08008256680514	0.051	0.128	5.05056593326577e-13	PPIL4	c18
1.55080339913577e-10	1.07997182637991	0.032	0.076	5.67609552117684e-06	AKAP11	c18
1.10896285296656e-08	1.07963010080237	0.046	0.09	0.000405891493814292	MTA2	c18
1.13675600877612e-06	1.0794812464178	0.012	0.034	0.0416064066772147	TARBP1	c18
1.22989459813502e-16	1.07892283848804	0.031	0.094	4.501537218634e-12	PI4KB	c18
4.29310771895109e-22	1.07798050077649	0.067	0.167	1.57132035621329e-17	IFNAR1	c18
1.32674302068419e-12	1.07687872620398	0.043	0.1	4.85601213000622e-08	KLHL9	c18
9.47575174391389e-10	1.07641322449264	0.022	0.058	3.46821989578992e-05	TRIM5	c18
7.23747341815395e-16	1.07623911255065	0.046	0.115	2.64898764577853e-11	HMGXB3	c18
3.64193702152399e-18	1.0761658622998	0.065	0.151	1.332985369248e-13	TOR1AIP1	c18
1.12438517556578e-06	1.07587487117609	0.013	0.036	0.0411536218108832	CHUK	c18
1.46740866900852e-09	1.07582391840343	0.016	0.049	5.37086246943808e-05	TARS2	c18
2.62934433068683e-08	1.07461010663885	0.025	0.058	0.000962366318474686	KCTD13	c18
6.05086151315431e-11	1.07425026270126	0.039	0.087	2.21467582242961e-06	INPP4A	c18
7.91843643917635e-18	1.07408424460842	0.04	0.112	2.89822692110293e-13	GTF2F2	c18
4.32311557112923e-17	1.07343631021769	0.102	0.206	1.58230353018901e-12	RBMX	c18
5.24008601857255e-24	1.07250283100778	0.055	0.153	1.91792388365774e-19	SNX9	c18
1.38486468183103e-13	1.072484191535	0.063	0.133	5.06874322196974e-09	PHF14	c18
1.11146252305611e-19	1.07248168577447	0.082	0.183	4.06806398063765e-15	GSK3B	c18
2.43412340106116e-12	1.07191020686609	0.05	0.109	8.90913506022396e-08	ANO6	c18
8.36629019614486e-19	1.07052256675503	0.036	0.107	3.06214587469098e-14	SLC25A13	c18
3.56587501222324e-12	1.07050890124799	0.038	0.091	1.30514591322383e-07	CLPX	c18
3.63493894680441e-14	1.07014006728385	0.039	0.098	1.33042400391988e-09	SUCLA2	c18
1.5404787439763e-14	1.06994868595505	0.056	0.126	5.63830625082766e-10	CYP20A1	c18
1.96804453328926e-08	1.06915083683423	0.024	0.058	0.000720323979629203	PRIM1	c18
1.00846229271135e-14	1.06887597428339	0.042	0.105	3.6910728375528e-10	CUL2	c18
1.1403731934619e-18	1.0686516264089	0.048	0.126	4.17387992538989e-14	EXOC1	c18
6.27447802063739e-08	1.06759456436005	0.018	0.046	0.00229652170033349	CBR4	c18
9.9036480030634e-26	1.06620039706428	0.1	0.231	3.62483420560123e-21	CDK5RAP3	c18
2.70253739562834e-24	1.0660017282941	0.143	0.3	9.8915571217393e-20	GGNBP2	c18
1.02362654191361e-10	1.06584314290872	0.053	0.108	3.74657550605802e-06	BTN3A1	c18
1.67020653388897e-13	1.06483939649418	0.024	0.073	6.11312293468703e-09	MFSD6	c18
1.44899576165633e-08	1.06427859185195	0.184	0.295	0.000530346938723835	KIF2A	c18
1.07503852305124e-14	1.06412763723799	0.102	0.197	3.93474849821983e-10	RFC1	c18
4.53025067112992e-07	1.06409778625634	0.014	0.038	0.0165811704814026	LIG3	c18
2.36633821703527e-20	1.06379644577811	0.097	0.209	8.66103450817078e-16	DCP2	c18
1.01619526536689e-13	1.06372396915859	0.023	0.072	3.71937629076935e-09	ODR4	c18
1.19821797700972e-17	1.06318017331531	0.057	0.137	4.38559761765328e-13	ARMC8	c18
2.12887507313032e-07	1.06262227732745	0.029	0.061	0.00779189565516428	DDX10	c18
2.2456338623968e-08	1.06255792006504	0.019	0.051	0.000821924449975854	DOP1A	c18
1.66793950964741e-10	1.06229894658636	0.049	0.101	6.10482539926049e-06	C1GALT1	c18
1.01846526478308e-12	1.06149326741869	0.045	0.103	3.72768471563256e-08	VCPIP1	c18
1.30013428360137e-08	1.0612295134401	0.019	0.05	0.000475862149140937	CHAMP1	c18
1.33901034833598e-15	1.06112487953131	0.029	0.087	4.90091177594452e-11	LINC02256	c18
1.28556443309467e-11	1.06102108869523	0.039	0.091	4.70529438156978e-07	ACSL5	c18
3.3809432768622e-27	1.06088272348438	0.145	0.313	1.23745904876433e-22	TMED4	c18
6.57538038398393e-10	1.06084254588232	0.027	0.066	2.40665497434196e-05	ELMO2	c18
6.93370989628467e-19	1.06025903511963	0.125	0.249	2.53780715913915e-14	YTHDC1	c18
5.41661664629428e-17	1.05983279244333	0.051	0.126	1.98253585871017e-12	TUT7	c18
4.01052986675311e-20	1.05982573911716	0.214	0.408	1.46789403653031e-15	TPR	c18
3.63546333526776e-12	1.0594387942767	0.04	0.094	1.33061593534135e-07	ABHD3	c18
2.2218882211234e-19	1.05941628209507	0.136	0.268	8.13233307813376e-15	BPTF	c18
1.83458117236438e-13	1.05906206755589	0.03	0.082	6.71475054897086e-09	PGGT1B	c18
1.6325526893204e-16	1.05860553900184	0.054	0.129	5.97530609818159e-12	DUSP11	c18
1.34385316868178e-06	1.05821028041014	0.019	0.044	0.0491863698269219	ASB16-AS1	c18
6.83227413586723e-22	1.05798705852753	0.103	0.224	2.50068065646876e-17	SMARCC2	c18
1.01884120026121e-10	1.05765010931091	0.024	0.064	3.72906067707607e-06	IFFO1	c18
2.51482047998331e-15	1.05742792938707	0.032	0.091	9.2044944387869e-11	CDK5RAP1	c18
3.69066690901895e-12	1.05526572426464	0.036	0.087	1.35082099537003e-07	TOPBP1	c18
1.83663915057934e-23	1.05469376941466	0.194	0.384	6.72228295503546e-19	SCAF11	c18
1.76691491883921e-07	1.05461529836293	0.028	0.061	0.00646708529444339	RFFL	c18
2.44799828703806e-07	1.05437919972285	0.011	0.035	0.008959918530388	PIGN	c18
1.87360704551316e-21	1.05368277605762	0.068	0.167	6.8575891472827e-17	WDR33	c18
3.72130016440837e-14	1.05345590207708	0.033	0.089	1.36203307317511e-09	ZC3H14	c18
6.20737704133207e-20	1.05320159292504	0.055	0.141	2.27196207089795e-15	DGLUCY	c18
1.16484339300086e-19	1.05312445842435	0.044	0.123	4.26344330272246e-15	SNX14	c18
1.82782266473848e-10	1.05273717685619	0.077	0.142	6.69001373520931e-06	IRAK4	c18
9.54158424635235e-09	1.05236649410013	0.019	0.051	0.000349231525000742	RAB30-DT	c18
3.01623952411876e-10	1.05232470877416	0.02	0.057	1.10397382822271e-05	UBR3	c18
1.2516375222717e-12	1.05176200238209	0.048	0.107	4.58111849526666e-08	TRIM4	c18
7.49460957598018e-12	1.05137659979647	0.018	0.059	2.74310205090451e-07	KIF1BP	c18
1.17303559845157e-08	1.05050612876532	0.014	0.044	0.00042934275938926	SPPL3	c18
3.21454972080199e-11	1.05017508042179	0.031	0.078	1.17655734331073e-06	SCAMP1	c18
1.20898021344144e-11	1.04998325720728	0.031	0.078	4.42498847921703e-07	ALKBH6	c18
4.52048526365898e-24	1.04986918576163	0.1	0.227	1.65454281135182e-19	RUNX1	c18
5.40635182799627e-14	1.04973537853277	0.086	0.169	1.97877883256492e-09	GON4L	c18
1.92038028760581e-15	1.04967993358592	0.06	0.135	7.02878389066601e-11	CD84	c18
2.11363201261603e-18	1.049410706557	0.031	0.099	7.73610452937592e-14	DCAF6	c18
8.98218324669448e-11	1.04931918005263	0.086	0.157	3.28756889012265e-06	RABGAP1L	c18
7.92773135060878e-18	1.04864408077273	0.047	0.122	2.90162895163632e-13	TTC37	c18
7.93101737444214e-11	1.04833408514066	0.037	0.085	2.90283166921957e-06	GSR	c18
8.07652793648817e-14	1.04820377315299	0.068	0.141	2.95608999003403e-09	UBR2	c18
5.91225057609849e-10	1.04812322202083	0.019	0.054	2.16394283335781e-05	SARS2	c18
1.20124386473835e-11	1.04627294579111	0.034	0.083	4.39667266932882e-07	RAP2C	c18
6.32005306061054e-15	1.04607215392973	0.06	0.133	2.31320262071406e-10	PPP4R3A	c18
9.13858444362755e-12	1.0459195536709	0.031	0.078	3.34481329221212e-07	ERCC3	c18
1.29778394555241e-22	1.04572896057491	0.087	0.201	4.75001901911637e-18	CELF1	c18
1.30291691124296e-15	1.04568448327196	0.072	0.154	4.76880618684037e-11	SAMD9	c18
6.9757184705505e-15	1.04528888500845	0.043	0.107	2.55318271740619e-10	GPATCH2L	c18
4.86153477810786e-08	1.04519347218752	0.025	0.058	0.00177937034413526	MSH2	c18
6.25817382735527e-16	1.04464284700725	0.167	0.305	2.2905542025503e-11	G3BP2	c18
1.26666605328374e-20	1.04439750590866	0.094	0.206	4.63612442162381e-16	CNOT2	c18
3.58916277222168e-10	1.04405154572212	0.043	0.092	1.31366946626086e-05	WDR37	c18
1.09435550666315e-10	1.04397202442245	0.021	0.06	4.00545058993778e-06	LIMK2	c18
1.63943021102681e-12	1.04387133173044	0.043	0.099	6.00047851537922e-08	FNIP1	c18
4.5751551086661e-20	1.04383341312506	0.169	0.327	1.67455252132288e-15	ILF3	c18
3.68987214183017e-11	1.04382471050596	0.065	0.127	1.35053010263126e-06	XPC	c18
8.23792517875728e-17	1.04329903971599	0.128	0.246	3.01516299467695e-12	CDC42SE1	c18
8.60841265250597e-12	1.04146472673202	0.06	0.122	3.15076511494371e-07	ZC3H18	c18
4.75718112031619e-16	1.04127189873512	0.077	0.162	1.74117586184693e-11	SP140L	c18
2.1079773693126e-18	1.04034647623096	0.048	0.125	7.71540796942104e-14	USP11	c18
6.39704976418023e-16	1.04022476364979	0.045	0.113	2.34138418418761e-11	CYB5R4	c18
8.0181129141478e-26	1.0396716036853	0.117	0.26	2.93470950770724e-21	RIOK3	c18
3.86139017676159e-12	1.03952362718018	0.021	0.065	1.41330741859651e-07	ST3GAL2	c18
3.78451418606796e-08	1.0382228283343	0.037	0.075	0.00138517003724273	ATF2	c18
5.91893127646414e-08	1.03705411633236	0.02	0.05	0.00216638803649864	BMI1	c18
5.47778885648844e-16	1.03690888017531	0.094	0.19	2.00492549936333e-11	PRRC2B	c18
4.93982417431665e-07	1.03643063461725	0.008	0.03	0.0180802504604164	DHX57	c18
6.78409238714361e-18	1.03629229130494	0.048	0.124	2.48304565461843e-13	UPF3B	c18
7.26621829372108e-21	1.03614243387647	0.111	0.233	2.65950855768485e-16	ANAPC5	c18
2.19392720646379e-20	1.03493220733427	0.076	0.176	8.02999296837811e-16	ELF2	c18
3.23547083640426e-13	1.03450359116776	0.021	0.068	1.18421468083232e-08	CDK16	c18
1.37314613438004e-11	1.03426968557308	0.024	0.067	5.0258521664444e-07	RBBP5	c18
2.88633023271557e-10	1.03416064306123	0.057	0.112	1.05642572847623e-05	GLS	c18
2.08483487416513e-16	1.03407829744016	0.039	0.105	7.63070412293181e-12	WDFY1	c18
1.95635565149565e-12	1.03362635595133	0.034	0.086	7.16045732003922e-08	DIS3	c18
3.53368558750417e-16	1.03358831524304	0.043	0.112	1.2933642618824e-11	SPIDR	c18
1.2553625912524e-07	1.03336967105755	0.013	0.038	0.0045947526202429	DSN1	c18
1.78319407391821e-14	1.03278312184694	0.062	0.134	6.52666862994803e-10	WDR82	c18
1.04754714087789e-22	1.03249295511673	0.073	0.179	3.83412729032716e-18	SDR39U1	c18
1.09529299419849e-18	1.03236714419251	0.07	0.161	4.00888188806588e-14	HERC2	c18
2.65381610407035e-11	1.03138008344577	0.025	0.069	9.7132323225079e-07	REPS1	c18
5.09618334472944e-07	1.03060274046996	0.011	0.034	0.0186525406600442	FER	c18
1.30461166074001e-07	1.03056387480433	0.025	0.057	0.00477500913947451	ATP2B1-AS1	c18
1.67616164471123e-13	1.03055793783065	0.033	0.087	6.13491923580756e-09	FAM219B	c18
8.39233902242276e-20	1.03050577361035	0.054	0.14	3.07168000559696e-15	UBE4A	c18
1.49395552713412e-10	1.03045825989466	0.019	0.057	5.46802662486359e-06	NUP188	c18
1.93219769328694e-08	1.03000757463419	0.027	0.061	0.000707203677719954	STRN	c18
8.45640832762374e-13	1.02974871956391	0.03	0.081	3.09513001199357e-08	STXBP3	c18
1.21101400544795e-11	1.02964324804447	0.033	0.081	4.43243236134003e-07	MAVS	c18
8.20761866454788e-09	1.02938806943163	0.031	0.069	0.000300407050741117	CDC37L1	c18
1.09734635908271e-10	1.02930290525739	0.013	0.047	4.01639740887863e-06	TLR1	c18
9.90009876690124e-12	1.02891207555847	0.03	0.077	3.62353514967352e-07	TMEM41A	c18
1.61207778407709e-11	1.0274710911054	0.039	0.089	5.90036589750057e-07	CDK10	c18
2.09810204620587e-07	1.0274366446804	0.043	0.082	0.00767926329931811	PMS1	c18
6.42982635410079e-28	1.02743634194003	0.064	0.179	2.35338074386443e-23	WASHC4	c18
4.81589668287611e-16	1.02735740559	0.051	0.123	1.76266634489949e-11	ERBIN	c18
5.98560863818107e-17	1.02699881798277	0.037	0.104	2.19079261766065e-12	UGGT1	c18
4.12092089594376e-07	1.02694325976785	0.013	0.037	0.0150829825712438	TMEM68	c18
2.47239334199618e-10	1.02599526985832	0.028	0.07	9.04920687104024e-06	FAM53B	c18
3.08448377001643e-13	1.0259149233187	0.033	0.086	1.12895190466371e-08	FEM1B	c18
5.95954524151478e-17	1.02495185618703	0.088	0.184	2.18125315384683e-12	FLI1	c18
1.35523311887616e-23	1.02462727842285	0.043	0.133	4.96028873839861e-19	COMMD10	c18
8.10878863447676e-08	1.02447198404316	0.045	0.086	0.00296789772810484	ZMYM5	c18
2.25599100825651e-13	1.02398701844924	0.246	0.431	8.25715268931966e-09	SRSF7	c18
4.59888079732069e-14	1.02277941908443	0.033	0.089	1.68323636062734e-09	CDC16	c18
1.36761353432632e-08	1.02199618377333	0.005	0.029	0.000500560229698776	BTBD6	c18
7.74546151146874e-10	1.02197914394363	0.034	0.078	2.83491636781267e-05	ABCB7	c18
6.63354824977326e-10	1.02117648083358	0.034	0.078	2.42794499489951e-05	CHFR	c18
2.92994289200069e-15	1.0211501719556	0.036	0.097	1.07238839790117e-10	GART	c18
3.49505487670967e-21	1.02052734904801	0.065	0.161	1.27922503542451e-16	KIAA0100	c18
2.70159662018243e-23	1.02008466055989	0.068	0.172	9.88811378952971e-19	PRKAR2A	c18
1.99000902035601e-12	1.0199578481823	0.018	0.06	7.28363201540504e-08	GTPBP6	c18
1.73499757211091e-22	1.01970961605588	0.069	0.171	6.35026461368315e-18	TMEM87A	c18
1.03200207122249e-16	1.01911468456139	0.037	0.103	3.77723078088142e-12	DAPP1	c18
1.57814306135384e-13	1.01885965199439	0.038	0.095	5.7761614188612e-09	R3HDM1	c18
1.1889336312924e-14	1.01877742727237	0.053	0.122	4.35161598389331e-10	NELFCD	c18
6.91692622551808e-27	1.01845176424069	0.582	0.726	2.53166416780187e-22	SARAF	c18
4.32344219765001e-10	1.01761927408284	0.025	0.064	1.58242307876188e-05	FBXO11	c18
9.98745783366273e-14	1.01684314664616	0.137	0.247	3.6555094416989e-09	SYNRG	c18
4.69097524309981e-19	1.01682591268319	0.054	0.137	1.71694384872696e-14	THAP7	c18
1.72471971693817e-15	1.01673327860894	0.031	0.09	6.3126466359654e-11	TRIM8	c18
3.91219730712469e-08	1.01579262198606	0.018	0.048	0.00143190333638071	PIP4P2	c18
3.10108533197647e-25	1.01554642394587	0.071	0.183	1.13502824235671e-20	ERGIC2	c18
1.26509443143785e-09	1.01299104079892	0.028	0.067	4.63037212850568e-05	GTPBP8	c18
1.29300631302713e-12	1.01283979747297	0.033	0.084	4.73253240631061e-08	RBM10	c18
6.18594915919363e-20	1.0103115334066	0.059	0.148	2.26411925175646e-15	NOL8	c18
1.26135564462836e-13	1.01030354622789	0.196	0.344	4.61668779490425e-09	TAF15	c18
5.31813117412591e-07	1.00997572249655	0.018	0.044	0.0194648919104182	EYA3	c18
1.16025263459813e-21	1.0098428370467	0.079	0.185	4.24664066789261e-17	DHX9	c18
1.83835113362241e-32	1.00968470292296	0.132	0.309	6.72854898417139e-28	IRF9	c18
1.72613775886806e-17	1.00960268661396	0.05	0.125	6.317836811233e-13	SCFD1	c18
1.12871901006044e-10	1.00858119228241	0.024	0.065	4.13122444872223e-06	ZDHHC5	c18
3.62304015385304e-19	1.00818616972457	0.151	0.294	1.32606892671175e-14	SPSB3	c18
1.12919468663513e-16	1.00773104970938	0.046	0.118	4.13296547255323e-12	EHMT2	c18
4.37820220641383e-24	1.00761288734733	0.111	0.245	1.60246578956953e-19	KDM5A	c18
3.67142579730091e-16	1.00757941607236	0.063	0.141	1.34377855607011e-11	API5	c18
2.25206585925462e-15	1.0073470110124	0.085	0.171	8.24278625145783e-11	RBM6	c18
2.81621405010477e-15	1.00718669414173	0.084	0.171	1.03076250447885e-10	HERPUD2	c18
3.49951766634005e-07	1.006904894449	0.011	0.034	0.0128085846105712	ERCC2	c18
9.52883736377053e-29	1.00679015456852	0.106	0.252	3.48764976351365e-24	STRAP	c18
3.08401539952671e-20	1.0065782460463	0.054	0.14	1.12878047638077e-15	NADSYN1	c18
5.04651602231509e-17	1.00656039180447	0.185	0.341	1.84707532932755e-12	DYNC1H1	c18
2.99818530408019e-11	1.00643184640074	0.043	0.096	1.09736580314639e-06	TMEM87B	c18
7.80269018369549e-09	1.00598660277833	0.092	0.158	0.000285586263413438	CDC25B	c18
1.01176628778287e-22	1.00522746169715	0.129	0.269	3.70316578991408e-18	STAT1	c18
3.68306140401409e-08	1.00512579281252	0.057	0.104	0.0013480373044832	TOB1	c18
1.17885337382685e-17	1.00472556172618	0.055	0.134	4.31472123354366e-13	ZC3H7A	c18
2.21067845233252e-11	1.00456303775814	0.152	0.258	8.09130420338225e-07	TNFAIP8	c18
4.58895149942354e-11	1.00451233207138	0.016	0.053	1.67960213830401e-06	SLC35B4	c18
8.5261862948218e-07	1.00446578011794	0.024	0.052	0.0312066944576773	AKAP8	c18
1.62375777876546e-16	1.00439180811764	0.079	0.168	5.94311584605946e-12	UVRAG	c18
4.30196873952944e-14	1.00399835094107	0.032	0.088	1.57456357835517e-09	GET4	c18
1.73856164823782e-14	1.00343170858908	0.043	0.106	6.36330948871526e-10	CUTC	c18
4.09336259427982e-10	1.00327817617697	0.018	0.054	1.49821164313236e-05	UBP1	c18
1.63617217503014e-12	1.00326235587678	0.028	0.077	5.98855377782783e-08	MAP3K5	c18
8.87467797107398e-13	1.00287715046624	0.028	0.077	3.24822088419279e-08	MAPKAPK5	c18
9.1442238981851e-17	1.00219529471582	0.031	0.094	3.34687738897473e-12	DTX2	c18
4.65120790770873e-11	1.00184758017931	0.034	0.082	1.70238860630047e-06	LPGAT1	c18
3.29265530774828e-15	1.00152090087456	0.036	0.097	1.20514476918895e-10	UBA6	c18
7.53076795254628e-26	1.00151681905506	0.085	0.208	2.75633637831146e-21	CCAR1	c18
1.52891521319397e-13	1.00102984875903	0.022	0.07	5.59598257181126e-09	SRBD1	c18
2.0948660838486e-15	1.00077109068577	0.031	0.09	7.66741935349427e-11	KDM6B	c18
2.42961759605871e-08	1.00037310614451	0.01	0.035	0.00088926433633345	TLE1	c18
3.41477145622197e-34	0.999913832754046	0.602	0.697	1.2498405006918e-29	BTG1	c18
6.25415861183309e-14	0.999622528037435	0.016	0.062	2.28908459351703e-09	PBX3	c18
2.11947959452027e-20	0.999420114447557	0.097	0.209	7.75750726390365e-16	HNRNPH1	c18
6.75020479337722e-15	0.999028730498092	0.026	0.08	2.470642456424e-10	NAT9	c18
6.50148678297347e-09	0.998942392240237	0.018	0.05	0.000237960917743612	TSEN2	c18
3.95733878437615e-29	0.99866959413856	0.222	0.456	1.44842556846952e-24	ITGB1	c18
4.80979876537024e-14	0.998505306826758	0.027	0.079	1.76043444611316e-09	IFIT5	c18
2.78954702905892e-13	0.998333467778492	0.042	0.1	1.02100210810585e-08	GNL3	c18
4.01967217575473e-21	0.998066108883302	0.04	0.121	1.47124021304799e-16	PNPLA8	c18
4.7511584958768e-23	0.997930910962925	0.16	0.324	1.73897152107587e-18	NR3C1	c18
1.05666361338244e-10	0.997902204735333	0.025	0.066	3.86749449134108e-06	GPATCH3	c18
9.17320346484078e-12	0.997562791004314	0.024	0.068	3.35748420016638e-07	PAICS	c18
1.3427636418609e-21	0.997446567901328	0.085	0.194	4.91464920557508e-17	TMF1	c18
1.50484542589974e-07	0.997437556370207	0.025	0.056	0.00550788474333562	CC2D1A	c18
1.35152260729917e-12	0.997180449952093	0.039	0.093	4.94670789497568e-08	EEFSEC	c18
2.37303706314014e-16	0.996987380091399	0.082	0.171	8.68555295479921e-12	POLR2B	c18
2.39504242278513e-11	0.996608309557625	0.053	0.109	8.76609477163587e-07	RNF145	c18
2.5245306482774e-17	0.996158639538036	0.053	0.129	9.24003462576012e-13	ARL16	c18
9.6273195077775e-09	0.996134959986677	0.034	0.073	0.000352369521304164	RSAD1	c18
4.46375732825004e-09	0.995934454092187	0.014	0.045	0.00016337798197128	COG8	c18
2.24237445835276e-21	0.995889812506726	0.058	0.151	8.20731475501692e-17	CALCOCO1	c18
1.21291012608014e-15	0.995805705129591	0.045	0.112	4.43937235246592e-11	WASHC2C	c18
7.36787936771194e-07	0.995555702050237	0.017	0.042	0.0269671752737625	BCKDHB	c18
7.75593660346206e-07	0.995539361598899	0.033	0.065	0.0283875035623315	ODF2	c18
1.59539306619628e-14	0.995267730178824	0.036	0.095	5.83929816158502e-10	TOP2B	c18
8.59760359651699e-08	0.995219708669324	0.018	0.047	0.00314680889236118	NAT10	c18
4.13563404319587e-14	0.995194208473548	0.056	0.124	1.51368341615012e-09	ARFGAP2	c18
5.53240391653965e-07	0.995142155600896	0.011	0.034	0.0202491515749268	TRIM16	c18
3.15111213270409e-23	0.994391493973089	0.08	0.191	1.15333855169102e-18	RB1CC1	c18
1.76478500238463e-22	0.99429253697925	0.107	0.234	6.45928958722797e-18	PIAS1	c18
1.40251252808009e-10	0.993870136995344	0.035	0.081	5.13333610402594e-06	WDR60	c18
1.49321651076777e-23	0.993150206827353	0.136	0.285	5.4653217510611e-19	PAFAH1B1	c18
7.34053093910275e-17	0.992309376771016	0.044	0.115	2.686707729021e-12	NT5DC1	c18
4.4495823713378e-20	0.99147719949568	0.074	0.171	1.62859164373335e-15	MOB4	c18
4.37720186422598e-14	0.990977343205724	0.033	0.088	1.60209965432535e-09	TMX3	c18
9.03700608344657e-15	0.990731813580737	0.016	0.064	3.30763459660228e-10	TMEM8A	c18
4.66865840777434e-09	0.990612023225039	0.018	0.051	0.000170877566382949	CSTF2	c18
1.15791424699044e-09	0.989637227146982	0.031	0.073	4.23808193540972e-05	CASP3	c18
2.88201484904255e-12	0.989060333871473	0.03	0.079	1.05484625489806e-07	PHRF1	c18
1.6678595009245e-21	0.988861355331008	0.074	0.177	6.10453255933377e-17	DNAJC2	c18
4.53850454490008e-07	0.988690493057156	0.011	0.034	0.0166113804847888	LARP1B	c18
3.56242560939583e-07	0.988416551696144	0.01	0.032	0.0130388339729497	PER3	c18
7.85563896403601e-12	0.988284400141967	0.022	0.065	2.87524241722682e-07	RMND5B	c18
2.75805405454761e-15	0.988226468864733	0.054	0.125	1.00947536450497e-10	GNPAT	c18
3.19257649074728e-20	0.987028961317022	0.062	0.153	1.16851492137841e-15	ATG5	c18
4.16780915191322e-07	0.9870114037939	0.01	0.033	0.0152545982769176	RAB43	c18
4.66327744609425e-12	0.9867392864397	0.029	0.077	1.70680617804496e-07	RANGAP1	c18
9.18920180707822e-23	0.986579516870031	0.115	0.248	3.3633397534087e-18	SFPQ	c18
7.71972624737918e-09	0.986385283601503	0.02	0.053	0.000282549700380325	CIAO3	c18
2.92138513275806e-14	0.986289871184449	0.027	0.079	1.06925617244078e-09	TFIP11	c18
2.68595166334968e-18	0.986164580597783	0.057	0.139	9.83085168302616e-14	CDS2	c18
1.40997124930466e-24	0.985823633786777	0.084	0.202	5.16063576957999e-20	ABI1	c18
1.45062176276213e-30	0.985703071881688	0.134	0.305	5.30942071388567e-26	SEPTIN2	c18
1.22056660462484e-27	0.985565485943829	0.057	0.167	4.46739582958738e-23	RIN3	c18
1.82222061135032e-09	0.984737790805569	0.022	0.058	6.6695096596033e-05	PDCD7	c18
1.43326526557371e-24	0.984576723066868	0.08	0.196	5.24589419852635e-20	TRIM38	c18
2.33687260920607e-27	0.983712976511873	0.109	0.252	8.55318743695513e-23	GOLGB1	c18
1.10913056650567e-07	0.983278261874564	0.013	0.039	0.00405952878646739	COX18	c18
2.07991114590301e-22	0.983213002050592	0.048	0.138	7.6126827851196e-18	PPIP5K2	c18
2.37604811445872e-19	0.982960294839993	0.05	0.131	8.69657370373035e-15	ASCC2	c18
3.15196981282284e-10	0.982151722267351	0.037	0.082	1.15365247119129e-05	PPIL2	c18
2.29732888436546e-10	0.981904253870886	0.03	0.072	8.408453449666e-06	SETDB2	c18
3.59081520237742e-19	0.981846390453474	0.049	0.129	1.31427427222216e-14	HIPK3	c18
1.64873584620249e-17	0.981736488734225	0.074	0.163	6.03453807068573e-13	ZNF148	c18
1.66924545039952e-29	0.981015656214132	0.103	0.25	6.10960527300727e-25	TM9SF2	c18
2.24463311414325e-17	0.980592478818843	0.064	0.147	8.21558166107571e-13	NIN	c18
6.61245424804151e-17	0.980241104502542	0.075	0.162	2.42022437932567e-12	MAN1A2	c18
6.24612578866232e-18	0.980064068049641	0.03	0.095	2.2861444999083e-13	TBC1D15	c18
3.31271068443473e-08	0.979330966520438	0.022	0.054	0.00121248523760996	FAM76A	c18
6.64038526113089e-12	0.978472747996154	0.024	0.069	2.43044740942652e-07	MUS81	c18
1.01914851795561e-11	0.978007932737542	0.03	0.077	3.73018549056934e-07	CSNK1G1	c18
2.0162862719167e-17	0.97794544576244	0.063	0.147	7.37980938384232e-13	DDHD1	c18
1.95561919656708e-10	0.977884265301711	0.024	0.064	7.15776182135517e-06	TTF2	c18
2.22637742553397e-08	0.977834848351551	0.025	0.06	0.000814876401519687	PAM	c18
8.73425667187009e-12	0.977581524605443	0.014	0.053	3.19682528447117e-07	AC108134.3	c18
7.14961236882811e-12	0.977372344875333	0.02	0.062	2.61682962311478e-07	RETREG1	c18
4.24585818795648e-08	0.976967023315745	0.019	0.05	0.00155402655537395	POLR2M	c18
5.13564022630817e-07	0.976335401204024	0.009	0.031	0.0187969567923106	ZNF174	c18
8.47242115987681e-16	0.976090763337254	0.037	0.101	3.10099086872651e-11	KIAA2026	c18
2.39055404448633e-22	0.976004301605274	0.062	0.16	8.74966685822443e-18	IWS1	c18
7.17493243107491e-07	0.97530833460329	0.013	0.036	0.0262609701909773	PHF2	c18
6.91634342461593e-11	0.975040268195396	0.022	0.062	2.53145085684368e-06	NRDE2	c18
3.07011506066994e-14	0.974423419956751	0.033	0.089	1.12369281335581e-09	CEP104	c18
8.1680351760227e-13	0.972961011395892	0.035	0.088	2.98958255477607e-08	REV1	c18
2.86785707933649e-13	0.972153254757374	0.024	0.073	1.04966436960795e-08	NUP54	c18
2.85970266106479e-11	0.972054091535615	0.027	0.071	1.04667977097632e-06	TRIM33	c18
2.58392033968214e-10	0.971821888931048	0.018	0.055	9.45740683527059e-06	P3H1	c18
8.90960186905535e-15	0.971590800382806	0.068	0.145	3.26100338009295e-10	MARCH7	c18
1.88862356157165e-15	0.971562618233972	0.061	0.136	6.91255109770838e-11	SPATA13	c18
1.62634851914416e-08	0.971345676167121	0.023	0.056	0.000595259821491954	KDM3B	c18
5.86751484844999e-08	0.971026887708934	0.014	0.042	0.00214756910968118	ZBTB17	c18
2.03417873453606e-08	0.970699348836451	0.013	0.041	0.000744529758627544	TNRC18	c18
8.05359386683916e-16	0.970414604723546	0.04	0.106	2.9476958912018e-11	KLF13	c18
3.09872666495683e-12	0.970338914560634	0.041	0.095	1.13416494664085e-07	ISG20L2	c18
2.65689850169286e-29	0.969584755565397	0.125	0.285	9.72451420604605e-25	PRKDC	c18
2.95149648740355e-08	0.969368082463675	0.011	0.038	0.00108027722935457	MTMR2	c18
1.6209448659387e-13	0.968531574865881	0.042	0.101	5.93282030382223e-09	PPAN	c18
3.86360948372751e-25	0.968470756986343	0.087	0.209	1.41411970713911e-20	WAPL	c18
1.59258937666756e-10	0.968209700320659	0.021	0.059	5.82903637754094e-06	MBOAT1	c18
2.53126294319873e-13	0.967914281347026	0.04	0.098	9.26467549840169e-09	ESCO1	c18
2.50616044903148e-23	0.967907900937686	0.146	0.301	9.17279785950013e-19	TRA2B	c18
1.18024565400387e-29	0.967711178156468	0.079	0.209	4.31981711821957e-25	STX12	c18
8.82933847393231e-15	0.967067746651212	0.05	0.117	3.23162617484396e-10	DPP8	c18
4.43491895812496e-11	0.966689112887057	0.037	0.086	1.62322468786332e-06	LTBP4	c18
6.88191776983718e-22	0.966305161657155	0.083	0.191	2.51885072293811e-17	PHYKPL	c18
1.11397823427444e-19	0.966140712380234	0.043	0.121	4.07727173526789e-15	GOSR2	c18
6.28380575556377e-15	0.965186896280886	0.032	0.09	2.2999357445939e-10	TOPORS	c18
1.71550838642425e-18	0.965182613241175	0.068	0.157	6.2789322451514e-14	MED15	c18
4.40186929942811e-25	0.965123725176324	0.04	0.133	1.61112818228368e-20	AC100810.1	c18
4.07712367330259e-10	0.965064193991876	0.025	0.065	1.49226803566548e-05	DNAJC11	c18
4.164691279813e-24	0.96404178542681	0.171	0.348	1.52431865532436e-19	DDX39B	c18
1.59492205254022e-24	0.963745262388828	0.056	0.157	5.83757420450248e-20	FNDC3A	c18
6.54258973269206e-11	0.963451772626777	0.029	0.073	2.39465326806262e-06	NDRG1	c18
2.07500340423134e-12	0.963144926141545	0.02	0.064	7.59471995982714e-08	HDAC10	c18
1.36535863926703e-14	0.961918377549053	0.027	0.081	4.99734915558125e-10	DENND4B	c18
2.09527197969404e-26	0.961523146872007	0.077	0.197	7.66890497287816e-22	RSRC1	c18
1.1244539502492e-12	0.96148290593531	0.028	0.078	4.1156139033071e-08	GMDS	c18
1.6009005993533e-28	0.961350971072684	0.09	0.224	5.85945628369303e-24	PSMC6	c18
1.39217321828267e-10	0.961208131400413	0.03	0.074	5.0954931962364e-06	ZBED5	c18
6.95663160486499e-28	0.960731653288129	0.058	0.169	2.54619673369663e-23	AMD1	c18
7.95540098232408e-13	0.960433052711741	0.022	0.068	2.91175631354044e-08	ZNF195	c18
2.19113041221079e-19	0.960387602170205	0.056	0.141	8.0197564217327e-15	MIA2	c18
1.11319966439533e-12	0.960087810559195	0.024	0.071	4.07442209165336e-08	RIOX2	c18
1.4326205744619e-19	0.96008212871274	0.046	0.127	5.24353456458799e-15	BRD9	c18
9.02876439089321e-11	0.960016631966243	0.018	0.056	3.30461805471082e-06	ZBTB48	c18
7.95615763002433e-16	0.959918594184533	0.022	0.077	2.9120332541652e-11	PRPS2	c18
7.16999224979865e-16	0.959747169944917	0.034	0.096	2.6242888633488e-11	VPS33A	c18
2.8490992114187e-24	0.959744347579562	0.128	0.273	1.04279880237136e-19	TRIM22	c18
4.21361276407028e-19	0.959665148682572	0.039	0.113	1.54222440777736e-14	BCL10	c18
2.8056649749102e-10	0.958637615550208	0.025	0.065	1.02690143746688e-05	ZNF410	c18
4.26755768176404e-12	0.958348351797852	0.037	0.089	1.56196878710246e-07	ATXN2	c18
2.84037965722382e-18	0.958073605750189	0.026	0.09	1.03960735834049e-13	COQ6	c18
1.68980905475116e-10	0.957922067096665	0.019	0.057	6.18487012129471e-06	RXRB	c18
9.54249963035925e-11	0.957811251469507	0.03	0.074	3.49265028970779e-06	ING3	c18
3.58199737970862e-08	0.956769706723909	0.018	0.047	0.00131104686094715	RNF121	c18
5.8419036445073e-21	0.956313838744816	0.046	0.13	2.13819515292612e-16	NDUFS1	c18
2.22221579528511e-13	0.956255369375816	0.031	0.084	8.13353203232305e-09	MAP3K7	c18
4.32575825752803e-11	0.956106548893179	0.031	0.077	1.58327077983783e-06	ARNTL	c18
9.2984105480598e-09	0.956065120882593	0.009	0.036	0.000340331124469537	USP30	c18
1.59007909244896e-21	0.956006324694698	0.068	0.167	5.81984848627244e-17	GBP4	c18
3.35691627162582e-08	0.955710524926015	0.028	0.063	0.00122866492457777	EPS15L1	c18
1.06126933196756e-06	0.954788895387869	0.025	0.053	0.0388435188193446	AC025159.1	c18
1.86199781049529e-18	0.954780383515344	0.153	0.294	6.81509818619381e-14	CFLAR	c18
6.79364579826733e-24	0.954760926259187	0.055	0.153	2.48654229862382e-19	MSL3	c18
5.57407548892912e-15	0.954666225538523	0.027	0.082	2.04016736970295e-10	PPM1A	c18
4.43101311358054e-21	0.954546072523602	0.05	0.136	1.62179510970161e-16	ECHDC2	c18
7.89416050495976e-16	0.954170344929631	0.043	0.11	2.88934168642032e-11	SLC7A6OS	c18
6.02788131501485e-17	0.954170187738347	0.033	0.097	2.20626484010859e-12	IPO5	c18
9.67192836560254e-11	0.954151074323444	0.011	0.045	3.54002250109418e-06	DHX58	c18
4.8420598197068e-18	0.953988099411116	0.068	0.155	1.77224231461088e-13	NUFIP2	c18
2.75821113223352e-15	0.953614399249053	0.063	0.139	1.00953285650879e-10	MICU2	c18
5.26780871325062e-19	0.95346342176017	0.08	0.177	1.92807066713686e-14	RO60	c18
2.20013667930255e-13	0.953356320562349	0.062	0.131	8.05272025991525e-09	SRSF8	c18
2.36574044595601e-15	0.952176464679836	0.05	0.118	8.65884660624361e-11	CUL1	c18
5.09066711445065e-07	0.951420160080022	0.007	0.027	0.0186323507056008	SMURF1	c18
7.02912901858667e-09	0.951048227722578	0.021	0.055	0.000257273151209291	IP6K1	c18
5.34681742552676e-11	0.950994503192539	0.027	0.07	1.95698864591705e-06	ABCA7	c18
1.67170179173062e-13	0.949579834038622	0.027	0.078	6.11859572791326e-09	ZNF880	c18
1.84152610154252e-22	0.949078695491804	0.046	0.134	6.74016968425578e-18	FAM120AOS	c18
2.04145569577714e-18	0.947756976748526	0.067	0.155	7.4719319921139e-14	USP10	c18
3.09936573983529e-13	0.947064997920726	0.032	0.085	1.13439885443711e-08	RBM14	c18
5.34525645823967e-11	0.946638006920138	0.03	0.074	1.9564173162803e-06	ZNF143	c18
1.03363595793821e-10	0.946146379681758	0.024	0.064	3.78321096964963e-06	TMEM181	c18
5.90855847849773e-25	0.94610813615599	0.048	0.145	2.16259148871495e-20	SLC25A46	c18
1.49014249486962e-16	0.94576186793505	0.04	0.107	5.45407054547228e-12	PHKB	c18
1.51782010665417e-13	0.944508677510257	0.022	0.07	5.55537337236494e-09	NNT-AS1	c18
5.14027430353785e-07	0.944251888228312	0.016	0.042	0.0188139179783789	POLR3A	c18
1.04899461229411e-10	0.944103213996064	0.013	0.048	3.83942518045766e-06	RFX1	c18
2.93174824345007e-13	0.943986101105214	0.043	0.102	1.07304917458516e-08	RBM23	c18
4.60857030949574e-22	0.943884504356072	0.05	0.139	1.68678281897854e-17	ZKSCAN1	c18
2.7503625639606e-27	0.943448221055605	0.152	0.324	1.00666020203522e-22	BAZ1A	c18
2.67464354170979e-25	0.942797070592871	0.11	0.247	9.78946282701199e-21	G3BP1	c18
1.88344421216269e-16	0.941992916918438	0.027	0.086	6.89359416093666e-12	CCDC159	c18
5.10174657292549e-12	0.941903484387124	0.022	0.065	1.86729026315646e-07	PPME1	c18
2.37373842155993e-18	0.941769107338969	0.053	0.133	8.6881199967515e-14	C1orf52	c18
2.55363685119857e-13	0.94119635130654	0.025	0.074	9.34656623907187e-09	PLK3	c18
9.57954661768994e-07	0.941111788818612	0.006	0.025	0.035062098575407	DTWD2	c18
1.81655968811166e-08	0.94105225900467	0.008	0.034	0.000664879011445747	PPARGC1B	c18
6.47653467923034e-25	0.940950920264233	0.038	0.128	2.3704764579451e-20	LTBP3	c18
1.00354054160075e-26	0.940733599099957	0.065	0.177	3.67305873631289e-22	SOAT1	c18
7.5690908140568e-11	0.940436403596236	0.015	0.051	2.77036292885293e-06	AMPD2	c18
3.80701002862127e-16	0.939828446327043	0.05	0.121	1.39340374057567e-11	DDB2	c18
1.01539602537626e-12	0.939470066602524	0.019	0.063	3.71645099247963e-08	PDSS2	c18
2.44341842954937e-08	0.937989271516816	0.018	0.049	0.000894315579399364	PRMT9	c18
3.35749402308444e-12	0.937715611489035	0.027	0.073	1.22887638738914e-07	GABPA	c18
1.45317089043087e-21	0.937615613737552	0.069	0.168	5.31875077606605e-17	PTGER4	c18
1.73006709968441e-13	0.937559660084691	0.298	0.535	6.33221859155492e-09	DDX24	c18
9.3241791729085e-10	0.937469572916021	0.022	0.058	3.41274281907624e-05	MFN1	c18
1.01228610929037e-19	0.937106259338099	0.048	0.129	3.7050683886137e-15	C5orf24	c18
5.98915767640165e-23	0.936897984988553	0.061	0.16	2.19209160113977e-18	UBR4	c18
5.36070090996269e-09	0.936623978942865	0.03	0.069	0.000196207014005545	CCAR2	c18
8.11322047360896e-14	0.936589382271273	0.04	0.099	2.96951982554562e-09	MED6	c18
6.90791329893461e-17	0.936344305718735	0.029	0.091	2.52836534654306e-12	C2orf68	c18
3.54700656070723e-34	0.936293555939905	0.108	0.272	1.29823987128445e-29	WNK1	c18
1.40957451310526e-13	0.93612460509156	0.035	0.09	5.15918367541655e-09	DUS3L	c18
2.86958495988261e-08	0.93594667677413	0.016	0.045	0.00105029679116664	USPL1	c18
1.62620462746817e-14	0.934953197235161	0.081	0.163	5.95207155699625e-10	PPM1K	c18
1.12666418822803e-28	0.93476985516239	0.219	0.451	4.12370359533343e-24	TAPBP	c18
1.51913026720527e-07	0.934654523255942	0.018	0.046	0.00556016869099801	RABEP2	c18
1.91595517009396e-20	0.934155549967859	0.059	0.149	7.0125875180609e-16	INTS10	c18
5.62348494247338e-15	0.934091435721182	0.041	0.104	2.05825172379468e-10	PIGH	c18
7.15318601899192e-07	0.933660984354488	0.056	0.097	0.0261813761481123	ERN1	c18
9.15857137979916e-14	0.93310534840515	0.015	0.059	3.35212871072029e-09	ALPK1	c18
1.0344969116712e-08	0.932781051356411	0.02	0.052	0.000378636214640776	ZADH2	c18
3.52680991025163e-09	0.932376982173956	0.022	0.057	0.00012908476952512	METTL8	c18
8.47192862329398e-16	0.932185754545819	0.037	0.101	3.10081059541183e-11	ATXN2L	c18
1.10614405157239e-06	0.931915440996555	0.016	0.041	0.040485978431601	KAT2B	c18
1.23648437296715e-06	0.931673097128222	0.011	0.032	0.0452565645349705	BCDIN3D	c18
8.47178480617347e-07	0.931183058422294	0.017	0.042	0.0310075795690755	PPOX	c18
2.8175196746295e-29	0.931013586548467	0.07	0.193	1.03124037611114e-24	USP8	c18
2.56184873828519e-20	0.93100504327808	0.071	0.167	9.37662256699763e-16	THUMPD1	c18
3.81131788874663e-08	0.929752541760511	0.012	0.039	0.00139498046046015	USP12	c18
5.95153419051521e-19	0.928494986260514	0.045	0.122	2.17832102907047e-14	ARMH1	c18
9.5479694423607e-31	0.927923048847049	0.075	0.205	3.49465229559844e-26	BOD1L1	c18
9.12507818412204e-14	0.927727632807407	0.039	0.098	3.33986986617051e-09	DCP1A	c18
6.4978538772841e-18	0.926463763090346	0.03	0.095	2.37827949762475e-13	PLA2G12A	c18
4.21596595291422e-19	0.926216252027342	0.043	0.119	1.54308569842614e-14	TWF1	c18
2.21157091276302e-14	0.925846264531814	0.034	0.092	8.09457069780394e-10	ZBTB44	c18
4.89292377469937e-14	0.925813417179759	0.024	0.075	1.79085903077771e-09	SURF6	c18
1.10813969923096e-13	0.925610386323899	0.022	0.07	4.05590211315524e-09	TPK1	c18
2.22902823228731e-17	0.925383825322901	0.054	0.132	8.1584662329948e-13	CHORDC1	c18
4.59963543012824e-13	0.924663525654011	0.025	0.074	1.68351256378124e-08	RRM1	c18
8.94972371510916e-30	0.923873819304342	0.053	0.165	3.2756883769671e-25	PHACTR2	c18
1.89727035345722e-09	0.923841162226311	0.033	0.074	6.94419922068877e-05	JADE2	c18
4.84022128629825e-07	0.923744763707561	0.015	0.04	0.0177156939299802	NAF1	c18
2.7670644212657e-17	0.923645210335072	0.043	0.115	1.01277324882746e-12	GIGYF2	c18
1.15327395485429e-07	0.923591934098611	0.007	0.029	0.0042210980021622	NOXA1	c18
6.07730146184514e-14	0.92315411041081	0.036	0.092	2.22435310804994e-09	FBXW2	c18
4.46990548860086e-17	0.923143062396966	0.199	0.365	1.6360301078828e-12	LCP2	c18
1.03772422257352e-06	0.922777239132495	0.015	0.039	0.0379817442704135	ZNF740	c18
7.73159400932209e-23	0.922423019186086	0.04	0.126	2.82984072335198e-18	FXN	c18
1.62761877920911e-07	0.921567782857931	0.016	0.043	0.00595724749378326	ORC5	c18
2.61191116537101e-07	0.920690770022628	0.014	0.039	0.00955985605637445	GTPBP1	c18
8.98326831862292e-10	0.920122968359832	0.021	0.058	3.28796603729917e-05	PRKAR1B	c18
2.46080684197739e-12	0.917748892256189	0.034	0.086	9.00679912232145e-08	KMT5B	c18
4.87456486953029e-15	0.917481599637711	0.031	0.088	1.78413948789678e-10	PIK3CB	c18
1.3210288594024e-15	0.917346989572719	0.03	0.088	4.83509772829873e-11	WDR48	c18
1.31536136067584e-21	0.917259126751591	0.052	0.141	4.81435411620965e-17	MEF2A	c18
2.02483168783037e-08	0.917185079568453	0.022	0.055	0.000741108646062794	BISPR	c18
1.66997192282069e-26	0.91716998489896	0.044	0.142	6.11226423471599e-22	RMDN1	c18
6.79611156372041e-16	0.916417883251781	0.023	0.078	2.48744479343731e-11	C3orf38	c18
2.21187904380861e-09	0.916138752710095	0.019	0.053	8.09569848824388e-05	PRKCI	c18
4.76390372959413e-30	0.916100701126247	0.061	0.18	1.74363640406875e-25	IST1	c18
2.47482133636174e-13	0.91605986636193	0.018	0.063	9.05809357321761e-09	TBL1X	c18
4.37847759604904e-32	0.915453743984861	0.149	0.336	1.60256658492991e-27	TBRG1	c18
2.67267291780976e-14	0.915261162047867	0.041	0.102	9.78225014647549e-10	UBAP1	c18
2.16104394658825e-26	0.915089490958286	0.054	0.158	7.90963694890765e-22	GOSR1	c18
3.92380421645091e-16	0.914905348486955	0.03	0.09	1.4361515812632e-11	HIBCH	c18
1.2203622370146e-08	0.914493099836647	0.017	0.048	0.000446664782369713	TP53	c18
1.53954908883734e-18	0.914340995043244	0.044	0.12	5.63490362005357e-14	KATNBL1	c18
5.04017027158645e-11	0.914272283141101	0.018	0.057	1.84475272110336e-06	WDR5	c18
2.02909543759791e-13	0.91415934451136	0.028	0.08	7.42669221115213e-09	KDM2B	c18
1.80087267974548e-09	0.914120471498852	0.012	0.043	6.59137409513642e-05	TFB2M	c18
1.07225760424618e-16	0.913035845454675	0.027	0.087	3.92457005730144e-12	GATAD2A	c18
4.30109504925306e-09	0.912725040538292	0.029	0.067	0.000157424379897711	PRKD2	c18
5.1059990017177e-10	0.912279947799938	0.014	0.047	1.8688466946187e-05	POFUT1	c18
1.47030428107834e-11	0.911707486805386	0.019	0.06	5.38146069917484e-07	ENTPD6	c18
1.66597081935808e-16	0.91118550324724	0.034	0.097	6.09761979593251e-12	TRMO	c18
8.80854847916643e-13	0.911128071058751	0.034	0.087	3.22401682885971e-08	VIRMA	c18
4.20811596421789e-08	0.91111804733095	0.02	0.051	0.00154021252406339	SMAD4	c18
1.52879104927835e-36	0.911052008705321	0.079	0.229	5.59552811946367e-32	NUP214	c18
3.72602469934709e-08	0.910698610390903	0.015	0.043	0.00136376230020803	SEC24A	c18
1.0496157970851e-11	0.910621152592044	0.02	0.061	3.84169877891118e-07	ITPRIP	c18
7.17147985978414e-27	0.910202222451431	0.104	0.242	2.62483334347959e-22	SDHA	c18
2.38259403589262e-25	0.910110387071523	0.097	0.225	8.72053243077059e-21	PCED1B	c18
5.34803064977851e-26	0.909687177508558	0.097	0.228	1.95743269812543e-21	ACIN1	c18
4.62555654474251e-10	0.909271145489226	0.013	0.045	1.69299995094121e-05	CDK19	c18
6.18635171007105e-13	0.909214479002327	0.039	0.094	2.2642665894031e-08	ZMYND11	c18
3.79119317151225e-09	0.908697887316203	0.019	0.052	0.00013876146127052	PAAF1	c18
1.55542942097389e-28	0.908630501526373	0.102	0.244	5.69302722370654e-24	CHD4	c18
1.20786020922282e-15	0.908168036037617	0.186	0.335	4.42088915177645e-11	WIPF1	c18
6.80237352132895e-28	0.907739359595875	0.034	0.13	2.48973673254161e-23	SLC38A6	c18
7.62880825466573e-22	0.907591870573838	0.045	0.131	2.7922201092902e-17	BROX	c18
1.71558263836519e-14	0.907165688286761	0.037	0.097	6.27920401468044e-10	WASHC2A	c18
6.94115487102703e-16	0.905951179029858	0.051	0.123	2.5405320943446e-11	TBC1D1	c18
9.03706042708818e-19	0.90539808126194	0.018	0.077	3.30765448691854e-14	SETD7	c18
4.54551748619733e-21	0.905127937144126	0.064	0.159	1.66370485512309e-16	EPS15	c18
6.67754168947556e-19	0.9050242322536	0.073	0.166	2.44404703376495e-14	ABTB1	c18
2.60302484237405e-11	0.904907680580048	0.004	0.033	9.52733122557327e-07	EMP1	c18
1.32932183553945e-21	0.903966145775782	0.06	0.155	4.86545085025795e-17	TAOK1	c18
8.21959992252756e-29	0.903362762935144	0.049	0.157	3.00845576764431e-24	SGK3	c18
2.58937839836473e-07	0.903284290988901	0.014	0.039	0.00947738387585473	B4GALT4	c18
6.58145380459552e-15	0.902895486146293	0.053	0.121	2.40887790702001e-10	RNF4	c18
1.83407980366937e-28	0.902895009794012	0.197	0.412	6.71291548941027e-24	CD47	c18
1.67591987855491e-08	0.902655367882425	0.01	0.036	0.000613403434749882	ADNP2	c18
1.21040163548186e-06	0.902418586792725	0.019	0.045	0.0443019102602717	ZNF544	c18
1.70907594167617e-10	0.90240608107098	0.03	0.073	6.25538885412897e-06	TP53BP1	c18
5.91593388903046e-08	0.902143783054475	0.015	0.043	0.00216529096272404	DCP1B	c18
3.33220046030933e-10	0.902062609946813	0.017	0.052	1.21961869047782e-05	UTP20	c18
3.66307714220406e-26	0.901189372856664	0.079	0.199	1.34072286481811e-21	UBE2G2	c18
1.00080627331695e-10	0.901102014992931	0.029	0.072	3.66305104096737e-06	ATE1	c18
1.17360745062902e-07	0.900656597556829	0.014	0.04	0.00429552063004727	ZNF738	c18
1.12076621673821e-13	0.900461294175026	0.037	0.095	4.10211642988351e-09	DHX38	c18
1.40439003677539e-25	0.900412484740781	0.141	0.298	5.14020797360159e-21	RSF1	c18
1.5489770563109e-18	0.900044499499054	0.031	0.098	5.66941092380354e-14	RARS	c18
1.42278579031789e-07	0.899717759479249	0.011	0.036	0.00520753827114249	SRP14-AS1	c18
1.44187547571097e-17	0.899439795448708	0.054	0.133	5.27740842864972e-13	YARS	c18
1.94526883103135e-10	0.899418549770711	0.024	0.063	7.11987844845784e-06	MSH6	c18
1.40120798705227e-07	0.899200042781239	0.017	0.044	0.00512856135341001	NVL	c18
3.01744824188453e-16	0.899042101583754	0.021	0.076	1.10441623101216e-11	PCYOX1	c18
3.51756801145065e-09	0.898985970120015	0.021	0.055	0.000128746506787105	POC1B	c18
9.55215944194964e-28	0.898635453044487	0.115	0.263	3.49618587734799e-23	NRDC	c18
2.32809210760564e-13	0.898346808674912	0.026	0.076	8.5210499230474e-09	SYMPK	c18
6.22262530803775e-12	0.898230319738075	0.018	0.059	2.2775430889949e-07	NUP85	c18
5.84976216908709e-30	0.897520457504014	0.077	0.206	2.14107145150757e-25	TRIP12	c18
1.00081790366823e-17	0.897502935329867	0.036	0.104	3.66309360921608e-13	DHX16	c18
3.25054129277549e-32	0.897112956172637	0.094	0.242	1.18973061856876e-27	TMEM30A	c18
1.11792079624031e-12	0.89671318676746	0.022	0.068	4.09170190631917e-08	MTRF1L	c18
1.14748200651125e-09	0.896236696598912	0.021	0.057	4.19989889203182e-05	CSTF2T	c18
3.65548501300282e-13	0.89561310659209	0.022	0.069	1.33794406960916e-08	EDEM1	c18
4.43677271300167e-15	0.895126075122345	0.065	0.141	1.62390318068574e-10	THUMPD3-AS1	c18
1.55569481603541e-17	0.894930354086594	0.034	0.101	5.69399859617121e-13	CAMK1D	c18
6.26233880130395e-07	0.894908980396413	0.01	0.032	0.0229207862466526	TBC1D13	c18
4.80399483209167e-10	0.894607624898987	0.035	0.079	1.75831014849387e-05	RNF44	c18
8.96432313405476e-32	0.89438207576141	0.12	0.285	3.28103191029538e-27	RASGRP2	c18
7.66085877754392e-30	0.893480907741441	0.06	0.179	2.80395092116885e-25	UFL1	c18
5.51830252453578e-15	0.893404128839283	0.027	0.081	2.01975390700534e-10	MARK2	c18
5.27495279533564e-22	0.892943042403276	0.032	0.11	1.9306854726208e-17	IPO8	c18
1.59006457223317e-08	0.891571096278195	0.026	0.061	0.000581979534083062	KDM5C	c18
1.4555228072257e-12	0.891438414378812	0.02	0.064	5.3273590267268e-08	ELMOD2	c18
9.82460706934536e-08	0.890855755521489	0.007	0.03	0.0035959044334511	SSH3	c18
3.83707400367187e-30	0.889614518697089	0.115	0.271	1.40440745608394e-25	JMJD1C	c18
3.99848399434247e-08	0.889105162226346	0.027	0.061	0.00146348512676929	SUPT3H	c18
2.27685163945053e-29	0.888393200623651	0.187	0.394	8.33350468555287e-25	SRRM2	c18
4.21355153390538e-26	0.888265587616986	0.138	0.297	1.54220199692471e-21	SRPRA	c18
1.92789048598516e-28	0.887834440953134	0.054	0.164	7.05627196775428e-24	AFG3L2	c18
3.7497097468733e-14	0.887699489562053	0.099	0.189	1.3724312644531e-09	ARHGAP9	c18
5.27328157162714e-12	0.887541982499862	0.025	0.071	1.93007378803125e-07	LINC00662	c18
3.67974493428478e-07	0.886808846173704	0.011	0.034	0.0134682344339757	MTMR9	c18
1.09073060603788e-18	0.886788517606239	0.06	0.145	3.99218309115926e-14	PPP1R10	c18
5.72573698607708e-12	0.886429130294266	0.019	0.06	2.09567699427407e-07	BTBD7	c18
1.45680523318624e-13	0.886142357557924	0.052	0.116	5.33205283398496e-09	CCDC186	c18
2.45112374668578e-12	0.886108919896265	0.021	0.065	8.97135802524464e-08	FRY	c18
1.97292322245587e-13	0.886079714157154	0.033	0.087	7.22109628651073e-09	PCNT	c18
1.36143523841537e-11	0.885862038886929	0.024	0.067	4.98298911612411e-07	PDCD11	c18
4.16180615489231e-25	0.885527370890272	0.058	0.161	1.52326267075213e-20	SRP54	c18
3.44886709142968e-14	0.885459021130998	0.052	0.118	1.26231984413418e-09	EXOSC10	c18
2.48430003895434e-13	0.885077947520777	0.03	0.082	9.09278657257679e-09	KIF13B	c18
1.52487742674208e-12	0.884526418346665	0.026	0.073	5.5812038696187e-08	MED21	c18
1.26618668319412e-13	0.884120285339841	0.034	0.089	4.63436987915879e-09	USP7	c18
1.67308262410143e-07	0.88369208556853	0.02	0.049	0.00612364971247364	ZNF335	c18
5.92464033276918e-13	0.883466751877591	0.021	0.066	2.16847760819685e-08	FBXL12	c18
6.52492281046569e-18	0.883256655771645	0.06	0.144	2.38818699785855e-13	CABIN1	c18
4.64084446925411e-09	0.883039866677451	0.022	0.057	0.00016985954841917	E4F1	c18
4.37419548774545e-22	0.882706734391323	0.065	0.164	1.60099929046971e-17	SBNO1	c18
1.33428612252065e-23	0.88267146112293	0.046	0.137	4.88362063703785e-19	ITFG1	c18
5.57032292348351e-26	0.882526175475402	0.182	0.373	2.0387938932242e-21	SP100	c18
1.5687005865415e-33	0.882468223407367	0.08	0.222	5.74160101680053e-29	SEC31A	c18
4.36920689934632e-17	0.882317344305094	0.046	0.119	1.59917341722975e-12	CCDC93	c18
3.07841917830846e-31	0.882173074345253	0.098	0.246	1.12673220345268e-26	LPIN2	c18
4.65954879830461e-27	0.882159848961054	0.052	0.157	1.70544145566747e-22	BLOC1S6	c18
2.46359503757423e-07	0.881862504338951	0.005	0.026	0.00901700419702545	AL121944.1	c18
7.34116823273137e-28	0.881331380079073	0.055	0.164	2.68694098486201e-23	SMAD2	c18
4.40592627539691e-10	0.881148620180383	0.019	0.056	1.61261307605802e-05	POU2F1	c18
1.65573915872857e-17	0.880940649379756	0.04	0.111	6.06017089486244e-13	DIAPH2	c18
9.77860120728127e-14	0.880479085816792	0.033	0.088	3.57906582787702e-09	HLTF	c18
3.29340870763329e-07	0.879988755381096	0.013	0.037	0.0120542052108086	CEP83	c18
1.14463722412369e-20	0.879917711706048	0.065	0.159	4.18948670401511e-16	USP33	c18
1.07363527464289e-07	0.879537120264617	0.006	0.028	0.00392961246872044	AC127502.2	c18
8.50641757671176e-16	0.879445746955183	0.028	0.086	3.11343389725227e-11	OTUD4	c18
3.74476170595471e-15	0.879115343900328	0.038	0.1	1.37062023199648e-10	CDKN2AIP	c18
4.24198242599946e-12	0.879016525991809	0.026	0.072	1.55260798774006e-07	SH2D3C	c18
1.17651461481493e-11	0.87882446322652	0.013	0.051	4.30616114168412e-07	ATG4C	c18
4.06724037503417e-28	0.878727213500555	0.077	0.202	1.48865064966626e-23	HOOK3	c18
6.73155164000812e-28	0.878687252433078	0.034	0.13	2.46381521575937e-23	MAN2B2	c18
2.59170317436086e-28	0.878240564554749	0.053	0.161	9.48589278847818e-24	TOM1	c18
2.51353690127779e-17	0.878195367644974	0.032	0.097	9.19979641236685e-13	APTX	c18
1.82390888926824e-08	0.878171910623991	0.014	0.043	0.000667568892561068	TELO2	c18
1.48468788117296e-21	0.878123895927468	0.173	0.339	5.43410611388116e-17	TMEM123	c18
3.18592759450139e-09	0.877953151430068	0.014	0.046	0.000116608135886345	KCTD9	c18
1.68780360182867e-19	0.877947041347835	0.039	0.115	6.17752996305312e-15	OXSR1	c18
2.31426656373811e-24	0.877673633733459	0.069	0.178	8.47044704993786e-20	CTR9	c18
2.31796604623161e-14	0.877612752835094	0.022	0.073	8.4839875258123e-10	ZNF720	c18
8.21759120226512e-09	0.877286236707974	0.011	0.039	0.000300772055594106	TRAPPC13	c18
2.62548481280408e-21	0.876733148497258	0.054	0.144	9.60953696334422e-17	TBC1D5	c18
7.85438548390545e-25	0.875913963879395	0.052	0.151	2.87478363096423e-20	IRF2BP2	c18
4.99369851331092e-11	0.875773195899179	0.026	0.069	1.82774359285693e-06	MNAT1	c18
1.73571837477632e-14	0.875706245430818	0.031	0.088	6.3529028235188e-10	P4HTM	c18
3.82035795528657e-15	0.875130716068053	0.27	0.483	1.39828921521444e-10	HNRNPU	c18
2.58931401877224e-15	0.874788731412469	0.02	0.072	9.47714824010828e-11	ZC2HC1A	c18
2.72664873562208e-16	0.874654870758092	0.027	0.086	9.97980703725039e-12	UBE2H	c18
5.76645932337838e-17	0.874569837482399	0.033	0.098	2.11058177694972e-12	DCTN4	c18
2.39391463749273e-19	0.873669200750767	0.046	0.125	8.76196696468714e-15	UNC13D	c18
1.79699748600725e-08	0.873589988676873	0.016	0.045	0.000657719049853512	B3GNTL1	c18
3.90106665470514e-17	0.873099667764586	0.033	0.098	1.42782940628863e-12	PMPCA	c18
1.77678404049181e-19	0.873074732526335	0.033	0.104	6.50320726660409e-15	GOLT1B	c18
5.41177722394364e-13	0.872897217996925	0.028	0.078	1.98076458173561e-08	DDX19A	c18
1.39788926259023e-21	0.872052451939189	0.046	0.132	5.1164144900065e-17	TRPC4AP	c18
4.23954529627064e-11	0.871874269633186	0.037	0.085	1.55171597388802e-06	PUS7L	c18
5.10390117037011e-23	0.871623961546777	0.066	0.168	1.86807886736716e-18	USP4	c18
3.02243229398076e-10	0.87018951952203	0.019	0.055	1.1062404439199e-05	PREPL	c18
2.31649603821405e-20	0.869630927052575	0.069	0.165	8.47860714946726e-16	SMARCC1	c18
9.84672076293897e-14	0.86946079165451	0.018	0.064	3.60399826644329e-09	EEF1AKNMT	c18
1.59855940420058e-12	0.86937323899206	0.021	0.065	5.85088727531456e-08	RAB11FIP2	c18
8.48678642654594e-32	0.869337972400324	0.082	0.221	3.10624869998008e-27	POLR2A	c18
1.08951987985735e-21	0.869226039059578	0.032	0.109	3.98775171226588e-17	BRCC3	c18
5.14640364852943e-19	0.868855188010594	0.044	0.121	1.88363519939826e-14	AFTPH	c18
4.9538872694318e-23	0.868632581316273	0.039	0.125	1.81317227948473e-18	MAN1B1	c18
3.0586893526609e-88	0.868466081850888	0.838	0.895	1.11951088996742e-83	TXNIP	c18
2.98963758530199e-18	0.868216252850061	0.049	0.126	1.09423725259638e-13	ASCC3	c18
2.61248574103656e-27	0.867798084991059	0.048	0.152	9.56195906076793e-23	PCYT1A	c18
2.36413099786672e-21	0.865797140513943	0.045	0.129	8.65295586529197e-17	CCDC174	c18
4.91615371133432e-24	0.865407794785509	0.057	0.157	1.79936141988547e-19	PTK2B	c18
9.06178013450606e-16	0.86455048673833	0.036	0.099	3.31670214703056e-11	SREBF2	c18
1.64796275345286e-24	0.864446329780177	0.092	0.214	6.03170847391282e-20	ITGAL	c18
1.39653091512493e-28	0.863865216978225	0.118	0.271	5.11144280244875e-24	EAPP	c18
2.97372460177821e-13	0.863487511220296	0.015	0.058	1.08841294149684e-08	C16orf70	c18
1.05762449926009e-07	0.863312730312129	0.018	0.046	0.00387101142974185	YEATS2	c18
1.91957356370871e-10	0.863119779289525	0.034	0.079	7.02583120053026e-06	CD2AP	c18
4.0829807074449e-29	0.862930260541031	0.085	0.216	1.49441176873191e-24	MBD4	c18
4.34132748147355e-16	0.862648509388205	0.076	0.161	1.58896927149413e-11	ARHGAP25	c18
5.61316400167403e-15	0.862584336593039	0.03	0.087	2.05447415625271e-10	BTN2A1	c18
2.66080917168089e-32	0.862419735548729	0.095	0.243	9.73882764926924e-28	ZFR	c18
8.91092937065924e-10	0.862351350095544	0.015	0.048	3.26148925895499e-05	ARHGAP24	c18
1.94634686111898e-12	0.862277891133471	0.024	0.069	7.12382414638158e-08	SYVN1	c18
5.127153354186e-14	0.862211648413188	0.026	0.078	1.87658939916562e-09	HECA	c18
1.59241461185733e-13	0.862131296995164	0.024	0.072	5.828396720859e-09	REXO4	c18
3.45755643194622e-16	0.862103453257657	0.025	0.083	1.26550022965663e-11	VPS35L	c18
2.42692458892763e-19	0.861883033183173	0.088	0.191	8.88278668793402e-15	RSBN1	c18
2.81196137196108e-14	0.861680013196071	0.109	0.206	1.02920598175148e-09	DEF6	c18
1.32303624555987e-07	0.861618059099819	0.004	0.023	0.00484244496237366	RBP1	c18
2.13717961930807e-17	0.861068125904197	0.033	0.099	7.82229112462945e-13	SCO1	c18
1.60384563300323e-35	0.860456356813155	0.159	0.365	5.87023540135514e-31	NDUFV1	c18
4.39891235965055e-14	0.860372870994947	0.024	0.074	1.6100459127557e-09	CYP4V2	c18
2.33151317293192e-16	0.859960676736004	0.033	0.096	8.53357136424812e-12	DNAJB9	c18
9.2119905778725e-15	0.859877426118641	0.033	0.09	3.37168067140711e-10	PPP1R21	c18
5.170442776931e-20	0.859043892544797	0.06	0.149	1.89243376078451e-15	CCNK	c18
5.71844657664574e-27	0.858120277039722	0.092	0.222	2.09300863151811e-22	FOS	c18
3.45982910271497e-25	0.858022325962927	0.071	0.183	1.26633204988471e-20	XPA	c18
3.83438512341724e-34	0.857872675175821	0.133	0.315	1.40342329902194e-29	PPP1R12A	c18
4.38073246145759e-28	0.857650931781708	0.062	0.176	1.60339188821809e-23	PBRM1	c18
1.10619652187151e-09	0.857148615740395	0.031	0.072	4.04878988970191e-05	UBXN2A	c18
1.67347099592104e-18	0.856860865085633	0.614	0.751	6.12507119217059e-14	MT-ATP8	c18
1.15372801182481e-24	0.856794650100893	0.046	0.141	4.22275989607998e-20	SNAP23	c18
2.12017600620343e-08	0.856746355972379	0.014	0.042	0.000776005620030519	PER1	c18
2.89039980573859e-09	0.855521293882213	0.027	0.065	0.000105791523289838	DAAM1	c18
7.5211820925714e-23	0.85514017909021	0.053	0.147	2.75282785770206e-18	GGA1	c18
1.01685852518956e-20	0.854608014454158	0.035	0.111	3.7218038880463e-16	VTA1	c18
1.43874531150848e-14	0.854382802641926	0.024	0.075	5.26595171465217e-10	DHDDS	c18
6.92102898259757e-17	0.854342522006136	0.024	0.082	2.53316581792054e-12	XPNPEP1	c18
6.43506582483759e-27	0.854298868614705	0.063	0.175	2.35529844254881e-22	SMIM10L1	c18
2.41670832725756e-22	0.853945089763644	0.046	0.135	8.84539414859538e-18	STIM1	c18
2.3634031885873e-16	0.852474907306205	0.112	0.217	8.65029201054838e-12	IL16	c18
2.8204369863951e-07	0.852218041423436	0.022	0.051	0.0103230814139047	RPUSD2	c18
2.62306529937308e-30	0.851226096132229	0.06	0.18	9.60068130223541e-26	MKRN1	c18
3.19514454978919e-09	0.85062815305937	0.021	0.056	0.000116945485666834	ADNP	c18
3.72026475632491e-07	0.850372963295905	0.01	0.032	0.0136165410346248	CEP162	c18
3.89837793956323e-10	0.850182486204718	0.035	0.079	1.42684530965954e-05	AKAP8L	c18
8.99439871414628e-07	0.850162167839851	0.005	0.024	0.0329203987336468	ECT2	c18
8.33766823135888e-10	0.850024170023843	0.031	0.072	3.05166994935967e-05	ZNF146	c18
1.65513545206436e-27	0.848916023183183	0.044	0.145	6.05796126810077e-23	EFTUD2	c18
1.09662813880108e-24	0.848462558807334	0.243	0.478	4.01376865082582e-20	UBXN4	c18
1.69262584020889e-13	0.848355158611555	0.021	0.068	6.19517983774857e-09	HEMK1	c18
4.84948895844479e-14	0.848213878450809	0.024	0.075	1.77496145368038e-09	UBE3B	c18
6.34731345449266e-21	0.847873933707429	0.048	0.132	2.32318019747886e-16	GPBP1L1	c18
5.08560541391857e-09	0.847676095434133	0.013	0.042	0.000186138243754834	PPRC1	c18
3.32947346126277e-13	0.847448136547853	0.019	0.065	1.21862058155679e-08	FBXL3	c18
1.89733439450705e-11	0.847295911623722	0.028	0.074	6.94443361733526e-07	FAM91A1	c18
7.71061813510219e-26	0.847181423384422	0.079	0.198	2.82216334362875e-21	ATF6B	c18
1.14861863691022e-06	0.847157619418136	0.012	0.034	0.0420405907295511	BCS1L	c18
1.96025380061005e-08	0.847072746565067	0.013	0.041	0.000717472493561286	NOL4L	c18
1.26552549711303e-11	0.84675228372511	0.026	0.071	4.63194987198339e-07	UBE4B	c18
3.58144518672328e-28	0.84601665927882	0.065	0.181	1.31084475279259e-23	TRIM44	c18
4.10275543660923e-13	0.846003015082762	0.021	0.067	1.50164951735334e-08	SHLD2	c18
5.01219872458535e-22	0.8459087413542	0.046	0.134	1.83451485518548e-17	NSUN5	c18
2.71178246848443e-28	0.845555455268117	0.042	0.143	9.92539501289987e-24	ATF6	c18
1.93918064988147e-34	0.845477106130091	0.094	0.247	7.09759509663115e-30	SUN2	c18
1.46948143459782e-11	0.844612682147786	0.021	0.062	5.37844899877146e-07	SLC25A25	c18
5.85955690994152e-10	0.844588290659766	0.015	0.049	2.14465642460769e-05	POLR1A	c18
6.87885322893089e-14	0.844159169195974	0.024	0.074	2.51772907032099e-09	GATC	c18
7.60608134427306e-15	0.844028956040583	0.018	0.067	2.78390183281738e-10	UBE3C	c18
2.49178472652279e-12	0.843660049217521	0.016	0.057	9.12018127754608e-08	KCMF1	c18
4.42940653698748e-13	0.843583291811307	0.018	0.062	1.62120708660279e-08	ORC3	c18
1.98617488703542e-09	0.84353188426373	0.014	0.046	7.26959870403834e-05	PPTC7	c18
6.67562985555032e-18	0.843392443532022	0.063	0.148	2.44334728342997e-13	USP48	c18
4.62791415730015e-14	0.843004325383587	0.015	0.06	1.69386286071343e-09	PTOV1	c18
7.42714164938977e-11	0.842087177887139	0.019	0.057	2.71840811509315e-06	RAB28	c18
1.76977796616821e-15	0.841808947895033	0.03	0.088	6.47756433397226e-11	C8orf33	c18
1.02415757416317e-08	0.841563228926846	0.011	0.039	0.000374851913719463	ATP11C	c18
2.25485127939162e-13	0.841431788408874	0.038	0.094	8.25298116770128e-09	DMXL1	c18
4.68148460119778e-17	0.841059424731323	0.05	0.123	1.7134701788844e-12	VEZF1	c18
8.32845641618878e-24	0.840717751628325	0.047	0.14	3.04829833288926e-19	SLC35C2	c18
5.41004201777776e-16	0.840454931525899	0.026	0.083	1.98012947892684e-11	CCNC	c18
5.43813702207917e-15	0.840231634840001	0.027	0.082	1.9904125314512e-10	TRMT2A	c18
5.04265405547319e-17	0.840075141069335	0.024	0.083	1.84566181084374e-12	NIF3L1	c18
3.32078844439248e-10	0.839192735484342	0.043	0.092	1.21544177853209e-05	RGS14	c18
1.11993921025337e-22	0.838873699467666	0.037	0.121	4.09908950344835e-18	FAM3A	c18
4.54215527688066e-13	0.838797614775307	0.028	0.079	1.66247425289109e-08	JAK2	c18
2.4440654279105e-20	0.838213789011109	0.043	0.123	8.94552387269523e-16	GTPBP4	c18
1.35516312887416e-06	0.838138907542627	0.011	0.032	0.0496003256799232	ZNF3	c18
1.73851377263741e-08	0.837599602904954	0.016	0.046	0.00063631342592302	CYB561	c18
6.74904505254163e-08	0.837555138415913	0.006	0.028	0.00247021797968076	E2F6	c18
1.5856751674688e-32	0.836451966420372	0.065	0.193	5.80372968045256e-28	SND1	c18
6.05336796051453e-26	0.836411107797673	0.034	0.124	2.21559320722792e-21	CYSLTR1	c18
7.3300667167056e-18	0.836226372542343	0.022	0.082	2.68287771898142e-13	MAPK14	c18
4.66023875338515e-24	0.835460399280723	0.2	0.395	1.7056939861265e-19	ELF1	c18
1.26381871889321e-10	0.835317812564815	0.025	0.066	4.62570289302105e-06	INTS3	c18
2.69250034766495e-24	0.83424548838026	0.068	0.174	9.85482052248847e-20	PNKP	c18
1.83276658646006e-14	0.833952454374651	0.026	0.079	6.70810898310246e-10	VPS45	c18
3.26148048048609e-10	0.833661633301315	0.014	0.048	1.19373447066271e-05	RIOX1	c18
4.14048401500712e-12	0.833482260750366	0.017	0.058	1.51545855433276e-07	PARP6	c18
1.75187951649734e-09	0.833148830254031	0.016	0.048	6.41205421833191e-05	XPO7	c18
1.20585703692012e-10	0.832931973355998	0.013	0.048	4.41355734083132e-06	IRF2BPL	c18
3.29462884672868e-18	0.83271520811862	0.026	0.09	1.20586710419116e-13	CRELD1	c18
2.78351525136213e-20	0.832113498132299	0.092	0.2	1.01879441715105e-15	SAFB2	c18
3.48411488592996e-10	0.832113422385498	0.008	0.038	1.27522088939923e-05	SNX30	c18
2.34820285897528e-19	0.832076594048318	0.025	0.092	8.59465728413542e-15	MFHAS1	c18
1.24591767461208e-15	0.832000956268235	0.026	0.082	4.56018328084767e-11	WDR55	c18
1.70623973858092e-09	0.831839308430344	0.013	0.044	6.24500806718001e-05	ZNF100	c18
1.2072075732006e-33	0.831673050440959	0.205	0.442	4.41850043867153e-29	AKAP13	c18
2.93155121078087e-14	0.831557372206422	0.031	0.087	1.07297705865791e-09	UHRF1BP1L	c18
5.44614937861656e-09	0.831100035998344	0.024	0.06	0.000199334513406745	XPOT	c18
2.31820723253792e-15	0.83096733973688	0.031	0.09	8.48487029181204e-11	RPAP3	c18
7.25748094199553e-07	0.829653308863313	0.011	0.033	0.0265631059957978	ERCC8	c18
1.23072817751101e-10	0.829520980119548	0.019	0.056	4.50458820250806e-06	CDK7	c18
9.25035713144632e-07	0.829282973223673	0.011	0.034	0.0338572321368067	FOCAD	c18
3.12651659900806e-31	0.829050625958573	0.07	0.199	1.14433634040294e-26	C6orf89	c18
3.01045969328444e-09	0.828882679838148	0.014	0.046	0.000110185835233904	ZNF664	c18
1.30011600508154e-10	0.828161831815937	0.01	0.043	4.75855459019893e-06	TMCO4	c18
4.58423155552772e-09	0.828074545569028	0.02	0.053	0.00016778745916387	TEP1	c18
6.13624969011321e-12	0.828071740686101	0.01	0.045	2.24592874907834e-07	ZSWIM6	c18
1.44603258669285e-18	0.82785134047214	0.039	0.112	5.29262387055448e-14	ICE1	c18
6.73747080997026e-15	0.827511906816381	0.025	0.079	2.46598169115721e-10	ORC4	c18
7.43334387455113e-19	0.826343514982325	0.032	0.101	2.72067819152446e-14	WWP2	c18
8.7127839897374e-21	0.826046971588752	0.055	0.143	3.18896606808379e-16	NOLC1	c18
5.00585074929954e-17	0.825990446727575	0.035	0.101	1.83219143275113e-12	TOMM70	c18
8.40226645823923e-14	0.825964175518559	0.028	0.08	3.07531354638014e-09	LAS1L	c18
1.64700914066779e-11	0.825953982397186	0.02	0.061	6.02821815575817e-07	GDAP2	c18
6.63159602036311e-34	0.825913493569532	0.067	0.201	2.4272304594131e-29	SLC39A10	c18
8.64096956385983e-14	0.825213475305458	0.014	0.059	3.16268127006833e-09	STAM2	c18
1.80987550553954e-15	0.824996407007752	0.019	0.071	6.62432533782525e-11	TIMM21	c18
1.08947469183073e-07	0.824884301697125	0.021	0.051	0.00398758631956966	COX10	c18
1.28162595330503e-15	0.824406071511812	0.031	0.09	4.69087915169173e-11	GCDH	c18
1.4112116642625e-10	0.82371069725849	0.005	0.034	5.16517581236719e-06	SH3PXD2B	c18
2.1047167745628e-09	0.823614268030774	0.012	0.042	7.70347386657731e-05	TMED8	c18
6.70609609061725e-18	0.823381104965897	0.039	0.109	2.45449823012682e-13	ATF7	c18
4.86983972471808e-18	0.823204645544199	0.046	0.121	1.78241003764406e-13	WDR74	c18
1.60577704184942e-08	0.823015257521758	0.12	0.194	0.000587730455087306	KLF2	c18
8.12485456138612e-19	0.82279713499959	0.051	0.131	2.97377801801293e-14	CRCP	c18
3.57810508967169e-11	0.822489695458694	0.01	0.044	1.30962224387073e-06	BAP1	c18
1.40717689594207e-17	0.822483701635384	0.062	0.145	5.15040815683758e-13	RNF115	c18
1.25425794168044e-24	0.821803497440667	0.058	0.16	4.59070949234457e-20	XIAP	c18
1.27017970243873e-06	0.821699858628382	0.011	0.033	0.04648984728896	DCAKD	c18
6.6806624914417e-28	0.821050171145541	0.034	0.129	2.44518927849258e-23	CLN5	c18
6.84700470846635e-14	0.820981560258367	0.035	0.091	2.50607219334577e-09	SUZ12	c18
7.38920181659607e-07	0.820245078121266	0.004	0.021	0.0270452175689233	MAPRE3	c18
3.87216709727126e-29	0.819285551202398	0.064	0.182	1.41725187927225e-24	EIF2AK1	c18
1.88462755665305e-24	0.819123303389933	0.053	0.15	6.89792532010584e-20	MICAL1	c18
1.93802738024563e-08	0.818694542943252	0.008	0.034	0.000709337401443704	FAM20B	c18
9.12424981153311e-20	0.818347233952084	0.032	0.104	3.33956667351924e-15	AP2A2	c18
1.38775776618811e-12	0.818190917907143	0.023	0.069	5.07933220002509e-08	AP5Z1	c18
1.43254443588772e-12	0.818176297706485	0.022	0.067	5.24325588979265e-08	ARRDC2	c18
3.29416604497396e-14	0.817815780515748	0.03	0.085	1.20569771412092e-09	LRCH4	c18
1.57885775513967e-13	0.817779909781288	0.181	0.314	5.77877726958669e-09	ZFP36L1	c18
9.63241680679944e-24	0.81758008316785	0.062	0.164	3.52556087545666e-19	CCM2	c18
1.02217149312617e-12	0.817475642783978	0.021	0.066	3.74124988199109e-08	OBI1	c18
9.32232513402519e-10	0.81723561716786	0.022	0.059	3.41206422230456e-05	SOCS4	c18
1.84496575186397e-21	0.816418160387657	0.036	0.115	6.75275914839732e-17	YEATS4	c18
1.11689393926268e-13	0.8163719328922	0.104	0.194	4.08794350709533e-09	GBP5	c18
1.18150823701872e-21	0.816362101706892	0.04	0.122	4.32443829831222e-17	KNOP1	c18
2.57365083144415e-11	0.816108442339495	0.021	0.062	9.41981940816873e-07	CNOT3	c18
3.3449335980873e-14	0.815802341746158	0.028	0.081	1.22427914623593e-09	DCLRE1C	c18
1.11509837816538e-10	0.815739652967109	0.022	0.061	4.0813715739231e-06	SKIV2L	c18
6.92821403268149e-12	0.814691601708135	0.013	0.051	2.53579561810175e-07	AKR1C2	c18
1.12233428169573e-07	0.814439323015946	0.062	0.109	0.00410785570443453	PIM2	c18
3.33815846054823e-07	0.814376874155742	0.007	0.027	0.0122179937814526	AC015871.1	c18
2.10592628866841e-12	0.81425074023447	0.021	0.064	7.70790080915524e-08	MTFMT	c18
8.35055216531671e-15	0.814214219122383	0.026	0.08	3.05638559802757e-10	DTWD1	c18
3.0607450204493e-08	0.81374102616819	0.009	0.034	0.00112026328493465	MRPL30	c18
3.80685966943628e-11	0.813131691084643	0.021	0.061	1.39334870761037e-06	GGA3	c18
2.0129793080792e-17	0.812988856575163	0.031	0.096	7.36770556550069e-13	COG4	c18
1.48509951601386e-17	0.812341801397547	0.039	0.108	5.43561273856234e-13	HERC4	c18
5.93359696040826e-45	0.811970385357603	0.094	0.277	2.17175582347903e-40	CD4	c18
1.1693611857317e-27	0.811907458333432	0.124	0.276	4.2799788758966e-23	PTPN1	c18
1.2593222767369e-07	0.811794462922912	0.014	0.04	0.00460924546508472	DUS4L	c18
1.34063890152203e-17	0.810422606806432	0.031	0.097	4.90687244346078e-13	DLST	c18
1.36520270449065e-31	0.810303573378138	0.125	0.292	4.99677841870622e-27	EIF2S3	c18
2.34921664384859e-14	0.809997306174447	0.026	0.079	8.59836783815021e-10	GFPT1	c18
5.03192649920527e-18	0.809798038412734	0.034	0.103	1.84173541797412e-13	R3HDM2	c18
9.39942745382358e-10	0.809727909402212	0.01	0.039	3.44028444237397e-05	AGO4	c18
1.27507405479271e-10	0.809059681570002	0.026	0.067	4.66689854794681e-06	SLC35B3	c18
3.47243458930278e-13	0.809024547299528	0.043	0.102	1.27094578403071e-08	PRORP	c18
3.33638520489739e-11	0.808757226935535	0.018	0.056	1.22115034884449e-06	PWWP3A	c18
2.89895924804803e-14	0.80839882960513	0.022	0.073	1.06104807437806e-09	BLMH	c18
2.19788546793583e-13	0.807120953848307	0.024	0.073	8.04448060119194e-09	VEZT	c18
7.39265514009214e-09	0.806527554925682	0.014	0.045	0.000270578570782513	TNRC6C-AS1	c18
3.57680385636201e-26	0.80609873922346	0.043	0.141	1.30914597946706e-21	SEC22B	c18
1.55693796722733e-18	0.805711467877249	0.031	0.099	5.69854865384875e-14	GTF3C5	c18
5.35225836252383e-21	0.805597946582635	0.046	0.13	1.95898008326735e-16	CASC4	c18
1.82594131893042e-10	0.805405959270181	0.015	0.05	6.68312782141722e-06	HEATR3	c18
1.00781734292091e-07	0.804594622815092	0.012	0.037	0.00368871225682484	TAB1	c18
5.07393913868532e-39	0.804500724402589	0.109	0.287	1.85711246415021e-34	SBDS	c18
2.87650315587922e-22	0.80434760289557	0.055	0.148	1.05282892008335e-17	ZNF217	c18
3.83696941136597e-35	0.804227178784848	0.071	0.211	1.40436917425406e-30	RNF114	c18
6.46452989264925e-13	0.803722954187331	0.017	0.06	2.36608258600855e-08	PACC1	c18
1.65101039541186e-19	0.803645931622007	0.024	0.089	6.04286314824694e-15	GPR107	c18
3.02644051219438e-07	0.803524234499383	0.008	0.03	0.0110770749186827	KBTBD7	c18
1.36547760560339e-08	0.803520855568828	0.014	0.043	0.000499778458426898	RGL2	c18
3.33461067430503e-09	0.803384084911358	0.01	0.039	0.000122050085290239	BRCA2	c18
4.67925573996868e-16	0.802539001484469	0.027	0.085	1.71265439338594e-11	MTF1	c18
7.15273540514511e-22	0.80220793471778	0.037	0.119	2.61797268563716e-17	HUS1	c18
3.04302777885055e-15	0.802017141993988	0.029	0.086	1.11377859733709e-10	SLC46A3	c18
7.68272071398644e-16	0.801716591470402	0.039	0.103	2.81195260852618e-11	ARHGAP1	c18
4.01160854175859e-13	0.801618173981796	0.019	0.065	1.46828884236906e-08	PRPF4	c18
1.68613352618538e-34	0.801551070470472	0.072	0.211	6.1714173191911e-30	COPB1	c18
1.20081582811638e-11	0.801390128131762	0.022	0.064	4.39510601248875e-07	NF1	c18
5.3982275777431e-22	0.801265295223519	0.041	0.125	1.97580527572975e-17	MRPL42	c18
1.29822164177924e-06	0.801220024257729	0.008	0.029	0.0475162103107621	SETD6	c18
3.57345665134503e-24	0.801194771110971	0.048	0.142	1.3079208689588e-19	NUS1	c18
5.19649033731292e-23	0.800714498917984	0.042	0.13	1.9019674283599e-18	CCDC6	c18
8.73386106858286e-17	0.800281642398489	0.048	0.12	3.19668048971201e-12	CTCF	c18
3.5885644861379e-07	0.800135960068264	0.011	0.035	0.0131345048757133	ENTPD1	c18
1.67960377949756e-19	0.800073300033992	0.028	0.096	6.147517793339e-15	TMEM131	c18
7.53124549806614e-20	0.799252571407195	0.045	0.124	2.75651116474719e-15	UBA3	c18
4.06265903091794e-19	0.799104630451456	0.034	0.106	1.48697383190627e-14	TMEM167B	c18
5.49245340539378e-25	0.799026880297313	0.063	0.17	2.01029287090818e-20	RCN2	c18
4.6343468360317e-15	0.798386729711437	0.051	0.119	1.69621728545596e-10	MITD1	c18
1.50757146562119e-19	0.798374374626935	0.037	0.111	5.51786232132012e-15	PLPP5	c18
4.49413803136845e-22	0.798131583123314	0.034	0.113	1.64489946086117e-17	MICU1	c18
8.03236802279446e-35	0.797763227083651	0.056	0.184	2.939927020023e-30	SYPL1	c18
1.50704076987051e-35	0.79772881100141	0.181	0.402	5.51591992180304e-31	EIF3A	c18
2.48072596330242e-18	0.797624099632595	0.045	0.12	9.07970509828318e-14	PURA	c18
1.75694300546395e-14	0.797313957979876	0.017	0.065	6.43058709429859e-10	CUL3	c18
9.82518622474189e-12	0.797153110551764	0.024	0.068	3.59611641011778e-07	ACSF3	c18
2.1207749135744e-15	0.797029494048536	0.017	0.067	7.76224826117365e-11	CFP	c18
1.31065287811406e-18	0.79645578926642	0.029	0.096	4.79712059918528e-14	NPC1	c18
7.86755611938241e-13	0.795778228079795	0.024	0.071	2.87960421525516e-08	HDAC5	c18
1.51452735508063e-16	0.794920874759298	0.019	0.074	5.5433215723306e-12	VPS18	c18
7.57021105112218e-30	0.794700165899653	0.074	0.201	2.77077294682123e-25	PPP1CB	c18
1.11302891515494e-13	0.794683356015195	0.033	0.087	4.07379713235861e-09	NABP1	c18
8.10753606185994e-22	0.793861842309759	0.036	0.115	2.96743927400136e-17	NAPG	c18
3.35248916240912e-13	0.793616686255978	0.022	0.069	1.22704455833336e-08	DIS3L	c18
2.87336545843275e-37	0.792863732866372	0.133	0.324	1.05168049144097e-32	PDCD6IP	c18
7.28058707875332e-12	0.792806495646347	0.015	0.054	2.6647676766945e-07	NCOA6	c18
9.68381524968699e-18	0.792578019013097	0.054	0.133	3.54437321953794e-13	IDI1	c18
1.12219057405359e-06	0.791917872227024	0.01	0.032	0.0410732972009355	ZFP64	c18
1.35782880886232e-06	0.791542858387508	0.015	0.039	0.0496978922331696	ETV3	c18
1.10135896423734e-18	0.791483156490565	0.059	0.143	4.03108394500509e-14	CWC25	c18
7.88551926247817e-20	0.791167493111995	0.05	0.132	2.88617890525964e-15	KIF22	c18
6.52804127799935e-13	0.790687065369594	0.021	0.066	2.38932838816054e-08	ZMYM4	c18
2.474710473149e-09	0.790604468145682	0.01	0.039	9.05768780277267e-05	ALDH6A1	c18
6.17466159900711e-09	0.790070119575951	0.016	0.048	0.000225998789185259	HSPA13	c18
1.00960899164833e-16	0.789104140023563	0.018	0.072	3.69526987033206e-12	ERLIN2	c18
1.09249176887176e-28	0.789080923696078	0.071	0.193	3.99862912324753e-24	SAP30BP	c18
5.55146383208434e-13	0.788902112621918	0.018	0.062	2.03189127718119e-08	ENOX2	c18
1.09488711427296e-35	0.788844901370637	0.13	0.313	4.00739632695045e-31	U2SURP	c18
1.32210905257323e-26	0.788436685005961	0.069	0.184	4.83905134332329e-22	GIT2	c18
3.05307458230894e-23	0.788353420208783	0.251	0.485	1.1174558278709e-18	TCF25	c18
3.44065961893413e-18	0.788200176995983	0.032	0.099	1.25931582712608e-13	UTP6	c18
1.35177669858914e-14	0.788197735496457	0.031	0.088	4.94763789450612e-10	FAR1	c18
1.84563352761482e-12	0.787804106767815	0.026	0.073	6.75520327442299e-08	TMEM161A	c18
3.29234657959711e-25	0.787006697456044	0.051	0.15	1.20503177159834e-20	PPP2R5E	c18
5.5750290612161e-32	0.786957700395584	0.161	0.356	2.0405163866957e-27	MCUB	c18
1.7638267531581e-08	0.786726293791789	0.025	0.06	0.000645578229923396	ELL	c18
3.09364928030565e-08	0.786679278469291	0.015	0.044	0.00113230657308467	THUMPD2	c18
4.09210647110366e-13	0.786679114493924	0.029	0.08	1.49775188948865e-08	UBA5	c18
1.75084287743207e-11	0.785702866632065	0.017	0.056	6.40826001568912e-07	EXT2	c18
1.33464153618466e-23	0.785616142460602	0.111	0.241	4.88492148658947e-19	STK10	c18
1.02384850781786e-21	0.785048259023402	0.03	0.105	3.74738792346414e-17	BET1L	c18
2.74334504517682e-15	0.784109873406975	0.022	0.076	1.00409171998517e-10	SMAD5	c18
2.29385256836317e-11	0.783795342100032	0.018	0.058	8.39572978546603e-07	OMA1	c18
3.47780371978632e-19	0.783750625698376	0.033	0.104	1.27291093947899e-14	NAA60	c18
3.63112858501031e-37	0.783629096222174	0.142	0.337	1.32902937339962e-32	OSBPL8	c18
2.24504170394867e-30	0.783491286076519	0.043	0.151	8.21707714062253e-26	SEC14L1	c18
9.65345048833971e-15	0.783323677249456	0.039	0.101	3.53325941323722e-10	DPF2	c18
1.61526474621512e-29	0.783263013247717	0.087	0.221	5.91203049762195e-25	PMPCB	c18
6.01182764627084e-11	0.783216542135778	0.018	0.056	2.20038903681159e-06	KBTBD2	c18
6.67592571342004e-240	0.782496419082372	0.921	0.941	2.44345557036887e-235	MT-ND4L	c18
1.52182440602667e-16	0.781730645799339	0.028	0.089	5.57002950849821e-12	POLR3C	c18
3.47457207128409e-14	0.781399803167908	0.018	0.065	1.27172812381069e-09	HDAC6	c18
2.20436992217119e-09	0.78118383738195	0.028	0.066	8.06821435213878e-05	ZNF791	c18
4.23374471865127e-34	0.781101085371409	0.074	0.213	1.54959290447355e-29	RBMS1	c18
2.25847410968304e-23	0.780192634653845	0.047	0.138	8.26624108885091e-19	TSN	c18
1.63151162879016e-08	0.779099265822291	0.021	0.054	0.000597149571253486	FTO	c18
3.00416663805373e-23	0.778985024113423	0.243	0.47	1.09955503119404e-18	EIF4B	c18
1.7589183415081e-08	0.778301429766755	0.013	0.042	0.000643781702175379	ZNF414	c18
2.07816859840531e-10	0.778285561113123	0.02	0.058	7.60630488702328e-06	TRMT10B	c18
4.32291354824933e-13	0.777291767503605	0.014	0.057	1.58222958779474e-08	DENND11	c18
8.17507174322884e-11	0.776747918776636	0.021	0.061	2.99215800873919e-06	MYNN	c18
2.45927048095108e-08	0.776627562344822	0.011	0.037	0.000900117588732904	ETAA1	c18
6.8838130995384e-28	0.776450019927587	0.143	0.31	2.51954443256205e-23	TAF1D	c18
1.87900790167783e-28	0.77601718575384	0.08	0.206	6.87735682093102e-24	CEP57	c18
2.21684945756192e-07	0.775624029767489	0.011	0.036	0.0081138906996224	URGCP	c18
9.24308605804392e-07	0.775510828104559	0.013	0.036	0.0338306192810466	AREL1	c18
7.80932172624277e-19	0.775177791661816	0.033	0.103	2.85828984502212e-14	CPD	c18
1.56640148271732e-27	0.774898881594822	0.072	0.191	5.73318606689365e-23	SNRPA1	c18
6.27663139215668e-09	0.7748145582764	0.018	0.05	0.000229730985584327	ST3GAL5	c18
3.73741310985639e-17	0.774180423908763	0.035	0.101	1.36793057233854e-12	SPTLC2	c18
1.45381084429934e-07	0.774138363991121	0.016	0.043	0.00532109307122001	NIFK-AS1	c18
2.30858477310981e-14	0.774035203564539	0.034	0.092	8.4496511280592e-10	RNF6	c18
1.85555644884211e-30	0.773401113208742	0.062	0.183	6.79152215840699e-26	CLIP1	c18
4.17737992625431e-08	0.772666913985569	0.019	0.05	0.00152896282680834	STRIP1	c18
1.23327835216042e-34	0.772589342349774	0.082	0.227	4.51392209674235e-30	DNTTIP2	c18
1.1056681112912e-21	0.772396779052608	0.057	0.149	4.04685585413693e-17	TRIM56	c18
8.02010829110226e-17	0.772040951161322	0.03	0.091	2.93543983562634e-12	NXPE3	c18
1.88207623469514e-13	0.771380857321425	0.027	0.077	6.88858722660767e-09	PPP1R15B	c18
3.40979607034373e-28	0.770895652431335	0.065	0.181	1.24801945970651e-23	RBBP7	c18
5.23859573304497e-07	0.770756433680092	0.045	0.082	0.0191737842425179	PASK	c18
4.9214618466147e-14	0.770689111258191	0.011	0.054	1.80130425047945e-09	C1orf54	c18
1.18393318292739e-16	0.769976801860192	0.025	0.083	4.33331384283255e-12	BRAT1	c18
1.94778295291676e-18	0.76994164602118	0.02	0.08	7.12908038597063e-14	ALAD	c18
4.05469561250751e-28	0.769927310251134	0.043	0.145	1.48405914113387e-23	SLC35E3	c18
1.14253205243345e-19	0.769861550571803	0.051	0.133	4.18178156511166e-15	AHR	c18
1.67824103250451e-14	0.768231406313642	0.014	0.06	6.14253000306976e-10	SLC11A2	c18
9.22949419811887e-29	0.767743836388955	0.061	0.176	3.37808717145349e-24	ADD1	c18
2.69775628285116e-20	0.767618716068569	0.022	0.088	9.87405777086354e-16	GALC	c18
4.85638118091092e-11	0.767531323008145	0.014	0.05	1.77748407602521e-06	LYRM7	c18
4.6206467132371e-28	0.766680684967522	0.107	0.25	1.69120290351191e-23	REST	c18
3.45053159263333e-10	0.766218645861215	0.015	0.049	1.26292906821973e-05	NME7	c18
1.48682487827412e-13	0.765551697190222	0.025	0.075	5.44192773697111e-09	SETDB1	c18
1.98559932828774e-15	0.765493822898341	0.031	0.09	7.26749210146597e-11	EIF2B4	c18
1.41153227638595e-28	0.765349629437041	0.055	0.166	5.16634928480022e-24	USP9X	c18
1.34968538486489e-16	0.765153558431532	0.027	0.086	4.93998347714398e-12	RETREG3	c18
1.789320569714e-22	0.765118238453243	0.019	0.09	6.5490922172102e-18	TMEM38B	c18
2.64233756697452e-13	0.765104891864996	0.027	0.077	9.67121972888345e-09	POLR2D	c18
2.65732972457317e-36	0.764549689089802	0.075	0.222	9.72609252491026e-32	SNW1	c18
1.01379208142137e-18	0.764284322930731	0.026	0.091	3.71058039721036e-14	WDR26	c18
1.23808743464559e-13	0.76417395795002	0.015	0.059	4.53152381954632e-09	PTPDC1	c18
3.65949373032705e-18	0.763929574501012	0.02	0.079	1.33941130023701e-13	RPS6KA4	c18
3.49937829814006e-28	0.763868032064264	0.083	0.211	1.28080745090224e-23	THOC2	c18
1.23661375410783e-41	0.763060768227146	0.09	0.261	4.52613000141005e-37	ESYT1	c18
5.58233838228601e-15	0.76299831672893	0.025	0.079	2.0431916713005e-10	CBWD2	c18
1.3536739407248e-08	0.762825142198734	0.013	0.041	0.000495458199044684	RUNDC1	c18
2.63469548221536e-08	0.762532170323439	0.018	0.048	0.000964324893445644	FASTKD1	c18
3.84247945498204e-11	0.762413134659112	0.011	0.045	1.40638590531798e-06	MINPP1	c18
2.63398653238272e-13	0.762343982296984	0.022	0.069	9.64065410717398e-09	PRPF18	c18
8.7041400616334e-13	0.762102693731812	0.025	0.072	3.18580230395844e-08	PGS1	c18
6.02822310469262e-32	0.761857238898939	0.08	0.218	2.20638993854855e-27	NAAA	c18
4.45015707013907e-28	0.761740557709268	0.047	0.152	1.6288019892416e-23	NHLRC3	c18
1.22781116477398e-24	0.761512681976439	0.067	0.174	4.49391164418923e-20	RBM27	c18
2.08655696875038e-14	0.761495042853449	0.036	0.094	7.63700716132327e-10	PLEKHA1	c18
1.19308893963265e-17	0.761233936959165	0.022	0.082	4.36682482794946e-13	LRRC28	c18
2.30472690092421e-27	0.760779447706916	0.033	0.127	8.43553093007269e-23	ETFRF1	c18
3.49158313263498e-14	0.760416105606591	0.02	0.069	1.27795434237573e-09	FAM114A2	c18
2.16461872426051e-20	0.759980735038042	0.034	0.109	7.92272099266588e-16	DIMT1	c18
5.51520543230979e-19	0.759735752395388	0.048	0.126	2.01862034027971e-14	VHL	c18
8.41273170211799e-28	0.759520509015561	0.044	0.146	3.0791439302922e-23	ISCA1	c18
2.59133975286021e-08	0.759499096094918	0.013	0.04	0.000948456262944366	CEP89	c18
7.45868858044706e-08	0.759134220569446	0.011	0.037	0.00272995460732943	CCDC117	c18
3.89072215318364e-07	0.759103641766733	0.01	0.033	0.0142404321528674	USP21	c18
1.96187814202054e-09	0.758632897296345	0.012	0.042	7.18067018760938e-05	ACAD8	c18
4.59448436302077e-14	0.758458395235617	0.019	0.066	1.68162722170923e-09	NF2	c18
9.82334305943029e-22	0.757641671550106	0.037	0.118	3.59544179318208e-17	MGRN1	c18
5.9112653628221e-42	0.757072153974451	0.064	0.217	2.16358223544652e-37	UBXN11	c18
6.21057474981468e-17	0.756812290535638	0.018	0.072	2.27313246417967e-12	TRIM34	c18
2.65680218949812e-17	0.756776808386541	0.025	0.086	9.72416169378206e-13	SCYL2	c18
2.92215354770497e-24	0.756637666138039	0.083	0.199	1.0695374199955e-19	FAM107B	c18
8.46003910421411e-07	0.756587836485237	0.011	0.033	0.030964589125334	DHTKD1	c18
3.22396807758144e-07	0.756542676991613	0.011	0.034	0.0118000455607558	KIAA0556	c18
1.76348355531494e-11	0.75647829200068	0.014	0.051	6.4545261608082e-07	TUT1	c18
6.87119801956915e-29	0.75639056626951	0.075	0.2	2.5149271871425e-24	CEBPZ	c18
4.15894949044718e-09	0.755270173406416	0.014	0.044	0.000152221710299857	TENT4B	c18
2.37521525782915e-43	0.754549547941219	0.129	0.333	8.69352536518047e-39	DDX21	c18
5.03136984962695e-37	0.754369386149629	0.079	0.23	1.84153167866196e-32	PCGF5	c18
4.16146502296143e-10	0.754257761513169	0.011	0.043	1.52313781305411e-05	CXorf56	c18
3.88783123332597e-41	0.753999856854867	0.137	0.341	1.42298510970964e-36	KPNB1	c18
2.20498339635162e-13	0.753882911684455	0.021	0.068	8.07045972898658e-09	TMA16	c18
3.866664814042e-10	0.752929577363644	0.018	0.053	1.41523798858751e-05	NOL10	c18
1.30031806547743e-19	0.752877086607418	0.039	0.115	4.75929415145395e-15	DDX23	c18
4.5618683454726e-11	0.752217750828534	0.02	0.06	1.66968943312643e-06	STAU2	c18
3.42779161570393e-17	0.752096110441491	0.025	0.085	1.2546060092638e-12	FBXO25	c18
2.02959321257132e-11	0.751936497790631	0.007	0.039	7.42851411733229e-07	ST7	c18
2.32916417883062e-37	0.751704456623643	0.165	0.38	8.52497381093796e-33	VCP	c18
9.16603653642033e-14	0.751456171162207	0.043	0.104	3.3548610326952e-09	SNHG15	c18
1.07720396914361e-23	0.75138545503874	0.04	0.129	3.94267424746253e-19	LINC00667	c18
8.81290117793579e-31	0.751253922197721	0.042	0.151	3.22560996013628e-26	ESF1	c18
1.33465489948272e-06	0.751035630106272	0.007	0.027	0.0488497039759671	CHROMR	c18
6.88651404358246e-13	0.751025658191432	0.019	0.063	2.52053300509162e-08	CES2	c18
4.94860344808942e-08	0.750874667424687	0.012	0.038	0.00181123834803521	RANBP9	c18
3.71501029297187e-23	0.750840342797306	0.063	0.163	1.35973091733063e-18	C19orf25	c18
3.67124062299933e-08	0.750759088517598	0.017	0.046	0.00134371078042399	MIOS	c18
1.31132009103204e-11	0.749391345796494	0.017	0.056	4.79956266518638e-07	FMR1	c18
8.40998212836842e-07	0.749207100042891	0.009	0.03	0.0307813755880413	PHF10	c18
4.33710106474287e-22	0.749018226090398	0.075	0.179	1.58742236070654e-17	SMAP2	c18
1.1471874762076e-06	0.74874241460028	0.005	0.023	0.0419882088166743	HMGN5	c18
5.0188201377762e-08	0.748605399017888	0.01	0.035	0.00183693835862747	TAF6L	c18
2.80593992134404e-10	0.748515105048204	0.023	0.062	1.02700207061113e-05	ARHGAP35	c18
1.88966422109968e-15	0.748359146199925	0.021	0.074	6.91636001564696e-11	TRAPPC11	c18
9.39996126704994e-44	0.748007471797026	0.114	0.309	3.44047982335295e-39	SERINC1	c18
1.53772839187473e-35	0.747342832094094	0.057	0.189	5.62823968710071e-31	TM2D1	c18
4.65175167723611e-10	0.747154090348212	0.01	0.04	1.70258763138519e-05	FARP2	c18
1.08668030094608e-13	0.747024735517662	0.048	0.11	3.97735856949275e-09	CPT1A	c18
6.09273798456033e-22	0.746622499948301	0.023	0.095	2.23000302972893e-17	AL365361.1	c18
5.93868363590308e-10	0.746418323543027	0.011	0.042	2.17361759757688e-05	CCDC86	c18
2.2131786910518e-07	0.74604393429757	0.008	0.03	0.0081004553271187	ZNF598	c18
9.44907028582856e-08	0.74493204851237	0.013	0.039	0.00345845421531611	GIGYF1	c18
2.54245331049756e-07	0.743868007203567	0.008	0.031	0.00930563336175211	CEP85	c18
1.10557395279914e-12	0.743069038986877	0.014	0.055	4.04651122464014e-08	EOGT	c18
1.50555873578414e-22	0.742649841619557	0.037	0.119	5.51049552884353e-18	FAF2	c18
2.54690994881912e-27	0.741901404110353	0.051	0.156	9.32194510367288e-23	FGD5-AS1	c18
6.29600042845489e-07	0.741736862294105	0.386	0.632	0.0230439911681877	AHNAK	c18
1.12263032153529e-35	0.741255506677801	0.072	0.214	4.10893923985131e-31	TACC1	c18
1.62477983338961e-07	0.74120964978897	0.007	0.029	0.00594685666818931	AC103691.1	c18
2.39474701017104e-07	0.740879509488441	0.016	0.042	0.00876501353192701	AC008105.3	c18
4.12887394215185e-07	0.740682216443791	0.01	0.033	0.01511209151567	TRIM39	c18
3.66240675618189e-23	0.74056599583389	0.054	0.15	1.34047749683013e-18	SLC44A2	c18
1.94642675324084e-11	0.740372719360933	0.018	0.057	7.1241165595368e-07	RASSF3	c18
1.26641381621012e-15	0.739834108679001	0.034	0.096	4.63520120871066e-11	SLF2	c18
4.31641486921401e-19	0.739543409149708	0.037	0.111	1.57985100628102e-14	PRR14L	c18
2.84497054775749e-25	0.739490766259258	0.041	0.134	1.04128767018472e-20	LARP4	c18
3.28647949503981e-07	0.739161683130487	0.007	0.028	0.0120288435997952	GEMIN4	c18
7.77927612325956e-24	0.739106398371647	0.039	0.127	2.84729285387423e-19	FLAD1	c18
6.98948764085775e-08	0.738832633947449	0.006	0.028	0.00255822237143034	APPL2	c18
7.73296568145909e-14	0.73847754520662	0.017	0.063	2.83034276907084e-09	TIMM44	c18
4.54913325002714e-09	0.738415426654265	0.021	0.055	0.000166502826084244	ALOX12-AS1	c18
1.3781438108536e-07	0.738281682866528	0.01	0.033	0.00504414416210527	AP4E1	c18
6.95960321430675e-104	0.738092520224766	0.832	0.887	2.54728437246841e-99	MTRNR2L12	c18
5.35376616392777e-12	0.737483802726192	0.011	0.049	1.9595319536592e-07	SLC25A35	c18
4.50012028137414e-17	0.737460196525066	0.042	0.111	1.64708902418575e-12	DCK	c18
9.23147623871066e-43	0.737065573188801	0.082	0.251	3.37881261813049e-38	TRIM14	c18
1.51304614576173e-31	0.736773981974918	0.22	0.461	5.53790019810252e-27	NFKBIA	c18
2.78123419718762e-08	0.735748472724754	0.006	0.029	0.00101795952851264	MTFR1	c18
1.20813222011291e-08	0.735648931779865	0.028	0.064	0.000442188473883527	AKTIP	c18
4.76437392031633e-18	0.735596462063104	0.028	0.092	1.74380849857498e-13	DDI2	c18
1.22484247906421e-34	0.735271695452282	0.085	0.234	4.48304595762293e-30	USP16	c18
4.53382311359322e-20	0.734985674211007	0.045	0.126	1.65942459780625e-15	TSPYL1	c18
6.71087783220934e-20	0.734648826088719	0.022	0.088	2.45624839536694e-15	SCAP	c18
2.0912986891505e-30	0.734468926490478	0.038	0.143	7.65436233215973e-26	ATP2C1	c18
3.44234961133834e-43	0.734394350314282	0.088	0.261	1.25993438124595e-38	TMEM165	c18
1.07816350400541e-14	0.734316569840542	0.032	0.089	3.94618624101019e-10	SART3	c18
3.24433912598846e-16	0.734303485372044	0.027	0.085	1.18746056350304e-11	YTHDF3	c18
1.82923616425194e-23	0.734262185502873	0.042	0.13	6.69518728477852e-19	UNC119	c18
1.06049522097037e-40	0.733916482750653	0.088	0.254	3.88151855827364e-36	SUMF2	c18
8.39242818045595e-16	0.733736371398352	0.022	0.077	3.07171263832868e-11	MLXIP	c18
2.10971856490571e-07	0.733694395025257	0.022	0.051	0.00772178091941138	LPAR2	c18
1.3669383744353e-08	0.733315613388758	0.009	0.035	0.000500313114427064	PCGF3	c18
1.72367171650087e-08	0.733212697829595	0.008	0.033	0.000630881084956484	SLC44A1	c18
4.76700142033356e-12	0.733202832982088	0.016	0.056	1.74477018985629e-07	DLAT	c18
4.37320104239594e-08	0.732921649806539	0.01	0.035	0.00160063531352734	ABL1	c18
5.00006209918442e-08	0.732889755689441	0.005	0.028	0.00183007272892249	IQCK	c18
2.46541553223376e-11	0.7327458989541	0.016	0.054	9.0236673895288e-07	VPS52	c18
7.76310164342535e-17	0.732738112440429	0.046	0.117	2.84137283251011e-12	DNAJC9	c18
6.6240455028082e-25	0.732692155532263	0.049	0.146	2.42446689448283e-20	ABCE1	c18
3.51934727588131e-17	0.731940523643179	0.021	0.078	1.28811629644532e-12	LRRC41	c18
1.85491572697896e-38	0.731647509743103	0.125	0.311	6.78917705231571e-34	ATP2B1	c18
6.08402885809478e-20	0.731537567764381	0.034	0.107	2.22681540235127e-15	HMGXB4	c18
1.54683151093399e-07	0.730442415817974	0.01	0.034	0.00566155801316948	EFCAB2	c18
9.34407332002242e-07	0.729955604820606	0.011	0.033	0.0342002427586141	SHMT1	c18
3.24082456084415e-24	0.729267837996733	0.046	0.14	1.18617419751457e-19	QTRT1	c18
1.36287282948385e-11	0.728818648000285	0.023	0.066	4.98825084319385e-07	PLEKHF2	c18
3.46807535576065e-07	0.728382863442746	0.011	0.034	0.0126935026096196	ZNF121	c18
1.77541859891476e-19	0.728086038468101	0.02	0.083	6.49820961388791e-15	LPCAT3	c18
4.499706514004e-09	0.72805324188112	0.017	0.049	0.000164693758119061	CC2D1B	c18
9.06618313746537e-08	0.727137852770802	0.01	0.035	0.0033183136901437	CLYBL	c18
3.9235070611712e-30	0.726717457834097	0.055	0.17	1.43604281945927e-25	RAD50	c18
2.31241318433935e-15	0.726563747182521	0.021	0.074	8.46366349600046e-11	CPSF3	c18
9.95622682698243e-35	0.726487323318473	0.065	0.2	3.64407858094384e-30	LPP	c18
6.75905130157035e-22	0.726345304740754	0.088	0.199	2.47388036688776e-17	SRPK2	c18
4.64203568292676e-31	0.726242071710448	0.207	0.434	1.69903148030802e-26	HSPA5	c18
2.07017497135077e-10	0.726184470029862	0.022	0.06	7.57704741264096e-06	SLC2A4RG	c18
2.56994454093417e-11	0.726074415969173	0.022	0.063	9.40625401427316e-07	DYNLL2	c18
7.35037928077151e-14	0.725955741565567	0.025	0.076	2.69031232055518e-09	TBCD	c18
1.3857180115746e-34	0.725954365387671	0.045	0.166	5.07186649416419e-30	ARMCX3	c18
3.17521521363405e-08	0.725215223895226	0.006	0.029	0.0011621605203422	POMZP3	c18
2.1444276442243e-13	0.725148072871955	0.034	0.089	7.84881962062538e-09	HPS3	c18
2.90342590130857e-12	0.725057350164249	0.019	0.061	1.06268291413795e-07	DCTN5	c18
8.80612512918513e-10	0.724699395772506	0.013	0.044	3.22312985853305e-05	GALNT10	c18
5.58046619368044e-13	0.724662157442684	0.021	0.067	2.04250643154898e-08	FAM199X	c18
1.83101173694161e-18	0.724387433788434	0.027	0.092	6.70168605837997e-14	RRP15	c18
2.6636357319752e-10	0.724355588651012	0.014	0.049	9.74917314260243e-06	APOOL	c18
7.1122836883626e-26	0.724253501396398	0.04	0.134	2.6031669527776e-21	APC	c18
2.23510348402635e-09	0.724246078266665	0.014	0.045	8.18070226188484e-05	KMT2B	c18
1.2296084158523e-17	0.724148645174002	0.025	0.087	4.500489762861e-13	RNF40	c18
5.84802160678547e-34	0.723955121007183	0.061	0.191	2.14043438829955e-29	SEC61A1	c18
8.70607556069366e-28	0.723700950525753	0.047	0.151	3.18651071596949e-23	TDG	c18
1.52582455635606e-14	0.723453049078096	0.018	0.067	5.58467045871881e-10	DDX28	c18
1.46846905360809e-23	0.723417623397181	0.044	0.134	5.37474358311096e-19	ARHGEF2	c18
2.392344857057e-09	0.723382059252107	0.014	0.045	8.75622141131434e-05	METTL6	c18
1.01514542799443e-06	0.723140054788951	0.009	0.03	0.0371553378100243	JRK	c18
8.72163082736025e-13	0.722849969717793	0.013	0.054	3.19220409912213e-08	SMPD2	c18
4.85027594032158e-07	0.722607563395144	0.014	0.038	0.017752494969171	TRIM35	c18
2.57897817804374e-11	0.722581520791517	0.018	0.057	9.43931802945789e-07	BIN3	c18
4.60188005780678e-08	0.722569617964002	0.006	0.029	0.00168433411995786	C20orf96	c18
3.9581926597902e-08	0.721464867123939	0.012	0.039	0.00144873809540981	WWC3	c18
9.82403869876185e-16	0.721228416338617	0.025	0.082	3.59569640413383e-11	TRAPPC8	c18
1.43065325647136e-15	0.721021328625261	0.017	0.067	5.23633398401081e-11	MIEF1	c18
1.78427026065777e-19	0.720730022554361	0.051	0.134	6.53060758103349e-15	DDX50	c18
2.15266928036212e-26	0.720474998537372	0.051	0.153	7.87898483305338e-22	SLC25A36	c18
7.9746964086676e-32	0.72040285200319	0.078	0.213	2.91881863253643e-27	EFCAB14	c18
9.51002818696484e-36	0.720221412250878	0.068	0.208	3.480765416711e-31	ZNFX1	c18
2.12109069588576e-12	0.720084110212695	0.025	0.071	7.76340405601148e-08	CYB561A3	c18
4.34025819203426e-25	0.719318921165454	0.064	0.171	1.58857790086646e-20	TNFSF10	c18
3.89586429646746e-09	0.719317146666413	0.01	0.038	0.000142592529115005	SNTB2	c18
3.98644717811822e-14	0.718746620687306	0.034	0.09	1.45907953166305e-09	CCDC88B	c18
2.83497986990924e-32	0.718312402346531	0.049	0.166	1.03763098218548e-27	FAM136A	c18
3.46353743530214e-08	0.718288744419876	0.144	0.228	0.00126768933669494	CD247	c18
7.34251703653237e-21	0.718257839648531	0.021	0.088	2.68743466054121e-16	AIFM1	c18
9.7391551855075e-10	0.71796014462715	0.013	0.044	3.5646281894476e-05	C17orf75	c18
6.0065950547516e-36	0.717790858215759	0.087	0.239	2.19847385598963e-31	DHX36	c18
7.61871637546136e-29	0.717440276454695	0.132	0.294	2.78852638058261e-24	FNBP1	c18
9.72856983542674e-37	0.716782929401755	0.092	0.25	3.56075384546454e-32	RAB6A	c18
7.84289528149296e-17	0.71655560063787	0.014	0.066	2.87057810197924e-12	HSBP1L1	c18
2.39335696280048e-11	0.716119398030121	0.019	0.059	8.75992581954605e-07	PPP3R1	c18
1.46574974236719e-13	0.716116040668564	0.029	0.081	5.36479063203815e-09	RBM28	c18
1.90855012325853e-32	0.715884502874424	0.051	0.17	6.98548430613856e-28	MRPS25	c18
4.74449389580467e-09	0.71572281474358	0.012	0.041	0.000173653221080347	KCTD18	c18
4.40034725456001e-14	0.715224250559762	0.309	0.551	1.61057109864151e-09	SAMHD1	c18
1.59186118938818e-10	0.714154257690444	0.013	0.047	5.82637113927967e-06	ANKRD54	c18
1.46121620332818e-12	0.713831362412769	0.027	0.074	5.34819742580147e-08	GTPBP10	c18
4.29922235851631e-18	0.713467559423768	0.031	0.097	1.57355837544056e-13	MAF	c18
9.92337382695104e-13	0.713415153115311	0.019	0.063	3.63205405440235e-08	BABAM2	c18
7.04086828613684e-33	0.712813393176572	0.047	0.164	2.57702820140894e-28	TM2D3	c18
1.09907002528667e-07	0.712792985959466	0.011	0.036	0.00402270619955174	RPP14	c18
1.53704749199058e-07	0.712630080834807	0.007	0.029	0.00562574752543471	MLYCD	c18
9.67348830642271e-07	0.712304998729496	0.022	0.05	0.0354059345503378	AGAP2	c18
4.50228694393623e-07	0.711843644371178	0.006	0.026	0.016478820443501	ACVR1	c18
2.58520567984894e-09	0.711804473003482	0.011	0.041	9.46211130881511e-05	ICK	c18
4.11562034886709e-16	0.711383190214462	0.019	0.072	1.50635820388884e-11	ANAPC2	c18
8.59949967270695e-20	0.710372312938052	0.03	0.1	3.14750287520747e-15	TULP4	c18
1.3226161938768e-18	0.710316526691667	0.033	0.101	4.84090753120846e-14	USP39	c18
1.29316254780582e-12	0.710071272425657	0.016	0.058	4.73310424122407e-08	GTF3C3	c18
2.00758915150571e-12	0.710028373630485	0.02	0.063	7.34797705342607e-08	PIAS2	c18
1.47661961097986e-14	0.709999612592693	0.022	0.074	5.40457543814739e-10	SIKE1	c18
5.18686814698607e-38	0.709964349186405	0.113	0.29	1.89844561047837e-33	HSPA9	c18
1.20407591161238e-06	0.709927155010527	0.006	0.025	0.0440703824409249	NLRP2	c18
3.43219102328617e-11	0.709814497701659	0.013	0.049	1.25621623643297e-06	QSER1	c18
8.76045440230265e-08	0.709806749234763	0.011	0.036	0.00320641391578679	TFAP4	c18
8.37376594674364e-41	0.709731683079448	0.05	0.19	3.06488207416764e-36	ADTRP	c18
2.39744060319278e-12	0.709145379801431	0.018	0.059	8.7748723517459e-08	ZC3H4	c18
1.91823542521079e-19	0.709140615227452	0.033	0.105	7.02093347981401e-15	MCM3AP	c18
4.54548287813756e-30	0.709101466071673	0.039	0.144	1.66369218822713e-25	MAGT1	c18
6.61022349402596e-11	0.708536291207817	0.01	0.043	2.41940790104844e-06	NET1	c18
1.85592315043755e-38	0.708062459072927	0.078	0.231	6.79286432291647e-34	IARS2	c18
6.16675878420036e-15	0.707174900619067	0.025	0.078	2.25709538260518e-10	EXOC6	c18
7.41333608004977e-33	0.706872468759407	0.12	0.285	2.71335513865902e-28	CD82	c18
5.28821310186974e-14	0.706438853343794	0.024	0.075	1.93553887741534e-09	MAP7D3	c18
2.20875374319843e-24	0.706362144046104	0.049	0.144	8.08425957548057e-20	CCDC82	c18
2.10526315855887e-12	0.70634394425153	0.038	0.091	7.70547368664131e-08	ZNF830	c18
1.50470582830031e-07	0.706223558654811	0.017	0.044	0.00550737380216198	PDCD4-AS1	c18
5.06578173928751e-18	0.705600015289117	0.025	0.088	1.85412677439662e-13	FBXO22	c18
5.78006783463256e-23	0.705326467955651	0.03	0.11	2.11556262815386e-18	MON1B	c18
3.15657918288371e-20	0.704978360003648	0.031	0.104	1.15533954672727e-15	SLC39A6	c18
4.73568728216623e-23	0.704776822560272	0.047	0.138	1.73330890214566e-18	GRIPAP1	c18
6.67652478696556e-08	0.704618219279375	0.021	0.051	0.00244367483727727	LMNB1	c18
7.45644918711032e-34	0.704613279362707	0.055	0.18	2.72913496697425e-29	SLAIN2	c18
2.89957088023313e-23	0.70431562618579	0.046	0.137	1.06127193787413e-18	MAP3K2	c18
1.40513325182519e-21	0.703982403641111	0.025	0.098	5.14292821500537e-17	DNAJC13	c18
4.15810116704968e-07	0.703955532015731	0.01	0.032	0.0152190660815185	SPIN2B	c18
1.42913887095477e-15	0.70372433124659	0.301	0.543	5.23079118158156e-11	EML4	c18
3.43975398525458e-31	0.703565006145951	0.045	0.157	1.25898435614303e-26	NBR1	c18
5.88370306017758e-16	0.703406261734274	0.028	0.087	2.1534941570556e-11	DNAJC17	c18
7.59230295338888e-23	0.703283229665403	0.054	0.149	2.77885880396986e-18	LETMD1	c18
9.2784317570364e-14	0.70323835949968	0.013	0.056	3.39599880739289e-09	CD99L2	c18
5.36854216979492e-31	0.702582027486288	0.036	0.141	1.96494011956664e-26	HVCN1	c18
3.2267741744942e-20	0.702439807924825	0.044	0.125	1.18103161560662e-15	ERAP1	c18
6.39327316021388e-12	0.701707766935785	0.012	0.049	2.34000190936988e-07	MOV10	c18
4.02019243844675e-10	0.701036830536446	0.02	0.057	1.4714306343959e-05	ZNF766	c18
2.76770501544506e-30	0.700996803227776	0.057	0.174	1.01300771270305e-25	GORASP2	c18
5.66337138901133e-07	0.700549212794376	0.008	0.029	0.0207285056209204	SETD1A	c18
1.40360788533619e-10	0.700496102428354	0.01	0.042	5.13734522111899e-06	SPOPL	c18
1.02825308473978e-24	0.700303868970352	0.234	0.46	3.76350911545607e-20	RNF149	c18
1.00621549362185e-07	0.700289968414934	0.029	0.062	0.00368284932820535	NEDD9	c18
5.56492070039852e-10	0.700219906138905	0.008	0.038	2.03681662555286e-05	SREBF1	c18
7.52076807780214e-11	0.699648788985403	0.015	0.051	2.75267632415636e-06	LCORL	c18
2.59711156938502e-08	0.699004129994714	0.011	0.038	0.000950568805510611	SIRT5	c18
2.73272892385711e-21	0.698862741361575	0.041	0.123	1.00020611342094e-16	MPHOSPH10	c18
3.91791862082844e-131	0.698714972053868	0.856	0.908	1.43399739440942e-126	MT-ND5	c18
3.47921858711681e-07	0.698665743234758	0.003	0.021	0.0127342879507062	MFAP5	c18
9.91540058488137e-27	0.698020234395554	0.053	0.158	3.62913576807243e-22	RNF168	c18
9.82025913682101e-07	0.697754460808569	0.128	0.195	0.0359431304666786	EMB	c18
9.93731220302921e-16	0.697683170066213	0.018	0.069	3.63715563943072e-11	KDM1A	c18
2.83751080259034e-20	0.697657478028529	0.026	0.095	1.03855732885609e-15	BBIP1	c18
2.27750502073772e-25	0.697575756095693	0.141	0.297	8.33589612640213e-21	SIGIRR	c18
5.16352464535972e-09	0.696965010416329	0.024	0.06	0.000188990165544811	KIF3A	c18
9.58788776830463e-13	0.696559475522414	0.013	0.053	3.50926280207718e-08	TRAF3IP2	c18
6.8333250369267e-23	0.696283718254522	0.028	0.105	2.50106529676554e-18	RHOT1	c18
7.42847053228799e-07	0.695963399034476	0.012	0.035	0.0271889449952273	PRIMPOL	c18
5.71332077775858e-17	0.695959268188175	0.021	0.077	2.09113253786742e-12	PCED1A	c18
4.70105242155976e-18	0.695941264551865	0.033	0.101	1.72063219681509e-13	TACC3	c18
3.05306227119702e-44	0.695774816027737	0.17	0.412	1.11745132188082e-39	AUP1	c18
5.35913258601643e-12	0.695526472305405	0.01	0.047	1.96149611780787e-07	GBE1	c18
1.17496724471722e-09	0.695415162430849	0.016	0.049	4.3004976123895e-05	GSPT2	c18
4.33073894831157e-09	0.695129409938077	0.016	0.048	0.000158509376247152	POC5	c18
5.6917378954938e-18	0.694865437395694	0.031	0.098	2.08323298712969e-13	TIMM10B	c18
7.92397876980435e-11	0.694485540707216	0.015	0.051	2.90025546953609e-06	MCM6	c18
8.62800395754146e-25	0.69358549523185	0.04	0.131	3.15793572849975e-20	UBE2Q2	c18
4.41015688698214e-21	0.693128913301737	0.065	0.16	1.61416152220433e-16	RRP1B	c18
1.2383716332082e-14	0.693109401957941	0.044	0.108	4.53256401470532e-10	NCBP3	c18
3.23073556748287e-10	0.692367390786711	0.016	0.051	1.1824815250544e-05	COQ7	c18
4.65465222406412e-09	0.692276268295534	0.018	0.05	0.000170364926052971	WDR44	c18
7.99021950055283e-20	0.692044045477002	0.025	0.092	2.92450023939734e-15	WDR45B	c18
7.01729693232692e-15	0.691853447774901	0.022	0.073	2.56840085020098e-10	METTL21A	c18
1.62715585192772e-38	0.69161681302229	0.093	0.257	5.95555313364066e-34	NUB1	c18
3.95693403611075e-11	0.691103200544725	0.01	0.043	1.44827742655689e-06	ATP13A2	c18
3.21286845327446e-07	0.690757999382496	0.016	0.042	0.0117594198258298	PILRB	c18
2.86614797645007e-43	0.690657608630182	0.074	0.237	1.04903882086049e-38	TSPAN14	c18
1.55856223787779e-31	0.690116837465167	0.079	0.214	5.70449364685648e-27	CLINT1	c18
5.68836496611679e-32	0.689731352223618	0.033	0.138	2.08199846124841e-27	CPQ	c18
3.36037975360661e-26	0.689191156520515	0.036	0.128	1.22993259361756e-21	GBP3	c18
1.08183086738085e-24	0.689151895697239	0.059	0.162	3.95960915770066e-20	WBP11	c18
5.30339311984578e-07	0.689143591221404	0.007	0.027	0.0194109491579476	NAV1	c18
6.47260301620893e-24	0.688839446715884	0.036	0.122	2.36903742996263e-19	DDX42	c18
1.39633823393305e-14	0.688736790805144	0.024	0.075	5.11073757001835e-10	FAM126A	c18
2.65872122385114e-21	0.688597517375951	0.045	0.128	9.73118555141756e-17	IBTK	c18
1.27522486565993e-32	0.688326439244324	0.035	0.143	4.66745053080189e-28	APH1B	c18
1.39053959200598e-24	0.688198355960168	0.077	0.19	5.08951396070108e-20	MX1	c18
4.82121813189016e-23	0.687804336293277	0.025	0.102	1.76461404845312e-18	YARS2	c18
5.70765671332995e-13	0.68766243065851	0.011	0.051	2.08905943364589e-08	MFSD3	c18
7.47741422655292e-26	0.687583446191439	0.034	0.124	2.73680838106063e-21	MAPKAP1	c18
1.70868354102892e-24	0.687134720146702	0.036	0.123	6.25395262851994e-20	ENOPH1	c18
2.67825664234781e-13	0.686979142251992	0.01	0.05	9.80268713665721e-09	C9orf64	c18
2.14479364213598e-28	0.686575138526388	0.049	0.155	7.8501592095819e-24	NCBP2	c18
2.34408890873048e-33	0.686197813046542	0.06	0.188	8.57959981484442e-29	IPO7	c18
6.30856516875967e-34	0.685797271785546	0.153	0.344	2.30899793741773e-29	RAD21	c18
3.21450019983233e-25	0.685581400200119	0.041	0.134	1.17653921814063e-20	ECPAS	c18
8.01803319133969e-13	0.685145611239615	0.018	0.061	2.93468032836224e-08	CDCA7L	c18
4.47197356346543e-14	0.68507823332836	0.026	0.078	1.63678704396398e-09	MAP2K7	c18
6.03780175445996e-21	0.684241447652596	0.039	0.119	2.20989582014989e-16	ATG4B	c18
8.10546654989525e-08	0.684119271622499	0.008	0.032	0.00296668181192716	HSDL1	c18
8.33356419046809e-19	0.683962405831353	0.024	0.087	3.05016782935323e-14	SLK	c18
3.86266649042221e-23	0.683890269559673	0.044	0.133	1.41377456215943e-18	MDM2	c18
2.54501659015951e-37	0.68370679395672	0.068	0.211	9.31501522164284e-33	CERT1	c18
1.79243046513451e-11	0.683409539229443	0.021	0.062	6.56047474543882e-07	INTS6	c18
1.00068788472429e-23	0.683307735717352	0.027	0.107	3.66261772687936e-19	COASY	c18
3.62812240016657e-22	0.681809315607592	0.03	0.107	1.32792907968497e-17	C11orf54	c18
1.84570653266393e-09	0.681483674778437	0.01	0.04	6.75547048020326e-05	ZNF317	c18
1.72015837067062e-39	0.681253334072037	0.07	0.221	6.29595165249152e-35	EIF2A	c18
2.40460323304635e-10	0.681229484716453	0.014	0.049	8.80108829327293e-06	MOB1B	c18
6.01281502368724e-16	0.680973190578911	0.019	0.073	2.20075042681977e-11	INTS1	c18
3.3518542511689e-07	0.680499528403208	0.007	0.028	0.0122681217447033	FAM241A	c18
1.81063342368095e-34	0.680258543870567	0.061	0.192	6.62709939401466e-30	DENND4C	c18
2.82734905358837e-29	0.67989900103446	0.045	0.151	1.03483802710388e-24	EXOC5	c18
7.1623662049853e-29	0.679698690143254	0.047	0.154	2.62149765468667e-24	DCAF5	c18
5.69851250578097e-21	0.679521819327008	0.042	0.123	2.08571256224089e-16	EXOSC9	c18
3.27972236469665e-10	0.679209342181785	0.016	0.051	1.20041118270262e-05	SZT2	c18
1.84108971284903e-21	0.678866124222438	0.041	0.123	6.73857245799872e-17	PDXDC1	c18
2.06762834746376e-37	0.678528972155017	0.051	0.183	7.56772651455211e-33	MANBA	c18
2.35709265091997e-36	0.677872573357375	0.1	0.262	8.6271948116322e-32	RSRC2	c18
5.45966005514112e-07	0.67764016216715	0.082	0.133	0.019982901767822	MAL	c18
6.37532464623572e-07	0.677639995517038	0.006	0.026	0.0233343257376874	MED22	c18
1.10092207156433e-33	0.677391882284107	0.063	0.193	4.02948487413262e-29	USP14	c18
5.62969656109539e-10	0.677208198843308	0.019	0.055	2.06052523832652e-05	TTC5	c18
1.35717145694534e-07	0.676970719367116	0.015	0.042	0.00496738324956564	NFKBID	c18
1.99595905982359e-19	0.676256030594528	0.036	0.109	7.30540975486033e-15	COIL	c18
6.3266099287534e-27	0.676038650178811	0.034	0.127	2.31560250002303e-22	TMED7	c18
3.94254795432091e-22	0.675969043873159	0.029	0.105	1.443011976761e-17	ZFP91	c18
1.21836055682912e-25	0.675573564940936	0.2	0.399	4.45932147405027e-21	TBC1D10C	c18
6.01659576651928e-16	0.675572258892175	0.028	0.087	2.20213421650372e-11	PRKRIP1	c18
4.25536891241934e-09	0.675396442345621	0.025	0.062	0.00015575075756346	RUBCN	c18
9.61726755988555e-40	0.675180587905414	0.055	0.195	3.52001609959371e-35	GINM1	c18
7.68658034342939e-16	0.674770349077801	0.037	0.1	2.81336527149859e-11	H1FX	c18
9.86487978698033e-16	0.674450238462061	0.018	0.069	3.61064465083267e-11	CMTR2	c18
9.65624766629807e-27	0.674227293833254	0.21	0.421	3.53428320834176e-22	MBP	c18
3.76716220275423e-25	0.674226281471267	0.04	0.132	1.37881903783008e-20	RAB5B	c18
2.15964021051944e-23	0.67390049625667	0.04	0.128	7.90449913452218e-19	MAP4K5	c18
1.33214817975138e-10	0.673790387050377	0.011	0.044	4.87579555270801e-06	CROT	c18
4.72965735065238e-20	0.673573112928482	0.045	0.126	1.73110188691228e-15	PPP3CA	c18
7.2078569372989e-22	0.673064619075089	0.049	0.137	2.63814771762077e-17	ANKRD10	c18
5.52991115128547e-10	0.672716279099971	0.009	0.039	2.02400278048199e-05	ZNF846	c18
1.17868805572857e-16	0.672175315798744	0.07	0.153	4.31411615277214e-12	ELOVL5	c18
4.09738980138876e-17	0.672002935484166	0.026	0.086	1.4996856412063e-12	CAAP1	c18
4.09451011116189e-12	0.671817658990463	0.025	0.07	1.49863164578636e-07	C11orf49	c18
3.47082045105605e-18	0.671470387134892	0.017	0.075	1.27035499329102e-13	RPE	c18
6.89770111275507e-11	0.671034236025267	0.018	0.056	2.52462758427948e-06	PPP3CB	c18
4.5677817336077e-10	0.670842983019692	0.012	0.044	1.67185379231776e-05	RBM12	c18
1.91596465696337e-12	0.670571797441699	0.021	0.066	7.01262224095163e-08	DPH7	c18
8.81324304804245e-34	0.670387687711456	0.11	0.272	3.22573508801402e-29	ERICH1	c18
4.23451947294109e-17	0.669944027782347	0.043	0.114	1.54987647229117e-12	EHD1	c18
2.06413745391246e-33	0.669656222396093	0.046	0.164	7.55494949506499e-29	HNRNPH2	c18
3.41016987294197e-30	0.669581828191246	0.033	0.133	1.24815627519549e-25	PSEN1	c18
9.76080593959746e-10	0.66915761502223	0.008	0.036	3.57255258195207e-05	CEP57L1	c18
1.46582081985639e-11	0.669001760549861	0.011	0.046	5.36505078275638e-07	SLC39A13	c18
3.64690669538397e-26	0.668928722910077	0.036	0.127	1.33480431957749e-21	TIPARP	c18
1.88621087325892e-22	0.668827194598464	0.038	0.121	6.90372041721497e-18	UBAP2L	c18
4.95570783268648e-17	0.668564772414383	0.022	0.079	1.81383862384158e-12	SUSD6	c18
9.73196253258654e-08	0.668089946491579	0.009	0.033	0.003561995606552	MSANTD4	c18
1.58155975952018e-10	0.668046055808815	0.017	0.053	5.78866687581982e-06	RNF139	c18
1.8366502831669e-08	0.667965464487376	0.049	0.094	0.000672232370141917	SIRPG	c18
2.5971752556512e-15	0.667245527200938	0.017	0.067	9.50592115320896e-11	GTF3C2	c18
5.52570988659925e-23	0.666981041153491	0.044	0.132	2.02246507559419e-18	DCAF11	c18
2.08857898085301e-39	0.666867223876198	0.175	0.402	7.64440792782011e-35	TERF2IP	c18
6.57945647956541e-30	0.666806669719109	0.047	0.156	2.40814686608573e-25	SUCLG2	c18
2.77016172921906e-07	0.666219496322856	0.013	0.037	0.0101390689451147	DGCR8	c18
7.32672279665731e-14	0.666040423227858	0.013	0.056	2.68165381080454e-09	SFXN4	c18
4.39224990841967e-25	0.665887666762008	0.04	0.132	1.60760738898068e-20	CSNK2A1	c18
5.4531304239057e-10	0.665700419564565	0.007	0.035	1.99590026645373e-05	SERPINH1	c18
3.15047142416732e-14	0.665522295957639	0.042	0.103	1.15310404595948e-09	DENND1C	c18
9.91514903825691e-46	0.665283971176959	0.104	0.297	3.62904369949241e-41	ATP1A1	c18
2.34552646978714e-27	0.6650924018762	0.053	0.158	8.58486143206792e-23	WAC	c18
2.61399740485756e-13	0.665024886311016	0.016	0.059	9.56749190151914e-09	GLYCTK	c18
6.85296531012745e-11	0.664309722121588	0.026	0.068	2.50825383315975e-06	BNIP3	c18
8.93257637141236e-12	0.664309037264724	0.019	0.061	3.26941227770064e-07	LINC01278	c18
1.03454867974944e-08	0.66381901559108	0.01	0.037	0.000378655162275094	DHFR	c18
4.7089695630201e-18	0.663389877955936	0.015	0.071	1.72352994976099e-13	FOXO3	c18
1.69561247603432e-20	0.66337912634511	0.049	0.133	6.20611122353323e-16	SNRPN	c18
1.77623424191437e-12	0.66316493818112	0.021	0.065	6.5011949488308e-08	EML3	c18
1.06739698752826e-16	0.663097444574656	0.031	0.094	3.9067797140522e-12	POLDIP3	c18
5.46945041389821e-42	0.663040564812893	0.099	0.277	2.00187354599089e-37	ADAM10	c18
5.411584995886e-18	0.662768735812011	0.053	0.132	1.98069422434423e-13	CCSER2	c18
7.30896508926498e-27	0.662731573814854	0.054	0.159	2.67515431232188e-22	MRPS30	c18
5.98840784103309e-18	0.662365126604017	0.025	0.087	2.19181715389652e-13	SEC23IP	c18
1.74195758710813e-29	0.662362818087801	0.045	0.152	6.37573896457447e-25	ECI2	c18
1.37473563125839e-15	0.661986217731448	0.039	0.103	5.03166988396883e-11	LDLRAD4	c18
1.38813228516382e-09	0.66192954636305	0.018	0.051	5.08070297692808e-05	ZDHHC21	c18
1.28478773065892e-15	0.661835970178188	0.03	0.089	4.70245157298471e-11	FAM217B	c18
9.05256274993527e-34	0.661416581273871	0.041	0.156	3.31332849210381e-29	COPG1	c18
8.96691053201954e-20	0.661077967893109	0.018	0.081	3.28197892382447e-15	SLC12A7	c18
7.0007077668148e-07	0.660691455154986	0.056	0.096	0.0256232904973188	SH2D1A	c18
2.70867973241854e-12	0.660470852284754	0.01	0.047	9.91403868862512e-08	THTPA	c18
2.77121016631744e-29	0.660337396575942	0.042	0.146	1.01429063297385e-24	KIN	c18
3.88848566833385e-22	0.660212263520284	0.035	0.115	1.42322463946687e-17	RNF20	c18
1.61125855208803e-12	0.660173275942202	0.008	0.045	5.89736742649741e-08	DHX32	c18
1.11613181739506e-37	0.659977146837848	0.108	0.28	4.08515406484765e-33	SRSF4	c18
9.93252168362918e-17	0.659692269044783	0.027	0.086	3.63540226142512e-12	GOT2	c18
1.21112866822986e-33	0.659494884843873	0.059	0.185	4.43285203858812e-29	SMNDC1	c18
2.37338023639137e-46	0.659394969093367	0.085	0.262	8.68680900321605e-42	ZC3H13	c18
7.24496588805364e-08	0.659148969560488	0.393	0.672	0.00265172996468651	GSTK1	c18
4.00235103197495e-19	0.659144453405461	0.03	0.098	1.46490050121315e-14	YY1AP1	c18
6.24898593466404e-14	0.65912737105574	0.03	0.083	2.28719134194638e-09	KLHDC4	c18
1.3631462174735e-07	0.658927166706426	0.005	0.026	0.00498925147057475	LINC02482	c18
1.25176712763594e-10	0.6587745312552	0.012	0.046	4.58159286386032e-06	INTS14	c18
5.60025188160397e-25	0.658372442246869	0.045	0.139	2.04974819118587e-20	RAB5A	c18
5.34222009240851e-07	0.65833202050575	0.006	0.026	0.0195530597602244	DGKQ	c18
1.21120649535766e-13	0.65828715763036	0.021	0.068	4.43313689365858e-09	MADD	c18
4.72652031285048e-22	0.658165735940786	0.037	0.119	1.72995369970641e-17	CCDC137	c18
1.85983305198306e-09	0.657181638928695	0.008	0.036	6.8071749535632e-05	CHPT1	c18
9.8559770896085e-25	0.656688763140813	0.05	0.146	3.60738617456761e-20	RNASEH1	c18
3.89430467384162e-22	0.656676706272031	0.028	0.103	1.42535445367277e-17	NFE2L1	c18
1.14154621206545e-10	0.656542733966208	0.024	0.064	4.17817329078077e-06	PGM2L1	c18
1.71661450041668e-36	0.65629400953167	0.074	0.219	6.28298073297509e-32	HK1	c18
4.88489558931409e-36	0.656284412507573	0.063	0.2	1.78792063464485e-31	CCS	c18
4.29392127694395e-26	0.656254164553563	0.037	0.129	1.57161812657426e-21	UBL3	c18
6.16357636263702e-24	0.656104484955775	0.033	0.117	2.25593058448877e-19	KPNA3	c18
2.77219370233239e-12	0.655778313817075	0.021	0.064	1.01465061699068e-07	TSR1	c18
6.02419618921447e-23	0.655775448339605	0.032	0.113	2.20491604721439e-18	TCTA	c18
6.34652892900708e-09	0.655685229720926	0.013	0.043	0.000232289305330588	RECK	c18
1.30104334347847e-36	0.655254570909794	0.146	0.342	4.76194874146556e-32	EWSR1	c18
1.80305782385759e-33	0.654912100749024	0.061	0.189	6.59937194110118e-29	LRRFIP2	c18
4.51565889013394e-30	0.654760059454529	0.043	0.15	1.65277631037792e-25	RDH11	c18
3.87726839409502e-22	0.654122423148009	0.04	0.124	1.41911900492272e-17	C1orf131	c18
2.83892023339873e-07	0.653929201020482	0.008	0.03	0.0103907319462627	ARMC2	c18
1.57222204090761e-15	0.653896617395768	0.032	0.092	5.75448989192596e-11	LTN1	c18
8.79054872836506e-48	0.653685532452191	0.13	0.346	3.2174287400689e-43	PAPOLA	c18
9.87742427423047e-15	0.653597049609576	0.019	0.068	3.6152360586111e-10	JOSD1	c18
3.96796085707204e-07	0.652678672016909	0.007	0.028	0.0145231335329694	ZNF701	c18
1.98489553510615e-15	0.652595049581479	0.022	0.075	7.26491614804203e-11	NFKB1	c18
3.61316139598123e-15	0.652434393468875	0.025	0.079	1.32245320254309e-10	TRMT61B	c18
1.33991828134521e-08	0.652093971003865	0.007	0.032	0.000490423490155161	POLA2	c18
2.87050697483585e-29	0.652036498516608	0.059	0.174	1.05063425785967e-24	ARID1A	c18
2.71485573416803e-08	0.651629248878241	0.003	0.024	0.00099366434726284	JPH4	c18
2.38336659746648e-23	0.651395763592088	0.031	0.113	8.72336008338707e-19	HCFC1	c18
1.46740563706158e-19	0.651300142935649	0.029	0.098	5.3708513722091e-15	MARCH5	c18
2.64511515912394e-12	0.651118813127275	0.016	0.057	9.68138599390952e-08	TRIP4	c18
4.94731878246862e-20	0.6508239321056	0.031	0.104	1.81076814757134e-15	FRA10AC1	c18
1.48637453423689e-15	0.649161682396184	0.05	0.119	5.44027943276043e-11	PITPNC1	c18
1.84257210951928e-34	0.648940956489717	0.099	0.255	6.74399817805151e-30	PTBP3	c18
6.07404265524687e-27	0.648691323523885	0.071	0.188	2.22316035224691e-22	UBA2	c18
1.84701597723429e-36	0.648682879771517	0.094	0.252	6.76026317827524e-32	MAP4	c18
1.40913125099835e-31	0.648599965486324	0.242	0.499	5.15756129177906e-27	EIF4G2	c18
7.78556890092876e-22	0.648427060184398	0.032	0.109	2.84959607342894e-17	RASA1	c18
6.48251521741908e-24	0.648170169839452	0.037	0.123	2.37266539472756e-19	TMEM259	c18
7.93544550947991e-09	0.648057802946916	0.019	0.051	0.000290445241092474	PDZD8	c18
5.2018359352125e-25	0.648025388478064	0.04	0.131	1.90392397064713e-20	EXOC7	c18
1.1975924218106e-19	0.647771884914414	0.034	0.107	4.38330802306897e-15	TFDP2	c18
3.20298466298673e-18	0.647646182224491	0.039	0.11	1.17232441649977e-13	PCID2	c18
1.84545240931282e-40	0.646910137265224	0.166	0.39	6.75454036332586e-36	CD46	c18
2.3863483160894e-12	0.646862977992375	0.016	0.056	8.7342734717188e-08	MTERF3	c18
3.4419345983673e-10	0.646562320412883	0.014	0.047	1.25978248234841e-05	TRMT61A	c18
6.0288158599975e-07	0.646513365706324	0.002	0.019	0.0220660689291768	SEPTIN9-DT	c18
1.43582401854541e-11	0.646476145318851	0.009	0.043	5.25525949027807e-07	RFT1	c18
3.20225268646173e-07	0.64639497471526	0.007	0.028	0.0117205650577186	GNE	c18
5.5424764870023e-37	0.646215840148778	0.066	0.208	2.02860181900771e-32	WASHC1	c18
6.03472269286583e-09	0.646033957567615	0.01	0.037	0.000220876885281582	LRRC14	c18
1.9226452586828e-09	0.645738289997224	0.009	0.038	7.03707391130491e-05	B3GALNT2	c18
8.11886667538852e-08	0.645675344834448	0.014	0.041	0.00297158639185895	HIVEP3	c18
9.50679343760969e-17	0.645063305981711	0.011	0.06	3.47958146609952e-12	IL1RAP	c18
2.34551083640969e-09	0.645049468302831	0.011	0.041	8.5848042123431e-05	TKFC	c18
3.78213559390775e-12	0.644975217887037	0.018	0.059	1.38429944872617e-07	POLL	c18
1.37047803245593e-35	0.644953219535917	0.08	0.226	5.01608664659195e-31	PPP4R2	c18
1.37579362805656e-44	0.644951912978673	0.067	0.228	5.03554225804982e-40	NKAP	c18
1.14704544351782e-07	0.644765003054227	0.011	0.036	0.00419830102781958	ZNF362	c18
3.03997711423804e-17	0.644679117803859	0.018	0.073	1.11266202358227e-12	C9orf72	c18
4.66473789765862e-18	0.644579551625172	0.293	0.539	1.70734071792203e-13	DAZAP2	c18
1.05713635763793e-11	0.64436548048173	0.01	0.046	3.8692247825906e-07	POLD1	c18
6.95790223805832e-18	0.644314755534204	0.026	0.089	2.54666179815172e-13	TAF6	c18
1.87665903315071e-38	0.644291834283774	0.139	0.336	6.8687597272349e-34	HNRNPR	c18
8.65756325275504e-18	0.644203703473629	0.074	0.163	3.16875472614087e-13	C5orf56	c18
5.80559387589704e-09	0.64394754551569	0.01	0.038	0.000212490541451708	INTS5	c18
8.46973444775895e-21	0.643878225176523	0.045	0.128	3.10000750522425e-16	MRPS31	c18
1.096628233686e-13	0.643688527512716	0.013	0.056	4.01376899811413e-09	TMEM234	c18
3.31163069613462e-42	0.643419502148012	0.072	0.231	1.21208995109223e-37	IQGAP2	c18
1.9517866533834e-16	0.642796937751912	0.042	0.11	7.14373433004859e-12	CYTH4	c18
3.25541992816965e-18	0.642777506441059	0.029	0.094	1.19151624790938e-13	SERGEF	c18
4.81683886559155e-20	0.642449734215998	0.025	0.092	1.76301119319516e-15	ORAI2	c18
2.52188359684469e-13	0.642442922804315	0.021	0.068	9.23034615281126e-09	METAP1	c18
3.2774146400416e-19	0.641967242857224	0.027	0.094	1.19956653240163e-14	HYOU1	c18
9.01166400751659e-24	0.641961969360019	0.026	0.105	3.29835914339115e-19	ZYG11B	c18
4.41469401048242e-28	0.641697070815431	0.057	0.168	1.61582215477667e-23	CHIC2	c18
1.13304733277361e-08	0.641159470682737	0.007	0.032	0.000414706654268468	IPO4	c18
4.61909947220476e-13	0.641016949643731	0.039	0.094	1.69063659782166e-08	SH3YL1	c18
8.45555419980515e-08	0.640392618659916	0.006	0.028	0.00309481739267068	MIER2	c18
7.3242716112901e-39	0.640374904089005	0.122	0.306	2.68075665244829e-34	SP110	c18
2.0039090359899e-16	0.6395780894163	0.028	0.087	7.33450746262663e-12	LRRC47	c18
2.56163880047371e-15	0.63956789594315	0.023	0.077	9.37585417361382e-11	KIF3B	c18
2.30791978497885e-19	0.639561269868912	0.036	0.109	8.44721720500109e-15	ZNF580	c18
6.88510500389406e-34	0.639422415168519	0.045	0.164	2.52001728247526e-29	TNPO1	c18
2.15051404687858e-07	0.638155771328746	0.004	0.024	0.00787109646298031	UBFD1	c18
1.20017731168987e-23	0.63772116090127	0.037	0.124	4.39276897851611e-19	KCTD20	c18
1.38667526544443e-21	0.637190074185085	0.028	0.102	5.07537013905317e-17	SRP68	c18
1.01926921366142e-21	0.63618870732651	0.03	0.106	3.73062724892215e-17	SEC16A	c18
2.27806984781726e-13	0.635999661276652	0.016	0.06	8.33796344999594e-09	CRTC2	c18
9.70073149317535e-48	0.635854813136668	0.137	0.359	3.55056473381711e-43	CSNK1A1	c18
7.01318050734991e-25	0.634889031463049	0.03	0.114	2.56689419749514e-20	NSMCE2	c18
1.57647552377851e-07	0.634871221278176	0.019	0.047	0.00577005806458171	HAUS6	c18
8.22186708843406e-16	0.634819289735201	0.022	0.077	3.00928557303775e-11	TBC1D20	c18
2.94076139868468e-26	0.634090774000308	0.063	0.173	1.07634807953258e-21	SMU1	c18
3.51739857993078e-39	0.63392634390175	0.056	0.196	1.28740305424047e-34	CSNK1D	c18
2.27566377724619e-12	0.633470061352367	0.05	0.108	8.32915699109879e-08	ORMDL3	c18
8.75036125788919e-09	0.633286309100196	0.005	0.029	0.000320271972400002	CHEK2	c18
8.282276048311e-23	0.632217847530698	0.031	0.111	3.03139585644231e-18	CREB3L2	c18
1.36482611489128e-58	0.632117692538714	0.119	0.355	4.99540006311357e-54	EIF5B	c18
7.06279671302113e-09	0.632054949391517	0.015	0.046	0.000258505422493286	FBXL8	c18
8.35691869565271e-10	0.631822582454803	0.017	0.051	3.05871581179585e-05	RAD17	c18
3.92306670981537e-38	0.631224701521559	0.053	0.188	1.43588164645952e-33	OSGEP	c18
2.94584140786948e-28	0.630402851531501	0.059	0.171	1.07820741369431e-23	U2AF2	c18
8.20129686549494e-38	0.630352096338038	0.213	0.469	3.0017566657398e-33	APBB1IP	c18
3.92978327001706e-47	0.629298505042901	0.085	0.264	1.43833997465895e-42	EPRS	c18
2.33017293150348e-32	0.629247989837547	0.076	0.211	8.52866594659588e-28	CCDC91	c18
6.51458226510621e-33	0.6289121891013	0.061	0.188	2.38440225485153e-28	COMMD2	c18
1.30959268954923e-38	0.628653022114527	0.052	0.188	4.79324020301913e-34	SLC38A10	c18
3.09954536433567e-10	0.628447038011367	0.015	0.05	1.1344645988005e-05	TSPAN17	c18
4.64173699267165e-25	0.628292081577426	0.022	0.102	1.69892215668775e-20	WASL	c18
5.96326004959818e-30	0.628247850660423	0.046	0.155	2.18261281075343e-25	TRNAU1AP	c18
7.84434294479949e-23	0.62805667475643	0.042	0.129	2.87110796122606e-18	TAF11	c18
6.43994500021984e-12	0.626686436088957	0.013	0.051	2.35708426953046e-07	PCBD2	c18
2.92145082277589e-11	0.626515489394907	0.011	0.047	1.0692802156442e-06	USP19	c18
6.7150944425087e-10	0.625911261164353	0.014	0.048	2.45779171690261e-05	IQCG	c18
7.43166788177827e-25	0.625733528676145	0.046	0.14	2.72006476140967e-20	PRRC2A	c18
6.26624606553125e-14	0.625300146933588	0.019	0.067	2.29350872244509e-09	UBAP2	c18
2.90952703655561e-11	0.625157434258579	0.013	0.049	1.06491599064972e-06	TATDN2	c18
9.37662836411411e-17	0.624658466625736	0.029	0.09	3.43193974754941e-12	RNF34	c18
3.28879904719892e-24	0.624575922000134	0.055	0.154	1.20373333926528e-19	SRRT	c18
1.11301415118075e-09	0.624456173452209	0.006	0.033	4.07374309473666e-05	OLMALINC	c18
5.3817577197417e-10	0.624449921256772	0.006	0.034	1.96977714300266e-05	STPG1	c18
3.18360113962414e-09	0.623954032698357	0.011	0.04	0.000116522985311383	DVL2	c18
5.97152704269208e-09	0.623895529089526	0.016	0.048	0.000218563861289573	AGL	c18
1.23565130864972e-08	0.623862755358883	0.006	0.03	0.000452260735478883	AL139260.1	c18
1.94717209749543e-36	0.623752959447085	0.04	0.161	7.12684459404301e-32	UTP18	c18
5.22981358265286e-10	0.62355688860917	0.01	0.04	1.91416406938677e-05	ZNF12	c18
2.87740923014107e-18	0.623542126231451	0.023	0.085	1.05316055232393e-13	RRP8	c18
3.86451426161082e-30	0.623144362597329	0.027	0.123	1.41445086489217e-25	SULT1A1	c18
1.25415491036343e-10	0.622995072932599	0.019	0.056	4.5903323874212e-06	PKNOX1	c18
5.30615789522758e-17	0.622196493253035	0.015	0.068	1.94210685123225e-12	TMEM39B	c18
3.64974183172191e-07	0.621998591517273	0.015	0.04	0.0133584200782854	VMAC	c18
9.07231643213961e-41	0.621946298924528	0.073	0.229	3.32055853732742e-36	OLA1	c18
2.44453118129335e-15	0.621808033259356	0.024	0.078	8.9472285766518e-11	VPS37B	c18
2.87692035694314e-29	0.62132886847938	0.262	0.529	1.05298161984476e-24	PDIA3	c18
2.65705631721025e-09	0.621223106495431	0.009	0.037	9.72509182662125e-05	HEG1	c18
6.43089814645734e-37	0.621221199960395	0.077	0.226	2.35377303058485e-32	MAPKAPK5-AS1	c18
6.77018434525216e-47	0.621187184763863	0.078	0.253	2.47795517220574e-42	CIAO1	c18
2.34817212928592e-26	0.620949717453144	0.04	0.136	8.5945448103994e-22	COPS8	c18
2.33080489941602e-16	0.620931760649017	0.018	0.072	8.53097901235258e-12	SNX12	c18
4.82659823730755e-31	0.620745741115088	0.043	0.152	1.76658322083694e-26	HTT	c18
1.45440833584797e-20	0.62064583357609	0.021	0.087	5.32327995003714e-16	RNASEL	c18
4.0800699665044e-24	0.620430415188392	0.032	0.116	1.49334640844027e-19	PLRG1	c18
3.35122792965714e-24	0.620060195113608	0.057	0.157	1.22658293453381e-19	UBTF	c18
1.42664074456771e-32	0.619987849179863	0.039	0.15	5.22164778919228e-28	PAFAH1B2	c18
5.32851885500461e-16	0.619589671390185	0.028	0.086	1.95029118612024e-11	MRPS9	c18
2.90649999006808e-11	0.61927818134032	0.019	0.058	1.06380806136482e-06	FBXO28	c18
3.87341679888268e-25	0.619253000264208	0.036	0.125	1.41770928255905e-20	CKAP5	c18
1.07345241285836e-12	0.619039509643539	0.013	0.053	3.92894317630287e-08	SBF2	c18
1.32945204179875e-36	0.618876970618765	0.099	0.261	4.8659274181876e-32	DNMT1	c18
5.11849919003698e-19	0.618796710025848	0.019	0.08	1.87342188854543e-14	WDSUB1	c18
3.7379613608908e-20	0.618664120975604	0.037	0.114	1.36813123769964e-15	PFKP	c18
8.84451973941398e-15	0.61819400411142	0.008	0.051	3.23718266982291e-10	SLC66A1	c18
1.33857317263699e-13	0.618056787901795	0.015	0.059	4.89931166916865e-09	GEMIN8	c18
4.86191642258906e-33	0.617911544097447	0.071	0.205	1.77951002983182e-28	BAZ1B	c18
2.41389501002151e-08	0.617754925496264	0.01	0.035	0.000883509712617974	SIAH1	c18
6.49902589140838e-25	0.617241666929146	0.03	0.114	2.37870846651438e-20	MFSD11	c18
1.52447446674334e-07	0.617179692720194	0.009	0.032	0.00557972899572728	HCFC2	c18
2.12212703279126e-20	0.616837326875068	0.028	0.099	7.76719715271928e-16	GAR1	c18
9.23368455691367e-14	0.616722172940624	0.029	0.081	3.37962088467597e-09	PTEN	c18
2.21881043067906e-27	0.616302137150825	0.06	0.172	8.12106805732842e-23	SPAG9	c18
8.5251879562225e-30	0.615969808267504	0.037	0.14	3.120304043857e-25	HERC5	c18
2.59377329912853e-39	0.615834296645443	0.052	0.189	9.49346965214032e-35	TMEM170A	c18
2.31217594346347e-36	0.615653979802027	0.082	0.231	8.46279517067065e-32	ZNF24	c18
2.93682962158542e-07	0.61522007089326	0.007	0.028	0.0107490900979648	ZNF687	c18
8.16311257904454e-30	0.61515190820445	0.085	0.219	2.98778083505609e-25	RASSF5	c18
6.28824893668626e-11	0.615008922420252	0.007	0.039	2.30156199331654e-06	PIGO	c18
7.89923418544056e-20	0.614606195142825	0.034	0.107	2.8911987042131e-15	UNC45A	c18
2.24693660248945e-32	0.614035208314056	0.077	0.211	8.22401265877162e-28	SUPT16H	c18
2.24811330216362e-48	0.613982286573092	0.168	0.415	8.22831949724905e-44	XRCC6	c18
3.69970760043057e-08	0.613176160390292	0.008	0.033	0.00135412997883359	OXSM	c18
1.30607622232368e-16	0.612989838286025	0.021	0.077	4.78036958132692e-12	TAF1B	c18
7.79108279440274e-27	0.612615483355843	0.043	0.141	2.85161421357935e-22	NOC2L	c18
1.13152326539856e-09	0.611743004334213	0.014	0.047	4.14148830368525e-05	RFC4	c18
1.41754636628614e-10	0.611688482795829	0.013	0.048	5.18836145524391e-06	PHTF1	c18
3.19084173656237e-34	0.611059863523314	0.03	0.139	1.16787998399919e-29	SPART	c18
8.07198532635569e-37	0.610684286058833	0.086	0.241	2.95442734929945e-32	DOCK2	c18
2.45591023901893e-20	0.610665543432855	0.04	0.118	8.98887706583317e-16	NOP14	c18
2.08846801077876e-07	0.61063285003587	0.01	0.033	0.00764400176625133	TECPR2	c18
1.02289004868996e-14	0.610362061353586	0.022	0.073	3.74387986721014e-10	VAPB	c18
4.26641385729293e-13	0.610023067859797	0.042	0.099	1.56155013590779e-08	ATF7IP2	c18
4.4138921561301e-10	0.609703237646539	0.013	0.046	1.61552866806518e-05	TYSND1	c18
2.24543725228298e-13	0.609373707543242	0.016	0.06	8.21852488708094e-09	PPP2R5D	c18
4.59165527482817e-20	0.609246451611968	0.021	0.086	1.68059174713986e-15	BTN2A2	c18
3.10229719840868e-42	0.608201765974679	0.166	0.395	1.13547179758956e-37	MCL1	c18
7.48680504841503e-10	0.607552388543442	0.014	0.046	2.74024551577038e-05	MAGED1	c18
6.98746890451631e-32	0.60676225535596	0.044	0.156	2.55748349374201e-27	FAM192A	c18
4.40539819926785e-14	0.606070915504902	0.016	0.062	1.61241979491402e-09	GOLGA1	c18
7.12931058737178e-11	0.605679473708474	0.05	0.103	2.60939896808394e-06	HIST1H1C	c18
4.62966194977469e-25	0.605563086771977	0.032	0.118	1.69450257023704e-20	TRAP1	c18
1.11596303581823e-14	0.605227877870655	0.015	0.062	4.08453630739831e-10	CEPT1	c18
5.25933323087344e-18	0.604782274141	0.045	0.12	1.92496855583199e-13	C12orf65	c18
1.66288984428197e-15	0.604623428979214	0.018	0.069	6.08634311905644e-11	KYAT3	c18
2.7195155561389e-21	0.604245272104655	0.04	0.122	9.95369888702398e-17	CNOT8	c18
5.19640043018642e-13	0.60370755841827	0.03	0.081	1.90193452145253e-08	UBIAD1	c18
3.94394651197117e-18	0.603662019904626	0.024	0.085	1.44352386284657e-13	NOA1	c18
3.25623238134189e-18	0.603559313567012	0.029	0.094	1.19181361389494e-13	INO80	c18
3.70066231871403e-14	0.603406161146268	0.017	0.064	1.35447941527252e-09	HDHD2	c18
8.02285088345773e-33	0.603296589228996	0.088	0.231	2.93644365185436e-28	TSC22D4	c18
2.98767738528644e-21	0.603288959073924	0.019	0.087	1.09351979978869e-16	ARMT1	c18
7.1720873398853e-20	0.602562630156257	0.024	0.091	2.62505568727142e-15	TRIM26	c18
2.28490074553582e-26	0.602265408192551	0.034	0.126	8.36296521873566e-22	DESI2	c18
2.06413466224414e-45	0.602144961992338	0.076	0.246	7.55493927727977e-41	FBXO9	c18
6.55899607438013e-44	0.602036685085748	0.074	0.239	2.40065815318387e-39	METAP2	c18
3.0159896605547e-19	0.601499825647135	0.027	0.094	1.10388237565963e-14	TOR1AIP2	c18
4.50552204327849e-22	0.601476833279303	0.029	0.105	1.64906612306036e-17	TMEM138	c18
5.15018861868893e-11	0.60129830637168	0.012	0.047	1.88502053632634e-06	WDTC1	c18
2.08208700721454e-07	0.60116883876045	0.004	0.024	0.00762064665510595	FBXO10	c18
1.50934727177414e-09	0.60102704207772	0.01	0.039	5.52436194942051e-05	MCM4	c18
8.47479191989483e-16	0.600756056962251	0.024	0.079	3.10185859060071e-11	SNRPD3	c18
3.39780768667837e-08	0.60056083253445	0.009	0.034	0.00124363159140115	MANEA	c18
1.65600617533178e-29	0.600536470584559	0.052	0.163	6.06114820233186e-25	HBP1	c18
4.54158965712131e-25	0.600377841488645	0.04	0.132	1.66226723040297e-20	CASC3	c18
1.44799542852164e-16	0.600344601288969	0.021	0.077	5.29980806793205e-12	NXF1	c18
2.79302920722947e-10	0.600196737956583	0.014	0.049	1.02227662013806e-05	CEP44	c18
2.90199931010177e-14	0.599514857291482	0.011	0.054	1.06216076749035e-09	FAM234A	c18
3.39324654275224e-23	0.599374946000109	0.039	0.125	1.24196216711275e-18	SMC6	c18
1.36241155608272e-07	0.598316590108626	0.011	0.036	0.00498656253641835	GLI4	c18
1.93700568895616e-27	0.598281466214267	0.025	0.113	7.08963452214842e-23	SNX4	c18
5.47939038770763e-13	0.597934073257363	0.016	0.059	2.00551167580487e-08	MTMR12	c18
1.0191925040593e-17	0.597776700582533	0.042	0.114	3.73034648410745e-13	SMC4	c18
1.04506620498442e-13	0.597770673255083	0.021	0.068	3.82504681686349e-09	GPATCH2	c18
2.56248304847787e-09	0.597547729765232	0.009	0.037	9.37894420573386e-05	STK39	c18
8.11599818040505e-07	0.597412596559417	0.011	0.034	0.0297053649401005	SEPSECS-AS1	c18
6.56243069505399e-25	0.596943841524466	0.043	0.137	2.40191525869671e-20	SNX20	c18
1.09340696375444e-09	0.596648904981429	0.016	0.05	4.00197882803762e-05	FAM193A	c18
6.20224760655197e-08	0.596616024399925	0.007	0.029	0.00227008464647409	SDHAF4	c18
4.97374927085055e-24	0.596082977723761	0.05	0.144	1.82044197062401e-19	CARD8	c18
1.92295700579819e-29	0.595543595739665	0.056	0.169	7.03821493692195e-25	DDX27	c18
6.48182818612807e-19	0.59534131611708	0.031	0.1	2.37241393440473e-14	NPRL2	c18
2.39975949503555e-27	0.594873564067991	0.061	0.172	8.78335972777963e-23	GARS	c18
3.72273482392829e-38	0.594713258168102	0.078	0.23	1.36255817290599e-33	CGGBP1	c18
6.39914538992906e-20	0.594100614475953	0.029	0.099	2.34215120416793e-15	UBA7	c18
1.45306281605863e-28	0.594073331319297	0.045	0.15	5.3183552130562e-24	TMEM248	c18
3.76155807652579e-13	0.593957509420934	0.014	0.057	1.37676787158921e-08	SBNO2	c18
2.55506850936373e-32	0.59381654447615	0.037	0.147	9.35180625112218e-28	MRPL19	c18
5.34237685916173e-16	0.593464724280407	0.021	0.076	1.95536335422178e-11	OGFOD1	c18
2.59256288675732e-24	0.593228439367228	0.026	0.106	9.48903942182047e-20	CHST11	c18
3.811286003334e-08	0.592371153685495	0.391	0.666	0.00139496879008028	EVL	c18
1.79087029407259e-09	0.59222581853089	0.011	0.042	6.55476436333509e-05	RMND5A	c18
9.99249175908755e-28	0.592222842886255	0.053	0.16	3.65735190874364e-23	POLR2C	c18
1.65684450499908e-20	0.592100028422104	0.283	0.524	6.06421657274714e-16	SRSF5	c18
2.64895510567545e-13	0.591398420852701	0.016	0.06	9.69544058228273e-09	NUFIP1	c18
4.0157605508094e-44	0.591221272163899	0.118	0.316	1.46980851920175e-39	IFI16	c18
1.33374540065275e-35	0.590853160907316	0.071	0.212	4.88164154092914e-31	SMC3	c18
3.9479784451976e-13	0.59074701146649	0.016	0.06	1.44499959072677e-08	AASDH	c18
2.89388064573774e-10	0.590482253651047	0.02	0.057	1.05918925514647e-05	SNHG30	c18
6.7140567045137e-13	0.590449505797794	0.021	0.067	2.45741189441906e-08	COPS7B	c18
7.90629363634567e-18	0.590210040307867	0.018	0.076	2.89378253383888e-13	RMND1	c18
1.27358023350204e-22	0.590178946379336	0.041	0.126	4.66143101264082e-18	RPIA	c18
9.23030085780558e-44	0.589441687268335	0.088	0.262	3.37838241696542e-39	GLOD4	c18
3.80080446142925e-12	0.589377582273954	0.016	0.057	1.39113244092772e-07	C9orf85	c18
3.21755007008533e-16	0.588744244016651	0.033	0.095	1.17765550115193e-11	TCOF1	c18
1.44319023419942e-36	0.588583385245041	0.083	0.236	5.28222057619329e-32	DENND2D	c18
1.04342049478566e-20	0.588537372610494	0.032	0.106	3.819023352965e-16	IFT57	c18
2.68607153386544e-08	0.587799651222794	0.007	0.031	0.000983129042110091	SLC26A6	c18
2.70185897775487e-18	0.587726156948408	0.024	0.086	9.88907404448061e-14	TATDN3	c18
5.97492858729297e-14	0.587135618379973	0.014	0.058	2.1868836122351e-09	GLE1	c18
1.94949411513703e-20	0.587070773359904	0.021	0.087	7.13534341081304e-16	MTIF2	c18
6.48975516575927e-16	0.586981519185372	0.015	0.065	2.37531528821955e-11	SOS2	c18
2.22416068970971e-30	0.586444178337145	0.037	0.141	8.14065054040651e-26	ATXN3	c18
2.61642461283357e-23	0.586024606091198	0.028	0.106	9.57637572543214e-19	KIAA0232	c18
2.90064678932838e-07	0.585830548185511	0.097	0.155	0.0106166573136208	GNG2	c18
1.52086638216735e-12	0.585456287155947	0.015	0.056	5.5665230453707e-08	SMG9	c18
3.83673693205907e-33	0.585290144646912	0.036	0.146	1.40428408450294e-28	NCLN	c18
1.31874701812807e-08	0.585089983910894	0.016	0.047	0.000482674596105056	METTL2B	c18
3.83454016298286e-16	0.584701773627854	0.037	0.102	1.40348004505335e-11	AC008875.3	c18
1.95645788991704e-26	0.58468795557404	0.048	0.149	7.16083152288537e-22	DTX3L	c18
3.3094789118707e-15	0.584437398043024	0.026	0.081	1.2113023765338e-10	SIPA1	c18
8.06620617666491e-44	0.583954796464056	0.056	0.206	2.95231212272112e-39	NARS	c18
7.10480065772459e-28	0.583424449057937	0.038	0.136	2.60042808873378e-23	NIPA2	c18
4.58914838244133e-16	0.583330861619364	0.023	0.079	1.67967419945735e-11	PELP1	c18
3.42412945797666e-41	0.583297370754394	0.072	0.228	1.25326562291404e-36	AGGF1	c18
3.12009521002382e-24	0.583254152192356	0.019	0.093	1.14198604782082e-19	GATAD1	c18
1.52535136790916e-09	0.583104138713181	0.013	0.044	5.58293854168432e-05	PTER	c18
7.19660401063332e-15	0.58309590214253	0.022	0.074	2.6340290339319e-10	AP3M1	c18
1.30804538118614e-20	0.583068906207971	0.027	0.098	4.78757689967937e-16	EML2	c18
6.6917569813995e-12	0.582804634120811	0.021	0.064	2.44924997276203e-07	MCM7	c18
2.11309924712002e-28	0.582766021659544	0.046	0.15	7.734154554384e-24	UTP23	c18
1.02985720762022e-19	0.582555562571942	0.024	0.091	3.76938036561078e-15	TRAFD1	c18
2.71260997372404e-13	0.582176013856365	0.013	0.054	9.92842376482736e-09	CDC23	c18
7.41460143085988e-31	0.582170818758804	0.048	0.161	2.71381826970902e-26	CHCHD3	c18
2.22537341522395e-40	0.581803313573262	0.176	0.406	8.14508923706116e-36	SEPTIN9	c18
4.71774488933455e-13	0.581453798212777	0.022	0.069	1.72674180694534e-08	FBRS	c18
2.02067419013863e-19	0.581342710236841	0.03	0.099	7.3958696033264e-15	SP1	c18
4.00016869353729e-22	0.580896768282833	0.037	0.119	1.46410174352158e-17	HDAC3	c18
9.70464473114926e-11	0.58079107111119	0.011	0.045	3.55199701804794e-06	CNEP1R1	c18
1.08631811476664e-21	0.580501157432561	0.056	0.147	3.97603293185739e-17	SRPK1	c18
2.2402851726136e-10	0.580360471287227	0.008	0.039	8.19966776028303e-06	MAP3K7CL	c18
2.51121431031602e-27	0.580144139794313	0.045	0.145	9.19129549718768e-23	SPG11	c18
4.67182221438642e-09	0.57993588529097	0.009	0.036	0.000170993364868757	TMEM129	c18
6.24995945527975e-33	0.579521798669999	0.037	0.147	2.28754766022694e-28	PLOD3	c18
1.16671883271541e-06	0.57922904547234	0.012	0.034	0.0427030759962167	MICAL2	c18
1.80995720757168e-25	0.579124880124753	0.037	0.128	6.62462437543312e-21	AIDA	c18
2.08200560118161e-34	0.578909828979257	0.066	0.2	7.62034870088482e-30	FNTA	c18
2.90483012490508e-22	0.578849915688754	0.073	0.176	1.06319687401651e-17	TNFRSF1B	c18
3.11617818656261e-16	0.57869253941883	0.024	0.081	1.14055237806378e-11	MSL1	c18
5.96992572828346e-13	0.577953170889719	0.018	0.061	2.18505251580903e-08	ZBTB33	c18
6.0842251216793e-10	0.577709392174728	0.008	0.037	2.22688723678584e-05	DENND1A	c18
5.74097922002732e-10	0.577602724115708	0.01	0.041	2.1012558043222e-05	ATRIP	c18
1.80299649972062e-31	0.576917646101821	0.037	0.143	6.59914748862744e-27	PTPRA	c18
3.75934242217779e-17	0.576780852246058	0.025	0.085	1.37595691994129e-12	MTOR	c18
4.38929132813625e-49	0.576780062256722	0.106	0.308	1.60652451901115e-44	SRSF2	c18
1.42832515388942e-17	0.576447764057911	0.022	0.082	5.22781289575068e-13	CDK9	c18
1.71423496258104e-11	0.575897580455517	0.009	0.043	6.27427138654286e-07	ANO10	c18
2.26589928725888e-13	0.57565323909258	0.024	0.072	8.29341798129624e-09	NIPSNAP1	c18
1.46467160702997e-07	0.575584529585603	0.003	0.022	0.00536084454889041	PTGR2	c18
2.94006473831798e-25	0.57541914038959	0.053	0.153	1.07609309487176e-20	DGKZ	c18
5.93057303916279e-25	0.57446266960036	0.031	0.117	2.17064903806397e-20	GOLGA3	c18
2.5167077292873e-38	0.574298489058366	0.068	0.214	9.21140195996446e-34	PPP1R15A	c18
3.22880170128837e-44	0.57416016261677	0.086	0.26	1.18177371068856e-39	GBP2	c18
2.27850845880365e-15	0.574127172860164	0.021	0.074	8.33956881006723e-11	OSBPL2	c18
5.36871169406444e-22	0.574051309210374	0.04	0.124	1.96500216714453e-17	CCNG1	c18
1.56960063716448e-35	0.574023474933491	0.069	0.208	5.74489529208572e-31	ZNF655	c18
1.15333590196266e-11	0.573605800776772	0.015	0.054	4.22132473477353e-07	AGO1	c18
2.13363853313646e-31	0.573430525368101	0.054	0.171	7.80933039513275e-27	OXLD1	c18
3.28622941431846e-37	0.571939102292617	0.178	0.399	1.2027928279347e-32	DOCK8	c18
9.52414149664902e-11	0.571905745484415	0.013	0.047	3.48593102918851e-06	TMEM184C	c18
1.17244947090054e-24	0.57171996921399	0.029	0.112	4.29128230844308e-20	PPP2R5A	c18
8.40524012338e-25	0.570734940596196	0.037	0.125	3.07640193755832e-20	MED27	c18
5.33895995139735e-14	0.570605273769738	0.043	0.103	1.95411273181095e-09	SNHG3	c18
1.92557931414277e-15	0.570087695287508	0.029	0.087	7.04781284769396e-11	KLHL28	c18
1.09907127219574e-16	0.569117126246245	0.01	0.059	4.02271076336361e-12	PGM3	c18
5.76243432829097e-16	0.568998224688274	0.018	0.071	2.10910858849778e-11	TEFM	c18
3.34102812669755e-16	0.568749777903441	0.017	0.069	1.22284970465257e-11	ATP13A3	c18
1.71652517223342e-24	0.568198873278768	0.039	0.128	6.28265378289154e-20	PIP4P1	c18
2.35271874749763e-11	0.567299280050114	0.009	0.043	8.61118588771606e-07	PPM1N	c18
3.4944801978629e-09	0.567130915820605	0.017	0.049	0.00012790146972198	C19orf48	c18
1.05262194753062e-09	0.567068127321085	0.013	0.045	3.85270159015684e-05	FRMD8	c18
6.00328945455673e-20	0.567059612456696	0.033	0.106	2.19726397326231e-15	B4GALT3	c18
9.43643253143396e-09	0.566872454119401	0.014	0.043	0.000345382867083014	CYB561D1	c18
4.43105607826599e-16	0.566251691716503	0.024	0.08	1.62181083520614e-11	NOM1	c18
1.77564458296021e-15	0.565398465069752	0.028	0.085	6.49903673809268e-11	EED	c18
1.24178088616412e-54	0.565084804621331	0.147	0.395	4.54504222144931e-50	ROCK1	c18
6.258986152017e-11	0.564982466142694	0.01	0.044	2.29085152149974e-06	CRADD	c18
1.27570834822691e-17	0.564956342293128	0.019	0.077	4.6692201253453e-13	CNOT9	c18
1.12310843190714e-17	0.56482301654658	0.036	0.104	4.11068917162331e-13	NAE1	c18
2.28256900915271e-07	0.564546165349352	0.008	0.03	0.00835443083039983	SHQ1	c18
8.21847073925717e-14	0.564410580953336	0.018	0.064	3.00804247527552e-09	ERCC4	c18
1.96386003064078e-38	0.564200555215456	0.052	0.187	7.1879240981483e-34	NSL1	c18
1.98926883331145e-46	0.5640117763575	0.075	0.246	7.28092285680323e-42	SMIM7	c18
1.04362253276579e-26	0.563689303416721	0.034	0.126	3.81976283217606e-22	STK25	c18
1.16281950507932e-11	0.56358327179841	0.009	0.044	4.25603567054082e-07	TMEM185B	c18
2.26712236554658e-31	0.563549319451059	0.052	0.168	8.29789457013705e-27	CBL	c18
5.88843600319077e-43	0.563406116523316	0.147	0.361	2.15522646152786e-38	TRAM1	c18
8.24026118134165e-37	0.563346737130487	0.05	0.179	3.01601799498286e-32	HDAC2	c18
3.87994831005597e-34	0.562850301108361	0.064	0.196	1.42009988096359e-29	INTS11	c18
1.00878877298679e-14	0.562739969578925	0.014	0.06	3.69226778800894e-10	PXMP4	c18
4.42394309518294e-25	0.562519837716683	0.016	0.091	1.61920741226791e-20	DCTN6	c18
1.10180021319087e-16	0.561979243657381	0.029	0.09	4.03269896029989e-12	SS18	c18
2.30442402988419e-41	0.561444738704508	0.101	0.277	8.43442239177911e-37	CCDC12	c18
4.06559913726568e-26	0.561438392057922	0.04	0.135	1.48804994023061e-21	DHX30	c18
5.64511529811227e-29	0.561418438097707	0.04	0.143	2.06616865026207e-24	TERF1	c18
3.7424894735474e-23	0.561081605689103	0.025	0.101	1.36978857221309e-18	ITPRID2	c18
2.02196720262512e-13	0.560850848066197	0.025	0.075	7.40060215832818e-09	SEC24C	c18
1.66787164477193e-09	0.560634233526863	0.013	0.044	6.10457700702974e-05	OTULIN	c18
5.90082952968939e-15	0.56046513146479	0.018	0.067	2.15976261616161e-10	MROH1	c18
1.85781238063131e-13	0.56041709234686	0.014	0.057	6.79977909434865e-09	MCCC1	c18
1.53971026903203e-16	0.559853800639549	0.024	0.081	5.63549355568413e-12	NOP2	c18
2.20893337570694e-08	0.559473629303644	0.037	0.077	0.000808491704842496	MEI1	c18
3.68591455919221e-09	0.559466604575529	0.009	0.037	0.000134908158780994	FAM168A	c18
1.20385883951429e-11	0.558947859136225	0.01	0.045	4.40624373850624e-07	SNAPC1	c18
2.09700155953611e-53	0.558416115390751	0.109	0.324	7.67523540805811e-49	TAOK3	c18
1.17318609409865e-21	0.558349489055373	0.025	0.097	4.29397842301046e-17	SRSF6	c18
6.3593612843547e-10	0.557671914827267	0.008	0.038	2.32758982368666e-05	TFDP1	c18
2.69356103448862e-20	0.557411098205526	0.028	0.098	9.85870274233178e-16	GLT8D1	c18
1.97147472719522e-08	0.557159596792802	0.008	0.034	0.000721579464900723	FGGY	c18
4.142934226593e-21	0.55653498361645	0.036	0.113	1.5163553562753e-16	CDK11B	c18
6.98095697269104e-10	0.55626992694834	0.016	0.049	2.55510006157465e-05	FANCF	c18
4.09047210359869e-23	0.556219267828687	0.031	0.112	1.49715369463816e-18	IP6K2	c18
5.76719987708688e-28	0.555581162852118	0.025	0.114	2.11085282701257e-23	KPNA6	c18
1.31371740854766e-16	0.555471182167186	0.013	0.064	4.8083370870253e-12	ZBTB7B	c18
3.9857444346967e-23	0.555422856911833	0.027	0.105	1.45882232054334e-18	WDR77	c18
4.56660941033831e-17	0.555291966561651	0.016	0.071	1.67142471027793e-12	TCAIM	c18
3.6785085329663e-24	0.555288554693651	0.025	0.105	1.346370908151e-19	ZDHHC7	c18
1.73164779635852e-26	0.555285820156077	0.039	0.133	6.33800409945181e-22	VAV1	c18
4.16407191443569e-16	0.555274803947938	0.028	0.087	1.52409196140261e-11	PSD4	c18
8.74316552829098e-44	0.555021904403131	0.074	0.238	3.20008601500978e-39	LARS	c18
2.31671541159962e-13	0.554658237105417	0.01	0.05	8.47941007799576e-09	KLHL12	c18
2.30736553876507e-22	0.554290622787124	0.025	0.099	8.44518860843403e-18	N4BP1	c18
5.9346112633075e-49	0.554028345454005	0.085	0.269	2.17212706848318e-44	GTF2I	c18
5.95442563375591e-14	0.554015138266367	0.01	0.052	2.179379326211e-09	RCOR1	c18
9.53903835049497e-14	0.55363935437789	0.128	0.229	3.49138342666466e-09	ARL4C	c18
1.69721753402225e-13	0.553552039279642	0.013	0.055	6.21198589627484e-09	ATP23	c18
1.70473657669328e-45	0.553171805876226	0.059	0.217	6.23950634435506e-41	ADPGK	c18
7.00303379508879e-19	0.552851936419905	0.022	0.084	2.56318039934045e-14	ANAPC7	c18
9.66570985459952e-26	0.552791447506726	0.037	0.129	3.53774646388197e-21	DDX56	c18
2.96959882460224e-20	0.552761939721133	0.036	0.111	1.08690286579267e-15	LIX1L	c18
2.05245437491117e-32	0.552617259322031	0.053	0.173	7.51218825761237e-28	NBN	c18
3.36199547486108e-24	0.552213458790497	0.026	0.106	1.2305239637539e-19	AAAS	c18
2.3799995879658e-29	0.552041260387405	0.034	0.133	8.71103649191361e-25	KIAA1143	c18
6.31617600562552e-21	0.551811588589851	0.037	0.116	2.311783579819e-16	OARD1	c18
5.59739332648305e-42	0.551788051489945	0.081	0.245	2.04870193142606e-37	SDAD1	c18
5.33837524098536e-26	0.551500610778576	0.042	0.138	1.95389872195305e-21	OAS2	c18
5.83918905106485e-46	0.551493849063017	0.111	0.308	2.13720158458025e-41	FAM49B	c18
8.26519449588792e-35	0.551077303602569	0.041	0.159	3.02514383743994e-30	DCUN1D5	c18
1.41681852209325e-17	0.550860935880302	0.022	0.081	5.18569747271349e-13	AHI1	c18
5.35319418928217e-10	0.549935856876378	0.016	0.051	1.95932260521917e-05	PPM1D	c18
1.91637470675585e-29	0.549830339313736	0.03	0.127	7.0141230641971e-25	TMEM107	c18
1.04135091609993e-21	0.549631919392149	0.014	0.08	3.81144848801737e-17	CASP7	c18
1.18328502639921e-24	0.549140371488208	0.057	0.159	4.33094152512376e-20	FAM111A	c18
4.1049304072033e-10	0.548776807218899	0.014	0.047	1.50244557834048e-05	NUDCD1	c18
9.46005591940516e-26	0.548736716476552	0.028	0.113	3.46247506706148e-21	MRPL45	c18
4.89025346886743e-44	0.548405032977472	0.111	0.302	1.78988167214017e-39	NONO	c18
7.32017596009305e-25	0.548308088650663	0.022	0.1	2.67925760315366e-20	MEGF9	c18
1.02763557347162e-18	0.54816904527149	0.023	0.086	3.76124896246347e-14	PREP	c18
1.31422637698562e-24	0.547922994181312	0.025	0.106	4.81019996240507e-20	ALKBH3	c18
3.17030345541751e-50	0.547623310106544	0.062	0.233	1.16036276771736e-45	FBXL5	c18
8.72164155391065e-14	0.547598082486771	0.014	0.057	3.19220802514684e-09	KHSRP	c18
2.61834912282938e-07	0.54749203834388	0.013	0.038	0.0095834196244678	MAGEH1	c18
2.71701434988252e-07	0.547474785302215	0.007	0.029	0.00994454422200503	ARHGEF11	c18
2.41941056486828e-20	0.547392685798838	0.024	0.092	8.85528460847439e-16	TACO1	c18
1.99186829582299e-11	0.547263621337298	0.012	0.048	7.29043714954174e-07	SAMD4B	c18
3.03794311970741e-30	0.546631789238239	0.062	0.181	1.11191756124411e-25	VMP1	c18
1.92623065505034e-13	0.546302229067772	0.016	0.061	7.05019682054976e-09	THAP5	c18
4.67523664530507e-19	0.545167312098687	0.03	0.099	1.71118336454811e-14	TMUB2	c18
1.17045073490077e-41	0.544918937006567	0.105	0.285	4.2839667348103e-37	VPS36	c18
8.02409240075791e-18	0.544531167227361	0.018	0.075	2.9368980596014e-13	MTRES1	c18
1.64603984173122e-07	0.543941100324535	0.01	0.034	0.00602467042472042	ARSK	c18
3.28464264408345e-07	0.543437404142341	0.011	0.035	0.0120221205416098	TCEANC2	c18
4.09592732252542e-19	0.543400275408019	0.024	0.089	1.49915035931753e-14	ZNF518A	c18
8.28490980957912e-43	0.543229576480156	0.088	0.26	3.03235983940405e-38	GPRIN3	c18
9.97175593864117e-09	0.543014163614445	0.007	0.032	0.000364976239110206	DARS2	c18
5.19036935108933e-15	0.542457910636012	0.031	0.088	1.8997270861922e-10	SMARCD1	c18
7.45447209645869e-21	0.541977284820983	0.025	0.096	2.72841133202484e-16	CASP6	c18
7.49505421738027e-08	0.541961917853738	0.008	0.032	0.00274326479410335	ATPSCKMT	c18
7.16691148037411e-25	0.541410912995125	0.066	0.173	2.62316127093173e-20	SHFL	c18
1.32011888628733e-07	0.541201837528656	0.008	0.03	0.00483176713570026	FASN	c18
2.34493482388051e-16	0.540506672784389	0.024	0.081	8.58269594888504e-12	THAP1	c18
1.31734844617804e-07	0.540478281401939	0.005	0.026	0.00482162704785624	SLC16A6	c18
1.87265041399275e-17	0.540036110472682	0.04	0.11	6.85408778025487e-13	STN1	c18
2.68762989974687e-35	0.539821644063769	0.042	0.161	9.83699419606353e-31	DYNC1LI1	c18
3.7432525104003e-08	0.539442990337474	0.008	0.033	0.00137006785133161	FAM200A	c18
1.54283796177044e-38	0.539428254853047	0.048	0.181	5.646941223876e-34	VOPP1	c18
7.2359166464573e-17	0.538908131345824	0.033	0.097	2.64841785176984e-12	BTG3	c18
9.44327870284495e-10	0.538853266037378	0.007	0.035	3.45633443802828e-05	PRKAB1	c18
1.70939294387082e-08	0.538455293990053	0.01	0.036	0.000625654911386158	PUDP	c18
4.64168496792408e-27	0.538214032159543	0.038	0.134	1.69890311510989e-22	STAT2	c18
2.12505601737189e-17	0.538143668052506	0.018	0.073	7.77791752918287e-13	GPAT4	c18
5.64389588667414e-14	0.538118420591698	0.01	0.052	2.0657223334816e-09	MTHFR	c18
4.80390313247284e-12	0.537930543872188	0.017	0.058	1.75827658551639e-07	SUGP1	c18
2.73124990403116e-37	0.537681055888529	0.077	0.226	9.99664777374445e-33	DDX39A	c18
1.61500358936332e-08	0.537624449817516	0.041	0.082	0.000591107463742871	SLF1	c18
6.67439958280592e-28	0.537583218902867	0.101	0.238	2.4428969913028e-23	TAF7	c18
4.8774684095673e-35	0.537450525661599	0.048	0.172	1.78520221258573e-30	SFT2D2	c18
3.46228768992386e-15	0.537342657709228	0.025	0.079	1.26723191738903e-10	GMEB1	c18
3.0964028835972e-12	0.536135630537834	0.01	0.047	1.13331441942541e-07	PGRMC2	c18
5.26100234392188e-22	0.53605965234513	0.037	0.118	1.92557946789885e-17	CHKB	c18
2.70990005031671e-11	0.535603560295287	0.011	0.046	9.91850517416421e-07	GEMIN5	c18
6.12156734391912e-28	0.535570654208356	0.031	0.125	2.24055486354784e-23	NMT1	c18
1.37449046730395e-38	0.535388404876676	0.058	0.198	5.03077255937919e-34	ATG12	c18
1.64751156348115e-51	0.535328005294662	0.053	0.221	6.03005707349736e-47	ARSA	c18
3.69944650718729e-45	0.535119465455608	0.071	0.237	1.35403441609562e-40	UFM1	c18
5.55022614196891e-50	0.535081175653942	0.101	0.301	2.03143827022204e-45	PPP1CC	c18
9.33535372570376e-42	0.535033864043725	0.07	0.226	3.41683281714483e-37	COPA	c18
2.65323138499082e-23	0.534998989883152	0.042	0.13	9.71109219220488e-19	YDJC	c18
3.14894544993499e-31	0.534718956711036	0.044	0.155	1.15254552413071e-26	EXOSC8	c18
1.75402613596318e-33	0.534537142209721	0.05	0.17	6.41991106023882e-29	COPS2	c18
5.16252195302727e-19	0.534509680965826	0.014	0.072	1.88953466002751e-14	RAB21	c18
8.38964874196854e-07	0.534073502068125	0.008	0.029	0.030706953360479	PPM1F	c18
1.20124263356454e-11	0.533160305660822	0.021	0.062	4.39666816310957e-07	TAF8	c18
1.14084875059646e-10	0.532757836385754	0.023	0.063	4.17562051205809e-06	BANP	c18
9.35248001357951e-24	0.531544485510288	0.036	0.121	3.42310120977024e-19	MARS	c18
4.53777881605178e-07	0.531443643155242	0.004	0.022	0.0166087242446311	FBXL6	c18
1.2476290260288e-19	0.530868806581676	0.03	0.1	4.56644699816802e-15	SLC25A26	c18
1.82000822674571e-07	0.530446345576999	0.009	0.032	0.00666141211071199	ZNF574	c18
4.00384498081513e-36	0.529629542469005	0.1	0.262	1.46544730142815e-31	DUSP1	c18
2.77362185239895e-27	0.529620587982702	0.049	0.152	1.01517333419654e-22	PTDSS1	c18
3.37375945089629e-15	0.529598306472614	0.021	0.073	1.23482969662255e-10	DDX60	c18
2.10657867347986e-43	0.528697032936909	0.068	0.227	7.71028860280362e-39	PIH1D1	c18
4.72577773812409e-11	0.528680950767936	0.006	0.037	1.7296819099308e-06	OCRL	c18
2.72858619233854e-24	0.528242339021521	0.031	0.115	9.9868983225783e-20	ELP6	c18
4.71317388300008e-13	0.52753886607344	0.011	0.051	1.72506877291686e-08	RUFY3	c18
1.21892191383123e-16	0.527457437737178	0.019	0.074	4.46137609681367e-12	MKNK2	c18
2.10161716108818e-33	0.527436452047858	0.036	0.147	7.69212897129885e-29	TXNDC11	c18
1.25226366878082e-15	0.527401031062672	0.345	0.606	4.58341025410469e-11	KLF6	c18
6.74851131234564e-26	0.52730853911312	0.023	0.105	2.47002262543163e-21	PIEZO1	c18
2.55407489732384e-12	0.527133232743739	0.007	0.041	9.34816953169499e-08	WWC2	c18
2.03893699942698e-41	0.527039052805008	0.07	0.226	7.4627133116027e-37	GLUD1	c18
2.52184811952411e-10	0.526936063408645	0.013	0.046	9.23021630227018e-06	SMIM8	c18
1.63466797486099e-19	0.526912083858338	0.036	0.109	5.98304825478873e-15	MTF2	c18
9.46446962825599e-13	0.526884751976784	0.013	0.053	3.46409052863798e-08	IFI44L	c18
7.10530911654495e-34	0.526852698763399	0.057	0.184	2.60061418974662e-29	BFAR	c18
7.52389516488182e-24	0.526789963191875	0.039	0.127	2.75382086929839e-19	CCDC130	c18
2.3643613548735e-12	0.526567966693988	0.017	0.058	8.6537989949725e-08	GCLM	c18
1.42891360746365e-28	0.526551087778663	0.041	0.143	5.22996669467772e-24	RABEP1	c18
2.31977753791906e-32	0.526238944083804	0.033	0.139	8.49061776653754e-28	CEP63	c18
2.05569813306514e-14	0.526131451924224	0.022	0.073	7.52406073683172e-10	ASMTL	c18
2.34676884921871e-11	0.525350174830372	0.016	0.054	8.58940866502539e-07	EEF2K	c18
7.41714634387029e-07	0.525121505688266	0.011	0.033	0.0271474973331997	KCNN4	c18
2.38447299564477e-08	0.525033706034942	0.008	0.033	0.000872740961135944	INO80B	c18
3.15709196061896e-19	0.524915720266671	0.015	0.074	1.15552722850615e-14	NOTCH1	c18
1.04071313367507e-09	0.524520425406356	0.006	0.033	3.80911414056412e-05	NLRX1	c18
7.50660635251101e-45	0.524173118687994	0.066	0.227	2.74749299108255e-40	SNX1	c18
3.82445732939578e-21	0.524116431705275	0.018	0.084	1.39978962713215e-16	RCN1	c18
6.64970915476917e-26	0.523926698874193	0.05	0.15	2.43386004773706e-21	NARF	c18
7.70042896598269e-22	0.523545054545782	0.022	0.092	2.81843400583933e-17	ZNF592	c18
2.59947178825431e-09	0.523144009506719	0.018	0.051	9.5143266921896e-05	ARHGAP19	c18
1.86600719521725e-26	0.522922914675882	0.214	0.418	6.82977293521464e-22	NOSIP	c18
4.20316111921926e-26	0.522709309090375	0.031	0.12	1.53839900124544e-21	PLCB2	c18
1.03578711182008e-14	0.52232433644665	0.02	0.07	3.79108440797268e-10	CERS5	c18
2.57531541378912e-32	0.522228170847955	0.04	0.15	9.42591194600954e-28	CS	c18
8.37709186014043e-09	0.522141279814151	0.008	0.034	0.000306609939173	SLC22A5	c18
5.22156282657795e-13	0.522085216804285	0.022	0.069	1.91114421015579e-08	SNRNP48	c18
6.75388637990666e-13	0.522033651545675	0.032	0.084	2.47198995390964e-08	GALM	c18
5.01370629979212e-11	0.521670498002248	0.009	0.042	1.83506664278691e-06	TGFBRAP1	c18
5.5055423917222e-23	0.521518143703316	0.021	0.093	2.01508357079424e-18	YIPF2	c18
4.60200247795768e-24	0.52127993677923	0.019	0.093	1.68437892695729e-19	EIF3B	c18
3.95276703764844e-22	0.521163984354111	0.326	0.613	1.44675226344971e-17	NCL	c18
1.08747912303702e-21	0.521045416658955	0.023	0.094	3.98028233822781e-17	SPTY2D1	c18
1.23518625070472e-11	0.52085186618211	0.018	0.058	4.52090519620436e-07	E2F3	c18
4.33724626121084e-09	0.520766187632062	0.007	0.033	0.000158747550406578	ACCS	c18
3.31316752462091e-33	0.520542647567824	0.032	0.139	1.2126524456865e-28	TRIM21	c18
5.8004442236048e-35	0.520529417080765	0.029	0.138	2.12302059028159e-30	SUMF1	c18
3.23037967309149e-24	0.52039012611597	0.107	0.238	1.18235126414822e-19	PIM1	c18
7.59091006209254e-16	0.520378218097886	0.015	0.065	2.77834899182649e-11	RETSAT	c18
1.46582915887227e-11	0.520080461566976	0.009	0.043	5.36508130438838e-07	PTPRM	c18
4.20137732596852e-07	0.519896732023932	0.007	0.028	0.0153774611507774	C17orf80	c18
8.57580348885922e-29	0.519709772408893	0.054	0.164	3.13882983495736e-24	PITPNB	c18
3.97694547813079e-44	0.519588938445336	0.075	0.24	1.45560181445065e-39	GRSF1	c18
9.55396923825348e-13	0.519324915104533	0.011	0.05	3.49684828089315e-08	FLCN	c18
3.34333845184154e-09	0.518303909186149	0.01	0.038	0.000122369530675852	PRDM4	c18
2.86374359794323e-50	0.518223632797503	0.09	0.282	1.0481587942832e-45	PPP2CA	c18
9.16410364781838e-26	0.517588265439965	0.025	0.108	3.354153576138e-21	UBE2Z	c18
1.32667778273439e-20	0.517532151393878	0.051	0.136	4.85577335258613e-16	PTPN22	c18
2.28633778676004e-07	0.517437568241946	0.006	0.027	0.00836822493332044	PPP1R3D	c18
6.63118294650467e-21	0.517361122657219	0.02	0.087	2.42707927025017e-16	GOLGA5	c18
7.18229493614509e-18	0.516551379408555	0.025	0.088	2.62879176957846e-13	ABCF2	c18
4.14845097006023e-24	0.51635799345422	0.027	0.106	1.51837453955174e-19	HMCES	c18
3.95450906351994e-09	0.516116503671183	0.014	0.044	0.000144738986233893	KBTBD4	c18
2.00139570338339e-22	0.515770070010497	0.027	0.103	7.32530841395353e-18	YIPF6	c18
2.33746216037154e-15	0.515588579564843	0.018	0.068	8.55534525317588e-11	ZMAT3	c18
1.70835651149204e-43	0.515449034506138	0.104	0.289	6.25275566771203e-39	RSBN1L	c18
8.5361699934524e-39	0.515320782037287	0.061	0.203	3.12432357930351e-34	PCMTD1	c18
3.46202896740494e-32	0.514909720301877	0.097	0.244	1.26713722235988e-27	BTN3A2	c18
3.97233822852383e-40	0.514655251852155	0.131	0.327	1.45391551502201e-35	OPTN	c18
1.19709467245418e-17	0.514480068805981	0.021	0.08	4.38148621064954e-13	POLG	c18
6.25412736110883e-32	0.514432422728988	0.033	0.137	2.28907315543944e-27	ACSL3	c18
2.96994306248234e-16	0.514297098030072	0.016	0.067	1.08702886029916e-11	ABHD10	c18
4.08335347654161e-18	0.514048013538589	0.712	0.877	1.49454820594899e-13	HLA-E	c18
2.43356161237172e-27	0.513966426745312	0.047	0.149	8.90707885744175e-23	PIGC	c18
1.09950210418905e-32	0.513825229021783	0.078	0.214	4.02428765154233e-28	PHF20	c18
9.47565888808815e-34	0.513543063113226	0.059	0.185	3.46818590962914e-29	CDC5L	c18
3.08641037234312e-217	0.513373505343166	0.982	0.992	1.12965706038131e-212	MT-CYB	c18
7.21565027183072e-28	0.512681369459707	0.043	0.145	2.64100015599276e-23	UBE2G1	c18
2.10987203517569e-33	0.512664802875815	0.048	0.167	7.72234263594653e-29	NAA50	c18
2.02894805467753e-40	0.51235739027059	0.1	0.272	7.42615277492521e-36	BRD2	c18
1.19420089042259e-18	0.511125160837452	0.019	0.08	4.37089467903573e-14	PGM2	c18
7.05374071481308e-21	0.511118281796429	0.025	0.096	2.58173963902874e-16	STT3A	c18
8.1991027492148e-51	0.510910295046144	0.071	0.251	3.00095359724011e-46	LIMS1	c18
5.29598905336732e-09	0.51054079687305	0.007	0.033	0.000193838495342297	SORD	c18
3.86023557530975e-20	0.50991490558951	0.026	0.095	1.41288482291912e-15	CHTF8	c18
1.12648517256668e-22	0.509382252836795	0.028	0.105	4.12304838011132e-18	VGLL4	c18
1.00132147282441e-18	0.509224976903003	0.021	0.082	3.66493672268462e-14	MTMR3	c18
7.45874234461835e-07	0.509089779909518	0.011	0.034	0.0272997428555376	INPP5B	c18
2.7469972635253e-28	0.509078931835696	0.026	0.116	1.0054284684229e-23	TCEA3	c18
8.25458328812389e-19	0.508438321279725	0.017	0.076	3.02126002928622e-14	MOGS	c18
6.57676972655897e-14	0.508213752397912	0.021	0.069	2.40716348761785e-09	MED16	c18
6.05144951629953e-19	0.507860393962284	0.025	0.09	2.21489103746079e-14	NR2C2AP	c18
1.87180042838166e-17	0.507708393092072	0.013	0.065	6.85097674791972e-13	TMEM254	c18
2.75461006755583e-13	0.507628628906868	0.01	0.05	1.00821483082611e-08	CYB5D2	c18
5.49240655265985e-34	0.507346068643542	0.127	0.302	2.01027572233903e-29	DNAJB1	c18
3.28180849822293e-49	0.507230393899225	0.204	0.483	1.20117472843458e-44	SRRM1	c18
5.66394047466394e-27	0.507131351007161	0.032	0.123	2.07305885313175e-22	PARP10	c18
2.13011127434425e-47	0.507121337314761	0.165	0.406	7.79642027522739e-43	EIF4A2	c18
1.74426521265394e-10	0.506643911364624	0.01	0.042	6.3841851048347e-06	RCC1L	c18
1.92163728269855e-19	0.506232021940165	0.019	0.082	7.03338461840495e-15	MBIP	c18
3.23035450899762e-14	0.505910539385116	0.013	0.058	1.18234205383822e-09	ARL13B	c18
7.38353999196594e-09	0.505884285361005	0.007	0.032	0.000270244947245945	NACC2	c18
5.17786989603646e-41	0.505330884764921	0.085	0.25	1.8951521606483e-36	TOX4	c18
4.15674784937936e-13	0.505292454789008	0.013	0.055	1.52141128035134e-08	ZNF589	c18
7.35171344626518e-29	0.505260457752602	0.026	0.118	2.69080063846752e-24	WBP4	c18
1.88912820540582e-53	0.505112283348338	0.085	0.282	6.91439814460584e-49	DCAF7	c18
3.43929497911718e-16	0.504718060350025	0.023	0.079	1.25881635530668e-11	COG2	c18
4.70099851384928e-07	0.504504036458871	0.013	0.037	0.0172061246605398	CASP2	c18
4.5990983541633e-51	0.504286791594346	0.086	0.278	1.68331598860731e-46	TMC6	c18
1.5492279870914e-19	0.503908424105108	0.026	0.093	5.67032935555323e-15	PRR14	c18
9.46934841285781e-48	0.503902683847152	0.078	0.255	3.46587621259009e-43	SPPL2A	c18
2.30438045680728e-08	0.503884311305442	0.003	0.024	0.000843426290996032	DAGLA	c18
7.0342246801357e-36	0.503875816561738	0.048	0.173	2.57459657517647e-31	UBN1	c18
7.12600973715388e-52	0.503104660274575	0.1	0.303	2.60819082389569e-47	SMAP1	c18
5.13881273290041e-19	0.503013964489802	0.019	0.081	1.88085684836888e-14	ZHX1	c18
1.80021627389012e-30	0.502911858910906	0.044	0.153	6.58897158406522e-26	IVD	c18
6.55597699559475e-25	0.502483767309834	0.028	0.111	2.39955314015763e-20	TXLNA	c18
1.19550813854944e-26	0.501998929242584	0.051	0.153	4.3756793379048e-22	AKIRIN1	c18
2.39446161857729e-47	0.501488327282619	0.062	0.225	8.76396897015473e-43	PDIA4	c18
3.27654019895361e-07	0.501419167582759	0.01	0.032	0.0119924647821901	RIC8B	c18
1.14676537972553e-24	0.501293193005482	0.034	0.121	4.19727596633343e-20	IGSF8	c18
3.23672017072083e-27	0.501161080980607	0.03	0.121	1.18467194968553e-22	XAB2	c18
1.03284685745509e-24	0.501144260972262	0.027	0.108	3.78032278297138e-20	RUFY1	c18
2.25788911465548e-07	0.501107343433609	0.008	0.03	0.00826409994855051	TMEM63B	c18
1.21611376860019e-19	0.5008743807783	0.028	0.097	4.45109800445357e-15	NPRL3	c18
6.11658618805738e-27	0.500779722399185	0.042	0.14	2.23873171069088e-22	DDX60L	c18
7.85962917059561e-08	0.500083341207818	0.011	0.036	0.0028767028727297	ASB6	c18
6.98625122956166e-37	0.500034048255364	0.043	0.167	2.55703781253186e-32	ETF1	c18
7.880880174282e-26	0.499763969676854	0.034	0.124	2.88448095258896e-21	PHKG2	c18
5.02550357223046e-08	0.4996847624703	0.006	0.029	0.00183938456247207	RAB11B-AS1	c18
2.09368631546559e-11	0.49947355304639	0.016	0.055	7.66310128323561e-07	IL18BP	c18
1.03778830268031e-06	0.499312252081066	0.008	0.029	0.037984089666402	FBXL17	c18
4.71861216465006e-60	0.498849355851477	0.097	0.319	1.72705923838357e-55	MTCH1	c18
1.22872655571882e-08	0.498590617018962	0.008	0.033	0.000449726206658645	RYBP	c18
2.02382267181697e-11	0.49855381991831	0.008	0.042	7.40739336111729e-07	FUZ	c18
2.38982400271991e-27	0.498337624645934	0.038	0.134	8.74699483235515e-23	AZIN1	c18
8.10378431864213e-18	0.498290008804803	0.012	0.065	2.96606609846621e-13	ACAD9	c18
6.43104249825279e-20	0.497769866515874	0.027	0.095	2.3538258647855e-15	ACTL6A	c18
8.6383340426953e-20	0.496739918151613	0.022	0.088	3.16171664296691e-15	SNAI3	c18
3.46068651523314e-15	0.496334990746845	0.025	0.079	1.26664587144048e-10	BRD8	c18
1.30688134942427e-13	0.495591469773131	0.019	0.065	4.78331642702777e-09	NELFA	c18
1.0736149463177e-18	0.495502262375539	0.022	0.085	3.9295380650174e-14	RREB1	c18
1.12832983071061e-32	0.495230364229196	0.044	0.158	4.1298000133839e-28	SMARCA4	c18
5.11008687163093e-12	0.493179054653334	0.008	0.043	1.87034289588564e-07	HPSE	c18
3.04408811954701e-12	0.493155310562844	0.011	0.049	1.1141666926354e-07	DIPK2A	c18
7.13162522154936e-15	0.492830358452089	0.021	0.072	2.61024614733928e-10	FOPNL	c18
1.46053019367982e-14	0.49262204212262	0.013	0.058	5.34568656188752e-10	PPP1R12C	c18
1.37910224814034e-21	0.492562220858145	0.028	0.103	5.04765213841845e-17	CXXC1	c18
6.70350822585953e-34	0.49249217189987	0.053	0.177	2.45355104574685e-29	NOP56	c18
3.52495649243058e-08	0.492387932823881	0.008	0.033	0.00129016932579452	CNOT6	c18
5.0684245095846e-42	0.492386328675492	0.048	0.19	1.85509405475306e-37	DEGS1	c18
1.24204816648111e-11	0.492231862897447	0.012	0.049	4.54602049413749e-07	NBPF12	c18
9.30562609405985e-11	0.491780425827273	0.02	0.058	3.40595220668685e-06	PRKD3	c18
2.42575940479484e-38	0.491779630197885	0.047	0.178	8.87852199748959e-34	ACO2	c18
1.40376436580272e-09	0.491596856416767	0.005	0.032	5.13791795527454e-05	OSGIN2	c18
7.21932283068839e-29	0.491331952336549	0.037	0.137	2.64234434926026e-24	UBE2E1	c18
2.45155145008084e-30	0.491276975465056	0.033	0.133	8.97292346244089e-26	TBC1D4	c18
2.32913394645145e-13	0.491237800712204	0.024	0.072	8.52486315740695e-09	ZNF267	c18
9.68384460090387e-54	0.491144035810252	0.115	0.334	3.54438396237683e-49	DIAPH1	c18
1.11080251219945e-16	0.491081515611631	0.014	0.066	4.06564827490121e-12	TRMT1L	c18
2.40725339162156e-08	0.491004620122686	0.007	0.031	0.000881078813867407	RYK	c18
1.8951330179647e-56	0.490631131570708	0.149	0.401	6.93637635905259e-52	OCIAD1	c18
4.42562291063801e-38	0.489619581010552	0.068	0.212	1.61982224152262e-33	RECQL	c18
7.262007896505e-18	0.489068750729938	0.013	0.067	2.6579675101998e-13	EMC1	c18
1.1649882168037e-46	0.489061305606463	0.23	0.523	4.26397337232323e-42	SF3B2	c18
8.55669722807379e-20	0.489051270046712	0.016	0.077	3.13183675244729e-15	AP1AR	c18
5.42600714232369e-09	0.488609017780168	0.004	0.027	0.00019859728741619	TLR5	c18
1.56115688032641e-07	0.488524321252233	0.007	0.029	0.0057139902976827	ZXDC	c18
1.50564267414192e-08	0.488501077662732	0.009	0.035	0.000551080275162684	FBXW4	c18
4.19088065670612e-11	0.488259929602277	0.014	0.051	1.53390422916101e-06	NBPF10	c18
2.43559324308447e-11	0.48744039410168	0.01	0.045	8.91451482901348e-07	DNAJC14	c18
1.01165977050298e-16	0.486891675407715	0.018	0.073	3.70277592601797e-12	R3HCC1L	c18
2.24211795421225e-13	0.486657238523021	0.032	0.085	8.20637592421226e-09	GIMAP6	c18
3.77041292377706e-18	0.486632654523998	0.045	0.119	1.38000883423164e-13	U2AF1L4	c18
5.69665524704977e-37	0.486595161060691	0.058	0.193	2.08503278697269e-32	CLN3	c18
4.89503928101211e-13	0.486022601702857	0.016	0.059	1.79163332724324e-08	MED24	c18
2.38050286728764e-54	0.485433554000613	0.176	0.446	8.7128785445595e-50	CSDE1	c18
1.39917980006409e-46	0.48525663094618	0.194	0.455	5.12113798621456e-42	HP1BP3	c18
3.57973679292976e-55	0.48448650247127	0.091	0.295	1.31021946358022e-50	APOL6	c18
2.7189794589776e-29	0.484412680799722	0.044	0.15	9.95173671780393e-25	OTUD6B-AS1	c18
3.25913086302431e-22	0.484056421483776	0.04	0.123	1.19287448717553e-17	GMPS	c18
4.48583765517113e-19	0.483890819448032	0.022	0.085	1.64186144016919e-14	CHM	c18
2.23522287744725e-34	0.483487264679501	0.038	0.153	8.18113925374468e-30	PPP2R3C	c18
6.57940589541311e-09	0.483364003258939	0.243	0.379	0.000240812835178015	GIMAP7	c18
1.61731955301543e-28	0.483353236741409	0.031	0.125	5.91955129599179e-24	ACLY	c18
5.77236513896507e-34	0.483038424949024	0.039	0.154	2.1127433645126e-29	VPS41	c18
5.73385099443712e-19	0.483007596897817	0.014	0.071	2.09864680247393e-14	EGLN1	c18
5.96148211658482e-44	0.482792196977911	0.082	0.251	2.18196206949121e-39	DAP3	c18
1.43665519214661e-34	0.482752316731938	0.036	0.149	5.25830166877581e-30	GANAB	c18
1.16389100323825e-18	0.482473254906222	0.025	0.089	4.25995746095231e-14	FN3KRP	c18
1.53292316712427e-08	0.482218268926001	0.012	0.04	0.000561065208399154	STX2	c18
7.91197000252303e-07	0.481826262137302	0.01	0.032	0.0289586014062345	DYRK1B	c18
8.72320065383752e-23	0.480736854847636	0.024	0.098	3.19277867131107e-18	ABCF3	c18
6.59773273167066e-11	0.480452652817279	0.01	0.043	2.41483615711878e-06	KATNB1	c18
9.41699115406334e-58	0.480393778513531	0.159	0.425	3.44671293229872e-53	ACAP2	c18
1.21955725079905e-22	0.48017646520913	0.023	0.096	4.46370149364959e-18	PACSIN2	c18
7.26826255169602e-12	0.480173189085876	0.015	0.054	2.66025677654626e-07	MYBBP1A	c18
5.26445438026423e-10	0.48014750744882	0.013	0.046	1.92684294772051e-05	C12orf4	c18
5.8020992373302e-56	0.479520200483469	0.066	0.254	2.12362634185522e-51	CTBS	c18
2.57395077015515e-30	0.479473863203553	0.026	0.122	9.42091721384488e-26	DDX41	c18
7.63997189373856e-08	0.478928561081184	0.008	0.031	0.00279630611282725	GKAP1	c18
1.67164088453018e-22	0.478917330589273	0.031	0.11	6.11837280146892e-18	PSME4	c18
2.94241579283311e-49	0.478475727438822	0.069	0.243	1.07695360433485e-44	DENR	c18
8.01801232547151e-29	0.478437979182583	0.068	0.188	2.93467269124583e-24	UPF3A	c18
3.49350272469989e-08	0.478358679769162	0.008	0.033	0.00127865693226741	GCC1	c18
7.67688823575898e-16	0.478124391668347	0.02	0.073	2.80981786317014e-11	ARFIP2	c18
1.50552516671489e-43	0.477866610803039	0.101	0.285	5.51037266269317e-39	CAPN2	c18
1.68780413692017e-15	0.477699426319278	0.016	0.066	6.17753192154151e-11	PPP4R1	c18
4.22268992389362e-29	0.475962360048442	0.031	0.128	1.5455467390443e-24	PML	c18
4.25496663946027e-19	0.475643483726919	0.017	0.077	1.55736033970885e-14	DHRS12	c18
5.60753703938893e-16	0.474343377383019	0.019	0.072	2.05241463178674e-11	HEATR6	c18
1.26746081652868e-30	0.474140096931011	0.045	0.154	4.63903333457664e-26	NT5C3A	c18
1.56105032683743e-19	0.473295072270079	0.024	0.089	5.71360030125768e-15	RIPK1	c18
3.46516608199668e-26	0.472409101037289	0.036	0.127	1.26828543767161e-21	DKC1	c18
9.99948919846435e-15	0.472293785577401	0.01	0.053	3.65991304152994e-10	TICAM1	c18
8.95655647624079e-10	0.471625625692496	0.008	0.037	3.27818923586889e-05	FASTKD5	c18
1.47575098420547e-22	0.471016063477344	0.025	0.101	5.40139617729043e-18	CWC22	c18
1.02702353969991e-56	0.470913137126835	0.165	0.434	3.75900885765564e-52	KTN1	c18
2.65285078298987e-23	0.470364759600741	0.013	0.082	9.70969915082123e-19	ROCK2	c18
9.64580385537541e-12	0.470296262926591	0.013	0.051	3.53046066910595e-07	PLEKHB1	c18
3.98866694837097e-38	0.470163661809669	0.064	0.206	1.45989198977326e-33	FXR1	c18
1.04728837762741e-25	0.469095168022464	0.028	0.113	3.83318019095408e-21	CEACAM21	c18
7.2751869239436e-11	0.468333799855265	0.012	0.046	2.6627911660326e-06	GRAMD1B	c18
1.12833899354805e-28	0.467957877105959	0.022	0.11	4.12983355028521e-24	LTV1	c18
6.42590910589094e-18	0.467655700504622	0.021	0.08	2.35194699184714e-13	MRRF	c18
7.82688806225033e-40	0.467406947198297	0.12	0.304	2.86471929966424e-35	MED10	c18
1.19813649967644e-41	0.467348963235395	0.047	0.186	4.38529940246574e-37	CMPK1	c18
8.60362879423646e-15	0.46683232658299	0.007	0.048	3.14901417497848e-10	PINK1	c18
1.64157911505938e-14	0.466796344412707	0.041	0.102	6.00834371902885e-10	PTGER2	c18
9.99013612211604e-60	0.466734616611585	0.138	0.39	3.65648972205569e-55	KIF5B	c18
1.11947062122289e-10	0.466636341991346	0.014	0.05	4.0973744207379e-06	PET117	c18
1.13131741471782e-47	0.466616747011434	0.133	0.349	4.14073486960868e-43	WSB1	c18
7.94062026520758e-19	0.466345499796986	0.016	0.075	2.90634642326863e-14	SLC35A1	c18
1.23962260319978e-13	0.465680524408373	0.021	0.068	4.53714268997151e-09	PNPT1	c18
2.18829682837391e-17	0.465351399470364	0.016	0.07	8.00938522153134e-13	SLC25A40	c18
1.13012238999149e-34	0.464901990758082	0.053	0.178	4.13636095960786e-30	TMX1	c18
4.54956668112491e-12	0.464864770524855	0.01	0.047	1.66518690095853e-07	USP40	c18
9.76196969472417e-61	0.464798634607819	0.154	0.422	3.57297852796599e-56	SPN	c18
2.05357110109369e-14	0.464583437126552	0.013	0.058	7.516275587113e-10	CAMTA2	c18
2.93294212797746e-50	0.464503558501269	0.061	0.232	1.07348614826103e-45	SEL1L	c18
2.00350352403939e-25	0.46401442949044	0.034	0.122	7.33302324833659e-21	EIF2B1	c18
1.10969751603872e-31	0.464005277413275	0.089	0.23	4.06160387845332e-27	VSIR	c18
6.30101303562974e-29	0.463625115087301	0.037	0.138	2.30623378117084e-24	INPP5K	c18
2.51868382845932e-36	0.463580315426974	0.038	0.157	9.21863468054396e-32	LARP1	c18
5.69724388989223e-13	0.463425356839224	0.01	0.048	2.08524823613945e-08	PAFAH2	c18
9.86084593144515e-24	0.463305886246119	0.029	0.109	3.60916821936824e-19	FAM98C	c18
1.65918393507289e-37	0.462798245467937	0.036	0.157	6.07277912076027e-33	BAG4	c18
2.93163901392338e-21	0.46262356978556	0.032	0.108	1.0730091954861e-16	N4BP2L1	c18
1.13331904303429e-09	0.462524839827985	0.148	0.238	4.1480610294098e-05	LBH	c18
3.66194555014847e-34	0.462123719592028	0.045	0.164	1.34030869080984e-29	MAT2A	c18
8.67166407021594e-10	0.461667425893652	0.016	0.05	3.17391576633974e-05	AEBP2	c18
3.35906328404407e-12	0.461178511792718	0.016	0.057	1.22945075259297e-07	ACTR8	c18
2.85381612618144e-10	0.460696731507769	0.012	0.045	1.04452524034367e-05	CAPRIN2	c18
1.82966402536353e-47	0.460485642159715	0.083	0.261	6.69675329923307e-43	SYNCRIP	c18
5.79162110243422e-09	0.460443028889785	0.011	0.039	0.000211979123970195	ZSCAN32	c18
3.86759426052368e-14	0.460321931738241	0.016	0.063	1.41557817529427e-09	BARD1	c18
2.34700169773774e-11	0.460113821211993	0.01	0.045	8.5902609138899e-07	ARFGAP1	c18
7.64669709610475e-15	0.460023302386653	0.01	0.054	2.7987676041453e-10	H1F0	c18
1.95047739141269e-35	0.459777991992853	0.044	0.166	7.1389423003096e-31	CHTOP	c18
9.01740229602785e-10	0.459251095644037	0.014	0.047	3.30045941436915e-05	PGAP2	c18
1.16669620172917e-10	0.459021049181779	0.01	0.042	4.27022476794893e-06	NOP9	c18
2.2585187503358e-64	0.45850414724366	0.092	0.319	8.26640447810406e-60	TOP1	c18
7.22566290259342e-42	0.458305637018964	0.232	0.511	2.64466487897822e-37	HNRNPA3	c18
8.60312600242819e-09	0.457519511583611	0.01	0.038	0.000314883014814874	SAP130	c18
2.09773946243614e-29	0.457494280842258	0.027	0.12	7.67793620646253e-25	DENND10	c18
3.42477020787053e-45	0.457138986073145	0.221	0.502	1.25350014378269e-40	CANX	c18
1.24610409689868e-15	0.456545139422059	0.016	0.066	4.56086560505885e-11	MAIP1	c18
8.42943061576834e-24	0.456438491153037	0.025	0.103	3.08525589967737e-19	CYHR1	c18
2.70415791235121e-33	0.456171812081025	0.056	0.179	9.89748837499665e-29	AP2B1	c18
1.51944707352671e-36	0.455955742382589	0.046	0.171	5.56132823381512e-32	RAB8B	c18
2.06498237519658e-18	0.455685091622288	0.025	0.088	7.55804199145699e-14	LEO1	c18
2.86332652559046e-28	0.454951834089824	0.034	0.131	1.04800614163136e-23	C5orf51	c18
1.14244831140844e-37	0.454795764914606	0.046	0.174	4.18147506458604e-33	PTPN11	c18
3.61978608852958e-19	0.453909308495199	0.021	0.083	1.32487790626271e-14	NDRG3	c18
8.22049067824279e-14	0.453841154552062	0.012	0.055	3.00878179314364e-09	LXN	c18
1.06448564005207e-14	0.453830223767082	0.013	0.059	3.8961238911546e-10	INPP5F	c18
4.15426694665289e-17	0.453078894612686	0.024	0.083	1.52050324514443e-12	CEP290	c18
1.71814225578828e-55	0.453073517353671	0.2	0.495	6.28857247041068e-51	SELPLG	c18
1.25809521882317e-26	0.45283141291442	0.044	0.142	4.60475431041469e-22	UCHL5	c18
1.02320778816059e-10	0.452777388769233	0.008	0.04	3.74504282544657e-06	MPV17L2	c18
1.23449778685459e-21	0.452730409995705	0.024	0.095	4.51838534966649e-17	TANGO2	c18
1.86913891344589e-41	0.452445281053309	0.059	0.207	6.8412353371033e-37	STAT6	c18
2.05690061675093e-29	0.452413347007731	0.02	0.109	7.52846194737007e-25	SLC17A5	c18
1.15527573341619e-11	0.452045182102346	0.005	0.037	4.22842471187659e-07	DCLRE1B	c18
8.81915299308544e-24	0.451975395882302	0.021	0.096	3.2278981869992e-19	VAC14	c18
3.74071063273715e-12	0.451941505403988	0.015	0.055	1.36913749868812e-07	TRIM41	c18
2.17945495625553e-08	0.451250928586925	0.006	0.03	0.000797702308539086	AC240274.1	c18
7.3415846382766e-11	0.450558189957821	0.007	0.038	2.68709339345562e-06	ZDHHC2	c18
7.31732809605148e-37	0.450418586856546	0.043	0.167	2.6782152564358e-32	RAD23B	c18
6.95031808108028e-23	0.449889195329233	0.017	0.087	2.54388592085619e-18	ZBED5-AS1	c18
2.50794253387466e-52	0.449823509829296	0.085	0.278	9.17932046823465e-48	ORMDL1	c18
3.04238061158351e-24	0.449467792356256	0.028	0.11	1.11354172764568e-19	AARSD1	c18
4.43827828663105e-08	0.449303581211015	0.057	0.103	0.00162445423568983	PTPN7	c18
2.74262007697231e-11	0.449252276615766	0.011	0.046	1.00382637437264e-06	ZC3HC1	c18
5.67912789319861e-29	0.448505872194892	0.041	0.144	2.07861760018962e-24	GNL1	c18
1.61460167302498e-16	0.44833983323623	0.146	0.267	5.90960358343874e-12	STK17A	c18
1.17612267084783e-52	0.447564377948052	0.057	0.231	4.30472658757015e-48	NUDT5	c18
3.08915509634121e-34	0.447107135489271	0.042	0.158	1.13066165681185e-29	RING1	c18
1.11086434305355e-36	0.446598248346061	0.072	0.217	4.06587458201032e-32	GOLGA7	c18
1.61540892369442e-07	0.446521179641299	0.003	0.022	0.00591255820161396	SLC6A12	c18
3.19599421731973e-17	0.445942661382746	0.036	0.103	1.16976584348119e-12	DUSP12	c18
2.81579230930755e-07	0.445770956627846	0.009	0.031	0.0103060814312966	ZNF260	c18
1.871169981929e-14	0.445524942693521	0.019	0.067	6.84866925085834e-10	CCDC18	c18
3.77113431937305e-09	0.44512183634804	0.021	0.056	0.000138027287223373	SNHG9	c18
1.1796947234457e-55	0.445114563340368	0.083	0.284	4.31780065728361e-51	KCNAB2	c18
6.78127325893956e-13	0.444935446750429	0.01	0.049	2.48201382550447e-08	PPFIBP2	c18
3.37213783844934e-23	0.444486945651001	0.024	0.099	1.23423617025084e-18	PPIL3	c18
1.00370474819168e-36	0.444442818830395	0.048	0.175	3.67365974885635e-32	STARD7	c18
1.10192791574236e-41	0.444308751964853	0.087	0.254	4.03316636440861e-37	PNRC2	c18
1.13852410813741e-39	0.443790311950555	0.044	0.176	4.16711208819375e-35	VPS26A	c18
4.12429545735388e-29	0.443470093694602	0.069	0.19	1.5095333803461e-24	R3HDM4	c18
1.62610036485004e-27	0.443337852727094	0.037	0.134	5.95168994538763e-23	PRPF38A	c18
6.32572680137083e-56	0.442464146922412	0.095	0.305	2.31527926656974e-51	ICAM2	c18
7.747473895603e-13	0.442353676540789	0.017	0.06	2.83565292052965e-08	C16orf87	c18
9.61297508611154e-19	0.441888419713233	0.01	0.063	3.51844501126768e-14	ARSB	c18
3.64130297905382e-48	0.441798215530913	0.234	0.539	1.33275330336349e-43	MORF4L1	c18
1.52289733730376e-50	0.440640198139787	0.152	0.39	5.5739565442655e-46	THRAP3	c18
1.17188334994947e-42	0.440543430831978	0.258	0.562	4.28921024915006e-38	CAST	c18
3.59038582883357e-31	0.440123361278522	0.042	0.151	1.31411711721137e-26	OGDH	c18
2.21235365391735e-60	0.440037955614581	0.094	0.313	8.0974356087029e-56	SH3BP5	c18
3.49043272512111e-45	0.43995045481498	0.047	0.195	1.27753328172158e-40	TXNRD1	c18
3.09338160770568e-40	0.439389357687948	0.085	0.247	1.13220860223636e-35	PARP14	c18
6.48630535589803e-16	0.43936513685925	0.016	0.066	2.37405262331224e-11	ARHGAP27	c18
2.77544409088194e-18	0.439052702091245	0.01	0.063	1.0158402917037e-13	NEIL2	c18
8.68923932375728e-20	0.438537867836497	0.017	0.079	3.1803484848884e-15	SHLD1	c18
4.53386556741106e-23	0.438506371730196	0.035	0.118	1.65944013632812e-18	VRK3	c18
1.61597413757059e-37	0.438284133829102	0.278	0.587	5.91462694092211e-33	HCLS1	c18
2.98350951316746e-41	0.43776124471826	0.05	0.19	1.09199431691442e-36	DYNLT3	c18
1.33995343844528e-26	0.437574318654489	0.303	0.581	4.90436358005358e-22	MYH9	c18
6.44967499311436e-12	0.43731516037913	0.166	0.276	2.36064554422979e-07	SEPTIN1	c18
3.25222309089613e-23	0.436455290355792	0.016	0.086	1.19034617349889e-18	TMEM140	c18
3.36597149918639e-07	0.436112733153924	0.008	0.029	0.0123197922841721	ZDHHC18	c18
5.22527897006194e-30	0.436061369385597	0.05	0.16	1.91250435583237e-25	RBM22	c18
8.81233101304129e-49	0.436008076366809	0.215	0.502	3.22540127408324e-44	HNRNPK	c18
4.85443024335494e-33	0.435582033303884	0.026	0.128	1.77677001337034e-28	GNAQ	c18
4.43531450853428e-07	0.435223484518648	0.007	0.028	0.0162336946326863	TCEA2	c18
1.64351058217452e-11	0.435137542593325	0.009	0.043	6.01541308181696e-07	GLCE	c18
1.67036149802279e-28	0.434903718769238	0.039	0.139	6.11369011891323e-24	CYB5B	c18
1.28663824754449e-37	0.434903124321725	0.045	0.172	4.70922464983758e-33	SLC6A6	c18
1.3359458479555e-14	0.434864032603978	0.011	0.056	4.88969539810191e-10	TSC22D1	c18
1.80170991142912e-50	0.434744722653116	0.092	0.285	6.59443844682174e-46	KHDRBS1	c18
6.3592597547954e-10	0.433577120049497	0.008	0.037	2.32755266285266e-05	PEX6	c18
6.4590588627336e-17	0.433370280076932	0.019	0.075	2.36408013434912e-12	DDX59	c18
4.8024899856195e-11	0.433313175072197	0.017	0.055	1.75775935963659e-06	TRPS1	c18
2.18499447677106e-60	0.43328849533573	0.128	0.374	7.99729828442975e-56	GLIPR1	c18
5.89565527553283e-27	0.433223100718236	0.031	0.122	2.15786878739777e-22	NOL12	c18
2.13710709961342e-31	0.432602907331063	0.034	0.139	7.8220256952951e-27	AP2A1	c18
1.22269570952029e-12	0.432442494156079	0.011	0.05	4.4751885664152e-08	SLC35E1	c18
2.27373043047233e-19	0.432156751129377	0.022	0.087	8.32208074857177e-15	RMC1	c18
2.69116256904459e-55	0.431914155413467	0.149	0.398	9.84992411896009e-51	DDX46	c18
5.12369692197362e-16	0.431491186847943	0.014	0.065	1.87532431041156e-11	ETV6	c18
2.98549653197935e-62	0.431356763326978	0.13	0.383	1.09272158566976e-57	M6PR	c18
3.92578387183573e-59	0.431248741216871	0.12	0.356	1.43687615493059e-54	UBE2B	c18
1.03828040379453e-20	0.431079100621604	0.013	0.075	3.80021010592834e-16	GCNT1	c18
2.74630159225615e-45	0.430848274018007	0.06	0.216	1.00517384578167e-40	SLU7	c18
1.25799409758586e-32	0.430748560307462	0.031	0.136	4.604384196574e-28	EIF2B3	c18
3.04800339583668e-28	0.430380733757985	0.051	0.157	1.11559972291018e-23	SNHG12	c18
1.36736318234698e-21	0.430372941151236	0.018	0.085	5.00468598370819e-17	CLN8	c18
5.0611181016318e-43	0.429935311956707	0.064	0.219	1.85241983637826e-38	ARRDC1	c18
1.80628794526695e-43	0.429821459535728	0.074	0.236	6.61119450847155e-39	IRF2	c18
8.74054824871801e-15	0.429483053511825	0.52	0.474	3.19912806451328e-10	LTB	c18
1.26915524796142e-44	0.429311507833228	0.108	0.298	4.64523512306361e-40	MYO1G	c18
6.87744864099345e-16	0.428763963647333	0.018	0.069	2.51721497709001e-11	EIF1AD	c18
8.83009640957464e-36	0.428573133422732	0.266	0.553	3.23190358686842e-31	HNRNPDL	c18
2.54481522126068e-56	0.428516519369281	0.114	0.338	9.31427819133622e-52	IK	c18
4.42804984170786e-15	0.428451742168087	0.012	0.058	1.62071052256349e-10	DUS1L	c18
7.61348454856918e-14	0.428255257480791	0.007	0.046	2.78661147962181e-09	UBXN8	c18
4.10962074409085e-20	0.427880551210103	0.021	0.086	1.50416228854469e-15	BAK1	c18
9.2275802841166e-09	0.4277199884511	0.005	0.03	0.000337738665978952	BAHD1	c18
6.39922177269836e-17	0.427717894111225	0.025	0.085	2.34217916102533e-12	EIF2D	c18
4.55309659653196e-11	0.427710052628089	0.01	0.044	1.66647888529666e-06	BRF2	c18
6.41331421899706e-44	0.427704336124293	0.045	0.188	2.34733713729511e-39	USO1	c18
8.72777558891465e-16	0.427415936772276	0.015	0.065	3.19445314329865e-11	TVP23B	c18
4.30562009179981e-17	0.427345666282807	0.022	0.08	1.57590000979965e-12	RFX5	c18
7.59594334708521e-12	0.427237957130757	0.011	0.048	2.78019122446666e-07	OPA3	c18
1.01311601929558e-32	0.427116332109375	0.033	0.14	3.70810594222374e-28	MRPL2	c18
6.375242085457e-23	0.427115332864137	0.036	0.119	2.33340235569812e-18	TBC1D10A	c18
1.21789667035387e-11	0.426873752026531	0.011	0.048	4.45762360316222e-07	COQ8B	c18
1.21774216149493e-52	0.42684387385691	0.082	0.273	4.45705808528758e-48	VPS4B	c18
2.16211994149971e-63	0.426651066163101	0.175	0.47	7.9135751978831e-59	DPP7	c18
2.59542485492551e-39	0.425854975447895	0.037	0.164	9.49951451151286e-35	TMEM33	c18
1.01658236716406e-08	0.425817468016372	0.008	0.035	0.000372079312205719	HNRNPA1P48	c18
4.26858812568786e-58	0.425422085805267	0.116	0.347	1.56234593988301e-53	BZW1	c18
9.79661552407521e-52	0.425357782463027	0.086	0.278	3.58565924796677e-47	TMCO1	c18
3.66744176545048e-29	0.425188372260023	0.06	0.175	1.34232036057253e-24	ATP6V0E2	c18
4.65181084542804e-07	0.425000001906303	0.008	0.03	0.0170260928753512	WDR92	c18
7.23535476584599e-47	0.424824198280739	0.057	0.216	2.64821219784729e-42	RPAIN	c18
1.22273349187035e-27	0.424563383753362	0.027	0.117	4.47532685359465e-23	DDX49	c18
3.68022313126183e-09	0.424541957452174	0.011	0.041	0.000134699846827314	MIS12	c18
2.77803458713886e-43	0.424214152603247	0.074	0.236	1.01678843923869e-38	RNASEH2B	c18
5.21035720942144e-08	0.42420837815496	0.013	0.039	0.00190704284222034	RPGR	c18
5.40814922130869e-27	0.422571749767668	0.035	0.128	1.9794366964912e-22	ARHGAP17	c18
2.1453865000611e-13	0.422088187568493	0.009	0.048	7.85232912887364e-09	SGPP1	c18
9.44629443253283e-56	0.421911743944236	0.185	0.466	3.45743822525134e-51	ACTR2	c18
7.85199609996445e-11	0.421850509606206	0.013	0.047	2.87390909254799e-06	ZC3H3	c18
1.169827220749e-55	0.421844165990746	0.117	0.343	4.28168461066342e-51	DDX18	c18
3.29906819794658e-25	0.421506026803233	0.045	0.14	1.20749195113043e-20	RASSF7	c18
1.72691838517518e-10	0.421402813444461	0.409	0.669	6.32069398157968e-06	IL2RG	c18
2.46941469585596e-36	0.420941801151707	0.049	0.176	9.03830472830239e-32	SPOP	c18
4.7516758516516e-22	0.420735003694402	0.017	0.085	1.739160878463e-17	ABRAXAS2	c18
4.62282647195286e-34	0.420420071241372	0.051	0.173	1.69200071699947e-29	ARCN1	c18
1.8161133737403e-13	0.420088810151899	0.013	0.056	6.64715655922687e-09	BUD13	c18
4.74796811558969e-10	0.419931684589983	0.014	0.048	1.73780380998698e-05	ZNF836	c18
1.08303937530224e-25	0.419735840920921	0.027	0.112	3.96403241754374e-21	SCYL1	c18
2.20042169665763e-27	0.419093145539387	0.029	0.119	8.05376345193658e-23	TM9SF3	c18
1.56549186464828e-12	0.419075036603522	0.011	0.049	5.72985677379917e-08	NCOA5	c18
9.85843616493665e-31	0.418655026208743	0.042	0.15	3.60828622072846e-26	SIRT7	c18
3.05746796037654e-13	0.418553876569361	0.142	0.246	1.11906384817742e-08	ANXA6	c18
3.86031672159756e-17	0.418277799352308	0.022	0.081	1.41291452327192e-12	INTS12	c18
6.77169266944134e-19	0.418276924160415	0.016	0.075	2.47850723394222e-14	UMPS	c18
5.10271847317105e-26	0.418174575377777	0.021	0.101	1.86764598836533e-21	GMPPB	c18
2.76185954415324e-12	0.417925623423893	0.012	0.05	1.01086821175553e-07	VIPAS39	c18
3.26690309615167e-31	0.417886255248164	0.035	0.139	1.19571920222247e-26	SNRNP35	c18
9.17683904681856e-13	0.417572437897828	0.016	0.059	3.35881485952606e-08	KLHL7	c18
1.28634721035299e-18	0.417088313519898	0.024	0.087	4.70815942461298e-14	CGRRF1	c18
2.47223476422244e-53	0.417043447366339	0.074	0.263	9.04862646053054e-49	SHKBP1	c18
6.64544758527712e-07	0.416986129218799	0.005	0.025	0.0243230027068728	ZSCAN2	c18
1.39217047623519e-28	0.416970907769114	0.035	0.133	5.09548316006843e-24	PSME3	c18
8.90690419134635e-07	0.416907055786818	0.004	0.022	0.0326001600307468	LINC02802	c18
6.25336935590712e-56	0.416900020691508	0.064	0.25	2.28879571795557e-51	LRP10	c18
5.20100734613869e-18	0.416327132551606	0.017	0.074	1.90362069876022e-13	CSNK1G2	c18
2.42967313562894e-58	0.415649734321151	0.088	0.298	8.89284664371547e-54	MVP	c18
9.33296788299054e-24	0.415011353879289	0.04	0.128	3.41595957485337e-19	ARFRP1	c18
4.4253013394862e-36	0.414743451913944	0.054	0.185	1.61970454326534e-31	FYTTD1	c18
1.35762659333264e-18	0.414102046707947	0.013	0.069	4.96904909425679e-14	SNTB1	c18
4.78660421970714e-26	0.413629297397809	0.029	0.116	1.75194501045501e-21	ASPSCR1	c18
1.61919435630817e-22	0.41325739076097	0.022	0.094	5.92641326352352e-18	IFIH1	c18
2.96599839816171e-22	0.412973425271866	0.02	0.09	1.08558507371117e-17	TMEM115	c18
1.27995110641145e-28	0.412642972774997	0.026	0.117	4.68474904457656e-24	HSD17B12	c18
9.50116967004842e-45	0.412632229721753	0.053	0.204	3.47752311093442e-40	DNPEP	c18
4.32029029908143e-51	0.412585309254634	0.059	0.229	1.58126945236679e-46	POP5	c18
9.03667894298319e-54	0.412349954730932	0.132	0.362	3.30751485992128e-49	SYF2	c18
6.77496552824261e-30	0.412295393648482	0.049	0.159	2.47970513299208e-25	RAP2B	c18
3.83009917183756e-32	0.412090576970561	0.025	0.125	1.40185459788426e-27	NAGPA	c18
7.57322726472209e-09	0.41201061512986	0.007	0.032	0.000277187691116093	AMACR	c18
9.41838616999047e-20	0.41188752741747	0.019	0.083	3.44722352207821e-15	SYNC	c18
3.02505183297989e-07	0.4116454937835	0.002	0.02	0.0110719922138897	COQ3	c18
7.47834488582407e-12	0.411545341321839	0.018	0.059	2.73714901166047e-07	HEXD	c18
5.67948324255203e-32	0.411487679284217	0.303	0.611	2.07874766160647e-27	CIRBP	c18
2.02866417096411e-51	0.410152101887694	0.108	0.315	7.42511373214574e-47	SLTM	c18
2.46463037717606e-26	0.410085944010125	0.027	0.112	9.0207936435021e-22	VRK2	c18
1.06509103253496e-30	0.409527920523155	0.039	0.145	3.89833968818119e-26	COA1	c18
8.89095641305446e-28	0.409091425546326	0.026	0.115	3.25417895674206e-23	NBPF1	c18
7.53477308146245e-23	0.409031406790208	0.026	0.102	2.75780229554607e-18	WRAP73	c18
2.37453397910262e-12	0.408292001019231	0.01	0.048	8.6910318169135e-08	AC020915.2	c18
2.41137591842253e-33	0.40825076475545	0.059	0.185	8.82587699901832e-29	TANK	c18
7.60876347329377e-35	0.407868288325656	0.043	0.163	2.78488351886025e-30	VPS4A	c18
9.04872522441614e-18	0.407846691685044	0.015	0.07	3.31192391938855e-13	PTPN23	c18
9.55244230320157e-24	0.407246387417728	0.021	0.095	3.49628940739481e-19	SLC12A9	c18
4.96843713678236e-10	0.406848342881301	0.008	0.037	1.81849767643371e-05	MON1A	c18
3.73069599492546e-41	0.405954889673894	0.058	0.204	1.36547204110267e-36	HSPA4	c18
2.7826707476323e-40	0.405755827754767	0.087	0.25	1.0184853203409e-35	MIER1	c18
8.71144790648207e-28	0.405543048307462	0.027	0.117	3.1884770482515e-23	NKAPD1	c18
1.53663807055797e-08	0.405243142919841	0.014	0.043	0.000562424900204923	DCAF15	c18
5.08250382273857e-65	0.4051490076846	0.095	0.326	1.86024722416054e-60	BNIP2	c18
7.94756589002278e-18	0.404989691499094	0.022	0.082	2.90888859140724e-13	C18orf21	c18
1.75321749072877e-20	0.404824134853606	0.024	0.093	6.41695133781636e-16	YAF2	c18
3.5966107518115e-40	0.404658059640899	0.054	0.195	1.31639550127053e-35	UBE2J1	c18
2.33253942734174e-34	0.4043932428363	0.036	0.148	8.53732755801351e-30	PABPN1	c18
2.84500636870097e-41	0.404134036989064	0.061	0.209	1.04130078100824e-36	SMC1A	c18
2.35810283720724e-48	0.404120285552888	0.091	0.278	8.63089219446223e-44	HNRNPH3	c18
1.22107329817063e-25	0.403542448644486	0.025	0.108	4.46925037863433e-21	SPRYD3	c18
1.83266512689281e-16	0.40324037660091	0.026	0.085	6.70773763094036e-12	ANKIB1	c18
6.16777200816056e-29	0.402849681989684	0.041	0.144	2.25746623270685e-24	PKN1	c18
1.4882748861799e-65	0.402824339648216	0.132	0.392	5.44723491090704e-61	HSPD1	c18
1.63123836131667e-36	0.402788698541438	0.03	0.144	5.97049552625516e-32	MRPS22	c18
5.21161232127582e-27	0.402534035450543	0.046	0.147	1.90750222571016e-22	ILKAP	c18
2.5423113734303e-26	0.402233422403877	0.034	0.125	9.30511385789225e-22	ZDHHC20	c18
9.00238345703499e-12	0.401799060020403	0.016	0.055	3.29496236910938e-07	IMMP1L	c18
3.51092499918142e-15	0.401646051433671	0.172	0.304	1.28503365895039e-10	LAT	c18
1.80463747051505e-13	0.401479643228971	0.01	0.05	6.60515360583213e-09	RNF185	c18
1.37496450465172e-13	0.401309909245513	0.013	0.055	5.03250758347575e-09	EDC4	c18
5.36203853038471e-44	0.400849063342736	0.056	0.207	1.96255972250611e-39	SHOC2	c18
7.99516949892738e-34	0.400356793166729	0.029	0.136	2.92631198830241e-29	PARP12	c18
1.18991311167373e-43	0.399857904941834	0.066	0.224	4.35520098003701e-39	ARL5A	c18
3.42996115111492e-07	0.39975979287769	0.021	0.048	0.0125540008091957	PRR5	c18
9.33531644143709e-45	0.399754367001469	0.211	0.476	3.41681917073039e-40	JUN	c18
4.28475402868967e-48	0.399706486048059	0.067	0.237	1.56826282204071e-43	EIF4G1	c18
2.31876316158929e-11	0.399648552912145	0.007	0.039	8.48690504773295e-07	NCKIPSD	c18
2.08795937491475e-128	0.398961037388571	0.901	0.94	7.64214010812546e-124	MT-ND3	c18
8.84817393214603e-21	0.398149942230855	0.023	0.092	3.23852014090477e-16	LNPK	c18
3.16364121320889e-45	0.39809684326548	0.053	0.205	1.15792432044659e-40	CFAP298	c18
6.45055474267034e-09	0.398039308387375	0.005	0.03	0.000236096754136477	SNN	c18
9.03899050590562e-61	0.398014277245301	0.15	0.417	3.30836091506651e-56	AQP3	c18
4.64477344628845e-46	0.397409193222875	0.071	0.238	1.70003352907604e-41	SF3A1	c18
1.2323617022006e-15	0.397083543734127	0.018	0.069	4.51056706622442e-11	CPSF1	c18
5.65972848082002e-11	0.397057491257078	0.013	0.049	2.07151722126494e-06	ZNF639	c18
1.62162905838892e-08	0.396894209895894	0.01	0.036	0.000593532451660928	TTLL3	c18
4.99461788018309e-36	0.39654651392934	0.043	0.165	1.82808009032581e-31	SLC4A1AP	c18
8.34046938806336e-25	0.396394299993378	0.025	0.105	3.05269520072507e-20	ACBD5	c18
1.25577192053973e-12	0.396181416617539	0.016	0.057	4.59625080636747e-08	CBX6	c18
8.37025519878103e-14	0.396111935581292	0.014	0.058	3.06359710530585e-09	OTUD5	c18
1.19253445755574e-06	0.39579546425911	0.025	0.053	0.0436479536809976	GPR171	c18
6.45442943869284e-21	0.395637486634843	0.027	0.098	2.36238571885597e-16	CERS2	c18
4.56867960727495e-63	0.394995694723066	0.111	0.35	1.6721824230587e-58	CCT4	c18
2.83458260726936e-35	0.394887131252197	0.042	0.162	1.03748558008666e-30	TRMT10C	c18
6.03371040265983e-22	0.394854523337436	0.026	0.1	2.20839834447752e-17	RAD51C	c18
2.41743969224975e-07	0.394735140293179	0.005	0.026	0.0088480710176033	PSTK	c18
4.0521285059636e-22	0.394521183231408	0.025	0.098	1.48311955446774e-17	ANKRD28	c18
1.23203184802647e-55	0.394418325971488	0.085	0.285	4.5093597669617e-51	CLTC	c18
3.02252622034251e-10	0.394317709921656	0.024	0.062	1.10627482190756e-05	SLC20A1	c18
7.45690028322907e-08	0.394299784571365	0.005	0.026	0.00272930007266467	AL445524.1	c18
1.17285418236695e-19	0.394298996743824	0.018	0.079	4.29276359288126e-15	NUP93	c18
4.22886162950929e-34	0.394243333994244	0.05	0.171	1.5478056450167e-29	KRR1	c18
1.60071755942728e-26	0.394189979409938	0.015	0.093	5.85878633925979e-22	PPARD	c18
3.2849866506413e-17	0.393715112433525	0.012	0.064	1.20233796400122e-12	FPGT	c18
1.50177879776427e-13	0.393428041238491	0.005	0.041	5.49666057769701e-09	DYNC2LI1	c18
5.35772573220485e-28	0.393008325892716	0.036	0.133	1.9609811952443e-23	CDC27	c18
1.21225322850951e-14	0.392629903166942	0.015	0.062	4.43696804166767e-10	RCHY1	c18
1.40924926232835e-14	0.392021203071471	0.016	0.064	5.15799322504801e-10	DAPK3	c18
2.32110955906321e-14	0.391204672867025	0.015	0.061	8.49549309712724e-10	DUSP18	c18
1.24323605212895e-08	0.391038350309996	0.01	0.037	0.000455036827439717	LYRM9	c18
3.77609819332673e-08	0.390874521296701	0.007	0.031	0.00138208969973951	TNFAIP1	c18
3.51172605913497e-41	0.39066251479142	0.045	0.182	1.28532685490399e-36	EIF4E	c18
6.73829665436309e-37	0.390646721794114	0.039	0.161	2.46628395846344e-32	DYNC1LI2	c18
1.5651845287604e-12	0.390251046942526	0.016	0.057	5.72873189371595e-08	CTDP1	c18
4.05474117278235e-54	0.390155555821337	0.075	0.265	1.48407581665007e-49	CTNNB1	c18
9.19571264637049e-20	0.390069791987952	0.019	0.082	3.36572278569806e-15	ZBED1	c18
7.49018676982373e-29	0.38982431239607	0.025	0.116	2.74148325962318e-24	USP32	c18
5.51921393750374e-19	0.389650176409166	0.016	0.074	2.02008749326574e-14	BCL2L12	c18
3.13713822876149e-10	0.389060639820887	0.014	0.049	1.14822396310899e-05	SDE2	c18
3.22875814244676e-10	0.389000846655706	0.007	0.037	1.18175776771694e-05	ACVR1B	c18
6.98138499004495e-28	0.388946611039561	0.025	0.114	2.55525672020635e-23	ATG7	c18
5.90491553725861e-46	0.388944911741385	0.068	0.233	2.16125813579202e-41	GBP1	c18
4.51645323067502e-29	0.388869319461007	0.041	0.144	1.65306704695936e-24	RELA	c18
2.14576087237343e-21	0.38854927865193	0.018	0.084	7.85369936897397e-17	FAM98A	c18
4.01304759208632e-36	0.388454025031271	0.046	0.171	1.46881554917951e-31	C22orf39	c18
2.20393354773443e-23	0.388244474392772	0.016	0.087	8.06661717806278e-19	AGFG1	c18
6.05225933706349e-14	0.388234666114117	0.014	0.058	2.21518743995861e-09	TTC4	c18
1.03072933336697e-06	0.387355124372508	0.005	0.024	0.0377257243305643	GCNT2	c18
7.63757415234272e-09	0.387145108658679	0.004	0.028	0.000279542851549896	DNAJA4	c18
6.16176780780005e-22	0.387044463139785	0.022	0.093	2.2552686353329e-17	GALNT2	c18
3.7846084491291e-11	0.386709131290131	0.005	0.036	1.38520453846574e-06	NECAB3	c18
1.42594850790037e-12	0.386098492277579	0.013	0.052	5.21911413376614e-08	THAP12	c18
6.90446886795792e-17	0.385436115007662	0.016	0.069	2.52710465036128e-12	HMGCR	c18
1.15639902350272e-09	0.384761808873665	0.015	0.048	4.23253606592229e-05	NCAPD2	c18
1.76822128647725e-13	0.384459837289195	0.019	0.065	6.47186673063537e-09	PINX1	c18
7.47792626715524e-21	0.384045011439955	0.018	0.083	2.73699579304149e-16	WDR41	c18
3.61348678757729e-08	0.383450337901472	0.005	0.027	0.00132257229912116	C14orf28	c18
2.15995764648962e-13	0.383345967504225	0.005	0.041	7.90566098191666e-09	HACD1	c18
3.8309605879849e-62	0.382820293889765	0.091	0.313	1.40216988480835e-57	TMEM173	c18
1.53184112599515e-31	0.382672787381799	0.027	0.127	5.60669170525485e-27	MRTO4	c18
1.67854053340527e-25	0.382545443268239	0.021	0.101	6.14362620631661e-21	NCOA1	c18
4.48746256771544e-25	0.382409741230727	0.025	0.106	1.64245617440953e-20	PRCC	c18
3.96512841429213e-32	0.382346913431406	0.042	0.154	1.45127665091506e-27	SUPT6H	c18
4.09111339569594e-09	0.382035221271981	0.007	0.034	0.000149738841395867	GBA2	c18
3.69674178718783e-26	0.381805316227944	0.023	0.106	1.35304446152862e-21	WASHC5	c18
5.19785515186657e-57	0.381609227881037	0.057	0.239	1.90246696413468e-52	EEA1	c18
5.87971229426066e-63	0.381140031821069	0.117	0.36	2.15203349682234e-58	NCKAP1L	c18
8.73514455720978e-17	0.380941282136138	0.027	0.087	3.19715025938435e-12	TOB2	c18
7.18635233037762e-40	0.380745717234827	0.057	0.199	2.63027681644151e-35	GTF2F1	c18
5.2247986946248e-08	0.380633065743471	0.025	0.057	0.00191232857021962	AC008555.4	c18
5.15602921954207e-13	0.380556539289188	0.008	0.046	1.88715825464459e-08	CLP1	c18
1.47597911091775e-30	0.380373575766358	0.036	0.139	5.40223114387007e-26	GOLPH3	c18
6.5831601273657e-37	0.380096377208384	0.022	0.13	2.40950243821712e-32	NRIP1	c18
6.17780716871979e-08	0.379896979382897	0.004	0.025	0.00226113920182313	FGFR1	c18
1.59521606563e-12	0.379538841187164	0.011	0.049	5.83865032181236e-08	MED18	c18
1.36009030874495e-28	0.37925212770139	0.066	0.184	4.97806653903739e-24	RBM4	c18
5.5668466681522e-30	0.37849445106466	0.024	0.118	2.03752154901039e-25	RPP30	c18
3.97281822233202e-60	0.378100485629018	0.197	0.499	1.45409119755574e-55	TAX1BP1	c18
2.91010252659329e-08	0.377939168230944	0.009	0.034	0.00106512662575841	METTL2A	c18
4.47907487651919e-07	0.377801477036717	0.007	0.027	0.0163938619555479	GTF3C4	c18
1.59917547584597e-60	0.377111587010806	0.181	0.471	5.85314215914384e-56	LEPROTL1	c18
2.56490368667124e-47	0.376849804407246	0.115	0.316	9.38780398358541e-43	LSM14A	c18
1.29487014806836e-16	0.375876067162228	0.021	0.077	4.73935422894502e-12	FARS2	c18
3.58233990235698e-32	0.375550697522496	0.036	0.143	1.31117222766168e-27	MYO5A	c18
1.6208005417109e-10	0.375489159109341	0.009	0.041	5.93229206271606e-06	TTI2	c18
1.75780022643588e-09	0.375242534759574	0.01	0.039	6.43372460877798e-05	SPHK2	c18
2.97860412349869e-61	0.374505258072359	0.095	0.317	1.09019889524176e-56	HERPUD1	c18
4.3249302522815e-18	0.373935712578826	0.012	0.066	1.58296772163755e-13	CCNY	c18
3.20795504895815e-15	0.372157024907136	0.014	0.061	1.17414362746917e-10	MTG2	c18
8.03873129150807e-30	0.372030076575659	0.032	0.131	2.94225604000487e-25	CWC27	c18
7.45187832217274e-17	0.371960248430437	0.019	0.075	2.72746198469844e-12	CRKL	c18
5.68797658319788e-21	0.371889302631026	0.021	0.089	2.08185630921626e-16	ZCCHC10	c18
2.91986574063804e-60	0.371584635980074	0.089	0.303	1.06870005973093e-55	MIS18BP1	c18
4.16536512091253e-43	0.371218710301053	0.053	0.2	1.52456528790519e-38	DR1	c18
2.83903394234882e-08	0.370736610803839	0.005	0.027	0.00103911481323909	RPS6KA2	c18
2.7742053574695e-26	0.370371288433253	0.088	0.211	1.01538690288741e-21	PLSCR3	c18
6.08272095552297e-10	0.370306862510247	0.008	0.038	2.22633669693096e-05	FANCL	c18
1.74178377063951e-27	0.369730758539947	0.024	0.11	6.37510277891767e-23	ATXN10	c18
6.80673017875812e-21	0.369711570469616	0.026	0.097	2.49133131272726e-16	ZNF277	c18
2.72460856942819e-10	0.369632026023736	0.01	0.041	9.97233982496411e-06	TMEM44-AS1	c18
3.84338991433309e-11	0.368980629993037	0.005	0.036	1.40671914254505e-06	ZNF268	c18
5.49906044527608e-23	0.368813445969812	0.031	0.112	2.0127111135755e-18	SAE1	c18
1.13842381408065e-27	0.368706482232445	0.031	0.123	4.16674500191659e-23	FAM104A	c18
1.7180830237849e-17	0.368599887827797	0.021	0.08	6.28835567535509e-13	HSD17B7	c18
1.9711471948519e-09	0.368082952322532	0.007	0.033	7.21459584787743e-05	PHKA2	c18
1.16963892165246e-11	0.367882021293793	0.011	0.048	4.28099541714016e-07	EFL1	c18
2.27804957374312e-12	0.367152530151503	0.021	0.064	8.33788924485721e-08	STRADA	c18
3.13454710085806e-56	0.366849148617468	0.105	0.323	1.14727558438506e-51	CAPZA1	c18
3.24295500464671e-31	0.366414728396395	0.033	0.135	1.18695396125074e-26	SRFBP1	c18
3.38413928052637e-15	0.366088390359569	0.01	0.054	1.23862881806546e-10	PACS2	c18
5.81571870277673e-37	0.365736717322201	0.051	0.181	2.12861120240331e-32	POLE3	c18
4.42079930123373e-36	0.365148044769602	0.065	0.203	1.61805675224456e-31	INO80E	c18
3.28846821334353e-23	0.36435837080334	0.018	0.09	1.20361225076587e-18	ADAM15	c18
5.20101030084473e-27	0.364194972671231	0.036	0.129	1.90362178021218e-22	DALRD3	c18
1.4476320395248e-31	0.36415253729449	0.037	0.144	5.29847802786471e-27	NUMB	c18
4.83043196515475e-43	0.36393223736079	0.266	0.585	1.76798640356629e-38	CDC37	c18
3.50200126930601e-07	0.363900853729899	0.008	0.03	0.0128176748457869	CIDEB	c18
8.06027468216359e-27	0.363739379046129	0.028	0.116	2.9501411364187e-22	PRKRA	c18
6.87018781794829e-51	0.363568069488237	0.055	0.222	2.51455744324725e-46	DHX29	c18
1.10377618348932e-57	0.363397508065609	0.066	0.258	4.03993120918926e-53	ZNF106	c18
4.84717844455189e-47	0.363387438381204	0.048	0.201	1.77411578249044e-42	CACUL1	c18
1.68911324354293e-29	0.363223123505489	0.034	0.134	6.18232338269149e-25	NSMCE4A	c18
1.23062186574974e-25	0.362981652621417	0.025	0.108	4.50419909083064e-21	TBRG4	c18
1.39275282180357e-44	0.362534369413211	0.11	0.301	5.09761460308323e-40	SF3A2	c18
3.87409499732248e-30	0.362316526229316	0.021	0.113	1.41795750997e-25	HIBADH	c18
6.41395006950471e-10	0.362216295752542	0.009	0.039	2.34756986493942e-05	LDAH	c18
6.72278546245675e-12	0.361621364368336	0.018	0.058	2.46060670711379e-07	PITPNA-AS1	c18
1.42385799222964e-13	0.361373688571376	0.019	0.066	5.21146263735972e-09	CSTF1	c18
3.66575473020677e-38	0.361252729627497	0.031	0.151	1.34170288880298e-33	AGPS	c18
1.18265357806828e-15	0.360895051986693	0.007	0.05	4.32863036108773e-11	KNSTRN	c18
4.95042402388238e-14	0.360835335068106	0.016	0.062	1.81190469698119e-09	SOCS2	c18
1.25611571300733e-14	0.360832687556608	0.01	0.054	4.59750912117813e-10	MAN2A2	c18
1.92441245030734e-52	0.360424418496593	0.064	0.241	7.04354200936988e-48	GTF2B	c18
5.49679262047705e-42	0.359779892598203	0.037	0.169	2.01188106702081e-37	HSDL2	c18
8.65683975988875e-19	0.359548780289784	0.017	0.076	3.16848992051688e-14	DNMT3A	c18
3.92253910211936e-38	0.359083754070895	0.042	0.168	1.43568853676671e-33	UBLCP1	c18
4.35729299287608e-21	0.359032730278516	0.018	0.084	1.59481280832257e-16	PTPRJ	c18
4.21278598081416e-30	0.358988460959708	0.028	0.125	1.54192179683779e-25	DCAF13	c18
8.20896172203276e-15	0.358632953948417	0.011	0.056	3.00456207988121e-10	CSNK2A2	c18
1.08976569044466e-12	0.358300616264901	0.011	0.05	3.9886514035965e-08	ZNF576	c18
1.0471477313772e-29	0.358082365889835	0.07	0.193	3.83266541161369e-25	RASSF1	c18
1.35806540147026e-50	0.357426552508826	0.073	0.253	4.97065517592131e-46	CNOT7	c18
1.90207707760757e-16	0.357140336412708	0.024	0.081	6.96179231175148e-12	CKAP2	c18
1.61126793294418e-53	0.35687980226164	0.086	0.283	5.897401761369e-49	TMX4	c18
3.00769256399631e-27	0.356091278640183	0.018	0.099	1.10084555534829e-22	ZCCHC2	c18
2.91655625129052e-53	0.35606601340112	0.069	0.252	1.06748875353484e-48	FBXO7	c18
1.69485508373232e-12	0.35596972596617	0.013	0.052	6.20333909196868e-08	ASCC1	c18
5.44344721055641e-21	0.35595598049399	0.019	0.085	1.99235611353575e-16	LARP4B	c18
5.15153182168601e-41	0.355699625441282	0.1	0.274	1.8855121620553e-36	PDCD4	c18
8.05845748719993e-26	0.355449417884758	0.025	0.109	2.94947602489005e-21	PIP4K2A	c18
2.45351102782674e-21	0.355253929769682	0.022	0.091	8.98009571294863e-17	ZCCHC9	c18
1.81639464712138e-10	0.354963261727008	0.005	0.033	6.64818604792898e-06	ICA1	c18
2.07225579861839e-22	0.354736252897135	0.018	0.088	7.58466344852315e-18	DCUN1D1	c18
5.47451865458333e-16	0.354707944385946	0.014	0.064	2.00372857276405e-11	MAST3	c18
3.44019885027509e-31	0.354158599666074	0.039	0.145	1.25914718118918e-26	CXorf38	c18
2.61129511315949e-07	0.353730252717111	0.007	0.029	0.00955760124367504	NFYA	c18
2.73696523923035e-07	0.353285013885198	0.008	0.031	0.010017566472107	NEK4	c18
7.75407274639736e-63	0.353198482774122	0.167	0.45	2.8380681659089e-58	HLA-F	c18
9.01813592831898e-20	0.352748506312698	0.025	0.093	3.30072793112403e-15	PXK	c18
1.11632137396835e-20	0.352512276920482	0.024	0.092	4.08584786086157e-16	CBX1	c18
6.85163630067204e-25	0.352341321052012	0.028	0.112	2.50776740240897e-20	SCRN2	c18
1.81176589830309e-58	0.352278744174133	0.161	0.428	6.63124436437916e-54	CD164	c18
1.16207626681515e-14	0.352074314641808	0.013	0.059	4.25331534417013e-10	C2orf69	c18
7.24635040170574e-33	0.351744301270558	0.025	0.127	2.65223671052832e-28	PABPC4	c18
3.43306153078863e-20	0.351731161402331	0.013	0.074	1.25653485088395e-15	ZBTB4	c18
7.18614015385106e-21	0.351650855034312	0.021	0.088	2.63019915771103e-16	ABCB8	c18
1.83933765255844e-26	0.351140707831705	0.034	0.126	6.73215974212913e-22	STX5	c18
7.39516065816418e-56	0.350821035838477	0.133	0.371	2.70670275249467e-51	ARHGAP30	c18
5.47883686676585e-43	0.350767390917049	0.044	0.184	2.00530908160497e-38	QARS	c18
5.45883210897387e-10	0.350429614503163	0.011	0.042	1.99798714020553e-05	AC068587.4	c18
3.71329067777181e-18	0.350313753361656	0.028	0.093	1.35910152097126e-13	UCKL1	c18
1.1134859940402e-39	0.350067797731572	0.05	0.186	4.07547008678653e-35	TMEM183A	c18
6.60452391896996e-30	0.350010439369025	0.021	0.111	2.41732179958219e-25	FCHO1	c18
9.83166099475593e-07	0.349498293001317	0.004	0.022	0.0359848624069062	AC004241.1	c18
1.98685556141117e-11	0.349413218659745	0.008	0.042	7.27209004032104e-07	ZNF354A	c18
1.95397119284425e-16	0.34939475564854	0.017	0.07	7.15172996292923e-12	PIAS4	c18
1.55460047470092e-12	0.349355993137681	0.005	0.04	5.68999319745284e-08	NUDT19	c18
3.85545332487757e-17	0.349085160471454	0.01	0.06	1.41113447143844e-12	IDUA	c18
2.06436288673479e-22	0.348873890279511	0.033	0.112	7.55577460173801e-18	GMCL1	c18
3.32289584548258e-12	0.348872516542097	0.005	0.039	1.21621310840508e-07	CIPC	c18
3.37287654586054e-11	0.348761151324639	0.006	0.037	1.23450654455042e-06	PPP1R16A	c18
1.14824785806055e-46	0.348281898141118	0.065	0.229	4.2027019852874e-42	IMMT	c18
1.13028909411002e-07	0.348192945502972	0.046	0.087	0.00413697111335207	CD40LG	c18
3.16150152644636e-51	0.347877226962567	0.051	0.215	1.15714117369463e-46	SREK1IP1	c18
3.7402983380435e-51	0.347797756224024	0.083	0.271	1.3689865947073e-46	EIF4H	c18
9.87260358915008e-36	0.346924543149505	0.043	0.164	3.61347163966482e-31	DDB1	c18
2.63600985957384e-33	0.346831166550084	0.024	0.125	9.64805968702622e-29	PGRMC1	c18
1.12084130705605e-42	0.346062044858461	0.043	0.181	4.10239126795586e-38	WIPI2	c18
1.31355035615558e-22	0.34605203082575	0.021	0.093	4.80772565856505e-18	KATNA1	c18
7.58214760754324e-09	0.345817463259527	0.005	0.03	0.00027751418458369	AACS	c18
4.16314167226715e-30	0.345773938195464	0.027	0.122	1.5237514834665e-25	MMGT1	c18
4.50737096223562e-65	0.345745810264923	0.089	0.315	1.64974284588786e-60	EMC10	c18
1.23616599495872e-43	0.345621424884186	0.06	0.212	4.52449115814842e-39	SF3A3	c18
3.31875198736857e-13	0.344932344782635	0.01	0.049	1.21469641489677e-08	CIC	c18
1.3853835386704e-21	0.344028588212952	0.011	0.073	5.07064228988753e-17	ABHD8	c18
1.1738845706331e-31	0.343697074766466	0.04	0.15	4.29653491697421e-27	ACADM	c18
4.2526182941847e-27	0.343686933012207	0.035	0.129	1.55650082185454e-22	ZBTB1	c18
8.21860755203162e-24	0.343666753021668	0.027	0.106	3.00809255011909e-19	ANKRD13D	c18
3.77128216841263e-46	0.343584295651543	0.066	0.229	1.38032698646071e-41	BRD4	c18
3.86985224165781e-27	0.343275937846266	0.315	0.597	1.41640461896917e-22	PNRC1	c18
1.43411473470452e-08	0.343179111200326	0.004	0.027	0.000524900334049201	AIFM2	c18
6.08606343704303e-08	0.343099879692469	0.009	0.033	0.00222756007859212	PAOX	c18
2.18420822913957e-68	0.34296155830497	0.114	0.367	7.99442053947373e-64	XRN2	c18
9.7279441580765e-33	0.342932729533001	0.029	0.133	3.56052484129758e-28	STAT5A	c18
8.36059394389866e-25	0.342764333703065	0.015	0.089	3.06006098940635e-20	RIPK3	c18
2.90662638282769e-19	0.342667222425701	0.016	0.076	1.06385432237876e-14	URI1	c18
9.54159951544522e-26	0.342627487073851	0.018	0.096	3.4923208386481e-21	WIPF2	c18
2.03046918447684e-15	0.342625250133315	0.019	0.071	7.4317202621037e-11	YJU2	c18
2.06035402156238e-45	0.342176071450583	0.059	0.216	7.54110175432048e-41	EIF2AK2	c18
5.3000609198752e-30	0.341641879497572	0.035	0.136	1.93987529728352e-25	DDX54	c18
1.96246070086793e-23	0.341212408576052	0.019	0.092	7.18280241124671e-19	CANT1	c18
9.93767807587403e-11	0.340461799239369	0.009	0.041	3.63728955255065e-06	CENPV	c18
1.14844163973916e-17	0.340246975768442	0.016	0.071	4.20341124560928e-13	PLPP1	c18
8.32253551373466e-21	0.340225157149355	0.089	0.196	3.04613122338202e-16	DDIT4	c18
7.06710807505313e-09	0.340076345300097	0.007	0.033	0.000258663222655019	PPP2R5B	c18
8.94419805501477e-67	0.339648296306974	0.107	0.351	3.27366593011596e-62	RSU1	c18
1.20231401881893e-62	0.339382478586349	0.075	0.285	4.40058954027917e-58	ACTN1	c18
3.67995722556774e-19	0.337902510064595	0.011	0.068	1.34690114413005e-14	TMEM184B	c18
1.37342119037501e-07	0.33778547299852	0.005	0.026	0.00502685889889158	ASNSD1	c18
3.68013091488644e-24	0.33706695067967	0.03	0.112	1.34696471615758e-19	MSMO1	c18
7.08336271740212e-09	0.336511796201649	0.007	0.032	0.000259258158819635	MMAA	c18
1.28030328669325e-28	0.336213438731426	0.022	0.111	4.68603805962595e-24	SEC23B	c18
7.84278620453533e-14	0.336068460504013	0.046	0.107	2.87053817872198e-09	KIAA0040	c18
8.68468405719067e-09	0.335988283174484	0.01	0.037	0.000317868121177236	VNN2	c18
6.82905770968685e-13	0.335891630789752	0.01	0.048	2.49950341232248e-08	LIN7B	c18
1.03295452360157e-12	0.335863498492336	0.01	0.047	3.78071685183412e-08	EEPD1	c18
4.66465795790836e-50	0.335485051498497	0.045	0.203	1.70731145917404e-45	NFIC	c18
1.28970613018015e-17	0.335165183002196	0.009	0.059	4.72045340707236e-13	CTSO	c18
4.98721976335104e-26	0.335159179311312	0.031	0.119	1.82537230558411e-21	GNA13	c18
2.54024039073526e-38	0.335064854933706	0.05	0.182	9.29753385413013e-34	HNRNPL	c18
4.81676709016984e-41	0.335040670936056	0.027	0.149	1.76298492267306e-36	SNX27	c18
1.09180181060352e-41	0.334734303603122	0.065	0.216	3.99610380698994e-37	IMPDH2	c18
9.69320820996087e-17	0.334718780656918	0.013	0.063	3.54781113692778e-12	TBC1D2B	c18
4.24605897223495e-24	0.333868246165302	0.024	0.102	1.55410004442771e-19	DDX19B	c18
1.73442923603644e-07	0.333436010690211	0.007	0.028	0.00634818444681697	ZNF468	c18
1.70199504772462e-07	0.333432235408921	0.002	0.021	0.00622947207417687	AC040970.1	c18
7.40566858442274e-26	0.333066819201062	0.027	0.111	2.71054875858457e-21	CARS	c18
9.82883462935107e-16	0.333054596554805	0.014	0.064	3.59745176268878e-11	RCBTB2	c18
1.19892808462807e-28	0.332799932049721	0.023	0.112	4.38819668254718e-24	TM7SF3	c18
9.46900173640984e-37	0.332267966564014	0.027	0.139	3.46574932554337e-32	ERGIC1	c18
1.48957409113807e-08	0.332090647318901	0.011	0.039	0.000545199013097443	ZC3H12A	c18
1.17083722714625e-54	0.332068643654695	0.076	0.268	4.285381335078e-50	UGP2	c18
3.94217744749246e-24	0.33194107450241	0.042	0.131	1.44287636755672e-19	PCIF1	c18
1.92186804990811e-48	0.331695024656181	0.043	0.196	7.03422924946867e-44	BAG6	c18
8.14661064177427e-26	0.33074824421155	0.014	0.09	2.9817409609958e-21	AGPAT3	c18
4.82523495015484e-51	0.330352474845516	0.055	0.222	1.76608424410617e-46	UBE2K	c18
9.16103807487262e-57	0.330146306392059	0.064	0.252	3.35303154578413e-52	SPNS1	c18
1.20055612031863e-15	0.3300703515453	0.018	0.07	4.39415545597821e-11	DDX55	c18
3.52281006134777e-67	0.329546708695229	0.08	0.304	1.2893837105539e-62	TCIRG1	c18
1.31908815581779e-22	0.329501666540802	0.026	0.101	4.82799455910868e-18	DUSP22	c18
1.59472814218207e-10	0.32938696110819	0.012	0.045	5.8368644732006e-06	BRPF1	c18
3.53206152579507e-43	0.328970136496545	0.066	0.223	1.29276983905625e-38	PPHLN1	c18
1.97679007761007e-09	0.328613732534217	0.011	0.04	7.23524936306062e-05	LIPT1	c18
3.78178712821358e-19	0.328409260249884	0.014	0.072	1.38417190679745e-14	CNP	c18
1.55562647825496e-56	0.328289859809791	0.075	0.271	5.69374847306097e-52	MFF	c18
6.27067056248248e-32	0.328198417430105	0.033	0.138	2.29512813257421e-27	PRRC1	c18
2.42329254085047e-54	0.328032829316833	0.197	0.477	8.86949302876679e-50	IQGAP1	c18
4.76257047137436e-16	0.327958949324428	0.014	0.064	1.74314841822773e-11	PITRM1	c18
1.16125640904411e-57	0.327566323092305	0.072	0.269	4.25031458274234e-53	PRKCSH	c18
1.53371668925716e-34	0.327556646909662	0.031	0.141	5.61355645435013e-30	SLC39A7	c18
1.18762013101945e-13	0.327395724808266	0.005	0.041	4.34680844154429e-09	ANG	c18
2.82536211046419e-14	0.327238863612225	0.011	0.055	1.034110786051e-09	MUL1	c18
6.12743984365446e-20	0.326661709064447	0.022	0.088	2.24270425717597e-15	C6orf47	c18
4.74061063895557e-54	0.326071925662815	0.089	0.29	1.73511089996413e-49	HNRNPUL1	c18
3.24366062867645e-49	0.325963540636819	0.043	0.198	1.18721222670187e-44	NIT2	c18
1.51744835431294e-12	0.325385096274972	0.011	0.049	5.55401272162079e-08	SH3GL1	c18
1.27615075563687e-35	0.3250649941445	0.043	0.164	4.67083938070651e-31	STARD3	c18
1.8480238181282e-13	0.324447147557384	0.007	0.044	6.76395197673102e-09	GIT1	c18
2.21467605003331e-19	0.324415962233028	0.018	0.079	8.10593581072693e-15	ZBTB43	c18
5.62821262392017e-07	0.324282140633194	0.006	0.026	0.0205998210248102	DHODH	c18
2.84356462341812e-28	0.323679576009721	0.015	0.097	1.04077308781727e-23	ASPH	c18
2.09527651273964e-08	0.323030772980584	0.01	0.036	0.000766892156427837	MBNL3	c18
5.24750259234728e-59	0.322952743451693	0.194	0.489	1.92063842382503e-54	PAK2	c18
1.03422623667321e-33	0.322762630751282	0.022	0.124	3.78537144884761e-29	TMEM128	c18
1.44403864991098e-52	0.32179213628326	0.038	0.196	5.28532586253918e-48	MCFD2	c18
3.2798678526055e-19	0.321772562081208	0.03	0.099	1.20046443273214e-14	MCM3	c18
7.36764658342139e-08	0.321491710897506	0.004	0.025	0.00269663232599806	CBX8	c18
2.59556153340829e-73	0.321430687341857	0.113	0.376	9.50001476842768e-69	PPM1G	c18
2.7593325440785e-09	0.320944532113825	0.004	0.028	0.000100994330445817	C16orf86	c18
2.67856524680153e-09	0.320925928068584	0.004	0.028	9.80381665981829e-05	SUOX	c18
2.1345695931827e-21	0.320882964854968	0.021	0.089	7.81273816800801e-17	TLE3	c18
4.8410505192378e-09	0.320040575456217	0.007	0.032	0.000177187290054623	ZNF140	c18
6.93604482866258e-44	0.319758683476698	0.046	0.19	2.53866176773879e-39	ATIC	c18
4.62474302496345e-17	0.319718773894229	0.024	0.082	1.69270219456687e-12	CCDC97	c18
2.54471981709288e-38	0.319314233534621	0.056	0.192	9.31392900254166e-34	PTBP1	c18
2.84503502828099e-39	0.319224084224536	0.043	0.174	1.04131127070112e-34	ABCF1	c18
1.20694476271297e-10	0.318891771665436	0.01	0.042	4.41753852600572e-06	WDR34	c18
3.76947850002517e-34	0.318616581108122	0.05	0.172	1.37966682579421e-29	ERVK3-1	c18
2.88314237806725e-16	0.318613518280815	0.021	0.075	1.05525894179639e-11	APOL3	c18
1.57065746899697e-12	0.318522926650536	0.011	0.049	5.74876340227581e-08	JPT2	c18
8.80001625422844e-12	0.318457832441789	0.007	0.04	3.22089394921015e-07	ZNF561-AS1	c18
3.08927658429717e-57	0.318432474692974	0.087	0.292	1.13070612261861e-52	CBX3	c18
5.85916375144862e-14	0.318070843375374	0.015	0.06	2.14451252466771e-09	DNAJB2	c18
1.57193443094328e-55	0.317684226953636	0.207	0.503	5.75343721069549e-51	CCND3	c18
5.81410335190465e-12	0.317579633959511	0.01	0.046	2.12801996783062e-07	NFS1	c18
9.92889388336683e-11	0.316892359429497	0.01	0.043	3.63407445025109e-06	SRD5A1	c18
8.02410424180007e-26	0.316690633850143	0.017	0.094	2.93690239354124e-21	MGAT5	c18
5.07489958795165e-13	0.316606440610577	0.008	0.046	1.85746399818618e-08	C12orf73	c18
3.92467810186101e-58	0.316555319534225	0.054	0.236	1.43647143206215e-53	LYPLA1	c18
7.62919168827364e-47	0.316546377492343	0.036	0.179	2.79236044982503e-42	SAR1B	c18
9.42975774983956e-22	0.316540165428133	0.01	0.072	3.45138563401878e-17	ME1	c18
6.83302891669585e-62	0.316346525271426	0.142	0.4	2.50095691379985e-57	RSL1D1	c18
6.46519757713224e-18	0.31592208840446	0.015	0.071	2.36632696520617e-13	AP3S2	c18
3.77736625533069e-47	0.315562114379211	0.052	0.208	1.38255382311359e-42	DOCK11	c18
4.24820589132694e-13	0.315507034345368	0.014	0.057	1.55488583828457e-08	PJA1	c18
5.14521630190362e-38	0.314651773754663	0.035	0.156	1.88320061865974e-33	ARID5A	c18
1.14426664712108e-07	0.314590510832639	0.004	0.023	0.00418813035512786	FAM131A	c18
6.36817076314769e-52	0.314317576279748	0.063	0.238	2.33081418101969e-47	CDC123	c18
9.50005369645675e-20	0.314134048974618	0.028	0.096	3.47711465344014e-15	LRIF1	c18
6.89828251398632e-40	0.313964428383312	0.054	0.194	2.52484038294413e-35	PITHD1	c18
1.11054889112263e-16	0.313816195514204	0.019	0.073	4.06471999639793e-12	CALHM6	c18
5.36139985664355e-56	0.313813368228175	0.042	0.211	1.96232596153011e-51	PPA2	c18
7.17859507281928e-11	0.313649319703235	0.004	0.032	2.62743758260259e-06	MYB	c18
7.29666813729922e-07	0.313505726536042	0.007	0.027	0.0267065350493289	ZMYM3	c18
5.48087983444125e-11	0.313203564085746	0.033	0.079	2.00605682820384e-06	WDR54	c18
6.18288460732199e-09	0.312940416991235	0.008	0.034	0.000226299759512592	IL15RA	c18
6.67236742103105e-30	0.312752985839483	0.07	0.193	2.44215319977157e-25	TES	c18
4.17852426654183e-20	0.312682742349939	0.016	0.077	1.52938166679697e-15	MCMBP	c18
7.626379097095e-12	0.312327968014466	0.005	0.037	2.79133101332774e-07	P2RY1	c18
1.32917807214067e-32	0.312271360542062	0.031	0.137	4.86492466184207e-28	ZRSR2	c18
1.62872223080687e-23	0.312220540023654	0.016	0.086	5.96128623697624e-19	PGP	c18
1.01097414146079e-18	0.31213090459586	0.011	0.065	3.70026645516064e-14	WDR81	c18
2.22236811203874e-09	0.311593990491521	0.02	0.054	8.13408952687299e-05	TTC28-AS1	c18
1.32541840969085e-20	0.311179445353861	0.021	0.087	4.85116392130948e-16	PATL1	c18
2.49289059026567e-46	0.310959746479289	0.062	0.224	9.12422884943138e-42	NUDT21	c18
4.7978010225542e-51	0.310739067097834	0.163	0.408	1.75604315226506e-46	IRF1	c18
2.01039872978372e-07	0.310039372989207	0.005	0.025	0.0073582603908814	SLC1A4	c18
1.88541459246129e-33	0.309980694695007	0.052	0.173	6.90080594986758e-29	CFAP97	c18
3.22876170143265e-59	0.309918309006936	0.065	0.258	1.18175907034136e-54	ECHDC1	c18
6.97979235874561e-69	0.309053786642815	0.097	0.337	2.55467380122448e-64	RBM17	c18
1.07028890667246e-28	0.308889135097271	0.023	0.112	3.91736442731186e-24	DHRS1	c18
8.7288665152752e-45	0.308813787773607	0.043	0.187	3.19485243325588e-40	AASDHPPT	c18
2.45829490232502e-23	0.308705113840877	0.028	0.106	8.99760517199981e-19	MDFIC	c18
5.00654557312104e-46	0.308487319630083	0.054	0.208	1.83244574521803e-41	PARP4	c18
1.22089920474087e-27	0.308451810161357	0.022	0.107	4.46861317927204e-23	PREB	c18
8.96389985830994e-15	0.308307896130029	0.012	0.057	3.28087698714002e-10	BBS7	c18
7.00075165995584e-14	0.308083117598094	0.019	0.067	2.56234511506044e-09	PLTP	c18
4.1128302487629e-17	0.307524046802065	0.015	0.069	1.50533699934971e-12	TMEM192	c18
9.84911968005046e-32	0.307511808150502	0.025	0.124	3.60487629409527e-27	DFFA	c18
5.81010790071838e-17	0.307392721437251	0.011	0.062	2.12655759274194e-12	C12orf49	c18
1.0365289268314e-18	0.307308027229142	0.011	0.065	3.7937995250956e-14	HPS6	c18
9.30133255840752e-18	0.307199032798406	0.011	0.063	3.40438072970274e-13	ESS2	c18
4.50918407648864e-52	0.306080088572546	0.063	0.239	1.65040646383561e-47	RPP21	c18
1.73798141639528e-09	0.305504370483435	0.008	0.037	6.36118578214835e-05	DAGLB	c18
2.60643815479985e-46	0.305214693860316	0.099	0.288	9.53982429038294e-42	GIMAP1	c18
4.16978079104116e-53	0.305148610129059	0.08	0.271	1.52618146732897e-48	CALCOCO2	c18
1.92484987248902e-60	0.304747304938343	0.202	0.512	7.04514301829705e-56	RNASET2	c18
1.05632016884713e-15	0.304505673537041	0.016	0.066	3.8662374499974e-11	GTDC1	c18
3.63100807235264e-30	0.30429301919719	0.03	0.127	1.32898526456179e-25	TDP2	c18
4.17133565281871e-13	0.304195229820855	0.014	0.057	1.52675056228818e-08	RAVER1	c18
1.8906092205474e-15	0.303792055375715	0.019	0.07	6.91981880812555e-11	ODC1	c18
1.04792437295644e-10	0.30374865492055	0.011	0.044	3.83550799745788e-06	RPARP-AS1	c18
1.84254934501651e-08	0.303271667922906	0.008	0.034	0.000674391485769493	RBM4B	c18
1.39200453248474e-71	0.30317320791372	0.136	0.414	5.09487578934738e-67	PPIG	c18
2.84212400971949e-16	0.303052047598779	0.007	0.053	1.04024580879743e-11	PEX7	c18
1.83090981021917e-08	0.302791795277049	0.003	0.025	0.000670131299638319	CHST14	c18
5.37446359805942e-27	0.302725756448928	0.017	0.097	1.96710742152573e-22	CCDC43	c18
4.49763785423737e-65	0.302265179145997	0.062	0.267	1.64618043102942e-60	ADA2	c18
3.14147643940006e-35	0.301662955485839	0.027	0.136	1.14981179158482e-30	ERI3	c18
1.21760252384078e-49	0.301651737504777	0.045	0.201	4.45654699750963e-45	GSPT1	c18
2.95954063700195e-32	0.301504124305181	0.025	0.125	1.08322146854908e-27	DMAC2L	c18
6.22471181673586e-34	0.300750895538481	0.029	0.136	2.27830677204349e-29	KLHL6	c18
2.43839006037339e-31	0.300650844201972	0.026	0.124	8.92475145997264e-27	PTGES2	c18
1.46437947038614e-59	0.30032617177728	0.051	0.236	5.35977529956031e-55	MLX	c18
6.39419911335168e-13	0.299944792457381	0.013	0.053	2.34034081747785e-08	NCAPH2	c18
8.15272502999518e-17	0.299910671846622	0.027	0.087	2.98397888822853e-12	HP	c18
4.30536940528859e-24	0.299628038455986	0.042	0.132	1.57580825602968e-19	EPB41L4A-AS1	c18
1.48518950386747e-11	0.299450465891422	0.009	0.043	5.43594210310532e-07	RAPGEF2	c18
3.50486269069043e-21	0.299372733879599	0.012	0.074	1.2828147934196e-16	FBXO8	c18
6.50048265944377e-60	0.298995093094477	0.062	0.255	2.37924165818301e-55	PSMD1	c18
8.66436820546916e-14	0.298748052874007	0.014	0.058	3.17124540688377e-09	UBALD2	c18
4.2055768096493e-78	0.298617627394518	0.137	0.431	1.53928316809974e-73	PSMA1	c18
1.31573646106069e-18	0.298410570338589	0.016	0.074	4.81572702112824e-14	RNF25	c18
2.36108529392902e-61	0.298206680816426	0.075	0.282	8.64180828430959e-57	PRPF6	c18
3.19123133095587e-22	0.298178773017841	0.03	0.108	1.16802257944316e-17	CCDC57	c18
3.81932309072124e-10	0.29810894171746	0.011	0.042	1.39791044443488e-05	UTP25	c18
9.62655947597924e-17	0.297620357888347	0.018	0.073	3.52341703380316e-12	LINC00339	c18
1.86852876948517e-25	0.297428942254298	0.019	0.097	6.83900214919266e-21	ALDH16A1	c18
1.00482116607467e-27	0.297336115363334	0.019	0.103	3.67774594994988e-23	CARS2	c18
3.52687162852236e-52	0.297279264376228	0.068	0.247	1.29087028475547e-47	MRPL38	c18
2.91609387178643e-54	0.297272944274131	0.044	0.211	1.06731951801255e-49	HIPK2	c18
1.10975445721934e-13	0.297139325605007	0.008	0.048	4.0618122888685e-09	DUSP10	c18
2.58830138929698e-45	0.296970987902864	0.046	0.193	9.47344191496586e-41	NSRP1	c18
6.64959033783013e-10	0.296868229049698	0.007	0.035	2.4338165595492e-05	TMEM177	c18
7.57996518504292e-27	0.296622880816909	0.025	0.111	2.77434305737756e-22	TRPT1	c18
4.22896493466042e-15	0.296487748083885	0.011	0.057	1.54784345573506e-10	IFT74	c18
1.31321674047253e-46	0.295928965304649	0.052	0.207	4.80650459180349e-42	OSTM1	c18
4.01039477273481e-09	0.295913462809686	0.01	0.038	0.000146784459076867	XKR8	c18
4.82920875515713e-24	0.295721484268981	0.021	0.097	1.76753869647506e-19	CD36	c18
2.50250026564352e-23	0.295606775550685	0.028	0.106	9.15940122228184e-19	CARD19	c18
2.98196789596452e-54	0.295539866364141	0.068	0.252	1.09143006960197e-49	CDC40	c18
6.33608668683458e-19	0.294570297600966	0.014	0.071	2.31907108824832e-14	POLB	c18
1.62833041484113e-27	0.29404612701964	0.019	0.102	5.95985215136001e-23	PI4KA	c18
1.93403924514722e-15	0.294015309297998	0.011	0.058	7.07877704116332e-11	THG1L	c18
4.58394586733102e-22	0.293771355869126	0.021	0.092	1.67777002690183e-17	RNF14	c18
1.42684247521523e-29	0.293687180058238	0.036	0.136	5.22238614353526e-25	ACTR1B	c18
9.51837890704539e-26	0.293571028719989	0.024	0.107	3.48382186376768e-21	CGAS	c18
1.03020692263924e-18	0.293078180113208	0.022	0.084	3.77066035755187e-14	NUDT4	c18
2.24075740707092e-17	0.292342257161684	0.013	0.065	8.20139618562028e-13	NFIA	c18
4.44544699679602e-63	0.292209149675355	0.074	0.285	1.62707805529731e-58	HPS1	c18
5.63830876691418e-09	0.292054260955396	0.007	0.033	0.000206367739177826	CCDC34	c18
1.44836587397257e-17	0.292050236328821	0.02	0.078	5.30116393532702e-13	DNAJC30	c18
1.12898749464324e-08	0.291939250605982	0.01	0.037	0.000413220712914372	NAA80	c18
2.89603769629898e-70	0.291674194836167	0.121	0.384	1.05997875722239e-65	SCAMP2	c18
9.80993109118198e-65	0.291358609129417	0.093	0.32	3.59053287868351e-60	PDCD10	c18
2.29932992354182e-08	0.290541280109587	0.007	0.032	0.000841577745315541	CLCN6	c18
5.54486427503178e-33	0.290048753894291	0.022	0.121	2.02947577330438e-28	DERA	c18
3.79757151920956e-26	0.289489353130267	0.031	0.12	1.38994915174589e-21	CLK3	c18
2.5721956687831e-08	0.289299453680553	0.005	0.028	0.000941449336731301	MAPK9	c18
4.54196488624647e-21	0.288695330783784	0.014	0.077	1.66240456801507e-16	ERLIN1	c18
2.26592508084649e-12	0.288372865710491	0.091	0.167	8.29351238840624e-08	KLRG1	c18
1.21186826838149e-25	0.28820463567079	0.023	0.104	4.4355590491031e-21	TMEM242	c18
9.4923889238812e-22	0.288156887921003	0.018	0.085	3.47430927002976e-17	LYRM4	c18
7.76718476629897e-27	0.288082231104838	0.024	0.109	2.84286729631308e-22	PAX8-AS1	c18
2.44115772184277e-07	0.287880791403132	0.011	0.035	0.00893488137771674	CPLANE1	c18
2.6687666454571e-22	0.287846807956009	0.023	0.096	9.76795279903753e-18	KIAA1191	c18
1.16242730452924e-26	0.287792571798634	0.021	0.104	4.25460017730748e-22	ERAL1	c18
1.09324376359976e-52	0.287242969668569	0.064	0.242	4.00138149915149e-48	DNAJC7	c18
5.83348438610279e-40	0.286982935199913	0.041	0.171	2.13511362015748e-35	LSM12	c18
5.96724682330382e-08	0.286513856200721	0.008	0.032	0.00218407200979743	NDFIP2	c18
7.18628293123963e-11	0.286171872856588	0.004	0.033	2.63025141566302e-06	HFE	c18
7.89593718481081e-13	0.285945139622295	0.005	0.04	2.8899919690126e-08	STK11IP	c18
2.11271438328388e-21	0.285474346358574	0.017	0.083	7.73274591425734e-17	RAB22A	c18
3.19786561484895e-17	0.28538952268766	0.016	0.071	1.17045079369086e-12	MAPK13	c18
8.07161769616037e-14	0.285330391816485	0.009	0.049	2.95429279297166e-09	HOMEZ	c18
6.78892865440865e-18	0.285293657195011	0.018	0.076	2.48481577680011e-13	TBK1	c18
1.30646150111339e-32	0.285100671044388	0.03	0.134	4.78177974022512e-28	HAT1	c18
3.30803728763095e-14	0.284968352475055	0.013	0.057	1.21077472764581e-09	RNF2	c18
7.34233817879293e-13	0.284540769935083	0.006	0.042	2.68736919682e-08	C4orf33	c18
3.42649057160714e-44	0.284497229931989	0.146	0.359	1.25412981411393e-39	ZFP36	c18
1.84528688902128e-26	0.284227597074897	0.029	0.117	6.75393454250678e-22	RPF1	c18
3.40682644667552e-17	0.284099149213997	0.008	0.056	1.24693254774771e-12	AMOTL1	c18
3.23437969357519e-68	0.284025919832524	0.083	0.312	1.18381531164545e-63	DNAJB6	c18
6.72277982926234e-19	0.283444967921849	0.024	0.087	2.46060464530831e-14	EIPR1	c18
1.30190533133686e-70	0.283312852091694	0.117	0.375	4.76510370322605e-66	PRPF40A	c18
5.27718510937552e-71	0.283032778636423	0.101	0.35	1.93150252188253e-66	MOB1A	c18
2.45205827508607e-08	0.282662859816562	0.007	0.03	0.000897477849264252	CDYL	c18
2.83057557251779e-68	0.282330694851799	0.108	0.357	1.03601896529723e-63	HEXA	c18
1.33015625267111e-27	0.282046006704491	0.339	0.658	4.86850490040154e-23	TMBIM6	c18
5.50556343360323e-57	0.281744113170512	0.077	0.274	2.01509127233312e-52	PSMD2	c18
7.75080393491484e-21	0.281684597533387	0.016	0.079	2.83687174821818e-16	USP5	c18
2.51310370026974e-07	0.281570417834128	0.005	0.026	0.00919821085335728	ZNF528-AS1	c18
3.51593923787039e-24	0.280705225097665	0.02	0.095	1.28686892045294e-19	SIRT6	c18
1.35152056053575e-43	0.280595371408946	0.068	0.227	4.94670040361691e-39	ARIH2	c18
2.72035123113886e-26	0.280566289499051	0.02	0.101	9.95675754109134e-22	RPF2	c18
8.18498212279653e-22	0.28027303577911	0.016	0.083	2.99578530676476e-17	RIPK2	c18
2.00204114883691e-38	0.27992580888303	0.049	0.181	7.32767080885798e-34	GOPC	c18
3.30356592916943e-28	0.279197311259227	0.023	0.111	1.2091381657353e-23	ARMC10	c18
3.76054005690255e-07	0.279078224905027	0.005	0.025	0.013763952662269	TTLL12	c18
4.53541422477383e-34	0.278859933640518	0.046	0.165	1.66000696040947e-29	WTAP	c18
3.08501924355217e-38	0.278843857982132	0.298	0.619	1.12914789333253e-33	CD44	c18
7.42446202210721e-15	0.278623066779546	0.01	0.054	2.71742734471146e-10	PICK1	c18
7.82754897948769e-74	0.278538667308842	0.148	0.441	2.86496120198229e-69	TECR	c18
5.67182828588608e-18	0.278315508938829	0.016	0.073	2.07594587091716e-13	JMJD7	c18
1.9192769429612e-13	0.277650110056569	0.01	0.051	7.02474553893228e-09	ANKMY2	c18
1.02009606355869e-48	0.277347964799485	0.042	0.193	3.73365360223116e-44	CAPN1	c18
1.61981354684559e-37	0.27734503955351	0.026	0.139	5.92867956280955e-33	FDX2	c18
3.08175486352781e-32	0.276947195486825	0.036	0.144	1.12795309759981e-27	ASB8	c18
7.21381887839547e-55	0.276851920718539	0.132	0.365	2.64032984768153e-50	PAXX	c18
1.95187259794636e-08	0.276735531496675	0.006	0.03	0.000714404889574346	DAG1	c18
8.28432849835058e-10	0.276681785666633	0.007	0.036	3.0321470736813e-05	AL355001.2	c18
5.24792242654208e-37	0.276679252652039	0.047	0.174	1.92079208733867e-32	YIPF5	c18
1.74348162799258e-35	0.276658333368752	0.046	0.168	6.38131710661563e-31	EPSTI1	c18
6.31870883009446e-16	0.276320174790831	0.017	0.068	2.31271061890287e-11	NMD3	c18
7.20404300246116e-36	0.276166815596518	0.073	0.214	2.63675177933081e-31	TAP1	c18
7.44359299210283e-21	0.276142269598236	0.021	0.088	2.72442947103956e-16	RBM7	c18
1.82596392924688e-30	0.275845192066933	0.046	0.155	6.68321057743649e-26	RNF166	c18
1.79311193202583e-29	0.27523560131909	0.021	0.11	6.56296898240774e-25	ATP6V1C1	c18
2.45798591373752e-26	0.27496906781906	0.022	0.105	8.9964742428707e-22	CTDSP2	c18
5.55706727216996e-09	0.274943299557903	0.005	0.029	0.000203394219228693	ZNF232	c18
8.81514772320157e-63	0.274693137417114	0.1	0.329	3.22643221816901e-58	XBP1	c18
5.19798475290044e-09	0.274623269423546	0.022	0.056	0.000190251439940909	RGL4	c18
9.76149412917033e-38	0.274553790234029	0.147	0.344	3.57280446621763e-33	HMOX1	c18
3.52317978839174e-29	0.274056888653954	0.019	0.106	1.28951903434926e-24	KCNK6	c18
4.53478448145552e-09	0.273805224440768	0.007	0.033	0.000165977646805753	GTF2E1	c18
5.83117460236587e-19	0.273287844110397	0.01	0.065	2.13426821621193e-14	GGCX	c18
1.25280703394255e-70	0.273047038783132	0.103	0.352	4.58539902493312e-66	LMAN1	c18
4.0704228746759e-17	0.272878983530959	0.012	0.063	1.48981547636012e-12	ISOC1	c18
2.94096399673332e-61	0.272558997395157	0.133	0.385	1.07642223244436e-56	TUBA1A	c18
2.02433306830152e-44	0.272433134413479	0.069	0.231	7.40926146329039e-40	PCNP	c18
7.07987067190426e-38	0.272368711972016	0.036	0.157	2.59130346462368e-33	RTCA	c18
6.15903195369587e-22	0.271547636273753	0.018	0.085	2.25426728537223e-17	RNF8	c18
7.6460146843021e-10	0.271346944663327	0.005	0.032	2.79851783460141e-05	TPCN2	c18
1.40035010612702e-75	0.271242145620604	0.074	0.312	5.12542142343552e-71	TPP1	c18
3.4349257655175e-11	0.271052251029829	0.008	0.04	1.25721717943706e-06	MAPK3	c18
7.69706507292234e-10	0.270890165434225	0.005	0.032	2.81720278734031e-05	EFNA4	c18
3.97477054948307e-16	0.270625361235761	0.01	0.058	1.4548057688163e-11	KIF1B	c18
4.22971934242263e-16	0.270378410895495	0.011	0.06	1.54811957652011e-11	CSNK1E	c18
1.58439500837407e-23	0.269817285053736	0.182	0.349	5.79904417014995e-19	ICAM3	c18
3.03995852365698e-41	0.269789092406439	0.025	0.147	1.11265521924369e-36	HAUS2	c18
1.39595294529406e-42	0.269700772661198	0.038	0.172	5.1093273750708e-38	JKAMP	c18
3.50374534782096e-14	0.269617390154296	0.003	0.039	1.28240583475595e-09	TMEM255B	c18
1.83638996395188e-23	0.269252731396514	0.019	0.092	6.72137090706029e-19	TMEM19	c18
1.04276462798505e-30	0.269232034216967	0.033	0.135	3.81662281488807e-26	CCDC32	c18
4.56501366401992e-16	0.269085616390984	0.013	0.063	1.67084065116793e-11	SSH1	c18
8.24123395997762e-12	0.269040837224318	0.008	0.042	3.01637404169141e-07	ZNF677	c18
1.084501017996e-09	0.268286569235062	0.011	0.041	3.96938217596716e-05	ENC1	c18
2.54104788599507e-10	0.267826826002002	0.007	0.036	9.30048936753056e-06	ABITRAM	c18
4.60821498632242e-20	0.267786613561235	0.037	0.113	1.68665276714387e-15	SINHCAF	c18
4.87397896068262e-08	0.267617221402348	0.01	0.035	0.00178392503939944	TRAF2	c18
1.68304544539947e-17	0.266699665809569	0.02	0.078	6.1601146347066e-13	HDHD3	c18
1.08391066026102e-30	0.266626875837214	0.021	0.113	3.96722140762136e-26	PYGB	c18
9.56899120162497e-21	0.266535243800532	0.024	0.094	3.50234646970675e-16	TBC1D17	c18
2.00093213815832e-23	0.266527479306622	0.026	0.104	7.32361171887327e-19	TWISTNB	c18
1.30099308895581e-15	0.266376350217643	0.009	0.054	4.76176480488716e-11	ZSWIM8	c18
6.43752288044071e-07	0.266017475378896	0.013	0.037	0.023561977494701	MAD2L1	c18
1.34298551991047e-12	0.265459707849615	0.01	0.048	4.9154613014243e-08	ZNF562	c18
4.64720362739937e-11	0.265237774645791	0.008	0.041	1.70092299966444e-06	TMEM106A	c18
1.03363610544031e-32	0.264968754746492	0.037	0.147	3.78321150952208e-28	NFYC	c18
1.81527780207372e-21	0.264966399815923	0.016	0.082	6.64409828337002e-17	PNO1	c18
6.2967809761033e-07	0.264903723763527	0.296	0.45	0.0230468480506357	NEAT1	c18
7.90008507125399e-41	0.264677307924007	0.035	0.163	2.89151013692967e-36	GRPEL1	c18
1.96515146191499e-09	0.264572933937234	0.011	0.041	7.19265086575506e-05	DXO	c18
4.23840387415968e-31	0.264253122221895	0.046	0.158	1.55129820198119e-26	BHLHE40	c18
7.09138125710814e-30	0.263789864997016	0.023	0.115	2.59551645391415e-25	GNL2	c18
2.12606373110947e-19	0.263634702579957	0.014	0.072	7.78160586223379e-15	PLEKHA3	c18
1.04386644403758e-34	0.263613723957337	0.032	0.143	3.82065557182196e-30	PEX11B	c18
8.97696666925254e-39	0.26348177994807	0.031	0.152	3.28565957061312e-34	TFG	c18
1.05281355911933e-11	0.263412615387419	0.017	0.056	3.85340290773267e-07	APBA3	c18
2.86234490328306e-22	0.263363821638723	0.018	0.087	1.04764685805063e-17	USF1	c18
3.79838038089387e-32	0.263041616863908	0.029	0.131	1.39024520321097e-27	RWDD4	c18
1.96717119087455e-15	0.262855575154913	0.009	0.054	7.20004327571993e-11	MBD3	c18
3.28118278546109e-69	0.262767801119769	0.162	0.454	1.20094571130661e-64	HNRNPA0	c18
5.32244775562144e-18	0.262656041581866	0.021	0.08	1.948069103035e-13	POLR1E	c18
1.94431034351569e-68	0.262284571238997	0.154	0.437	7.1163702883018e-64	EIF3M	c18
1.07614886304043e-39	0.261256759991315	0.031	0.153	3.93881245361427e-35	RNFT1	c18
4.32932135145978e-58	0.261010323891434	0.079	0.28	1.5845749078478e-53	CFDP1	c18
5.6626414410135e-15	0.260738865141264	0.018	0.068	2.07258339382535e-10	KMT2D	c18
2.47709703807342e-30	0.259854606935148	0.025	0.119	9.06642286905251e-26	BCL2L13	c18
1.34480023923455e-08	0.25977431518508	0.007	0.032	0.000492210335562239	TMEM185A	c18
2.76906624656585e-41	0.259216222864098	0.031	0.158	1.01350593690557e-36	PPFIA1	c18
1.15996147275384e-11	0.258683302618059	0.007	0.041	4.24557498642633e-07	NMNAT1	c18
7.14366212079583e-48	0.258620428430672	0.068	0.237	2.61465177283248e-43	NUCB2	c18
2.72572144427159e-46	0.25858884865343	0.051	0.203	9.97641305817844e-42	PRPF31	c18
4.59275817197342e-14	0.258035421506044	0.012	0.055	1.68099541852399e-09	MXD4	c18
6.11424215346676e-43	0.257901857972537	0.042	0.18	2.23787377059037e-38	DYNC1I2	c18
1.63395098497639e-24	0.256715329976135	0.015	0.088	5.98042400011207e-20	TBC1D7	c18
1.03602266244082e-13	0.256298199354696	0.011	0.053	3.79194654679966e-09	ADAT1	c18
8.65103781924098e-17	0.256244475460042	0.015	0.068	3.16636635222039e-12	ZNF480	c18
5.73390487970681e-34	0.255434618696594	0.033	0.143	2.09866652502149e-29	FASTK	c18
5.68262057500487e-09	0.254618520931607	0.009	0.036	0.000207989595665753	TADA2A	c18
2.60912648358952e-08	0.254538089944503	0.007	0.03	0.000954966384258599	FAAP100	c18
4.3182222219262e-18	0.25440839561826	0.018	0.075	1.58051251544721e-13	COX11	c18
4.89488667637297e-75	0.253957955294873	0.096	0.348	1.79157747241927e-70	EIF1B	c18
5.82737562382343e-24	0.253547679852763	0.014	0.084	2.13287775207562e-19	ATPAF2	c18
3.79755356140923e-64	0.252986579340405	0.075	0.287	1.38994257901139e-59	YY1	c18
3.64078715159968e-25	0.252698276808369	0.024	0.105	1.332564505357e-20	PTPA	c18
1.36016875828306e-37	0.25196937498701	0.045	0.172	4.97835367219181e-33	RNF126	c18
1.56357419597097e-09	0.251886703841506	0.024	0.061	5.72283791467333e-05	ADA	c18
7.46423072399528e-36	0.251120507016238	0.035	0.151	2.73198308728951e-31	TSNAX	c18
1.22334401650881e-73	0.2511174659713	0.072	0.304	4.47756143482389e-69	MGMT	c18
1.97332156853082e-30	0.250989184966075	0.019	0.11	7.22255427297964e-26	MLKL	c18
3.48286434781547e-23	0.250780006914579	0.011	0.078	1.27476317994394e-18	FAM118B	c18
4.61322075038202e-10	0.25035350593189	0.009	0.039	1.68848492684732e-05	ATMIN	c18
9.63538613550504e-20	0.250234630051008	0.016	0.076	3.5266476794562e-15	VPS11	c18
1.01179789566558e-31	0.250130549147556	0.025	0.123	3.7032814779256e-27	C8orf76	c18
5.18591656687096e-38	0.250129180260276	0.048	0.179	1.89809732264044e-33	XAF1	c18
3.28400802587749e-10	0.249940099780981	0.005	0.033	1.20197977755142e-05	ANKRD40	c18
3.12895226822221e-26	0.2495550399318	0.019	0.1	1.14522781969201e-21	NT5C2	c18
1.98371844108685e-65	0.249139998043768	0.107	0.346	7.26060786622196e-61	EMD	c18
4.5318111331728e-45	0.249053183591369	0.036	0.175	1.65868819285258e-40	EPN1	c18
2.73470309051605e-18	0.249041328766761	0.011	0.065	1.00092867815978e-13	PNPO	c18
5.71188903077196e-37	0.248103808703944	0.04	0.163	2.09060850415285e-32	ARPP19	c18
4.42818857773008e-60	0.248033325265683	0.053	0.239	1.62076130133499e-55	TXNDC12	c18
7.42089014026365e-33	0.247802036721225	0.344	0.675	2.7161200002379e-28	LCP1	c18
1.36935146721168e-18	0.247428786764334	0.017	0.076	5.01196330514147e-14	RXYLT1	c18
1.24037383037764e-53	0.247090531276292	0.106	0.316	4.53989225656521e-49	PARP1	c18
4.87633761184094e-07	0.24695666022514	0.008	0.029	0.017847883293099	EXOSC6	c18
5.6777494236917e-13	0.246857701296176	0.013	0.054	2.0781130665654e-08	SBF1	c18
1.29114088687507e-30	0.246782602095422	0.02	0.112	4.72570476005146e-26	CCDC71	c18
3.30960306986745e-44	0.246445936884573	0.05	0.197	1.21134781960219e-39	DCTN1	c18
8.13106254995706e-47	0.24534682834705	0.064	0.227	2.97605020390978e-42	HNRNPD	c18
7.59263940915352e-35	0.245289726828898	0.062	0.194	2.77898195014428e-30	PSMB8-AS1	c18
1.3660730196464e-17	0.245275142204907	0.013	0.067	4.99996385920779e-13	TMEM94	c18
4.3991569447714e-46	0.245249077402267	0.051	0.203	1.61013543335578e-41	SNRNP40	c18
5.43865170433268e-22	0.245128296994965	0.031	0.108	1.9906009103028e-17	PRPS1	c18
2.76519106248721e-45	0.244878393433076	0.04	0.183	1.01208758078094e-40	DNAJB11	c18
5.76725833831798e-23	0.244758640125867	0.025	0.1	2.11087422440776e-18	TMEM222	c18
7.44420523623421e-27	0.244464320365495	0.036	0.13	2.72465355851408e-22	ARL14EP	c18
3.4961539866818e-12	0.244431607583356	0.005	0.039	1.2796273206654e-07	PCNX3	c18
2.25982894238308e-15	0.244222431399923	0.013	0.061	8.27119991201630e-11	THAP3	c18
3.00236490579278e-24	0.243628729941797	0.025	0.104	1.09889557916922e-19	ATF1	c18
1.00067664355078e-73	0.243483504529792	0.147	0.437	3.66257658306022e-69	SPCS2	c18
3.08725965612059e-19	0.243410605813116	0.021	0.084	1.1299679067367e-14	PIK3CG	c18
4.69327538525606e-51	0.24329058927028	0.042	0.2	1.71778572375757e-46	ADAM17	c18
3.29028688613059e-47	0.242395275666362	0.043	0.192	1.20427790319266e-42	AZI2	c18
8.06806341323768e-55	0.242358205728155	0.056	0.233	2.95299188987912e-50	CYB561D2	c18
1.59596445262469e-18	0.24176632107204	0.018	0.077	5.84138949305162e-14	PMM2	c18
9.701657791928e-13	0.241724643378658	0.011	0.05	3.55090376842357e-08	PDK2	c18
1.42125132491088e-53	0.241394693353944	0.077	0.266	5.2019219743063e-49	SMARCE1	c18
1.90927544813238e-33	0.241209377828957	0.032	0.14	6.98813906770933e-29	TIMM23	c18
6.40754631397341e-12	0.241109883292725	0.005	0.038	2.34522602637741e-07	ADO	c18
2.23128805399984e-78	0.240766182869	0.144	0.443	8.1667374064448e-74	TLN1	c18
3.80611896253766e-33	0.240094225898361	0.018	0.115	1.39307760147841e-28	CLN6	c18
3.15127124803768e-24	0.239388020411989	0.022	0.099	1.15339678949427e-19	MRPL1	c18
1.8271073954927e-11	0.239322857121936	0.008	0.042	6.68739577824284e-07	TSHZ1	c18
3.18162478911909e-15	0.239288391287481	0.017	0.066	1.16450648906548e-10	AL135905.2	c18
4.05105576966104e-14	0.239099186498406	0.011	0.054	1.48272692225364e-09	C7orf26	c18
2.38125602156595e-10	0.238970271388269	0.01	0.041	8.71563516453354e-06	LRSAM1	c18
9.72983963284189e-37	0.23889205196661	0.043	0.168	3.56121860401646e-32	MRPL9	c18
3.51216615388119e-15	0.238366502005728	0.011	0.057	1.28548793398205e-10	AKT1S1	c18
1.83000819169854e-11	0.238001435457561	0.01	0.045	6.69801298243584e-07	AL590764.1	c18
3.17507130836632e-33	0.237837342528276	0.066	0.196	1.16210784957516e-28	ANP32E	c18
2.24401856443046e-10	0.237671874888347	0.014	0.048	8.21333234767194e-06	MEF2D	c18
7.12818102296544e-08	0.237392010571415	0.007	0.03	0.00260898553621558	BAG2	c18
4.00682750605214e-28	0.237373917436495	0.025	0.114	1.46653893549014e-23	CISD1	c18
6.49426107977231e-09	0.236881429897818	0.011	0.039	0.000237696449780746	CBX4	c18
1.73157020656234e-64	0.236413494746234	0.068	0.275	6.33772011303881e-60	HPCAL1	c18
6.42432854851562e-18	0.234557894505959	0.014	0.069	2.3513684920422e-13	BOP1	c18
1.32383235252867e-42	0.234423906995929	0.036	0.169	4.8453587934902e-38	NIPSNAP2	c18
4.16102997588677e-17	0.23440089496392	0.012	0.063	1.52297858147432e-12	ZNF672	c18
4.66381788948222e-13	0.234327821425815	0.011	0.05	1.70700398572939e-08	BPGM	c18
1.64020572065718e-23	0.234225341960602	0.033	0.116	6.00331695817735e-19	ACTR6	c18
8.44298777713889e-21	0.234073361722358	0.018	0.083	3.0902179563106e-16	ANAPC10	c18
5.11944922136675e-14	0.233879608021264	0.012	0.055	1.87376960951244e-09	RBMXL1	c18
9.04166866927124e-62	0.233833239208193	0.066	0.266	3.30934114963997e-57	SERINC3	c18
2.7824848071603e-57	0.233820468519034	0.068	0.258	1.01841726426874e-52	DARS	c18
9.32836156878497e-35	0.233579871092197	0.025	0.13	3.41427361779099e-30	SNUPN	c18
9.28020629911921e-20	0.233534864895825	0.017	0.079	3.39664830754062e-15	HIF1AN	c18
3.45950252434862e-16	0.232798653353224	0.018	0.071	1.26621251893684e-11	RNF141	c18
1.5709991799499e-25	0.232573488962175	0.03	0.116	5.75001409853462e-21	PMM1	c18
5.43046468975429e-33	0.23250385321433	0.034	0.143	1.98760438109697e-28	NMRK1	c18
5.74009617485265e-39	0.232445804284102	0.028	0.147	2.10093260095782e-34	ZMPSTE24	c18
2.35876837079447e-16	0.231570898181408	0.009	0.056	8.63332811394484e-12	CXorf21	c18
1.2613907864511e-08	0.230880051381411	0.006	0.03	0.000461681641748968	CD38	c18
1.74403030271562e-60	0.230131865905633	0.072	0.274	6.38332531096945e-56	DNAJA2	c18
5.90667956806199e-54	0.229888997304389	0.089	0.288	2.16190378870637e-49	SNRPA	c18
1.78819986191992e-08	0.229865889613885	0.004	0.026	0.00065449903146131	RFX2	c18
2.49070754191609e-08	0.229485325384125	0.013	0.041	0.000911623867416708	SFMBT2	c18
8.30837867970316e-13	0.229400333919358	0.01	0.049	3.04094968055815e-08	PIGU	c18
5.93174312301525e-50	0.229214734248367	0.036	0.186	2.17107730045481e-45	NAPRT	c18
3.99600411396433e-42	0.229115116719094	0.042	0.178	1.46257746575208e-37	C15orf40	c18
5.86324475962701e-50	0.228946802753617	0.057	0.222	2.14600621447108e-45	WBP1	c18
2.15447955410118e-30	0.228936009712321	0.014	0.101	7.88561061596575e-26	PTPRO	c18
2.86109620565593e-55	0.228422473797484	0.296	0.666	1.04718982223213e-50	ARL6IP5	c18
7.07394965902847e-09	0.227631811089774	0.008	0.035	0.000258913631470101	WDR53	c18
8.55465411500056e-10	0.227629357960079	0.007	0.034	3.13108895263135e-05	PI4K2B	c18
3.65332047765121e-10	0.22752897674262	0.009	0.04	1.33715182802512e-05	ZRANB1	c18
1.1564543437761e-54	0.227521574238782	0.202	0.491	4.23273854365489e-50	TGOLN2	c18
1.82299987692465e-10	0.227422569812976	0.007	0.036	6.67236184953192e-06	ZW10	c18
5.46865722575819e-76	0.227220170047995	0.156	0.46	2.00158323119975e-71	XRCC5	c18
1.37762042419499e-45	0.226942422456722	0.05	0.2	5.04222851459607e-41	BCCIP	c18
1.21541756622428e-06	0.226618092354659	0.004	0.022	0.044485498341375	AGBL5	c18
4.44859839321382e-32	0.225573229130578	0.082	0.217	1.62823149790019e-27	HMGB2	c18
3.35676446528063e-17	0.224749897768066	0.014	0.068	1.22860936193736e-12	OGFOD2	c18
1.21797398701874e-33	0.224717713835758	0.041	0.156	4.45790658988728e-29	CYP51A1	c18
8.61780944731726e-46	0.224409352541348	0.042	0.187	3.15420443581259e-41	SYAP1	c18
6.69514195287485e-60	0.224395412780357	0.071	0.271	2.45048890617172e-55	CYBC1	c18
1.77513533737623e-21	0.223971358112394	0.018	0.084	6.49717284833075e-17	SCAF1	c18
4.86534732856362e-08	0.223865083467989	0.004	0.026	0.00178076577572757	ZNF717	c18
3.24215045680554e-14	0.223447410429988	0.013	0.057	1.1866594886954e-09	PIP4K2C	c18
1.30156621472135e-43	0.223206730345144	0.037	0.174	4.76386250250163e-39	C6orf62	c18
3.40525433880333e-71	0.223027650273312	0.142	0.422	1.24635714054541e-66	WAS	c18
5.74599672942374e-30	0.222991830623709	0.025	0.12	2.10309226293638e-25	DPP9	c18
4.48692426905609e-57	0.222436392110486	0.065	0.254	1.64225915171722e-52	AIMP1	c18
4.26393752185235e-56	0.222184275866394	0.056	0.235	1.56064377237318e-51	FLII	c18
1.33175492078736e-18	0.221811505355608	0.024	0.087	4.87435618557381e-14	MACO1	c18
4.14844101767142e-20	0.221775491086718	0.02	0.085	1.51837089687792e-15	TIMM22	c18
4.61658438627492e-10	0.221460450615521	0.01	0.04	1.68971605122048e-05	BNIP1	c18
1.37283849008317e-48	0.220866262466998	0.043	0.195	5.02472615755341e-44	IDH3B	c18
8.44304088507556e-21	0.220339312645624	0.016	0.079	3.09023739434651e-16	DMAC2	c18
1.85875530155673e-24	0.220267164895233	0.016	0.09	6.80323027922779e-20	POLR3H	c18
1.45439120242016e-39	0.219557556408503	0.051	0.188	5.32321723997803e-35	AP1M1	c18
1.64495523768222e-17	0.218786004739393	0.013	0.066	6.02070066544071e-13	ABHD13	c18
2.29995847506476e-28	0.218723470534696	0.029	0.121	8.41807801458451e-24	RDH14	c18
1.18320947554903e-37	0.218216899728586	0.023	0.134	4.330665001457e-33	ALG2	c18
1.44054621619216e-19	0.217912462097728	0.011	0.069	5.27254320588492e-15	MPEG1	c18
1.78450446963329e-08	0.217887995658073	0.004	0.026	0.00065314648093048	EXTL3	c18
3.13596085584187e-30	0.217448457396622	0.023	0.116	1.14779303284668e-25	CAB39	c18
4.64563005377507e-30	0.217420569563186	0.032	0.131	1.70034705598221e-25	DRG2	c18
1.91738848976689e-26	0.217410543063858	0.024	0.107	7.0178336113958e-22	ELAVL1	c18
1.88236624961972e-53	0.217358189417327	0.059	0.234	6.88964871023313e-49	MAPK1IP1L	c18
2.0751957199232e-18	0.217154521436505	0.016	0.073	7.59542385449089e-14	ERI1	c18
2.09544601313323e-23	0.217142633959474	0.021	0.095	7.66954195266895e-19	RRS1	c18
1.86801113000612e-62	0.215792370925434	0.076	0.285	6.83710753693539e-58	SRP72	c18
2.79259530702676e-17	0.215710770508472	0.051	0.126	1.02211780832486e-12	DANCR	c18
9.59395086650106e-11	0.215413134853284	0.01	0.042	3.51148195664805e-06	ZNF7	c18
1.09971772425209e-50	0.21516293677743	0.098	0.296	4.02507684253506e-46	SNHG5	c18
1.98121244401009e-82	0.215120917287221	0.899	0.954	7.25143566632133e-78	MT-ND1	c18
3.92154822001066e-47	0.214997950645774	0.078	0.251	1.4353258640061e-42	CPNE1	c18
4.71307572774266e-36	0.214944100764958	0.037	0.154	1.72503284711109e-31	COMTD1	c18
1.60124341510399e-42	0.21433652141766	0.043	0.182	5.8607110236221e-38	ME2	c18
2.70131991488167e-20	0.214012336899916	0.016	0.078	9.88710102045841e-16	SGTA	c18
2.75394572880587e-12	0.213201174140262	0.014	0.054	1.00797167620024e-07	MEMO1	c18
1.7097271084716e-79	0.213083149126193	0.115	0.394	6.25777218971691e-75	TMOD3	c18
4.88483422201286e-10	0.212614494098193	0.004	0.031	1.78789817359893e-05	SCRIB	c18
1.41340704399094e-33	0.212297934377807	0.031	0.139	5.17321112171124e-29	LENG1	c18
2.18017890826529e-17	0.212255326960972	0.202	0.356	7.9796728221418e-13	LCK	c18
1.0454040550282e-14	0.211827308631533	0.024	0.076	3.82628338180872e-10	MIB2	c18
1.37255435749516e-20	0.211732176083073	0.018	0.082	5.02368620386804e-16	VPS16	c18
3.40093564572049e-12	0.211581704241874	0.008	0.043	1.24477645569016e-07	TMEM250	c18
1.02659506088923e-34	0.210459196521576	0.024	0.128	3.75744058236068e-30	UBE2W	c18
4.89328863549776e-08	0.209532432017788	0.004	0.024	0.00179099257347853	FBXO45	c18
1.85702427328554e-34	0.209236277185065	0.033	0.143	6.7968945426524e-30	ALKBH5	c18
1.12405066817244e-15	0.209004223714484	0.008	0.052	4.11413785057796e-11	DGAT1	c18
3.10788519663362e-48	0.208475229103704	0.052	0.21	1.13751706081987e-43	SEPHS2	c18
4.64332812035693e-37	0.207910662371217	0.028	0.141	1.69950452533184e-32	ACOX1	c18
2.54264949305689e-22	0.207848294439085	0.02	0.091	9.30635140953752e-18	RAB35	c18
1.3131632229185e-14	0.207037508372713	0.007	0.047	4.80630871220402e-10	MBNL1-AS1	c18
2.65009462848828e-60	0.206448417575725	0.066	0.263	9.69961134972996e-56	STAU1	c18
5.90159111009067e-09	0.206273287481602	0.007	0.032	0.000216004136220429	REXO1	c18
1.02873606870969e-25	0.206094099569492	0.016	0.093	3.76527688508434e-21	DPAGT1	c18
5.47475340956747e-19	0.206050877439365	0.015	0.073	2.00381449543579e-14	C11orf24	c18
1.98246843680052e-36	0.205838793173742	0.026	0.137	7.25603272553358e-32	SKI	c18
9.43813589110659e-33	0.205800724966827	0.039	0.149	3.45445211750392e-28	GTF2E2	c18
6.33864417750182e-33	0.205419022590693	0.042	0.155	2.32000715540744e-28	SUDS3	c18
1.53299910082812e-09	0.205209692017664	0.006	0.033	5.61093000894101e-05	PANK4	c18
4.24091483922424e-48	0.205007291359452	0.035	0.18	1.55221724030446e-43	HAUS4	c18
6.1034528361757e-10	0.204799978935361	0.008	0.038	2.23392477256867e-05	PPP2R2D	c18
1.71656969960916e-14	0.2045940924137	0.005	0.045	6.28281675753948e-10	TRMT5	c18
4.76108594874462e-70	0.204556285554688	0.214	0.554	1.74260506810002e-65	PTGES3	c18
2.18287442250814e-11	0.204143557274667	0.006	0.038	7.98953867382206e-07	JHY	c18
6.52782150101644e-81	0.203935723501717	0.123	0.409	2.38924794758703e-76	DUT	c18
6.31656680986236e-62	0.203306143342653	0.21	0.525	2.31192661807772e-57	UBE2D2	c18
1.53561903519655e-08	0.203175508683943	0.004	0.027	0.000562051923072289	RMI1	c18
2.86464479801465e-22	0.20310571484489	0.016	0.084	1.04848864252134e-17	EXOC3	c18
1.29414655605939e-18	0.203037880194843	0.02	0.081	4.73670580983297e-14	SNHG17	c18
6.28920540377006e-52	0.202858098460803	0.042	0.202	2.30191206983388e-47	CDIPT	c18
7.63934028305753e-07	0.20258624830209	0.005	0.024	0.0279607493700189	ZDHHC13	c18
3.68398185677621e-14	0.20250997472642	0.004	0.042	1.34837419939866e-09	IL17RC	c18
4.68216609352044e-52	0.202143101351059	0.056	0.227	1.71371961188942e-47	LASP1	c18
1.30127918723931e-23	0.201746551877382	0.022	0.097	4.76281195321461e-19	CHMP1B	c18
4.46686323007816e-21	0.201596392371044	0.027	0.098	1.63491661084091e-16	PREX1	c18
3.06114261904087e-81	0.201298209802795	0.088	0.348	1.12040880999515e-76	RTN3	c18
1.11105497230051e-24	0.200937859877777	0.019	0.096	4.0665723041171e-20	POGK	c18
1.09343388036613e-15	0.200833827189032	0.01	0.056	4.00207734552807e-11	ARHGAP21	c18
3.54154473382904e-12	0.200675363436722	0.014	0.053	1.29624078802877e-07	UBR7	c18
7.3368317559091e-36	0.200529388180898	0.032	0.145	2.68535379098029e-31	DCTD	c18
9.35795685130924e-37	0.199732725088055	0.02	0.127	3.42510578714769e-32	MMD	c18
9.50365904293688e-09	0.199498997150548	0.005	0.03	0.000347843424630533	SLC25A44	c18
1.12973018645001e-10	0.199407983598299	0.011	0.045	4.13492545542568e-06	BBC3	c18
4.53040138343544e-44	0.199347965959848	0.045	0.188	1.6581722103512e-39	CHCHD7	c18
4.20498020832127e-51	0.198928793974604	0.053	0.219	1.53906480604767e-46	CHD9	c18
5.35755539160064e-67	0.198590476365778	0.068	0.28	1.96091884887975e-62	SSR1	c18
7.76760681597007e-53	0.198326652835659	0.052	0.221	2.84302177071321e-48	BECN1	c18
7.38165054964766e-54	0.197262627029282	0.053	0.225	2.70175791767654e-49	HSF1	c18
3.78082522176783e-42	0.197130204137857	0.033	0.162	1.38381983941924e-37	NUDT3	c18
1.98175033525767e-08	0.196847254835413	0.005	0.029	0.000725340440207658	MSANTD3	c18
5.05801665186171e-40	0.196835132998645	0.036	0.163	1.8512846747479e-35	PARP9	c18
4.03587313183643e-26	0.196571381564149	0.014	0.09	1.47716992498345e-21	MFSD12	c18
3.82824911680217e-39	0.196315828786387	0.039	0.165	1.40117745924076e-34	ZGPAT	c18
6.69733836993769e-36	0.195615125177286	0.021	0.125	2.45129281678089e-31	CMIP	c18
3.06327680764335e-13	0.195496362770835	0.009	0.048	1.12118994436554e-08	JMJD8	c18
1.1341824139923e-15	0.195439251605385	0.014	0.064	4.1512210534532e-11	ZNF264	c18
8.26980808444176e-18	0.193512636838248	0.014	0.068	3.02683245698653e-13	MRM3	c18
6.65518198136342e-73	0.19350672800519	0.08	0.316	2.43586315699883e-68	ACADVL	c18
2.29536990937918e-24	0.19298099331168	0.016	0.089	8.40128340531873e-20	ACBD3	c18
1.18529279968688e-41	0.192802213435686	0.023	0.144	4.33829017613394e-37	GBA	c18
1.0618986304901e-50	0.192657872237305	0.061	0.231	3.88665517745682e-46	CNPPD1	c18
7.67584664640851e-16	0.192422455145675	0.008	0.053	2.80943663105198e-11	RHBDD3	c18
6.69428373188768e-71	0.191787618809239	0.083	0.317	2.45017478870821e-66	LAMP1	c18
4.33507364550979e-14	0.191467553779774	0.014	0.058	1.58668030499304e-09	ELK4	c18
5.56070809808874e-61	0.191319439474215	0.109	0.338	2.03527477098146e-56	SNHG8	c18
1.31670986678863e-67	0.191193603202393	0.102	0.343	4.81928978343307e-63	HM13	c18
3.78684314319163e-46	0.190737195383294	0.052	0.205	1.38602245883957e-41	TSR2	c18
2.59741802506727e-64	0.190536795214185	0.071	0.28	9.5068097135487e-60	CCPG1	c18
3.40233679181667e-25	0.190047611903571	0.033	0.119	1.24528928917282e-20	MTFP1	c18
9.14107825720709e-71	0.18990244816426	0.101	0.347	3.34572605292037e-66	GPS2	c18
7.66753566488167e-24	0.189577622565296	0.018	0.09	2.80639472870334e-19	TPM1	c18
8.96875331725784e-76	0.189532943130462	0.15	0.449	3.28265340164954e-71	CHURC1	c18
9.18195253923085e-21	0.189515351138752	0.016	0.079	3.36068644888388e-16	KCTD10	c18
3.97341265937098e-19	0.189438200788499	0.016	0.075	1.45430876745637e-14	LRRC8D	c18
3.59922749261107e-15	0.189259080907631	0.011	0.056	1.31735325457058e-10	MCEE	c18
1.13147679285055e-07	0.18896308594127	0.004	0.025	0.00414131820951231	PRICKLE3	c18
1.75889836635182e-16	0.188741425046307	0.012	0.062	6.43774391068429e-12	RABGEF1	c18
5.90794992106808e-32	0.188651470930417	0.024	0.121	2.16236875061013e-27	MRPL44	c18
1.12592373223578e-07	0.187990382120755	0.002	0.02	0.00412099345235618	SPINT1-AS1	c18
2.71458963406133e-46	0.187558601018099	0.045	0.194	9.93566951962788e-42	ACTR10	c18
6.35296781210624e-32	0.187239207777957	0.03	0.132	2.32524974890901e-27	GMIP	c18
8.12407553453972e-10	0.186858516043496	0.008	0.038	2.97349288639688e-05	DPH2	c18
2.79832037081559e-10	0.186830331216556	0.005	0.033	1.02421323892221e-05	DOLK	c18
2.06809823674936e-52	0.18644470648929	0.219	0.514	7.56944635632632e-48	GRB2	c18
1.78604424763282e-78	0.186427390753519	0.167	0.484	6.53710055076088e-74	WASF2	c18
2.95148734731857e-44	0.186289282683997	0.039	0.179	1.08027388399207e-39	LZIC	c18
2.47112337832726e-13	0.186212790091606	0.011	0.051	9.04455867701561e-09	CAD	c18
2.09457500286624e-36	0.185947700982585	0.036	0.153	7.66635396799072e-32	MED30	c18
8.71952952132974e-55	0.185825466963107	0.066	0.249	3.1914350001019e-50	PTPN2	c18
1.13386727887746e-34	0.185678033822708	0.02	0.122	4.15006762741937e-30	FH	c18
9.15400886682491e-10	0.185665989608319	0.005	0.032	3.35045878534659e-05	EEF1AKMT1	c18
2.18879225237733e-11	0.185466273077737	0.01	0.044	8.01119852292626e-07	DIABLO	c18
4.95000354412464e-21	0.18544751951268	0.013	0.076	1.81175079718506e-16	NAIP	c18
7.20027016602688e-48	0.185398511843506	0.056	0.217	2.6353708834675e-43	BCAS2	c18
4.28560448671291e-26	0.185307924198472	0.025	0.108	1.56857409818179e-21	DLGAP4	c18
9.29576356170682e-11	0.185184167324852	0.007	0.037	3.40234242122031e-06	CENPH	c18
6.00889947795147e-49	0.184970829122186	0.056	0.218	2.19931729792502e-44	NRBP1	c18
3.0731957688026e-08	0.184697780646672	0.002	0.023	0.00112482038333944	PEX11G	c18
1.56065394032384e-16	0.184633983219677	0.009	0.057	5.71214948697928e-12	PPCDC	c18
7.93206072423162e-10	0.18414636150173	0.007	0.036	2.90321354567601e-05	TRIM65	c18
8.035661797236e-07	0.18392678737713	0.008	0.028	0.0294113257440635	RNASEH1-AS1	c18
9.93232229939031e-37	0.183768488455321	0.033	0.149	3.63532928479985e-32	PDPK1	c18
2.43120159676111e-18	0.183386165897664	0.013	0.069	8.89844096430534e-14	SMCR8	c18
4.05943106120756e-08	0.182765221182304	0.011	0.037	0.00148579236271258	PHF19	c18
1.61355279737711e-54	0.182681281777263	0.057	0.234	5.90576459367996e-50	MRPS5	c18
4.89604027445972e-68	0.182600229272276	0.058	0.265	1.791999700855e-63	NFE2L2	c18
1.55205451328081e-19	0.182380612436068	0.029	0.098	5.68067472405909e-15	JAZF1	c18
2.58923781835631e-61	0.182201636633979	0.11	0.342	9.47686933896592e-57	HNRNPM	c18
8.51870001737542e-28	0.18210094259263	0.03	0.122	3.11792939335958e-23	PLEKHA2	c18
7.55914826228493e-25	0.18205857776956	0.011	0.082	2.76672385547891e-20	HS1BP3	c18
8.47694529758935e-30	0.18175531411105	0.025	0.119	3.10264674837068e-25	ZFYVE16	c18
1.91767418914688e-22	0.181687822763501	0.021	0.093	7.0188792996965e-18	CTBP1	c18
4.46557245601734e-58	0.18152416971695	0.045	0.22	1.63444417462691e-53	LYRM2	c18
2.70010575057324e-38	0.181464085908924	0.032	0.152	9.8826570576731e-34	POLDIP2	c18
2.75723626829374e-28	0.180874315903993	0.032	0.127	1.00917604655819e-23	CTDSP1	c18
5.41062786287937e-27	0.180751772095353	0.022	0.107	1.98034390409248e-22	SWAP70	c18
3.68840498411214e-49	0.18052864527514	0.042	0.196	1.34999310823488e-44	NCK1	c18
9.59382279084523e-27	0.180476659860333	0.014	0.092	3.51143507967726e-22	SAYSD1	c18
7.14610206861764e-79	0.180238126967254	0.173	0.498	2.61554481813474e-74	NAP1L1	c18
3.69827804291889e-25	0.180211319671199	0.018	0.094	1.35360674648874e-20	PRCP	c18
1.49215694304347e-62	0.179745221364026	0.114	0.351	5.46144362723339e-58	C9orf78	c18
2.79163617148277e-19	0.177983443374066	0.016	0.075	1.02176675512441e-14	MAPK6	c18
5.45250309066271e-18	0.177728253603464	0.018	0.076	1.99567065621346e-13	MRPL49	c18
7.43524955794315e-22	0.177595735070927	0.019	0.088	2.72137569070277e-17	NUP62	c18
9.3873951225198e-69	0.177426551434879	0.088	0.32	3.43588048879347e-64	OS9	c18
6.1931208109122e-24	0.177173692151058	0.014	0.085	2.26674414800198e-19	PTPN9	c18
1.31079468235051e-47	0.177156328887394	0.292	0.624	4.79763961687112e-43	PCED1B-AS1	c18
3.86661652295758e-47	0.177109073007374	0.078	0.251	1.4152203135677e-42	ZBTB38	c18
6.45380107783521e-08	0.176647459106133	0.002	0.022	0.00236215573249846	ALDH1B1	c18
3.75329770987505e-07	0.176583328942867	0.007	0.027	0.0137374449479137	KCTD6	c18
9.3494274453751e-47	0.176391260652167	0.032	0.172	3.42198393928174e-42	NCSTN	c18
3.00409385742126e-15	0.175397853178966	0.008	0.052	1.09952839275476e-10	RBM15B	c18
1.47959410004636e-37	0.175154888638921	0.048	0.178	5.41546236557968e-33	MRFAP1L1	c18
3.05399358557854e-38	0.174209391776178	0.043	0.171	1.1177921922576e-33	EIF3J	c18
1.71611407420458e-19	0.173889519770333	0.009	0.064	6.28114912299617e-15	SPATA20	c18
4.54008013106156e-31	0.173785326468229	0.026	0.123	1.66171472876984e-26	BORCS8	c18
8.20885279341147e-44	0.173427594885877	0.034	0.168	3.00452221091653e-39	MCRS1	c18
1.31819742221403e-06	0.173334342947246	0.002	0.017	0.0482473438504557	LYPD5	c18
1.49402830090553e-48	0.172978477062518	0.046	0.2	5.46829298414433e-44	TFAM	c18
1.26544200531972e-78	0.172848176380375	0.133	0.424	4.63164428367072e-74	NOL7	c18
6.55842731827318e-07	0.172681975048678	0.005	0.025	0.0240044998276117	NFE2L3	c18
1.39066682683808e-33	0.172583230737597	0.031	0.138	5.08997965291004e-29	CLIP4	c18
3.30698591856451e-37	0.172014132052204	0.048	0.176	1.2103899160538e-32	LYST	c18
2.11245775103721e-14	0.171701431048056	0.01	0.053	7.7318066145713e-10	EEF2KMT	c18
2.71126095704498e-26	0.171427907547042	0.022	0.104	9.92348622888032e-22	STK24	c18
1.26672431209221e-24	0.171308069360113	0.025	0.105	4.63633765468868e-20	NAA10	c18
1.96371639815375e-36	0.171250035906235	0.036	0.153	7.18739838888254e-32	NMRAL1	c18
8.79438612789948e-26	0.171223634613373	0.383	0.693	3.21883326667249e-21	EEF2	c18
7.44803755179008e-35	0.171121712878792	0.035	0.148	2.72605622433069e-30	SKIL	c18
4.74919526863158e-20	0.17095028851845	0.106	0.219	1.73825296027185e-15	ITM2A	c18
5.43497479965684e-29	0.170757962191808	0.033	0.13	1.9892551264224e-24	RALGDS	c18
1.89654665147934e-58	0.170755244440455	0.073	0.27	6.94155039907952e-54	RTF1	c18
6.56064090027209e-23	0.170249987727957	0.018	0.089	2.40126017590859e-18	DNAJC21	c18
1.24259149721464e-38	0.16970428298697	0.028	0.146	4.54800913895529e-34	ABR	c18
3.40508892521704e-83	0.169631962775877	0.094	0.363	1.24629659751869e-78	METTL26	c18
1.15723190609629e-36	0.16931643855198	0.021	0.127	4.23558449950303e-32	RFK	c18
5.34937339770385e-141	0.16893350279601	0.976	0.992	1.95792415729359e-136	MT-CO3	c18
3.51622272836423e-23	0.168394143159893	0.017	0.087	1.28697268080859e-18	LINC00847	c18
6.31078273791641e-11	0.168092125121366	0.008	0.041	2.30980958990479e-06	FEM1A	c18
1.29012621416515e-57	0.16798046944618	0.046	0.221	4.72199095646586e-53	ZDHHC3	c18
7.20933224633335e-16	0.167344809506868	0.014	0.063	2.63868769548047e-11	RHBDF2	c18
5.99597175320647e-30	0.166932261832394	0.025	0.118	2.1945856213911e-25	ECSIT	c18
3.5283499369823e-27	0.166727100166773	0.024	0.11	1.29141136043489e-22	MAEA	c18
6.21812570204726e-30	0.166500634224703	0.03	0.127	2.27589618820632e-25	BAG5	c18
6.22135167505876e-27	0.166432142720376	0.813	0.909	2.27707692658826e-22	MT-ND2	c18
5.47244584633556e-10	0.166332150208852	0.01	0.04	2.00296990421728e-05	CCDC126	c18
1.77195839921986e-47	0.166123594584696	0.033	0.175	6.4855449369846e-43	RABGGTB	c18
3.26130583716366e-10	0.165993918081607	0.004	0.031	1.19367054946027e-05	CACNB3	c18
9.84606470059905e-53	0.165889408489282	0.042	0.204	3.60375814106626e-48	ACYP2	c18
2.69002904973817e-41	0.165758192347978	0.025	0.146	9.84577532494668e-37	HLA-DOA	c18
8.80248253465726e-09	0.165066918644519	0.019	0.052	0.00032217966325099	SLA2	c18
1.47730190336727e-53	0.164940192741159	0.063	0.243	5.40707269651455e-49	EGLN2	c18
9.25597032704769e-46	0.164289748051132	0.028	0.163	3.38777769940272e-41	ABHD16A	c18
4.68732838672126e-44	0.164256884904508	0.034	0.168	1.71560906282385e-39	GSS	c18
9.57580562650304e-25	0.164166723978571	0.021	0.099	3.50484061735638e-20	TTF1	c18
1.40515909969542e-41	0.164135748481564	0.04	0.174	5.14302282079522e-37	ARFGAP3	c18
3.7548450003409e-12	0.164039498280489	0.005	0.039	1.37431081857477e-07	ABCD1	c18
3.17864528643034e-48	0.163722906674756	0.033	0.177	1.16341596128637e-43	GLO1	c18
1.62299493858973e-68	0.163631560796876	0.074	0.296	5.94032377473226e-64	NME3	c18
9.72108832314772e-32	0.163406399152014	0.025	0.124	3.5580155371553e-27	AGA	c18
1.93269254074232e-53	0.163377135060061	0.055	0.228	7.07384796837096e-49	FLOT2	c18
9.46068028735729e-14	0.163363124401157	0.043	0.103	3.46270359197564e-09	AL627171.2	c18
4.82786248466976e-43	0.16281557033227	0.042	0.181	1.76704594801398e-38	FPGS	c18
5.57362760952439e-73	0.162234475931606	0.071	0.3	2.04000344136202e-68	NDUFS2	c18
2.02206756030642e-08	0.162192259675972	0.004	0.027	0.000740096947747754	CAMKK1	c18
2.10309001601434e-54	0.162159049444071	0.051	0.222	7.69751976761408e-50	STX7	c18
5.7058447561213e-30	0.161965829414998	0.027	0.122	2.08839623918796e-25	VAMP4	c18
8.52154489120428e-26	0.161616547470389	0.016	0.092	3.11897064562968e-21	C5orf15	c18
5.06058624898612e-29	0.161200596859002	0.028	0.122	1.85222517299141e-24	UFSP2	c18
2.03795454467899e-20	0.161048124840886	0.011	0.07	7.45911742897957e-16	CTSF	c18
2.4777749184995e-32	0.160734771978595	0.398	0.771	9.06890397920001e-28	CD37	c18
2.3496540195179e-17	0.160106397690349	0.009	0.059	8.59996867683745e-13	PRAG1	c18
3.42664666204935e-24	0.159927615345709	0.019	0.094	1.25418694477668e-19	ATF5	c18
1.14557657355452e-55	0.159558276321935	0.055	0.232	4.19292481686688e-51	YTHDF2	c18
1.13183541501794e-13	0.15948138374165	0.004	0.04	4.14263080250716e-09	KCNQ1	c18
4.88385296373934e-20	0.15931074281647	0.019	0.082	1.78753902325824e-15	VAMP7	c18
4.07371543392803e-09	0.158979185390637	0.008	0.036	0.0001491020585972	LSS	c18
1.0601762505707e-41	0.158619993562752	0.043	0.18	3.88035109471383e-37	PEX16	c18
1.43208565810064e-20	0.158188623461809	0.011	0.07	5.24157671721415e-16	ABL2	c18
9.87978264332081e-24	0.157642245145251	0.018	0.09	3.61609924528185e-19	SDHAF3	c18
9.26034058122138e-16	0.157455458783496	0.011	0.059	3.38937725613284e-11	POLRMT	c18
5.00427637842987e-82	0.157216223575265	0.085	0.343	1.83161519726912e-77	RAB10	c18
6.62707420736384e-56	0.157047970241525	0.059	0.24	2.42557543063724e-51	YPEL5	c18
1.23529154681922e-09	0.156811329172517	0.008	0.036	4.52129059051301e-05	ARRDC1-AS1	c18
5.86131747166576e-44	0.156779988094204	0.044	0.186	2.14530080780438e-39	SH3BP1	c18
3.12486301543018e-69	0.156670816858879	0.07	0.291	1.1437311122776e-64	MFSD1	c18
2.22826828968051e-32	0.156095470493387	0.02	0.116	8.15568476705965e-28	METTL22	c18
6.97424873093019e-10	0.156033112909386	0.022	0.06	2.55264477800776e-05	NPDC1	c18
1.76463089832662e-76	0.156002885715939	0.074	0.313	6.45872555096526e-72	HACD4	c18
1.06251066139908e-55	0.155888236390108	0.048	0.221	3.88889527178679e-51	PSMD3	c18
9.01688507184684e-43	0.155861761632275	0.031	0.161	3.30027010514666e-38	HMG20B	c18
4.52837552748892e-30	0.155537424226866	0.023	0.115	1.65743072681622e-25	CCDC22	c18
1.03437549579314e-51	0.15542275154514	0.231	0.525	3.78591775215246e-47	VAMP2	c18
6.31510027573265e-14	0.155004590540445	0.008	0.048	2.31138985192091e-09	GMNN	c18
2.55424358286819e-41	0.154559322921741	0.025	0.146	9.34878693765586e-37	PGM1	c18
6.89100627040751e-80	0.154061071335255	0.088	0.344	2.52217720503185e-75	CNPY2	c18
4.24723400135575e-12	0.154046735173908	0.014	0.053	1.55453011683622e-07	FAM228B	c18
1.27997354267125e-07	0.153719472836511	0.005	0.025	0.00468483116353105	RWDD2B	c18
2.15598287734335e-25	0.153710991950431	0.028	0.112	7.8911129293644e-21	SIGMAR1	c18
1.32157388392296e-11	0.153643769213651	0.008	0.041	4.83709257254641e-07	SLC35A5	c18
2.40916914847109e-13	0.153607662726704	0.008	0.046	8.81780000031902e-09	SGPL1	c18
1.87461693935346e-39	0.153494464707758	0.034	0.158	6.86128545972762e-35	TMX2	c18
2.06984513868074e-22	0.15348447935834	0.013	0.079	7.57584019208538e-18	PGPEP1	c18
5.48121480760453e-12	0.153291134287999	0.007	0.041	2.00617943173133e-07	ZNF200	c18
1.15089860366418e-29	0.153211720088781	0.024	0.117	4.21240397927126e-25	NDUFAF2	c18
1.10721687168253e-33	0.153136560892309	0.027	0.132	4.05252447204524e-29	KPNA4	c18
1.81038039208034e-18	0.15274712844925	0.019	0.078	6.62617327305327e-14	TDRD3	c18
1.16231428326567e-07	0.152369988047194	0.021	0.05	0.00425418650818068	KIF21A	c18
1.08882447332078e-24	0.152193319733202	0.012	0.083	3.9852064548014e-20	AKT1	c18
6.03339858366226e-60	0.151839467663285	0.068	0.265	2.20828421560622e-55	FBXW5	c18
4.70296796803586e-22	0.151659489888946	0.018	0.087	1.7213333059808e-17	ZNF226	c18
1.83810892807036e-26	0.151448391188008	0.031	0.119	6.72766248763034e-22	USE1	c18
2.35304460111454e-64	0.151183557913891	0.081	0.298	8.61237854453933e-60	MYO1F	c18
8.5150433425718e-09	0.151070324814161	0.007	0.033	0.00031165910138147	CDPF1	c18
1.25856047864442e-15	0.150537376539404	0.008	0.053	4.60645720788644e-11	PURB	c18
1.8294569548703e-63	0.15040638290687	0.056	0.252	6.69599540052079e-59	ARL8B	c18
2.66498086690779e-74	0.150292989878547	0.135	0.418	9.75409647096922e-70	EVI2B	c18
5.04130639001062e-12	0.149596932919778	0.044	0.099	1.84516855180779e-07	SAMD3	c18
1.74187313545623e-54	0.149592980216419	0.056	0.232	6.37542986308335e-50	SMARCB1	c18
1.55914443893733e-08	0.149567555009219	0.005	0.029	0.000570662456095454	HRAS	c18
1.60669312845193e-21	0.149280757961589	0.014	0.078	5.88065751944691e-17	USP25	c18
1.58213646503154e-07	0.148539314929397	0.007	0.028	0.00579077767566193	ABAT	c18
5.24480394562698e-26	0.148307591472029	0.013	0.087	1.91965069213893e-21	CD101	c18
2.37926356038768e-45	0.147920858350592	0.019	0.145	8.70834255737493e-41	GCSH	c18
2.1219639200153e-78	0.147894312881063	0.104	0.369	7.76660014364801e-74	RAB14	c18
8.41819128844744e-23	0.147806730388468	0.01	0.075	3.08114219348465e-18	ATP10A	c18
2.50023033836747e-07	0.147328022538544	0.003	0.022	0.00915109306145879	AC091982.3	c18
4.3525392473946e-07	0.147230717130874	0.004	0.023	0.015930728899389	SLC27A4	c18
3.19693508998542e-26	0.146995919875662	0.024	0.107	1.17011021228556e-21	ILRUN	c18
3.20372917693897e-43	0.146854950338459	0.037	0.172	1.17259691605143e-38	RFXANK	c18
6.62720888749375e-25	0.146469408996495	0.011	0.081	2.42562472491159e-20	CPT2	c18
3.85728083992783e-25	0.145941438269082	0.025	0.106	1.41180336022199e-20	RPA1	c18
3.15781633513441e-16	0.145913608310022	0.019	0.073	1.15579235682254e-11	AC245297.3	c18
1.11337591578373e-07	0.145754034088452	0.005	0.026	0.00407506718936001	SPATA2L	c18
1.14973243421977e-29	0.144892213235728	0.03	0.127	4.20813568248778e-25	ELOA	c18
1.97014319023755e-90	0.144082491570586	0.106	0.399	7.21092109058847e-86	RAB2A	c18
4.83441934254173e-23	0.143110943837802	0.018	0.088	1.7694458235637e-18	PCYT2	c18
1.5776871590394e-25	0.143021042205785	0.014	0.089	5.77449277080012e-21	TARBP2	c18
7.6187151697507e-22	0.142409782847392	0.013	0.078	2.78852593928045e-17	C16orf91	c18
3.29341685675031e-07	0.142085976396605	0.012	0.036	0.0120542350373918	NSG1	c18
2.86771599047839e-82	0.142085097915612	0.928	0.974	1.049612729675e-77	MT-ATP6	c18
1.20003460904691e-18	0.141384830749502	0.008	0.06	4.39224667257259e-14	SLC35A2	c18
5.86636365879662e-77	0.141106839618363	0.184	0.512	2.14714776275615e-72	SERBP1	c18
1.62093332152633e-13	0.141101835539593	0.014	0.057	5.93277805011854e-09	NAALADL1	c18
2.52001004474351e-41	0.140834272693434	0.057	0.202	9.22348876476573e-37	NCBP2AS2	c18
7.30586399563762e-49	0.14076983256583	0.027	0.168	2.67401928104333e-44	SEC22C	c18
1.60161306186995e-48	0.140678088018644	0.034	0.179	5.86206396775022e-44	UBASH3B	c18
1.08658496481822e-21	0.140611015955802	0.013	0.077	3.97700962973117e-17	KCTD5	c18
9.05882896448805e-62	0.139504627541774	0.048	0.233	3.31562198929227e-57	COMMD3	c18
4.96124590126687e-15	0.139436449444357	0.014	0.061	1.81586561232269e-10	DHRS4-AS1	c18
8.52009597601442e-61	0.13920918150861	0.046	0.229	3.11844032818104e-56	FEZ2	c18
1.69180994750308e-22	0.138965739313057	0.014	0.082	6.19219358885603e-18	SWI5	c18
5.25988752226145e-07	0.137797186672869	0.01	0.032	0.0192517143202291	DLEU1	c18
6.8013942859067e-08	0.137083157222574	0.004	0.025	0.00248937832258471	ZNF282	c18
5.441034758418e-49	0.136987630276495	0.095	0.285	1.99147313192857e-44	SOD2	c18
9.40666988885445e-08	0.136713861635223	0.004	0.025	0.00344293524601962	AMMECR1L	c18
1.58626570839275e-27	0.136265972670031	0.014	0.093	5.80589111928832e-23	H6PD	c18
1.46646445526214e-72	0.136138722429497	0.084	0.322	5.36740655270495e-68	LSM8	c18
2.20144295809702e-13	0.135688271878712	0.01	0.049	8.05750137093091e-09	SNX11	c18
1.95541972081979e-33	0.135642381909342	0.027	0.131	7.1570317201725e-29	VPS26C	c18
3.9246987356137e-45	0.135369090293599	0.022	0.151	1.43647898422197e-40	AHCYL1	c18
1.4581208965737e-07	0.135221499618289	0.004	0.023	0.00533686829354941	FXR2	c18
1.70342561134196e-54	0.135058581105347	0.05	0.22	6.23470808007269e-50	RAB4B	c18
8.38161287220725e-67	0.134935007553463	0.067	0.279	3.06775412735658e-62	SCAMP3	c18
6.96280568251235e-28	0.134531504484498	0.022	0.108	2.54845650785634e-23	RIOK1	c18
6.83732184328247e-65	0.134078305706487	0.061	0.264	2.50252816785982e-60	SCARB2	c18
6.22809101290873e-54	0.133471066831995	0.058	0.234	2.27954359163473e-49	DHPS	c18
2.34114416748945e-46	0.1334107956407	0.049	0.2	8.56882176742813e-42	METTL23	c18
1.23022665763967e-14	0.132442701747477	0.007	0.048	4.50275258962697e-10	GPR34	c18
4.74309544625209e-34	0.132387903320839	0.027	0.132	1.73602036428273e-29	TTC7A	c18
2.46200402438837e-11	0.132371225322022	0.007	0.039	9.01118092966386e-07	SFR1	c18
3.52912385819459e-70	0.132045519530281	0.074	0.299	1.2916946233378e-65	PSMD6	c18
2.94411920244261e-27	0.132000886026164	0.026	0.114	1.07757706928602e-22	RP9	c18
9.76622340531666e-12	0.131610001151	0.007	0.041	3.57453542857995e-07	C11orf68	c18
4.72886458336744e-35	0.131150476736807	0.026	0.133	1.73081172615832e-30	ZSCAN16-AS1	c18
3.54272931043026e-44	0.131079826324468	0.313	0.655	1.29667435491058e-39	YWHAZ	c18
2.91752940231747e-54	0.131027484075544	0.056	0.23	1.06784493654222e-49	NDUFAF8	c18
4.23906279169181e-34	0.130622859261126	0.024	0.128	1.55153937238712e-29	MOSPD2	c18
5.68748962658785e-51	0.130209675578243	0.035	0.187	2.08167807822742e-46	HSD17B4	c18
6.26035423823356e-21	0.130077499566257	0.026	0.097	2.29135225473586e-16	IL12RB1	c18
7.98527611316209e-09	0.129756469194866	0.005	0.03	0.000292269091017846	ACP6	c18
2.5473053801283e-22	0.129683281986372	0.02	0.09	9.3233924218076e-18	EIF4G3	c18
5.1941462743263e-66	0.129306968117025	0.066	0.277	1.90110947786617e-61	ZFAND5	c18
3.80186455421608e-66	0.129161442004396	0.218	0.546	1.39152044548863e-61	ACTR3	c18
5.1761035366764e-68	0.128820795302985	0.068	0.282	1.89450565545893e-63	MRFAP1	c18
7.92508119981303e-41	0.128759810458886	0.041	0.173	2.90065896994357e-36	SGF29	c18
5.38796522444849e-17	0.128623015715663	0.013	0.064	1.97204915180039e-12	LETM1	c18
4.65477249987649e-22	0.128440654949982	0.014	0.08	1.70369328267979e-17	MRS2	c18
2.1149480411668e-44	0.127709474649756	0.045	0.189	7.7409213254746e-40	HNRNPUL2	c18
5.0371234697902e-69	0.127282335347737	0.065	0.281	1.84363756117791e-64	NECAP2	c18
1.63515291274236e-07	0.127274166835182	0.008	0.031	0.0059848231759283	GNB1L	c18
9.48516924220732e-34	0.126791057096828	0.034	0.144	3.4716667943403e-29	HARS	c18
2.90372234880916e-25	0.126597989077361	0.013	0.086	1.06279141688764e-20	GSTM4	c18
1.23482495637333e-30	0.126108332699084	0.024	0.119	4.51958282282203e-26	ARAF	c18
8.44882638161978e-11	0.125915232786305	0.008	0.039	3.09235494393665e-06	TOMM34	c18
9.19582467818497e-155	0.125374074651852	0.988	0.995	3.36576379046248e-150	MT-CO2	c18
9.8789727937943e-44	0.125366555531903	0.033	0.167	3.61580283225665e-39	KARS	c18
2.99411895671594e-26	0.125257370898947	0.015	0.092	1.0958774793476e-21	BCAT2	c18
2.94046255684723e-88	0.124616779653036	0.124	0.428	1.07623870043165e-83	OTUB1	c18
6.4623807545106e-43	0.124144426890454	0.028	0.155	2.36529597995843e-38	CMAS	c18
5.98170816345784e-73	0.123991898354149	0.086	0.326	2.1893650049072e-68	SPCS3	c18
4.27242016882063e-22	0.123438153463005	0.011	0.074	1.56374850599004e-17	ITGAV	c18
1.08726078650935e-52	0.12310765293591	0.051	0.218	3.97948320470288e-48	TCP1	c18
9.67896466685361e-62	0.122985278265264	0.055	0.247	3.54259785771509e-57	CNDP2	c18
1.47685985875998e-42	0.122856581628658	0.05	0.192	5.40545476904741e-38	CCDC59	c18
3.82616036433598e-34	0.122066499750778	0.04	0.154	1.40041295495061e-29	USP1	c18
5.36803922237475e-09	0.121996311864997	0.007	0.032	0.000196475603578138	GIHCG	c18
1.60150220328268e-10	0.121973050072561	0.008	0.039	5.86165821423494e-06	C16orf72	c18
4.98646589857915e-82	0.121828637185031	0.185	0.528	1.82509638353896e-77	UBE2D3	c18
8.41347277004523e-58	0.120820467915313	0.057	0.24	3.07941516856425e-53	ATF4	c18
7.07489824139492e-14	0.120431291130666	0.008	0.047	2.58948350533295e-09	UAP1	c18
3.77893069802989e-37	0.120315699228047	0.017	0.122	1.38312642478592e-32	ILVBL	c18
2.39562278385345e-21	0.120102071485979	0.021	0.09	8.76821895118202e-17	FTSJ3	c18
9.83591582075779e-27	0.119860539193981	0.024	0.109	3.60004354955556e-22	MCM5	c18
9.23552672904139e-34	0.119271387386688	0.034	0.143	3.38029513809644e-29	NXT1	c18
2.26244570512152e-32	0.119236654500032	0.056	0.177	8.28077752531527e-28	TNIP1	c18
2.64606095799833e-41	0.119011644536017	0.042	0.177	9.68484771236969e-37	TPGS2	c18
1.97249527793763e-09	0.1181950654518	0.005	0.03	7.21952996677953e-05	CENPQ	c18
2.35311115298833e-14	0.117999012323282	0.005	0.044	8.6126221310526e-10	RNASE4	c18
7.64151610738596e-79	0.117790472925254	0.08	0.327	2.79687131046434e-74	CCT2	c18
3.57088019015429e-43	0.11764069154052	0.051	0.196	1.30697785839837e-38	HTATSF1	c18
2.20928318440552e-40	0.117279367905852	0.039	0.169	8.08619738324266e-36	GNPTAB	c18
1.63011055221157e-46	0.117251506377276	0.054	0.209	5.96636763214958e-42	MFNG	c18
2.80709935859154e-40	0.117015104447415	0.027	0.147	1.02742643623809e-35	NTPCR	c18
1.82771445342032e-30	0.116765079053447	0.02	0.111	6.6896176709637e-26	SFXN3	c18
1.88237735753825e-23	0.116406850652967	0.016	0.086	6.88968936632574e-19	KPNA2	c18
1.15633880167213e-14	0.115957729463589	0.02	0.07	4.23231564800017e-10	PLEKHO1	c18
2.08125490805168e-47	0.115938552636141	0.063	0.228	7.61760108895997e-43	IVNS1ABP	c18
2.19259983998065e-12	0.115895274313536	0.01	0.047	8.02513467431316e-08	FUBP3	c18
1.7179250891612e-18	0.115815717334115	0.018	0.076	6.28777761883891e-14	FMNL3	c18
5.73907750127243e-53	0.1157995528019	0.042	0.203	2.10055975624072e-48	DERL2	c18
3.36244291705582e-20	0.115639154601855	0.008	0.065	1.2306877320716e-15	ACSS2	c18
1.04335301217427e-08	0.115425053234409	0.006	0.03	0.000381877635985906	ENTPD5	c18
6.10489808433296e-09	0.115415122499219	0.002	0.025	0.000223445374784671	TTC8	c18
6.92238325350418e-88	0.11533174351997	0.145	0.464	2.53366149461507e-83	TMED10	c18
2.16689314887379e-08	0.11523307103038	0.006	0.03	0.000793104561419295	ZNF749	c18
4.65697199660984e-53	0.113132865632154	0.112	0.325	1.70449832047917e-48	BIN2	c18
1.06210142335841e-76	0.113114986680467	0.086	0.333	3.88739741963412e-72	ADH5	c18
2.13988163796832e-29	0.113016273328115	0.016	0.101	7.83218078312784e-25	TEN1	c18
8.20559699634744e-09	0.112855717275843	0.007	0.033	0.000300333055663313	GFOD2	c18
5.1181592511363e-16	0.112823754361682	0.014	0.064	1.8732974675084e-11	BEX3	c18
1.65865940567787e-14	0.112516891412665	0.009	0.051	6.07085929072158e-10	SLC25A17	c18
7.06998506815132e-52	0.112414974806477	0.117	0.328	2.58768523479406e-47	IER2	c18
1.13139739176297e-24	0.112119623194985	0.019	0.096	4.14102759359165e-20	C12orf43	c18
3.1785761739115e-61	0.111616771275348	0.042	0.223	1.16339066541335e-56	COMMD9	c18
1.04728444481314e-13	0.111313035385383	0.005	0.042	3.83316579646058e-09	P2RY13	c18
2.10011911535775e-32	0.110993334660812	0.826	0.931	7.68664597412089e-28	MT-ND4	c18
1.34796349448077e-27	0.110752766720331	0.027	0.115	4.93368118614907e-23	XRCC1	c18
7.54047615758273e-67	0.110505949028994	0.069	0.282	2.75988967843685e-62	CWC15	c18
9.65646765533575e-56	0.1099525420761	0.051	0.227	3.53436372652944e-51	CIR1	c18
1.12073613627916e-35	0.109718680705872	0.034	0.148	4.10200633239535e-31	GOLGA2	c18
4.28449027803987e-34	0.108732598536587	0.026	0.131	1.56816628666537e-29	MED29	c18
7.19152904153967e-18	0.108666560831441	0.013	0.066	2.63217154449393e-13	SNX18	c18
7.21171894164328e-32	0.108449785408958	0.021	0.117	2.63956124983086e-27	TRAF7	c18
4.95481719719319e-53	0.107970081019401	0.053	0.223	1.81351264234468e-48	STX8	c18
4.00404503930623e-49	0.107920095473109	0.039	0.19	1.46552052483647e-44	AK2	c18
3.55083878749155e-54	0.107776648672779	0.06	0.238	1.29964250460978e-49	PDCD2	c18
1.25619047781809e-12	0.107753051140757	0.005	0.039	4.597782767862e-08	SLC46A1	c18
1.71754948476092e-17	0.107646673203217	0.01	0.06	6.28640286917346e-13	ABHD11	c18
6.37681728587573e-72	0.107376821370106	0.095	0.34	2.33397889480337e-67	CMTM6	c18
3.41495699362755e-17	0.10709113518371	0.018	0.073	1.24990840923762e-12	PRPSAP2	c18
2.24366271820402e-20	0.107050430143922	0.021	0.086	8.21202991489853e-16	RPS10	c18
1.31488302368517e-19	0.106843875591662	0.014	0.074	4.8126033549901e-15	CXorf40B	c18
2.23576653896654e-10	0.106787955319849	0.005	0.033	8.18312910927142e-06	CARM1	c18
1.572459863593e-09	0.106743549701252	0.002	0.026	5.75536034673673e-05	ARMCX1	c18
1.03455779557748e-54	0.106707499982479	0.045	0.213	3.78658498759312e-50	MTMR14	c18
3.79317174261339e-25	0.10666818282778	0.021	0.1	1.38833878951393e-20	RANBP3	c18
5.8778651837564e-07	0.105824640065787	0.001	0.017	0.0215135743590668	ZBED3	c18
1.10081479476633e-29	0.105692103582498	0.029	0.125	4.02909223032425e-25	TP53I13	c18
2.48679086688464e-34	0.1056706529007	0.021	0.122	9.10190325188447e-30	MTHFD1	c18
1.55888913465661e-24	0.10534845117697	0.018	0.092	5.70569012175666e-20	IDH3A	c18
4.57721493621925e-38	0.105248411904931	0.026	0.14	1.67530643880561e-33	P4HA1	c18
4.70836997806188e-55	0.104608852489978	0.056	0.232	1.72331049567043e-50	HSPB11	c18
1.81978191063016e-49	0.103809521500978	0.068	0.24	6.66058377109747e-45	FGFR1OP2	c18
6.46246222863142e-12	0.103312785991862	0.008	0.043	2.36532580030138e-07	RNF31	c18
7.87187408434332e-25	0.103068083443557	0.014	0.087	2.8811846336105e-20	BET1	c18
1.17210310723667e-20	0.103015145434386	0.012	0.073	4.29001458279692e-16	MPZL1	c18
5.33979985134246e-20	0.102868890764782	0.01	0.068	1.95442014358985e-15	TFE3	c18
3.24424477855081e-38	0.102486446708139	0.024	0.136	1.18742603139738e-33	TSFM	c18
1.69181599475119e-07	0.102176674767318	0.006	0.027	0.00619221572238884	MAPKBP1	c18
1.00988898968909e-68	0.102050174981115	0.124	0.384	3.69629469116104e-64	SNX2	c18
5.87918253168957e-51	0.10193744906322	0.04	0.196	2.1518395984237e-46	LLPH	c18
4.05541319530292e-49	0.101613301368757	0.042	0.195	1.48432178361282e-44	EXOSC1	c18
4.32123150417992e-10	0.101488913291126	0.006	0.034	1.58161394284489e-05	TMEM191C	c18
7.69568585356795e-11	0.10089867924697	0.011	0.045	2.81669797926441e-06	CSRNP1	c18
1.15844321251844e-16	0.100676061454451	0.016	0.068	4.24001800213873e-12	BLOC1S5	c18
1.119175745531e-80	0.100671490815888	0.104	0.374	4.09629514621802e-76	ENSA	c18
4.06890947068773e-25	0.100518746865004	0.017	0.092	1.48926155536642e-20	PAK1IP1	c18
1.7929319413968e-67	0.100077886902052	0.047	0.245	6.56231019870642e-63	BTF3L4	c18
1.03431001916086e-49	0.100077072672113	0.037	0.188	3.78567810113067e-45	BORCS7	c18
6.62151146131767e-29	0.100046750114418	0.016	0.1	2.42353940995688e-24	COX15	c18
