Term	Overlap	P.value	Adjusted.P.value	Odds.Ratio	Combined.Score	Genes	Rank	Database
Lysosome	84/128	2.39444378161073e-24	7.61433122552211e-22	6.36696811042361	346.292336273981	CD164;AP1S1;AP1B1;CTNS;GALNS;GLA;CD68;ATP6V0D1;IDUA;ASAH1;GGA2;LAPTM4A;LAMP2;LAMP1;ARSA;ARSB;IGF2R;ATP6V0C;ATP6V0B;MANBA;NAPSA;DNASE2B;ATP6AP1;SLC11A1;SLC11A2;M6PR;LGMN;PPT1;TPP1;GNS;NAGPA;LIPA;ATP6V0A1;ATP6V1H;CTSB;HGSNAT;CTSA;FUCA1;FUCA2;NPC1;SUMF1;NPC2;GNPTG;DNASE2;MAN2B1;CLTC;CTSZ;CLTB;CLTA;LITAF;CTSS;CTSO;PSAP;CTSL;NEU1;CTSK;ACP5;CTSH;CTSF;ACP2;CTSD;CTSC;SORT1;GAA;NAGA;AP3D1;LAPTM5;MCOLN1;GLB1;PLA2G15;ATP6V0D2;SCARB2;CD63;GBA;HEXA;HEXB;TCIRG1;CLN5;GM2A;HYAL2;NAGLU;AP3S1;GUSB;SLC17A5	1	KEGG_2021_Human
Phagosome	87/152	2.22746572273364e-19	3.54167049914649e-17	4.46066193138885	191.577633942176	ATP6V1E1;DYNC1LI2;MARCO;NCF1;ATP6V0D1;STX18;STX12;ACTB;TUBB6;LAMP2;LAMP1;STX7;RILP;HLA-DOA;MSR1;ATP6V0C;ATP6V0B;HLA-DRB5;ATP6AP1;M6PR;CYBB;CYBA;HLA-G;RAB5B;VAMP3;ATP6V1B2;HLA-DRB1;ATP6V1A;ATP6V1D;NCF2;TFRC;NCF4;ACTG1;C3;ATP6V1F;CD14;ATP6V1C1;ATP6V0A1;ATP6V1H;ITGA5;TUBB;TUBB2A;TLR2;FCGR2A;HLA-DQB1;HLA-DRA;CALR;TLR6;RAB7A;TLR4;RAB7B;RAB5C;CTSS;FCGR3A;FCGR3B;CLEC7A;CTSL;SEC61B;CD36;DYNC1I2;HLA-DQA2;HLA-DQA1;ATP6V1G1;ATP6V0E1;TUBB4B;CANX;HLA-DPB1;ATP6V0D2;COLEC12;ITGB5;TCIRG1;THBS1;ITGAM;TUBA1A;EEA1;HLA-DMB;TUBA1C;FCGR1A;TUBA1B;MRC1;SEC61A1;HLA-DPA1;RAC1;ITGAV;HLA-DMA;OLR1;SCARB1	2	KEGG_2021_Human
Prion disease	130/273	9.57337598072043e-19	1.01477785395637e-16	3.04279017588846	126.245762566711	GRIN2D;MAPK14;PSMC4;PSMC2;HSPA1A;BAX;PSMC1;UQCRC1;HSPA1B;UQCR10;UQCR11;PSMD7;PSMD8;CREB3L2;PSMD3;PSMD1;EGR1;COX8A;PRKCD;CSNK2B;ATF4;PRKACA;TUBB;TUBB2A;ATP5F1E;COX6C;IL1A;IL1B;COX7B;C8A;C8B;STIP1;ATP5PF;ATP5PD;CSNK2A2;ATP5PB;TUBB4B;COX6B1;PSMA6;PSMA7;PSMA4;PSMA2;PSMA3;NDUFAB1;C1QC;C1QB;C1QA;COX5A;RYR1;NDUFA13;NDUFA11;TUBA1A;COX5B;PSMB7;ATP5F1B;PSMB5;TUBA1C;ATP5F1C;PSMB6;TUBA1B;PSMB3;PSMB1;PSMB2;RAC1;SDHD;SDHB;SDHC;UQCRQ;PPIF;NCF1;NDUFB10;COX6A1;TUBB6;NDUFV3;NDUFV2;CYBB;CYBA;SEM1;CREB5;NOTCH1;NCF2;NCF4;ATP5MC3;CACNA1F;COX7A2;ATP5MC1;UQCRH;CYC1;HSPA6;NDUFC2;NDUFC1;NDUFS8;PIK3CB;NDUFS7;NDUFS6;NDUFS5;NDUFS4;NDUFS3;CYCS;NDUFS2;PSMD11;NDUFB9;PSMD12;NDUFB7;NDUFB6;PSMD14;NDUFB5;NDUFB4;LAMC1;NDUFB3;NDUFB2;NDUFB1;PIK3R2;CASP9;UQCRFS1;NDUFA9;NDUFA8;NDUFA7;NDUFA6;ADRM1;NDUFA4;NDUFA3;NDUFA2;NDUFA1;UQCRHL;DDIT3;VDAC2;VDAC1;SLC25A5;MAPK9	3	KEGG_2021_Human
Oxidative phosphorylation	78/133	2.22241857485405e-18	1.76682276700897e-16	4.72016636957813	191.865018719962	ATP6V1E1;SDHD;SDHB;SDHC;PPA2;UQCRQ;UQCRC1;ATP6V0D1;NDUFB10;UQCR10;UQCR11;COX6A1;NDUFV3;NDUFV2;COX8A;ATP6V0C;ATP6V0B;ATP6AP1;ATP6V1B2;ATP6V1A;ATP6V1D;COX17;ATP5MC3;COX7A2;ATP5MC1;UQCRH;COX15;ATP6V1F;CYC1;ATP6V1C1;ATP6V0A1;ATP6V1H;NDUFC2;NDUFC1;ATP5F1E;COX6C;NDUFS8;NDUFS7;NDUFS6;NDUFS5;NDUFS4;NDUFS3;NDUFS2;NDUFB9;COX7B;NDUFB7;NDUFB6;NDUFB5;NDUFB4;NDUFB3;NDUFB2;NDUFB1;UQCRFS1;ATP5MF;ATP6V1G1;NDUFA9;ATP5PF;ATP6V0E1;NDUFA8;NDUFA7;ATP5PD;NDUFA6;ATP5PB;NDUFA4;NDUFA3;NDUFA2;NDUFA1;COX6B1;UQCRHL;NDUFAB1;ATP6V0D2;COX5A;NDUFA13;NDUFA11;TCIRG1;COX5B;ATP5F1B;ATP5F1C	4	KEGG_2021_Human
Parkinson disease	120/249	6.38268201733149e-18	4.05938576302283e-16	3.10957026855659	123.117039286726	TRAP1;PSMC4;PSMC2;BAX;PSMC1;UQCRC1;CALM2;UQCR10;CALML4;UQCR11;UBE2L6;UBE2L3;PSMD7;PSMD8;PSMD3;PSMD1;SNCA;COX8A;ATF6;ATF4;TXN;UBE2J1;PRKACA;TUBB;TUBB2A;ATP5F1E;COX6C;COX7B;ATP5PF;ATP5PD;ATP5PB;TUBB4B;COX6B1;PSMA6;PSMA7;PSMA4;PSMA2;PSMA3;NDUFAB1;COX5A;NDUFA13;NDUFA11;TUBA1A;COX5B;GNAI2;PSMB7;ATP5F1B;PSMB5;TUBA1C;ATP5F1C;PSMB6;TUBA1B;PSMB3;PSMB1;PSMB2;SDHD;SDHB;SDHC;PINK1;UQCRQ;PPIF;NDUFB10;PARK7;COX6A1;TUBB6;MFN2;NDUFV3;NDUFV2;MAP3K5;SEM1;BCL2L1;GNAS;UBA1;ATP5MC3;COX7A2;ATP5MC1;UQCRH;UBB;CYC1;NDUFC2;NDUFC1;NDUFS8;NDUFS7;NDUFS6;NDUFS5;NDUFS4;NDUFS3;CYCS;NDUFS2;NFE2L2;PSMD11;NDUFB9;PSMD12;NDUFB7;NDUFB6;PSMD14;UBA7;NDUFB5;LRRK2;NDUFB4;NDUFB3;NDUFB2;NDUFB1;CASP9;UQCRFS1;NDUFA9;NDUFA8;NDUFA7;NDUFA6;ADRM1;NDUFA4;NDUFA3;NDUFA2;NDUFA1;UQCRHL;DDIT3;VDAC2;VDAC1;SLC25A5;MAPK9	5	KEGG_2021_Human
Alzheimer disease	159/369	2.21273544378042e-17	1.17274978520362e-15	2.5392579919526	97.3798255677332	GRIN2D;PSMC4;PSMC2;PSMC1;UQCRC1;CALM2;APP;LRP1;UQCR10;CALML4;UQCR11;FRAT1;FRAT2;PSMD7;PSMD8;PSMD3;AKT1;NRBF2;PSMD1;NCSTN;SNCA;COX8A;FZD1;INSR;FZD5;FZD7;CSNK1E;BACE1;BACE2;CSNK2B;ATF6;ATF4;APOE;PSENEN;TUBB;TUBB2A;ATP5F1E;COX6C;IL1A;IL1B;COX7B;ATG101;FADD;ATP5PF;ATP5PD;CSNK2A2;MME;ATP5PB;ADAM10;TUBB4B;COX6B1;PSMA6;PSMA7;PSMA4;ADAM17;PSMA2;PSMA3;NDUFAB1;PLCB2;PLCB3;COX5A;NDUFA13;CTNNB1;NDUFA11;TUBA1A;COX5B;PTGS2;PSMB7;ATP5F1B;PSMB5;TUBA1C;ATP5F1C;PSMB6;TUBA1B;PSMB3;PSMB1;PSMB2;HRAS;BID;SDHD;SDHB;SDHC;UQCRQ;PPIF;CHRM3;CSF1;NDUFB10;COX6A1;TUBB6;CAPN1;NDUFV3;NDUFV2;MAP3K5;MAP2K2;MAP2K1;CYBB;SEM1;GNAQ;IRS2;LPL;ATP5MC3;PSEN1;PSEN2;CACNA1F;COX7A2;ATP5MC1;UQCRH;CYC1;WIPI1;NDUFC2;NDUFC1;TNFRSF1A;NDUFS8;PIK3CB;CDK5;NDUFS7;NDUFS6;NDUFS5;NDUFS4;NDUFS3;CYCS;NDUFS2;PSMD11;RTN3;RTN4;NDUFB9;PSMD12;NDUFB7;NDUFB6;PSMD14;NDUFB5;NDUFB4;NDUFB3;NDUFB2;NDUFB1;PIK3R2;APH1B;CASP9;CASP7;DVL1;DVL3;UQCRFS1;NDUFA9;NDUFA8;NDUFA7;NDUFA6;ADRM1;NDUFA4;NDUFA3;NDUFA2;NDUFA1;UQCRHL;DDIT3;VDAC2;VDAC1;SLC25A5;ATP2A2;HSD17B10;MAPK9	6	KEGG_2021_Human
Non-alcoholic fatty liver disease	82/155	1.30951132562456e-15	5.94892287926584e-14	3.73751560735771	128.081379675311	TGFB1;SDHD;SDHB;SDHC;MAPK14;UQCRQ;BAX;UQCRC1;NDUFB10;UQCR10;UQCR11;COX6A1;RXRA;AKT1;NDUFV3;NDUFV2;MAP3K5;SREBF1;COX8A;INSR;MAP3K11;ATF4;IRS2;COX7A2;UQCRH;LEPR;CYC1;NDUFC2;NDUFC1;COX6C;TNFRSF1A;IL1A;IL1B;NDUFS8;PIK3CB;NDUFS7;NDUFS6;NDUFS5;NDUFS4;NDUFS3;CYCS;NDUFS2;CXCL8;NDUFB9;COX7B;GSK3A;NDUFB7;NDUFB6;NDUFB5;NDUFB4;NDUFB3;NDUFB2;NDUFB1;ADIPOR1;PIK3R2;ADIPOR2;CASP7;UQCRFS1;MLX;NDUFA9;NDUFA8;NDUFA7;NDUFA6;NDUFA4;NR1H3;NDUFA3;FOS;NDUFA2;NDUFA1;COX6B1;UQCRHL;NDUFAB1;DDIT3;PPARG;CEBPA;COX5A;NDUFA13;NDUFA11;COX5B;MAPK9;RAC1;BID	7	KEGG_2021_Human
Huntington disease	134/306	1.55161898512074e-15	6.16768546585496e-14	2.6049178814333	88.8263386939705	PSMC4;PSMC2;BAX;PSMC1;UQCRC1;UQCR10;UQCR11;PSMD7;PSMD8;CREB3L2;PSMD3;NRBF2;PSMD1;AP2S1;DNAH14;COX8A;RCOR1;DNALI1;TUBB;TUBB2A;ATP5F1E;COX6C;COX7B;CLTC;CLTB;CLTA;ACTR1A;ATG101;ATP5PF;ATP5PD;ATP5PB;TUBB4B;COX6B1;PSMA6;PSMA7;PSMA4;PSMA2;PSMA3;NDUFAB1;PPARG;PLCB2;PLCB3;HIP1;COX5A;NDUFA13;HTT;NDUFA11;AP2A2;TUBA1A;COX5B;PSMB7;ATP5F1B;PSMB5;TUBA1C;ATP5F1C;PSMB6;TUBA1B;PSMB3;PSMB1;PSMB2;SDHD;SDHB;SDHC;UQCRQ;PPIF;NDUFB10;SLC1A2;SLC1A3;COX6A1;TUBB6;NDUFV3;NDUFV2;MAP3K5;SEM1;DLG4;GNAQ;DNAL1;DNAL4;CREB5;ATP5MC3;COX7A2;ATP5MC1;UQCRH;TGM2;CYC1;AP2M1;GPX3;WIPI1;NDUFC2;NDUFC1;NDUFS8;NDUFS7;NDUFS6;NDUFS5;NDUFS4;NDUFS3;CYCS;NDUFS2;PSMD11;NDUFB9;PSMD12;NDUFB7;NDUFB6;PSMD14;NDUFB5;NDUFB4;NDUFB3;NDUFB2;NDUFB1;CASP9;UQCRFS1;NDUFA9;NDUFA8;NDUFA7;NDUFA6;ADRM1;NDUFA4;NDUFA3;NDUFA2;NDUFA1;SOD2;UQCRHL;VDAC2;VDAC1;SLC25A5;DCTN6;DCTN3;DCTN1;MAPK9;POLR2A;POLR2E;POLR2F;POLR2K;POLR2L	8	KEGG_2021_Human
Pathways of neurodegeneration	183/475	5.00123788413195e-14	1.76710405239329e-12	2.10161726302286	64.3651933863461	GRIN2D;PSMC4;PSMC2;BAX;PSMC1;UQCRC1;PSMD7;PSMD8;PSMD3;NRBF2;PSMD1;SNCA;DNAH14;FZD1;GABARAPL2;GABARAPL1;FZD5;FZD7;ATF6;ATF4;GABARAP;WDR41;TUBB2A;ATG101;CSNK2A2;TUBB4B;COX6B1;FIG4;PSMA6;PSMA7;PSMA4;PSMA2;PSMA3;PLCB2;PLCB3;NDUFA13;HTT;NDUFA11;TUBA1A;PTGS2;PSMB7;PSMB5;TUBA1C;PSMB6;TUBA1B;PSMB3;PSMB1;PSMB2;NEFH;BID;PINK1;UQCRQ;SQSTM1;CHRM3;RAB1A;CSF1;PARK7;TUBB6;MFN2;MAP3K5;MAP2K2;MAP2K1;BCL2L1;UQCRH;GPX3;WIPI1;NDUFC2;NDUFC1;TNFRSF1A;CDK5;SMCR8;NDUFB9;NDUFB7;NDUFB6;NDUFB5;LRRK2;NDUFB4;NDUFB3;NDUFB2;NDUFB1;DVL1;DVL3;NDUFA9;NDUFA8;NDUFA7;NDUFA6;ADRM1;NDUFA4;NDUFA3;NDUFA2;NDUFA1;SLC25A5;HSD17B10;TRAP1;MAPK14;CALM2;APP;UQCR10;CALML4;UQCR11;UBE2L6;UBE2L3;FRAT1;FRAT2;COX8A;CSNK1E;CSNK2B;UBE2J1;DNALI1;TUBB;ATP5F1E;COX6C;IL1A;IL1B;COX7B;ACTR1A;FADD;ATP5PF;ATP5PD;ATP5PB;NDUFAB1;HIP1;COX5A;TOMM40;RYR1;CTNNB1;DERL1;COX5B;ATP5F1B;ATP5F1C;RAB8A;HRAS;RAC1;SDHD;SDHB;SDHC;PPIF;NDUFB10;COX6A1;CAPN1;NDUFV3;NDUFV2;CYBB;SEM1;DLG4;GNAQ;CHMP2B;DNAL1;UBA1;DNAL4;ATP5MC3;PSEN1;PSEN2;CACNA1F;COX7A2;ATP5MC1;UBB;CYC1;NDUFS8;NDUFS7;NDUFS6;NDUFS5;NDUFS4;NDUFS3;CYCS;NDUFS2;PSMD11;PSMD12;PSMD14;UBA7;CASP9;CASP7;UQCRFS1;UQCRHL;CAT;DDIT3;VDAC2;VDAC1;DCTN6;DCTN3;ATP2A2;DCTN1;MAPK9	9	KEGG_2021_Human
Amyotrophic lateral sclerosis	144/364	2.48649869986304e-12	7.90706586556446e-11	2.1864480347239	58.42220970267	NUP214;GRIN2D;MAPK14;NUP93;PSMC4;PSMC2;BAX;PSMC1;UQCRC1;PFN1;UQCR10;UQCR11;ACTB;NXF3;PSMD7;PSMD8;PSMD3;NRBF2;PSMD1;DNAH14;COX8A;GABARAPL2;GABARAPL1;ATF6;ATF4;GABARAP;WDR41;DNALI1;SEC13;TUBB;TUBB2A;ATP5F1E;COX6C;COX7B;ACTR1A;ATG101;ATP5PF;ATP5PD;ATP5PB;TUBB4B;COX6B1;FIG4;PSMA6;PSMA7;PSMA4;PSMA2;PSMA3;NDUFAB1;COX5A;TOMM40;NDUFA13;NDUFA11;DERL1;NUP188;TUBA1A;COX5B;PSMB7;ATP5F1B;PSMB5;TUBA1C;ATP5F1C;PSMB6;TUBA1B;PSMB3;PSMB1;PSMB2;RAB8A;RAC1;NEFH;BID;ALYREF;SDHD;SDHB;SDHC;PINK1;UQCRQ;SQSTM1;RAB1A;NDUFB10;SLC1A2;COX6A1;TUBB6;NDUFV3;NDUFV2;MAP3K5;CHCHD10;SEM1;BCL2L1;CHMP2B;DNAL1;DNAL4;ACTG1;ATP5MC3;COX7A2;ATP5MC1;UQCRH;CYC1;GPX3;WIPI1;NDUFC2;NDUFC1;TNFRSF1A;NDUFS8;NDUFS7;NDUFS6;NDUFS5;NDUFS4;NDUFS3;CYCS;NDUFS2;SMCR8;PSMD11;NDUFB9;SEH1L;PSMD12;NDUFB7;NDUFB6;PSMD14;NDUFB5;NDUFB4;NDUFB3;NDUFB2;NDUFB1;CASP9;UQCRFS1;CASP1;NDUFA9;NDUFA8;NDUFA7;NDUFA6;ADRM1;NDUFA4;NDUFA3;NDUFA2;NDUFA1;ANXA11;UQCRHL;CAT;DDIT3;VDAC1;DCTN6;HDAC6;DCTN3;DCTN1	10	KEGG_2021_Human
Diabetic cardiomyopathy	92/203	3.94580766703481e-12	1.14069712556097e-10	2.75690638190638	72.3918608034545	MAPK14;COL1A1;UQCRC1;UQCR10;UQCR11;AKT1;COX8A;INSR;PRKCD;PDK4;ACE;PDHA1;ATP5F1E;COX6C;COX7B;CD36;CTSD;ATP5PF;ATP5PD;ATP5PB;COX6B1;NDUFAB1;PLCB2;PLCB3;COX5A;NDUFA13;NDUFA11;COX5B;ATP5F1B;ATP5F1C;RAC1;TGFB1;G6PD;SDHD;SDHB;SDHC;PPP1CB;UQCRQ;PPIF;NCF1;NDUFB10;COX6A1;NDUFV3;NDUFV2;CYBB;CYBA;NCF2;NCF4;ATP5MC3;COX7A2;ATP5MC1;UQCRH;MPC1;MPC2;CYC1;NDUFC2;NDUFC1;TGFBR1;NDUFS8;PIK3CB;NDUFS7;NDUFS6;NDUFS5;NDUFS4;NDUFS3;NDUFS2;NDUFB9;NDUFB7;NDUFB6;NDUFB5;NDUFB4;NDUFB3;NDUFB2;NDUFB1;PIK3R2;CPT2;UQCRFS1;NDUFA9;NDUFA8;NDUFA7;NDUFA6;NDUFA4;NDUFA3;NDUFA2;NDUFA1;UQCRHL;VDAC2;VDAC1;SLC25A5;ATP2A2;MAPK9;TNNI3	11	KEGG_2021_Human
Salmonella infection	106/249	1.15157752562981e-11	3.051680442919e-10	2.46799189412079	62.1620602783375	MAPK14;MYL5;DYNC1LI2;BAX;MYL9;NAIP;PFN1;CYFIP1;SNX33;STX10;ACTB;AKT1;VPS11;RILP;S100A10;VPS18;NCKAP1L;MYLPF;TXN;CD14;RHOA;ANXA2;RIPK3;TUBB;IL18;RHOG;TUBB2A;RHOB;TLR2;IL1B;EXOC5;PLEKHM2;TLR6;TLR5;RAB7A;TLR4;RAB7B;ARPC1A;RAB5C;ARPC1B;ACTR1A;MYO6;RRAS;FADD;RIPK2;SNX9;DYNC1I2;DYNLL1;FOS;TUBB4B;SNX18;RAB9A;FHOD1;CTNNB1;WASL;TUBA1A;TUBA1C;TUBA1B;HRAS;RAC1;ARL8A;ARL8B;ROCK2;HSP90B1;PYCARD;PAK1;TUBB6;FLNA;KPNA4;MAP2K2;MAP2K1;M6PR;ARPC5;TNFRSF10B;MYD88;ARPC3;ARPC2;ACBD3;RAB5B;ACTG1;PODXL;MLKL;ACTR2;HSP90AA1;DNM2;TNFRSF1A;PIK3CB;CYCS;CXCL8;BRK1;LY96;NLRC4;CASP7;CASP5;DYNC2LI1;IRAK1;CASP1;TCF7L2;TCF7L1;VPS41;DYNLT1;DCTN6;DCTN3;HSP90AB1;DCTN1;MAPK9	12	KEGG_2021_Human
Thermogenesis	100/232	1.82715454792218e-11	4.46950112491732e-10	2.52083001645173	62.3292266362165	ACSL1;ACSL4;MAPK14;UQCRC1;UQCR10;ADCY3;UQCR11;ADCY9;ADCY7;ACTB;CREB3L2;COX8A;NDUFAF3;NDUFAF4;NDUFAF1;GRB2;MLST8;PRKACA;ATP5F1E;COX6C;MGLL;COX7B;ATP5MF;ATP5PF;ATP5PD;ATP5PB;COX6B1;NDUFAB1;PPARG;PNPLA2;COX5A;NDUFA13;NDUFA11;COX5B;ATP5F1B;ATP5F1C;HRAS;SDHD;SDHB;SDHC;UQCRQ;KDM1A;NDUFB10;COX6A1;NDUFV3;NDUFV2;MAP3K5;RHEB;FGFR1;GNAS;CREB5;COX17;COX16;ACTG1;ATP5MC3;COX7A2;ATP5MC1;UQCRH;COX15;COX14;CYC1;COA5;COA4;COA3;NDUFC2;NDUFC1;NDUFS8;NDUFS7;AKT1S1;NDUFS6;NDUFS5;NDUFS4;ZNF516;NDUFS3;NDUFS2;NDUFB9;NDUFB7;NDUFB6;NDUFB5;NDUFB4;NDUFB3;NDUFB2;NDUFB1;CPT2;UQCRFS1;COA7;COA6;NDUFA9;NDUFA8;NDUFA7;NDUFA6;NDUFA4;NDUFA3;NDUFA2;NDUFA1;UQCRHL;SMARCD2;SLC25A29;RPS6KA1;RPS6KA2	13	KEGG_2021_Human
Rheumatoid arthritis	50/93	2.08540784097003e-10	4.7368549530605e-09	3.84969834923001	85.8131889104854	TGFB1;ATP6V1E1;CCL20;IL18;VEGFA;IL1A;TLR2;IL1B;HLA-DQB1;HLA-DRA;TLR4;CXCL8;CD86;ATP6V0D1;CSF1;CD80;CXCL2;CXCL3;CXCL5;CTSL;CTSK;ACP5;HLA-DQA2;HLA-DOA;HLA-DQA1;ATP6V1G1;ATP6V0C;ATP6V0E1;ATP6V0B;HLA-DRB5;ATP6AP1;TNFSF13;FOS;HLA-DPB1;ATP6V0D2;ATP6V1B2;HLA-DRB1;ATP6V1A;ATP6V1D;FLT1;TCIRG1;ICAM1;TNFSF13B;HLA-DMB;HLA-DPA1;ATP6V1F;ATP6V1C1;HLA-DMA;ATP6V0A1;ATP6V1H	14	KEGG_2021_Human
Tuberculosis	80/180	3.13747272081944e-10	6.6514421681372e-09	2.65597210113339	58.1191324030439	TGFB1;CD74;MAPK14;CLEC4E;RFX5;BAX;CALM2;ATP6V0D1;CALML4;NOD2;LAMP2;LAMP1;AKT1;HLA-DOA;ATP6V0C;ATP6V0B;HLA-DRB5;ATP6AP1;MYD88;RAB5B;HLA-DRB1;C3;CD14;ATP6V0A1;ATP6V1H;RHOA;VDR;KSR1;CARD9;IL10RB;SPHK1;IL18;TNFRSF1A;IL1A;TLR2;IL1B;TLR1;FCGR2A;HLA-DQB1;HLA-DRA;CYCS;TLR6;RAB7A;TLR4;RAB5C;CTSS;FCGR3A;FCGR3B;CASP9;CLEC7A;CASP10;IRAK1;FADD;RIPK2;FCER1G;CIITA;CTSD;HLA-DQA2;HLA-DQA1;CR1;IFNGR1;IFNGR2;SYK;HLA-DPB1;ATP6V0D2;CEBPB;SRC;CEBPG;TCIRG1;HSPD1;ITGAM;EEA1;HLA-DMB;MAPK9;FCGR1A;MRC1;HLA-DPA1;ITGAX;BID;HLA-DMA	15	KEGG_2021_Human
Endocytosis	100/252	4.40978093197045e-09	8.76443960229127e-08	2.18626140658125	42.0624469577405	RUFY1;ZFYVE16;HSPA1A;VPS29;HSPA1B;VPS28;SNX32;RAB11FIP1;RAB11FIP2;AP2S1;MVB12A;IQSEC3;IQSEC2;IQSEC1;SNF8;VPS37C;HLA-G;EHD4;SPART;TFRC;NEDD4L;VPS26A;PIP5K1B;PIP5K1C;RHOA;RAB7A;ARF4;ARPC1A;RAB5C;ARF3;ARPC1B;CLTC;CLTB;CLTA;SNX4;SNX5;SNX2;SNX3;RAB11A;AP2A2;WASL;SNX12;EEA1;CXCR2;RAB8A;HRAS;GIT1;SH3GLB2;SH3GLB1;RNF41;RAB31;CAPZA2;CAPZA1;CHMP4C;CHMP4B;STAM2;ASAP1;LDLR;IGF2R;ARPC5;PDCD6IP;ARPC3;ARPC2;CHMP2B;CHMP3;CHMP2A;RAB5B;CHMP5;TSG101;WASHC5;RAB4A;WASHC3;AP2M1;WASHC4;ACTR2;HSPA6;SMURF1;ARAP1;EPN1;TGFBR1;DNM2;EPN2;DAB2;DNAJC6;AGAP3;PLD2;PLD1;GRK3;PIP5KL1;RAB10;FOLR3;FOLR2;FOLR1;SPG21;SRC;ARRB2;CBL;PSD3;ARRB1;VPS35	16	KEGG_2021_Human
Vibrio cholerae infection	31/50	5.80458526103415e-09	1.08579889000521e-07	5.38804581001782	102.182228772613	ATP6V1E1;ATP6V0D1;KDELR1;ADCY3;ADCY9;ACTB;SEC61B;PDIA4;ATP6V1G1;ATP6V0C;ATP6V0E1;ATP6V0B;ATP6AP1;TJP2;TJP1;KCNQ1;GNAS;KDELR3;ATP6V0D2;ATP6V1B2;ATP6V1A;ATP6V1D;ERO1A;ACTG1;TCIRG1;SEC61A1;ATP6V1F;ATP6V1C1;ATP6V0A1;ATP6V1H;PRKACA	17	KEGG_2021_Human
Amino sugar and nucleotide sugar metabolism	29/48	4.13439681202697e-08	7.30410103458099e-07	5.03825688385655	85.6571147623578	RENBP;GALK1;CHIT1;GNPDA1;NAGK;UGDH;GALE;GNE;GPI;CMAS;HEXA;HEXB;NPL;HK1;HK3;HK2;CYB5R3;NANP;CYB5R2;NANS;UAP1L1;UGP2;AMDHD2;GMPPA;FPGT;GMPPB;PGM3;CYB5R1;PGM1	18	KEGG_2021_Human
Proteasome	28/46	5.6315462193273e-08	9.42542998813727e-07	5.13400383141762	85.6983152139615	ADRM1;PSMA6;PSMA7;PSMA4;SEM1;PSMA2;PSMC4;PSMA3;PSMC2;PSME4;PSME2;PSMC1;PSME3;PSMD11;PSMD12;POMP;PSMD14;PSMB7;PSMB5;PSMD7;PSMB6;PSMD8;PSMB3;PSMB1;PSMD3;PSMB2;PSMD1;PSMF1	19	KEGG_2021_Human
Glyoxylate and dicarboxylate metabolism	20/30	5.52162011038065e-07	8.77937597550523e-06	6.59294320137694	95.0005162083196	MDH2;AMT;CS;GRHPR;CAT;PCCB;PCCA;PGP;ACO2;DLD;ACO1;ACAT1;ACAT2;GCSH;AFMID;HYI;GLUL;MMUT;MDH1;ACSS2	20	KEGG_2021_Human
Valine, leucine and isoleucine degradation	27/48	9.08412305680784e-07	1.37559577717376e-05	4.24166589712808	59.0082213566256	HMGCS1;ALDH3A2;HADHB;ALDH7A1;PCCB;PCCA;HADHA;IVD;DLD;ALDH9A1;BCAT1;HIBADH;ACAT1;EHHADH;ECHS1;ABAT;HSD17B10;ACAT2;HMGCL;AACS;ALDH1B1;ALDH2;MMUT;ACAA2;ACAA1;HADH;ACADS	21	KEGG_2021_Human
Protein processing in endoplasmic reticulum	68/171	1.13059305897264e-06	1.63422087615136e-05	2.18567327986492	29.9279176519922	AMFR;RBX1;SELENOS;DNAJB11;DNAJB12;HSPA1A;BAX;RNF185;HSPA1B;PPP1R15A;UBE2D4;UBE2D1;RRBP1;HSP90B1;CAPN1;MAP3K5;PDIA4;WFS1;EDEM1;EDEM2;CKAP4;NPLOC4;ATF6;ATF4;UBE2J1;HSPH1;BAG1;TXNDC5;SIL1;HSP90AA1;SEC13;HSPA6;SSR3;EIF2AK4;RAD23B;RAD23A;DNAJC3;DNAJC5;CALR;NFE2L2;SAR1A;SAR1B;RPN1;SEL1L;RPN2;ERLEC1;SEC61B;UBXN8;MAN1A1;UBXN6;BCAP31;DNAJC5B;DNAJA1;CANX;MAN1B1;P4HB;DDIT3;SEC23B;ERO1A;HSP90AB1;DERL1;MAPK9;GANAB;OS9;SEC61A1;MAN1C1;FBXO6;UGGT2	22	KEGG_2021_Human
Fc gamma R-mediated phagocytosis	44/97	1.46745536811524e-06	2.0289165524376e-05	2.74317751517921	36.8463074385223	GSN;NCF1;INPPL1;PAK1;ASAP1;AKT1;CFL1;PRKCD;MAP2K1;PLA2G4C;PRKCE;PLA2G4A;ARPC5;VASP;ARPC3;ARPC2;PLPP3;PIP5K1B;PIP5K1C;LYN;ACTR2;LIMK1;LIMK2;SPHK1;GAB2;VAV1;DNM2;VAV2;FCGR2A;PIK3CB;DOCK1;ARPC1A;ARPC1B;PIK3R2;PLD2;PLD1;FCGR3A;FCGR3B;WASF2;SYK;HCK;CRK;FCGR1A;RAC1	23	KEGG_2021_Human
Osteoclast differentiation	53/127	3.09655006785566e-06	4.10292883990874e-05	2.36793651723229	30.0378002787346	TGFB1;MITF;TYROBP;MAPK14;OSCAR;TEC;NCF1;SQSTM1;CSF1;AKT1;JUND;MAP2K1;CYBA;FOSL2;FOSL1;BTK;GRB2;CSF1R;SPI1;NCF2;NCF4;SIRPA;GAB2;LILRB1;LILRB2;LILRB3;LILRB4;TYK2;TGFBR1;TNFRSF1A;IL1A;IL1B;FCGR2A;PIK3CB;PIK3R2;TREM2;SIRPB1;FCGR3A;FCGR3B;CTSK;ACP5;BLNK;IFNGR1;IFNGR2;SYK;FOS;PPARG;LILRA2;LILRA5;LILRA6;MAPK9;FCGR1A;RAC1	24	KEGG_2021_Human
Citrate cycle (TCA cycle)	19/30	3.39364358695075e-06	4.31671464260135e-05	5.69230919650365	71.6867015810925	IDH1;IDH3G;MDH2;PDHA1;SDHD;SDHB;SDHC;CS;ACLY;PC;ACO2;DLD;SUCLG1;ACO1;FH;DLAT;MDH1;PCK2;IDH3A	25	KEGG_2021_Human
Peroxisome	38/82	3.97258762144229e-06	4.85878024468711e-05	2.85167877478893	35.4637421122652	PEX19;PHYH;ACSL1;ECH1;PEX10;ACSL4;PEX12;PEX2;PEX14;ACOX1;PEX7;FAR2;PEX11G;CRAT;PEX11A;HSD17B4;EHHADH;PMVK;PIPOX;IDH1;DHRS4;SOD2;AMACR;CAT;AGPS;MPV17L;DDO;HMGCL;NUDT12;PRDX5;PRDX1;SCP2;NUDT19;MLYCD;MPV17;ABCD1;ACAA1;DECR2	26	KEGG_2021_Human
Bacterial invasion of epithelial cells	36/77	5.49596466950855e-06	6.24184558894186e-05	2.89858460760773	35.1061971313428	RHOA;ACTR2;ITGA5;FN1;GAB1;RHOG;DNM2;PIK3CB;DOCK1;BCAR1;ARPC1A;SHC1;ILK;ARPC1B;CLTC;CLTB;CLTA;PIK3R2;SEPTIN11;ACTB;WASF2;ARPC5;SEPTIN8;PTK2;ARHGAP10;ARPC3;CTTN;ARPC2;CRK;SRC;CTNNB1;ACTG1;WASL;CBL;CTNNA1;RAC1	27	KEGG_2021_Human
Leishmaniasis	36/77	5.49596466950855e-06	6.24184558894186e-05	2.89858460760773	35.1061971313428	TGFB1;MAPK14;IL1A;TLR2;IL1B;FCGR2A;HLA-DQB1;HLA-DRA;NCF1;PTPN6;TLR4;FCGR3A;FCGR3B;IRAK1;HLA-DQA2;HLA-DOA;HLA-DQA1;CR1;HLA-DRB5;IFNGR1;IFNGR2;FOS;CYBB;CYBA;MYD88;HLA-DPB1;HLA-DRB1;NCF2;NCF4;ITGAM;C3;PTGS2;HLA-DMB;FCGR1A;HLA-DPA1;HLA-DMA	27	KEGG_2021_Human
Pyruvate metabolism	25/47	8.87611170291827e-06	9.7331155914759e-05	3.74708750220273	43.5866725281283	MDH2;PDHA1;AKR1A1;ACYP2;GRHPR;PKM;ALDH3A2;ALDH7A1;PC;HAGH;DLD;ALDH9A1;FH;GLO1;ACAT1;ACAT2;LDHD;ALDH1B1;ALDH2;ME1;DLAT;MDH1;ME3;ACSS2;PCK2	29	KEGG_2021_Human
Biosynthesis of unsaturated fatty acids	17/27	1.2618712531111e-05	0.000129443567254623	5.60038701354547	63.1742120958782	ELOVL3;ELOVL7;SCD;ACOX1;ACOT2;ACOT1;ACOT7;ACOT4;HACD1;HSD17B4;HACD4;HSD17B12;HACD3;SCP2;ACAA1;FADS2;FADS1	30	KEGG_2021_Human
Fatty acid elongation	17/27	1.2618712531111e-05	0.000129443567254623	5.60038701354547	63.1742120958782	MECR;ELOVL3;ELOVL7;HADHB;HADHA;ACOT2;PPT1;ACOT1;ACOT7;ACOT4;HACD1;ECHS1;HACD4;HSD17B12;HACD3;ACAA2;HADH	30	KEGG_2021_Human
Fluid shear stress and atherosclerosis	55/139	1.36168020541378e-05	0.000135316970412994	2.16427693991102	24.2490048545808	ACVR1;TRPV4;MAPK14;GSTA4;NCF1;CALM2;SQSTM1;CALML4;HSP90B1;ACTB;AKT1;GSTT2B;MAP3K5;CYBA;PTK2;SDC2;NCF2;ACTG1;MGST2;TXN;MGST3;MGST1;ICAM1;HMOX1;EDN1;GSTM4;RHOA;HSP90AA1;GSTM1;TNFRSF1A;VEGFA;IL1A;IL1B;PIK3CB;PECAM1;ARHGEF2;NFE2L2;BMPR2;SDC4;PIK3R2;CTSL;NQO1;MEF2A;GSTO1;FOS;SRC;HSP90AB1;CTNNB1;GSTP1;MAPK9;THBD;SUMO3;RAC1;ITGAV;MAPK7	32	KEGG_2021_Human
Legionellosis	28/57	1.88905732109334e-05	0.000182036432759903	3.18433412604043	34.6355167806347	HSPA6;IL18;TLR2;IL1B;HSPA1A;CYCS;NAIP;TLR5;TLR4;HSPA1B;CXCL8;RAB1A;SAR1A;SAR1B;CXCL2;NLRC4;CXCL3;BCL2L13;PYCARD;CASP9;CASP7;CASP1;CR1;MYD88;HSPD1;ITGAM;C3;CD14	33	KEGG_2021_Human
Ferroptosis	22/41	2.54845369116344e-05	0.00023835537464411	3.81636722024605	40.3673902729485	GPX4;ACSL1;NCOA4;SLC11A2;GSS;MAP1LC3B2;CYBB;ACSL4;VDAC2;FTL;STEAP3;TFRC;PCBP1;SLC3A2;SAT1;SAT2;MAP1LC3A;MAP1LC3C;MAP1LC3B;FTH1;HMOX1;ATG7	34	KEGG_2021_Human
Epithelial cell signaling in Helicobacter pylori infection	32/70	3.15608443177246e-05	0.000286752814086755	2.77807547341174	28.7908443897161	LYN;ATP6V1E1;MAPK14;CXCL8;ATP6V0D1;CXCL2;CXCL3;PAK1;ATP6V1G1;ATP6V0C;ATP6V0E1;ATP6V0B;ATP6AP1;ADAM10;TJP1;ADAM17;ATP6V0D2;HBEGF;ATP6V1B2;ATP6V1A;ATP6V1D;SRC;TCIRG1;F11R;MAPK9;CXCR2;RAC1;ATP6V1F;ATP6V1C1;ATP6V0A1;ATP6V1H;GIT1	35	KEGG_2021_Human
Yersinia infection	53/137	4.02025725476147e-05	0.000355122724170597	2.08467213537636	21.1001748969601	TICAM1;MAPK14;CD4;SKAP2;ROCK2;ACTB;PYCARD;AKT1;MAP2K2;MAP2K1;ARPC5;PTK2;MYD88;ARPC3;ARPC2;GNAQ;ARHGEF28;ACTG1;PIP5K1B;PIP5K1C;RHOA;ACTR2;ITGA5;LIMK1;FN1;IL18;RHOG;BAIAP2;VAV1;VAV2;IL1B;FCGR2A;PIK3CB;DOCK1;TLR4;BCAR1;ARPC1A;CXCL8;MEFV;ARPC1B;NLRC4;PIK3R2;IRAK1;CASP1;WASF2;FOS;CRK;SRC;WASL;MAPK9;RPS6KA1;RPS6KA2;RAC1	36	KEGG_2021_Human
PPAR signaling pathway	33/74	4.44788845697252e-05	0.000382277980896557	2.65531612597679	26.6075845804667	GK;HMGCS1;ACSL1;ACSL4;SCD;ACOX1;SLC27A1;ILK;AQP7;EHHADH;DBI;RXRA;CPT2;ME1;ME3;CD36;PCK2;NR1H3;PDPK1;SORBS1;CYP27A1;FABP3;FABP4;FABP5;PPARG;PLIN2;SLC27A4;PPARD;LPL;SCP2;ACAA1;FADS2;OLR1	37	KEGG_2021_Human
Retrograde endocannabinoid signaling	55/148	0.000104760563678642	0.0008766805065739	1.95367696248797	17.9031697282282	MAPK14;NDUFB10;ADCY3;ADCY9;ADCY7;GNG5;NDUFV3;NDUFV2;GNB1;GNAQ;GNB2;GNB4;CACNA1F;GNG11;GNG10;PRKACA;NDUFC2;NDUFC1;GNG12;NDUFS8;NDUFS7;NDUFS6;NDUFS5;NDUFS4;NDUFS3;NDUFS2;MGLL;DAGLA;NDUFB9;DAGLB;NDUFB7;NDUFB6;NDUFB5;NDUFB4;NDUFB3;NDUFB2;NDUFB1;ABHD6;GNGT2;NDUFA9;NDUFA8;NDUFA7;NDUFA6;NDUFA4;NDUFA3;NDUFA2;NDUFA1;NDUFAB1;PLCB2;PLCB3;NDUFA13;NDUFA11;GNAI2;PTGS2;MAPK9	38	KEGG_2021_Human
Other glycan degradation	12/18	0.00011305095434707	0.000921800089291493	6.58333333333333	59.8271734566245	FUCA1;MANBA;GBA;HEXA;FUCA2;HEXB;NEU3;GLB1;NEU1;MAN2C1;MAN2B2;MAN2B1	39	KEGG_2021_Human
Autophagy	51/137	0.000174327046280357	0.00137726497936772	1.95824833401333	16.9478118664313	SH3GLB1;RRAGA;RRAGD;RRAGC;SQSTM1;RAB1A;LAMP2;LAMP1;TP53INP2;AKT1;NRBF2;ATG3;GABARAPL2;MAP2K2;GABARAPL1;PRKCD;MAP2K1;VAMP8;RHEB;BCL2L1;GABARAP;IRS2;WDR41;MLST8;ATG7;PRKACA;CTSB;EIF2AK4;WIPI1;MRAS;PIK3CB;AKT1S1;ATG4C;ATG4A;SMCR8;RAB7A;RAB7B;PIK3R2;ATG101;CTSL;RRAS;SNAP29;CTSD;DAPK1;PDPK1;MTMR14;CAMKK2;PPP2CB;MAPK9;RAB8A;HRAS	40	KEGG_2021_Human
Viral myocarditis	27/60	0.000177571899855587	0.00137726497936772	2.69712640300876	23.2927476244965	HLA-DQB1;HLA-DRA;CYCS;CD86;CD40;CD80;ACTB;CASP9;HLA-DQA2;HLA-DOA;HLA-DQA1;CXADR;HLA-DRB5;HLA-G;EIF4G1;HLA-DPB1;EIF4G3;HLA-DRB1;ACTG1;ICAM1;HLA-DMB;ABL2;HLA-DPA1;RAC1;BID;HLA-DMA;CD55	41	KEGG_2021_Human
Fatty acid degradation	21/43	0.000227476438215495	0.0017223216036316	3.14484418099654	26.3804118620937	ACSL1;ACSL4;ALDH3A2;HADHB;ALDH7A1;ACOX1;HADHA;ALDH9A1;ACADVL;ECI1;ACAT1;EHHADH;ECHS1;ACAT2;ALDH1B1;ALDH2;CPT2;ACAA2;ACAA1;HADH;ACADS	42	KEGG_2021_Human
Apoptosis	52/142	0.000243239967567491	0.00177237481652393	1.90781821683035	15.875836948886	BAX;LMNA;ACTB;AKT1;CAPN1;MAP3K5;MAP2K2;MAP2K1;GADD45G;TNFRSF10B;BCL2L1;BIRC7;ATF4;ACTG1;CSF2RB;CTSB;TNFRSF1A;PIK3CB;IL3RA;CYCS;BCL2A1;CTSZ;PIK3R2;CTSS;LMNB2;CASP9;CTSO;CASP7;CASP10;CTSL;CTSK;CTSH;FADD;BOK;CTSF;CTSD;MCL1;CTSC;PARP4;DFFA;PARP3;PDPK1;FOS;SEPTIN4;XIAP;DDIT3;TUBA1A;MAPK9;TUBA1C;TUBA1B;HRAS;BID	43	KEGG_2021_Human
Sulfur metabolism	8/10	0.000248153581505517	0.00177237481652393	13.1587982832618	109.237273430738	TST;SQOR;ETHE1;MPST;BPNT1;PAPSS1;SUOX;PAPSS2	44	KEGG_2021_Human
Lipid and atherosclerosis	73/215	0.000250807757055273	0.00177237481652393	1.69944366963478	14.0897880576978	MAPK14;HSPA1A;BAX;CALM2;HSPA1B;CALML4;AKT1;PTK2;ATF6;ATF4;ICAM1;CD14;LYN;RHOA;IL18;VAV1;VAV2;TLR2;IL1B;TLR6;TLR4;CD40;RAP1B;CD36;FOS;PPARG;PLCB2;PLCB3;ERO1A;HRAS;RAC1;BID;OLR1;TICAM2;TICAM1;ABCG1;NCF1;ROCK2;HSP90B1;PYCARD;RXRA;LDLR;MAP3K5;CYBB;TNFRSF10B;CYBA;MYD88;BCL2L1;NCF2;NCF4;HSP90AA1;HSPA6;HSPA4;TNFRSF1A;PIK3CB;CYCS;NFE2L2;CXCL8;CXCL2;LY96;PIK3R2;CXCL3;CASP9;CASP7;IRAK1;CASP1;PDPK1;SOD2;DDIT3;SRC;HSP90AB1;HSPD1;MAPK9	45	KEGG_2021_Human
Collecting duct acid secretion	15/27	0.000302073046208942	0.00208824410205312	4.11562432839029	33.3564836575802	ATP6V1G1;ATP6V0C;ATP6V0E1;ATP6V1E1;ATP6V0D2;ATP6V1B2;ATP6V1A;ATP6V1D;ATP6V0D1;TCIRG1;CA2;ATP6V1F;SLC12A7;ATP6V1C1;ATP6V0A1	46	KEGG_2021_Human
Adherens junction	30/71	0.000312982429249764	0.00211762579790266	2.41236235130786	19.4662287198838	RHOA;ACTN1;BAIAP2;TGFBR1;AFDN;FER;PTPN6;CTNND1;PTPRM;ACTB;WASF2;FARP2;INSR;TCF7L2;TCF7L1;CSNK2A2;SORBS1;TJP1;CSNK2B;FGFR1;NECTIN1;SNAI2;NECTIN2;SRC;CTNNB1;ACTG1;WASL;NLK;CTNNA1;RAC1	47	KEGG_2021_Human
Mitophagy	29/68	0.000324141100854991	0.00214743479316432	2.45132958584133	19.6947948528359	MITF;MRAS;PINK1;TAX1BP1;SQSTM1;RAB7A;RAB7B;CITED2;FOXO3;BCL2L13;RHOT1;FUNDC1;RRAS;MFN2;TFE3;USP30;FIS1;GABARAPL2;GABARAPL1;CSNK2A2;BNIP3L;CSNK2B;BCL2L1;ATF4;GABARAP;SRC;MAPK9;UBB;HRAS	48	KEGG_2021_Human
beta-Alanine metabolism	16/30	0.000356160766780768	0.00231141069053641	3.76317405724112	29.8800849688448	AOC2;AOC3;ALDH3A2;ALDH7A1;ACOX1;HADHA;ALDH9A1;EHHADH;ECHS1;ABAT;CNDP2;ALDH1B1;ALDH2;ALDH3B1;MLYCD;ACADS	49	KEGG_2021_Human
Glutathione metabolism	25/57	0.000492518687164237	0.00313241885036455	2.57444001723024	19.6068789315311	GSTM4;GPX3;G6PD;GSTM1;GPX4;GSS;LAP3;GSTA4;RRM2B;HPGDS;GSTT2B;IDH1;GSTO1;PGD;GGCT;SMS;GSTP1;MGST2;MGST3;TXNDC12;MGST1;SRM;OPLAH;PRDX6;ANPEP	50	KEGG_2021_Human
Toxoplasmosis	42/112	0.000522652440213016	0.00321414658247637	1.97950713359274	14.9583314615745	TGFB1;MAPK14;HSPA1A;PPIF;HSPA1B;ALOX5;AKT1;LDLR;HLA-DOA;HLA-DRB5;MYD88;BCL2L1;BIRC7;HLA-DRB1;HSPA6;IL10RB;LAMB2;TYK2;TNFRSF1A;TLR2;HLA-DQB1;HLA-DRA;CYCS;TLR4;CD40;LAMC1;LY96;CASP9;IRAK1;CIITA;HLA-DQA2;HLA-DQA1;IFNGR1;IFNGR2;PDPK1;XIAP;HLA-DPB1;GNAI2;HLA-DMB;MAPK9;HLA-DPA1;HLA-DMA	51	KEGG_2021_Human
Pertussis	31/76	0.000525583717889218	0.00321414658247637	2.27109002468071	17.1490032051005	RHOA;ITGA5;TICAM2;TICAM1;MAPK14;IL1A;IL1B;IRF8;CALM2;TLR4;CXCL8;CALML4;LY96;CXCL5;PYCARD;CASP7;IRAK1;CFL1;CASP1;FOS;MYD88;SERPING1;C1QC;C1QB;C1QA;ITGAM;C2;GNAI2;C3;MAPK9;CD14	52	KEGG_2021_Human
Shigellosis	80/246	0.000602568723014411	0.00356843473531524	1.59305049316709	11.8113683476984	ACTN1;MAPK14;MYL5;RRAGA;RRAGD;RRAGC;BAX;MYL9;TLN2;NAIP;PFN1;TLN1;ACTB;CAPNS1;AKT1;GABARAPL2;GABARAPL1;PRKCD;PRKCE;PTK2;MYLPF;GABARAP;C3;CD14;RHOA;IL18;IL1B;ARHGEF2;TLR5;TLR4;ARPC1A;ARPC1B;RIPK2;SEPTIN8;CTTN;PLCB2;PLCB3;CD44;WASL;RAC1;RBX1;SQSTM1;ROCK2;UBE2D4;UBE2D1;FOXO3;PYCARD;CAPN1;ARPC5;DIAPH1;MYD88;ARPC3;ARPC2;BCL2L1;ACTG1;UBB;ACTR2;ITGA5;WIPI1;TNFRSF1A;PIK3CB;AKT1S1;CYCS;DOCK1;BCAR1;CXCL8;GSK3A;ILK;NLRC4;PIK3R2;HK1;HK3;HK2;SEPTIN11;CASP1;WASF2;CRK;VDAC1;SRC;MAPK9	53	KEGG_2021_Human
Glycolysis / Gluconeogenesis	28/67	0.00060596061543089	0.00356843473531524	2.36629089301503	17.5311288446871	PDHA1;TPI1;AKR1A1;G6PC3;FBP1;ALDOA;GPI;HK1;HK3;HK2;PGK1;ACSS2;PCK2;PGAM1;MINPP1;PKM;ALDH3A2;ALDH7A1;PFKL;DLD;ALDH9A1;ADPGK;ENO1;ALDH1B1;ALDH2;ALDH3B1;DLAT;PGM1	54	KEGG_2021_Human
Antigen processing and presentation	31/78	0.000886106428365901	0.00512330625855194	2.17416341269805	15.2814847466814	CTSB;CD74;HSP90AA1;HSPA6;HSPA4;CD4;RFX5;HLA-DQB1;HLA-DRA;HSPA1A;CALR;HSPA1B;CTSS;CTSL;CIITA;HLA-DQA2;HLA-DOA;HLA-DQA1;HLA-DRB5;HLA-G;CANX;LGMN;PSME2;HLA-DPB1;PSME3;HLA-DRB1;HSP90AB1;IFI30;HLA-DMB;HLA-DPA1;HLA-DMA	55	KEGG_2021_Human
Cholesterol metabolism	22/50	0.000998588050584566	0.00567055357296236	2.58815570998094	17.8820031956964	NPC1;NPC2;SOAT1;LRP1;PCSK9;CD36;LDLR;SORT1;CYP27A1;NCEH1;VAPA;APOC1;APOC2;VDAC2;VDAC1;LPL;LIPC;LIPA;LRPAP1;APOE;TSPO;SCARB1	56	KEGG_2021_Human
Glycosaminoglycan degradation	11/19	0.00124589097222559	0.00695076016083752	4.52447927850548	30.2592847145851	HGSNAT;ARSB;HEXA;IDUA;HEXB;GNS;GALNS;GLB1;HYAL2;NAGLU;GUSB	57	KEGG_2021_Human
Pentose phosphate pathway	15/30	0.00130545811929275	0.00715751175750163	3.29185471738663	21.8618696657185	G6PD;TALDO1;PGD;DERA;PFKL;IDNK;FBP1;ALDOA;TKT;GPI;H6PD;PRPS2;RPE;PGLS;PGM1	58	KEGG_2021_Human
Fructose and mannose metabolism	16/33	0.00138065970479529	0.00744152179872715	3.09847756815538	20.4040754171569	TIGAR;TPI1;SORD;PFKL;FBP1;ALDOA;PFKFB2;PFKFB4;AKR1B1;HK1;HK3;HK2;TKFC;GMPPA;FPGT;GMPPB	59	KEGG_2021_Human
Glycerolipid metabolism	25/61	0.00162123943247004	0.0085925689920912	2.28779285423696	14.6980723897634	GK;AKR1A1;GLA;MGLL;DGKG;MOGAT1;AGPAT2;AGPAT3;TKFC;DGAT2;DGAT1;ALDH3A2;ALDH7A1;DGKQ;ALDH9A1;PLPP3;PNPLA2;PNPLA3;AKR1B1;LPL;LIPC;ALDH1B1;ALDH2;GPAT2;GPAT4	60	KEGG_2021_Human
Butanoate metabolism	14/28	0.00188432018427993	0.00982317735411505	3.2913622690159	20.6506262051065	HMGCS1;BDH2;HADHA;ACSM3;ACSM1;ACAT1;EHHADH;ECHS1;ABAT;ACAT2;HMGCL;AACS;HADH;ACADS	61	KEGG_2021_Human
Synaptic vesicle cycle	30/78	0.00196138985591811	0.0099404137849521	2.0596162138853	12.8398574488022	ATP6V1E1;UNC13B;DNM2;STX1B;ATP6V0D1;NAPA;SLC1A2;CLTC;SLC1A3;CLTB;CLTA;SLC1A7;AP2S1;STX3;ATP6V1G1;ATP6V0C;ATP6V0E1;ATP6V0B;SLC6A12;ATP6V0D2;ATP6V1B2;ATP6V1A;ATP6V1D;TCIRG1;AP2A2;ATP6V1F;ATP6V1C1;ATP6V0A1;ATP6V1H;AP2M1	62	KEGG_2021_Human
Type I diabetes mellitus	19/43	0.00203769083959992	0.0099404137849521	2.60676131067613	16.1513316015437	HLA-DRB5;HLA-G;IL1A;IL1B;CPE;HLA-DQB1;HLA-DRA;HLA-DPB1;HLA-DRB1;CD86;CD80;ICA1;HSPD1;HLA-DMB;HLA-DPA1;HLA-DMA;HLA-DQA2;HLA-DOA;HLA-DQA1	63	KEGG_2021_Human
Propanoate metabolism	16/34	0.00204804068964238	0.0099404137849521	2.92614884876278	18.1154121095351	PCCB;PCCA;ACOX1;HADHA;ECHDC1;DLD;SUCLG1;ACAT1;EHHADH;ECHS1;ABAT;ACAT2;MLYCD;MMUT;ACSS2;ACADS	64	KEGG_2021_Human
Pathogenic Escherichia coli infection	64/197	0.00205145367100337	0.0099404137849521	1.5885761319023	9.83202592675472	MAPK14;BAX;NAIP;CYFIP1;ACTB;NCKAP1L;MYO5A;LPAR1;RHOA;TUBB;IL18;TUBB2A;IL1B;ARHGEF2;TLR5;TLR4;ARPC1A;TMED10;ARPC1B;MYO6;FADD;FOS;TUBB4B;TJP1;CTTN;WASL;TUBA1A;CLDN23;TUBA1C;TUBA1B;RAC1;PTPN6;RAB1A;ROCK2;PYCARD;PAK1;TUBB6;ARHGEF11;ARPC5;TNFRSF10B;MYD88;ARPC3;ARPC2;ACTG1;ACTR2;BAIAP2;TNFRSF1A;FCGR2A;CYCS;TMBIM6;CXCL8;BRK1;CASP9;CASP7;IRAK1;CASP1;WASF2;CLDN7;MYO1E;MYO1C;MYO1A;SRC;MAPK9;GNA12	65	KEGG_2021_Human
mTOR signaling pathway	52/154	0.00206310474782025	0.0099404137849521	1.68204370136269	10.4009900122146	ATP6V1E1;RRAGA;RRAGD;RRAGC;AKT1;FZD1;INSR;MAP2K2;FZD5;MAP2K1;FZD7;IGF1;RHEB;GRB2;ATP6V1B2;ATP6V1A;ATP6V1D;EIF4EBP1;SESN2;MLST8;ATP6V1F;ATP6V1C1;ATP6V1H;RHOA;SEC13;TNFRSF1A;PIK3CB;AKT1S1;EIF4E2;SGK1;SEH1L;MAPKAP1;SLC3A2;PIK3R2;DVL1;DVL3;EIF4E;FNIP2;ATP6V1G1;PDPK1;CASTOR2;TBC1D7;LAMTOR1;LAMTOR3;LAMTOR2;LAMTOR5;LAMTOR4;CAB39;FLCN;RPS6KA1;RPS6KA2;HRAS	66	KEGG_2021_Human
Hematopoietic cell lineage	36/99	0.00235318482732005	0.0111688473893698	1.88366641993585	11.3999220913665	CD4;CD9;CSF3R;CSF1;HLA-DOA;HLA-DRB5;HLA-DRB1;CSF1R;TFRC;CD1D;CSF2RA;ANPEP;CD14;ITGA5;IL1A;IL1B;IL3RA;HLA-DQB1;HLA-DRA;CD22;CD36;HLA-DQA2;CD33;HLA-DQA1;CR1;MME;IL11RA;HLA-DPB1;CD44;ITGAM;HLA-DMB;FCGR1A;HLA-DPA1;CD59;HLA-DMA;CD55	67	KEGG_2021_Human
Endocrine and other factor-regulated calcium reabsorption	22/53	0.00249033569409154	0.0116459816282516	2.33723077777623	14.0124879374447	KL;VDR;ATP1B3;ATP1B1;DNM2;KLK1;CLTC;CLTB;CLTA;ADCY9;AP2S1;ATP2B1;ESR1;RAB11A;GNAQ;GNAS;PLCB2;PLCB3;AP2A2;SLC8A1;AP2M1;PRKACA	68	KEGG_2021_Human
B cell receptor signaling pathway	30/81	0.00381542502330831	0.0175841327161166	1.93808183040357	10.7926025140531	LYN;LILRB1;LILRB2;LILRB3;LILRB4;VAV1;VAV2;PIK3CB;NFKBIE;PTPN6;CD22;CD81;INPPL1;PIK3R2;AKT1;BLNK;MAP2K2;MAP2K1;SYK;FOS;BTK;GRB2;PIK3AP1;LILRA2;RASGRP3;DAPP1;LILRA5;LILRA6;HRAS;RAC1	69	KEGG_2021_Human
Tryptophan metabolism	18/42	0.00396759074247734	0.0180241979443971	2.46903225806452	13.6527514767449	KMO;ALDH3A2;ALDH7A1;CAT;HADHA;DLD;ALDH9A1;DHTKD1;HAAO;ACAT1;EHHADH;ECHS1;ACAT2;ALDH1B1;ALDH2;AFMID;KYNU;HADH	70	KEGG_2021_Human
HIF-1 signaling pathway	38/109	0.00420729033043218	0.0188439200715131	1.76411644814894	9.65136900553167	RBX1;SERPINE1;AKT1;INSR;MAP2K2;MAP2K1;CYBB;IGF1;TFRC;EIF4EBP1;ENO1;HMOX1;EDN1;ANGPT4;ANGPT2;PDHA1;VEGFA;PIK3CB;ALDOA;EIF4E2;TLR4;PIK3R2;HK1;HK3;HK2;MKNK1;PGK1;TIMP1;EIF4E;EGLN1;IFNGR1;IFNGR2;PFKL;LTBR;FLT1;CDKN1A;ELOB;ELOC	71	KEGG_2021_Human
Notch signaling pathway	23/59	0.00516680362359143	0.0228200493375288	2.10386317426145	11.0778937242744	PSENEN;TLE3;TLE1;TLE6;NCOR2;NUMB;DTX2;RFNG;DTX4;APH1B;DVL1;DVL3;NCSTN;JAG1;PTCRA;ADAM17;NOTCH4;NOTCH1;CTBP2;PSEN1;PSEN2;RBPJ;LFNG	72	KEGG_2021_Human
Focal adhesion	63/201	0.00553940173734977	0.0241305445544825	1.50627389888118	7.82640151583954	ACTN1;MYL5;COL1A1;COL9A2;COL9A3;MYL9;TLN2;TLN1;ACTB;AKT1;IGF1;PTK2;VASP;MYLPF;GRB2;PDGFC;PIP5K1B;PIP5K1C;RHOA;FN1;VAV1;VAV2;VEGFA;VEGFB;RAPGEF1;RAP1B;XIAP;CTNNB1;HRAS;RAC1;PPP1CB;ZYX;ROCK2;PAK1;FLNA;SPP1;MAP2K1;DIAPH1;COL6A1;ACTG1;VTN;ITGA5;LAMB2;PARVB;PIK3CB;PARVG;PPP1R12C;DOCK1;BCAR1;SHC1;ILK;LAMC1;PIK3R2;VWF;PDPK1;CRK;FLT1;SRC;ITGB5;THBS1;MAPK9;ITGB8;ITGAV	73	KEGG_2021_Human
Influenza A	55/172	0.00582329079585587	0.0250244117984076	1.55047700571221	7.97858372850225	MX1;TICAM1;BAX;NLRX1;ACTB;PYCARD;NXF3;AKT1;KPNA6;HLA-DOA;FDPS;MAP2K2;HLA-DRB5;MAP2K1;TNFRSF10B;MYD88;HLA-DRB1;ACTG1;ICAM1;IL18;OAS1;TYK2;TNFRSF1A;IL1A;DNAJC3;IL1B;PIK3CB;OAS3;CDK4;HLA-DQB1;HLA-DRA;CYCS;TLR7;TLR4;CXCL8;PIK3R2;CASP9;FADD;CASP1;CIITA;HLA-DQA2;HLA-DQA1;IFNGR1;IFNGR2;RAB11A;HLA-DPB1;VDAC1;SLC25A5;RNASEL;IFIH1;HLA-DMB;HLA-DPA1;TRIM25;BID;HLA-DMA	74	KEGG_2021_Human
Galactose metabolism	14/31	0.00608444936724161	0.0257980653171044	2.71000278065674	13.8264858038439	GAA;GALK1;G6PC3;GLB1;GALE;PFKL;GLA;B4GALT2;AKR1B1;HK1;HK3;HK2;UGP2;PGM1	75	KEGG_2021_Human
N-Glycan biosynthesis	20/50	0.00631333100049262	0.026416306028377	2.19477911646586	11.1167578140501	SRD5A3;ALG14;DPM3;B4GALT2;RPN1;RPN2;MAN1A1;ALG9;ALG8;ALG3;DOLK;ALG2;MGAT4B;MAN1B1;GANAB;MAN2A2;MAN1C1;MGAT5;MGAT3;MGAT1	76	KEGG_2021_Human
Sphingolipid signaling pathway	40/119	0.00688108023917814	0.0283332024410461	1.66876360732142	8.3087400045566	MAPK14;BAX;ROCK2;SGMS2;ASAH1;AKT1;S1PR4;ADORA1;MAP3K5;CERS6;MAP2K2;MAP2K1;PRKCE;GNAQ;RHOA;SPHK1;GAB2;PPP2R5A;TNFRSF1A;PIK3CB;PIK3R2;PLD2;PLD1;SGPL1;FCER1G;CTSD;PDPK1;PPP2R3A;PPP2R3C;SGPP1;PLCB2;PLCB3;GNAI2;PPP2CB;MAPK9;SPTLC1;GNA12;HRAS;RAC1;BID	77	KEGG_2021_Human
Insulin signaling pathway	45/137	0.00697312835300632	0.0283332024410461	1.61244815619445	8.00691981924362	PPP1CB;CALM2;CALML4;INPPL1;AKT1;SH2B2;SREBF1;INSR;MAP2K2;MAP2K1;PHKA2;RHEB;FASN;PRKAR1B;PRKAR1A;GRB2;IRS2;EIF4EBP1;PRKAR2B;FLOT2;FLOT1;PRKACA;RHOQ;G6PC3;PIK3CB;RAPGEF1;FBP1;EIF4E2;SHC1;PIK3R2;HK1;HK3;HK2;MKNK1;EIF4E;PCK2;PDPK1;SORBS1;CRK;TRIP10;PYGB;PYGL;CBL;MAPK9;HRAS	78	KEGG_2021_Human
Acute myeloid leukemia	25/67	0.00703875154981963	0.0283332024410461	1.96019609653036	9.71536786200482	DUSP6;JUP;RUNX1;PIK3CB;RARA;BCL2A1;PIK3R2;AKT1;MAP2K2;TCF7L2;TCF7L1;MAP2K1;PER2;GRB2;PPARD;CEBPA;CSF1R;SPI1;CEBPE;EIF4EBP1;ITGAM;FCGR1A;HRAS;CD14;STAT5A	79	KEGG_2021_Human
Regulation of actin cytoskeleton	67/218	0.00712804586250941	0.0283339823034749	1.46401660451011	7.23768546649887	ACTN1;MYL5;MYL9;PFN1;CYFIP1;ACTB;NCKAP1L;PTK2;MYLPF;PDGFC;LPAR1;PIP5K1B;PIP5K1C;RHOA;RDX;FN1;GNG12;VAV1;VAV2;MRAS;ARPC1A;ARPC1B;RRAS;WASL;TMSB4X;TMSB4Y;HRAS;RAC1;GIT1;GSN;PPP1CB;CHRM3;ROCK2;SLC9A1;PAK1;CFL1;MAP2K2;MAP2K1;ARPC5;SSH3;SSH1;DIAPH1;ARPC3;ARPC2;FGFR1;ACTG1;ACTR2;ITGA5;LIMK1;LIMK2;BAIAP2;PIK3CB;PPP1R12C;DOCK1;BCAR1;BRK1;PIK3R2;WASF2;TIAM1;CRK;SRC;ITGB5;ITGAM;GNA12;ITGAX;ITGB8;ITGAV	80	KEGG_2021_Human
Chagas disease	35/102	0.00772408573837186	0.0299543812780762	1.72118578272033	8.37083527015331	TGFB1;TICAM1;MAPK14;SERPINE1;AKT1;MYD88;GNAQ;GNAS;C3;ACE;TGFBR1;TNFRSF1A;TLR2;IL1B;PIK3CB;CALR;TLR6;TLR4;CXCL8;PIK3R2;IRAK1;FADD;IFNGR1;IFNGR2;FOS;PLCB2;PLCB3;C1QC;C1QB;C1QA;GNAI2;PPP2CB;GNA15;MAPK9;GNA11	81	KEGG_2021_Human
Longevity regulating pathway	35/102	0.00772408573837186	0.0299543812780762	1.72118578272033	8.37083527015331	HSPA1A;BAX;HSPA1B;CLPB;ADCY3;ADCY9;FOXO3;ADCY7;CREB3L2;AKT1;INSR;IGF1;RHEB;ATF4;CREB5;IRS2;EIF4EBP1;SESN2;PRKACA;KL;HSPA6;PIK3CB;AKT1S1;EIF4E2;ADIPOR1;PIK3R2;ADIPOR2;ATG101;EIF4E;SOD2;CAT;PPARG;CAMKK2;HRAS;APPL1	81	KEGG_2021_Human
Steroid biosynthesis	10/20	0.00838112222487699	0.0318623714060017	3.28939458995277	15.7291397378766	CYP51A1;DHCR24;MSMO1;LIPA;SQLE;NSDHL;SOAT1;SC5D;DHCR7;FDFT1	83	KEGG_2021_Human
Complement and coagulation cascades	30/85	0.00841647546573631	0.0318623714060017	1.79666000235211	8.58365837947851	SERPINA1;SERPINE1;C3AR1;PROS1;C8A;C8B;TFPI;CR1;VWF;SERPINF2;PLAUR;PROCR;SERPING1;CFB;C1QC;C1QB;CFD;C1QA;C5AR1;PLAU;ITGAM;C2;VTN;C3;THBD;ITGAX;VSIG4;A2M;CD59;CD55	84	KEGG_2021_Human
Intestinal immune network for IgA production	19/48	0.00872614455802039	0.0326460466994175	2.15661506738564	10.2254429116239	TGFB1;HLA-DRB5;TNFSF13;LTBR;HLA-DQB1;HLA-DRA;HLA-DPB1;HLA-DRB1;CD86;CD40;CD80;TNFSF13B;HLA-DMB;HLA-DPA1;HLA-DMA;HLA-DQA2;HLA-DOA;HLA-DQA1;ICOSLG	85	KEGG_2021_Human
Regulation of lipolysis in adipocytes	21/55	0.00963013211648805	0.0356090931749209	2.03330421904075	9.44034343894032	PIK3CB;MGLL;ABHD5;AQP7;ADCY3;PIK3R2;ADCY9;ADCY7;AKT1;ADORA1;INSR;PLAAT3;FABP4;GNAS;PNPLA2;IRS2;PTGER3;GNAI2;PTGS1;PTGS2;PRKACA	86	KEGG_2021_Human
Spinocerebellar ataxia	46/143	0.00974301991007005	0.035612417602325	1.56314265703694	7.23923277127759	GRIN2D;PSMC4;PSMC2;PPIF;PSMC1;GTF2B;PSMD7;PSMD8;PSMD3;AKT1;NRBF2;PSMD1;MAP3K5;SEM1;GNAQ;RBPJ;WIPI1;PIK3CB;CYCS;PSMD11;PSMD12;KCNC3;PSMD14;PIK3R2;ATG101;CIC;ADRM1;PSMA6;PSMA7;PSMA4;PSMA2;PSMA3;VDAC2;VDAC1;PLCB2;PLCB3;SLC25A5;RYR1;ATP2A2;PSMB7;MAPK9;PSMB5;PSMB6;PSMB3;PSMB1;PSMB2	87	KEGG_2021_Human
Neurotrophin signaling pathway	39/119	0.0118619316807842	0.0428647076646521	1.60625405055087	7.12280673338985	MAPK14;MAPKAPK2;BAX;CALM2;CALML4;FOXO3;AKT1;MAP3K5;SH2B3;SH2B2;MAP2K2;PRKCD;MAP2K1;GRB2;ATF4;PSEN1;PSEN2;RHOA;GAB1;PIK3CB;RAPGEF1;NFKBIE;YWHAE;SHC1;PIK3R2;RAP1B;IRAK3;IRAK1;RIPK2;NTRK3;SORT1;PDPK1;CRK;MAPK9;RPS6KA1;RPS6KA2;HRAS;RAC1;MAPK7	88	KEGG_2021_Human
AMPK signaling pathway	39/120	0.0137017364831283	0.0485583447343962	1.58631973948457	6.8056808246822	RAB2A;SCD;FOXO3;CREB3L2;AKT1;SREBF1;INSR;IGF1;RHEB;FASN;CREB5;PFKFB2;PFKFB4;IRS2;EIF4EBP1;LEPR;PPP2R5A;G6PC3;PIK3CB;AKT1S1;FBP1;ADIPOR1;PIK3R2;ADIPOR2;CD36;PCK2;PDPK1;PPP2R3A;PPP2R3C;PFKL;RAB10;RAB14;PPARG;CAB39;HMGCR;CAMKK2;PPP2CB;RAB8A;MLYCD	89	KEGG_2021_Human
Amoebiasis	34/102	0.0137429277550178	0.0485583447343962	1.64695727233492	7.06088616209772	TGFB1;ACTN1;COL1A1;PTK2;GNAQ;GNAS;RAB5B;CD1D;PRDX1;CD14;PRKACA;FN1;LAMB2;TLR2;IL1B;PIK3CB;RAB7A;TLR4;RAB7B;CXCL8;RAB5C;LAMC1;C8A;CXCL2;PIK3R2;C8B;CXCL3;HSPB1;SERPINB6;PLCB2;PLCB3;ITGAM;GNA15;GNA11	90	KEGG_2021_Human
Staphylococcus aureus infection	32/95	0.0140510070438048	0.0491013213179112	1.67292548310667	7.13512958531133	FCGR2A;KRT18;HLA-DQB1;HLA-DRA;C3AR1;FPR2;FPR1;FPR3;DEFB1;FCGR3A;FCGR3B;HLA-DQA2;HLA-DOA;HLA-DQA1;HLA-DRB5;HLA-DPB1;CFB;HLA-DRB1;C1QC;C1QB;CFD;C1QA;C5AR1;PTAFR;ITGAM;C2;ICAM1;C3;HLA-DMB;FCGR1A;HLA-DPA1;HLA-DMA	91	KEGG_2021_Human
Parathyroid hormone synthesis, secretion and action	35/106	0.0146360854643161	0.0504573279816313	1.62379196395728	6.85932787323888	ADCY3;ADCY9;ADCY7;RXRA;CREB3L2;EGR1;ARHGEF11;JUND;MAP2K1;MAFB;GNAQ;FGFR1;GNAS;ATF4;CREB5;PRKACA;KL;RHOA;VDR;MMP15;MMP14;PLD2;PLD1;PDE4A;MEF2A;FOS;HBEGF;PLCB2;PLCB3;CDKN1A;ARRB2;GNAI2;ARRB1;GNA11;GNA12	92	KEGG_2021_Human
Thyroid cancer	15/37	0.0147563883719865	0.0504573279816313	2.24342066701835	9.45843916618917	MAP2K2;TCF7L2;TCF7L1;MAP2K1;NCOA4;GADD45G;PAX8;BAX;CCDC6;PPARG;CDKN1A;CTNNB1;RXRA;TFG;HRAS	93	KEGG_2021_Human
Rap1 signaling pathway	63/210	0.0152482327180223	0.0515844468545862	1.41321544904607	5.91189241589131	MAPK14;CALM2;TLN2;PFN1;TLN1;RALB;ADCY3;CALML4;ADCY9;ADCY7;ACTB;AKT1;INSR;IGF1;VASP;PDGFC;LPAR1;RHOA;VAV1;VAV2;VEGFA;VEGFB;MRAS;RAPGEF2;RAPGEF3;RAPGEF1;FPR1;RAP1B;RRAS;FARP2;PLCB2;PLCB3;CTNNB1;GNAI2;SIPA1L2;HRAS;RAC1;CTNND1;CSF1;MAP2K2;MAP2K1;EFNA4;GNAQ;FGFR1;GNAS;CSF1R;DOCK4;ACTG1;RASGRP3;ANGPT4;ANGPT2;AFDN;ADORA2B;PIK3CB;BCAR1;PIK3R2;P2RY1;TIAM1;CRK;FLT1;SRC;THBS1;ITGAM	94	KEGG_2021_Human
Asthma	13/31	0.0165666819359797	0.0547871536356922	2.37596371882086	9.74231066379556	HLA-DRB5;HLA-DQB1;HLA-DRA;HLA-DPB1;HLA-DRB1;CD40;HLA-DMB;HLA-DPA1;FCER1G;HLA-DMA;HLA-DQA2;HLA-DOA;HLA-DQA1	95	KEGG_2021_Human
Vasopressin-regulated water reabsorption	17/44	0.0165725549891211	0.0547871536356922	2.07191603557976	8.49487079992113	DYNLL1;RAB11A;DYNC1LI2;GNAS;RAB5B;CREB5;DCTN6;RAB5C;ADCY3;DCTN1;ADCY9;AQP3;CREB3L2;DYNC2LI1;STX4;DYNC1I2;PRKACA	96	KEGG_2021_Human
Chemokine signaling pathway	58/192	0.0167118047253526	0.0547871536356922	1.42694984945123	5.8385649956676	NCF1;ROCK2;ADCY3;ADCY9;FOXO3;ADCY7;CXCL16;PAK1;GNG5;AKT1;PRKCD;MAP2K1;PPBP;PTK2;GNB1;GNAQ;GNB2;GNB4;GRB2;GNG11;GNG10;PRKACA;CCR1;LYN;RHOA;CCL24;CCL23;CCL20;GNG12;VAV1;VAV2;PIK3CB;DOCK2;BCAR1;CXCL8;GSK3A;SHC1;CXCL2;PIK3R2;CXCL3;CXCL5;GNGT2;GRK3;RAP1B;HCK;TIAM1;FGR;CRK;PLCB2;PLCB3;SRC;ARRB2;GNAI2;CXCR2;ARRB1;HRAS;RAC1;CCL18	97	KEGG_2021_Human
Relaxin signaling pathway	41/129	0.0172984737191576	0.056131782068287	1.53497259170482	6.22759410453554	TGFB1;MAPK14;COL1A1;ADCY3;ADCY9;ADCY7;GNG5;CREB3L2;AKT1;MAP2K2;MAP2K1;GNB1;GNB2;GNAS;GNB4;GRB2;ATF4;CREB5;GNG11;GNG10;PRKACA;EDN1;GNG12;TGFBR1;VEGFA;VEGFB;ACTA2;PIK3CB;SHC1;PIK3R2;GNGT2;FOS;PLCB2;PLCB3;SRC;ARRB2;GNAI2;GNA15;MAPK9;ARRB1;HRAS	98	KEGG_2021_Human
Terpenoid backbone biosynthesis	10/22	0.0184939237659081	0.059404724823826	2.74080435093746	10.9366673578979	FDPS;NUS1;HMGCS1;GGPS1;ACAT1;HMGCR;ZMPSTE24;ACAT2;PMVK;PDSS1	99	KEGG_2021_Human
Allograft rejection	15/38	0.0192310031918761	0.0611545901501659	2.14574047599024	8.4783174725907	HLA-DRB5;HLA-G;HLA-DQB1;HLA-DRA;HLA-DPB1;HLA-DRB1;CD86;CD40;CD80;HLA-DMB;HLA-DPA1;HLA-DMA;HLA-DQA2;HLA-DOA;HLA-DQA1	100	KEGG_2021_Human
Renal cell carcinoma	24/69	0.0206915292993046	0.0651475872988006	1.7556129773184	6.80832133068821	TGFB1;GAB1;RBX1;VEGFA;PIK3CB;RAPGEF1;EPAS1;PIK3R2;PAK1;RAP1B;AKT1;TFE3;EGLN1;MAP2K2;MAP2K1;CRK;GRB2;FH;CDKN1A;FLCN;ELOB;ELOC;HRAS;RAC1	101	KEGG_2021_Human
Epstein-Barr virus infection	60/202	0.021491714285274	0.0670035798305601	1.39286238262911	5.34871384290207	MAPK14;PSMC4;PSMC2;VIM;BAX;PSMC1;PSMD7;PSMD8;PSMD3;AKT1;PSMD1;HLA-DRB5;GADD45G;HLA-G;BTK;HLA-DRB1;ICAM1;RBPJ;LYN;TYK2;TLR2;NCOR2;HLA-DQB1;CALR;CD40;FADD;HLA-DQA2;HLA-DQA1;SYK;HLA-DPB1;CD44;CDKN1A;HLA-DMB;HLA-DPA1;RAC1;CD58;BID;HLA-DMA;SAP30;HLA-DOA;ISG15;MYD88;SEM1;OAS1;PIK3CB;OAS3;CDK4;HLA-DRA;CYCS;NFKBIE;PSMD11;PSMD12;PSMD14;PIK3R2;CASP9;IRAK1;BLNK;ADRM1;MAPK9;SAP30L	102	KEGG_2021_Human
Graft-versus-host disease	16/42	0.02275836853789	0.070263700922806	2.0247370857861	7.65922070788027	HLA-DRB5;HLA-G;IL1A;IL1B;HLA-DQB1;HLA-DRA;HLA-DPB1;HLA-DRB1;CD86;CD80;HLA-DMB;HLA-DPA1;HLA-DMA;HLA-DQA2;HLA-DOA;HLA-DQA1	103	KEGG_2021_Human
Platelet activation	39/124	0.0235077829405188	0.0718795670681247	1.5112729213526	5.66791381723335	MAPK14;PPP1CB;COL1A1;TLN2;TLN1;ROCK2;ADCY3;ADCY9;ADCY7;ACTB;AKT1;PLA2G4C;PLA2G4A;VASP;VAMP8;TBXAS1;GNAQ;BTK;GNAS;FERMT3;ACTG1;PRKACA;LYN;RHOA;FCGR2A;PIK3CB;PIK3R2;RAP1B;P2RY1;FCER1G;P2RY12;SYK;VWF;P2RX1;PLCB2;PLCB3;SRC;GNAI2;PTGS1	104	KEGG_2021_Human
Various types of N-glycan biosynthesis	15/39	0.0246643919942509	0.0742963751517627	2.05620030088115	7.6128650861432	ALG9;ALG3;ALG14;ALG2;MGAT4B;MAN1B1;B4GALT2;HEXA;RPN1;HEXB;RPN2;MAN2A2;MAN1C1;MAN1A1;MGAT1	105	KEGG_2021_Human
Ubiquinone and other terpenoid-quinone biosynthesis	6/11	0.0247654583839209	0.0742963751517627	3.94517374517374	14.5904573805819	COQ5;NQO1;VKORC1L1;COQ2;VKORC1;GGCX	106	KEGG_2021_Human
Leukocyte transendothelial migration	36/114	0.0269795887350532	0.0801823291378216	1.51992825827023	5.49100632137054	ACTN1;MAPK14;MYL5;NCF1;MYL9;CTNND1;ROCK2;ACTB;CYBB;CYBA;PTK2;VASP;MYLPF;NCF2;NCF4;ACTG1;F11R;ICAM1;RHOA;VAV1;VAV2;AFDN;PIK3CB;PECAM1;RAPGEF3;BCAR1;CD99L2;PIK3R2;RAP1B;CLDN7;CTNNB1;ITGAM;GNAI2;CLDN23;CTNNA1;RAC1	107	KEGG_2021_Human
Kaposi sarcoma-associated herpesvirus infection	57/193	0.0273205324747438	0.0804437900645234	1.38124306326304	4.9726362936464	MAPK14;BAX;CALM2;CALML4;GNG5;AKT1;ATG3;GABARAPL2;GABARAPL1;HLA-G;GABARAP;ICAM1;C3;GNG11;GNG10;CCR1;LYN;TYK2;GNG12;VEGFA;GNGT2;FADD;IFNGR1;SYK;FOS;HCK;CDKN1A;CTNNB1;PTGS2;HRAS;RAC1;BID;TICAM1;MAPKAPK2;CD86;MICA;MAP2K2;MAP2K1;RCAN1;GNB1;GNB2;GNB4;UBB;ANGPT2;TNFRSF1A;PIK3CB;CDK4;CYCS;CXCL8;CXCL2;PIK3R2;CXCL3;CASP9;TCF7L2;TCF7L1;SRC;MAPK9	108	KEGG_2021_Human
Proteoglycans in cancer	60/205	0.0287606172948808	0.0833031968987058	1.36377514367816	4.83969469911541	MAPK14;COL1A1;ACTB;AKT1;FZD1;FZD5;FZD7;IGF1;ANK2;PTK2;SDC2;GRB2;PRKACA;RHOA;RDX;FN1;GAB1;VAV1;VAV2;VEGFA;TLR2;MRAS;TLR4;SDC4;CTSL;RRAS;CTTN;HBEGF;CD44;CD63;CDKN1A;CTNNB1;HRAS;RAC1;TGFB1;PPP1CB;PTPN6;ROCK2;SLC9A1;PAK1;FLNA;MAP2K2;MAP2K1;ESR1;FGFR1;ACTG1;PLAU;VTN;ITGA5;PIK3CB;PPP1R12C;PIK3R2;PDPK1;PLAUR;TIAM1;SRC;ITGB5;THBS1;CBL;ITGAV	109	KEGG_2021_Human
SNARE interactions in vesicular transport	13/33	0.0288155712542693	0.0833031968987058	2.1380880773362	7.58345496793607	VAMP8;STX1B;VAMP3;BET1;STX18;STX11;STX7;VTI1B;STX6;YKT6;STX4;SNAP29;STX3	110	KEGG_2021_Human
Toll-like receptor signaling pathway	33/104	0.0309719895083235	0.088485385729591	1.53034322439491	5.31744082443436	TICAM2;TICAM1;MAPK14;TOLLIP;CD86;CD80;AKT1;SPP1;MAP3K8;MAP2K2;MAP2K1;MYD88;CD14;TLR2;IL1B;TLR1;PIK3CB;IRF5;TLR8;TLR7;TLR6;TLR5;TLR4;CXCL8;CD40;LY96;PIK3R2;CTSK;IRAK1;FADD;FOS;MAPK9;RAC1	111	KEGG_2021_Human
Glycine, serine and threonine metabolism	15/40	0.0311646641563339	0.088485385729591	1.97382333978079	6.84614779942566	AOC2;AOC3;PGAM1;AMT;GRHPR;ALDH7A1;GATM;CHDH;DLD;ALAS1;SDSL;GCSH;SRR;PIPOX;PSPH	112	KEGG_2021_Human
Inflammatory bowel disease	22/65	0.0353154244103772	0.0993832297566367	1.68365886133608	5.62920473674503	TGFB1;IL18;IL1A;TLR2;IL1B;HLA-DQB1;HLA-DRA;TLR5;TLR4;NOD2;STAT6;HLA-DQA2;HLA-DOA;HLA-DQA1;HLA-DRB5;IFNGR1;IFNGR2;HLA-DPB1;HLA-DRB1;HLA-DMB;HLA-DPA1;HLA-DMA	113	KEGG_2021_Human
Glycerophospholipid metabolism	31/98	0.0371459021722522	0.102858584931505	1.52316377997869	5.01562878145501	CRLS1;PISD;GPD1;GPD2;DGKG;PCYT1A;PCYT2;PLA2G4C;PLA2G4A;PLAAT3;DGKQ;PLPP3;PEMT;PLA1A;CDS1;PLB1;PTDSS2;LYPLA1;CHKA;GPCPD1;CHPT1;AGPAT2;PLD2;AGPAT3;PLD1;PLD3;PLA2G15;PNPLA6;LPCAT2;GPAT2;GPAT4	114	KEGG_2021_Human
Cardiac muscle contraction	28/87	0.0371972870035316	0.102858584931505	1.56211279953244	5.141724663341	TPM4;ATP1B3;ATP1B1;COX6C;SLC9A7;UQCRQ;UQCRC1;COX7B;UQCR10;UQCR11;SLC9A1;COX6A1;TPM1;UQCRFS1;COX8A;COX6B1;UQCRHL;CACNB3;ASPH;COX5A;ATP2A2;CACNA1F;COX5B;COX7A2;SLC8A1;UQCRH;TNNI3;CYC1	115	KEGG_2021_Human
NOD-like receptor signaling pathway	53/181	0.0375775417666786	0.103014295532791	1.36411836403034	4.47614802110704	TRPV2;TICAM1;MAPK14;TRIP6;NAIP;NLRX1;NOD2;PYCARD;MFN2;GBP1;GABARAPL2;GABARAPL1;PRKCD;CYBB;CYBA;MYD88;BCL2L1;CARD16;GABARAP;TXN;CTSB;RHOA;HSP90AA1;RIPK3;CARD9;CARD6;IL18;OAS1;TYK2;IL1B;OAS3;TLR4;CXCL8;MEFV;YWHAE;CXCL2;NLRC4;CXCL3;CASP5;FADD;RIPK2;CASP1;P2RX7;NLRP12;XIAP;VDAC2;VDAC1;PLCB2;PLCB3;RNASEL;HSP90AB1;MAPK9;NAMPT	116	KEGG_2021_Human
Glycosphingolipid biosynthesis	16/45	0.0434435983590719	0.118077472463119	1.81492572716221	5.69213662422482	B3GALNT1;NAGA;GBGT1;GLB1;B3GNT5;B3GNT2;GLA;ST6GALNAC4;ST6GALNAC6;B4GALT2;HEXA;HEXB;FUT4;ST3GAL6;A4GALT;ST3GAL2	117	KEGG_2021_Human
Lysine degradation	21/63	0.0458206180886436	0.123482682645667	1.6451474069292	5.07202418882479	PLOD1;DOT1L;ACAT1;EHHADH;PLOD3;ECHS1;ACAT2;PIPOX;KMT5A;SETMAR;ALDH3A2;ALDH7A1;HADHA;DLD;ALDH9A1;DHTKD1;SETD7;ALDH1B1;ALDH2;COLGALT1;HADH	118	KEGG_2021_Human
GnRH signaling pathway	29/93	0.050814291168385	0.13578945034913	1.4913370338435	4.44355448235247	MAPK14;MMP14;CALM2;ADCY3;CALML4;ADCY9;PLD2;PLD1;ADCY7;EGR1;MAP2K2;PRKCD;MAP2K1;PLA2G4C;PLA2G4A;GNAQ;GNAS;GRB2;HBEGF;PLCB2;PLCB3;ATF4;SRC;CACNA1F;MAPK9;GNA11;HRAS;MAPK7;PRKACA	119	KEGG_2021_Human
Fc epsilon RI signaling pathway	22/68	0.0566950963101772	0.148976461727788	1.57354620150106	4.51618390208205	LYN;GAB2;VAV1;VAV2;MAPK14;PIK3CB;PIK3R2;ALOX5;AKT1;FCER1G;MAP2K2;MAP2K1;SYK;PDPK1;PLA2G4C;ALOX5AP;PLA2G4A;BTK;GRB2;MAPK9;HRAS;RAC1	120	KEGG_2021_Human
Arginine and proline metabolism	17/50	0.0571544916062584	0.148976461727788	1.69453946039627	4.84976735793074	ALDH4A1;P4HA1;LAP3;P4HA2;P4HA3;CNDP2;L3HYPDH;ALDH3A2;ALDH7A1;GATM;SMS;ALDH9A1;SAT1;SRM;SAT2;ALDH1B1;ALDH2	121	KEGG_2021_Human
Malaria	17/50	0.0571544916062584	0.148976461727788	1.69453946039627	4.84976735793074	TGFB1;IL18;TLR2;IL1B;PECAM1;TLR4;CXCL8;CD40;GYPC;LRP1;CD81;CD36;CR1;MYD88;SDC2;THBS1;ICAM1	121	KEGG_2021_Human
Choline metabolism in cancer	30/98	0.0594382431379594	0.153669604210334	1.45194429647668	4.09857367606131	DGKG;AKT1;PCYT1A;MAP2K2;MAP2K1;PLA2G4C;PLA2G4A;RHEB;DGKQ;GRB2;PLPP3;SLC22A4;EIF4EBP1;PDGFC;PIP5K1B;PIP5K1C;LYPLA1;CHKA;GPCPD1;PIK3CB;CHPT1;PIK3R2;PLD2;PLD1;WASF2;PDPK1;FOS;MAPK9;HRAS;RAC1	123	KEGG_2021_Human
Synthesis and degradation of ketone bodies	5/10	0.0601779595921043	0.154047761416911	3.28693973836586	9.2377768736146	HMGCL;BDH2;HMGCS1;ACAT1;ACAT2	124	KEGG_2021_Human
Ubiquitin mediated proteolysis	41/140	0.0609890141218533	0.154047761416911	1.36343552228575	3.81361304446397	UBE2H;UBE2F;UBE2A;RBX1;UBE2W;UBE2Z;NHLRC1;UBE2K;UBE2M;UBE2D4;UBE2D1;RNF7;UBE3C;UBE2L6;UBE2L3;SIAH1;FANCL;UBE2R2;BIRC7;UBA1;CUL7;CUL3;NEDD4L;RHOBTB1;ANAPC11;RHOBTB2;UBE2J1;COP1;UBB;SMURF1;DET1;UBA7;UBE2Q1;UBE2E2;WWP2;XIAP;TRIP12;ANAPC2;CBL;ELOB;ELOC	125	KEGG_2021_Human
Folate biosynthesis	10/26	0.0610377922595308	0.154047761416911	2.05506655216831	5.74650463349995	CBR1;MOCOS;AKR1C3;QDPR;MOCS2;DHFR2;AKR1B1;PTS;SPR;PCBD1	126	KEGG_2021_Human
Phospholipase D signaling pathway	43/148	0.0628776821913041	0.157441755408147	1.3482851994852	3.7301172843356	DGKG;RALB;ADCY3;ADCY9;ADCY7;AKT1;INSR;MAP2K2;MAP2K1;PLA2G4C;PLA2G4A;RHEB;DGKQ;GNAS;GRB2;PLPP3;PDGFC;LPAR1;PIP5K1B;PIP5K1C;RHOA;SPHK1;GAB2;GAB1;DNM2;MRAS;PIK3CB;RAPGEF3;CXCL8;SHC1;PIK3R2;AGPAT2;PLD2;AGPAT3;PLD1;RRAS;FCER1G;SYK;PLCB2;PLCB3;CXCR2;GNA12;HRAS	127	KEGG_2021_Human
Pathways in cancer	139/531	0.0662966639278515	0.164705774445756	1.16970678755052	3.17413470413073	EML4;BAX;RALB;ADCY3;ADCY9;ADCY7;GNG5;TFG;AKT1;STAT6;FZD1;JAG1;FZD5;FZD7;AR;SPI1;CTBP2;HMOX1;PRKACA;GSTM4;GSTM1;JUP;PTCH2;FN1;PAX8;CCDC6;RARA;EGLN1;IFNGR1;IFNGR2;GSTO1;FOS;PPARG;PLCB2;PLCB3;PPARD;FH;CDKN1A;GSTP1;PTGS2;ELOB;ELOC;APPL1;BID;MITF;RBX1;CSF3R;ROCK2;HSP90B1;MAP2K2;MAP2K1;BCL2L1;BIRC7;CSF1R;NOTCH4;NOTCH1;IL13RA1;HSP90AA1;TXNRD3;TXNRD2;TXNRD1;PIK3CB;CDK4;IL3RA;NFE2L2;DVL1;DVL3;CRK;CEBPA;HSP90AB1;ITGAV;RUNX1;CALM2;EPAS1;CALML4;FRAT1;FRAT2;GSTT2B;GADD45G;IGF1;PTK2;GRB2;MGST2;MGST3;MGST1;LPAR1;GNG11;GNG10;STAT5A;EDN1;RHOA;NCOA4;GNG12;VEGFA;VEGFB;GNGT2;FADD;NQO1;XIAP;CTNNB1;PTGER3;GNAI2;CTNNA1;HRAS;RAC1;TGFB1;RALBP1;GSTA4;RXRA;ARHGEF11;ESR1;GNB1;GNAQ;GNB2;FGFR1;GNAS;GNB4;CSF2RA;RASGRP3;CSF2RB;RASGRP4;LAMB2;TGFBR1;CYCS;CXCL8;CKS1B;LAMC1;PIK3R2;PLD2;PLD1;CASP9;CASP7;TCF7L2;TCF7L1;DAPK1;CBL;MAPK9;GNA11;GNA12	128	KEGG_2021_Human
Ovarian steroidogenesis	17/51	0.0677344530079664	0.166973302763824	1.64459256073963	4.42750683698021	ACOT2;ACOT1;ACOT4;ADCY3;ADCY9;ADCY7;ALOX5;LDLR;INSR;PLA2G4C;PLA2G4A;AKR1C3;IGF1;GNAS;PTGS2;SCARB1;PRKACA	129	KEGG_2021_Human
p53 signaling pathway	23/73	0.0683714024343575	0.167246969031736	1.51339504843918	4.06013719672218	TP53I3;RRM2B;CDK4;CCNG2;BAX;CYCS;STEAP3;EI24;SERPINE1;GORAB;CASP9;CHEK2;SIAH1;GADD45G;IGF1;TNFRSF10B;BCL2L1;CDKN1A;THBS1;COP1;AIFM2;SESN2;BID	130	KEGG_2021_Human
Gap junction	27/88	0.0691772591728781	0.16792647646546	1.45643074379815	3.89024753885115	TUBB;TUBB2A;ADCY3;ADCY9;ADCY7;TUBB6;CSNK1D;MAP2K2;MAP2K1;TUBB4B;TJP1;GNAQ;GNAS;GRB2;PLCB2;PLCB3;SRC;PDGFC;TUBA1A;GNAI2;LPAR1;TUBA1C;TUBA1B;GNA11;HRAS;MAPK7;PRKACA	131	KEGG_2021_Human
AGE-RAGE signaling pathway in diabetic complications	30/100	0.0749349404537364	0.180525083820365	1.41027536499723	3.65421386144214	TGFB1;MAPK14;COL1A1;BAX;SERPINE1;AKT1;EGR1;PRKCD;PRKCE;CYBB;DIAPH1;ICAM1;STAT5A;EDN1;FN1;TGFBR1;VEGFA;VEGFB;IL1A;IL1B;PIK3CB;CDK4;CXCL8;PIK3R2;PLCB2;PLCB3;MAPK9;THBD;HRAS;RAC1	132	KEGG_2021_Human
VEGF signaling pathway	19/59	0.0759171668315143	0.181516233476854	1.5624220262422	4.02809966737135	SPHK1;VEGFA;MAPK14;PIK3CB;MAPKAPK2;MAPKAPK3;PIK3R2;HSPB1;CASP9;AKT1;MAP2K2;MAP2K1;PLA2G4C;PLA2G4A;PTK2;SRC;PTGS2;HRAS;RAC1	133	KEGG_2021_Human
Selenocompound metabolism	7/17	0.078665405031671	0.186208653639133	2.30109418579704	5.85065116518668	TXNRD3;TXNRD2;TXNRD1;PAPSS1;PAPSS2;SEPHS1;SEPHS2	134	KEGG_2021_Human
Human cytomegalovirus infection	62/225	0.0790508435260469	0.186208653639133	1.25267122904507	3.17885873764299	MAPK14;BAX;CALM2;ADCY3;CALML4;ADCY9;ADCY7;GNG5;CREB3L2;AKT1;HLA-G;PTK2;GRB2;ATF4;GNG11;GNG10;PRKACA;CCR1;RHOA;IL10RB;GNG12;VEGFA;IL1B;CALR;GNGT2;FADD;PLCB2;PLCB3;CDKN1A;CTNNB1;PTGER3;GNAI2;PTGS2;CXCR2;HRAS;RAC1;BID;ROCK2;ARHGEF11;MAP2K2;MAP2K1;GNB1;RHEB;GNAQ;GNB2;GNAS;GNB4;CREB5;EIF4EBP1;TNFRSF1A;PIK3CB;CDK4;CYCS;BCAR1;CXCL8;PIK3R2;CASP9;CRK;SRC;GNA11;GNA12;ITGAV	135	KEGG_2021_Human
MAPK signaling pathway	79/294	0.0864690806599732	0.201340683549532	1.21042026686667	2.96307053733404	EREG;MAPK14;HSPA1A;HSPA1B;AKT1;INSR;JUND;PLA2G4C;GADD45G;PLA2G4A;IGF1;GRB2;ATF4;PDGFC;NLK;STMN1;CD14;PRKACA;DUSP6;DUSP3;GNG12;VEGFA;VEGFB;IL1A;IL1B;MRAS;RAPGEF2;RAP1B;RRAS;MAP3K20;MAP4K3;FOS;LAMTOR3;HRAS;RAC1;TGFB1;MAPKAPK2;MAPKAPK3;CSF1;IL1RAP;PAK1;FLNA;MAP3K8;MAP3K5;MAP2K2;MAP2K1;CACNB3;MYD88;EFNA4;FGFR1;MAP3K11;MAP3K13;CSF1R;RASGRP3;CACNA1F;NR4A1;RASGRP4;ANGPT4;ANGPT2;HSPA6;TGFBR1;TNFRSF1A;RASA1;HSPB1;STK3;DUSP10;MKNK1;IRAK1;DDIT3;CRK;FLT1;SRF;ARRB2;MAPK9;RPS6KA1;ARRB1;GNA12;RPS6KA2;MAPK7	136	KEGG_2021_Human
Neomycin, kanamycin and gentamicin biosynthesis	3/5	0.086762357493924	0.201340683549532	4.92926045016077	12.0499834440198	HK1;HK3;HK2	137	KEGG_2021_Human
Mineral absorption	19/60	0.0877145684696473	0.201340683549532	1.52421449144584	3.70943092989425	VDR;SLC31A1;ATP1B3;ATP1B1;MT1G;MT1H;SLC26A6;SLC46A1;SLC39A4;SLC11A2;SLC30A1;ATP2B1;ATOX1;FTL;MT1M;SLC8A1;FTH1;HMOX1;ATP7A	138	KEGG_2021_Human
Sphingolipid metabolism	16/49	0.0880074057024685	0.201340683549532	1.5945178352745	3.87521140669767	SPHK1;GLA;SGMS2;ASAH1;NEU3;SGPL1;PSAP;NEU1;ARSA;CERS6;SGPP1;ACER3;GLB1;PLPP3;GBA;SPTLC1	139	KEGG_2021_Human
Cell adhesion molecules	42/148	0.0894012852382236	0.203068633612537	1.30413821794778	3.14899851156549	CD4;CD86;CD80;PVR;HLA-DOA;HLA-DRB5;HLA-G;SDC2;HLA-DRB1;CD276;CD274;F11R;ICAM1;ALCAM;PDCD1LG2;SIGLEC1;HLA-DQB1;HLA-DRA;PECAM1;CD22;CD40;SDC3;SDC4;PTPRM;CD99L2;SPN;MPZL1;HLA-DQA2;HLA-DQA1;CLDN7;NECTIN1;HLA-DPB1;NECTIN2;ITGAM;CLDN23;HLA-DMB;HLA-DPA1;ITGB8;ITGAV;CD58;HLA-DMA;ICOSLG	140	KEGG_2021_Human
Human T-cell leukemia virus 1 infection	60/219	0.0906358491812921	0.204412766238659	1.24254782494759	2.98323985457951	CD4;BAX;TLN2;TLN1;ADCY3;ADCY9;ADCY7;CREB3L2;CHEK2;AKT1;EGR1;EGR2;HLA-DRB5;HLA-G;FOSL1;ATF4;HLA-DRB1;SPI1;ANAPC11;ICAM1;PRKACA;STAT5A;HLA-DQB1;CALR;CD40;HLA-DQA2;HLA-DQA1;FOS;XIAP;CANX;HLA-DPB1;NRP1;CDKN1A;HLA-DMB;HLA-DPA1;HRAS;TSPO;HLA-DMA;TGFB1;HLA-DOA;FDPS;MAP2K2;MAP2K1;BCL2L1;CREB5;ETS2;TGFBR1;TNFRSF1A;PIK3CB;CDK4;HLA-DRA;PIK3R2;LTBR;VDAC2;VDAC1;SLC25A5;ANAPC2;VAC14;SRF;MAPK9	141	KEGG_2021_Human
Riboflavin metabolism	4/8	0.0920751119440899	0.204605952647875	3.28644939965695	7.83867676028544	RFK;ACP5;ACP2;BLVRB	142	KEGG_2021_Human
Sulfur relay system	4/8	0.0920751119440899	0.204605952647875	3.28644939965695	7.83867676028544	NFS1;TST;MPST;MOCS2	142	KEGG_2021_Human
Glycosaminoglycan biosynthesis	17/53	0.0926517521424339	0.204605952647875	1.55302324470245	3.69449851251546	UST;B4GALT2;HS6ST1;EXTL3;EXTL2;DSE;CHST11;CHST14;ST3GAL2;B3GALT6;EXT1;B3GNT7;B3GNT2;B4GALT7;CHST3;NDST1;CHSY1	144	KEGG_2021_Human
Apelin signaling pathway	39/137	0.0949583095783021	0.20682700305411	1.30968032060523	3.0834030758845	CALM2;SERPINE1;ADCY3;CALML4;ADCY9;ADCY7;SLC9A1;GNG5;AKT1;SPP1;EGR1;GABARAPL2;JAG1;MAP2K2;GABARAPL1;MAP2K1;PRKCE;GNB1;GNAQ;GNB2;GNB4;GABARAP;GNG11;GNG10;PRKACA;SPHK1;GNG12;TGFBR1;ACTA2;MRAS;GNGT2;RRAS;MEF2A;PLCB2;PLCB3;RYR1;SLC8A1;GNAI2;HRAS	145	KEGG_2021_Human
Estrogen signaling pathway	39/137	0.0949583095783021	0.20682700305411	1.30968032060523	3.0834030758845	HSPA1A;CALM2;FKBP4;HSPA1B;ADCY3;CALML4;ADCY9;ADCY7;HSP90B1;CREB3L2;AKT1;MAP2K2;PRKCD;MAP2K1;ESR1;GNAQ;GNAS;GRB2;ATF4;CREB5;PRKACA;HSP90AA1;HSPA6;KRT18;PIK3CB;RARA;SHC1;PIK3R2;CTSD;FOS;POMC;HBEGF;PLCB2;PLCB3;EBAG9;SRC;HSP90AB1;GNAI2;HRAS	145	KEGG_2021_Human
Tight junction	47/169	0.100392589701307	0.217175806292622	1.26803509282286	2.91479027334482	ACTN1;RUNX1;SCRIB;MYL6;AMOTL1;MYL9;ROCK2;ACTB;MICALL2;MAP3K5;PRKCE;ARPC5;VASP;ARPC3;ARPC2;ACTG1;NEDD4L;ARHGAP17;F11R;CD1D;PRKACA;RHOA;ACTR2;RDX;HSPA4;AFDN;CDK4;RAPGEF2;ARHGEF2;ARPC1A;ARPC1B;TIAM1;CLDN7;TJP2;TJP1;CTTN;RAB13;SRC;YBX3;TUBA1A;CLDN23;PPP2CB;MAPK9;TUBA1C;TUBA1B;RAB8A;RAC1	147	KEGG_2021_Human
Endometrial cancer	18/58	0.111074197736222	0.238659424865666	1.47987096774194	3.25210058658035	PIK3CB;BAX;ILK;PIK3R2;FOXO3;CASP9;AKT1;MAP2K2;TCF7L2;TCF7L1;MAP2K1;PDPK1;GADD45G;GRB2;CDKN1A;CTNNB1;CTNNA1;HRAS	148	KEGG_2021_Human
NF-kappa B signaling pathway	30/104	0.113773258561593	0.242818095453601	1.33369462606203	2.89884898191353	TICAM2;TICAM1;GADD45G;MYD88;CSNK2B;BCL2L1;BTK;CARD14;PLAU;ICAM1;CD14;LYN;TNFRSF1A;IL1B;TLR4;CXCL8;CD40;BCL2A1;CXCL2;LY96;CXCL3;IRAK1;BLNK;CSNK2A2;SYK;LTBR;XIAP;TNFSF13B;PTGS2;TRIM25	149	KEGG_2021_Human
Necroptosis	44/159	0.115765994162815	0.245066914967834	1.25911689483978	2.71488822789681	TICAM2;TICAM1;PPIA;BAX;CHMP4C;CHMP4B;SQSTM1;PYCARD;STAT6;CAPN1;PLA2G4C;PLA2G4A;CYBB;TNFRSF10B;CHMP2B;CHMP3;CHMP2A;FTL;CHMP5;FTH1;GLUL;MLKL;STAT5A;HSP90AA1;RIPK3;TYK2;TNFRSF1A;IL1A;IL1B;TLR4;FADD;CASP1;IFNGR1;IFNGR2;XIAP;VDAC2;VDAC1;SLC25A5;HSP90AB1;FAF1;PYGB;PYGL;MAPK9;BID	150	KEGG_2021_Human
TNF signaling pathway	32/112	0.116368252075921	0.245066914967834	1.31596203623814	2.83062845677688	MAPK14;CSF1;NOD2;CREB3L2;AKT1;MAP3K8;MAP3K5;JAG1;MAP2K1;ATF4;CREB5;ICAM1;BAG4;MLKL;EDN1;RIPK3;CCL20;TNFRSF1A;IL1B;MMP14;PIK3CB;CXCL2;PIK3R2;CXCL3;CXCL5;CASP7;CASP10;FADD;FOS;CEBPB;PTGS2;MAPK9	151	KEGG_2021_Human
Histidine metabolism	8/22	0.118886480489509	0.248723031550419	1.87835683629675	4.00012277214423	HNMT;CNDP2;ALDH3A2;ALDH7A1;ALDH1B1;ALDH2;ALDH3B1;ALDH9A1	152	KEGG_2021_Human
Central carbon metabolism in cancer	21/70	0.120887871798599	0.251257145306891	1.40948077100433	2.97808042303042	G6PD;TIGAR;PDHA1;PIK3CB;SCO2;SLC1A5;PIK3R2;HK1;HK3;HK2;AKT1;SLC16A3;IDH1;NTRK3;MAP2K2;MAP2K1;PGAM1;PKM;PFKL;FGFR1;HRAS	153	KEGG_2021_Human
Base excision repair	11/33	0.126237029327107	0.260671268350779	1.64376207859137	3.40192005984419	PARP4;PARP3;SMUG1;APEX2;APEX1;POLE4;NEIL2;POLD4;NTHL1;POLD1;POLD3	154	KEGG_2021_Human
Pyrimidine metabolism	17/56	0.139660086022213	0.286528434548799	1.4332787545	2.82147195657259	NME1;NME2;RRM2B;DCTPP1;UMPS;CDA;TYMP;NT5C2;PNP;TK2;CAD;CTPS2;NT5C3B;CMPK2;CMPK1;CANT1;UPP1	155	KEGG_2021_Human
Phosphonate and phosphinate metabolism	3/6	0.14403808424919	0.291745928606639	3.28595927116827	6.36712947847928	PCYT1A;PCYT2;CHPT1	156	KEGG_2021_Human
Vitamin B6 metabolism	3/6	0.14403808424919	0.291745928606639	3.28595927116827	6.36712947847928	PDXK;PNPO;PDXP	156	KEGG_2021_Human
Pentose and glucuronate interconversions	11/34	0.149173060229248	0.299989442018808	1.57219146492891	2.99132721203583	KL;DHDH;AKR1A1;SORD;UGDH;CRYL1;AKR1B1;RPE;UGP2;GUSB;XYLB	158	KEGG_2021_Human
Th17 cell differentiation	30/107	0.149994721009404	0.299989442018808	1.28148048587893	2.43116734028537	TGFB1;RUNX1;MAPK14;CD4;IL1RAP;RXRA;STAT6;HLA-DOA;HLA-DRB5;HLA-DRB1;STAT5A;HSP90AA1;TYK2;TGFBR1;IL1B;HLA-DQB1;HLA-DRA;RARA;NFKBIE;HLA-DQA2;HLA-DQA1;IFNGR1;IFNGR2;FOS;HLA-DPB1;HSP90AB1;HLA-DMB;MAPK9;HLA-DPA1;HLA-DMA	159	KEGG_2021_Human
Ras signaling pathway	61/232	0.16059034659708	0.319173313861697	1.17393313252018	2.14700464804755	CALM2;RIN1;RALB;CALML4;GNG5;AKT1;INSR;PLA2G4C;PLA2G4A;IGF1;PLAAT3;GRB2;PLA1A;PDGFC;GNG11;GNG10;PRKACA;RHOA;GAB2;GAB1;GNG12;VEGFA;VEGFB;MRAS;RAB5C;RASAL2;GNGT2;RAP1B;RRAS;HRAS;RAC1;RALBP1;CSF1;PAK1;MAP2K2;MAP2K1;EFNA4;GNB1;GNB2;BCL2L1;FGFR1;GNB4;RAB5B;CSF1R;RASGRP3;ETS2;RASGRP4;ABL2;ANGPT4;ANGPT2;KSR1;AFDN;RASA1;PIK3CB;SHC1;PIK3R2;PLD2;PLD1;TIAM1;FLT1;MAPK9	160	KEGG_2021_Human
Cortisol synthesis and secretion	19/65	0.163597277650387	0.323130026663497	1.35809477493991	2.45862347409844	ADCY3;ADCY9;ADCY7;CREB3L2;PDE8B;LDLR;POMC;NCEH1;GNAQ;GNAS;PLCB2;PLCB3;ATF4;CREB5;CACNA1F;NR4A1;GNA11;SCARB1;PRKACA	161	KEGG_2021_Human
One carbon pool by folate	7/20	0.164918868009883	0.323729629797178	1.76972587592626	3.18957983975644	DHFR2;AMT;MTHFS;MTHFD2;MTHFD2L;MTHFD1;MTHFD1L	162	KEGG_2021_Human
Hepatocellular carcinoma	45/168	0.166016795518395	0.323885527453065	1.20360551431601	2.16127388212253	TGFB1;GSTA4;BAX;ACTB;FRAT1;FRAT2;AKT1;GSTT2B;FZD1;MAP2K2;FZD5;MAP2K1;FZD7;GADD45G;BCL2L1;GRB2;ACTG1;MGST2;MGST3;MGST1;HMOX1;GSTM4;GSTM1;TXNRD3;TXNRD2;TXNRD1;GAB1;TGFBR1;PIK3CB;CDK4;NFE2L2;SHC1;PIK3R2;DVL1;DVL3;NQO1;TCF7L2;TCF7L1;GSTO1;SMARCD2;CDKN1A;CTNNB1;GSTP1;HRAS;BRD7	163	KEGG_2021_Human
Inositol phosphate metabolism	21/73	0.167960532990104	0.325679570066178	1.3279038585688	2.36901534097113	TPI1;ITPK1;OCRL;ITPKC;PIK3CB;PI4KA;PI4K2B;PI4K2A;INPP1;INPPL1;PIP5KL1;FIG4;MINPP1;PLCB2;PLCB3;MTMR14;IMPA2;INPP5F;PIP5K1B;PIP5K1C;INPP5J	164	KEGG_2021_Human
Cysteine and methionine metabolism	15/50	0.170719584720843	0.329023199643806	1.40895274937828	2.49065216336276	DNMT3A;GSS;ADI1;AHCYL1;APIP;SDSL;MDH2;MPST;TST;SMS;BCAT1;AHCY;SRM;MAT2A;MDH1	165	KEGG_2021_Human
Nicotinate and nicotinamide metabolism	11/35	0.174086959067169	0.333491885441926	1.50658506907165	2.63381252977089	BST1;NMNAT1;NNMT;QPRT;NT5C2;NUDT12;PNP;NAMPT;NAPRT;NADK;NADK2	166	KEGG_2021_Human
Vitamin digestion and absorption	8/24	0.177467784563306	0.337932667611564	1.64334763948498	2.84129249386831	SLC46A1;PLB1;AWAT2;TCN2;MMACHC;SLC19A1;SCARB1;SLC19A3	167	KEGG_2021_Human
Colorectal cancer	24/86	0.189103162375794	0.357568188309033	1.27281820455114	2.11983109102483	TGFB1;RHOA;TGFBR1;EREG;PIK3CB;BAX;CYCS;RALB;PIK3R2;CASP9;AKT1;MAP2K2;TCF7L2;TCF7L1;MAP2K1;FOS;GADD45G;GRB2;CDKN1A;CTNNB1;MAPK9;HRAS;RAC1;APPL1	168	KEGG_2021_Human
IL-17 signaling pathway	26/94	0.190604032260267	0.357568188309033	1.25726740502319	2.08399255449322	USP25;HSP90AA1;CCL20;MAPK14;IL1B;S100A9;S100A8;CXCL8;CXCL2;CXCL3;HSP90B1;CXCL5;FADD;IL17RA;JUND;FOS;IL17RE;IL17RC;IL17RB;FOSL1;CEBPB;HSP90AB1;PTGS2;MAPK9;MAPK7;MAPK6	169	KEGG_2021_Human
Aldosterone synthesis and secretion	27/98	0.191152805070867	0.357568188309033	1.25048025710826	2.06914735315809	ATP1B3;ATP1B1;CALM2;ADCY3;CALML4;ADCY9;ADCY7;CREB3L2;LDLR;PRKCE;GNAQ;GNAS;ATF4;CREB5;CACNA1F;NR4A1;PRKACA;CAMK1;DAGLA;DAGLB;CAMK1D;ATP2B1;POMC;PLCB2;PLCB3;GNA11;SCARB1	170	KEGG_2021_Human
Glutamatergic synapse	31/114	0.192306082461767	0.357621837560479	1.22825310298775	2.02498035463918	HOMER2;HOMER3;HOMER1;GRIN2D;SLC1A2;SLC1A3;ADCY3;ADCY9;SLC1A7;ADCY7;GNG5;PLA2G4C;PLA2G4A;DLG4;GNB1;GNAQ;GNB2;GNAS;GNB4;GNG11;GNG10;GLUL;PRKACA;GNG12;PLD2;PLD1;GNGT2;GRK3;PLCB2;PLCB3;GNAI2	171	KEGG_2021_Human
Pantothenate and CoA biosynthesis	7/21	0.200325261475507	0.369156637388061	1.64320961167132	2.64197365387505	PANK3;PPCS;PPCDC;ALDH3A2;ALDH1B1;ALDH2;BCAT1	172	KEGG_2021_Human
Starch and sucrose metabolism	11/36	0.200830497698536	0.369156637388061	1.44622718488297	2.32161985395388	GAA;G6PC3;GPI;PYGB;GBE1;PYGL;HK1;HK3;HK2;UGP2;PGM1	173	KEGG_2021_Human
Human papillomavirus infection	84/331	0.205545222201603	0.37478072903756	1.11913644360599	1.7705736918127	ATP6V1E1;MX1;SCRIB;COL1A1;COL9A2;BAX;PSMC1;COL9A3;ATP6V0D1;CREB3L2;AKT1;HES2;HES6;FZD1;JAG1;ATP6AP1;FZD5;FZD7;HLA-G;TUBG1;PTK2;GRB2;ATP6V1B2;RBPJ;ATP6V1C1;ATP6V0A1;PRKACA;FN1;TYK2;VEGFA;FADD;ATP6V1G1;ATP6V0E1;BCAP31;ATP6V0D2;CDKN1A;CTNNB1;PTGS2;PPP2CB;LFNG;HRAS;TICAM1;RFNG;SPP1;ATP6V0C;MAP2K2;ATP6V0B;MAP2K1;ISG15;COL6A1;RHEB;GNAS;CREB5;ATP6V1A;NOTCH4;ATP6V1D;NOTCH1;EIF4EBP1;PSEN1;VTN;ATP6V1F;ATP6V1H;ITGA5;LAMB2;PPP2R5A;TNFRSF1A;PIK3CB;CDK4;LAMC1;PIK3R2;DVL1;DVL3;TCF7L2;TCF7L1;VWF;PPP2R3A;PPP2R3C;PKM;ITGB5;TCIRG1;THBS1;OASL;ITGB8;ITGAV	174	KEGG_2021_Human
FoxO signaling pathway	35/131	0.206247256545827	0.37478072903756	1.19896215555076	1.89277704272841	TGFB1;HOMER2;HOMER3;HOMER1;MAPK14;FOXO3;AKT1;S1PR4;INSR;GABARAPL2;MAP2K2;GABARAPL1;MAP2K1;GADD45G;CSNK1E;IGF1;GRB2;GABARAP;IRS2;NLK;TGFBR1;G6PC3;PIK3CB;CCNG2;SGK3;SGK1;PIK3R2;PCK2;PDPK1;SOD2;CAT;CDKN1A;SETD7;MAPK9;HRAS	175	KEGG_2021_Human
Long-term depression	17/60	0.21940213675068	0.396419769810887	1.29961048636702	1.97131285639994	LYN;MAP2K2;MAP2K1;PLA2G4C;PLA2G4A;IGF1;GNAQ;CRH;GNAS;PLCB2;PLCB3;RYR1;GNAI2;PPP2CB;GNA11;GNA12;HRAS	176	KEGG_2021_Human
Chronic myeloid leukemia	21/76	0.223404397016105	0.401370611588256	1.25522624567169	1.881297587019	TGFB1;GAB2;RUNX1;TGFBR1;PIK3CB;CDK4;BAX;SHC1;PIK3R2;AKT1;MAP2K2;MAP2K1;GADD45G;BCL2L1;CRK;GRB2;CDKN1A;CTBP2;CBL;HRAS;STAT5A	177	KEGG_2021_Human
Aldosterone-regulated sodium reabsorption	11/37	0.229222141984967	0.409509219950672	1.39051221486265	2.04831305878837	INSR;PDPK1;IGF1;ATP1B3;ATP1B1;PIK3CB;SGK1;NEDD4L;SCNN1A;PIK3R2;SLC9A3R2	178	KEGG_2021_Human
Bladder cancer	12/41	0.232870954286923	0.413703706498556	1.36002488446498	1.98192458283023	MAP2K2;DAPK1;MAP2K1;VEGFA;CDK4;HBEGF;CXCL8;TYMP;SRC;CDKN1A;THBS1;HRAS	179	KEGG_2021_Human
Ether lipid metabolism	14/49	0.237961792155731	0.4189128192518	1.31474000859476	1.88750012389562	CHPT1;PAFAH1B2;PLD2;PLD1;PLD3;PLA2G4C;PLA2G4A;PLAAT3;PAFAH2;AGPS;PLPP3;LPCAT2;PLB1;ENPP6	180	KEGG_2021_Human
Autoimmune thyroid disease	15/53	0.239691844276223	0.4189128192518	1.29746513285147	1.85330070450154	HLA-DQB1;HLA-DRA;CD86;CD40;CD80;HLA-DQA2;HLA-DOA;HLA-DQA1;HLA-DRB5;HLA-G;HLA-DPB1;HLA-DRB1;HLA-DMB;HLA-DPA1;HLA-DMA	181	KEGG_2021_Human
Cholinergic synapse	30/113	0.239755135546628	0.4189128192518	1.18837575398619	1.69716355651372	CHRM3;CHRNA3;ADCY3;ADCY9;ADCY7;GNG5;CREB3L2;AKT1;MAP2K1;GNB1;GNAQ;GNB2;GNB4;ATF4;CREB5;CACNA1F;GNG11;GNG10;PRKACA;GNG12;PIK3CB;PIK3R2;GNGT2;FOS;KCNQ1;PLCB2;PLCB3;GNAI2;GNA11;HRAS	182	KEGG_2021_Human
Prostate cancer	26/97	0.24220434133012	0.420024175960266	1.20390676675304	1.70710791996631	SPINT1;HSP90B1;CREB3L2;AKT1;MAP2K2;MAP2K1;IGF1;AR;FGFR1;GRB2;ATF4;CREB5;PDGFC;PLAU;HSP90AA1;PIK3CB;PIK3R2;CASP9;TCF7L2;TCF7L1;PDPK1;HSP90AB1;CDKN1A;CTNNB1;GSTP1;HRAS	183	KEGG_2021_Human
PD-L1 expression and PD-1 checkpoint pathway in cancer	24/89	0.243032856530468	0.420024175960266	1.21383422778772	1.71703968561101	TICAM2;TICAM1;EML4;MAPK14;TLR2;CD4;PIK3CB;NFKBIE;PTPN6;TLR4;PIK3R2;AKT1;BATF2;BATF3;MAP2K2;CSNK2A2;IFNGR1;IFNGR2;MAP2K1;FOS;MYD88;CSNK2B;CD274;HRAS	184	KEGG_2021_Human
Ascorbate and aldarate metabolism	9/30	0.251785651079712	0.432799119153235	1.40842608775642	1.94246906978499	KL;AKR1A1;ALDH3A2;ALDH7A1;UGDH;ALDH9A1;ALDH1B1;ALDH2;GUSB	185	KEGG_2021_Human
cGMP-PKG signaling pathway	43/167	0.255827678562705	0.437382805284624	1.14026852659111	1.55447242781445	ATP1B3;ATP1B1;PPP1CB;PPIF;GTF2IRD1;CALM2;MYL9;GTF2I;ROCK2;ADCY3;CALML4;ADCY9;ADCY7;CREB3L2;AKT1;ADORA1;INSR;MAP2K2;TRPC6;MAP2K1;PRKCE;VASP;KCNMA1;GNAQ;ATF4;CREB5;IRS2;CACNA1F;KCNMB1;RHOA;MEF2A;ATP2B1;VDAC2;VDAC1;PLCB2;PLCB3;SLC25A5;SRF;ATP2A2;SLC8A1;GNAI2;GNA11;GNA12	186	KEGG_2021_Human
Thiamine metabolism	5/15	0.260027603690896	0.438751345100856	1.64293373364787	2.21297832015358	AK1;TPK1;NTPCR;NFS1;THTPA	187	KEGG_2021_Human
Inflammatory mediator regulation of TRP channels	26/98	0.260639618312628	0.438751345100856	1.18710804729762	1.59620518467233	TRPV4;TRPV2;MAPK14;PPP1CB;CALM2;ADCY3;CALML4;IL1RAP;ADCY9;ADCY7;PRKCD;PLA2G4C;PRKCE;PLA2G4A;IGF1;GNAQ;GNAS;PRKACA;IL1B;PIK3CB;PIK3R2;HRH1;PLCB2;PLCB3;SRC;MAPK9	188	KEGG_2021_Human
Transcriptional misregulation in cancer	49/192	0.260767308880698	0.438751345100856	1.12678553315055	1.51454263991261	LMO2;RUNX1;MITF;NUPR1;SPINT1;BAX;CDK14;CD86;HPGD;RXRA;SMAD1;GADD45G;PBX3;IGF1;PTK2;NR4A3;BCL2L1;BMP2K;CSF1R;SLC45A3;SPI1;PLAU;CD14;DUSP6;JUP;MLF1;ETV6;PAX8;ID2;RARA;CXCL8;DOT1L;CD40;BCL2A1;MLLT1;TFE3;PTCRA;PER2;DDIT3;PPARG;CEBPA;CEBPB;FLT1;CEBPE;CDKN1A;ITGAM;LYL1;FCGR1A;HHEX	189	KEGG_2021_Human
Growth hormone synthesis, secretion and action	31/119	0.272726210223145	0.456457551847159	1.15808614503892	1.504686134143	MAPK14;ADCY3;ADCY9;ADCY7;CREB3L2;AKT1;MAP2K2;MAP2K1;IGF1;PTK2;GNAQ;GNAS;GRB2;ATF4;CREB5;IRS2;CACNA1F;PRKACA;STAT5A;PIK3CB;BCAR1;SHC1;PIK3R2;FOS;CRK;PLCB2;PLCB3;GNAI2;MAPK9;GNA11;HRAS	190	KEGG_2021_Human
Renin-angiotensin system	7/23	0.278394776846606	0.463505439985449	1.43762068225703	1.83830729176134	CTSA;ACE;ATP6AP2;KLK1;MME;NLN;ANPEP	191	KEGG_2021_Human
RNA polymerase	9/31	0.286539212493785	0.474580570692832	1.34431891353978	1.68023716885646	POLR1A;POLR3G;POLR3H;POLR3K;POLR2A;POLR2E;POLR2F;POLR2K;POLR2L	192	KEGG_2021_Human
Porphyrin and chlorophyll metabolism	12/43	0.290879216222201	0.479272490977513	1.27211506484869	1.57086767820481	MMAB;HMBS;BLVRB;BLVRA;FECH;ALAS1;HCCS;ALAD;UROD;HMOX1;COX15;GUSB	193	KEGG_2021_Human
Drug metabolism	28/108	0.295526881554139	0.481936145303672	1.15047413793103	1.40242277002238	GSTA4;CDA;CES1;TYMP;HPGDS;GSTT2B;NAT1;ITPA;TPMT;MGST2;MGST3;MGST1;ALDH3B1;GSTM4;GSTM1;NME1;NME2;RRM2B;UMPS;TK2;GSTO1;FMO4;FMO5;IMPDH1;CMPK1;GSTP1;UPP1;GUSB	194	KEGG_2021_Human
Insulin resistance	28/108	0.295526881554139	0.481936145303672	1.15047413793103	1.40242277002238	PPP1CB;SLC27A1;CREB3L2;AKT1;PPARGC1B;SREBF1;INSR;PRKCD;PRKCE;SLC27A4;SLC27A3;CREB5;IRS2;TNFRSF1A;G6PC3;PIK3CB;PIK3R2;MLX;CD36;PCK2;NR1H3;PDPK1;NR1H2;PYGB;PYGL;MAPK9;RPS6KA1;RPS6KA2	194	KEGG_2021_Human
C-type lectin receptor signaling pathway	27/104	0.297302008910179	0.482357340986923	1.15258690888943	1.39809574864456	MAPK14;CLEC4E;MAPKAPK2;CALM2;CALML4;PYCARD;PAK1;AKT1;EGR2;PRKCD;CLEC6A;RHOA;KSR1;CARD9;IL1B;MRAS;PIK3CB;PIK3R2;CLEC7A;RRAS;CASP1;FCER1G;SYK;SRC;PTGS2;MAPK9;HRAS	196	KEGG_2021_Human
Th1 and Th2 cell differentiation	24/92	0.302643442239372	0.488531038741727	1.16005471956224	1.38649731344821	TYK2;MAPK14;CD4;HLA-DQB1;HLA-DRA;NFKBIE;STAT6;HLA-DQA2;HLA-DOA;HLA-DQA1;JAG1;HLA-DRB5;IFNGR1;IFNGR2;FOS;HLA-DPB1;HLA-DRB1;NOTCH1;RBPJ;HLA-DMB;MAPK9;HLA-DPA1;HLA-DMA;STAT5A	197	KEGG_2021_Human
Gastric acid secretion	20/76	0.309680638087127	0.497365873291446	1.17377673961151	1.37591718928374	ATP1B3;ATP1B1;CALM2;CHRM3;ADCY3;CALML4;ADCY9;ADCY7;SLC9A1;ACTB;CA2;KCNQ1;GNAQ;GNAS;PLCB2;PLCB3;ACTG1;SLC4A2;GNAI2;PRKACA	198	KEGG_2021_Human
Melanogenesis	26/101	0.318981167053545	0.50972869911069	1.13939968404423	1.30190453059671	MITF;CALM2;ADCY3;CALML4;ADCY9;ADCY7;CREB3L2;FZD1;MAP2K2;FZD5;MAP2K1;FZD7;GNAQ;GNAS;PRKACA;EDN1;DVL1;DVL3;TCF7L2;TCF7L1;POMC;PLCB2;PLCB3;CTNNB1;GNAI2;HRAS	199	KEGG_2021_Human
Neutrophil extracellular trap formation	47/189	0.335475127451358	0.533405452647659	1.08800607148626	1.18832834897988	MAPK14;PPIF;NCF1;AQP9;ACTB;AKT1;MAP2K2;MAP2K1;CYBB;CYBA;C5AR1;NCF2;NCF4;ACTG1;C3;ATG7;AZU1;TLR2;FCGR2A;CLCN5;PIK3CB;TLR8;TLR7;SIGLEC9;TLR4;FPR2;FPR1;FPR3;PIK3R2;FCGR3A;FCGR3B;CLEC7A;CASP1;CR1;SYK;VWF;VDAC2;VDAC1;PLCB2;PLCB3;SLC25A5;HDAC6;SRC;CLCN4;ITGAM;FCGR1A;RAC1	200	KEGG_2021_Human
PI3K-Akt signaling pathway	86/354	0.354201543425213	0.560378561239889	1.05499130276162	1.09496407516484	EREG;COL1A1;COL9A2;COL9A3;MYB;GNG5;CREB3L2;AKT1;INSR;IGF1;PTK2;GRB2;ATF4;PDGFC;LPAR1;GNG11;GNG10;MLST8;FN1;GNG12;VEGFA;VEGFB;TLR2;SGK3;TLR4;SGK1;GNGT2;PCK2;SYK;CDKN1A;PPP2CB;HRAS;RAC1;CSF3R;CSF1;FOXO3;HSP90B1;RXRA;SPP1;MAP2K2;MAP2K1;EFNA4;COL6A1;GNB1;RHEB;GNB2;BCL2L1;FGFR1;GNB4;CREB5;CSF1R;EIF4EBP1;NR4A1;VTN;ANGPT4;HSP90AA1;ANGPT2;ITGA5;LAMB2;PPP2R5A;G6PC3;PIK3CB;CDK4;IL3RA;EIF4E2;YWHAG;YWHAE;YWHAB;LAMC1;PIK3R2;CASP9;EIF4E;MCL1;YWHAH;VWF;PDPK1;PPP2R3A;PPP2R3C;CDC37;PIK3AP1;FLT1;HSP90AB1;ITGB5;THBS1;ITGB8;ITGAV	201	KEGG_2021_Human
Alanine, aspartate and glutamate metabolism	10/37	0.35706919743382	0.562118835564132	1.21694257589492	1.25323872260347	CAD;GPT2;ASRGL1;ALDH4A1;NIT2;GPT;ABAT;DDO;ASL;GLUL	202	KEGG_2021_Human
alpha-Linolenic acid metabolism	7/25	0.362434823319826	0.565527455959213	1.27771818160147	1.29676975007459	PLA2G4C;PLA2G4A;PLAAT3;ACOX1;PLB1;ACAA1;FADS2	203	KEGG_2021_Human
Primary bile acid biosynthesis	5/17	0.362791198162514	0.565527455959213	1.36893273286153	1.38799898414217	HSD3B7;HSD17B4;CYP27A1;AMACR;SCP2	204	KEGG_2021_Human
Vascular smooth muscle contraction	33/133	0.375967562607719	0.583208219069534	1.08447896440129	1.0608941594072	PPP1CB;MYL6;CALM2;MYL9;ROCK2;ADCY3;CALML4;ADCY9;ADCY7;ARHGEF11;MAP2K2;PRKCD;MAP2K1;PLA2G4C;PRKCE;PLA2G4A;KCNMA1;GNAQ;GNAS;CALCRL;CACNA1F;CALD1;KCNMB1;PRKACA;EDN1;RHOA;ACTA2;ADORA2B;PPP1R12C;PLCB2;PLCB3;GNA11;GNA12	205	KEGG_2021_Human
Thyroid hormone synthesis	19/75	0.384283883754046	0.593214927348479	1.11484804719909	1.06621137292851	GPX3;ATP1B3;ATP1B1;PAX8;ADCY3;ADCY9;ADCY7;HSP90B1;CREB3L2;PDIA4;GNAQ;CANX;GNAS;PLCB2;PLCB3;ATF4;CREB5;ASGR1;PRKACA	206	KEGG_2021_Human
Thyroid hormone signaling pathway	30/121	0.386407756735333	0.593611916144135	1.08333451800463	1.03010173747737	ATP1B3;ATP1B1;SLC9A1;ACTB;RXRA;AKT1;MAP2K2;MAP2K1;SLC16A10;ESR1;RCAN1;RHEB;NOTCH4;PFKFB2;NOTCH1;ACTG1;PRKACA;PIK3CB;PIK3R2;MED12;CASP9;PDPK1;PFKL;PLCB2;PLCB3;SRC;CTNNB1;ATP2A2;HRAS;ITGAV	207	KEGG_2021_Human
Chemical carcinogenesis	58/239	0.391069064770432	0.597884435562487	1.0531489315804	0.98877109412281	ADCY3;ADCY9;ADCY7;CREB3L2;AKT1;GSTT2B;JAG1;PAQR5;AR;GRB2;ATF4;MGST2;MGST3;MGST1;SULT1A2;SULT1A1;PRKACA;STAT5A;GSTM4;GSTM1;VEGFA;CBR1;AKR1C2;GSTO1;FOS;XIAP;GSTP1;GNAI2;PTGS2;HRAS;GSTA4;CHRNA3;HSP90B1;HPGDS;RXRA;KPNA6;KPNA4;MAP2K2;EPHX1;MAP2K1;NAT1;ESR1;GNAS;CREB5;EIF4EBP1;CACNA1F;VDR;HSP90AA1;PIK3CB;PIK3R2;KLF5;KLF4;SRC;HSP90AB1;ARRB2;RPS6KA1;ARRB1;RPS6KA2	208	KEGG_2021_Human
Glycosylphosphatidylinositol (GPI)-anchor biosynthesis	7/26	0.405288878117269	0.615096827006301	1.21039081290439	1.09317074077383	PIGF;PIGT;PIGV;PIGP;PIGO;GPAA1;PIGZ	209	KEGG_2021_Human
Pancreatic cancer	19/76	0.409151632309686	0.615096827006301	1.09521760952176	0.978762521472544	TGFB1;RALBP1;TGFBR1;VEGFA;PIK3CB;CDK4;BAX;RALB;PIK3R2;PLD2;PLD1;CASP9;AKT1;MAP2K1;GADD45G;BCL2L1;CDKN1A;MAPK9;RAC1	210	KEGG_2021_Human
Arginine biosynthesis	6/22	0.410018913473026	0.615096827006301	1.23198198198198	1.0983759875887	ACY1;GPT2;GPT;ASL;GLUL;NAGS	211	KEGG_2021_Human
Fatty acid biosynthesis	5/18	0.414869694636979	0.615096827006301	1.2635477325591	1.11165766652764	MECR;ACSL1;ACSL4;MCAT;FASN	212	KEGG_2021_Human
Carbohydrate digestion and absorption	12/47	0.41586735159231	0.615096827006301	1.12643593519882	0.988322426582142	ATP1B3;ATP1B1;G6PC3;PIK3CB;PLCB2;PLCB3;PIK3R2;HK1;HK3;HK2;AKT1;SLC37A4	213	KEGG_2021_Human
Nucleotide excision repair	12/47	0.41586735159231	0.615096827006301	1.12643593519882	0.988322426582142	RFC2;RPA3;RAD23B;RAD23A;GTF2H5;RBX1;ERCC1;POLE4;CETN2;POLD4;POLD1;POLD3	213	KEGG_2021_Human
Other types of O-glycan biosynthesis	12/47	0.41586735159231	0.615096827006301	1.12643593519882	0.988322426582142	GALNT6;GALNT1;EOGT;GALNT12;B4GALT2;POMT2;PLOD3;RFNG;LFNG;C1GALT1C1;POFUT1;COLGALT1	213	KEGG_2021_Human
ErbB signaling pathway	21/85	0.423962922097598	0.624167635310353	1.07807456423499	0.925105783204299	GAB1;EREG;PIK3CB;SHC1;PIK3R2;PAK1;AKT1;MAP2K2;MAP2K1;PTK2;CRK;GRB2;HBEGF;SRC;CDKN1A;EIF4EBP1;CBL;MAPK9;ABL2;HRAS;STAT5A	216	KEGG_2021_Human
Pancreatic secretion	25/102	0.427514030777067	0.625101319518369	1.06675039369418	0.906490530549938	ATP1B3;ATP1B1;CHRM3;ADCY3;ADCY9;ADCY7;SLC9A1;CELA2B;KCNMA1;GNAQ;GNAS;RHOA;TPCN2;BST1;CA2;RAP1B;ATP2B1;RAB11A;KCNQ1;PLCB2;PLCB3;ATP2A2;SLC4A2;RAB8A;RAC1	217	KEGG_2021_Human
Human immunodeficiency virus 1 infection	51/212	0.42852857753146	0.625101319518369	1.04087513469664	0.882035352453281	AP1S1;AP1B1;MAPK14;CD4;BAX;CALM2;CALML4;RNF7;GNG5;AKT1;HLA-G;PTK2;GNG11;GNG10;GNG12;TLR2;BST2;CALR;TLR4;GNGT2;FADD;FOS;GNAI2;ELOB;ELOC;HRAS;RAC1;BID;RBX1;PAK1;CFL1;MAP2K2;MAP2K1;MYD88;GNB1;GNAQ;GNB2;BCL2L1;GNB4;LIMK1;LIMK2;TNFRSF1A;PIK3CB;CYCS;PIK3R2;CASP9;IRAK1;CRK;SAMHD1;MAPK9;GNA11	218	KEGG_2021_Human
Hedgehog signaling pathway	14/56	0.435121591776169	0.630634475687706	1.09511531299241	0.911278048735715	PTCH2;SMURF1;IQCE;DISP1;GPR161;SPOPL;MEGF8;GRK3;CSNK1D;CSNK1E;CUL3;ARRB2;ARRB1;PRKACA	219	KEGG_2021_Human
Dopaminergic synapse	32/132	0.436288002048098	0.630634475687706	1.0513891285591	0.872077549906794	MAPK14;PPP1CB;CALM2;CALML4;COMT;GNG5;CREB3L2;AKT1;GNB1;GNAQ;GNB2;GNAS;GNB4;ATF4;CREB5;GNG11;GNG10;PRKACA;GNG12;PPP2R5A;GSK3A;GNGT2;FOS;PPP2R3A;PPP2R3C;PLCB2;PLCB3;ARRB2;GNAI2;PPP2CB;MAPK9;ARRB1	220	KEGG_2021_Human
Adipocytokine signaling pathway	17/69	0.445283109237089	0.640724111933911	1.07404528389263	0.868950965174119	ACSL1;ACSL4;TNFRSF1A;G6PC3;AGRP;NFKBIE;ADIPOR1;ADIPOR2;RXRA;AKT1;CD36;PCK2;POMC;IRS2;CAMKK2;MAPK9;LEPR	221	KEGG_2021_Human
Mannose type O-glycan biosynthesis	6/23	0.45647449110588	0.653868865638152	1.15943674767204	0.909256338235565	B3GALNT2;B4GALT2;POMT2;POMGNT2;POMGNT1;FUT4	222	KEGG_2021_Human
Mucin type O-glycan biosynthesis	9/36	0.470578022761415	0.671048480888475	1.09501323603062	0.825413864380928	GALNT6;GALNT1;ST6GALNAC4;B4GALT5;GALNT12;ST6GALNAC2;GCNT1;C1GALT1C1;ST3GAL2	223	KEGG_2021_Human
Hepatitis C	37/157	0.504225673493756	0.711426423139956	1.01281940545598	0.693509195015095	MX1;TICAM1;BAX;CD81;RXRA;AKT1;LDLR;MAP2K2;MAP2K1;PSME3;GRB2;IFIT1;EIF2AK4;OAS1;TYK2;TNFRSF1A;PIK3CB;OAS3;CDK4;CYCS;YWHAG;YWHAE;YWHAB;PIK3R2;CASP9;FADD;YWHAH;NR1H3;CLDN7;RNASEL;CDKN1A;CTNNB1;CLDN23;PPP2CB;HRAS;BID;SCARB1	224	KEGG_2021_Human
Circadian entrainment	23/97	0.504908142720363	0.711426423139956	1.02095831030169	0.697701225999574	GRIN2D;CALM2;ADCY3;CALML4;ADCY9;ADCY7;GNG5;GNB1;GNAQ;GNB2;GNAS;GNB4;GNG11;GNG10;PRKACA;GNG12;GNGT2;FOS;PER2;PLCB2;PLCB3;RYR1;GNAI2	225	KEGG_2021_Human
Long-term potentiation	16/67	0.505604942231541	0.711426423139956	1.03053293544417	0.702823112842787	GRIN2D;PPP1CB;RAPGEF3;CALM2;CALML4;RAP1B;MAP2K2;MAP2K1;GNAQ;PLCB2;PLCB3;ATF4;RPS6KA1;RPS6KA2;HRAS;PRKACA	226	KEGG_2021_Human
GABAergic synapse	21/89	0.518420356530792	0.725830412263055	1.01439258724794	0.666424348449214	GNG12;ADCY3;ADCY9;ABAT;ADCY7;GNGT2;GNG5;GABARAPL2;GABARAPL1;SLC6A12;GNB1;GNB2;GNB4;GABARAP;SRC;CACNA1F;GNAI2;GNG11;GNG10;GLUL;PRKACA	227	KEGG_2021_Human
Type II diabetes mellitus	11/46	0.520406710679172	0.725830412263055	1.03234455044633	0.674270306860562	INSR;PRKCD;PRKCE;PKM;PIK3CB;IRS2;PIK3R2;HK1;HK3;HK2;MAPK9	228	KEGG_2021_Human
Non-small cell lung cancer	17/72	0.524023806755623	0.727683714184664	1.01526162506597	0.656080502267205	EML4;PIK3CB;CDK4;BAX;PIK3R2;FOXO3;RXRA;CASP9;AKT1;MAP2K2;MAP2K1;PDPK1;GADD45G;GRB2;CDKN1A;HRAS;STAT5A	229	KEGG_2021_Human
Oxytocin signaling pathway	36/154	0.527139936298034	0.728828259751195	1.00206375691578	0.641610633246734	PPP1CB;MYL6;CALM2;MYL9;ROCK2;ADCY3;CALML4;ADCY9;ADCY7;ACTB;MAP2K2;MAP2K1;PLA2G4C;PLA2G4A;RCAN1;CACNB3;GNAQ;GNAS;ACTG1;CACNA1F;PRKACA;RHOA;CAMK1;PPP1R12C;CAMK1D;FOS;PLCB2;PLCB3;SRC;RYR1;CDKN1A;CAMKK2;GNAI2;PTGS2;HRAS;MAPK7	230	KEGG_2021_Human
Adrenergic signaling in cardiomyocytes	35/150	0.532622827480429	0.733221035232799	0.999624621101925	0.629705279223364	TPM4;ATP1B3;ATP1B1;MAPK14;PPP1CB;CALM2;ADCY3;CALML4;ADCY9;ADCY7;SLC9A1;CREB3L2;AKT1;TPM1;CACNB3;GNAQ;GNAS;ATF4;CREB5;KCNE1;CACNA1F;PRKACA;PPP2R5A;RAPGEF3;PPP2R3A;PPP2R3C;ATP2B1;KCNQ1;PLCB2;PLCB3;ATP2A2;SLC8A1;GNAI2;PPP2CB;TNNI3	231	KEGG_2021_Human
Arrhythmogenic right ventricular cardiomyopathy	18/77	0.5412276455187	0.741553733951134	1.00205576817933	0.615177369643314	ITGA5;JUP;PKP2;DSC2;LMNA;ACTB;TCF7L2;TCF7L1;CACNB3;ITGB5;CTNNB1;ACTG1;ATP2A2;CACNA1F;SLC8A1;CTNNA1;ITGB8;ITGAV	232	KEGG_2021_Human
Purine metabolism	30/129	0.54333968556797	0.741553733951134	0.995269643393835	0.607134967795172	PDE6G;ADCY3;NTPCR;ADCY9;PAPSS1;ADCY7;PAPSS2;PNP;PDE8B;NT5C3B;ITPA;AK1;PDE1B;AK6;AMPD2;ADA2;NME1;NME2;RRM2B;GMPR;NT5C2;PDE4A;PKM;NUDT9;IMPDH1;PRPS2;CANT1;ENPP4;NUDT16;PGM1	233	KEGG_2021_Human
cAMP signaling pathway	50/216	0.553301308088201	0.751922290478838	0.989188455858949	0.585453724792961	GRIN2D;CALM2;MYL9;ADCY3;CALML4;ADCY9;ADCY7;CREB3L2;AKT1;FFAR2;PRKACA;EDN1;RHOA;VAV1;VAV2;RAPGEF3;RAP1B;RRAS;FOS;PTGER3;GNAI2;RAC1;ATP1B3;ATP1B1;PPP1CB;ROCK2;SUCNR1;SLC9A1;PAK1;ADORA1;MAP2K2;MAP2K1;GNAS;CREB5;CACNA1F;HCAR3;HCAR2;AFDN;PIK3CB;ACOX1;PIK3R2;PLD2;PLD1;PDE4A;ATP2B1;TIAM1;POMC;ATP2A2;MAPK9;TNNI3	234	KEGG_2021_Human
Fat digestion and absorption	10/43	0.564238668721945	0.760496418239607	0.995289954070547	0.56958249009534	DGAT2;DGAT1;SLC27A4;PLPP3;SLC27A1;ACAT1;AGPAT2;ACAT2;CD36;SCARB1	235	KEGG_2021_Human
Morphine addiction	21/91	0.564393568253294	0.760496418239607	0.985280826339574	0.563584036607098	GNG12;ADCY3;ADCY9;ADCY7;GNGT2;GRK3;GNG5;PDE4A;ADORA1;PDE8B;GNB1;GNB2;GNAS;GNB4;PDE1B;ARRB2;GNAI2;GNG11;GNG10;ARRB1;PRKACA	236	KEGG_2021_Human
Measles	32/139	0.568447192693498	0.762726612981149	0.982155096643094	0.554767221338302	MX1;HSPA1A;BAX;HSPA1B;AKT1;MYD88;CSNK2B;BCL2L1;STAT5A;HSPA6;EIF2AK4;OAS1;TYK2;IL1A;TLR2;IL1B;PIK3CB;OAS3;CDK4;CYCS;TLR7;TLR4;PIK3R2;CASP9;IRAK1;FADD;CSNK2A2;FOS;RAB9A;IFIH1;MAPK9;BID	237	KEGG_2021_Human
Prolactin signaling pathway	16/70	0.584330916641804	0.780744670134847	0.973090028979969	0.522829418920844	MAPK14;PIK3CB;SHC1;PIK3R2;FOXO3;AKT1;SOCS6;MAP2K2;MAP2K1;FOS;ESR1;GRB2;SRC;MAPK9;HRAS;STAT5A	238	KEGG_2021_Human
Hepatitis B	37/162	0.590521879215799	0.78571530372646	0.971987043835025	0.511992806796469	TGFB1;TICAM2;TICAM1;MAPK14;BAX;CREB3L2;AKT1;STAT6;EGR2;MAP2K2;ATP6AP1;MAP2K1;MYD88;GRB2;ATF4;CREB5;STAT5A;TYK2;TGFBR1;TLR2;PIK3CB;CYCS;TLR4;CXCL8;YWHAB;PIK3R2;CASP9;CASP10;IRAK1;FADD;FOS;SRC;CDKN1A;IFIH1;MAPK9;HRAS;BID	239	KEGG_2021_Human
Glioma	17/75	0.599448704111465	0.792138416116311	0.96255903439379	0.492584650451513	PIK3CB;CDK4;BAX;CAMK1;CALM2;SHC1;CALML4;PIK3R2;AKT1;CAMK1D;MAP2K2;MAP2K1;GADD45G;IGF1;GRB2;CDKN1A;HRAS	240	KEGG_2021_Human
Phosphatidylinositol signaling system	22/97	0.600331315358588	0.792138416116311	0.963277371215382	0.491534996503433	OCRL;CALM2;PI4K2B;PI4K2A;DGKG;INPP1;CALML4;INPPL1;DGKQ;CDS1;INPP5F;PIP5K1B;PIP5K1C;ITPK1;ITPKC;PIK3CB;PI4KA;PIK3R2;PLCB2;PLCB3;MTMR14;IMPA2	241	KEGG_2021_Human
Hippo signaling pathway	37/163	0.607163435781766	0.797842861895048	0.964209451145318	0.48109931782805	TGFB1;SCRIB;PPP1CB;SERPINE1;ACTB;PAK1;CSNK1D;WWTR1;FZD1;FZD5;SMAD1;FZD7;CSNK1E;SMAD7;MOB1A;LATS2;MOB1B;DLG4;SNAI2;ACTG1;RASSF4;TGFBR1;ID2;YWHAG;BMPR2;YWHAE;YWHAB;SAV1;STK3;DVL1;DVL3;YWHAH;TCF7L2;TCF7L1;CTNNB1;PPP2CB;CTNNA1	242	KEGG_2021_Human
Cushing syndrome	35/155	0.619593669997326	0.810826284194031	0.957658824375854	0.458423030687726	ADCY3;ADCY9;ADCY7;CREB3L2;PDE8B;LDLR;FZD1;MAP2K2;FZD5;MAP2K1;FZD7;NCEH1;GNAQ;GNAS;ATF4;CREB5;CACNA1F;NR4A1;PRKACA;CDK4;RAP1B;DVL1;DVL3;TCF7L2;TCF7L1;POMC;CRH;PLCB2;PLCB3;FH;CDKN1A;CTNNB1;GNAI2;GNA11;SCARB1	243	KEGG_2021_Human
Metabolism of xenobiotics by cytochrome P450	17/76	0.623437729358215	0.812513106294723	0.946182523167972	0.447077289789686	GSTM4;GSTM1;DHDH;AKR7A2;GSTA4;HPGDS;GSTT2B;CBR1;EPHX1;GSTO1;AKR1C1;CYP2S1;GSTP1;MGST2;MGST3;MGST1;ALDH3B1	244	KEGG_2021_Human
DNA replication	8/36	0.626884059698578	0.813669922384276	0.938320049049663	0.438189521659871	RFC2;RPA3;POLE4;MCM5;RNASEH2C;POLD4;POLD1;POLD3	245	KEGG_2021_Human
Insulin secretion	19/86	0.648839647017075	0.8353067066023	0.931142309532141	0.402783921391515	ATP1B3;ATP1B1;CHRM3;ADCY3;ADCY9;ADCY7;CREB3L2;KCNMA1;GNAQ;GNAS;PLCB2;PLCB3;ATF4;CREB5;CACNA1F;GNA11;KCNMB1;TRPM4;PRKACA	246	KEGG_2021_Human
Mismatch repair	5/23	0.651434161123807	0.8353067066023	0.912264398217647	0.390977313251861	RFC2;RPA3;POLD4;POLD1;POLD3	247	KEGG_2021_Human
Proximal tubule bicarbonate reclamation	5/23	0.651434161123807	0.8353067066023	0.912264398217647	0.390977313251861	ATP1B3;ATP1B1;CA2;MDH1;PCK2	247	KEGG_2021_Human
GnRH secretion	14/64	0.656590362117546	0.838537088969396	0.919415556510529	0.386793483865619	PIK3CB;PIK3R2;AKT1;SPP1;MAP2K2;MAP2K1;GNAQ;PLCB2;PLCB3;ARRB2;CACNA1F;ARRB1;GNA11;HRAS	249	KEGG_2021_Human
African trypanosomiasis	8/37	0.659938144489634	0.839441319790814	0.905904987420453	0.37650241885529	IL18;IL1B;MYD88;GNAQ;PLCB2;PLCB3;ICAM1;APOL1	250	KEGG_2021_Human
Renin secretion	15/69	0.668838530317201	0.84722695695202	0.912075841153855	0.366848402537074	CTSB;EDN1;ACE;CALM2;CALML4;ADORA1;KCNMA1;GNAQ;GNAS;PLCB2;PLCB3;PDE1B;CACNA1F;GNAI2;PRKACA	251	KEGG_2021_Human
Dilated cardiomyopathy	21/96	0.671387399848771	0.84722695695202	0.919294168280611	0.366255034983713	TGFB1;ITGA5;TPM4;ADCY3;ADCY9;ADCY7;LMNA;ACTB;TPM1;IGF1;CACNB3;GNAS;ITGB5;ACTG1;ATP2A2;CACNA1F;SLC8A1;TNNI3;ITGB8;ITGAV;PRKACA	252	KEGG_2021_Human
Small cell lung cancer	20/92	0.680882086621818	0.855812266979203	0.911981258366801	0.35053471167387	FN1;LAMB2;PIK3CB;CDK4;BAX;CYCS;CKS1B;LAMC1;PIK3R2;RXRA;CASP9;AKT1;GADD45G;PTK2;XIAP;BCL2L1;BIRC7;CDKN1A;PTGS2;ITGAV	253	KEGG_2021_Human
ECM-receptor interaction	19/88	0.69077615204369	0.864829985629502	0.904034216490378	0.334437925833702	ITGA5;FN1;LAMB2;COL1A1;COL9A2;COL9A3;AGRN;SDC4;LAMC1;SPP1;CD36;VWF;COL6A1;CD44;ITGB5;THBS1;VTN;ITGB8;ITGAV	254	KEGG_2021_Human
Arachidonic acid metabolism	13/61	0.693698313684421	0.865082602947631	0.889240959541711	0.325211531500809	GPX3;HPGDS;ALOX5;CBR1;PLA2G4C;PLA2G4A;AKR1C3;PLAAT3;TBXAS1;PTGS1;PLB1;PTGS2;LTA4H	255	KEGG_2021_Human
Salivary secretion	20/93	0.700636826579043	0.870322308016156	0.899429420224931	0.319986052072028	ATP1B3;ATP1B1;LYZ;BST1;CALM2;CHRM3;ADCY3;CALML4;ADCY9;ADCY7;SLC9A1;ATP2B1;KCNMA1;GNAQ;GNAS;PLCB2;PLCB3;SLC4A2;CST3;PRKACA	256	KEGG_2021_Human
Wnt signaling pathway	36/166	0.721454882008882	0.892695145832002	0.908848146671981	0.296725683716408	TLE3;TLE1;CTNNBIP1;RBX1;TLE6;ROCK2;FRAT1;FRAT2;GPC4;SERPINF1;TBL1X;SIAH1;FZD1;FZD5;FZD7;CSNK1E;FOSL1;CSNK2B;CTBP2;PSEN1;NLK;PRKACA;RHOA;DVL1;DVL3;TCF7L2;TCF7L1;CSNK2A2;PLCB2;PLCB3;PPARD;CTNNB1;PRICKLE3;MAPK9;RSPO3;RAC1	257	KEGG_2021_Human
Systemic lupus erythematosus	29/135	0.726686912964713	0.895683869468134	0.897952958306727	0.286680057728884	SSB;ACTN1;CD86;CD80;SNRPD1;HLA-DOA;HLA-DRB5;HLA-DRB1;C2;C3;FCGR2A;HLA-DQB1;HLA-DRA;CD40;C8A;C8B;FCGR3A;FCGR3B;HLA-DQA2;HLA-DQA1;HLA-DPB1;C1QC;C1QB;C1QA;HLA-DMB;FCGR1A;HLA-DPA1;TRIM21;HLA-DMA	258	KEGG_2021_Human
Bile secretion	19/90	0.729721126698511	0.895951035869215	0.87845333995801	0.276794354223618	ABCC3;ATP1B3;ATP1B1;ABCG2;AQP9;ADCY3;ADCY9;ADCY7;SLC9A1;CA2;RXRA;LDLR;EPHX1;NCEH1;GNAS;HMGCR;SLC4A2;SCARB1;PRKACA	259	KEGG_2021_Human
Serotonergic synapse	24/113	0.73534979983679	0.899389370569613	0.885114537061232	0.272092152451434	APP;GNG5;ALOX5;MAP2K1;PLA2G4C;PLA2G4A;GNB1;GNAQ;GNB2;GNAS;GNB4;CACNA1F;GNG11;GNG10;PRKACA;GNG12;RAPGEF3;GNGT2;PLCB2;PLCB3;GNAI2;PTGS1;PTGS2;HRAS	260	KEGG_2021_Human
Cytosolic DNA-sensing pathway	13/63	0.739500365400833	0.901000445201014	0.853559613319012	0.257587649202611	RIPK3;IL18;IL1B;POLR3G;POLR3H;POLR3K;PYCARD;CASP1;POLR2E;POLR2F;TREX1;POLR2K;POLR2L	261	KEGG_2021_Human
Basal transcription factors	9/45	0.754905251186507	0.916259045333241	0.820776990770552	0.230772147916352	TAF13;TAF10;GTF2H5;TAF9;GTF2IRD1;GTF2I;GTF2B;GTF2E1;TAF5L	262	KEGG_2021_Human
Tyrosine metabolism	7/36	0.76846134971545	0.926253197301873	0.792496800301844	0.208715928066645	FAHD1;AOC2;AOC3;FAH;GSTZ1;COMT;ALDH3B1	263	KEGG_2021_Human
Cellular senescence	33/156	0.768964918514762	0.926253197301873	0.880358881258716	0.231279020188142	TGFB1;TRPV4;HIPK2;MAPK14;PPP1CB;MAPKAPK2;CALM2;SQSTM1;SERPINE1;CALML4;FOXO3;CHEK2;AKT1;CAPN1;MAP2K2;MAP2K1;GADD45G;HLA-G;RHEB;EIF4EBP1;TGFBR1;IL1A;MRAS;PIK3CB;CDK4;CXCL8;PIK3R2;RRAS;VDAC2;VDAC1;SLC25A5;CDKN1A;HRAS	264	KEGG_2021_Human
RNA degradation	16/79	0.78046817828227	0.936561813938724	0.833585827566911	0.206613675882206	CNOT6;PABPC4;MPHOSPH6;TENT4A;EXOSC5;EXOSC4;EXOSC3;LSM6;LSM4;LSM3;PFKL;C1D;WDR61;ENO1;HSPD1;NUDT16	265	KEGG_2021_Human
Glucagon signaling pathway	22/107	0.784800680779201	0.938220362736037	0.849393532703654	0.205829715291539	SIK2;CALM2;CALML4;CREB3L2;AKT1;PHKA2;GNAQ;GNAS;ATF4;CREB5;PRKACA;PDHA1;G6PC3;FBP1;PCK2;PGAM1;PKM;PFKL;PLCB2;PLCB3;PYGB;PYGL	266	KEGG_2021_Human
Nitrogen metabolism	3/17	0.795271744657948	0.941954929199712	0.703628847037207	0.16118124897928	CA13;CA2;GLUL	267	KEGG_2021_Human
Phenylalanine metabolism	3/17	0.795271744657948	0.941954929199712	0.703628847037207	0.16118124897928	AOC2;AOC3;ALDH3B1	267	KEGG_2021_Human
Caffeine metabolism	1/6	0.79708521175497	0.941954929199712	0.656824512534819	0.148963655063921	NAT1	269	KEGG_2021_Human
RNA transport	39/186	0.802744638849174	0.941954929199712	0.870311831796879	0.19122371858247	EIF1AX;ALYREF;NUP214;NUP93;EIF1B;RPP25;CYFIP1;NXF3;SAP18;SNUPN;EIF2B3;EIF2S2;EIF5;EIF4G1;GEMIN5;GEMIN6;EIF4G3;POP7;EIF4EBP1;POP4;EIF4EBP3;RPP38;UPF1;SEC13;PABPC4;EIF4E2;SEH1L;RBM8A;FXR2;SMN1;EIF4E;EIF3A;THOC6;EIF3B;EIF4A3;EIF4A1;NUP188;SUMO3;PAIP1	270	KEGG_2021_Human
Hypertrophic cardiomyopathy	18/90	0.80800996785237	0.941954929199712	0.820430107526882	0.174900015653502	TGFB1;EDN1;ACE;ITGA5;TPM4;LMNA;ACTB;TPM1;IGF1;CACNB3;ITGB5;ACTG1;ATP2A2;CACNA1F;SLC8A1;TNNI3;ITGB8;ITGAV	271	KEGG_2021_Human
T cell receptor signaling pathway	21/104	0.808511068975771	0.941954929199712	0.830251930899842	0.176479105382854	MAPK14;TEC;CD4;PTPN6;PAK1;AKT1;MAP3K8;MAP2K2;MAP2K1;GRB2;RHOA;VAV1;VAV2;PIK3CB;CDK4;NFKBIE;PIK3R2;PDPK1;FOS;MAPK9;HRAS	272	KEGG_2021_Human
Axon guidance	38/182	0.808659420350696	0.941954929199712	0.865646748260139	0.183843839479203	MYL5;PLXNB2;MYL9;ROCK2;DPYSL2;PAK1;EFNB1;CFL1;SLIT3;TRPC6;SEMA6B;SSH3;SSH1;PTK2;EFNA4;PLXNA3;PLXNA2;PLXNA1;RHOA;LIMK1;LIMK2;RHOD;RASA1;FES;PIK3CB;CDK5;BMPR2;ILK;PIK3R2;RRAS;UNC5B;PDPK1;NRP1;SRC;SEMA3C;GNAI2;HRAS;RAC1	273	KEGG_2021_Human
Viral protein interaction with cytokine and cytokine receptor	20/100	0.817716462903326	0.945891119508487	0.820352839931153	0.165087497739563	CSF1;PPBP;TNFRSF10C;TNFRSF10B;CSF1R;CCR1;CCL24;CCL23;CCL20;IL10RB;IL18;TNFRSF1A;CXCL8;CXCL2;CXCL3;CXCL5;LTBR;ACKR3;CXCR2;CCL18	274	KEGG_2021_Human
Protein export	4/23	0.819892023510651	0.945891119508487	0.691207005506906	0.137261702290654	SEC11A;SRP14;SEC61A1;SEC61B	275	KEGG_2021_Human
Melanoma	14/72	0.820962103724347	0.945891119508487	0.792184698368478	0.156280873770791	MITF;PIK3CB;CDK4;BAX;PIK3R2;AKT1;MAP2K2;MAP2K1;GADD45G;IGF1;FGFR1;CDKN1A;PDGFC;HRAS	276	KEGG_2021_Human
Basal cell carcinoma	12/63	0.829995857453952	0.952847229856883	0.772235698403073	0.143894206200778	PTCH2;BAX;DVL1;DVL3;FZD1;TCF7L2;TCF7L1;FZD5;FZD7;GADD45G;CDKN1A;CTNNB1	277	KEGG_2021_Human
Cocaine addiction	9/49	0.839793210304462	0.960626765743953	0.738506117192531	0.128942869454682	GRIN2D;CDK5;CREB3L2;DLG4;GNAS;ATF4;CREB5;GNAI2;PRKACA	278	KEGG_2021_Human
Natural killer cell mediated cytotoxicity	26/131	0.854146672400688	0.973543519080354	0.812256621735295	0.128054167167989	TYROBP;PTPN6;ULBP2;PAK1;SH3BP2;MICA;MAP2K2;MAP2K1;TNFRSF10B;HLA-G;GRB2;ICAM1;VAV1;VAV2;PIK3CB;SHC1;PIK3R2;FCGR3A;FCGR3B;FCER1G;IFNGR1;IFNGR2;SYK;HRAS;RAC1;BID	279	KEGG_2021_Human
TGF-beta signaling pathway	18/94	0.862156543149368	0.979163502576783	0.77704584040747	0.115250211491586	TGFB1;ACVR1;RHOA;SMURF1;TGFBR1;RBX1;ZFYVE16;ID3;ID2;BMPR2;TGIF1;SMAD1;INHBA;SMAD7;SMAD6;THBS1;ACVR1B;PPP2CB	280	KEGG_2021_Human
Breast cancer	29/147	0.873481611628733	0.983208247969942	0.805999978078268	0.109026167039977	BAX;FRAT1;FRAT2;AKT1;FZD1;JAG1;MAP2K2;FZD5;MAP2K1;FZD7;GADD45G;IGF1;ESR1;FGFR1;GRB2;NOTCH4;NOTCH1;PIK3CB;CDK4;SHC1;PIK3R2;DVL1;DVL3;TCF7L2;TCF7L1;FOS;CDKN1A;CTNNB1;HRAS	281	KEGG_2021_Human
Progesterone-mediated oocyte maturation	19/100	0.87599188403104	0.983208247969942	0.769497754727553	0.101880312230883	MAPK14;CPEB4;ADCY3;ADCY9;ADCY7;AKT1;MAP2K1;IGF1;ANAPC11;PRKACA;HSP90AA1;PIK3CB;PIK3R2;ANAPC2;HSP90AB1;GNAI2;MAPK9;RPS6KA1;RPS6KA2	282	KEGG_2021_Human
Calcium signaling pathway	49/240	0.876759806664575	0.983208247969942	0.840948325208081	0.110603377835934	GRIN2D;ORAI3;ORAI2;CALM2;ADCY3;CALML4;ADCY9;ADCY7;PHKA2;PDE1B;PDGFC;PRKACA;SPHK1;TACR2;VEGFA;VEGFB;ITPKC;CAMK1;PLCB2;PLCB3;RYR1;PTAFR;PTGER3;SLC8A1;PPIF;CHRM3;CYSLTR1;GNAQ;FGFR1;GNAS;CACNA1F;TPCN2;ADORA2B;HRH1;NTRK3;CAMK1D;ATP2B1;MCOLN1;P2RX7;P2RX4;ASPH;P2RX1;VDAC2;VDAC1;SLC25A5;FLT1;ATP2A2;GNA15;GNA11	283	KEGG_2021_Human
Signaling pathways regulating pluripotency of stem cells	28/143	0.879653048666938	0.983208247969942	0.798493253373313	0.102388963031625	ACVR1;MAPK14;AKT1;FZD1;MAP2K2;FZD5;MAP2K1;SMAD1;FZD7;INHBA;IGF1;FGFR1;GRB2;ZFHX3;PIK3CB;ID3;ID2;BMPR2;PIK3R2;DVL1;DVL3;SKIL;KLF4;CTNNB1;ACVR1B;PCGF1;PCGF2;HRAS	284	KEGG_2021_Human
Circadian rhythm	5/31	0.881177203369288	0.983208247969942	0.631237730744486	0.0798493853049723	CSNK1E;RBX1;PER2;BHLHE41;CSNK1D	285	KEGG_2021_Human
Retinol metabolism	12/68	0.898580581610426	0.998686837810553	0.703055964653903	0.0751840260026841	RETSAT;AWAT2;RDH10;DGAT1;DHRS3;DHRS4;DHRS9;ALDH1A1;CYP2S1;ALDH1A2;PNPLA4;DHRS4L2	286	KEGG_2021_Human
Protein digestion and absorption	19/103	0.904971367380536	0.998686837810553	0.74186973132983	0.0740771571510355	ATP1B3;ATP1B1;COL1A1;COL9A2;COL9A3;SLC1A5;CELA2B;SLC16A10;COL6A1;KCNE3;SLC7A7;SLC7A8;SLC3A2;SLC36A4;MME;KCNQ1;COL8A2;COL15A1;SLC8A1	287	KEGG_2021_Human
Primary immunodeficiency	6/38	0.907240697508242	0.998686837810553	0.61534749034749	0.0599025314760623	CD4;RFX5;BTK;CD40;BLNK;CIITA	288	KEGG_2021_Human
Viral carcinogenesis	40/203	0.907611623041666	0.998686837810553	0.804333186631388	0.077971029412911	ACTN1;MRPS18B;SCRIB;BAX;PSMC1;ATP6V0D1;CREB3L2;EGR2;HLA-G;GRB2;ATF4;C3;RBPJ;PRKACA;STAT5A;LYN;RHOA;SYK;ATP6V0D2;CDKN1A;HRAS;RAC1;GSN;MAPKAPK2;GTF2B;GTF2E1;CREB5;PIK3CB;CDK4;YWHAG;YWHAE;YWHAB;PIK3R2;YWHAH;PKM;LTBR;VAC14;HDAC6;SRC;SRF	289	KEGG_2021_Human
RIG-I-like receptor signaling pathway	12/70	0.918727690565901	1	0.678723782438678	0.0575323683325762	MAPK14;CXCL8;NLRX1;TKFC;CASP10;FADD;AZI2;ISG15;IFIH1;MAPK9;DHX58;TRIM25	290	KEGG_2021_Human
Phototransduction	4/28	0.91984601007548	1	0.547026872498571	0.0457035499763622	PDE6G;GNB1;CALM2;CALML4	291	KEGG_2021_Human
Ribosome	30/158	0.92086243241761	1	0.768313389391979	0.0633433065879729	MRPS18C;MRPS18A;RPL26L1;MRPL19;MRPL17;MRPL18;MRPL15;MRPL16;MRPL13;MRPL14;MRPL11;MRPL12;MRPL20;MRPL4;MRPL27;MRPL24;MRPS7;MRPL23;MRPL32;MRPS16;MRPS17;MRPS14;MRPS15;MRPS12;MRPS10;MRPS11;RPS27L;MRPL35;MRPL33;MRPL34	292	KEGG_2021_Human
Linoleic acid metabolism	4/29	0.932485435969368	1	0.525111492281304	0.0367062100761231	PLA2G4C;PLA2G4A;PLAAT3;PLB1	293	KEGG_2021_Human
Homologous recombination	6/41	0.940574703954489	1	0.562493105350248	0.0344606919910985	RPA3;SEM1;POLD4;POLD1;POLD3;RBBP8	294	KEGG_2021_Human
Taurine and hypotaurine metabolism	1/11	0.946310025669774	1	0.328305121062781	0.0181175315415037	ADO	295	KEGG_2021_Human
Oocyte meiosis	23/129	0.947577680410696	1	0.711249669963645	0.0382982063362153	RBX1;MAPK14;PPP1CB;CALM2;CPEB4;ADCY3;CALML4;ADCY9;ADCY7;MAP2K1;IGF1;AR;ANAPC11;PRKACA;PPP2R5A;YWHAG;YWHAE;YWHAB;YWHAH;ANAPC2;PPP2CB;RPS6KA1;RPS6KA2	296	KEGG_2021_Human
Gastric cancer	27/149	0.949553240134463	1	0.725306516049043	0.0375445333422715	TGFB1;BAX;FRAT1;FRAT2;RXRA;AKT1;FZD1;MAP2K2;FZD5;MAP2K1;FZD7;GADD45G;GRB2;JUP;GAB1;TGFBR1;PIK3CB;SHC1;PIK3R2;DVL1;DVL3;TCF7L2;TCF7L1;CDKN1A;CTNNB1;CTNNA1;HRAS	297	KEGG_2021_Human
mRNA surveillance pathway	16/98	0.965616580246106	1	0.639640962187782	0.0223800384165926	ALYREF;PPP1CB;SSU72;NXF3;SAP18;GSPT1;PELO;UPF1;PPP2R5A;ETF1;PABPC4;RBM8A;PPP2R3A;PPP2R3C;EIF4A3;PPP2CB	298	KEGG_2021_Human
ABC transporters	6/45	0.968288786440264	1	0.504669504669505	0.0162629258847852	ABCC3;ABCB10;ABCG1;ABCG2;DEFB1;ABCD1	299	KEGG_2021_Human
Non-homologous end-joining	1/13	0.968458767086634	1	0.273551889150775	0.00876716599287372	XRCC4	300	KEGG_2021_Human
Cytokine-cytokine receptor interaction	56/295	0.970240965611702	1	0.766789927676391	0.0231653526200964	ACVR1;CD4;IL17RA;TSLP;TNFSF13;PPBP;IL17RE;IL17RC;IL17RB;IL1RN;TNFSF12;CCR1;CCL24;CCL23;TNFRSF12A;CCL20;IL10RB;IL18;IL1A;IL1B;ACVRL1;CD40;IFNGR1;IFNGR2;IL11RA;IL27;CXCR2;CCL18;TGFB1;GDF15;CSF3R;CSF1;IL1RAP;CXCL16;RELT;INHBA;TNFRSF10C;TNFRSF10B;CSF1R;CSF2RA;CSF2RB;LEPR;IL13RA1;IFNLR1;TGFBR1;TNFRSF1A;IL3RA;CXCL8;BMPR2;CXCL2;CXCL3;CXCL5;LTBR;ACKR3;ACVR1B;TNFSF13B	301	KEGG_2021_Human
Herpes simplex virus 1 infection	99/498	0.973100141593217	1	0.810939035046579	0.0221129140060659	ZNF282;BAX;NXF3;AKT1;ZNF268;HLA-DRB5;ZNF12;HCFC1;HLA-DRB1;ZNF132;CFP;C3;ZNF20;ZNF124;CARD9;HLA-DQB1;ZNF597;ZNF112;ZNF471;ZNF229;ZNF226;ZNF347;HLA-DQA2;HLA-DQA1;ZNF223;ZNF221;ZNF584;ZNF582;IFNGR1;IFNGR2;ZNF57;HLA-DPB1;ZNF334;RNASEL;IFIH1;HLA-DMB;HLA-DPA1;ZNF205;BID;HLA-DMA;ZNF684;ZNF562;TICAM1;PPP1CB;ZNF317;ZNF316;ZNF677;ZNF555;SRSF9;ZNF547;ZNF546;HLA-DOA;EIF2B3;MYD88;RHEB;BCL2L1;ZNF772;EIF4EBP1;ZFP57;ZNF768;ZNF888;ZNF763;ITGA5;EIF2AK4;TNFRSF1A;PIK3CB;HLA-DRA;ZNF879;ZFP92;ZNF616;NECTIN1;ZNF610;NECTIN2;ZNF850;SRC;ZNF846;ZNF717;ZNF823;HLA-G;ZNF813;TYK2;TLR2;BST2;IL1B;CALR;ZNF780A;FADD;SYK;ZNF2;CD74;ALYREF;ZNF93;PILRA;OAS1;OAS3;CYCS;PIK3R2;CASP9;IRAK1	302	KEGG_2021_Human
Amphetamine addiction	10/69	0.975382066573589	1	0.555741534520526	0.0138524254880319	GRIN2D;PPP1CB;CALM2;CALML4;CREB3L2;FOS;GNAS;ATF4;CREB5;PRKACA	303	KEGG_2021_Human
Coronavirus disease	42/232	0.978307647996414	1	0.72355792204246	0.0158684138434982	MX1;MAPK14;C3AR1;CFB;CFD;C2;C3;ACE;TYK2;TLR2;IL1B;TLR8;TLR7;TLR4;C8A;RPS27L;C8B;SYK;FOS;ADAM17;HBEGF;C1QC;NRP1;C1QB;C1QA;IFIH1;RPL26L1;CYBB;ISG15;MYD88;C5AR1;OAS1;TNFRSF1A;FCGR2A;PIK3CB;OAS3;CXCL8;PIK3R2;IRAK1;CASP1;VWF;MAPK9	304	KEGG_2021_Human
Ribosome biogenesis in eukaryotes	17/108	0.980275583900673	1	0.612173678826012	0.0121954416872259	IMP4;RPP25;NHP2;NOL6;NXF3;UTP18;EIF6;CSNK2B;NOP10;POP7;POP4;AK6;RPP38;EMG1;RRP7A;UTP6;CSNK2A2	305	KEGG_2021_Human
Fanconi anemia pathway	7/54	0.981177501159309	1	0.488412220918714	0.00928075860991481	CENPX;FAAP24;FANCL;FANCA;RPA3;FANCE;ERCC1	306	KEGG_2021_Human
JAK-STAT signaling pathway	27/162	0.985258056946776	1	0.654901960784314	0.00972639787276917	STAM2;PTPN6;CSF3R;AKT1;STAT6;TSLP;BCL2L1;GRB2;CSF2RA;CSF2RB;LEPR;IL13RA1;STAT5A;IL10RB;IFNLR1;TYK2;PIK3CB;IL3RA;PIK3R2;MCL1;SOCS6;IFNGR1;IFNGR2;IL11RA;CDKN1A;FHL1;HRAS	307	KEGG_2021_Human
Aminoacyl-tRNA biosynthesis	8/66	0.993034191580217	1	0.452094124611514	0.00316022062866888	PARS2;YARS2;IARS2;GATB;DARS2;CARS2;FARSB;FARSA	308	KEGG_2021_Human
Steroid hormone biosynthesis	7/61	0.994103682136397	1	0.424904844771826	0.00251278943079515	SRD5A3;COMT;STS;AKR1C2;AKR1C1;AKR1C3;HSD17B12	309	KEGG_2021_Human
Alcoholism	29/186	0.996578093384125	1	0.604230540570598	0.00207116617739729	GRIN2D;PPP1CB;CALM2;CALML4;GNG5;CREB3L2;MAP2K1;GNB1;GNB2;GNAS;GNB4;GRB2;ATF4;CREB5;GNG11;GNG10;PRKACA;GNG12;ADORA2B;SHC1;GNGT2;CRH;SLC29A1;SLC29A3;HDAC6;CAMKK1;CAMKK2;GNAI2;HRAS	310	KEGG_2021_Human
Maturity onset diabetes of the young	1/26	0.999007710464988	1	0.131193486179559	0.000130246555236974	HHEX	311	KEGG_2021_Human
Taste transduction	8/86	0.999793314555877	1	0.335732364916914	6.93981649918382e-05	CHRM3;SCNN1A;PKD2L1;P2RY1;PLCB2;PLCB3;PDE1B;PRKACA	312	KEGG_2021_Human
Spliceosome	18/150	0.999861901402324	1	0.44574780058651	6.15613970474011e-05	ALYREF;HSPA1A;SNRPG;SRSF9;HSPA1B;SF3B5;EFTUD2;SNRPD1;TXNL4A;LSM6;LSM4;LSM3;PCBP1;HSPA6;RBM8A;CTNNBL1;EIF4A3;SART1	313	KEGG_2021_Human
Cell cycle	13/124	0.999929258773845	1	0.382951587462866	2.70914231068064e-05	TGFB1;RBX1;CHEK2;GADD45G;ANAPC11;CDK4;MCM5;YWHAG;YWHAE;YWHAB;YWHAH;ANAPC2;CDKN1A	314	KEGG_2021_Human
Nicotine addiction	1/40	0.9999761445314	1	0.0840214709938301	2.00439547099757e-06	GRIN2D	315	KEGG_2021_Human
MicroRNAs in cancer	36/310	0.99999996040202	1	0.427120759426648	1.69131196268202e-08	VIM;ST14;PRKCE;GRB2;SLC45A3;SOX4;STMN1;HMOX1;RHOA;RDX;VEGFA;ZEB2;CD44;CDKN1A;PTGS2;HRAS;TPM1;MAP2K2;MAP2K1;EFNA4;BCL2L2;NOTCH4;NOTCH1;IRS2;PLAU;ITGA5;DNMT3A;PIK3CB;BMPR2;SHC1;PIK3R2;MCL1;CRK;SPRY2;THBS1;MAPK7	316	KEGG_2021_Human
Neuroactive ligand-receptor interaction	36/341	0.999999999694648	1	0.382918542427589	1.16924844715938e-10	GRIN2D;C3AR1;C3;LPAR1;EDN1;NMB;TACR2;FPR2;FPR1;FPR3;P2RY13;NPB;PTAFR;PTGER3;CHRNE;NPW;TSPO;CHRM3;CHRNA3;CHRNA5;CYSLTR1;S1PR4;ADORA1;CALCRL;C5AR1;LEPR;ADORA2B;LTB4R;OPRL1;HRH1;P2RY1;P2RX7;POMC;P2RX4;P2RX1;CRH	317	KEGG_2021_Human
Olfactory transduction	12/440	1	1	0.0897485306869641	0	ADCY3;PRKACA;SLC8A1;SLC24A4;ARRB2;ARRB1;CALM2;CALML4;PDE1B;GNB1;GRK3;OR6N1	318	KEGG_2021_Human
Oxidative Phosphorylation	135/200	2.14961583867274e-40	1.07480791933637e-38	6.99501094537494	638.911111169965	ATP6V1E1;ECH1;PDHX;FDX1;BAX;UQCRC1;SUCLG1;RETSAT;UQCR10;UQCR11;COX8A;SURF1;ATP6AP1;POR;ECI1;MGST3;MRPL15;MRPL11;CYB5R3;PRDX3;PDK4;TIMM17A;ATP6V1C1;DECR1;PDHA1;ATP5F1E;COX6C;CS;GPI;COX7B;MRPS15;MRPS12;ACAT1;MRPS11;TIMM13;ECHS1;MRPL35;TIMM10;MRPL34;ATP5MF;ATP6V1G1;NQO2;ATP5PF;ATP6V0E1;ATP5PD;MDH2;MTX2;ATP5PB;MRPS22;COX6B1;HADHB;BDH2;HADHA;NDUFAB1;DLD;FH;COX5A;HCCS;COX5B;ATP5F1B;ATP5F1C;DLAT;MDH1;PHYH;SDHD;SDHB;ATP1B1;SDHC;UQCRQ;ISCU;COX6A1;TIMM50;MFN2;NDUFV2;IDH1;ATP6V0C;ATP6V0B;ATP6V1D;COX17;ATP5MC3;COX7A2;ATP5MC1;UQCRH;MPC1;COX15;ACAA2;ATP6V1F;CYC1;ACAA1;ATP6V1H;GPX4;NDUFC2;NDUFC1;CYB5A;NDUFS8;NDUFS7;NDUFS6;NDUFS4;NDUFS3;ACO2;CYCS;NDUFS2;SLC25A3;NDUFB7;NDUFB6;NDUFB5;NDUFB4;NDUFB3;NDUFB2;NDUFB1;RHOT1;CASP7;UQCRFS1;NDUFA9;TIMM8B;NDUFA8;NDUFA7;IDH3G;NDUFA6;NDUFA4;NDUFA3;NDUFA2;NDUFA1;SLC25A11;VDAC2;VDAC1;SLC25A5;ACADVL;ALAS1;TCIRG1;ETFA;ETFB;HSD17B10;POLR2F;IDH3A	1	MSigDB_Hallmark_2020
Adipogenesis	120/200	8.37673631638818e-29	2.09418407909704e-27	5.03034300791557	325.209207169234	ECH1;PEX14;UQCRC1;SUCLG1;ITIH5;RETSAT;UQCR10;GHITM;RETN;UQCR11;STOM;COX8A;TALDO1;RMDN3;CMBL;POR;SSPN;CD302;PEMT;ITSN1;MGST3;MRPL15;C3;PRDX3;SULT1A1;SCP2;APOE;SLC19A1;DECR1;STAT5A;CS;VEGFB;CCNG2;ALDOA;MGLL;COX7B;ADIPOR2;ECHS1;NKIRAS1;CD36;MAP4K3;IFNGR1;MDH2;DGAT1;SQOR;SORBS1;FABP4;ESYT1;NDUFAB1;PPARG;DLD;PLIN2;TKT;CMPK1;PTGER3;GBE1;SAMM50;DLAT;GPAT4;ACADS;PHYH;APLP2;ATP1B3;SDHB;FAH;SDHC;RAB34;UQCRQ;GPD2;DHCR7;CRAT;PHLDB1;SLC27A1;SLC1A5;COX6A1;BCL2L13;ESRRA;IDH1;CHCHD10;DNAJC15;ACLY;QDPR;REEP6;REEP5;CD151;LPL;ACAA2;CYC1;HADH;GPX3;GPX4;COQ9;COQ5;ACOX1;NDUFS3;ACO2;ARL4A;RTN3;SLC25A1;YWHAG;NDUFB7;DHRS7B;AGPAT3;DRAM2;CPT2;ME1;RREB1;IDH3G;PFKL;CAT;TST;MTCH2;SOWAHC;COL15A1;ETFB;DDT;ALDH2;IDH3A;SCARB1;PGM1	2	MSigDB_Hallmark_2020
mTORC1 Signaling	102/200	1.36137486092075e-17	2.26895810153459e-16	3.47257904475851	134.859174949866	STARD4;HSPE1;SCD;HMBS;MTHFD2;PSMC4;CD9;MTHFD2L;PSMC2;POLR3G;GLA;SKAP2;GLRX;PNP;EDEM1;TUBG1;SLC6A6;SQLE;LGMN;PSME3;TFRC;ENO1;TMEM97;CFP;IFI30;RRP9;PRDX1;LTA4H;PNO1;SERPINH1;SDF2L1;TPI1;P4HA1;CALR;ALDOA;GPI;RPN1;ADIPOR2;STIP1;NFIL3;CTSC;PSMA4;PSMA3;RIT1;CANX;USO1;TOMM40;ERO1A;CDKN1A;GBE1;PSMB5;SERP1;NAMPT;FADS2;FADS1;G6PD;PPIA;NUPR1;DHCR7;SQSTM1;RAB1A;FKBP2;SLA;PPP1R15A;SLC1A5;HSP90B1;GGA2;SC5D;YKT6;LDLR;IDH1;M6PR;EIF2S2;ACLY;QDPR;BCAT1;ATP6V1D;INSIG1;ATP5MC1;DAPP1;PSPH;ACTR2;HMGCS1;TXNRD1;HSPA4;DHCR24;SORD;ETF1;PSMD12;PSMD14;HK2;ME1;PGK1;SLC37A4;CYP51A1;PFKL;DDIT3;SEC11A;ATP2A2;HMGCR;HSPD1;PGM1	3	MSigDB_Hallmark_2020
Fatty Acid Metabolism	84/158	4.01824889340228e-16	5.02281111675284e-15	3.77833592755059	133.943955528187	AOC3;ACSL1;ECH1;SDHD;ACSL4;SDHC;GSTZ1;GPD1;GPD2;ACOT2;SUCLG1;CRAT;HPGD;RETSAT;AQP7;HSD17B4;UBE2L6;NTHL1;TP53INP2;KMT5A;S100A10;IDH1;GABARAPL1;EPHX1;ALDH3A2;REEP6;FASN;SMS;BLVRA;ACSM3;ECI1;CD1D;HSPH1;PRDX6;LGALS1;UROD;GLUL;ACAA2;ACAA1;HADH;DECR1;HSP90AA1;PDHA1;HMGCS1;DHCR24;GRHPR;UGDH;ACOX1;ACO2;ALDOA;MGLL;EHHADH;ADIPOR2;ECHS1;ACAT2;CA2;ALAD;CPT2;ME1;CD36;YWHAH;CBR1;HSDL2;IDH3G;MDH2;CCDC58;HADHB;ALDH1A1;APEX1;DLD;ALDH9A1;FH;ACADVL;HCCS;HSD17B11;BPHL;HSD17B10;PTS;HMGCL;NSDHL;MLYCD;MDH1;PCBD1;ACADS	4	MSigDB_Hallmark_2020
TNF-alpha Signaling via NF-kB	93/200	4.77130634739457e-13	4.77130634739457e-12	2.89244675961391	82.0615667371943	ATF3;SERPINE1;EGR1;EGR2;JAG1;FOSL2;FOSL1;PLPP3;IFIT2;ICAM1;IER5;IER3;STAT5A;EDN1;TSC22D1;CCL20;SPHK1;IL18;TUBB2A;RHOB;VEGFA;IL1A;PTPRE;TLR2;IL1B;ID2;SGK1;SDC4;LITAF;RIPK2;NFIL3;IFNGR2;FOS;SERPINB8;HBEGF;CD44;TRIP10;CDKN1A;PTGS2;IFIH1;NAMPT;OLR1;ICOSLG;PHLDA1;SQSTM1;CD83;CSF1;CD80;PPP1R15A;RNF19B;CCRL2;DENND5A;MAP3K8;PHLDA2;LDLR;SLC16A6;TGIF1;INHBA;MAFF;NR4A3;RCAN1;YRDC;IRS2;PLAU;SAT1;SLC2A6;ETS2;NR4A1;SNN;PMEPA1;NFKBIE;NFE2L2;BCL2A1;TNFAIP6;CXCL2;TNFAIP2;CXCL3;FUT4;DRAM1;PDLIM5;MCL1;KDM6B;PLAUR;ATP2B1;KLF4;SOD2;ACKR3;PTX3;B4GALT5;TRIB1;CEBPB;PLEK;KYNU	5	MSigDB_Hallmark_2020
Xenobiotic Metabolism	91/200	3.91953883520957e-12	3.26628236267464e-11	2.77673368838609	72.9310411460646	SLC12A4;ECH1;PC;SPINT2;RBP4;MTHFD1;CDA;CES1;RETSAT;AQP9;SERPINE1;SLC35B1;NFS1;HES6;LONP1;GABARAPL1;IGF1;SLC6A12;SLC6A6;CYP27A1;POR;CYP2S1;PEMT;CFB;ACSM1;TMEM97;HMOX1;ASL;PDK4;APOE;GSTM4;JUP;SSR3;UGDH;ID2;ABHD6;CD36;NQO1;CBR1;AKR1C2;GSTO1;TMEM176B;AKR1C3;PGRMC1;PTGR1;PPARD;AHCY;PTS;SERTAD1;GSS;FAH;PINK1;PROS1;SLC1A5;COMT;CNDP2;PAPSS2;IDH1;EPHX1;ESR1;PGD;DDAH2;BCAT1;BLVRB;ETS2;VTN;ABCC3;NPC1;CYB5A;TNFRSF1A;ACOX1;IRF8;ACO2;TMBIM6;FBP1;BCAR1;SAR1B;CA2;TKFC;MAN1A1;ACP2;PDLIM5;CAT;ALDH9A1;ALAS1;ATP2A2;BPHL;DDT;ALDH2;KYNU;UPP1	6	MSigDB_Hallmark_2020
Cholesterol Homeostasis	44/74	2.87838313080013e-11	2.05598795057152e-10	4.85357554786621	117.802138265339	STARD4;CHKA;HMGCS1;TNFRSF12A;ANXA5;ECH1;SCD;CD9;ETHE1;DHCR7;ATF3;CXCL16;ACAT2;PMVK;SC5D;NFIL3;ACSS2;FDFT1;LDLR;S100A11;FDPS;SREBF2;JAG1;CYP51A1;PCYT2;PLAUR;SQLE;FABP5;PLSCR1;FASN;LGMN;PPARG;ERRFI1;CTNNB1;LPL;ACTG1;HMGCR;TMEM97;LGALS3;NSDHL;ALCAM;FBXO6;GUSB;FADS2	7	MSigDB_Hallmark_2020
Complement	86/200	5.34002823791929e-10	3.33751764869956e-09	2.50550973680382	53.4941862691938	LAP3;FDX1;HSPA1A;PFN1;CDA;LRP1;SERPINE1;S100A13;PRKCD;PLA2G4A;PLSCR1;LGMN;SERPING1;GRB2;CFB;GMFB;C2;LIPA;C3;LGALS3;LTA4H;CTSB;DUSP6;LYN;ANXA5;FN1;RHOG;MMP15;MMP14;SERPINA1;KLK1;PCSK9;CTSS;GNGT2;CTSO;CSRP1;CASP10;CTSL;CTSH;TIMP1;TIMP2;CD36;FCER1G;CTSD;CTSC;PRSS36;MSRB1;C1QC;C1QA;GNAI2;PPP2CB;CD59;OLR1;CD55;GCA;GPD2;ADAM9;SCG3;S100A9;DGKG;LAMP2;STX4;SH2B3;MAFF;GNB2;GNB4;NOTCH4;DOCK4;PSEN1;CPM;CPQ;CA2;CASP9;CASP7;CASP5;ME1;CASP1;CR1;PLAUR;ATOX1;APOC1;CEBPB;SRC;PLEK;ITGAM;KYNU	8	MSigDB_Hallmark_2020
Glycolysis	81/200	4.39729722910178e-08	2.44294290505655e-07	2.25748140983012	38.2410367484373	HOMER1;PC;PSMC4;RRAGD;POLR3K;GLRX;UGP2;TALDO1;PHKA2;EXT1;ALDH7A1;SDC2;GNE;TXN;ENO1;STMN1;IER3;TPI1;AKR1A1;VEGFA;P4HA1;P4HA2;ALDOA;CITED2;SDC3;QSOX1;MDH2;PGAM1;DLD;CD44;ERO1A;PYGB;PYGL;NANP;PPP2CB;NSDHL;MDH1;G6PD;SRD5A3;SDHC;SAP30;GNPDA1;PPIA;PLOD1;TGFBI;PKP2;DSC2;FKBP4;AGRN;IDUA;HDLBP;GPC4;NDUFV3;SLC16A3;IDH1;B3GALT6;IRS2;COPB2;FAM162A;IL13RA1;CYB5A;GALK1;ADORA2B;B4GALT2;HK2;GMPPA;GMPPB;ME1;PGK1;SLC37A4;PKM;GALE;KDELR3;ALDH9A1;B4GALT7;SLC25A13;RPE;CLN6;PGLS;BPNT1;GUSB	9	MSigDB_Hallmark_2020
Inflammatory Response	80/200	9.99752895882323e-08	4.99876447941162e-07	2.21040395233944	35.6280485984769	EREG;MARCO;SGMS2;AQP9;SERPINE1;C3AR1;NOD2;MSR1;FZD5;SLC11A2;RNF144B;ICAM4;ICAM1;LPAR1;SCARF1;FFAR2;CD14;EDN1;LYN;CCL24;CCL20;SPHK1;IL18;RHOG;IL1A;PTPRE;TLR2;BST2;IL1B;TLR1;MMP14;CD40;MEFV;FPR1;RIPK2;TIMP1;KIF1B;IFNGR2;HBEGF;CDKN1A;PTAFR;NAMPT;OLR1;CD55;ICOSLG;SLC31A2;SLC31A1;AXL;SELENOS;LY6E;CSF3R;CSF1;SLC1A2;PVR;ATP2C1;BEST1;CCRL2;LDLR;INHBA;CYBB;CALCRL;C5AR1;PSEN1;CLEC5A;ITGA5;ADORA2B;CXCL8;TNFAIP6;ADGRE1;HRH1;ADRM1;PLAUR;ATP2B1;P2RX7;P2RX4;SRI;ATP2A2;ACVR1B;GNA15;ITGB8	10	MSigDB_Hallmark_2020
Protein Secretion	46/96	1.16557911820064e-07	5.29808690091199e-07	3.04185201211597	48.5627950211923	RAB2A;YIPF6;OCRL;ZW10;KRT18;RER1;GLA;ERGIC3;COPE;TMED10;NAPA;CLTC;CLTA;NAPG;STX12;SNX2;LAMP2;STX7;AP2S1;YKT6;ARFIP1;KIF1B;CTSC;IGF2R;DST;M6PR;ADAM10;RAB14;TOM1L1;RAB9A;USO1;GNAS;PPT1;SSPN;VAMP3;BET1;TSG101;CD63;COPB2;ICA1;CLN5;SCRN1;AP3S1;ATP7A;ATP6V1H;AP2M1	11	MSigDB_Hallmark_2020
TGF-beta Signaling	30/54	3.27873699292047e-07	1.36614041371686e-06	4.1257007330746	61.5993415255671	TGFB1;ACVR1;RHOA;SMURF1;HIPK2;TGFBR1;SKI;RAB31;NCOR2;ID3;ID2;BCAR3;BMPR2;SERPINE1;PPP1R15A;SKIL;WWTR1;TGIF1;IFNGR2;SMAD1;SMAD7;SMAD6;FKBP1A;TJP1;XIAP;ENG;FURIN;CTNNB1;THBS1;PMEPA1	12	MSigDB_Hallmark_2020
Apoptosis	66/161	4.45962459705325e-07	1.71524022963586e-06	2.30024017017773	33.6364834528949	GSN;EREG;BAX;SQSTM1;APP;ATF3;RETSAT;LMNA;PAK1;SC5D;IGF2R;BNIP3L;SMAD7;PTK2;BCL2L1;PPT1;BCL2L2;PSEN1;PSEN2;SAT1;LGALS3;HMOX1;CD14;IER3;ANXA1;GPX3;GSTM1;GPX4;TNFRSF12A;EMP1;IL18;RHOB;IL1A;DNAJC3;IL1B;DAP;KRT18;ETF1;RARA;PEA15;HSPB1;CASP9;CASP7;TIMP1;CASP1;TIMP2;MCL1;BCAP31;DFFA;IFNGR1;MGMT;SOD2;DNAJA1;XIAP;DDIT3;VDAC2;PLCB2;CD44;RNASEL;CDKN1A;CTNNB1;GNA15;AIFM3;TSPO;NEFH;BID	13	MSigDB_Hallmark_2020
Interferon Gamma Response	78/200	4.86098349344397e-07	1.73606553337285e-06	2.11861137897782	30.7979461391921	MX1;NUP93;LAP3;MTHFD2;IFI27;TRIM14;UBE2L6;APOL6;PNP;BATF2;PLA2G4A;HLA-G;IFI44;LATS2;PARP12;PLSCR1;VAMP8;PSME2;SERPING1;SSPN;CFB;HLA-DRB1;IFI35;IFIT2;IFI30;IFIT1;ICAM1;IFIT3;BST2;CD40;SECTM1;FPR1;RIPK2;HLA-DQA1;PSMA2;PSMA3;CMPK2;CDKN1A;OGFR;PTGS2;IFIH1;NAMPT;PSMB2;HLA-DMA;CD74;TOR1B;ZNFX1;LY6E;PTPN6;CD86;ISG15;TDRD7;MYD88;CD274;LGALS3BP;SPPL2A;CSF2RB;IRF5;OAS3;IRF8;ARL4A;TNFAIP6;TNFAIP2;CASP7;CASP1;CIITA;LYSMD2;SOD2;MVP;SRI;OASL;SAMHD1;SLC25A28;FCGR1A;DHX58;TRIM25;TRIM21;UPP1	14	MSigDB_Hallmark_2020
Reactive Oxygen Species Pathway	27/49	1.57376683139473e-06	5.24588943798245e-06	4.04859846036317	54.0975287273901	GPX3;G6PD;GPX4;TXNRD2;TXNRD1;FES;SELENOS;NDUFS2;NDUFB4;GLRX;PDLIM1;NQO1;NDUFA6;GLRX2;ATOX1;SOD2;MSRA;CAT;FTL;LAMTOR5;SRXN1;TXN;MGST1;PRDX4;PRDX6;HHEX;PRDX1	15	MSigDB_Hallmark_2020
Coagulation	57/138	1.98416557858787e-06	6.20051743308709e-06	2.32751793215901	30.5610368574334	GSN;S100A1;CD9;ISCU;ADAM9;LRP1;SERPINE1;PROS1;LAMP2;S100A13;SH2B2;MAFF;GNB2;LGMN;SERPING1;CFB;CFD;SPARC;PLAU;C2;C3;LTA4H;A2M;CTSB;DUSP6;ANXA1;FN1;GNG12;MMP15;MMP14;BMP1;PECAM1;RAPGEF3;ARF4;CPQ;SERPINA1;C8A;C8B;CASP9;CTSO;CSRP1;CTSK;P2RY1;CTSH;TIMP1;VWF;APOC1;APOC2;MSRB2;C1QA;WDR1;PLEK;FURIN;THBS1;THBD;RAC1;OLR1	16	MSigDB_Hallmark_2020
UV Response Up	62/158	5.483637054524e-06	1.61283442780118e-05	2.13632580691851	25.8788996125167	PPIF;SELENOW;SQSTM1;FKBP4;GRINA;ATF3;CHRNA5;AQP3;BSG;AP2S1;YKT6;IGFBP2;EPHX1;PRKCD;SLC6A12;NAT1;EIF5;DLG4;PPT1;CNP;TFRC;ICAM1;NR4A1;SULT1A1;UROD;HMOX1;ATP6V1F;ACAA1;ATP6V1C1;CYB5R1;PRKACA;LYN;GPX3;CHKA;RHOB;MRPL23;MMP14;TMBIM6;ALDOA;RPN1;TGFBRAP1;CLTB;CXCL2;STIP1;CA2;SPR;NTRK3;DGAT1;FOS;CREG1;SOD2;DNAJA1;TST;ALAS1;FURIN;CEBPG;WIZ;TCHH;ARRB2;HYAL2;BID;MGAT1	17	MSigDB_Hallmark_2020
Interferon Alpha Response	41/97	2.71183433620505e-05	7.42072397893278e-05	2.41716323443144	25.4171969994917	CD74;MX1;LAP3;IFI27;LY6E;TRIM14;CSF1;UBE2L6;CCRL2;MVB12A;BATF2;TENT5A;ISG15;TDRD7;IFI44;PARP12;PLSCR1;PROCR;PSME2;CNP;LGALS3BP;IFI35;IFIT2;IFI30;IFIT3;OAS1;BST2;UBA7;GMPR;RIPK2;CASP1;PARP9;PSMA3;CMPK2;OGFR;OASL;SLC25A28;IFIH1;DHX58;TRIM25;TRIM21	18	MSigDB_Hallmark_2020
IL-2/STAT5 Signaling	72/199	2.81987511199446e-05	7.42072397893278e-05	1.87557821590839	19.6489941511184	TTC39B;RRAGD;ITIH5;CYFIP1;PNP;WLS;BATF3;GABARAPL1;CDCP1;PLSCR1;RNH1;ALCAM;ANXA4;EMP1;RHOB;P4HA1;ETFBKMT;TLR7;UMPS;CTSZ;NFIL3;SNX9;IFNGR1;GSTO1;DHRS3;SERPINB6;PTRH2;PLIN2;CD44;NRP1;AHCY;CAPG;PLAGL1;PHLDA1;S100A1;HIPK2;FAH;MAPKAPK2;CD86;CD83;CSF1;CD81;SLC1A5;DENND5A;SPP1;MAP3K8;IGF2R;SWAP70;CKAP4;MAFF;AMACR;COL6A1;BCL2L1;TGM2;GLIPR2;GPX4;IL3RA;IRF8;PLEC;ARL4A;BMPR2;HK2;CA2;SYNGR2;TIAM1;MYO1E;TWSG1;MYO1C;P2RX4;FURIN;SPRED2;ITGAV	19	MSigDB_Hallmark_2020
Pperoxisome	43/104	3.32797946500264e-05	8.12172992641594e-05	2.32752503322995	23.9980867682381	HSD3B7;ACSL1;ECH1;ACSL4;PEX14;CRAT;PEX11A;RETSAT;HSD17B4;STS;FDPS;FIS1;SIAH1;IDH1;DLG4;PRDX5;PRDX1;SCP2;ACAA1;DHCR24;PEX2;ACOX1;EHHADH;YWHAH;DHRS3;SOD2;ERCC1;SLC25A19;ALDH1A1;CAT;ALDH9A1;MVP;SEMA3C;CLN8;HSD17B11;CLN6;HMGCL;NUDT19;HRAS;MLYCD;TSPO;ABCD1;FADS1	20	MSigDB_Hallmark_2020
Hypoxia	72/200	3.41112656909469e-05	8.12172992641594e-05	1.86080287206266	19.1400003602698	RRAGD;ATF3;SERPINE1;GLRX;UGP2;DTNA;EXT1;FOSL2;SLC6A6;SDC2;CHST3;NEDD4L;ENO1;RBPJ;PRDX5;HMOX1;IER3;ANXA2;TPI1;VEGFA;P4HA1;P4HA2;CCNG2;ALDOA;GPI;CITED2;SDC3;SDC4;NFIL3;GAA;FOS;PLIN2;ERRFI1;ERO1A;HEXA;CDKN1A;GBE1;NDST1;STBD1;CAVIN3;SAP30;ILVBL;TGFBI;S100A4;PPP1R15A;HDLBP;FOXO3;GPC4;BNIP3L;B3GALT6;MAFF;IRS2;TGM2;FAM162A;GALK1;GRHPR;ADORA2B;FBP1;SLC25A1;HK1;HK2;PGK1;SLC37A4;PLAUR;NAGK;PFKL;DDIT3;ACKR3;KDELR3;ATP7A;SCARB1;PGM1	21	MSigDB_Hallmark_2020
p53 Pathway	70/200	0.00011917730857913	0.000270857519498022	1.78027235921973	16.0845795084083	HEXIM1;BAX;APP;ATF3;EI24;RETSAT;ABAT;STOM;S100A10;ST14;VAMP8;TCN2;IFI30;HMOX1;IER5;IER3;FUCA1;TSC22D1;SPHK1;VWA5A;IL1A;PTPRE;TAX1BP3;CSRNP2;ABHD4;RPS27L;CTSF;CTSD;FOS;HBEGF;CDKN1A;SERTAD3;HRAS;TGFB1;NUPR1;MAPKAPK3;ISCU;PLXNB2;S100A4;STEAP3;CD81;PPP1R15A;FOXO3;RXRA;RNF19B;PHLDA3;EPHX1;PROCR;NOTCH1;AK1;SAT1;TM7SF3;FAM162A;VDR;OSGIN1;BAIAP2;SLC3A2;DRAM1;IRAK1;CASP1;KLF4;TPD52L1;DDIT3;CEBPA;TCHH;ACVR1B;GM2A;SEC61A1;UPP1;TNNI1	22	MSigDB_Hallmark_2020
IL-6/JAK/STAT3 Signaling	35/87	0.000325144687340731	0.000706836276827677	2.21986086436766	17.8282359963103	TGFB1;CCR1;TNFRSF12A;IL10RB;TYK2;TNFRSF1A;TLR2;IL1B;CD9;IL3RA;STAM2;ACVRL1;CSF3R;CSF1;CXCL3;CD36;MAP3K8;IL17RA;IFNGR1;IFNGR2;IL17RB;MYD88;LTBR;GRB2;CD44;PDGFC;CSF2RA;ACVR1B;CBL;CSF2RB;HMOX1;LEPR;A2M;CD14;IL13RA1	23	MSigDB_Hallmark_2020
DNA Repair	53/150	0.000580750348573679	0.0012098965595285	1.8037439546079	13.440038170567	PDE6G;ALYREF;RBX1;POLE4;EIF1B;CDA;VPS28;GTF2B;PNP;STX3;SURF1;SDCBP;ITPA;TSG101;COX17;ARL6IP1;AK1;MPC2;NELFE;SAC3D1;GSDME;RFC2;GPX4;ZWINT;NME1;RRM2B;UMPS;CETN2;SUPT4H1;MRPL40;SNAPC5;TK2;BCAP31;TAF13;ADRM1;BOLA2;RPA3;TAF10;GTF2H5;ERCC1;NUDT9;CMPK2;TAF9;CANT1;POLD4;POLR2A;POLD1;SEC61A1;POLD3;POLR2E;ELOA;POLR2F;POLR2K	24	MSigDB_Hallmark_2020
Unfolded Protein Response	42/113	0.000646479606636329	0.00127897414999511	1.95149887652765	14.3317470664038	YIF1A;CNOT6;MTHFD2;NHP2;ATF3;ATP6V0D1;HSP90B1;KHSRP;EXOSC5;BANF1;EXOSC4;WFS1;EDEM1;LSM4;PDIA5;EIF4G1;ATF6;ATF4;EIF4EBP1;POP4;IFIT1;RRP9;BAG3;WIPI1;TUBB2A;VEGFA;DNAJC3;CALR;SHC1;CKS1B;EIF4E;DNAJA4;KDELR3;EIF4A3;CEBPB;EIF4A1;SEC11A;ERO1A;CEBPG;DCTN1;SERP1;PAIP1	25	MSigDB_Hallmark_2020
KRAS Signaling Up	67/200	0.000665066557997456	0.00127897414999511	1.66412499407615	12.1741118056034	EREG;RBP4;C3AR1;RETN;GLRX;TFPI;GADD45G;PPBP;CFB;PLEK2;GNG11;EPB41L3;DUSP6;FUCA1;ACE;JUP;CCL20;EMP1;PDCD1LG2;VWA5A;IL1B;LAT2;ID2;TLR8;SDCCAG8;GYPC;TOR1AIP2;CTSS;MAP7;FCER1G;MPZL2;MMD;TMEM176B;LAPTM5;TMEM158;ADAM17;ENG;HBEGF;NRP1;ERO1A;MTMR10;PTGS2;GPNMB;CLEC4A;SCG3;PPP1R15A;SPP1;INHBA;MAFB;YRDC;PLAU;CSF2RA;BTBD3;CBX8;CPE;IRF8;PECAM1;DOCK2;LY96;CA2;EVI5;PLAUR;KLF4;ALDH1A2;SPRY2;TRIB1;CBL	26	MSigDB_Hallmark_2020
Notch Signaling	16/32	0.00090605918393545	0.00167788737765824	3.29234737747205	23.0675221878982	FZD1;PSENEN;JAG1;TCF7L2;FZD5;FZD7;RBX1;SAP30;PPARD;NOTCH1;DTX2;DTX4;PSEN2;LFNG;ARRB1;ST3GAL6	27	MSigDB_Hallmark_2020
Estrogen Response Early	66/200	0.00113098700807919	0.00188497834679865	1.6265932397984	11.0358895222735	AMFR;KRT8;GLA;AKAP1;PEX11A;ADCY9;AQP3;ABAT;MYB;FDFT1;PLAAT3;IL17RB;AR;FASN;TSKU;INPP5F;ITPK1;MYOF;GAB2;RHOD;NCOR2;KRT18;RARA;ABHD2;TMEM164;SVIL;FOS;SNX24;DHRS3;FARP1;DLC1;CD44;TBC1D30;RRP12;KAZN;RAB31;PPIF;DHCR7;FKBP4;CELSR1;SCNN1A;ASB13;PAPSS2;SH3BP5;RBBP8;OPN3;WFS1;BLVRB;RHOBTB3;TGM2;PODXL;BAG1;ALDH3B1;SLC37A1;CHPT1;SYNGR1;NRIP1;ZNF185;KLF4;TIAM1;TPD52L1;CLDN7;MLPH;CANT1;RPS6KA2;SCARB1	28	MSigDB_Hallmark_2020
Epithelial Mesenchymal Transition	66/200	0.00113098700807919	0.00188497834679865	1.6265932397984	11.0358895222735	COL1A1;VIM;MYL9;LRP1;TAGLN;SERPINE1;SNAI2;SPARC;LGALS1;ANPEP;SERPINH1;FUCA1;TNFRSF12A;FN1;RHOB;VEGFA;MMP14;ID2;CALU;SDC4;QSOX1;TIMP1;ADAM12;CD44;CAPG;FSTL3;CD59;TGFB1;TPM4;PLOD1;TGFBI;PMP22;PLOD3;PVR;BASP1;FLNA;TPM1;SLIT3;SPP1;IGFBP2;INHBA;COPA;SAT1;TGM2;CALD1;PMEPA1;ITGA5;ACTA2;MFAP5;DAB2;BMP1;CXCL8;NNMT;LAMC1;PDLIM4;DST;PCOLCE;PLAUR;SNTB1;COL8A2;PCOLCE2;PTX3;ITGB5;THBS1;ITGAV;COLGALT1	28	MSigDB_Hallmark_2020
heme Metabolism	66/200	0.00113098700807919	0.00188497834679865	1.6265932397984	11.0358895222735	CTNS;UBAC1;PC;HMBS;AQP3;BACH1;BSG;SNCA;NFE2;SLC11A2;ELL2;SLC22A4;TFRC;GDE1;ICAM4;MGST3;DCUN1D1;C3;TNS1;ERMAP;ATP6V0A1;CTSB;NCOA4;P4HA2;GYPC;ADIPOR1;SEC14L1;HTATIP2;CLIC2;MOCOS;MPP1;HDGF;RNF123;SLC66A2;XPO7;LMO2;XK;SIDT2;ABCG2;FOXO3;LAMP2;BNIP3L;SLC30A1;MFHAS1;SDCBP;MINPP1;PICALM;BMP2K;BLVRB;BLVRA;UROD;RAD23A;HAGH;ATG4A;TOP1;NFE2L1;FECH;MOSPD1;CA2;ALAD;HEBP1;ACP5;KHNYN;CAT;CCDC28A;PGLS	28	MSigDB_Hallmark_2020
Myc Targets V1	64/200	0.00306956370961691	0.00495090920905953	1.55322737261716	8.98731504197463	SSB;STARD7;MRPS18B;HSPE1;PSMC4;UBE2L3;FAM120A;PSMD7;PSMD8;PSMD3;SNRPD1;PSMD1;AIMP2;PCBP1;RRP9;GSPT1;PRDX4;PRDX3;TCP1;NME1;MRPL23;PABPC4;PSMA6;PSMA7;PSMA4;PSMA2;NDUFAB1;APEX1;CANX;HDGF;COX5A;PSMB3;PSMB2;AP3S1;CCT5;EIF1AX;PPIA;SNRPG;NHP2;HDDC2;TXNL4A;NOP16;EIF2S2;PHB;CYC1;RAD23B;CDK4;ETF1;MCM5;SLC25A3;YWHAE;PSMD14;GLO1;PGK1;EIF4E;CAD;VDAC1;EIF3B;PRPS2;EIF4A1;HSP90AB1;HSPD1;SRM;TRIM28	31	MSigDB_Hallmark_2020
Myc Targets V2	23/58	0.00402807139047292	0.00629386154761393	2.16411502383515	11.9339421399087	IMP4;SORD;HSPE1;BYSL;MRTO4;CDK4;MCM5;DCTPP1;NOC4L;HK2;EXOSC5;NOP16;AIMP2;NDUFAF4;FARSA;PHB;TMEM97;HSPD1;RABEPK;SRM;RRP9;RRP12;SLC19A1	32	MSigDB_Hallmark_2020
Angiogenesis	16/36	0.00419353540448065	0.00635384152194037	2.63319002579536	14.4146381436413	JAG1;VAV2;VEGFA;PTK2;FGFR1;S100A4;APP;NRP1;LPL;LRPAP1;VTN;THBD;TIMP1;ITGAV;SPP1;OLR1	33	MSigDB_Hallmark_2020
Androgen Response	35/100	0.00545271996306387	0.0080187058280351	1.77437779142938	9.24741954872455	HOMER2;ACTN1;KRT8;SCD;HPGD;ZMIZ1;AKT1;ELL2;SMS;INSIG1;SAT1;UBE2J1;PMEPA1;RAB4A;HMGCS1;TSC22D1;NCOA4;DHCR24;SORD;CENPN;SGK1;ABHD2;DBI;MAP7;PDLIM5;ADRM1;VAPA;SRF;HMGCR;HSD17B14;CAMKK2;PGM3;RRP12;ITGAV;FADS1	34	MSigDB_Hallmark_2020
Myogenesis	62/200	0.00765322476518219	0.0106294788405308	1.48204295594278	7.22144427411109	ACSL1;COL1A1;PC;SCD;APP;TAGLN;ADCY9;SH3BGR;WWTR1;DTNA;GABARAPL2;ATP6AP1;IGF1;OCEL1;MYLPF;TNNT1;SSPN;CFD;SPARC;SPHK1;MRAS;FLII;CD36;NQO1;MEF2A;SVIL;PICK1;GAA;ADAM12;SORBS1;SORBS3;FABP3;RIT1;HBEGF;MAPRE3;RYR1;CDKN1A;MYOZ1;GSN;TGFB1;PLXNB2;CRAT;AGRN;FDPS;KIFC3;PVALB;NOTCH1;AK1;PSEN2;BAG1;GPX3;SYNGR2;PDLIM7;PDE4DIP;KLF5;TPD52L1;MYO1C;COL15A1;ITGB5;FHL1;TNNI2;TNNI1	35	MSigDB_Hallmark_2020
Apical Junction	62/200	0.00765322476518219	0.0106294788405308	1.48204295594278	7.22144427411109	ACTN1;MAPK14;MYL9;PFN1;SKAP2;ACTB;TUBG1;PTK2;VASP;ICAM4;ICAM1;EPB41L2;TSPAN4;JUP;VAV2;SDC3;RRAS;MPZL1;RSU1;MAP3K20;MPZL2;CAP1;MPP5;SYK;SORBS3;LIMA1;TJP1;ADAM15;AMIGO2;WASL;GNAI2;CTNNA1;HRAS;TGFBI;ZYX;ADAM9;CRAT;CD86;CTNND1;NEXN;INPPL1;STX4;ARPC2;CD276;CD274;INSIG1;ACTG1;SIRPA;HADH;BAIAP2;RASA1;BMP1;PIK3CB;PECAM1;SHC1;MDK;YWHAH;VWF;CLDN7;NECTIN1;NECTIN2;SRC	35	MSigDB_Hallmark_2020
Estrogen Response Late	61/200	0.0117054398788224	0.0158181619984086	1.44723934332022	6.43688874044396	UNC13B;HOMER2;AMFR;CD9;GLA;MYB;FDFT1;ST14;PLAAT3;IL17RB;PRKAR2B;ITPK1;MYOF;COX6C;UGDH;NCOR2;ID2;MOCS2;SGK1;SERPINA1;ABHD2;FOS;FARP1;FABP5;SLC29A1;CD44;PTGER3;SNX10;IMPA2;RAB31;PPIF;DHCR7;FKBP4;PTPN6;S100A9;SCNN1A;PAPSS2;RBBP8;OPN3;WFS1;ALDH3A2;BLVRB;NAB2;SLC2A8;BAG1;ALDH3B1;SORD;CHPT1;CPE;ST6GALNAC2;CA2;MDK;NRIP1;KLF4;TIAM1;TPD52L1;GALE;TST;ETFB;RPS6KA2;SCARB1	37	MSigDB_Hallmark_2020
UV Response Dn	45/144	0.0178648207374325	0.0235063430755691	1.49774841208975	6.02832026745493	RUNX1;PEX14;MAPK14;COL1A1;PMP22;SERPINE1;ATP2C1;TFPI;RXRA;ZMIZ1;APBB2;LDLR;PRKCE;SMAD7;KCNMA1;SNAI2;SDC2;PLPP3;INSIG1;LPAR1;PRKAR2B;ANXA2;ANXA4;CDC42BPA;VAV2;DAB2;ADORA2B;MGLL;CITED2;LAMC1;PTPRM;TENT4A;SLC22A18;PDLIM5;MGMT;ATP2B1;ATRN;TJP1;DLC1;PPARG;NRP1;GCNT1;SRI;ICA1;RND3	38	MSigDB_Hallmark_2020
Bile Acid Metabolism	36/112	0.020623736419849	0.0264406877177551	1.56013089719116	6.05535572940237	HSD3B7;PEX19;PHYH;ACSL1;PEX12;RBP1;PEX11G;PEX11A;RETSAT;AQP9;HSD17B4;RXRA;PIPOX;IDH1;AR;CYP27A1;AMACR;PRDX5;SCP2;DHCR24;NPC1;PEX7;BCAR3;TFCP2L1;SLC22A18;PNPLA8;ALDH1A1;CAT;ALDH9A1;SLC29A1;HSD17B11;NUDT12;MLYCD;ABCD1;FADS2;FADS1	39	MSigDB_Hallmark_2020
PI3K/AKT/mTOR  Signaling	33/105	0.0353263918515259	0.0441579898144073	1.50898957209637	5.04474068757004	SQSTM1;PFN1;RALB;SLA;HSP90B1;AKT1;CFL1;MYD88;ARPC3;CSNK2B;GRB2;DAPP1;AP2M1;ACTR2;DUSP3;TNFRSF1A;AKT1S1;CDK4;CALR;YWHAB;MAPKAP1;CLTC;MKNK1;EIF4E;TIAM1;RIT1;DDIT3;CDKN1A;CAB39;MAPK9;RPS6KA1;HRAS;RAC1	40	MSigDB_Hallmark_2020
Wnt-beta Catenin Signaling	14/42	0.0918189980603044	0.11197438787842	1.64417705199828	3.92618965869789	FZD1;JAG1;CSNK1E;ADAM17;NCOR2;PPARD;NUMB;NOTCH4;NOTCH1;CTNNB1;PSEN2;RBPJ;FRAT1;NCSTN	41	MSigDB_Hallmark_2020
Allograft Rejection	53/200	0.163854952907993	0.195065420128563	1.18631938149041	2.14578326855403	EREG;CD4;AKT1;HLA-G;SPI1;CD1D;CFP;C2;ICAM1;CCR1;LYN;IL18;NME1;TLR2;IL1B;TLR1;TLR6;IGSF6;CD40;CTSS;RIPK2;TIMP1;HLA-DQA1;IFNGR1;IFNGR2;GCNT1;CAPG;HLA-DMB;HLA-DMA;ICOSLG;TGFB1;CD74;CRTAM;PTPN6;CD86;CSF1;CD80;UBE2D1;FLNA;HLA-DOA;INHBA;LY86;BCAT1;EIF4G3;DYRK3;NCF4;SRGN;GALNT1;ELF4;HLA-DRA;IRF8;EIF3A;FGR	42	MSigDB_Hallmark_2020
Hedgehog Signaling	11/36	0.200830497698536	0.233523834533182	1.44622718488297	2.32161985395388	TLE3;TLE1;VEGFA;RASA1;NRP1;NRP2;RTN1;CELSR1;ETS2;DPYSL2;OPHN1	43	MSigDB_Hallmark_2020
Mitotic Spindle	48/199	0.424040436603137	0.481864132503565	1.04453427367335	0.896133590665032	STAU1;CSNK1D;CCDC88A;TRIO;ITSN1;ABR;EPB41L2;ARHGEF2;KPTN;RASAL2;KIF1B;MAP1S;MYO9B;FARP1;CLIP2;CTTN;MAPRE1;WASL;OPHN1;GSN;RALBP1;ARL8A;FGD4;FGD6;FLNA;ARHGEF11;ARHGAP10;CDC42EP4;CDC42EP2;MAP3K11;CDC42EP1;DOCK4;SAC3D1;SHROOM1;CDC42BPA;RASA1;DOCK2;BCAR1;YWHAE;WASF2;PDLIM5;DST;MID1IP1;TIAM1;MYO1E;PALLD;HDAC6;PKD2	44	MSigDB_Hallmark_2020
Apical Surface	9/44	0.72942335823561	0.810470398039566	0.844282954649986	0.266372097239108	LYN;ATP8B1;ADAM10;PLAUR;APP;PCSK9;ADIPOR2;HSPB1;FLOT2	45	MSigDB_Hallmark_2020
Pancreas Beta Cells	5/40	0.972361081003301	0.999997656865477	0.468643730277871	0.0131351750550713	LMO2;VDR;MAFB;SEC11A;SRP14	46	MSigDB_Hallmark_2020
Spermatogenesis	21/135	0.990292517390869	0.999997656865477	0.603252805998211	0.0058846752521334	STAM2;SCG3;CLPB;PEBP1;NPHP1;TALDO1;ACRBP;AGFG1;ACE;MLF1;ARL4A;MAST2;SPATA6;OAZ3;MAP7;CSNK2A2;ELOVL3;SEPTIN4;POMC;TNNI3;NEFH	47	MSigDB_Hallmark_2020
KRAS Signaling Dn	26/200	0.999922773907466	0.999997656865477	0.487933758239364	3.76826726257221e-05	MX1;ENTPD7;KCNMB1;EDN1;SGK1;ZNF112;MEFV;CCDC106;TFCP2L1;NR6A1;SLC29A3;RYR1;LFNG;THNSL2;IDUA;CD80;IGFBP2;CACNA1F;SNN;MAGIX;MAST3;SKIL;CAMK1D;TCF7L1;MYO15A;TNNI3	48	MSigDB_Hallmark_2020
E2F Targets	25/200	0.999965438236569	0.999997656865477	0.466354881388265	1.61183256256969e-05	ZW10;MTHFD2;CHEK2;TUBG1;JPT1;POP7;TFRC;GSPT1;PRDX4;STMN1;TUBB;NME1;LYAR;RPA3;CDKN1A;POLE4;DCLRE1B;IPO7;RFC2;CDK4;MCM5;DCTPP1;CKS1B;POLD1;POLD3	49	MSigDB_Hallmark_2020
G2-M Checkpoint	22/200	0.999997656865477	0.999997656865477	0.403135232917527	9.44601188470756e-07	MAPK14;SNRPD1;SQLE;JPT1;GSPT1;STMN1;UPF1;RASAL2;MAP3K20;TGFB1;TLE3;SAP30;HIRA;KMT5A;HMGN2;CUL3;RAD23B;CDK4;MCM5;TOP1;CKS1B;TENT4A	50	MSigDB_Hallmark_2020
