# factor-levels: seurat_clusters=c1|c2|c3|c4|c5|c6|c7|c8|c9|c10|c11|c12|c13|c14|c15|c16|c17|c18|c19|c20|c21|c22|c23|c24|c25|c26|c27|c28

p_val	avg_log2FC	pct.1	pct.2	p_val_adj	gene	seurat_clusters
0	3.94794169650052	0.314	0.022	0	ADGRG1	c11
0	3.81147759709471	0.364	0.038	0	SPON2	c11
3.43908523628735e-61	3.73900945432664	0.016	0.001	1.25873958733353e-56	KIR2DL3	c11
7.58998166877849e-66	3.73294292182066	0.017	0.001	2.77800919058962e-61	PRSS57	c11
0	3.61134475426953	0.548	0.057	0	FGFBP2	c11
4.37886040013929e-68	3.59732467727758	0.027	0.003	1.60270669505498e-63	KIR3DL1	c11
3.34220278861457e-57	3.58557647029013	0.021	0.002	1.22327964266082e-52	XPNPEP2	c11
0	3.54484061994893	0.172	0.017	0	KLRF1	c11
6.14777613699932e-169	3.50791855561099	0.044	0.003	2.25014754390312e-164	NCR1	c11
0	3.48233755931487	0.322	0.028	0	CX3CR1	c11
5.08099484964136e-72	3.44400690469455	0.03	0.004	1.85969492491723e-67	FEZ1	c11
6.61110033986714e-64	3.42109034899438	0.039	0.007	2.41972883539477e-59	TRDV2	c11
4.15659529679565e-193	3.38093121506941	0.058	0.005	1.52135544458018e-188	LGR6	c11
0	3.35351649681546	0.308	0.037	0	FCRL6	c11
0	3.34625521775551	0.136	0.016	0	CD160	c11
1.68295785971e-121	3.27630317139658	0.113	0.028	6.15979406232456e-117	ASCL2	c11
7.30808724817055e-30	3.26785499852457	0.016	0.003	2.6748330137029e-25	EDDM13	c11
1.57657808116998e-40	3.26604727339931	0.015	0.002	5.77043343489023e-36	AL158071.4	c11
6.94275144115501e-134	3.24632128167306	0.057	0.007	2.54111645497715e-129	MMP23B	c11
6.48418833221336e-123	3.23378987129485	0.045	0.005	2.37327777147341e-118	KIF19	c11
4.0752572153899e-17	3.23044102010077	0.01	0.002	1.49158489340486e-12	TRBV16	c11
0	3.21336409118266	0.173	0.02	0	C1orf21	c11
0	3.19107817888974	0.687	0.13	0	GNLY	c11
0	3.18731798548066	0.165	0.022	0	TRGV9	c11
9.41330298678485e-152	3.15366047650072	0.061	0.007	3.44536302619312e-147	TRGV4	c11
1.40771827108417e-294	3.14094326991146	0.138	0.02	5.15238964399516e-290	PRSS23	c11
0	3.13458664490926	0.221	0.027	0	S1PR5	c11
3.90242799091555e-260	3.12981529691451	0.196	0.043	1.428327668955e-255	TTC38	c11
1.50863743377146e-110	3.11015983099066	0.062	0.01	5.52176387134692e-106	LAIR2	c11
2.28121037406526e-49	3.09785213562527	0.019	0.002	8.34945809011627e-45	AL158071.3	c11
3.9167574387601e-73	3.0744791666443	0.029	0.003	1.43357239016058e-68	NMUR1	c11
6.17528441419667e-64	3.04618776554023	0.033	0.005	2.26021584844012e-59	TUBB4A	c11
0	3.01892352251012	1	0.3	0	NKG7	c11
5.82672098957819e-47	3.00122124395369	0.02	0.003	2.13263814939551e-42	ZNF80	c11
2.00895120009108e-34	2.99766093230139	0.021	0.004	7.35296228745334e-30	PTGDS	c11
0	2.96920732163735	0.947	0.196	0	GZMH	c11
8.13989611840168e-96	2.95965200342857	0.05	0.008	2.9792833782962e-91	TRGV2	c11
0	2.95400955276514	0.711	0.108	0	GZMB	c11
1.19775716461269e-171	2.94394396038968	0.115	0.022	4.38391099819892e-167	TRGV7	c11
7.37008316167104e-174	2.94266853273784	0.085	0.012	2.69752413800322e-169	KLRC2	c11
0	2.94242448692806	0.291	0.05	0	CLIC3	c11
5.53134079145033e-51	2.92342348959527	0.045	0.011	2.02452604307874e-46	LINC02384	c11
7.38324178226713e-51	2.91839931830684	0.029	0.005	2.70234032472759e-46	PDZD4	c11
6.61017927260834e-32	2.90643968537945	0.014	0.002	2.41939171556738e-27	PROK2	c11
0	2.90629604332763	0.557	0.081	0	KLRD1	c11
1.71722811527658e-26	2.86883611791478	0.011	0.002	6.28522662472382e-22	NCAM1	c11
1.34930203094017e-197	2.86768316861364	0.15	0.033	4.93858036344413e-193	CHI3L2	c11
1.08308629941002e-23	2.82852274640854	0.014	0.003	3.96420416447063e-19	DMKN	c11
2.29147971654803e-52	2.8178106661308	0.026	0.004	8.38704491053743e-48	KLRC3	c11
2.88139260180844e-235	2.77907896594845	0.213	0.053	1.05461850618791e-230	TRBV7-9	c11
0	2.76610514256309	0.252	0.048	0	TRAV26-1	c11
7.72257911285123e-37	2.74970154442794	0.018	0.003	2.82654118109468e-32	VIPR2	c11
3.77856373680891e-96	2.73409503208185	0.088	0.021	1.38299211330943e-91	COL6A2	c11
1.57839938537384e-65	2.68604916390212	0.048	0.01	5.7770995904068e-61	TRGV8	c11
6.10229337687153e-128	2.67006470873475	0.076	0.013	2.23350039886875e-123	CD244	c11
6.51004813655427e-26	2.65970239338054	0.047	0.018	2.38274271846023e-21	OSBPL5	c11
1.32393464840635e-32	2.64811692779967	0.018	0.003	4.84573320663209e-28	AL450352.1	c11
7.12158090604472e-283	2.6258325892211	0.167	0.029	2.60656982742143e-278	XCL2	c11
3.65434536454718e-16	2.59473675771833	0.08	0.047	1.33752694687791e-11	SYNGR1	c11
0	2.59388427711764	0.982	0.298	0	CST7	c11
6.64998780107977e-95	2.59295300926865	0.086	0.021	2.43396203507321e-90	TRAV20	c11
0	2.55846532147617	0.585	0.132	0	PRF1	c11
5.49192672978742e-12	2.53255908190092	0.01	0.002	2.0101001023695e-07	CARNS1	c11
3.02977788683583e-39	2.51916131396821	0.02	0.003	1.10892900436078e-34	GPR141	c11
4.61059968465356e-49	2.50982157911697	0.034	0.007	1.68752559058005e-44	AP005482.1	c11
1.71308884235521e-175	2.49467218238511	0.119	0.023	6.2700764719043e-171	TBX21	c11
0	2.48294090521567	0.605	0.145	0	KLRG1	c11
3.01228014103965e-25	2.46833820191003	0.017	0.003	1.10252465442192e-20	SETBP1	c11
0	2.45724997830253	0.375	0.094	0	MATK	c11
2.98179069096886e-34	2.4475409719818	0.033	0.009	1.09136521080151e-29	SBK1	c11
2.16279177367298e-96	2.43924830221821	0.084	0.02	7.91603417082046e-92	TRAV10	c11
1.06873391217739e-44	2.4375930862777	0.035	0.008	3.91167299196048e-40	TSPOAP1	c11
3.13012835324201e-18	2.40918733932898	0.025	0.008	1.14565827857011e-13	AL035701.1	c11
0	2.4003028431467	0.944	0.425	0	CTSW	c11
0	2.38491895381894	0.312	0.073	0	TRBV27	c11
2.98471262069062e-38	2.38371160823589	0.032	0.007	1.09243466629897e-33	TMEM171	c11
2.15256374514021e-43	2.37946156548266	0.033	0.007	7.87859856358767e-39	TRBV7-4	c11
0	2.36762430981977	0.828	0.244	0	GZMM	c11
0	2.35106303036344	0.563	0.267	0	CMC1	c11
1.96438113334463e-20	2.34519027304223	0.016	0.004	7.18983138615468e-16	AL590550.1	c11
0	2.3332756834483	0.609	0.161	0	DUSP2	c11
1.35957110521729e-15	2.33215572844267	0.012	0.003	4.97616620220582e-11	UTS2	c11
0	2.31869424511848	0.744	0.193	0	CD8B	c11
0	2.31796988450594	0.689	0.165	0	CD8A	c11
6.01841139184262e-40	2.31387467157756	0.037	0.009	2.20279875352832e-35	DBN1	c11
2.07252554595591e-25	2.31319569529674	0.031	0.009	7.58565075075321e-21	SMKR1	c11
1.2572659394728e-116	2.30904152916742	0.09	0.019	4.6017190650644e-112	CCL3	c11
2.86829585916563e-132	2.30178866162334	0.149	0.042	1.04982496741321e-127	MT1E	c11
1.93890409007445e-22	2.29970789096065	0.015	0.003	7.09658286008148e-18	SLC4A4	c11
8.37518728224128e-238	2.27816023190842	0.19	0.042	3.06540229717313e-233	PTGDR	c11
5.15467884311324e-18	2.27736610682201	0.011	0.002	1.88666400336788e-13	ST8SIA6	c11
7.46129136858819e-11	2.27400362227995	0.01	0.003	2.73090725381696e-06	CNR2	c11
3.71035606150488e-17	2.26999134678623	0.014	0.003	1.3580274220714e-12	RTP5	c11
2.13847745209895e-27	2.26936478799939	0.055	0.022	7.82704132242738e-23	TRGC1	c11
4.7756733552113e-22	2.25710140096464	0.011	0.002	1.74794420474089e-17	AC009495.3	c11
6.94446154149505e-98	2.25603559676907	0.068	0.013	2.5417423688026e-93	FCRL3	c11
2.48615663894917e-36	2.24986175838171	0.06	0.021	9.09958191421785e-32	TRGC2	c11
0	2.24580788893048	0.226	0.046	0	TGFBR3	c11
0	2.24150322315453	0.639	0.146	0	KLRK1	c11
1.14808439618152e-11	2.23754849925735	0.012	0.003	4.20210369846398e-07	GPR55	c11
1.72331266026944e-126	2.21294354645881	0.094	0.019	6.30749666785219e-122	TTC16	c11
3.36139680684556e-19	2.20732820140516	0.022	0.007	1.23030484527354e-14	C1orf61	c11
1.24795775953429e-291	2.20373769492928	0.207	0.042	4.56765019567144e-287	KLRC4	c11
0	2.19538913233749	0.503	0.143	0	C12orf75	c11
0	2.19199807696869	0.727	0.372	0	PLEK	c11
8.02534709234208e-159	2.19063353288313	0.337	0.161	2.93735728926812e-154	ABI3	c11
0	2.17096809629733	0.521	0.16	0	KLRB1	c11
6.93745050666096e-48	2.15508967871518	0.043	0.01	2.53917625994298e-43	ADGRG5	c11
8.78013463025469e-35	2.14678928045519	0.058	0.021	3.21361707601952e-30	CCDC28B	c11
8.12385365964465e-12	2.13580961715796	0.011	0.003	2.97341167796654e-07	WNT1	c11
3.83305967704164e-23	2.13211602962876	0.025	0.007	1.40293817239401e-18	TRDC	c11
5.75886400330098e-79	2.12520271560767	0.085	0.023	2.10780181384819e-74	LINC02084	c11
2.76765365098546e-69	2.11862337891612	0.058	0.013	1.01298891279719e-64	IGLV2-14	c11
1.26818823658014e-09	2.11263120643376	0.014	0.005	4.64169576470699e-05	MCM3AP-AS1	c11
1.3376248508971e-17	2.08247930980935	0.017	0.004	4.89584071676847e-13	KIR3DL2	c11
2.49371793939485e-50	2.0808503048001	0.148	0.072	9.12725702997908e-46	CD300A	c11
1.15350955703589e-09	2.07136750489489	0.011	0.003	4.22196032970707e-05	AL109955.1	c11
0	2.07111905587803	0.998	0.397	0	CCL5	c11
3.57395054921235e-118	2.06309022161626	0.145	0.043	1.30810164051721e-113	PRR5	c11
8.377776401111e-65	2.06102434602146	0.086	0.027	3.06634994057064e-60	SMAGP	c11
2.39845179456846e-69	2.05416853140422	0.065	0.016	8.77857341330001e-65	AC103702.2	c11
0	2.0293423631908	0.939	0.302	0	GZMA	c11
9.20763581302011e-18	2.02886977276552	0.019	0.005	3.37008678392349e-13	TOGARAM2	c11
2.60922686174569e-10	2.02789938101577	0.03	0.014	9.55003123667541e-06	RASGEF1A	c11
1.05240364596512e-132	2.02164418002718	0.18	0.058	3.85190258459693e-128	NCR3	c11
6.58010756503059e-18	1.99252043673635	0.02	0.006	2.40838516987685e-13	TBKBP1	c11
0	1.99200165740033	0.41	0.118	0	HOPX	c11
5.25205136701424e-14	1.98824417786178	0.015	0.004	1.92230332084088e-09	CCDC102A	c11
1.55976628220206e-07	1.96858102389571	0.021	0.01	0.00570890056948774	RHEBL1	c11
8.28844119834463e-19	1.96421063511909	0.088	0.05	3.03365236300612e-14	GTSF1	c11
1.05098432291742e-22	1.95607647369998	0.027	0.008	3.84670772031003e-18	IGFBP3	c11
7.3507651375655e-54	1.95319295837478	0.075	0.024	2.69045354800035e-49	MTSS1	c11
2.01510245909683e-57	1.95029178927616	0.071	0.021	7.37547651054029e-53	PRR5L	c11
1.79555324211938e-40	1.92127199351458	0.063	0.022	6.57190442148116e-36	SLC25A4	c11
2.34291291545758e-81	1.90419524777494	0.086	0.023	8.5752955618663e-77	TRBV7-6	c11
1.32863047685886e-44	1.90222127245668	0.089	0.035	4.86292040835112e-40	LPCAT1	c11
1.82304313620206e-23	1.90030038842753	0.033	0.01	6.67252018281318e-19	AUTS2	c11
0	1.89509897853994	0.84	0.451	0	IFITM2	c11
5.36632087394169e-14	1.88500469109364	0.017	0.005	1.9641271030714e-09	AC243829.1	c11
1.34478428259678e-11	1.88298509810428	0.011	0.003	4.92204495273248e-07	FAM27C	c11
1.07229299231731e-27	1.87846840523875	0.044	0.015	3.92469958118058e-23	LINC00944	c11
2.43655018168804e-16	1.86578183622586	0.062	0.032	8.9180173199964e-12	AC004865.2	c11
3.9907878744673e-60	1.85891872016239	0.126	0.051	1.46066826993378e-55	USP28	c11
5.89191406588884e-28	1.8541810329143	0.059	0.023	2.15649946725598e-23	TRGV3	c11
1.30205594842805e-151	1.853637168505	0.173	0.05	4.76565497684149e-147	CCL4L2	c11
4.01031633567959e-110	1.84268161455206	0.344	0.196	1.46781588202209e-105	TPST2	c11
8.53394527558599e-13	1.83505758306769	0.082	0.051	3.12350931031723e-08	RGS3	c11
2.15279697092419e-19	1.82138997879752	0.074	0.039	7.87945219327961e-15	ENC1	c11
2.55096341328885e-146	1.8168736426851	0.163	0.045	9.33678118897853e-142	SLAMF7	c11
2.56847810642755e-151	1.81453080328557	0.259	0.099	9.40088671733548e-147	RUNX3	c11
1.32464883439627e-242	1.81435532499787	0.291	0.088	4.8483471987738e-238	SAMD3	c11
8.40574876513689e-08	1.81374685057071	0.01	0.003	0.00307658810552775	AC022075.1	c11
8.31936105891475e-14	1.81262271391635	0.014	0.004	3.04496934117339e-09	SCD5	c11
4.65271880089292e-35	1.80440313698955	0.069	0.027	1.70294160831482e-30	RAP1GAP2	c11
2.42733946714874e-10	1.78438439512351	0.033	0.016	8.88430518371112e-06	PDGFD	c11
5.02291889930487e-08	1.78154263285419	0.013	0.005	0.00183843854633457	CACNA1C-AS1	c11
5.27698462440271e-08	1.78016702477608	0.012	0.004	0.00193142914237764	LINC01260	c11
3.50607934766799e-40	1.77939559553001	0.052	0.016	1.28326010203996e-35	NCALD	c11
4.84413165319359e-54	1.77186504444067	0.063	0.018	1.77300062638539e-49	MCTP2	c11
1.3495131105582e-88	1.75949641442297	0.113	0.034	4.93935293595406e-84	EOMES	c11
2.92083700921224e-14	1.74975364318681	0.023	0.008	1.06905555374177e-09	PYROXD2	c11
2.32040124023322e-69	1.74538147248225	0.064	0.015	8.49290057937762e-65	DTHD1	c11
1.2481333457181e-07	1.74506858204141	0.013	0.005	0.00456829285866281	GSEC	c11
1.55384176410645e-09	1.73960686302147	0.014	0.005	5.68721624080602e-05	TRGV5P	c11
2.86042847525259e-44	1.73494813900724	0.072	0.025	1.0469454262272e-39	AC090152.1	c11
3.7881846100479e-07	1.7322008190142	0.035	0.02	0.0138651344912363	AP005019.1	c11
1.37804567670193e-08	1.73057775026499	0.014	0.005	0.000504378498129672	PVRIG	c11
1.21692374773015e-27	1.72986898663275	0.043	0.014	4.45406260906712e-23	CD8B2	c11
1.66887801837376e-86	1.71417392555434	0.167	0.065	6.10826043504982e-82	PRKCB	c11
1.33110534719134e-78	1.71225422283644	0.127	0.044	4.87197868125502e-74	RAB37	c11
3.4004278545957e-23	1.71197754931727	0.032	0.01	1.24459059906057e-18	RAB27B	c11
9.19073338566567e-95	1.70864604298572	0.17	0.064	3.36390032648749e-90	PXN	c11
1.80444481503823e-33	1.6993664908205	0.17	0.103	6.60444846752144e-29	ABHD17A	c11
1.96399602798061e-19	1.6874504522632	0.038	0.015	7.18842186201185e-15	LINC002481	c11
5.51937659697263e-187	1.68236512676475	0.259	0.085	2.02014702825795e-182	PYHIN1	c11
3.07609291393638e-46	1.67366769745412	0.145	0.071	1.12588076742985e-41	MIB2	c11
1.75238956941718e-153	1.66901688623734	0.212	0.068	6.41392106302383e-149	TIGIT	c11
1.01798468935999e-07	1.66589866561481	0.012	0.005	0.00372592576152651	SLC16A11	c11
3.50735376165904e-52	1.65824680181225	0.126	0.054	1.28372655030483e-47	CEP78	c11
4.38663077836727e-15	1.62354188761246	0.111	0.073	1.6055507311902e-10	FUT11	c11
2.98091241193343e-77	1.62279916526397	0.3	0.177	1.09104375189175e-72	PLAC8	c11
5.23885809373382e-08	1.61940944074209	0.014	0.005	0.00191747445088752	C12orf42	c11
0	1.61527884937828	0.777	0.457	0	PLAAT4	c11
1.84584850094492e-13	1.61377196748814	0.02	0.007	6.7559900983085e-09	ATP1A3	c11
1.97193330685432e-08	1.6084329221104	0.022	0.01	0.000721747309641749	MLLT11	c11
4.13658107421601e-150	1.60331450316601	0.245	0.088	1.5140300389738e-145	SH2D1A	c11
2.02963944589366e-78	1.60262552170323	0.255	0.135	7.42868333591537e-74	TRG-AS1	c11
2.94666295033112e-76	1.60037800334814	0.355	0.239	1.07850810645069e-71	RHOC	c11
5.63893206576083e-23	1.5961533945701	0.053	0.022	2.06390552538912e-18	CAPN12	c11
1.0285419468739e-155	1.58919383481306	0.208	0.065	3.76456637975315e-151	LAG3	c11
2.75686284069405e-07	1.58670873060168	0.027	0.014	0.0100903936832243	TRGV5	c11
0	1.57142366283128	0.47	0.112	0	CCL4	c11
1.91621194658865e-40	1.56120679574933	0.058	0.019	7.01352734570911e-36	TRAV5	c11
1.69336730843021e-67	1.56017526752589	0.101	0.033	6.19789368558542e-63	PPP2R2B	c11
3.21694689225768e-82	1.55770717652917	0.201	0.089	1.17743473203523e-77	SYTL3	c11
1.42587602535358e-112	1.55119723680994	0.146	0.044	5.21884884039666e-108	F2R	c11
0	1.54237382565612	0.894	0.628	0	HCST	c11
6.19827615990425e-178	1.53834735993921	0.337	0.136	2.26863105728655e-173	SH2D2A	c11
4.97914753658413e-251	1.53294250688926	0.609	0.366	1.82241778986516e-246	SLC9A3R1	c11
4.01201112835341e-52	1.52996560325232	0.102	0.039	1.46843619308863e-47	TESC	c11
1.84551036247262e-09	1.52774836838239	0.017	0.006	6.75475247768605e-05	GNAO1	c11
1.18462451244614e-31	1.52578161973893	0.141	0.079	4.33584417800413e-27	ADRB2	c11
1.76331968707977e-20	1.52532196021267	0.153	0.103	6.45392638668065e-16	TFDP2	c11
4.51365037628676e-48	1.52114765969679	0.094	0.035	1.65204117422472e-43	TRGV10	c11
9.76028024878217e-21	1.51977803154775	0.028	0.009	3.57236017385676e-16	GALNT3	c11
1.07190424529024e-26	1.51660116257274	0.072	0.032	3.92327672818679e-22	PMAIP1	c11
1.85254293027205e-15	1.51249350520318	0.035	0.015	6.78049237908875e-11	RRAS2	c11
4.78724785126501e-13	1.50848092107996	0.026	0.01	1.75218058604151e-08	YPEL1	c11
3.36251451195064e-08	1.50323949900748	0.076	0.053	0.00123071393651905	IL18BP	c11
1.18276795134166e-13	1.49402657850703	0.057	0.03	4.32904897870561e-09	AL139246.5	c11
4.92014076528288e-12	1.48502402247866	0.019	0.007	1.80082072150119e-07	FAM169A	c11
9.08953300528943e-42	1.48179081143343	0.216	0.134	3.32685997526598e-37	CDKN2D	c11
3.4989611613389e-75	1.47232001013177	0.306	0.184	1.28065477466165e-70	RASSF1	c11
1.2382557322304e-18	1.47059394474004	0.021	0.006	4.53213980553647e-14	AF165147.1	c11
2.61955096728642e-42	1.45955243378314	0.091	0.037	9.58781849536502e-38	MYBL1	c11
3.1445272211941e-66	1.4530931864589	0.135	0.053	1.15092840822925e-61	SLAMF6	c11
7.56739084210344e-13	1.44489065246913	0.041	0.02	2.76974072211828e-08	APBA2	c11
3.50799812563521e-09	1.44190314801122	0.015	0.005	0.000128396239396374	LINC00299	c11
4.72916202251015e-15	1.43646784570584	0.039	0.017	1.73092059185894e-10	PCBP4	c11
2.78457316569107e-184	1.43333045230805	0.328	0.128	1.01918162437459e-179	SYNE1	c11
4.81748644438768e-217	1.42666785563276	0.468	0.215	1.76324821351033e-212	ARL4C	c11
3.90174301585559e-56	1.42438376458179	0.258	0.156	1.4280769612333e-51	C5orf56	c11
6.64900085090056e-08	1.42309442623109	0.097	0.072	0.00243360080143811	GEMIN7	c11
3.55216397113188e-33	1.41598791839746	0.115	0.058	1.30012753507398e-28	ADA	c11
9.29776003028009e-08	1.41208324511695	0.019	0.009	0.00340307314868282	GFI1	c11
4.17577995033325e-15	1.40651245092955	0.035	0.015	1.52837721962147e-10	ABCB1	c11
2.77715006688445e-10	1.40585321237921	0.036	0.018	1.01646469598038e-05	MPP6	c11
1.26459873071527e-19	1.40431817184249	0.18	0.13	4.62855781429095e-15	MRPL10	c11
3.62519638272268e-56	1.3991589937095	0.143	0.063	1.32685812804033e-51	TENT5C	c11
1.05952267287963e-70	1.39729312452634	0.22	0.109	3.87795893500674e-66	TSEN54	c11
2.52553039964958e-89	1.39596669825456	0.244	0.115	9.24369381575741e-85	FKBP11	c11
2.04360131185362e-50	1.3959583870402	0.174	0.089	7.47978516151542e-46	AOAH	c11
4.98391617405785e-52	1.39266313196488	0.105	0.041	1.82416315886691e-47	PATL2	c11
6.1361068637808e-46	1.39256000443478	0.34	0.265	2.24587647321241e-41	APMAP	c11
2.08597879323658e-09	1.38459526054188	0.099	0.071	7.6348909811252e-05	HOTAIRM1	c11
9.58558838544091e-24	1.38435767050789	0.112	0.063	3.50842120495523e-19	ATG2A	c11
4.73334971708337e-16	1.38167462955758	0.105	0.066	1.73245332994968e-11	AC022706.1	c11
1.6081157242361e-139	1.38110335693535	0.306	0.132	5.88586436227656e-135	FYN	c11
1.52436241589562e-49	1.37831361824885	0.131	0.058	5.57931887841956e-45	LINC01871	c11
2.74526492374754e-27	1.37826925741427	0.237	0.175	1.00479441474084e-22	RAB29	c11
2.44418106560268e-224	1.3753712395166	0.489	0.224	8.94594711821237e-220	LBH	c11
1.90454658680014e-21	1.37066404198989	0.165	0.112	6.97083096234719e-17	MT1F	c11
9.50967659411703e-07	1.35711726007378	0.012	0.005	0.0348063673021277	DMWD	c11
6.55942029955419e-40	1.3519933837595	0.185	0.107	2.40081342383983e-35	RAB27A	c11
9.37060177398838e-07	1.34906860377945	0.016	0.007	0.0342973395529749	PTCH1	c11
8.03955848129919e-11	1.34758164711613	0.021	0.008	2.94255879974032e-06	TRDV1	c11
0	1.34713592771319	0.725	0.354	0	CD3G	c11
3.60626256312565e-10	1.34710721781349	0.017	0.006	1.31992816072962e-05	TTC22	c11
3.18739498785313e-11	1.34681375958635	0.032	0.015	1.16661843950412e-06	OSBPL7	c11
7.06821052525638e-121	1.34392745114472	0.47	0.311	2.58703573434909e-116	BIN2	c11
5.40025842359737e-187	1.34297092695349	0.502	0.257	1.97654858562087e-182	TRBC2	c11
1.76356083540268e-43	1.34217099604442	0.273	0.187	6.45480901365733e-39	CHST12	c11
4.00005590688903e-14	1.33989145192462	0.041	0.019	1.46406046248045e-09	DTX3	c11
2.71076113030145e-145	1.33342343162214	0.331	0.145	9.92165681301633e-141	GNG2	c11
7.51184393956083e-07	1.33173451239164	0.025	0.013	0.0274941000031866	CCDC65	c11
7.27366775831063e-15	1.33104857820888	0.039	0.018	2.66223513621927e-10	SLC2A1	c11
0	1.32856071678143	0.99	0.573	0	IL32	c11
5.62933186841368e-16	1.32812643271378	0.133	0.09	2.06039175715809e-11	PLEKHA1	c11
4.08778562223974e-22	1.31799707488007	0.121	0.072	1.49617041559597e-17	VCL	c11
1.98351750445715e-14	1.31405553369029	0.097	0.061	7.25987241806361e-10	MIR4435-2HG	c11
1.77235267704041e-14	1.30886977886333	0.069	0.039	6.48698803323562e-10	SPNS3	c11
0	1.29033565249837	0.964	0.503	0	IFITM1	c11
1.77974171603503e-58	1.28799719924238	0.147	0.063	6.51403265485981e-54	PLEKHF1	c11
3.76062472260988e-85	1.27635786636697	0.441	0.323	1.37642625472244e-80	ARPC5L	c11
3.37682125055703e-54	1.27338619764472	0.342	0.244	1.23595034591638e-49	IDH2	c11
8.53150089026298e-143	1.27050116837422	0.525	0.35	3.12261464084515e-138	PAXX	c11
0	1.26896060962842	0.826	0.431	0	CD3D	c11
1.21884701181284e-104	1.26858914968052	0.423	0.264	4.46110194793618e-100	BIN1	c11
1.98569611238735e-54	1.26399420919938	0.41	0.338	7.26784634094894e-50	LYAR	c11
6.60940744103019e-40	1.26284081528396	0.088	0.035	2.41910921749146e-35	TOX	c11
2.43287664774675e-94	1.24923586694829	0.487	0.376	8.90457181841789e-90	CLEC2B	c11
3.51986961251721e-16	1.24616401886609	0.16	0.115	1.28830747687743e-11	PITPNC1	c11
7.91217351077232e-140	1.23488234121937	0.36	0.169	2.89593462667778e-135	ZAP70	c11
4.06285702497868e-37	1.23248305804973	0.284	0.207	1.48704629971245e-32	ITGAL	c11
2.74509374293396e-156	1.23065241899647	0.449	0.234	1.00473176085126e-151	ANXA6	c11
2.73590644942246e-30	1.23004928056636	0.101	0.049	1.00136911955311e-25	SERPINB9	c11
5.21028472066336e-46	1.22901811703435	0.402	0.338	1.90701631061e-41	CDK2AP2	c11
1.81183479100552e-11	1.22284124161507	0.052	0.029	6.6314965185593e-07	HIST1H3D	c11
6.87315026895077e-288	1.22039949893506	0.662	0.321	2.51564172993867e-283	CD7	c11
1.6118375295902e-13	1.21782266930715	0.043	0.021	5.8994865420531e-09	PRR7	c11
1.18462211440329e-06	1.21737077696694	0.022	0.011	0.0433583540092749	SLC25A42	c11
1.25854926449325e-10	1.20021191727372	0.05	0.027	4.60641616297176e-06	CARD11	c11
7.68632273219792e-27	1.19032374974301	0.157	0.095	2.81327098321176e-22	CD320	c11
4.76141756087451e-17	1.18791295539363	0.055	0.026	1.74272644145568e-12	NR4A2	c11
0	1.18454607588174	0.92	0.531	0	CORO1A	c11
2.57624060645969e-19	1.17985336402861	0.118	0.072	9.42929824370309e-15	MARCKSL1	c11
1.33440139318354e-14	1.17970038683198	0.096	0.06	4.88404253919108e-10	AC245407.2	c11
7.57627516960734e-268	1.16739723399428	0.66	0.337	2.77299247482798e-263	LCK	c11
1.88165981969064e-20	1.16539289847926	0.209	0.156	6.8870631060497e-16	ARHGAP25	c11
1.61140302109613e-42	1.16491499152099	0.325	0.243	5.89789619751395e-38	ZBTB38	c11
3.24602986559877e-11	1.16271495724309	0.045	0.024	1.18807939110781e-06	TRAV1-2	c11
4.81404113259441e-21	1.15672232904599	0.089	0.048	1.76198719494088e-16	ZBP1	c11
1.00190588403624e-11	1.15604076238289	0.022	0.009	3.66707572616103e-07	MSC-AS1	c11
5.44286156163102e-78	1.15057997772277	0.302	0.169	1.99214176017257e-73	PRKCH	c11
1.3479468670848e-53	1.14808892313986	0.226	0.125	4.93362032821706e-49	ITGB7	c11
1.83276753653566e-95	1.14667284371031	0.509	0.391	6.70811246047416e-91	PPP1R18	c11
1.21722027096122e-221	1.1391705080407	0.731	0.574	4.45514791374515e-217	LITAF	c11
1.80172659783317e-34	1.13729245868601	0.309	0.236	6.5944995207292e-30	BTN3A2	c11
4.84919658144163e-43	1.13243800417826	0.176	0.096	1.77485444077345e-38	MT1X	c11
2.35309914939574e-07	1.13095500818114	0.022	0.011	0.00861257819670336	OTUD7B	c11
3.30512002814578e-15	1.12828961259617	0.099	0.062	1.20970698150164e-10	AP002387.2	c11
7.3366185784843e-11	1.12237735874904	0.053	0.03	2.68527576591104e-06	AC012615.1	c11
1.96152979274105e-16	1.11986024840486	0.055	0.027	7.1793951944115e-12	MSC	c11
3.68018772990866e-59	1.1184252088293	0.2	0.1	1.34698551102387e-54	PTPN4	c11
3.66796510634201e-52	1.11806880726534	0.295	0.188	1.34251190857224e-47	DDIT4	c11
1.03165819052138e-23	1.11591804434972	0.094	0.049	3.77597214312732e-19	SLA2	c11
1.10576082943189e-14	1.11506183304537	0.153	0.11	4.04719521180364e-10	EHD1	c11
3.59387926994842e-18	1.11480071925168	0.24	0.194	1.31539575159382e-13	SASH3	c11
2.31371347722445e-55	1.11040195435831	0.267	0.16	8.46842269798923e-51	AKNA	c11
3.39667789002211e-41	1.10945373658495	0.241	0.152	1.24321807452699e-36	CDC25B	c11
1.89678288205628e-176	1.10832691299217	0.536	0.289	6.94241502661418e-172	LAT	c11
4.59996297849323e-120	1.1038319366177	0.385	0.204	1.68363244975831e-115	APOBEC3G	c11
8.95685006002707e-180	1.10362111630699	0.601	0.399	3.27829669047051e-175	MT2A	c11
2.99918881150974e-23	1.10286760864265	0.251	0.194	1.09773309690068e-18	SRPK2	c11
4.90240455725919e-26	1.09695136063593	0.336	0.29	1.79432909200244e-21	MYO1G	c11
0	1.09519540501222	0.938	0.522	0	CD3E	c11
1.71216649871226e-25	1.09069420828713	0.149	0.09	6.26670060193676e-21	SIRPG	c11
2.63935576088879e-41	1.08794548113888	0.412	0.35	9.66030602042907e-37	ZFP36	c11
2.99788205522531e-10	1.08619281289819	0.07	0.044	1.09725481103301e-05	DGKD	c11
5.62375435203787e-33	1.08171785633306	0.095	0.043	2.05835033038938e-28	ATP8A1	c11
4.67090408542255e-46	1.08158192064086	0.286	0.187	1.70959760430551e-41	KLF2	c11
1.07644628552786e-28	1.08098203961444	0.115	0.06	3.9399010496605e-24	ATP2A3	c11
8.82077623275976e-32	1.08020278401065	0.099	0.047	3.2284923089524e-27	KIF21A	c11
1.98740441461948e-08	1.0798720731812	0.053	0.032	0.000727409889794876	GAMT	c11
2.90662214615963e-21	1.07336232921296	0.062	0.029	1.06385277171589e-16	TRAV3	c11
2.84979525381065e-28	1.07166191361331	0.24	0.172	1.04305356084724e-23	APOBEC3C	c11
4.25126163531178e-07	1.07066054320724	0.043	0.026	0.0155600427114047	PALM2-AKAP2	c11
1.3779435207895e-53	1.06835752219074	0.349	0.248	5.04341108044167e-49	PPP2R5C	c11
3.89073082754729e-19	1.06668100497741	0.316	0.283	1.42404639019058e-14	VAMP5	c11
3.43035544220216e-24	1.06661745944472	0.163	0.104	1.25554439540041e-19	ORMDL3	c11
8.64634032650574e-08	1.06457307719717	0.02	0.009	0.00316464702290437	KIAA1671	c11
1.2480114376932e-212	1.06347969097703	0.621	0.329	4.5678466631009e-208	LIME1	c11
2.95169075414099e-43	1.06280267357529	0.395	0.323	1.08034833292314e-38	RNF167	c11
3.68997088131772e-07	1.05421167243775	0.21	0.192	0.013505662422711	RPA2	c11
7.51433489429156e-23	1.04614835456043	0.284	0.233	2.75032171465965e-18	KLF3	c11
9.72648939694723e-24	1.04540930550958	0.09	0.046	3.55999238417666e-19	KLF12	c11
1.14127577565687e-16	1.04198475599644	0.145	0.098	4.17718346648172e-12	PTGER2	c11
1.63300539611735e-45	1.04038254019308	0.15	0.073	5.97696305032911e-41	CCDC88C	c11
2.65577895506375e-117	1.03984029262564	0.406	0.217	9.72041655342884e-113	CD247	c11
6.13063808446884e-51	1.03782128673046	0.207	0.112	2.24387484529644e-46	BATF	c11
6.45872676390717e-43	1.03512771130795	0.208	0.12	2.36395858285766e-38	RNF125	c11
3.11971299548572e-09	1.034779877	0.06	0.037	0.000114184615347773	BCAS4	c11
5.02252046463081e-131	1.03258071827892	0.532	0.335	1.83829271525952e-126	ICAM3	c11
8.98844056476741e-152	1.03224449550966	0.659	0.489	3.28985913111052e-147	TLE5	c11
4.21074091891288e-09	1.03203015129731	0.131	0.1	0.00015411732837313	DENND1C	c11
6.58442346149793e-36	1.02504041764345	0.196	0.117	2.40996483114286e-31	PSTPIP1	c11
4.70737707260636e-55	1.0223507000109	0.285	0.173	1.72294708234465e-50	RHOF	c11
2.48405112779538e-08	1.02220327159395	0.039	0.021	0.000909187553284386	TRAV12-3	c11
2.81512793971112e-156	1.02190019919384	0.665	0.51	1.03036497721367e-151	VAMP2	c11
9.53207430862034e-53	1.02147469634016	0.143	0.063	3.48883451769813e-48	LINC02446	c11
7.44647224010848e-08	1.01612987613287	0.098	0.072	0.00272548330460211	FBXO32	c11
8.69140873070137e-51	1.01394737337647	0.153	0.071	3.18114250952401e-46	IL2RB	c11
6.97409088145344e-240	1.01103661851223	0.701	0.372	2.55258700352077e-235	LIMD2	c11
3.96550700370285e-86	1.00978585841623	0.527	0.414	1.45141521842528e-81	GIMAP4	c11
0	1.00775832646786	0.884	0.713	0	CD99	c11
7.53259591416548e-13	1.00205742229175	0.259	0.23	2.75700543054371e-08	DENND2D	c11
1.73550838682326e-13	0.995930391291494	0.058	0.031	6.35213424661182e-09	ZNF831	c11
8.13110397089091e-72	0.995015716709929	0.582	0.55	2.97606536438578e-67	ITGB2	c11
7.59362729722065e-09	0.984176266998419	0.041	0.023	0.000277934352705573	SLC38A5	c11
4.66109730476097e-50	0.983736478020368	0.268	0.163	1.70600822451556e-45	CYFIP2	c11
9.40926864939545e-44	0.980291247734743	0.262	0.166	3.44388641836523e-39	SYTL1	c11
3.30777536404026e-19	0.975241156961751	0.083	0.044	1.21067886099237e-14	CLSTN3	c11
7.20416240508576e-07	0.973347057109525	0.061	0.041	0.0263679548188544	BCL9L	c11
1.39802666478685e-255	0.97047123159979	0.823	0.628	5.11691739578634e-251	LSP1	c11
1.20862858848246e-24	0.967723750366778	0.208	0.144	4.42370149670464e-20	OFD1	c11
1.13335389678783e-10	0.96145223424865	0.227	0.196	4.14818859763313e-06	NCBP2AS2	c11
3.88657810170514e-09	0.958231680331007	0.144	0.113	0.00014225264510051	MAPRE2	c11
2.19777022904352e-115	0.957789580676291	0.45	0.258	8.04405881532218e-111	SKAP1	c11
2.91695927046902e-44	0.956056311079393	0.377	0.288	1.06763626258436e-39	SIGIRR	c11
8.70328907781924e-08	0.950316463625406	0.18	0.154	0.00318549083537262	ZNF22	c11
1.36620507723021e-08	0.948842306333229	0.249	0.232	0.000500044720317028	NUCB2	c11
1.80056138395442e-26	0.948743302722714	0.082	0.038	6.59023472141158e-22	SYTL2	c11
8.42921301476056e-171	0.945440345596814	0.727	0.621	3.08517625553251e-166	PPP1CA	c11
1.51538842741378e-32	0.943015589772893	0.362	0.294	5.54647318317719e-28	DNAJB1	c11
1.02531421676864e-09	0.94272082132932	0.273	0.259	3.75275256479491e-05	DNAJC1	c11
5.2910963608314e-08	0.933325002406395	0.066	0.044	0.0019365941790279	SP4	c11
1.83920418167885e-07	0.931017213970501	0.284	0.284	0.00673167122536274	PTP4A2	c11
4.41520727983833e-10	0.930269992483145	0.108	0.076	1.61601001649363e-05	WDR54	c11
3.42544362915156e-47	0.929939053451237	0.251	0.15	1.25374662270576e-42	SIT1	c11
4.88962427269723e-34	0.929268824373378	0.16	0.089	1.78965138004991e-29	ITGB2-AS1	c11
5.9126611821709e-20	0.923915333718182	0.152	0.099	2.16409311928637e-15	MAP4K1	c11
2.04437781424492e-33	0.922653537307259	0.139	0.074	7.48262723791785e-29	PRDM1	c11
6.4353048667147e-09	0.920440665976872	0.136	0.105	0.000235538593426625	BTN3A1	c11
1.14727417535321e-101	0.919145322372225	0.631	0.56	4.19913820921028e-97	SUB1	c11
1.94995621073348e-08	0.918810011027267	0.323	0.336	0.000713703472690559	EFHD2	c11
4.28539317682498e-48	0.914641080256643	0.276	0.167	1.56849675664971e-43	TRBC1	c11
2.59191926404645e-08	0.91199866817291	0.048	0.028	0.00094866836983364	AC006369.1	c11
1.43903543093256e-74	0.909855121352059	0.257	0.129	5.26701358075628e-70	IKZF3	c11
4.14773156800474e-07	0.909687731055214	0.156	0.13	0.0151811123120541	YPEL3	c11
5.23194161192555e-10	0.909603222323215	0.066	0.04	1.91494294938087e-05	STK26	c11
2.33391614393084e-255	0.908856179616614	0.858	0.702	8.54236647840126e-251	RAC2	c11
9.65067705839338e-09	0.901805737183225	0.266	0.251	0.000353224431014256	CSK	c11
1.07618784427135e-89	0.900694357233344	0.42	0.25	3.93895512881756e-85	ISG20	c11
9.04274901364448e-38	0.899826523958916	0.449	0.398	3.30973656648402e-33	IRF1	c11
2.21817668594827e-11	0.899471950168097	0.127	0.091	8.11874848823926e-07	MLLT6	c11
3.05306914300618e-13	0.89780973567514	0.339	0.327	1.11745383703169e-08	ID2	c11
9.41296875587329e-15	0.897310568174204	0.314	0.29	3.44524069433718e-10	MYO1F	c11
2.54170621510243e-13	0.897013585298811	0.081	0.049	9.30289891789639e-09	ST6GAL1	c11
8.40487885125941e-243	0.894395900494371	0.835	0.653	3.07626970834946e-238	IL2RG	c11
1.7875392965844e-173	0.894305123252671	0.628	0.363	6.54257257942857e-169	GIMAP7	c11
4.96994303766987e-97	0.890358556222553	0.604	0.52	1.81904885121755e-92	SEPTIN7	c11
7.9153153811518e-49	0.876631785969008	0.461	0.39	2.89708458265537e-44	TBC1D10C	c11
7.59200784652267e-101	0.876372570245416	0.451	0.265	2.77875079190576e-96	SEPTIN1	c11
3.61380483630456e-07	0.873798279295633	0.063	0.042	0.0132268870813583	CEMIP2	c11
2.58201996139666e-144	0.869716947460327	0.723	0.632	9.45045126070791e-140	PSMB9	c11
8.74015680367966e-16	0.869372425826972	0.231	0.184	3.19898479171479e-11	ARHGAP9	c11
8.99371587118726e-11	0.868153654295647	0.25	0.222	3.29178994601325e-06	HDAC1	c11
3.40809208082256e-14	0.865837112708623	0.156	0.113	1.24739578250186e-09	CCDC69	c11
4.57432829173185e-63	0.86305892349378	0.548	0.492	1.67424989805677e-58	CCND3	c11
2.90568478942769e-127	0.862770589157016	0.437	0.222	1.06350968977843e-122	GZMK	c11
7.52911879440796e-37	0.862582957448848	0.182	0.102	2.75573276994126e-32	THEMIS	c11
1.13421199322446e-34	0.861366304257846	0.452	0.417	4.15132931640086e-30	SHISA5	c11
1.68683719787908e-32	0.859940530796399	0.384	0.319	6.17399282795722e-28	IER2	c11
5.22219706436333e-08	0.856947367092599	0.132	0.103	0.00191137634752762	SNRK	c11
7.222302696374e-21	0.850814699803602	0.104	0.058	2.64343500989985e-16	ADAM8	c11
9.8036587526303e-24	0.850247554444871	0.159	0.1	3.58823714005022e-19	CBLB	c11
8.97355987770458e-11	0.844805033098876	0.118	0.084	3.28441265083865e-06	RFTN1	c11
3.2311489532809e-11	0.84470627069423	0.045	0.023	1.18263282839034e-06	PDCD1	c11
6.45240198915253e-14	0.844469552800448	0.219	0.177	2.36164365204972e-09	STK38	c11
7.44768319914133e-100	0.842665802878095	0.392	0.217	2.72592652771772e-95	RIPOR2	c11
1.34820222666716e-13	0.840412336660548	0.036	0.016	4.93455496982449e-09	KLRC1	c11
1.0628049888669e-81	0.836951263945426	0.452	0.29	3.88997253975175e-77	CXCR4	c11
3.88584654198176e-103	0.834555452604969	0.684	0.615	1.42225869283074e-98	UCP2	c11
8.6990331545069e-14	0.830412806850825	0.318	0.294	3.18393312488107e-09	SF3A2	c11
1.22511287129032e-183	0.827866018252879	0.806	0.672	4.48403562020971e-179	ZFP36L2	c11
4.88362943306164e-08	0.823670740925483	0.031	0.016	0.00178745720879489	GPR68	c11
4.20092237831125e-32	0.822349019306324	0.455	0.427	1.5375795996857e-27	CCDC85B	c11
1.7861586740485e-35	0.817238742783068	0.285	0.197	6.53751936288492e-31	RCSD1	c11
0	0.816471349679819	1	0.944	0	HLA-A	c11
3.10177102201776e-15	0.816023245497853	0.205	0.158	1.13527921176872e-10	PPP3CC	c11
6.24585435702186e-14	0.815540102826925	0.15	0.107	2.28604515321357e-09	RASA3	c11
6.95826511280229e-22	0.813563466988466	0.192	0.131	2.54679461393677e-17	CYTOR	c11
1.57729251323837e-30	0.810508523552427	0.228	0.148	5.77304832770375e-26	HIST1H1D	c11
2.14647407488443e-90	0.808298235304297	0.631	0.523	7.85630976148451e-86	TSC22D3	c11
5.2550018815327e-07	0.808198895890714	0.037	0.022	0.0192338323865978	MCOLN2	c11
3.21296064271129e-14	0.806724409694241	0.168	0.122	1.17597572483876e-09	DANCR	c11
5.41261645233856e-35	0.802953014781255	0.177	0.1	1.98107174772044e-30	NFATC2	c11
2.5155861058587e-13	0.802183502522861	0.262	0.224	9.20729670605344e-09	VSIR	c11
8.60797451873421e-118	0.8012121433313	0.694	0.584	3.15060475360191e-113	PNRC1	c11
1.15670244565134e-68	0.800445898942144	0.396	0.257	4.23364662132848e-64	STK17A	c11
5.32346274135097e-09	0.795001820465815	0.104	0.074	0.000194844059796187	MEI1	c11
1.65428514369088e-41	0.792348752942203	0.208	0.119	6.054849054423e-37	P2RY8	c11
1.62979241522317e-23	0.791933816073558	0.208	0.142	5.96520321895834e-19	ARHGAP45	c11
2.66441156686288e-11	0.79161506564865	0.05	0.027	9.75201277587482e-07	SIDT1	c11
2.1098806544114e-101	0.790850397248049	0.641	0.539	7.72237418321118e-97	JAK1	c11
1.17679482784617e-35	0.79057996396238	0.37	0.289	4.30718674939977e-31	KIF2A	c11
2.14640856003696e-29	0.789280861133766	0.385	0.328	7.85606997059128e-25	WIPF1	c11
8.38342967695577e-12	0.789063149398975	0.107	0.073	3.06841909606258e-07	NLRC5	c11
5.37240381157384e-76	0.786298638639155	0.603	0.542	1.96635351907414e-71	HNRNPDL	c11
1.28544240842895e-39	0.780985144421979	0.464	0.412	4.7048477590908e-35	MBP	c11
1.12444797229565e-22	0.779420263178727	0.158	0.099	4.11559202339931e-18	LY9	c11
3.03343410010211e-09	0.774255141940779	0.311	0.302	0.000111026721497837	KRT10	c11
1.19433895836696e-35	0.774193866490337	0.219	0.135	4.3714000215189e-31	RASAL3	c11
2.22072717454442e-46	0.773823674564742	0.542	0.527	8.12808353155002e-42	PSMB10	c11
4.26558333976703e-09	0.773223328823201	0.041	0.023	0.000156124615818813	TNIP3	c11
0	0.770891281491037	1	0.967	0	HLA-B	c11
0	0.769681572001756	0.996	0.936	0	PFN1	c11
6.65903364701686e-08	0.768526400489358	0.098	0.15	0.00243727290514464	PTRH1	c11
5.54443475404394e-301	0.765385609445727	0.969	0.855	2.02931856432762e-296	CALM1	c11
2.81704271000772e-28	0.764788083441894	0.171	0.102	1.03106580228993e-23	GRAP2	c11
0	0.764338088850103	0.977	0.85	0	RPL23A	c11
4.26970934359542e-09	0.764079057407789	0.323	0.32	0.000156275631684936	TNFRSF14	c11
2.24289525796301e-69	0.761984058474637	0.611	0.573	8.20922093367043e-65	RBM3	c11
2.60487998548321e-07	0.760872586733955	0.341	0.358	0.0095341212348671	UBE2V1	c11
1.61233275053946e-31	0.760711700952484	0.464	0.441	5.90129910024948e-27	HLA-F	c11
6.58451251620919e-07	0.760300680798343	0.045	0.075	0.0240999742605773	NTHL1	c11
1.06992414987858e-10	0.757477976419131	0.313	0.298	3.91602938097059e-06	MED10	c11
6.88673384064056e-08	0.756900940436476	0.214	0.188	0.00252061345301285	TES	c11
2.37941795891853e-45	0.753064176470853	0.276	0.171	8.70890767143772e-41	FCMR	c11
3.16069888705013e-10	0.750906093857242	0.243	0.212	1.15684739964922e-05	HMGB2	c11
9.63737050490651e-07	0.749992021838102	0.277	0.268	0.0352737397850083	PDCD4	c11
3.0057384812075e-145	0.748103955235594	0.744	0.555	1.10013034150676e-140	RPS4Y1	c11
0	0.747116001247457	1	0.958	0	HLA-C	c11
0	0.744755903323123	0.957	0.868	0	HLA-E	c11
3.58142969153054e-09	0.741039961334534	0.264	0.241	0.000131083908139709	CDC42SE1	c11
2.62928738316322e-55	0.736757659068172	0.282	0.163	9.62345475111569e-51	CLEC2D	c11
2.88359620987011e-28	0.735802991641207	0.292	0.216	1.05542504877456e-23	SH3KBP1	c11
8.8910268809249e-172	0.734013291093561	0.826	0.723	3.25420474868732e-167	PSME1	c11
2.33875275172712e-07	0.732125864668899	0.23	0.209	0.00856006894659645	TAP1	c11
1.12537331481173e-68	0.730684350472864	0.643	0.59	4.11897886954242e-64	CALR	c11
2.56320059253763e-17	0.728115109108984	0.402	0.395	9.38157048874698e-13	TERF2IP	c11
9.06198711999615e-08	0.7246180123038	0.312	0.309	0.00331677790578979	LSM14A	c11
1.10378859606106e-48	0.724238300705805	0.302	0.188	4.03997664044308e-44	EMB	c11
7.33784891361659e-08	0.714698839145662	0.059	0.038	0.00268572608087281	TMEM71	c11
2.95556898207818e-12	0.713616184198419	0.399	0.415	1.08176780313044e-07	RALY	c11
2.69243659263328e-99	0.711153294403004	0.813	0.766	9.85458717269708e-95	RPS26	c11
2.04731907095301e-10	0.710489102032401	0.129	0.094	7.4933925315951e-06	ERN1	c11
0	0.707078963958907	0.999	0.927	0	RPS15A	c11
0	0.70678127229252	0.999	0.92	0	RPS27	c11
8.88569484815215e-10	0.703408209368939	0.245	0.212	3.25225317137217e-05	IL16	c11
2.1836796174304e-12	0.702983194080246	0.212	0.171	7.992485767757e-08	TNFRSF1B	c11
1.60716804259221e-22	0.70238217759233	0.47	0.477	5.88239575269175e-18	ARPC4	c11
1.47719673843109e-10	0.700088620717917	0.174	0.136	5.40668778233162e-06	AC004687.1	c11
4.62229178259278e-07	0.699738811806337	0.073	0.113	0.0169180501534678	CISD1	c11
0	0.697365873742745	0.994	0.905	0	SH3BGRL3	c11
4.99807174039484e-71	0.693751897814668	0.642	0.596	1.82934423770192e-66	GUK1	c11
2.66710544072736e-282	0.692865793506542	0.978	0.854	9.76187262360621e-278	RPL21	c11
6.81478235759563e-16	0.688959672909002	0.412	0.413	2.49427849070358e-11	WAS	c11
1.28189145537719e-16	0.688864053094248	0.247	0.195	4.69185091582607e-12	CDC42SE2	c11
1.26173331206535e-60	0.686679755041185	0.588	0.514	4.6180700954904e-56	SRSF5	c11
3.72873121948139e-15	0.685266608691902	0.241	0.193	1.36475291364238e-10	UTRN	c11
1.44812916956323e-20	0.682903357978767	0.466	0.476	5.30029757351839e-16	RAP1B	c11
9.23751179706887e-236	0.681889644238049	0.948	0.823	3.38102169284518e-231	EEF1D	c11
6.57358726208768e-75	0.681059289990832	0.661	0.614	2.40599867379671e-70	SSR2	c11
1.58612703020535e-88	0.680746125362311	0.69	0.637	5.80538354325461e-84	SNRPD2	c11
1.19766795380016e-06	0.680091791312577	0.077	0.116	0.0438358447770395	DTNBP1	c11
6.60945211260888e-34	0.678571781145994	0.532	0.531	2.41912556773598e-29	PSMB8	c11
4.33246238735821e-09	0.676243113429593	0.345	0.344	0.000158572455839698	C9orf78	c11
0	0.675712735706741	1	0.93	0	RPS19	c11
2.10680266557094e-17	0.6734267301477	0.316	0.27	7.71110843625621e-13	PIK3R1	c11
1.94266682078267e-129	0.672738688608522	0.799	0.723	7.11035483074664e-125	RPL27A	c11
5.31107467160871e-166	0.671095332908436	0.874	0.79	1.9439064405555e-161	UBC	c11
1.89319744144669e-32	0.668515346974827	0.452	0.389	6.92929195543904e-28	SEPTIN6	c11
5.79288987668066e-41	0.666922755508707	0.562	0.545	2.12025562376389e-36	MSN	c11
8.60705327599974e-56	0.665569926952416	0.607	0.584	3.15026756954866e-51	TRIR	c11
3.93170406262486e-106	0.663749345656875	0.759	0.68	1.43904300396132e-101	PPIB	c11
7.98200486982535e-08	0.659816417397646	0.038	0.068	0.00292149360240478	CTNNBIP1	c11
1.60507431930492e-81	0.657375220600704	0.692	0.635	5.87473251608795e-77	SSR4	c11
2.23390221530574e-285	0.654823220466719	0.995	0.895	8.17630549824055e-281	RPL3	c11
6.69577730837443e-12	0.653989080463131	0.414	0.435	2.45072145263813e-07	DHRS7	c11
1.43805759920756e-96	0.652133121569325	0.602	0.391	5.26343461885961e-92	CD48	c11
1.29008118674839e-07	0.651807254376446	0.088	0.135	0.00472182615161778	TRIAP1	c11
7.5240483958821e-43	0.651066092952209	0.557	0.531	2.75387695337681e-38	DAZAP2	c11
1.3268739963702e-10	0.650693766252531	0.133	0.097	4.85649151411456e-06	ARAP2	c11
4.32357175715627e-225	0.649451356955317	0.941	0.841	1.58247049883677e-220	ARHGDIB	c11
1.65385587029654e-08	0.648701588977845	0.325	0.321	0.000605327787087238	OPTN	c11
0	0.64453021358765	0.999	0.904	0	RPL26	c11
8.48621045220061e-09	0.642791095655086	0.065	0.041	0.000310603788760995	TSPAN5	c11
5.3438617259233e-20	0.640995743506834	0.389	0.352	1.95590683030519e-15	EPC1	c11
2.48313549998081e-62	0.639937511123005	0.389	0.246	9.08852424347978e-58	ACAP1	c11
1.06973557728643e-08	0.639538654402355	0.119	0.181	0.000391533918642607	MRPL47	c11
1.85653066795053e-281	0.637737398813586	0.996	0.899	6.79508789776573e-277	RPS7	c11
1.32026080318538e-275	0.636221928853651	0.998	0.917	4.8322865657388e-271	RPS3	c11
1.92799462802375e-70	0.633764955746532	0.67	0.644	7.05665313802973e-66	YWHAZ	c11
9.82026258426802e-72	0.632532629150884	0.619	0.489	3.59431430846794e-67	C12orf57	c11
6.28334440791552e-09	0.632188471966679	0.129	0.197	0.000229976688674116	RAB9A	c11
5.34171396822834e-38	0.624446326943184	0.285	0.185	1.95512072951126e-33	TRAC	c11
9.37162111139402e-07	0.623530307365777	0.105	0.079	0.0343010704298133	PARP15	c11
9.21199422053653e-14	0.621871851039129	0.304	0.269	3.37168200465857e-09	DDX6	c11
1.69449708587483e-07	0.621245572681241	0.081	0.125	0.00620202878401047	STK16	c11
2.44434628772137e-07	0.620441270750258	0.416	0.466	0.008946551847689	SF3B5	c11
3.43915840270171e-08	0.620350849762116	0.388	0.415	0.00125876636697285	SPN	c11
6.9301767585309e-07	0.617852223053532	0.086	0.129	0.0253651399538989	WDR18	c11
2.55509619920885e-187	0.616913637387074	0.917	0.832	9.3519075987243e-183	H3F3B	c11
4.82251247745393e-23	0.616727953747564	0.498	0.503	1.76508779187291e-18	HNRNPA3	c11
5.98650317170809e-23	0.615225813033345	0.235	0.165	2.19112002587688e-18	ETS1	c11
3.01655342485465e-33	0.612758290583632	0.207	0.125	1.10408871903105e-28	TC2N	c11
2.54657080408354e-13	0.611777765484065	0.195	0.149	9.32070380002617e-09	PARP8	c11
1.80136973364788e-08	0.611516803504999	0.318	0.302	0.00065931933621246	PRDX2	c11
3.65040314940832e-07	0.600358671350239	0.295	0.282	0.0133608405671494	GIMAP1	c11
4.76575616945533e-69	0.598609588054616	0.693	0.659	1.74431441558235e-64	GPSM3	c11
2.2384656947394e-14	0.596629053456228	0.098	0.06	8.19300828931568e-10	PRKCQ	c11
4.33809706246399e-61	0.595565043629895	0.654	0.629	1.58778690583244e-56	CAPZB	c11
3.13038967741191e-08	0.595141385295971	0.026	0.053	0.00114575392582953	RNF187	c11
7.54988253853446e-07	0.593437808210975	0.055	0.087	0.02763332507929	BCL7C	c11
2.46322411603752e-17	0.593216226440211	0.129	0.081	9.01564658710892e-13	STAT4	c11
0	0.590290375201614	1	0.993	0	B2M	c11
8.43053460825615e-179	0.589923316188712	0.821	0.731	3.08565997196783e-174	PTPRC	c11
1.85031041426164e-27	0.589808655455352	0.274	0.191	6.77232114723904e-23	TUBA4A	c11
9.83523298254982e-07	0.585906525955137	0.211	0.305	0.0359979362394306	GET3	c11
2.50378441897177e-35	0.584618975708384	0.539	0.52	9.16410135187858e-31	PDIA3	c11
3.74772630451407e-09	0.584335237089411	0.155	0.119	0.00013717053047152	ANXA2R	c11
1.84167589600876e-27	0.583018045655999	0.347	0.265	6.74071794698166e-23	GIMAP5	c11
3.30515293721517e-07	0.581587039627619	0.081	0.057	0.0120971902655012	ST8SIA4	c11
4.51014592101038e-77	0.58059973259753	0.391	0.232	1.65075850854901e-72	ITGA4	c11
1.74108181703106e-09	0.574131795314138	0.102	0.162	6.37253355851537e-05	STARD3NL	c11
4.46504969588952e-11	0.573766081525297	0.076	0.047	1.63425283919252e-06	SLC16A7	c11
2.64155451820395e-07	0.570448289132311	0.102	0.152	0.00966835369207827	UROS	c11
2.92232320482177e-22	0.567026009003659	0.457	0.432	1.06959951619682e-17	PRMT2	c11
4.06504507325971e-09	0.566922352792846	0.061	0.103	0.000148784714726379	ERAL1	c11
6.35149389239781e-07	0.565567950288285	0.027	0.051	0.0232471027955652	RIDA	c11
4.57518296278475e-08	0.562769347230776	0.175	0.144	0.00167456271620885	LBR	c11
1.50096683419265e-07	0.562327073328663	0.045	0.077	0.00549368870982852	TMEM9	c11
1.122646245664e-251	0.560966718902608	0.994	0.91	4.10899752375479e-247	RPL7A	c11
3.71216477339776e-26	0.55916968094299	0.227	0.153	1.35868942871131e-21	ATP2B4	c11
1.84614148057863e-09	0.557267917092847	0.449	0.495	6.75706243306584e-05	ATP5IF1	c11
7.49202451416604e-23	0.556917200148895	0.541	0.568	2.74215589242991e-18	EIF3G	c11
4.35209904273394e-07	0.556538159741458	0.175	0.251	0.0159291177063105	MCRIP1	c11
1.55492257047199e-189	0.556159115422253	0.963	0.85	5.69117210018452e-185	RPL35	c11
2.20262315722807e-186	0.555138569297907	0.979	0.885	8.06182101777046e-182	CFL1	c11
8.13657450963384e-07	0.5546508589418	0.058	0.092	0.0297806763627108	FAM207A	c11
7.7915533868882e-78	0.553477384270194	0.72	0.672	2.85178645513495e-73	TMA7	c11
1.43475825420647e-14	0.553039345791688	0.472	0.503	5.2513586862211e-10	NDUFB10	c11
5.06093145430902e-55	0.552187381301645	0.677	0.661	1.85235152159164e-50	DDX5	c11
5.03239803897768e-232	0.550825640101176	0.998	0.926	1.84190800624622e-227	RPS27A	c11
3.26913398588535e-08	0.550587819015059	0.08	0.125	0.0011965357301739	MLST8	c11
1.34341135745223e-08	0.549120315211928	0.03	0.06	0.00049170199094109	MAP1LC3A	c11
4.07393880135965e-37	0.549114892366312	0.554	0.492	1.49110234068565e-32	JUNB	c11
1.22925629856436e-48	0.548790797787686	0.628	0.6	4.49920097837543e-44	CIRBP	c11
4.47001778574878e-131	0.548393610871346	0.882	0.78	1.63607120976191e-126	EMP3	c11
1.46472812144519e-22	0.54755283890019	0.506	0.515	5.36105139730153e-18	SF3B2	c11
8.1360210312175e-11	0.546878820144814	0.095	0.155	2.97786505763592e-06	NME4	c11
4.06159953406693e-29	0.545571324534567	0.565	0.578	1.48658604546384e-24	HCLS1	c11
6.48980391033674e-15	0.543278090659251	0.246	0.192	2.37533312922235e-10	OCIAD2	c11
4.94526061617878e-07	0.542572834389845	0.154	0.221	0.0181001483812759	STX8	c11
7.82785678613183e-07	0.542252023147226	0.129	0.186	0.0286507386229211	TAF12	c11
2.35757604578419e-10	0.538677973002403	0.117	0.184	8.6289640851747e-06	TAPBPL	c11
3.18253068937256e-28	0.538053151762738	0.545	0.558	1.16483805761725e-23	CD53	c11
7.23855308031448e-223	0.538006773096344	0.991	0.894	2.6493828129259e-218	RPL6	c11
3.41330870421691e-08	0.535874794063256	0.054	0.091	0.00124930511883043	FAM210A	c11
4.16071104214374e-13	0.535316365372396	0.094	0.161	1.52286184853503e-08	PDZD11	c11
7.48909748079326e-18	0.535313235811781	0.152	0.099	2.74108456894514e-13	PTPN7	c11
5.7887469234674e-168	0.534694605201189	0.93	0.819	2.1187392614583e-163	RPL36A	c11
3.90946630844163e-09	0.534633495595457	0.096	0.15	0.000143090376355272	POLDIP2	c11
2.26725761902154e-31	0.534242859560552	0.307	0.212	8.29838961138073e-27	ITM2A	c11
6.63539071109042e-240	0.533965940232424	0.997	0.919	2.42861935416621e-235	RPS15	c11
1.05014381157675e-06	0.532387156516708	0.421	0.462	0.0384363136475208	EIF5A	c11
3.96988391840904e-116	0.531644292081201	0.863	0.78	1.45301721297689e-111	RPL36AL	c11
2.76862492994641e-07	0.531002892000875	0.06	0.096	0.0101334441060969	MIDN	c11
5.61106059810688e-08	0.52765283869757	0.19	0.279	0.0020537042895131	EMC6	c11
1.88232448178429e-246	0.526139562972999	0.999	0.929	6.88949583577869e-242	RPS14	c11
1.52444757429452e-173	0.525463652432879	0.953	0.833	5.57963056667536e-169	RPL37A	c11
2.57930121522914e-09	0.525071185059684	0.037	0.071	9.44050037786018e-05	RNASEH2A	c11
1.24642089941681e-08	0.524823457677078	0.437	0.476	0.000456202513395548	SRRM1	c11
8.65423361634903e-241	0.524184598955547	0.992	0.909	3.16753604591991e-236	RPS24	c11
7.31657988723393e-07	0.52367455087714	0.152	0.218	0.0267794140452649	RAB4B	c11
3.11825353136401e-07	0.521365957482989	0.106	0.157	0.0114131197501454	ADIPOR2	c11
4.87662864285332e-19	0.519023343960033	0.479	0.456	1.78489484957074e-14	CNN2	c11
2.04459445618043e-10	0.518504538379566	0.457	0.494	7.48342016906599e-06	RABAC1	c11
1.45185589775014e-07	0.518061748790483	0.023	0.047	0.00531393777135527	SPSB2	c11
3.59320585091942e-195	0.517477603964113	0.973	0.871	1.31514927349502e-190	RPL13A	c11
4.84672587068199e-17	0.517037141031618	0.246	0.189	1.77395013592831e-12	GBP5	c11
1.44207822879489e-119	0.516554477621768	0.86	0.763	5.27815052521216e-115	RPL31	c11
7.21681274145836e-09	0.514819733986073	0.101	0.157	0.000264142563150117	RPUSD3	c11
3.89608812875396e-235	0.514336492928525	1	0.961	1.42600721600524e-230	RPL41	c11
4.94900467933693e-08	0.513695254137011	0.137	0.203	0.00181138520268411	DNPEP	c11
1.14814739168212e-13	0.513659464850662	0.3	0.254	4.20233426829572e-09	HIST1H1E	c11
2.91036766240965e-11	0.513479339585275	0.155	0.243	1.06522366811855e-06	MIF4GD	c11
2.42001424381327e-162	0.513302552017991	0.977	0.861	8.85749413378095e-158	RPS2	c11
2.67915501579746e-20	0.512161386843737	0.212	0.142	9.80597527332027e-16	PTPRCAP	c11
3.92281305182967e-25	0.512016387888767	0.557	0.575	1.43578880510018e-20	KRTCAP2	c11
7.31550720602105e-74	0.5114697233571	0.749	0.698	2.67754879247576e-69	HNRNPA1	c11
4.67544211480549e-10	0.509353777922062	0.073	0.123	1.71125856843996e-05	MED19	c11
1.61874244081661e-12	0.508936359055955	0.075	0.133	5.92475920763288e-08	SERTAD1	c11
3.90040056509591e-08	0.508557787134576	0.46	0.509	0.00142758561083075	EID1	c11
3.12008684783107e-07	0.507936297175567	0.044	0.074	0.0114198298717465	AGPAT4	c11
4.69903499237959e-10	0.507620476684331	0.308	0.28	1.71989379756085e-05	ARHGEF1	c11
3.7104215345444e-11	0.506933527873662	0.25	0.21	1.3580513858586e-06	TNFAIP3	c11
9.2642593883777e-08	0.506870684845672	0.112	0.167	0.00339081157874012	MCRS1	c11
5.82111069631521e-09	0.506713377051955	0.154	0.23	0.000213058472595833	SHARPIN	c11
4.57891054166277e-18	0.506662566969646	0.457	0.45	1.67592704735399e-13	RBM39	c11
2.43430561719871e-122	0.506509044157934	0.886	0.782	8.90980198950898e-118	RPL27	c11
1.09294401072256e-177	0.506005155387044	0.998	0.981	4.00028437364565e-173	ACTB	c11
2.08122996066218e-07	0.504598290422446	0.182	0.261	0.00761750977901965	THOC7	c11
1.0483368874145e-08	0.503368190946185	0.102	0.157	0.00038370178416258	CEBPZOS	c11
2.85305960329954e-09	0.50328319090016	0.092	0.145	0.000104424834540367	ISCA1	c11
9.20919174523171e-13	0.502107342471023	0.097	0.165	3.37065627067226e-08	ELP5	c11
1.20522655043236e-07	0.501690249323217	0.254	0.226	0.00441124969723748	ADD3	c11
3.23022828147874e-07	0.501436825845204	0.066	0.103	0.0118229585330403	TWISTNB	c11
1.63380305681042e-65	0.501175014133947	0.736	0.708	5.9798825682318e-61	TPM3	c11
1.76523629834153e-08	0.499168059530155	0.101	0.154	0.000646094137555982	PFDN4	c11
7.09283984425147e-07	0.498370416119048	0.281	0.264	0.0259605031139448	IKZF1	c11
2.4346031680401e-07	0.496349186278066	0.032	0.058	0.00891089105534356	DNAL4	c11
5.29594605209468e-08	0.494635759653462	0.123	0.183	0.00193836921452717	ALDH9A1	c11
4.11488806709271e-20	0.49316316663385	0.131	0.079	1.5060901814366e-15	GPR174	c11
1.98135625067856e-208	0.492250202515343	0.997	0.916	7.25196201310859e-204	RPS18	c11
8.01298823745914e-26	0.490687040501614	0.546	0.54	2.93283382479242e-21	ARL6IP1	c11
3.68909019371539e-09	0.488627845198449	0.461	0.512	0.000135024390180177	TRAPPC1	c11
1.10884326683321e-85	0.488219473968858	0.836	0.694	4.05847724093624e-81	SRGN	c11
1.82517513256827e-89	0.488058694351539	0.818	0.744	6.68032350271312e-85	MYL12B	c11
2.27275972439727e-11	0.486597165349789	0.094	0.155	8.31852786726646e-07	IFT20	c11
1.53989800886235e-10	0.483236831813318	0.106	0.072	5.63618070223708e-06	NLRC3	c11
5.15838417419239e-08	0.481825546247853	0.103	0.156	0.00188802019159616	SLC52A2	c11
7.19111525934947e-07	0.481216233328769	0.077	0.116	0.026320200960745	KEAP1	c11
3.04896962234358e-11	0.481086199934715	0.033	0.07	1.11595337147397e-06	CTSF	c11
1.72964533174906e-08	0.480762253153064	0.083	0.131	0.000633067487873473	WDR46	c11
1.98122251964004e-43	0.476669142555096	0.707	0.65	7.25147254413449e-39	LY6E	c11
1.83497387919683e-168	0.475739422300938	0.976	0.872	6.71618789524831e-164	RPL17	c11
5.61196786888642e-11	0.474147879199946	0.162	0.253	2.05403635969112e-06	G6PD	c11
2.11045096629851e-11	0.472407078325934	0.153	0.239	7.72446158174917e-07	STOML2	c11
4.04006894309719e-07	0.470898558611099	0.118	0.171	0.01478705633863	UBN1	c11
1.9699081606841e-07	0.47043477767443	0.082	0.125	0.00721006085891987	BRD3	c11
2.15069582102717e-07	0.469745507250612	0.156	0.226	0.00787176177454154	FLOT2	c11
8.68198388119095e-08	0.46922570499358	0.064	0.102	0.0031776929203547	KAT5	c11
5.46256802861733e-30	0.468090635243004	0.603	0.612	1.99935452415423e-25	EDF1	c11
3.37199342421012e-07	0.467891453600288	0.21	0.301	0.0123418331319515	PSMC4	c11
1.78945982726302e-113	0.467474066949383	0.926	0.836	6.54960191376538e-109	MYL12A	c11
1.21513756595063e-06	0.467391891535968	0.152	0.215	0.0444752500513592	BUD23	c11
1.03047030219406e-36	0.467082080195427	0.644	0.64	3.77162435306047e-32	EIF3F	c11
1.91721476864009e-08	0.46685236705686	0.071	0.114	0.000701719777469961	CCDC22	c11
2.18664475486154e-10	0.465267056383398	0.122	0.191	8.00333846726873e-06	ZNF511	c11
5.97913702381539e-72	0.465148669321868	0.774	0.69	2.18842394208667e-67	BTG1	c11
4.06742512204015e-17	0.465071750414468	0.19	0.133	1.48871826891791e-12	SLC38A1	c11
1.23339275449148e-06	0.4643747972749	0.115	0.165	0.0451434082071428	NAA50	c11
7.22201548801703e-169	0.462844544761702	0.982	0.869	2.64332988876911e-164	RPSA	c11
2.27595403628468e-09	0.462829677428569	0.051	0.09	8.33021936820554e-05	TMEM115	c11
3.29229823313339e-08	0.462337508855021	0.062	0.102	0.00120501407630915	DDX19B	c11
5.31277480110268e-15	0.461777936543624	0.123	0.209	1.94452870495159e-10	ZDHHC24	c11
3.41058242336164e-35	0.460687054048377	0.297	0.196	1.24830727277459e-30	LINC00861	c11
2.53694711819074e-11	0.460463826300002	0.106	0.172	9.28548014728993e-07	ZNF32	c11
1.84030848868354e-171	0.46019942315501	0.995	0.885	6.73571309943062e-167	RPL35A	c11
1.64019032739745e-10	0.459000380359058	0.471	0.51	6.0032606173074e-06	ARHGDIA	c11
1.16479760795257e-07	0.457768940638806	0.427	0.463	0.0042632757248672	APBB1IP	c11
3.57661874244007e-184	0.457390555334086	0.997	0.915	1.30907822592049e-179	RPL34	c11
5.68004313254686e-185	0.457087847877971	0.997	0.913	2.07895258694348e-180	RPL18A	c11
5.95978082510446e-07	0.455918902185511	0.129	0.186	0.0218133937979648	PEF1	c11
2.70190953098663e-101	0.45578435547819	0.587	0.36	9.88925907436416e-97	CD2	c11
2.4443178721018e-08	0.454359006522879	0.088	0.136	0.000894644784367979	PDE6D	c11
7.69042871122966e-195	0.454289376719589	1	0.946	2.81477381259717e-190	RPS12	c11
1.16565449968587e-182	0.452451571959231	0.984	0.885	4.26641203430027e-178	RPL37	c11
3.79582597833988e-14	0.451293208572112	0.094	0.165	1.38931026633218e-09	ZNF622	c11
3.19646121995736e-08	0.450855636671809	0.192	0.281	0.00116993677111659	POLR2F	c11
1.58133424319537e-08	0.449997695036097	0.145	0.215	0.000578784146351936	SLU7	c11
9.57642921890903e-10	0.448539786717488	0.074	0.123	3.50506885841289e-05	PTGES2	c11
2.17397866544863e-07	0.448360613318076	0.105	0.156	0.00795697931340853	MAZ	c11
4.48542312552764e-07	0.447164693953658	0.093	0.138	0.0164170971817437	PAFAH1B3	c11
1.58331345501673e-09	0.446904708818989	0.127	0.194	5.79508557670672e-05	IDH3B	c11
3.02047884838027e-14	0.446015233189678	0.116	0.196	1.10552546329566e-09	BOLA3	c11
4.29831037969344e-11	0.445780558725278	0.194	0.298	1.5732245820716e-06	UBE2F	c11
2.01327811398105e-07	0.445213168998345	0.075	0.116	0.00736879922498203	PANK2	c11
1.54039054806738e-179	0.444652893660093	0.989	0.897	5.63798344498142e-175	RPLP2	c11
4.28254310522977e-07	0.443032768477147	0.055	0.088	0.0156745360194515	MGAT2	c11
2.35764685032301e-11	0.442788724733403	0.129	0.204	8.62922323686726e-07	TUSC2	c11
7.49721654435005e-08	0.439461236958648	0.155	0.226	0.00274405622739756	SLC66A3	c11
2.82385585213564e-07	0.438484123234428	0.07	0.109	0.0103355948044017	ZNF580	c11
1.12196487427595e-07	0.437953360368073	0.485	0.544	0.00410650363633742	UXT	c11
3.50950752647568e-11	0.437668232027978	0.419	0.415	1.28451484976536e-06	ARGLU1	c11
1.23344023242361e-08	0.437181330430003	0.129	0.193	0.000451451459469364	PHF5A	c11
7.8469989180406e-11	0.435910354499023	0.119	0.188	2.87208007399204e-06	BRMS1	c11
7.28017520818439e-174	0.434787967448065	0.994	0.906	2.66461692794757e-169	RPL14	c11
2.22275176573829e-179	0.434463262659878	0.99	0.888	8.13549373777872e-175	RPS6	c11
1.65991374312594e-10	0.433854359407517	0.19	0.291	6.07545029121525e-06	IDH3G	c11
4.106845004211e-10	0.433780218716567	0.101	0.16	1.50314633999127e-05	TP53TG1	c11
9.8229781172762e-28	0.430934951382778	0.613	0.6	3.59530822070426e-23	NOP53	c11
1.58537197478855e-26	0.430644310168991	0.596	0.605	5.80261996492358e-22	NCL	c11
1.40993627820453e-12	0.429905900129924	0.102	0.17	5.16050777185641e-08	MRPS11	c11
1.66712364960233e-08	0.429724570312511	0.228	0.193	0.000610183926990947	EPB41	c11
3.6417521671477e-12	0.429294535721178	0.107	0.176	1.33291771069773e-07	GLRX3	c11
6.30224371943465e-08	0.429191141603977	0.129	0.19	0.00230668422375028	TSTA3	c11
6.84940091191684e-08	0.428789269915915	0.197	0.286	0.00250694922777068	BUD31	c11
2.69375263550276e-07	0.426213087048706	0.157	0.225	0.00985940402120365	DNAJC19	c11
1.26976636935293e-07	0.426145933809927	0.085	0.13	0.00464747188846865	DRG2	c11
3.30437357701559e-09	0.425505992688303	0.081	0.13	0.000120943377292348	RWDD4	c11
1.67683809033961e-139	0.425452139000226	0.963	0.85	6.13739509445199e-135	RPL10A	c11
8.02366090831411e-10	0.42424675536348	0.069	0.116	2.93674012905205e-05	NKAPD1	c11
1.38248777669307e-75	0.424234581494309	0.825	0.754	5.06004351147432e-71	RPS11	c11
5.20342343200049e-15	0.424175448357858	0.074	0.139	1.9045050103465e-10	EMC8	c11
2.28522663165987e-167	0.424150656058766	0.999	0.959	8.3641579945383e-163	RPL10	c11
1.42995530150902e-11	0.42299775736016	0.184	0.138	5.23377939905316e-07	CD5	c11
5.84975441548504e-19	0.422544526488173	0.576	0.607	2.14106861361168e-14	APRT	c11
1.7694694701128e-12	0.42239102481468	0.174	0.273	6.47643520755986e-08	SPAG7	c11
2.67184525771624e-08	0.42201277658774	0.164	0.241	0.000977922082776721	EGLN2	c11
2.78859863708104e-14	0.420737684477459	0.13	0.216	1.02065498715803e-09	PFDN6	c11
9.71428628001841e-07	0.420433835340779	0.051	0.082	0.0355552592134954	VAMP7	c11
1.78926942362414e-61	0.420361089033066	0.857	0.782	6.54890501740673e-57	ARPC2	c11
6.2159874321586e-07	0.420324045297811	0.125	0.18	0.0227511356004437	UBE2J2	c11
5.69076717956607e-12	0.419526765075117	0.06	0.109	2.08287769539298e-07	EIF2B2	c11
1.70947929839176e-07	0.419169980025112	0.14	0.203	0.00625686518004366	TIMM17B	c11
3.02617054890608e-139	0.417861730561404	0.975	0.871	1.10760868260511e-134	NACA	c11
2.6820006130231e-07	0.41755895140658	0.016	0.037	0.00981639044372586	KHK	c11
9.88295396084459e-08	0.417006975190188	0.028	0.054	0.00361725997920873	SMPD2	c11
1.31088896155011e-13	0.416487304193583	0.119	0.199	4.79798468816956e-09	CZIB	c11
2.44772487413334e-189	0.416237390680737	0.995	0.906	8.95891781181544e-185	RPS4X	c11
1.24744883987277e-07	0.416122742788147	0.161	0.233	0.00456578749881831	FRG1	c11
3.70095057763827e-24	0.416053382280686	0.636	0.624	1.35458492092138e-19	PSME2	c11
7.23779240015677e-10	0.415705558918206	0.198	0.299	2.64910439638138e-05	UFD1	c11
2.6751282428398e-14	0.414982799907375	0.083	0.149	9.79123688161793e-10	RUVBL2	c11
1.75057040918179e-11	0.414382833201153	0.15	0.234	6.40726275464627e-07	FAM32A	c11
2.16847371158504e-10	0.413920591215711	0.198	0.301	7.93683063177241e-06	COPZ1	c11
2.78563265298088e-07	0.413890429455515	0.197	0.283	0.0101956940731753	STUB1	c11
7.72470944573219e-24	0.412657746884358	0.608	0.629	2.82732090423244e-19	CNBP	c11
1.65298051935285e-09	0.41246314311751	0.11	0.17	6.05007399888338e-05	LSM12	c11
4.33356103832355e-14	0.411624525156697	0.074	0.135	1.5861266756368e-09	ERI3	c11
4.23246455258395e-10	0.410666217132643	0.17	0.258	1.54912435089125e-05	RBM42	c11
1.45730905843922e-09	0.410379637756485	0.216	0.322	5.33389688479338e-05	FAM174C	c11
9.00833721488869e-10	0.409281541118956	0.508	0.558	3.29714150402141e-05	NDUFB11	c11
1.06526399085454e-183	0.408738409283472	0.998	0.919	3.8989727329267e-179	RPS3A	c11
6.38669833796844e-09	0.408712262557286	0.077	0.124	0.000233759545867983	DMAC2L	c11
8.51795103281649e-14	0.408566579958324	0.133	0.219	3.11765525752116e-09	MRPL21	c11
5.44533581362236e-07	0.407513519593022	0.092	0.136	0.0199304736114392	MOB3A	c11
9.97265336745322e-179	0.405951403054039	0.998	0.927	3.65009085902155e-174	RPL19	c11
6.00053630790527e-10	0.40579842910366	0.153	0.233	2.19625629405641e-05	ZFAND6	c11
3.21140774380685e-73	0.404969029503043	0.396	0.236	1.17540734831074e-68	SYNE2	c11
1.75717181865404e-42	0.404472097966869	0.435	0.302	6.43142457345565e-38	TRAF3IP3	c11
1.40293421679427e-10	0.40443336459151	0.102	0.164	5.13487952688871e-06	PPIE	c11
1.66369240220718e-07	0.403709699708895	0.034	0.062	0.00608928056131851	GIPC1	c11
6.39467834026855e-07	0.402498892020697	0.112	0.163	0.0234051621932169	DDB1	c11
1.17425854349681e-06	0.401884838159583	0.128	0.182	0.0429790369505267	XPA	c11
4.96568928022939e-12	0.400492297217771	0.125	0.201	1.81749193345676e-07	FKBP3	c11
6.55191100778461e-09	0.400120896373339	0.138	0.206	0.000239806494795925	WASHC1	c11
1.71885496247599e-08	0.399744226783669	0.209	0.302	0.000629118104815835	ICAM2	c11
6.60340751342069e-37	0.399539732146918	0.645	0.612	2.41691318398711e-32	PCED1B-AS1	c11
5.04964427633959e-12	0.399046214254003	0.119	0.192	1.84822030158305e-07	PAGR1	c11
1.08826535915511e-12	0.39792171743789	0.151	0.24	3.98316004104361e-08	RNF5	c11
3.48793048173841e-150	0.397744626332018	0.995	0.908	1.27661743562107e-145	FAU	c11
1.84498599538179e-09	0.397681979886281	0.217	0.323	6.75283324169689e-05	PPP1R7	c11
2.44894118525314e-12	0.39739315392386	0.047	0.093	8.963369632145e-08	UQCRHL	c11
9.3887100914138e-08	0.395686042840534	0.207	0.299	0.00343636178055836	CHMP4A	c11
1.27128355562993e-07	0.395620360894238	0.104	0.154	0.00465302494196111	TNIP2	c11
1.35589845818118e-118	0.39557662883369	0.946	0.843	4.96272394678894e-114	RPL24	c11
1.4871678511479e-07	0.395519941424371	0.088	0.133	0.00544318305198644	NSMCE4A	c11
2.34146427343934e-08	0.395453610981368	0.08	0.125	0.000856999338721534	STK25	c11
6.45923241103548e-08	0.395173297220978	0.036	0.065	0.0023641436547631	HPS6	c11
1.15206912265901e-07	0.394981366422982	0.091	0.138	0.00421668819584426	TSN	c11
1.03995962292179e-31	0.39484979201413	0.371	0.266	3.80635621585605e-27	SPOCK2	c11
4.04662607093788e-164	0.394624015926486	1	0.947	1.48110560822397e-159	RPL13	c11
1.09279633918407e-06	0.394055728836159	0.207	0.293	0.039997438810476	UBE2N	c11
1.32074614045156e-07	0.393855999532292	0.072	0.113	0.00483406294866675	MED11	c11
5.81607784892341e-07	0.393040129802737	0.036	0.063	0.0212874265348446	ZNF688	c11
8.34138770190082e-51	0.39229373825411	0.779	0.732	3.05303131277272e-46	SLC25A6	c11
1.95951071036671e-13	0.392208086608709	0.184	0.294	7.1720051510132e-09	HSD17B10	c11
6.27721962422543e-07	0.392100315063546	0.096	0.142	0.0229752515466275	ALKBH5	c11
1.0610800454681e-06	0.390377216384873	0.141	0.199	0.038836590744178	ADSS	c11
6.38133714483729e-09	0.390187496327259	0.157	0.233	0.00023356332083819	RPS6KA1	c11
6.03883381060156e-24	0.389440361532534	0.623	0.593	2.21027356301828e-19	FLNA	c11
2.94196330173551e-10	0.387739588531147	0.055	0.098	1.07678798806821e-05	MRPL1	c11
2.08072607081885e-17	0.387237170849562	0.089	0.167	7.61566549180409e-13	POP7	c11
9.462365461427e-08	0.387220629406604	0.025	0.051	0.0034633203825369	UEVLD	c11
1.38704326512571e-44	0.386840638720459	0.743	0.72	5.0767170546866e-40	TOMM7	c11
1.21178792228964e-09	0.386835650127624	0.091	0.145	4.43526497437229e-05	MAPK1	c11
8.38561380942043e-07	0.385764633955623	0.014	0.032	0.0306921851038597	EFNA4	c11
3.34837672594516e-07	0.385072736868295	0.074	0.114	0.0122553936546319	ELP6	c11
9.66596758977121e-134	0.384581143801658	0.962	0.869	3.53784079753216e-129	RPS21	c11
4.87925709412163e-152	0.384309761744094	0.994	0.895	1.78585688901946e-147	RPL29	c11
3.10522906183034e-12	0.38350114353244	0.07	0.125	1.13654488892052e-07	ZFPL1	c11
2.75114540554416e-08	0.382867038274421	0.087	0.135	0.00100694672988322	DDX54	c11
7.32162862304872e-11	0.382699453928434	0.077	0.129	2.67978929232206e-06	GPATCH4	c11
4.3865310827104e-07	0.382196335581693	0.053	0.086	0.0160551424158283	APOL2	c11
1.62611125927262e-08	0.382051668288378	0.045	0.079	0.000595172982006371	WDSUB1	c11
1.00877986635784e-07	0.381578630929776	0.16	0.23	0.00369223518885632	MZT2B	c11
1.33249704161748e-10	0.381537274347171	0.049	0.091	4.87707242202412e-06	TRUB2	c11
4.14104262096406e-11	0.380476288727941	0.095	0.156	1.51566300969905e-06	UTP3	c11
9.32740775697663e-07	0.380131431556055	0.122	0.174	0.0341392451313101	SNHG16	c11
4.83597172361454e-150	0.379114583131559	0.999	0.93	1.77001401056016e-145	RPL30	c11
4.75070424704751e-20	0.378563768684109	0.604	0.627	1.73880526146186e-15	RPL23	c11
1.60949671902627e-13	0.378415534629863	0.135	0.22	5.89091894130803e-09	NUDT22	c11
8.39093692675335e-10	0.377560069936872	0.188	0.281	3.07116682456099e-05	GSDMD	c11
3.45181147369102e-145	0.377500385963738	0.988	0.889	1.26339751748565e-140	RPS25	c11
4.89361592590376e-13	0.376851956535528	0.137	0.221	1.79111236504004e-08	WBP1	c11
1.05851623698375e-13	0.37590734531401	0.565	0.613	3.87427527898421e-09	ATP5F1D	c11
9.43666909378943e-11	0.375576322025076	0.154	0.236	3.45391525501787e-06	METTL5	c11
1.12841815142777e-23	0.375554179146342	0.642	0.645	4.13012327604078e-19	OST4	c11
1.0113161786361e-13	0.375387625544413	0.085	0.15	3.701518345426e-09	ZMAT5	c11
1.99982699233625e-10	0.375040483786416	0.131	0.202	7.31956677464991e-06	AAMP	c11
1.87594521062067e-07	0.374545647033875	0.022	0.045	0.00686614706539271	HIST1H2BK	c11
1.01946745260768e-08	0.374487587728411	0.106	0.162	0.000373135282328938	ARPP19	c11
9.84210463318089e-11	0.373531749037278	0.124	0.193	3.60230871679054e-06	EXOSC1	c11
8.89494724819828e-13	0.373366233090443	0.123	0.201	3.25563964231305e-08	CDIPT	c11
3.13384190859339e-41	0.372720407954947	0.757	0.721	1.14701747696427e-36	EIF3K	c11
7.51060521779944e-13	0.372304075930454	0.054	0.104	2.74895661576677e-08	REEP4	c11
8.69750291802638e-90	0.371725898435126	0.946	0.852	3.18337304302683e-85	UBA52	c11
1.08769290100387e-07	0.371657767776587	0.033	0.061	0.00398106478696425	TPRG1L	c11
4.44001595724803e-11	0.371074364153928	0.236	0.36	1.62509024051235e-06	PHB	c11
6.57418333172665e-07	0.370081119139526	0.122	0.175	0.0240621684124527	ADD1	c11
1.88707644009114e-07	0.370055819209603	0.035	0.063	0.00690688847837759	ESS2	c11
1.49145748637124e-11	0.369074899568653	0.088	0.148	5.45888354586737e-07	ZNF581	c11
7.76267789170545e-10	0.368358593368372	0.15	0.227	2.84121773514311e-05	POP5	c11
1.58493698257964e-07	0.368250213130856	0.079	0.121	0.00580102784993972	EIF2B1	c11
1.17042654910336e-10	0.367911378554112	0.038	0.075	4.28387821237321e-06	CCDC127	c11
3.85182151375438e-09	0.367901258966201	0.09	0.141	0.000140980519224924	MFSD5	c11
1.49294036021901e-14	0.367850233784715	0.04	0.088	5.4643110124376e-10	CCDC112	c11
1.37633954058753e-12	0.367764928145702	0.062	0.114	5.03754035250443e-08	ARFIP1	c11
1.1236760139329e-06	0.366978380715386	0.057	0.09	0.041127665785958	EIF4G3	c11
5.4300669462307e-07	0.366840437019035	0.056	0.09	0.019874588029899	GCDH	c11
2.05392671809067e-13	0.366349759691399	0.036	0.08	7.51757718088367e-09	PCCB	c11
9.01049817041536e-07	0.366270338679878	0.139	0.197	0.0329793243535373	GTF2F1	c11
8.81111694644154e-145	0.365896563378564	0.997	0.901	3.22495691356707e-140	RPL18	c11
1.5529935445591e-17	0.365746687631452	0.076	0.148	5.68411167244076e-13	MRPS18A	c11
2.91283215713803e-09	0.365639044817797	0.083	0.133	0.000106612569783409	KIAA1143	c11
4.0000179185432e-16	0.364977686896403	0.148	0.248	1.464046558366e-11	RNASEH2C	c11
7.41052264214858e-07	0.364650822204479	0.134	0.19	0.027123253922528	CCDC59	c11
4.43711196236787e-17	0.364420028009124	0.025	0.072	1.62402734934627e-12	FAH	c11
2.2598016691989e-09	0.363986875946762	0.154	0.23	8.27110008943489e-05	SMARCB1	c11
1.07535586391421e-16	0.363819598645368	0.093	0.17	3.93590999751239e-12	CTNNBL1	c11
7.97389870190613e-09	0.363601772112837	0.16	0.236	0.000291852666388466	CDC123	c11
2.49493546370648e-146	0.363552483185571	0.996	0.909	9.1317132907121e-142	RPL39	c11
8.67968068625141e-11	0.363150723431085	0.146	0.225	3.17684992797488e-06	CIR1	c11
1.70493626500415e-07	0.36299371039658	0.095	0.142	0.00624023722354171	HARS	c11
1.62068861654355e-08	0.362385262744941	0.156	0.229	0.000593188240541105	IQGAP2	c11
1.13517804167381e-14	0.361851769731326	0.105	0.181	4.1548651503303e-10	SDF2	c11
3.51663425408216e-12	0.361788980653223	0.077	0.134	1.28712330333661e-07	CCDC32	c11
6.56983417210012e-08	0.35920062107892	0.126	0.184	0.00240462500533036	CDC5L	c11
5.59459814467706e-07	0.359048508988073	0.026	0.049	0.0204767886693325	MOV10	c11
4.48201661249608e-07	0.358982794178522	0.081	0.122	0.0164046290033969	PARP10	c11
3.22098595340415e-17	0.358529163823037	0.088	0.165	1.17891306880545e-12	MCUR1	c11
2.45815170305857e-07	0.358505155618886	0.039	0.068	0.00899708104836466	MTRF1L	c11
3.12066206539746e-11	0.357939740410107	0.185	0.285	1.14219352255613e-06	ETFA	c11
5.6874737510306e-11	0.357866348701072	0.127	0.199	2.08167226761471e-06	CCS	c11
1.19122788521305e-07	0.357342622069549	0.114	0.168	0.00436001318266827	DDX27	c11
1.72759374353893e-13	0.357203227920455	0.047	0.096	6.32316586072686e-09	FBXO6	c11
2.28335632638255e-10	0.35718137460927	0.176	0.266	8.35731249019277e-06	ELOVL1	c11
2.34603647933958e-10	0.356920768770114	0.15	0.23	8.58672811803079e-06	SZRD1	c11
6.44158240580772e-10	0.356919455191176	0.227	0.34	2.35768357634968e-05	TEX264	c11
3.01936270623841e-13	0.35631373977841	0.062	0.116	1.10511694411032e-08	DDX49	c11
9.90553037701798e-07	0.355967848078593	0.104	0.078	0.0362552317329235	SPTBN1	c11
1.52503858975893e-07	0.355806981839949	0.01	0.028	0.00558179374237666	HEXIM2	c11
7.60355860520484e-31	0.355528503145636	0.645	0.655	2.78297848509102e-26	ARL6IP5	c11
7.17236648356486e-08	0.355311048665472	0.041	0.072	0.00262515785664957	LINC00339	c11
4.69914543032419e-09	0.355040696621683	0.101	0.156	0.000171993421895296	PPID	c11
4.99009622288404e-09	0.354751423548474	0.201	0.296	0.000182642511853779	PSMD6	c11
3.34158232330629e-13	0.354098480534327	0.069	0.126	1.22305254615334e-08	GFER	c11
1.36299912037784e-20	0.353252171054815	0.633	0.65	4.98871308049495e-16	COMMD6	c11
3.91579020127135e-10	0.353048310982329	0.17	0.256	1.43321837156733e-05	TMEM9B	c11
1.8190233055235e-16	0.353006813396659	0.568	0.603	6.65780720054655e-12	CDC42	c11
9.57898724796632e-12	0.352836403334742	0.163	0.252	3.50600512262815e-07	AIMP1	c11
1.29283691301072e-08	0.352824409851877	0.12	0.18	0.000473191238531054	GOPC	c11
3.60176467668407e-10	0.352467716387076	0.107	0.169	1.31828188931314e-05	APEH	c11
3.1524325775615e-10	0.352100006358202	0.05	0.092	1.15382184771328e-05	BCAT2	c11
1.38928169974957e-11	0.35190100422306	0.068	0.12	5.08490994925339e-07	HSD17B8	c11
3.84083906191118e-09	0.351885791125714	0.037	0.071	0.000140578550505011	SCAMP4	c11
9.89086580417626e-11	0.351423804379049	0.042	0.081	3.62015579298655e-06	SWI5	c11
8.08051780145551e-10	0.351266282616429	0.519	0.572	2.95755032051073e-05	ARF1	c11
6.12071043691669e-09	0.351120075897124	0.04	0.074	0.000224024122701588	BCL2L12	c11
1.02092978392243e-13	0.3502634489299	0.09	0.157	3.73670510213447e-09	BAD	c11
7.44374020035139e-143	0.349901154246829	0.995	0.915	2.72448335073061e-138	RPS23	c11
3.34133074126208e-07	0.349619806143086	0.058	0.092	0.0122296046460933	CTBP1	c11
9.43669844807818e-10	0.349502834988546	0.08	0.131	3.45392599898109e-05	GMIP	c11
2.92672987977278e-12	0.349480550698454	0.11	0.18	1.07121240329564e-07	WIPI2	c11
1.40990089455696e-94	0.349453558259749	0.835	0.746	5.16037826416792e-90	RPS29	c11
1.06279270392094e-113	0.34939453660901	0.982	0.884	3.88992757562104e-109	RACK1	c11
3.13672435598665e-10	0.348874856719335	0.178	0.27	1.14807248153467e-05	COPS5	c11
5.93954779711062e-17	0.348232441868672	0.141	0.241	2.17393388922046e-12	ITPA	c11
1.30633750404581e-06	0.348036685642127	0.017	0.036	0.0478132589855807	SRP14-AS1	c11
1.3421849089181e-07	0.347245621620643	0.058	0.094	0.00491253098513116	GALNT11	c11
1.61709929504584e-07	0.347061584915193	0.038	0.067	0.0059187451297973	ZNF480	c11
1.05984001600904e-13	0.346862357843232	0.178	0.283	3.87912044259469e-09	BABAM1	c11
3.41495905983544e-07	0.346181346353954	0.048	0.079	0.0124990916549037	HSD17B7	c11
1.52749316307262e-07	0.345807148439994	0.033	0.06	0.00559077772616209	NUFIP1	c11
5.49722821512635e-10	0.345673372934216	0.157	0.236	2.0120404990184e-05	GYG1	c11
2.72864691986750e-09	0.345486510541162	0.08	0.129	9.98712059140702e-05	RNF11	c11
7.05216570470191e-13	0.345100173962405	0.463	0.458	2.58116316957795e-08	STK4	c11
6.62273367232262e-08	0.344694278284918	0.076	0.119	0.0024239867514068	USE1	c11
5.32082298585958e-09	0.344312792853338	0.035	0.067	0.000194747442105447	PIGX	c11
2.8696758775152e-07	0.3436923595733	0.144	0.206	0.0105033006792934	CNOT2	c11
3.05874610747681e-22	0.34346254271284	0.116	0.22	1.11953166279759e-17	COMMD4	c11
5.29178383279661e-07	0.343199866154645	0.038	0.065	0.0193684580064189	PINX1	c11
6.04238710242698e-12	0.342355188008949	0.117	0.188	2.2115741033593e-07	TMEM170A	c11
3.09873253520505e-10	0.342279936179467	0.179	0.269	1.1341670952104e-05	MFF	c11
1.07840887569757e-09	0.342143712672135	0.065	0.109	3.94708432594068e-05	AARSD1	c11
1.31021610517242e-18	0.341996406365438	0.093	0.175	4.79552196654159e-14	ERCC1	c11
2.08876967780754e-11	0.341706144421509	0.182	0.279	7.64510589774336e-07	CWC15	c11
6.15082445711869e-10	0.341622636786037	0.144	0.219	2.25126325955001e-05	PPP6C	c11
8.18601053012622e-21	0.341363590349006	0.063	0.137	2.9961617141315e-16	C1orf122	c11
4.73705739381575e-12	0.341150063032923	0.135	0.214	1.7338103767105e-07	AHSA1	c11
1.36205108609761e-40	0.340616171798835	0.755	0.752	4.98524318022585e-36	HNRNPA2B1	c11
9.29295564018601e-09	0.339899210001058	0.17	0.25	0.000340131469386448	FBXO7	c11
1.17839188869179e-09	0.339030030280311	0.13	0.198	4.31303215180084e-05	BCCIP	c11
1.52929556594956e-09	0.337931255969286	0.05	0.088	5.59737470093198e-05	DNAJC21	c11
3.49493109608797e-25	0.337391637989893	0.681	0.677	1.27917973047916e-20	SUMO2	c11
2.67057893003946e-07	0.337378654077594	0.185	0.153	0.00977458594183744	RORA	c11
3.42266151699939e-07	0.337047909314385	0.014	0.033	0.0125272834183695	EXTL2	c11
1.22726668644118e-35	0.337027081673946	0.783	0.74	4.49191879904338e-31	SRP14	c11
2.08736222507829e-08	0.336434356579415	0.154	0.225	0.000763995448000906	PIH1D1	c11
1.17060266724206e-127	0.336385085787974	1	0.949	4.28452282237268e-123	RPL28	c11
3.37393133578172e-17	0.335895129796703	0.629	0.634	1.23489260820947e-12	PRR13	c11
2.55959295942847e-12	0.335885149575954	0.047	0.093	9.36836619080415e-08	DPAGT1	c11
5.71134331732977e-12	0.335553343183328	0.022	0.057	2.09040876757587e-07	PPCDC	c11
1.86406727120841e-07	0.33511203733051	0.065	0.102	0.00682267261934989	CXXC1	c11
1.80110294467471e-09	0.334802211133276	0.19	0.282	6.5922168878039e-05	HPS1	c11
3.48328788326935e-92	0.334210118805437	0.968	0.862	1.27491819815541e-87	RPS9	c11
3.07857473833724e-10	0.333483521223205	0.093	0.149	1.12678913997881e-05	RDH11	c11
9.26010012553829e-21	0.332768739435744	0.138	0.249	3.38928924694827e-16	ANTKMT	c11
7.51820354118828e-61	0.332455143216463	0.856	0.783	2.75173767811032e-56	BTF3	c11
6.6259830498743e-15	0.332451027885	0.07	0.132	2.42517605608449e-10	DTYMK	c11
5.04952100004538e-21	0.331571269554488	0.59	0.598	1.84817518122661e-16	KLF6	c11
6.06856765545572e-14	0.331149820640516	0.051	0.103	2.22115644757335e-09	MAGOHB	c11
4.46755165180952e-07	0.330321125467799	0.041	0.069	0.016351685800788	DDX55	c11
6.28434822459491e-21	0.329901504097109	0.131	0.239	2.30013429368398e-16	SLC25A11	c11
1.83962783492798e-10	0.329725773163789	0.024	0.056	6.73322183861992e-06	PUSL1	c11
1.5190413035453e-07	0.329105615192844	0.234	0.336	0.00555984307510616	DBNL	c11
5.7090579988374e-12	0.328556372322422	0.05	0.096	2.08957231815448e-07	BDH2	c11
7.59915449374206e-15	0.328083953613349	0.131	0.219	2.78136653625453e-10	RRP7A	c11
2.41872489856284e-97	0.327744546933613	0.974	0.873	8.85277500122984e-93	RPS16	c11
3.81887570073456e-10	0.327602613718897	0.209	0.313	1.39774669522586e-05	GTF3C6	c11
7.41109160122107e-09	0.327416854679274	0.03	0.06	0.000271253363696292	PACC1	c11
7.59241107294196e-09	0.327250935414751	0.072	0.117	0.000277889837680749	CHMP1A	c11
1.34318543453523e-07	0.325885158268206	0.056	0.092	0.00491619300894238	WDR45B	c11
2.74975181142566e-21	0.325540732089664	0.091	0.179	1.00643666049991e-16	PTPN18	c11
3.40177463056019e-09	0.325386683674147	0.115	0.174	0.000124508353253133	SMIM10L1	c11
8.06013106815452e-07	0.325124119950086	0.016	0.035	0.0295008857225523	NUDT8	c11
6.90618574143359e-17	0.32500142447319	0.115	0.202	2.52773304322211e-12	DERL2	c11
1.18643710083253e-06	0.324980520904101	0.27	0.382	0.0434247843275715	POLR2E	c11
4.39545905264649e-43	0.324971896443413	0.862	0.744	1.60878196785914e-38	CLIC1	c11
3.9528158513725e-09	0.324953757801755	0.249	0.367	0.000144677012976085	NDUFS6	c11
6.97097965626597e-08	0.324835379744496	0.034	0.063	0.00255144826398991	MAST3	c11
7.07797004906942e-07	0.324768880295633	0.029	0.053	0.025906078176599	NOL10	c11
2.4435342624411e-18	0.323008427727796	0.104	0.19	8.94357975396067e-14	PDHA1	c11
8.58815597084671e-09	0.322792188063494	0.202	0.296	0.00031433509668896	RAB8A	c11
1.15797984091895e-06	0.32273801275982	0.268	0.38	0.0423832201574744	SNX17	c11
6.46094849648873e-07	0.322584537388053	0.06	0.094	0.0236477175919984	CRNKL1	c11
1.86872733082805e-10	0.322298641068562	0.019	0.048	6.83972890356373e-06	THTPA	c11
4.7167521621691e-18	0.322158598712301	0.656	0.675	1.72637845887551e-13	GMFG	c11
1.9794327582683e-17	0.322077248602325	0.08	0.153	7.24492183853781e-13	VPS25	c11
2.20115070912373e-07	0.321980788628279	0.044	0.075	0.00805643171046376	OGFOD1	c11
9.10923894176507e-10	0.321694722277249	0.103	0.162	3.33407254507543e-05	VPS4A	c11
1.27091410163906e-07	0.321465406978673	0.052	0.086	0.00465167270340911	CAAP1	c11
7.49960808471615e-10	0.320742376338438	0.156	0.234	2.74493155508696e-05	RNASEH2B	c11
5.02355812378884e-07	0.320716784209984	0.074	0.113	0.0183867250888795	BRIX1	c11
5.11137572355178e-07	0.32038352733388	0.036	0.063	0.0187081462857719	ISOC1	c11
3.6435070380677e-45	0.320109270612628	0.773	0.752	1.33356001100316e-40	HMGB1	c11
1.09419075098447e-11	0.31953108834557	0.055	0.102	4.00484756767824e-07	TSPAN31	c11
8.41238094588761e-07	0.318081355720496	0.277	0.396	0.0307901555000432	NDUFA2	c11
4.30100267106718e-09	0.317299709219919	0.083	0.132	0.00015742099876373	VAV1	c11
1.58191979006797e-08	0.31678311273245	0.052	0.089	0.000578998462362777	NR2C2AP	c11
4.18322362278264e-07	0.315878088007368	0.064	0.1	0.0153110167817467	SLC25A26	c11
1.07734146779916e-12	0.31574057907622	0.134	0.215	3.94317750629169e-08	RPAIN	c11
6.87161024949214e-35	0.315313359629432	0.874	0.801	2.51507806741662e-30	H3F3A	c11
4.5876084798629e-08	0.315251217185695	0.033	0.062	0.00167911057971462	HDGFL2	c11
2.06220019940518e-20	0.315203046622573	0.157	0.276	7.54785894984292e-16	CAPNS1	c11
1.89998883805236e-08	0.314796684570214	0.134	0.198	0.000695414914615543	DR1	c11
2.11657597732673e-14	0.314471837141617	0.152	0.247	7.74687973461356e-10	NDUFA10	c11
1.10106471430221e-23	0.314119800053421	0.686	0.689	4.03000696081752e-19	UQCRB	c11
1.70996417718269e-09	0.313685693376707	0.068	0.113	6.25863988490635e-05	RP9	c11
2.75994328854979e-12	0.313578357384214	0.141	0.223	1.01016684304211e-07	CDC26	c11
7.61403368281422e-12	0.313518797077043	0.039	0.079	2.78681246824683e-07	FAM104B	c11
2.76067514510461e-11	0.313348479496193	0.154	0.237	1.01043470985974e-06	PQBP1	c11
1.40376125469447e-14	0.312631402319647	0.039	0.087	5.13790656830723e-10	NUDT18	c11
9.61046397086629e-17	0.312493152076565	0.137	0.234	3.51752591797677e-12	IMP4	c11
1.12024452427921e-11	0.312288521507701	0.061	0.11	4.10020698331433e-07	TRPT1	c11
2.72553099683079e-09	0.312182508459036	0.481	0.506	9.97571600150036e-05	FUS	c11
1.21410534149325e-14	0.312142825802493	0.2	0.321	4.44374696039944e-10	CCDC124	c11
1.43188450157883e-109	0.312102843161404	0.974	0.871	5.24084046422868e-105	RPL5	c11
1.19811571146153e-09	0.311837954609411	0.061	0.105	4.38522331552034e-05	WDFY1	c11
4.99986397993305e-07	0.311666727909792	0.071	0.109	0.018300002152953	FAM98C	c11
2.94809397253122e-10	0.311249963895018	0.108	0.17	1.07903187488615e-05	C22orf39	c11
7.66963848165831e-10	0.311104411850041	0.047	0.086	2.80716438067176e-05	RNF220	c11
9.92520742477185e-25	0.310426694946638	0.739	0.705	3.63272516954075e-20	CHCHD2	c11
5.16848713370864e-16	0.310171354156524	0.112	0.194	1.8917179758087e-11	MPLKIP	c11
1.53383385237141e-08	0.310170874491023	0.028	0.056	0.000561398528306461	CCDC92	c11
6.76191952856909e-75	0.309808317795341	0.974	0.881	2.47493016665157e-70	RPL15	c11
7.89347268981866e-07	0.309066613855102	0.109	0.157	0.0288908993920053	WAC	c11
1.21867447236045e-10	0.308896683458617	0.223	0.335	4.46047043628648e-06	SNRPB2	c11
5.13463938019205e-07	0.308867679141615	0.054	0.086	0.0187932935954409	CGRRF1	c11
1.33775498625368e-13	0.308802481644738	0.05	0.101	4.89631702518709e-09	TEN1	c11
4.02342736292391e-07	0.308566005103648	0.414	0.427	0.0147261464910378	EZR	c11
1.27155133849527e-13	0.308184573998118	0.077	0.139	4.65400505402655e-09	EXOSC7	c11
1.41647484812345e-07	0.308158723325706	0.226	0.324	0.00518443959161665	CCT2	c11
9.81355099391864e-13	0.307856250966028	0.064	0.118	3.59185779928416e-08	RAE1	c11
4.86826521717984e-09	0.305919022290936	0.041	0.076	0.000178183375213999	WBP1L	c11
3.58037441092809e-13	0.305719574407567	0.159	0.252	1.31045283814379e-08	CIAO1	c11
1.53031491500888e-09	0.305619134071787	0.098	0.154	5.60110562042402e-05	SUDS3	c11
6.6762983281639e-09	0.305599123707422	0.097	0.15	0.000244359195109127	UTP23	c11
8.90335972079718e-08	0.305455752020559	0.022	0.046	0.00325871869140898	UBXN8	c11
1.15548480415037e-10	0.304953575764895	0.061	0.107	4.22918993167077e-06	PREB	c11
2.32416676442559e-08	0.304849918345972	0.027	0.055	0.000850668277447409	ATP23	c11
1.76022584673724e-08	0.304549914887077	0.254	0.371	0.000644260262164297	PSMB2	c11
1.83651071911101e-69	0.3044759211668	0.96	0.89	6.72181288301821e-65	EIF1	c11
1.19691302589681e-07	0.304157585251187	0.081	0.124	0.00438082136608493	UNC13D	c11
2.3818733209919e-11	0.303994428294345	0.167	0.256	8.71789454216247e-07	FAM204A	c11
1.44693479840219e-15	0.303562758121198	0.074	0.14	5.29592605563185e-11	MRPL2	c11
3.04904586353289e-09	0.303557171580101	0.219	0.176	0.000111598127651167	CD6	c11
1.4693124038373e-09	0.303214681695024	0.129	0.196	5.3778303292849e-05	DCTN1	c11
1.98405505073977e-10	0.301770765462922	0.121	0.188	7.26183989121264e-06	HIKESHI	c11
2.59790789141466e-08	0.30098001078945	0.044	0.077	0.000950860267336679	SGTA	c11
1.04020645751857e-29	0.300559275032648	0.829	0.781	3.8072596551637e-25	YWHAB	c11
3.06773951570892e-12	0.300188103031202	0.127	0.203	1.12282334014462e-07	CFAP298	c11
4.78081373541403e-38	0.29953857305857	0.916	0.825	1.74982563529889e-33	PPDPF	c11
5.72897419689413e-07	0.299372135529994	0.113	0.163	0.0209686184580522	WTAP	c11
3.39139759172208e-08	0.298765251940777	0.058	0.096	0.0012412854325462	ZNF277	c11
9.78518452525258e-20	0.298442383961948	0.639	0.666	3.5814753880877e-15	LCP1	c11
1.25573224304292e-10	0.29820246435331	0.052	0.095	4.59610558276139e-06	SIRT6	c11
6.63808847985318e-11	0.297378665419155	0.087	0.143	2.42960676451106e-06	CCDC82	c11
4.7250401142226e-07	0.297364178851864	0.059	0.093	0.0172941193220661	EEFSEC	c11
2.36129077107185e-08	0.297317262553518	0.04	0.073	0.000864256035120007	MTFR1L	c11
5.39009284453132e-95	0.297287671265877	0.961	0.86	1.97282788202691e-90	RPL36	c11
1.02378358985981e-06	0.296262636856227	0.134	0.189	0.037471503172459	SNRPA1	c11
2.369069717576e-14	0.295999031708672	0.139	0.228	8.67103207329991e-10	NSMCE1	c11
7.2206710394622e-15	0.295984690404722	0.076	0.141	2.64283780715356e-10	NDUFAF4	c11
1.82765090664075e-11	0.295944146703958	0.048	0.091	6.6893850833958e-07	COQ9	c11
1.35100949893106e-16	0.295053334976654	0.107	0.19	4.94482986703756e-12	GABARAPL1	c11
5.10971581899667e-14	0.294427050537056	0.152	0.245	1.87020708691097e-09	MRPL38	c11
5.76819353766806e-10	0.294308702436857	0.086	0.139	2.11121651672189e-05	SLC35C2	c11
3.91522681353982e-17	0.293257877833568	0.124	0.216	1.43301216602371e-12	COQ4	c11
4.53616192732037e-08	0.293184702081745	0.162	0.234	0.00166028062701853	IRF2	c11
4.36992730702357e-18	0.29315556163576	0.063	0.131	1.5994370936437e-13	SLC35B1	c11
1.61977743797692e-15	0.293134539038528	0.096	0.171	5.92854740073934e-11	RFXANK	c11
4.94385196234094e-18	0.293125188998338	0.111	0.199	1.80949925673641e-13	DDA1	c11
3.4347008666092e-09	0.293110853236929	0.259	0.379	0.000125713486418763	C1QBP	c11
2.11816395502093e-08	0.292584390482062	0.227	0.328	0.000775269189177209	SNRPF	c11
1.94531000203333e-14	0.292391412896176	0.149	0.243	7.12002913844218e-10	SARNP	c11
4.65947150205947e-09	0.291935820761022	0.114	0.173	0.000170541316446879	GORASP2	c11
1.6960362057714e-08	0.291373915023002	0.068	0.109	0.00062076621167439	MAEA	c11
2.56658305705859e-15	0.291366130328365	0.171	0.279	9.39395064714014e-11	CCDC115	c11
4.39849385235529e-17	0.290445295428738	0.107	0.192	1.60989273490056e-12	NUDT1	c11
5.90979360095446e-10	0.289946450508316	0.072	0.121	2.16304355588534e-05	IGSF8	c11
2.94374516007677e-14	0.289908622798236	0.055	0.108	1.0774401660397e-09	NUDT2	c11
5.42995481045742e-15	0.289361148632566	0.05	0.104	1.98741776017552e-10	DYRK4	c11
4.88772161458923e-07	0.289330403975383	0.255	0.365	0.017889549881558	SUMO1	c11
7.30337622004666e-10	0.289325729194432	0.111	0.172	2.67310873029928e-05	SGF29	c11
3.55765183018772e-11	0.289295831135064	0.156	0.239	1.30213614636701e-06	THYN1	c11
3.52629871196167e-11	0.289250218061294	0.044	0.085	1.29066059156509e-06	WIPI1	c11
1.1186323805864e-12	0.289102626090282	0.212	0.33	4.09430637618427e-08	SNRPD1	c11
1.46189551461794e-08	0.288942098040453	0.154	0.225	0.000535068377305312	PPP4R2	c11
1.5555919640552e-16	0.2886773768982	0.12	0.208	5.69362214763842e-12	CUEDC2	c11
7.18107094643494e-62	0.288638644529475	0.952	0.872	2.62834377710465e-57	GAPDH	c11
8.76109449758925e-09	0.288330517905524	0.078	0.124	0.000320664819706264	UPF3B	c11
5.61657508356345e-19	0.287849646450024	0.072	0.145	2.05572264633506e-14	FKBP4	c11
5.13099442035433e-10	0.286511154514813	0.208	0.31	1.87799526779389e-05	DNAJB6	c11
6.00232321077857e-125	0.286451944590989	0.999	0.936	2.19691031837707e-120	RPS8	c11
2.93132009127469e-08	0.286366863196988	0.078	0.122	0.00107289246660745	MPHOSPH10	c11
3.86601640348089e-13	0.286345963433027	0.135	0.218	1.41500066383804e-08	ARRDC1	c11
1.64670677949109e-12	0.286010826927154	0.069	0.123	6.02711148361535e-08	TOR3A	c11
4.0816757361864e-08	0.28581225113174	0.108	0.161	0.00149393413620158	WBP11	c11
1.86190046669232e-17	0.285706515999716	0.153	0.258	6.81474189814057e-13	AP3S1	c11
1.14886633257071e-07	0.285467783573895	0.226	0.322	0.00420496566384206	TAOK3	c11
5.90507189277026e-07	0.28448480938794	0.546	0.599	0.0216131536347284	HIGD2A	c11
5.49248203775613e-07	0.284201706631791	0.123	0.176	0.0201030335063912	NGDN	c11
2.25384389970431e-20	0.284115044020598	0.061	0.132	8.24929405730774e-16	PSMG3	c11
7.40557230013848e-10	0.284090696889064	0.081	0.132	2.71051351757369e-05	RAB5B	c11
8.94336929726422e-07	0.283732852519548	0.074	0.111	0.0327336259649168	IP6K2	c11
1.17684578056247e-12	0.283087551502052	0.145	0.231	4.3073732414367e-08	YTHDF2	c11
2.20393697372609e-12	0.282694274497795	0.138	0.219	8.06662971753485e-08	BECN1	c11
1.5011049831825e-11	0.281934616969658	0.05	0.095	5.49419434894628e-07	RRS1	c11
1.25160646674948e-11	0.281528985262743	0.1	0.164	4.58100482894978e-07	SLC4A1AP	c11
1.51140708573824e-36	0.281430379074298	0.815	0.79	5.53190107451053e-32	PCBP2	c11
1.38421550707096e-07	0.281189462530469	0.256	0.366	0.00506636717743042	SF3B6	c11
1.55700567461847e-12	0.281028227069391	0.07	0.125	5.69879646967107e-08	DESI2	c11
5.37640459008006e-18	0.280885501997981	0.16	0.272	1.9678178440152e-13	C1D	c11
1.48432486843584e-107	0.280680057484331	0.992	0.908	5.43277745096202e-103	RPS28	c11
1.0316858624221e-13	0.280500017011305	0.201	0.316	3.77607342505114e-09	PSMD9	c11
1.13050554541406e-11	0.2798252700355	0.077	0.133	4.13776334676998e-07	CDC27	c11
4.23554015352555e-09	0.279548836128592	0.114	0.173	0.000155025005159189	PNKP	c11
6.48890413628795e-14	0.279168167026304	0.036	0.081	2.37500380292275e-09	IDNK	c11
2.55977399533748e-12	0.279079208962597	0.187	0.29	9.36902880033471e-08	CLTB	c11
1.76756288917722e-12	0.278927027405302	0.04	0.083	6.46945693067754e-08	RIPK2	c11
2.49286288792458e-13	0.278823337350979	0.171	0.272	9.12412745609276e-09	IER3IP1	c11
2.22173990609506e-08	0.278654967316058	0.133	0.196	0.000813179023029854	ATG12	c11
1.16815211854234e-11	0.278556130162001	0.034	0.073	4.2755535690768e-07	TMEM102	c11
1.03958815699736e-08	0.278258006409637	0.162	0.237	0.000380499661342602	TMED2	c11
6.26647636391789e-08	0.2781061451399	0.103	0.153	0.00229359301395759	MAGED2	c11
2.48560550048e-09	0.277939591280316	0.224	0.33	9.09756469230683e-05	ADH5	c11
3.40075329393582e-07	0.277815063565564	0.045	0.076	0.0124470971311345	URI1	c11
6.40583619298507e-12	0.277358329523286	0.108	0.176	2.34460010499446e-07	TPGS2	c11
3.45362810482252e-07	0.277339057715452	0.197	0.276	0.0126406242264609	HNRNPH3	c11
2.76002850496874e-11	0.277305030278141	0.094	0.154	1.01019803310361e-06	TRNAU1AP	c11
8.07840980726832e-11	0.276948385587065	0.22	0.332	2.95677877355828e-06	STMP1	c11
6.46433213539477e-12	0.276827420437253	0.072	0.126	2.36601020487584e-07	TMEM107	c11
2.03981138393534e-08	0.276824284245063	0.04	0.073	0.000746591364634173	JMJD7	c11
5.35483049191166e-12	0.276775063050026	0.185	0.283	1.95992150834459e-07	TRAPPC6A	c11
2.85899235922417e-92	0.276580410502503	0.99	0.908	1.04641979339964e-87	RPL12	c11
7.65981453289034e-07	0.275895188061938	0.009	0.025	0.0280356871718319	CBX8	c11
3.50361217661385e-08	0.275008454367684	0.245	0.353	0.00128235709276244	UBE2B	c11
2.08708644541282e-44	0.274912325137764	0.806	0.76	7.63894509885547e-40	RPL38	c11
1.17697768022308e-21	0.274856607156448	0.091	0.181	4.30785600738451e-17	ALG3	c11
3.18062903906757e-09	0.274816497827167	0.051	0.09	0.000116414203458912	AGPAT1	c11
3.3161118046598e-08	0.274543659561903	0.052	0.087	0.00121373008162353	RBM7	c11
4.13001761321583e-08	0.27366324204424	0.067	0.108	0.00151162774661312	KIFAP3	c11
9.15033937092749e-13	0.273223663052697	0.167	0.261	3.34911571315317e-08	GLOD4	c11
2.23968741437557e-16	0.273016806047377	0.111	0.194	8.19747990535603e-12	UBE2J1	c11
1.34818624873912e-11	0.272951400544677	0.039	0.079	4.93449648901006e-07	LRRC23	c11
6.15375738665271e-23	0.271947680373169	0.092	0.185	2.25233674108876e-18	TMEM126A	c11
1.31116351997288e-07	0.271239404616802	0.1	0.148	0.00479898959945272	OTUD6B-AS1	c11
7.6415837086527e-07	0.271030716772755	0.028	0.052	0.0279689605320398	RBM15B	c11
1.43340083155276e-08	0.270783768111592	0.023	0.05	0.000524639038356627	LRRC42	c11
9.76340403911485e-07	0.270672478919134	0.038	0.065	0.0357350351235643	DNAJC11	c11
2.33961250288726e-10	0.270387891460941	0.216	0.324	8.56321572181767e-06	UQCRC2	c11
4.24622291425898e-24	0.270138064083056	0.611	0.567	1.55416004884793e-19	FYB1	c11
2.82357186479826e-09	0.270026268571152	0.185	0.271	0.000103345553823481	VPS4B	c11
1.82777537090724e-08	0.269787998750032	0.027	0.055	0.000668984063505761	PUS3	c11
1.24596527013001e-19	0.269675483472326	0.137	0.243	4.56035748520283e-15	RAB4A	c11
2.26904353005196e-07	0.269540129903602	0.039	0.068	0.00830492622434316	TMEM39B	c11
4.99738049806158e-13	0.269300714350998	0.193	0.3	1.82909123609552e-08	DCTN2	c11
2.05134366308115e-14	0.269228427462297	0.103	0.177	7.50812294124332e-10	KRCC1	c11
2.02814487840449e-15	0.268956864353878	0.099	0.175	7.42321306944826e-11	TXNDC9	c11
7.50431544404289e-15	0.268559633980158	0.055	0.11	2.74665449567414e-10	CREB3	c11
8.66699843284552e-10	0.268154166362357	0.254	0.376	3.17220809640579e-05	PSMF1	c11
2.40118673190706e-12	0.267990442096322	0.116	0.188	8.78858355745304e-08	ZNHIT3	c11
1.73607733675871e-15	0.267844704691751	0.17	0.277	6.35421666027054e-11	SCAMP3	c11
4.5150422439411e-08	0.267603038155708	0.102	0.153	0.00165255061170488	DCAF5	c11
3.46844050680538e-14	0.267380335376752	0.034	0.078	1.26948390989584e-09	BPNT1	c11
4.75932788577399e-10	0.267366309028974	0.099	0.157	1.74196159947214e-05	SMARCA4	c11
1.44408414911963e-08	0.267344957753764	0.051	0.087	0.000528549239419278	GATAD2A	c11
7.73412683438108e-25	0.267225754082948	0.77	0.759	2.83076776265182e-20	CD37	c11
3.9067108363729e-07	0.267180991554436	0.056	0.089	0.0142989523322084	DAZAP1	c11
1.65708243416322e-69	0.266764530532592	0.999	0.954	6.0650874172808e-65	TMSB10	c11
1.35876325468304e-12	0.266612478040116	0.072	0.127	4.9732093884654e-08	THAP4	c11
2.14526596483552e-11	0.266347635097262	0.044	0.086	7.8518879578945e-07	NOC4L	c11
5.65201385839272e-09	0.26607016544343	0.209	0.306	0.000206869359231032	SRSF2	c11
1.87438277362575e-07	0.265881854458359	0.036	0.064	0.0068604283897476	MTFMT	c11
1.62917186095591e-07	0.265643614940556	0.038	0.067	0.00596293192828474	ATPAF1	c11
2.35864305019076e-10	0.265345973424998	0.129	0.199	8.6328694280032e-06	TFAM	c11
1.4254383046379e-32	0.265265691101009	0.866	0.746	5.21724673880519e-28	CYBA	c11
1.11776256708996e-06	0.264423976625987	0.029	0.053	0.0409112277180596	ADAT1	c11
1.68693934829662e-07	0.264239392118843	0.256	0.366	0.00617436670870047	NAPA	c11
4.55135425925738e-12	0.264208087502906	0.037	0.078	1.66584117243079e-07	PTS	c11
4.07159117257557e-12	0.263798304483048	0.092	0.154	1.49024308507438e-07	EXOSC8	c11
1.31362840488943e-32	0.263316920859564	0.89	0.812	4.8080113247358e-28	COX4I1	c11
6.35537083857634e-09	0.263288431150898	0.085	0.133	0.000232612928062733	NSUN5	c11
7.53950994745533e-07	0.262030441568965	0.054	0.086	0.0275953603586812	RETREG3	c11
9.16806866089111e-08	0.261961646362715	0.019	0.041	0.00335560481057276	TKFC	c11
1.15162104089825e-11	0.261754717955292	0.17	0.261	4.21504817179169e-07	SHKBP1	c11
5.91624358004213e-09	0.261480776027568	0.132	0.197	0.000216540431273122	C6orf89	c11
5.39350122142145e-10	0.261378269393471	0.189	0.28	1.97407538205247e-05	PPP2CA	c11
1.94704950289729e-07	0.261360875101753	0.163	0.232	0.00712639588555437	USP16	c11
3.05634206670777e-08	0.26130759603519	0.075	0.118	0.00111865175983571	CCDC137	c11
4.59441324146594e-19	0.261278226655487	0.071	0.145	1.68160119050895e-14	CINP	c11
4.93069999591018e-09	0.261136414117662	0.032	0.063	0.000180468550550309	TBL3	c11
1.66328011611314e-109	0.261130175270365	0.998	0.929	6.08777155298571e-105	RPL11	c11
2.94436457700989e-07	0.260890964150747	0.08	0.12	0.0107766687883139	WDR74	c11
1.86753165522603e-13	0.260801949658202	0.044	0.092	6.83535261129279e-09	COQ5	c11
9.01879804100904e-15	0.260691581237253	0.181	0.29	3.30097027098972e-10	PPP1R11	c11
3.75633909360625e-18	0.260600956800663	0.068	0.137	1.37485767165082e-13	TAF10	c11
4.84719591868693e-08	0.260519029442643	0.06	0.098	0.0017741221781986	SHC1	c11
6.17411725520013e-11	0.259846513774688	0.208	0.311	2.2597886565758e-06	SH3BP5	c11
2.80108042832557e-14	0.259641667838042	0.033	0.077	1.02522344757144e-09	FAM49A	c11
1.74012102381234e-11	0.259484531212373	0.036	0.074	6.36901695925555e-07	CIZ1	c11
2.59619368044814e-07	0.259310140831736	0.03	0.055	0.00950232848980825	AP5S1	c11
3.28211605315916e-07	0.258858357460915	0.067	0.104	0.0120128729661678	ACBD5	c11
1.99164477487148e-08	0.258218838707748	0.091	0.14	0.000728961904050709	PRRC2A	c11
1.99253486500292e-10	0.25719287763782	0.094	0.152	7.2928768593972e-06	ECI2	c11
8.25723913579687e-24	0.25671191405131	0.14	0.259	3.02223209609301e-19	HINT2	c11
7.88597351139312e-07	0.256181291626928	0.091	0.133	0.0288634516490499	WDR82	c11
2.28139523612452e-17	0.255706308078768	0.102	0.185	8.35013470373936e-13	SAR1A	c11
9.14202096024795e-09	0.255528657083664	0.052	0.089	0.000334607109166035	SNX15	c11
1.55114471819064e-10	0.255098026413838	0.165	0.249	5.67734478304958e-06	DAP3	c11
1.32651194271898e-08	0.255015669989437	0.02	0.046	0.000485516636154574	GEMIN5	c11
6.37883267076343e-23	0.254436130156451	0.118	0.225	2.33471654582612e-18	CD2BP2	c11
9.83308782248963e-28	0.25436520400838	0.093	0.199	3.59900847390943e-23	COMMD5	c11
2.93088680112588e-10	0.254299601315277	0.093	0.149	1.07273387808008e-05	TMEM248	c11
4.58248080232158e-13	0.253669000810343	0.066	0.121	1.67723379845772e-08	MRPL44	c11
2.37684844991503e-16	0.253652528654227	0.033	0.082	8.69950301153399e-12	HS1BP3	c11
7.58616690756495e-12	0.253639495792472	0.058	0.106	2.77661294983785e-07	TMEM167B	c11
3.5244793912209e-16	0.252669358136145	0.068	0.133	1.28999470198076e-11	MRPL58	c11
2.00920220419481e-166	0.252664438172456	0.999	0.969	7.35388098757342e-162	MALAT1	c11
2.97108905164521e-17	0.252632613696397	0.165	0.276	1.08744830379266e-12	NDUFA9	c11
1.24284473424631e-14	0.252619282219028	0.226	0.167	4.54893601181492e-10	CD96	c11
8.29973170241943e-11	0.252545147902822	0.147	0.225	3.03778480040254e-06	SLBP	c11
6.09277626702343e-19	0.251899826356796	0.102	0.189	2.23001704149325e-14	RAB24	c11
4.53472612075482e-51	0.251880353170848	0.853	0.781	1.65975510745747e-46	EEF1G	c11
2.39568124520384e-08	0.25168792747943	0.171	0.247	0.000876843292557056	SFPQ	c11
1.54247558468737e-19	0.251504638198461	0.152	0.264	5.64561488751426e-15	WASHC3	c11
2.25561221617544e-10	0.251397142495088	0.053	0.095	8.25576627242373e-06	NPC1	c11
2.08929378086488e-21	0.250931642274234	0.073	0.153	7.64702416734353e-17	SNF8	c11
1.42031050562366e-16	0.250813164460902	0.085	0.158	5.19847848163315e-12	WAC-AS1	c11
3.60166746995784e-17	0.250469378219695	0.063	0.128	1.31824631067927e-12	ACOT8	c11
4.58828139518099e-20	0.250026694012857	0.147	0.259	1.67935687345019e-15	CHCHD5	c11
1.87314041445799e-08	0.249943205459442	0.276	0.402	0.00068558812309577	BANF1	c11
4.34773478720708e-08	0.249457920732945	0.063	0.101	0.00159131440946566	KLF10	c11
2.53409349891362e-10	0.249299223065346	0.127	0.196	9.27503561537374e-06	RSRC1	c11
5.91057377864311e-14	0.249267103441052	0.21	0.33	2.16332910872116e-09	SEC13	c11
4.29519215211562e-16	0.249222517628486	0.194	0.314	1.57208327959584e-11	NUTF2	c11
7.25653159507595e-11	0.249154047753881	0.142	0.218	2.65596312911375e-06	RPL7L1	c11
5.5172433005223e-07	0.249097561719121	0.06	0.094	0.0201936622042417	HYOU1	c11
4.74933282628452e-13	0.248897389901589	0.131	0.211	1.7383033077484e-08	ZNRD1	c11
5.26753843566678e-20	0.248731356574131	0.062	0.133	1.9279717428384e-15	TMEM11	c11
5.90727052858802e-16	0.248613616174359	0.631	0.658	2.1621200861685e-11	EVL	c11
1.05521331596583e-06	0.248368095317145	0.057	0.09	0.0386218625776655	TOPORS	c11
1.08512591272579e-10	0.248304381466254	0.254	0.38	3.97166935316765e-06	CNPY3	c11
2.07513666802792e-23	0.248257247040934	0.083	0.173	7.59520771864899e-19	NTAN1	c11
5.78170731094101e-12	0.248061126115434	0.078	0.135	2.11616269287752e-07	SNRNP27	c11
7.80004899295901e-07	0.247906920260846	0.062	0.097	0.0285489593191293	MAF	c11
1.97960748946093e-17	0.24744873785162	0.089	0.166	7.24556137217595e-13	FAM136A	c11
1.68392522332751e-15	0.247325894481861	0.152	0.25	6.16333470990103e-11	CDC40	c11
6.57828897512042e-14	0.24732097815844	0.087	0.153	2.40771954778382e-09	DNM2	c11
3.26252899416694e-12	0.24710348152492	0.055	0.104	1.19411823715504e-07	TMEM242	c11
1.40013779127337e-07	0.247058745653318	0.171	0.243	0.00512464432983966	SDAD1	c11
1.17247722978828e-07	0.246913963685012	0.022	0.045	0.00429138390874807	SEPHS1	c11
2.53197047921952e-12	0.246771310477357	0.044	0.089	9.26726515099135e-08	TARBP2	c11
1.67475110728716e-13	0.246166459435744	0.079	0.141	6.12975652778173e-09	SLC39A7	c11
5.95309637974737e-14	0.245845720939608	0.124	0.204	2.17889280595134e-09	B3GAT3	c11
7.15018738202502e-19	0.245437146231128	0.109	0.199	2.61704008369498e-14	GMPR2	c11
1.16050227018991e-24	0.24541621188472	0.139	0.26	4.2475543591221e-20	TMEM134	c11
8.14234567601978e-07	0.244964642558231	0.061	0.095	0.0298017994088	R3HDM1	c11
3.45961986875717e-14	0.244492787823324	0.077	0.139	1.26625546816381e-09	SNRNP35	c11
2.7103203062404e-07	0.244450621371061	0.028	0.054	0.0099200433528705	VPS52	c11
5.18999031896662e-09	0.243308646009471	0.122	0.183	0.000189958835664497	FYTTD1	c11
1.14475883687884e-06	0.243085488942895	0.188	0.26	0.0418993181886024	DNMT1	c11
1.563804587712e-19	0.242884769035117	0.046	0.109	5.72368117148468e-15	MAP3K13	c11
1.13928192788789e-14	0.242556075058367	0.062	0.12	4.16988578426248e-10	DENND10	c11
9.65552976129907e-16	0.242483681852954	0.059	0.119	3.53402044793307e-11	PSMG1	c11
8.32023675272532e-08	0.242258829480206	0.175	0.248	0.00304528985386499	MIER1	c11
1.22366387872393e-14	0.242213577567325	0.039	0.086	4.47873216251745e-10	GSTM4	c11
3.43420489364757e-22	0.241867764211662	0.062	0.139	1.25695333312395e-17	GALK1	c11
6.10539182396786e-09	0.241733535793302	0.157	0.229	0.000223463446149047	PCNP	c11
8.27956009903892e-09	0.241157505412908	0.032	0.062	0.000303040179184923	ENOX2	c11
6.02038818981582e-19	0.240876441873499	0.091	0.174	2.20352228135449e-14	ALG5	c11
2.61842616528172e-12	0.240577431066675	0.103	0.17	9.58370160754761e-08	EIF3J	c11
6.20132186328487e-10	0.240544819502369	0.107	0.167	2.2697458151809e-05	UBLCP1	c11
3.42180576537772e-08	0.240471841554764	0.262	0.375	0.0012524151281859	H2AFV	c11
1.07791813730654e-13	0.24039741263519	0.078	0.14	3.94528817435565e-09	PAF1	c11
3.05302335224094e-17	0.240306077070822	0.077	0.148	1.11743707715371e-12	RBMX2	c11
1.95452291087334e-17	0.240124346930304	0.121	0.211	7.15374930608752e-13	MRPS26	c11
1.80132757078639e-10	0.23924926441813	0.246	0.369	6.59303904183526e-06	EIF6	c11
7.99124042503414e-09	0.239225712137453	0.051	0.089	0.000292487390796674	POLR3C	c11
1.41997262634293e-10	0.239069936104446	0.164	0.248	5.19724180967776e-06	PTPN2	c11
1.67538781330664e-19	0.239042396232847	0.723	0.723	6.13208693548362e-15	RPS20	c11
1.29039080023318e-12	0.238933879983411	0.08	0.138	4.72295936793347e-08	LENG1	c11
7.55388759546107e-16	0.238566620930124	0.145	0.242	2.76479839881471e-11	DERL1	c11
2.64122072168088e-14	0.23835191456674	0.211	0.332	9.66713196342419e-10	MRPL43	c11
1.03424656932379e-11	0.238117391721903	0.038	0.078	3.78544586838201e-07	DNAJC30	c11
3.45938420841068e-13	0.23808469610606	0.089	0.153	1.26616921412039e-08	PRELID3B	c11
1.20827612806268e-18	0.236330330960377	0.173	0.293	4.42241145632223e-14	KXD1	c11
6.0810247035204e-10	0.236233756077705	0.068	0.115	2.2257158517355e-05	OXSR1	c11
6.29313893775531e-07	0.236163114669794	0.089	0.132	0.0230335178260782	CHORDC1	c11
4.40934492863804e-15	0.236016675670542	0.167	0.269	1.61386433733081e-10	DGCR6L	c11
5.35940156969805e-12	0.235805996665705	0.134	0.211	1.96159456852518e-07	SF3A3	c11
1.40983760900638e-07	0.234908813089169	0.143	0.205	0.00516014663272426	CEP57	c11
3.19042617031947e-13	0.234511063565948	0.074	0.132	1.16772788259863e-08	PSME3	c11
1.28836547615979e-08	0.23439867395232	0.143	0.211	0.000471554647929244	RECQL	c11
1.8002177016084e-19	0.234284278309836	0.117	0.212	6.5889768096569e-15	SMIM12	c11
1.48726665900279e-09	0.234269852175878	0.175	0.258	5.44354469861612e-05	BBX	c11
1.4366700793184e-08	0.233989300724337	0.038	0.07	0.000525835615731329	DUSP28	c11
3.62563847588478e-07	0.23356172809194	0.094	0.139	0.0132701993855859	CUL4A	c11
3.0279127592379e-10	0.23267333473117	0.022	0.051	1.10824634900866e-05	MFSD3	c11
4.99279159815434e-08	0.232542082981036	0.039	0.07	0.00182741165284047	METTL3	c11
1.74697736066373e-12	0.232517471170279	0.063	0.115	6.39411183776532e-08	ASPSCR1	c11
8.32560609944143e-14	0.231260115294949	0.149	0.24	3.04725508845656e-09	DNAJC7	c11
7.86182017129079e-11	0.231247234713243	0.118	0.184	2.87750480089414e-06	SMNDC1	c11
3.86100574761803e-07	0.231053536684692	0.096	0.141	0.0141316671368568	MLLT10	c11
2.61107800938919e-07	0.230815876544819	0.139	0.198	0.00955680662216538	CEBPZ	c11
2.38331828753923e-21	0.230684092004658	0.152	0.271	8.72318326422234e-17	SURF1	c11
7.30895864701896e-17	0.230536307019194	0.106	0.188	2.67515195439541e-12	HNRNPUL2	c11
2.59495210808517e-58	0.230026170911885	0.884	0.802	9.49778421080253e-54	EEF1B2	c11
1.56331229154179e-18	0.22995940280367	0.102	0.187	5.72187931827212e-14	COA8	c11
9.79059958956912e-11	0.229806870811238	0.078	0.131	3.58345735577819e-06	ASCC2	c11
1.30328767697583e-10	0.229759670159125	0.086	0.141	4.77016322649925e-06	SNAP23	c11
5.7116946746168e-19	0.229229474502233	0.089	0.17	2.0905373678565e-14	COA5	c11
1.8233250928045e-42	0.228941607599478	0.828	0.782	6.67355217217374e-38	RPL7	c11
1.58776756455877e-10	0.228398614447208	0.243	0.362	5.81138806304156e-06	RBIS	c11
1.64702032472027e-14	0.228155189102828	0.112	0.19	6.02825909050867e-10	UBE2V2	c11
1.61220694840661e-09	0.227956056016282	0.077	0.125	5.90083865186305e-05	PRPSAP1	c11
8.32616371989187e-12	0.227791699231869	0.036	0.076	3.04745918311762e-07	RRP9	c11
2.68525906570198e-07	0.227699415754725	0.059	0.093	0.00982831670637581	C12orf76	c11
6.89163432910674e-09	0.227164217431632	0.11	0.166	0.000252240708079636	SSRP1	c11
1.14733176548149e-11	0.226917682186012	0.095	0.157	4.1993489948388e-07	BLOC1S6	c11
5.70296168868182e-24	0.226432332138954	0.126	0.238	2.08734100767443e-19	PIN4	c11
6.07064324802228e-11	0.225588921490332	0.044	0.084	2.22191613520863e-06	ARV1	c11
1.44007216000507e-08	0.22554297837815	0.041	0.074	0.000527080811283454	RNF25	c11
4.57551917718842e-12	0.225328227508957	0.07	0.123	1.67468577404273e-07	AGA	c11
7.81527666593892e-16	0.22512576831451	0.048	0.103	2.86046941250031e-11	NFKBIL1	c11
1.07885618761695e-07	0.224161182276003	0.083	0.126	0.0039487215322968	TSPYL1	c11
2.78292310395206e-07	0.224008729685413	0.09	0.134	0.0101857768527749	RB1	c11
8.88358545822761e-16	0.223726198659391	0.716	0.718	3.25148111356589e-11	MIF	c11
1.19585437504741e-101	0.223683835638287	1	0.982	4.37694659811102e-97	EEF1A1	c11
6.66621829815248e-17	0.222524843110529	0.118	0.206	2.43990255930679e-12	RAB18	c11
4.19990339681272e-10	0.222421949841531	0.034	0.068	1.53720664226742e-05	TMEM192	c11
7.16006212293473e-07	0.222196278314558	0.033	0.059	0.0262065433761534	MED24	c11
9.07064850604484e-09	0.2216058610411	0.019	0.044	0.000331994805969747	TMEM185B	c11
1.43687375876627e-08	0.221339701294021	0.033	0.064	0.000525910164446043	LETM1	c11
1.23969841571242e-22	0.220657778975985	0.089	0.18	4.53742017134902e-18	EMG1	c11
3.78309112817484e-10	0.220612859517158	0.029	0.061	1.38464918382327e-05	MTG2	c11
1.99429609135884e-08	0.220462275672039	0.04	0.073	0.00072993231239825	RUSC1	c11
4.92888563112449e-09	0.22042669920365	0.025	0.053	0.000180402142984787	TICAM1	c11
1.10085407896782e-16	0.219814176397484	0.166	0.275	4.02923601443012e-12	SNRPE	c11
6.74693280698368e-17	0.219259235879549	0.052	0.112	2.4694448766841e-12	TM7SF3	c11
3.81474025882588e-07	0.219175845137652	0.024	0.047	0.0139623308213286	AC020915.2	c11
2.11432140338447e-13	0.219049075909398	0.209	0.325	7.73862776852751e-09	PCMT1	c11
7.25670830546584e-17	0.219045356236215	0.129	0.221	2.65602780688355e-12	TIPRL	c11
2.34062545543821e-12	0.218639824254646	0.17	0.264	8.5669232294494e-08	NT5C	c11
2.46978562109171e-08	0.218399105853969	0.021	0.046	0.000903966235175777	CLUH	c11
5.10161818492462e-47	0.218063202209592	0.971	0.912	1.86724327186426e-42	PTMA	c11
3.02463748619698e-09	0.217831402223452	0.072	0.117	0.000110704756632296	DPP8	c11
1.19521759088666e-12	0.217725165819246	0.028	0.066	4.37461590440425e-08	FUNDC1	c11
2.33945367290979e-24	0.217035407819263	0.131	0.247	8.56263438821711e-20	ZCRB1	c11
1.19805080913716e-12	0.216932591916646	0.151	0.238	4.38498576652292e-08	YPEL5	c11
4.16984214168819e-15	0.216798112729619	0.059	0.116	1.52620392227929e-10	NDUFAF2	c11
9.74193473339882e-10	0.216196288453294	0.032	0.065	3.5656455317713e-05	CMSS1	c11
3.68812707391298e-07	0.21549033544862	0.295	0.418	0.0134989139032289	SNRPG	c11
1.94866011967979e-07	0.215487533461774	0.109	0.158	0.00713229090403999	EPS15	c11
1.34649482842839e-45	0.215474828570389	0.934	0.892	4.92830572153074e-41	TXNIP	c11
1.27347305189532e-07	0.215453302159748	0.061	0.098	0.00466103871724205	YY1AP1	c11
6.87777688720723e-09	0.215208098891677	0.501	0.531	0.000251733511848672	RNF213	c11
4.87920002385179e-08	0.215101255017496	0.054	0.09	0.00178583600072999	RPAP3	c11
2.44811901842516e-102	0.214165408308548	0.997	0.924	8.96036041933793e-98	RPL32	c11
8.9918650251179e-14	0.213882451598063	0.078	0.14	3.2911125178434e-09	QTRT1	c11
9.10240711130664e-19	0.213855656489358	0.098	0.183	3.33157202680934e-14	SMIM19	c11
7.43047457886528e-11	0.213778681450036	0.184	0.276	2.71962800061048e-06	TMCO1	c11
1.47335665987239e-17	0.213757417580872	0.19	0.313	5.39263271079892e-13	NDUFAF3	c11
2.57011780299802e-19	0.213748326821491	0.122	0.219	9.40688817075306e-15	MAPRE1	c11
3.49845987611439e-14	0.213578434009518	0.067	0.126	1.28047129925663e-09	POLR2H	c11
5.82543969448519e-11	0.213497236192623	0.076	0.128	2.13216918257853e-06	AIDA	c11
1.31981555884143e-07	0.213265415181742	0.037	0.066	0.00483065692691551	JAKMIP2	c11
1.81383526000407e-13	0.213127046095023	0.759	0.74	6.6388184351409e-09	ATP5MG	c11
7.02416455617271e-13	0.213106939584626	0.089	0.153	2.57091446920477e-08	CLPTM1	c11
3.04513683418677e-20	0.212970719649169	0.185	0.316	1.1145505326807e-15	LSM3	c11
1.06931491418511e-10	0.212954147680773	0.073	0.123	3.91379951740893e-06	TMEM106C	c11
9.44883818059537e-07	0.212744733395515	0.039	0.067	0.0345836926247971	UBAP2	c11
1.95086444465141e-13	0.212639859632695	0.176	0.277	7.14035895386861e-09	ORMDL1	c11
3.73088471439731e-22	0.212477743268047	0.139	0.252	1.36554111431656e-17	UBL7	c11
1.55636108476815e-13	0.212354310078977	0.062	0.117	5.69643720635992e-09	RABL6	c11
1.97785466133393e-16	0.211942974563238	0.18	0.294	7.23914584594832e-12	NME3	c11
1.77813184941108e-17	0.211910368485066	0.921	0.895	6.50814038202948e-13	ACTG1	c11
1.12739379899004e-08	0.211847074146878	0.026	0.054	0.000412637404368345	COG7	c11
4.81502365239688e-08	0.21162795501371	0.057	0.094	0.00176234680701378	PI4KB	c11
5.29848992394575e-07	0.211528421969988	0.277	0.39	0.0193930029706339	GPI	c11
5.1891486785124e-10	0.210983159661351	0.041	0.078	1.89928030782233e-05	C3orf38	c11
2.0608550012534e-07	0.210459164740325	0.046	0.077	0.00754293539008758	DDX19A	c11
2.00373292586653e-13	0.210193992903299	0.06	0.114	7.33386288196409e-09	CFAP410	c11
5.15044563354329e-10	0.210135042041253	0.044	0.082	1.88511460633318e-05	PPM1A	c11
4.81936598813385e-07	0.20997269822043	0.057	0.09	0.0176393614531687	TCTN3	c11
6.63766837062902e-25	0.20961650513349	0.149	0.276	2.42945300033393e-20	COMMD1	c11
1.27866785156392e-22	0.209366850944112	0.876	0.804	4.68005220350912e-18	ATP5F1E	c11
3.69984216935367e-20	0.209025754316978	0.113	0.209	1.35417923240514e-15	ACTR1A	c11
7.62253846872812e-09	0.209011336412575	0.076	0.122	0.000278992530493918	NOL12	c11
2.76046758327057e-18	0.208707216109315	0.099	0.182	1.01035874015286e-13	DNAJB11	c11
2.43932797328165e-13	0.20828716041541	0.059	0.112	8.92818431500815e-09	DHRS1	c11
1.64072896908688e-21	0.208208822101421	0.171	0.298	6.00523209975487e-17	MRPS7	c11
8.37801669122843e-12	0.208164578157872	0.177	0.27	3.06643788915652e-07	EIF4H	c11
4.73673395483863e-10	0.208082539218649	0.053	0.094	1.73369199481049e-05	TANGO2	c11
3.461999204177e-18	0.2080367334196	0.19	0.316	1.26712632872083e-13	LSM10	c11
1.56325459418412e-13	0.207989716552282	0.11	0.183	5.72166814017329e-09	COMMD8	c11
1.72181235287295e-74	0.207949798102838	0.975	0.868	6.3020053927503e-70	RPS5	c11
1.26130918594624e-06	0.207891796319888	0.036	0.062	0.0461651775148183	TIMM44	c11
8.21141425636861e-14	0.207879739521815	0.041	0.088	3.00545973197347e-09	DPM1	c11
2.15398788999953e-09	0.20699162391519	0.154	0.229	7.88381107618729e-05	CGGBP1	c11
3.25095365772354e-21	0.206678756522126	0.093	0.182	1.18988154826339e-16	MRPL22	c11
4.49867320219956e-07	0.206623303595537	0.069	0.105	0.0164655937873706	KLF13	c11
2.65829824084349e-10	0.206549448695326	0.078	0.129	9.72963739131126e-06	CASC4	c11
2.73893309981909e-12	0.206503308516962	0.209	0.319	1.00247690386479e-07	LSM8	c11
1.75959350997847e-08	0.205617033172192	0.085	0.132	0.00064402882058722	KIF22	c11
3.16665217272593e-13	0.205562516148215	0.086	0.149	1.15902636173942e-08	DTX3L	c11
2.80153440565228e-08	0.205550176678988	0.06	0.099	0.00102538960781279	SUPT7L	c11
7.92732865961198e-07	0.20538638411671	0.031	0.056	0.0290148156270458	FMR1	c11
1.3924072799883e-10	0.205062678919095	0.052	0.095	5.09634988548517e-06	CHTF8	c11
6.40237220963479e-09	0.204984817986458	0.281	0.41	0.000234333225244843	PDCD6	c11
5.58982918095121e-14	0.204392218641921	0.245	0.381	2.04593337851995e-09	NHP2	c11
1.03073753825791e-07	0.204322218285218	0.028	0.054	0.00377260246377778	FOXRED1	c11
4.28512266246342e-18	0.20389953680289	0.08	0.154	1.56839774568824e-13	GPATCH11	c11
6.63833659433115e-12	0.203810129105566	0.06	0.109	2.42969757689114e-07	TMEM189	c11
1.46302882677992e-07	0.203736435560025	0.033	0.06	0.00535483180889719	POMC	c11
2.36784180667904e-08	0.203618926722459	0.029	0.057	0.000866653779662596	UBALD2	c11
1.15079685211797e-16	0.203565583693445	0.049	0.106	4.21203155843697e-12	ALKBH3	c11
7.33630267309601e-08	0.203560931824628	0.138	0.199	0.00268516014137987	SAFB2	c11
6.4403185367153e-16	0.203551816501371	0.103	0.181	2.35722098762317e-11	PPM1M	c11
7.43822007212476e-17	0.203421279290024	0.22	0.354	2.72246292859838e-12	MEA1	c11
3.23619429892205e-11	0.203384660698957	0.101	0.163	1.18447947534846e-06	HNRNPH2	c11
3.59948620739477e-08	0.203158292138245	0.038	0.069	0.00131744794676856	KYAT3	c11
5.93771874020688e-12	0.202818885752359	0.047	0.091	2.17326443610312e-07	OAT	c11
3.29657134843994e-09	0.202793166459486	0.061	0.102	0.00012065780792425	UBAP1	c11
1.18742845241192e-08	0.202169305090215	0.012	0.033	0.000434610687867287	SORD	c11
3.45165352436891e-10	0.201859825177742	0.08	0.13	1.26333970645427e-05	EIF1AY	c11
5.00988460838135e-15	0.201740923860819	0.049	0.102	1.83366786551366e-10	STX18	c11
1.22174415029143e-18	0.201682265450107	0.08	0.156	4.47170576448168e-14	RABIF	c11
1.28745186472484e-09	0.201608958593165	0.054	0.095	4.71220257007938e-05	E2F4	c11
6.98335191916564e-08	0.201339515978611	0.011	0.03	0.00255597663593381	FADS3	c11
3.314218392066e-07	0.201236841938333	0.058	0.092	0.0121303707368007	RNF6	c11
2.01593381679339e-14	0.201051017168585	0.196	0.309	7.37851936284549e-10	POLR2I	c11
3.02593191496274e-09	0.201001849747433	0.106	0.162	0.000110752134019551	STARD3	c11
1.92044627635962e-17	0.200972155115072	0.153	0.258	7.02902541610383e-13	PFDN1	c11
1.10999674138568e-17	0.200854110501977	0.079	0.151	4.06269907314573e-13	BLCAP	c11
1.27789267975758e-15	0.200781341552619	0.087	0.158	4.67721499718071e-11	RING1	c11
2.43416731070789e-13	0.200400431674637	0.027	0.066	8.90929577392194e-09	AC105446.1	c11
7.01668658508207e-08	0.200281796825827	0.114	0.168	0.00256817745700589	GNPTAB	c11
3.9559941770873e-10	0.199894287518115	0.245	0.36	1.44793342875572e-05	METTL26	c11
1.73327033240445e-10	0.199792723175905	0.231	0.341	6.34394274363351e-06	HM13	c11
1.26809410849068e-15	0.199274103224796	0.113	0.195	4.64135124648675e-11	LLPH	c11
1.82920456955207e-09	0.199219788956585	0.116	0.176	6.69507164501752e-05	DNAJC2	c11
8.66319682171442e-20	0.199149748102755	0.168	0.288	3.17081666871569e-15	RANBP1	c11
2.14916529108545e-10	0.199094717565544	0.047	0.088	7.86615988190187e-06	GTF2H3	c11
1.13432366776856e-09	0.199080633606748	0.172	0.252	4.15173805639969e-05	NBEAL1	c11
1.83976315752692e-09	0.199044308736037	0.077	0.124	6.73371713286429e-05	UBA3	c11
2.83545893089454e-15	0.198744093564799	0.175	0.28	1.03780632329671e-10	MRFAP1	c11
3.67998991185482e-16	0.197825391710249	0.105	0.185	1.34691310763798e-11	TMEM183A	c11
1.36839314168992e-24	0.19781396073943	0.09	0.186	5.00845573789928e-20	MRPL12	c11
2.02319280820822e-09	0.197639211619268	0.093	0.145	7.40508799732292e-05	ABCE1	c11
5.14482025187988e-12	0.197524086017677	0.123	0.195	1.88305566039056e-07	HPRT1	c11
1.81171309473054e-49	0.19747211821555	0.975	0.895	6.63105109802326e-45	RPLP0	c11
1.22968524097862e-08	0.197367449019213	0.066	0.108	0.000450077095050586	IREB2	c11
9.85196657232703e-29	0.197024778716143	0.133	0.261	3.60591828513741e-24	TIMM13	c11
3.56741901094262e-20	0.196588206761063	0.069	0.144	1.30571103219511e-15	MRPS22	c11
1.929615635037e-19	0.196008255308816	0.096	0.182	7.06258618579893e-15	MRPS10	c11
3.29760141235817e-11	0.195669570355468	0.094	0.153	1.20695509293721e-06	ATG5	c11
4.2137979246389e-13	0.195655490278537	0.045	0.092	1.54229217839708e-08	FAHD2A	c11
3.85046642721695e-07	0.195447557195057	0.05	0.082	0.0140930921702568	CCDC97	c11
3.11395420363695e-07	0.195279027758202	0.047	0.079	0.0113973837807316	GFPT1	c11
1.3818192458834e-17	0.19514367819228	0.204	0.333	5.05759662185785e-13	FLOT1	c11
1.79107386333857e-09	0.194939081978994	0.033	0.065	6.5555094472055e-05	GOT1	c11
4.13922820826934e-19	0.194495655735786	0.187	0.313	1.51499891650866e-14	LSM2	c11
1.15567682314034e-08	0.194244232390936	0.072	0.115	0.000422989274037594	OARD1	c11
7.17621007766046e-10	0.194004055137675	0.156	0.233	2.62656465052451e-05	YME1L1	c11
4.72192423643127e-13	0.193989478689831	0.174	0.272	1.72827148977621e-08	PSMD2	c11
3.93806358649018e-07	0.193475482889677	0.044	0.073	0.0144137065329127	SIKE1	c11
4.06949976081091e-08	0.193461869746685	0.109	0.162	0.0014894776074544	C19orf25	c11
1.47607646094737e-08	0.193445300965667	0.096	0.146	0.000540258745471347	ILKAP	c11
1.61874935500074e-11	0.19337319895399	0.062	0.111	5.92478451423819e-07	VTA1	c11
1.24969315714166e-06	0.1931444157385	0.063	0.097	0.0457400192445418	WASHC2A	c11
3.88405663778352e-09	0.19312924283099	0.018	0.043	0.000142160356999515	ATP13A2	c11
5.11255046936515e-16	0.192998428386136	0.146	0.244	1.87124459729234e-11	TRAPPC4	c11
1.50078226488863e-25	0.192621709188906	0.14	0.264	5.49301316771888e-21	AKR7A2	c11
3.35156218143097e-18	0.192480264978725	0.036	0.09	1.22670527402555e-13	POLR3H	c11
3.19471992901787e-18	0.192220484833075	0.074	0.145	1.16929944121983e-13	NTMT1	c11
1.43246981754669e-17	0.192131198205868	0.157	0.264	5.24298277920263e-13	RILPL2	c11
1.8007796126017e-20	0.192125777025237	0.102	0.194	6.59103346008349e-16	BCAP29	c11
2.23423472630841e-13	0.191879821247344	0.037	0.081	8.17752252176139e-09	TGFBR1	c11
1.23174744205269e-20	0.191842725752965	0.129	0.232	4.50831881265704e-16	STX4	c11
5.27211393788211e-25	0.19157330359368	0.11	0.217	1.92964642240423e-20	DNAJC4	c11
1.12509495135921e-15	0.191528483104418	0.107	0.186	4.11796003146983e-11	SYAP1	c11
7.97340686207964e-09	0.191304397019476	0.082	0.129	0.000291834664558977	ARL14EP	c11
7.47461769504493e-10	0.191229519570959	0.083	0.133	2.7357848225634e-05	PRPF38A	c11
7.20662690844901e-22	0.191176687113746	0.175	0.306	2.63769751476142e-17	ILK	c11
1.58667677160383e-11	0.191140503959057	0.066	0.117	5.80739565174716e-07	AK3	c11
5.69232176354213e-16	0.191106633316314	0.115	0.198	2.08344668867406e-11	COX20	c11
9.30564899949674e-07	0.191051645062384	0.046	0.075	0.034059605903058	COX11	c11
8.26479124266492e-23	0.190285801437919	0.164	0.292	3.02499624272779e-18	BAG1	c11
1.10395894073103e-12	0.190265691935766	0.053	0.102	4.04060011896965e-08	IKBIP	c11
8.08234892741059e-10	0.190012041427289	0.047	0.085	2.95822053092155e-05	RNF8	c11
1.4630436248303e-11	0.189959077532127	0.106	0.171	5.35488597124138e-07	PRKAR2A	c11
2.22355115324216e-12	0.189952204687499	0.243	0.37	8.13841957598163e-08	RAB5IF	c11
2.65111449028554e-08	0.189951420150218	0.105	0.158	0.00097033441458941	CNOT1	c11
1.00402151126693e-16	0.189615652277127	0.087	0.161	3.6748191333881e-12	CHCHD3	c11
3.27182185033109e-26	0.189597672962561	0.11	0.221	1.19751951543968e-21	YIF1B	c11
3.95789143226756e-11	0.189553160251148	0.046	0.088	1.44862784312425e-06	AIFM1	c11
1.59530659139098e-12	0.18948803455044	0.088	0.15	5.83898165515012e-08	IRF2BP2	c11
9.14114445763625e-09	0.188844983505941	0.066	0.108	0.000334575028293944	MTF2	c11
1.47866447708321e-09	0.188623221457114	0.025	0.054	5.41205985257225e-05	EMC9	c11
3.82366269611682e-22	0.188584478289423	0.112	0.212	1.39949878340572e-17	ZDHHC12	c11
1.79152218740625e-09	0.188570035655359	0.062	0.105	6.55715035812562e-05	PTPA	c11
8.84995857696856e-11	0.188316939154975	0.074	0.125	3.23917333875626e-06	MRPL42	c11
1.51923027664802e-07	0.188067565736809	0.288	0.408	0.00556053473555941	SCP2	c11
4.36965465337962e-11	0.18776258487755	0.062	0.11	1.59933729968347e-06	ATXN10	c11
8.21357251050679e-16	0.187740096646125	0.074	0.141	3.00624967457059e-11	SEC22B	c11
4.79456785000066e-10	0.187554525991499	0.077	0.127	1.75485977877874e-05	OSBPL9	c11
1.55291736237594e-21	0.187182393114174	0.176	0.306	5.68383283803218e-17	PSENEN	c11
3.47144643458778e-10	0.187120656318476	0.034	0.069	1.27058410952347e-05	EIF1AD	c11
1.01996266165096e-07	0.187069976047546	0.03	0.056	0.00373316533790867	RNF2	c11
5.03404106362844e-07	0.18692017218943	0.052	0.084	0.0184250936969864	PHF6	c11
1.99152506131672e-10	0.186773908876067	0.05	0.091	7.28918087692533e-06	TRIM26	c11
4.76129200423995e-22	0.186715958121642	0.063	0.139	1.74268048647186e-17	UBALD1	c11
9.9376327832997e-09	0.185842410698522	0.089	0.138	0.000363727297501552	GOLPH3	c11
1.42371325246562e-10	0.185621137470711	0.142	0.216	5.2109328753494e-06	NRBP1	c11
9.68782481222527e-14	0.185507961203919	0.182	0.285	3.54584075952257e-09	YY1	c11
9.06962180068125e-17	0.185341802278864	0.061	0.124	3.31957227526734e-12	DFFA	c11
3.88029571609784e-24	0.185333120437027	0.048	0.122	1.42022703504897e-19	TMED1	c11
1.25184868329345e-18	0.18514473960596	0.053	0.117	4.58189136572237e-14	ITGAM	c11
1.44235958480679e-16	0.184700923244321	0.058	0.12	5.27918031635132e-12	RABEPK	c11
2.9415038531156e-10	0.184696853346331	0.024	0.054	1.07661982527884e-05	GSK3A	c11
5.66622027231883e-12	0.18424366047134	0.792	0.766	2.07389328187142e-07	ATP5MC2	c11
2.54100214136907e-07	0.183551607979315	0.178	0.249	0.00930032193762495	REST	c11
3.80278497666177e-09	0.18341587821384	0.015	0.039	0.000139185732930797	UBE2M	c11
1.10448949166018e-09	0.182894965729837	0.274	0.402	4.04254198842544e-05	TMEM230	c11
1.49680261001957e-07	0.18260013757245	0.083	0.125	0.00547844723293263	GNPAT	c11
1.10543432135349e-09	0.181847069381135	0.111	0.17	4.04600015958591e-05	OXLD1	c11
9.41518778869665e-11	0.18153974463976	0.054	0.098	3.44605288254086e-06	SUCLA2	c11
5.41272351089544e-09	0.181278806929191	0.116	0.174	0.000198111093222284	LYST	c11
2.90207260931804e-08	0.181272683634074	0.221	0.313	0.0010621875957365	ACTN4	c11
1.99656520331279e-13	0.181230039366616	0.859	0.788	7.30762830064514e-09	HSP90AA1	c11
3.92224672336004e-09	0.181124556016931	0.044	0.079	0.000143558152321701	RPS6KA4	c11
4.47748887237104e-19	0.181014788155717	0.084	0.163	1.63880570217653e-14	PLGRKT	c11
3.76708594594616e-25	0.180898331415726	0.13	0.247	1.37879112707575e-20	SRA1	c11
1.47895498908443e-07	0.180853238487484	0.035	0.063	0.00541312315554794	ITGB3BP	c11
2.49268147766554e-21	0.180735083128686	0.173	0.301	9.12346347640365e-17	SUCLG1	c11
2.71311136677131e-11	0.180630793657396	0.03	0.067	9.93025891351968e-07	TMLHE	c11
2.24487510374724e-16	0.180263134483293	0.04	0.093	8.21646736722528e-12	PLOD1	c11
1.07499408980293e-08	0.179424717672314	0.111	0.167	0.000393458586808772	CHIC2	c11
1.25290662770747e-06	0.179368867532624	0.124	0.175	0.0458576354807209	FIP1L1	c11
1.74023774923585e-14	0.179366356921721	0.116	0.194	6.36944418597815e-10	NCK1	c11
9.54807591478297e-07	0.179088800917533	0.013	0.031	0.0349469126556972	SLC25A14	c11
9.87141826197764e-15	0.178947481940763	0.078	0.142	3.61303779806643e-10	PEX11B	c11
1.13189566051857e-27	0.178652861318995	0.071	0.164	4.142851307064e-23	AK6	c11
3.34050922834682e-14	0.177083826454822	0.23	0.358	1.22265978266722e-09	PDCD5	c11
4.98388992277372e-18	0.17686598358129	0.058	0.123	1.82415355063441e-13	BORCS8	c11
1.48033720095545e-07	0.1768621780588	0.055	0.09	0.00541818218921704	CCDC88B	c11
3.49000416868533e-14	0.176786464571005	0.13	0.213	1.27737642578052e-09	PPP1R15A	c11
2.58776125846845e-15	0.176170590924055	0.066	0.127	9.47146498212039e-11	ELOA	c11
7.58055498091105e-18	0.175673932158352	0.167	0.279	2.77455892856325e-13	MPG	c11
8.17456483178387e-08	0.1746378287334	0.279	0.398	0.00299197247408121	GHITM	c11
1.58953678223669e-12	0.174572893603947	0.068	0.122	5.81786357666449e-08	PLEKHA2	c11
6.1857150480513e-17	0.173816238886705	0.063	0.127	2.26403356473726e-12	SRPRB	c11
5.22894998913603e-08	0.173574355393789	0.055	0.09	0.00191384798552368	TRAFD1	c11
9.81115109437661e-15	0.173266893291744	0.061	0.119	3.59097941205278e-10	YKT6	c11
6.49727759005852e-10	0.173123051216688	0.085	0.137	2.37806857073732e-05	OAS2	c11
5.04894278642249e-09	0.172411844179489	0.11	0.167	0.00018479635492585	WDR33	c11
1.3109760468303e-19	0.172232686610706	0.19	0.319	4.79830342900357e-15	MMADHC	c11
3.50172074025111e-09	0.17219220580632	0.142	0.21	0.000128166480813931	LUC7L2	c11
8.21300576356981e-08	0.172166987926776	0.169	0.238	0.00300604223952419	FGFR1OP2	c11
1.9213979084461e-11	0.171234646526749	0.059	0.107	7.03250848470359e-07	ELAVL1	c11
9.86149095645156e-14	0.171172811916621	0.116	0.192	3.60940430497084e-09	CAPN1	c11
1.05352051887777e-14	0.171122203842921	0.05	0.103	3.85599045114454e-10	CRIPT	c11
2.35740164135482e-08	0.171102365830482	0.06	0.098	0.000862832574752277	PMPCA	c11
1.66204844972197e-21	0.171008190843938	0.12	0.221	6.08326353082739e-17	LAGE3	c11
2.1112969174041e-08	0.1705686256217	0.041	0.074	0.000772755784739074	OSBPL2	c11
6.13604557698953e-17	0.170408867004242	0.095	0.173	2.24585404163394e-12	NBN	c11
2.24697310238271e-14	0.169751513223543	0.23	0.356	8.22414625203095e-10	IGBP1	c11
2.99051530329841e-12	0.169262410403261	0.092	0.153	1.09455850616025e-07	COMTD1	c11
1.58776946493265e-16	0.169137065852454	0.076	0.145	5.8113950186e-12	DCTD	c11
1.41787925976558e-12	0.169090491264644	0.054	0.102	5.189579878668e-08	CYHR1	c11
8.90959132820065e-16	0.168896922464556	0.126	0.213	3.26099952203472e-11	EFCAB14	c11
8.97351716956491e-17	0.168154430053047	0.201	0.325	3.28439701923245e-12	MRPS24	c11
1.44879617990591e-10	0.168139371705941	0.173	0.26	5.30273889807363e-06	RIOK3	c11
1.9444251363233e-18	0.167959415390439	0.095	0.177	7.11679044145692e-14	TMEM126B	c11
1.40614340001808e-12	0.167765520179041	0.137	0.217	5.14662545840616e-08	NAAA	c11
2.08906928040034e-11	0.167678717165297	0.143	0.22	7.6462024731933e-07	PMPCB	c11
4.18917307151042e-17	0.167523531810581	0.057	0.118	1.53327923590353e-12	DEDD	c11
8.05673837254086e-10	0.16735224362926	0.278	0.409	2.94884681173368e-05	NDUFS8	c11
1.700498912688e-12	0.167072876111785	0.072	0.127	6.22399607032934e-08	BRD9	c11
1.16386037014047e-16	0.166958385144818	0.077	0.145	4.25984534075113e-12	PRKAG1	c11
9.50478972785553e-09	0.166739375034885	0.05	0.086	0.00034788480882924	RPS10	c11
1.61335383608257e-17	0.166024745787817	0.059	0.123	5.90503637544583e-13	C8orf76	c11
2.05061933887407e-26	0.165815197801983	0.116	0.23	7.50547184221299e-22	MRPL55	c11
7.51946804100424e-12	0.165613299387611	0.242	0.364	2.75220049768796e-07	XRN2	c11
6.25161128352286e-09	0.165547816158331	0.178	0.257	0.00022881522458822	RBBP4	c11
2.66795021489604e-15	0.16529398766374	0.071	0.134	9.76496458154101e-11	MZT1	c11
1.31536348386314e-06	0.165272611955068	0.057	0.089	0.0481436188728748	SART3	c11
9.8470192356219e-08	0.165254438712369	0.035	0.063	0.00360410751042997	FCF1	c11
1.03423095802992e-08	0.165172843583167	0.284	0.41	0.000378538872948531	AUP1	c11
4.51659712302805e-08	0.164903287262407	0.031	0.06	0.0016531197129995	AASDH	c11
3.35035130697424e-07	0.164609368173996	0.011	0.028	0.0122626208186564	FAM89B	c11
3.22204823832454e-21	0.16383646891384	0.107	0.203	1.17930187570917e-16	MRPL36	c11
1.59087928487922e-09	0.163406819988512	0.746	0.747	5.82277727058645e-05	COX7C	c11
1.74955031514298e-21	0.162901023357618	0.083	0.167	6.40352910845482e-17	RAD23B	c11
2.3765137528738e-20	0.162793988689546	0.092	0.178	8.69827798689341e-16	LZIC	c11
1.00071886358547e-10	0.162693303701098	0.018	0.047	3.66273111260918e-06	GAS7	c11
3.78772293189644e-14	0.162014414844573	0.065	0.122	1.38634447030341e-09	UFSP2	c11
2.11273286891764e-14	0.161912983701758	0.237	0.37	7.73281357352545e-10	CYCS	c11
1.11198051154448e-10	0.161901877560978	0.049	0.09	4.06995987030396e-06	EIF2B4	c11
1.30076407838813e-11	0.161722780781755	0.263	0.395	4.76092660330841e-07	PSMD7	c11
1.47491444924698e-08	0.161426993704077	0.192	0.275	0.000539833437568888	PTPN1	c11
2.80042939747997e-14	0.161392787484005	0.032	0.075	1.02498516377164e-09	UBE2Q1	c11
4.50075913892489e-23	0.161075899390465	0.165	0.293	1.6473228524379e-18	TRAPPC2L	c11
1.75338290519425e-08	0.16077093934285	0.25	0.357	0.000641755677130146	CSNK1A1	c11
2.98237556488368e-09	0.16046690351435	0.081	0.129	0.000109157928050308	ARL16	c11
8.23496129143195e-11	0.160390148157745	0.059	0.105	3.01407818227701e-06	TMEM138	c11
6.80844012485218e-15	0.160361739967225	0.063	0.121	2.49195717009715e-10	FAM3A	c11
1.1375019747512e-21	0.160360135720197	0.054	0.126	4.16337097778688e-17	ZDHHC4	c11
9.78801902093034e-07	0.16029449067242	0.018	0.038	0.0358251284185071	DSN1	c11
4.26452534571703e-23	0.160264337319494	0.135	0.249	1.56085892178589e-18	IFI35	c11
1.03235809102419e-10	0.159992372082599	0.052	0.096	3.77853384895763e-06	STT3A	c11
1.95079475418365e-26	0.159967284293574	0.123	0.241	7.14010387978756e-22	MMP24OS	c11
3.15499512764454e-20	0.159880272039699	0.103	0.194	1.15475976666918e-15	JAGN1	c11
1.17189982544452e-10	0.159512960725025	0.085	0.139	4.28927055110948e-06	CDS2	c11
6.63496472459656e-17	0.159069278879239	0.132	0.225	2.42846343884959e-12	NSFL1C	c11
2.13352063761869e-13	0.158600779704295	0.108	0.18	7.80889888574815e-09	POLE3	c11
9.19183046954643e-10	0.158577019005584	0.038	0.073	3.36430187015869e-05	DOHH	c11
2.18748742810672e-11	0.158514572298498	0.043	0.085	8.00642273561341e-07	LYRM4	c11
1.15295301783969e-12	0.158389194766964	0.068	0.122	4.21992334059506e-08	DDX42	c11
1.74638767995856e-07	0.158283096998234	0.126	0.18	0.00639195354741631	FAM133B	c11
8.60242115226888e-14	0.158128527992392	0.142	0.228	3.14857216594193e-09	OLA1	c11
6.46842064007305e-13	0.157856882440712	0.146	0.23	2.36750663847314e-08	ZNF24	c11
4.55563654164669e-07	0.157749826425577	0.079	0.119	0.0166740853060811	TBC1D10A	c11
1.00418830395816e-07	0.157693754745599	0.03	0.057	0.00367542961131728	BBS7	c11
7.09050245890108e-17	0.157659919519378	0.071	0.138	2.59519480498239e-12	ZPR1	c11
2.31906919897305e-08	0.157655683707634	0.082	0.127	0.000848802517516127	MAP4K5	c11
9.30254382465953e-07	0.15745675125189	0.132	0.185	0.0340482406526364	FOXN3	c11
1.68566045189808e-09	0.157392800413953	0.293	0.421	6.16968581999218e-05	CARD16	c11
4.7664534837158e-13	0.157253904607094	0.085	0.148	1.74456963957482e-08	PABPN1	c11
6.56807984565635e-19	0.157100572165627	0.174	0.293	2.40398290430868e-14	ERLEC1	c11
2.41891054699346e-25	0.15693923932737	0.077	0.168	8.85345449305076e-21	MOSPD3	c11
3.04921234515259e-15	0.156403632561252	0.139	0.23	1.1160422104493e-10	NUDT5	c11
9.92140944237678e-20	0.15639889908864	0.147	0.256	3.63133507000433e-15	TTC1	c11
2.19884983115512e-10	0.156154693711867	0.037	0.074	8.04801026701084e-06	CPSF3	c11
3.75319396783625e-11	0.156135697043395	0.934	0.858	1.37370652416774e-06	PPIA	c11
7.1989619229472e-12	0.155990888185426	0.052	0.098	2.6348920534179e-07	UBL4A	c11
2.00209556802384e-09	0.15576933938378	0.028	0.059	7.32786998852404e-05	HEXD	c11
3.13741860520746e-08	0.154797780290564	0.053	0.089	0.00114832658369198	CDK10	c11
5.52561514289348e-16	0.154597447582059	0.048	0.103	2.02243039845044e-11	BRD7	c11
3.94966066003759e-12	0.154574691822012	0.079	0.136	1.44561529818036e-07	PUM3	c11
6.44203685870957e-35	0.153800889621251	0.855	0.799	2.35784991065629e-30	RPL4	c11
1.06288711185389e-06	0.153710819614491	0.033	0.058	0.0389027311809641	OMA1	c11
5.99295114601552e-07	0.153552046155056	0.334	0.466	0.0219348004895314	ERH	c11
6.6256269887686e-13	0.153405120454675	0.238	0.365	2.4250457341592e-08	MAP1LC3B	c11
4.35258646001134e-08	0.15310084014399	0.03	0.057	0.00159309017022875	TRIP4	c11
2.69101031968892e-11	0.152879279548283	0.243	0.362	9.84936687109341e-07	PET100	c11
3.3256869829688e-13	0.152844560723693	0.076	0.135	1.21723469263641e-08	DHX30	c11
5.26349596493783e-10	0.152399867735785	0.072	0.119	1.9264921581269e-05	GLYR1	c11
1.2234678886307e-07	0.152029545521293	0.046	0.078	0.00447801481917723	ALKBH6	c11
7.45761363664982e-19	0.151750168176739	0.207	0.342	2.7295611671502e-14	CNPY2	c11
3.00328544757855e-09	0.149935867196715	0.056	0.097	0.000109923250666823	GART	c11
1.02288905560309e-09	0.149750848360144	0.055	0.097	3.74387623241286e-05	DHX8	c11
1.63463124119103e-08	0.149446108228123	0.081	0.126	0.000598291380588328	ASCC3	c11
7.76789953992113e-08	0.149312025682345	0.19	0.267	0.00284312891060653	BPTF	c11
2.47823761305611e-13	0.147766660406477	0.168	0.263	9.07059748754665e-09	EPRS	c11
1.47212346783102e-15	0.147621494293911	0.069	0.131	5.38811910460832e-11	VPS26C	c11
6.27739346952122e-18	0.147550873064874	0.169	0.283	2.29758878377946e-13	KCNAB2	c11
1.85792751737125e-08	0.147435712705796	0.074	0.118	0.00068002005063305	NOP14	c11
4.10793189176903e-12	0.147366643566359	0.069	0.122	1.50354415170638e-07	FAM104A	c11
2.06603365031398e-16	0.147313547732292	0.166	0.273	7.5618897635142e-12	DNAJA2	c11
6.40706228733616e-11	0.14720096771357	0.219	0.323	2.34504886778791e-06	BAZ1A	c11
1.8724106299786e-09	0.146984874507849	0.904	0.836	6.85321014678467e-05	PFDN5	c11
7.78598688113583e-08	0.146892781146597	0.3	0.427	0.00284974905836452	PSMA1	c11
1.95130164503545e-07	0.146680582147537	0.08	0.121	0.00714195915099425	RNF4	c11
2.17201798997302e-15	0.146499848403211	0.154	0.251	7.94980304510025e-11	PYCR2	c11
6.28500500922764e-09	0.14648308334361	0.16	0.232	0.000230037468342741	ANAPC5	c11
1.33472365196373e-24	0.14631240898431	0.124	0.235	4.88522203855245e-20	DDT	c11
6.59675717558676e-13	0.146214297188385	0.077	0.136	2.41447909383651e-08	ZRSR2	c11
5.78591183996572e-13	0.14593419018289	0.069	0.125	2.11770159254585e-08	SCFD1	c11
1.23493128957527e-18	0.145629051296052	0.778	0.761	4.51997201297446e-14	NPM1	c11
1.21431282602906e-26	0.145438692382799	0.074	0.166	4.44450637454896e-22	MPST	c11
7.2915770662134e-08	0.145338431236765	0.164	0.232	0.00266879012200477	SENP6	c11
1.83107004407882e-21	0.145276556207075	0.163	0.285	6.70189946833289e-17	COX16	c11
7.80175469316355e-07	0.144972418555947	0.028	0.051	0.0285552023524479	SLC9A6	c11
7.25641721736536e-22	0.144962730243542	0.128	0.235	2.6559212657279e-17	MRPS36	c11
3.14541937212132e-09	0.144865953683614	0.187	0.271	0.000115125494439013	ERICH1	c11
1.19801789568542e-12	0.144830958636515	0.042	0.087	4.38486529999819e-08	TPRA1	c11
1.41970045530698e-14	0.144663653950914	0.047	0.097	5.19624563646907e-10	IFT27	c11
3.01273095082017e-11	0.143892054609014	0.046	0.088	1.10268965530969e-06	C8orf33	c11
3.79450530284182e-10	0.143583048237337	0.085	0.137	1.38882688589314e-05	NOB1	c11
2.18894658674276e-18	0.143518353385908	0.099	0.183	8.01176340213719e-14	QARS	c11
1.69516768530978e-08	0.143226869445943	0.051	0.087	0.000620448324500233	PRKRIP1	c11
8.78313404596493e-11	0.143160109588497	0.252	0.371	3.21471489216363e-06	POLR1D	c11
5.99783038826844e-10	0.143012769915126	0.048	0.088	2.19526590041013e-05	NUP62	c11
5.81643399208901e-07	0.141392002751373	0.039	0.066	0.021288730054445	ABHD13	c11
2.29333807190306e-12	0.141318837174283	0.046	0.091	8.39384667697239e-08	PIGS	c11
3.1135768827795e-20	0.141002677509814	0.058	0.128	1.13960027486613e-15	C11orf1	c11
1.4973849136556e-10	0.139177809789444	0.026	0.059	5.48057852247087e-06	POLRMT	c11
6.16500692992497e-21	0.139057194226581	0.099	0.189	2.25645418642184e-16	NMI	c11
3.02643860971789e-14	0.138745805230242	0.024	0.064	1.10770679554284e-09	SLC2A8	c11
4.80059488099707e-14	0.138697369174767	0.066	0.123	1.75706573239374e-09	KCTD20	c11
3.059851609292e-07	0.138677347665646	0.039	0.068	0.0111993628751696	ACSF3	c11
9.21219103335164e-17	0.138460261228305	0.108	0.19	3.37175404011703e-12	LCMT1	c11
1.8856815781267e-24	0.138309359031589	0.175	0.312	6.90178314410152e-20	SLC25A39	c11
1.06707489567828e-24	0.138206278576617	0.103	0.206	3.90560082567209e-20	SAMM50	c11
7.19209713403549e-08	0.138108206470545	0.021	0.045	0.00263237947202833	AL590764.1	c11
1.63222702441898e-13	0.138087322988192	0.059	0.112	5.97411413207589e-09	TRIM69	c11
1.13152168771253e-15	0.13806334307865	0.062	0.122	4.14148252919664e-11	MPDU1	c11
3.95794559163021e-31	0.137648962839717	0.156	0.303	1.44864766599257e-26	MGMT	c11
8.86620270256786e-08	0.137515515795044	0.307	0.436	0.00324511885116686	RAP1A	c11
3.53253361956601e-12	0.137269518898961	0.052	0.099	1.29294263009736e-07	RANBP3	c11
6.78370525068658e-09	0.136981709652039	0.033	0.064	0.00024829039588038	TSR1	c11
3.30822023741602e-11	0.136417905630952	0.086	0.142	1.21084168909664e-06	PTPRA	c11
3.89051090127411e-13	0.136312912028786	0.055	0.106	1.42396589497534e-08	COASY	c11
5.07380016287312e-22	0.135928473028471	0.132	0.239	1.85706159761319e-17	FMNL1	c11
9.4574676813674e-15	0.135796508703142	0.254	0.394	3.46152774605728e-10	RPS19BP1	c11
7.28556848994007e-21	0.135760138364577	0.061	0.134	2.66659092300297e-16	MRPS28	c11
2.14115643555365e-11	0.135637200283983	0.102	0.165	7.83684666976991e-07	SMARCC1	c11
1.06710637215719e-17	0.135362104352073	0.102	0.185	3.90571603273253e-13	EIF2S1	c11
6.88709487238778e-10	0.135175721464092	0.089	0.142	2.52074559424265e-05	LMF2	c11
4.01779395974923e-15	0.135051538992088	0.075	0.139	1.47055276720782e-10	TRIM21	c11
1.13782579347859e-08	0.134938005642331	0.157	0.227	0.000416455618671098	ACIN1	c11
1.05688424354113e-25	0.134738705456855	0.125	0.241	3.86830201978491e-21	NELFE	c11
1.4722321812859e-08	0.134609887310519	0.044	0.079	0.000538851700672453	FAM78A	c11
7.91059780752478e-15	0.134584032352553	0.065	0.125	2.89535790353214e-10	MAN1B1	c11
1.08991105345361e-17	0.134536997047811	0.136	0.233	3.98918344674555e-13	DHPS	c11
7.50998114972347e-19	0.134507050360708	0.233	0.38	2.74872820061029e-14	MRPL20	c11
1.6698147090664e-19	0.134505827778562	0.12	0.216	6.11168881665391e-15	MAP7D1	c11
8.47628093219197e-23	0.134381552890141	0.044	0.113	3.10240358399158e-18	TP53I11	c11
9.6897842886281e-31	0.134227764288615	0.135	0.269	3.54655794748077e-26	SMS	c11
4.57899869604733e-09	0.134105115814782	0.091	0.142	0.000167595931274028	NMRK1	c11
1.35594165667999e-09	0.134006134889451	0.198	0.287	4.96288205761442e-05	HNRNPUL1	c11
6.8365708771886e-12	0.133724949676189	0.08	0.136	2.5022533067598e-07	ANKRD10	c11
6.01898927730904e-07	0.133221721779047	0.025	0.047	0.0220301026538788	ANKRD54	c11
2.4342836427781e-19	0.133180505544588	0.088	0.169	8.90972156093213e-15	POLR2J	c11
4.51168279843461e-09	0.133057596798866	0.138	0.204	0.000165132102105505	BAZ1B	c11
7.59286709291551e-09	0.133016657847432	0.072	0.116	0.0002779065284678	PMM1	c11
3.8944844785763e-12	0.132485044922884	0.067	0.119	1.42542026400371e-07	TWF1	c11
3.98595928566082e-07	0.131458680493187	0.295	0.41	0.0145890095814472	CD47	c11
1.70284730226401e-27	0.131389796865333	0.055	0.141	6.2325914110165e-23	GPN3	c11
1.30500996416641e-17	0.131158851585185	0.137	0.234	4.77646696984547e-13	NDUFA5	c11
3.64828058305609e-21	0.130750142429603	0.176	0.302	1.33530717620436e-16	PSMB4	c11
3.39841980954666e-08	0.130602975356834	0.07	0.111	0.00124385563449217	LIX1L	c11
1.33678932228682e-14	0.130073342696456	0.119	0.199	4.892782598502e-10	FNTA	c11
2.36810824880492e-11	0.129705319089162	0.043	0.084	8.66751300145089e-07	PTPRJ	c11
3.02769138497549e-15	0.129602024852967	0.168	0.27	1.10816532381488e-10	CALCOCO2	c11
3.39917053863835e-14	0.129425274444038	0.249	0.385	1.24413040884702e-09	DSTN	c11
5.22539409095712e-14	0.129194614175007	0.03	0.072	1.91254649123122e-09	NRROS	c11
1.08097029549645e-23	0.129054567310582	0.121	0.23	3.95645937854655e-19	DPY30	c11
2.8081372494458e-08	0.128942915035625	0.052	0.088	0.00102780631466966	TAF6	c11
1.29106287844925e-08	0.128787309637927	0.296	0.426	0.00047254192414121	NDUFA6	c11
4.94790558416097e-20	0.128503936945853	0.06	0.13	1.81098292285876e-15	TMEM101	c11
1.15192526516015e-10	0.127678406951913	0.139	0.211	4.21616166301265e-06	SMC3	c11
1.05119140773594e-11	0.127523571947532	0.207	0.312	3.84746567145432e-07	TMED4	c11
3.64635439207758e-10	0.126988406180145	0.011	0.035	1.33460217104432e-05	SRXN1	c11
4.08348086147442e-15	0.126962982808502	0.081	0.147	1.49459483010825e-10	GOLGA2	c11
3.9218011633252e-20	0.126801159892421	0.16	0.276	1.43541844378866e-15	SUGT1	c11
3.25563619800308e-11	0.12669913018575	0.278	0.414	1.19159540483111e-06	NDUFAB1	c11
1.11628303175154e-22	0.126658099938687	0.082	0.169	4.0857075245138e-18	TPRKB	c11
1.29871817501539e-07	0.12644065121337	0.024	0.048	0.00475343839237383	RFX1	c11
2.50332324021859e-17	0.126331030929277	0.067	0.133	9.16241339152408e-13	TSEN34	c11
1.99015919394372e-13	0.125850394387429	0.028	0.068	7.28418166575342e-09	HSCB	c11
2.22801406368534e-08	0.125785759623023	0.305	0.435	0.000815475427449471	SRI	c11
1.03626348099136e-10	0.125726005050097	0.103	0.163	3.79282796677649e-06	PITPNB	c11
4.5555449221833e-28	0.125667320133813	0.133	0.258	1.66737499696831e-23	RALBP1	c11
4.42860976005228e-20	0.125270588725695	0.193	0.324	1.62091545827674e-15	DGUOK	c11
2.67775324812737e-15	0.125178957105975	0.102	0.177	9.80084466347098e-11	NOP56	c11
6.11068035862027e-21	0.125152043486266	0.088	0.173	2.2365701180586e-16	TMEM120A	c11
1.54482993168808e-11	0.124065260819426	0.017	0.047	5.65423203297154e-07	NFS1	c11
3.23612293020987e-09	0.124058789211795	0.011	0.033	0.000118445335368611	DOLK	c11
1.95394613791462e-11	0.123647195324135	0.058	0.106	7.15163825938128e-07	CHST11	c11
9.24637439346250e-13	0.123631127363241	0.278	0.42	3.38426549175121e-08	NDUFS7	c11
1.30266898727966e-23	0.123160949691549	0.11	0.212	4.76789876034229e-19	PARL	c11
1.36047583238202e-09	0.122937286234941	0.072	0.117	4.97947759410142e-05	CHKB	c11
4.75756798378717e-21	0.122768311315736	0.23	0.383	1.74131745774594e-16	ZNHIT1	c11
4.22387926870857e-26	0.122538970100057	0.078	0.171	1.54598205114002e-21	UNC50	c11
3.71027887758105e-08	0.122111649333109	0.009	0.028	0.00135799917198344	CD3EAP	c11
9.66268208201264e-19	0.122040332160741	0.052	0.115	3.53663826883745e-14	MDP1	c11
2.29859307329974e-08	0.122018211671974	0.091	0.138	0.000841308050758437	CREBRF	c11
2.08309359347672e-09	0.121710196733164	0.293	0.423	7.62433086148416e-05	ACAP2	c11
1.54379933898838e-19	0.121454241320561	0.192	0.322	5.65045996063137e-15	EMC3	c11
2.85671405702477e-10	0.121296028651517	0.035	0.07	1.04558591201164e-05	TEFM	c11
2.10809470221068e-10	0.121243200754936	0.044	0.083	7.71583741956131e-06	RAB22A	c11
4.35809546500506e-12	0.121207487108476	0.035	0.075	1.5951065211465e-07	UBE3B	c11
4.87475299894031e-08	0.121104457652533	0.037	0.067	0.00178420834514214	RBM43	c11
2.29176925353759e-17	0.121064916424494	0.055	0.117	8.38810464487295e-13	LHPP	c11
5.1103779263736e-15	0.120909299285714	0.063	0.121	1.870449424832e-10	GOSR2	c11
5.82384805299469e-08	0.12045188505969	0.047	0.08	0.00213158662587659	KDM2B	c11
2.95604624690296e-10	0.120292592579053	0.013	0.039	1.08194248682895e-05	SLC37A4	c11
3.73246447484813e-15	0.119497674994645	0.113	0.192	1.36611932243916e-10	SND1	c11
1.80153305177361e-20	0.118910480994747	0.077	0.155	6.5937911227966e-16	EBAG9	c11
2.19047117771581e-11	0.11879103867876	0.056	0.102	8.01734355755764e-07	RBM23	c11
6.58145412985356e-13	0.118158440173	0.023	0.06	2.4088780260677e-08	MGME1	c11
2.41847425774227e-14	0.118037347781703	0.223	0.348	8.85185763076248e-10	MOB1A	c11
4.32964184061453e-09	0.117832422755995	0.314	0.452	0.000158469221008332	ATP5F1C	c11
8.16079041538342e-19	0.117758676706091	0.206	0.338	2.98693089993448e-14	ILF2	c11
2.86266053693925e-18	0.117606431808453	0.065	0.133	1.04776238312513e-13	IFRD2	c11
6.11001452671855e-09	0.117520125251096	0.12	0.178	0.000223632641692426	AP2B1	c11
7.83527757166133e-11	0.117480753295033	0.042	0.082	2.86778994400376e-06	XPNPEP1	c11
8.7575605406477e-12	0.117224858740181	0.037	0.077	3.20535473348246e-07	PCED1A	c11
1.31770587323752e-11	0.11696028075258	0.065	0.115	4.82293526663664e-07	PLRG1	c11
4.07994276380554e-17	0.116929316771218	0.052	0.112	1.49329985098046e-12	VRK2	c11
2.49878586454232e-14	0.116643341680563	0.206	0.321	9.14580614281133e-10	CAPZA1	c11
1.95633548809304e-09	0.116388950097552	0.23	0.331	7.16038351996932e-05	DIAPH1	c11
2.44133047876334e-16	0.11637559001807	0.16	0.261	8.93551368532169e-12	ZC3H13	c11
1.72363619172286e-11	0.116358389992567	0.303	0.448	6.30868082532482e-07	RTRAF	c11
5.92612487059567e-17	0.116115820738249	0.043	0.098	2.16902096388672e-12	DPP3	c11
3.98272255599088e-08	0.116084588967138	0.017	0.04	0.00145771628271822	STARD4	c11
2.21766560107426e-11	0.11599210746457	0.035	0.073	8.11687786649189e-07	ZBTB4	c11
2.88053068082967e-19	0.115888902351275	0.132	0.233	1.05430303449047e-14	LARP7	c11
4.98213863265344e-07	0.115768661833663	0.083	0.123	0.0182351256093749	SUPT20H	c11
3.95058830114827e-22	0.115286409317361	0.181	0.313	1.44595482410328e-17	TMEM256	c11
8.79117005939234e-07	0.115240048205851	0.041	0.069	0.0321765615343819	FBRS	c11
2.17682796104456e-07	0.115003603916602	0.013	0.032	0.00796740802021921	AMACR	c11
5.33428862995117e-09	0.11499554587364	0.05	0.087	0.000195240298144843	SEC23IP	c11
1.39305186941142e-09	0.114986540824237	0.189	0.275	5.09870914723274e-05	SNRNP70	c11
5.87644125043902e-11	0.114924967367547	0.16	0.241	2.15083626207319e-06	MAX	c11
6.50164307996146e-09	0.114919615724026	0.061	0.101	0.000237966638369669	SRP68	c11
4.19148894387163e-17	0.114433042983915	0.076	0.146	1.53412686834646e-12	KIN	c11
3.83259031590591e-18	0.114431489885662	0.063	0.13	1.40276638152472e-13	UNC119	c11
1.0579165642528e-06	0.114234123388373	0.036	0.062	0.0387208041682167	CWF19L1	c11
1.77037779892544e-14	0.113940658104435	0.114	0.191	6.479759781847e-10	RB1CC1	c11
5.16486537497574e-16	0.113720335897835	0.1	0.176	1.89039237589487e-11	AMZ2	c11
5.01716085498637e-10	0.113706413397838	0.044	0.081	1.83633104453356e-05	MARK2	c11
4.66528671220759e-07	0.113647575774741	0.092	0.135	0.017075415895351	TPP2	c11
6.42997960509264e-13	0.113393171179792	0.05	0.099	2.35343683525996e-08	GAR1	c11
3.48561541295913e-13	0.113350297196899	0.072	0.128	1.27577009729717e-08	LINC00667	c11
1.30604690804049e-13	0.113286313220166	0.043	0.09	4.780262288119e-09	RPP25L	c11
7.29499469097169e-19	0.112967982139111	0.07	0.142	2.67004100684255e-14	TOR1A	c11
1.11960427053479e-06	0.112309661695627	0.026	0.048	0.0409786359058438	NBPF12	c11
9.28610083303367e-13	0.112122018729573	0.052	0.101	3.39880576589865e-08	TOMM70	c11
3.62832217342952e-22	0.11208278668714	0.155	0.275	1.32800219869694e-17	PSMC1	c11
7.63039661242541e-16	0.111766326382526	0.059	0.119	2.79280146411382e-11	HUS1	c11
4.18410020968669e-08	0.111582236406595	0.047	0.081	0.00153142251774743	VIM-AS1	c11
4.18013006749152e-07	0.111255038738532	0.089	0.131	0.0152996940600257	EPB41L4A-AS1	c11
8.46500361476385e-07	0.110735750960429	0.05	0.08	0.0309827597303972	ZCCHC8	c11
1.54212732910547e-22	0.110674759191193	0.074	0.158	5.64434023725893e-18	SLC39A3	c11
3.04513842085821e-21	0.110591337267792	0.099	0.189	1.11455111341831e-16	AK2	c11
6.90386986246968e-12	0.110540690845978	0.056	0.104	2.52688540836253e-07	DHX16	c11
2.36920573421839e-24	0.110471341999352	0.177	0.314	8.67152990781275e-20	EMC10	c11
2.57994796566085e-16	0.110415840024185	0.046	0.101	9.44286754911529e-12	RBFA	c11
1.92947272530921e-09	0.109969290895791	0.068	0.112	7.06206312190423e-05	TCTA	c11
1.88176642117471e-14	0.109964213135523	0.037	0.084	6.88745327814156e-10	NUP37	c11
6.62970129982074e-14	0.109954579262977	0.149	0.238	2.42653697274739e-09	METAP2	c11
5.19027823092355e-20	0.109732846466655	0.058	0.126	1.89969373530033e-15	HDDC3	c11
3.99995224255765e-13	0.109687802136593	0.035	0.078	1.46402252029853e-08	RTP4	c11
5.6037062883783e-07	0.109536703208788	0.055	0.087	0.0205101253860934	STIM2	c11
6.84588896821158e-11	0.109442076372837	0.044	0.084	2.50566382125512e-06	MAP3K7	c11
1.1256946877261e-15	0.109179298209082	0.04	0.091	4.12015512654629e-11	MAPKAPK2	c11
4.0591635645201e-12	0.108532786467804	0.072	0.127	1.48569445625e-07	FLAD1	c11
1.080135913474e-12	0.108427988556713	0.036	0.078	3.95340545690619e-08	HECTD3	c11
2.7004895474387e-14	0.108351787544125	0.05	0.101	9.8840617925804e-10	SART1	c11
1.16260220523624e-12	0.108325024875406	0.169	0.261	4.25524033138516e-08	RSRC2	c11
5.19506103325892e-19	0.10820387638202	0.204	0.336	1.9014442887831e-14	MESD	c11
1.75732864110006e-09	0.108002817324011	0.054	0.094	6.43199855929033e-05	DDX52	c11
6.98833001494254e-36	0.107928897271935	1	0.961	2.55779866876912e-31	RPLP1	c11
1.13836554683041e-25	0.107821333920313	0.109	0.217	4.16653173795398e-21	MRPL37	c11
4.17762191580323e-08	0.106727191369266	0.018	0.042	0.00152905139740314	C4orf33	c11
1.40000425325944e-17	0.106503119758106	0.041	0.097	5.12415556735486e-13	PIGBOS1	c11
1.7328060170317e-32	0.106420185595193	0.109	0.235	6.34224330293773e-28	PIGT	c11
8.38482251945969e-21	0.106320402206084	0.1	0.19	3.06892889034744e-16	COPS3	c11
2.64329070111941e-34	0.10587390575036	0.991	0.917	9.67470829516715e-30	RPL8	c11
3.09750589519715e-14	0.105534295960833	0.143	0.23	1.13371813270111e-09	IGFLR1	c11
6.1441433072619e-15	0.105514454050586	0.044	0.095	2.24881789189093e-10	INIP	c11
1.15797463160859e-07	0.105429195027553	0.061	0.097	0.00423830294915058	DCP1A	c11
8.07665712495955e-16	0.105297288903942	0.242	0.378	2.95613727430645e-11	MRPL51	c11
3.34158997788993e-14	0.105110761041107	0.118	0.195	1.22305534780749e-09	HTATSF1	c11
1.07684759779338e-12	0.105052801205048	0.047	0.093	3.94136989268356e-08	PRCP	c11
1.70904211011472e-16	0.104948420113629	0.229	0.363	6.25526502723089e-12	CCT6A	c11
2.07685156502607e-08	0.104645198065472	0.057	0.094	0.000760148441315191	BMS1	c11
4.40527832620254e-09	0.104322363244874	0.013	0.036	0.000161237592017339	PIK3R2	c11
6.49279604384857e-07	0.104265264366831	0.011	0.028	0.0237642828000902	SH3BP5L	c11
6.20138050145393e-13	0.104259772097438	0.156	0.243	2.26976727733715e-08	CHD4	c11
1.35838942317174e-11	0.10417414795494	0.053	0.099	4.97184112775088e-07	GTF3C5	c11
1.67918676733983e-14	0.104171950308005	0.079	0.143	6.14599148714051e-10	NXT1	c11
8.33294408720978e-15	0.104097940788429	0.151	0.242	3.04994086535965e-10	ZFR	c11
1.02495101147035e-19	0.104080022893618	0.051	0.117	3.75142319708261e-15	STYXL1	c11
4.35656535901632e-08	0.103913654150862	0.044	0.076	0.00159454648705356	POLR2D	c11
2.32969140988399e-10	0.103002225052428	0.062	0.107	8.5269035293164e-06	SPRYD3	c11
1.2240945269579e-06	0.102178066757428	0.091	0.132	0.0448030837811859	IDI1	c11
1.93026296998678e-11	0.102167514499904	0.05	0.093	7.06495549644862e-07	SLC35A4	c11
5.85031529070593e-08	0.102084814235376	0.031	0.059	0.00214127389955128	ASH2L	c11
3.41504108947098e-12	0.101877678168159	0.061	0.112	1.24993918915727e-07	PPP2R5A	c11
8.72987934874437e-12	0.1017126144567	0.03	0.067	3.19522314043393e-07	OAZ2	c11
5.69042319270209e-14	0.101036026502815	0.066	0.124	2.08275179276089e-09	MAPKAP1	c11
7.31801472313149e-15	0.100887759526776	0.043	0.093	2.67846656881336e-10	TACO1	c11
4.3643973125751e-23	0.100792712530801	0.185	0.322	1.59741306037561e-18	PHPT1	c11
2.81547882624445e-15	0.100648740611066	0.05	0.104	1.03049340519373e-10	GON7	c11
3.35203734661767e-07	0.100541840494049	0.066	0.103	0.0122687918923553	PPP6R2	c11
1.13984941526487e-17	0.100460776077813	0.133	0.228	4.17196284481095e-13	EFR3A	c11
3.10061804634609e-12	0.10042253103217	0.109	0.176	1.13485721114313e-07	ELF2	c11
