# factor-levels: seurat_clusters=c1|c2|c3|c4|c5|c6|c7|c8|c9|c10|c11|c12|c13

p_val	avg_log2FC	pct.1	pct.2	p_val_adj	gene	seurat_clusters
9.16707425928988e-21	3.34532332774938	0.01	0.001	3.35524084964269e-16	RAMP3	c12
5.45562962814853e-37	2.87565945204539	0.017	0.001	1.99681500019864e-32	DACT1	c12
9.35671880663382e-16	2.83356806247865	0.01	0.001	3.42465265041605e-11	PRG4	c12
7.10529562671656e-20	2.51064886760717	0.01	0.001	2.60060925233453e-15	EFNA1	c12
1.67433091994944e-33	2.42290148981856	0.014	0.001	6.12821860010696e-29	SDK2	c12
4.62369620604569e-19	2.41685530927049	0.01	0.001	1.69231904837478e-14	SORCS3	c12
6.57937688063416e-18	2.33423203912704	0.012	0.001	2.40811773208091e-13	VSIG2	c12
1.09262843732424e-25	2.29604009234906	0.013	0.001	3.99912934345046e-21	MIR663AHG	c12
3.04408819407378e-20	2.18774169248506	0.011	0.001	1.11416671991294e-15	ZFHX2-AS1	c12
2.63995300914017e-18	2.18285126414195	0.01	0.001	9.66249200875393e-14	RNF157-AS1	c12
1.56430335452156e-19	2.09546378909889	0.011	0.001	5.72550670788435e-15	HEXD-IT1	c12
1.92333763268013e-27	2.05657951016905	0.013	0.001	7.03960806937253e-23	ADD3-AS1	c12
6.61760986166972e-18	2.04854157075845	0.012	0.001	2.42211138546974e-13	LRP6	c12
8.2132353568431e-22	2.00585933770849	0.011	0.001	3.00612627295814e-17	AC021752.1	c12
4.20221283081589e-38	2.00530096359772	0.019	0.001	1.53805191820692e-33	METTL27	c12
7.74706224737014e-20	1.94721025506668	0.017	0.002	2.83550225315994e-15	MAP7	c12
1.48806709202345e-16	1.93893967781258	0.011	0.001	5.44647436351501e-12	AC104109.2	c12
7.73194290926784e-12	1.93522905565726	0.01	0.001	2.82996842422112e-07	IDH1-AS1	c12
6.05490468186864e-22	1.92206388101872	0.015	0.001	2.21615566261074e-17	AC093535.1	c12
2.96716652133868e-39	1.90767306768076	0.032	0.003	1.08601261847517e-34	ISM1	c12
7.61963564213221e-15	1.89647836372977	0.013	0.002	2.78886284137681e-10	CCR9	c12
3.62565810484181e-19	1.87342870328092	0.016	0.002	1.32702712295315e-14	AC010247.2	c12
6.10214761957325e-17	1.87107825753279	0.01	0.001	2.23344705024001e-12	BEX1	c12
8.3372503436143e-32	1.84475597024615	0.023	0.002	3.05151699826627e-27	LMNTD2	c12
2.9260181411412e-27	1.82119900528948	0.017	0.001	1.07095189983909e-22	ESAM	c12
3.94877996022737e-80	1.78469618496222	0.063	0.006	1.44529295324282e-75	FAM153A	c12
3.24181407107114e-14	1.78195443498565	0.01	0.001	1.18653636815275e-09	UMODL1	c12
4.38714343885862e-44	1.78071216713318	0.035	0.004	1.60573837005664e-39	FIRRE	c12
9.72222636355081e-46	1.77615092751607	0.038	0.004	3.55843207132323e-41	PODXL2	c12
2.30187460545883e-31	1.76778746743423	0.022	0.002	8.42509124343987e-27	CNN3	c12
2.93787189237741e-67	1.74466642552303	0.053	0.005	1.07529049132906e-62	MICU3	c12
1.40132663679634e-15	1.74289273787259	0.011	0.001	5.12899562333828e-11	ZMYND12	c12
2.13243545819894e-15	1.74274304328337	0.015	0.002	7.80492702055396e-11	DTX1	c12
4.76014734033152e-16	1.73325107156506	0.011	0.001	1.74226152803474e-11	ARHGEF10	c12
1.48648571080755e-16	1.73323451108933	0.011	0.001	5.44068635012672e-12	PAGE5	c12
5.91070373595014e-26	1.71790148916159	0.016	0.001	2.16337667439511e-21	GNG8	c12
5.694980206012e-119	1.71319104157213	0.111	0.013	2.08441970520245e-114	LRRN3	c12
3.45545803681674e-11	1.71271338629465	0.01	0.001	1.26473219605529e-06	PARVA	c12
3.25515653856258e-28	1.68365680796	0.02	0.002	1.19141984467929e-23	RCN3	c12
1.56285821147396e-25	1.66461849470063	0.019	0.002	5.72021733981583e-21	AC009812.1	c12
1.06471914638037e-14	1.6645642091968	0.01	0.001	3.89697854766681e-10	AC009509.1	c12
3.44608038672005e-23	1.66075381198367	0.019	0.002	1.2612998823434e-18	MT3	c12
1.25766097867355e-33	1.65907443211522	0.026	0.003	4.60316494804305e-29	AMY2B	c12
1.62440894007656e-35	1.65721585407323	0.024	0.002	5.94549916157423e-31	GPC2	c12
6.71316604216422e-12	1.61551799265926	0.013	0.002	2.45708590309253e-07	TSPAN6	c12
7.34082567558229e-23	1.61287307352974	0.021	0.003	2.68681560551987e-18	SLC5A2	c12
6.49673649292558e-45	1.59801789466891	0.039	0.004	2.37787052377569e-40	GTSCR1	c12
2.83347887836409e-43	1.59780996767155	0.035	0.004	1.03708160427004e-38	GNG7	c12
1.11641469300003e-17	1.59592259963201	0.017	0.002	4.08618941784941e-13	EGLN3	c12
5.59512588217327e-20	1.58236567402515	0.019	0.002	2.04787202413424e-15	SYDE2	c12
2.7146421484813e-14	1.57841514491683	0.011	0.001	9.93586172765642e-10	TNNC1	c12
1.70071755340898e-20	1.57116497035845	0.017	0.002	6.22479631723223e-16	C14orf132	c12
6.72038179796013e-13	1.56699324247864	0.014	0.002	2.45972694187139e-08	LINC01725	c12
5.25211993836035e-44	1.56221005636899	0.043	0.005	1.92232841863927e-39	AC110611.2	c12
0	1.55649393259398	0.435	0.058	0	TSHZ2	c12
1.48285204223509e-20	1.55204010743138	0.015	0.001	5.42738675978466e-16	LINC00659	c12
3.95669738257961e-10	1.5500963387956	0.013	0.002	1.44819080899796e-05	FAM174B	c12
2.38041553369274e-12	1.54991756534224	0.013	0.002	8.71255889486879e-08	ZNF516	c12
6.05490469417485e-22	1.54851814592158	0.015	0.001	2.21615566711494e-17	ZNF460-AS1	c12
2.34374095244735e-23	1.52714419681476	0.018	0.002	8.57832626005256e-19	AC011416.3	c12
1.06758244802884e-14	1.51626999776064	0.011	0.001	3.90745851803036e-10	LCN10	c12
5.64787119019198e-28	1.51368370679684	0.028	0.004	2.06717733432217e-23	RAB25	c12
7.64194882465228e-45	1.49438292513022	0.04	0.005	2.79702968931098e-40	CELA1	c12
1.64229265011671e-25	1.49271361582613	0.018	0.002	6.01095532869217e-21	MUC20	c12
2.20412639461672e-187	1.48951926167462	0.185	0.023	8.06732301693665e-183	CMTM8	c12
3.92956251283229e-33	1.48296019253827	0.037	0.005	1.43825917532175e-28	TMEM45B	c12
6.47592829189853e-47	1.48156889665446	0.048	0.006	2.37025451411778e-42	AC136475.5	c12
0	1.47858491979946	0.397	0.054	0	BEX3	c12
1.42593754140382e-17	1.4766852370066	0.014	0.002	5.21907399529211e-13	LAMTOR5-AS1	c12
4.76349192787903e-160	1.47562305371773	0.145	0.016	1.743485680523e-155	C16orf74	c12
1.36662823760025e-174	1.47299754399185	0.202	0.029	5.00199601244068e-170	TTC39C-AS1	c12
1.66258755164157e-96	1.46731166508572	0.09	0.011	6.08523669776331e-92	ABO	c12
4.11064725343808e-41	1.45613507981703	0.048	0.007	1.50453800123087e-36	SUSD4	c12
1.14462116337324e-12	1.45484478774319	0.014	0.002	4.18942792006238e-08	PCBP3	c12
1.24509375197e-12	1.4487082485947	0.012	0.002	4.55716764158538e-08	AC115618.1	c12
2.73978962148169e-14	1.44549155106279	0.011	0.001	1.00279039935851e-09	AC023449.2	c12
1.25593160937429e-12	1.44373413219016	0.012	0.002	4.59683528347082e-08	AC008914.1	c12
2.26190910562648e-231	1.43955595039002	0.315	0.051	8.27881351750349e-227	SLC40A1	c12
2.26489193962349e-16	1.43728871677996	0.017	0.002	8.28973098821595e-12	CITED4	c12
9.73649970379028e-09	1.43652622065928	0.011	0.002	0.000356365625658428	HIST1H4A	c12
2.30960462434622e-13	1.43346858501531	0.014	0.002	8.45338388556962e-09	ANK1	c12
6.53032850492555e-11	1.42758644856246	0.014	0.002	2.3901655360878e-06	TSKS	c12
1.2146556895892e-28	1.42253842807531	0.032	0.005	4.44576128946544e-24	KDF1	c12
3.77922334036244e-29	1.42039846864938	0.035	0.005	1.38323353480606e-24	GREM2	c12
3.233992812512e-14	1.41278716268814	0.013	0.002	1.18367370930752e-09	AL442663.3	c12
8.30186700199914e-76	1.40966604288522	0.074	0.009	3.0385663414017e-71	TTC9	c12
2.92799116485699e-30	1.40330363685459	0.03	0.004	1.07167404624931e-25	PDE9A	c12
0	1.40194769564456	0.863	0.197	0	MAL	c12
9.54444620852371e-123	1.39703300522492	0.171	0.028	3.49336275678176e-118	NEFL	c12
3.45545803681674e-11	1.39514302040626	0.01	0.001	1.26473219605529e-06	AC139768.1	c12
8.23107106685541e-23	1.3935075455987	0.016	0.002	3.01265432117975e-18	AC011481.2	c12
4.6914160658637e-43	1.3925237414989	0.036	0.004	1.71710519426677e-38	IGF1R	c12
3.46235315761457e-11	1.39104625155547	0.01	0.001	1.26725587921851e-06	AC026748.3	c12
2.24793652843517e-27	1.38587663084193	0.03	0.004	8.22767248772557e-23	FAM184A	c12
1.35940339251948e-89	1.3730879515403	0.089	0.011	4.97555235696056e-85	TSPAN18	c12
4.66488502211484e-73	1.36490671129705	0.065	0.007	1.70739456694425e-68	SLC22A17	c12
2.37308966487876e-12	1.35194098618765	0.013	0.002	8.68574548242277e-08	AL162457.1	c12
0	1.34666541779394	0.462	0.068	0	ARMH1	c12
9.13267902975275e-19	1.34581930278662	0.014	0.001	3.3426518516798e-14	RCAN3AS	c12
1.12288118661601e-60	1.34004701514888	0.062	0.008	4.10985743113326e-56	SULT1B1	c12
9.01048211774192e-27	1.33822020426963	0.024	0.003	3.29792655991472e-22	LINC00899	c12
6.76983599792054e-124	1.33624071640096	0.137	0.019	2.4778276735989e-119	HRH2	c12
4.31430453022775e-106	1.33232040037063	0.127	0.019	1.57907860110866e-101	AK5	c12
7.90358417418315e-12	1.33177793439849	0.012	0.002	2.89279084359277e-07	AC016405.3	c12
0	1.32366045909586	0.536	0.092	0	TRABD2A	c12
3.60879392845774e-261	1.31880124192962	0.312	0.045	1.32085466575482e-256	FHIT	c12
1.86217754094391e-52	1.31820726930245	0.05	0.006	6.81575601760881e-48	SATB1-AS1	c12
6.7017481034904e-12	1.31494118859921	0.011	0.001	2.45290682335852e-07	SCARF2	c12
2.08541795706269e-70	1.3109287683545	0.064	0.007	7.63283826464517e-66	AC087741.1	c12
2.19070171831419e-15	1.30370993637582	0.015	0.002	8.01818735920177e-11	FGF14-AS2	c12
1.42331056384077e-10	1.30362368652519	0.011	0.002	5.20945899471362e-06	AC007390.2	c12
1.18887390610975e-18	1.29983266131717	0.02	0.003	4.35139738375228e-14	EFHD1	c12
3.19243526388981e-28	1.29613203499378	0.021	0.002	1.16846323093631e-23	CAHM	c12
1.14486921827551e-36	1.29459312355837	0.032	0.004	4.19033582581018e-32	HYKK	c12
3.68521152169473e-16	1.28961494256928	0.014	0.002	1.34882426905549e-11	HULC	c12
1.08099481234216e-285	1.28618705660994	0.403	0.066	3.95654911265354e-281	EPHX2	c12
2.01155282152375e-25	1.28456809412092	0.026	0.003	7.36248448205909e-21	AL158055.1	c12
1.75198930661291e-294	1.28425006078978	0.548	0.111	6.41245606113391e-290	PASK	c12
9.45305373078644e-29	1.28383915582013	0.024	0.003	3.45991219600515e-24	HTR6	c12
2.85172136033834e-119	1.28357540532483	0.167	0.028	1.04375853509744e-114	PI16	c12
6.62137871648976e-25	1.27509802726255	0.028	0.004	2.42349082402242e-20	LINC00173	c12
2.44689986968673e-58	1.27074860923561	0.056	0.007	8.95589821304039e-54	ZNF667-AS1	c12
4.03443409270004e-85	1.26529775058013	0.084	0.01	1.47664322226914e-80	LEF1-AS1	c12
1.35533884742717e-36	1.26420588512419	0.038	0.005	4.96067571546819e-32	ZNF467	c12
2.41124633145417e-11	1.26308656289883	0.012	0.002	8.8254026977554e-07	KCNMB4	c12
1.61190302047226e-28	1.2616305975629	0.023	0.003	5.89972624523053e-24	BX537318.1	c12
4.67740135293537e-10	1.25949450745099	0.01	0.001	1.71197566918788e-05	CNTNAP1	c12
4.02273344078571e-17	1.25815596198436	0.022	0.004	1.47236066666198e-12	LINC02754	c12
1.61634154585306e-14	1.25790940656827	0.013	0.002	5.91597169197677e-10	SLC5A5	c12
3.95717279251781e-16	1.25619890093452	0.02	0.003	1.44836481378944e-11	PLLP	c12
2.2916620875728e-32	1.25419166231097	0.026	0.003	8.3877124067252e-28	NMNAT3	c12
3.38505706454421e-42	1.25306020327724	0.043	0.006	1.23896473619383e-37	MMP28	c12
5.50601836301025e-88	1.25282497692745	0.114	0.018	2.01525778104538e-83	VIPR1	c12
7.84225717340162e-12	1.24995438100487	0.012	0.002	2.87034454803673e-07	AC006008.1	c12
1.3964374890237e-48	1.24806452326307	0.063	0.01	5.11110085357566e-44	ST6GALNAC1	c12
7.03676375614596e-152	1.24635493938892	0.173	0.024	2.57552590238698e-147	CFP	c12
1.09154738960484e-29	1.2459270167632	0.034	0.005	3.99517260069266e-25	SNPH	c12
4.06488794842965e-12	1.2426737598592	0.013	0.002	1.48778963800474e-07	IL6R-AS1	c12
3.74019423698913e-93	1.24232312829104	0.11	0.016	1.36894849268039e-88	EDA	c12
7.8980042339969e-56	1.24208874169537	0.062	0.009	2.89074852968521e-51	LYPD3	c12
6.91074386480929e-62	1.23827831578636	0.063	0.008	2.52940136195885e-57	NOG	c12
9.98777190002886e-18	1.23650876866798	0.02	0.003	3.65562439312956e-13	PTGIR	c12
8.6608652704451e-130	1.23515727530721	0.159	0.024	3.16996329763561e-125	LIMS2	c12
8.33991272931503e-10	1.23424948220972	0.01	0.001	3.05249145805659e-05	ZNF835	c12
4.11303817989361e-22	1.23243816308918	0.023	0.003	1.50541310422286e-17	PRRT1	c12
3.32318237492533e-13	1.22832851223646	0.012	0.001	1.21631798104642e-08	AC142472.1	c12
8.58427108880579e-22	1.22663206250307	0.019	0.002	3.14192906121381e-17	CTRL	c12
1.06915935935543e-14	1.22607199734473	0.01	0.001	3.91323017117681e-10	AL645933.2	c12
3.62547695082771e-23	1.21821724583358	0.026	0.004	1.32696081877245e-18	GPR160	c12
3.7085935513362e-17	1.21698776834975	0.015	0.002	1.35738232572456e-12	ETFBKMT	c12
1.20826860960957e-15	1.21384234399446	0.012	0.001	4.42238393803199e-11	AC124016.2	c12
2.18088700869624e-155	1.21118136566913	0.201	0.031	7.9822645405291e-151	MDS2	c12
1.32771495893788e-14	1.21008739649937	0.015	0.002	4.85956952120852e-10	AC008393.1	c12
7.46919150885296e-09	1.20903908027485	0.012	0.002	0.000273379878415527	EDAR	c12
4.08079202273347e-15	1.2056256120091	0.015	0.002	1.49361068824068e-10	AC092142.1	c12
1.10863621490506e-41	1.20553820326251	0.043	0.006	4.05771941017402e-37	ZFYVE9	c12
9.62888021164815e-13	1.20491862673054	0.017	0.003	3.52426644626534e-08	TRBV23-1	c12
3.61060344824924e-14	1.20086928945396	0.012	0.001	1.3215169680937e-09	S100Z	c12
3.58848520002295e-23	1.18739571975418	0.019	0.002	1.3134214680604e-18	AC092755.2	c12
4.73063153985179e-32	1.1873866841582	0.028	0.003	1.73145844990115e-27	AEBP1	c12
3.59618614479912e-13	1.18723877342112	0.011	0.001	1.31624009085793e-08	KCNAB3	c12
1.35406412574125e-13	1.18522469795907	0.016	0.003	4.95601010662554e-09	CNKSR1	c12
1.43789338727312e-39	1.18424021818372	0.041	0.006	5.26283358675833e-35	KANK1	c12
9.67465444446884e-20	1.17687257035884	0.029	0.005	3.54102027322004e-15	AC008443.5	c12
1.2200632341439e-15	1.17669533057341	0.012	0.001	4.46555344329008e-11	AC051619.5	c12
2.0021925211332e-23	1.17457203418139	0.023	0.003	7.32822484659961e-19	AC104971.3	c12
9.74485680162298e-80	1.17292928637265	0.08	0.01	3.56671503796203e-75	AC133644.2	c12
1.62539709962737e-14	1.17055229981528	0.012	0.001	5.94911592434614e-10	RAB15	c12
8.32237642607715e-10	1.16962205854018	0.01	0.001	3.0460729957085e-05	AC015819.2	c12
1.84960523338298e-11	1.16836487933015	0.013	0.002	6.76974011470504e-07	EXPH5	c12
4.67845265451755e-11	1.16683312634824	0.013	0.002	1.71236045607997e-06	CIB2	c12
1.9139091567893e-13	1.16598599393385	0.015	0.002	7.00509890476452e-09	C19orf38	c12
1.12393720226879e-91	1.16463264742996	0.104	0.015	4.11372255402401e-87	ADGRE1	c12
1.99276368466943e-127	1.16262594882408	0.154	0.023	7.29371436225857e-123	VSIG1	c12
1.28597095696181e-11	1.16214321433097	0.011	0.001	4.70678229957591e-07	AC087164.1	c12
8.00864989723931e-11	1.16015123561075	0.011	0.002	2.93124594888856e-06	PAK3	c12
3.84972786566975e-121	1.15659005126052	0.147	0.022	1.40903889611378e-116	ANKRD55	c12
2.02338712936992e-18	1.15521095793737	0.012	0.001	7.40579923220684e-14	AC025171.5	c12
1.34384977212631e-21	1.15330033805824	0.027	0.004	4.91862455095952e-17	TRBV12-5	c12
7.84344110667617e-12	1.15209013155946	0.01	0.001	2.87077787945455e-07	AKAP3	c12
1.68515331194033e-11	1.15131766867494	0.01	0.001	6.16782963703282e-07	AC011468.5	c12
1.12514376831777e-51	1.14952295957852	0.066	0.01	4.11813870641987e-47	AC139720.1	c12
4.17130200159008e-36	1.14692315931912	0.041	0.006	1.52673824560198e-31	CCDC106	c12
1.55656530999708e-271	1.14499334714841	0.346	0.052	5.69718469112029e-267	TCEA3	c12
2.21853217254688e-36	1.14118177652886	0.031	0.003	8.12004960473883e-32	CRB3	c12
2.4537813831851e-10	1.13884137435478	0.011	0.002	8.98108524059578e-06	AC012640.2	c12
4.79283357400471e-20	1.13209700154749	0.023	0.004	1.75422501642146e-15	SPIN3	c12
2.64118294297134e-08	1.12836196917743	0.01	0.002	0.00096669936895694	FAAH	c12
2.8561232556676e-170	1.12794696517636	0.223	0.035	1.0453696728069e-165	LSR	c12
8.30078996173497e-22	1.12766818696978	0.026	0.004	3.03817213389462e-17	HSD11B1L	c12
1.30454915202682e-11	1.1275500962291	0.011	0.001	4.77478035133335e-07	RNF175	c12
7.11593327285322e-300	1.12705449818301	0.693	0.161	2.60450273719701e-295	LEF1	c12
7.66211379261579e-21	1.12630538398273	0.019	0.002	2.80441026923531e-16	AC005920.1	c12
2.00236519467168e-29	1.12568557996455	0.028	0.003	7.32885684901783e-25	RBM11	c12
0	1.12396049484094	0.681	0.147	0	CCR7	c12
2.60223062966602e-285	1.12106285954903	0.85	0.239	9.52442432764058e-281	TCF7	c12
8.62108775421676e-23	1.11516908210719	0.02	0.002	3.15540432892088e-18	AL117381.1	c12
8.10810314830483e-11	1.11481588409864	0.011	0.002	2.96764683331105e-06	AC097369.2	c12
5.93132678701179e-31	1.11242001614962	0.031	0.004	2.17092491731418e-26	AC010442.1	c12
7.15307313417431e-26	1.11195303941157	0.027	0.004	2.61809629783914e-21	TMEM30B	c12
1.77889306817728e-82	1.10966535558163	0.099	0.015	6.51092651883568e-78	ATG9B	c12
1.64795905164586e-38	1.10952569503532	0.048	0.007	6.03169492492903e-34	AFF3	c12
1.04903246053297e-10	1.10580653571195	0.015	0.003	3.83956370879672e-06	CACNA1I	c12
2.26705611367622e-14	1.10108681767529	0.014	0.002	8.29765208166633e-10	DCBLD2	c12
1.84295309968486e-221	1.10085348437181	0.969	0.42	6.74539264015655e-217	NOSIP	c12
1.21970000529713e-124	1.10084520723684	0.177	0.03	4.46422398938804e-120	AC005842.1	c12
3.412875401002e-12	1.09702751675635	0.011	0.001	1.24914652552074e-07	AP000442.1	c12
7.72629205720375e-13	1.09655188403941	0.013	0.002	2.82790015585715e-08	AC008892.1	c12
1.32818188959983e-14	1.09416009405744	0.015	0.002	4.86127853412434e-10	AC034231.1	c12
6.75016714353818e-10	1.09260846964056	0.011	0.002	2.47062867620641e-05	ZNF768	c12
1.86936463180633e-12	1.09208664096836	0.019	0.004	6.84206148887433e-08	PTK2	c12
2.09265029030072e-12	1.09153032376592	0.017	0.003	7.65930932752966e-08	C1QTNF6	c12
1.44843723213254e-09	1.0906042913091	0.01	0.001	5.30142511332832e-05	CHST2	c12
3.30623475714578e-13	1.08545994016822	0.012	0.001	1.21011498346293e-08	AC135050.6	c12
7.67703480180911e-13	1.08118662988641	0.013	0.002	2.80987150781015e-08	AC024257.3	c12
5.69180292143507e-193	1.07965054338575	0.286	0.049	2.08325678727445e-188	FXYD7	c12
2.57009552241686e-154	1.0792645921374	0.217	0.036	9.40680662159794e-150	PCSK1N	c12
2.06995881348235e-17	1.07771818097239	0.013	0.001	7.57625625322675e-13	AC092645.2	c12
5.59304354952301e-14	1.07633019900625	0.017	0.003	2.04710986956092e-09	GAL3ST4	c12
4.5057722897892e-49	1.07384968373226	0.057	0.008	1.64915771578575e-44	LACTB2-AS1	c12
4.25274724195561e-25	1.07349252583251	0.019	0.002	1.55654801802817e-20	ARHGAP5-AS1	c12
2.54553883537045e-32	1.07316063056528	0.043	0.007	9.31692669133937e-28	AC007114.1	c12
2.57085522124303e-130	1.07219176276356	0.183	0.03	9.40958719527162e-126	LINC02762	c12
7.8480784722101e-12	1.06994087104578	0.014	0.002	2.87247520161362e-07	HID1	c12
1.26559153815216e-18	1.06912706518786	0.02	0.003	4.63219158879071e-14	KRT73-AS1	c12
7.10516699961661e-26	1.06566987073644	0.029	0.004	2.60056217352968e-21	AL034550.2	c12
4.33480206999327e-18	1.06365184337601	0.028	0.005	1.58658090563824e-13	TMEM121	c12
2.76793948587682e-14	1.06239081777853	0.019	0.003	1.01309353122578e-09	ARMCX4	c12
1.25649762050253e-35	1.06167058190419	0.044	0.007	4.59890694080131e-31	RGMB	c12
1.82714426328813e-21	1.06119249510957	0.019	0.002	6.6875307180609e-17	AC016596.1	c12
2.73601110878685e-129	1.06044234071433	0.17	0.027	1.00140742592708e-124	LINC01215	c12
6.97548475108303e-37	1.05733451547502	0.043	0.006	2.5530971737439e-32	LMTK3	c12
1.96406198723522e-29	1.05532645078641	0.028	0.003	7.18866327947962e-25	ZP3	c12
2.31824650198178e-52	1.05366023293522	0.049	0.006	8.48501402190351e-48	FAM153B	c12
1.78433832795617e-07	1.05262040029403	0.012	0.003	0.00653085671415239	AL354920.1	c12
1.46319348546125e-41	1.05221505550674	0.052	0.008	5.35543447613674e-37	AC009041.2	c12
1.07109739266305e-34	1.05127973087076	0.035	0.005	3.92032356688602e-30	PPP2R3B	c12
2.37878564888297e-12	1.0477843595032	0.013	0.002	8.70659335347654e-08	AC091965.1	c12
6.6014151265622e-11	1.04727154586188	0.014	0.002	2.41618395047303e-06	TENM1	c12
3.70101598531558e-17	1.04470237632399	0.015	0.002	1.35460886078535e-12	ZNF629	c12
6.17782797339986e-15	1.0440286643794	0.014	0.002	2.26114681654408e-10	AC104958.2	c12
6.98879626914632e-21	1.04379197740707	0.029	0.005	2.55796932247024e-16	ZBTB18	c12
1.14082714622984e-11	1.04102846172502	0.013	0.002	4.17554143791585e-07	SCARB1	c12
7.93284008782082e-129	1.03914851637246	0.178	0.029	2.9034988005433e-124	FUT7	c12
8.56111920451266e-33	1.03690834461657	0.039	0.006	3.13345524004368e-28	RHBDL1	c12
3.94773547161206e-76	1.03348353151243	0.11	0.019	1.44491065996473e-71	GSTM3	c12
2.06353606378816e-123	1.03214568676759	0.169	0.028	7.55274834707103e-119	BAG3	c12
4.04924472380867e-21	1.03134737561119	0.022	0.003	1.48206406136121e-16	LINC01825	c12
5.837650451105e-17	1.02572718835159	0.019	0.003	2.13663844160894e-12	AC103563.7	c12
7.11602003665948e-27	1.02455255969836	0.03	0.004	2.60453449361774e-22	AL355999.1	c12
5.96866317331593e-18	1.02054878491136	0.017	0.002	2.18459040806536e-13	TTLL11	c12
7.68507741136185e-12	1.019593880659	0.018	0.004	2.81281518333255e-07	RORA-AS1	c12
8.71912556644446e-31	1.0186448259784	0.039	0.006	3.19128714857434e-26	AC012368.1	c12
2.7350038340099e-98	1.01708029823978	0.101	0.013	1.00103875328596e-93	PLCL1	c12
1.14713970476937e-11	1.01634474603757	0.013	0.002	4.19864603342637e-07	PADI4	c12
1.72913662386538e-19	1.01599004773468	0.022	0.003	6.32881295700968e-15	KALRN	c12
2.834476475255e-33	1.013551747614	0.043	0.007	1.03744673470808e-28	LINC02295	c12
1.30651997672309e-11	1.012292971959	0.011	0.001	4.78199376680417e-07	ZSWIM5	c12
1.32351984586349e-14	1.00949525007989	0.015	0.002	4.84421498784498e-10	AL157813.1	c12
2.39971428290408e-08	1.00914950939013	0.013	0.003	0.000878319424685722	AC005229.4	c12
1.83362258463545e-230	1.00530093362262	0.37	0.067	6.71124202202422e-226	RIC3	c12
1.45290820771027e-09	1.00504024233712	0.01	0.001	5.31778933104037e-05	AF131215.5	c12
4.79072984906195e-12	1.00460786052615	0.015	0.003	1.75345503205517e-07	ZNF777	c12
3.58230385053622e-19	1.00336225765081	0.027	0.005	1.31115903233476e-14	TMEM147-AS1	c12
1.2767833185413e-188	1.0026498680584	0.322	0.061	4.67315462419302e-184	ACTN1	c12
2.46304206032154e-11	1.00006969544352	0.011	0.001	9.01498024498287e-07	AC105402.4	c12
7.41494440071247e-15	0.997578130605143	0.015	0.002	2.71394380010477e-10	AL592183.1	c12
3.16216444425965e-54	0.996472561642687	0.056	0.007	1.15738380824347e-49	LINC00653	c12
6.80279874554496e-10	0.995675522781722	0.011	0.002	2.48989236885691e-05	AC093827.4	c12
4.2762743562988e-13	0.995384592108338	0.013	0.002	1.56515917714893e-08	DCHS1	c12
2.76386322591816e-93	0.993439044908334	0.112	0.016	1.0116015793183e-88	MORN3	c12
8.83960380086789e-15	0.991001125722783	0.023	0.005	3.23538338715566e-10	CBR3-AS1	c12
1.45412693246281e-25	0.989684484733389	0.033	0.005	5.32224998550715e-21	MIR3936HG	c12
4.04067089447336e-08	0.989024455362138	0.01	0.002	0.0014789259540862	AC242842.1	c12
1.08231987708925e-08	0.987242112489557	0.01	0.002	0.000396139898213436	AC129492.1	c12
4.57389042314528e-24	0.984300193202825	0.032	0.005	1.67408963377541e-19	PDIA5	c12
2.81435920638256e-20	0.973707080348341	0.028	0.005	1.03008361312808e-15	LY6E-DT	c12
5.32830386846135e-14	0.972898569998781	0.016	0.002	1.95021249889554e-09	AC100793.2	c12
2.30484818768295e-18	0.972373194317625	0.027	0.005	8.43597485173835e-14	BTBD11	c12
1.33150683974595e-167	0.971353694176624	0.206	0.031	4.87344818415415e-163	TRBV3-1	c12
1.49136014109347e-32	0.970915756575631	0.045	0.008	5.45852725241621e-28	ZNF395	c12
1.18303313419564e-24	0.970456492388679	0.028	0.004	4.33001957446948e-20	MYO15B	c12
8.09231023166346e-37	0.965858219829518	0.04	0.006	2.96186646789114e-32	AC103691.1	c12
2.24796729245727e-51	0.964105546309208	0.069	0.011	8.22778508712284e-47	DENND5A	c12
1.57090484864907e-16	0.963910396900932	0.019	0.003	5.74966883654045e-12	DNAH6	c12
1.55347553512031e-16	0.962445034919473	0.019	0.003	5.68587580609385e-12	F2RL2	c12
2.21397472816035e-26	0.960915479453914	0.041	0.008	8.10336890253969e-22	PFN2	c12
1.312437706368e-42	0.960387930090096	0.044	0.006	4.80365324907752e-38	SMIM1	c12
1.02524218558093e-32	0.957404478881887	0.041	0.007	3.75248892344475e-28	LINC00891	c12
4.20171289649196e-23	0.954989017404359	0.024	0.003	1.53786893724502e-18	GCAT	c12
1.96054953691521e-13	0.95413152231578	0.015	0.002	7.17580736006337e-09	AL138778.1	c12
1.9256389270748e-146	0.953834988816518	0.216	0.037	7.04803103698647e-142	EPHB6	c12
1.10053603163654e-22	0.953442485876132	0.022	0.003	4.02807192939289e-18	RASSF1-AS1	c12
1.70593451735527e-79	0.947293408329879	0.103	0.016	6.24389092697203e-75	ZSCAN18	c12
1.2851655794927e-38	0.946718438563931	0.051	0.008	4.70383453750122e-34	LYL1	c12
7.89798962958114e-12	0.945816785210408	0.012	0.002	2.89074318432299e-07	LINC01727	c12
2.65306571209014e-63	0.94531000917858	0.076	0.011	9.71048581282112e-59	KRT18	c12
9.40341788326624e-160	0.943171904240649	0.259	0.047	3.44174497945428e-155	TXK	c12
1.08889956056077e-29	0.93981577987756	0.03	0.004	3.98548128160846e-25	NHLRC4	c12
3.87814914538659e-20	0.938268960010382	0.02	0.003	1.41944136870295e-15	GPR15	c12
1.19072184681651e-29	0.937334134079341	0.034	0.005	4.3581610315331e-25	AC078785.1	c12
3.28312477705409e-49	0.937001405885372	0.07	0.012	1.20165649964957e-44	WNT7A	c12
1.48393914665936e-85	0.934627010776934	0.116	0.019	5.43136567068792e-81	AL499604.1	c12
1.17032214826362e-34	0.933768322814637	0.043	0.007	4.28349609485967e-30	GCNT4	c12
6.55296308850762e-71	0.932709530061402	0.084	0.012	2.39845002002468e-66	MEGF6	c12
8.64853308291919e-10	0.928734351230893	0.014	0.003	3.16544959367925e-05	CCDC180	c12
1.30800000873718e-11	0.927420471332774	0.011	0.001	4.78741083197897e-07	LINC02453	c12
4.83101048536024e-12	0.925907170826792	0.015	0.003	1.7681981477467e-07	MCC	c12
2.87868033720759e-23	0.92362088345129	0.029	0.005	1.05362579022135e-18	MAP4K3	c12
4.52854141351591e-08	0.920067904986897	0.011	0.002	0.00165749144276096	ZNF793-AS1	c12
3.46660428036292e-12	0.919188700314962	0.019	0.004	1.26881183265563e-07	FAM171A1	c12
4.86011130834361e-24	0.915948102662745	0.03	0.005	1.77884933996684e-19	DARS-AS1	c12
1.42353522382232e-42	0.914479142171316	0.05	0.007	5.21028127271208e-38	SPINK2	c12
3.98068411061805e-22	0.91281582644208	0.024	0.004	1.45697019132731e-17	RPS6KA2	c12
3.31829546380959e-240	0.911760453922201	0.844	0.256	1.21452932270895e-235	SELL	c12
3.26578540997155e-14	0.911750346113307	0.013	0.002	1.19531011790369e-09	AC093690.1	c12
9.62464700651509e-86	0.91172486318518	0.122	0.021	3.52271705085459e-81	INTS6-AS1	c12
4.15829922363568e-09	0.91100739330424	0.01	0.001	0.000152197909884289	ZNF610	c12
3.7580156378824e-67	0.908239372296819	0.105	0.019	1.37547130362134e-62	AC083798.2	c12
2.06272262164764e-67	0.906192905711277	0.072	0.01	7.54977106749254e-63	XIST	c12
4.18697178473843e-23	0.902980267471647	0.024	0.003	1.53247354293211e-18	AC015813.1	c12
4.28326100514933e-07	0.90289485945206	0.011	0.002	0.0156771636049471	CAVIN1	c12
3.29807457818091e-54	0.90146364968464	0.071	0.012	1.20712827635999e-49	LIPT2	c12
5.13974345654053e-07	0.90049748948372	0.012	0.003	0.018811975025284	C2orf81	c12
8.98475345309328e-08	0.899242918412947	0.011	0.002	0.00328850961136667	ZKSCAN2-DT	c12
1.23125093325259e-08	0.898122796079576	0.015	0.003	0.00045065015407978	LCMT1-AS1	c12
1.96542569434183e-14	0.896386517754217	0.016	0.002	7.19365458386054e-10	EGFL8	c12
1.62929371691101e-09	0.895373555072796	0.012	0.002	5.96337793326599e-05	PLEKHG5	c12
2.43657408277666e-09	0.89524814836007	0.012	0.002	8.91810480037085e-05	AC006942.1	c12
5.66078980203575e-43	0.893960963959101	0.056	0.009	2.0719056754431e-38	AC090204.1	c12
4.27258766208184e-24	0.893127347410039	0.021	0.003	1.56380981019858e-19	USP51	c12
1.81995116494766e-09	0.893090540623601	0.013	0.002	6.66120325882494e-05	AC010531.6	c12
3.2118591555251e-16	0.892753889185781	0.013	0.001	1.17557256951374e-11	TBXA2R	c12
5.15199562458015e-11	0.891995747440643	0.015	0.003	1.88568191855258e-06	FBXO10	c12
2.21071668348731e-16	0.891545253614173	0.016	0.002	8.09144413323191e-12	ANKRD31	c12
6.88776719554103e-42	0.891482015790381	0.052	0.008	2.52099167123997e-37	HPCAL4	c12
3.71115265884238e-28	0.888705089834377	0.05	0.01	1.3583189846629e-23	MINDY1	c12
5.16406996273178e-54	0.888419817126397	0.078	0.013	1.89010124705946e-49	ZNF483	c12
1.23624757718254e-11	0.88806396061057	0.014	0.002	4.52478975724582e-07	AC008771.1	c12
2.17214100355561e-13	0.886456829916044	0.022	0.005	7.95025328711388e-09	LINC00824	c12
3.75501799999312e-127	0.885909358202425	0.183	0.031	1.37437413817748e-122	RETREG1	c12
8.09667622533809e-11	0.885714663712746	0.011	0.002	2.96346446523599e-06	SSTR3	c12
1.5380677115029e-218	0.885307933343593	0.403	0.08	5.62948163087176e-214	LINC02273	c12
5.09676929282745e-08	0.882524779561418	0.014	0.003	0.00186546852886777	AC010754.1	c12
1.21109561667399e-33	0.882503061432413	0.045	0.007	4.43273106658848e-29	ZNF717	c12
1.90984679083674e-12	0.880939998686555	0.014	0.002	6.99023023914157e-08	MRC2	c12
2.73952216711031e-21	0.875671961810784	0.037	0.008	1.00269250838404e-16	OSBPL10	c12
2.38108075421738e-11	0.875046038493957	0.012	0.002	8.71499366851102e-07	AC244502.1	c12
6.18609075201363e-87	0.870933472645278	0.117	0.019	2.26417107614451e-82	FAM13A	c12
2.56852812058517e-16	0.867641778280457	0.019	0.003	9.40106977415378e-12	C5orf17	c12
1.39549924265032e-11	0.86755995501828	0.012	0.002	5.10766677802445e-07	AC009318.1	c12
1.36544695601701e-155	0.866347287310737	0.266	0.051	4.99767240371786e-151	PLEKHB1	c12
3.26996843051619e-23	0.866303846982285	0.035	0.007	1.19684114525323e-18	KCNQ1	c12
6.73852827798118e-13	0.865729456731521	0.021	0.004	2.46636873502389e-08	ZNF69	c12
1.34085027307259e-14	0.864814628497189	0.015	0.002	4.907646084473e-10	ATP13A4	c12
8.43752580238525e-26	0.86476200414362	0.044	0.009	3.08821881893103e-21	HKDC1	c12
7.63889312027147e-85	0.864238632857249	0.122	0.021	2.79591127095056e-80	IATPR	c12
5.1547831836201e-11	0.86165586168452	0.015	0.003	1.88670219303679e-06	RPL34-AS1	c12
1.40256047514358e-46	0.860485238650722	0.063	0.01	5.13351159507303e-42	SMYD5	c12
1.38391855545523e-16	0.85980758798028	0.022	0.004	5.06528030482169e-12	AL139011.1	c12
1.32822659033541e-53	0.859394095547796	0.073	0.012	4.86144214328663e-49	NUAK2	c12
1.80628682425075e-232	0.859343983844745	0.453	0.093	6.61119040544018e-228	BEX2	c12
1.7677727112729e-42	0.858192282299998	0.065	0.012	6.47022490052994e-38	GPR146	c12
7.89472225237351e-31	0.85553649642008	0.045	0.008	2.88954729159123e-26	NOS3	c12
3.19174008844905e-87	0.855239205223128	0.106	0.016	1.16820878977324e-82	LINC01003	c12
3.05111677113994e-11	0.855158224828074	0.013	0.002	1.11673924940493e-06	MAP3K9	c12
2.96643473958617e-12	0.854454291602019	0.018	0.003	1.08574477903593e-07	GRASP	c12
4.82507320930781e-193	0.853431370959088	0.999	0.681	1.76602504533875e-188	LTB	c12
3.09781042755447e-40	0.853181007746422	0.046	0.007	1.13382959458921e-35	RNF212	c12
9.08796388780387e-08	0.852491829258457	0.01	0.002	0.0033262856625751	PIANP	c12
4.01395719876931e-177	0.851590257003297	0.403	0.093	1.46914847432156e-172	SH3YL1	c12
5.96719133162348e-83	0.851121560929081	0.186	0.044	2.18405169928751e-78	SOCS3	c12
3.86420252936385e-18	0.851088199064852	0.018	0.002	1.41433676777246e-13	LINC00884	c12
3.70029548306916e-22	0.851046084792337	0.022	0.003	1.35434514975814e-17	TRAV40	c12
7.63017164249695e-59	0.850927937392195	0.095	0.018	2.79271912287031e-54	LMO7	c12
3.47047824761439e-67	0.849299631394619	0.103	0.019	1.27022974340934e-62	TMEM25	c12
4.94453922879143e-21	0.849077988258703	0.029	0.005	1.80975080312995e-16	MYOM2	c12
3.84580886410593e-15	0.845771508606576	0.018	0.003	1.40760450235141e-10	AC016957.2	c12
4.62487113886055e-221	0.843451157504449	0.389	0.075	1.69274908553435e-216	SPINT2	c12
3.07003162250476e-29	0.842285532240757	0.037	0.006	1.12366227415297e-24	AC127502.2	c12
1.26938181124871e-52	0.841131406171201	0.068	0.011	4.64606436735141e-48	RALGPS2	c12
1.24498260070073e-37	0.840464078506892	0.05	0.008	4.55676081682473e-33	CLEC11A	c12
7.60461015387719e-23	0.839799096406662	0.024	0.003	2.78336336242059e-18	ADAM23	c12
1.94155167557446e-34	0.839395708624902	0.033	0.004	7.10627328777007e-30	TRAV34	c12
1.24186202340324e-18	0.839194253881136	0.023	0.004	4.54533919185819e-14	C10orf91	c12
1.08279176044274e-24	0.838216316728214	0.024	0.003	3.96312612239648e-20	AL133410.1	c12
1.88267769547472e-59	0.837589100516961	0.083	0.014	6.89078863320703e-55	SAP25	c12
3.93618775473546e-46	0.836236512432655	0.072	0.013	1.44068408011073e-41	ZNF814	c12
4.12127823497433e-11	0.833749776272745	0.012	0.002	1.50842904678296e-06	TSPAN10	c12
2.94073587354435e-52	0.832600291409652	0.079	0.014	1.07633873707597e-47	NDRG2	c12
2.45889027318414e-93	0.831543533161331	0.118	0.018	8.99978428888128e-89	AC093157.1	c12
1.57534432860223e-36	0.831449329374562	0.04	0.006	5.76591777711702e-32	ECRG4	c12
1.9574631613375e-20	0.830560180043792	0.028	0.005	7.16451091681139e-16	NUDT17	c12
2.74013254217082e-69	0.828993504741412	0.116	0.022	1.00291591175994e-64	FAAH2	c12
1.52355499457377e-128	0.828381981026917	0.179	0.029	5.57636363563944e-124	SLC2A11	c12
4.1826880105054e-14	0.828325858393437	0.014	0.002	1.53090563872508e-09	SPATA41	c12
2.48910542024375e-10	0.827912720365151	0.016	0.003	9.11037474863415e-06	GAS8	c12
1.92070387760694e-83	0.827310564192327	0.118	0.02	7.02996826242915e-79	AC022916.1	c12
1.21115304927047e-168	0.827113145387782	0.255	0.044	4.43294127563484e-164	TMIGD2	c12
5.05135441381945e-21	0.827004674213281	0.037	0.008	1.84884622900206e-16	MEOX1	c12
8.61767759485007e-104	0.826047343182153	0.166	0.03	3.15415617649107e-99	GCSAM	c12
1.79497251664552e-10	0.824863144306534	0.013	0.002	6.56977890817427e-06	ZBTB42	c12
9.45275349042443e-55	0.824756591036459	0.082	0.015	3.45980230503025e-50	COL18A1	c12
1.45451853011723e-14	0.823172578378272	0.017	0.003	5.32368327208207e-10	ATP8A2	c12
7.2376291523078e-13	0.822913554414706	0.019	0.004	2.64904464603618e-08	ZNF763	c12
2.28252189073198e-30	0.821877183921147	0.04	0.007	8.3542583722681e-26	RHPN1	c12
4.14114305237932e-18	0.821529532170659	0.019	0.003	1.51569976860135e-13	PAXBP1-AS1	c12
2.06309160604035e-17	0.821269581410621	0.013	0.001	7.55112158726827e-13	AP002954.1	c12
1.90867168877847e-149	0.819570635459434	0.291	0.061	6.9859292480981e-145	IL6R	c12
9.05583747090745e-64	0.818832983798107	0.084	0.014	3.31452707272683e-59	PRKCA	c12
4.04289642890679e-15	0.818579079716914	0.016	0.002	1.47974052194417e-10	AL591895.1	c12
2.04813378597574e-08	0.818250417988532	0.015	0.003	0.000749637447004981	LINC02812	c12
1.45489962291595e-09	0.818158508294835	0.01	0.001	5.32507810983465e-05	AC009118.3	c12
2.35305421515022e-146	0.81639730787004	0.23	0.041	8.61241373287131e-142	EIF4EBP3	c12
9.90678042075301e-50	0.814010247113902	0.078	0.014	3.62598070179981e-45	C12orf66	c12
1.47631799812202e-45	0.813591231149268	0.064	0.011	5.4034715049264e-41	ZBTB16	c12
1.80944397470671e-27	0.812360039036631	0.036	0.006	6.62274589182404e-23	ALS2CL	c12
2.02850748419397e-15	0.80991490926294	0.017	0.003	7.42454024289834e-11	AC026471.2	c12
4.47543315243531e-184	0.809578026190095	0.337	0.067	1.63805328812285e-179	SESN3	c12
2.6723625903041e-59	0.809577245193156	0.089	0.016	9.78111431677202e-55	GRAP	c12
2.3163158169657e-52	0.807340208463676	0.068	0.011	8.47794752167614e-48	IL11RA	c12
4.41833444941718e-12	0.807011889714148	0.012	0.002	1.61715459183118e-07	PYGM	c12
8.02666393241116e-27	0.800947967550672	0.032	0.005	2.93783926590181e-22	ZNF787	c12
1.45739263329293e-09	0.798688371418256	0.01	0.001	5.33420277711545e-05	AC108718.1	c12
3.5118642703252e-19	0.797414210282366	0.031	0.006	1.28537744158173e-14	AP000977.1	c12
4.13109995679917e-10	0.797407642588586	0.011	0.002	1.51202389518806e-05	DAB1	c12
2.00748668111146e-69	0.79715929801199	0.111	0.021	7.34760200153604e-65	MFGE8	c12
1.08604169935766e-08	0.795112223235152	0.01	0.002	0.000397502122381897	LSM11	c12
9.24116047421257e-78	0.793371056367199	0.128	0.024	3.38235714516654e-73	CBR3	c12
3.85007339564597e-48	0.793239806316091	0.073	0.013	1.40916536354038e-43	KLF7	c12
4.77543743607812e-148	0.791618756566925	0.218	0.037	1.74785785597895e-143	FBLN7	c12
4.3666550353725e-12	0.790583060759891	0.017	0.003	1.59823940949669e-07	AC026471.3	c12
9.14180316083727e-80	0.790127438140699	0.091	0.013	3.34599137489805e-75	MSRB2	c12
6.5565330983263e-08	0.789546534139447	0.014	0.003	0.00239975667931841	SNHG18	c12
1.27344283199076e-20	0.786396352280113	0.021	0.003	4.66092810936939e-16	CALY	c12
2.07784397287194e-22	0.784404260107424	0.031	0.005	7.6051167251086e-18	B3GALT6	c12
7.34027429037237e-121	0.779925802971992	0.177	0.03	2.68661379301919e-116	BACH2	c12
1.16203113231847e-29	0.779480191548847	0.036	0.006	4.25315014739885e-25	AC022182.2	c12
1.90960891517635e-56	0.777627824893964	0.08	0.014	6.98935959043695e-52	HOOK1	c12
1.80742561153413e-19	0.777485418571978	0.031	0.006	6.61535848077608e-15	AC016394.1	c12
1.8968018435613e-89	0.777346595253999	0.14	0.026	6.94248442761872e-85	DBP	c12
1.63464605803691e-21	0.777345195742141	0.028	0.005	5.98296803702091e-17	USP44	c12
2.80913817970937e-84	0.77732947116359	0.104	0.016	1.02817266515543e-79	F5	c12
6.38485153268447e-16	0.776841574138512	0.02	0.003	2.33691950947784e-11	MAGI3	c12
1.76204801440992e-104	0.77525335443426	0.151	0.026	6.44927193754176e-100	ACSL6	c12
2.49559720600321e-09	0.775169968830082	0.01	0.001	9.13413533369237e-05	GOLGA6L9	c12
1.1775707433646e-52	0.769446540905947	0.071	0.012	4.31002667778876e-48	LRRC8C-DT	c12
1.05451739939967e-30	0.768398256834641	0.044	0.008	3.85963913354272e-26	HAR1A	c12
4.23942170332286e-122	0.767576778866112	0.176	0.03	1.5516707376332e-117	TRBV18	c12
1.22998285994823e-17	0.766237600039968	0.019	0.003	4.5018602656965e-13	FAM66C	c12
3.16541510735601e-16	0.76462563154082	0.015	0.002	1.15857358344337e-11	ANKS6	c12
3.59795261490156e-22	0.76431647677602	0.03	0.005	1.31688663658012e-17	EDRF1-DT	c12
6.24272541415519e-10	0.763285844341714	0.014	0.003	2.28489992883494e-05	ESPN	c12
3.47572351311096e-152	0.763259173861484	0.279	0.056	1.27214956303374e-147	FBLN5	c12
5.99349673805046e-38	0.76188679200332	0.064	0.013	2.19367974109385e-33	FBXL16	c12
2.4202863981729e-11	0.761194193262074	0.012	0.002	8.85849024595262e-07	AC027682.1	c12
3.19390365049189e-133	0.760976763435599	0.216	0.04	1.16900067511653e-128	CHRM3-AS2	c12
1.89892671003816e-60	0.760117050730567	0.085	0.014	6.95026165141066e-56	ZNF677	c12
1.91394020427703e-12	0.759935491069151	0.022	0.005	7.00521254167437e-08	AC008875.2	c12
3.42966824921302e-15	0.759757855645196	0.017	0.003	1.25529287589446e-10	SLC16A5	c12
5.77678790907091e-128	0.75853903873869	0.207	0.038	2.11436214259904e-123	MAGEF1	c12
4.91308663751684e-48	0.757873163541674	0.073	0.013	1.79823884019754e-43	TIPARP-AS1	c12
2.12339667684571e-21	0.757339272629869	0.031	0.006	7.77184417692299e-17	GPA33	c12
2.16582438605849e-137	0.755828001042262	0.205	0.036	7.92713383541267e-133	ADPRM	c12
3.88840212926039e-21	0.755008438083933	0.027	0.004	1.42319406333059e-16	AC020910.5	c12
1.71186931841452e-33	0.754502149117543	0.047	0.008	6.26561289232898e-29	SEC14L2	c12
1.77700729041759e-19	0.753152614585918	0.017	0.002	6.50402438365742e-15	VASH1-AS1	c12
6.15440362049145e-32	0.750791636250548	0.037	0.006	2.25257326913607e-27	AC073389.1	c12
9.51147883150279e-41	0.750209900928651	0.06	0.011	3.48129636711834e-36	IRS2	c12
3.25959191734935e-15	0.748180074409114	0.02	0.004	1.19304323766903e-10	BEND5	c12
2.39841671396848e-12	0.748097234362545	0.013	0.002	8.77844501479604e-08	AL139246.3	c12
1.02967437689157e-163	0.747694693899293	0.283	0.054	3.76871118686083e-159	DPEP2	c12
1.36965384472417e-20	0.747412375501909	0.024	0.004	5.01307003707493e-16	LINC00544	c12
2.50463946096882e-22	0.746641394787182	0.035	0.007	9.16723089109199e-18	REEP6	c12
1.06147948626948e-17	0.746063359564216	0.023	0.004	3.88512106769493e-13	CNKSR2	c12
4.89827294366105e-30	0.744695858574726	0.049	0.01	1.79281688010938e-25	TAF4B	c12
1.43977114653562e-16	0.743782815256624	0.026	0.005	5.26970637343503e-12	ZFP41	c12
2.01848338652509e-15	0.743742234798896	0.017	0.003	7.38785104302049e-11	ACVR2B	c12
4.32554564723946e-104	0.742145504072456	0.137	0.022	1.58319296234612e-99	RNF157	c12
4.66283503634109e-116	0.742096848258839	0.159	0.026	1.7066442516512e-111	TRAV23DV6	c12
5.08814797722242e-102	0.741816925828665	0.16	0.029	1.86231304114318e-97	CLUAP1	c12
2.5595792445276e-08	0.73833904682001	0.016	0.004	0.000936831599289547	ANKRD18A	c12
3.61063975973622e-20	0.738177308057956	0.039	0.009	1.32153025846105e-15	LIPE	c12
1.50963992394743e-10	0.735009981253294	0.015	0.003	5.52543308563999e-06	TMEM8B	c12
4.25274018507112e-122	0.734726462139903	0.177	0.03	1.55654543513788e-117	GSTM2	c12
8.31653898765678e-10	0.734149863505343	0.01	0.001	3.04393643487226e-05	ERFL	c12
4.089571676887e-12	0.733781668704546	0.013	0.002	1.49682412945741e-07	HDAC11-AS1	c12
2.46290801783582e-10	0.733168566108883	0.011	0.002	9.01448963608088e-06	LINC01281	c12
1.00253962079293e-148	0.732833463285546	0.997	0.691	3.66939526606419e-144	LDHB	c12
2.43341846124397e-25	0.732788689161229	0.04	0.008	8.90655490999906e-21	SNN	c12
1.70264210899483e-13	0.731871895550325	0.018	0.003	6.23184038313199e-09	NSMCE1-DT	c12
2.7052153602874e-67	0.731770627631577	0.093	0.015	9.90135874018792e-63	PPP1R3F	c12
2.01302678512258e-23	0.731659606426809	0.033	0.006	7.36787933622717e-19	MAN1C1	c12
4.14393565665715e-144	0.730579699290062	0.259	0.051	1.51672188969309e-139	ADTRP	c12
2.30877240422123e-22	0.729012753137892	0.039	0.008	8.45033787669012e-18	CARD17	c12
7.78637412648254e-39	0.728107325605599	0.052	0.009	2.84989079403387e-34	CD79A	c12
1.43807881476523e-88	0.728062557803479	0.148	0.028	5.26351226992223e-84	SYNJ2	c12
3.22795421630536e-44	0.726983535828388	0.063	0.011	1.18146352270992e-39	NBPF9	c12
1.68828312184304e-31	0.726761590935296	0.049	0.009	6.1792850542577e-27	ZNF519	c12
1.25169290607213e-28	0.723801644244009	0.037	0.006	4.5813212055146e-24	KTI12	c12
6.50630728864485e-32	0.722065152061366	0.044	0.007	2.3813735307169e-27	AC100861.1	c12
2.4660180360623e-174	0.720442311817025	0.273	0.049	9.02587261379161e-170	CYB561D2.1	c12
2.6107694843987e-176	0.718600121565458	0.489	0.125	9.55567738984767e-172	TESPA1	c12
1.89787959805985e-45	0.718108088740268	0.076	0.015	6.94642911685886e-41	LINC01891	c12
2.41848044642419e-15	0.716488017794571	0.018	0.003	8.85188028195717e-11	XKR6	c12
1.35669825597045e-228	0.713787851923505	0.75	0.208	4.96565128667743e-224	PRKCQ-AS1	c12
5.68748860751416e-46	0.713035410717572	0.062	0.01	2.08167770523626e-41	CPA5	c12
1.35465773558402e-38	0.711000704602871	0.049	0.008	4.95818277801107e-34	BIK	c12
1.76054818266683e-15	0.710413302293698	0.021	0.004	6.44378240337888e-11	AC240274.1	c12
1.34554151700179e-06	0.709893598428512	0.01	0.002	0.0492481650637826	SMN1	c12
2.7121622912605e-182	0.709568040424633	0.819	0.271	9.92678520224256e-178	FCMR	c12
1.89398596640415e-23	0.708923512476755	0.031	0.005	6.93217803563584e-19	NEURL1	c12
1.11418474227041e-09	0.707933248390091	0.011	0.002	4.07802757518392e-05	PRRT2	c12
2.89291675647239e-78	0.706946982650819	0.134	0.026	1.05883646203646e-73	INF2	c12
2.64119089789356e-17	0.70138119380924	0.02	0.003	9.66702280538022e-13	ZMYND19	c12
5.77968982473546e-51	0.699381835211295	0.091	0.019	2.11542427275143e-46	TMEM129	c12
7.6355874016507e-09	0.699294315283804	0.012	0.002	0.000279470134487817	NRTN	c12
1.05177372896211e-157	0.699130318934075	0.331	0.072	3.84959702537422e-153	POU2F2	c12
1.67103770361304e-190	0.697208899730753	0.396	0.085	6.11616509899409e-186	SATB1	c12
2.33247373599623e-77	0.696718668564015	0.099	0.015	8.53708712111981e-73	FN3K	c12
1.86488335629779e-32	0.695611896372553	0.055	0.011	6.82565957238553e-28	CSAD	c12
5.92544867716342e-10	0.694493893083757	0.013	0.002	2.16877347032858e-05	AC007993.3	c12
8.99960898813856e-44	0.694359691675929	0.07	0.013	3.2939468857486e-39	CDCA7L	c12
1.63253739528073e-162	0.693711750272045	0.281	0.054	5.975250120467e-158	NSMCE3	c12
8.29098748315855e-28	0.692949949852206	0.048	0.01	3.03458432871086e-23	LINC00920	c12
4.38976900274924e-12	0.692464918819929	0.017	0.003	1.60669935269625e-07	ZNF674	c12
6.58432821458549e-13	0.692463918073881	0.012	0.002	2.40992996982044e-08	BX088651.4	c12
1.11030735960729e-09	0.691223558724168	0.011	0.002	4.06383596689865e-05	KRT72	c12
2.97689202315554e-93	0.69069035473033	0.145	0.026	1.08957224939516e-88	HSBP1L1	c12
2.69690257999174e-176	0.689980546742762	0.822	0.276	9.87093313302776e-172	AQP3	c12
1.16912286927403e-10	0.689941793074235	0.013	0.002	4.27910661382988e-06	AC009403.1	c12
1.32193808724666e-12	0.689812489076833	0.023	0.005	4.83842559313149e-08	ZNF844	c12
6.0624927853617e-82	0.689426675009018	0.146	0.029	2.21893298437024e-77	LINC00402	c12
4.58293954806355e-30	0.688019622366144	0.045	0.008	1.67740170398674e-25	TRAV30	c12
1.58017450896934e-151	0.68773396367871	0.27	0.053	5.78359672027868e-147	FAM153CP	c12
2.0698028988533e-34	0.686624328212528	0.056	0.011	7.57568559009295e-30	HAR1B	c12
2.06545493955848e-169	0.685716801997225	0.819	0.276	7.559771624278e-165	PLSCR3	c12
1.32701495734384e-49	0.684008205916497	0.076	0.014	4.85700744537419e-45	IL23A	c12
6.76614803373873e-09	0.683862836636021	0.01	0.002	0.000247647784182871	KCNH3	c12
6.19916742605096e-43	0.683840528229914	0.061	0.01	2.26895726960891e-38	AGER	c12
2.98613069503253e-23	0.683744256188795	0.03	0.005	1.09295369568885e-18	STAP1	c12
1.03434676951367e-74	0.683536478479902	0.144	0.03	3.78581261109698e-70	IMMP2L	c12
1.02559559792727e-195	0.683373939647128	0.468	0.109	3.75378244797361e-191	MARCKSL1	c12
2.05668910221522e-08	0.682689873788781	0.016	0.004	0.000752768778301793	CTPS2	c12
3.79149803983904e-127	0.682650493171596	0.222	0.043	1.38772619756149e-122	LDOC1	c12
2.785956293895e-47	0.680290152030828	0.071	0.013	1.01968786312851e-42	CERNA1	c12
8.79225622762356e-10	0.680247667798605	0.014	0.003	3.2180537018725e-05	TNKS1BP1	c12
8.89434996020602e-28	0.679317190081055	0.033	0.005	3.255421028935e-23	REM2	c12
2.36334316144117e-78	0.678411547419913	0.119	0.021	8.65007230519081e-74	PEX6	c12
6.58519815274699e-177	0.673390233689495	0.313	0.063	2.41024837588693e-172	TRBV7-2	c12
1.10175660862765e-23	0.67322288905786	0.032	0.005	4.03253936323807e-19	LINC01259	c12
1.01278546332747e-96	0.672285418498834	0.204	0.046	3.70689607432487e-92	APP	c12
2.90507170268288e-179	0.671580189705824	0.637	0.184	1.06328529389896e-174	MZT2B	c12
1.66628789854519e-11	0.670503022399857	0.015	0.003	6.09878033746525e-07	LINC02447	c12
1.90486675736224e-98	0.670402635727234	0.184	0.038	6.97200281862154e-94	CYSLTR1	c12
1.14660500850456e-22	0.669793373776481	0.04	0.009	4.19668899162754e-18	ASB13	c12
2.55869279050303e-80	0.669321462930224	0.124	0.023	9.36507148252014e-76	AC147067.1	c12
2.31142218691411e-16	0.669190112007079	0.023	0.004	8.46003634632433e-12	CXorf21	c12
1.67147065824679e-96	0.668178125494977	0.143	0.025	6.11774975624908e-92	MAPK3	c12
7.0074055704256e-18	0.668152779748362	0.023	0.004	2.56478051283148e-13	NIBAN2	c12
2.59467306007107e-60	0.667825119105435	0.089	0.016	9.49676286716612e-56	C1orf54	c12
3.4524673551959e-49	0.66756067861906	0.076	0.014	1.26363757667525e-44	RRAS	c12
2.03364021791692e-19	0.667217343267634	0.028	0.005	7.44332656159771e-15	AL359232.1	c12
7.88849119130506e-16	0.667188623490678	0.027	0.006	2.88726666092956e-11	HIST1H1A	c12
1.07634559657501e-09	0.663751930261209	0.012	0.002	3.9395325180242e-05	NAT14	c12
9.45208149351187e-16	0.663139920271805	0.018	0.003	3.45955634744028e-11	AC008443.9	c12
1.40083583565938e-11	0.661906899237803	0.012	0.002	5.1271992420969e-07	KIAA1958	c12
3.13512824865436e-149	0.660223648578883	0.406	0.103	1.14748829028998e-144	MYC	c12
2.12356823661835e-10	0.659251163062383	0.015	0.003	7.77247210284684e-06	SIRT4	c12
9.93286012719511e-55	0.658521673712604	0.087	0.016	3.63552613515468e-50	FXYD2	c12
1.4488992796466e-104	0.658277411238546	0.168	0.031	5.30311625343452e-100	LYRM9	c12
6.5628190980761e-21	0.657976520616129	0.023	0.003	2.40205741808683e-16	DIP2C	c12
5.5229810516917e-16	0.65795448101087	0.026	0.005	2.02146629472968e-11	LINC01569	c12
3.30405787418085e-24	0.657484707877291	0.031	0.005	1.20931822252893e-19	AL009179.1	c12
5.28825426228056e-09	0.656352647344549	0.012	0.002	0.000193555394253731	GSTO2	c12
1.5353859531105e-149	0.656029107854275	0.916	0.359	5.61966612697973e-145	CD27	c12
6.42150814697404e-178	0.65510961627309	0.999	0.901	2.35033619687397e-173	RPL9	c12
2.16249361264945e-21	0.65115648433749	0.034	0.007	7.91494287165826e-17	DBNDD1	c12
2.25410318835095e-82	0.64858107087003	0.122	0.021	8.2502430796833e-78	AP006621.3	c12
6.42723828049664e-08	0.648503933660531	0.011	0.002	0.00235243348304457	PIK3CD-AS2	c12
7.98186308277888e-128	0.647813164592304	0.195	0.034	2.9214417069279e-123	TTN	c12
1.38393032083939e-12	0.646099621521944	0.013	0.002	5.06532336730426e-08	NUDT12	c12
2.28904753297907e-126	0.64609427662555	0.217	0.042	8.37814287545669e-122	LINC02361	c12
1.15012934620048e-207	0.644229020438575	0.583	0.148	4.20958842002838e-203	YPEL3	c12
6.04974315154681e-36	0.643708121008016	0.059	0.011	2.21426649089765e-31	NCMAP-DT	c12
1.87323106960631e-09	0.641911362482797	0.015	0.003	6.85621303786605e-05	TLR9	c12
1.63571650095742e-35	0.641749277205907	0.046	0.007	5.98688596515427e-31	PNPLA7	c12
9.30383981896229e-19	0.641208416514345	0.026	0.004	3.40529841213839e-14	TRBV7-7	c12
5.25943597990224e-09	0.640989429491823	0.012	0.002	0.000192500616300402	AL137779.2	c12
8.32319341032176e-80	0.640705906837102	0.122	0.022	3.04637202011187e-75	AC012645.3	c12
6.80349277026203e-12	0.63942350237003	0.011	0.001	2.49014638884361e-07	AC005041.5	c12
6.11203445482666e-140	0.638337696446924	0.999	0.802	2.23706573081111e-135	EEF1G	c12
8.11998994396764e-09	0.638285442243404	0.016	0.004	0.00029719975193916	TXLNB	c12
8.78435697567892e-10	0.635004222934618	0.013	0.002	3.21516249666824e-05	AL109741.1	c12
6.72587132529892e-19	0.633915706997802	0.026	0.004	2.46173616377266e-14	ZNF582-AS1	c12
6.04922343030579e-10	0.633884358185221	0.013	0.002	2.21407626772622e-05	AP003774.2	c12
4.71067112529775e-12	0.633170952999936	0.019	0.004	1.72415273857023e-07	ZNF594	c12
1.48840448659552e-08	0.632097336881663	0.011	0.002	0.000544770926138827	SCRN1	c12
3.46106217537471e-28	0.632045920351437	0.045	0.009	1.2667833668089e-23	ZNF563	c12
1.70109961447212e-144	0.631321449953723	0.277	0.057	6.2261946989294e-140	PVT1	c12
4.43346106560794e-25	0.630843163446314	0.045	0.009	1.62269108462316e-20	PLD6	c12
1.59321914499987e-18	0.630305429159724	0.027	0.005	5.83134139261401e-14	TRBV10-2	c12
8.53026033544189e-59	0.630232266131082	0.076	0.012	3.12216058537508e-54	OBSCN	c12
2.07579731141614e-24	0.628415648808312	0.032	0.005	7.5976257395142e-20	DSEL	c12
2.32658041196536e-14	0.62777179696466	0.026	0.006	8.5155169658344e-10	CAMSAP2	c12
9.72026920020416e-18	0.627063798303451	0.026	0.005	3.55771572996672e-13	LRRC27	c12
1.6271567169887e-07	0.626123291304995	0.013	0.003	0.00595555629985034	MZF1-AS1	c12
1.5815033137542e-46	0.625904625293225	0.087	0.018	5.78846027867175e-42	AC136475.1	c12
7.17120345733972e-20	0.62572999160946	0.029	0.005	2.62473217742091e-15	SNED1	c12
6.76530189024651e-191	0.62554745695015	0.474	0.113	2.47616814484912e-186	SNHG3	c12
4.29780356992378e-31	0.625413638493899	0.039	0.006	1.5730390846278e-26	NAP1L3	c12
4.06434925092182e-08	0.625138412613022	0.01	0.002	0.00148759246932989	AL109767.1	c12
6.09096296434118e-08	0.625092657996727	0.01	0.002	0.00222935335457851	CCDC78	c12
1.03414400404732e-104	0.62441858322267	0.194	0.039	3.78507046921359e-100	HAPLN3	c12
1.95020181062458e-54	0.624237955437144	0.077	0.013	7.13793364706703e-50	CCR10	c12
7.4657465095727e-11	0.6224323245055	0.015	0.003	2.7325378799687e-06	AC027020.2	c12
1.28993550726004e-18	0.622128842639349	0.023	0.004	4.72129295012246e-14	IGSF9B	c12
1.60797960919413e-17	0.621872365495735	0.023	0.004	5.88536616761143e-13	AC244033.2	c12
1.40172873082553e-09	0.620765923022145	0.015	0.003	5.13046732769454e-05	PNMA5	c12
4.74135440022678e-150	0.620704176912062	0.299	0.063	1.735383124027e-145	EBPL	c12
1.38017421272488e-19	0.620349423251903	0.028	0.005	5.05157563599432e-15	LINC01232	c12
1.10707738765392e-11	0.619911628199398	0.02	0.004	4.0520139465521e-07	GLIDR	c12
1.98402640784017e-19	0.619621849329696	0.026	0.004	7.26173505533581e-15	BTBD8	c12
2.67595340863902e-16	0.618252762895954	0.02	0.003	9.79425707095968e-12	AMT	c12
1.54754377263245e-16	0.61809869672404	0.019	0.003	5.66416496221202e-12	FAM229A	c12
2.98196796845547e-28	0.6142766551644	0.04	0.007	1.09143009613439e-23	AP001372.2	c12
2.29764901885354e-14	0.614126307335281	0.018	0.003	8.40962517390584e-10	BX293535.1	c12
1.13837999868409e-129	0.613244134120275	0.244	0.05	4.16658463318364e-125	GAMT	c12
3.48486321170387e-136	0.612686733054923	0.999	0.803	1.27549478411573e-131	RPL7	c12
8.61544142816298e-92	0.612157928239475	0.178	0.037	3.15333771712193e-87	AC013264.1	c12
3.01067929253634e-26	0.611519658339594	0.043	0.008	1.10193872786123e-21	AL031963.3	c12
1.70669383968651e-11	0.610527129620903	0.023	0.006	6.2466701226366e-07	AC005944.1	c12
2.35169026693226e-08	0.609453448376542	0.014	0.003	0.000860742154599878	SV2A	c12
2.69614833146408e-16	0.608815954138541	0.02	0.003	9.86817250799168e-12	AC245140.2	c12
2.3433653397576e-09	0.607356475127586	0.014	0.003	8.57695148004678e-05	KISS1R	c12
9.67802924042704e-26	0.6057787986485	0.039	0.007	3.5422554822887e-21	C16orf86	c12
2.61944576384014e-09	0.605559616579993	0.013	0.002	9.58743344023129e-05	AL049597.2	c12
4.0784208121347e-82	0.605035211592258	0.15	0.031	1.49274280144942e-77	ZBED5-AS1	c12
3.95888352861589e-30	0.604903745718502	0.031	0.004	1.4489909603087e-25	AL133243.2	c12
6.04753990748284e-76	0.604805248177763	0.112	0.02	2.21346008153779e-71	TRAV8-1	c12
1.28045788334638e-17	0.604662989059706	0.028	0.005	4.68660389883608e-13	THNSL1	c12
3.6998596975878e-161	0.603927928229366	0.373	0.086	1.35418564791411e-156	AC008555.4	c12
9.29796053827388e-182	0.603684697614445	0.434	0.101	3.40314653661362e-177	H1FX	c12
1.4553978922452e-09	0.60211758156719	0.01	0.001	5.32690182540664e-05	SLC9A3-AS1	c12
6.7143767004562e-39	0.601971155645844	0.057	0.01	2.45752901613397e-34	AP002381.2	c12
1.391303291613e-80	0.601212855255011	0.156	0.033	5.09230917763273e-76	AKAP7	c12
2.05463837349601e-91	0.600694802727929	0.132	0.023	7.52018191083273e-87	NBPF10	c12
1.36590730518285e-13	0.600229250054745	0.014	0.002	4.99935732769974e-09	YJEFN3	c12
5.40232708448838e-18	0.597908024311633	0.033	0.007	1.97730573619359e-13	GPR150	c12
3.2530558676933e-184	0.597891330070393	0.579	0.157	1.19065097813443e-179	THEM4	c12
4.56351052273609e-11	0.597829263883172	0.019	0.004	1.67029048642664e-06	LAPTM4B	c12
2.16849946636185e-93	0.597660538077058	0.947	0.488	7.936924896831e-89	EIF3E	c12
8.47810886747734e-98	0.596851840120238	0.973	0.559	3.10307262658538e-93	GAS5	c12
5.90980082118594e-19	0.595585925258566	0.028	0.005	2.16304619856227e-14	LINC00663	c12
3.37817435135356e-17	0.594356060991251	0.034	0.008	1.23644559433892e-12	CHEK2	c12
8.08212206796005e-170	0.593998964379912	0.665	0.2	2.95813749809406e-165	RASGRP2	c12
3.96957476834892e-15	0.593827682640224	0.032	0.008	1.45290406096339e-10	MB21D2	c12
8.7010138672397e-45	0.593001821407692	0.099	0.024	3.1846580855484e-40	TRBV29-1	c12
4.04657791250201e-08	0.592873140990841	0.01	0.002	0.00148108798175486	SLX1A	c12
1.47838163991297e-08	0.592783036822487	0.011	0.002	0.000541102464024545	AC012306.2	c12
6.99671641095769e-32	0.592559644428714	0.041	0.007	2.56086817357462e-27	CCDC122	c12
2.49523760492391e-159	0.592407067680293	0.354	0.08	9.13281915778199e-155	SERINC5	c12
3.57704512942728e-11	0.59100294921354	0.015	0.003	1.30923428782168e-06	FANCE	c12
3.26349978895084e-140	0.590001111606501	0.301	0.067	1.1944735577539e-135	C11orf1	c12
8.59422357084082e-11	0.589469433847984	0.02	0.005	3.14557176916345e-06	CDAN1	c12
1.00537957590205e-12	0.589159679117086	0.017	0.003	3.67978978575911e-08	FZD3	c12
5.20154142562124e-13	0.588593307162459	0.019	0.004	1.90381617719163e-08	AC246785.3	c12
2.83763312341302e-13	0.588089935328546	0.021	0.004	1.0386020995004e-08	ZFP69	c12
9.4234885539259e-159	0.58762491896972	0.318	0.067	3.44909104562242e-154	ITGA6	c12
3.24873583291766e-24	0.587340082267479	0.031	0.005	1.18906980220619e-19	AC092944.1	c12
1.43997950552064e-164	0.586871332306762	0.339	0.074	5.2704689881561e-160	TRBV5-1	c12
1.81475723069375e-86	0.586597076355624	0.159	0.032	6.64219294006218e-82	TFAP4	c12
3.25979963204917e-162	0.585820332284531	0.998	0.942	1.19311926332632e-157	RPS6	c12
4.08819651182498e-12	0.585449639061384	0.013	0.002	1.49632080529306e-07	AP000446.1	c12
2.6325203487536e-13	0.582247651747604	0.019	0.004	9.63528772847305e-09	DICER1-AS1	c12
1.58986354435851e-57	0.582017494107856	0.107	0.022	5.8190595587066e-53	AGMAT	c12
2.91847165301855e-131	0.581857480038474	0.999	0.843	1.06818980972132e-126	EEF1B2	c12
8.06217213271263e-20	0.580788071562627	0.036	0.008	2.95083562229415e-15	CXCR5	c12
8.02038643152329e-24	0.580649634331614	0.03	0.005	2.93554163780184e-19	KLHL3	c12
3.77463285413514e-133	0.580024526872458	0.999	0.914	1.381553370942e-128	RPS2	c12
6.13466069424957e-08	0.578941911154538	0.01	0.002	0.00224534716070228	PRR34	c12
5.45820774370092e-15	0.577300722616689	0.021	0.004	1.99775861627198e-10	MAPT	c12
1.5713536701618e-38	0.576771572603889	0.051	0.008	5.75131156815922e-34	AL133477.2	c12
3.78579573150581e-121	0.575373137330126	0.998	0.823	1.38563909568844e-116	RPL4	c12
3.26794959266262e-34	0.575026442191811	0.047	0.008	1.19610223041044e-29	PARD6B	c12
6.26333505649561e-12	0.574622527820307	0.017	0.003	2.29244326402796e-07	CTU1	c12
3.39881766411717e-118	0.573087039357528	0.206	0.04	1.24400125324352e-113	MAGEH1	c12
3.76393872802734e-14	0.572603860287393	0.022	0.004	1.37763921384529e-09	LINC02018	c12
5.71338158306951e-09	0.57122789866432	0.015	0.003	0.000209115479321927	AL358472.2	c12
7.91105370865601e-12	0.570601374718988	0.014	0.002	2.89552476790519e-07	AC009120.2	c12
3.97838744672356e-07	0.569559019485683	0.014	0.003	0.0145612958937529	ZKSCAN3	c12
6.46344308767643e-100	0.569035568710357	0.165	0.031	2.36568480452045e-95	MINCR	c12
2.93644554913572e-14	0.567279722648899	0.023	0.005	1.07476843543917e-09	TRBV11-1	c12
1.27815760108702e-09	0.566443628825125	0.013	0.002	4.6781846357386e-05	CDNF	c12
2.5684904242719e-164	0.566200639748767	1	0.944	9.40093180187758e-160	RPS13	c12
8.038580655295e-23	0.564911658389252	0.037	0.007	2.94220090564452e-18	AL035587.2	c12
3.39228148502659e-23	0.564595853418393	0.046	0.01	1.24160894633458e-18	SLC25A23	c12
1.80793424225312e-09	0.563519236496035	0.016	0.003	6.61722012007066e-05	SDR42E1	c12
1.18236142705729e-89	0.563175773969172	0.954	0.536	4.32756105917238e-85	JUNB	c12
6.18988303517779e-14	0.560572989207301	0.019	0.003	2.26555908970542e-09	SLC25A5-AS1	c12
1.93410999000155e-07	0.558984469325555	0.015	0.004	0.00707903597440469	TRIM2	c12
2.77150440473052e-12	0.558612806792138	0.016	0.003	1.01439832717542e-07	ZNF879	c12
1.07139357089727e-191	0.557526161708364	1	0.98	3.92140760884111e-187	RPS12	c12
5.47103583035001e-181	0.556981354776133	1	0.967	2.00245382426641e-176	RPL32	c12
6.20848748208023e-14	0.554877241312809	0.019	0.003	2.27236850331618e-09	ZNF837	c12
3.18071022976092e-166	0.554121966452991	0.712	0.224	1.16417175119479e-161	ICAM2	c12
7.82441134358456e-09	0.553894543666209	0.014	0.003	0.000286381279586538	AL391069.2	c12
2.49239421527985e-09	0.552846998792738	0.015	0.003	9.1224120673458e-05	AC020978.7	c12
2.15957565240584e-19	0.552660234113612	0.024	0.004	7.90426284537061e-15	AC113410.4	c12
6.06371297655889e-10	0.552168977367961	0.016	0.003	2.21937958655032e-05	AC025048.2	c12
3.02014075290253e-31	0.551809904936158	0.056	0.012	1.10540171696985e-26	NR3C2	c12
4.12741945029966e-08	0.550483114692757	0.012	0.002	0.00151067679300418	AC091814.1	c12
2.65435136635552e-25	0.55004071069707	0.035	0.006	9.71519143599785e-21	NEK3	c12
7.52251499363664e-104	0.549984500282153	0.185	0.037	2.75331571282095e-99	HYI	c12
3.18040665518505e-53	0.549686841248961	0.1	0.021	1.16406063986428e-48	EPHA4	c12
9.22361802868151e-18	0.548963042875721	0.032	0.007	3.37593643467772e-13	AC090061.1	c12
2.73569127609065e-110	0.547775318117774	0.21	0.043	1.00129036396194e-105	MAP3K1	c12
1.4041254247413e-11	0.547455567914675	0.026	0.007	5.13923946709562e-07	DNAAF5	c12
3.53615395438428e-11	0.546670335015836	0.018	0.004	1.29426770884419e-06	TPM2	c12
2.06657545312107e-177	0.546111085225949	0.603	0.169	7.56387281596843e-173	SNHG32	c12
4.8245473217014e-83	0.545859533366974	0.123	0.022	1.76583256521593e-78	GKAP1	c12
1.35210117626554e-100	0.545762307815106	0.885	0.395	4.9488255152495e-96	NAP1L1	c12
5.78512990176741e-35	0.545498836612103	0.048	0.008	2.11741539534589e-30	KANTR	c12
7.54943573168296e-70	0.545406036319393	0.123	0.025	2.76316897215328e-65	C10orf143	c12
1.32194326964641e-07	0.544878142291405	0.01	0.002	0.00483844456123284	RILPL1	c12
4.87752943313863e-15	0.544408307550109	0.02	0.004	1.78522454782307e-10	MMEL1	c12
2.59445069322984e-11	0.544159221039602	0.016	0.003	9.49594898229053e-07	Z94721.1	c12
3.60215474694983e-186	0.543883367768225	1	0.98	1.31842465893111e-181	RPL13	c12
3.20049516564728e-33	0.543674055018099	0.055	0.011	1.17141323557856e-28	MAN1B1-DT	c12
1.64384371420284e-113	0.543556836355406	0.199	0.039	6.0166323783538e-109	ARHGAP5	c12
2.32420023268157e-61	0.542633138782271	0.106	0.021	8.50680527163782e-57	AP002748.4	c12
3.33393006884098e-39	0.542318817225401	0.071	0.015	1.22025174449649e-34	AP003717.4	c12
3.30821651040791e-35	0.542298861311201	0.054	0.01	1.2108403249744e-30	RYK	c12
8.4468776347386e-55	0.540537067190839	0.093	0.018	3.09164168309067e-50	NRIP1	c12
3.19653489002922e-194	0.540008831388908	0.598	0.159	1.16996373509959e-189	GPR183	c12
1.1379324915501e-32	0.539611599758057	0.059	0.012	4.16494671232254e-28	SH3GLB2	c12
4.23154382005233e-66	0.539270845868952	0.113	0.022	1.54878735357735e-61	ZMAT1	c12
8.12678033501756e-13	0.539184245195162	0.016	0.003	2.97448287041978e-08	LEKR1	c12
5.46646908311505e-18	0.539095735091745	0.039	0.01	2.00078234911094e-13	CHN1	c12
2.39775135491002e-13	0.538600420114667	0.02	0.004	8.77600973410617e-09	AC010969.2	c12
3.85781766004938e-26	0.537923843089646	0.06	0.015	1.41199984175467e-21	AC004585.1	c12
1.09046035844717e-26	0.537583045115088	0.039	0.007	3.99119395795249e-22	SEC31B	c12
3.31602574932722e-169	0.537540467220539	1	0.951	1.21369858451125e-164	RPL29	c12
2.39601028740307e-105	0.53689306422421	0.204	0.043	8.76963725292397e-101	FBXL8	c12
4.02965374777721e-08	0.53488674989061	0.014	0.003	0.00147489356822394	ZNF185	c12
3.81373855832278e-12	0.533366133763759	0.02	0.004	1.39586644973172e-07	CDK20	c12
7.6420050204646e-57	0.533009281671667	0.104	0.022	2.79705025754025e-52	HABP4	c12
3.39571776131385e-23	0.532905313424597	0.027	0.004	1.24286665781848e-18	PCCA-DT	c12
1.79504875071454e-71	0.532239138319659	0.121	0.024	6.5700579324903e-67	TCEA2	c12
5.34916130531228e-141	0.531290291171014	0.772	0.273	1.95784652935735e-136	FOXP1	c12
1.07419207790642e-10	0.530936801252615	0.015	0.003	3.93165042434528e-06	SUMO4	c12
3.42199753908281e-69	0.530703131265837	0.143	0.032	1.2524853192797e-64	TIAM1	c12
8.63563739354776e-21	0.530039445501562	0.035	0.007	3.16072964241242e-16	ALPK1	c12
7.35860728995854e-07	0.529404556572592	0.015	0.004	0.0269332385419772	SCOC-AS1	c12
1.34028360887328e-08	0.529385321751372	0.013	0.003	0.00049055720368371	FAM201A	c12
1.4970419953313e-60	0.52901617892646	0.109	0.022	5.47932340711208e-56	C11orf71	c12
3.05642000623221e-83	0.528562195416985	0.164	0.035	1.11868028648105e-78	PTP4A3	c12
8.80854502102837e-10	0.527408905567571	0.013	0.002	3.2240155631466e-05	AL109811.2	c12
1.75487694421014e-182	0.527265061714812	1	0.974	6.42302510350353e-178	RPS8	c12
2.39414316930655e-13	0.526520245710271	0.02	0.004	8.76280341397892e-09	TBCEL	c12
3.35266698857971e-146	0.526086976499322	1	0.962	1.22710964449006e-141	RPS18	c12
2.10929467272491e-07	0.52535823842689	0.014	0.003	0.00772022943164044	RMI2	c12
2.90754967705355e-75	0.525125177810063	0.118	0.022	1.06419225729837e-70	RTKN2	c12
2.00295833744527e-11	0.525086635702342	0.019	0.004	7.33102781088345e-07	TJP2	c12
1.46929486195958e-179	0.524900559329238	1	0.968	5.37776612425826e-175	RPL19	c12
4.08390372188168e-116	0.524756303030032	0.227	0.048	1.49474960124591e-111	CD79B	c12
1.31825564984767e-16	0.524302521705406	0.017	0.002	4.82494750400746e-12	AMER1	c12
5.19898251358078e-174	0.524111082471248	1	0.961	1.9028795897957e-169	RPS23	c12
4.81006314214999e-18	0.523858759208044	0.03	0.006	1.76053121065832e-13	ZNF512B	c12
7.8487580954845e-139	0.523794494525861	0.999	0.93	2.87272395052828e-134	RPL5	c12
6.58415111852284e-124	0.523772803648228	0.771	0.287	2.40986515089054e-119	SNHG8	c12
4.13858371528149e-16	0.523674836834886	0.017	0.002	1.51476302563018e-11	SYNGAP1-AS1	c12
5.25161305592803e-177	0.523235481992482	0.443	0.106	1.92214289460022e-172	NINJ1	c12
4.77316106097127e-77	0.521952123233579	0.119	0.022	1.74702467992609e-72	AC138150.1	c12
1.0918623194889e-16	0.521361409272369	0.023	0.004	3.99632527556133e-12	STX17-AS1	c12
9.29662085746504e-51	0.521358687485348	0.091	0.019	3.40265620004078e-46	NOL4L	c12
4.23608241390966e-21	0.521340159658584	0.03	0.005	1.55044852431508e-16	PRKN	c12
4.28006223355803e-10	0.521312823371534	0.019	0.005	1.56654557810457e-05	AIRE	c12
1.85301165764923e-151	0.521293605898992	0.377	0.091	6.78220796816194e-147	LINC01550	c12
2.19242677057519e-18	0.520745337507998	0.029	0.006	8.02450122298225e-14	FBXO41	c12
1.70194721278024e-129	0.520256606948143	1	0.925	6.22929699349695e-125	RPS5	c12
5.9315543240403e-60	0.520239982874653	0.09	0.016	2.17100819814199e-55	MARCH9	c12
5.79961690116571e-15	0.51996607583558	0.019	0.003	2.12271778199566e-10	MAP10	c12
7.12247794532863e-33	0.519790023485512	0.079	0.02	2.60689815276973e-28	NR1D1	c12
1.09099760069561e-77	0.518510408247947	0.989	0.615	3.99316031830599e-73	LIMD2	c12
7.66157826183368e-141	0.518279925893016	1	0.921	2.80421425961375e-136	RPS16	c12
1.52251417124831e-58	0.518247525543961	0.097	0.019	5.57255411818594e-54	METAP1D	c12
1.00641660873079e-164	0.517581616477784	0.999	0.959	3.68358542961558e-160	RPL18	c12
2.31678488982123e-50	0.517527135546856	0.069	0.012	8.47966437523467e-46	NBPF20	c12
5.51738463240511e-153	0.517272632682835	0.537	0.155	2.01941794930659e-148	DGKA	c12
4.5735866620558e-182	0.516763072763566	0.54	0.141	1.67397845417904e-177	AC119396.1	c12
1.00724986414558e-161	0.516575918604869	0.636	0.192	3.68663522775923e-157	RCAN3	c12
1.13445457253679e-13	0.516299615877659	0.021	0.004	4.15221718094192e-09	CFAP44	c12
1.96882907615383e-18	0.516055664765489	0.03	0.006	7.20611130163065e-14	RBM26-AS1	c12
5.4501959767161e-129	0.515240986445967	1	0.957	1.99482622943786e-124	RPS4X	c12
1.20864716982811e-18	0.51507449834464	0.028	0.005	4.42376950628785e-14	AF213884.3	c12
3.87909481592821e-148	0.515069481967685	0.456	0.124	1.41978749357788e-143	USP10	c12
2.65553098714996e-12	0.514758354394632	0.019	0.004	9.71950896606755e-08	TMEM9B-AS1	c12
3.61101777520101e-63	0.514755520699989	0.115	0.024	1.32166861590132e-58	RPARP-AS1	c12
6.54806214398659e-98	0.514657469443462	0.171	0.034	2.39665622532053e-93	ZNF414	c12
2.80513257832488e-41	0.513732480443312	0.067	0.013	1.02670657499269e-36	SLC18B1	c12
3.21160943582072e-55	0.512792717678268	0.074	0.012	1.17548116960474e-50	DNLZ	c12
2.75142186251091e-77	0.512558738656747	0.147	0.031	1.00704791589762e-72	TSPOAP1-AS1	c12
1.67965792192844e-63	0.512164213355109	0.096	0.017	6.14771596005029e-59	SBNO1-AS1	c12
9.39010258481959e-38	0.511963417266096	0.057	0.011	3.43687144706982e-33	MPP5	c12
7.80905118966929e-97	0.511473128790346	0.984	0.578	2.85819082593086e-92	IL7R	c12
1.85077028013049e-09	0.511222076487101	0.013	0.002	6.7740043023056e-05	KLHL32	c12
5.25861017849178e-45	0.511172025502209	0.065	0.011	1.92470391142978e-40	ZNF90	c12
5.86572928188632e-09	0.509881060541258	0.014	0.003	0.000214691557446321	SLC4A5	c12
4.03842037828124e-10	0.509721092472563	0.013	0.002	1.47810224265472e-05	ZHX3	c12
4.06672447046504e-08	0.508926801956179	0.01	0.002	0.00148846182343491	TMC3-AS1	c12
6.36817981336964e-13	0.508911809007558	0.02	0.004	2.33081749349142e-08	DNHD1	c12
3.63288063562217e-20	0.508545284420635	0.031	0.006	1.32967064144407e-15	LRFN3	c12
3.54045882522926e-70	0.507341067892505	0.106	0.019	1.29584333462216e-65	TRBV30	c12
1.62915547565281e-21	0.507173971172413	0.038	0.008	5.96287195643684e-17	HACD1	c12
5.35601322057521e-75	0.50665210075458	0.137	0.028	1.96035439886273e-70	MLXIP	c12
4.28678452074298e-47	0.506409137487996	0.087	0.018	1.56900600243714e-42	REPIN1	c12
1.35458298351599e-117	0.506376937279413	0.181	0.032	4.95790917796686e-113	TRBV6-1	c12
5.76329815998978e-07	0.506174484397155	0.011	0.002	0.0210942475953786	DSC1	c12
7.18467484497037e-45	0.505553294817908	0.078	0.016	2.6296628400076e-40	LINC00954	c12
3.3765380042811e-24	0.504725808167286	0.028	0.004	1.23584667494693e-19	FANK1	c12
3.63557931557452e-28	0.504373749200937	0.065	0.016	1.33065838529343e-23	KRT1	c12
1.71426315739053e-16	0.504183994540623	0.02	0.003	6.27437458236506e-12	AC009403.2	c12
4.67442486302094e-126	0.50339893950117	0.234	0.047	1.71088624411429e-121	AL118516.1	c12
1.27886325299728e-97	0.503290098208482	0.213	0.048	4.68076739229535e-93	MYLIP	c12
2.71749052462595e-93	0.503287220963734	0.162	0.032	9.94628706918342e-89	LINC01089	c12
5.27130594801191e-08	0.502518403045038	0.015	0.004	0.00192935069003184	SOCS2-AS1	c12
1.91171551492038e-155	0.502276279769024	0.363	0.084	6.99706995616009e-151	PABPN1	c12
5.00697228115294e-123	0.502194339204712	0.751	0.278	1.83260192462479e-118	CORO1B	c12
1.38774326789016e-55	0.500728387900987	0.095	0.019	5.07927913480477e-51	HHLA3	c12
4.8029749001632e-165	0.498569451201764	1	0.971	1.75793684320873e-160	RPL11	c12
5.78282681276098e-09	0.498353545986594	0.015	0.003	0.000211657244173865	GLS2	c12
1.36007639895219e-153	0.498220883712142	1	0.963	4.9780156278049e-149	RPS3A	c12
1.95236700880964e-152	0.498202236317268	1	0.944	7.14585848894418e-148	RPLP2	c12
1.67761979075328e-36	0.496035389499172	0.05	0.008	6.14025619613609e-32	ENGASE	c12
2.62685597306732e-102	0.496003653350084	0.22	0.05	9.61455554702371e-98	DPH5	c12
3.69232147001869e-14	0.495252419485813	0.017	0.003	1.35142658124154e-09	LINC02610	c12
4.02152569644529e-17	0.495026281829263	0.026	0.005	1.47191862015594e-12	AL117332.1	c12
3.59280032032717e-148	0.494962072724408	0.331	0.075	1.31500084524295e-143	SORBS3	c12
8.51288859620147e-115	0.493866617115231	0.998	0.905	3.1158023550957e-110	RPS9	c12
2.87395454913003e-82	0.493759447554923	0.135	0.025	1.05189610452708e-77	GNAQ	c12
1.59508661633757e-18	0.493663546218448	0.029	0.006	5.83817652445713e-14	OTUD1	c12
6.38212347952539e-16	0.493476087426393	0.032	0.007	2.33592101474109e-11	FAM229B	c12
2.56874661023491e-11	0.493373196604296	0.016	0.003	9.40186946812078e-07	PRRG2	c12
1.86967468063276e-41	0.493083831461577	0.065	0.012	6.84319629858398e-37	AC009126.1	c12
1.51072752941435e-31	0.492881020928328	0.046	0.008	5.52941383040945e-27	C12orf42	c12
3.61838994324205e-138	0.492871148593976	0.756	0.264	1.32436690312602e-133	ALKBH7	c12
2.37797899529689e-08	0.492389136576348	0.014	0.003	0.000870364092068615	AC055839.2	c12
1.55260482265133e-110	0.492366080653884	0.186	0.035	5.68268891138615e-106	CCNQ	c12
1.52271872957506e-174	0.490005085387442	0.482	0.121	5.57330282211768e-170	EPB41L4A-AS1	c12
4.7221768124426e-101	0.489178808836097	0.999	0.852	1.72836393512212e-96	RPL22	c12
7.35198007715372e-23	0.489110929189804	0.034	0.006	2.69089822803903e-18	GPAT3	c12
5.25705571367211e-86	0.488663308200591	0.924	0.445	1.92413496176113e-81	SMDT1	c12
2.57278851242613e-11	0.488522603984371	0.016	0.003	9.41666323433088e-07	CDH23	c12
5.71841247305199e-38	0.488432987770048	0.067	0.014	2.09299614926176e-33	EAF2	c12
3.31611870225089e-99	0.488319420655358	0.211	0.047	1.21373260621085e-94	SSBP2	c12
3.93772287186627e-15	0.487911821730763	0.031	0.007	1.44124594833177e-10	S100B	c12
4.04625046193716e-74	0.487461481039724	0.979	0.649	1.48096813157362e-69	SNHG29	c12
1.8855899088628e-09	0.48730026523966	0.015	0.003	6.90144762542872e-05	AL359258.2	c12
3.88363439920249e-37	0.487178052759309	0.063	0.012	1.4214490264521e-32	TRBV7-4	c12
2.0435390071281e-11	0.486823269099371	0.019	0.004	7.47955711998954e-07	CDKL3	c12
1.43448959372879e-132	0.486609165943614	0.351	0.088	5.25037536200674e-128	NPDC1	c12
4.32286105551768e-08	0.4864768852895	0.013	0.003	0.00158221037493002	AC037459.2	c12
5.80401598012666e-65	0.485937054590041	0.119	0.025	2.12432788888616e-60	FBXO33	c12
2.37997272388349e-134	0.484869364810686	0.368	0.094	8.71093816668597e-130	NELL2	c12
3.15945596371438e-137	0.484685546290015	1	0.941	1.1563924772791e-132	RPS25	c12
4.12800967031595e-12	0.484651855991467	0.016	0.003	1.51089281943234e-07	PRSS36	c12
2.20598895236619e-117	0.484322834794073	0.997	0.904	8.07414016455548e-113	RPL10A	c12
1.01802557814179e-151	0.484248640162877	0.741	0.244	3.72607541855677e-147	KLF2	c12
2.3512492129217e-43	0.484041003797735	0.066	0.012	8.60580724421472e-39	MACROD1	c12
8.35633526353854e-128	0.483959479022959	0.426	0.121	3.05850226980774e-123	LDLRAP1	c12
1.86312470595066e-12	0.483631587780537	0.016	0.003	6.81922273625001e-08	UST	c12
1.68878751447318e-157	0.483365454408706	0.407	0.1	6.1811311817233e-153	HEBP2	c12
6.26880003856316e-120	0.482032018868797	0.224	0.046	2.2944435021145e-115	AC073111.4	c12
1.13763743069968e-107	0.481543169017173	0.187	0.036	4.16386676010389e-103	NBPF14	c12
5.0444156906635e-12	0.481098713110187	0.014	0.002	1.84630658693975e-07	AP001107.9	c12
8.81932882029573e-17	0.480751654141438	0.029	0.006	3.22796254151644e-12	AL513550.1	c12
1.12188365698112e-118	0.479939202115228	0.267	0.061	4.10620637291659e-114	TMEM63A	c12
6.07721104099514e-24	0.479215290236163	0.04	0.008	2.22432001311463e-19	FBXO46	c12
3.36080454680814e-57	0.478868252002806	0.106	0.022	1.23008807217725e-52	AC078883.1	c12
6.79307666366118e-19	0.478587276009024	0.031	0.006	2.48633398966663e-14	KLF3-AS1	c12
4.79212146546744e-21	0.478210132377212	0.031	0.006	1.75396437757574e-16	AP004609.3	c12
3.30188355733142e-143	0.478101626641866	1	0.968	1.20852240081887e-138	RPS14	c12
6.72188897232261e-86	0.477713116471284	0.171	0.037	2.4602785827598e-81	PGAP2	c12
5.81950906630405e-40	0.477400142527171	0.089	0.021	2.12999851335795e-35	PTPRN2	c12
9.08173456974457e-69	0.476837035101664	0.96	0.553	3.32400566987221e-64	TLE5	c12
2.86129325377326e-78	0.476156228549916	0.169	0.039	1.04726194381355e-73	CSGALNACT1	c12
3.84649987662188e-40	0.476096990927692	0.091	0.022	1.40785741984237e-35	AREG	c12
2.45968237766015e-149	0.476017033426092	0.35	0.081	9.0026834704739e-145	BEX4	c12
6.33709103345195e-160	0.475815058676211	0.483	0.128	2.31943868915375e-155	THOC3	c12
2.20196144776243e-44	0.475687257335279	0.102	0.025	8.05939909495526e-40	PKIA	c12
1.64801640226278e-45	0.475166527908073	0.068	0.012	6.031904833922e-41	TRBV21-1	c12
2.76116581723426e-112	0.473894150002441	0.878	0.354	1.01061430076591e-107	RNASET2	c12
4.28628650487761e-07	0.473221395711616	0.011	0.002	0.0156882372365025	AC026304.1	c12
2.72356618283339e-153	0.472521613786175	0.355	0.082	9.96852458578849e-149	AC245407.2	c12
5.45818034233642e-20	0.471852405358975	0.033	0.007	1.99774858709856e-15	AC003102.1	c12
6.77197624556592e-54	0.470957097860127	0.088	0.017	2.47861102563958e-49	NIPBL-DT	c12
6.36718083338404e-21	0.470298280869824	0.031	0.006	2.33045185682689e-16	ZDHHC8	c12
6.18166769566542e-50	0.470283965403875	0.099	0.022	2.2625521932905e-45	DOCK9	c12
1.52692035571029e-65	0.470245103834344	0.982	0.625	5.58868119393523e-61	NOP53	c12
2.73037174840586e-07	0.46977966609446	0.01	0.002	0.00999343363634031	AL450384.2	c12
4.44935348017256e-10	0.469729041448023	0.014	0.003	1.62850786727796e-05	FSBP	c12
6.43073725410916e-27	0.46967819666418	0.047	0.01	2.35371414237649e-22	NT5E	c12
6.07481335494499e-77	0.469437278687235	0.927	0.457	2.22344243604342e-72	EIF3L	c12
4.58350351940943e-29	0.469403172807908	0.051	0.011	1.67760812313904e-24	TKTL1	c12
1.02998459797984e-08	0.468620084598464	0.017	0.004	0.000376984662706601	SERPINB9P1	c12
2.63360863751692e-12	0.468538431457389	0.019	0.004	9.63927097417567e-08	AC018647.2	c12
1.04911652049043e-09	0.46835758009865	0.019	0.005	3.83987137664701e-05	KTN1-AS1	c12
5.00183660437959e-24	0.466809504550392	0.044	0.009	1.83072221556897e-19	AL121944.1	c12
1.95266403443284e-10	0.466791590761535	0.017	0.004	7.14694563242764e-06	ZNF554	c12
1.09713910768943e-17	0.466027512822067	0.029	0.006	4.01563884805407e-13	FGFR1	c12
5.24142420726854e-175	0.464866222622385	0.459	0.112	1.91841367410236e-170	DNAJC4	c12
1.46189054823313e-09	0.464838262361931	0.01	0.001	5.35066559558807e-05	AC145285.6	c12
6.60168255120443e-53	0.464613626627362	0.08	0.014	2.41628183056633e-48	AC008267.5	c12
9.08238666689183e-70	0.464444768560328	0.11	0.02	3.32424434394908e-65	TRBV12-4	c12
1.7392948927736e-149	0.464309431999017	0.399	0.1	6.36599323704064e-145	CFAP36	c12
7.28667542168994e-154	0.463612918325381	1	0.972	2.66699607109274e-149	RPL30	c12
1.55709919066931e-146	0.463290974345693	1	0.962	5.69913874776874e-142	RPL18A	c12
2.89504007302843e-113	0.462544256816972	0.24	0.053	1.05961361712914e-108	MCRIP2	c12
1.0937843786863e-104	0.46194087147117	0.211	0.045	4.00336020442974e-100	CLN5	c12
1.10098765747186e-43	0.461695125868676	0.07	0.013	4.02972492511276e-39	DEAF1	c12
1.64933244077135e-15	0.461684786426964	0.024	0.005	6.03672166646722e-11	ZNF628	c12
1.41149371173499e-08	0.461354687162108	0.018	0.005	0.000516620813432124	IFT140	c12
1.9645251099886e-23	0.460647848227388	0.03	0.005	7.19035835506928e-19	TNFRSF10D	c12
1.21479831995223e-75	0.460638706500551	0.162	0.037	4.44628333085715e-71	CEP68	c12
2.0713085111007e-64	0.457505855116505	0.135	0.03	7.58119628147966e-60	TCAF2	c12
3.65683707497729e-110	0.457503819953758	1	0.947	1.33843893781244e-105	RPL3	c12
1.83019431868061e-09	0.456781244005152	0.016	0.003	6.6986942258029e-05	MPZ	c12
2.14410851121738e-08	0.456476586972307	0.012	0.002	0.000784765156190673	AC092164.1	c12
1.5332945880175e-14	0.456286653813822	0.02	0.004	5.61201152160287e-10	LIX1L-AS1	c12
2.62399352689117e-12	0.454037831736765	0.019	0.004	9.60407870777438e-08	ZNF813	c12
6.30367871966865e-50	0.45401842086197	0.083	0.016	2.30720944818592e-45	FAM241A	c12
3.16966047669603e-15	0.453254049113617	0.028	0.006	1.16012743107551e-10	AXIN2	c12
3.62165648568968e-79	0.453143768366432	0.174	0.04	1.32556249032728e-74	PDCD4-AS1	c12
5.30404070630907e-126	0.453125388405602	0.268	0.06	1.94133193891618e-121	TRBV19	c12
8.87558366575483e-106	0.452922550785053	0.999	0.915	3.24855237750293e-101	RPL36	c12
6.70976445621622e-142	0.452585584551861	0.999	0.977	2.4558408886197e-137	TPT1	c12
1.55292677913193e-79	0.452552506194848	0.996	0.805	5.68386730430076e-75	RPL27	c12
1.50242835171678e-124	0.451955364233616	1	0.952	5.49903801011858e-120	RPS28	c12
3.23687837545355e-15	0.451753960152532	0.026	0.005	1.18472985419975e-10	ELMO3	c12
4.25630025134543e-131	0.450913027678207	1	0.964	1.55784845499494e-126	RPL34	c12
1.61236346718058e-15	0.450069739059641	0.019	0.003	5.90141152622763e-11	BX284668.6	c12
5.14385576260875e-116	0.449420362723004	0.881	0.349	1.88270264767243e-111	PRDX2	c12
6.43055426901438e-73	0.448529300746362	0.143	0.031	2.35364716800195e-68	GGT7	c12
5.31135196114727e-13	0.448493446859635	0.016	0.003	1.94400793129951e-08	SND1-IT1	c12
4.44713044427022e-13	0.447119315110645	0.024	0.006	1.62769421390734e-08	AL162231.2	c12
1.74313539644194e-31	0.44709508392235	0.047	0.009	6.38004986451713e-27	LINC00205	c12
1.86066005281265e-108	0.447053717997689	1	0.936	6.81020185929958e-104	RPL37	c12
1.35099804833092e-140	0.446861453411872	1	0.967	4.94478795669602e-136	RPS3	c12
1.87445215992413e-50	0.44667186103225	0.093	0.019	6.86068235053831e-46	LINC02482	c12
2.91998649425212e-121	0.445821032373434	1	0.958	1.06874425676122e-116	RPL8	c12
1.11067899720715e-17	0.445394678609238	0.035	0.008	4.06519619767788e-13	ZSCAN5A	c12
1.75711898102538e-115	0.445343225204244	0.232	0.05	6.43123118245099e-111	AC025164.1	c12
1.34341641817107e-78	0.445096764994398	0.133	0.026	4.91703843214792e-74	RASA4	c12
1.33409261941862e-08	0.445049153703645	0.013	0.003	0.000488291239633411	GDPD3	c12
1.38224549318055e-75	0.444511894188075	0.144	0.03	5.05915672959013e-71	AC008105.3	c12
1.0226753578598e-24	0.44426153222674	0.036	0.007	3.74309407730266e-20	AC044849.1	c12
5.66729329848035e-26	0.444172890812631	0.052	0.012	2.07428602017679e-21	MAP11	c12
3.27797867941634e-59	0.44305160626779	0.946	0.545	1.19977297645318e-54	RPS17	c12
4.29969223650866e-61	0.442520360734087	0.969	0.62	1.57373035548453e-56	PNRC1	c12
8.51131958308414e-29	0.442346041491624	0.056	0.013	3.11522808060463e-24	CCDC141	c12
9.26638684598708e-13	0.442226151750837	0.021	0.004	3.39159024949973e-08	SLC49A4	c12
6.85031424821588e-64	0.441790115318039	0.099	0.018	2.5072835179895e-59	NBPF26	c12
1.81222373482288e-14	0.441779179158481	0.026	0.006	6.63292009182524e-10	AL353708.3	c12
5.83306353215321e-38	0.441523799087774	0.056	0.01	2.1349595834034e-33	MORC4	c12
2.09791138268783e-14	0.441171694890304	0.027	0.006	7.67856545177574e-10	CCZ1B	c12
1.11772108953474e-09	0.441017286687893	0.011	0.002	4.09097095980611e-05	AL512353.1	c12
1.26150476746379e-49	0.440651550167087	0.087	0.018	4.61723359939423e-45	SPAG5-AS1	c12
1.7504271988105e-146	0.440575892085509	0.511	0.147	6.40673859036632e-142	LIMS1	c12
2.3543897771959e-09	0.439777501266693	0.014	0.003	8.6173020235147e-05	AC022182.1	c12
2.62986986024364e-42	0.438908645344843	0.076	0.016	9.62558667547774e-38	SLC25A42	c12
4.74058064182787e-12	0.437654409536196	0.021	0.005	1.73509992071542e-07	FRAT1	c12
2.805127831986e-97	0.437493691319657	0.223	0.052	1.0267048377852e-92	RPP25L	c12
1.93379379939911e-40	0.435919434495468	0.084	0.019	7.07787868518069e-36	PSPH	c12
1.1586898184965e-16	0.435687392686565	0.028	0.006	4.24092060467905e-12	MALINC1	c12
2.69389056789497e-115	0.43532182066654	1	0.937	9.85990886755238e-111	RACK1	c12
7.88394455012807e-62	0.435192283471401	0.986	0.72	2.88560254479237e-57	TOMM7	c12
1.25463951495505e-22	0.434615132881514	0.038	0.008	4.59210608868699e-18	NR2F6	c12
1.1434310881984e-107	0.434091231285438	1	0.932	4.18507212591495e-103	RPSA	c12
5.25745442942362e-103	0.433855171675428	0.188	0.038	1.92428089571334e-98	TMEM203	c12
1.1349880976472e-50	0.43380062602034	0.091	0.019	4.15416993619852e-46	LINC02245	c12
2.82217129926426e-95	0.433562275547225	0.922	0.417	1.03294291724371e-90	FLT3LG	c12
1.56034279529601e-55	0.433556245995361	0.097	0.019	5.71101066506291e-51	FAM241B	c12
5.450018478331e-85	0.433416517012828	0.157	0.032	1.99476126325393e-80	SLC8B1	c12
2.8754912177689e-07	0.433368199816432	0.015	0.004	0.010524585406156	NLRP6	c12
1.58909029693954e-122	0.433140585274587	0.752	0.275	5.81622939582843e-118	ADD3	c12
5.63977972806373e-08	0.432953442239716	0.012	0.002	0.0020642157782686	EIF5AL1	c12
6.55068576341166e-124	0.432748153508601	1	0.948	2.3976164962663e-119	RPL35A	c12
1.62906171350549e-63	0.432667864824632	0.995	0.729	5.96252877760145e-59	RPL27A	c12
8.51043731349483e-128	0.432518670562567	0.273	0.061	3.11490516111224e-123	PITPNA-AS1	c12
2.20874474909292e-12	0.432014350832138	0.028	0.007	8.08422665615501e-08	CRAMP1	c12
9.12604909469265e-109	0.431096922683008	0.805	0.316	3.34022522914846e-104	TMEM123	c12
2.0032879508433e-11	0.430914852219368	0.018	0.004	7.33223422888156e-07	NEURL2	c12
4.66493109914321e-90	0.430621027347124	0.154	0.03	1.70741143159741e-85	ZNF609	c12
9.49919925026287e-15	0.430454984312588	0.023	0.005	3.47680191758871e-10	CD248	c12
1.1217386096732e-96	0.429776130726314	0.214	0.049	4.10567548526487e-92	ITPKB	c12
2.71206878739302e-11	0.429605781958115	0.021	0.005	9.92644296873718e-07	YTHDF3-AS1	c12
1.32642789060923e-16	0.429599609229513	0.036	0.009	4.85485872241885e-12	RFESD	c12
4.86188494239534e-39	0.427197524616159	0.055	0.01	1.77949850776612e-34	ZNF275	c12
6.45382538093152e-69	0.426224941268321	0.997	0.764	2.36216462767475e-64	RPS11	c12
9.83564583698394e-22	0.42582964549444	0.035	0.007	3.59994473279449e-17	C1orf56	c12
1.0554863570895e-55	0.425438472069976	0.968	0.583	3.86318561558327e-51	RPL23	c12
2.34784494142221e-146	0.424866623594599	1	0.987	8.59334727009943e-142	RPL10	c12
4.23785908173088e-15	0.423417770491167	0.028	0.006	1.55109880250432e-10	SUCLG2-AS1	c12
4.36541122316809e-09	0.422838598318757	0.011	0.002	0.000159778416179175	HDX	c12
1.27995420136738e-92	0.422825865898289	1	0.899	4.68476037242474e-88	RPL24	c12
1.54334851669167e-08	0.422811497855819	0.012	0.002	0.000564880990594318	KANK3	c12
1.14398712336031e-80	0.422707387227224	1	0.837	4.18710727021107e-76	FXYD5	c12
1.96951451210527e-85	0.421838237035929	0.231	0.06	7.20862006575649e-81	AC026979.2	c12
1.34112244823528e-18	0.421766386821813	0.034	0.007	4.90864227278596e-14	CCDC102B	c12
7.42148269244761e-54	0.420875601961456	0.086	0.016	2.71633688026275e-49	TCEAL1	c12
6.75090771575623e-22	0.42050309574932	0.055	0.015	2.47089973304394e-17	AL136038.5	c12
2.02670802482724e-63	0.420072676224108	0.954	0.543	7.41795404167018e-59	SRSF5	c12
3.2862250708327e-35	0.419950488132403	0.076	0.018	1.20279123817548e-30	EPHA1-AS1	c12
1.00027881529578e-08	0.41918952523	0.011	0.002	0.00036611204918641	OXT	c12
1.35044466710146e-08	0.418846535370874	0.013	0.003	0.000494276252605805	CLHC1	c12
2.38537558264237e-125	0.418441372345222	1	0.993	8.73071317002935e-121	EEF1A1	c12
5.03024222319166e-69	0.418165271736021	0.996	0.791	1.84111895611038e-64	RPL31	c12
9.90140122527101e-50	0.417765906744755	0.084	0.016	3.62401186246144e-45	TNRC6C-AS1	c12
4.15226089883804e-12	0.417562153800423	0.016	0.003	1.51976901158371e-07	AC008403.3	c12
1.70752846152563e-11	0.417470308184033	0.023	0.006	6.24972492202995e-07	ZXDA	c12
3.36857106381932e-40	0.416800506483536	0.077	0.016	1.23293069506851e-35	SLC22A5	c12
8.78999274618604e-10	0.416618606484922	0.014	0.003	3.21722524503155e-05	RAB11FIP3	c12
3.07410557522547e-71	0.416510732010802	0.904	0.452	1.12515338158827e-66	SNHG6	c12
3.8436490979805e-07	0.415216712302105	0.01	0.002	0.0140681400635184	PNMA3	c12
5.73162396297835e-104	0.414924035179132	0.25	0.06	2.0978316866897e-99	NBPF15	c12
4.43702503986593e-22	0.414531089769096	0.04	0.009	1.62399553484133e-17	ZC4H2	c12
9.57123350656602e-97	0.413772570985796	0.21	0.047	3.50316717573823e-92	PELI1	c12
2.06084072467389e-11	0.413760454456483	0.019	0.004	7.5428831363789e-07	AC048382.5	c12
1.22435852486835e-40	0.413747102303349	0.096	0.024	4.48127463687064e-36	CPNE2	c12
3.30986160973937e-15	0.413674141614246	0.026	0.005	1.21144244778071e-10	AC025257.1	c12
3.19219106325834e-07	0.412901844753637	0.011	0.002	0.0116837385106319	AC092803.1	c12
1.8705940528897e-153	0.412229130876226	0.421	0.107	6.84656129298159e-149	MLLT3	c12
5.97298696871157e-92	0.4121903150091	0.148	0.028	2.18617296041812e-87	TRBV5-6	c12
1.09804936271731e-104	0.412180146342668	0.215	0.047	4.01897047248163e-100	TECPR1	c12
1.49815075805106e-184	0.411889253964038	0.522	0.133	5.4833815895427e-180	GABPB1-AS1	c12
3.86730343553479e-46	0.411666975280768	0.098	0.022	1.41547173044009e-41	SYNGAP1	c12
3.16425277153291e-23	0.411636384879562	0.054	0.014	1.15814815690876e-18	CD38	c12
1.02500868911569e-28	0.411170425602629	0.04	0.007	3.75163430303235e-24	GABBR1	c12
4.89697039448294e-147	0.411109168300813	0.52	0.15	1.7923401340847e-142	ABLIM1	c12
6.22420312284206e-147	0.410872072764406	0.399	0.1	2.27812058499142e-142	TP53TG1	c12
1.47752991379416e-121	0.41069979576525	0.347	0.091	5.407907237478e-117	NFKBIZ	c12
1.23232709587056e-67	0.41037661048322	0.132	0.028	4.51044040359585e-63	CHD7	c12
1.83218537702504e-156	0.409801347233156	0.479	0.128	6.70598169844935e-152	SNHG7	c12
2.40680062492011e-137	0.409667763034189	0.334	0.08	8.8091309672701e-133	TIMM9	c12
4.60507965114985e-16	0.409338543958097	0.024	0.005	1.68550520311736e-11	AL360178.1	c12
2.89648842507636e-13	0.409117733636827	0.03	0.008	1.0601437284622e-08	PTDSS2	c12
5.4343042028344e-25	0.409092258166684	0.044	0.009	1.98900968127942e-20	AL138724.1	c12
3.33285267428391e-28	0.408899829737464	0.046	0.009	1.21985740731465e-23	LINC01619	c12
6.33104564714969e-65	0.408633029486635	0.122	0.026	2.31722601731326e-60	NBPF12	c12
2.10186691166604e-119	0.407481991780354	0.198	0.037	7.69304308338887e-115	TRBV2	c12
1.20194464282926e-43	0.407348066570684	0.088	0.02	4.39923758721936e-39	AP000787.1	c12
3.73088829134925e-27	0.40709769252872	0.057	0.014	1.36554242351674e-22	NAPA-AS1	c12
1.11312922257462e-12	0.406829484268435	0.027	0.007	4.07416426754535e-08	YRDC	c12
1.48539007301539e-58	0.406723866064459	0.143	0.035	5.43667620624361e-54	LYRM7	c12
4.06829403017099e-10	0.40581370354208	0.018	0.004	1.48903629798288e-05	TAFA2	c12
1.24951150799225e-14	0.405015326347251	0.027	0.006	4.57333707040242e-10	KIF27	c12
2.73413710532604e-127	0.40434456073695	0.317	0.077	1.00072152192039e-122	C6orf226	c12
1.21436494625386e-20	0.404138443145472	0.036	0.008	4.44469713978374e-16	LINC01806	c12
1.19183994616032e-116	0.403843550957323	1	0.96	4.36225338694139e-112	RPL14	c12
1.33341938687435e-12	0.40335342474603	0.015	0.002	4.88044829789879e-08	ZNF579	c12
1.10743647415479e-112	0.402547374127804	0.801	0.304	4.05332823905395e-108	FBL	c12
1.26713716691901e-30	0.402454157392142	0.08	0.021	4.63784874464026e-26	TKFC	c12
1.08440979297059e-08	0.402270877153042	0.012	0.002	0.000396904828325166	CATSPER2	c12
7.84351543663656e-20	0.402144021930914	0.027	0.005	2.87080508496335e-15	MADCAM1	c12
5.72074673381939e-23	0.402126579614976	0.039	0.008	2.09385051204524e-18	FAM161A	c12
3.09533099230454e-14	0.401998741686342	0.023	0.005	1.13292209649339e-09	PDGFB	c12
6.78779803441348e-66	0.401880744540585	0.998	0.773	2.48440195857568e-61	NPM1	c12
2.10356343176019e-145	0.400944147749959	0.656	0.21	7.69925251658549e-141	TTC3	c12
7.51133519549263e-74	0.400066517231375	0.161	0.037	2.74922379490226e-69	DDX28	c12
1.09012269924558e-95	0.400058361004682	0.228	0.055	3.98995809150875e-91	NSG1	c12
2.79178426357296e-26	0.399876664745836	0.047	0.01	1.02182095831034e-21	ZNF48	c12
1.69774161161682e-27	0.399796264355018	0.051	0.011	6.21390407267871e-23	C8orf88	c12
3.18525759526073e-93	0.399774065688542	1	0.918	1.16583613244138e-88	RPL15	c12
6.98100378941557e-127	0.399550695789076	0.273	0.061	2.55511719696399e-122	AL136454.1	c12
7.59620710390355e-74	0.399450671135455	0.131	0.026	2.78028776209974e-69	TRBV12-3	c12
2.02105344974747e-92	0.398703510287645	0.998	0.942	7.39725773142073e-88	RPLP0	c12
4.89564587413343e-33	0.398597687871983	0.07	0.016	1.79185534639158e-28	AC009133.3	c12
3.96288537735572e-59	0.397975894870912	0.111	0.023	1.45045567696597e-54	CALHM6	c12
1.83161394797919e-93	0.397428671212664	0.245	0.062	6.70389021099865e-89	LHPP	c12
1.32561292031844e-60	0.396465149291291	0.12	0.026	4.85187584965754e-56	ALKBH2	c12
6.65122074164308e-53	0.396431885559505	0.98	0.619	2.43441330364879e-48	EIF3F	c12
5.86237758781056e-43	0.395568552890433	0.091	0.021	2.14568882091454e-38	ALDH6A1	c12
9.86940320308068e-86	0.395530295899965	1	0.922	3.61230026635956e-81	RPL13A	c12
8.5694229100053e-22	0.395231318450083	0.036	0.007	3.13649447929104e-17	PACRGL	c12
1.60717150862284e-42	0.394968938056704	0.065	0.012	5.88240843871047e-38	CCDC9	c12
4.05323068808784e-07	0.394950725400403	0.012	0.003	0.0148352296414703	POU6F1	c12
1.01072978933283e-129	0.394743409682422	0.239	0.048	3.6993721019371e-125	AC100810.1	c12
4.79402902148543e-114	0.394430017495184	0.307	0.078	1.75466256215388e-109	BNIP3	c12
4.18112455454219e-19	0.394264884601593	0.032	0.007	1.53033339820799e-14	AL135791.1	c12
9.01840485650535e-07	0.394024559541704	0.014	0.004	0.0330082636152952	B3GAT2	c12
4.68954335929555e-57	0.393939887240405	0.979	0.646	1.71641976493576e-52	FYB1	c12
2.95083239596925e-123	0.393587644341898	0.294	0.07	1.0800341652487e-118	MAML2	c12
1.42835129275531e-80	0.392323202469479	1	0.888	5.22790856661371e-76	UBA52	c12
2.60498393505052e-127	0.391542139139996	0.321	0.078	9.53450170067842e-123	SMIM20	c12
1.41551659223038e-30	0.390662949055869	0.049	0.009	5.1809322792224e-26	CDC34	c12
2.66987896730802e-59	0.390351040786753	0.105	0.021	9.7720240082441e-55	PDE6B	c12
7.21943773847479e-154	0.389900193457295	0.428	0.109	2.64238640665916e-149	SPTBN1	c12
1.70936854010712e-58	0.389884580729388	0.951	0.536	6.25645979364606e-54	EIF3H	c12
8.01396163756847e-139	0.389861000090639	0.388	0.1	2.93319009896643e-134	CCDC57	c12
7.80565782858866e-15	0.38978123459164	0.031	0.007	2.85694882184173e-10	HIST1H3A	c12
3.89545128662509e-51	0.389252138061531	0.098	0.021	1.42577412541765e-46	SIAH2	c12
1.73025254303066e-11	0.388977587570941	0.017	0.003	6.33289733274652e-07	MAPK8IP1	c12
4.85759412780537e-127	0.388972753969387	0.4	0.11	1.77792802671804e-122	ADI1	c12
1.58496486559338e-07	0.388549280024706	0.015	0.004	0.00580112990455831	ARMCX5	c12
3.39692526049806e-64	0.388089346573785	0.919	0.472	1.2433086145949e-59	SERP1	c12
7.02243262751763e-117	0.388082031661894	1	0.972	2.57028056599773e-112	RPS27A	c12
6.33582708100118e-60	0.388012892220647	0.124	0.028	2.31897606991724e-55	SFXN4	c12
1.69623143784763e-11	0.38745408540639	0.01	0.001	6.20837668566611e-07	AC011346.1	c12
2.04192906464478e-49	0.387440100306983	0.086	0.017	7.47366456950635e-45	AL392172.1	c12
5.62999069747093e-25	0.384740903211743	0.038	0.007	2.06063289518134e-20	AC021028.1	c12
1.95359260586411e-65	0.384721837344297	0.132	0.029	7.15034429672324e-61	BDH1	c12
8.73250934945243e-13	0.384456699472772	0.024	0.006	3.19618574699309e-08	ZNF793	c12
1.50803814509166e-26	0.383969224999365	0.047	0.01	5.51957041484997e-22	HDAC4-AS1	c12
6.16403059165163e-150	0.383860269029945	0.567	0.167	2.25609683685041e-145	IMPDH2	c12
1.91107854381481e-12	0.383834503600976	0.014	0.002	6.99473857821659e-08	AC245297.2	c12
2.46179447243243e-60	0.382861190404625	0.126	0.028	9.01041394854993e-56	PGRMC2	c12
2.85519178694534e-67	0.382760153786277	0.128	0.027	1.04502874593986e-62	PRKAG2-AS1	c12
2.76524566715974e-12	0.382302382556151	0.016	0.003	1.01210756663714e-07	PPP1R32	c12
4.08966432787783e-47	0.381861983923328	0.996	0.77	1.49685804064656e-42	RPL38	c12
1.65074583808851e-114	0.381842618506348	0.666	0.241	6.04189484198774e-110	IFITM3	c12
8.01969844585143e-56	0.381362523910515	0.996	0.739	2.93528982816608e-51	HINT1	c12
4.71634879297104e-13	0.381046599633064	0.017	0.003	1.72623082171533e-08	ERVMER61-1	c12
1.13792974118113e-14	0.380768996454164	0.028	0.006	4.16493664569707e-10	ACSM3	c12
1.27281169877103e-37	0.380764123213509	0.062	0.012	4.65861809867183e-33	CARM1	c12
1.25976441364018e-43	0.379994255433253	0.088	0.02	4.61086373036441e-39	DGAT1	c12
4.8357322634721e-120	0.379974487953143	1	0.974	1.76992636575342e-115	RPS15A	c12
1.10952958778811e-16	0.379713908755681	0.023	0.004	4.06098924426327e-12	AC233976.1	c12
1.65073623195326e-07	0.379154009882678	0.013	0.003	0.00604185968257212	JAM3	c12
6.17051182330856e-141	0.379115429499615	0.578	0.176	2.25846903244917e-136	LSM5	c12
1.36082192698874e-07	0.37864656520391	0.012	0.002	0.00498074433497149	RDM1	c12
6.70933894704742e-126	0.37846580244388	0.538	0.169	2.45568514800883e-121	MZT2A	c12
8.29119389496833e-11	0.378462366604312	0.017	0.003	3.03465987749736e-06	NLK	c12
4.14888179700361e-10	0.378298566303261	0.011	0.002	1.51853222652129e-05	ZNF391	c12
1.43257372985715e-129	0.378073708307632	0.291	0.066	5.24336310865017e-125	MPI	c12
8.19683927671157e-54	0.378065764875782	0.106	0.023	3.0001251436692e-49	MTHFD2L	c12
4.14540038115191e-116	0.377822662015902	0.769	0.285	1.51725799350541e-111	ABHD14B	c12
3.95904525945719e-34	0.377209385837901	0.054	0.01	1.44905015541393e-29	ZNF599	c12
3.42764090182290e-11	0.377128348525333	0.021	0.005	1.2545508464762e-06	ZNF577	c12
9.1606258849779e-115	0.376975257725584	0.276	0.066	3.35288068016076e-110	UBE2R2	c12
1.6306552543672e-07	0.376556724071255	0.013	0.003	0.00596836129650939	N4BP2L2-IT2	c12
3.02134194725485e-108	0.376156764095033	1	0.964	1.10584136611475e-103	RPS15	c12
8.53372376353752e-84	0.376101762582469	1	0.922	3.12342823469237e-79	RPL17	c12
2.75992288368622e-94	0.374868011146946	0.259	0.067	1.01015937465799e-89	RPS10	c12
3.43042860975701e-89	0.374760905148642	0.166	0.034	1.25557117545716e-84	ZNF213-AS1	c12
7.87090871610881e-16	0.374711267339427	0.035	0.009	2.88083129918299e-11	PPFIBP2	c12
3.84697153389943e-52	0.373889101177032	0.979	0.626	1.40803005112253e-47	C12orf57	c12
1.4740087282395e-11	0.373480584025025	0.027	0.007	5.3950193462294e-07	EML2-AS1	c12
4.4951249863155e-116	0.372467981835141	1	0.985	1.64526069624133e-111	RPLP1	c12
1.11438515340521e-135	0.371997453711591	1	0.979	4.07876109997843e-131	RPL28	c12
1.18641295104625e-61	0.371992020554933	0.117	0.025	4.34239004212438e-57	TSGA10	c12
1.76232964487985e-55	0.371985075456076	0.117	0.027	6.45030273322473e-51	PDK1	c12
2.00840204395364e-60	0.371953318373703	0.937	0.499	7.35095232107472e-56	ANP32B	c12
1.28849197952058e-06	0.371800621050058	0.011	0.002	0.0471600949424327	AP002026.1	c12
1.73803390141779e-18	0.371564633572859	0.028	0.005	6.36137788257926e-14	C19orf73	c12
7.57358996097933e-87	0.371399029159201	0.204	0.049	2.77200966161805e-82	TMEM9	c12
8.58655723901143e-21	0.370970526699058	0.035	0.007	3.14276581505057e-16	RIMKLB	c12
5.04452279527962e-52	0.369506488888672	0.126	0.031	1.84634578830029e-47	TMCO6	c12
1.28260482826707e-27	0.369335617563577	0.057	0.013	4.69446193194031e-23	TPCN1	c12
1.56575044723027e-25	0.369053048483806	0.05	0.011	5.7308032119075e-21	ZNF254	c12
8.53726886834902e-42	0.367915893623015	0.08	0.017	3.12472577850443e-37	TMEM150A	c12
9.3908257604736e-32	0.367765566863619	0.049	0.009	3.43713613659094e-27	EIF1B-AS1	c12
5.32952445401659e-62	0.367734213995963	0.128	0.028	1.95065924541461e-57	SMIM8	c12
2.547829418073e-19	0.367596720299231	0.041	0.01	9.32531045308899e-15	KCNK12	c12
3.26231084423221e-107	0.367432900432847	0.239	0.055	1.19403839209743e-102	GPX7	c12
1.15757185473371e-136	0.367097157806125	0.435	0.119	4.23682874551086e-132	STMN3	c12
2.80397996632684e-77	0.367051950163524	0.826	0.372	1.02628470747529e-72	RGS10	c12
1.77652981480974e-163	0.366481529370744	0.511	0.137	6.50227677518511e-159	ITGB2-AS1	c12
6.1062209898592e-12	0.366100445002687	0.021	0.005	2.23493794449837e-07	AC004951.1	c12
3.84764998714353e-63	0.365120446714618	0.126	0.027	1.4082783717944e-58	SSBP3	c12
2.17358110839743e-99	0.364877911912876	1	0.961	7.95552421484544e-95	RPL7A	c12
2.8000196911051e-09	0.364468854422732	0.011	0.002	0.000102483520714138	ATP5MGL	c12
4.91855632554556e-31	0.364139312772733	0.069	0.017	1.80024080071293e-26	RARG	c12
1.23786911642494e-107	0.364083518314862	0.801	0.309	4.53072475302691e-103	MCUB	c12
4.63092632418865e-133	0.363846774381701	0.55	0.17	1.69496534391629e-128	ATP6V0E2	c12
5.09810957270267e-84	0.36372691460695	0.18	0.041	1.8659590847049e-79	XPO6	c12
3.28331214368971e-73	0.363066219068071	0.146	0.031	1.20172507771187e-68	RMND5B	c12
1.2678412715367e-12	0.36303853663084	0.028	0.007	4.64042583795149e-08	TJP3	c12
6.74179936778203e-23	0.362720488158672	0.045	0.01	2.4675659866019e-18	ZNF500	c12
1.01640613071666e-13	0.362531665379072	0.032	0.008	3.72014807903604e-09	ZWINT	c12
1.11171664383918e-56	0.362385066380271	0.999	0.813	4.06899408811577e-52	BTF3	c12
2.70385872215563e-48	0.3618371864815	0.08	0.015	9.89639330896182e-44	LINC01678	c12
3.70286525941988e-63	0.361748596258487	0.1	0.019	1.35528571360027e-58	TRAV41	c12
6.06228804142749e-86	0.361715186265591	1	0.958	2.21885804604288e-81	RPL39	c12
2.32224455870009e-99	0.361597226046656	0.287	0.077	8.49964730929821e-95	CHMP7	c12
1.00749901810099e-66	0.361549347583604	0.146	0.034	3.68754715615143e-62	OLFM2	c12
2.97610377718854e-87	0.361083554724334	1	0.956	1.08928374348878e-82	RPL12	c12
6.24635968562649e-70	0.359668401646442	0.126	0.025	2.28623010853615e-65	TRAV8-3	c12
1.02300011980487e-22	0.359460305432763	0.039	0.008	3.74428273849779e-18	PER2	c12
2.6201497843154e-13	0.359421850974478	0.019	0.004	9.59001022557278e-09	AC099850.1	c12
6.274181802498e-70	0.359262392778723	0.157	0.037	2.29641328153229e-65	TRAV12-1	c12
3.03193350469904e-22	0.358995489736722	0.052	0.013	1.1097179820549e-17	FAM216A	c12
1.12934811985142e-14	0.358530514417772	0.032	0.008	4.13352705346818e-10	ZNF558	c12
9.31057885779628e-33	0.358370316123128	0.064	0.014	3.40776496774202e-28	MEPCE	c12
3.64573006943551e-35	0.358152921061965	0.082	0.02	1.33437366271409e-30	LINC01128	c12
4.07277763905501e-08	0.358089896519935	0.016	0.004	0.00149067734367052	COL9A2	c12
5.24856018687033e-18	0.357789408443341	0.033	0.007	1.92102551399641e-13	ZNF665	c12
4.74729042968999e-95	0.357089512377501	0.19	0.041	1.73755577017083e-90	UQCRHL	c12
1.1294809141183e-73	0.356910211129281	0.177	0.043	4.13401309376439e-69	PAICS	c12
1.36576281558956e-62	0.356825990241037	0.118	0.025	4.99882848133936e-58	TRAV38-1	c12
1.48180820121291e-136	0.356532051965438	0.333	0.079	5.42356619725938e-132	CCDC66	c12
1.06362777338127e-07	0.356021467251095	0.014	0.003	0.00389298401335279	QSOX2	c12
7.95249727663462e-12	0.354660920624447	0.014	0.002	2.91069352822104e-07	AL049828.1	c12
1.42231956980406e-56	0.354637100065628	0.089	0.017	5.20583185743984e-52	AC124016.1	c12
1.32367639087604e-25	0.354002377484377	0.055	0.013	4.8447879582454e-21	TNPO2	c12
3.85659334900279e-19	0.353752845787084	0.043	0.011	1.41155173166851e-14	AC009041.1	c12
1.69643616553414e-07	0.352824176184432	0.014	0.003	0.00620912600947152	AC114271.1	c12
7.64119200631262e-80	0.352507860294863	0.154	0.033	2.79675268623048e-75	ANK3	c12
1.94419156894344e-83	0.352225338049487	0.187	0.044	7.11593556148988e-79	SWI5	c12
1.16441482358736e-62	0.352196060841485	0.924	0.477	4.26187469581208e-58	UXT	c12
1.17081372227731e-43	0.351838465652533	0.069	0.013	4.28529530490717e-39	AC027644.3	c12
5.90761913437146e-68	0.351757267449158	0.165	0.04	2.1622476793713e-63	HEIH	c12
3.24725405689231e-09	0.351243531877909	0.014	0.003	0.000118852745736315	NAV1	c12
9.82604611485431e-119	0.350785555673097	0.294	0.071	3.59643113849783e-114	UNC119	c12
1.32950183249413e-85	0.35061279312623	0.191	0.044	4.86610965711177e-81	DYNLL2	c12
3.24725405689231e-09	0.350255526349248	0.014	0.003	0.000118852745736315	SPAG8	c12
1.72686315434322e-52	0.350129508703128	0.101	0.022	6.32049183121163e-48	KIF16B	c12
5.13940992688467e-93	0.350007519752921	0.236	0.059	1.88107542733906e-88	LPAR6	c12
1.35098855347913e-131	0.349425902665381	0.697	0.235	4.94475320458896e-127	MGAT4A	c12
6.65689736963185e-80	0.347917907989175	0.231	0.062	2.43649100625895e-75	CENPK	c12
1.11025317526025e-133	0.347549714885176	0.341	0.084	4.06363764677003e-129	RWDD3	c12
9.07916045757625e-62	0.347381507906269	0.149	0.037	3.32306351907748e-57	SFMBT1	c12
2.63680817640015e-46	0.34730376468937	0.09	0.02	9.65098160644217e-42	ELAC1	c12
4.75784355159505e-21	0.347101446677484	0.032	0.006	1.74141831831931e-16	LINC01431	c12
8.87012212334513e-23	0.346805579909723	0.045	0.01	3.24655339836555e-18	Z93241.1	c12
2.76317292349088e-117	0.346674776452032	1	0.985	1.0113489217269e-112	RPL41	c12
7.09267515569239e-45	0.346651061159533	0.995	0.733	2.59599003373497e-40	COX7C	c12
1.73590706365381e-07	0.346619973659978	0.011	0.002	0.0063535934436793	METRN	c12
4.05312225484935e-58	0.345608506083822	0.138	0.034	1.48348327649741e-53	SLC27A5	c12
7.49514612667418e-30	0.345209556387476	0.063	0.015	2.74329843382402e-25	SLC35E2A	c12
8.0487784958451e-37	0.344972319653921	0.061	0.012	2.94593341726427e-32	TRBV15	c12
1.53411382485109e-139	0.344401200338602	0.363	0.09	5.61501001033748e-135	TNFRSF25	c12
5.4651939463992e-35	0.344333752452198	0.066	0.014	2.00031563632157e-30	OXSM	c12
1.94481794887681e-11	0.344284926173809	0.02	0.004	7.11822817468401e-07	LINC02580	c12
3.04194247779552e-33	0.343789805395397	0.051	0.009	1.11338136629794e-28	AC002310.1	c12
9.94517788359515e-59	0.343710300819746	0.11	0.023	3.64003455717466e-54	MICA	c12
5.88399919059945e-72	0.343625190281296	1	0.921	2.1536025437513e-67	NACA	c12
5.60690257882841e-08	0.343318530480445	0.012	0.002	0.00205218241287699	MIRLET7BHG	c12
4.29857948492274e-50	0.343156400304254	0.095	0.02	1.57332307727657e-45	PAN3	c12
2.56942507468894e-19	0.342794505550275	0.033	0.007	9.40435271586897e-15	ZNF527	c12
3.37480709759919e-64	0.342182599773737	0.999	0.897	1.23521314579228e-59	RPL35	c12
1.43853301674847e-134	0.341492946373866	0.501	0.147	5.26517469460109e-130	SUSD3	c12
2.50731108310888e-49	0.341097730401206	0.081	0.016	9.17700929528679e-45	BTBD2	c12
2.6016293109086e-09	0.34109005880918	0.013	0.002	9.52222344085657e-05	AC084018.2	c12
6.14634067357241e-42	0.340967360434666	0.989	0.701	2.24962214993424e-37	RPS20	c12
6.49662411070716e-94	0.34089656903927	0.196	0.043	2.37782939075993e-89	AL450998.2	c12
2.05287969635913e-07	0.340800971990429	0.018	0.005	0.00751374497664407	TCTE3	c12
8.25174333787812e-133	0.339819561669019	0.551	0.171	3.02022057909677e-128	HNRNPD	c12
1.07772475620322e-19	0.33972826225197	0.046	0.012	3.94458038017942e-15	FAM189B	c12
5.32482891763247e-156	0.339542267314163	0.563	0.161	1.94894063214266e-151	RBBP6	c12
5.74522635936603e-29	0.339437727908549	0.05	0.01	2.10281029979156e-24	FAN1	c12
1.02531919456052e-61	0.339280680449405	0.999	0.917	3.75277078401094e-57	RPS21	c12
5.47440776505383e-22	0.339099967421012	0.05	0.012	2.00368798608735e-17	CERS6	c12
7.70256281867323e-51	0.337912547168611	0.103	0.023	2.81921501726259e-46	ZFP62	c12
8.13859951809829e-121	0.337596980177425	0.5	0.155	2.97880880961916e-116	PIM2	c12
8.1785234829416e-55	0.337302947827312	0.119	0.028	2.99342137999146e-50	CRLS1	c12
3.48159001078557e-39	0.337229850195845	0.063	0.012	1.27429675984763e-34	AC025171.3	c12
1.03863573122811e-58	0.335564866903012	0.113	0.024	3.801510639868e-54	CCNY	c12
2.54293749121989e-30	0.335552444379711	0.064	0.015	9.30740551161392e-26	MLLT11	c12
1.57068855399931e-20	0.334224384824583	0.036	0.008	5.74887717649289e-16	SLC25A28	c12
1.68801267288288e-11	0.334032095577248	0.015	0.003	6.17829518401862e-07	TCEAL2	c12
3.29929948487919e-86	0.333704813063326	0.202	0.048	1.20757660446063e-81	ABRAXAS1	c12
2.87265876291865e-57	0.333193690326809	0.999	0.909	1.05142183381586e-52	RPL21	c12
4.20796633520951e-139	0.332880179209716	0.619	0.197	1.54015775835003e-134	BCL11B	c12
2.06098198710549e-16	0.332462924709088	0.032	0.007	7.5434001710048e-12	DERPC	c12
1.99846618060476e-19	0.331778449131313	0.026	0.004	7.31458606763149e-15	ANKRD16	c12
3.95169694512805e-17	0.331615668103808	0.03	0.006	1.44636059888632e-12	VSIG10	c12
1.2611253078162e-07	0.331577738240919	0.011	0.002	0.00461584473913809	GLIPR1L2	c12
1.51386041592814e-92	0.331300868317665	0.204	0.047	5.54088050833858e-88	BRD7	c12
1.65503519589509e-35	0.330174962755755	0.08	0.019	6.05759432049562e-31	AC111182.1	c12
3.52288487070549e-21	0.330056713278363	0.035	0.007	1.28941109152691e-16	AL022345.4	c12
5.13852137849709e-134	0.329432053048336	0.462	0.132	1.88075020974372e-129	MT1X	c12
4.17001970654998e-99	0.329135488454677	0.731	0.282	1.52626891279436e-94	POLR1D	c12
2.4538573955487e-70	0.328685439081466	0.152	0.035	8.98136345344778e-66	TNFSF13B	c12
3.50438693709902e-56	0.328598622614198	0.11	0.024	1.28264066284761e-51	LRIG1	c12
2.96473732495875e-119	0.327568247014812	0.318	0.08	1.08512350830815e-114	IL6ST	c12
6.27402040910128e-41	0.327322301429354	0.081	0.018	2.29635420993516e-36	MTA1	c12
5.15821485574733e-09	0.32721874314126	0.013	0.002	0.000188795821935208	AF131215.6	c12
2.14649021688655e-39	0.327184353342172	0.068	0.014	7.85636884282647e-35	ZCWPW1	c12
1.08954075805252e-155	0.326656843823419	0.502	0.137	3.98782812854804e-151	MAN1A2	c12
3.67477563763237e-115	0.326521941842897	0.212	0.043	1.34500463112983e-110	TRAV21	c12
1.01721646050716e-19	0.326440033701863	0.031	0.006	3.72311396710224e-15	C3orf62	c12
4.15098692332612e-72	0.326302455078944	0.14	0.03	1.51930272380659e-67	AKT3	c12
1.42231961192719e-94	0.325717237514796	0.824	0.337	5.20583201161469e-90	BIN1	c12
2.40246654091958e-10	0.325546098208379	0.018	0.004	8.79326778641977e-06	SLC16A10	c12
1.08988713502257e-19	0.32543213929457	0.043	0.01	3.98909590289612e-15	PCSK5	c12
1.78671573865241e-63	0.324950230758194	0.117	0.024	6.53955827504168e-59	PPP2R2D	c12
1.44076588214837e-147	0.324241252693712	0.434	0.114	5.27334720525124e-143	ILF3-DT	c12
5.46621563435645e-37	0.324102387479101	0.068	0.014	2.0006895843308e-32	SREBF2-AS1	c12
1.55224211812949e-11	0.323579827749391	0.019	0.004	5.68136137656575e-07	AC103724.3	c12
1.95483557366354e-147	0.322910156321586	0.512	0.145	7.15489368316593e-143	SORL1	c12
4.75082721256932e-114	0.322773256566378	0.705	0.255	1.7388502680725e-109	SNHG5	c12
1.21658077057476e-50	0.322699773925549	0.997	0.873	4.45280727838068e-46	RPL36A	c12
4.41713173783217e-21	0.322283879049539	0.043	0.01	1.61671438736395e-16	SGSM2	c12
1.47730551273733e-48	0.322181213111067	0.954	0.557	5.40708590716989e-44	LIME1	c12
5.84627657710114e-09	0.321822252771629	0.014	0.003	0.000213979568998479	AMN	c12
2.90696783634127e-32	0.321655813706176	0.051	0.01	1.06397929777927e-27	TRBV25-1	c12
5.84368190273221e-123	0.321191475328749	0.64	0.215	2.13884601321902e-118	CLNS1A	c12
1.01809667762369e-19	0.321041907640376	0.049	0.013	3.72633564977046e-15	WDR86	c12
9.27476550511569e-16	0.32075143353947	0.03	0.007	3.3946569225274e-11	SGPP2	c12
1.00178838523532e-33	0.319807539950822	0.078	0.019	3.66664566879978e-29	MORC2	c12
1.8707002944942e-48	0.319780099747762	0.103	0.024	6.84695014787822e-44	THG1L	c12
7.35130608466452e-67	0.31963909400328	0.894	0.443	2.69065154004806e-62	PNISR	c12
7.05877025484496e-81	0.319180905594536	0.188	0.045	2.58358050097581e-76	PLA2G12A	c12
3.24034891725268e-20	0.319042545406334	0.04	0.009	1.18600010720365e-15	SRRD	c12
1.09736637184435e-42	0.318870301772604	0.079	0.017	4.0164706575875e-38	TARBP1	c12
3.90908572190584e-165	0.318740151657428	0.572	0.16	1.43076446507476e-160	SELENOM	c12
4.57666324636786e-43	0.318706866272109	0.095	0.022	1.6751045148031e-38	CASTOR1	c12
5.17812727793939e-22	0.318223021137853	0.043	0.01	1.8952463649986e-17	ZNF681	c12
6.116586902802e-134	0.317634473265586	0.691	0.233	2.23873197229456e-129	TIMP1	c12
9.52280986385757e-137	0.317338621996643	0.619	0.197	3.48544363827051e-132	AC243960.1	c12
3.58284580861146e-53	0.317152580086674	0.089	0.017	1.31135739440988e-48	COA6-AS1	c12
2.93975970378029e-27	0.317081683232578	0.043	0.008	1.07598144918062e-22	ZSCAN30	c12
4.16910500624101e-13	0.316945423099915	0.014	0.002	1.52593412333427e-08	AP006284.1	c12
2.79196189701354e-58	0.316554574668348	0.999	0.89	1.02188597392592e-53	EEF1D	c12
9.47250669687343e-49	0.316387437558534	0.088	0.018	3.46703217612265e-44	TRAV22	c12
9.30561909812671e-08	0.315907436297834	0.016	0.004	0.00340594964610536	ARMCX5-GPRASP2	c12
5.83865936262304e-12	0.315902030564978	0.018	0.004	2.13700771331366e-07	CCND1	c12
6.40048074625497e-40	0.315739551187766	0.068	0.014	2.34263995793678e-35	AP002360.1	c12
1.55319787933544e-89	0.315407872829238	0.209	0.05	5.68485955815565e-85	CTDSP2	c12
6.59094353752778e-71	0.31447492040485	0.164	0.039	2.41235124417054e-66	TMEM39B	c12
4.52311907450801e-08	0.314154336511129	0.011	0.002	0.00165550681246068	AC124319.1	c12
3.1591115012955e-72	0.314064275805106	0.869	0.396	1.15626640058917e-67	NSA2	c12
2.93031050028378e-10	0.313690590973338	0.012	0.002	1.07252294620887e-05	AC093627.5	c12
1.36427075760894e-06	0.313659279357722	0.012	0.003	0.049933673999245	ICAM4	c12
5.82093873034513e-126	0.312906416351235	0.417	0.12	2.13052178469362e-121	TRBV20-1	c12
6.63179400603216e-08	0.312900939883074	0.014	0.003	0.00242730292414783	ITPKC	c12
1.82941375941821e-65	0.312897635421476	0.152	0.036	6.69583730084658e-61	POLL	c12
3.75074827499823e-18	0.312847400037316	0.036	0.008	1.3728113761321e-13	PXYLP1	c12
6.44285511506123e-79	0.312764380179343	0.831	0.365	2.35814940066356e-74	TOMM20	c12
5.49424991198609e-44	0.312428019695603	0.086	0.019	2.01095041028603e-39	RNASEH1-AS1	c12
6.34134224746636e-26	0.312182503905035	0.047	0.01	2.32099467599516e-21	TESMIN	c12
2.97104235544074e-40	0.312142211060102	0.098	0.025	1.08743121251487e-35	ZNF362	c12
3.52467115321768e-26	0.312059746473905	0.069	0.019	1.2900648887892e-21	NCDN	c12
8.00668314324752e-42	0.312054078003256	0.072	0.015	2.93052609726003e-37	CDHR3	c12
4.45100095899478e-19	0.311969839393728	0.033	0.007	1.62911086100168e-14	FKBP1C	c12
1.51935322002316e-45	0.31098596404282	0.999	0.875	5.56098472060678e-41	RPL37A	c12
3.90649406136838e-18	0.31041758718878	0.041	0.01	1.42981589140144e-13	CA11	c12
6.72497762267312e-53	0.310104376172473	1	0.913	2.46140905967459e-48	RPL23A	c12
7.47751175016352e-64	0.310091202021297	0.129	0.028	2.73684407567735e-59	SPAG16	c12
2.75731863151786e-42	0.309941208658914	0.071	0.014	1.00920619232185e-37	AP003307.1	c12
1.51025267733364e-27	0.309870835195634	0.057	0.013	5.52767582430884e-23	TIGD1	c12
3.72927481051674e-17	0.309714390058065	0.036	0.009	1.36495187339723e-12	CKAP4	c12
7.15949482597449e-117	0.309617079461563	0.223	0.046	2.62044670125492e-112	TBC1D4	c12
1.84786388884286e-21	0.309594071399871	0.044	0.01	6.76336661955376e-17	URB1-AS1	c12
5.20755260491714e-37	0.309306053771508	0.076	0.017	1.90601632892572e-32	DHFR	c12
1.21790450977361e-106	0.308878721087341	0.784	0.3	4.45765229622239e-102	GIMAP1	c12
2.17305311891484e-126	0.308217545173803	0.398	0.109	7.95359172054021e-122	PSMG4	c12
2.13199986515559e-70	0.307974284615964	1	0.959	7.80333270645598e-66	FAU	c12
9.97114369498117e-08	0.307471420022614	0.022	0.007	0.00364953830380006	PIGW	c12
2.54894295362682e-115	0.307285110242608	0.715	0.258	9.32938610456954e-111	TRADD	c12
7.78879714281243e-11	0.307158935994562	0.019	0.004	2.85077764224078e-06	AL157392.3	c12
1.00114321120594e-19	0.307096840099804	0.037	0.008	3.66428426733487e-15	HMGN5	c12
1.12831309365689e-106	0.30668660020237	0.265	0.065	4.12973875409358e-102	PIGP	c12
2.56568837468407e-55	0.306085781078605	0.911	0.465	9.39067602018115e-51	ATP5PO	c12
1.05289773081681e-25	0.306023526627974	0.049	0.011	3.85371098456262e-21	IGSF22	c12
1.75307953787305e-11	0.306001480497462	0.017	0.003	6.41644641656915e-07	LINC01135	c12
4.58892153345673e-20	0.305600892904989	0.044	0.011	1.6795911704605e-15	LMAN2L	c12
1.20114695118771e-103	0.305117220068288	0.762	0.29	4.39631795604213e-99	TNFRSF14	c12
2.01244972486553e-20	0.303946545794743	0.038	0.008	7.36576723798031e-16	TOB1-AS1	c12
1.72518452196088e-07	0.303618210009095	0.011	0.002	0.00631434786882901	EML5	c12
1.666555215277e-43	0.30329821607897	0.098	0.023	6.09975874343537e-39	AKT1S1	c12
5.59690295222614e-136	0.303131992279515	0.515	0.153	2.04852244954429e-131	MAPKAPK5-AS1	c12
1.565290662793e-21	0.303127334252437	0.047	0.011	5.72912035488865e-17	SELENON	c12
4.74040079360331e-15	0.303079300342818	0.035	0.009	1.73503409446675e-10	ZNF208	c12
3.68137636473757e-20	0.303050683571331	0.044	0.011	1.3474205632576e-15	OR4D1	c12
6.73163861651433e-94	0.303025639596128	0.209	0.048	2.46384705003041e-89	TCEAL3	c12
4.41694120948537e-39	0.302897156192203	0.981	0.696	1.61664465208374e-34	EIF3K	c12
1.10342097154468e-15	0.302682223492065	0.027	0.006	4.03863109795069e-11	TRAF3IP1	c12
1.47857120198905e-94	0.302603683810377	0.248	0.063	5.41171845640014e-90	IKBKE	c12
5.64733638397317e-28	0.302028046201544	0.068	0.017	2.06698158989802e-23	CHST7	c12
7.2203715682366e-121	0.301741673101151	0.283	0.066	2.64272819769028e-116	ECHDC2	c12
1.0213963358527e-07	0.301553016944997	0.012	0.002	0.00373841272885448	LINC00852	c12
1.79728653872511e-35	0.301377556336824	0.064	0.013	6.57824846038776e-31	KIF5C	c12
2.4554837408107e-39	0.301143558040611	0.981	0.645	8.98731603974123e-35	GPSM3	c12
1.93701502173485e-51	0.300841547225433	0.118	0.028	7.08966868105171e-47	TP53	c12
4.89079482671606e-60	0.299648954237659	1	0.947	1.79007981452635e-55	RPL6	c12
1.1054334350103e-68	0.299538887789382	1	0.956	4.04599691548121e-64	RPL26	c12
1.34777362917263e-11	0.299254217458082	0.021	0.005	4.93298626013475e-07	UBTD1	c12
3.85805826635074e-24	0.298995769951649	0.041	0.009	1.41208790606703e-19	ABCD1	c12
1.97770129243023e-08	0.298862781030865	0.017	0.004	0.00072385845004239	PPFIBP1	c12
7.54957277565166e-72	0.298745637331597	0.879	0.405	2.76321913161626e-67	ZFAS1	c12
1.11328197000106e-143	0.29870627733495	0.399	0.101	4.07472333840089e-139	MMP24OS	c12
3.33314461728721e-65	0.297690581438204	0.126	0.027	1.21996426137329e-60	RENBP	c12
3.24746886119137e-138	0.297580278909695	0.712	0.236	1.18860607788465e-133	C1orf162	c12
7.48402088015922e-48	0.297204462502716	0.094	0.02	2.73922648234708e-43	OSGEPL1	c12
1.90660605656594e-10	0.297026271419281	0.018	0.004	6.97836882763699e-06	ZNF784	c12
2.64263220264673e-137	0.296017515911731	0.464	0.13	9.6722981249073e-133	LAGE3	c12
2.79591704751915e-40	0.295627376513615	0.078	0.017	1.02333359856248e-35	CENPV	c12
2.45682097272933e-11	0.295468756928747	0.02	0.005	8.99221044228664e-07	AL355816.2	c12
6.22048693534611e-19	0.2948280393733	0.041	0.01	2.27676042320603e-14	GPRASP1	c12
2.53609689172183e-64	0.294530400757293	1	0.957	9.28236823339106e-60	RPS7	c12
3.89722603695313e-47	0.294298416486638	0.998	0.85	1.42642370178521e-42	PFDN5	c12
3.22974786567677e-35	0.294247762573371	0.076	0.018	1.18212001631635e-30	RCC1L	c12
2.92447225247022e-44	0.29402112813111	1	0.826	1.07038608912662e-39	COX4I1	c12
9.49771789935776e-112	0.293205921105168	0.712	0.258	3.47625972834393e-107	IGBP1	c12
8.90654688500401e-13	0.293070765697521	0.029	0.007	3.25988522538032e-08	ZNF658	c12
2.39087824588036e-16	0.292831967913572	0.031	0.007	8.75085346774669e-12	GPRC5D-AS1	c12
1.12521514847359e-11	0.292675797239686	0.023	0.006	4.11839996492817e-07	CDK5R1	c12
4.39911120476022e-08	0.292363536967218	0.013	0.003	0.00161011869205429	ACVR1C	c12
2.04802167231106e-22	0.291803151458517	0.055	0.014	7.49596412282571e-18	FAM185A	c12
3.15688129300739e-91	0.290412118421909	0.274	0.075	1.15545012205364e-86	MHENCR	c12
1.17371535369188e-136	0.289000260372929	0.346	0.084	4.29591556604764e-132	SGTB	c12
4.83676781436787e-106	0.2887586575369	0.797	0.313	1.77030538773679e-101	LINC00861	c12
3.85131876778355e-26	0.288125505096447	0.056	0.013	1.40962118219646e-21	RASGRF2	c12
5.93261219761927e-65	0.288085340627277	0.131	0.029	2.17139539045063e-60	TRBV4-2	c12
4.7697872236242e-51	0.287778309409947	0.128	0.032	1.7457898217187e-46	ZNF138	c12
5.61008288036447e-19	0.287659203292178	0.032	0.007	2.0533464350422e-14	FANCB	c12
7.19030716199511e-39	0.286464153477136	0.091	0.023	2.63172432436183e-34	RANBP10	c12
1.77572377961174e-23	0.285922803191393	0.039	0.008	6.49932660575693e-19	AL645728.1	c12
3.42397770381973e-53	0.285778213032617	0.133	0.034	1.25321007937506e-48	PRR7	c12
2.97553974500879e-48	0.284585003746024	0.096	0.021	1.08907730207067e-43	GIHCG	c12
2.62205633985798e-59	0.284484547889847	0.109	0.022	9.59698840951419e-55	TM7SF2	c12
1.6129384940361e-37	0.284398307945754	0.099	0.026	5.90351618202153e-33	RELL2	c12
7.8641612844275e-62	0.284215040594224	0.19	0.054	2.87836167171331e-57	WDR86-AS1	c12
1.01146741279743e-13	0.284062759104845	0.031	0.008	3.70207187757987e-09	BAIAP2	c12
2.92152366397121e-115	0.283839893276528	0.373	0.104	1.0693068762501e-110	TXNL4A	c12
6.36495735019258e-16	0.283726596227706	0.022	0.004	2.32963803974399e-11	MEGF8	c12
1.6452823136543e-88	0.283685345848621	0.157	0.031	6.02189779620609e-84	GPR155	c12
2.48763606540646e-51	0.283305786500814	0.115	0.027	9.10499676299417e-47	PRUNE1	c12
2.31578333576271e-21	0.283177106157239	0.032	0.006	8.47599858722511e-17	TRAV18	c12
1.54989246844277e-36	0.282842019428117	0.079	0.018	5.67276142374737e-32	LINC00243	c12
7.40121151102638e-37	0.282619783190988	0.979	0.621	2.70891742515076e-32	CD48	c12
4.06849126480302e-23	0.282491561470625	0.957	0.654	1.48910848783055e-18	EEF2	c12
4.06540555431835e-74	0.282428498875816	0.22	0.061	1.48797908693606e-69	EIF2D	c12
1.2847335585964e-63	0.282163788215051	0.147	0.035	4.70225329781869e-59	PLCL2	c12
6.99412241321591e-136	0.282010431114679	0.378	0.096	2.55991874446116e-131	ZNF581	c12
2.81658588871884e-85	0.281954090548175	0.227	0.058	1.03089860112998e-80	CCR6	c12
2.70733086439021e-92	0.281941327222609	0.26	0.068	9.9091016967546e-88	HSD17B8	c12
3.29145672483719e-50	0.281900084300146	0.112	0.026	1.20470607585766e-45	AL441992.1	c12
6.97484678310193e-148	0.281899767417804	0.465	0.125	2.55286367108314e-143	OXLD1	c12
1.70505474616383e-45	0.281068262001529	0.087	0.019	6.24067087643424e-41	WRNIP1	c12
3.80993819786725e-107	0.280746954010918	0.254	0.06	1.39447547980139e-102	CYHR1	c12
2.9710706739633e-123	0.280265094577097	0.368	0.098	1.08744157737731e-118	GABPB1-IT1	c12
3.39046540141914e-07	0.28010344932719	0.013	0.003	0.0124094424157342	CR1	c12
5.88143618460322e-64	0.279581663441681	0.13	0.029	2.15266445792663e-59	ATP23	c12
4.39064256437769e-121	0.279378547881718	0.474	0.143	1.60701908498788e-116	SNHG16	c12
1.85828157030629e-15	0.279290835130539	0.023	0.005	6.80149637547806e-11	MTURN	c12
1.25016266466486e-71	0.279148011171538	0.855	0.386	4.57572036893986e-67	ST13	c12
2.42930635720465e-09	0.279142560909024	0.016	0.004	8.89150419800475e-05	AC136475.3	c12
1.23666157260979e-127	0.27877585489967	0.584	0.187	4.52630502190911e-123	STUB1	c12
4.3390768412907e-79	0.27858216971211	0.176	0.041	1.58814551468081e-74	LINC00339	c12
7.67694548725666e-62	0.278516331109942	0.123	0.027	2.80983881779081e-57	ID3	c12
5.24176544293618e-24	0.278418553179494	0.039	0.008	1.91853856976907e-19	AL359513.1	c12
3.18614692286687e-135	0.278361798991068	0.597	0.187	1.1661616352385e-130	NBEAL1	c12
2.12032516183658e-20	0.277995099622408	0.04	0.009	7.76060212483805e-16	NLRX1	c12
9.83926604358265e-09	0.277877684875138	0.013	0.003	0.000360126976461169	LINGO3	c12
8.61123459961169e-110	0.277222242515583	0.316	0.083	3.15179797580387e-105	TATDN1	c12
5.88187717369141e-40	0.276680593428081	0.083	0.019	2.15282586434279e-35	BCR	c12
3.696098088306e-144	0.27665874590892	0.422	0.11	1.35280886130088e-139	FAM200B	c12
6.90859549972199e-149	0.275965304862543	0.545	0.157	2.52861503885325e-144	PLAC8	c12
4.98904523780009e-15	0.275790195784361	0.031	0.007	1.82604044748721e-10	UBAC2-AS1	c12
6.68319690447627e-53	0.275541440105307	0.128	0.032	2.44611689900736e-48	CDR2	c12
3.82385126540373e-20	0.275322064774056	0.048	0.012	1.39956780165042e-15	DFFB	c12
6.70284927439418e-95	0.274943556086434	0.773	0.306	2.45330986292101e-90	RSL1D1	c12
2.16983189920293e-107	0.274659345452979	0.294	0.075	7.94180173427265e-103	POLR2H	c12
1.45482108435455e-36	0.274560067928853	0.065	0.013	5.32479065084608e-32	EXOSC6	c12
9.94667593940279e-71	0.27382020837012	0.149	0.033	3.64058286058081e-66	RRP36	c12
3.87230466795258e-68	0.273752732922655	0.138	0.03	1.41730223151732e-63	ALDOC	c12
1.27938018073761e-137	0.273683437328389	0.496	0.143	4.68265939951774e-133	SMAP2	c12
1.93904207369533e-17	0.273164757340168	0.033	0.007	7.09708789393227e-13	DCBLD1	c12
3.11481811574106e-88	0.272743918565494	0.231	0.059	1.14005457854239e-83	ECE1	c12
1.0533346217326e-124	0.27270735224864	0.56	0.178	3.85531004900348e-120	ADSL	c12
2.49276814808598e-139	0.272433566801266	0.422	0.112	9.12378069880951e-135	U2AF1L4	c12
1.06291669098774e-51	0.270557041523142	0.129	0.033	3.89038138068421e-47	USP46	c12
2.53023996312712e-113	0.270301603654886	0.267	0.063	9.26093128904156e-109	SLC2A4RG	c12
3.29773354973417e-46	0.270098335414979	0.107	0.026	1.2070034565382e-41	BNIP1	c12
1.71478877238049e-30	0.270073542728671	0.053	0.011	6.27629838578983e-26	AC006213.2	c12
1.34719956112275e-72	0.269796242266492	0.189	0.048	4.93088511366537e-68	RERE	c12
7.29913948409546e-65	0.269385907895737	0.137	0.031	2.67155804257378e-60	POMC	c12
7.75162410621763e-11	0.269130472378777	0.019	0.004	2.83717193911671e-06	CNIH3	c12
8.74385682276356e-12	0.269030716899463	0.02	0.004	3.20033903569969e-07	FITM2	c12
1.83226571786642e-73	0.268378453191211	0.838	0.368	6.70627575396287e-69	PHB2	c12
4.70605907199142e-46	0.268258357461336	0.112	0.028	1.72246468093958e-41	AC020915.2	c12
1.12600444905318e-20	0.268243428989348	0.045	0.011	4.12128888397953e-16	KAT14	c12
3.15469784623913e-22	0.267888076614514	0.041	0.009	1.15465095870198e-17	RLN2	c12
7.74573845446155e-100	0.267882907784281	0.27	0.069	2.83501773171747e-95	STT3B	c12
7.99148228148703e-113	0.267681008539355	0.3	0.076	2.92496242984707e-108	CEP85L	c12
3.062364133302e-64	0.267475910881598	0.155	0.038	1.12085589642987e-59	KLHL22	c12
2.28030005609607e-63	0.267446491443035	0.136	0.031	8.34612623531722e-59	JMJD4	c12
1.57005924161467e-52	0.267339176918997	0.124	0.03	5.74657383023384e-48	TNFAIP8L1	c12
5.02017666754628e-13	0.267321708356142	0.029	0.007	1.83743486208861e-08	DISC1	c12
3.75298416625154e-48	0.26703027362729	0.083	0.017	1.37362973468973e-43	AC108134.3	c12
1.48674336215796e-10	0.26687335295951	0.014	0.002	5.44162937983434e-06	PEG13	c12
1.03506654212326e-27	0.265326593776219	0.052	0.011	3.78844705082534e-23	PATZ1	c12
2.28774608620287e-29	0.265011749078478	0.069	0.017	8.37337945011112e-25	C9orf72	c12
1.86911877122381e-82	0.263930225663808	0.279	0.081	6.84116161455627e-78	TACC3	c12
1.01197605572404e-53	0.263904268392009	0.965	0.54	3.70393356155555e-49	CD7	c12
5.76954489137667e-35	0.263548145219168	0.064	0.013	2.11171112569278e-30	FAM227B	c12
4.43041048932587e-18	0.263125636795903	0.035	0.008	1.62157454319816e-13	RLN1	c12
3.44161138887315e-125	0.262885747273364	0.586	0.189	1.25966418444146e-120	NCBP2AS2	c12
1.37029397103614e-55	0.262836501381698	0.117	0.027	5.01541296338938e-51	DEXI	c12
1.11904096359259e-69	0.262607753103728	0.157	0.037	4.09580183084523e-65	HOOK2	c12
2.24289039188716e-29	0.262018205966711	0.076	0.02	8.20920312334618e-25	STRADB	c12
4.86236022647731e-98	0.261826005955191	0.248	0.061	1.77967246649296e-93	MPRIP	c12
7.59968268836598e-110	0.261812125815284	0.296	0.075	2.78155986076883e-105	EXOSC5	c12
1.48935919051676e-12	0.261647999007465	0.017	0.003	5.4512035732104e-08	PLEKHA4	c12
3.44767515831855e-10	0.261297332059791	0.019	0.004	1.26188358469617e-05	IL17RC	c12
1.91347355667652e-96	0.260515226116812	0.328	0.096	7.00350456479175e-92	AL138963.4	c12
1.5871279623334e-114	0.260276076327843	0.618	0.212	5.80904705493648e-110	MRPS24	c12
1.56521401774781e-110	0.260253422439624	0.571	0.194	5.72883982635878e-106	SH3BP5	c12
1.78487400605703e-86	0.259888831760567	0.195	0.045	6.53281734956935e-82	ISYNA1	c12
2.09178823163037e-30	0.259842287948547	0.065	0.015	7.65615410659032e-26	CFH	c12
4.68993329256256e-125	0.259515494184527	0.427	0.121	1.71656248441082e-120	C12orf10	c12
1.56050392098495e-13	0.258389665581751	0.021	0.004	5.711600401197e-09	ASTN2	c12
1.59960463602524e-29	0.255510706402287	0.07	0.018	5.85471292831597e-25	STRBP	c12
3.37481539348385e-15	0.255349288504407	0.02	0.004	1.23521618216902e-10	ZNF347	c12
5.54286918621871e-122	0.255271041110205	0.337	0.086	2.02874555084791e-117	RNF214	c12
1.16129410118311e-38	0.254788462848798	0.072	0.015	4.25045253974029e-34	AC007383.2	c12
5.89516754014942e-17	0.254225139818816	0.035	0.008	2.15769027137009e-12	AC018816.1	c12
1.50969326063635e-136	0.254037345664004	0.502	0.146	5.52562830325511e-132	GIMAP2	c12
3.5740812540471e-21	0.253690956795658	0.043	0.01	1.30814947979378e-16	TWNK	c12
1.08614802180169e-50	0.253520116683817	0.119	0.029	3.97541037459637e-46	CCDC58	c12
5.31932952998901e-08	0.253130465985683	0.015	0.004	0.00194692780127128	AC011447.3	c12
1.31280468504346e-24	0.252898430186612	0.044	0.009	4.80499642772758e-20	SOCS5	c12
6.86826809482422e-103	0.25265409961765	0.265	0.066	2.51385480538661e-98	ZNF580	c12
4.02730243545014e-50	0.252485794908442	0.105	0.024	1.4740329643991e-45	BOD1	c12
1.24807474062439e-19	0.252296380789612	0.05	0.013	4.56807835815934e-15	GEMIN4	c12
3.71937528822539e-28	0.251846882176499	0.043	0.008	1.36132854924338e-23	AL117379.1	c12
1.02979921908893e-121	0.251654830361957	0.355	0.094	3.76916812178739e-117	NME4	c12
9.67858902594344e-48	0.251539472744035	0.922	0.499	3.54246036938556e-43	GYPC	c12
3.64171655186648e-94	0.251110243814826	0.25	0.064	1.33290467514865e-89	TRIM44	c12
5.7137121658731e-49	0.250504735244269	0.097	0.021	2.09127578983121e-44	MIR762HG	c12
1.30070259193306e-74	0.250458638073129	0.189	0.048	4.7607015567342e-70	TARBP2	c12
1.64631007067866e-14	0.250185946476861	0.034	0.009	6.02565948969095e-10	ZNF77	c12
5.16439064229495e-95	0.25012245509992	0.247	0.062	1.89021861898638e-90	SPNS3	c12
7.90637768262609e-27	0.249877222085463	0.057	0.014	2.89381329561797e-22	GSTZ1	c12
3.99400962084604e-08	0.249531686853709	0.014	0.003	0.00146184746132586	MCF2L	c12
8.74414422156816e-92	0.249430548402466	0.291	0.082	3.20044422653616e-87	IPCEF1	c12
1.96448484720009e-111	0.249410377693548	0.614	0.213	7.19021098923706e-107	R3HDM4	c12
3.34856283033393e-59	0.249383362067777	0.904	0.44	1.22560748153052e-54	SEPTIN6	c12
7.16211072239073e-44	0.248857166194932	0.095	0.022	2.62140414550223e-39	SNHG21	c12
5.35306797470753e-60	0.248641197862067	0.119	0.026	1.9592764094227e-55	TUBGCP6	c12
1.70973683944833e-20	0.248536285274647	0.041	0.01	6.25780780606482e-16	PCAT1	c12
1.43120530361721e-98	0.248170637976672	0.757	0.29	5.23835453176936e-94	OCIAD2	c12
6.44055995938292e-25	0.247796420468642	0.984	0.722	2.35730935073374e-20	HNRNPA1	c12
4.33599582493831e-07	0.247484589316965	0.011	0.002	0.0158701783188567	AC138649.1	c12
4.7292545761329e-118	0.24732710474242	0.209	0.041	1.7309544674104e-113	TRAV8-4	c12
7.94806459940893e-41	0.247288691528358	0.078	0.017	2.90907112402966e-36	SETD6	c12
1.7227151663447e-51	0.247013345722014	0.103	0.023	6.30530978033823e-47	DUS1L	c12
7.56730355970058e-28	0.246634008346389	0.071	0.019	2.76970877588601e-23	ACBD4	c12
1.96027833730543e-88	0.246154733998337	0.713	0.283	7.17481474237161e-84	C1QBP	c12
1.09917028740945e-55	0.2459402521087	0.11	0.024	4.02307316894731e-51	AC099343.3	c12
2.42596994400975e-119	0.245843746101094	0.374	0.103	8.87929259207008e-115	TMEM204	c12
1.10098760740776e-13	0.245291866778424	0.026	0.006	4.02972474187313e-09	ZNF839	c12
7.35519408674853e-106	0.244812239845386	0.261	0.063	2.69207458769083e-101	TRIM52-AS1	c12
2.38542043103804e-30	0.244755641453099	0.057	0.012	8.73087731964232e-26	AC245060.5	c12
1.35741581851465e-138	0.244663857364443	0.544	0.163	4.96827763734549e-134	INPP4B	c12
3.77044245019376e-42	0.244129721667923	0.082	0.018	1.38001964119542e-37	IZUMO4	c12
8.94101086345232e-86	0.243855460535603	0.24	0.063	3.27249938613218e-81	SUPT3H	c12
2.22151782488635e-32	0.243826259496738	0.063	0.014	8.13097739086653e-28	THAP7-AS1	c12
4.92097365443268e-40	0.243783388365475	0.082	0.018	1.80112556725891e-35	MYL6B	c12
1.16923213212643e-62	0.243761652979158	0.144	0.034	4.27950652679595e-58	ARRDC2	c12
8.06999675070235e-107	0.243559176301731	0.704	0.257	2.95369951072457e-102	OXA1L	c12
1.28824935193414e-45	0.243354512221642	1	0.969	4.71512145301413e-41	RPS27	c12
2.44815379826267e-94	0.243237877324495	0.26	0.067	8.96048771702119e-90	GRK6	c12
2.46165921301893e-134	0.242759669668574	0.576	0.178	9.00991888557058e-130	TXN2	c12
1.14524946358336e-21	0.242280275217558	0.024	0.004	4.19172756166144e-17	AL161421.1	c12
6.4226445785043e-102	0.242014036797459	0.217	0.048	2.35075214217836e-97	ZNF652	c12
2.03425786559295e-41	0.241978503584752	0.106	0.028	7.44558721385677e-37	NCAPD2	c12
5.30610535572105e-73	0.24185380817705	0.152	0.034	1.94208762124746e-68	AC139530.1	c12
1.33276698169109e-15	0.24143109145071	0.023	0.004	4.87806042968757e-11	MROH6	c12
4.40355451967182e-11	0.240920878630472	0.021	0.005	1.61174498974508e-06	SYNM	c12
1.00634228949922e-119	0.240742300080397	0.384	0.106	3.68331341379611e-115	CA5B	c12
1.40060152209371e-08	0.24071855133273	0.018	0.005	0.000512634163101519	TMEM265	c12
1.50578826996665e-104	0.239446359713072	0.259	0.063	5.51133564690493e-100	PACS1	c12
2.00134931348714e-07	0.239217877388802	0.016	0.004	0.00732513862229429	AC020911.2	c12
1.40393285254854e-38	0.239168091846883	0.072	0.015	5.1385346336129e-34	RAB43	c12
1.17725389727188e-70	0.239114811832523	0.162	0.038	4.30886698940481e-66	FBXW7	c12
1.00815223757455e-33	0.238512967715488	0.071	0.017	3.68993800474659e-29	PPM1N	c12
2.87929087193175e-59	0.238142156160273	0.121	0.027	1.05384925203574e-54	MPP6	c12
5.13583024823311e-39	0.238125846963818	0.078	0.017	1.8797652291558e-34	TMEM91	c12
4.49457545271274e-115	0.237369817044505	0.331	0.087	1.64505956144739e-110	RGL4	c12
9.31422274436475e-100	0.237142237290158	0.58	0.208	3.40909866666494e-95	PIK3IP1	c12
8.89241434740898e-10	0.236997240719412	0.014	0.003	3.25471257529516e-05	AP000866.1	c12
4.3115793066605e-07	0.236605971009397	0.011	0.002	0.0157808114203081	AC095057.3	c12
6.13330095171302e-49	0.23581231315561	1	0.969	2.24484948133648e-44	RPS19	c12
5.11563792581221e-35	0.235785593350598	0.137	0.045	1.87237463722653e-30	CSRNP1	c12
7.13189524830512e-34	0.235699452847808	0.094	0.026	2.61034497983216e-29	TRAF3IP2	c12
8.66424298409174e-141	0.235643023633808	0.469	0.13	3.17119957460742e-136	DDT	c12
1.9359244317316e-15	0.23541522226233	0.027	0.006	7.08567701258082e-11	AL022328.4	c12
1.04756530362476e-11	0.235257196324668	0.021	0.005	3.83419376779698e-07	ADAMTS10	c12
5.50545087955648e-120	0.234935046469008	0.481	0.147	2.01505007642647e-115	SIRPG	c12
9.77390930939266e-62	0.234875775861774	0.189	0.053	3.57734854633081e-57	PABPC4	c12
1.4311949072625e-103	0.234796653473605	0.722	0.276	5.23831648007146e-99	TRBC1	c12
6.78713152200137e-95	0.234218305282054	0.518	0.182	2.48415800836772e-90	VPS51	c12
3.97752896382978e-113	0.234114284106168	0.7	0.25	1.45581537605134e-108	VSIR	c12
6.25854287511652e-83	0.233996742797653	0.264	0.074	2.2906892777214e-78	TRMT1	c12
2.30936657501042e-89	0.233818802575465	0.257	0.069	8.45251260119565e-85	RIN3	c12
3.61152142883138e-11	0.233700430274597	0.015	0.003	1.32185295816657e-06	LINC01715	c12
5.73931964284451e-09	0.233690451959901	0.02	0.005	0.000210064838247752	CDC37L1-DT	c12
4.0689675271761e-42	0.233346209263303	0.094	0.022	1.48928280462172e-37	HMBS	c12
3.30002672329283e-50	0.233249084351888	0.128	0.033	1.20784278099241e-45	TRAPPC12	c12
1.48557877102567e-19	0.232997245703819	0.034	0.007	5.43736685983105e-15	AC091271.1	c12
3.83778975912747e-66	0.232951478808907	0.9	0.419	1.40466942973825e-61	LEPROTL1	c12
1.23723836498279e-14	0.23290009778589	0.03	0.007	4.5284161396735e-10	AC093249.6	c12
9.57719764034088e-110	0.232512125939477	0.468	0.148	3.50535010834116e-105	S1PR4	c12
5.59995959376175e-25	0.230598736516746	0.044	0.009	2.04964121091274e-20	SAMD12	c12
4.31421055313038e-81	0.23034104032531	0.21	0.053	1.57904420455125e-76	HIVEP2	c12
1.87604125567202e-73	0.230322098272617	0.174	0.042	6.86649859988516e-69	TRIM28	c12
1.49933181384799e-14	0.230145583170146	0.716	0.628	5.48770437186501e-10	RPS4Y1	c12
1.5015303728312e-77	0.230107817628164	0.174	0.041	5.49575131759946e-73	FAM117A	c12
2.66679232442373e-100	0.229962229896442	0.297	0.08	9.7607265866233e-96	USE1	c12
2.62056601994576e-27	0.229942361241775	0.045	0.009	9.59153368960347e-23	SLC66A2	c12
2.42139020787787e-96	0.229814574574316	0.241	0.059	8.86253029985378e-92	PSMG3	c12
6.55642093070446e-58	0.22960810728986	0.139	0.034	2.39971562484714e-53	CCDC7	c12
2.53952743721896e-15	0.229480245827369	0.019	0.003	9.29492437296513e-11	AL592435.1	c12
2.43803825711175e-18	0.229075772130624	0.032	0.007	8.92346382485472e-14	PTPN13	c12
2.30273342974109e-83	0.228523424023334	0.343	0.109	8.42823462619536e-79	CCNG1	c12
9.12521485009177e-20	0.2282657592392	0.046	0.012	3.33991988728209e-15	EPS8	c12
1.33648114829393e-24	0.227904776767069	0.055	0.014	4.89165465087061e-20	ZNF789	c12
1.88411865045251e-84	0.22779317224183	0.226	0.058	6.89606267252125e-80	CASP6	c12
3.07329190777788e-29	0.227731790344256	0.059	0.013	1.12485557116578e-24	MRM1	c12
6.86800812401479e-74	0.227351998504533	0.186	0.047	2.51375965347065e-69	TCTEX1D2	c12
3.62919972852227e-11	0.227147608302118	0.018	0.004	1.32832339263644e-06	SEC24B-AS1	c12
7.01562307947837e-29	0.22710237847679	0.057	0.013	2.56778820331988e-24	CENPS	c12
3.4039134552053e-96	0.226515465229462	0.26	0.067	1.24586636373969e-91	ERI3	c12
9.4747689413346e-41	0.226511197591999	0.102	0.026	3.46786018021788e-36	PDF	c12
8.91485692068594e-86	0.225471531138511	0.178	0.039	3.26292678154026e-81	AL139246.5	c12
1.01657275450433e-118	0.225444465578103	0.489	0.151	3.72075793876131e-114	CMTM7	c12
7.95760523391995e-74	0.22504938070317	0.18	0.044	2.91256309166704e-69	SPART	c12
8.46351898455158e-75	0.224916899845986	0.243	0.07	3.09773258353572e-70	TAF10	c12
1.13922868317878e-29	0.224816266561842	0.062	0.014	4.16969090330266e-25	ZNF846	c12
8.58788956771422e-51	0.224506581351256	0.114	0.027	3.14325346067908e-46	PER1	c12
3.12014116466548e-07	0.224142738151539	0.012	0.003	0.0114200286767921	AC008763.1	c12
1.11406640684503e-72	0.223744200126096	0.154	0.035	4.07759445569351e-68	PIP4P2	c12
1.41623692442701e-91	0.223499452652278	0.237	0.06	5.1835687670953e-87	AP3M2	c12
3.41388594005062e-125	0.223471021989321	0.453	0.132	1.24951639291793e-120	CCM2	c12
1.47255548864861e-48	0.22331043646959	0.114	0.028	5.38970034400277e-44	HNRNPA1P48	c12
2.07794523471067e-08	0.22310445486784	0.019	0.005	0.000760548735356454	FNIP2	c12
1.00240584534974e-95	0.222763609443063	0.212	0.048	3.66890563456459e-91	CEP135	c12
2.32399584672014e-29	0.222759842728109	0.047	0.009	8.50605719858037e-25	CAPS	c12
5.89603830062592e-67	0.222735476435498	0.138	0.031	2.15800897841209e-62	TSHZ1	c12
1.42838152452404e-78	0.222618557273616	0.196	0.048	5.22801921791043e-74	CPTP	c12
1.33212194051235e-22	0.222580315774171	0.048	0.011	4.87569951446925e-18	CHAF1A	c12
1.98408810144593e-94	0.222557911925578	0.191	0.041	7.26196086010226e-90	PAXIP1-AS1	c12
5.04683525142606e-32	0.221932267736666	0.971	0.645	1.84719217037445e-27	PCED1B-AS1	c12
3.11944827189229e-07	0.221876396191147	0.012	0.003	0.011417492619953	H1FX-AS1	c12
1.1463244024457e-43	0.221093455674151	0.085	0.019	4.19566194539149e-39	CARMIL2	c12
3.52909289131836e-106	0.221088349437551	0.286	0.073	1.29168328915143e-101	DMAP1	c12
9.64624622922446e-17	0.221043433567917	0.022	0.004	3.53062258235845e-12	AC005332.5	c12
9.16508086346107e-66	0.220990643595531	0.878	0.409	3.35451124683539e-61	ISG20	c12
4.06833452100773e-10	0.220481954942146	0.013	0.002	1.48905111803404e-05	MBLAC1	c12
2.03524639998684e-98	0.220348076535169	0.182	0.037	7.44920534859182e-94	TRAV13-2	c12
1.96870788428707e-28	0.220304780713053	0.062	0.015	7.20566772727909e-24	AL050341.2	c12
5.23019991706213e-133	0.220245505051389	0.543	0.164	1.91430547164391e-128	NBDY	c12
1.65597706725999e-13	0.220112377535932	0.054	0.019	6.06104166387829e-09	AC103591.3	c12
7.54040988849136e-130	0.219921684337006	0.537	0.164	2.75986542328672e-125	FAM162A	c12
5.16755869854922e-09	0.219729566728282	0.016	0.004	0.0001891378159256	THBS3	c12
3.04521854049704e-24	0.219392061054927	0.96	0.624	1.11458043800732e-19	COMMD6	c12
3.48514069636727e-76	0.219362052796927	0.198	0.05	1.27559634627739e-71	BCL9L	c12
4.1628680573296e-18	0.219111441232107	0.032	0.007	1.52365133766321e-13	AC091729.3	c12
4.8970776690241e-71	0.218653194752089	0.216	0.06	1.79237939763951e-66	HDAC7	c12
3.00434312594013e-102	0.218467167662526	0.284	0.074	1.09961962752535e-97	ZBTB25	c12
1.07489547179448e-123	0.218339036088836	0.405	0.113	3.93422491631497e-119	DMAC1	c12
4.99848053217974e-08	0.218164173794587	0.016	0.004	0.00182949385958311	RCAN1	c12
1.67853324899935e-11	0.218141777455627	0.015	0.003	6.14359954466253e-07	TNFRSF13C	c12
7.39949158819938e-37	0.217994202529004	0.934	0.533	2.70828791619685e-32	EIF3G	c12
8.91221021623945e-68	0.217662792588395	0.156	0.037	3.2619580612458e-63	TRAV8-6	c12
2.17766687241611e-57	0.217609892214017	0.144	0.036	7.97047851973019e-53	TRBV6-2	c12
3.91336758825507e-31	0.217189816073307	0.062	0.014	1.43233167097724e-26	TTLL3	c12
1.56802081374533e-45	0.216617396431676	0.096	0.022	5.73911298038928e-41	CCDC34	c12
5.82715316752735e-84	0.216330694221227	0.797	0.336	2.13279633084669e-79	CD69	c12
2.89979689005061e-12	0.216282155614171	0.02	0.004	1.06135465972742e-07	ARHGEF11	c12
1.11903778730638e-71	0.215874339918618	0.179	0.045	4.09579020532007e-67	RNF220	c12
1.97777603162258e-95	0.215663259641145	0.215	0.05	7.23885805334181e-91	NBPF19	c12
3.13876342079339e-14	0.215339184720759	0.023	0.005	1.14881879964459e-09	F8A1	c12
1.49839355965307e-55	0.214943328968253	0.121	0.028	5.4842702676862e-51	PPP1R3E	c12
9.90009576833334e-41	0.214909347652669	1	0.969	3.62353405216768e-36	TMSB10	c12
2.89051551316664e-104	0.214839219039657	0.311	0.084	1.05795758297412e-99	SNHG1	c12
2.8278769593357e-31	0.214792209225822	0.064	0.015	1.03503124588646e-26	AL080276.2	c12
8.45911300195518e-11	0.214788705611706	0.018	0.004	3.09611994984561e-06	TAF1A-AS1	c12
1.99331132656587e-118	0.214638536318304	0.376	0.103	7.29571878636375e-114	ATF7IP2	c12
2.83401540601009e-60	0.214094908705822	0.12	0.026	1.03727797875375e-55	ZADH2	c12
3.99449993917328e-22	0.214072523345487	0.033	0.006	1.46202692273681e-17	MEF2B	c12
1.11032622278654e-44	0.213437712737712	0.099	0.023	4.06390500802101e-40	GRK5	c12
1.90602640763977e-28	0.213406276337832	0.078	0.021	6.97624725460234e-24	TAF9B	c12
8.27413276544741e-44	0.213386283496941	0.08	0.017	3.02841533348141e-39	ACY1	c12
2.69970358983289e-70	0.21333693139899	0.15	0.034	9.88118510914735e-66	SNHG14	c12
5.98602017877987e-68	0.213159655115858	0.154	0.036	2.19094324563522e-63	MZF1	c12
1.23575195680493e-100	0.213152821842148	0.302	0.082	4.52297573710172e-96	ZKSCAN1	c12
9.61417674766217e-37	0.213150177458379	0.947	0.545	3.51888483141183e-32	ERP29	c12
4.49476205728244e-16	0.213118008085401	0.022	0.004	1.64512786058594e-11	AC083880.1	c12
1.33292491548422e-100	0.212808101912638	0.263	0.066	4.87863848316381e-96	SDHAF3	c12
6.87135969629974e-40	0.212650778415093	0.071	0.015	2.51498636244267e-35	SETD1A	c12
1.12538226791354e-63	0.212575469508701	0.153	0.038	4.11901163879035e-59	PCED1A	c12
6.54633966363037e-117	0.212426307132494	0.449	0.135	2.39602578028535e-112	ATXN7L3B	c12
6.62199095449117e-08	0.212143200940981	0.014	0.003	0.00242371490925331	LINC01963	c12
9.42688623752718e-65	0.212131114257211	0.147	0.035	3.45033463179732e-60	SVIL	c12
3.97709108246229e-111	0.212095577873008	0.338	0.092	1.45565510709202e-106	QTRT1	c12
1.07023166115759e-125	0.211997059375392	0.428	0.121	3.91715490300288e-121	LETMD1	c12
1.8519398250681e-16	0.211842289387645	0.031	0.007	6.77828495373177e-12	MATN1-AS1	c12
2.11412359657253e-10	0.211812706538258	0.021	0.005	7.73790377581511e-06	AL121658.1	c12
2.33220436336134e-40	0.211712538958176	0.097	0.024	8.53610119033883e-36	RNF144A	c12
6.18404456733621e-60	0.211594626795905	0.18	0.05	2.26342215209073e-55	SART1	c12
7.87715083480663e-67	0.211326198185125	0.157	0.038	2.88311597704757e-62	ZNF639	c12
1.2324069684549e-18	0.211007136169982	0.041	0.01	4.51073274524177e-14	ZNF419	c12
3.77772293049292e-13	0.210924311194089	0.023	0.005	1.38268436978971e-08	AL133243.3	c12
1.20761293506932e-91	0.210899507669236	0.702	0.271	4.41998410364722e-87	PPA1	c12
9.90132305015792e-119	0.210595072747772	0.381	0.106	3.6239832495883e-114	MRPS31	c12
2.94200488550905e-95	0.209873559363246	0.199	0.044	1.07680320814517e-90	NAALADL1	c12
1.60233658967643e-66	0.209711401454888	0.152	0.036	5.8647121518747e-62	AHCYL1	c12
4.6398088197133e-49	0.208983943429364	0.894	0.455	1.69821642610326e-44	CUTA	c12
1.65886622617636e-107	0.208907052070306	0.333	0.091	6.07161627442811e-103	SIGMAR1	c12
1.10294829317146e-31	0.208853172865199	0.998	0.843	4.03690104783686e-27	IFITM1	c12
3.18112806028491e-25	0.208819459509887	0.984	0.724	1.16432468134488e-20	SLC25A6	c12
1.9760223121748e-62	0.208501000833212	0.131	0.029	7.23243926479099e-58	NPHP3	c12
1.46315958287981e-73	0.207152456609411	0.133	0.027	5.3553103892984e-69	TRAV16	c12
2.53026134593203e-09	0.207006613530651	0.015	0.003	9.26100955224582e-05	AC009831.1	c12
3.44301063332679e-10	0.206781493135235	0.02	0.005	1.26017632190394e-05	C8orf58	c12
5.92144401770223e-33	0.206466106803073	0.059	0.012	2.16730772491919e-28	SLC35G1	c12
4.009588872717e-22	0.206451762245204	0.043	0.009	1.46754962330315e-17	AC016727.1	c12
2.72112740812067e-25	0.206447177260454	0.07	0.02	9.95959842646246e-21	BRD3OS	c12
3.88621579696972e-17	0.205719694517579	0.031	0.007	1.42239384384889e-12	ZRANB3	c12
2.26070941057588e-94	0.20566020497579	0.195	0.043	8.27442251364877e-90	NFKBIL1	c12
1.3987221345235e-44	0.205639657152579	0.085	0.018	5.11946288456947e-40	AC015982.2	c12
4.4327057345516e-08	0.205351208035865	0.017	0.004	0.00162241462590323	FAM66B	c12
8.29802788131668e-115	0.205288380754898	0.547	0.178	3.03716118484072e-110	DGCR6L	c12
3.59937379743681e-52	0.204995060891823	0.88	0.433	1.31740680359985e-47	C19orf53	c12
1.33380294057458e-62	0.204872286692087	0.138	0.032	4.88185214279702e-58	AIG1	c12
5.57353685501252e-56	0.204760408745164	0.122	0.028	2.03997022430313e-51	BOLA1	c12
6.82271050328388e-37	0.204686584345516	0.094	0.024	2.49718027130693e-32	PARP3	c12
2.39395851009993e-31	0.204422710630198	0.082	0.022	8.76212754281676e-27	OSER1-DT	c12
3.51587691504687e-11	0.204398350875842	0.021	0.005	1.28684610967631e-06	AC040169.1	c12
9.56879087325821e-16	0.204283248923391	0.023	0.004	3.50227314752124e-11	PYCARD-AS1	c12
3.15638532873914e-117	0.204122874611305	0.396	0.112	1.15526859417181e-112	CNST	c12
7.39667614442709e-30	0.204100937078493	0.053	0.011	2.70725743562176e-25	WDR27	c12
1.05065066987962e-109	0.204062353982303	0.289	0.073	3.8454865168264e-105	ZNF101	c12
1.1030375517858e-53	0.204019958466591	0.116	0.027	4.03722774329121e-49	EID2B	c12
4.35167427523213e-74	0.204013073844275	0.173	0.041	1.59275630147771e-69	DNAJC30	c12
5.74715250701306e-29	0.203857676443435	0.078	0.021	2.10351528909185e-24	AC018521.5	c12
1.07209331705594e-125	0.203855676305514	0.369	0.098	3.92396874975643e-121	CASP8AP2	c12
1.43670004614556e-08	0.203251203287489	0.018	0.005	0.000525846583889738	ASNS	c12
7.58133609839e-07	0.203191299960159	0.02	0.007	0.0277484482537172	HIST2H2BF	c12
4.3666805112487e-47	0.203031236958301	0.1	0.023	1.59824873392214e-42	TNK2	c12
1.23734493807357e-42	0.202414820005684	0.105	0.027	4.52880620784309e-38	CNOT11	c12
2.06884985393452e-21	0.202185985378176	0.974	0.695	7.57219735038573e-17	SARAF	c12
2.79082765339181e-49	0.202023998204072	0.127	0.033	1.02147082941794e-44	DHRS3	c12
6.57862658810836e-19	0.201892522887751	0.046	0.012	2.40784311751354e-14	BX664615.2	c12
3.16273226017276e-12	0.201869472447735	0.027	0.007	1.15759163454583e-07	AL139384.1	c12
5.78218935174264e-49	0.201610966531255	0.134	0.036	2.11633912463132e-44	ESYT2	c12
4.07244441070207e-36	0.201411386054037	0.097	0.026	1.49055537876106e-31	TSPYL4	c12
5.79668201507915e-29	0.201159592802264	0.041	0.007	2.12164358433912e-24	TAPT1	c12
7.81357833358887e-28	0.201155972378655	0.049	0.01	2.85984780587686e-23	CCSAP	c12
9.61540701952886e-26	0.200861083518118	0.055	0.013	3.51933512321776e-21	DENND6B	c12
2.94592415255872e-56	0.200721631764369	0.124	0.029	1.07823769907802e-51	ARRDC1-AS1	c12
2.66052156933751e-78	0.200457326153817	0.198	0.049	9.73777499593221e-74	LINC01184	c12
9.21335154086621e-60	0.200414053002389	0.119	0.026	3.37217879747244e-55	TRBV7-3	c12
2.178387448291e-13	0.199964958502283	0.033	0.009	7.97311589948991e-09	ZNF589	c12
2.82753466818282e-17	0.199651396069439	0.029	0.006	1.03490596390159e-12	RAB3D	c12
6.70728966063729e-68	0.198210635978423	0.14	0.031	2.45493508868986e-63	NDUFV2-AS1	c12
2.4091611536971e-81	0.198129507010526	0.773	0.319	8.81777073864674e-77	DNAJB1	c12
3.23484536948547e-100	0.198039219663566	0.278	0.072	1.18398575368538e-95	WWP1	c12
8.40665441675154e-16	0.197688328034395	0.028	0.006	3.07691958307523e-11	ADGRL1	c12
3.48660714441068e-20	0.197640618914097	0.039	0.009	1.27613308092575e-15	TRBV11-3	c12
7.29140064961869e-48	0.197621436018066	0.124	0.032	2.66872555176694e-43	ZNF862	c12
1.44116892965416e-25	0.197216821761731	0.061	0.015	5.27482239942718e-21	TOP3B	c12
3.95446752718189e-32	0.197095642946976	0.069	0.016	1.44737465962384e-27	FAM117B	c12
9.69582552115222e-110	0.19691164284332	0.614	0.212	3.54876909899692e-105	UQCRC2	c12
1.20625488571436e-56	0.196561397686516	0.144	0.036	4.41501350720314e-52	NAA80	c12
2.36599005740263e-26	0.196548413751773	0.063	0.016	8.65976020909935e-22	HIST1H2BN	c12
1.38035426579684e-89	0.196495808469929	0.232	0.058	5.052234648243e-85	TTC28-AS1	c12
2.00825906581266e-130	0.196343192848082	0.55	0.169	7.3504290067809e-126	PQBP1	c12
3.86714180625322e-54	0.196290976449406	0.132	0.033	1.41541257250674e-49	PRKAR1B	c12
6.3716075072329e-61	0.195942301971749	0.131	0.03	2.33207206372231e-56	MTMR4	c12
2.49257397194918e-11	0.195920294944637	0.015	0.003	9.12306999473121e-07	AL354740.1	c12
1.04127810531892e-57	0.195866680833839	0.17	0.047	3.81118199327779e-53	ANKRD13A	c12
2.17893819172708e-22	0.195402360371031	0.037	0.007	7.97513167554028e-18	HYPK	c12
1.46597323986871e-60	0.195363917309205	0.15	0.037	5.36560865524347e-56	ZNF444	c12
1.38739347101284e-12	0.195204757367332	0.023	0.005	5.07799884325411e-08	MTUS1	c12
1.02808602615798e-34	0.19497260409935	0.94	0.558	3.76289766434082e-30	UCP2	c12
2.69785794242512e-09	0.194656835439203	0.017	0.004	9.87442985507017e-05	AC011450.1	c12
1.24811102060245e-09	0.194613021344855	0.014	0.003	4.56821114650702e-05	RIN1	c12
1.88264898821103e-64	0.194519915017296	0.141	0.033	6.89068356175121e-60	HSCB	c12
4.9586098394014e-29	0.194353717824642	0.052	0.011	1.81490078731931e-24	AL136419.3	c12
5.51705674040777e-47	0.194260306433028	0.114	0.028	2.01929793755665e-42	FBXO4	c12
2.14139906058758e-23	0.194243881334252	0.984	0.655	7.83773470165659e-19	UQCRB	c12
6.44733486866996e-15	0.193927396222514	0.03	0.007	2.35978903528189e-10	CPT1B	c12
3.59650644240556e-128	0.193862488880656	0.519	0.157	1.31635732298486e-123	DNPH1	c12
3.99221675536435e-26	0.193546878481953	0.079	0.023	1.4611912546309e-21	CTU2	c12
4.74452256484244e-50	0.193282211620827	0.12	0.03	1.73654270395798e-45	COQ7	c12
1.02840010798066e-75	0.193258311777486	0.174	0.041	3.76404723522003e-71	NOC4L	c12
6.95595327271046e-72	0.192532216862584	0.807	0.348	2.54594845734476e-67	TSTD1	c12
3.70433645809957e-68	0.192490644309486	0.145	0.033	1.35582418702902e-63	TRBV5-4	c12
1.57930880645593e-30	0.191695592925729	0.945	0.565	5.78042816250933e-26	APRT	c12
9.28400335070609e-69	0.191454588719295	0.193	0.051	3.39803806639194e-64	CDKN2AIPNL	c12
2.10583900939338e-07	0.191316181061764	0.013	0.003	0.0077075813582807	AC009309.1	c12
2.90563739781266e-28	0.191219156615732	0.965	0.625	1.06349234397341e-23	GSTK1	c12
1.26677946835694e-13	0.191119367788663	0.028	0.007	4.63653953213323e-09	CARMIL1	c12
9.08739992552843e-131	0.19110324282197	0.536	0.163	3.32607924674266e-126	DANCR	c12
1.63537637064442e-26	0.190893200921267	0.065	0.017	5.98564105419565e-22	FLNB	c12
7.68287111893429e-65	0.190668652330876	0.167	0.043	2.81200765824114e-60	METTL21A	c12
5.14245719419839e-45	0.190429426821577	0.123	0.033	1.88219075764855e-40	DPH6	c12
2.35395450771404e-29	0.189922116288488	0.062	0.014	8.61570889368416e-25	NUBPL	c12
8.45841128882852e-98	0.189255686186619	0.326	0.093	3.09586311582412e-93	TPRKB	c12
3.19505670119388e-30	0.189225083856231	0.073	0.019	1.16942270320397e-25	ORAI3	c12
2.28144532971843e-105	0.189178331101074	0.37	0.108	8.35031805130241e-101	GALT	c12
3.49579260220554e-16	0.189044366657198	0.044	0.012	1.27949505033325e-11	HIST1H2AK	c12
4.82042602306279e-10	0.188667898825336	0.021	0.005	1.76432412870121e-05	SFT2D3	c12
7.14765728277185e-125	0.188613039544244	0.324	0.08	2.61611404206732e-120	PSMA3-AS1	c12
7.91992608353795e-74	0.188291838922205	0.194	0.05	2.89877214583572e-69	AKAP17A	c12
1.35612444932858e-40	0.187644468468021	0.126	0.036	4.96355109698752e-36	FXYD1	c12
3.55077407172714e-21	0.187624479986169	0.04	0.009	1.29961881799285e-16	BAHD1	c12
6.94481773192993e-105	0.187266952300332	0.312	0.084	2.54187273806367e-100	WAC-AS1	c12
1.46986364611916e-44	0.187121119042644	0.098	0.023	5.37984793116073e-40	PHLDB3	c12
1.26150917214431e-70	0.186475446151885	0.196	0.052	4.61724972096539e-66	SNHG30	c12
3.38240331757638e-57	0.186439191065814	0.171	0.048	1.23799343826613e-52	STYXL1	c12
3.05438757959893e-27	0.185999453065949	0.048	0.01	1.11793639800901e-22	EID2	c12
1.14593870274967e-70	0.185617180264091	0.155	0.036	4.19425024593406e-66	PDCD7	c12
9.82227927447238e-23	0.185530683300056	0.038	0.008	3.59505243724964e-18	SNURF	c12
2.50773920835117e-116	0.185476738665539	0.273	0.065	9.17857627648611e-112	TRAV9-2	c12
1.99074691990224e-39	0.185465368227785	0.079	0.017	7.28633280153421e-35	INO80B	c12
6.68714557097444e-71	0.185173469146299	0.178	0.044	2.44756215043235e-66	MFHAS1	c12
6.73368908352259e-07	0.185148094496668	0.013	0.003	0.024645975414601	CACFD1	c12
4.43131982618753e-09	0.185098098585156	0.015	0.003	0.00016219073695829	LRRC29	c12
1.87647352917878e-27	0.184206050667405	0.96	0.595	6.86808076414724e-23	CIRBP	c12
6.4956927361156e-82	0.18370873569485	0.334	0.106	2.37748849834567e-77	S1PR1	c12
5.93903435947734e-107	0.183224054068829	0.357	0.102	2.1737459659123e-102	MRPL40	c12
3.75604328643775e-122	0.182616705820064	0.609	0.199	1.37474940326908e-117	NUCB2	c12
6.377863831257e-41	0.182528689251042	0.078	0.017	2.33436194087837e-36	TAF6L	c12
1.26727109579703e-50	0.182371552378073	0.12	0.029	4.63833893772672e-46	LY96	c12
2.19630381119496e-105	0.182289289029983	0.506	0.167	8.03869157935466e-101	NECAP2	c12
2.16616175025432e-83	0.18221639335768	0.241	0.065	7.92836862210585e-79	GFER	c12
2.77552050083807e-51	0.182015489863742	0.107	0.024	1.01586825851174e-46	AC097376.3	c12
5.99560509526248e-44	0.181458537861096	0.103	0.025	2.19445142091702e-39	AP005019.1	c12
9.09174385750243e-80	0.180988812250379	0.219	0.057	3.32766916928446e-75	NUDT2	c12
2.44008650068885e-86	0.180774085183959	0.335	0.106	8.93096060117126e-82	FOS	c12
1.60277653528766e-23	0.180482068869484	0.993	0.756	5.86632239680637e-19	CD37	c12
2.84171599125061e-13	0.180315754680126	0.021	0.004	1.04009646995764e-08	SMARCA5-AS1	c12
1.98010905234926e-12	0.180085254874828	0.034	0.01	7.24739714250352e-08	PPM1F	c12
7.38123822361287e-26	0.179820407556552	0.054	0.013	2.70160700222455e-21	PNPLA4	c12
4.14846343716235e-07	0.179319117167016	0.016	0.004	0.0151837910263579	AGBL2	c12
3.40483065246382e-20	0.179260824615695	0.049	0.013	1.24620206710828e-15	EFCAB2	c12
2.22019534426623e-47	0.179154245440205	0.107	0.026	8.12613697954882e-43	EEPD1	c12
6.09465849927265e-39	0.178707706535224	0.073	0.016	2.23070595731878e-34	ITFG2-AS1	c12
1.2852956099918e-73	0.178281321847583	0.183	0.045	4.70431046213097e-69	IL18BP	c12
1.3152997115042e-49	0.178197129994007	0.877	0.434	4.81412847407654e-45	NDUFB9	c12
6.06899509639332e-80	0.177868850198059	0.207	0.053	2.22131289523092e-75	TXLNG	c12
2.57251216165455e-29	0.177348764145988	0.068	0.017	9.41565176287181e-25	AC064807.1	c12
1.37045551768452e-75	0.177216189455762	0.176	0.042	5.01600424027712e-71	CYP4V2	c12
9.68210521816806e-14	0.17720931094444	0.028	0.007	3.54374733090169e-09	ZCWPW2	c12
5.68259667555455e-52	0.177208966675659	0.129	0.032	2.07988720921972e-47	AL662844.4	c12
9.77562775590681e-25	0.176802682376241	0.964	0.616	3.57797751493945e-20	SSR2	c12
3.18981734310067e-91	0.176573385816393	0.721	0.28	1.16750504574828e-86	TRAPPC5	c12
5.59562586960793e-81	0.176489370614827	0.174	0.04	2.0480550245352e-76	SLC39A4	c12
2.32883908606908e-99	0.176391831968555	0.254	0.063	8.52378393892145e-95	HAUS4	c12
2.84194069714918e-12	0.175892787197939	0.028	0.007	1.04017871456357e-07	ELOVL4	c12
1.15570268092635e-60	0.175888353611932	0.818	0.376	4.22998738245852e-56	SELENOH	c12
1.83284761265655e-19	0.175791196507054	0.049	0.013	6.70840554708425e-15	ZNF552	c12
4.16426754269929e-60	0.17562239343897	0.15	0.038	1.52416356330337e-55	RCBTB2	c12
6.95476303381353e-28	0.175443716517748	0.076	0.021	2.54551281800609e-23	TMEM8A	c12
2.53017980557889e-65	0.175299418435427	0.178	0.047	9.26071110639931e-61	NUP160	c12
3.88133944370519e-22	0.175063214446467	0.053	0.014	1.42060904979054e-17	ZNF671	c12
1.05346866224332e-11	0.174852961857216	0.028	0.007	3.85580065067678e-07	ZNF337-AS1	c12
5.22381696565044e-101	0.174851495272866	0.494	0.165	1.91196924759772e-96	NSMCE1	c12
4.47200180815816e-16	0.174807007393632	0.033	0.008	1.63679738180397e-11	KLHDC1	c12
1.0220048161684e-47	0.174728515040083	0.122	0.032	3.74063982765796e-43	HDAC10	c12
6.64629479522531e-29	0.174579636017888	0.054	0.012	2.43261035800041e-24	AC034238.1	c12
1.23150475383038e-13	0.174285889440541	0.024	0.005	4.50743054949459e-09	DVL1	c12
7.94735042463184e-33	0.174219617601782	0.081	0.021	2.9088097289195e-28	AC253572.2	c12
8.89847484612754e-62	0.173983325429832	0.163	0.042	3.25693077843114e-57	NFATC1	c12
4.27494837879334e-70	0.173963087630176	0.237	0.07	1.56467385612215e-65	TNFSF8	c12
2.77678979859933e-111	0.173925201484061	0.344	0.093	1.01633283418534e-106	PLGRKT	c12
3.65021749349131e-11	0.173731772797947	0.024	0.006	1.33601610479276e-06	ROPN1L	c12
6.26758888313954e-106	0.173513736575662	0.439	0.137	2.2940002071179e-101	CD4	c12
3.03076929225178e-22	0.173441502546562	0.974	0.643	1.10929186865707e-17	CCNI	c12
4.16822416377197e-125	0.172971234630035	0.454	0.132	1.52561172618218e-120	BRD4	c12
6.12009698672642e-28	0.172723948810479	0.084	0.024	2.24001669811174e-23	LTB4R2	c12
1.71981545870057e-89	0.172378664907028	0.245	0.063	6.29469656038994e-85	TAB2	c12
6.53622361461866e-22	0.172377152283008	0.047	0.011	2.39232320518657e-17	GSDMB	c12
9.69804514900109e-07	0.172322609063968	0.016	0.005	0.0354958150498589	HHAT	c12
7.46384337313529e-25	0.171389102465668	0.064	0.017	2.73184131300125e-20	CTBP1-DT	c12
6.78120532492058e-67	0.171251436000656	0.2	0.055	2.48198896097418e-62	SH2B1	c12
4.9014098874678e-112	0.171041001777703	0.57	0.19	1.79396503291209e-107	ETFB	c12
8.21739292125137e-23	0.171019186424423	0.984	0.777	3.00764798310721e-18	BTG1	c12
1.48878203759113e-132	0.170990977284227	0.603	0.192	5.44909113578729e-128	ARID5B	c12
1.87469999683237e-10	0.170918736676359	0.016	0.003	6.86158945840614e-06	AC084198.2	c12
3.05187856810995e-112	0.170913352387081	0.296	0.074	1.11701807471392e-107	FBXL15	c12
4.25424814819165e-18	0.170833389787322	0.032	0.007	1.55709736471963e-13	ARID3A	c12
1.03346812723633e-108	0.17071524095799	0.351	0.098	3.7825966924977e-104	RFXANK	c12
9.98003774543303e-112	0.170620713089461	0.58	0.194	3.65279361520594e-107	MFNG	c12
1.543124761005e-09	0.170397372288405	0.027	0.008	5.6479909377544e-05	SETMAR	c12
1.663485240847e-75	0.170058515422271	0.204	0.053	6.08852233002409e-71	ARFIP2	c12
1.01833134364513e-12	0.169300656517419	0.019	0.004	3.72719455087554e-08	AL031848.2	c12
2.97538902625242e-49	0.169227676342374	0.104	0.024	1.08902213749865e-44	MXI1	c12
1.65545606760316e-103	0.169203485859254	0.313	0.086	6.05913475303431e-99	TRAV13-1	c12
1.73505462295922e-12	0.169177692907183	0.027	0.007	6.35047342549305e-08	ENO3	c12
2.34690495992761e-27	0.169104869064167	0.053	0.012	8.58990684383106e-23	AL162377.1	c12
1.10719811687135e-87	0.168992383063214	0.233	0.059	4.05245582756082e-83	GRAMD1A	c12
7.21650585095832e-51	0.168923964719397	0.136	0.036	2.64131330650926e-46	SMAD3	c12
2.85248183752313e-107	0.168780809899668	0.609	0.212	1.04403687735184e-102	TRAPPC6A	c12
9.13301880627929e-38	0.168567510522196	0.11	0.031	3.34277621328628e-33	INTS1	c12
6.24195986304173e-113	0.168067321226286	0.528	0.171	2.2846197294719e-108	AIMP1	c12
2.82561871099418e-44	0.167226345867987	0.107	0.027	1.03420470441098e-39	POMT1	c12
5.46734639303797e-11	0.167147472299646	0.022	0.005	2.00110345331583e-06	AMIGO1	c12
1.15106650353647e-92	0.167076904193523	0.722	0.282	4.21301850959384e-88	SRRM2	c12
1.23383343653397e-103	0.166943533932895	0.649	0.233	4.51595376105797e-99	APEX1	c12
1.08629866482681e-37	0.166838983064486	0.093	0.024	3.9759617431326e-33	AC093323.1	c12
2.40853547629537e-14	0.166578157833442	0.026	0.006	8.81548069678869e-10	L2HGDH	c12
4.54154684082762e-25	0.166414926649286	0.065	0.017	1.66225155921132e-20	FAAP100	c12
1.15453774326247e-15	0.166274794980946	0.035	0.009	4.22572359411498e-11	SPACA9	c12
1.2840072536256e-16	0.166195767018183	0.032	0.007	4.69959494899506e-12	C3orf33	c12
4.79401025717836e-79	0.166011977975112	0.738	0.304	1.75465569422985e-74	NDFIP1	c12
7.19195612403551e-29	0.166005565781118	0.046	0.009	2.63232786095824e-24	ZCCHC3	c12
1.88578515617605e-19	0.165532572589069	0.991	0.756	6.90216225011996e-15	ATP5MC2	c12
4.32590221992918e-13	0.165355877793511	0.03	0.008	1.58332347151628e-08	KMT5A	c12
1.31618575395161e-66	0.165204059204644	0.148	0.034	4.81737147803827e-62	PDXK	c12
2.25431093272748e-10	0.165185069742877	0.026	0.007	8.25100344487584e-06	TMEM67	c12
1.94953132937968e-32	0.165001666014199	0.091	0.025	7.13547961866257e-28	UCK1	c12
4.51665502384708e-47	0.164984550513986	0.129	0.034	1.65314090527827e-42	RIOX2	c12
3.76944917776722e-10	0.164941753096018	0.026	0.007	1.37965609355458e-05	LINC01534	c12
8.20500657354569e-113	0.16446180978116	0.637	0.219	3.00311445598346e-108	SMIM26	c12
5.93379798852869e-44	0.164335681649042	0.1	0.024	2.17182940178139e-39	FBH1	c12
6.57675076597792e-84	0.164041337778008	0.207	0.051	2.40715654785558e-79	YPEL2	c12
2.0064580652105e-19	0.163882227565576	0.035	0.008	7.34383716447696e-15	AL121832.2	c12
3.84516659001545e-85	0.163763728504036	0.731	0.29	1.40736942361155e-80	TMEM219	c12
2.16335920339226e-106	0.163598758866578	0.357	0.102	7.91811102033599e-102	PAFAH1B3	c12
1.16806053863932e-35	0.163242822263528	0.101	0.028	4.27521837747377e-31	CCDC28B	c12
6.208487485582e-14	0.163182858683258	0.019	0.003	2.27236850459787e-09	AC002558.3	c12
3.81711856152638e-42	0.16312545278949	0.904	0.475	1.39710356470427e-37	PEBP1	c12
3.05458172024455e-13	0.163013056583301	0.022	0.005	1.11800745542671e-08	AL118558.3	c12
6.79178538849379e-11	0.162954030867827	0.02	0.005	2.48586137004261e-06	CXorf65	c12
5.6530089887579e-09	0.16292688312689	0.02	0.005	0.000206905781997528	KLHL15	c12
2.28774557670796e-18	0.162908747033757	0.045	0.012	8.37337758530882e-14	FRY	c12
1.85307850540762e-44	0.162800402024735	0.088	0.019	6.78245263764245e-40	CENPH	c12
1.03542183322878e-111	0.162452192823115	0.523	0.171	3.78974745180064e-107	SFPQ	c12
2.4057974161561e-111	0.162445882174236	0.354	0.098	8.80545912287292e-107	GTF2H5	c12
5.47855307219077e-11	0.162306538386703	0.022	0.005	2.00520520995254e-06	PGAM5	c12
7.52967379040641e-20	0.161958234044699	0.045	0.011	2.75593590402665e-15	UBN2	c12
9.29634875983722e-105	0.161921014898813	0.323	0.088	3.40255660958802e-100	A1BG	c12
1.16085504991193e-26	0.161866109023349	0.062	0.015	4.24884556818267e-22	FLCN	c12
4.24629447324609e-74	0.161690656700697	0.215	0.058	1.5541862401528e-69	AHCY	c12
5.54589226753784e-46	0.161220599748231	0.862	0.429	2.02985202884152e-41	ARL6IP4	c12
2.70674798131108e-82	0.160199701520692	0.232	0.061	9.90696828639667e-78	ZNF91	c12
2.86049333195815e-30	0.160195770058157	0.05	0.01	1.04696916443e-25	KRTCAP3	c12
9.75209172964125e-66	0.159865900495389	0.127	0.027	3.56936309396599e-61	FUNDC1	c12
2.09585141305569e-78	0.159549325741128	0.21	0.054	7.67102575692514e-74	BCL7C	c12
1.04155232292672e-83	0.159380836626902	0.228	0.059	3.8121856571441e-79	SLC7A6	c12
1.91445193035492e-44	0.159043374886437	0.105	0.026	7.00708551029206e-40	ZNF397	c12
8.38757721518943e-122	0.158604318585909	0.553	0.176	3.06993713653148e-117	CRBN	c12
1.91557366062737e-52	0.158499025902344	0.136	0.035	7.01119115526224e-48	TRBV6-6	c12
2.96369052085811e-12	0.158487924703431	0.032	0.009	1.08474036753928e-07	ZBTB11-AS1	c12
1.29308935006738e-44	0.158424102898871	0.103	0.025	4.73283633018162e-40	COG8	c12
4.03045346402046e-80	0.157866744094141	0.249	0.07	1.47518627236613e-75	WDR6	c12
3.73776285403983e-88	0.157697800390137	0.26	0.07	1.36805858220712e-83	APBB1	c12
1.21985238983344e-41	0.1573014324378	0.12	0.033	4.46478173202937e-37	SCAMP1-AS1	c12
2.34632216341318e-69	0.157207561205581	0.766	0.331	8.58777375030859e-65	CALM3	c12
1.71325655349205e-08	0.157205994279176	0.016	0.004	0.000627069031143626	MID2	c12
2.08404522385936e-33	0.156724227054055	0.078	0.019	7.62781392384765e-29	SULT1A1	c12
2.80087193042532e-09	0.156703379063631	0.011	0.002	0.000102514713525497	AC048341.1	c12
8.38159619065819e-69	0.156634988743267	0.163	0.039	3.0677480217428e-64	AEBP2	c12
2.13698518454557e-10	0.156474552464425	0.019	0.004	7.82157947395523e-06	AC006141.1	c12
2.63267916950793e-49	0.156075026593818	0.101	0.023	9.63586902831596e-45	KMT2B	c12
1.95166702376771e-23	0.1557869528307	0.065	0.018	7.14329647369219e-19	PHC1	c12
5.28420142982078e-45	0.155656059034291	0.097	0.022	1.9340705653287e-40	TOP1MT	c12
1.34856926135547e-15	0.155645551139986	0.023	0.004	4.93589835348714e-11	DLGAP3	c12
3.49504898795195e-129	0.15544640066506	0.603	0.193	1.27922288008029e-124	KLF3	c12
5.45957113118845e-16	0.155437216408398	0.033	0.008	1.99825762972628e-11	IBA57	c12
3.50024598006671e-16	0.155327078070981	0.033	0.008	1.28112503116422e-11	TCEANC	c12
4.32780799541931e-08	0.154999050485415	0.015	0.004	0.00158402100440342	HEMGN	c12
9.50652128876069e-36	0.154898688297499	0.087	0.022	3.4794818568993e-31	HIVEP1	c12
1.67617502467096e-07	0.154881074434944	0.016	0.004	0.00613496820779817	STARD10	c12
1.39493927308748e-35	0.154758941617151	0.931	0.509	5.10561723342749e-31	UBXN1	c12
2.51964863032199e-75	0.154407235228475	0.222	0.061	9.22216595184153e-71	POLR1E	c12
1.65019320706081e-68	0.153854731151376	0.212	0.059	6.03987215716329e-64	SNX9	c12
5.64811957706751e-65	0.153384474821749	0.139	0.032	2.06726824640248e-60	GIPC1	c12
1.47241370516226e-16	0.153353062924113	0.034	0.008	5.38918140226439e-12	HDAC11	c12
4.99299002235588e-107	0.153101757739266	0.463	0.147	1.82748427808248e-102	CCDC59	c12
3.11356143773797e-08	0.15305398254772	0.014	0.003	0.00113959462182648	LINC00672	c12
5.44612229099014e-22	0.152844745570452	0.048	0.012	1.9933352197253e-17	TOLLIP-AS1	c12
3.35939974897629e-29	0.152801645262689	0.077	0.02	1.22957390212281e-24	PDE8A	c12
5.15536621505787e-98	0.152766312018623	0.335	0.097	1.88691558837333e-93	CD28	c12
7.50745807745085e-10	0.152707989119858	0.022	0.006	2.74780473092779e-05	SLC35D2	c12
6.92904074346914e-108	0.15244171737985	0.416	0.126	2.53609820251714e-103	ZNF524	c12
3.1687780765948e-99	0.151887495264372	0.324	0.092	1.15980446381446e-94	PRORP	c12
5.24433763766505e-41	0.151449772310507	0.116	0.032	1.91948001876179e-36	HDHD2	c12
7.30470099475538e-12	0.151330230102282	0.023	0.006	2.67359361109042e-07	LINC01597	c12
1.44227193680513e-08	0.151015466637815	0.018	0.005	0.000527885951590046	ATP6V0E2-AS1	c12
4.22623694986328e-90	0.150204429090906	0.406	0.133	1.54684498601946e-85	PTGER2	c12
8.81487068982666e-120	0.149261217900064	0.473	0.142	3.22633082118346e-115	HPCAL1	c12
6.31684726863533e-47	0.149180039239128	0.862	0.427	2.31202926879322e-42	EID1	c12
3.08815971193707e-24	0.148912661801825	0.045	0.01	1.13029733616609e-19	AC106791.1	c12
4.42551996499509e-87	0.148884352797965	0.252	0.068	1.61978456238785e-82	TRPT1	c12
3.72206483220319e-28	0.148708042946496	0.052	0.011	1.36231294923469e-23	AC087623.2	c12
6.16069468012259e-25	0.148542858928963	0.069	0.019	2.25487585987167e-20	ABCC5	c12
3.68408597573889e-16	0.14831610047814	0.029	0.006	1.34841230798019e-11	AC004241.1	c12
3.53655260281202e-11	0.148255845516207	0.021	0.005	1.29441361815523e-06	FAM89A	c12
6.45102327206703e-117	0.148118684865449	0.588	0.196	2.36113902780925e-112	CCDC18-AS1	c12
7.99347920479188e-85	0.148072983466748	0.766	0.306	2.92569332374588e-80	EIF3D	c12
1.22450382808255e-25	0.14765105304789	0.083	0.025	4.48180646116492e-21	AMPD2	c12
5.24299986566505e-07	0.147560537000826	0.021	0.007	0.0191899038083207	BBOF1	c12
1.12633074426074e-11	0.147552477296129	0.015	0.003	4.12248315706873e-07	PELI3	c12
5.46418210704314e-29	0.147537796748425	0.938	0.546	1.99994529299886e-24	ATP6V1G1	c12
8.4522913085725e-43	0.147528266654124	0.083	0.018	3.09362314185062e-38	LONP1	c12
5.14118394721269e-21	0.147326075656759	0.049	0.012	1.88172473651932e-16	ABHD8	c12
6.69464376168039e-103	0.147176654854736	0.571	0.197	2.45030656321264e-98	FAAP20	c12
1.05515569041268e-51	0.146822157812314	0.147	0.04	3.86197534247947e-47	KPNA5	c12
1.90259849196347e-89	0.146773568680243	0.689	0.263	6.96370074043551e-85	RBIS	c12
1.04653593105682e-98	0.146592644798146	0.331	0.095	3.83042616126108e-94	NDUFS4	c12
6.80874409574024e-10	0.146496534725173	0.019	0.005	2.49206842648188e-05	LINC00630	c12
1.77250258245086e-24	0.146254470692088	0.049	0.011	6.4875367020284e-20	HOXB-AS1	c12
3.25824000689987e-07	0.146064628200296	0.014	0.003	0.0119254842492542	TET1	c12
7.89683507556282e-100	0.145341369052042	0.278	0.072	2.89032060600675e-95	SLC25A45	c12
1.51731375470875e-113	0.145030560280549	0.417	0.123	5.55352007360949e-109	RBMS1	c12
5.59344405387185e-116	0.144568409929592	0.531	0.17	2.04725645815764e-111	ESD	c12
2.64487080295285e-72	0.144484579978611	0.204	0.054	9.68049162588774e-68	PELP1	c12
2.16386362887047e-34	0.14440097375598	0.086	0.022	7.91995726802882e-30	CBX7	c12
1.19893462601033e-13	0.144317055208974	0.029	0.007	4.38822062466042e-09	CCDC102A	c12
4.27790917168904e-31	0.143929963783387	0.948	0.567	1.5657575359299e-26	GIMAP7	c12
1.87289329647418e-26	0.143722096413686	0.064	0.016	6.85497675442513e-22	TRAV1-1	c12
1.15817591972824e-36	0.143710443981217	0.086	0.021	4.23903968379734e-32	TOMM34	c12
9.98525027243361e-07	0.143633834086215	0.011	0.002	0.0365470145221343	AC021016.2	c12
5.35509241657534e-07	0.14363296104011	0.01	0.002	0.0196001737539074	POLR2J2	c12
5.94153825834201e-115	0.143511193258765	0.254	0.059	2.17466241793576e-110	TRBV28	c12
2.36574486207651e-29	0.143463188609088	0.052	0.011	8.65886276968625e-25	ELOA-AS1	c12
1.09790961361406e-21	0.143165710728924	0.043	0.01	4.01845897678881e-17	AC036176.1	c12
5.73224572546534e-104	0.142704948689219	0.645	0.229	2.09805925797757e-99	CLPP	c12
3.44066582240489e-105	0.142632543913515	0.594	0.206	1.25931809765841e-100	NME3	c12
5.86741991862252e-66	0.142407998935781	0.173	0.045	2.14753436441503e-61	LINC01278	c12
1.34840656547025e-18	0.142218738726205	0.039	0.009	4.93530287027766e-14	DYNC2LI1	c12
8.25831271678544e-83	0.142066510935034	0.222	0.057	3.02262503747064e-78	RRS1	c12
1.79090027407029e-123	0.142027219190149	0.569	0.181	6.55487409312467e-119	TMEM243	c12
1.46267783049708e-71	0.141919387931929	0.182	0.046	5.35354712740237e-67	HIST3H2A	c12
1.75920017850642e-78	0.141682015212019	0.186	0.045	6.43884857335134e-74	TTC32	c12
6.3202354950196e-92	0.141481020946294	0.257	0.068	2.31326939353212e-87	FRA10AC1	c12
6.96841723566329e-67	0.141369143050654	0.166	0.041	2.55051039242512e-62	ZNF433-AS1	c12
1.80166471442873e-65	0.141007806987995	0.137	0.031	6.59427302128058e-61	ANKRD26	c12
3.96037706529754e-92	0.140802109894862	0.295	0.083	1.44953760966955e-87	CTDNEP1	c12
2.27354514313554e-91	0.140787444979029	0.417	0.137	8.32140257839037e-87	SRSF8	c12
7.29494577102322e-41	0.140544998146231	0.11	0.029	2.67002310165221e-36	RNF141	c12
2.61589562899596e-64	0.140463014296785	0.166	0.042	9.57443959168813e-60	RBM43	c12
1.14124659384829e-69	0.140219137034176	0.198	0.053	4.17707665814412e-65	OCEL1	c12
9.74894309104071e-47	0.140058276934077	0.127	0.034	3.56821066075181e-42	CREBL2	c12
9.91156572864204e-38	0.139746322664722	0.904	0.479	3.62773217234027e-33	NDUFB11	c12
6.23943604478376e-38	0.139705858057769	0.08	0.018	2.2836959867513e-33	AL353807.5	c12
6.08841790792169e-23	0.139492196835501	0.05	0.012	2.22842183847842e-18	SNHG19	c12
5.26925147831887e-43	0.139432720547423	0.133	0.038	1.92859873357949e-38	IFNGR2	c12
5.89474340870008e-76	0.139279839692022	0.211	0.055	2.15753503501832e-71	TMEM259	c12
1.54523291367604e-95	0.139178871915092	0.261	0.067	5.65570698734569e-91	RP9	c12
8.50136728849014e-29	0.138734159411661	0.065	0.016	3.11158544126028e-24	SARDH	c12
1.81130230727197e-07	0.138362038095262	0.012	0.003	0.00662954757484615	AP000926.2	c12
7.35826817546967e-51	0.137992626295141	0.113	0.026	2.69319973490365e-46	EID3	c12
1.05991345184636e-13	0.137178601652176	0.036	0.01	3.87938922510285e-09	RBKS	c12
6.10185289116982e-28	0.137152111234752	0.926	0.539	2.23333917669706e-23	ATP5F1D	c12
1.35685694245268e-112	0.13703119624406	0.489	0.154	4.96623209507106e-108	MRPL14	c12
5.17795627859721e-09	0.136670210526619	0.013	0.002	0.000189518377752937	CCT6B	c12
3.62540351262448e-100	0.136617123723794	0.57	0.199	1.32693393965569e-95	PNPLA2	c12
2.87874861555092e-48	0.136539549334608	0.111	0.027	1.05365078077779e-43	STK32C	c12
1.50549688292739e-111	0.136354959550079	0.387	0.112	5.51026914120254e-107	SFSWAP	c12
6.1051944345734e-18	0.136303031603775	0.036	0.008	2.23456221499821e-13	HIST4H4	c12
9.58603115905562e-18	0.136212022168319	0.028	0.005	3.50858326452595e-13	AC211476.2	c12
1.90925999559532e-70	0.136155188175309	0.223	0.063	6.98808250987844e-66	PRPSAP2	c12
9.88277557963493e-35	0.136143293626223	0.067	0.015	3.61719468990218e-30	BICDL1	c12
4.98282327409604e-85	0.135957314446417	0.713	0.282	1.82376314655189e-80	ERGIC3	c12
5.53789614505338e-19	0.135933283088809	0.97	0.634	2.02692536805099e-14	SNRPD2	c12
2.23166605661142e-42	0.13552980155704	0.086	0.019	8.16812093380344e-38	GATAD1	c12
1.12127311985173e-07	0.135500624400122	0.019	0.006	0.00410397174596931	WDR19	c12
2.82036024982657e-105	0.134759170379793	0.367	0.107	1.03228005503902e-100	ZCCHC7	c12
8.75625208418326e-49	0.134703293890674	0.132	0.035	3.20487582533192e-44	PCBP1-AS1	c12
6.3953433204379e-66	0.134345201020187	0.157	0.038	2.34075960871347e-61	UBE2H	c12
9.76358500037437e-30	0.134310941740867	0.929	0.533	3.57356974598702e-25	SOD1	c12
5.38293658791118e-08	0.134303167661064	0.015	0.004	0.00197020862054137	KIAA0408	c12
3.23935232577796e-09	0.134301000326832	0.014	0.003	0.000118563534475799	AC004771.3	c12
7.38065329983086e-92	0.134296913903193	0.651	0.244	2.70139291427109e-87	TOMM22	c12
2.67821325801783e-84	0.134114440603367	0.239	0.064	9.80252834567106e-80	SERGEF	c12
2.4892431755566e-56	0.133944723385026	0.15	0.039	9.11087894685471e-52	C19orf48	c12
1.41830435112131e-107	0.133821537135411	0.499	0.162	5.19113575553911e-103	THYN1	c12
5.28411299139196e-61	0.133566953856754	0.144	0.035	1.93403819597937e-56	CIZ1	c12
2.11308535391294e-37	0.133514023555331	0.92	0.491	7.73410370385675e-33	TRAF3IP3	c12
6.15601354548286e-107	0.133053800888921	0.363	0.104	2.25316251778218e-102	SHISAL2A	c12
8.51209359984578e-60	0.132968841472041	0.146	0.036	3.11551137847956e-55	RFLNB	c12
2.64651305412195e-28	0.132826096162539	0.92	0.517	9.68650242939174e-24	CNN2	c12
7.45673989898374e-73	0.132652748750154	0.745	0.312	2.72924137042704e-68	COX7A2L	c12
2.67613004449382e-107	0.132528244963925	0.404	0.121	9.79490357585183e-103	SNRPN	c12
1.20873598644089e-15	0.132423896255896	0.997	0.813	4.4240945839723e-11	RPL36AL	c12
3.85960990018944e-106	0.131968467265154	0.396	0.118	1.41265581956834e-101	C15orf40	c12
2.39545709001132e-83	0.131914764679663	0.24	0.064	8.76761249515045e-79	SNF8	c12
1.93520423221032e-07	0.131845485829827	0.015	0.004	0.007083041010313	FMO4	c12
8.05287267726849e-19	0.131771475780391	0.044	0.011	2.94743192860704e-14	FBRSL1	c12
1.26772312626244e-12	0.131763071357778	0.028	0.007	4.63999341443314e-08	DNAJA4	c12
3.80603611108421e-69	0.131560878269117	0.191	0.051	1.39304727701793e-64	NFRKB	c12
4.94292971120603e-24	0.131359908219665	0.052	0.013	1.80916170359852e-19	NFIA	c12
1.63371389366447e-89	0.131204173982332	0.669	0.258	5.97955622220133e-85	ETS1	c12
3.02484956154896e-94	0.130792367674435	0.649	0.242	1.10712518802253e-89	TAF7	c12
1.38011824271117e-16	0.130723519152682	1	0.956	5.05137078014714e-12	RPS24	c12
2.04976614093391e-66	0.130291826610995	0.806	0.358	7.50234905243221e-62	HSPB1	c12
6.1807903683851e-08	0.130137573660069	0.016	0.004	0.00226223108273263	CLDN15	c12
2.93774657521912e-21	0.130065372518773	0.051	0.013	1.07524462399595e-16	KIAA1324	c12
4.13749827025795e-32	0.13001186975902	0.076	0.019	1.51436574189711e-27	PBX2	c12
2.82429737329757e-16	0.129791647836307	0.046	0.013	1.03372108160064e-11	ATP6V1E2	c12
1.68332376540333e-41	0.129746339757951	0.121	0.034	6.16113331375274e-37	PTOV1	c12
1.9520577319285e-07	0.129015617407811	0.015	0.004	0.00714472650463149	RAC3	c12
1.53735445248537e-83	0.129010875744827	0.659	0.256	5.62687103154169e-79	RPL22L1	c12
1.71789645835112e-46	0.128754472048877	0.119	0.031	6.28767282721095e-42	DTX3	c12
2.63088130225605e-78	0.128386771835158	0.198	0.049	9.62928865438735e-74	SNRNP48	c12
9.84646955213424e-44	0.12823558213535	0.112	0.029	3.60390632077665e-39	B4GALT7	c12
6.23227519252601e-85	0.128194368847167	0.289	0.084	2.28107504321644e-80	TCEAL8	c12
1.56534882094278e-110	0.128116790844575	0.328	0.087	5.72933321953268e-106	AP002387.2	c12
1.53690580031693e-52	0.128027084478552	0.124	0.03	5.62522891974e-48	KMT2E-AS1	c12
1.53519653094695e-99	0.127950940229046	0.339	0.098	5.61897282291892e-95	MTHFS	c12
7.90385829494938e-94	0.127785498219103	0.311	0.089	2.89289117453442e-89	JPX	c12
2.59983576523182e-68	0.127750866582368	0.217	0.062	9.51565888432499e-64	COG3	c12
2.83486438552111e-39	0.127473217601731	0.132	0.04	1.03758871374458e-34	PJA1	c12
6.75114676136391e-09	0.127015461120926	0.019	0.005	0.000247098722612681	EME2	c12
8.77829351003534e-21	0.126586353561707	0.035	0.007	3.21294320760803e-16	APOM	c12
9.55650663754586e-66	0.126511436570606	0.206	0.059	3.49777699440816e-61	KNOP1	c12
1.19359281091034e-50	0.126489508280373	0.103	0.023	4.36866904721295e-46	THAP2	c12
5.29704687670966e-11	0.126441553465336	0.02	0.005	1.9387721273445e-06	AASS	c12
1.87188403166645e-75	0.126230625826492	0.171	0.04	6.85128274430238e-71	TSR3	c12
5.64714339662947e-21	0.125927256415931	0.043	0.01	2.06691095460035e-16	IRF2BP1	c12
3.06077514136722e-39	0.125897607325331	0.085	0.02	1.12027430949182e-34	EVA1C	c12
1.84451283300961e-29	0.125444181869208	0.076	0.02	6.75110142009847e-25	PEX10	c12
1.27231770526086e-83	0.125372116175098	0.189	0.044	4.65681003302529e-79	FBXO25	c12
1.81957388385937e-45	0.125263592279912	0.11	0.027	6.65982237231367e-41	PUSL1	c12
1.08264569099503e-18	0.125119225648693	0.033	0.007	3.96259149361091e-14	ZNF709	c12
1.65314972679374e-65	0.124994312233679	0.78	0.342	6.05069331503775e-61	MRPS21	c12
1.02046836050131e-75	0.12493450263213	0.238	0.067	3.73501624627085e-71	ECSIT	c12
7.37510540522659e-113	0.124740144103983	0.512	0.164	2.69936232936698e-108	EGLN2	c12
2.06893132341938e-107	0.124491958618453	0.433	0.134	7.57249553684728e-103	RASA3	c12
1.67259427985524e-76	0.12427779851279	0.216	0.057	6.12186232369818e-72	PRAF2	c12
3.41716664255286e-127	0.124247664578081	0.456	0.133	1.25071716284077e-122	BIRC3	c12
2.64643443749518e-07	0.123975328869281	0.014	0.003	0.00968621468467609	LINC02696	c12
3.8439240290013e-28	0.123775003756775	0.055	0.012	1.40691463385477e-23	CEP41	c12
2.14709191947119e-32	0.123640170806667	0.09	0.025	7.85857113445649e-28	RGS2	c12
8.26422340428023e-56	0.123614243855383	0.136	0.034	3.02478840820061e-51	CES2	c12
4.24205992421424e-100	0.123312316184621	0.298	0.08	1.55263635286165e-95	FMC1	c12
2.80749683368401e-34	0.123235789297497	0.098	0.027	1.02757191609669e-29	VILL	c12
1.05339365295807e-33	0.122975606389855	0.071	0.017	3.85552610919183e-29	MFSD12	c12
1.19442299239594e-51	0.122961454358661	0.151	0.042	4.37170759446837e-47	MAPKAPK5	c12
2.10011165136223e-86	0.122924154544404	0.662	0.255	7.68661865515091e-82	SNRPA	c12
1.3789382692306e-111	0.122657824220545	0.527	0.17	5.04705195921093e-107	CNIH1	c12
8.34358750904755e-49	0.122542230646861	0.88	0.444	3.05383646418649e-44	SF1	c12
1.30030070699054e-85	0.122513013287943	0.635	0.245	4.75923061765608e-81	ZC3HAV1	c12
2.41366182493233e-99	0.122451416105136	0.346	0.1	8.83424364543483e-95	BLOC1S4	c12
5.69440045081868e-13	0.122215841849628	0.028	0.007	2.08420750900415e-08	ACACB	c12
3.7267927249435e-100	0.122199665193733	0.416	0.131	1.36404340525657e-95	TIMM13	c12
1.79142909170571e-07	0.121921985986202	0.019	0.006	0.00655680961855206	AL109955.1	c12
1.83955247309771e-70	0.121899739317532	0.701	0.296	6.73294600678492e-66	PSIP1	c12
9.43902792268961e-18	0.121555468337867	0.05	0.014	3.45477860998362e-13	XXYLT1	c12
1.08047389591942e-92	0.121302920909822	0.553	0.197	3.95464250645467e-88	HMGA1	c12
2.07992030934829e-08	0.121145228646058	0.015	0.003	0.000761271632424567	BRIP1	c12
6.9735092617183e-16	0.121036089119095	0.04	0.011	2.55237412488152e-11	CXXC5	c12
3.68472895591742e-37	0.121024164275483	0.071	0.015	1.34864764515533e-32	AC012360.3	c12
5.46253634700964e-79	0.121019426756564	0.201	0.05	1.999342928369e-74	TNRC6C	c12
5.56141145537734e-100	0.120907851420732	0.347	0.101	2.03553220678266e-95	HNRNPUL2	c12
4.89676731284365e-48	0.120839457540815	0.824	0.401	1.7922658041739e-43	HNRNPA0	c12
1.07178289100954e-67	0.120781227773152	0.216	0.062	3.922832559384e-63	GSTM1	c12
3.97391936538302e-93	0.120507454686948	0.336	0.1	1.45449422692384e-88	ZNF32	c12
7.21423343713165e-44	0.120477888292513	0.86	0.428	2.64048158032456e-39	ANAPC16	c12
6.25319433868934e-35	0.12034551743094	0.081	0.02	2.28873165990369e-30	ARIH2OS	c12
8.68210901880768e-27	0.120332681920028	0.047	0.01	3.1777387219738e-22	SELENOO	c12
1.49786656872006e-101	0.120191378023289	0.315	0.087	5.48234142817229e-97	LINC00667	c12
5.26969077956994e-21	0.119946999839681	0.944	0.584	1.92875952223039e-16	CNBP	c12
4.13910542109851e-131	0.119932635318877	0.427	0.118	1.51495397517627e-126	SDR39U1	c12
5.78177052959796e-72	0.119750238467529	0.164	0.039	2.11618583153815e-67	UBALD2	c12
2.79083938367e-109	0.119710237892017	0.557	0.186	1.02147512281706e-104	PSMB4	c12
1.97872227956131e-07	0.119428720958714	0.015	0.004	0.00724232141542236	DHDH	c12
2.69646993763365e-40	0.119425488364997	0.093	0.022	9.86934961873293e-36	MAP3K3	c12
3.24196229147967e-86	0.119364926118822	0.256	0.07	1.18659061830448e-81	THAP11	c12
7.56020633967754e-16	0.11871674372737	0.03	0.007	2.76711112238538e-11	SPATA24	c12
6.94541691172795e-80	0.118634022079622	0.25	0.07	2.54209204386155e-75	NIPSNAP1	c12
1.00632237115648e-34	0.118272291302969	0.068	0.015	3.68324051066985e-30	NUDT7	c12
2.16493182361327e-17	0.117951030327084	0.039	0.01	7.92386696760695e-13	MAGEE1	c12
2.27157840122981e-64	0.117645745778616	0.188	0.052	8.31420410634122e-60	SYNJ2BP	c12
4.27676795450603e-18	0.117212572776846	0.05	0.014	1.56533983902875e-13	KLHL8	c12
3.42308660684989e-71	0.116699291951366	0.214	0.059	1.25288392897313e-66	CHMP6	c12
2.48956368509805e-109	0.116601645403965	0.563	0.188	9.11205204382736e-105	TMEM256	c12
2.85439337465448e-16	0.116554220848021	0.037	0.009	1.04473651905729e-11	MTMR1	c12
2.89344907990286e-81	0.116490645069663	0.699	0.28	1.05903129773525e-76	PGLS	c12
2.71356082078165e-48	0.116432315681666	0.113	0.027	9.93190396014291e-44	MFSD14C	c12
4.87774019597327e-23	0.116132528651811	0.053	0.013	1.78530168912818e-18	AC097534.2	c12
4.57016053145676e-23	0.116034742065632	0.06	0.016	1.67272445611849e-18	PXMP2	c12
2.16966192052298e-83	0.115660772086031	0.233	0.061	7.94117959530616e-79	WDR13	c12
1.51283834705385e-46	0.115214335561541	0.101	0.024	5.53713963405179e-42	RAB11FIP2	c12
2.85409314422683e-101	0.115164467396609	0.361	0.106	1.04462663171846e-96	ARL14EP	c12
1.05881592049194e-87	0.115152995598299	0.24	0.062	3.87537215059255e-83	MALT1	c12
6.26311050248261e-64	0.114871330649902	0.15	0.036	2.29236107501366e-59	FOXO1	c12
4.10218894361253e-89	0.114696055163145	0.316	0.093	1.50144217525162e-84	NT5DC1	c12
2.34604331551366e-112	0.114503857716017	0.582	0.194	8.58675313911155e-108	TMUB1	c12
5.14131723801721e-07	0.114478905408522	0.015	0.004	0.0188177352228668	AC046134.2	c12
1.15153100110257e-86	0.113960352145657	0.295	0.086	4.21471861713553e-82	NFIC	c12
6.80532769466534e-118	0.113386154754765	0.44	0.13	2.49081798952446e-113	XPA	c12
1.88002218459594e-69	0.113347331349394	0.784	0.339	6.88106919783961e-65	PPP1R2	c12
9.65693112839264e-102	0.112476984633685	0.44	0.14	3.53453336230299e-97	UBL7	c12
1.25875607925793e-78	0.112298650848679	0.23	0.062	4.60717312569195e-74	C2orf74	c12
4.0403653156901e-37	0.112048921018104	0.081	0.019	1.47881410919573e-32	SLC12A7	c12
1.01369166600071e-97	0.111715825685162	0.395	0.122	3.71021286672919e-93	NUDCD2	c12
4.47342889683138e-13	0.111158336697344	0.979	0.72	1.63731971052926e-08	ATP5MG	c12
3.46937424044694e-09	0.110754904615149	0.03	0.01	0.000126982566574598	AP002490.1	c12
3.53792070610428e-40	0.11059407484807	0.073	0.015	1.29491435764123e-35	RYBP	c12
2.65623988093564e-73	0.11055146614512	0.612	0.248	9.72210358821252e-69	CDKN1B	c12
1.19094899238013e-40	0.110429673053502	0.11	0.029	4.35899240701052e-36	ZBTB7B	c12
6.37829192991126e-12	0.11039998703356	0.021	0.005	2.33451862926682e-07	NFYC-AS1	c12
7.07904508877414e-43	0.110302222655647	0.121	0.033	2.59100129294222e-38	MAN2C1	c12
1.35530648911419e-46	0.110203221397562	0.101	0.024	4.96055728080684e-42	LXN	c12
4.6803725914354e-47	0.110140040482721	0.127	0.034	1.71306317219127e-42	TMEM69	c12
1.91288400072881e-20	0.109999076286979	0.043	0.01	7.00134673106751e-16	ZNF251	c12
3.68265503676309e-63	0.109936199056221	0.77	0.336	1.34788857000566e-58	RTRAF	c12
3.46318332008758e-108	0.109746972340245	0.441	0.136	1.26755972698526e-103	WBP1	c12
2.00666592078333e-45	0.10951935064256	0.891	0.44	7.34459793665907e-41	SEPTIN1	c12
7.356970611386e-72	0.10928025551387	0.186	0.047	2.69272481347339e-67	ATPAF1	c12
3.57676342954945e-32	0.109144818373517	0.076	0.019	1.30913118284939e-27	SAMD1	c12
7.90439927807828e-109	0.108748217710887	0.38	0.11	2.89308917976943e-104	ARFRP1	c12
2.99428033305751e-114	0.108565805706502	0.419	0.123	1.09593654470238e-109	SGF29	c12
1.11106116644827e-32	0.108470128604363	0.085	0.023	4.0665949753173e-28	KHSRP	c12
1.58891637065564e-48	0.108029759444078	0.143	0.04	5.81559280823672e-44	FCHO1	c12
4.66928199103271e-115	0.107341373573988	0.545	0.175	1.70900390153788e-110	PDCD2	c12
4.24778712540025e-38	0.107211359264779	0.098	0.026	1.55473256576774e-33	CETN2	c12
2.67606240105056e-14	0.107184450300647	0.032	0.008	9.79465599408514e-10	DHX34	c12
2.09440374026795e-08	0.106918011908006	0.019	0.005	0.000766572712975473	FKRP	c12
1.32118111993124e-82	0.106880960987987	0.227	0.059	4.83565501706034e-78	CRTC3	c12
5.65060717446095e-88	0.106854982299554	0.268	0.074	2.06817873192445e-83	KLF9	c12
1.58596471720318e-52	0.106315203260931	0.816	0.381	5.80478946143538e-48	ATP5F1A	c12
3.80491951744925e-36	0.106095625204409	0.093	0.024	1.3926385925816e-31	LMF1	c12
3.36609409385389e-107	0.10586104478264	0.344	0.096	1.23202409929146e-102	STX16	c12
1.14387858293308e-42	0.10573213467173	0.094	0.022	4.18671000139337e-38	SRP14-AS1	c12
3.61892069968989e-15	0.105231405104543	0.023	0.005	1.3245611652935e-10	LRRC61	c12
5.48450438832523e-22	0.105168548346849	0.048	0.012	2.00738345117092e-17	LRATD2	c12
9.05451312614e-46	0.105060158933884	0.121	0.032	3.3140423492985e-41	DNMT3A	c12
1.18953490914292e-14	0.104743358668578	0.035	0.009	4.35381672095401e-10	ATP10A	c12
1.15700592159491e-35	0.104434485336415	0.082	0.02	4.23475737362953e-31	ZC2HC1A	c12
9.24069504478313e-13	0.104197307670683	0.021	0.004	3.38218679334107e-08	AC132192.2	c12
3.93992134032321e-22	0.104150662232738	0.051	0.013	1.4420506097717e-17	VARS2	c12
5.18163153313829e-20	0.103998570723524	0.035	0.007	1.89652895744394e-15	SSSCA1-AS1	c12
2.9720186050079e-10	0.10384156573235	0.028	0.008	1.08778852961894e-05	NBR2	c12
3.49962617939344e-105	0.103619656043058	0.315	0.085	1.28089817791979e-100	TAZ	c12
5.90272969658552e-12	0.103580095287017	0.027	0.007	2.16045809624727e-07	GNA12	c12
5.04868897868716e-20	0.103397161535788	0.048	0.012	1.84787065308929e-15	TUBG2	c12
8.56937584404183e-07	0.103239637137445	0.012	0.003	0.0313647725267775	AL161725.1	c12
1.6525552810803e-18	0.103208931952341	0.047	0.013	6.04851758428201e-14	GTF2IRD2	c12
9.34882741193877e-42	0.103188097512951	0.12	0.033	3.42176432104371e-37	HDGFL2	c12
2.91067990833524e-14	0.103121352161285	0.034	0.009	1.06533795324978e-09	AC090517.5	c12
6.81850723566053e-49	0.102706308110895	0.156	0.046	2.49564183332411e-44	LYRM4	c12
1.44173349014885e-15	0.102659253557206	0.028	0.006	5.27688874729381e-11	WIZ	c12
3.1433835272353e-46	0.10263642032785	0.121	0.032	1.15050980480339e-41	SH3GL1	c12
3.22453346838325e-111	0.102571287069918	0.296	0.074	1.18021149476296e-106	ENOSF1	c12
4.17366173495524e-111	0.102477826107752	0.354	0.098	1.52760193161097e-106	CHMP4B	c12
5.09426439182743e-18	0.102419800001461	0.034	0.008	1.86455171005276e-13	RNLS	c12
1.64210266074802e-53	0.102412805260866	0.169	0.049	6.01025994860383e-49	PCMTD2	c12
6.04749435522932e-65	0.102367916263867	0.202	0.057	2.21344340895748e-60	TBRG4	c12
2.62583130298644e-65	0.102215998841996	0.198	0.055	9.61080515206067e-61	KLHL36	c12
2.97061565559964e-43	0.102182658506207	0.103	0.026	1.08727503610602e-38	CUL3	c12
7.57571245853297e-74	0.101756878006098	0.217	0.059	2.77278651694765e-69	REV1	c12
1.90065213285115e-93	0.101720768220813	0.644	0.239	6.95657687144851e-89	COX14	c12
7.52318095119301e-76	0.101594193496848	0.732	0.301	2.75355945994615e-71	SET	c12
4.22814251085857e-15	0.101241615293971	0.031	0.007	1.54754244039934e-10	C9orf40	c12
1.98699576998047e-14	0.101071045416697	0.029	0.007	7.27260321770553e-10	SYCP2	c12
1.88852898532677e-32	0.100987206252483	0.064	0.014	6.91220493919452e-28	ZNF575	c12
3.42289349900655e-23	0.100824174429487	0.047	0.011	1.25281324957139e-18	ZNF561-AS1	c12
3.693840633958e-63	0.100786891397519	0.791	0.348	1.35198261043497e-58	EIF3M	c12
1.31305351995064e-31	0.100734794677692	0.089	0.025	4.80590718837133e-27	DCAKD	c12
1.23830092101187e-25	0.100708022992722	0.056	0.014	4.53230520099555e-21	ZNF691	c12
1.40244592920262e-19	0.10068637182323	0.051	0.014	5.1330923454745e-15	RRNAD1	c12
8.81922903475079e-17	0.100626609218111	0.036	0.009	3.22792601900913e-12	AC104596.1	c12
9.83369026809072e-109	0.100521149094419	0.42	0.127	3.59922897502388e-104	MRPS26	c12
5.33435622537467e-77	0.10010589480183	0.213	0.056	1.95242772204938e-72	C12orf43	c12
5.90206131325158e-16	-4.64472051329286	0.045	0.128	2.16021346126321e-11	CXCR6	c12
5.17268747064947e-06	-4.40326203355526	0.01	0.038	0.189325534113241	FASLG	c12
1.77925506442871e-07	-4.38076952410895	0.012	0.048	0.00651225146131552	RGS16	c12
0.0011355501275976	-4.29551470623069	0.01	0.026	1	CCL3	c12
1.46275814881784e-25	-4.2671799737519	0.111	0.234	5.35384110048818e-21	GZMB	c12
0.0108176943819437	-3.92250225772153	0.005	0.016	1	AC243829.4	c12
0.00370748486978733	-3.74042120195929	0.014	0.03	1	KLRC1	c12
0.00132985453383412	-3.57130210171621	0.004	0.018	1	TMEM200A	c12
0.00932315265207511	-3.55997561654535	0.044	0.062	1	ADGRG1	c12
0.0816943959284075	-3.54061509525944	0.004	0.01	1	TM6SF1	c12
0.289133385178121	-3.52314456804955	0.011	0.015	1	GALNT3	c12
0.00011890822406173	-3.40857692636491	0.063	0.095	1	ZNF683	c12
0.00845596253021872	-3.38243168021191	0.015	0.029	1	ITGA1	c12
0.000116389525352273	-3.37027657438273	0.018	0.043	1	PHLDA1	c12
0.0763871369163326	-3.32236271160208	0.004	0.01	1	APOL4	c12
0.00125915724853243	-3.28744839439477	0.016	0.035	1	TRGV7	c12
0.181407900203845	-3.24913015670854	0.006	0.011	1	SLAMF8	c12
0.0384387381907985	-3.24058836088779	0.024	0.036	1	IFNG	c12
0.145897250005982	-3.23658844763932	0.014	0.02	1	AC017002.3	c12
0.140822442718247	-3.22049297060174	0.006	0.011	1	DAPK2	c12
0.0010721774832184	-3.21667707411516	0.083	0.108	1	TNFSF14	c12
0.0234144300910019	-3.17440719339909	0.015	0.027	1	CDKN1A	c12
0.102608075477843	-3.16095405142313	0.006	0.012	1	IL18RAP	c12
2.01127323716236e-05	-3.15546935557071	0.173	0.199	0.736146117533797	CCL4	c12
0.582671226805591	-3.12912574001473	0.024	0.027	1	KLRC2	c12
2.74642626512666e-06	-3.11682954604752	0.139	0.176	0.100521947729901	KLRD1	c12
0.0916369235054187	-3.11092608483362	0.012	0.019	1	SYNGR1	c12
0.00647438014973317	-3.09859991042682	0.033	0.051	1	CCR5	c12
0.0147039362253518	-3.06005437047774	0.005	0.015	1	IL9R	c12
0.0530784228324265	-3.03251088737462	0.004	0.011	1	TYMS	c12
0.229602617815823	-2.94937213221753	0.009	0.013	1	LGR6	c12
0.0394285745885207	-2.92730059835535	0.047	0.06	1	XCL2	c12
0.062771305879305	-2.92239564326872	0.057	0.069	1	CX3CR1	c12
1.58366247214642e-32	-2.90579759352007	0.287	0.391	5.79636301430309e-28	GZMH	c12
0.226104608929541	-2.86874917759083	0.006	0.01	1	AGRP	c12
0.108504531351567	-2.85379900435734	0.007	0.013	1	PLOD1	c12
0.0645651384881867	-2.85258127545954	0.017	0.026	1	RGS9	c12
0.46811716386397	-2.82352216747631	0.04	0.044	1	C1orf21	c12
0.0215277722999267	-2.8180586549	0.004	0.013	1	CD36	c12
0.142468946770608	-2.81784079926039	0.028	0.036	1	CPNE7	c12
0.017851095669004	-2.81528408371315	0.016	0.029	1	DUSP6	c12
0.937230181741164	-2.7990780622518	0.01	0.009	1	CLSPN	c12
0.14770432842179	-2.7791456275245	0.006	0.011	1	SLC27A2	c12
0.0858380477488182	-2.76367073436426	0.022	0.032	1	AC103702.2	c12
0.083262374309894	-2.75064297621537	0.077	0.087	1	AOAH	c12
0.806553185673831	-2.72899579134325	0.018	0.019	1	ADGRG5	c12
0.259046620820161	-2.72029693746252	0.043	0.049	1	MSC	c12
0.621382773749919	-2.71537086881097	0.017	0.015	1	TRGV4	c12
0.0904055826730998	-2.71319009330322	0.047	0.035	1	XCL1	c12
0.446876459431249	-2.71009233893381	0.031	0.034	1	ATP10D	c12
0.560698678538618	-2.70927921366133	0.029	0.031	1	CCR2	c12
0.0017240028499908	-2.70740795589449	0.027	0.048	1	TNF	c12
0.98174566713758	-2.70493958587757	0.01	0.009	1	GADD45G	c12
0.41850879045656	-2.68123865696729	0.007	0.01	1	HBEGF	c12
7.52173587125573e-06	-2.67730131844615	0.234	0.254	0.275303054623831	GNLY	c12
0.0249218713087193	-2.67358383565651	0.035	0.05	1	ATP1B1	c12
0.403730183653242	-2.65738347762731	0.082	0.07	1	CCL4L2	c12
0.772538579810992	-2.64141917282177	0.15	0.135	1	FGFBP2	c12
0.0102054995548513	-2.62726536094408	0.038	0.056	1	HLA-DQA2	c12
0.0216025041387079	-2.62389833761678	0.077	0.092	1	ZEB2	c12
0.881945359536652	-2.62239987578985	0.024	0.023	1	ASCL2	c12
0.684523739673373	-2.61019316830189	0.012	0.013	1	ARHGEF12	c12
0.487820052162959	-2.59184771327158	0.055	0.048	1	LINC01943	c12
0.760546458652631	-2.59150291973541	0.033	0.034	1	LDLR	c12
0.335718074163499	-2.57732153249312	0.009	0.012	1	ZNRF1	c12
0.127550180831324	-2.57176089403009	0.026	0.034	1	IDH1	c12
0.577105335239086	-2.55769815418056	0.038	0.034	1	PRSS23	c12
0.83209935877233	-2.55543992319196	0.049	0.048	1	TTC38	c12
0.63688340440747	-2.53803682887094	0.018	0.016	1	PDE4A	c12
0.688514338368738	-2.53571576852634	0.055	0.055	1	FGR	c12
0.249577187235702	-2.5247154319863	0.015	0.02	1	AC020916.1	c12
0.660210697538701	-2.50684806152581	0.028	0.029	1	TNIP3	c12
0.648443417065664	-2.47203909772615	0.01	0.011	1	STARD9	c12
0.920369227731103	-2.46797491201352	0.012	0.011	1	KIF19	c12
0.250161316640468	-2.46472648017042	0.01	0.014	1	LY86	c12
0.983441982152061	-2.45987923383198	0.011	0.01	1	RCAN2	c12
0.519340570242087	-2.45210654366819	0.012	0.014	1	CD86	c12
0.258206780907604	-2.45132517810035	0.02	0.015	1	KIAA1671	c12
0.928716871406852	-2.44081405546131	0.027	0.026	1	CD244	c12
0.11141373732178	-2.42274068292086	0.012	0.019	1	CXCL5	c12
0.510478299935057	-2.42034793817968	0.023	0.02	1	HIP1	c12
0.125590015614628	-2.4138380190634	0.006	0.012	1	TNFRSF12A	c12
0.0978605336139799	-2.40571711599021	0.101	0.108	1	OASL	c12
0.601941646434208	-2.39642464500966	0.046	0.047	1	SLC1A5	c12
0.428886713302417	-2.38932629316345	0.007	0.01	1	PMP22	c12
0.153898230969056	-2.38451769469714	0.055	0.043	1	CD70	c12
0.446166242022223	-2.37458375879088	0.011	0.013	1	GNB4	c12
0.719274972900059	-2.36434563844393	0.074	0.067	1	SQLE	c12
0.690480071369545	-2.3491540051186	0.077	0.075	1	PDLIM1	c12
0.418970657941399	-2.34265201631486	0.068	0.071	1	TESC	c12
0.027444225027282	-2.33990576088258	0.299	0.261	1	PRF1	c12
0.580597124335167	-2.33738187707722	0.021	0.018	1	RBBP8	c12
0.434490686066391	-2.31307908303461	0.096	0.081	1	FCRL6	c12
0.303456394750846	-2.30652936669116	0.035	0.041	1	MIR155HG	c12
0.269375738738259	-2.29950321752522	0.065	0.053	1	GPR25	c12
0.435117243283569	-2.29825876865195	0.016	0.019	1	LPL	c12
0.0929441188496233	-2.29815793375394	0.068	0.078	1	MSR1	c12
0.620023686987681	-2.29509943242487	0.047	0.042	1	CLU	c12
0.600593234763739	-2.29029785370813	0.069	0.061	1	S1PR5	c12
0.23066662742891	-2.28954774083126	0.05	0.04	1	KLRF1	c12
0.0672027952430522	-2.28667150164367	0.124	0.13	1	FCGR3A	c12
1.13801514779868e-27	-2.28373718654667	0.562	0.537	4.16524924245794e-23	NKG7	c12
0.946718676167424	-2.28212549312633	0.02	0.02	1	TRGV5	c12
0.467003813682618	-2.28131528633895	0.012	0.014	1	FADS1	c12
0.997282413380991	-2.28035578417468	0.01	0.009	1	LINC00299	c12
0.303265387827575	-2.27345357378905	0.03	0.035	1	RHOB	c12
0.447518702707143	-2.27109721898203	0.007	0.01	1	KIF11	c12
0.144663936062897	-2.25163394379011	0.077	0.061	1	PPP2R2B	c12
0.239449373561052	-2.24642118288803	0.015	0.011	1	AF165147.1	c12
0.430411474304107	-2.24121422951267	0.01	0.007	1	NMUR1	c12
0.133628008413344	-2.23574143411985	0.02	0.028	1	TP53I11	c12
0.266136274652133	-2.23356262495131	0.077	0.063	1	APOBEC3H	c12
0.198890581686415	-2.23090287543763	0.016	0.011	1	AC021188.1	c12
0.590309642806828	-2.22234889553221	0.061	0.054	1	USP28	c12
0.00866662245644766	-2.21641024235878	0.122	0.088	1	SPON2	c12
0.796775568514396	-2.21411687410249	0.024	0.025	1	PIK3AP1	c12
0.695783121701974	-2.21004247380726	0.047	0.048	1	SKIL	c12
0.594463017883045	-2.20622403938373	0.015	0.013	1	LINC02384	c12
0.279077721308414	-2.19621326627637	0.1	0.083	1	F2R	c12
0.000108513185648468	-2.19368165416708	0.359	0.319	1	CD8A	c12
0.394513177203517	-2.1929343348488	0.018	0.014	1	PHLDA3	c12
0.319356356534603	-2.18494223313476	0.012	0.016	1	HP	c12
0.218110572782801	-2.17964911974729	0.027	0.02	1	CENPF	c12
0.192347977043361	-2.17502778400381	0.074	0.081	1	VSIG4	c12
0.565143633333162	-2.1718806329851	0.009	0.01	1	TUBB6	c12
0.0870620729604456	-2.17076122050888	0.031	0.041	1	MS4A4A	c12
0.182263283737575	-2.16218004950521	0.151	0.12	1	LAG3	c12
0.784717735500236	-2.15989497609825	0.011	0.01	1	ADCY3	c12
0.902767447273657	-2.15615319301393	0.014	0.014	1	LILRB1	c12
0.54003309225571	-2.15448984409948	0.018	0.021	1	DHCR24	c12
0.545801334210763	-2.14522763048305	0.04	0.043	1	PPARG	c12
0.313898418844313	-2.14447939269538	0.007	0.011	1	CCL23	c12
0.484966782461796	-2.14207712759186	0.049	0.042	1	PDCD1	c12
0.462359409274509	-2.1409881241885	0.015	0.018	1	CCR1	c12
0.657390889032923	-2.13308727622963	0.012	0.01	1	DSC2	c12
0.968478378238318	-2.12913582567363	0.012	0.011	1	ASB2	c12
0.452501742967344	-2.12757174367061	0.062	0.064	1	SCD	c12
0.312786642153228	-2.11984224132792	0.017	0.013	1	MKI67	c12
0.968139651319185	-2.11841468033802	0.01	0.01	1	LYN	c12
0.770806287241453	-2.11673730440207	0.039	0.04	1	DUSP4	c12
0.379469863710215	-2.11576294881928	0.044	0.048	1	TNFSF13	c12
0.424434418545353	-2.11460353017308	0.155	0.128	1	ABI3	c12
0.989118589477303	-2.1134814155759	0.013	0.013	1	HIST2H2AA4	c12
0.829265136327512	-2.10999313872186	0.115	0.106	1	PTMS	c12
0.148393790874572	-2.10733703705379	0.062	0.049	1	TRGV9	c12
0.275680181258834	-2.10601625686293	0.035	0.028	1	ITPRIPL1	c12
0.888086371415325	-2.10568391678516	0.011	0.011	1	ELOVL6	c12
8.45198170687128e-09	-2.10467994007732	0.406	0.373	0.000309350982453196	HLA-DRB5	c12
0.936441158566477	-2.10212937300904	0.019	0.019	1	SYK	c12
0.866605847617504	-2.09895855501817	0.098	0.092	1	ARHGAP18	c12
0.780358046014175	-2.09512427839839	0.012	0.011	1	EPAS1	c12
0.000892310046953974	-2.09438718820078	0.21	0.216	1	FN1	c12
0.81033759621566	-2.09277290910364	0.032	0.03	1	GPR68	c12
0.604231623083643	-2.08351202046982	0.016	0.018	1	TGM2	c12
0.0750421290525957	-2.08280736098916	0.098	0.107	1	CD9	c12
2.98622844150604e-62	-2.0803427623752	0.68	0.67	1.09298947187563e-57	CCL5	c12
0.1894601529443	-2.08030563020131	0.012	0.008	1	CLDN7	c12
0.648019158732228	-2.0773904756198	0.013	0.011	1	ERMP1	c12
0.389250474736377	-2.07631565639754	0.019	0.015	1	MSC-AS1	c12
0.351502765008845	-2.06619073558252	0.071	0.075	1	NUPR1	c12
0.307402052022138	-2.06446383926488	0.017	0.013	1	TOP2A	c12
0.0647822649422788	-2.05933356464751	0.163	0.124	1	SOCS1	c12
0.233310965048699	-2.05439109023345	0.064	0.052	1	ACOT7	c12
0.575857489174619	-2.05065464170345	0.022	0.019	1	LRP1	c12
0.512324424918895	-2.05023135065784	0.034	0.029	1	CPVL	c12
0.0744833483937555	-2.04914251990934	0.054	0.066	1	PLBD1	c12
0.839704794923011	-2.04057778328956	0.018	0.017	1	TRGV8	c12
0.501671988551563	-2.03970551697551	0.015	0.018	1	GOLIM4	c12
0.219009146917765	-2.03494234128791	0.086	0.07	1	ADRB2	c12
0.233327937212416	-2.03075590922603	0.057	0.047	1	TBX21	c12
0.650643060572784	-2.02668054943474	0.015	0.013	1	TSPOAP1	c12
0.744141018236037	-2.02557488805717	0.024	0.026	1	PCOLCE2	c12
0.416644655436612	-2.02394813278104	0.016	0.013	1	ATP1A3	c12
0.652976978300305	-2.01867591244088	0.027	0.028	1	NDFIP2	c12
0.7669237982963	-2.0123376393481	0.012	0.013	1	CLEC7A	c12
0.268024988128008	-2.01227331387458	0.012	0.016	1	STAC	c12
0.802955989448001	-2.0121454104121	0.011	0.01	1	LHFPL2	c12
0.387524518397206	-2.01018802239527	0.019	0.015	1	MMP23B	c12
0.414210263806145	-2.0100072603433	0.011	0.008	1	ARSB	c12
0.390276021623794	-2.00704993709592	0.01	0.007	1	TMEM176B	c12
0.917038597474658	-2.00084648748317	0.01	0.009	1	CACNB1	c12
0.0127490563155295	-1.99689279781667	0.141	0.103	1	CLIC3	c12
0.87141739974058	-1.99636605230266	0.019	0.02	1	SORT1	c12
0.37007949950967	-1.99148792967722	0.091	0.093	1	SPI1	c12
0.570886423929891	-1.99144406044439	0.013	0.011	1	TPX2	c12
0.453490373894896	-1.9912754227862	0.016	0.013	1	FCHO2	c12
0.288625777833772	-1.98856398316846	0.017	0.013	1	RASGEF1A	c12
4.67069957433424e-13	-1.98569265931158	0.362	0.373	1.70952275120208e-08	TYROBP	c12
0.526122894163925	-1.98343236344112	0.012	0.01	1	CLCF1	c12
1.14286896864088e-17	-1.98253579878016	0.464	0.446	4.18301471212247e-13	APOC1	c12
0.459345320046733	-1.97914351995463	0.015	0.018	1	CSTA	c12
0.0209006765926303	-1.97800620690842	0.17	0.174	1	ALDH2	c12
3.08070299727724e-09	-1.97712126809304	0.328	0.333	0.000112756810403344	FABP4	c12
0.721018018157439	-1.97356507217613	0.009	0.01	1	LTBR	c12
0.752874239462306	-1.97276881595188	0.035	0.032	1	RAB31	c12
0.868425277092853	-1.96661264130312	0.045	0.042	1	IGSF6	c12
0.840687502878184	-1.96656701020156	0.011	0.011	1	CLEC12A	c12
0.0462683302522245	-1.96392275514505	0.167	0.126	1	IL2RB	c12
0.946926151186347	-1.95991733876933	0.021	0.021	1	HSPA1B	c12
3.30709957767375e-36	-1.95935430199037	0.583	0.556	1.21043151642437e-31	GZMA	c12
0.000651367767538037	-1.95827530899413	0.018	0.008	1	AC243829.1	c12
1.94159902349412e-06	-1.95458130954795	0.296	0.297	0.0710644658589082	CCL18	c12
0.0922401905416406	-1.95082052503008	0.02	0.013	1	MOB1B	c12
0.0920505216075631	-1.95028131787995	0.096	0.075	1	ADAM19	c12
0.641410858174885	-1.9499791941158	0.015	0.017	1	IL1RN	c12
0.643374850500223	-1.94985621025225	0.033	0.035	1	FCGR2A	c12
0.674507436349135	-1.94801853859911	0.012	0.013	1	INHBA	c12
0.56878462333384	-1.94800671368649	0.011	0.009	1	TOGARAM2	c12
5.24209116062777e-22	-1.94709907421728	0.445	0.456	1.91865778570137e-17	LYZ	c12
0.466589515032293	-1.93735680276963	0.016	0.013	1	SIRPA	c12
8.55186763718251e-06	-1.93439973800176	0.26	0.269	0.313006907388517	SERPINA1	c12
0.488700891646985	-1.93253551066038	0.012	0.009	1	ZBTB9	c12
0.288188650494816	-1.93225086708582	0.14	0.115	1	PLAAT3	c12
0.114287423685707	-1.93195202216412	0.093	0.073	1	CYP51A1	c12
0.458974910786279	-1.92811558083839	0.091	0.091	1	S100A8	c12
0.0207520865116004	-1.92737416437643	0.22	0.212	1	FCER1G	c12
0.338625351414508	-1.92704406186362	0.032	0.026	1	PLXDC2	c12
0.0426287698406839	-1.92493185682724	0.017	0.01	1	PDGFD	c12
0.302147362801781	-1.92480934489187	0.013	0.009	1	ADPRH	c12
0.817303148606346	-1.92353818716678	0.01	0.009	1	NCR1	c12
0.730333093311973	-1.91191612078669	0.009	0.01	1	FPR3	c12
0.417103355407163	-1.91118543366565	0.014	0.011	1	TFEC	c12
0.0549512302381823	-1.91049335657659	0.028	0.019	1	AUTS2	c12
0.819572779999334	-1.90564667387056	0.014	0.015	1	AC026369.3	c12
0.218413672281055	-1.90313855220822	0.013	0.009	1	TK1	c12
0.439471599757409	-1.90286052516525	0.021	0.018	1	CD101	c12
0.203239030875958	-1.89955083905609	0.037	0.029	1	DTHD1	c12
0.0309133908677277	-1.89926088241172	0.012	0.006	1	GRAMD1C	c12
0.136867324163207	-1.89648351455041	0.013	0.008	1	GAS7	c12
4.46832714145224e-07	-1.89518589318735	0.327	0.32	0.0163545241704293	C1QC	c12
0.0187115447181556	-1.89050806695038	0.187	0.138	1	TRBV27	c12
0.126550268313881	-1.88908249455291	0.011	0.006	1	CCL3L1	c12
0.406699449836314	-1.88136915605227	0.011	0.008	1	C4orf46	c12
0.3852726557216	-1.88130845001526	0.013	0.01	1	BHLHE40-AS1	c12
0.490849368189498	-1.88124222761672	0.01	0.008	1	SERINC2	c12
0.0218695544177793	-1.87876216601104	0.081	0.059	1	GAB3	c12
0.776191110089472	-1.87456102932776	0.017	0.018	1	ACSL1	c12
0.000268844207351303	-1.86867689621438	0.119	0.078	1	SLAMF7	c12
0.178763862022061	-1.86843505485254	0.017	0.012	1	CENPE	c12
1.8449193650885e-10	-1.86814082787114	0.376	0.369	6.7525893681604e-06	C1QA	c12
0.836311566996414	-1.86502512418214	0.017	0.016	1	TRGV2	c12
0.0213279766386121	-1.85920116759876	0.047	0.032	1	PRR5L	c12
0.143534198560256	-1.85811475309198	0.021	0.015	1	INTS7	c12
0.373222814819474	-1.85699124036253	0.01	0.007	1	TOX2	c12
0.361828809823276	-1.85521930527703	0.055	0.06	1	TREM1	c12
0.55682471006372	-1.85454039161839	0.015	0.013	1	B4GALT5	c12
0.920562893882071	-1.85437308183967	0.101	0.094	1	MS4A7	c12
0.371897823029788	-1.8543003278286	0.146	0.139	1	MCEMP1	c12
0.171073458496322	-1.85326571535049	0.149	0.147	1	SERPING1	c12
7.72559870404693e-57	-1.8531964427209	0.718	0.646	2.82764638166822e-52	HLA-DRB1	c12
0.0378433960153626	-1.85267887297628	0.026	0.016	1	FGL2	c12
2.54421278600104e-19	-1.85135007103992	0.582	0.504	9.31207321804239e-15	LGALS3	c12
0.0243181660929113	-1.84744835184359	0.187	0.187	1	APOE	c12
2.26947830207759e-05	-1.84677413399186	0.346	0.322	0.830651753343419	CST3	c12
0.525005486378809	-1.84586156111187	0.02	0.017	1	ITGAM	c12
0.148566942369044	-1.84447478626788	0.047	0.036	1	ENPP4	c12
0.616039020290507	-1.84443600562221	0.016	0.014	1	CENPU	c12
0.889691185814858	-1.84132708423558	0.379	0.282	1	APOBEC3G	c12
0.630394276248521	-1.84098037607535	0.021	0.023	1	CD163	c12
5.3342328355146e-17	-1.83992279270604	0.524	0.473	1.9523825601267e-12	IFI30	c12
0.0626827773300201	-1.83942087337971	0.013	0.007	1	ADO	c12
0.390633754381378	-1.83881824634861	0.134	0.112	1	BHLHE40	c12
0.132510214708188	-1.83071388724016	0.034	0.025	1	MAN1A1	c12
0.00292316365284293	-1.8304517237532	0.046	0.028	1	PLEKHA5	c12
0.328361958643183	-1.82722998087583	0.023	0.019	1	SLC2A8	c12
0.132930819564193	-1.8268607957482	0.143	0.143	1	IFI27	c12
0.894152624143561	-1.82684303724706	0.06	0.056	1	CYP27A1	c12
2.14650170905713e-06	-1.82682924620383	0.339	0.328	0.0785641090531999	HLA-DQA1	c12
0.52957077599541	-1.82487741926953	0.016	0.013	1	RASGEF1B	c12
0.394303860674343	-1.82469003334596	0.021	0.017	1	PSAT1	c12
0.00369088734313704	-1.82032581911101	0.288	0.267	1	CD68	c12
0.527625575015056	-1.81465611316757	0.012	0.01	1	SPARC	c12
0.823992402992588	-1.81308210681944	0.017	0.018	1	HNMT	c12
2.33294271270746e-57	-1.81213994062958	0.698	0.648	8.53880362278057e-53	HLA-DRA	c12
1.3126591869976e-10	-1.81088257705549	0.415	0.393	4.8044638903299e-06	C1QB	c12
0.517906911397203	-1.80777946211358	0.014	0.011	1	KIAA0513	c12
0.00830769566082438	-1.80556098634732	0.187	0.135	1	IVNS1ABP	c12
0.916285100759779	-1.80301602625721	0.012	0.012	1	SRGAP3	c12
0.504410284644516	-1.7983779708462	0.035	0.03	1	PILRA	c12
0.234586061025754	-1.79734185194901	0.011	0.007	1	LINC01410	c12
9.83973967745798e-05	-1.79506528303633	0.057	0.033	1	SMAD7	c12
0.212339968364622	-1.79354302778072	0.173	0.138	1	SEPTIN11	c12
0.365433045663878	-1.79007857302919	0.01	0.007	1	AL590550.1	c12
0.000312262400167684	-1.79005162141804	0.099	0.064	1	EOMES	c12
0.551872078692333	-1.78961056481321	0.01	0.008	1	IRF8	c12
0.3908138750587	-1.78689493243966	0.016	0.013	1	OSBPL5	c12
0.587145803043453	-1.78627417185297	0.015	0.013	1	IL3RA	c12
0.194584632549634	-1.78419556425149	0.017	0.012	1	SUSD1	c12
0.102209277046432	-1.78266190285018	0.107	0.085	1	KLRC4	c12
0.274388730110658	-1.78227812291319	0.121	0.1	1	S100A9	c12
0.396123466687996	-1.78189098065326	0.018	0.022	1	FCGR1A	c12
0.242520488636781	-1.77926704911988	0.044	0.035	1	HMGCS1	c12
0.201889235627535	-1.77719069295424	0.03	0.023	1	CD83	c12
0.290289196117741	-1.77688661261633	0.01	0.007	1	CAPN3	c12
0.311336512872789	-1.77649093307305	0.011	0.008	1	DMXL2	c12
0.83349565986132	-1.77620567471521	0.328	0.254	1	PLEK	c12
0.696216088000079	-1.77612070334846	0.012	0.01	1	SLC29A1	c12
0.876688693441518	-1.77583895249638	0.124	0.114	1	CYBB	c12
0.0758418751174339	-1.7737017854717	0.011	0.006	1	OTOF	c12
0.0203370676251916	-1.77348844264656	0.019	0.011	1	MAP3K20	c12
0.195541570278303	-1.76485489314455	0.071	0.058	1	MSMO1	c12
0.0778719806955444	-1.76356197183336	0.036	0.026	1	MS4A6A	c12
0.780346814029014	-1.76020807942991	0.01	0.009	1	ABCG2	c12
0.0210626598344992	-1.75592873321785	0.088	0.065	1	SYTL2	c12
0.406039258215057	-1.75332048788557	0.06	0.051	1	CTNNA1	c12
0.0163948364253439	-1.75235882235007	0.022	0.013	1	TNFRSF9	c12
0.00289261311606597	-1.7499352425058	0.026	0.014	1	TMEM171	c12
0.723339668491864	-1.74485813754425	0.01	0.008	1	SSX2IP	c12
0.868589803066549	-1.74378695892877	0.051	0.05	1	SMIM25	c12
0.770533391161817	-1.7420614144921	0.021	0.02	1	ALDH1A1	c12
0.418114184914748	-1.74196905190392	0.01	0.012	1	BHLHE41	c12
0.125986446342406	-1.74006518232274	0.034	0.025	1	ENC1	c12
4.5776554129415e-06	-1.73917311413181	0.153	0.095	0.167546765769072	TRAV26-1	c12
0.197082796572341	-1.73885797639917	0.046	0.036	1	DPYSL2	c12
0.189775334930534	-1.73840570682416	0.016	0.011	1	PLXND1	c12
0.112610202124069	-1.73578080547206	0.064	0.05	1	PIK3CG	c12
0.303086222323104	-1.73508760447503	0.353	0.285	1	KLRK1	c12
0.0311559853691832	-1.73448292367858	0.018	0.011	1	P2RY11	c12
0.646818174953372	-1.73206715416045	0.013	0.011	1	FBXO30	c12
0.2743151287761	-1.73198855507497	0.017	0.013	1	SLC15A3	c12
0.011509093566158	-1.73180034022684	0.247	0.236	1	MARCO	c12
0.000191117798926903	-1.72918752637954	0.052	0.03	1	MCOLN2	c12
0.0305521051741538	-1.72850461583824	0.056	0.04	1	GALNT6	c12
0.054020547579175	-1.72812677105197	0.037	0.026	1	SLC31A1	c12
0.71379147529763	-1.72484509632915	0.01	0.011	1	PPIC	c12
0.356949124013465	-1.72234216948461	0.01	0.007	1	IFNLR1	c12
0.0168143735150578	-1.72089129076525	0.043	0.028	1	JAKMIP2	c12
0.636734374505027	-1.72073538228994	0.024	0.022	1	S100A13	c12
0.00778601752506938	-1.71948527662998	0.037	0.023	1	TRGC2	c12
0.20584153640781	-1.71906401307101	0.034	0.026	1	CD302	c12
0.496232311572498	-1.71753107515725	0.013	0.01	1	PCLAF	c12
0.273513178571014	-1.71712263803753	0.007	0.011	1	HMGB3	c12
0.00356418770536999	-1.71632133382763	0.134	0.095	1	LMNA	c12
0.558484077356149	-1.71549821767683	0.067	0.068	1	APOC2	c12
0.156506862246608	-1.71373178846986	0.044	0.034	1	SPATS2L	c12
0.0417610532369048	-1.70928049688377	0.022	0.014	1	HLA-DQB2	c12
0.794104071094533	-1.70812215228441	0.015	0.014	1	PTAFR	c12
0.0344695644722852	-1.70729681693083	0.02	0.012	1	FAM49A	c12
0.107278306296855	-1.70662755770295	0.021	0.015	1	PGLYRP2	c12
0.00426891327049967	-1.70632644335778	0.031	0.018	1	LFNG	c12
0.00723830508116628	-1.70504928541435	0.076	0.052	1	SLC20A1	c12
0.0867735625152106	-1.70028119061805	0.015	0.009	1	ADARB2	c12
0.709543630154629	-1.70006910932648	0.014	0.012	1	OSCAR	c12
0.86084987640786	-1.69711408643485	0.011	0.01	1	CCRL2	c12
0.0104484750180303	-1.69678581176684	0.046	0.03	1	WIPI1	c12
0.547889191738034	-1.69646429528305	0.027	0.023	1	SLC43A3	c12
0.232925426580808	-1.69581357971742	0.315	0.263	1	FBP1	c12
1.51722217883226e-20	-1.69439335442593	0.635	0.547	5.55318489674397e-16	CST7	c12
0.276745476987611	-1.69246254715651	0.028	0.022	1	CCL24	c12
0.0152709054986268	-1.6902293960087	0.032	0.02	1	ATP7A	c12
0.948166246037273	-1.68997244066303	0.015	0.015	1	LAT2	c12
0.000175968351952381	-1.68660581900888	0.335	0.219	1	CISH	c12
1.6398280445192e-07	-1.68284934707673	0.15	0.088	0.00600193462574472	TGFBR3	c12
0.342767276952583	-1.6811355041607	0.149	0.123	1	MRC1	c12
0.217976293347662	-1.67996429010844	0.023	0.018	1	TK2	c12
0.562423171940119	-1.67749263637479	0.059	0.052	1	GSN	c12
0.249294427009463	-1.67603377472233	0.013	0.009	1	SNX16	c12
0.405035998129472	-1.67508493733347	0.011	0.008	1	CHN2	c12
0.847034436229814	-1.66089565069021	0.054	0.051	1	RBP4	c12
0.0175920815606486	-1.65482339057797	0.016	0.009	1	ECT2	c12
0.00293326332974906	-1.65374111628267	0.071	0.047	1	SLC6A6	c12
0.00191553296910863	-1.65158831397994	0.431	0.355	1	HLA-DQB1	c12
0.0689840984008573	-1.64997624133276	0.036	0.026	1	SLC31A2	c12
0.199050727617537	-1.64783819692926	0.012	0.008	1	CIPC	c12
0.438368005081126	-1.64719274443631	0.01	0.007	1	MED20	c12
0.0236644113138722	-1.64630801679513	0.062	0.044	1	PLAUR	c12
0.407169929398395	-1.64579600285167	0.02	0.016	1	VMO1	c12
0.0492526947049647	-1.64496352291691	0.306	0.222	1	HOPX	c12
0.453479553657829	-1.63953629966032	0.033	0.028	1	RAB13	c12
0.02269230073015	-1.6374184790353	0.024	0.015	1	GFI1	c12
0.0088062109965151	-1.63642379243233	0.043	0.027	1	CD8B2	c12
0.0590822014101957	-1.6358318500425	0.279	0.204	1	FABP5	c12
0.00680233786305394	-1.63217626955517	0.099	0.07	1	LDLRAD4	c12
0.516993055874348	-1.63090890693993	0.014	0.011	1	RASSF4	c12
0.0635503278017021	-1.630463369109	0.046	0.033	1	PLEKHO2	c12
0.000408649414450988	-1.62454588080174	0.103	0.067	1	GABARAPL1	c12
0.535954328880847	-1.62435728596549	0.037	0.033	1	CORO1C	c12
0.0868170626185532	-1.61984460121702	0.02	0.013	1	AP005482.1	c12
0.000986811173870329	-1.61861943233862	0.014	0.005	1	VIPR2	c12
1.48643965796105e-05	-1.61861404626715	0.603	0.449	0.544051779210324	CTSC	c12
0.565983445062105	-1.61766000243303	0.012	0.01	1	AQP9	c12
0.016892987606236	-1.61706128464731	0.019	0.011	1	ARHGAP11A	c12
0.627754804606819	-1.6144207781615	0.026	0.023	1	MME	c12
1.1454073127243e-05	-1.60901962655997	0.172	0.11	0.419230530530222	PTPN22	c12
0.161941337932916	-1.60835770386905	0.028	0.021	1	SIRPB1	c12
0.635783574647534	-1.60719265271109	0.011	0.009	1	TLR4	c12
0.00216970645121225	-1.60687568576201	0.016	0.007	1	PTGDS	c12
0.0382916707767622	-1.60339956914472	0.014	0.008	1	MTHFD1L	c12
0.0452200855457878	-1.6030658301798	0.017	0.01	1	GGH	c12
0.312309389090466	-1.6023764616239	0.01	0.007	1	CRYBG2	c12
0.000118663623579349	-1.60217632996456	0.116	0.075	1	CLSTN3	c12
0.109295579778543	-1.60198731204235	0.021	0.015	1	ZBTB6	c12
0.025877330487168	-1.60174615052965	0.022	0.013	1	SLC15A4	c12
0.00816750251096388	-1.59902726584063	0.029	0.017	1	MFSD14B	c12
0.00643312132737412	-1.59902619907754	0.057	0.038	1	GTDC1	c12
0.387944320971602	-1.59775972372728	0.019	0.015	1	C3AR1	c12
0.466674660507191	-1.59587956084413	0.013	0.016	1	ARRDC4	c12
0.000770157081540481	-1.59482486897095	0.063	0.039	1	TRGV3	c12
3.76809752529905e-07	-1.59002006221229	0.296	0.182	0.013791613752347	RBPJ	c12
0.097396565290682	-1.58716008650555	0.012	0.007	1	PIK3R3	c12
0.010577023104924	-1.58501360951791	0.034	0.021	1	TCF7L2	c12
0.00733682456501891	-1.57985295216127	0.062	0.042	1	CDCA7	c12
0.0833965419344255	-1.578418233208	0.031	0.022	1	MYO6	c12
0.0198187888650467	-1.57036072523339	0.195	0.143	1	STOM	c12
0.000339072624071975	-1.57013498333251	0.074	0.046	1	ELL	c12
0.390728782480595	-1.56922641289264	0.012	0.009	1	SLC25A15	c12
0.00542359259158332	-1.56884280011126	0.068	0.046	1	SERTAD3	c12
0.0620993817425376	-1.56827965510209	0.01	0.005	1	SPRY1	c12
0.000487893492592025	-1.56717887812331	0.05	0.029	1	ITPRID2	c12
0.165206881396251	-1.56713200512193	0.01	0.006	1	CEP112	c12
0.00111807186077046	-1.56563641733907	0.144	0.099	1	GNPTAB	c12
0.000103395743939546	-1.5654272501269	0.097	0.061	1	MIR4435-2HG	c12
0.00229699499420769	-1.56473674014399	0.015	0.007	1	GEN1	c12
0.103355478438304	-1.56407143029314	0.015	0.009	1	MPZL1	c12
0.000298513024988584	-1.5635481967563	0.178	0.12	1	CFD	c12
0.581544803370173	-1.56246995933783	0.012	0.01	1	CTNS	c12
0.198807746614562	-1.56126993950801	0.012	0.008	1	HOXB7	c12
0.167608841135334	-1.56058236010037	0.024	0.018	1	LINC02694	c12
0.492046406786975	-1.55738673984252	0.028	0.024	1	CLIC4	c12
0.000696875297824587	-1.54964233678318	0.261	0.177	1	HLA-DMA	c12
0.00264466439263426	-1.54892842824681	0.09	0.062	1	AL133415.1	c12
0.285871202034768	-1.54470082736391	0.019	0.015	1	TIMP2	c12
0.0303130004150872	-1.54376065724793	0.02	0.012	1	FANCI	c12
0.000910742082783537	-1.54351006905772	0.061	0.038	1	STX11	c12
6.34880055107701e-05	-1.54201345399553	0.05	0.027	1	TGFBR1	c12
0.000444120988831175	-1.53985798553525	0.349	0.231	1	CMC1	c12
0.00544538332746913	-1.53919353647056	0.368	0.25	1	CXCR3	c12
1.2158217136743e-30	-1.53798250599066	0.721	0.599	4.45002905421932e-26	HLA-DPA1	c12
0.356696899015312	-1.53735765473277	0.01	0.007	1	PPM1L	c12
0.00761707835279512	-1.53668634830095	0.037	0.023	1	CSF1	c12
0.144482714936503	-1.53521686080761	0.011	0.007	1	TBC1D32	c12
0.0205555218323429	-1.53344403317076	0.01	0.004	1	MIR9-3HG	c12
0.695447320750614	-1.53328246176429	0.019	0.017	1	GPD1	c12
0.00642569801078514	-1.52683839977399	0.067	0.045	1	TSPAN2	c12
0.0561682029883716	-1.52654348070052	0.014	0.008	1	ANPEP	c12
0.00112678952254063	-1.52622336700077	0.051	0.031	1	SLC27A3	c12
0.130745765560481	-1.52611385669702	0.011	0.007	1	CD72	c12
0.00396770773111608	-1.52558196643475	0.022	0.012	1	ENTPD5	c12
0.0610407616633582	-1.52547206180439	0.17	0.131	1	CTSL	c12
0.449791684380226	-1.52314791090983	0.012	0.009	1	THBS1	c12
0.000102326541495774	-1.52040412772374	0.099	0.062	1	TOX	c12
0.00327419504710871	-1.5180346027765	0.045	0.027	1	ACO1	c12
0.0553109104382475	-1.51510605143699	0.03	0.02	1	MGST1	c12
0.0825077006726901	-1.51475480879559	0.017	0.011	1	RAPGEF2	c12
0.000136011285353905	-1.512441410143	0.206	0.138	1	TYMP	c12
0.180376207196595	-1.51188740614724	0.564	0.395	1	CD63	c12
0.00491557142721446	-1.50967155766756	0.086	0.06	1	TFRC	c12
0.2877890697368	-1.50907177468868	0.022	0.017	1	EDARADD	c12
0.000715628796348115	-1.50895490407777	0.04	0.023	1	GRAMD1B	c12
0.232849746279157	-1.50816491443334	0.029	0.022	1	GCNT1	c12
0.219806905300705	-1.5077580230363	0.053	0.043	1	ALOX5	c12
0.83540772925644	-1.50701037190166	0.011	0.01	1	CAMP	c12
0.806482056290323	-1.5064874022408	0.011	0.01	1	PLCXD2	c12
0.00113518914064193	-1.50454965525068	0.09	0.06	1	HLA-DMB	c12
0.357678404893899	-1.5019688896765	0.01	0.007	1	TCN2	c12
0.750052715672623	-1.50144224782849	0.01	0.009	1	SLC43A2	c12
2.01297288953574e-10	-1.50084405150933	0.146	0.078	7.36768207298977e-06	ST8SIA4	c12
0.247411871511845	-1.50076293745986	0.015	0.011	1	SLC1A4	c12
0.00704501740556102	-1.50054953107311	0.016	0.008	1	KHDC1	c12
0.0292395704139117	-1.49802442861361	0.015	0.008	1	ADAMTS6	c12
0.0010384190364942	-1.49795887589981	0.035	0.019	1	TRGC1	c12
0.0178405516668878	-1.49768763939755	0.014	0.007	1	KIR3DL1	c12
0.345816866812854	-1.4958394147336	0.018	0.014	1	ICAM1	c12
0.274679063889772	-1.49356723992381	0.072	0.06	1	GPNMB	c12
0.23113782381792	-1.49044160944055	0.107	0.088	1	HMOX1	c12
0.000755857008463448	-1.48871158668742	0.235	0.162	1	MYADM	c12
0.00296360564178548	-1.48796847513354	0.035	0.02	1	AP4M1	c12
0.215559344420341	-1.48564058933454	0.012	0.008	1	RBM47	c12
0.0213164771275527	-1.48473929591422	0.017	0.009	1	FARP2	c12
9.2589690927044e-06	-1.48437978955455	0.044	0.021	0.338887527762074	MVB12B	c12
5.80566880746294e-07	-1.48397705013466	0.137	0.082	0.0212493284021951	KIF21A	c12
0.244004118453662	-1.47992972910914	0.304	0.23	1	GLUL	c12
0.00268905304062671	-1.47799133934829	0.05	0.031	1	SLFN11	c12
2.69844618386451e-05	-1.46718594965501	0.106	0.066	0.98765828775625	JAZF1	c12
0.597211214644448	-1.4668748079682	0.028	0.024	1	SLC7A7	c12
8.06447845269663e-07	-1.46533940312319	0.322	0.201	0.0295167975847149	ATP2B4	c12
0.182226958988221	-1.46453650044926	0.017	0.012	1	DENND3	c12
0.34794742173018	-1.46412501715256	0.012	0.009	1	CRIM1	c12
0.000149571641842038	-1.46233733318317	0.081	0.05	1	SYT11	c12
0.173624061010581	-1.46061281521732	0.018	0.013	1	FFAR4	c12
0.000135854015876974	-1.46054702842794	0.047	0.026	1	TRPS1	c12
0.0814944952506559	-1.46045026300615	0.02	0.013	1	PLTP	c12
0.80483197747598	-1.459260002545	0.013	0.012	1	CDCP1	c12
0.0200999800000394	-1.45820971419157	0.011	0.005	1	DMKN	c12
0.0925803620203028	-1.4579837427874	0.019	0.013	1	UCK2	c12
0.117539041795562	-1.45753804429825	0.021	0.015	1	NUSAP1	c12
3.12505272737776e-05	-1.45658385245984	0.248	0.162	1	MATK	c12
0.087334661137165	-1.45653387560796	0.017	0.011	1	CIITA	c12
0.029388135363658	-1.45558410268105	0.087	0.065	1	NCF2	c12
0.0030084570376129	-1.45555947690955	0.063	0.041	1	PAM	c12
0.0123774776373201	-1.4545544572607	0.021	0.012	1	DOLK	c12
0.0426595227455421	-1.45333302429841	0.011	0.006	1	ZFP57	c12
0.000320774923856121	-1.45213212349178	0.049	0.028	1	SFMBT2	c12
0.166134991452888	-1.45106223706423	0.016	0.011	1	BYSL	c12
0.013407980799129	-1.45007358752072	0.022	0.013	1	DRAM1	c12
0.00271535736886217	-1.44821576357985	0.036	0.021	1	WDR41	c12
0.314382149961063	-1.44727256689875	0.029	0.023	1	HCK	c12
0.0889571409445241	-1.44491184892155	0.014	0.009	1	CCR8	c12
1.18745290325306e-05	-1.44381765229017	0.138	0.087	0.434619637119653	NAA50	c12
0.0141067084963693	-1.44272770169392	0.017	0.009	1	ZNF16	c12
0.151447882573997	-1.44168374159583	0.012	0.007	1	TST	c12
0.0503635195233519	-1.43778245177441	0.024	0.016	1	SLCO2B1	c12
3.2258503654028e-09	-1.43644048289052	0.171	0.098	0.000118069349224108	SLF1	c12
0.265346384605611	-1.43602632256253	0.013	0.009	1	ZNF684	c12
0.00395206978262299	-1.43590058499051	0.017	0.008	1	FAM102B	c12
0.0102297551727374	-1.43547435446644	0.054	0.036	1	SLC11A1	c12
0.0134285564087487	-1.4341406966232	0.03	0.018	1	AREL1	c12
0.144393119893141	-1.4329029533778	0.028	0.02	1	ZDHHC21	c12
2.34560902378392e-06	-1.43281753872805	0.098	0.056	0.0858516358795151	CASP3	c12
0.00196509171502258	-1.43170453713021	0.04	0.024	1	AGPAT4	c12
0.481544101644817	-1.4314106560289	0.014	0.011	1	SCIMP	c12
0.00555583007585288	-1.43096018846673	0.015	0.007	1	CEACAM1	c12
2.65825389954844e-07	-1.43056205436584	0.061	0.03	0.00972947509773724	HSPA13	c12
0.25569746867958	-1.4295244543286	0.476	0.332	1	ADGRE5	c12
0.0252696583346557	-1.42920093344711	0.031	0.02	1	NEK6	c12
0.0190094986581479	-1.4284668574203	0.011	0.005	1	LINC02132	c12
6.71019633707816e-05	-1.42758231722007	0.057	0.032	1	SOCS4	c12
2.5815021053895e-05	-1.4269129281186	0.316	0.204	0.944855585593609	ACTN4	c12
0.00263942035272636	-1.4207470877284	0.085	0.058	1	KLF10	c12
0.0997191018356563	-1.41716601755541	0.033	0.024	1	KATNAL1	c12
2.39351983727061e-13	-1.41650762402645	0.161	0.082	8.76052195639416e-09	PTGDR	c12
3.66966388964237e-08	-1.4153660062946	0.14	0.08	0.001343133680248	PECAM1	c12
0.0206923975310034	-1.41400651027706	0.014	0.007	1	EVC2	c12
8.38231855278486e-06	-1.41203561497769	0.065	0.035	0.306801241350479	HPGD	c12
0.126453574705312	-1.41175717115387	0.012	0.007	1	CPEB2	c12
0.851406488780556	-1.40993345800067	0.01	0.009	1	TNFAIP2	c12
0.115524501610202	-1.40971371705213	0.023	0.016	1	CLIC5	c12
0.000262115418760843	-1.40939927526682	0.053	0.031	1	TMEM140	c12
0.459542886617401	-1.4088012796058	0.011	0.008	1	LPCAT2	c12
1.14436166555859e-09	-1.40372246554214	0.18	0.102	4.18847813211101e-05	SLAMF1	c12
2.58614910640934e-05	-1.40223274463685	0.051	0.027	0.946556434436881	PHTF1	c12
0.451958965538393	-1.40179432878394	0.011	0.008	1	TRIO	c12
0.000194322971749755	-1.39955315808858	0.083	0.052	1	NAMPT	c12
0.154269144575563	-1.39912371006886	0.05	0.039	1	DAB2	c12
0.000450814779558723	-1.39886982589103	0.1	0.066	1	SLC16A3	c12
0.011940345808979	-1.39850628748132	0.041	0.027	1	DSE	c12
0.0423324845159856	-1.39708594328063	0.021	0.013	1	MIR22HG	c12
0.000167635503117644	-1.39431017843901	0.017	0.007	1	BLOC1S3	c12
0.529292476598359	-1.39399390065355	0.015	0.012	1	FPR1	c12
0.454665865439566	-1.39378013335873	0.01	0.007	1	MYOF	c12
0.00204937168270846	-1.39257457409542	0.11	0.075	1	BCL2L1	c12
0.505915932499202	-1.39257232295709	0.01	0.008	1	ST7	c12
0.000629005005082428	-1.38966501221955	0.334	0.223	1	TPM4	c12
0.515517871407664	-1.38962709182081	0.01	0.008	1	FMNL2	c12
0.149161372680447	-1.38898656913027	0.033	0.025	1	C1orf216	c12
0.304318041085191	-1.38712038201765	0.012	0.008	1	AC093512.2	c12
0.0546566318037088	-1.38662964526425	0.098	0.075	1	CXCL16	c12
0.273322034427942	-1.38293848617783	0.031	0.025	1	RNASE1	c12
0.0185527072145275	-1.38173668272969	0.048	0.033	1	MCTP2	c12
0.0020932379770909	-1.38170953001043	0.038	0.022	1	MBNL3	c12
0.0927630718548024	-1.38087885631907	0.02	0.014	1	YES1	c12
2.1726180559385e-05	-1.38072995055406	0.091	0.055	0.795199934654052	SERTAD1	c12
6.33051345940275e-09	-1.37974548999474	0.279	0.166	0.0002317031231276	PTPN7	c12
0.00571573154199894	-1.37733336287336	0.047	0.03	1	MICAL2	c12
1.1676077810053e-08	-1.37649401232541	0.144	0.081	0.000427356123925751	PTTG1	c12
0.000424044251241341	-1.37367839059267	0.121	0.081	1	CES1	c12
0.0156467159285157	-1.37293814461057	0.024	0.014	1	AL135818.1	c12
0.00015665659489249	-1.37093715864339	0.033	0.016	1	LINC01588	c12
0.000940288742586083	-1.37077222424143	0.079	0.051	1	SCCPDH	c12
4.4987063159663e-07	-1.36969530002555	0.091	0.05	0.0164657149870682	FUT11	c12
0.00973437339888249	-1.36945092424204	0.03	0.018	1	TCP11L1	c12
3.48525336044717e-06	-1.36919145565363	0.154	0.096	0.127563758245727	RAB11FIP1	c12
2.74843054233387e-07	-1.3688387111678	0.165	0.099	0.0100595306279962	HSPA1A	c12
1.01540508082487e-12	-1.36880759171114	0.678	0.534	3.7164841363271e-08	HLA-DPB1	c12
5.46220528459379e-09	-1.36856506453397	0.261	0.154	0.000199922175621417	GYG1	c12
0.0174188018999804	-1.36761648570275	0.015	0.008	1	SMPD3	c12
0.204472628122096	-1.36731401877114	0.012	0.008	1	GPX3	c12
0.003202007079067	-1.365694147907	0.051	0.032	1	CPPED1	c12
0.015808398702453	-1.36557564884291	0.061	0.042	1	C5AR1	c12
8.59115144858168e-06	-1.36494805977312	0.059	0.031	0.314444734169538	IFIT2	c12
0.00249067938719599	-1.36095577692963	0.017	0.008	1	IRAK2	c12
0.00852010889949764	-1.36025175604278	0.017	0.009	1	ANKS1A	c12
2.26866658796983e-05	-1.35822395922963	0.077	0.044	0.830354657862837	FRMD4B	c12
0.00311062488886549	-1.35818787007707	0.014	0.006	1	AL450352.1	c12
7.56488051351142e-06	-1.3580299300563	0.063	0.034	0.276882191675031	CKS2	c12
0.00927950058331699	-1.35683925907531	0.031	0.019	1	TSPAN4	c12
0.00490737754074066	-1.35662869123	0.034	0.02	1	SNX11	c12
0.321393929706251	-1.35554794809657	0.012	0.009	1	KLF11	c12
0.081151273231757	-1.35513644696132	0.01	0.005	1	HECTD2	c12
1.24513992975354e-05	-1.35498492408334	0.074	0.042	0.455733665689092	FYCO1	c12
0.0226265936064525	-1.35400218868695	0.015	0.008	1	KLRC3	c12
0.0308909474622952	-1.35377888765718	0.016	0.009	1	TTLL4	c12
0.0296315379023407	-1.35246468473825	0.078	0.057	1	OLR1	c12
3.88611659658981e-08	-1.35179048320582	0.116	0.064	0.00142235753551784	SACM1L	c12
0.000633838230525892	-1.3503424889792	0.027	0.013	1	C20orf194	c12
1.33790292150135e-15	-1.34965316372853	0.176	0.086	4.8968584829871e-11	ITM2C	c12
0.000108086326529718	-1.34898624228964	0.053	0.03	1	CD200R1	c12
1.99392312966715e-06	-1.34850475024714	0.069	0.037	0.0729795804689472	PSEN1	c12
0.000164131347935681	-1.34834071097345	0.021	0.009	1	RNASE6	c12
0.0233126136495918	-1.34598687899963	0.023	0.014	1	CPM	c12
0.00382654430043561	-1.34491829408959	0.034	0.02	1	GK	c12
0.00107062551759873	-1.34480229351412	0.014	0.006	1	DLEC1	c12
0.00012622884604785	-1.34323179092075	0.064	0.037	1	RGS3	c12
0.0054051891365249	-1.34284548754906	0.034	0.02	1	WRN	c12
2.61468198610628e-12	-1.34235862450714	0.203	0.11	9.5699975373476e-08	PLEKHF1	c12
0.510052171131634	-1.3420180423954	0.013	0.01	1	MAFB	c12
0.0265506105234247	-1.34192602978533	0.012	0.006	1	ZDHHC9	c12
0.00205378859637321	-1.34178787749692	0.031	0.017	1	STAM2	c12
0.0387185191028578	-1.34100185513059	0.016	0.009	1	PHACTR1	c12
1.29796601753982e-05	-1.34098334715568	0.06	0.032	0.475068542079749	FNDC3B	c12
0.0241938076704885	-1.34094031012426	0.045	0.031	1	ERI1	c12
8.66268611320251e-06	-1.34005723364684	0.156	0.099	0.317062974429325	IDI1	c12
4.88634947110012e-07	-1.33996588733128	0.068	0.035	0.0178845276991736	APOBEC3D	c12
4.49994316719773e-06	-1.33946451208986	0.057	0.03	0.164702419862604	AFAP1	c12
0.070941757492348	-1.33914906076697	0.03	0.021	1	TGFBI	c12
0.0856953493258816	-1.33812813581722	0.016	0.01	1	GZF1	c12
0.000113461022465582	-1.33723617789748	0.039	0.02	1	BTN2A2	c12
0.0025316971059863	-1.33687101757288	0.021	0.011	1	DARS2	c12
0.133478673449031	-1.33576934577908	0.685	0.476	1	LGALS1	c12
0.00170719386325316	-1.33496399632794	0.028	0.015	1	DST	c12
0.000118105939560776	-1.33406326369078	0.057	0.033	1	ACOX1	c12
0.0409529017123265	-1.3340273914448	0.021	0.013	1	RXRA	c12
4.72643483075746e-10	-1.33303380029808	0.222	0.128	1.72992241240554e-05	RAB27A	c12
3.70736328974414e-08	-1.33075052114619	0.13	0.073	0.00135693203767925	B3GNT2	c12
0.00090082221337512	-1.33072907209623	0.411	0.268	1	C12orf75	c12
0.0119872518113347	-1.33061824266588	0.023	0.013	1	AL512625.3	c12
2.95695897281242e-06	-1.33036092010699	0.733	0.537	0.108227655363907	CTSW	c12
0.0568316268676843	-1.32955204221464	0.017	0.01	1	IL13RA1	c12
6.74408764818098e-06	-1.32887217384273	0.061	0.032	0.246840352011072	ZDHHC5	c12
3.57420753113653e-09	-1.32697305040495	0.074	0.035	0.000130819569847128	CD160	c12
1.48776039560442e-06	-1.3269536465985	0.046	0.021	0.0544535182395175	DIPK2A	c12
2.31196188909664e-09	-1.32585693001172	0.309	0.182	8.46201171028262e-05	APOBEC3C	c12
0.0185922910885512	-1.32522852331373	0.035	0.023	1	KCTD5	c12
1.28800346467176e-07	-1.322295386713	0.064	0.031	0.00471422148104511	MEF2D	c12
2.37831573779876e-09	-1.32137404976208	0.098	0.05	8.70487343191722e-05	ATAD2	c12
0.00561249063207352	-1.319326602231	0.026	0.014	1	STX3	c12
5.20526525399566e-09	-1.31813196185813	0.295	0.175	0.000190517913561495	CDC42EP3	c12
0.012401853650753	-1.31795538964878	0.036	0.023	1	C2	c12
0.000109148979844269	-1.31788849794545	0.039	0.02	1	ETS2	c12
0.0710651414440275	-1.31654905103591	0.018	0.011	1	RAP2A	c12
0.113882377469319	-1.31360879798648	0.011	0.006	1	SLX4	c12
2.03550089747155e-08	-1.31358912193755	0.733	0.536	0.000745013683483561	CTSD	c12
5.50139371740751e-09	-1.30988074010097	0.073	0.035	0.000201356511450832	ANKRD28	c12
0.0734273653435113	-1.30985574688567	0.014	0.008	1	METRNL	c12
0.000154235711202451	-1.30898523708128	0.479	0.301	1	CAPG	c12
0.00531100242151897	-1.30852574267257	0.019	0.01	1	ARL4D	c12
0.00799900049223501	-1.30798015071107	0.026	0.015	1	SWAP70	c12
0.00460099890860795	-1.30609255469237	0.37	0.253	1	GRN	c12
3.66510348503308e-08	-1.30339234842967	0.183	0.11	0.00134146452655696	LINC02446	c12
0.0743069349224612	-1.30253449269168	0.016	0.01	1	IPPK	c12
6.93131564268485e-05	-1.30123696826173	0.027	0.012	1	FICD	c12
0.127567398466228	-1.29744537432374	0.017	0.011	1	SGMS2	c12
8.35226439855591e-11	-1.29743608710246	0.237	0.135	3.05701229251545e-06	YWHAH	c12
1.9693553506822e-18	-1.29420533492371	0.137	0.06	7.20803751903191e-14	TNFRSF18	c12
2.13970565001094e-09	-1.29387128703626	0.199	0.115	7.83153664960502e-05	SPPL2A	c12
4.47561144736024e-13	-1.29333207389855	0.187	0.099	1.63811854584832e-08	LINC00892	c12
1.76382491000928e-07	-1.29289953718035	0.078	0.04	0.00645577555312498	CRTAM	c12
9.03299496551154e-09	-1.28993853031474	0.177	0.103	0.000330616648732688	TMEM30A	c12
0.115620856449131	-1.28923471600583	0.014	0.009	1	BRCA1	c12
2.64696805073612e-08	-1.28716681771673	0.153	0.088	0.000968816776249929	SNX10	c12
9.69109803709621e-06	-1.28639425958972	0.064	0.035	0.354703879255759	PIP4K2C	c12
0.000390675683739924	-1.28608667204382	0.034	0.018	1	INPP1	c12
0.0832967147055151	-1.28406177170399	0.016	0.01	1	PLD2	c12
0.283035037355546	-1.28319636242609	0.011	0.007	1	SEMA4A	c12
0.000986905064990449	-1.27976326955514	0.02	0.009	1	IL12RB2	c12
0.00171297807601593	-1.27964803081968	0.018	0.008	1	CAB39L	c12
3.79697246594055e-05	-1.27918625915084	0.528	0.322	1	IQGAP1	c12
2.16657336687727e-10	-1.27916184916189	0.021	0.005	7.9298751801075e-06	TRBV10-1	c12
6.69665907042767e-09	-1.27611242773571	0.162	0.093	0.000245104418636723	SLC4A7	c12
2.36518841815249e-09	-1.27568964145275	0.115	0.061	8.65682612927991e-05	CEP78	c12
0.0119884864504864	-1.27497248088325	0.024	0.014	1	WDR47	c12
2.06490073326646e-11	-1.27473225290889	0.095	0.044	7.55774317382855e-07	AC090152.1	c12
0.0869304131080635	-1.27415978199806	0.012	0.007	1	ASPM	c12
0.0234919030530746	-1.27372763693354	0.013	0.007	1	FTCDNL1	c12
0.11836069441904	-1.27296112055504	0.011	0.006	1	DEFB1	c12
0.000892868008398132	-1.2723753755144	0.047	0.027	1	ENG	c12
0.192331946311691	-1.27221107665834	0.01	0.006	1	CLDND2	c12
0.000194757311968732	-1.27211794760537	0.056	0.033	1	HMGCR	c12
0.0598553343458609	-1.27188268882882	0.014	0.008	1	FAM83G	c12
4.19175147499016e-06	-1.27148299344858	0.054	0.028	0.153422295736115	RNF121	c12
2.19246778329504e-05	-1.27094425861266	0.055	0.03	0.802465133363817	FBXO6	c12
0.00798202598038718	-1.27026149339914	0.05	0.033	1	FOSL2	c12
3.32420649815534e-05	-1.27013477342889	0.041	0.021	1	PANK3	c12
0.0278893346714617	-1.26980482591392	0.015	0.008	1	SOX4	c12
0.896991183907883	-1.26938116640851	0.5	0.361	1	CD8B	c12
0.0238743473242248	-1.26883508336928	0.017	0.01	1	ACSF2	c12
0.0748111298429155	-1.26817887057346	0.048	0.035	1	MNDA	c12
0.0397811999900567	-1.26705727870316	0.022	0.014	1	GNE	c12
0.0663599536045935	-1.26692716683744	0.014	0.008	1	COA7	c12
0.00228592536739422	-1.26666247750505	0.015	0.007	1	LENG9	c12
0.133604354020928	-1.26608365296074	0.015	0.01	1	RFC3	c12
0.000800070767391489	-1.26540389138653	0.048	0.028	1	FUCA1	c12
0.130985591382066	-1.26445762363918	0.019	0.013	1	NDC1	c12
0.0261327587376753	-1.26441182266714	0.034	0.022	1	GNA15	c12
0.000502538252376855	-1.26287541125256	0.026	0.012	1	ZNF678	c12
1.08611311112214e-05	-1.25884649939102	0.072	0.041	0.397528259801814	UBE2W	c12
0.128539706992153	-1.25749087555116	0.013	0.008	1	HILPDA	c12
0.00034959006068165	-1.25740815318555	0.036	0.019	1	C11orf80	c12
0.00182847850377138	-1.25667364446135	0.013	0.005	1	CBX8	c12
0.00120314151727894	-1.25599272336069	0.035	0.019	1	RRM2B	c12
0.000231412138085024	-1.25576983523393	0.039	0.021	1	ETV7	c12
1.62885857277607e-06	-1.25556075422359	0.048	0.023	0.059617852622177	RRAS2	c12
4.14084989040966e-07	-1.25514631072057	0.079	0.042	0.0151559246838884	ARHGAP10	c12
0.000954102685564453	-1.25448678743339	0.053	0.032	1	GPR137B	c12
0.012287067705464	-1.25426637854445	0.021	0.012	1	KBTBD7	c12
1.73991361426388e-05	-1.25394538447988	0.073	0.042	0.636825781956723	SGMS1	c12
0.0309853307197117	-1.2514859745041	0.014	0.007	1	ZNF528	c12
0.000915193574936078	-1.25127912145925	0.035	0.019	1	HEATR3	c12
0.00180210777937184	-1.24915446189021	0.024	0.013	1	LARS2	c12
0.0132625663190449	-1.24888972527317	0.032	0.02	1	MRPL30	c12
0.000503741519797821	-1.24828305403333	0.026	0.012	1	TMEM79	c12
3.05710139459845e-08	-1.2482009852426	0.094	0.049	0.00111892968143698	PERP	c12
0.0709867060808586	-1.24796844935446	0.018	0.011	1	IFIT1	c12
3.24607960427527e-10	-1.24744002469141	0.256	0.149	1.18809759596079e-05	MAP4	c12
1.42673449544357e-07	-1.24728601970972	0.091	0.049	0.00522199092677299	NPTN	c12
2.23560838045865e-11	-1.24723486423298	0.091	0.043	8.1825502333167e-07	SLC5A3	c12
0.00772296111565128	-1.24718035335261	0.013	0.006	1	DCLRE1A	c12
0.010497003713481	-1.24575932318218	0.013	0.006	1	SLC4A8	c12
0.0535894646747581	-1.24246892111664	0.013	0.007	1	AC005332.6	c12
0.000312922419065706	-1.24069511463563	0.031	0.015	1	PPP1R12B	c12
0.011303532328844	-1.24047039220357	0.019	0.01	1	PRICKLE3	c12
9.87049241237433e-12	-1.23948655600402	0.143	0.074	3.61269892785313e-07	ITCH	c12
0.0998936005961552	-1.23870993449436	0.01	0.005	1	CXCL3	c12
9.57480307625406e-11	-1.23519515723862	0.123	0.063	3.50447367393975e-06	ATP8A1	c12
0.00278279201430088	-1.23474691867332	0.662	0.398	1	CKLF	c12
1.08726750159012e-07	-1.23347318990761	0.11	0.061	0.00397950778257001	EXOC5	c12
2.47452033286666e-08	-1.23310321038166	0.115	0.063	0.000905699187032525	AHR	c12
0.0129176429520668	-1.23224713304471	0.018	0.01	1	EVI5	c12
1.22332254551911e-06	-1.2306979338051	0.132	0.079	0.0447748284885449	IFNGR1	c12
0.00603573468921514	-1.22728886495594	0.038	0.024	1	SMARCAL1	c12
5.10335492334259e-09	-1.22627745516484	0.104	0.055	0.000186787893549262	SKAP2	c12
0.00175911168650403	-1.22460066027554	0.029	0.015	1	NUP35	c12
0.0621757643081908	-1.22434528139924	0.02	0.013	1	PHF13	c12
2.53535293618444e-14	-1.22397445820248	0.297	0.161	9.27964528172866e-10	SAMD3	c12
0.000292222462424109	-1.22318120229517	0.028	0.013	1	B3GLCT	c12
6.72613679390229e-05	-1.22303388298002	0.093	0.057	1	RAB35	c12
1.76582104782993e-07	-1.22239579027686	0.165	0.099	0.00646308161716232	TNFRSF1A	c12
0.0142870496253834	-1.22189469293568	0.023	0.014	1	STARD4	c12
1.19751666734933e-05	-1.22165264698892	0.062	0.033	0.438303075416528	GTF2A1	c12
0.0382447560080514	-1.22068474842751	0.017	0.01	1	GPD2	c12
0.00359559732732065	-1.2201174370017	0.022	0.012	1	NPL	c12
0.0108218552995392	-1.22004874418812	0.018	0.01	1	SLC2A13	c12
6.6959790262535e-14	-1.21946461999206	0.165	0.083	2.45079528339904e-09	SEL1L	c12
1.13893050202068e-12	-1.21663378520636	0.157	0.081	4.16859953044588e-08	LYST	c12
0.00645045122993349	-1.21650669751397	0.059	0.039	1	RETN	c12
2.4054635036453e-12	-1.21611919333782	0.326	0.184	8.80423696969215e-08	RGCC	c12
3.57021189550406e-06	-1.21567490458666	0.134	0.082	0.130673325587344	CALHM2	c12
8.33173225729986e-06	-1.21266328529974	0.057	0.03	0.304949732349432	TMEM273	c12
1.44600413505549e-12	-1.21253656229888	0.39	0.219	5.2925197347166e-08	IKZF3	c12
3.43067956971395e-16	-1.20922754875849	0.102	0.043	1.255663029311e-11	LINC02084	c12
0.00567430353863549	-1.20910809788145	0.029	0.016	1	PLA2G15	c12
4.86702691906181e-06	-1.20854870884903	0.052	0.026	0.178138052264581	GK5	c12
1.93483029616673e-11	-1.20799764148296	0.352	0.201	7.08167236699985e-07	MYO1F	c12
0.000464303028115136	-1.20681294055168	0.04	0.022	1	SEC24A	c12
7.90950946091186e-05	-1.2063518030681	0.068	0.04	1	ABHD5	c12
3.08085850210695e-05	-1.20494285821036	0.028	0.012	1	RALGPS1	c12
0.0144598222704909	-1.20461804736918	0.031	0.019	1	HAVCR2	c12
0.00601030211136531	-1.20438850158428	0.044	0.028	1	C11orf24	c12
1.53047553088943e-15	-1.2041717092174	0.313	0.167	5.60169349060841e-11	CHST12	c12
3.44727885967859e-14	-1.20317232156897	0.172	0.087	1.26173853543096e-09	CD81	c12
1.77365135076924e-07	-1.20283681330838	0.06	0.029	0.00649174130895049	BCL2L11	c12
1.51032891946294e-138	-1.20114468116929	0.998	0.959	5.52795487812632e-134	CD74	c12
1.58490747942972e-05	-1.20061525924617	0.039	0.019	0.580091986546072	PROSER3	c12
0.00729782696014105	-1.20041226928307	0.022	0.012	1	ZNF28	c12
7.26803112568668e-16	-1.19971542303019	0.296	0.156	2.66017207231258e-11	EFHD2	c12
0.0138132745605146	-1.19907320822789	0.019	0.011	1	PCTP	c12
0.0530558258987228	-1.19893184961457	0.015	0.009	1	TLE1	c12
0.00200858521345936	-1.19777550739633	0.019	0.009	1	WEE1	c12
5.21038302765162e-05	-1.19740241233257	0.049	0.026	1	GLA	c12
4.28964424483448e-11	-1.19626267099463	0.151	0.081	1.57005269005187e-06	PTPRE	c12
6.56979183602115e-10	-1.1953464900744	0.107	0.055	2.4046095099021e-05	S100PBP	c12
0.164334229350135	-1.19514736940914	0.013	0.008	1	WDHD1	c12
0.349087862260546	-1.19510017988134	0.01	0.007	1	AL157394.3	c12
5.67856273239509e-06	-1.19507197878495	0.066	0.036	0.207841074568393	SC5D	c12
4.70696884523034e-13	-1.19344580198461	0.137	0.068	1.72279766704276e-08	NEDD9	c12
1.37198988344238e-08	-1.19335103904195	0.113	0.061	0.000502162017238745	PPP1R16B	c12
0.000132114409588132	-1.19324767577558	0.033	0.016	1	PAFAH2	c12
0.00597782358553759	-1.19230988797111	0.014	0.006	1	BMP2K	c12
0.0207801478526261	-1.19207020242422	0.032	0.02	1	PFKFB3	c12
5.61538949702605e-13	-1.19163773164932	0.149	0.075	2.05528870980651e-08	LMO4	c12
6.07304632494775e-16	-1.19070185732107	0.167	0.081	2.22279568539412e-11	PPP3CA	c12
1.42951114485915e-10	-1.1906752073935	0.071	0.031	5.23215374129897e-06	COL6A2	c12
0.00178896945994015	-1.18955308706457	0.019	0.009	1	ZNF432	c12
8.29720742436941e-07	-1.18908652317695	0.03	0.012	0.0303686088939345	A2M-AS1	c12
0.000286857573549472	-1.18892362993808	0.03	0.015	1	PTPRM	c12
4.69453289960821e-10	-1.18794627323572	0.147	0.08	1.7182459865856e-05	SPAG9	c12
0.0249877819573207	-1.18715109073667	0.018	0.01	1	AC009779.2	c12
2.70170259379667e-05	-1.1852838806506	0.686	0.502	0.988850166355518	ANXA2	c12
0.0101196861380663	-1.18507707956642	0.021	0.012	1	WDCP	c12
0.0416282773687689	-1.1849590097431	0.01	0.005	1	WDR5B	c12
0.000787126827369817	-1.18478567281181	0.028	0.014	1	GBE1	c12
1.05474211261672e-10	-1.1845142005682	0.471	0.269	3.86046160638846e-06	KLRG1	c12
1.48482460706513e-08	-1.18421562085657	0.413	0.247	0.000543460654431909	ACP5	c12
0.00106159546319724	-1.18401586697568	0.046	0.027	1	RNF146	c12
2.6571191271621e-05	-1.18374825210184	0.051	0.027	0.9725321717326	BMPR2	c12
2.71679774191021e-06	-1.18359808382085	0.056	0.029	0.0994375141516555	PIK3C2A	c12
0.0101854464144042	-1.18345549645802	0.029	0.017	1	CCDC117	c12
2.28119071791514e-06	-1.18263281064388	0.041	0.019	0.0834938614664119	SCMH1	c12
0.0034813048448331	-1.18199192036429	0.024	0.013	1	ABHD4	c12
0.000540024688606144	-1.18058857908639	0.031	0.016	1	SLC39A11	c12
0.00312948998986233	-1.18020421538603	0.022	0.012	1	ZNF841	c12
3.51983760846392e-06	-1.1787302231595	0.034	0.015	0.128829576307388	MINPP1	c12
2.07867036123722e-06	-1.17835250842401	0.055	0.028	0.0760814138916435	MTMR12	c12
4.12715570107178e-06	-1.17824012062174	0.023	0.009	0.151058025814928	TANC2	c12
0.0299817298845925	-1.17810283068956	0.029	0.019	1	MTRNR2L1	c12
0.0226579314488461	-1.17790700945917	0.012	0.006	1	ARPIN	c12
0.00298879291584367	-1.17723968861518	0.015	0.007	1	FCRLB	c12
3.81937100512764e-10	-1.17717931928798	0.145	0.078	1.39792798158677e-05	ANXA4	c12
3.52219467922329e-09	-1.17670944053151	0.097	0.05	0.000128915847454252	TMEM33	c12
2.6766309587421e-07	-1.17498446843554	0.061	0.03	0.00979673697209196	WDR44	c12
0.00143256003836685	-1.17480769028854	0.051	0.031	1	GM2A	c12
0.0332976314445655	-1.17447197622166	0.011	0.005	1	AC135457.1	c12
1.15719757899935e-10	-1.17427546377198	0.063	0.026	4.23545885889552e-06	ARHGAP26	c12
2.62449894869983e-19	-1.1736493413811	0.207	0.099	9.60592860213626e-15	SLC39A10	c12
0.00206523320775907	-1.17263388351966	0.017	0.008	1	NCAPH	c12
0.0216099949285154	-1.17230389792085	0.019	0.011	1	ADAP1	c12
0.00171288593816424	-1.17185627620368	0.017	0.008	1	SERAC1	c12
6.19696707161802e-06	-1.17159624595877	0.057	0.03	0.226815191788291	HELZ2	c12
0.0173780837057884	-1.1712458603614	0.021	0.012	1	WDR34	c12
5.90024936468711e-05	-1.16887178521575	0.05	0.027	1	PRKCD	c12
3.56343467015471e-15	-1.16672692585494	0.167	0.082	1.30425272362333e-10	DDAH2	c12
0.00193157809584379	-1.1647999900669	0.02	0.01	1	FADS3	c12
0.0136123179333036	-1.16274895926913	0.029	0.017	1	SHTN1	c12
0.00101632134459656	-1.16247738566917	0.024	0.012	1	ENTPD1	c12
0.000312801015552254	-1.1605424034305	0.023	0.011	1	PPP1R3D	c12
5.04850687843324e-06	-1.16037410763181	0.035	0.016	0.184780400257535	RFXAP	c12
0.0424597284826622	-1.15909968479361	0.012	0.006	1	MYLK-AS1	c12
0.0995154550025046	-1.15844499658412	0.01	0.005	1	TRIM3	c12
0.000820392288161361	-1.15761289582194	0.023	0.011	1	MFAP3	c12
3.12113985773188e-08	-1.15630736588199	0.064	0.03	0.00114236839932844	TUBB2A	c12
4.44208592823541e-13	-1.15398730813157	0.333	0.185	1.62584787059344e-08	APMAP	c12
0.00211906265648793	-1.15374491549002	0.03	0.016	1	NAA40	c12
3.65862462603685e-10	-1.1532269975618	0.087	0.042	1.33909319937575e-05	GFPT1	c12
1.24090852965945e-09	-1.15317881098834	0.196	0.113	4.54184930940654e-05	YARS	c12
2.02221521460416e-06	-1.15248924392995	0.041	0.019	0.074015099069727	ZNF621	c12
0.0444974833533723	-1.15204608335245	0.012	0.006	1	SOWAHD	c12
5.97036507835195e-07	-1.15172146424289	0.032	0.013	0.021852133223276	NAB1	c12
0.00999518961712822	-1.15153285535379	0.012	0.005	1	ZNF440	c12
1.2901329332545e-08	-1.15146430030136	0.072	0.035	0.000472201554900478	CLASP1	c12
3.65054988663246e-13	-1.15092559993593	0.145	0.072	1.33613776400635e-08	MAP3K8	c12
1.65718124876184e-09	-1.1506701643947	0.416	0.244	6.06544908859322e-05	ID2	c12
5.40140585326387e-05	-1.15019180931082	0.046	0.024	1	ZFYVE16	c12
0.0238301093777032	-1.14908178331526	0.012	0.006	1	LRP8	c12
0.0253104886754744	-1.14799409473226	0.027	0.017	1	SLC35A5	c12
7.1194998700562e-06	-1.14696231045466	0.043	0.02	0.260580814743927	GNGT2	c12
8.0523625583522e-09	-1.14271946612896	0.15	0.085	0.000294724521998249	SLA2	c12
1.98010311684328e-11	-1.14260632706695	0.284	0.164	7.24737541795809e-07	MTRNR2L8	c12
0.000747302796465167	-1.14237360862335	0.035	0.019	1	CD14	c12
0.0306653633935508	-1.14227763983853	0.029	0.019	1	FAR2	c12
0.00357093584999874	-1.14147373720514	0.051	0.032	1	TREM2	c12
0.000965411834545277	-1.14119926715927	0.033	0.018	1	GMNN	c12
1.11461145345108e-11	-1.14101331044907	0.076	0.033	4.07958938077631e-07	NPC1	c12
1.15991799525773e-07	-1.14041341155243	0.124	0.071	0.00424541585444282	MTHFD2	c12
0.0037316583916726	-1.13988566000438	0.031	0.018	1	MED18	c12
8.13865913165421e-13	-1.13857953008959	0.271	0.151	2.97883062877676e-08	NIBAN1	c12
0.00355629727815719	-1.13669076259602	0.011	0.004	1	AC025181.2	c12
0.0303513109298193	-1.13595963033278	0.019	0.011	1	RTN4IP1	c12
4.21533396448435e-11	-1.13415670684879	0.106	0.052	1.54285438434092e-06	MFAP1	c12
0.216746579462207	-1.13345456008123	0.01	0.006	1	ADAMTSL4	c12
0.0951368357786583	-1.1328923555985	0.011	0.006	1	NUDT6	c12
0.00357937186319715	-1.13198072103626	0.01	0.004	1	SPIN4	c12
0.0344280008513769	-1.13179559807789	0.024	0.015	1	LPAR5	c12
4.9777253643095e-07	-1.13154513010854	0.037	0.016	0.0182189726059092	AJM1	c12
3.4908653867786e-09	-1.13104115348381	0.055	0.024	0.000127769164021483	IQCG	c12
2.42239752433367e-15	-1.13047669470092	0.193	0.098	8.86621717881367e-11	GPRIN3	c12
4.55647106088175e-05	-1.12946520842475	0.045	0.023	1	TRIB3	c12
8.6384371869283e-10	-1.12887445640847	0.09	0.044	3.16175439478763e-05	CCDC88A	c12
2.53183385194435e-07	-1.12885437726832	0.048	0.022	0.00926676508150153	SYNJ1	c12
0.000524498690066875	-1.12884126257311	0.015	0.006	1	CCNYL1	c12
8.09644192758854e-17	-1.12807358237371	0.233	0.119	2.96337870991668e-12	CBLB	c12
1.15216106599736e-44	-1.12791151002482	0.938	0.763	4.21702471765692e-40	S100A11	c12
0.00099857616355898	-1.12774719019551	0.013	0.005	1	MDK	c12
0.000112204035168667	-1.12761039666737	0.039	0.02	1	DOP1A	c12
0.00111848332020631	-1.12644868204621	0.03	0.016	1	TMEM53	c12
1.77377091535649e-08	-1.1251870276673	0.115	0.063	0.000649217892729631	SS18	c12
5.85407617661487e-08	-1.12488454973834	0.06	0.028	0.00214265042140281	TRIM25	c12
1.77951755930289e-12	-1.12456126772377	0.193	0.104	6.5132122188045e-08	LAMP2	c12
1.27896274216083e-14	-1.12368096461857	0.221	0.116	4.68113153258284e-10	CTSH	c12
2.50644062272244e-07	-1.12361962122807	0.067	0.034	0.0091738233232264	PPP4R1	c12
0.0541707325840766	-1.12299401203654	0.016	0.01	1	ME1	c12
0.00164159696051551	-1.12262388300447	0.024	0.012	1	ZNF468	c12
6.20835196043321e-07	-1.1223709460595	0.046	0.021	0.0227231890103816	TPRG1	c12
1.84104040975823e-09	-1.12012360889951	0.114	0.06	6.73839200375609e-05	CBFB	c12
7.62191053224874e-10	-1.11956130830234	0.097	0.048	2.78969547390836e-05	OSBPL11	c12
2.60848572259742e-05	-1.11839647936925	0.029	0.013	0.95473185932788	MIER3	c12
6.56192911081753e-06	-1.1157587026284	0.044	0.021	0.240173167385032	MINDY3	c12
1.79957947538607e-06	-1.11570560739825	0.046	0.022	0.0658664083786055	CBR4	c12
3.37584949773937e-07	-1.11489240264772	0.061	0.03	0.0123559467466759	PAK1	c12
1.00467711342733e-11	-1.11424002750892	0.11	0.053	3.67721870285539e-07	ACBD5	c12
0.0156744644736464	-1.11415500884667	0.01	0.004	1	IFNL1	c12
1.67573572223063e-05	-1.11293136028248	0.032	0.014	0.613336031693633	WDR35	c12
1.71323435316909e-19	-1.11235197417256	0.249	0.123	6.27060905603419e-15	SYTL3	c12
2.09987944277639e-14	-1.11223867844394	0.209	0.109	7.68576874850587e-10	RAB8B	c12
0.00186263078958064	-1.11214356974792	0.03	0.016	1	SNTB1	c12
0.000286492728467321	-1.11202302351505	0.031	0.015	1	C4orf33	c12
1.40774142541833e-20	-1.11149759490488	0.404	0.207	5.15247439117361e-16	SYNE1	c12
2.72853451252148e-09	-1.11073005285032	0.12	0.064	9.98670916927988e-05	NIPA2	c12
0.000687116041914373	-1.11033488042317	0.027	0.013	1	ZFYVE1	c12
6.50891991159218e-10	-1.1100084449423	0.062	0.027	2.38232977684185e-05	SNAPC3	c12
0.00107751102336026	-1.10999976338553	0.031	0.016	1	RFWD3	c12
0.00434567058931164	-1.10984278075756	0.014	0.006	1	IPO9-AS1	c12
1.556528374913e-11	-1.10970380138203	0.396	0.225	5.69704950501908e-07	GLIPR2	c12
2.72741884734104e-17	-1.10905291073174	0.217	0.108	9.98262572315294e-13	CCDC47	c12
0.00108335668438893	-1.10879972378875	0.01	0.003	1	CYP3A5	c12
2.22247850743102e-09	-1.10694354119869	0.103	0.053	8.13449358504826e-05	GBF1	c12
4.26892215726428e-05	-1.10674564869786	0.041	0.021	1	MYO1C	c12
0.000759308764219512	-1.10566820672465	0.038	0.021	1	CNEP1R1	c12
0.00460716834015134	-1.10484592710618	0.017	0.008	1	MTMR8	c12
5.67032302671016e-07	-1.10415934245695	0.052	0.025	0.0207539493100618	INTS9	c12
5.93822219647053e-12	-1.10390475399322	0.133	0.067	2.17344870613018e-07	ANTXR2	c12
1.60394840525715e-07	-1.1028943717216	0.07	0.035	0.00587061155808171	MFSD6	c12
5.87691652959349e-11	-1.10285562268445	0.082	0.037	2.15101021899651e-06	ARHGAP35	c12
0.00412314062552013	-1.10275739929298	0.024	0.013	1	MTMR10	c12
3.03796649338468e-08	-1.10266649187736	0.07	0.034	0.00111192611624373	BLZF1	c12
0.00272538976188908	-1.10252764720002	0.022	0.011	1	RBMS2	c12
1.26227392437425e-08	-1.10118273741139	0.078	0.038	0.00046200487906022	TOR1AIP2	c12
1.42299018763379e-06	-1.09954497309	0.041	0.019	0.0520828638575842	SRD5A1	c12
1.91444130027727e-05	-1.09943521859219	0.05	0.026	0.700704660314484	LINC002481	c12
9.91380754062236e-05	-1.09936759403896	0.029	0.013	1	VKORC1L1	c12
1.13262461269725e-06	-1.09917867857885	0.057	0.029	0.0414551934493321	ATP6V1C1	c12
1.015968423918e-06	-1.09799589566713	0.041	0.019	0.0371854602838226	ALCAM	c12
1.75517308917102e-07	-1.09743467235868	0.06	0.029	0.00642410902367484	TRMT11	c12
3.1859832421142e-16	-1.09723495262163	0.209	0.105	1.16610172644622e-11	CCPG1	c12
7.32936420433869e-05	-1.09674872795559	0.023	0.01	1	GNAO1	c12
0.00122314262501106	-1.09583281323506	0.028	0.014	1	FBXO5	c12
3.32231168755736e-11	-1.09546869602166	0.23	0.129	1.21599930076287e-06	PRNP	c12
4.33260702182127e-22	-1.09538384255431	0.209	0.096	1.5857774960568e-17	PARP14	c12
4.10804543500501e-12	-1.09470243489446	0.093	0.042	1.50358570966619e-07	MIDN	c12
9.77265909339904e-06	-1.09409909058017	0.04	0.019	0.357689095477498	MAPK7	c12
0.000802297790934041	-1.09359354901858	0.015	0.006	1	LINC02352	c12
0.0741864675562691	-1.09335894085408	0.01	0.005	1	BCL6	c12
7.00450255909923e-10	-1.09307450013044	0.09	0.044	2.56371798165591e-05	AP3M1	c12
2.03497900215317e-07	-1.09136003082297	0.053	0.025	0.00744822664578081	APOBEC3F	c12
5.04177308394806e-11	-1.09117255581142	0.113	0.056	1.84533936645583e-06	NSUN2	c12
3.5553252115572e-11	-1.08995203409745	0.129	0.066	1.30128458068205e-06	PLSCR1	c12
2.87039360401066e-08	-1.0898623412935	0.08	0.04	0.00105059276300394	PPIF	c12
6.65246543915099e-05	-1.08972531403465	0.031	0.014	1	LIMK1	c12
0.00798488368433282	-1.08962349518938	0.02	0.011	1	PGBD2	c12
2.30668271001459e-10	-1.08804492642301	0.062	0.026	8.44268938692438e-06	ATG7	c12
1.48148336702212e-14	-1.08729519344418	0.32	0.175	5.42237727163766e-10	THEMIS	c12
0.204501878928223	-1.08709584220813	0.011	0.007	1	DCLRE1B	c12
5.14141799906755e-08	-1.0865348947743	0.079	0.04	0.00188181040183871	PPP1R15B	c12
3.5918968507102e-08	-1.08597542866873	0.591	0.345	0.00131467016632844	ITGA4	c12
0.000169604356290975	-1.08588440947021	0.027	0.012	1	GCLC	c12
1.54292912997328e-05	-1.0849629760115	0.023	0.009	0.56472749086152	RAP2C-AS1	c12
8.60403658827928e-08	-1.08390279884643	0.087	0.046	0.0031491634316761	SLC7A5	c12
0.0129651350468071	-1.08258066377727	0.011	0.005	1	CDYL2	c12
4.66236886480216e-13	-1.08238591087486	0.087	0.038	1.70647362820624e-08	PLEKHM1	c12
0.00318283731017019	-1.08149575472791	0.016	0.007	1	FOXP4	c12
6.0112956628301e-05	-1.08143726310503	0.049	0.026	1	AC007384.1	c12
0.141931438364571	-1.08121660929375	0.012	0.007	1	NEU3	c12
6.71017847591023e-10	-1.08080054951432	0.087	0.042	2.4559924239679e-05	GNS	c12
1.04057865360283e-11	-1.07933797536418	0.082	0.036	3.80862193005172e-07	E2F3	c12
1.33665266974078e-10	-1.07868399036516	0.084	0.039	4.89228243651824e-06	KIF3B	c12
0.00206662702788317	-1.07848516283067	0.017	0.008	1	AC021054.1	c12
0.000900465560565075	-1.0781037352882	0.028	0.014	1	SNX8	c12
4.60308597887822e-08	-1.07697095729861	0.105	0.057	0.00168477549912922	VAMP3	c12
3.15751904084865e-07	-1.0751153793757	0.104	0.059	0.0115568354414101	CYSTM1	c12
2.29104639495099e-07	-1.07374960961278	0.096	0.053	0.00838545891016013	YWHAG	c12
0.0206595146186173	-1.07280775440006	0.018	0.01	1	NICN1	c12
2.30938580088219e-20	-1.07117717020579	0.249	0.122	8.45258296980891e-16	ITGAE	c12
0.000183120834786079	-1.0711310784464	0.05	0.028	1	PPM1D	c12
3.25561082816822e-14	-1.07097816561234	0.096	0.041	1.19158611921785e-09	ZNF335	c12
2.66671433949743e-08	-1.07044600518767	0.06	0.027	0.000976044115399453	KCTD7	c12
2.9959135183907e-10	-1.07027058800375	0.097	0.048	1.09653430686618e-05	TFIP11	c12
0.00145883773032407	-1.06921123398598	0.049	0.03	1	SMCO4	c12
6.33112999407121e-08	-1.06744672492205	0.08	0.041	0.00231725688913	KPNA2	c12
2.0464999066719e-10	-1.06726921005903	0.099	0.049	7.49039430840984e-06	CPD	c12
0.0715877773027115	-1.06696541087559	0.019	0.012	1	DOLPP1	c12
1.03211128068838e-10	-1.0666616597794	0.089	0.042	3.77763049844754e-06	MTMR6	c12
8.29199247939035e-07	-1.06619064230338	0.053	0.026	0.0303495216738166	RETSAT	c12
9.70228352409801e-07	-1.06569025398045	0.028	0.01	0.0355113279265511	PTCH1	c12
1.44820302454733e-06	-1.06363515152315	0.168	0.104	0.0530056789014568	LINC01871	c12
3.1554648988729e-07	-1.06321234498077	0.832	0.586	0.0115493170763647	LCP1	c12
6.71416822178366e-08	-1.06310845240389	0.05	0.022	0.00245745271085504	TOP3A	c12
0.000217343381102015	-1.0631016817898	0.02	0.009	1	ZNF776	c12
6.69683080561224e-14	-1.06288823255685	0.457	0.25	2.45110704316214e-09	GNG2	c12
0.0016879336222483	-1.06217784586826	0.043	0.025	1	PIAS3	c12
2.02360808515203e-09	-1.06200217247817	0.1	0.051	7.40660795246495e-05	VPS41	c12
0.000166078785663797	-1.06130662373577	0.017	0.007	1	EXTL2	c12
4.09620398672149e-10	-1.06118408124469	0.102	0.051	1.49925162117993e-05	ACSL4	c12
2.3586301526468e-07	-1.06048601933585	0.037	0.015	0.00863282222170256	FAM200A	c12
0.243785324604455	-1.06015969561492	0.762	0.521	1	AHNAK	c12
2.11920378152644e-13	-1.05930607385021	0.169	0.087	7.75649776076491e-09	SLC25A24	c12
0.000796824835915801	-1.05883508064665	0.018	0.008	1	ZFAT	c12
1.4222581632976e-13	-1.05838370027309	0.178	0.092	5.20560710348554e-09	SAMSN1	c12
3.11156380846609e-13	-1.05811451589536	0.115	0.054	1.13886346953667e-08	SPTY2D1	c12
1.04095698359797e-09	-1.05741758492325	0.047	0.018	3.81000665566692e-05	IKZF2	c12
8.16399013587056e-10	-1.05638577554568	0.06	0.025	2.98810202962999e-05	GPR107	c12
2.21778712828992e-08	-1.05603493849083	0.071	0.035	0.000811732266825395	USP38	c12
3.7170746441542e-08	-1.05569347005176	0.139	0.08	0.00136048649050688	TARS	c12
0.281669442690585	-1.05538723006054	0.01	0.007	1	B3GNT8	c12
3.73774561768489e-09	-1.05484423848862	0.074	0.035	0.000136805227352885	SPTSSA	c12
5.46433058305764e-05	-1.05246533777012	0.049	0.026	1	INTS14	c12
1.5830745901959e-06	-1.05205756911672	0.033	0.014	0.05794211307576	NUGGC	c12
6.99676974659196e-10	-1.05162122821672	0.076	0.035	2.56088769495012e-05	TRAF6	c12
6.77178497554294e-19	-1.05054826261986	0.183	0.086	2.47854101889847e-14	GPR171	c12
9.36737343778449e-13	-1.04985419603197	0.133	0.066	3.4285523519635e-08	EED	c12
9.32838058352578e-16	-1.04970787957863	0.224	0.116	3.41428057737627e-11	EPS15	c12
0.00261892544684998	-1.04956291751082	0.017	0.008	1	ZNF280C	c12
0.830247583285621	-1.04922420843222	0.606	0.418	1	PSAP	c12
0.00966109995288234	-1.04890125524158	0.015	0.007	1	SPSB1	c12
2.02541363358095e-11	-1.04796215450215	0.112	0.055	7.41321644026964e-07	CGAS	c12
0.00115425810492231	-1.04741708343133	0.026	0.013	1	RP2	c12
0.000291309449685647	-1.04678719992725	0.029	0.014	1	KIAA1841	c12
1.43845235137562e-08	-1.04632597290115	0.06	0.027	0.000526487945126991	C5orf22	c12
0.00121613751433729	-1.04607580996077	0.021	0.01	1	ZFP1	c12
7.22170993401458e-08	-1.04594431931607	0.038	0.015	0.00264321805294868	ARHGAP31	c12
0.0363980745442568	-1.0453362395723	0.018	0.011	1	KCTD12	c12
8.26512028528381e-12	-1.04531633378773	0.09	0.041	3.02511667561673e-07	SEL1L3	c12
6.37321575608061e-05	-1.04505707863122	0.024	0.01	1	CHAC2	c12
1.3658652132476e-09	-1.04448034047026	0.054	0.023	4.99920326700755e-05	SLC9A6	c12
0.000451909480505136	-1.0441885195329	0.031	0.016	1	CYTH3	c12
3.61107951833112e-23	-1.04407619688993	0.287	0.138	1.32169121450437e-18	JAML	c12
0.000870626318880272	-1.04380318033136	0.02	0.009	1	RTTN	c12
0.0193569482312263	-1.04339395801578	0.02	0.012	1	RELT	c12
9.2868560774235e-11	-1.04311946838016	0.076	0.034	3.39908219289777e-06	TOR1B	c12
1.57760624981801e-08	-1.04193742264769	0.066	0.031	0.000577419663495889	TBC1D7	c12
3.0179078226754e-06	-1.04129777627928	0.073	0.04	0.110458444217742	BTBD1	c12
3.3088574307493e-06	-1.04021593250645	0.036	0.016	0.121107490822855	CLPB	c12
0.00134992289832662	-1.03961412560238	0.678	0.413	1	EZR	c12
2.2241913529792e-05	-1.03900978572695	0.039	0.019	0.814076277103918	STK38L	c12
6.70317818210846e-12	-1.03873963353605	0.06	0.023	2.45343024643352e-07	TRAV6	c12
0.000644327517848273	-1.03813926876226	0.02	0.009	1	CAMK1	c12
2.98880514774462e-20	-1.03813235906917	0.213	0.1	1.09393257212601e-15	ARPP19	c12
0.000307432600437289	-1.03782375253715	0.015	0.006	1	DONSON	c12
2.92628467202989e-15	-1.03707492128776	0.209	0.107	1.07104945280966e-10	CD151	c12
0.0012831348951956	-1.03661174261498	0.015	0.006	1	ZNF417	c12
0.000286723052130435	-1.03658283560888	0.022	0.01	1	LTB4R	c12
8.63827808431048e-07	-1.03625731259888	0.022	0.008	0.0316169616163848	TRGV5P	c12
9.32252306448078e-09	-1.03617504847342	0.059	0.026	0.000341213666683061	NUP155	c12
6.3887804106165e-05	-1.03565258274133	0.039	0.02	1	CASS4	c12
5.91419606768216e-12	-1.03412291275093	0.156	0.082	2.16465490273235e-07	RMDN3	c12
4.39920645900584e-09	-1.03264257197406	0.076	0.036	0.000161015355606073	FUT8	c12
0.000335242149715059	-1.03179064341106	0.018	0.007	1	NFE2L3	c12
0.0033185836010897	-1.03136894709914	0.014	0.006	1	ZNRF2	c12
2.76848214613429e-08	-1.03134056484943	0.054	0.024	0.00101329215030661	TTC21B	c12
0.270079067770249	-1.030599895615	0.011	0.007	1	TNNI2	c12
0.0139038089289193	-1.03054088973976	0.013	0.006	1	HARBI1	c12
3.30283685347374e-17	-1.03022172668142	0.13	0.057	1.20887131673992e-12	VIRMA	c12
3.63102801241511e-07	-1.02990497499892	0.044	0.019	0.0132899256282405	C12orf4	c12
0.19795037542114	-1.02986753816392	0.01	0.006	1	LATS2	c12
2.98795325671783e-16	-1.02853557190406	0.133	0.06	1.09362077149129e-11	DNM1L	c12
9.80800512866602e-13	-1.02833841789694	0.059	0.022	3.58982795714305e-08	DEPDC5	c12
0.000279828487041187	-1.02800406401565	0.027	0.013	1	ARL5B	c12
2.26540864288224e-08	-1.02795122403993	0.188	0.112	0.000829162217381327	LIPA	c12
5.86631186839781e-20	-1.02764715754093	0.173	0.078	2.14712880695228e-15	AGPAT2	c12
0.00109387481716221	-1.02668229065128	0.034	0.019	1	AP4E1	c12
5.49860228947909e-06	-1.02624609546969	0.044	0.021	0.201254342397224	GPR18	c12
1.39897665894691e-18	-1.02611974374949	0.135	0.058	5.12039446941159e-14	HPS3	c12
1.72624290895918e-10	-1.02561725636973	0.097	0.047	6.3182216710815e-06	TXLNA	c12
0.00213602656569846	-1.02521774943467	0.02	0.01	1	TVP23C	c12
6.5896921952631e-16	-1.02459286333723	0.196	0.099	2.41189324038825e-11	DIP2A	c12
0.00110955746612947	-1.02444481566382	0.024	0.012	1	ZBED6	c12
9.20106809100373e-15	-1.02377815426702	0.149	0.072	3.36768293198827e-10	CERT1	c12
6.16810072451796e-09	-1.02373862598449	0.082	0.041	0.000225758654618082	RNF14	c12
5.83001463712822e-06	-1.02350085434368	0.057	0.03	0.21338436573353	PRXL2C	c12
8.51568092944559e-07	-1.02297813311554	0.03	0.012	0.0311682437698638	ZNF778	c12
1.04392922148286e-05	-1.022753378132	0.04	0.019	0.382088534354941	CCDC50	c12
8.12454104317765e-14	-1.02198524793681	0.174	0.09	2.97366326721345e-09	OSTM1	c12
9.05832532400333e-07	-1.02179791461617	0.024	0.009	0.0331543765183846	LINC01684	c12
0.00819931887284988	-1.0214029281906	0.012	0.005	1	SNX24	c12
0.0012977101628208	-1.02112334877577	0.013	0.005	1	MXD3	c12
0.000276917526186297	-1.02108272360311	0.023	0.011	1	PRMT6	c12
3.52994572122977e-05	-1.01888182878714	0.031	0.014	1	DAG1	c12
4.97183992549002e-16	-1.01766704099355	0.183	0.09	1.8197431311286e-11	RALGDS	c12
0.000186901841345593	-1.01718816791333	0.039	0.021	1	IFIT3	c12
5.65940388030372e-09	-1.01706732735078	0.06	0.027	0.000207139841422996	FHOD1	c12
5.04885645988239e-05	-1.01617769537819	0.049	0.026	1	ADAM15	c12
2.05033341591172e-05	-1.0143826036442	0.062	0.034	0.750442533557849	MAPK6	c12
1.0742455436126e-08	-1.01389087668238	0.051	0.022	0.000393184611417648	ZFP64	c12
0.0484221440348699	-1.01367381740093	0.012	0.006	1	CENPP	c12
8.95393718084891e-05	-1.01295881707522	0.034	0.017	1	BBS4	c12
1.49912810813885e-05	-1.01244469882967	0.033	0.015	0.548695878859901	MSANTD3	c12
0.244115087661854	-1.01204103901825	0.011	0.007	1	ASRGL1	c12
0.00687113029527067	-1.01202717498172	0.639	0.394	1	ANXA5	c12
1.52867075940299e-06	-1.01179335866833	0.056	0.028	0.055950878464909	ACOT4	c12
7.67702057005483e-15	-1.01179231624316	0.134	0.063	2.80986629884577e-10	TRGV10	c12
4.6240640096426e-06	-1.01165507193839	0.035	0.016	0.169245366816929	ITGAV	c12
2.41707503864196e-15	-1.01150442143338	0.089	0.036	8.84673634893342e-11	PCGF1	c12
3.29262613152465e-09	-1.01141406587866	0.05	0.021	0.000120513409039934	ZNF490	c12
1.7454511284721e-11	-1.0110590061228	0.106	0.052	6.38852567532073e-07	CHP1	c12
1.93450281835541e-12	-1.01103481666504	0.093	0.042	7.08047376546265e-08	KIF13B	c12
3.67334759212779e-12	-1.01093693250797	0.112	0.054	1.34448195219469e-07	SCARB2	c12
8.90708489116533e-06	-1.01079044741266	0.019	0.007	0.326008214101542	SOCS7	c12
3.86830416041211e-06	-1.01047775649274	0.03	0.012	0.141583800575244	ARHGAP21	c12
1.15502873425158e-25	-1.00965653847215	0.136	0.051	4.2275206702342e-21	DDIT3	c12
2.19109273126905e-08	-1.00936275645336	0.059	0.027	0.000801961850571784	POLR3A	c12
1.70440836844074e-23	-1.00923518118895	0.961	0.827	6.23830506932996e-19	MTRNR2L12	c12
6.42430401566919e-09	-1.00903179507391	0.06	0.027	0.000235135951277508	NMB	c12
3.07105007872097e-11	-1.00772576644044	0.099	0.047	1.12403503931266e-06	CDC16	c12
1.96922216080529e-19	-1.0076082126801	0.197	0.093	7.20755003076343e-15	TSG101	c12
3.70580990157142e-06	-1.00749013586082	0.038	0.017	0.135636348207415	AMIGO2	c12
1.8861337981289e-05	-1.006944704493	0.039	0.019	0.690343831453159	MANEA	c12
1.01490856234662e-24	-1.00661173730066	0.313	0.149	3.71466682904486e-20	RUNX3	c12
6.98897639501801e-21	-1.00637110609056	0.44	0.226	2.55803525034054e-16	GBP5	c12
1.02010526285391e-11	-1.00621747998055	0.099	0.047	3.73368727257161e-07	ADAM17	c12
0.329992992754458	-1.0061734039152	0.014	0.01	1	TOMM40L	c12
3.0388823805296e-11	-1.00608705947635	0.09	0.042	1.11226134009764e-06	MR1	c12
6.90718153989047e-10	-1.00538190479688	0.041	0.015	2.52809751541531e-05	AGO4	c12
0.00740908556171715	-1.00530031510204	0.027	0.015	1	UGDH	c12
0.00668471928183387	-1.00478106801847	0.017	0.009	1	IRAK3	c12
2.31510751082559e-07	-1.00455658690518	0.074	0.039	0.00847352500037273	MED21	c12
8.83646665429866e-05	-1.00447453330891	0.035	0.017	1	NDC80	c12
6.8036229040892e-17	-1.00378837256913	0.146	0.067	2.49019401912569e-12	DENND1B	c12
3.82234052300211e-11	-1.00373612285313	0.073	0.032	1.399014854824e-06	APOL1	c12
3.27946699161742e-08	-1.00354115749778	0.066	0.032	0.00120031771360189	RHBDF2	c12
2.81597710314973e-18	-1.00310679612838	0.37	0.193	1.03067577952383e-13	ACAA2	c12
1.34250632336526e-06	-1.00308375037996	0.861	0.6	0.049137073941492	CD2	c12
0.000465299348550487	-1.00248063547539	0.047	0.027	1	NCEH1	c12
0.00488888352123292	-1.00212592761761	0.015	0.007	1	AIFM2	c12
0.00014566261580181	-0.999705409126556	0.023	0.01	1	TMEM229B	c12
2.22415666090292e-17	-0.999658709969217	0.177	0.085	8.14063579457078e-13	TRIP12	c12
1.67631979139606e-06	-0.999230206628928	0.037	0.016	0.0613549806848873	ZNF562	c12
0.00226073107038272	-0.999187283312819	0.026	0.013	1	IL1RAP	c12
3.9849003376613e-08	-0.998956219201077	0.04	0.016	0.00145851337258741	OTUD7B	c12
4.21578504717414e-15	-0.998012354011113	0.447	0.243	1.54301948511621e-10	SH2D2A	c12
1.34222319701034e-05	-0.997841946087748	0.032	0.014	0.491267112337755	SLC25A44	c12
4.56857408557368e-10	-0.997675289180665	0.099	0.049	1.67214380106082e-05	TBK1	c12
1.45009411710531e-21	-0.997500507766127	0.186	0.084	5.30748947801714e-17	ASCC3	c12
0.000133541853925983	-0.99701431285947	0.029	0.014	1	CEP85	c12
0.0110161599998012	-0.996677604713119	0.016	0.008	1	PHLPP2	c12
1.2167911174575e-13	-0.995643059963927	0.086	0.036	4.45357716900619e-09	LPCAT1	c12
3.929926454764e-06	-0.994638286962731	0.05	0.025	0.143839238170817	PRIM2	c12
1.14515402832306e-05	-0.994537988046913	0.037	0.017	0.419137825906525	ZUP1	c12
0.0100836911698536	-0.993959554853663	0.014	0.007	1	GDAP1	c12
1.78724970884562e-15	-0.993741808212694	0.113	0.05	6.54151265934584e-11	ABR	c12
0.0265944471430576	-0.993723879528179	0.019	0.011	1	FOSB	c12
1.42446641877945e-19	-0.992960015733654	0.252	0.125	5.21368953937466e-15	CD58	c12
0.00636144419768932	-0.992336544786262	0.013	0.006	1	KCNQ1OT1	c12
0.00197766434746928	-0.992032295472288	0.033	0.018	1	PIGO	c12
7.88096966625746e-08	-0.991393142956937	0.149	0.087	0.00288451370754689	MYD88	c12
2.52968016554302e-21	-0.991092538094482	0.151	0.064	9.25888237390399e-17	ATXN1	c12
2.3892529498955e-18	-0.990294569669744	0.302	0.156	8.74490472191252e-14	SH2D1A	c12
0.000336324587352759	-0.988978330178781	0.018	0.007	1	MYO1D	c12
6.27778486774277e-05	-0.988791522682114	0.02	0.008	1	CHROMR	c12
3.40511691867151e-16	-0.988509715399903	0.171	0.083	1.24630684340296e-11	RABIF	c12
2.23935321657746e-07	-0.9883951667832	0.072	0.037	0.00819625670799516	TTC13	c12
2.17743098355036e-06	-0.988320882252831	0.024	0.009	0.0796961514289266	MTPAP	c12
0.00282104925522602	-0.987525398143187	0.022	0.011	1	GALNT4	c12
2.76951952825145e-05	-0.986768856825763	0.041	0.021	1	TMEM185A	c12
0.0020638402503637	-0.986210736742047	0.017	0.008	1	ZNF461	c12
0.00292075029107668	-0.985532196531913	0.02	0.01	1	ZNF230	c12
7.16136969124721e-13	-0.983390307568013	0.12	0.058	2.62113292069339e-08	MPST	c12
8.85452993024728e-11	-0.982318452726871	0.118	0.06	3.24084649976981e-06	ATP6V1B2	c12
6.24815536145297e-09	-0.98212421120866	0.055	0.024	0.00022868873438454	DLEU2	c12
0.000409511977559038	-0.982101838345295	0.024	0.012	1	EPN2	c12
1.74423056285455e-10	-0.982065254880071	0.074	0.033	6.38405828310395e-06	CSTF2	c12
7.21122364408182e-08	-0.981709675863394	0.046	0.02	0.00263937996597039	DCAF1	c12
2.21366105069507e-07	-0.981307397114716	0.066	0.033	0.00810222081164902	BARD1	c12
1.41020531509806e-23	-0.980911495309993	0.314	0.152	5.16149247379043e-19	APOL6	c12
1.16663511668049e-05	-0.980763524213425	0.051	0.026	0.427000119056225	RPS6KC1	c12
5.93204258410711e-15	-0.980385818413126	0.137	0.065	2.17118690620904e-10	CEBPG	c12
2.85793208692616e-05	-0.979981101681119	0.027	0.011	1	FAM169A	c12
0.000151150062083724	-0.979980151235744	0.03	0.014	1	HLA-DOA	c12
6.57966145292432e-17	-0.979888687384197	0.1	0.041	2.40822188838483e-12	RELL1	c12
1.25991599453647e-10	-0.979527219938375	0.068	0.029	4.61141853160295e-06	MOSPD2	c12
0.00361886128682351	-0.97947826929189	0.015	0.007	1	CCDC163	c12
0.0611268056841109	-0.979306477432618	0.011	0.006	1	FRMD4A	c12
1.17613224706398e-07	-0.978839907500937	0.045	0.019	0.00430476163747888	TMEM62	c12
0.000161194766977827	-0.978551553070975	0.02	0.008	1	EXO5	c12
1.40971778515172e-06	-0.978333559802859	0.056	0.028	0.0515970806543383	TTC7A	c12
1.03832848091566e-05	-0.978327721293243	0.045	0.022	0.38003860729994	TMEM184C	c12
5.98063182829544e-07	-0.978273189151063	0.054	0.026	0.0218897105547441	ACER3	c12
1.32715601515741e-14	-0.978264712003173	0.216	0.113	4.85752373107763e-10	LAP3	c12
0.00971068175058066	-0.97811143711404	0.017	0.009	1	LINC00265	c12
1.74070279251027e-21	-0.977978290996139	0.212	0.098	6.37114629086686e-17	TMEM43	c12
2.12729058926307e-12	-0.977522223846836	0.093	0.042	7.78609628576176e-08	DDHD2	c12
1.6153897655781e-11	-0.977066750326995	0.063	0.025	5.91248808099239e-07	ACACA	c12
1.30992610313574e-07	-0.977063991457737	0.035	0.014	0.00479446053008714	FANCA	c12
7.95482723243204e-08	-0.976856113184632	0.061	0.029	0.00291154631534245	PPP3R1	c12
0.000267454114602582	-0.97570314186901	0.013	0.004	1	AC139887.4	c12
0.000711992312503836	-0.975109779834881	0.022	0.01	1	TRIQK	c12
2.0401124045092e-05	-0.97339126234857	0.07	0.04	0.746701541174412	ABCG1	c12
2.85328988964353e-19	-0.972898276263843	0.269	0.135	1.04433263250843e-14	AP2B1	c12
5.43626722328303e-06	-0.972890300325438	0.038	0.018	0.198972816639382	MCM4	c12
2.19256229056373e-09	-0.9728767310158	0.082	0.04	8.02499723969233e-05	TIGAR	c12
2.53778973802963e-17	-0.972531607393782	0.217	0.109	9.28856422016225e-13	ARAP2	c12
5.40819024819526e-07	-0.97205384651671	0.062	0.031	0.0197945171274195	TET2	c12
1.588495898996e-08	-0.971948239638841	0.037	0.014	0.000581405383991527	SLC25A35	c12
1.40736135899981e-08	-0.971668144628002	0.044	0.018	0.00051510833100752	EOGT	c12
9.44959143995463e-05	-0.971262261617545	0.047	0.025	1	IGLV2-14	c12
1.79087358691091e-13	-0.970695562357749	0.099	0.044	6.55477641545261e-09	MYO5A	c12
1.55109486001767e-15	-0.970296219952094	0.231	0.12	5.67716229715066e-11	UBE2A	c12
5.03737852098403e-21	-0.969692684999084	0.194	0.089	1.84373091246537e-16	SLAMF6	c12
7.27021314375503e-13	-0.969481708155852	0.082	0.035	2.66097071274578e-08	PTS	c12
9.47748359036239e-05	-0.968845138990673	0.032	0.015	1	SNHG22	c12
1.05610701155008e-07	-0.968730796159982	0.051	0.023	0.00386545727297446	NHLRC2	c12
1.35334989778053e-11	-0.967538783705524	0.106	0.051	4.9533959608665e-07	RBM18	c12
0.000134513073464673	-0.967421436672385	0.034	0.017	1	VANGL1	c12
1.04234739910151e-15	-0.966526309002877	0.515	0.284	3.81509571545143e-11	DUSP2	c12
2.73556967721131e-09	-0.966284900785393	0.062	0.027	0.000100124585755611	MGME1	c12
0.00400941352064833	-0.966124628571719	0.016	0.007	1	CDCA8	c12
8.93179810312247e-10	-0.966119471710998	0.06	0.026	3.26912742372386e-05	CTPS1	c12
2.67781001118321e-11	-0.966004399883904	0.099	0.047	9.80105242193166e-07	STX7	c12
7.4272123631139e-14	-0.965998781246383	0.431	0.239	2.71843399702332e-09	IDS	c12
1.11508782544486e-16	-0.965975308166825	0.363	0.194	4.08133294991075e-12	RHOC	c12
1.08903578395594e-10	-0.965748136573407	0.102	0.05	3.98597987285712e-06	CDKN2A	c12
9.57606648171898e-08	-0.965379121428926	0.054	0.025	0.00350493609297396	RAB2B	c12
3.02854122716319e-13	-0.965326231497381	0.094	0.041	1.108476374554e-08	SH3BP2	c12
4.8703941236055e-06	-0.964251939061338	0.038	0.017	0.178261295318085	SLC41A1	c12
0.000103514487722538	-0.964174615566765	0.023	0.01	1	STK35	c12
8.86365380844149e-05	-0.964100148379059	0.021	0.009	1	PEAK1	c12
6.19046960542846e-09	-0.964078811991417	0.044	0.017	0.000226577378028287	SLC26A2	c12
3.41611178612057e-19	-0.964040370299277	0.303	0.156	1.25033107483799e-14	CYTOR	c12
4.64494925758481e-06	-0.963844673288301	0.04	0.019	0.170009787776862	ZNF407	c12
0.0394061942697106	-0.963527320276181	0.01	0.005	1	SLC25A30	c12
5.00853507491666e-09	-0.962895424167444	0.051	0.021	0.000183317392277025	MMUT	c12
0.00539221017371534	-0.962651488585061	0.012	0.005	1	QPRT	c12
4.23680554359952e-10	-0.962304596460786	0.038	0.013	1.55071319701286e-05	TRDV2	c12
0.000249995230907036	-0.962017076462661	0.02	0.009	1	RCCD1	c12
0.000993787828281116	-0.961823969682744	0.011	0.004	1	USP27X	c12
1.87815627046762e-11	-0.961795539779969	0.076	0.033	6.87423976553852e-07	TSPAN17	c12
1.81877884506017e-19	-0.961580731615304	0.28	0.141	6.65691245080472e-15	GPR65	c12
2.18247386041011e-08	-0.961076335541277	0.059	0.027	0.000798807257648706	IL18R1	c12
3.59961313082935e-06	-0.960858758945002	0.037	0.017	0.131749440201485	CYFIP1	c12
1.94665967680964e-20	-0.960601825296426	0.339	0.173	7.12496908309098e-16	TPST2	c12
0.00027992878068672	-0.960510677184535	0.029	0.014	1	ERV3-1	c12
0.000213982372944829	-0.960078732922748	0.024	0.011	1	TDRD7	c12
0.0120999087929805	-0.959104800314845	0.011	0.005	1	USP35	c12
4.37211563600961e-12	-0.958875897352765	0.05	0.018	1.60023804393588e-07	CPLANE1	c12
3.41565488143426e-18	-0.958517033162966	0.12	0.05	1.25016384315375e-13	AP1G1	c12
1.63087839001889e-18	-0.958291369289603	0.191	0.091	5.96917799530815e-14	IST1	c12
0.000131457353121527	-0.958093931264248	0.024	0.011	1	E2F6	c12
9.55920316899953e-14	-0.957904458827358	0.079	0.032	3.49876395188552e-09	HCCS	c12
0.00204884002881515	-0.957452479788878	0.011	0.004	1	FAM13A-AS1	c12
0.000749899038658827	-0.95744762567452	0.028	0.014	1	EMILIN2	c12
4.7457676079124e-06	-0.957290828658295	0.043	0.02	0.173699840217202	KLHL11	c12
4.07937073496771e-15	-0.956978327133108	0.091	0.038	1.49309048270553e-10	CLIP4	c12
0.000251670171572965	-0.956421811127714	0.027	0.013	1	WDR91	c12
3.99025430228742e-19	-0.95630701116039	0.23	0.113	1.46047297718022e-14	CLTC	c12
0.0111795403473881	-0.955926040976928	0.015	0.007	1	AFAP1L2	c12
2.31553510993249e-08	-0.955236956829222	0.062	0.029	0.00084750900558639	ACP2	c12
0.00135574731271948	-0.954972119660149	0.031	0.017	1	DDX31	c12
0.0154481051470789	-0.954869255968498	0.013	0.006	1	KIAA0753	c12
0.00028389152527172	-0.953938354879438	0.016	0.006	1	MAST2	c12
4.52535196208727e-12	-0.953687821523955	0.085	0.038	1.65632407164356e-07	KDM6A	c12
0.000336034730725269	-0.953406349623608	0.011	0.003	1	TRBV16	c12
6.60803311674008e-10	-0.951680992834518	0.061	0.026	2.41860620105804e-05	SBNO2	c12
4.80277854315209e-09	-0.951494091065031	0.063	0.028	0.00017578649745791	NAA30	c12
5.20880736903556e-06	-0.951368834437178	0.04	0.019	0.190647558514071	RCBTB1	c12
0.00030039152698778	-0.951328473551677	0.013	0.004	1	RNASE4	c12
1.07564639857291e-22	-0.951234695690827	0.276	0.133	3.93697338341672e-18	STAT4	c12
2.18898698562235e-18	-0.950864189859495	0.171	0.08	8.01191126607638e-14	ASXL2	c12
1.55040490623387e-09	-0.950555154189252	0.095	0.048	5.6746369973066e-05	IMPA1	c12
4.46060655882157e-19	-0.950517480172915	0.305	0.157	1.63262660659428e-14	TMED5	c12
3.81866569142889e-23	-0.950500563944046	0.395	0.196	1.39766982971989e-18	DNAJC1	c12
1.98754260821451e-19	-0.94992078292432	0.238	0.117	7.27460470032593e-15	HEXB	c12
3.24627645204157e-05	-0.949757140646676	0.054	0.029	1	UAP1	c12
4.15471801930588e-07	-0.949744212646937	0.034	0.014	0.0152066834224614	TMEM63B	c12
0.00427480227203004	-0.949708566496423	0.024	0.013	1	ZNF526	c12
0.000279422311092412	-0.949201959230025	0.032	0.016	1	SPATA2L	c12
0.0438432712597654	-0.948738559452632	0.01	0.005	1	GAS2L3	c12
2.36834991919574e-10	-0.948657110588721	0.065	0.028	8.66839753924832e-06	SENP1	c12
3.95050978563066e-11	-0.94855959996405	0.084	0.038	1.44592608663868e-06	PGM2	c12
9.07041524236868e-16	-0.948435324727146	0.115	0.05	3.31986268285936e-11	NUP153	c12
2.13921773411142e-11	-0.947991150891592	0.074	0.032	7.82975082862122e-07	TRIP4	c12
3.72423267335544e-06	-0.947142557179062	0.046	0.022	0.136310640077482	CCDC126	c12
0.00096140724212421	-0.945924045560099	0.018	0.008	1	ABHD6	c12
0.0419989461535032	-0.945035293262652	0.013	0.007	1	FBXL18	c12
6.15770084991679e-21	-0.944810543476546	0.269	0.132	2.25378008807804e-16	DERL1	c12
7.82084956993172e-16	-0.943299662846114	0.116	0.051	2.86250915109071e-11	SPTLC2	c12
2.10734980591727e-08	-0.943185031063558	0.072	0.035	0.00077131110246378	YTHDF3	c12
5.66480714170156e-19	-0.942889431820598	0.414	0.217	2.07337606193419e-14	CD46	c12
4.00961557659586e-09	-0.942197124488887	0.064	0.029	0.000146755939718985	SLC25A40	c12
0.0129616497530539	-0.941409859802833	0.011	0.005	1	BBS12	c12
1.64299449697303e-24	-0.941312938826131	0.13	0.049	6.01352415837097e-20	TRAV19	c12
0.0169174872192921	-0.9411773171966	0.014	0.007	1	H2AFY2	c12
9.07664941156114e-12	-0.940840440045105	0.08	0.035	3.32214445112549e-07	PIK3CB	c12
0.0263917152404126	-0.940731459604926	0.012	0.006	1	PHLDB2	c12
8.20770669463515e-09	-0.94017002606514	0.082	0.041	0.000300410272730341	ZNF600	c12
2.18400263855695e-05	-0.939358883033996	0.021	0.008	0.799366805738228	ABAT	c12
1.79771729200567e-16	-0.939304477233015	0.115	0.049	6.57982506046995e-12	CRKL	c12
8.48539989581124e-08	-0.938753726348927	0.062	0.03	0.00310574121586587	ITPRIP	c12
1.70863328665491e-10	-0.938526731831481	0.065	0.028	6.25376869248565e-06	SLC39A9	c12
1.75528094641086e-13	-0.937321281277045	0.118	0.056	6.42450379195841e-09	SREBF2	c12
8.20427639987818e-18	-0.937142882032757	0.245	0.124	3.00284720511941e-13	TANK	c12
0.00135378596049067	-0.936866659870016	0.016	0.007	1	CCDC136	c12
5.22047952226084e-12	-0.936407236757314	0.065	0.026	1.91074770994269e-07	TADA2A	c12
4.97728127386851e-21	-0.936304370499482	0.151	0.064	1.82173471904862e-16	ADIPOR2	c12
0.0426431409893792	-0.936237114446508	0.012	0.006	1	VPS37C	c12
0.00715882602957551	-0.935488242162566	0.014	0.006	1	GAN	c12
2.09721809087775e-06	-0.935389405670272	0.049	0.024	0.0767602793442164	LMBRD2	c12
1.29946747543779e-17	-0.935200677249728	0.149	0.068	4.75618090684986e-13	MAPK1	c12
4.91319410216045e-14	-0.933872151179925	0.103	0.046	1.79827817333175e-09	VPS37A	c12
1.74023635960995e-21	-0.933428968262036	0.132	0.053	6.36943909980838e-17	IKBIP	c12
2.06524804398052e-13	-0.932958456269523	0.082	0.034	7.5590143657731e-09	MIAT	c12
4.03811564423991e-07	-0.932141960265961	0.047	0.021	0.0147799070694825	LSS	c12
0.00554048237662571	-0.932114060388958	0.015	0.007	1	C19orf54	c12
4.02465451692606e-08	-0.931327035479642	0.036	0.014	0.00147306379974011	WSB2	c12
1.55569935904399e-05	-0.931164518571325	0.031	0.014	0.569401522403691	ZNF232	c12
1.63895218861697e-11	-0.931128694242585	0.079	0.035	5.99872890555699e-07	RAB33A	c12
0.00239209505121761	-0.931069081307455	0.023	0.012	1	CDKN3	c12
5.28617187437539e-12	-0.930991550631306	0.106	0.051	1.93479176774014e-07	SLC25A32	c12
2.30583312156201e-19	-0.93095299562093	0.179	0.083	8.43957980822912e-15	VPS26A	c12
4.14801208929359e-12	-0.930345904600583	0.121	0.06	1.51821390480235e-07	WARS	c12
0.00094678758344222	-0.929938097911167	0.026	0.013	1	SRGAP2	c12
4.25525381217420e-09	-0.92973205441815	0.07	0.033	0.000155746544779388	SUSD6	c12
0.0514699995375218	-0.929548545110362	0.014	0.008	1	SLC2A6	c12
0.000982962491731795	-0.9295363132399	0.014	0.005	1	CTNND1	c12
2.57451972148213e-16	-0.929517121102975	0.131	0.059	9.42299963259676e-12	PDLIM5	c12
6.20886961284166e-08	-0.929337265335653	0.083	0.043	0.00227250836699618	AGPS	c12
0.017732548174725	-0.929088312102684	0.014	0.007	1	AC242426.2	c12
0.053561030707138	-0.928916456233086	0.011	0.006	1	PHLDA2	c12
2.83916477946093e-05	-0.928868975369444	0.024	0.01	1	PI4K2A	c12
0.357092316368073	-0.928728543956465	0.807	0.497	1	ALOX5AP	c12
0.00579083042986288	-0.928269909524695	0.012	0.005	1	CATSPERG	c12
0.038504756491569	-0.928140598205836	0.024	0.016	1	MGLL	c12
0.00133024444618179	-0.927363519938281	0.018	0.008	1	ANKRD35	c12
0.00102222816044087	-0.927128667752758	0.016	0.007	1	FKBP14	c12
0.0230523277397259	-0.926902030290351	0.019	0.011	1	PROCR	c12
0.0880014838222904	-0.926802755595207	0.01	0.005	1	UTS2	c12
2.1475465370457e-13	-0.926608733450832	0.086	0.037	7.86023508024097e-09	MPHOSPH9	c12
5.65058416332809e-19	-0.925680575374611	0.087	0.032	2.06817030961972e-14	MED23	c12
9.88983301099082e-06	-0.92551518950247	0.054	0.028	0.361977778035275	ZNF384	c12
0.00493074973285965	-0.925251050133195	0.02	0.01	1	HEATR5A	c12
1.95834611731191e-13	-0.925230928545772	0.103	0.047	7.1677426239733e-09	ARHGEF7	c12
2.43155010783026e-07	-0.924956819959235	0.043	0.018	0.00889971654966952	GCC1	c12
2.35688175986503e-10	-0.924324844173707	0.067	0.029	8.62642292928198e-06	LIN54	c12
1.56990727815822e-08	-0.923940646552332	0.046	0.019	0.000574601762878689	GPR180	c12
0.00634739088860449	-0.922910784792426	0.013	0.006	1	CCNF	c12
1.79605751807616e-14	-0.922760438156138	0.139	0.067	6.57375012191055e-10	EIF4EBP1	c12
2.19872567772057e-18	-0.922656290897052	0.165	0.076	8.04755585302505e-14	PDE4DIP	c12
8.57487131061908e-13	-0.922292662401121	0.091	0.041	3.13848864839969e-08	APOBR	c12
6.61112131020954e-13	-0.922194494209436	0.112	0.053	2.41973651074979e-08	ADCY7	c12
0.0188424951828738	-0.922175225728261	0.016	0.009	1	SMIM13	c12
7.92135800521857e-07	-0.92213562217179	0.061	0.031	0.0289929624349005	BUD13	c12
1.1243025581762e-05	-0.921612546262669	0.06	0.032	0.411505979318072	MPZL3	c12
5.80117448405454e-13	-0.920975739136699	0.116	0.055	2.1232878729088e-08	PLOD3	c12
1.46438740246926e-12	-0.920092830133393	0.072	0.03	5.35980433177776e-08	NABP1	c12
2.88536614782039e-24	-0.920070587602301	0.134	0.052	1.05607286376374e-19	IGF2R	c12
0.000413922414061232	-0.919816306443646	0.019	0.008	1	MCM2	c12
4.77733907767422e-13	-0.919803412327652	0.088	0.038	1.74855387581954e-08	FAM199X	c12
0.107293194003213	-0.91903588347361	0.01	0.006	1	MIR4453HG	c12
3.34609389050372e-08	-0.918644073610775	0.05	0.022	0.00122470382486327	LIG3	c12
3.01946758298256e-15	-0.917554053918065	0.456	0.248	1.10515533004745e-10	CD164	c12
0.00367264028476387	-0.916840440137872	0.013	0.005	1	AC239799.2	c12
0.0151650401043756	-0.916636231411529	0.016	0.008	1	LRRC8B	c12
4.42442557049974e-19	-0.916559291341126	0.121	0.05	1.61938400305861e-14	CCDC6	c12
0.000173567834511219	-0.916326383573418	0.033	0.016	1	CHUK	c12
5.26192109134696e-07	-0.915351053537004	0.067	0.034	0.019259157386439	C5orf15	c12
0.0882703291549678	-0.914808314722631	0.011	0.006	1	ADAP2	c12
1.5201768918903e-13	-0.91479044229691	0.073	0.029	5.56399944200767e-09	JAK2	c12
0.00408383274696173	-0.91458383264949	0.032	0.018	1	ZDHHC13	c12
9.3626866006832e-14	-0.914503419773101	0.1	0.044	3.42683692271606e-09	NCOA2	c12
3.00253448435884e-24	-0.914467384727068	0.168	0.07	1.09895764662018e-19	SFT2D2	c12
6.10990005577267e-06	-0.914306923097667	0.012	0.003	0.223628451941335	DUXAP8	c12
0.000518113886518813	-0.913166680223036	0.028	0.014	1	EIF2AK3	c12
6.59430756405719e-09	-0.912947748567952	0.048	0.02	0.000241358251152057	NOTCH1	c12
6.05669827595329e-08	-0.912806015492182	0.038	0.015	0.00221681213598166	HYLS1	c12
3.34683377349572e-11	-0.911945158786245	0.079	0.035	1.22497462943717e-06	PAPOLG	c12
3.2947656275494e-12	-0.911916276035832	0.059	0.022	1.20591716733936e-07	TSTD2	c12
1.4175488408625e-06	-0.911849997436986	0.051	0.025	0.0518837051244085	SLC38A9	c12
0.00010692067381475	-0.911558831071024	0.043	0.022	1	RPE	c12
0.00938638208160411	-0.911501581176536	0.02	0.011	1	VASH1	c12
1.91984674835226e-11	-0.911472381765821	0.048	0.017	7.0268310836441e-07	POP1	c12
4.46732404831602e-16	-0.91114141339844	0.15	0.071	1.63508527492415e-11	MDM2	c12
9.05958384236301e-09	-0.911059128101665	0.044	0.017	0.000331589828214329	RAB34	c12
2.35713055354245e-12	-0.911005979687369	0.084	0.037	8.6273335390207e-08	NCBP1	c12
1.12417930899645e-17	-0.910739139040162	0.147	0.066	4.11460868885792e-13	C1orf174	c12
0.0110805335465601	-0.910354540921306	0.013	0.006	1	ZSWIM6	c12
4.37331855670958e-10	-0.909576038901384	0.084	0.04	1.60067832494127e-05	SFXN3	c12
1.97549075608276e-26	-0.909563615854039	0.171	0.069	7.23049371633852e-22	XIAP	c12
4.24124226938452e-14	-0.909223899009421	0.151	0.075	1.55233708301743e-09	MARS	c12
6.42125944263587e-23	-0.909188171885273	0.243	0.114	2.35024516859916e-18	APLP2	c12
2.03569376770062e-12	-0.908171516465642	0.307	0.174	7.45084275916105e-08	RAC1	c12
0.00731581725904325	-0.908147137975047	0.017	0.009	1	AC011603.2	c12
1.17637586618658e-14	-0.907583942641044	0.119	0.055	4.30565330782949e-10	ATF2	c12
8.95904981240316e-32	-0.907529006950594	0.279	0.121	3.27910182183768e-27	TIGIT	c12
6.29413799801989e-26	-0.907506218210174	0.185	0.078	2.30371744865526e-21	KDM5B	c12
6.50064258318076e-05	-0.907192893415374	0.028	0.012	1	AVPI1	c12
3.67871031694157e-16	-0.907054697908507	0.139	0.064	1.34644476310378e-11	EP300	c12
1.97243499689753e-09	-0.906204561991308	0.064	0.029	7.21930933214466e-05	LRRC57	c12
0.000701693160893038	-0.905993502792187	0.031	0.016	1	DUSP3	c12
5.85793388088699e-07	-0.904930992711984	0.048	0.022	0.0214406237974345	SH3TC1	c12
1.03212332837231e-11	-0.904734651133309	0.106	0.051	3.77767459417548e-07	MKNK1	c12
2.42616926786252e-07	-0.90414781632394	0.055	0.026	0.0088800221373036	GDAP2	c12
5.56415489567414e-22	-0.903993255275571	0.188	0.084	2.03653633336569e-17	ZNF217	c12
4.46835686636557e-19	-0.903881602429868	0.116	0.047	1.63546329665846e-14	NCOR2	c12
1.93443079170353e-10	-0.903853325518144	0.066	0.029	7.08021014071411e-06	ELMOD2	c12
0.000267421903192695	-0.903755395611141	0.031	0.015	1	TRUB1	c12
1.25665372534257e-19	-0.903732067396968	0.164	0.073	4.59947830012635e-15	RNF130	c12
2.61296078024423e-10	-0.903562632981441	0.049	0.019	9.56369775177189e-06	LRIG2	c12
2.10474721459344e-15	-0.903240782793352	0.143	0.067	7.70358528013346e-11	ACSL5	c12
0.0251478373848472	-0.902493543340618	0.012	0.006	1	PRAM1	c12
0.00765188615871637	-0.902391143870905	0.012	0.005	1	CD274	c12
0.000172579716228127	-0.902344842195258	0.02	0.008	1	ARL17A	c12
7.27178517403615e-06	-0.902017868926341	0.034	0.015	0.266154609154897	LIMD1	c12
8.58208535634338e-08	-0.901789167412342	0.063	0.03	0.00314112906127524	CAMTA2	c12
2.19603347833688e-06	-0.901608361160416	0.039	0.018	0.0803770213406082	ZNF668	c12
8.2419186438573e-15	-0.901243435505054	0.214	0.112	3.01662464283821e-10	PTGER4	c12
0.014974991494584	-0.901152454803587	0.034	0.022	1	U2AF1L5	c12
4.32256484091318e-15	-0.900878404130931	0.08	0.031	1.58210195742263e-10	NF2	c12
1.63581181371867e-12	-0.900579505202648	0.082	0.035	5.9872348193917e-08	PHF23	c12
0.00730152136090907	-0.8997635461729	0.01	0.004	1	ST8SIA6	c12
5.20284962547663e-05	-0.899352224694643	0.036	0.018	1	PLXDC1	c12
7.31776199733551e-10	-0.899190443163103	0.052	0.021	2.67837406864477e-05	TMEM135	c12
1.42641745329341e-06	-0.898373557359835	0.054	0.027	0.0522083052079921	COLGALT1	c12
4.88288349059893e-06	-0.897869766232921	0.061	0.032	0.178718418639411	GPR132	c12
7.46739468629041e-18	-0.897812334766465	0.161	0.074	2.73314112912915e-13	IPO7	c12
5.57530681292352e-05	-0.897568386155051	0.036	0.018	1	DLG3	c12
1.37813378362128e-12	-0.897440306141911	0.102	0.047	5.04410746143223e-08	LINC00963	c12
0.115782123086308	-0.897398536463194	0.01	0.006	1	LACC1	c12
6.37228085552796e-07	-0.896917966272166	0.032	0.013	0.0233231851593179	PON2	c12
4.10528634664589e-14	-0.89671487069063	0.07	0.027	1.50257585573586e-09	VPS18	c12
3.69575582741873e-10	-0.896526989936716	0.055	0.023	1.35268359039353e-05	CMTR2	c12
1.11820729767364e-05	-0.896006123793853	0.038	0.018	0.409275053021528	RAB27B	c12
1.50427816789843e-05	-0.895823800408266	0.028	0.012	0.550580852232504	SEPTIN8	c12
2.48184238819306e-25	-0.895523820176457	0.353	0.17	9.08379132502542e-21	GRAP2	c12
5.43103947059995e-21	-0.893591500268477	0.262	0.128	1.98781475663429e-16	DR1	c12
0.0492106645535126	-0.893459542863394	0.088	0.104	1	PLCG2	c12
3.05596239651037e-06	-0.893410964938818	0.046	0.022	0.111851279674676	GALNT10	c12
1.31954671696572e-09	-0.893378663162824	0.055	0.023	4.82967293876624e-05	AC068587.4	c12
2.11799280779423e-08	-0.892886710485733	0.045	0.018	0.000775206547580767	TAF5	c12
3.50973230368149e-08	-0.89278565086942	0.104	0.057	0.00128459712047046	C11orf98	c12
5.55297385287798e-16	-0.892322468105808	0.066	0.023	2.03244395989187e-11	ABCA2	c12
0.019555515527152	-0.892261281472199	0.026	0.016	1	EPHX1	c12
9.26407220609448e-08	-0.892086285793599	0.026	0.009	0.00339074306815264	AL035701.1	c12
4.75675707362352e-06	-0.892023554439631	0.028	0.011	0.174102065651694	VAV3	c12
2.27788509785618e-10	-0.891701276395086	0.065	0.028	8.3372872466634e-06	CDC23	c12
8.04398350308727e-128	-0.891434391979189	1	0.993	2.94417840196497e-123	FTL	c12
1.83731334710685e-10	-0.891215033478452	0.074	0.034	6.7247505817458e-06	PSMD5	c12
1.00291033216764e-10	-0.890976034383653	0.082	0.038	3.67075210676679e-06	ICMT	c12
2.22423200407553e-10	-0.889595812934494	0.054	0.022	8.14091155811686e-06	MBOAT1	c12
1.00479038784549e-06	-0.88957586683254	0.056	0.028	0.0367763329855329	YBX3	c12
3.41221780144433e-06	-0.88956117968863	0.615	0.366	0.124890583750664	TXN	c12
7.30164695940947e-21	-0.889389508992815	0.094	0.033	2.67247580361346e-16	TMEM181	c12
1.5691002364077e-22	-0.888759367075969	0.123	0.048	5.74306377527583e-18	ALG2	c12
1.98695845802193e-18	-0.88868558828988	0.137	0.06	7.27246665220607e-14	NSF	c12
3.64048615832068e-21	-0.887251233510792	0.373	0.19	1.33245433880695e-16	SPCS3	c12
0.0278734394589855	-0.886770101483169	0.01	0.005	1	ZNF81	c12
1.91911694888921e-23	-0.886711862169817	0.365	0.181	7.02415994462939e-19	TNFRSF1B	c12
4.5175323028644e-24	-0.886080781211206	0.47	0.235	1.6534619981714e-19	DOCK8	c12
2.83753131667408e-21	-0.885882841458634	0.133	0.054	1.03856483721588e-16	ADPRHL2	c12
2.16841876681128e-16	-0.885716217141517	0.093	0.037	7.93662952840598e-12	AVL9	c12
3.75837487370633e-12	-0.885390567950335	0.181	0.097	1.37560278752525e-07	ADAM8	c12
6.63521040690504e-18	-0.885279608443634	0.982	0.832	2.42855336103131e-13	CRIP1	c12
2.63631587098871e-17	-0.885076695050546	0.094	0.037	9.64917971940578e-13	HAGHL	c12
5.02534507097947e-08	-0.884754530038327	0.097	0.052	0.0018393265494292	SEC23B	c12
0.000647607391206979	-0.884679837433498	0.016	0.007	1	ZNF280B	c12
1.57202396771793e-13	-0.884334880152284	0.11	0.05	5.75376492424438e-09	BAK1	c12
6.09727941009669e-21	-0.883977435495916	0.164	0.072	2.23166523688949e-16	MVD	c12
4.50764031748842e-19	-0.883923988399188	0.133	0.057	1.64984143260394e-14	PATL2	c12
0.00356376847703031	-0.883696782838945	0.014	0.006	1	KLHDC8B	c12
2.22874245570307e-24	-0.883218786082638	0.282	0.133	8.15742026211881e-20	PNP	c12
0.00101611948543689	-0.881648353857248	0.015	0.006	1	PSEN2	c12
1.02809325842865e-22	-0.881017983660198	0.228	0.106	3.76292413517471e-18	NCK1	c12
1.71875524138821e-05	-0.880914707859686	0.035	0.016	0.6290816059005	TBC1D13	c12
0.154682599135681	-0.880164643371402	0.015	0.01	1	HIST1H2AM	c12
2.97685658566253e-31	-0.879553117735044	0.328	0.148	1.08955927891834e-26	PYHIN1	c12
3.27176465707704e-18	-0.879233372182651	0.118	0.049	1.19749858213677e-13	INO80D	c12
0.00115385933466843	-0.878948089508249	0.032	0.017	1	AL390728.5	c12
2.32958428108457e-08	-0.878946586936754	0.07	0.034	0.000852651142719763	LYSMD3	c12
0.000311021295708706	-0.878818178173707	0.019	0.008	1	ZNF571	c12
1.97495821905185e-16	-0.878298085519226	0.15	0.07	7.22854457755169e-12	SLC25A20	c12
6.20785322272678e-28	-0.87813203121935	0.236	0.103	2.27213635805023e-23	CDK6	c12
7.6471244798592e-13	-0.877286976796131	0.097	0.044	2.79892403087326e-08	ZBTB43	c12
5.68304489704633e-10	-0.877270876362527	0.546	0.311	2.08005126276793e-05	YWHAQ	c12
4.79301421306008e-05	-0.877001827588152	0.02	0.008	1	SLC14A1	c12
7.37635838311473e-11	-0.876912129829343	0.083	0.038	2.69982093180382e-06	IL21R	c12
6.38951145429146e-07	-0.876882286690966	0.043	0.019	0.0233862508738522	TBC1D31	c12
8.08162289661232e-10	-0.876873412520218	0.063	0.027	2.95795479638908e-05	DROSHA	c12
4.53043566001576e-08	-0.876625104581639	0.04	0.016	0.00165818475592237	SLC35D1	c12
2.39643538211608e-14	-0.876575243449596	0.086	0.036	8.77119314208306e-10	MAPKAPK2	c12
0.0205099664402867	-0.876291611400906	0.01	0.004	1	AL357054.4	c12
1.04743456611056e-28	-0.87607990295966	0.357	0.167	3.83371525542127e-24	BATF	c12
2.59596401956495e-07	-0.875976675736769	0.05	0.023	0.00950148790800967	ZC3HC1	c12
1.41942711279901e-13	-0.875788556090094	0.14	0.069	5.19524517555565e-09	ETF1	c12
5.45201839026976e-29	-0.875765762793492	0.203	0.084	1.99549325102264e-24	RIF1	c12
4.01892862238633e-18	-0.875741709682869	0.183	0.087	1.47096806507962e-13	MFSD1	c12
6.32771220257938e-10	-0.87524359817085	0.083	0.04	2.31600594326608e-05	RLIM	c12
1.39021993033469e-05	0.874831117571967	0.01	0.002	0.508834396701801	KBTBD11	c12
3.27813870700822e-09	-0.874003690629277	0.046	0.018	0.000119983154815208	ATXN1L	c12
4.88129067592653e-08	-0.873463055221853	0.04	0.016	0.00178660120029587	MSANTD4	c12
8.92164947113809e-13	-0.873339053765518	0.106	0.05	3.26541292293125e-08	RBM28	c12
0.00137395671531327	-0.872614193116913	0.02	0.01	1	RTL6	c12
2.72076715379076e-05	-0.872294953312283	0.031	0.014	0.995827985958958	FAM168A	c12
3.56849384504869e-10	-0.872119668313827	0.059	0.024	1.30610443222627e-05	SGCB	c12
3.81298058209748e-16	-0.872001128294183	0.311	0.166	1.3955890228535e-11	SASH3	c12
1.56381767811087e-21	-0.871872841175336	0.101	0.037	5.72372908365359e-17	LINC01934	c12
6.13901444701362e-12	-0.871753377205366	0.073	0.031	2.24694067775145e-07	CDKAL1	c12
0.00161268423146198	-0.871638622707448	0.018	0.008	1	TMTC3	c12
3.7510019920802e-15	-0.871491434275235	0.097	0.041	1.37290423912127e-10	CMIP	c12
3.12846605983621e-25	-0.871429175486924	0.304	0.144	1.14504986256065e-20	SLA	c12
8.91784796832406e-20	-0.871106037400864	0.303	0.154	3.26402153488629e-15	YWHAE	c12
2.65305289018771e-13	-0.870280518307351	0.096	0.042	9.71043888337605e-09	POC1B	c12
0.0647578635338137	-0.870157280274468	0.01	0.005	1	AC022075.1	c12
4.83315239822456e-08	-0.869698056441923	0.056	0.026	0.00176898210927417	NAGA	c12
1.82092832375004e-05	-0.86944601637123	0.038	0.018	0.666477975775753	TMEM97	c12
2.12983360643021e-10	-0.869420258322562	0.055	0.022	7.79540398289522e-06	MGAT5	c12
4.0674473018068e-17	-0.869209451481304	0.114	0.048	1.48872638693431e-12	PAFAH1B2	c12
6.73834066785409e-11	-0.869070696909212	0.066	0.028	2.46630006784127e-06	BBS9	c12
3.97001964551166e-12	-0.868885691979925	0.077	0.033	1.45306689045372e-07	RAB11FIP4	c12
2.18991035269344e-14	-0.868720911429564	0.069	0.026	8.01529088189325e-10	NUP188	c12
2.02058499527286e-21	-0.868159487747233	0.283	0.139	7.39554314119818e-17	ASAH1	c12
2.03485275936121e-13	-0.868025317333421	0.077	0.031	7.44776458453797e-09	BCOR	c12
7.16849964996425e-08	-0.867816581622515	0.045	0.019	0.00262374255688342	LRSAM1	c12
5.13679264332615e-12	-0.867491967160727	0.589	0.325	1.88011747538381e-07	REEP5	c12
9.40462233509395e-08	-0.86747218843435	0.183	0.111	0.00344218582086774	MATR3.1	c12
1.4070912370572e-11	-0.86736051257542	0.099	0.047	5.15009463675304e-07	LMNB1	c12
2.58875110795553e-12	-0.867326983973479	0.078	0.033	9.47508793022804e-08	FBXO42	c12
1.99771550549596e-12	-0.867152001781249	0.097	0.044	7.31183852166576e-08	SOCS2	c12
0.00154535974529645	-0.866908263084641	0.013	0.005	1	CAMKK1	c12
1.29262290191478e-15	-0.866895034692484	0.103	0.044	4.73112908329829e-11	HSD17B7	c12
0.00171744461685432	-0.866831781771817	0.014	0.006	1	PARPBP	c12
6.1872182073831e-07	-0.866631099629851	0.035	0.014	0.0226458373608429	IQCE	c12
0.110912640550616	-0.865755335653458	0.012	0.007	1	KLHL26	c12
3.27295268607316e-28	-0.865666394192587	0.381	0.18	1.19793341262964e-23	RASSF1	c12
3.43037367636856e-24	-0.865091771333606	0.349	0.172	1.25555106928766e-19	PLEC	c12
1.48895620880459e-08	-0.86427245092149	0.082	0.041	0.000544972861984566	NRAS	c12
3.16667202460899e-05	-0.864229369353229	0.017	0.006	1	PTPRO	c12
1.34755790835631e-09	-0.864196392769261	0.083	0.04	4.93219670037491e-05	ANAPC7	c12
1.09167397073123e-05	-0.864111909207322	0.02	0.007	0.399563590027339	SBF2-AS1	c12
6.07775325639359e-24	-0.864036122754472	0.428	0.213	2.22451846937262e-19	TMX4	c12
1.76071274593055e-12	-0.864035806369407	0.076	0.032	6.44438472138041e-08	RAP1GAP2	c12
6.96910556365012e-09	-0.864010974584825	0.048	0.02	0.000255076232735158	SIK3	c12
1.96578533211734e-22	-0.863478025131908	0.126	0.049	7.19497089408268e-18	ZNF791	c12
5.65134678854702e-14	-0.863279097131567	0.095	0.041	2.06844943807609e-09	CREG1	c12
1.83390841610558e-09	-0.863143478540561	0.085	0.042	6.71228819378804e-05	FCF1	c12
6.97964824658027e-26	-0.862389216924277	0.366	0.177	2.55462105473085e-21	PARP8	c12
0.000901969821794587	-0.862333691507354	0.013	0.005	1	SENCR	c12
5.64612297835818e-08	-0.862153895854964	0.035	0.013	0.00206653747130888	SLFN12	c12
8.35106191920234e-10	-0.862142703463899	0.044	0.016	3.05657217304725e-05	ZNF296	c12
0.000153428336266234	-0.861961880669389	0.031	0.015	1	CCHCR1	c12
3.44157063824912e-07	-0.861676818014962	0.049	0.022	0.0125964926930556	SLC25A19	c12
3.60230513031709e-06	-0.861420126574786	0.033	0.014	0.131847970074736	YPEL1	c12
2.66207033944453e-14	-0.86126482953182	0.124	0.058	9.74344364940092e-10	POR	c12
1.27817797679747e-20	-0.861258188390728	0.15	0.064	4.67825921287641e-16	KIFAP3	c12
2.71752378734506e-12	-0.861217730781428	0.077	0.033	9.94640881406167e-08	DHDDS	c12
2.17850868281463e-10	-0.859956249812684	0.512	0.298	7.97355962996984e-06	CTSB	c12
0.0639367646938493	-0.859625076621525	0.011	0.006	1	TNS3	c12
1.01712066505705e-15	-0.859485034514197	0.135	0.062	3.72276334617532e-11	GGA2	c12
0.00392072752407279	-0.859041001343146	0.01	0.004	1	AC007406.5	c12
0.00287109441772384	-0.858366050349213	0.014	0.006	1	SLC9B1	c12
4.72644557096382e-14	-0.858183469965566	0.114	0.052	1.72992634342847e-09	HCP5	c12
2.85654916802823e-11	-0.858137573149991	0.105	0.051	1.04552556099001e-06	STT3A	c12
2.16405253371757e-05	-0.857994359640403	0.016	0.005	0.792064867865969	L3MBTL1	c12
1.14722589973848e-17	-0.85781200688932	0.143	0.064	4.19896151563281e-13	NEK7	c12
7.33203292675699e-16	-0.857318465473125	0.098	0.041	2.68359737152233e-11	REEP4	c12
2.71936879198812e-28	-0.857146255533749	0.327	0.151	9.95316171555573e-24	CGGBP1	c12
1.22105217899592e-31	-0.856391253181258	0.294	0.129	4.46917308034297e-27	GPR174	c12
2.52839744807282e-10	-0.85576179463974	0.067	0.029	9.25418749969134e-06	USP32	c12
1.07385612567443e-05	-0.855587363341576	0.034	0.015	0.393042080558098	C9orf64	c12
3.3400028789194e-06	-0.855535722392916	0.037	0.017	0.122247445371329	UEVLD	c12
7.73127722537507e-11	-0.855510507219636	0.07	0.031	2.82972477725953e-06	HIVEP3	c12
8.26913051665811e-11	-0.854877834449789	0.076	0.034	3.02658446040204e-06	PGGT1B	c12
4.5940041730449e-12	-0.854769928186321	0.878	0.641	1.68145146737616e-07	SRGN	c12
0.00178150422831775	-0.854660403619581	0.016	0.007	1	STK3	c12
0.00792931357602697	-0.853918710309835	0.011	0.005	1	AFDN	c12
0.0149556143073342	-0.853645566571623	0.02	0.011	1	NBL1	c12
9.72142749516454e-06	-0.852761986723303	0.026	0.01	0.355813967750517	STXBP4	c12
2.42759608999273e-15	-0.852649482003778	0.203	0.104	8.88524444898241e-11	PRKAR1A	c12
5.12426561635995e-12	-0.852481480886158	0.079	0.034	1.8755324582439e-07	THADA	c12
1.37766318496814e-14	-0.852446659324078	0.098	0.042	5.0423850233019e-10	DOK1	c12
5.3615915589264e-16	-0.852192628864819	0.087	0.034	1.96239612648265e-11	GLRX2	c12
1.11136261912469e-20	-0.852098513469531	0.194	0.089	4.06769832225829e-16	ZBTB1	c12
2.91291004101917e-08	-0.851765014463	0.046	0.019	0.00106615420411343	ZSCAN32	c12
2.88250007066151e-13	-0.851699822795679	0.078	0.032	1.05502385086282e-08	FHL3	c12
3.26227928469712e-06	-0.851568682423105	0.045	0.021	0.119402684099199	ATP13A3	c12
1.954596220575e-17	-0.851503031850408	0.471	0.252	7.15401762692655e-13	MCL1	c12
0.00169951923587677	-0.85145853832374	0.029	0.015	1	ZNF100	c12
2.61632182914795e-11	-0.851317866586809	0.093	0.043	9.57599952686442e-07	ANKRD13C	c12
6.85485793102256e-20	-0.851294949268361	0.105	0.04	2.50894655133357e-15	INO80C	c12
8.39137317271397e-24	-0.851110634576765	0.193	0.084	3.07132649494504e-19	NCBP3	c12
6.68661432470441e-13	-0.85085230490805	0.082	0.035	2.44736770898506e-08	FAM98A	c12
2.63301529391858e-08	-0.850749973341103	0.018	0.005	0.000963709927727141	SEMA4B	c12
1.0242363009564e-07	-0.850404823734315	0.05	0.022	0.00374880728513054	ZNF121	c12
1.65383646350566e-06	-0.850220550086465	0.044	0.02	0.0605320684007706	MTMR2	c12
4.53703528292756e-23	-0.850027165157018	0.214	0.097	1.66060028390431e-18	RFTN1	c12
7.85470291621771e-23	-0.84987020556555	0.315	0.155	2.87489981436485e-18	AC004687.1	c12
2.11428455420122e-20	-0.849862225712125	0.178	0.081	7.73849289683189e-16	B4GALT1	c12
1.37966334223881e-07	-0.849812263355368	0.044	0.019	0.00504970579892828	HIST1H1B	c12
4.9052020861258e-08	-0.849766324910927	0.06	0.028	0.0017953530155429	BBS7	c12
7.27370933842829e-10	-0.849306363205901	0.054	0.022	2.66225035495814e-05	BCDIN3D	c12
1.80501351850102e-13	-0.849246790690342	0.426	0.239	6.60652997906558e-09	CAPN2	c12
0.0992619339245298	-0.848559181058842	0.01	0.005	1	AL021155.5	c12
1.02052194212586e-08	-0.848384257023719	0.044	0.017	0.000373521236037487	SIK2	c12
1.57754335458538e-05	-0.848376444369142	0.027	0.011	0.577396643211793	DAGLB	c12
4.21945435039204e-18	-0.848025536900895	0.159	0.073	1.54436248678699e-13	CASC3	c12
2.32153744754474e-07	-0.847933870401944	0.032	0.012	0.0084970592117585	ZBTB37	c12
1.19482121158703e-18	-0.847885868176253	0.241	0.12	4.3731651165297e-14	LASP1	c12
1.52074723089402e-05	-0.847516411810709	0.024	0.01	0.55660869397952	SLC27A4	c12
6.39012572841572e-20	-0.84751255831733	0.117	0.047	2.33884991785744e-15	RELCH	c12
0.00791451677138166	-0.847390319087513	0.01	0.004	1	AC016074.2	c12
1.1227998964488e-30	-0.846978009666881	0.24	0.102	4.10955990099224e-26	PIK3CD	c12
5.75878198249552e-21	-0.846909254245421	0.281	0.139	2.10777179341319e-16	GNAI3	c12
1.27114247991702e-21	-0.846568645526371	0.168	0.073	4.65250859074427e-17	MINDY2	c12
2.96598111721149e-19	-0.846271339021736	0.113	0.045	1.08557874871058e-14	RAP2C	c12
4.97089642039868e-17	-0.846107642171056	0.177	0.085	1.81939779883012e-12	DYNC1I2	c12
0.000266868045558673	-0.846002591795775	0.014	0.005	1	ZNF213	c12
7.45059566573026e-36	-0.845755358405805	0.12	0.036	2.72699251961393e-31	TRAV20	c12
0.000933951582568228	-0.845592574990286	0.015	0.006	1	RTP5	c12
1.68868366115064e-09	-0.845308585511258	0.035	0.012	6.18075106817744e-05	EFCAB7	c12
4.31297646821971e-25	-0.84501728320544	0.218	0.097	1.5785925171331e-20	EIF4A3	c12
1.91774028670251e-15	-0.844813765375763	0.112	0.049	7.01912122335984e-11	LARP4	c12
1.81070354850333e-18	-0.84471374236625	0.149	0.067	6.62735605787703e-14	PLEKHA2	c12
7.23968123016835e-23	-0.844650654614962	0.272	0.131	2.64979572705392e-18	COPB1	c12
0.0591595811580715	-0.844334205175397	0.017	0.01	1	TAF13	c12
2.7773877286866e-06	-0.844104261698709	0.046	0.022	0.101655168257658	ALG9	c12
3.88358526287509e-06	-0.843609230770892	0.026	0.01	0.142143104206491	HIST1H4F	c12
1.90836577706793e-06	-0.843472111335472	0.036	0.016	0.0698480958064633	PIGN	c12
8.05414453891208e-20	-0.843294010018314	0.186	0.086	2.94789744268721e-15	VMP1	c12
7.43251070430984e-08	-0.843244101919835	0.029	0.01	0.00272037324288445	DVL3	c12
1.13141817976314e-05	-0.842997193938952	0.036	0.017	0.414110367975107	HSDL1	c12
2.25330719272288e-23	-0.842728884585007	0.207	0.093	8.247329656085e-19	CYTH4	c12
1.41339938590047e-23	-0.842628649562867	0.267	0.127	5.17318309233433e-19	RNF19A	c12
1.03730448086717e-16	-0.842343235841328	0.153	0.072	3.79663813042191e-12	TXNRD1	c12
3.65142349683941e-15	-0.842340998992274	0.1	0.043	1.33645751407819e-10	SLC30A7	c12
1.35243537006546e-13	-0.841669707080128	0.105	0.048	4.95004869797658e-09	RASSF2	c12
4.95615475226948e-12	-0.841610602692513	0.084	0.037	1.81400220087815e-07	MTF1	c12
4.68011333436103e-11	-0.841588477331831	0.052	0.02	1.71296828150948e-06	SNTB2	c12
1.33011567046213e-11	-0.841327527482205	0.478	0.273	4.86835636545844e-07	BZW1	c12
4.768118314017e-13	-0.841272106367855	0.07	0.028	1.74517898411336e-08	RFX1	c12
1.40017639352252e-13	-0.841268288404355	0.071	0.028	5.12478561793178e-09	AL645568.1	c12
1.98154046414059e-20	-0.840992387683812	0.187	0.086	7.25263625280096e-16	BCAP29	c12
1.08460714751906e-12	-0.840678507078438	0.078	0.033	3.96977062063452e-08	DCTN5	c12
1.76091437276034e-11	-0.840056996733261	0.064	0.026	6.44512269574012e-07	GALNT1	c12
2.51584370385274e-07	-0.839656205342347	0.047	0.021	0.00920823954047142	SLC35F5	c12
1.17447331533736e-16	-0.839616584513149	0.107	0.045	4.29868978146629e-12	IPO8	c12
8.45595772158757e-09	-0.839222754156684	0.066	0.031	0.000309496508567827	C3orf38	c12
1.38872604256945e-06	-0.839117020318407	0.029	0.011	0.0508287618840844	GTF3C4	c12
4.11092210955214e-06	-0.839080561951508	0.03	0.012	0.150463860131718	SIPA1L3	c12
5.29475085123709e-28	-0.838807082625641	0.209	0.088	1.93793175906129e-23	PPP1R10	c12
3.03443111661123e-15	-0.838326437940855	0.12	0.054	1.11063213299088e-10	HYOU1	c12
1.54935440676268e-09	-0.838250623119915	0.044	0.017	5.67079206419207e-05	NCK1-DT	c12
0.000124043123210475	-0.837957776115562	0.035	0.018	1	PPP2R5B	c12
1.4931295007537e-07	-0.837592066215247	0.03	0.011	0.0054650032857086	TTL	c12
1.1624947741791e-18	-0.837209558443677	0.153	0.069	4.25484712297293e-14	IARS	c12
1.20931767159097e-25	-0.836927337921179	0.177	0.073	4.42622360979011e-21	TUT7	c12
6.78705715832746e-17	-0.836834180717775	0.345	0.185	2.48413079051943e-12	LTA4H	c12
3.55156380098355e-07	-0.836745481405076	0.032	0.012	0.0129990786679799	SIAH1	c12
0.0189267254781677	-0.836045029919461	0.011	0.005	1	EPB41L3	c12
2.91323724270652e-11	-0.835738775720458	0.05	0.019	1.06627396320301e-06	LLGL2	c12
5.652050367243e-12	-0.835635824972456	0.106	0.051	2.06870695491461e-07	RARA	c12
1.30412576051622e-17	-0.835354922637666	0.123	0.053	4.77323069606543e-13	ZNF451	c12
1.02614653151753e-11	-0.83519834389202	0.077	0.033	3.7557989200073e-07	KIF21B	c12
0.214872165908355	-0.83489716377484	0.01	0.006	1	NUF2	c12
8.26762136779146e-16	-0.83466001281635	0.107	0.046	3.02603209682535e-11	TM2D2	c12
1.00268110696212e-14	-0.834528145866635	0.124	0.058	3.66991311959205e-10	ABHD3	c12
0.000346936940757975	-0.833835859067625	0.022	0.01	1	IL4I1	c12
3.51375628706828e-11	-0.833810264507281	0.07	0.03	1.28606993862986e-06	CHAMP1	c12
1.19309962065088e-16	-0.833754110947958	0.144	0.066	4.36686392154429e-12	UBAP1	c12
1.24753978142177e-27	-0.832652577461067	0.244	0.107	4.56612035398181e-23	ARL6IP6	c12
2.18774379166391e-05	-0.832258140300747	0.03	0.013	0.800736105186909	SMKR1	c12
6.1314110923382e-26	-0.832079519029452	0.315	0.15	2.2441577739067e-21	TRG-AS1	c12
2.62454398196483e-12	-0.831794983963731	0.083	0.036	9.60609342838949e-08	EIF4G3	c12
4.85172102099939e-31	-0.831498620550292	0.424	0.199	1.77577841089599e-26	RORA	c12
1.03667647434924e-22	-0.831399451782685	0.144	0.058	3.79433956376564e-18	IQSEC1	c12
4.0645468423236e-19	-0.830659470461378	0.116	0.047	1.48766478975886e-14	ARID2	c12
4.58529641586186e-23	-0.830494711280124	0.551	0.276	1.6782643411696e-18	CDK2AP2	c12
4.61284034672948e-08	-0.830417698917837	0.052	0.023	0.00168834569530646	SLC38A6	c12
0.004663106767181	-0.830410354870868	0.02	0.01	1	CEP76	c12
2.76726568965281e-19	-0.830403368990654	0.173	0.08	1.01284691506982e-14	DHX15	c12
0.000205287565798356	-0.830170924197033	0.022	0.01	1	ZCCHC18	c12
0.000389983311210454	-0.830073163681324	0.023	0.011	1	ZNF212	c12
6.44719623307843e-24	-0.829809911462905	0.26	0.122	2.35973829326903e-19	STIP1	c12
3.06580800583435e-11	-0.829575504199121	0.085	0.039	1.12211638821543e-06	MAD2L1BP	c12
1.34150983914242e-16	-0.829499097233908	0.156	0.074	4.91006016224517e-12	ARMC8	c12
2.21829307380319e-20	-0.829335929014539	0.111	0.043	8.11917447942706e-16	MED13	c12
0.000458919756046237	-0.829222942498337	0.013	0.005	1	GAB2	c12
6.33240888904609e-09	-0.828125988183547	0.063	0.029	0.000231772497747976	ATP2C1	c12
5.97018056785495e-15	-0.827860639555428	0.118	0.054	2.18514578964059e-10	FKBP15	c12
3.98865826369659e-06	-0.827752020577666	0.035	0.015	0.145988881109559	SESN2	c12
3.28374583893857e-06	-0.827533242773079	0.014	0.004	0.12018838145099	LCNL1	c12
1.53865438555169e-23	-0.827388556753391	0.154	0.063	5.63162891655774e-19	NFAT5	c12
1.31199969903165e-14	-0.827280333231746	0.104	0.046	4.80205009842573e-10	DIAPH2	c12
1.03055476581655e-20	-0.827226282603236	0.131	0.054	3.77193349836516e-16	CYB5R4	c12
1.48451283966733e-17	-0.827218837001682	0.088	0.034	5.43346544446639e-13	EAF1	c12
6.08531087259234e-18	-0.8269855678658	0.237	0.12	2.22728463247752e-13	YIPF5	c12
1.66895136578866e-17	-0.826936478438452	0.087	0.033	6.10852889392308e-13	WAKMAR2	c12
5.5703905066721e-144	-0.826443813442547	0.999	0.991	2.03881862934705e-139	FTH1	c12
6.78498890438338e-18	-0.826100606576744	0.362	0.192	2.48337378889336e-13	MOB1A	c12
1.41006532630562e-22	-0.826093769747617	0.279	0.135	5.16098010081118e-18	TM9SF2	c12
5.6654146760628e-11	-0.825945548694731	0.067	0.028	2.07359842558574e-06	HPS5	c12
2.14647585497915e-26	-0.825718756605788	0.18	0.074	7.85631627680919e-22	SP3	c12
3.34810433729993e-10	-0.82558982168852	0.048	0.018	1.22543966849515e-05	AKR1C3	c12
1.14005984502969e-10	-0.825485011355456	0.043	0.015	4.17273303879318e-06	AC099063.4	c12
1.32968353857891e-16	-0.825172798205239	0.089	0.035	4.86677471955268e-12	PTPRJ	c12
2.27153256852018e-21	-0.825082106130725	0.299	0.149	8.31403635404073e-17	RTN3	c12
0.0180234156573379	-0.824984975453234	0.019	0.011	1	PDK4	c12
7.15587085657359e-09	-0.824952343251982	0.033	0.012	0.00026191202922145	C1orf61	c12
5.45568616787313e-07	-0.824282217404837	0.094	0.052	0.0199683569430324	HIGD1A	c12
2.71676917545683e-12	-0.823706521833451	0.089	0.04	9.94364685908953e-08	FBXO28	c12
0.00564091272458916	-0.823244688872279	0.016	0.008	1	PLEKHN1	c12
6.44894723908895e-16	-0.822900020773706	0.077	0.029	2.36037917897894e-11	SNX13	c12
1.04390539566164e-05	-0.822074041555643	0.026	0.01	0.382079813866119	FANCL	c12
4.59957647289565e-05	-0.821585867230478	0.027	0.012	1	EARS2	c12
3.65764318101967e-13	-0.82157567363229	0.597	0.33	1.33873398068501e-08	CTSS	c12
8.42743379543073e-11	-0.821080693466867	0.061	0.025	3.0845250434656e-06	ST3GAL5	c12
1.9331856202178e-13	-0.821047304073158	0.11	0.051	7.07565268855916e-09	PDS5B	c12
1.70446259165855e-16	-0.82103874825182	0.084	0.032	6.23850353172945e-12	TBC1D2B	c12
8.21902068860459e-07	-0.821024730717237	0.036	0.015	0.0300824376223617	CEP97	c12
8.26449526715503e-19	-0.820920335315078	0.097	0.037	3.02488791273141e-14	TTC16	c12
3.88513576699925e-08	-0.820883930100709	0.027	0.009	0.0014219985420794	SLC12A2	c12
2.48058540225359e-20	-0.820850481116695	0.419	0.217	9.07919063078838e-16	HERPUD1	c12
1.94096920978977e-13	-0.820494027910102	0.129	0.062	7.10414140475154e-09	DNAJC10	c12
0.00144646539479304	-0.820488123837567	0.016	0.007	1	FKBPL	c12
1.28824855008239e-08	-0.820429224403661	0.049	0.021	0.000471511851815656	ZMIZ1	c12
6.50105116109172e-24	-0.820419946423327	0.144	0.057	2.37944973547118e-19	EIF2B2	c12
3.79431108101953e-14	-0.820271175813584	0.065	0.024	1.38875579876396e-09	RDH13	c12
1.43890900185254e-23	-0.820158759318924	0.144	0.057	5.26655083768047e-19	ACSL3	c12
9.28774871629455e-13	-0.819873814695647	0.061	0.023	3.39940890765097e-08	EYA3	c12
2.90896423806143e-28	-0.818947335951774	0.27	0.121	1.06471000077286e-23	TUBA1C	c12
8.5315586663707e-14	-0.818744059122821	0.091	0.039	3.12263578747834e-09	HIF1AN	c12
5.39423943825028e-16	-0.818492720172916	0.079	0.03	1.97434557679399e-11	DDI2	c12
1.81338499530705e-10	-0.818294515943777	0.055	0.022	6.63717042132334e-06	TMEM161B	c12
1.52875773745323e-32	-0.81793480151355	0.2	0.078	5.59540619485258e-28	NUFIP2	c12
1.0982231514409e-16	-0.817747990936281	0.287	0.152	4.01960655658882e-12	SDCBP	c12
3.47468469957852e-12	-0.817292834616301	0.069	0.028	1.27176934689273e-07	GALC	c12
6.1152713798569e-10	-0.816863999329463	0.064	0.028	2.23825047774142e-05	FAM91A1	c12
1.68542258615624e-12	-0.816560057755756	0.562	0.318	6.16881520759044e-08	HSPA5	c12
8.07101156701563e-14	-0.816421079525952	0.105	0.048	2.95407094364339e-09	PNPLA6	c12
6.40277195353371e-11	-0.816029581595023	0.063	0.026	2.34347856271287e-06	ANKS3	c12
2.27340944221514e-24	-0.815505635146366	0.193	0.084	8.32090589945163e-20	FAM13B	c12
2.54518887675779e-12	-0.815162098469527	0.101	0.047	9.31564580782117e-08	LNPK	c12
2.30311878371692e-10	-0.814817861434353	0.06	0.025	8.42964506028232e-06	ZNF564	c12
0.000595764009389746	-0.814422820820335	0.016	0.007	1	IFT172	c12
1.31271585644137e-22	-0.814132666524529	0.163	0.069	4.80467130616106e-18	SMIM15	c12
1.88157203904266e-09	-0.814038138195637	0.052	0.022	6.88674182010004e-05	GSAP	c12
4.15151071010036e-11	-0.813467295943868	0.082	0.037	1.51949443500383e-06	PCK2	c12
1.1365187723117e-06	-0.813384210048784	0.031	0.012	0.0415977235853804	ZNF646	c12
9.57322416964694e-08	-0.812875655778031	0.04	0.017	0.00350389577833248	ARMC2	c12
5.1005361461416e-15	-0.812835901155764	0.12	0.055	1.86684723484929e-10	MBNL2	c12
2.60760450666109e-12	-0.812238864275819	0.07	0.029	9.54409325483025e-08	ZBTB40	c12
0.0631760344154884	-0.811976267626841	0.014	0.008	1	KIR3DL2	c12
1.33928775398336e-09	-0.81193210957148	0.046	0.018	4.90192710835449e-05	STIMATE	c12
3.54048792333107e-16	-0.811816071395639	0.078	0.029	1.29585398481841e-11	NF1	c12
2.56641157644802e-12	-0.811750205929754	0.091	0.041	9.3933230109574e-08	UTP11	c12
1.29699854334167e-05	-0.81123430199196	0.03	0.013	0.474714436848485	MAFF	c12
6.6192200425786e-09	-0.811189678245509	0.069	0.033	0.00024227007277842	AEN	c12
1.19400929683187e-07	-0.810933236277773	0.034	0.013	0.00437019342733434	NAPB	c12
1.2108926921583e-15	-0.8108449054125	0.047	0.014	4.4319883425686e-11	TRDV1	c12
6.13542766607537e-08	-0.810496101865101	0.031	0.011	0.00224562788006024	TAB3	c12
1.84077201533984e-28	-0.810435702318773	0.376	0.178	6.73740965334535e-24	ITGAL	c12
3.5523408201752e-16	-0.809894725800707	0.09	0.036	1.30019226359233e-11	PCNX4	c12
1.02228944449078e-20	-0.809620451372083	0.486	0.252	3.74168159578072e-16	RNF149	c12
1.38627049755178e-19	-0.809558350197488	0.121	0.05	5.07388864808929e-15	PICALM	c12
1.9182500347121e-05	-0.809120062319775	0.743	0.44	0.702098695204975	RNF213	c12
5.13129022984192e-20	-0.80863895388703	0.129	0.053	1.87810353702444e-15	NUDT14	c12
1.58885266259878e-10	-0.808447422923247	0.071	0.032	5.81535963037781e-06	PWWP3A	c12
7.94418214615495e-11	-0.808444547732277	0.05	0.019	2.90765010731417e-06	EIF4ENIF1	c12
1.89160675006908e-19	-0.808213343288438	0.112	0.044	6.92346986592785e-15	SACS	c12
2.01452069275796e-23	-0.808167852348406	0.194	0.086	7.3733471875634e-19	SUPT6H	c12
5.06126176656215e-11	-0.808113216276997	0.046	0.017	1.85247241917941e-06	ATP11C	c12
2.18569673078263e-30	-0.80753802798693	0.162	0.061	7.99986860433751e-26	DDHD1	c12
2.85850526643416e-07	-0.807485633540066	0.05	0.023	0.0104624151256757	FASTKD1	c12
3.51174673651809e-07	-0.807392388575596	0.033	0.013	0.0128533442303299	AL050309.1	c12
2.64745922664703e-12	-0.807285241085321	0.082	0.036	9.68996551545078e-08	POLR3E	c12
8.23301737485227e-19	-0.807015470409605	0.202	0.097	3.01336668936968e-14	TOR1AIP1	c12
6.68930939808196e-09	-0.80679236948238	0.056	0.025	0.000244835413279198	AP4B1	c12
1.83712271912011e-28	-0.806792326130697	0.189	0.077	6.72405286425151e-24	PARP15	c12
0.0117219236184879	-0.806504632224486	0.01	0.004	1	ICA1L	c12
0.000102376214976154	-0.806399532672741	0.021	0.009	1	NEDD4	c12
0.00911059875703239	-0.806062300821179	0.015	0.007	1	CDC42BPB	c12
4.94939430262522e-33	-0.805964763067982	0.366	0.166	1.81152780870386e-28	LBR	c12
6.71344520113521e-10	-0.805737040028804	0.051	0.021	2.4571880780675e-05	XPO5	c12
1.80219343937975e-16	-0.805620873258235	0.105	0.044	6.59620820747382e-12	CDCA4	c12
1.66600766641849e-06	-0.804950777775061	0.033	0.014	0.0609775465985831	POLE	c12
1.43251927289723e-10	-0.804923742203711	0.028	0.008	5.24316379073117e-06	AC016831.5	c12
2.0498109781227e-25	-0.804862210196305	0.157	0.063	7.50251316102688e-21	MYO9B	c12
1.09255902553449e-17	-0.804165737384022	0.114	0.048	3.99887528935878e-13	SIKE1	c12
1.74495251275336e-07	-0.804070358358453	0.045	0.02	0.00638670069192859	CLPTM1L	c12
0.0218090804991543	-0.803976625769972	0.015	0.008	1	HIST1H4J	c12
9.45527515245144e-18	-0.803222855677121	0.133	0.058	3.46072525854875e-13	ST6GALNAC6	c12
2.82863029433068e-10	-0.803125286937559	0.037	0.013	1.03530697402797e-05	P2RX7	c12
3.5010704177505e-12	-0.802775907853071	0.054	0.02	1.28142678360086e-07	POLR1A	c12
1.56837410199864e-08	-0.802736682336226	0.035	0.013	0.000574040605072522	HLCS	c12
2.34592355856163e-31	-0.802633570170356	0.35	0.159	8.58631481669144e-27	NRDC	c12
1.08201637683257e-32	-0.802617656035509	0.366	0.165	3.9602881408449e-28	NFATC2	c12
2.50504357209508e-37	-0.802580706222432	0.219	0.083	9.16870997822522e-33	MON2	c12
1.259345883613e-09	-0.802470887303758	0.049	0.02	4.60933186861195e-05	PRKAB1	c12
1.29505836347919e-08	-0.80246411574974	0.046	0.019	0.000474004311617019	DNAJC27	c12
9.06275597370612e-32	-0.801953257809578	0.219	0.089	3.31705931393618e-27	NIN	c12
5.17987058196034e-07	-0.801758569811163	0.029	0.011	0.018958844317033	PRC1	c12
0.0250213615511521	-0.801545120151031	0.746	0.463	1	MSN	c12
4.11019037197855e-09	-0.801482726929398	0.049	0.02	0.000150437077804787	TANGO6	c12
0.000214735206181506	-0.801052596533215	0.037	0.019	1	CPT2	c12
0.000117004442957263	-0.800808200047156	0.031	0.015	1	GFM2	c12
1.85745441297507e-18	-0.800567740626081	0.096	0.037	6.79846889693006e-14	HEATR6	c12
1.39977922378705e-08	-0.799541891029746	0.072	0.035	0.0005123331936983	FAR1	c12
6.28622982023073e-19	-0.799280892999198	0.936	0.709	2.30082297650265e-14	CLIC1	c12
3.27217581694893e-26	-0.799119430716944	0.182	0.076	1.19764907076148e-21	RRBP1	c12
8.21366728921459e-25	-0.799045580682856	0.139	0.054	3.00628436452543e-20	KDM5D	c12
7.46596304418499e-08	-0.79810816558637	0.055	0.026	0.00273261713380215	FCRL3	c12
4.51916602278582e-13	-0.798107885761228	0.081	0.034	1.65405995599984e-08	ARFGEF2	c12
1.10901863617646e-17	-0.79806815600229	0.113	0.047	4.05911911026945e-13	TBC1D20	c12
9.98345912154904e-11	-0.79801163276578	0.081	0.037	3.65404587307816e-06	NFE2L1	c12
1.35179777610855e-11	-0.797918812128811	0.583	0.34	4.94771504033492e-07	MT-ND6	c12
2.43666979125994e-12	-0.797780850550464	0.097	0.045	8.91845510299052e-08	VRK2	c12
1.82939019403666e-17	-0.797648373460325	0.134	0.06	6.6957510491936e-13	ELOA	c12
0.00133965846154264	-0.797626125909624	0.035	0.02	1	GATD3A	c12
2.3904084904561e-30	-0.797337067496747	0.218	0.09	8.74913411591835e-26	RANBP2	c12
3.31145441557426e-26	-0.796749957784444	0.202	0.087	1.21202543064434e-21	PARP4	c12
3.03853751019242e-05	-0.796220894376023	0.033	0.015	1	TYW5	c12
2.68862403503711e-22	-0.796128495061931	0.212	0.098	9.84063283063933e-18	ARCN1	c12
5.97994628339121e-08	-0.795971633726292	0.062	0.029	0.00218872013918402	ITPK1	c12
0.00151523094027142	-0.795957285419632	0.011	0.004	1	ZKSCAN2	c12
0.000906761516119361	-0.795841162377676	0.013	0.005	1	TGFBR3L	c12
1.0434007161238e-13	-0.795319431797657	0.429	0.246	3.81895096108473e-09	PTPRCAP	c12
1.91199941903553e-26	-0.795031255294247	0.377	0.182	6.99810907361194e-22	PTBP3	c12
1.83527499912678e-16	-0.794749120303729	0.079	0.029	6.71729002430392e-12	ZFYVE28	c12
0.0106044499425897	-0.793990369282266	0.015	0.007	1	USP13	c12
6.65773343395167e-09	-0.793548895084278	0.599	0.348	0.000243679701416065	LCP2	c12
1.79020161406714e-08	-0.79351613706237	0.029	0.01	0.000655231692764713	NOL6	c12
5.5523424403455e-25	-0.793436406263162	0.187	0.08	2.03221285659086e-20	TXNDC15	c12
1.35901713278592e-19	-0.793160648052562	0.167	0.076	4.97413860770974e-15	BTG3	c12
2.12038866198782e-06	0.793012657730591	0.011	0.002	0.0776083454174161	TMEM169	c12
8.9054554980371e-06	-0.792414052128779	0.02	0.007	0.325948576683656	HTD2	c12
6.3146270995942e-15	-0.792221603368107	0.11	0.049	2.31121666472247e-10	ERCC3	c12
0.000122280367733914	-0.792090698637783	0.024	0.011	1	SLC35F2	c12
1.10073422584583e-11	-0.791921403573612	0.074	0.032	4.02879734001831e-07	TTC4	c12
2.9571735610993e-22	-0.791884801477782	0.185	0.082	1.08235509509795e-17	ATL3	c12
1.47501920224881e-22	-0.791757038972797	0.165	0.071	5.39871778215088e-18	RALGAPA1	c12
0.000288470064827325	-0.791505567122492	0.023	0.011	1	GMEB2	c12
2.68046662859806e-17	-0.791331338292425	0.134	0.06	9.81077590733175e-13	ZDHHC20	c12
8.32254227574279e-15	-0.79101131001331	0.105	0.046	3.04613369834462e-10	HEATR1	c12
3.97211953080303e-17	-0.790961760380586	0.09	0.035	1.45383546946922e-12	KDM4A	c12
4.84437375009878e-23	-0.790931027776089	0.163	0.069	1.77308923627365e-18	STARD3NL	c12
7.9132498670828e-11	-0.790756912639941	0.057	0.023	2.89632858385097e-06	CRADD	c12
2.10625699973272e-14	-0.790639801454352	0.086	0.036	7.70911124472173e-10	CMTR1	c12
5.32616693316712e-21	-0.79037744078274	0.107	0.041	1.9494303592085e-16	UGGT1	c12
0.000210044434423155	-0.790358656720344	0.021	0.009	1	MCM8	c12
0.0278874368256827	-0.790251037091156	0.01	0.005	1	TMEM241	c12
1.25210476413135e-21	-0.790215990021135	0.122	0.048	4.58282864719715e-17	RAPGEF1	c12
1.57649441202812e-29	-0.789987741519061	0.252	0.109	5.77012719746413e-25	HSBP1	c12
2.6816519479604e-25	-0.789971876909249	0.311	0.148	9.81511429472986e-21	RAB6A	c12
8.92863565040082e-11	-0.789358055962557	0.05	0.019	3.2679699344032e-06	ZNF3	c12
0.00702920870339256	-0.789202436555712	0.044	0.028	1	RMRP	c12
2.60912179060017e-09	-0.789084726880415	0.06	0.026	9.54964666577569e-05	FAM3C	c12
6.18450061724753e-15	-0.788793614478129	0.103	0.045	2.26358907091877e-10	TRAPPC6B	c12
1.21642483940059e-14	-0.788271227492179	0.09	0.038	4.45223655469011e-10	HELLS	c12
1.61754834498147e-10	-0.788251698139091	0.065	0.028	5.92038869746667e-06	SEC24D	c12
0.0127614921160319	-0.788175761065789	0.855	0.596	1	KLF6	c12
1.24261178641641e-15	-0.788150888388692	0.07	0.026	4.54808339946269e-11	TMEM127	c12
3.05100486535532e-10	-0.787591198907319	0.062	0.026	1.1166982907687e-05	HS1BP3	c12
1.39368160891425e-12	-0.787523436287215	0.106	0.05	5.10101405678703e-08	TMED7	c12
0.0029824596880989	-0.787259221550526	0.018	0.009	1	NUP50-DT	c12
5.09775273985514e-20	-0.787088644681721	0.129	0.053	1.86582848031438e-15	POLK	c12
2.6212576752518e-19	-0.786859309181079	0.141	0.061	9.59406521718912e-15	RC3H2	c12
2.68652013142161e-18	-0.786701405013392	0.109	0.044	9.83293233301622e-14	HARS2	c12
1.83172766703985e-17	-0.786296617752968	0.269	0.139	6.70430643413254e-13	LAMP1	c12
6.93401196666563e-30	-0.786176200365874	0.34	0.157	2.53791771991929e-25	TUBB4B	c12
3.12493682341561e-07	-0.786171326628902	0.046	0.02	0.0114375812673835	TMEM39A	c12
1.99715753075562e-06	-0.785855503465632	0.051	0.025	0.0730979627831865	EEF2KMT	c12
6.14259500865085e-23	-0.785765164073577	0.476	0.24	2.2482511991163e-18	IDH2	c12
3.99166357227156e-08	-0.785703063343998	0.032	0.012	0.00146098878408711	IL15	c12
6.78848443031326e-12	-0.784734468463614	0.063	0.025	2.48465318633895e-07	ABCB1	c12
2.33664403411996e-07	-0.784191658934961	0.038	0.016	0.00855235082928247	PLAGL2	c12
1.93097282974652e-08	-0.783882737788089	0.049	0.021	0.000706755365415524	SLC35F6	c12
3.63091027818919e-10	-0.783577979510459	0.062	0.026	1.32894947092002e-05	FCHSD2	c12
1.53644611137243e-14	-0.783383822016092	0.083	0.034	5.62354641223425e-10	BPGM	c12
3.78547530017885e-16	-0.783302303156636	0.133	0.061	1.38552181461846e-11	NSMAF	c12
9.44421091039817e-07	-0.78323735760263	0.039	0.017	0.0345667563531484	TADA1	c12
0.00035377811019751	-0.783124808419564	0.029	0.014	1	RACGAP1	c12
2.73185387948236e-17	-0.78312177505274	0.107	0.044	9.99885838429339e-13	NEU1	c12
4.24094908399016e-25	-0.782921385971632	0.133	0.05	1.55222977423124e-20	TYW1	c12
1.45874307761947e-05	-0.782600693420864	0.04	0.02	0.533914553839503	C15orf39	c12
2.5850671059393e-05	-0.782494587898504	0.02	0.008	0.946160411444844	SLC38A7	c12
2.2776885845578e-20	-0.782421691752944	0.148	0.064	8.33656798833999e-16	FBXW11	c12
3.29692472912852e-21	-0.782375189459145	0.231	0.11	1.20670742010833e-16	TMX1	c12
2.00742652124919e-12	-0.781923160731404	0.048	0.017	7.34738181042415e-08	STK39	c12
2.33439169030933e-14	-0.781779786687926	0.57	0.311	8.54410702570117e-10	NOP10	c12
2.7350122321264e-07	-0.781508575276244	0.047	0.021	0.0100104182708058	COPG2	c12
1.74443485767692e-13	-0.781481783432254	0.099	0.044	6.38480602258328e-09	GSR	c12
4.04744881440655e-24	-0.78136382357667	0.493	0.246	1.48140674056094e-19	STXBP2	c12
5.68710235205064e-36	-0.781100008222657	0.396	0.177	2.08153633187406e-31	LNPEP	c12
1.21774989981049e-09	-0.781082246097331	0.07	0.032	4.45708640829639e-05	CLN6	c12
4.22144373169755e-07	-0.781064031733197	0.022	0.007	0.0154509062023862	DNAI2	c12
2.515191878317e-16	-0.780845509119377	0.082	0.031	9.20585379382805e-12	RPL39L	c12
1.25479734052117e-08	-0.780706947616398	0.076	0.037	0.000459268374604152	ATP6V1A	c12
2.05491495906243e-06	-0.78059333527349	0.03	0.012	0.075211942416644	TMTC4	c12
6.12704733944222e-23	-0.780490423971267	0.169	0.072	2.24256059670925e-18	PPP2R3C	c12
2.53124568181928e-26	-0.78048828806736	0.174	0.071	9.26461232002674e-22	DPH3	c12
2.86946836018933e-12	-0.780320169559322	0.096	0.044	1.0502541145129e-07	LMBR1	c12
1.83949834629688e-13	-0.780256940509229	0.078	0.032	6.73274789728123e-09	USF1	c12
0.00897525180076772	-0.780224193656042	0.016	0.008	1	MAFK	c12
6.74623917912128e-17	-0.780060114550187	0.107	0.045	2.46919100195018e-12	ATP6V0A2	c12
2.06042138815543e-07	-0.779834101213464	0.046	0.02	0.00754134832278768	ACTR5	c12
1.18356603576782e-14	-0.779615326560181	0.123	0.057	4.3319700475138e-10	ALAS1	c12
2.66886793394243e-08	-0.779585542639264	0.054	0.024	0.000976832352502269	TSC22D2	c12
0.000152999664072387	-0.779298602739941	0.012	0.004	1	LINC00384	c12
2.13817648864687e-28	-0.779242306689497	0.293	0.133	7.8259397660964e-24	HDLBP	c12
4.92693861211736e-08	-0.779004607191488	0.043	0.018	0.00180330880142108	GPD1L	c12
2.90128390625673e-24	-0.778862543744527	0.196	0.086	1.06189892252903e-19	SLC38A2	c12
1.45204831671847e-19	-0.777575530754529	0.107	0.042	5.31464204402127e-15	GCLM	c12
3.53393136419147e-25	-0.777571000341693	0.219	0.098	1.29345421860772e-20	INSIG1	c12
4.09626221254598e-36	-0.77737109646988	0.354	0.154	1.49927293241395e-31	TSEN54	c12
1.35260820163746e-11	-0.776165934058102	0.06	0.024	4.95068127881328e-07	TMCO3	c12
2.90370750521233e-17	-0.776119307594556	0.111	0.046	1.06278598398277e-12	WDR36	c12
2.42777891056495e-12	-0.775774646238461	0.068	0.028	8.88591359055876e-08	ZBTB2	c12
4.36972994385114e-10	-0.775738733232006	0.046	0.017	1.59936485674896e-05	KIF1BP	c12
3.49293663964264e-16	-0.775364283381107	0.126	0.056	1.2784497394756e-11	GMEB1	c12
8.15884590717379e-13	-0.77534463095229	0.072	0.029	2.98621919048468e-08	NSD2	c12
1.25827954497581e-10	-0.775330910096568	0.043	0.015	4.60542896256595e-06	RHBDD1	c12
0.0349301426439117	-0.775309099277855	0.02	0.012	1	SLX1B	c12
7.28965461531626e-20	-0.775259664803314	0.139	0.059	2.6680864857519e-15	TIPARP	c12
1.95053930346879e-12	-0.775007906363302	0.073	0.031	7.13916890462612e-08	TUBGCP3	c12
1.10353564833011e-10	-0.774974540504048	0.093	0.044	4.03905082645302e-06	ANAPC4	c12
1.09779238886952e-26	-0.774660582188046	0.277	0.127	4.01802992250133e-22	DOCK2	c12
0.00224224775407201	-0.774068277290222	0.012	0.005	1	N4BP3	c12
0.000966254695154775	-0.773757435930767	0.028	0.014	1	PCCA	c12
7.30624085737697e-07	-0.773738471382899	0.037	0.016	0.0267415721620854	TUBG1	c12
3.22146294120037e-15	-0.773721302562993	0.376	0.207	1.17908765110875e-10	CAPZA1	c12
1.75324364919462e-15	-0.773383478476649	0.112	0.049	6.41704708041723e-11	AARS	c12
8.2283864177355e-18	-0.773168511824797	0.162	0.075	3.01167171275537e-13	COPG1	c12
7.0759926051365e-25	-0.773012762385815	0.148	0.058	2.58988405340601e-20	GAK	c12
2.12156982513839e-18	-0.772587707816595	0.128	0.055	7.76515771698903e-14	LATS1	c12
6.91007971493592e-26	-0.772559396087391	0.161	0.064	2.5291582764637e-21	SMC6	c12
3.18139187641089e-28	-0.772054014014516	0.195	0.08	1.16442124068515e-23	TM2D1	c12
1.90926256836304e-09	-0.77151659561656	0.063	0.028	6.98809192646555e-05	ZC3H11A	c12
1.82147715791246e-14	-0.771112600950015	0.07	0.027	6.66678854567541e-10	FAM50B	c12
0.0193639237511257	-0.771025829943606	0.904	0.645	1	MT-ATP8	c12
2.88223766148243e-23	-0.770868887440394	0.166	0.07	1.05492780647919e-18	COMMD5	c12
0.307438614543891	-0.770518449427117	0.021	0.017	1	GLDN	c12
4.59443885059836e-07	-0.770353880965408	0.607	0.381	0.0168161056370751	GZMK	c12
6.16808292089085e-26	-0.770194812545558	0.173	0.071	2.25758002987526e-21	CREM	c12
2.68112110277969e-09	-0.770015299853436	0.087	0.043	9.81317134828393e-05	TRIM11	c12
5.2869880428891e-07	-0.769781306607864	0.012	0.003	0.0193509049357784	FAM122A	c12
4.55455970275434e-26	-0.769516069387622	0.17	0.069	1.66701439680512e-21	PHACTR4	c12
3.68595352287907e-21	-0.769386291662212	0.189	0.086	1.34909584890897e-16	RAB5A	c12
0.00047737192430435	-0.769347216340114	0.024	0.012	1	C14orf28	c12
5.46166064952268e-10	-0.768873992605828	0.043	0.016	1.9990224143318e-05	PPP1R37	c12
2.86097240723451e-30	-0.768390468521965	0.244	0.104	1.0471445107719e-25	KANSL1	c12
1.38001448031185e-29	-0.768297351180968	0.174	0.068	5.05099099938939e-25	GPATCH11	c12
4.24245225141828e-06	-0.768278139805908	0.048	0.023	0.155277994854161	DHCR7	c12
0.000124969271142658	-0.768235884340421	0.034	0.017	1	UBXN8	c12
4.67239855968291e-18	-0.768222579132923	0.395	0.21	1.71014459682954e-13	TAP1	c12
2.97783042070438e-13	-0.768193734336282	0.052	0.018	1.08991571228201e-08	ZNF142	c12
2.16777379723515e-17	-0.768117806355545	0.104	0.042	7.93426887526039e-13	HSD17B12	c12
9.88219390178346e-27	-0.768079039629231	0.178	0.073	3.61698178999176e-22	LEPROT	c12
2.10091976302471e-14	-0.767771906206145	0.072	0.028	7.68957642464673e-10	RABGEF1	c12
2.72582946243975e-16	-0.767272953379053	0.105	0.044	9.97680841547575e-12	CEMIP2	c12
5.22899602191911e-13	-0.766794552362202	0.093	0.041	1.91386483398261e-08	SENP5	c12
1.74313515180824e-25	-0.766744340407105	0.215	0.095	6.38004896913335e-21	TRANK1	c12
8.03332144535183e-09	-0.766361437088389	0.064	0.029	0.000294027598221322	RIPK2	c12
9.50212897244988e-23	-0.766079537079687	0.128	0.05	3.47787422520638e-18	CAAP1	c12
8.7176253921356e-11	-0.766063792573551	0.047	0.017	3.19073806977555e-06	OGFRL1	c12
2.12340876796194e-05	-0.765622223187326	0.023	0.009	0.77718884316175	DGKQ	c12
1.53777479356375e-09	-0.765522152842249	0.036	0.013	5.62840952192269e-05	AIM2	c12
2.51066621754708e-17	-0.764802266818144	0.39	0.209	9.18928942284406e-13	VASP	c12
0.000121307773068086	-0.764757158234496	0.024	0.011	1	ZNF382	c12
9.40241430799938e-16	-0.764415960583039	0.077	0.029	3.44137766087085e-11	SLC17A5	c12
2.26795833898102e-11	-0.763791401742826	0.053	0.02	8.30095431650444e-07	TRAPPC13	c12
5.6371018699823e-12	-0.763605620481364	0.045	0.015	2.06323565543222e-07	RHBDD3	c12
4.18988071365594e-10	-0.763431429425562	0.049	0.019	1.53353824000521e-05	MROH1	c12
3.62962663966579e-08	-0.763280889765538	0.634	0.368	0.00132847964638408	EIF4G2	c12
1.31680028883268e-22	-0.763200945109467	0.146	0.06	4.81962073715648e-18	LTN1	c12
3.90318951644742e-33	-0.763179983795154	0.24	0.099	1.42860639491492e-28	CWC25	c12
3.72296003428898e-09	-0.763134436779103	0.081	0.04	0.000136264060215011	SCYL2	c12
1.68294889826767e-20	-0.762643712859646	0.137	0.058	6.15976126254948e-16	HLTF	c12
2.77153417876789e-22	-0.762403342293309	0.113	0.042	1.01440922477083e-17	HIPK1	c12
1.60419179609099e-08	-0.762292926646638	0.064	0.03	0.000587150239287264	EIF5A2	c12
8.86751869778714e-09	-0.762286573027157	0.048	0.02	0.000324560051857707	EPG5	c12
1.44016286757603e-13	-0.762237468770061	0.069	0.027	5.27114011161502e-09	PIGU	c12
2.12191875711513e-13	-0.762142731252966	0.076	0.031	7.76643484291708e-09	NAT10	c12
2.33366973299483e-09	-0.762001425366555	0.054	0.023	8.54146458973437e-05	SMCR8	c12
0.000334854137270207	-0.761850938679094	0.016	0.006	1	NIPAL2	c12
1.00219608049236e-23	-0.761716272432925	0.16	0.066	3.6681378742101e-19	IVD	c12
1.20102640203798e-21	-0.761571438157571	0.147	0.062	4.39587673409921e-17	CDK5RAP2	c12
2.72055317975205e-06	-0.761003485244892	0.033	0.014	0.0995749669321049	IPO11	c12
5.01553687485662e-25	-0.76097318756334	0.16	0.065	1.83573665156627e-20	DYNC1LI2	c12
7.21741784318233e-17	-0.760639009565078	0.109	0.045	2.64164710478316e-12	IDH3A	c12
1.41545298189657e-07	-0.760637006701093	0.044	0.019	0.00518069945903962	SLC25A43	c12
5.90160786471594e-07	-0.760499844211243	0.024	0.009	0.0216004749456468	ZNF319	c12
6.0055737579705e-05	-0.760301045470606	0.021	0.009	1	COPRS	c12
1.65352181545976e-26	-0.760276373762486	0.944	0.745	6.05205519676428e-22	CD99	c12
1.55244300570543e-21	-0.760133753136462	0.201	0.093	5.68209664518246e-17	RNF4	c12
2.1348302048853e-08	-0.759943411366964	0.034	0.012	0.000781369203290069	WDR4	c12
7.15786507012843e-26	-0.759916813357292	0.336	0.161	2.61985019431771e-21	ELOVL1	c12
3.9724836716313e-19	-0.759409670877169	0.115	0.047	1.45396874865377e-14	BTAF1	c12
4.27105048436512e-16	-0.759386022945315	0.094	0.038	1.56324718778248e-11	UHRF2	c12
4.74433992647755e-07	-0.758890090995213	0.053	0.025	0.0173647585649005	IDE	c12
6.13394919878295e-19	-0.75875833937981	0.089	0.033	2.24508674624655e-14	TMEM102	c12
1.51621528651556e-13	-0.7587421839718	0.094	0.041	5.5494995701756e-09	FEM1B	c12
1.91003605682968e-05	-0.758556095876866	0.024	0.01	0.69909229716023	RMI1	c12
1.25874509356248e-06	-0.758239872127289	0.029	0.011	0.0460713291694805	FGGY	c12
5.53737473552558e-17	-0.758228980577201	0.099	0.04	2.02673452694972e-12	ZNF266	c12
1.48514452280454e-11	-0.75807665378963	0.04	0.013	5.43577746791691e-07	ZNF34	c12
5.3851464890373e-24	-0.757911339065476	0.451	0.227	1.97101746645254e-19	PRKCH	c12
6.16812995822397e-21	-0.757855338698786	0.117	0.046	2.25759724600956e-16	SYNE3	c12
5.91505118715286e-14	-0.757549051624469	0.057	0.02	2.16496788500982e-09	NOTCH2NLC	c12
1.68184540895892e-12	-0.757540197202551	0.623	0.345	6.15572238133055e-08	DYNLL1	c12
1.50086450655952e-10	-0.757418654530545	0.078	0.035	5.49331418045851e-06	SPIN1	c12
1.70962642211588e-31	-0.757389814191109	0.324	0.146	6.25740366758635e-27	ATP1B3	c12
5.89788244310944e-08	-0.757221173415485	0.034	0.013	0.00215868395300248	NACC1	c12
1.61327497623042e-13	-0.756413022609983	0.097	0.043	5.90474774050097e-09	WDR55	c12
0.000346110497656504	-0.756034415442668	0.738	0.45	1	GZMM	c12
0.000906148499401349	-0.755798715139008	0.013	0.005	1	LRP5L	c12
0.000138400973897611	-0.755096463634347	0.017	0.007	1	TPCN2	c12
8.75459957420157e-10	-0.755046717572145	0.069	0.031	3.20427099015352e-05	MPP1	c12
7.2044189186178e-09	-0.754872434285211	0.054	0.024	0.00026368893684033	MYO19	c12
1.39285535611186e-16	-0.754624622789279	0.093	0.037	5.09798988890503e-12	TAF2	c12
2.91358255391926e-07	-0.754440001235297	0.043	0.019	0.0106640035055999	SETD4	c12
8.78635791220958e-25	-0.754194586143609	0.141	0.055	3.21589485944783e-20	LCOR	c12
9.23847202060682e-23	-0.754066082233697	0.138	0.056	3.3813731442623e-18	PEX2	c12
7.41796160751413e-27	-0.75396485691364	0.156	0.061	2.71504812796625e-22	GBP3	c12
4.43997975399887e-07	-0.75394466167181	0.049	0.023	0.0162507698976113	GPR89B	c12
9.89456839886816e-10	-0.753654111694532	0.063	0.028	3.62151097966974e-05	CASP7	c12
0.0561315486116884	-0.753527223198286	0.01	0.005	1	SFXN5	c12
2.51924743031476e-11	-0.753371438258146	0.061	0.024	9.22069751969506e-07	ATG2B	c12
1.51637118493224e-20	-0.75311962499419	0.119	0.047	5.55007017397048e-16	KIAA0232	c12
2.04331340381217e-13	-0.75307214819942	0.081	0.034	7.47873138929291e-09	STRIP1	c12
3.55330636974972e-25	-0.75306144602442	0.224	0.1	1.30054566439209e-20	ACTR1A	c12
3.35999800153291e-12	-0.75290790126069	0.083	0.036	1.22979286854106e-07	DCAF12	c12
0.00243713052857332	-0.75274769582103	0.029	0.016	1	MOB3C	c12
3.76139491636354e-22	-0.752657571684097	0.152	0.064	1.37670815333822e-17	STAG1	c12
1.00935617895385e-27	-0.752289684036954	0.315	0.147	3.694344550589e-23	RAB10	c12
7.40501669555789e-07	-0.752078905374478	0.028	0.01	0.0271031016074114	RHOQ	c12
0.000508868060801287	-0.751931976581378	0.016	0.006	1	RGS12	c12
8.36918009998953e-10	-0.751513338344597	0.044	0.016	3.06320360839717e-05	ELL2	c12
8.26726838213362e-06	-0.751437223847405	0.026	0.01	0.302590290054473	PINK1	c12
3.15855094231513e-28	-0.751433971372629	0.169	0.066	1.15606123039676e-23	ANKRD36C	c12
9.37570201001672e-12	-0.751215264669423	0.049	0.018	3.43160069268622e-07	KIAA2013	c12
9.28027851463669e-22	-0.750635048601372	0.131	0.053	3.39667473914217e-17	TBL1XR1	c12
9.50528755062127e-31	-0.75049501374488	0.305	0.136	3.47903029640289e-26	CCSER2	c12
1.84091259718653e-10	-0.750472131778372	0.046	0.017	6.7379241969624e-06	EPHA1	c12
4.73799534532456e-36	-0.750401810683072	0.347	0.151	1.73415367634224e-31	VPS35	c12
6.46858578892671e-06	-0.750212155443091	0.02	0.007	0.236756708460506	IFT46	c12
4.22528604294836e-21	-0.750177460801986	0.085	0.029	1.54649694457953e-16	KANSL3	c12
2.33794596404522e-21	-0.749852451423145	0.183	0.082	8.5571160230019e-17	CWF19L2	c12
3.71166062305184e-22	-0.749756282908502	0.15	0.063	1.3585049046432e-17	EXOC2	c12
2.81962326885471e-11	-0.74954185835297	0.06	0.024	1.03201031263351e-06	ETAA1	c12
2.39241203011132e-16	-0.748925854192018	0.224	0.116	8.75646727141044e-12	SNX1	c12
1.93059540566418e-25	-0.7488678659408	0.111	0.038	7.06617224427148e-21	NOTCH2	c12
4.17666597340206e-10	-0.748373306894651	0.951	0.75	1.52870151292489e-05	PTPRC	c12
2.2536100314721e-18	-0.748333576122258	0.078	0.027	8.24843807619103e-14	NDUFAF1	c12
2.55759063776285e-11	-0.748294938171798	0.067	0.028	9.36103749327579e-07	RPRD1B	c12
3.73244592932047e-14	-0.748269846407418	0.066	0.025	1.36611253459058e-09	GSE1	c12
6.16856413514956e-20	-0.748171024342941	0.138	0.059	2.25775615910609e-15	ZMPSTE24	c12
9.80026824071939e-28	-0.748074857418919	0.21	0.089	3.5869961787857e-23	CPT1A	c12
2.84732946894666e-14	-0.74793002659184	0.078	0.031	1.04215105892917e-09	NVL	c12
1.52965776485064e-23	-0.747802149100036	0.162	0.067	5.59870038512982e-19	RRN3	c12
6.83384570637059e-31	-0.7477850189817	0.357	0.164	2.5012558669887e-26	NCKAP1L	c12
6.17760409446719e-27	-0.747540408005254	0.17	0.068	2.26106487461594e-22	B3GALT4	c12
5.72592345110136e-14	-0.74751183079952	0.093	0.04	2.09574524233761e-09	MTHFD1	c12
3.07430830600567e-13	-0.747410546654117	0.065	0.025	1.12522758308113e-08	VPS50	c12
4.05033505397121e-24	-0.746731283471545	0.136	0.053	1.482463133104e-19	MCM3AP	c12
1.02090558448263e-31	-0.746357191752373	0.266	0.115	3.73661652976487e-27	PJA2	c12
7.44115397047412e-10	-0.745969137470158	0.032	0.01	2.72353676473323e-05	PIK3R2	c12
9.40538464969187e-16	-0.745703462542503	0.091	0.037	3.44246483563372e-11	SUGP2	c12
3.33749061117597e-31	-0.745395199952552	0.259	0.111	1.22155493859652e-26	TMEM50B	c12
1.25966029707473e-28	-0.745212470420642	0.232	0.1	4.61048265332323e-24	HSPA4	c12
2.91625045774514e-12	-0.744807545258509	0.083	0.036	1.0673768300393e-07	BTBD10	c12
1.52232050079886e-19	-0.744740628389453	0.093	0.034	5.57184526497392e-15	ZNF821	c12
1.70605165576854e-15	-0.74473326165724	0.114	0.05	6.24431966527844e-11	FADD	c12
0.000278894293683102	-0.744673740234791	0.016	0.006	1	GDPGP1	c12
2.73968881734067e-10	-0.744643307022804	0.051	0.02	1.00275350403486e-05	DUSP14	c12
2.11033067154726e-14	-0.744515652925957	0.088	0.037	7.72402129093014e-10	SETDB2	c12
8.73545106770131e-16	-0.744372498313836	0.084	0.033	3.19726244528936e-11	ZFYVE21	c12
1.48020803565489e-21	-0.743785804377395	0.127	0.05	5.41770943130045e-17	NUP133	c12
1.17370810010825e-12	-0.743773657524044	0.669	0.37	4.2958890172062e-08	IRF1	c12
4.34577363824715e-22	-0.743630689109222	0.103	0.037	1.59059660933484e-17	TLE3	c12
2.26992153023812e-11	-0.743474541624074	0.062	0.025	8.30813979282454e-07	TEX261	c12
1.71043587033682e-06	-0.743314879499358	0.019	0.006	0.0626036632901979	HIRA	c12
5.37082615186315e-25	-0.74243196637739	0.152	0.061	1.96577607984343e-20	ARNTL	c12
1.39007677892525e-29	-0.742142777376286	0.189	0.076	5.0878200185443e-25	SF3B3	c12
7.9662441321712e-06	-0.742114832066541	0.027	0.011	0.291572501481598	TRMT44	c12
0.00535805988134651	-0.742048698808703	0.699	0.433	1	ACTR3	c12
7.17763997055214e-30	-0.741868547761999	0.404	0.191	2.62708800562179e-25	PAFAH1B1	c12
3.26686365469234e-38	-0.741757440634051	0.278	0.113	1.19570476625394e-33	HUWE1	c12
0.000597807871081897	-0.741594055491967	0.016	0.007	1	ADCK1	c12
2.49202760307511e-23	-0.741497734440525	0.178	0.077	9.12107023001521e-19	TIMM17A	c12
1.29653317115412e-30	-0.741476702980047	0.249	0.107	4.74544105974118e-26	LRBA	c12
1.38168331180534e-15	-0.741137437546129	0.14	0.066	5.05709908953874e-11	KEAP1	c12
2.3815937147557e-12	-0.740845862404164	0.56	0.315	8.71687115537733e-08	ACTR2	c12
3.55589448153565e-30	-0.740680119342356	0.201	0.081	1.30149293918687e-25	NAGK	c12
2.0695983996693e-21	-0.740554381646515	0.127	0.051	7.57493710262959e-17	ECPAS	c12
1.49685040327583e-27	-0.740513458156145	0.169	0.067	5.47862216102986e-23	TOR2A	c12
2.1979302357842e-23	-0.740410187204597	0.132	0.051	8.04464445599373e-19	MGA	c12
0.00246250823133125	-0.7400928622845	0.029	0.016	1	NXT2	c12
1.37087529900268e-06	-0.740010495571263	0.03	0.012	0.0501754068187969	ZBTB21	c12
1.71793995644426e-15	-0.739537407116255	0.101	0.043	6.28783203458165e-11	SEC16A	c12
8.308720666001e-26	-0.739058152125049	0.228	0.102	3.04107485096303e-21	SPATA13	c12
4.32427974556565e-10	-0.738936946300071	0.047	0.018	1.58272962967448e-05	ABCC4	c12
1.43456518476292e-20	-0.73888924574079	0.115	0.045	5.25065203275075e-16	RNF25	c12
1.53212253401178e-15	-0.7387386008231	0.105	0.045	5.60772168673653e-11	APOL2	c12
1.19651479791521e-14	-0.738729207896768	0.072	0.028	4.37936381184947e-10	NCALD	c12
0.00566099376167816	-0.738525799030503	0.01	0.004	1	PLAGL1	c12
1.97287791036458e-12	-0.738511199522131	0.063	0.024	7.22093043972541e-08	FIG4	c12
4.67376834476819e-28	-0.738194217845345	0.452	0.218	1.7106459518686e-23	DNAJA1	c12
0.000515084714610666	-0.738190506012274	0.012	0.004	1	MISP3	c12
1.04696305927554e-30	-0.738161092000603	0.267	0.116	3.83198949325439e-26	TMEM165	c12
1.39581372891402e-24	-0.73811269374841	0.172	0.072	5.10881782919819e-20	PDXDC1	c12
1.57392016068749e-18	-0.737911058117049	0.098	0.038	5.76070518013227e-14	METTL18	c12
1.64576907415351e-22	-0.737871955274567	0.128	0.05	6.02367938830926e-18	RLF	c12
2.94086276701935e-21	-0.737071177159552	0.531	0.275	1.07638518135675e-16	CD96	c12
3.4635159590979e-23	-0.736571167185586	0.216	0.099	1.26768147618942e-18	PRKCQ	c12
3.29312116483573e-11	-0.736549788599786	0.094	0.044	1.20531527754153e-06	SCPEP1	c12
1.73013790038008e-33	-0.736521574035842	0.221	0.089	6.33247772918114e-29	CD84	c12
1.17522728565178e-21	-0.736521095193936	0.176	0.078	4.30144938821409e-17	RNF34	c12
1.67081401045906e-37	-0.736501993897352	0.365	0.159	6.11534635968122e-33	CASP8	c12
1.21230373081534e-27	-0.736434427916569	0.181	0.074	4.43715288515723e-23	KIDINS220	c12
4.61220962059189e-06	-0.736302649488676	0.037	0.017	0.168811484323284	LZTFL1	c12
1.33960561609246e-09	-0.735448651320413	0.03	0.009	4.90309051546003e-05	RTEL1	c12
5.33471375276784e-21	-0.733951576602446	0.114	0.044	1.95255858065056e-16	SEC23IP	c12
3.82123494302965e-13	-0.733513565040897	0.115	0.054	1.39861020149828e-08	NCSTN	c12
0.000164768067896365	-0.732890355213193	0.017	0.007	1	KLHL2	c12
1.01455256303496e-19	-0.732708956150886	0.115	0.046	3.71336383596426e-15	RNF111	c12
1.00334077406661e-10	-0.732692200210284	0.054	0.021	3.67232756716119e-06	RBM45	c12
3.21596132532236e-14	-0.732604300083339	0.061	0.022	1.17707400468124e-09	AGO1	c12
3.40743468200894e-20	-0.732561018240603	0.128	0.053	1.24715516796209e-15	MYSM1	c12
9.46881529844448e-14	-0.732283052825686	0.104	0.047	3.46568108738367e-09	PGRMC1	c12
0.000138195090007212	-0.73205126511865	0.022	0.01	1	TWSG1	c12
7.79170425112655e-13	-0.731920997617976	0.07	0.028	2.85184167295483e-08	PIP5K1A	c12
2.23003023071896e-16	-0.731904196623028	0.118	0.052	8.16213364745447e-12	ZCCHC10	c12
4.07161747179414e-10	-0.731361467681776	0.045	0.017	1.49025271085137e-05	MED14	c12
2.80232824659189e-24	-0.731351833233549	0.126	0.047	1.0256801615351e-19	SLF2	c12
4.375020898695e-22	-0.73112640122485	0.1	0.036	1.60130139913136e-17	FAM126B	c12
0.00168707785396653	-0.731051935576297	0.018	0.008	1	NOTCH2NLA	c12
5.24809779944211e-06	-0.730999047411073	0.02	0.007	0.192085627557381	IFT122	c12
8.67114854189514e-20	-0.730926427880848	0.195	0.092	3.17372707781904e-15	CTNNB1	c12
3.01511839778353e-08	-0.730781755547461	0.054	0.024	0.00110356348477275	KCTD10	c12
5.52621335827372e-25	-0.730438961999121	0.147	0.058	2.02264935126177e-20	ICE2	c12
5.77746879495513e-48	-0.730436467409407	0.994	0.893	2.11461135364153e-43	S100A6	c12
2.12682366991462e-05	-0.730409189652539	0.026	0.011	0.77843873142545	ZNF23	c12
1.46437703744725e-06	-0.730237510550461	0.03	0.012	0.0535976639476067	CEP19	c12
1.99660640656452e-18	-0.730233121236773	0.712	0.379	7.30777910866678e-14	SYNE2	c12
2.34549405010976e-05	-0.730064920289714	0.02	0.008	0.858474277280673	CHSY1	c12
5.73417143301113e-13	-0.730007320870518	0.057	0.021	2.0987640861964e-08	AC006504.5	c12
5.71097759603224e-12	-0.729767933503808	0.07	0.029	2.09027490992376e-07	ALG11	c12
4.48736354938253e-10	-0.729654386513997	0.043	0.016	1.6424199327095e-05	DUSP5	c12
1.72081891236278e-16	-0.729486165616283	0.115	0.05	6.29836930113903e-12	GALNT11	c12
6.26134294097667e-43	-0.729051169733819	0.352	0.145	2.29171412982687e-38	REL	c12
5.9792286841418e-32	-0.728956650453805	0.384	0.177	2.18845749068274e-27	SH3GLB1	c12
1.70031981657085e-14	-0.72876636936467	0.102	0.045	6.22334056063098e-10	CRY1	c12
2.75927421549486e-27	-0.728436062732056	0.159	0.062	1.00992195561328e-22	CD300A	c12
3.7186759807438e-26	-0.728220083713043	0.244	0.11	1.36107259571204e-21	GARS	c12
3.17398200628623e-22	-0.72816602344727	0.137	0.055	1.16170915412082e-17	REEP3	c12
5.90113321583326e-21	-0.728044021855125	0.103	0.038	2.15987376832713e-16	MTSS1	c12
9.20730538795654e-09	-0.727858445602617	0.038	0.014	0.000336996584504597	CENPQ	c12
6.62271183292967e-07	-0.727849011013587	0.613	0.365	0.0242397875797059	RAP1B	c12
0.00134605175594646	-0.727265187405844	0.016	0.007	1	SRXN1	c12
7.75073592184474e-12	-0.727258365914061	0.096	0.045	2.83684685475439e-07	CHFR	c12
5.16007582927562e-11	-0.72704597558812	0.639	0.36	1.88863935427317e-06	STK17A	c12
2.30745109266839e-06	-0.727032876074068	0.036	0.016	0.0844550174427558	ST3GAL4	c12
5.88246423343522e-28	-0.726684933061371	0.16	0.062	2.15304073407963e-23	PPP5C	c12
3.35439940741347e-19	-0.726525767253909	0.08	0.028	1.2277437271074e-14	AGFG2	c12
1.75034140459019e-05	-0.726293013475146	0.024	0.01	0.640642457494054	NIPA1	c12
1.66930852129259e-29	-0.724854588399988	0.153	0.057	6.10983611878301e-25	KIF3A	c12
0.000466763725159452	-0.724425655058859	0.022	0.01	1	TBC1D2	c12
0.000506622846940451	0.724333511745035	0.012	0.004	1	LINC00511	c12
9.22667420743634e-07	-0.724017871930642	0.033	0.013	0.0337705502666377	ERMARD	c12
6.36371776401225e-07	-0.724013712238577	0.027	0.01	0.0232918433880612	LINC00278	c12
3.5891798412828e-37	-0.722945610171163	0.338	0.145	1.31367571370792e-32	PTPN4	c12
1.68431674644394e-28	-0.722210275813291	0.249	0.109	6.16476772365947e-24	CAPRIN1	c12
9.82025729829396e-11	-0.721726121150064	0.062	0.026	3.59431237374857e-06	ATP2A2	c12
1.58136503085818e-26	-0.721725212749167	0.213	0.092	5.78795414944402e-22	CUL4A	c12
5.19782372891622e-11	-0.72027708623608	0.066	0.028	1.90245546302063e-06	SLC2A1	c12
1.33682077109127e-22	-0.720264339468759	0.213	0.098	4.89289770427116e-18	UBQLN1	c12
2.24574910327405e-05	-0.720221246928322	0.019	0.007	0.821966629289335	FBXO45	c12
2.37866665489135e-05	-0.720162147047522	0.024	0.01	0.870615782356784	ZNF587	c12
1.64353514340294e-12	-0.719743181876607	0.101	0.047	6.01550297836911e-08	FKBP2	c12
5.06990213613705e-06	-0.719534873412334	0.022	0.008	0.185563488084752	AC009133.1	c12
2.4642527018704e-34	-0.719437812739683	0.21	0.081	9.01941131411584e-30	MIA2	c12
7.80016511630322e-08	-0.719390654392664	0.151	0.089	0.00285493843421814	DYNLRB1	c12
1.4597957650962e-11	-0.719327246250757	0.057	0.022	5.34299847982862e-07	SLC16A1	c12
1.48897952029568e-25	-0.718709413163727	0.166	0.068	5.44981394223422e-21	AGTPBP1	c12
5.657858635171e-33	-0.718625172410513	0.395	0.18	2.07083283905894e-28	SELENOS	c12
9.73035326257908e-15	-0.71856580175143	0.074	0.029	3.56140659763657e-10	EFL1	c12
1.01168742829688e-11	-0.718464334405735	0.054	0.021	3.7028771563094e-07	SELENOI	c12
3.41634447980881e-23	-0.718220836923736	0.126	0.048	1.25041624305482e-18	MTAP	c12
1.92520276167775e-20	-0.717954447434169	0.155	0.068	7.04643462801672e-16	TOR1A	c12
1.54046831192498e-24	-0.717605519962586	0.143	0.056	5.63826806847664e-20	TM9SF3	c12
2.37608658369296e-13	-0.717586364102273	0.085	0.036	8.6967145049746e-09	CSGALNACT2	c12
1.92406883799688e-16	-0.717442593358454	0.093	0.037	7.04228435395237e-12	MCOLN1	c12
5.40391175281822e-22	-0.717082875699553	0.126	0.049	1.977885740649e-17	ZNF281	c12
4.24264386576038e-05	-0.717022823692677	0.029	0.013	1	ZNF700	c12
1.30774597252037e-13	-0.716765705739923	0.08	0.033	4.78648103402182e-09	METTL2B	c12
1.27676627016463e-05	-0.716373245878991	0.027	0.011	0.467309222542955	SLC26A6	c12
1.41318005505356e-31	-0.71620288777579	0.21	0.084	5.17238031950152e-27	ETNK1	c12
5.65881031426598e-21	-0.715910035045368	0.121	0.048	2.07118116312449e-16	SPIDR	c12
6.05255004671987e-11	-0.715675062496439	0.034	0.011	2.21529384259994e-06	HPSE	c12
9.74771792095626e-11	-0.715556758892697	0.041	0.015	3.5677622362492e-06	HEG1	c12
8.04645983557371e-15	-0.715466623606905	0.086	0.035	2.94508476441833e-10	TVP23B	c12
1.38112423141139e-07	-0.715178278620788	0.033	0.013	0.00505505279938883	OSBPL1A	c12
1.01608679815236e-23	-0.714958770598665	0.167	0.07	3.71897928991744e-19	PARP9	c12
2.34926834519807e-35	-0.714901171911234	0.35	0.154	8.59855707025945e-31	SMARCA5	c12
3.65254840873262e-14	-0.714622128957732	0.096	0.041	1.33686924308023e-09	RALB	c12
6.73602806004838e-32	-0.71461941724413	0.231	0.096	2.46545363025831e-27	RUNX1	c12
1.42876652061516e-26	-0.714062559398446	0.15	0.058	5.22942834210355e-22	UBR1	c12
1.77327942813789e-10	-0.713889071131317	0.643	0.364	6.49038003492749e-06	COTL1	c12
6.31051928590574e-21	-0.713568985353965	0.1	0.037	2.30971316383436e-16	NBEAL2	c12
0.00918302191504629	-0.713517722713132	0.011	0.005	1	DZANK1	c12
0.000112060203740354	-0.713446722651911	0.031	0.015	1	C20orf204	c12
3.83559516362171e-25	-0.713352179895498	0.186	0.079	1.40386618583718e-20	ZDHHC3	c12
4.23173233163007e-06	-0.71314348481641	0.027	0.01	0.154885635069992	SEPTIN10	c12
1.16413947457609e-16	-0.713140367704023	0.081	0.03	4.26086689089593e-12	ZNF322	c12
4.39187750147531e-13	-0.712886314665288	0.06	0.022	1.60747108431498e-08	METTL2A	c12
2.94095978733136e-12	-0.712851797840409	0.067	0.027	1.07642069176115e-07	ADAT1	c12
5.75422865518053e-11	-0.712593248996459	0.052	0.02	2.10610523008263e-06	TEP1	c12
4.52211506142756e-15	-0.712588440539687	0.114	0.051	1.6551393336331e-10	C6orf47	c12
2.89805121472886e-09	-0.712556473341703	0.041	0.016	0.000106071572510291	FAH	c12
4.73391375979857e-09	-0.712355937414012	0.03	0.01	0.000173265977522387	TFEB	c12
1.33016531603296e-15	-0.712343774688652	0.072	0.027	4.86853807321224e-11	ZNF518A	c12
3.59380766404167e-23	-0.712197008292374	0.189	0.084	1.31536954311589e-18	USO1	c12
0.00324623240655603	-0.711851674906878	0.011	0.004	1	PDE1B	c12
1.63710473692181e-19	-0.711638895943031	0.113	0.045	5.99196704760752e-15	ALG1	c12
8.3735893177456e-10	-0.711297670227286	0.031	0.01	3.06481742618807e-05	FCSK	c12
6.87736307665785e-33	-0.711265995437054	0.429	0.198	2.51718365968754e-28	RASAL3	c12
2.15016047394003e-13	-0.711182021677329	0.064	0.024	7.86980235066791e-09	PTPN12	c12
9.11565212465423e-14	-0.710666271412853	0.062	0.023	3.3364198341447e-09	HS2ST1	c12
9.42645030355346e-24	-0.710660834376946	0.226	0.103	3.4501750756036e-19	TPP1	c12
1.96090817071974e-20	-0.710560330270705	0.641	0.327	7.17711999565132e-16	CLEC2B	c12
4.84892054823196e-15	-0.710311385126596	0.067	0.024	1.77475340985838e-10	NR2C2	c12
4.65618920868259e-26	-0.709813592733813	0.121	0.043	1.70421181226991e-21	HEATR5B	c12
1.0552469129063e-15	-0.709426076633593	0.079	0.03	3.86230922592835e-11	FAM8A1	c12
0.00426738350196623	-0.709361402093033	0.017	0.008	1	AC004847.1	c12
3.49504187647863e-28	-0.708440820291288	0.2	0.083	1.27922027720994e-23	GPCPD1	c12
0.00670368698712196	-0.708323071921181	0.01	0.004	1	MASTL	c12
1.39612170110088e-22	-0.708305640019139	0.541	0.275	5.10994503819932e-18	KRAS	c12
9.42699680583793e-14	-0.707917988661026	0.081	0.033	3.45037510090474e-09	ZC3H7B	c12
2.31785500762048e-11	-0.707549470113587	0.036	0.011	8.48358111339171e-07	MLLT1	c12
2.41483191193201e-22	-0.707298236753235	0.549	0.279	8.83852628086235e-18	JPT1	c12
1.33769064239529e-11	-0.707230655579667	0.064	0.026	4.896081520231e-07	MLKL	c12
5.73968426955229e-06	-0.707226166848911	0.045	0.022	0.210078183949883	SGK1	c12
0.0220860217676639	-0.707090252578946	0.016	0.009	1	SLC16A6	c12
1.76598159687104e-17	-0.707019492637948	0.622	0.332	6.46366924270771e-13	CANX	c12
2.46836485075444e-23	-0.706613430364634	0.167	0.071	9.03446219024632e-19	LPP	c12
1.01320689365005e-23	-0.706270291599127	0.16	0.066	3.70843855144855e-19	DYM	c12
4.66447638061902e-19	-0.706093038747114	0.093	0.034	1.70724500007037e-14	NOM1	c12
6.01111485140645e-19	-0.705773883760434	0.098	0.037	2.20012814676327e-14	ASB1	c12
3.8296421372798e-08	-0.705475170672511	0.035	0.013	0.00140168731866578	RSPH3	c12
4.10867579751594e-27	-0.705212175279333	0.424	0.206	1.50381642864881e-22	CYB5R3	c12
5.18798944999621e-28	-0.704885458597949	0.198	0.082	1.89885601859311e-23	PUM3	c12
0.000224303014309731	-0.70464730234308	0.011	0.003	1	IGIP	c12
7.80658758827459e-20	-0.704633964765943	0.138	0.059	2.85728912318438e-15	VPS13D	c12
4.93138591533987e-06	0.70459686268111	0.013	0.003	0.180493655887355	SLC9A3	c12
1.31953904764965e-23	-0.704406266461249	0.154	0.063	4.82964486830249e-19	ITFG1	c12
3.59103090448206e-23	-0.704395635174701	0.137	0.055	1.31435322134948e-18	DHX38	c12
0.00258244369738056	-0.704202568104861	0.017	0.008	1	KNTC1	c12
2.25266643221123e-21	-0.703391640696537	0.16	0.069	8.24498440853631e-17	SOAT1	c12
4.54485518399013e-25	-0.703223611391403	0.163	0.066	1.66346244589223e-20	TRPC4AP	c12
2.97178442109376e-27	-0.702726292340813	0.267	0.122	1.08770281596453e-22	INPP5D	c12
3.08176587743035e-05	-0.702421801077842	0.02	0.008	1	TAF1A	c12
0.000753863941936347	-0.702069866673919	0.013	0.005	1	TREX1	c12
4.38586363001717e-10	-0.702003156441639	0.047	0.018	1.60526994722259e-05	INTS6L	c12
4.51730202043996e-10	-0.70188627898088	0.032	0.01	1.65337771250123e-05	AMMECR1L	c12
5.39602185868337e-17	-0.701802588561709	0.086	0.033	1.9749979604967e-12	HAUS6	c12
1.38523231287928e-07	-0.701720513172801	0.029	0.01	0.00507008878836944	MTFR1	c12
1.45491261088343e-16	-0.701675449899182	0.102	0.042	5.32512564709445e-12	CCDC14	c12
4.36769670136563e-26	-0.701543323855076	0.153	0.06	1.59862066966683e-21	KPNA1	c12
7.37994295185874e-15	-0.701461620063724	0.072	0.027	2.70113291980982e-10	C6orf120	c12
4.15251394845131e-39	-0.701207927750485	0.484	0.217	1.51986163027267e-34	ZBTB38	c12
0.00181510441980338	-0.701089130691105	0.021	0.01	1	TEX2	c12
0.000384926396453702	-0.70102436696353	0.018	0.008	1	ZNF845	c12
1.32897111488917e-08	-0.700962574528178	0.038	0.015	0.000486416717760586	PGM3	c12
0.000143158925373002	-0.7009310128341	0.019	0.008	1	ACTA2	c12
0.000149541168901909	-0.700797945687313	0.021	0.009	1	ZNF17	c12
1.42432903008658e-29	-0.700716009862833	0.418	0.198	5.2131866830199e-25	COX17	c12
4.97615729248077e-06	-0.700376991687296	0.026	0.01	0.182132333062089	KPTN	c12
1.65857124889507e-30	-0.700252777775494	0.217	0.09	6.07053662808085e-26	DNAJB11	c12
8.33947378955593e-08	-0.700240979693342	0.039	0.016	0.00305233080171536	SGPL1	c12
1.05644150366113e-12	-0.700132612915371	0.09	0.04	3.86668154755009e-08	RALGAPB	c12
3.13293304380611e-20	-0.700099035623511	0.08	0.027	1.14668482336347e-15	LINC00944	c12
1.14121958209078e-08	-0.699653685157067	0.035	0.013	0.000417697779241047	ATRN	c12
2.48660118146571e-22	-0.699280437468181	0.11	0.041	9.10120898428265e-18	MRE11	c12
8.80423079236291e-30	-0.699142920135085	0.16	0.06	3.22243651231275e-25	CKAP5	c12
4.9822439977971e-33	-0.698901743319047	0.333	0.148	1.82355112563372e-28	HSPB11	c12
1.53965562671143e-11	-0.698395654189992	0.06	0.024	5.63529355932649e-07	WDR3	c12
5.13324290336412e-09	-0.698119087755839	0.031	0.01	0.00018788182350603	DOCK7	c12
2.91589392154696e-26	-0.697924274223696	0.216	0.094	1.0672463342254e-21	PTPN11	c12
6.35070771065643e-27	-0.697633735451425	0.164	0.065	2.32442252917736e-22	ANKRD36B	c12
8.21746614391981e-10	-0.697467078970233	0.036	0.012	3.00767478333609e-05	MFSD4B	c12
8.85947806482701e-25	-0.697388632596314	0.178	0.075	3.24265756650733e-20	PHTF2	c12
1.99466594788849e-07	-0.696586169001412	0.022	0.007	0.00730067683586666	HEXIM2	c12
9.89016872303463e-14	-0.696405235127369	0.05	0.017	3.6199006543179e-09	ZNF570	c12
2.41449480580757e-21	-0.696404875235506	0.156	0.067	8.8372924387363e-17	EML2	c12
2.94189969145964e-16	-0.695674889568649	0.066	0.023	1.07676470607114e-11	WWC3	c12
6.04112413472718e-20	-0.695441925828366	0.13	0.054	2.21111184455149e-15	CUL2	c12
2.48350548936817e-31	-0.695219722754291	0.188	0.074	9.08987844163643e-27	KIAA0100	c12
1.21469874943014e-14	-0.695157742400822	0.081	0.032	4.44591889278924e-10	GGA3	c12
9.27864978940286e-23	-0.695151262494254	0.126	0.049	3.39607860941934e-18	VPS13B	c12
1.43024535060824e-35	-0.69502823625882	0.238	0.095	5.23484100776122e-31	LPIN1	c12
4.48260954321348e-29	-0.694998126195593	0.241	0.105	1.64067991891157e-24	ZFAND5	c12
0.00109362931691323	-0.694943348401109	0.016	0.007	1	SLC7A8	c12
4.07148292364041e-23	-0.694861913180099	0.457	0.231	1.49020346488163e-18	MAP1LC3B	c12
7.77441089428454e-16	-0.694790515626513	0.072	0.027	2.84551213141708e-11	PISD	c12
2.93458775570647e-34	-0.694761623961217	0.282	0.12	1.07408846446613e-29	EFR3A	c12
5.39052279355118e-18	-0.694667971279669	0.123	0.053	1.97298524766767e-13	ZFAND3	c12
2.16100327760909e-33	-0.694321727284675	0.179	0.067	7.90948809637705e-29	TMEM107	c12
3.86527321848032e-20	-0.694183814521442	0.094	0.034	1.41472865069598e-15	PAAF1	c12
2.85126194658017e-05	-0.694146899501285	0.032	0.015	1	RIPOR1	c12
1.37687300111058e-21	-0.694039019814474	0.122	0.048	5.03949287136483e-17	ABHD2	c12
2.72380354086863e-06	-0.693992976246785	0.793	0.453	0.0996939333993328	TUBA1B	c12
9.96408570319136e-07	-0.693936110756781	0.021	0.007	0.0364695500822507	AC007216.4	c12
0.00586084300700055	-0.69361376270429	0.724	0.456	1	ITGB2	c12
1.49202559904578e-32	-0.693541739389184	0.19	0.073	5.46096289506747e-28	UBE4A	c12
6.21196369250836e-25	-0.693322274883319	0.145	0.057	2.27364083109499e-20	NEPRO	c12
2.62838086406408e-14	-0.693179333332259	0.044	0.013	9.62013680056095e-10	C10orf88	c12
2.05907750117583e-05	-0.692988925976666	0.024	0.01	0.753642956205366	AC019205.1	c12
2.19682735438069e-24	-0.692878757869614	0.216	0.097	8.04060779976877e-20	ASF1A	c12
3.01541269557731e-06	-0.692562092367396	0.023	0.009	0.110367120070825	ZNF79	c12
2.0156279649807e-05	-0.69186610190484	0.736	0.439	0.737739991462586	FLNA	c12
3.0319838482196e-07	-0.691849881621721	0.046	0.02	0.0110973640828686	TMEM120B	c12
2.53589190887584e-29	-0.691699418233525	0.194	0.078	9.28161797567647e-25	CHD9	c12
3.06257378301583e-13	-0.691508972540078	0.05	0.017	1.12093263032162e-08	ZFYVE26	c12
9.13499527848691e-26	-0.691127392595062	0.362	0.177	3.34349962187899e-21	CMTM6	c12
3.49158941265233e-24	-0.691118021147375	0.154	0.063	1.27795664092488e-19	FEZ2	c12
2.82720317718748e-08	-0.69111137753139	0.029	0.01	0.00103478463488239	TMEM106A	c12
3.3208504161897e-09	-0.691102969758898	0.047	0.019	0.000121546446082959	MCM9	c12
1.22642499701513e-15	-0.691085993422065	0.091	0.037	4.48883813157508e-11	GCA	c12
0.000109309849917751	-0.690882638332572	0.023	0.01	1	USP30	c12
3.07132743690766e-18	-0.690868362699868	0.098	0.038	1.12413655518257e-13	RNF41	c12
1.90289291651649e-06	-0.690364116093742	0.03	0.012	0.0696477836374202	PPIP5K1	c12
0.0280953641807531	-0.690184686566076	0.016	0.009	1	STX1A	c12
7.62230892221423e-22	-0.690118864331503	0.114	0.043	2.78984128861963e-17	FAM53B	c12
6.03513590223012e-09	-0.690030498182559	0.039	0.015	0.000220892009157525	SLC9A1	c12
1.10698546295815e-14	-0.689990598634577	0.316	0.173	4.05167749297312e-10	TMED2	c12
2.75306050349746e-32	-0.689838396772504	0.32	0.143	1.00764767488511e-27	RIOK3	c12
4.00932626131444e-20	-0.68951193979035	0.117	0.047	1.4674535049037e-15	PPM1A	c12
7.15086135109792e-14	-0.689503671699502	0.066	0.025	2.61728676311535e-09	KHNYN	c12
3.77523010336228e-14	-0.68947752795586	0.067	0.025	1.38177197013163e-09	VAC14	c12
1.58218426007224e-31	-0.689463865949595	0.179	0.068	5.79095261029041e-27	USP9X	c12
1.30769833787997e-20	-0.689073607461751	0.118	0.047	4.78630668647447e-16	DDX60	c12
3.08125328461874e-06	-0.689015792091949	0.021	0.007	0.112776951470331	LETM2	c12
2.2613273772602e-17	-0.688903669918114	0.124	0.054	8.27668433351006e-13	DDX52	c12
4.26374888425315e-24	-0.688853764421134	0.124	0.047	1.56057472912549e-19	POLG	c12
5.82464105193514e-31	-0.688780613898805	0.193	0.076	2.13187687141878e-26	MARCH6	c12
4.8801304639746e-17	-0.688242047768397	0.068	0.023	1.78617655111934e-12	B3GNTL1	c12
4.7763153076958e-05	-0.687988050966071	0.017	0.006	1	SLC39A14	c12
2.5903159186093e-11	-0.687429404109056	0.06	0.024	9.4808152937019e-07	ANKMY2	c12
1.23653894904279e-14	-0.687130505988586	0.074	0.029	4.52585620739151e-10	PCBP4	c12
8.45740042638461e-07	-0.687122447268762	0.044	0.02	0.0309549313006103	ACOX3	c12
9.23480275112045e-40	-0.686989943000176	0.25	0.097	3.3800301549376e-35	USP8	c12
1.30522448576133e-34	-0.686549513812789	0.223	0.089	4.77725214033505e-30	HERC2	c12
0.000212495039747074	-0.686218140446272	0.023	0.01	1	FAM214B	c12
7.15837563970217e-18	-0.686070678313239	0.087	0.033	2.62003706788739e-13	RBM15	c12
1.22151510245011e-35	-0.685873727559216	0.295	0.125	4.47086742647766e-31	MANF	c12
9.6986669924782e-29	-0.685783367750179	0.267	0.119	3.54980910591695e-24	COMMD8	c12
1.79705668059978e-18	-0.685605832946985	0.106	0.043	6.57740715666327e-14	MON1B	c12
1.40489791812956e-20	-0.685077534560612	0.187	0.086	5.14206687014599e-16	PIK3R5	c12
6.45625984617326e-24	-0.68505945373954	0.154	0.063	2.36305566629788e-19	CBL	c12
5.80341988385476e-23	-0.684930207700964	0.181	0.079	2.12410971168968e-18	CD226	c12
4.90147507020406e-17	-0.684794124211772	0.082	0.031	1.79398889044539e-12	DOP1B	c12
4.33713115695923e-13	-0.68431464680395	0.062	0.023	1.58743337475865e-08	HGSNAT	c12
0.000101084002328933	-0.683767869581568	0.02	0.008	1	F8	c12
5.075689457054e-26	-0.683656524695377	0.153	0.06	1.85775309817634e-21	GIGYF2	c12
8.33879045704847e-18	-0.6835944947929	0.106	0.043	3.05208069518431e-13	ZNF267	c12
2.81281343126633e-14	-0.683574315326269	0.078	0.031	1.02951784397779e-09	FAM76A	c12
0.000212803746126489	-0.683256800718451	0.013	0.004	1	DISP1	c12
5.31239902036848e-06	-0.682639750646707	0.018	0.006	0.194439116544507	DECR2	c12
5.74221883961496e-22	-0.682313868878644	0.098	0.035	2.10170951748747e-17	TPM1	c12
2.52317401145472e-18	-0.682281801079389	0.098	0.038	9.2350691993254e-14	AUH	c12
1.27369333297741e-11	-0.682278509813353	0.04	0.013	4.66184496803064e-07	CD40	c12
4.43355551397774e-33	-0.682275345442451	0.404	0.186	1.62272565367099e-28	SERINC1	c12
4.05169190268503e-14	-0.682120243573782	0.087	0.037	1.48295975330175e-09	HSH2D	c12
5.84770187182276e-06	-0.681801499379305	0.023	0.009	0.214031736210585	PKP4	c12
7.01123007699516e-20	-0.681743631609305	0.101	0.038	2.566180320481e-15	MSH6	c12
2.32034105644434e-29	-0.68134680692873	0.181	0.071	8.49268030069192e-25	STX12	c12
2.03556460803119e-25	-0.681277282692738	0.184	0.078	7.45037002185494e-21	PPWD1	c12
2.44832328741182e-06	-0.681178793730114	0.044	0.02	0.08961108064256	PDLIM7	c12
1.24178963425645e-07	-0.681148549107895	0.032	0.012	0.00454507424034202	SUV39H1	c12
3.38727477923497e-25	-0.68099415128652	0.227	0.102	1.23977644194779e-20	MAPKAPK3	c12
1.08652720276555e-26	-0.680971262864138	0.155	0.061	3.97679821484221e-22	ZZEF1	c12
1.06988727405086e-33	-0.680707493147508	0.181	0.067	3.91589441175356e-29	PANK2	c12
2.19082830816187e-26	-0.68056572388585	0.159	0.063	8.01865069070326e-22	MAP4K5	c12
3.12815357458322e-60	-0.680521822573448	0.383	0.143	1.14493548983321e-55	STMN1	c12
0.000183498370523308	-0.679905357404675	0.019	0.008	1	YOD1	c12
1.57580719911543e-25	-0.679768564208966	0.188	0.08	5.76761192948239e-21	DCUN1D5	c12
1.07202361266983e-08	-0.679689055933421	0.048	0.02	0.000392371362473283	ZNF574	c12
1.19128507717549e-28	-0.679673939783317	0.155	0.059	4.36022251097002e-24	FAM160B1	c12
1.09839954882365e-22	-0.679618022235347	0.115	0.043	4.02025218864946e-18	PHRF1	c12
9.96078933581077e-08	-0.67927334991421	0.039	0.016	0.0036457485048001	ZW10	c12
2.76321265807049e-22	-0.679232437774078	0.138	0.056	1.01136346498038e-17	ABHD12	c12
6.79432687102969e-06	0.67910300953494	0.011	0.003	0.248679157806557	AL365295.1	c12
1.270771313336e-09	-0.679058103970925	0.05	0.02	4.65115008394111e-05	EEF2K	c12
0.0263018447209813	-0.678875333017787	0.012	0.006	1	ZNF30	c12
5.2483687805513e-08	-0.678656424989753	0.022	0.007	0.00192095545736958	FKTN	c12
4.62995877612534e-15	-0.678602745070824	0.077	0.03	1.69461121164964e-10	ZNF808	c12
4.34669650291389e-33	-0.678557011501605	0.197	0.076	1.59093438703151e-28	CREBZF	c12
6.18994665603986e-28	-0.67854171072225	0.207	0.088	2.26558237557715e-23	FAS	c12
1.05899698426128e-18	-0.678353440056921	0.64	0.335	3.87603486209473e-14	NCOR1	c12
5.4016473719018e-17	-0.678294054436964	0.093	0.036	1.97705695458978e-12	PDZD8	c12
2.0165842116729e-29	-0.677620885273981	0.283	0.126	7.38089987314398e-25	MGAT1	c12
7.69756200723562e-06	-0.677407822400049	0.749	0.443	0.281738467026831	PDIA3	c12
1.40776332932329e-08	-0.677088939062197	0.043	0.017	0.000515255456165617	TTI1	c12
5.73833658044085e-30	-0.676698244778194	0.227	0.096	2.10028857180716e-25	ATP2A3	c12
1.73450708386824e-32	-0.676465547323027	0.194	0.075	6.34846937766613e-28	NUP214	c12
4.16582642455237e-26	-0.676456912663954	0.117	0.041	1.52473412965041e-21	TAF1B	c12
8.38056907236802e-21	-0.676441197899637	0.161	0.07	3.06737208617742e-16	VAT1	c12
1.86179607618776e-31	-0.676342136040884	0.256	0.109	6.81435981845482e-27	USP14	c12
0.000261682217769967	-0.676322126077785	0.689	0.42	1	CAP1	c12
1.96695270212845e-14	-0.675865287773474	0.112	0.05	7.19924358506032e-10	PIGS	c12
5.32331648384625e-28	-0.675700107233264	0.111	0.037	1.94838706625257e-23	OSBPL3	c12
2.94088141162623e-15	-0.675637117454317	0.071	0.027	1.07639200546932e-10	JPT2	c12
1.06548052188435e-05	-0.675526361569335	0.031	0.013	0.389976525814891	FURIN	c12
5.44600735336347e-07	-0.675493933367256	0.861	0.621	0.0199329315140457	YWHAZ	c12
4.73826286051865e-35	-0.674892031354348	0.236	0.095	1.73425158957843e-30	CLIP1	c12
1.89997596245135e-07	-0.674848607737045	0.044	0.019	0.0069541020201682	TTI2	c12
4.00221568856165e-06	-0.674795152830315	0.023	0.009	0.146485096417045	POMK	c12
1.19142853414939e-09	-0.674677881604775	0.043	0.016	4.36074757784019e-05	ZBTB49	c12
3.94506648673199e-27	-0.674547209630019	0.164	0.065	1.44393378480877e-22	MMGT1	c12
1.72539404646352e-27	-0.674228152655138	0.239	0.106	6.31511474946113e-23	TENT5C	c12
6.8279035548245e-26	-0.674140145683154	0.156	0.062	2.49908098010132e-21	CDK17	c12
4.46022580180561e-25	-0.673908822283528	0.209	0.092	1.63248724571887e-20	NARS	c12
1.84022496293396e-05	-0.673416825670753	0.027	0.011	0.673540738683458	TTC22	c12
5.08344829931965e-42	-0.673187639700026	0.313	0.126	1.86059291203398e-37	C14orf119	c12
3.70996026757973e-22	-0.673041822530606	0.132	0.053	1.35788255753686e-17	ATE1	c12
1.42606729554857e-08	-0.672770361258665	0.033	0.012	0.000521954890843731	NUDT19	c12
1.03318961435476e-10	-0.672533192704491	0.073	0.033	3.78157730749986e-06	TPMT	c12
1.50699456225844e-32	-0.672275016859636	0.296	0.129	5.51575079732211e-28	TXNDC17	c12
5.16220334320299e-07	-0.672236698761874	0.029	0.011	0.0188941804564573	MLF1	c12
1.61443992326621e-18	-0.672047717140288	0.104	0.041	5.90901156314664e-14	CEP250	c12
1.01483163337918e-15	-0.672041180029196	0.1	0.042	3.71438526133114e-11	ELMSAN1	c12
2.21887264245833e-48	-0.671993605576192	0.377	0.152	8.12129575866172e-44	ATP2B1	c12
1.10671454647126e-20	-0.671951612102534	0.604	0.311	4.05068591153946e-16	ARPC5L	c12
4.08684702890622e-32	-0.671909100200103	0.306	0.135	1.49582688104996e-27	ACADVL	c12
8.47787365347973e-41	-0.671872262768065	0.357	0.15	3.10298653591012e-36	AGTRAP	c12
3.29576498523981e-12	-0.671778579616743	0.055	0.021	1.20628294224762e-07	FASTKD5	c12
4.0000558487736e-27	-0.671677757474948	0.147	0.056	1.46406044120962e-22	FNDC3A	c12
2.63859415348438e-09	-0.67167425697596	0.028	0.009	9.65751846116819e-05	PLEKHA8	c12
8.21550505709332e-08	-0.671537982365809	0.023	0.007	0.00300695700594673	WHRN	c12
8.24805371261629e-13	-0.671346136055678	0.068	0.027	3.01887013935469e-08	EZH2	c12
1.51112238439727e-14	-0.671334068910742	0.073	0.028	5.53085903913245e-10	TTLL1	c12
8.71195241443597e-34	-0.671251265465178	0.26	0.109	3.18866170320771e-29	SAMD9L	c12
3.72717887002268e-36	-0.671088387582465	0.32	0.137	1.364184738217e-31	ARHGAP25	c12
6.35488223148917e-11	-0.670975350550356	0.063	0.026	2.32595044554735e-06	NUP85	c12
1.18670063479606e-05	-0.670820065933031	0.028	0.012	0.434344299341706	LIG4	c12
9.24388683694444e-11	-0.670785645799973	0.036	0.012	3.38335502119004e-06	HDGFL3	c12
2.29567556729802e-09	-0.670679790914462	0.038	0.014	8.40240214386749e-05	ZNF438	c12
1.35549723653167e-35	-0.670622358376024	0.454	0.208	4.96125543542958e-31	DIAPH1	c12
6.41437056998133e-09	-0.670523802784761	0.049	0.02	0.000234772377231887	OTUD6B	c12
5.11796702152193e-36	-0.670497481046264	0.206	0.078	1.87322710954724e-31	ANKLE2	c12
0.000366376426552277	0.670371913773864	0.01	0.003	1	AC087645.2	c12
6.70669343868168e-25	-0.670300034768765	0.113	0.04	2.45471686549188e-20	WDFY2	c12
0.000385056016126047	-0.670258904856263	0.023	0.011	1	XYLT2	c12
1.7917390996228e-30	-0.670242995709752	0.166	0.063	6.55794427852942e-26	KCTD20	c12
6.21628334741041e-18	-0.669918163883721	0.119	0.05	2.27522186798569e-13	MGAT2	c12
0.00134991374823651	-0.669497753430448	0.016	0.007	1	C5orf30	c12
2.59186092090395e-25	-0.669464182925142	0.234	0.106	9.48647015660055e-21	MICU2	c12
1.90931344803873e-08	-0.669345339040029	0.676	0.386	0.000698827815116654	PPP1R18	c12
5.58160488307211e-22	-0.669272817388307	0.128	0.051	2.04292320325322e-17	CXorf40B	c12
1.67606371943125e-38	-0.669235088615915	0.32	0.135	6.1345608194903e-34	GOLGB1	c12
5.83142847823466e-07	-0.669202311640844	0.044	0.02	0.0213436113731867	RBM4B	c12
0.000251684261050092	-0.669164784863368	0.033	0.017	1	DBN1	c12
6.26487326146491e-15	-0.668401864209503	0.083	0.033	2.29300626242877e-10	CSE1L	c12
6.7300645243713e-30	-0.668341152925038	0.205	0.084	2.46327091656514e-25	ANKRD36	c12
5.15582432835743e-08	-0.668153757726932	0.038	0.015	0.0018870832624221	FPGT	c12
7.89720089017967e-20	-0.667851042293422	0.13	0.054	2.89045449781466e-15	CCDC93	c12
1.21363474403973e-24	-0.667743484842225	0.183	0.078	4.44202452665983e-20	NIP7	c12
7.74329790504988e-28	-0.667668153007947	0.221	0.095	2.83412446622731e-23	ANKRD49	c12
2.52535409553447e-10	-0.667663485956441	0.065	0.028	9.24304852506572e-06	ULK4	c12
7.25307962254361e-16	-0.667574127935924	0.089	0.036	2.65469967264719e-11	APAF1	c12
2.08051020149782e-74	-0.667453292941651	1	0.998	7.61487538850217e-70	MT-CO1	c12
8.84939901341356e-27	-0.667339963764881	0.213	0.092	3.2389685328995e-22	SRP54	c12
3.338911841625e-17	-0.667236163883136	0.1	0.04	1.22207512315317e-12	RASA1	c12
6.54645114802044e-26	-0.66720418541047	0.146	0.056	2.39606658468696e-21	SEC14L1	c12
4.36141690948446e-19	-0.667011696015326	0.679	0.36	1.59632220304041e-14	RESF1	c12
1.87771302369824e-16	-0.666961555116173	0.085	0.033	6.87261743803792e-12	MTMR3	c12
7.28120097854631e-12	-0.666857456614442	0.06	0.023	2.66499237015774e-07	CXorf40A	c12
0.00180982634718257	-0.666827368943601	0.017	0.008	1	CEP131	c12
6.94276018835333e-34	-0.666625247243822	0.224	0.09	2.5411196565392e-29	SMC4	c12
3.05832188777713e-18	-0.666612042532177	0.121	0.051	1.11937639414531e-13	GFM1	c12
1.4160092632752e-19	-0.666457874889507	0.113	0.045	5.18273550451357e-15	MIGA1	c12
5.95070402616617e-19	-0.666256662077378	0.101	0.039	2.17801718061708e-14	RNF38	c12
0.000367902236632657	-0.666222824136038	0.015	0.006	1	ZNF596	c12
1.54969844826615e-28	-0.666151404448162	0.29	0.132	5.67205129049893e-24	NCOA4	c12
0.000823871862587955	-0.666121831750753	0.013	0.005	1	RMDN2	c12
5.61959703586252e-26	-0.66533900377342	0.222	0.098	2.05682871109604e-21	EIF4E	c12
2.55473326991723e-05	-0.66532076569817	0.02	0.008	0.935057924122404	DYNC2H1	c12
1.03301668366866e-21	-0.665002010121527	0.109	0.041	3.78094436389567e-17	MAU2	c12
9.94681127870311e-20	-0.664919094530876	0.086	0.031	3.64063239611813e-15	ITPR3	c12
4.25646216020231e-05	-0.664914120074578	0.026	0.011	1	TSC22D1	c12
8.47588022155005e-33	-0.664822303958618	0.284	0.123	3.10225691988953e-28	DNAJB14	c12
8.29002155285923e-19	-0.664755310215244	0.084	0.03	3.03423078856201e-14	TEX30	c12
1.50152730833374e-05	-0.664526772464592	0.019	0.007	0.54957401012323	POC1B-AS1	c12
2.93892177119406e-06	-0.664030398521503	0.016	0.005	0.107567475747474	GTPBP2	c12
1.03586354007351e-17	-0.663531248581933	0.078	0.028	3.79136414302306e-13	IFFO1	c12
1.43066879996534e-12	-0.662936271426841	0.065	0.026	5.23639087475314e-08	FBXO8	c12
5.66445713408194e-29	-0.662877367883218	0.176	0.069	2.07324795564533e-24	NCOA3	c12
1.36595394872182e-15	-0.662758790460046	0.102	0.043	4.99952804771674e-11	RSPRY1	c12
3.21719644433303e-19	-0.662722210594116	0.087	0.032	1.17752607059033e-14	PCCB	c12
3.13386720426604e-09	-0.662518901285344	0.035	0.012	0.000114702673543341	ASNSD1	c12
3.82234715995476e-14	-0.662445598773711	0.93	0.685	1.39901728401504e-09	RHOA	c12
7.14725138350734e-16	-0.662297713490863	0.09	0.036	2.61596547887752e-11	STAU2	c12
5.94660901657438e-44	-0.6622667195448	0.316	0.126	2.17651836615639e-39	ADAM10	c12
1.01301008453285e-35	-0.661908084700829	0.177	0.064	3.7077182103987e-31	GTF3C1	c12
1.63658067334078e-21	-0.66190461774666	0.155	0.067	5.99004892249458e-17	LEMD3	c12
2.85739546113643e-09	-0.661803107310954	0.031	0.01	0.000104583531273055	ZFP30	c12
3.13564916757424e-08	-0.661749480566152	0.113	0.062	0.00114767895182385	SNRPD3	c12
1.3244323467797e-14	-0.661726685708311	0.056	0.019	4.84755483244838e-10	FOXJ2	c12
8.50854783541486e-25	-0.661693142227423	0.195	0.084	3.11421359324019e-20	MTA2	c12
1.19409192344222e-28	-0.661682574453741	0.169	0.066	4.37049584899086e-24	NDUFS1	c12
1.15735441517238e-30	-0.661245237092834	0.207	0.084	4.23603289497242e-26	RAB1A	c12
2.36182717924843e-38	-0.661035751851091	0.328	0.138	8.64452365876717e-34	KCNAB2	c12
3.30479324084636e-28	-0.660750726586738	0.16	0.061	1.20958737408218e-23	ACLY	c12
2.29245765757824e-08	-0.660232468628059	0.047	0.02	0.00083906242725021	KDM1B	c12
7.60497696697034e-09	-0.660086174625006	0.033	0.012	0.000278349761968081	CEP152	c12
1.38847744329518e-13	-0.659871952608852	0.067	0.026	5.0819662902047e-09	CLP1	c12
1.77218209165193e-08	-0.659857750719421	0.047	0.02	0.000648636367365524	FAM118B	c12
4.63206003391839e-26	-0.659667876159282	0.186	0.078	1.69538029301447e-21	CTSZ	c12
6.9836087833967e-08	-0.659538893805147	0.043	0.018	0.00255607065081103	ERLIN1	c12
2.378887634738e-28	-0.659468009603914	0.144	0.053	8.70696663190454e-24	PPIL2	c12
1.23975846557127e-19	-0.659352224965363	0.123	0.051	4.53763995983742e-15	PMM2	c12
4.49684694171335e-06	-0.659287549660211	0.027	0.01	0.164589094913651	CCDC138	c12
1.35754450457392e-09	-0.658941477504237	0.051	0.021	4.96874864119101e-05	RPAP1	c12
6.99574720212423e-36	-0.658823124704381	0.257	0.105	2.56051343344949e-31	SIRT2	c12
0.0018688870977582	-0.658737440176075	0.012	0.005	1	DPY19L3	c12
4.15985968338567e-13	-0.658607504344994	0.061	0.023	1.52255024271599e-08	USPL1	c12
2.55003224291822e-28	-0.65841580535598	0.145	0.054	9.33337301230498e-24	FOXJ3	c12
4.03339184740994e-19	-0.658302335202295	0.139	0.061	1.47626175007051e-14	OXSR1	c12
2.61439559757436e-24	-0.658085520713244	0.256	0.119	9.5689493266819e-20	RPS6KA1	c12
0.000493179284602959	-0.657964004579786	0.011	0.004	1	AL136962.1	c12
3.97664041213927e-22	-0.657763979371921	0.146	0.06	1.45549015724709e-17	JMJD6	c12
6.45265466208082e-25	-0.657739217133628	0.22	0.099	2.3617361328682e-20	PLEKHB2	c12
4.46133767096195e-28	-0.657628411446209	0.335	0.157	1.63289420094878e-23	TMBIM1	c12
2.09818296466292e-24	-0.657394501693218	0.528	0.266	7.67955946896276e-20	PDIA6	c12
0.0026310182146296	-0.657268017766842	0.01	0.003	1	C19orf44	c12
1.18932876819538e-18	-0.657212111042965	0.107	0.043	4.35306222447191e-14	PDRG1	c12
6.99545356903046e-18	-0.656807497791842	0.094	0.036	2.56040596080084e-13	TRAPPC9	c12
0.000286062489973446	-0.656458776964388	0.029	0.014	1	ANKRD46	c12
2.28551356773814e-28	-0.656373786573842	0.159	0.061	8.36520820927836e-24	SART3	c12
2.27625571437236e-05	-0.656076036592088	0.026	0.011	0.833132354017428	THAP9-AS1	c12
1.03377913046958e-24	-0.655945387950028	0.317	0.153	3.78373499543169e-20	CAPZA2	c12
3.53430617713361e-22	-0.655860310129285	0.132	0.053	1.29359140389267e-17	RNF40	c12
0.00014825567448714	-0.655667987930226	0.021	0.009	1	DDX47	c12
7.85126861187986e-15	-0.655650810364249	0.084	0.034	2.87364282463415e-10	SIPA1L1	c12
1.46018889161017e-28	-0.655551787746752	0.428	0.205	5.34443736218239e-24	ATP6AP2	c12
3.80459681291157e-28	-0.65543903660782	0.55	0.269	1.39252047949377e-23	CLEC2D	c12
1.25939022119531e-05	-0.655411555766469	0.021	0.008	0.460949414859695	ACTR3B	c12
1.37293542320902e-19	-0.655291836311953	0.126	0.052	5.02508094248734e-15	RMC1	c12
1.28636078835402e-28	-0.655033007438495	0.117	0.039	4.70820912145454e-24	CCDC127	c12
8.9423451840843e-08	-0.654966959460684	0.041	0.017	0.0032729877608267	USP12	c12
4.73873629035165e-35	-0.65495741128169	0.436	0.2	1.73442486963161e-30	PLIN2	c12
4.01909629710237e-11	-0.654828918362554	0.067	0.028	1.47102943570244e-06	GABPB1	c12
1.88567482450517e-39	-0.654780923021254	0.335	0.141	6.90175842517136e-35	SMIM29	c12
2.65229443508784e-13	-0.654763583535635	0.066	0.025	9.70766286186499e-09	TBCCD1	c12
2.65124760164635e-21	-0.654731012270266	0.099	0.036	9.7038313467858e-17	PSTPIP2	c12
2.29416886836644e-05	-0.6546568375181	0.023	0.009	0.839688747510802	FER	c12
0.00496580708689772	-0.654396483044669	0.012	0.005	1	ZSCAN12	c12
8.55564099617263e-17	-0.654337893404236	0.112	0.047	3.13145016100915e-12	UTP6	c12
4.89882703269249e-31	-0.654007070973542	0.203	0.082	1.79301968223578e-26	ATP6V1D	c12
1.38236427883033e-11	-0.653761287428378	0.04	0.013	5.0595914969469e-07	IFFO2	c12
8.05437249696686e-32	-0.653553278068101	0.377	0.173	2.94798087761484e-27	RAB8A	c12
1.01662735384126e-09	-0.653551098724626	0.046	0.018	3.72095777779438e-05	NFKBID	c12
7.88789246732853e-23	-0.653249464411395	0.126	0.049	2.88704752196692e-18	MYNN	c12
2.4084354537958e-17	-0.653132077722474	0.066	0.022	8.81511460443802e-13	MS4A1	c12
0.00138808513522598	-0.652681007309498	0.017	0.008	1	SRR	c12
1.03819716376259e-31	-0.65261145309493	0.289	0.128	3.79990543908745e-27	PDE4B	c12
4.81621844323811e-07	-0.652238481253627	0.03	0.011	0.0176278411240958	NEMP1	c12
9.63563072200371e-31	-0.652190184940268	0.203	0.082	3.52673720056058e-26	IL12RB1	c12
1.28493459216087e-25	-0.651910523039871	0.14	0.054	4.70298910076802e-21	MARCH5	c12
4.59628743357161e-06	-0.651272159554773	0.026	0.01	0.168228716356155	PRDM15	c12
9.09089820936978e-14	-0.651157802518302	0.102	0.046	3.32735965361143e-09	MCM5	c12
8.55551025824556e-31	-0.650890653256299	0.216	0.089	3.13140230962046e-26	SAR1A	c12
0.000110036619665981	-0.650856796689594	0.021	0.009	1	RCOR1	c12
1.36985664620509e-08	-0.650496913707192	0.082	0.041	0.000501381231077524	DTX2	c12
0.0023146901536689	-0.65034177383416	0.016	0.007	1	TMEM191B	c12
1.31586356370279e-19	-0.650127185766733	0.077	0.026	4.81619222950858e-15	RAB21	c12
2.31158015603337e-18	-0.650060524260715	0.132	0.057	8.46061452909772e-14	SETD3	c12
1.35502174125212e-23	-0.650026899314198	0.145	0.058	4.9595150751569e-19	SLC39A6	c12
1.24588904834997e-15	-0.649858622353086	0.08	0.031	4.56007850586573e-11	FAM126A	c12
3.16225999609894e-06	-0.649736282683482	0.038	0.017	0.115741878117217	IRF5	c12
4.61165314019526e-25	-0.649651100970438	0.118	0.043	1.68791116584287e-20	GTSF1	c12
9.53922173741514e-08	-0.649637295549129	0.045	0.019	0.00349145054811132	COX18	c12
4.95966426076917e-20	-0.649514313394337	0.136	0.058	1.81528671608412e-15	RNF6	c12
2.23336237651594e-29	-0.649440868581017	0.183	0.073	8.174329634286e-25	SLC16A7	c12
4.25213732624794e-30	-0.649378401805022	0.16	0.06	1.55632478278001e-25	VTI1A	c12
2.90136259552081e-28	-0.649373047819356	0.17	0.067	1.06192772358657e-23	GRIPAP1	c12
0.00183128366717637	-0.64935807284681	0.015	0.006	1	PRELID2	c12
4.52376854720912e-29	-0.649297300462847	0.2	0.082	1.65574452596401e-24	UBR5	c12
5.95967822057368e-10	-0.649068732248893	0.045	0.017	2.18130182551217e-05	ZBED4	c12
1.21689974126073e-11	-0.64875809911357	0.082	0.037	4.45397474298838e-07	CARNMT1	c12
6.95625733429395e-41	-0.648718325469868	0.334	0.138	2.54605974692493e-36	ORMDL2	c12
4.16322105591075e-41	-0.648568269365988	0.311	0.127	1.52378053867389e-36	EFCAB14	c12
0.000848395144446569	-0.648520942623719	0.024	0.012	1	AC025171.1	c12
9.55119406289571e-39	-0.648211324341426	0.366	0.158	3.49583253896046e-34	CISD3	c12
1.4360099947144e-26	-0.648092511385374	0.165	0.066	5.25594018165417e-22	DCAF13	c12
7.93121626474849e-17	-0.648035995610036	0.115	0.049	2.9029044650606e-12	TM7SF3	c12
2.28459469329676e-28	-0.647893414797498	0.271	0.122	8.36184503693546e-24	TCP1	c12
6.13912302148147e-06	-0.647891218327148	0.032	0.014	0.224698041709243	YTHDF1	c12
8.80593637560318e-08	-0.647770921292181	0.04	0.017	0.00322306077283452	LZTR1	c12
3.26566927715159e-19	-0.647628162290576	0.239	0.119	1.19526761213025e-14	KCNA3	c12
1.38613457510345e-34	-0.647559745964982	0.166	0.059	5.07339115833615e-30	NOP2	c12
1.0075625140341e-20	-0.647533678625014	0.131	0.054	3.6877795576162e-16	HAUS2	c12
1.93840291290641e-24	-0.647054890038499	0.129	0.049	7.09474850152877e-20	ATAD2B	c12
1.02502046617929e-14	-0.646989874506275	0.088	0.037	3.7516774082628e-10	ISOC1	c12
5.60924849069036e-36	-0.646804253998702	0.319	0.137	2.05304104007758e-31	RO60	c12
8.53751017080583e-09	-0.646716555370751	0.034	0.012	0.000312481409761664	TTLL5	c12
2.50432950173007e-06	-0.646323204708701	0.019	0.006	0.0916609640928224	ZC3H10	c12
4.56963970406948e-11	-0.646184249626539	0.074	0.033	1.67253382808647e-06	SNX12	c12
3.00815004065122e-15	-0.64616328101115	0.059	0.02	1.10101299637875e-10	TBC1D19	c12
5.0955820648503e-21	-0.646014103439126	0.104	0.039	1.86503399155586e-16	ANKRD27	c12
2.57786017325052e-27	-0.645855712534848	0.116	0.04	9.43522602011421e-23	TP53BP1	c12
5.44069366485701e-14	-0.645641059980239	0.073	0.029	1.99134828827431e-09	RBMXL1	c12
1.51690386304685e-07	-0.645594990405174	0.031	0.012	0.00555201982913777	TMEM65	c12
3.23053573406129e-10	-0.645501500418144	0.043	0.016	1.18240838402377e-05	ATAD5	c12
0.00617084827157387	-0.645260209813385	0.01	0.004	1	IL2	c12
1.95922423864009e-35	-0.645252798017194	0.201	0.076	7.17095663584659e-31	PRR5	c12
7.32515155996136e-27	-0.645204262396528	0.143	0.054	2.68107872246146e-22	ATP11B	c12
8.35747008896469e-40	-0.645129748649078	0.311	0.128	3.05891762726197e-35	PBDC1	c12
5.44935255069309e-43	-0.645119281239117	0.376	0.157	1.99451752707918e-38	COMT	c12
1.47984442909245e-13	-0.645103310587454	0.053	0.018	5.41637859492127e-09	PAOX	c12
3.96516876417752e-05	-0.644862350257799	0.021	0.008	1	URB2	c12
1.21923764901675e-25	-0.644818967331627	0.13	0.048	4.46253171916621e-21	UBA6	c12
3.13664304743312e-31	-0.644539265620223	0.502	0.239	1.14804272179099e-26	MFSD10	c12
1.40554296606279e-19	-0.644404330178545	0.065	0.02	5.14442781008642e-15	SOGA3	c12
0.00123797293615203	-0.64433643283262	0.021	0.01	1	SGPP1	c12
1.11952456963659e-20	-0.644130291856464	0.116	0.046	4.09757187732687e-16	GLMN	c12
0.000707547735844873	-0.643905256597756	0.021	0.01	1	SERPINB8	c12
6.42423267274945e-13	-0.643848479367358	0.081	0.034	2.35133340055303e-08	SHLD2	c12
3.18275327935512e-30	-0.643783252212617	0.241	0.104	1.16491952777677e-25	TACC1	c12
6.4626130560575e-24	-0.643758514668536	0.153	0.062	2.36538100464761e-19	THAP1	c12
1.51426815494272e-10	-0.64373892874361	0.071	0.032	5.54237287390585e-06	ODF3B	c12
2.92196541988867e-33	-0.643674935325643	0.212	0.084	1.06946856333345e-28	MFSD5	c12
4.46029122581197e-29	-0.643266382441545	0.17	0.066	1.63251119155944e-24	KAT7	c12
2.65416478271105e-24	-0.643160237080933	0.138	0.054	9.71450852120073e-20	ZCCHC8	c12
1.88066837845513e-28	-0.643009781104788	0.167	0.065	6.88343433198362e-24	HIPK3	c12
0.00265439374022218	-0.642779325794908	0.014	0.006	1	AC012020.1	c12
7.09488240811371e-19	-0.642431154214085	0.111	0.045	2.5967979101937e-14	ITPR1	c12
5.34279838157179e-20	-0.642317581757681	0.101	0.038	1.95551763563909e-15	IFIT5	c12
5.37366769460936e-11	-0.642300223766199	0.05	0.019	1.96681611290397e-06	VPS33B	c12
1.71365997996426e-13	-0.642110923076745	0.088	0.038	6.27216689266718e-09	RANBP6	c12
9.23692412373752e-09	-0.641858943784682	0.036	0.013	0.000338080659852917	MIPEP	c12
0.000720254399563569	-0.641724344285861	0.02	0.009	1	ALDH1B1	c12
2.05060683575798e-15	-0.641426676203191	0.135	0.063	7.50542607955779e-11	DLD	c12
1.33332858788878e-05	-0.641392277943372	0.027	0.011	0.488011596453174	FANCG	c12
1.00793064263983e-26	-0.641383709176962	0.313	0.147	3.68912694512603e-22	NRBP1	c12
2.77528817224979e-12	-0.641245733137344	0.048	0.017	1.01578322392515e-07	PDHX	c12
2.20096605917071e-05	-0.64111038629517	0.022	0.009	0.805575587317072	ATXN7L2	c12
2.08086138754125e-41	-0.640912245140032	0.335	0.139	7.61616076453971e-37	RABGAP1L	c12
8.59129838262351e-32	-0.640600083719167	0.237	0.099	3.14450112102403e-27	SEC61A1	c12
1.53363206148325e-10	-0.640565497030213	0.047	0.018	5.61324670823486e-06	POMGNT1	c12
2.48914126751768e-11	-0.64049638083928	0.067	0.028	9.11050595324147e-07	KMT2D	c12
4.42095701772471e-31	-0.64042796836456	0.343	0.157	1.61811447805742e-26	ERLEC1	c12
3.82887659960175e-09	-0.640293473141797	0.036	0.013	0.000140140712422024	ZNF736	c12
0.0127478306965771	-0.640291356516018	0.012	0.005	1	CEP72	c12
9.89617189767889e-35	-0.640282434090298	0.272	0.114	3.62209787626945e-30	HNRNPAB	c12
5.81437902428544e-12	-0.640168530835921	0.078	0.034	2.12812086667871e-07	ZNF507	c12
2.30120712355891e-09	-0.639871023817677	0.036	0.013	8.42264819293795e-05	ZBTB41	c12
2.55763016260898e-17	-0.639598104673166	0.089	0.034	9.36118215816513e-13	PKNOX1	c12
1.19257983275658e-14	-0.639575142260763	0.072	0.028	4.36496144587238e-10	GOLGA1	c12
1.12236111176423e-32	-0.639408449875579	0.388	0.178	4.10795390516826e-28	SEPTIN2	c12
1.48698493209382e-38	-0.639270225868708	0.222	0.084	5.44251354995659e-34	CCDC82	c12
1.58812273442639e-33	-0.639250051015279	0.256	0.107	5.81268802027402e-29	HIF1A	c12
8.57855647930192e-23	-0.639169864452139	0.114	0.042	3.13983745698929e-18	ABRAXAS2	c12
6.72446084265622e-15	-0.639047324143673	0.066	0.024	2.4612199130206e-10	PIAS2	c12
5.32401627842754e-44	-0.638712126610653	0.334	0.135	1.94864319806727e-39	CYB561D2	c12
1.6273152963148e-08	-0.638591537495431	0.027	0.009	0.000595613671604182	EXTL3	c12
2.67892015398385e-33	-0.638455502205257	0.488	0.226	9.80511565559631e-29	VDAC1	c12
3.71791864275272e-47	-0.638363630183417	0.997	0.935	1.36079540243392e-42	SH3BGRL3	c12
3.09080537793579e-13	-0.638180742876639	0.057	0.021	1.13126567637828e-08	CETN3	c12
1.07731561568241e-27	-0.638173405214769	0.16	0.062	3.94308288495919e-23	TWF1	c12
2.02106967082838e-15	-0.638138292597261	0.103	0.044	7.39731710219897e-11	XPNPEP1	c12
1.64677555289467e-07	-0.638106377503308	0.041	0.018	0.00602736320114978	INCENP	c12
1.1061037967043e-27	-0.637972095125746	0.189	0.078	4.04845050631741e-23	PDZD11	c12
1.16540412810701e-21	-0.637622758375905	0.111	0.042	4.26549564928446e-17	YIPF6	c12
1.37581691647754e-24	-0.637400748780124	0.534	0.271	5.03562749599945e-20	SPN	c12
4.59672934022744e-25	-0.63729611093584	0.123	0.045	1.68244890581664e-20	MEF2A	c12
5.45327181951499e-22	-0.637258241645235	0.144	0.059	1.99595201866068e-17	PCYT1A	c12
2.93226288697625e-06	-0.637226875523327	0.041	0.019	0.107323753926218	PPP2R1B	c12
7.45494059743684e-22	-0.637223433085534	0.126	0.05	2.72858280806786e-17	RPP38	c12
1.94590192313449e-20	-0.637165183377641	0.096	0.035	7.12219562886456e-16	SLC9A8	c12
1.29972002915258e-30	-0.637061200869783	0.206	0.084	4.75710527870138e-26	SNAP29	c12
4.87442072392447e-30	-0.63691589374081	0.187	0.074	1.78408672916359e-25	MRPL42	c12
1.0449763647984e-07	-0.636868350770057	0.023	0.008	0.00382471799279862	LINC01260	c12
4.33370484793551e-46	-0.636706257687662	0.363	0.147	1.58617931139288e-41	AKIRIN2	c12
9.15685926580319e-22	-0.636613944754765	0.13	0.052	3.35150205987663e-17	CALU	c12
5.3583926389388e-42	-0.636550830059077	0.265	0.102	1.96122528977799e-37	USP47	c12
2.87554096912908e-13	-0.63628214235451	0.065	0.025	1.05247675011093e-08	MAP3K14	c12
2.1023538659929e-23	-0.636184332032304	0.124	0.048	7.69482538492062e-19	SNIP1	c12
9.07343840858005e-33	-0.635898157786264	0.276	0.119	3.32096919192438e-28	SMC1A	c12
7.69381118851814e-23	-0.635749637903452	0.586	0.298	2.81601183310953e-18	ATP6V0B	c12
7.08897158231295e-13	-0.635676044900676	0.051	0.018	2.59463448884236e-08	POLR1B	c12
3.33905927627165e-37	-0.635576740508105	0.224	0.086	1.22212908570819e-32	HACD3	c12
0.0152131291120704	-0.635251458339056	0.012	0.006	1	ZNF80	c12
2.41688836320003e-34	-0.635219912764219	0.191	0.072	8.84605309814844e-30	AC022706.1	c12
7.91930894227134e-42	-0.635025615730564	0.277	0.109	2.89854626596073e-37	MLEC	c12
9.90461220043382e-14	-0.634914899510038	0.064	0.024	3.62518711148078e-09	CDK8	c12
6.22004997983206e-06	-0.634880938056572	0.029	0.012	0.227660049311833	C1orf159	c12
9.15170562273885e-10	-0.634826953139611	0.037	0.013	3.34961577497865e-05	IRF4	c12
1.55367354207525e-28	-0.634719626343235	0.422	0.204	5.68660053134964e-24	HSPA9	c12
1.53161653025796e-27	-0.63458862614513	0.224	0.097	5.60586966239717e-23	ARL8B	c12
0.000122524377484151	-0.634481055752578	0.027	0.012	1	ZNF354B	c12
3.73698242460229e-27	-0.633945158714569	0.176	0.071	1.36777293722868e-22	ISG20L2	c12
1.75698868545852e-11	-0.633914466542434	0.062	0.025	6.43075428764672e-07	VIPAS39	c12
1.31398228375241e-19	-0.633806178487872	0.088	0.032	4.80930655676218e-15	EIF1AD	c12
2.80944534014242e-12	-0.633664570787535	0.078	0.033	1.02828508894553e-07	TMEM19	c12
1.0092024615077e-15	-0.633514347288203	0.093	0.038	3.69378192936431e-11	RPS6KA4	c12
1.62369022748065e-16	-0.633378250163493	0.096	0.039	5.94286860160192e-12	STX6	c12
1.78509074016056e-34	-0.633044610784683	0.209	0.081	6.53361061806167e-30	DTX3L	c12
3.41791022615936e-15	-0.632980068444815	0.089	0.037	1.25098932187659e-10	NIPSNAP3A	c12
0.000111917362051927	-0.632884871171514	0.014	0.005	1	NADK2	c12
1.00218170720741e-08	-0.632858932130786	0.031	0.011	0.000366808526654986	LINC01409	c12
4.47499108857266e-19	-0.632741415336342	0.079	0.027	1.63789148832848e-14	TFCP2	c12
0.000194863594266053	-0.632590022511714	0.011	0.003	1	AL096865.1	c12
2.5381424477479e-06	-0.632539391206192	0.016	0.005	0.0928985517300211	ANO8	c12
0.00707021177348529	-0.632523401247907	0.014	0.006	1	ACE	c12
3.2593019575626e-12	-0.632362756463391	0.043	0.014	1.19293710948749e-07	IMPAD1	c12
2.74611731601978e-39	-0.632224014893348	0.256	0.101	1.0051063988364e-34	BTN3A1	c12
6.15337409714752e-05	-0.631836675637016	0.023	0.01	1	CNNM3	c12
5.30249700928787e-05	-0.631621097204878	0.017	0.006	1	DHX32	c12
5.10524764129244e-18	-0.631597080908304	0.098	0.038	1.86857168918945e-13	QSOX1	c12
4.93808683792854e-22	-0.631581872650391	0.126	0.049	1.80738916355022e-17	SP2	c12
6.2288604829349e-12	-0.631554121806319	0.049	0.017	2.279825225359e-07	CEBPD	c12
9.46854079549886e-10	-0.631522363282496	0.056	0.024	3.46558061656054e-05	SCYL3	c12
1.97961675943962e-24	-0.631512880290651	0.502	0.254	7.24559530122495e-20	GLIPR1	c12
3.3870223717616e-13	-0.631140035919016	0.051	0.018	1.23968405828846e-08	KLC2	c12
1.15727193209997e-35	-0.631000576918246	0.207	0.079	4.23573099867909e-31	TM2D3	c12
1.49055658967763e-05	-0.630754207273117	0.016	0.005	0.545558617387908	AC069544.1	c12
1.6421610097531e-19	-0.630592995397407	0.079	0.027	6.0104735117973e-15	DENND4B	c12
2.24996402612016e-14	-0.63047715683814	0.098	0.042	8.2350933320024e-10	BRAT1	c12
6.10035500253258e-05	-0.630133303721199	0.013	0.004	1	NEFH	c12
5.73444425310678e-27	-0.630120713553603	0.241	0.108	2.09886394107961e-22	COPB2	c12
1.65385025468183e-25	-0.630114122322345	0.323	0.155	6.05325731716095e-21	TAP2	c12
2.24885675585257e-18	-0.63009731296695	0.616	0.326	8.23104061209598e-14	TAPBP	c12
8.79228698372859e-25	-0.630025411175542	0.126	0.047	3.2180649589145e-20	GOLGA5	c12
4.43535554916815e-21	-0.630014683366384	0.212	0.1	1.62338448455104e-16	GOLPH3	c12
1.0961238658055e-26	-0.62985695796432	0.261	0.119	4.0119229612347e-22	PPT1	c12
3.17158962806491e-31	-0.629809211974147	0.332	0.151	1.16083351976804e-26	SURF4	c12
1.2786622890903e-12	-0.629501506057379	0.053	0.019	4.68003184429942e-08	SPICE1	c12
1.68665237307601e-07	-0.629486988986935	0.038	0.016	0.00617331635069552	RBM12B	c12
2.10627205743174e-13	-0.629484267834821	0.05	0.017	7.70916635740592e-09	POFUT1	c12
5.78338837737588e-26	-0.629087780039215	0.133	0.05	2.11677798000334e-21	BTN2A1	c12
8.23944321277083e-29	-0.629062790296872	0.197	0.081	3.01571861030625e-24	DYNC1LI1	c12
8.08935929042345e-36	-0.628788424603303	0.456	0.208	2.96078639388789e-31	PCMT1	c12
3.10613351626832e-05	-0.628768331957663	0.04	0.02	1	FECH	c12
8.05029884406653e-43	-0.628733692236717	0.279	0.109	2.94648987991679e-38	LY75	c12
3.3895857659669e-16	-0.628694285797459	0.099	0.041	1.24062228620154e-11	THOC5	c12
4.43926658700181e-26	-0.628688996879439	0.183	0.077	1.62481596350853e-21	NFKBIB	c12
0.00664132139134834	-0.628534178841479	0.012	0.005	1	HK2	c12
1.82354362731877e-19	-0.628289262029443	0.112	0.044	6.67435203034942e-15	C11orf54	c12
2.11250427509844e-17	-0.627749687677523	0.064	0.021	7.7319768972878e-13	FAIM	c12
4.66080808234033e-08	-0.627650854058285	0.043	0.018	0.00170590236621739	RPGR	c12
1.43086272540031e-16	-0.627455275258686	0.073	0.027	5.23710066123769e-12	CCP110	c12
2.39561775750716e-31	-0.627268692054693	0.179	0.069	8.76820055425197e-27	PRKAA1	c12
2.17210778543573e-20	-0.62697003601338	0.137	0.058	7.95013170547331e-16	SNX14	c12
2.12170466942721e-37	-0.626540520437793	0.199	0.073	7.76565126057053e-33	RWDD4	c12
7.26313771202216e-12	-0.626505562315439	0.062	0.025	2.65838103397723e-07	ANKRD52	c12
6.17687704230629e-29	-0.626397287707804	0.519	0.253	2.26079876625452e-24	G3BP2	c12
4.24444322725957e-33	-0.626388126990986	0.203	0.08	1.55350866560928e-28	TRIM59	c12
1.01325518531318e-16	-0.626295198686254	0.101	0.042	3.70861530376477e-12	EXOC6	c12
1.72233743632038e-27	-0.625993990166324	0.223	0.097	6.30392725067622e-23	DDX3Y	c12
1.39596420522858e-05	-0.625932912812873	0.013	0.004	0.510936858755713	EVI5L	c12
8.88660984222303e-21	-0.625735243415469	0.063	0.018	3.25258806835205e-16	ATMIN	c12
2.81400036117361e-19	-0.624932735232698	0.155	0.07	1.02995227219315e-14	PML	c12
0.000125647169928096	-0.624750090501448	0.018	0.007	1	CACNB3	c12
1.57964664275804e-21	-0.624678709418509	0.145	0.061	5.78166467715871e-17	CCDC97	c12
3.16985966565579e-21	-0.624508152166653	0.117	0.046	1.16020033622667e-16	KDM2B	c12
3.04185143643046e-07	-0.62442404687766	0.045	0.02	0.0111334804424791	ZNF134	c12
5.20643455426438e-12	-0.624334330842238	0.05	0.018	1.90560711120631e-07	SSH1	c12
8.65668507948583e-05	0.624170381701844	0.01	0.003	1	CALML4	c12
6.39007272181411e-38	-0.624079749693074	0.418	0.187	2.33883051691118e-33	UTRN	c12
0.000701194045601301	-0.623995353912969	0.016	0.007	1	PFKM	c12
7.89211427395669e-24	-0.623953028057713	0.252	0.119	2.88859274541089e-19	PDIA4	c12
1.5128470584965e-12	-0.623943495181839	0.051	0.018	5.53717151880304e-08	MPV17L2	c12
8.3410312482723e-40	-0.623786917693456	0.271	0.108	3.05290084718015e-35	FRYL	c12
2.15136756647935e-07	-0.623696019181491	0.043	0.018	0.00787422043007108	ZNF75D	c12
1.4269027582705e-34	-0.623673227262208	0.204	0.079	5.22260678554585e-30	CAND1	c12
6.29872861409606e-38	-0.623551952629924	0.445	0.198	2.3053976600453e-33	RAB5IF	c12
6.84426755652167e-13	-0.623541128401306	0.059	0.022	2.50507036836249e-08	ZNF445	c12
7.03639266078779e-30	-0.623537503260832	0.147	0.053	2.57539007777494e-25	RAB3GAP2	c12
8.64515382941188e-19	-0.62344188316911	0.123	0.052	3.16421275310304e-14	CKAP2	c12
4.68104368187495e-29	-0.623315067697952	0.212	0.089	1.71330879800305e-24	PTK2B	c12
3.78441413998625e-26	-0.623249029305859	0.187	0.079	1.38513341937637e-21	USB1	c12
1.60398419441415e-11	-0.623222489538293	0.04	0.013	5.87074254997524e-07	SAMD10	c12
1.05405817866602e-41	-0.623167143136005	0.255	0.098	3.85795833973549e-37	USP9Y	c12
4.14588030019938e-06	-0.622857044031791	0.022	0.008	0.151743364867598	CASZ1	c12
1.69901080649952e-30	-0.622574101611898	0.161	0.06	6.21854945286888e-26	DGLUCY	c12
3.93560182632524e-40	-0.622514903449479	0.406	0.177	1.4404696244533e-35	GCHFR	c12
9.68863951777278e-06	-0.622496992824734	0.02	0.007	0.354613894990001	PKD2	c12
9.51578045884558e-36	-0.622422741281573	0.43	0.194	3.48287080574207e-31	TMCO1	c12
2.92837189258564e-13	-0.621954918248552	0.069	0.027	1.07181339640527e-08	SLC30A6	c12
1.32508668396517e-08	-0.621755018977949	0.05	0.021	0.000484994977198093	ATG4A	c12
2.54485737285144e-16	-0.621605530295505	0.06	0.02	9.31443247037355e-12	ZNF641	c12
4.82610900926398e-20	-0.621432101194799	0.088	0.031	1.76640415848071e-15	ITGA5	c12
1.67358701298811e-25	-0.621092932594385	0.135	0.051	6.12549582623777e-21	NNT	c12
3.01602727133089e-11	-0.620899376697145	0.062	0.025	1.10389614157982e-06	ETV3	c12
8.68940894200068e-15	-0.620883766909183	0.078	0.03	3.18041056686167e-10	MFN1	c12
2.27448260108172e-38	-0.620844623513179	0.171	0.059	8.32483376821921e-34	SCAF8	c12
8.5979758565369e-41	-0.620509901278357	0.216	0.079	3.14694514325107e-36	RNF168	c12
6.963086991284e-23	-0.620201945710478	0.135	0.054	2.54855946967986e-18	ARHGAP17	c12
5.7814131226581e-12	-0.620201706998183	0.059	0.023	2.11605501702409e-07	UTP25	c12
5.30354142366392e-09	-0.62018599300029	0.038	0.014	0.000194114919647523	BCL3	c12
2.84891465993302e-08	-0.619981784493782	0.033	0.012	0.00104273125468208	ANKEF1	c12
1.49155649543256e-42	-0.619958062117345	0.472	0.21	5.45924592893272e-38	MACF1	c12
0.00260697920720686	-0.61982765745906	0.016	0.007	1	SLC30A4	c12
2.32599049513038e-37	-0.619763070477796	0.233	0.091	8.51335781122669e-33	ZC3H18	c12
3.02271094820038e-16	-0.619696237507416	0.089	0.035	1.10634243415082e-11	SLC25A4	c12
7.52663386332163e-12	-0.619350730920896	0.053	0.02	2.75482326031435e-07	PPP1R14B	c12
2.60304015377386e-13	-0.61928463147481	0.063	0.024	9.52738726682771e-09	ARL13B	c12
1.73585347397799e-08	-0.618851515723956	0.016	0.004	0.000635339730010683	AL359504.2	c12
1.5435810846271e-06	-0.61881974291929	0.026	0.009	0.0564966112784364	MCU	c12
1.54790593014799e-19	-0.618800709483989	0.111	0.044	5.66549049493467e-15	MAP1S	c12
5.3321497748926e-05	-0.618648904284688	0.811	0.482	1	CD44	c12
8.38552879794363e-38	-0.618057017520996	0.326	0.139	3.06918739533535e-33	PRRC2B	c12
5.1024822939895e-37	-0.618044938828082	0.22	0.085	1.8675595444231e-32	TNKS2	c12
2.0902528764952e-29	-0.617781998676934	0.28	0.125	7.65053455326009e-25	CAT	c12
2.19386830950804e-17	-0.617730258794003	0.071	0.025	8.02977739963038e-13	TP53RK	c12
4.8821291370723e-38	-0.617487650560625	0.479	0.215	1.78690808545983e-33	C4orf48	c12
5.93771311341072e-19	-0.617298552765799	0.183	0.086	2.17326237663946e-14	MAT2A	c12
1.18932992929039e-38	-0.617063568843374	0.233	0.089	4.35306647419577e-34	RAB9A	c12
9.86186593063304e-06	-0.617020195288831	0.022	0.008	0.3609541549271	KBTBD6	c12
4.06618018960555e-25	-0.616921518300025	0.149	0.059	1.48826261119753e-20	UBXN2A	c12
1.33015900235325e-06	-0.616765785797111	0.023	0.008	0.0486851496451314	RAB40C	c12
1.2685000645666e-29	-0.616601422142948	0.139	0.05	4.64283708632021e-25	CCDC88B	c12
5.35160092493568e-27	-0.616601011139286	0.23	0.101	1.95873945453571e-22	NELFCD	c12
8.87053248717736e-25	-0.616472535926022	0.135	0.052	3.24670359563179e-20	EZH1	c12
0.0508410272027042	-0.616440154312648	0.011	0.006	1	C17orf58	c12
4.82886495714826e-26	-0.616251128983778	0.121	0.043	1.76741286296583e-21	DDX59	c12
8.07923161532166e-28	-0.616147431846789	0.213	0.091	2.95707956352388e-23	CREB1	c12
1.86861590067539e-18	-0.616091261076139	0.088	0.033	6.839321058062e-14	RIPK3	c12
0.00011508315860696	-0.616041289291075	0.031	0.015	1	ZNF124	c12
3.97631896642028e-28	-0.615898483046329	0.15	0.057	1.45537250489949e-23	OPA1	c12
9.51188291045079e-21	-0.615809022310762	0.124	0.05	3.48144426405409e-16	PEA15	c12
4.98282448555409e-36	-0.615780946311877	0.169	0.059	1.82376358995765e-31	ARHGEF9	c12
0.00153637651481435	-0.615593856256369	0.01	0.003	1	SLC19A2	c12
2.76150266159166e-09	-0.61543332970153	0.061	0.027	0.000101073758916916	FAM160A2	c12
6.4361180393841e-06	-0.615309760517913	0.014	0.004	0.235568356359497	AC040970.1	c12
1.1415448715686e-17	-0.615249120085943	0.095	0.037	4.17816838442822e-13	DCAF6	c12
0.00230481102735583	-0.615203522798492	0.014	0.006	1	CIP2A	c12
1.81801760723413e-11	-0.615181871401998	0.065	0.027	6.65412624423764e-07	SLC25A17	c12
2.67005118734771e-15	-0.615134433723694	0.076	0.029	9.77265435081136e-11	ZNF484	c12
2.06621233710723e-43	-0.6151215591585	0.321	0.13	7.56254377504618e-39	NSD1	c12
4.14647318384936e-34	-0.615097228275156	0.2	0.077	1.5176506500207e-29	DOCK11	c12
2.60846594428016e-11	-0.614956581998007	0.038	0.013	9.5472462026598e-07	MAN2A2	c12
2.69049324450488e-25	-0.614934303123921	0.115	0.041	9.84747432421233e-21	C2orf49	c12
0.00671875166945379	-0.614889404678584	0.01	0.004	1	RNF207	c12
3.34277758920688e-28	-0.614870822192948	0.19	0.078	1.22349002542561e-23	LRPPRC	c12
2.82449120884315e-21	-0.614673502798628	0.074	0.024	1.03379202734868e-16	HECTD4	c12
2.39437555304166e-05	-0.614620667570279	0.771	0.454	0.87636539616878	GSTP1	c12
1.03459250902048e-06	-0.614197476509744	0.033	0.014	0.0378671204226585	HACE1	c12
1.45955019838168e-26	-0.614129931057876	0.114	0.039	5.34209968109678e-22	XPOT	c12
0.000101213750860584	-0.613956047890948	0.021	0.009	1	CHEK1	c12
1.91542070315731e-17	-0.613878444543071	0.624	0.332	7.01063131562607e-13	MGST3	c12
1.65788351904356e-06	-0.613778795146305	0.023	0.008	0.0606801946805135	C17orf67	c12
4.40121232258932e-25	-0.613775738644719	0.16	0.065	1.61088772219092e-20	PBX4	c12
2.40652437233707e-21	-0.613703592750654	0.979	0.819	8.80811985519092e-17	S100A10	c12
6.7484656064365e-07	-0.613584842631362	0.022	0.008	0.0247000589661182	TIGD7	c12
1.75180279617422e-42	-0.613445374037041	0.23	0.084	6.41177341427725e-38	KIAA1109	c12
1.77455111480533e-11	-0.613076923181954	0.067	0.028	6.495034535299e-07	RNASEL	c12
4.7286475220331e-43	-0.612647521247014	0.217	0.077	1.73073227953934e-38	PRKAG1	c12
1.23731816864039e-13	-0.612247818191657	0.087	0.037	4.52870822904071e-09	SYVN1	c12
4.79997960882913e-32	-0.612224580076872	0.259	0.11	1.75684053662755e-27	PSMD14	c12
9.62772762785366e-30	-0.612223341050944	0.123	0.042	3.52384458907072e-25	TRIM13	c12
4.44146297027644e-25	-0.611957907313561	0.159	0.064	1.62561986175088e-20	LPCAT4	c12
0.00125346519638726	-0.611925009250555	0.016	0.007	1	S1PR2	c12
1.00144889191572e-20	-0.611624872692941	0.1	0.037	3.66540308930072e-16	ANKFY1	c12
4.83233347560241e-16	-0.611588226795278	0.082	0.032	1.76868237540524e-11	HMG20A	c12
4.05897218930416e-31	-0.611471860397157	0.198	0.079	1.48562441100722e-26	FAM104A	c12
5.37918610881522e-06	-0.611422997414244	0.029	0.012	0.196883590768746	RORC	c12
1.92564384187325e-31	-0.611001601843726	0.169	0.064	7.04804902564029e-27	FAF2	c12
1.75373412910918e-22	-0.610716089199411	0.094	0.032	6.41884228595252e-18	ZNF592	c12
1.14854990817568e-11	-0.610675612687711	0.043	0.014	4.2038075189138e-07	TNRC18	c12
5.67641592291668e-13	-0.610492942131944	0.054	0.019	2.07762499194673e-08	MIB1	c12
5.99707587439443e-19	-0.610221025377326	0.105	0.041	2.19498974078711e-14	MAP3K11	c12
2.87587853896986e-24	-0.609816034327518	0.13	0.05	1.05260030404836e-19	TMEM41B	c12
5.43166856389623e-25	-0.609783035522071	0.126	0.047	1.98804501107166e-20	CHERP	c12
4.69520139863475e-26	-0.609776372659221	0.172	0.071	1.7184906639143e-21	TDP2	c12
2.8717670042589e-09	-0.609709593092074	0.041	0.016	0.00010510954412288	ZNF805	c12
3.57099101386035e-20	-0.609044888544478	0.167	0.075	1.30701842098303e-15	AZIN1	c12
1.66859266914282e-16	-0.60878558354406	0.078	0.029	6.10721602832965e-12	SDE2	c12
2.31198046298635e-24	-0.608776479529608	0.202	0.089	8.46207969257635e-20	PFKP	c12
8.01672528221035e-28	-0.608735343971405	0.153	0.059	2.93420162054181e-23	RDX	c12
6.11432648428374e-30	-0.608680670712357	0.259	0.113	2.23790463651269e-25	OGFR	c12
1.28767403917478e-34	-0.608438959510246	0.183	0.068	4.71301575078361e-30	LUC7L	c12
2.19119319064444e-12	-0.608268754093094	0.047	0.016	8.0199861970777e-08	CEP128	c12
6.60699527841231e-47	-0.608150551018084	0.334	0.132	2.41822634185169e-42	SETX	c12
5.64658567054785e-09	-0.608051179455739	0.043	0.017	0.000206670682127722	PURB	c12
4.28843354690422e-33	-0.608031683718782	0.171	0.063	1.56960956250241e-28	BROX	c12
2.22025894359495e-36	-0.608014327120892	0.255	0.103	8.12636975945189e-32	PSMD12	c12
1.04018047101669e-09	-0.607946717659307	0.039	0.014	3.80716454196818e-05	AC020659.1	c12
3.62983946547157e-35	-0.607595348157704	0.252	0.104	1.32855754275725e-30	HELZ	c12
3.92423763353815e-05	0.607453268794213	0.011	0.003	1	ERI2	c12
5.14110926215552e-33	-0.607423206820402	0.2	0.078	1.88169740104154e-28	LRRC59	c12
0.00453700598837199	-0.60741880662154	0.018	0.009	1	FUT10	c12
5.9742458843653e-33	-0.60728635708432	0.156	0.056	2.18663373613654e-28	LUZP1	c12
4.21029020771549e-23	-0.60723559430082	0.119	0.045	1.54100831892594e-18	KHDC4	c12
1.84111477312523e-12	-0.607011968503524	0.193	0.105	6.73866418111566e-08	AL627171.2	c12
4.611341817781e-39	-0.606986201015349	0.167	0.056	1.68779721872603e-34	ZNF506	c12
7.62358062470603e-12	-0.60695088383194	0.056	0.022	2.79030674444865e-07	LRRC40	c12
1.50826152039317e-18	-0.606806269088115	0.104	0.041	5.52038799079104e-14	ZNF410	c12
0.00847045944414658	-0.606597115919295	0.014	0.007	1	FAM161B	c12
0.000263897918252416	-0.60641898484122	0.018	0.007	1	NAB2	c12
2.62311821216645e-08	-0.606410266645736	0.03	0.01	0.000960087496835042	PLEKHM3	c12
6.35417463468753e-24	-0.606389260150382	0.136	0.053	2.32569145804198e-19	VPS37B	c12
2.24931700448108e-21	-0.606224903908506	0.13	0.053	8.2327251681012e-17	MKLN1	c12
3.47585563752193e-06	-0.606148547682464	0.028	0.011	0.12721979218894	MARS2	c12
7.5022489846815e-11	-0.606033731152094	0.073	0.033	2.74589815088328e-06	ZNF92	c12
4.48343977545761e-07	-0.605729543026798	0.033	0.013	0.0164098379221524	TNFRSF10B	c12
2.72197139690716e-37	-0.605707772015345	0.277	0.114	9.96268750981991e-33	ARFGAP3	c12
1.45968793243772e-22	-0.605564243051264	0.116	0.044	5.34260380151529e-18	CHRNB1	c12
8.37654740820727e-32	-0.605530820965231	0.274	0.119	3.06590011687794e-27	GIT2	c12
7.91787316828346e-28	-0.605486228739039	0.151	0.057	2.89802075832343e-23	PKN2	c12
7.31066629981208e-21	-0.605204951068699	0.08	0.027	2.67577697239422e-16	ZNF561	c12
4.2686947696189e-16	-0.605202069408258	0.062	0.021	1.56238497262821e-11	MTHFR	c12
8.00299285494754e-09	-0.605022213823398	0.04	0.016	0.000292917541483935	GBA2	c12
4.23417885469682e-33	-0.604919928892715	0.549	0.258	1.54975180260758e-28	PYCARD	c12
0.810084100747725	-0.604710402997738	0.884	0.555	1	PSMA7	c12
4.71642151386693e-13	-0.604567468597816	0.077	0.032	1.72625743829043e-08	WDR11	c12
4.44059395853573e-10	-0.604374081883489	0.043	0.016	1.62530179476366e-05	ZNF583	c12
4.99218244103337e-11	-0.604302711468053	0.047	0.017	1.82718869524262e-06	TRIM65	c12
1.02083864832368e-13	-0.604062745166854	0.093	0.04	3.73637153672952e-09	RNPEP	c12
1.79989032531111e-05	-0.603990415613176	0.026	0.01	0.658777857967121	AACS	c12
3.00892143893149e-14	-0.603947371521251	0.074	0.029	1.10129533586331e-09	TRAPPC11	c12
1.11095447777075e-24	-0.603799988724945	0.074	0.022	4.06620448408872e-20	TRBV24-1	c12
4.91439377745568e-23	-0.603760979311272	0.138	0.055	1.79871726648655e-18	ACOT2	c12
1.39703867701627e-34	-0.603496035543348	0.226	0.09	5.11330126174723e-30	USP33	c12
1.65577247018539e-17	-0.603436260709273	0.081	0.03	6.06029281812555e-13	RIT1	c12
8.74936676694498e-36	-0.603344507723235	0.222	0.087	3.20235573036953e-31	APIP	c12
0.00124485167815542	-0.60326448164641	0.016	0.007	1	PLCXD1	c12
9.82829168219737e-07	-0.603131187204328	0.029	0.011	0.0359725303860106	PPP1R16A	c12
7.71165157254555e-30	-0.602837102184257	0.489	0.235	2.8225415920674e-25	SCP2	c12
4.78350575167408e-32	-0.60264073259484	0.181	0.069	1.75081094017023e-27	GLYR1	c12
9.30619041337865e-15	-0.60251272244033	0.089	0.037	3.40615875320072e-10	LPCAT3	c12
0.00237562884908977	-0.602445697426473	0.01	0.003	1	TAGLN	c12
2.24644963471698e-16	-0.602202445467938	0.072	0.026	8.22223030802763e-12	C11orf21	c12
1.22445957606222e-28	-0.601921750838698	0.17	0.067	4.48164449434532e-24	TRIM21	c12
6.51655899868021e-08	-0.601885250984949	0.038	0.015	0.00238512575910694	GATD3B	c12
6.13603045467604e-13	-0.601869529486081	0.074	0.031	2.24584850671598e-08	PCGF6	c12
2.23123924965725e-26	-0.601601183610875	0.195	0.083	8.1665587776705e-22	PPP2R2A	c12
6.10601605288884e-05	-0.601482410987565	0.018	0.007	1	TDRKH-AS1	c12
6.98164373240683e-21	-0.60138573888297	0.099	0.036	2.55535142249822e-16	CREB3L2	c12
8.03534671411316e-15	-0.601325070998308	0.09	0.038	2.94101725083256e-10	FBXO22	c12
1.46459848768498e-32	-0.601324538237467	0.146	0.051	5.36057692477581e-28	WDFY1	c12
1.78213327189294e-25	-0.60130481993234	0.15	0.059	6.52278598845533e-21	NUBP1	c12
3.92447974819628e-21	-0.601232816012065	0.086	0.029	1.43639883263732e-16	ARNT	c12
6.68016279472262e-21	-0.601053678063383	0.102	0.038	2.44500638449643e-16	POLD3	c12
4.55064317894195e-06	-0.601010304391819	0.024	0.009	0.166558090992454	RSAD2	c12
7.53554139219483e-11	-0.600963612720845	0.038	0.013	2.75808350495723e-06	CLUH	c12
6.87072834835684e-19	-0.600838918389504	0.088	0.032	2.51475528278209e-14	PUS3	c12
0.000574303248745435	-0.600732244915511	0.014	0.005	1	AC016773.1	c12
1.71787039153509e-28	-0.600729894184124	0.12	0.041	6.28757742005758e-24	TTC9C	c12
1.02475456944476e-15	-0.600445787802507	0.08	0.031	3.75070419962476e-11	HECTD3	c12
3.92735001132871e-28	-0.60033350075221	0.145	0.054	1.43744937764642e-23	PRR14L	c12
1.39998608876604e-18	-0.600299868234662	0.136	0.059	5.12408908349259e-14	GNL2	c12
2.83329753246176e-08	-0.600247506618524	0.029	0.01	0.00103701522985633	ZBTB39	c12
1.81890093041269e-08	-0.599996321969443	0.064	0.03	0.000665735929540348	SLC35A3	c12
4.90055870940666e-39	-0.59999166585469	0.191	0.068	1.79365349322993e-34	JKAMP	c12
1.33926992118924e-16	-0.599929517475259	0.087	0.034	4.90186183854474e-12	POGK	c12
2.33536799094451e-15	-0.599741978848867	0.048	0.015	8.54768038365602e-11	UBE2O	c12
8.58864988150898e-33	-0.599645744826434	0.343	0.154	3.1435317431311e-28	CMTM3	c12
5.80881443082913e-07	-0.599556304403514	0.032	0.013	0.0212608416982777	GTF2H2C	c12
4.62297269081253e-31	-0.599285956104841	0.17	0.064	1.6920542345643e-26	YY1AP1	c12
3.12114309184452e-16	-0.599118763013098	0.078	0.029	1.14236958304601e-11	PTPN9	c12
1.52586414303442e-11	-0.599009076321782	0.047	0.017	5.58481534992027e-07	AK9	c12
0.002322302900115	-0.59881124026804	0.014	0.006	1	FAM131A	c12
7.39704034129418e-32	-0.598769762639025	0.207	0.083	2.70739073531708e-27	EXOSC10	c12
0.00176402344664997	-0.598743330161273	0.019	0.009	1	GGT1.1	c12
3.61568904631885e-05	-0.598575392373365	0.015	0.005	1	CAMK2N1	c12
9.51652187497942e-12	-0.597939545796356	0.054	0.021	3.48314217146122e-07	ASPH	c12
1.05350765480844e-37	-0.597797232399488	0.168	0.058	3.85594336736439e-33	RNPEPL1	c12
4.26986694543994e-50	-0.597716977226166	0.3	0.112	1.56281400070047e-45	CNIH4	c12
1.66480201382905e-21	-0.597677596409868	0.129	0.052	6.0933418508157e-17	SP4	c12
1.80499219035465e-33	-0.597588418339253	0.402	0.185	6.60645191591705e-29	DNAJB6	c12
5.67984848553985e-09	-0.597549128536542	0.731	0.419	0.000207888134419244	CAST	c12
4.45034079331292e-12	-0.597495634927961	0.066	0.027	1.62886923376046e-07	C2CD5	c12
4.42554846651895e-31	-0.597427279588727	0.481	0.229	1.6197949942306e-26	RAB1B	c12
1.77655660592496e-13	-0.597293882763525	0.068	0.026	6.50237483334593e-09	FEN1	c12
4.82085983564708e-31	-0.59724825539744	0.231	0.097	1.76448290844519e-26	AP3B1	c12
2.04878195495101e-22	-0.597171897607789	0.114	0.043	7.49874683331619e-18	UHRF1BP1L	c12
1.17054479361269e-20	-0.597139720842532	0.072	0.023	4.28431099910182e-16	FAM174A	c12
7.16053633909304e-30	-0.596999465045902	0.295	0.133	2.62082790547144e-25	ABI1	c12
4.02468838230288e-32	-0.596978931619266	0.203	0.081	1.47307619480668e-27	GOLGA2	c12
4.36314873589019e-31	-0.596832816701505	0.217	0.089	1.59695606882317e-26	VEZF1	c12
4.88722232177477e-07	-0.596820727883978	0.04	0.018	0.0178877224199278	C3orf14	c12
2.4105193417664e-13	-0.596757369823668	0.056	0.02	8.82274184279919e-09	METTL22	c12
0.75430949476148	-0.596556487471474	0.846	0.546	1	TMBIM6	c12
9.08534126259069e-21	-0.596138118558249	0.161	0.07	3.32532575552082e-16	CERS2	c12
4.77884666714662e-17	-0.595918018145261	0.081	0.03	1.74910566864233e-12	TRIM35	c12
5.05977561156522e-08	-0.595873445860119	0.043	0.018	0.00185192847158899	ZNF623	c12
1.49948107792385e-26	-0.595411125187757	0.172	0.07	5.48825069330907e-22	C21orf91	c12
4.15298996264052e-09	-0.595086201454591	0.036	0.013	0.000152003585622606	KIAA0556	c12
3.81219917316726e-32	-0.594939850533498	0.189	0.073	1.39530301937095e-27	KRIT1	c12
3.7576734127547e-29	-0.594903513023085	0.201	0.083	1.37534604580235e-24	TSEN15	c12
6.55946216478421e-42	-0.594869639515648	0.373	0.159	2.40082874693267e-37	XRN1	c12
4.49662185046791e-17	-0.594688819786212	0.077	0.028	1.64580856348976e-12	PHF8	c12
2.41369195089376e-26	-0.594595511153776	0.246	0.111	8.83435390946626e-22	PTTG1IP	c12
1.06460097293614e-16	-0.594532228677655	0.09	0.036	3.89654602104356e-12	RFX5	c12
0.013664154939641	-0.594484957825783	0.018	0.01	1	CDK2	c12
8.1261128034645e-20	-0.594436293891773	0.112	0.044	2.97423854719604e-15	ELMOD3	c12
8.06510043325357e-24	-0.594401433632052	0.122	0.046	2.95190740957514e-19	SEC23A	c12
8.83549360669565e-34	-0.594375589346961	0.231	0.093	3.23387901498667e-29	FAM50A	c12
2.05212902002786e-10	-0.594160932205605	0.032	0.01	7.51099742620396e-06	CLECL1	c12
0.000306771254269141	-0.594066480983593	0.924	0.671	1	ANXA1	c12
0.00010183835167351	-0.594032088463553	0.015	0.005	1	AC073115.2	c12
1.41817354412641e-08	-0.593922342561908	0.031	0.011	0.000519065698885707	MFSD9	c12
6.48079575336594e-12	-0.593685800083235	0.057	0.022	2.37203605368947e-07	GALNT7	c12
2.84186170885846e-20	-0.593610741056494	0.164	0.073	1.04014980405929e-15	IMPDH1	c12
0.000709588070524872	-0.592521920743521	0.815	0.492	1	CALR	c12
1.61118448866002e-34	-0.592228275994984	0.261	0.109	5.89709634694456e-30	TMEM87A	c12
9.31083532243495e-34	-0.59182009601096	0.216	0.086	3.40785883636442e-29	RDH11	c12
1.09355431843172e-23	-0.591815702259129	0.146	0.059	4.00251816089193e-19	PARVB	c12
1.96383168853353e-06	-0.591638048933439	0.024	0.009	0.0718782036320158	CLCN6	c12
1.16844795496364e-18	-0.591612359724679	0.084	0.03	4.27663635996242e-14	RGS1	c12
1.09844388082366e-07	-0.591606454119304	0.03	0.011	0.00402041444820269	TRAF4	c12
3.72426261134941e-14	-0.591363976242618	0.061	0.022	1.36311735838e-09	NSUN3	c12
5.07913656609742e-10	-0.59121617355436	0.04	0.015	1.85901477455732e-05	ARL15	c12
1.37235938545536e-44	-0.590936627487686	0.448	0.193	5.02297258670516e-40	PCM1	c12
2.64445745815453e-31	-0.590887932256263	0.161	0.059	9.67897874259139e-27	EDEM2	c12
1.05941545707311e-08	-0.590882005259805	0.051	0.022	0.00038775665144333	PPRC1	c12
7.84192390293566e-17	-0.590439420119708	0.073	0.026	2.87022256771348e-12	FAM160B2	c12
2.66253108732891e-22	-0.590032664659821	0.091	0.031	9.74513003273253e-18	CSKMT	c12
9.55253742112742e-29	-0.589604015019478	0.147	0.054	3.49632422150685e-24	TGIF1	c12
8.99109562296748e-16	-0.589520359115998	0.089	0.036	3.29083090896233e-11	VPS35L	c12
1.10384426257027e-08	-0.589359655670573	0.04	0.016	0.000404018038543344	XRCC4	c12
1.62233369311043e-30	-0.589214313740182	0.153	0.056	5.93790355015349e-26	ZFX	c12
2.1674001949273e-06	-0.589204053273024	0.016	0.005	0.0793290145345339	AFMID	c12
3.32050245910323e-21	-0.588908512265544	0.632	0.324	1.21533710505637e-16	RBM8A	c12
6.16300313607495e-29	-0.58879928806288	0.181	0.072	2.25572077783479e-24	MED8	c12
3.17888543850131e-05	-0.58866357583346	0.015	0.005	1	FLVCR1	c12
5.50090861392274e-16	-0.588259673614982	0.101	0.042	2.01338756178186e-11	CCDC43	c12
2.13347179483508e-10	-0.588257889007983	0.039	0.014	7.80872011627587e-06	ATN1	c12
2.34715662336645e-26	-0.588180076165254	0.114	0.04	8.59082795718354e-22	TRAV1-2	c12
1.6130317205059e-37	-0.587885126300142	0.297	0.124	5.90385740022363e-33	EIF4G1	c12
1.08019549107857e-08	-0.587713167442511	0.046	0.019	0.000395362351689668	GANC	c12
2.52086826863191e-34	-0.587711044329569	0.178	0.065	9.22662995001967e-30	MAGT1	c12
9.80522231922045e-31	-0.587545509023075	0.26	0.113	3.58880942105788e-26	CHIC2	c12
2.34174883215583e-38	-0.587510041937091	0.322	0.136	8.57103490057354e-34	YIF1A	c12
4.18772063152505e-21	-0.587214050780994	0.116	0.045	1.53274762834448e-16	DDX58	c12
1.0685080125496e-48	-0.586997504249349	0.323	0.125	3.91084617673277e-44	KMT2C	c12
1.04152323865437e-40	-0.586879540516022	0.24	0.091	3.81207920579888e-36	DNASE2	c12
2.80383397212952e-27	-0.58665840771467	0.31	0.146	1.02623127213912e-22	UHMK1	c12
2.03899362231373e-34	-0.586569350946181	0.309	0.134	7.46292055703048e-30	PPP4R3B	c12
1.49924312252463e-12	-0.586556648868521	0.046	0.015	5.48737975275241e-08	HOXB4	c12
3.2102040604488e-17	-0.586409791098409	0.717	0.384	1.17496678816486e-12	DDX17	c12
2.12975514617834e-06	-0.586375136130819	0.024	0.009	0.0779511681052733	BRMS1L	c12
5.73040744570405e-20	-0.586240115319364	0.111	0.043	2.09738642920214e-15	MAN2B2	c12
7.78721614353166e-37	-0.586160806602911	0.253	0.102	2.85019898069402e-32	HNRNPLL	c12
1.06140913398646e-06	-0.585936661475579	0.028	0.01	0.0388486357130383	CRYBG3	c12
0.00732251640628673	-0.585760131846479	0.011	0.005	1	CPEB3	c12
4.77974429793099e-16	-0.585701443088368	0.057	0.019	1.74943421048572e-11	PRDM4	c12
1.97692189773207e-28	-0.585638800347384	0.176	0.07	7.23573183788914e-24	TNPO1	c12
3.36059005807357e-09	-0.585633064822235	0.048	0.019	0.000123000956715551	ZNF764	c12
0.000573422386081884	-0.585543365131116	0.012	0.004	1	SLC9A7	c12
1.4942475003057e-12	-0.58543803923815	0.05	0.018	5.46909527586888e-08	MCAT	c12
2.27680611333082e-19	-0.585090795829937	0.111	0.044	8.33333805540212e-15	CSNK1G1	c12
6.04398255423222e-11	-0.585010611979841	0.053	0.021	2.21215805467453e-06	HIST1H2BK	c12
1.31453992414322e-19	-0.58496356088373	0.067	0.021	4.81134757635659e-15	SLC35B4	c12
5.24014423006148e-37	-0.58479558677323	0.23	0.089	1.9179451896448e-32	TRIM27	c12
1.63808726984617e-10	-0.584430877551914	0.041	0.015	5.99556321636398e-06	CLCN7	c12
1.00651990765583e-13	-0.583946232995121	0.985	0.851	3.6839635140111e-09	MT-ND5	c12
1.33852374409423e-37	-0.583943587744339	0.221	0.085	4.89913075575929e-33	GOLGA8B	c12
5.54630385552466e-19	-0.5837551983263	0.146	0.064	2.03000267416058e-14	RBM23	c12
1.81308580665389e-31	-0.583672881537856	0.181	0.07	6.63607536093389e-27	PRKY	c12
6.77027566283936e-28	-0.583621551718172	0.099	0.031	2.47798859535583e-23	SLC16A1-AS1	c12
1.27849836644759e-18	-0.583423844438912	0.11	0.044	4.67943187103483e-14	CSTF1	c12
0.00252059311665546	-0.583294072756332	0.014	0.006	1	AC245014.1	c12
2.97440466669514e-14	-0.58315011161617	0.066	0.025	1.08866185205709e-09	ACAD9	c12
5.3429807279209e-11	-0.583060818107327	0.056	0.022	1.95558437622633e-06	HDAC6	c12
2.56584396891556e-28	-0.583011899895435	0.13	0.046	9.39124551062785e-24	ZNF224	c12
2.01165103563209e-13	-0.582868550584565	0.071	0.028	7.36284395551702e-09	DUSP18	c12
8.23456002953933e-16	-0.582389577520829	0.066	0.023	3.01393131641169e-11	LMTK2	c12
1.9844660241483e-24	-0.58228013186766	0.153	0.062	7.26334409498519e-20	PPP1R21	c12
3.81369374683105e-11	-0.582074999477431	0.068	0.029	1.39585004827763e-06	GUF1	c12
6.25726348438017e-08	-0.581792858465784	0.021	0.006	0.00229022100791799	PAQR3	c12
3.89943637963261e-52	-0.581734900070658	0.272	0.097	1.42723270930933e-47	THUMPD3-AS1	c12
2.02729556366061e-14	-0.581641044128314	0.053	0.018	7.42010449255421e-10	IER5	c12
1.38663780477232e-30	-0.581506305274356	0.176	0.068	5.07523302924716e-26	STIM1	c12
3.39287479637244e-20	-0.58143437974374	0.097	0.036	1.24182610422028e-15	COX10	c12
1.16797220280873e-05	-0.581398311638021	0.023	0.009	0.427489505950022	CD27-AS1	c12
3.35669183054263e-08	-0.581116355857234	0.035	0.013	0.00122858277689691	PTBP2	c12
2.16165965572981e-22	-0.581096058835194	0.124	0.049	7.91189050593668e-18	SEC24C	c12
2.51338854657751e-41	-0.58099613497421	0.25	0.096	9.19925341932834e-37	CRYBG1	c12
2.64913559640203e-42	-0.580915663026005	0.291	0.116	9.69610119639109e-38	GTF2I	c12
2.14754966531678e-37	-0.580806831644381	0.2	0.074	7.86024653002595e-33	RICTOR	c12
9.39275968865941e-21	-0.580714036148996	0.131	0.054	3.43784397364623e-16	OAS1	c12
2.62938988848391e-29	-0.580650948517279	0.204	0.084	9.62382993083994e-25	C16orf54	c12
2.83281052093508e-07	-0.580353061657123	0.023	0.008	0.0103683697876745	IKZF4	c12
6.24009912115001e-05	-0.580287241339854	0.019	0.007	1	HYAL3	c12
8.41776765147727e-19	-0.580237731536946	0.079	0.028	3.08098713811719e-14	QKI	c12
4.00868945877509e-40	-0.580133404286721	0.339	0.143	1.46722042880627e-35	OIP5-AS1	c12
2.57536419457414e-13	-0.579877946566826	0.063	0.024	9.4260904885608e-09	KCTD18	c12
5.14013688017903e-17	-0.579719065173705	0.077	0.028	1.88134149951433e-12	TATDN2	c12
2.34310843158313e-18	-0.579346282535006	0.117	0.049	8.57601117043743e-14	TM9SF4	c12
8.41122680495918e-37	-0.579235818633679	0.316	0.135	3.07859312288311e-32	IMMT	c12
1.23397491120465e-39	-0.579214864616055	0.463	0.206	4.51647157250012e-35	STK10	c12
2.21195023261417e-26	-0.57899919202328	0.109	0.037	8.09595904639114e-22	WASL	c12
1.19044012663058e-17	-0.578872529764315	0.059	0.018	4.35712990748059e-13	PHF2	c12
5.4204291074181e-17	-0.578707247213149	0.069	0.024	1.9839312576061e-12	ZBTB33	c12
2.59114594502905e-43	-0.578584591764209	0.41	0.174	9.48385327340083e-39	ATP6V0D1	c12
2.57748182604588e-24	-0.578178736676497	0.172	0.073	9.43384123151053e-20	GPBP1L1	c12
8.0019227326337e-26	-0.578102247117493	0.124	0.045	2.92878373937126e-21	RRP1	c12
2.60206359295023e-05	-0.578071231181802	0.013	0.004	0.952381295655714	AC010654.1	c12
2.31890214226423e-19	-0.577928398568073	0.081	0.028	8.48741373090131e-15	BRPF1	c12
4.41079119050519e-18	-0.577854190889842	0.093	0.035	1.6143936836368e-13	GOT1	c12
4.99725649932209e-29	-0.577820614797695	0.128	0.044	1.82904585131688e-24	AQR	c12
1.18526862248507e-26	-0.577469260541646	0.419	0.206	4.33820168515759e-22	FERMT3	c12
2.56417751076164e-14	-0.577444532802518	0.072	0.028	9.38514610713869e-10	CTNNBIP1	c12
2.59136302478318e-40	-0.577430706679377	0.367	0.156	9.48464780700892e-36	PSENEN	c12
4.25537374482107e-08	-0.577293997731376	0.04	0.016	0.00155750934434196	FEM1C	c12
5.297659691142e-23	-0.577128533324198	0.179	0.078	1.93899642355488e-18	CARS	c12
8.46487620313905e-32	-0.576954462563275	0.156	0.057	3.09822933911092e-27	INPP4A	c12
3.16928001322178e-27	-0.576897140425382	0.139	0.052	1.1599881776393e-22	SLC35B1	c12
6.71595101875133e-37	-0.576778219857317	0.502	0.228	2.45810523237317e-32	SSR3	c12
2.61152852489333e-40	-0.576774929740374	0.243	0.093	9.55845555396208e-36	SFT2D1	c12
4.45911804087944e-26	-0.576756852401551	0.605	0.305	1.63208179414228e-21	AKAP13	c12
0.00505555676640542	-0.576659008171932	0.066	0.045	1	RPS10-NUDT3	c12
6.60574450787432e-27	-0.576626308583704	0.172	0.07	2.41776854732708e-22	DENND4C	c12
9.64094157577868e-07	-0.576511367213766	0.022	0.008	0.0352868102615075	RABL2A	c12
2.39899171706432e-38	-0.576130556651442	0.236	0.092	8.78054958362713e-34	TRNAU1AP	c12
2.10612716295077e-24	-0.576078385170061	0.104	0.036	7.70863602911611e-20	C12orf29	c12
1.0722561802082e-29	-0.575995631722972	0.138	0.049	3.92456484518005e-25	CRIPT	c12
3.16650905934594e-21	-0.575891482435416	0.074	0.024	1.15897398081121e-16	SMPD2	c12
1.76368995576885e-30	-0.575869172870396	0.172	0.066	6.45528160710957e-26	CCNT2	c12
1.21058023809041e-47	-0.575823774334574	0.353	0.14	4.4308447294347e-43	PIAS1	c12
7.57127071742225e-26	-0.575585111199747	0.08	0.023	2.77116079528372e-21	SPEF2	c12
3.4012326826383e-24	-0.575203486677894	0.183	0.079	1.24488517417244e-19	TBC1D5	c12
3.63361533809006e-41	-0.575161071620559	0.429	0.187	1.32993954989434e-36	PRPF4B	c12
1.95861457443914e-24	-0.574816111046767	0.122	0.045	7.1687252039047e-20	LRRC58	c12
0.000456813546364161	-0.57472760272458	0.013	0.005	1	FAM27C	c12
1.82093908642751e-09	-0.574572562062347	0.044	0.017	6.66481915023332e-05	TRIM39	c12
7.97557097225142e-34	-0.574532780976749	0.182	0.068	2.91913873155374e-29	NCF4	c12
4.20269603883082e-36	-0.574498620844662	0.319	0.137	1.53822877717247e-31	RECQL	c12
1.79553745475163e-36	-0.57439051864711	0.488	0.223	6.57184663813644e-32	SELENOT	c12
5.73340813101726e-36	-0.574376964486062	0.438	0.199	2.09848471003363e-31	IFI27L2	c12
3.80241825184887e-34	-0.574220559901251	0.159	0.056	1.3917231043592e-29	BAG4	c12
8.46310069208206e-23	-0.573912139118993	0.136	0.054	3.09757948430896e-18	RRP15	c12
1.34432701355571e-38	-0.573900270909554	0.449	0.201	4.92037130231524e-34	AKNA	c12
5.87003192249376e-41	-0.573637000395427	0.41	0.178	2.14849038395194e-36	DYNLT1	c12
5.04422207014409e-35	-0.573060218173703	0.2	0.076	1.84623571989344e-30	SRPRB	c12
0.00149313792798889	-0.572986672046599	0.018	0.008	1	AZIN2	c12
1.66210685345723e-35	-0.572962065412057	0.233	0.093	6.0834772943388e-31	CSNK1D	c12
1.685063946112e-25	-0.572871261657809	0.113	0.04	6.16750254916453e-21	LRRC8C	c12
1.27096395405153e-17	-0.572831820950903	0.09	0.035	4.65185516822401e-13	PALM2-AKAP2	c12
7.53090651128304e-34	-0.572779653240963	0.168	0.061	2.7563870921947e-29	ACOT9	c12
2.08247615165674e-12	-0.572684869087647	0.067	0.027	7.62207096267883e-08	DGCR8	c12
8.40575228873803e-37	-0.572662278302741	0.533	0.245	3.07658939520101e-32	TMOD3	c12
2.09490585361448e-32	-0.572122606873246	0.171	0.064	7.66756491481437e-28	NBAS	c12
4.92258235111219e-44	-0.571775237317332	0.3	0.118	1.80171436633057e-39	EBP	c12
5.20149315062041e-30	-0.571620540347625	0.171	0.066	1.90379850805858e-25	TIMM23	c12
1.01826734822391e-18	-0.571485740579499	0.085	0.031	3.72696032123434e-14	TDRD3	c12
5.00560221102607e-29	-0.571025035115512	0.141	0.051	1.83210046525765e-24	PCNT	c12
1.02318203609535e-15	-0.570953139318956	0.06	0.02	3.74494857031259e-11	RMND5A	c12
1.57815159089516e-43	-0.57089631543669	0.414	0.176	5.77619263783538e-39	SDF2L1	c12
5.52341163073911e-20	-0.570800373707186	0.113	0.045	2.02162389096682e-15	AP5M1	c12
4.35457174566606e-13	-0.570763121631746	0.061	0.023	1.59381680463123e-08	BTBD9	c12
1.74070444071224e-32	-0.570525934127945	0.182	0.069	6.37115232345088e-28	ANO6	c12
3.43206771267435e-22	-0.570413319030914	0.126	0.049	1.25617110351594e-17	NUMB	c12
1.33481129424703e-28	-0.570365847075595	0.263	0.117	4.88554281807355e-24	PGD	c12
0.00181134024589283	-0.570275368528063	0.015	0.006	1	TMEM237	c12
1.85781978311532e-13	-0.570261793456047	0.695	0.38	6.79980618818038e-09	PAXX	c12
5.62106360454053e-19	-0.570111856743971	0.111	0.044	2.05736548989788e-14	RNGTT	c12
2.78884892962343e-14	-0.569963389754894	0.054	0.018	1.02074659673147e-09	AC016747.1	c12
4.3487328049334e-31	-0.569758660743168	0.202	0.081	1.59167969393367e-26	ACADM	c12
0.000196662596505279	-0.56971878759011	0.016	0.006	1	ALG10	c12
8.9644214938537e-19	-0.569701818694316	0.639	0.337	3.28106791096539e-14	WIPF1	c12
1.00297737748977e-31	-0.569513983676301	0.233	0.097	3.67099749935029e-27	G6PD	c12
1.68312089095713e-15	-0.569295132796989	0.084	0.033	6.16039077299218e-11	NEDD1	c12
3.72250335941573e-55	-0.569135193102777	0.339	0.127	1.36247345457975e-50	BIRC6	c12
3.58752381636717e-33	-0.569064213745973	0.19	0.073	1.31306959202855e-28	MCUR1	c12
0.000133042358720291	-0.569003626499991	0.019	0.008	1	ZBED6CL	c12
8.00354484364782e-07	-0.568992044491266	0.024	0.009	0.0292937744822354	MOCS3	c12
9.00638303515374e-13	-0.568985140472294	0.044	0.014	3.29642625469662e-08	ALKBH8	c12
9.44289038764944e-05	-0.568601884617888	0.023	0.01	1	ZNF816	c12
9.20563309351429e-12	-0.56855453280155	0.044	0.015	3.36935376855716e-07	ZNF234	c12
9.43760357149401e-17	-0.568476130659738	0.061	0.02	3.45425728320252e-12	LAIR2	c12
1.79308679354469e-09	-0.567996122985448	0.023	0.007	6.56287697305293e-05	NAGLU	c12
2.72000702067299e-29	-0.567961553417892	0.155	0.058	9.9554976963652e-25	THUMPD3	c12
9.7910845964875e-18	-0.567864704900531	0.13	0.057	3.58363487316039e-13	SPTLC1	c12
3.98175988143929e-29	-0.567760923127698	0.133	0.047	1.45736393420559e-24	RFC2	c12
2.54394154994603e-05	-0.567747917306786	0.02	0.008	0.931108046695745	RPH3AL	c12
3.18244116442846e-26	-0.56768113726054	0.109	0.037	1.16480529059246e-21	H2AFX	c12
1.32438409490266e-32	-0.567349425558478	0.207	0.083	4.84737822575323e-28	MRPL27	c12
1.04440981716759e-07	-0.567043979377099	0.033	0.013	0.00382264437181509	ABHD15	c12
5.38802299151959e-15	-0.56692979681845	0.065	0.023	1.97207029512609e-10	WARS2	c12
2.21369685543849e-05	-0.566802259396955	0.019	0.007	0.810235186059043	TAF5L	c12
2.27323213873521e-23	-0.566761764553628	0.147	0.06	8.32025695098476e-19	TRAFD1	c12
7.50061078338268e-13	-0.56652771213522	0.044	0.014	2.74529855282589e-08	AC093010.2	c12
7.564432118199e-29	-0.566486525340839	0.56	0.273	2.76865779958202e-24	CCDC107	c12
9.36472233701683e-19	-0.566465968714102	0.082	0.029	3.42758202257153e-14	SRBD1	c12
2.26628597699642e-18	-0.566423909981385	0.087	0.032	8.2948333044046e-14	MTM1	c12
5.53971010861873e-31	-0.566378680600929	0.131	0.044	2.02758929685554e-26	SKI	c12
3.79790705178799e-06	-0.566245723460002	0.022	0.008	0.139007196002492	AC021683.5	c12
5.02037423026981e-06	-0.566208555716441	0.019	0.007	0.183750717202105	TMTC2	c12
3.48419226054822e-15	-0.566186397292311	0.073	0.028	1.27524920928325e-10	GCH1	c12
1.88299871150983e-32	-0.565832732697777	0.206	0.082	6.89196358399712e-28	GINM1	c12
6.4047067453822e-07	-0.56565113413556	0.024	0.009	0.0234418671587734	ZNF45	c12
3.26268740647861e-09	-0.565576378003611	0.047	0.019	0.000119417621764523	USP19	c12
1.4730946860125e-06	-0.565575341722173	0.022	0.008	0.0539167386027433	NKIRAS1	c12
1.12123481396098e-16	-0.565260039632755	0.106	0.045	4.10383154257858e-12	NMD3	c12
1.02525318198611e-26	-0.565055451278341	0.141	0.053	3.75252917138735e-22	LTV1	c12
5.09928802694947e-37	-0.565034925001241	0.357	0.156	1.86639041074377e-32	PDCD6IP	c12
1.34274131578555e-22	-0.564983361568576	0.134	0.054	4.91456748990671e-18	CEP104	c12
4.04382661531331e-20	-0.564872912332495	0.153	0.067	1.48008097947082e-15	QRICH1	c12
6.59750814451951e-23	-0.564797081141414	0.426	0.217	2.41475395597559e-18	RPN1	c12
1.93952270646628e-17	-0.564736697425003	0.074	0.026	7.09884705793721e-13	TTC27	c12
1.68332293515611e-43	-0.564677361302496	0.315	0.126	6.16113027496487e-39	TIPRL	c12
1.3001752364867e-41	-0.56447189231331	0.365	0.154	4.75877138306497e-37	DNAJC3	c12
1.25719372837132e-25	-0.564435313762275	0.147	0.057	4.60145476521187e-21	CRNKL1	c12
6.13388285860401e-11	-0.56437226426293	0.05	0.019	2.24506246507765e-06	SLFN12L	c12
1.59078806542242e-31	-0.563930027947873	0.128	0.042	5.82244339825259e-27	PIAS4	c12
3.36701628572569e-10	-0.563923192749791	0.035	0.012	1.23236163073846e-05	CDKL1	c12
6.73311617163951e-23	-0.563579651302267	0.144	0.058	2.46438784998178e-18	AAGAB	c12
3.29297171823629e-25	-0.563561995887022	0.112	0.039	1.20526057859166e-20	ENDOD1	c12
0.00190233437462658	-0.563114750640916	0.017	0.008	1	ST20-AS1	c12
8.35324104969533e-08	-0.562879759393328	0.024	0.008	0.00305736975659899	SHPK	c12
3.61408133627923e-36	-0.562624733306127	0.268	0.111	1.32278990989156e-31	MORC3	c12
1.22104798316688e-29	-0.562616939162275	0.234	0.1	4.4691577231891e-25	AMD1	c12
1.80056081893986e-11	-0.562571408669453	0.045	0.016	6.59023265340177e-07	SH2B3	c12
1.15234545714556e-28	-0.562564975993916	0.145	0.053	4.21769960769848e-24	MCPH1	c12
1.26175292013842e-12	-0.562523010378506	0.048	0.016	4.61814186299864e-08	CARD8-AS1	c12
3.23385809151837e-20	-0.56239766006713	0.126	0.051	1.18362440007664e-15	PREP	c12
3.52034570099973e-23	-0.562293003732012	0.098	0.034	1.28848173002291e-18	RPTOR	c12
4.08423353016115e-31	-0.562187643200185	0.201	0.081	1.49487031437428e-26	ERAP1	c12
4.32715853830714e-11	-0.562036690487429	0.05	0.019	1.5837832966058e-06	HAUS8	c12
8.18584588601458e-49	-0.56200380482668	0.304	0.116	2.9961014527402e-44	NLRC3	c12
1.46608808390619e-51	-0.561950176753228	0.283	0.102	5.36602899590506e-47	MRPL13	c12
8.76130092008841e-14	-0.561844661711299	0.055	0.019	3.20672374976156e-09	ZNF740	c12
2.69435546620063e-34	-0.561832658325125	0.169	0.061	9.86161044184094e-30	LAMTOR3	c12
3.97167342874098e-27	-0.561831565913873	0.14	0.052	1.45367219165348e-22	RIPK1	c12
9.85787599047809e-26	-0.561511872362249	0.182	0.076	3.60808119127489e-21	VAV1	c12
4.96592851436129e-35	-0.561145476457402	0.287	0.122	1.81757949554138e-30	FYTTD1	c12
1.41258004433005e-17	-0.561054007031544	0.064	0.021	5.17018422025242e-13	ZNF738	c12
6.04448527243738e-13	-0.560919534912134	0.051	0.018	2.21234205456481e-08	TENT5A	c12
1.30554606365909e-26	-0.560516409264595	0.237	0.106	4.77842914759863e-22	TRPV2	c12
3.37979320576421e-36	-0.560430386612441	0.168	0.059	1.23703811124176e-31	AHCTF1	c12
2.08962801018279e-21	-0.560425461406286	0.098	0.035	7.64824748007003e-17	THOC1	c12
0.000625856367833484	-0.560395434814963	0.011	0.004	1	GOLGA6L4	c12
0.000355644761102248	-0.560238542425419	0.014	0.005	1	ZCCHC14	c12
7.74888569126406e-16	-0.560188773510531	0.084	0.033	2.83616965185956e-11	DCP1B	c12
2.76982527542772e-41	-0.56006920423293	0.367	0.156	1.0137837490593e-36	LUC7L2	c12
5.16515305438759e-35	-0.559938518011103	0.213	0.083	1.8904976694364e-30	DPP4	c12
7.09432080131357e-23	-0.559866927897711	0.121	0.046	2.59659235648878e-18	RRP8	c12
2.25731356099033e-29	-0.559620412044932	0.117	0.039	8.26199336458071e-25	POLR1C	c12
4.58274094994856e-26	-0.559539715051483	0.138	0.052	1.67732901509067e-21	ATF7	c12
3.81350715176258e-39	-0.55949074067769	0.331	0.14	1.39578175261662e-34	ARHGEF3	c12
7.90857002743573e-45	-0.558937744239211	0.341	0.138	2.89461571574175e-40	FAM177A1	c12
2.55407450324611e-17	-0.558926511352654	0.083	0.031	9.34816808933109e-13	PPME1	c12
3.64578434558271e-38	-0.558843624868947	0.587	0.27	1.33439352832673e-33	TLN1	c12
4.47482697751199e-25	-0.558788067643675	0.107	0.037	1.63783142203917e-20	CBWD2	c12
2.05702782420576e-11	-0.558755076752852	0.043	0.015	7.5289275393755e-07	SLX4IP	c12
3.41230261866241e-41	-0.558690031515894	0.281	0.111	1.24893688145663e-36	DERL2	c12
2.28483407093032e-44	-0.558480188971246	0.476	0.207	8.36272118301206e-40	ANKRD44	c12
1.2637355594578e-27	-0.558431208061947	0.536	0.264	4.6253985211715e-23	VCP	c12
1.86955575455644e-16	-0.558349203672949	0.063	0.021	6.84276101725201e-12	IER3	c12
0.00021876388889798	-0.558106039293746	0.816	0.484	1	CD53	c12
2.06486154649955e-28	-0.557803565680881	0.139	0.051	7.55759974634299e-24	DENND4A	c12
1.81007749335761e-08	-0.557801642114315	0.041	0.017	0.000662506463343819	DNASE1L1	c12
1.04583353228552e-38	-0.55778271478895	0.2	0.073	3.82785531151822e-34	DDX23	c12
1.25590261152767e-21	-0.557748277894154	0.078	0.025	4.59672914845243e-17	SPATA5	c12
2.26982907051262e-23	-0.557116375145493	0.139	0.056	8.30780138098323e-19	LEO1	c12
4.52471166068433e-18	-0.557003868857022	0.065	0.021	1.65608971492707e-13	ZNF235	c12
2.10864837102413e-25	-0.556994641069989	0.465	0.233	7.71786390278541e-21	MYO1G	c12
1.40763812393233e-18	-0.556989668015837	0.082	0.029	5.15209629740473e-14	MIS12	c12
2.3029431078455e-27	-0.556799248270349	0.157	0.061	8.4290020690253e-23	SUPT7L	c12
4.67820604596261e-13	-0.556723249100417	0.047	0.016	1.71227019488277e-08	TULP3	c12
5.7604612770327e-30	-0.556604344224433	0.243	0.104	2.10838643200674e-25	CMPK1	c12
6.9187121013679e-11	-0.555903793073989	0.035	0.011	2.53231781622166e-06	PACS2	c12
4.32218795661819e-10	-0.555702367905924	0.046	0.017	1.58196401400182e-05	ZNF71	c12
9.80828182123369e-38	-0.555571640293235	0.322	0.136	3.58992922938974e-33	SZRD1	c12
1.07986202631668e-36	-0.555504112914129	0.177	0.063	3.9524030025217e-32	FUOM	c12
9.77574182250434e-49	-0.555432405898806	0.499	0.213	3.57801926445481e-44	AKAP9	c12
2.98113431495856e-18	-0.555395018008864	0.084	0.031	1.09112497061798e-13	ATG16L1	c12
2.80739006679412e-37	-0.555199622994472	0.297	0.124	1.02753283834731e-32	ATOX1	c12
8.27912803766457e-26	-0.555127439175398	0.107	0.037	3.03024365306561e-21	ETFDH	c12
9.13840927239162e-22	-0.555078946248115	0.094	0.033	3.34474917778806e-17	FAM228B	c12
1.69235532662327e-29	-0.555072521458854	0.255	0.112	6.19418973097383e-25	FBXL5	c12
1.47487571787892e-14	-0.554831046378474	0.047	0.015	5.39819261500862e-10	PNPO	c12
1.57319964725142e-30	-0.554818683904295	0.543	0.261	5.75806802890494e-26	RTN4	c12
1.17337249095943e-12	-0.554785238833367	0.712	0.391	4.2946606541606e-08	PRELID1	c12
5.54645005043325e-55	-0.554589930632152	0.376	0.144	2.03005618295907e-50	SMG1	c12
2.60676294967285e-34	-0.554530945345027	0.203	0.079	9.5410130720976e-30	RABEP1	c12
1.16717313531425e-38	-0.554454026419801	0.254	0.101	4.27197039256369e-34	CRELD2	c12
1.98020394256574e-22	-0.5542111922859	0.127	0.05	7.24774445018488e-18	FOPNL	c12
1.78943091082212e-13	-0.554139438788516	0.068	0.026	6.54949607670004e-09	GAA	c12
1.49241718519586e-32	-0.55413159095628	0.14	0.048	5.46239613953536e-28	NCOA1	c12
2.82369193942396e-11	-0.554086958135186	0.04	0.014	1.03349948674856e-06	FIGNL1	c12
4.74313227036303e-21	-0.554065153179134	0.099	0.036	1.73603384227557e-16	ASL	c12
1.91618309224094e-24	-0.554060821282045	0.504	0.255	7.01342173591108e-20	PDCD4	c12
1.38162673752372e-11	-0.554057098415042	0.037	0.012	5.05689202201059e-07	INAFM1	c12
6.11107495916155e-51	-0.553803902386435	0.315	0.119	2.23671454580272e-46	ERVK3-1	c12
3.34012837681995e-22	-0.553682843549978	0.157	0.067	1.22252038719987e-17	KIAA1191	c12
1.41292926825767e-36	-0.553572615312927	0.227	0.088	5.17146241474989e-32	CLK3	c12
2.54740167851844e-22	-0.553540021500166	0.647	0.335	9.32374488354534e-18	IER2	c12
6.84366337709443e-20	-0.553502283790828	0.088	0.032	2.50484923265033e-15	NOL10	c12
3.39409106830445e-21	-0.553449587987641	0.052	0.014	1.24227127191011e-16	TYW1B	c12
2.40862973099989e-34	-0.553374458353192	0.186	0.07	8.8158256784327e-30	SUCO	c12
1.34439972540871e-05	-0.553369113062342	0.028	0.012	0.492063743496841	ADAT3	c12
9.07940419805058e-11	-0.553288747764681	0.032	0.01	3.32315273052849e-06	ZNF282	c12
8.32556769476036e-09	-0.553226732788938	0.04	0.016	0.000304724103195924	TEDC1	c12
5.53341747886013e-07	-0.553088719063432	0.028	0.01	0.020252861314376	CCNG2	c12
9.53331105218536e-26	-0.553072657212475	0.583	0.29	3.48928717821036e-21	NDUFA6	c12
1.7861583422626e-37	-0.553054158394178	0.25	0.1	6.53751814851535e-33	HOOK3	c12
1.94793638130417e-40	-0.552739954799513	0.548	0.248	7.12964194921138e-36	ROCK1	c12
2.26398672405145e-38	-0.552559235872261	0.271	0.11	8.2864178087007e-34	MLX	c12
1.89152826413521e-09	-0.552209217184594	0.047	0.019	6.92318259956128e-05	LMNB2	c12
1.50904261381226e-32	-0.552180728519872	0.147	0.051	5.52324687081425e-28	YTHDC2	c12
8.71932316533829e-05	-0.552142917972245	0.019	0.008	1	SNTA1	c12
2.80927825255844e-06	-0.552122408584077	0.018	0.006	0.102822393321891	FAAP24	c12
3.32270452033147e-24	-0.552099742710892	0.091	0.03	1.21614308148652e-19	BMT2	c12
1.57980245443717e-20	-0.551964830820637	0.122	0.049	5.78223496348547e-16	TMX3	c12
1.91318049938781e-32	-0.551729218482381	0.112	0.034	7.00243194580933e-28	STRN	c12
1.4846359477704e-11	-0.551603042442508	0.045	0.016	5.43391603243446e-07	ZNF174	c12
2.15211400404021e-24	-0.551484215230465	0.149	0.06	7.87695246618758e-20	GPN1	c12
1.55551337988636e-33	-0.551332163419247	0.168	0.061	5.69333452172205e-29	GEMIN7	c12
5.58507796709559e-44	-0.551154170106834	0.283	0.11	2.04419438673666e-39	GSK3B	c12
9.63269387922347e-33	-0.551125181829953	0.183	0.069	3.52566228673458e-28	LRIF1	c12
8.61501735270609e-09	-0.551021591545567	0.024	0.007	0.000315318250126396	ZNF528-AS1	c12
2.40665589714507e-06	0.550903377550978	0.01	0.002	0.0880860124914067	GSDMA	c12
1.64888252104994e-37	-0.550743213672582	0.218	0.083	6.03507491529489e-33	EP400	c12
1.28597818356115e-26	-0.550487896415347	0.139	0.052	4.70680874965217e-22	ZCCHC9	c12
0.00195173943131942	-0.55029804543214	0.015	0.006	1	ANKDD1A	c12
5.74214590919119e-20	-0.550094053800549	0.091	0.033	2.10168282422307e-15	PELO	c12
5.20912733406433e-09	-0.550061590335601	0.028	0.009	0.000190659269554089	CNTROB	c12
6.79756952641024e-14	-0.549966327492592	0.063	0.023	2.48797842236141e-09	TRAPPC10	c12
1.12498289878612e-10	-0.549740662232421	0.039	0.014	4.11754990784708e-06	CPNE8	c12
7.62792780783555e-15	-0.549738153256872	0.051	0.016	2.79189785694589e-10	ZNF746	c12
1.01247053494143e-20	-0.549707907238736	0.139	0.059	3.70574340493912e-16	GDE1	c12
1.88360639166456e-15	-0.549614928253878	0.079	0.03	6.89418775413146e-11	SLC35C1	c12
5.19152656538639e-23	-0.549377438225326	0.089	0.03	1.90015063819707e-18	NME7	c12
1.12501605527212e-36	-0.549302101215246	0.538	0.248	4.11767126390149e-32	LRPAP1	c12
2.42236936594648e-28	-0.549225517775914	0.152	0.058	8.86611411630072e-24	TMEM60	c12
7.14196333787996e-50	-0.549183918738482	0.404	0.163	2.61403000129744e-45	SUGT1	c12
1.47665146348265e-38	-0.549169637725982	0.202	0.074	5.40469202149284e-34	ZNF830	c12
1.1575915815566e-14	-0.549101406373953	0.048	0.015	4.23690094765532e-10	PLEKHM2	c12
2.13365583450545e-39	-0.54890617049917	0.26	0.102	7.80939371987341e-35	GLTP	c12
2.71941255505788e-22	-0.548872700148005	0.147	0.061	9.95332189276736e-18	MDFIC	c12
5.69440719118628e-18	-0.548816570959547	0.081	0.029	2.08420997604609e-13	BRWD3	c12
2.26190154892657e-15	-0.548560987282955	0.119	0.054	8.27878585922613e-11	WDR45B	c12
1.69544987501025e-31	-0.548453569654821	0.167	0.062	6.205516087525e-27	CACUL1	c12
7.06118262114106e-25	-0.548374853312582	0.14	0.055	2.58446345116384e-20	CCAR2	c12
1.81882012320145e-19	-0.547974128202456	0.132	0.056	6.65706353292963e-15	EHD4	c12
5.35499456164574e-30	-0.547961422414625	0.149	0.054	1.95998155950796e-25	PAIP1	c12
1.93437359032418e-13	-0.547912691091658	0.06	0.022	7.08000077794553e-09	ANKMY1	c12
2.70279852577808e-08	-0.547804244679024	0.045	0.019	0.000989251288420034	ERCC8	c12
2.6913530039326e-43	-0.547574225606488	0.271	0.105	9.8506211296937e-39	CNOT4	c12
1.11143327039291e-19	-0.547080237565928	0.088	0.032	4.06795691296508e-15	KDM7A	c12
2.11135567620063e-19	-0.546974305824321	0.105	0.041	7.72777291046191e-15	PGM2L1	c12
6.66118294211361e-16	-0.54695908026181	0.077	0.029	2.438059568643e-11	WDR7	c12
6.29252440334385e-35	-0.546890877143234	0.434	0.2	2.30312685686788e-30	CCDC167	c12
5.80019717629267e-19	-0.546792837230484	0.08	0.028	2.12293016849488e-14	R3HCC1L	c12
5.4244365664658e-42	-0.54660654332967	0.264	0.102	1.98539802769215e-37	SEPHS2	c12
5.50589490034272e-17	-0.546521904861152	0.106	0.044	2.01521259247444e-12	WASHC5	c12
1.34992158464026e-23	-0.546334770626809	0.089	0.029	4.94084799194183e-19	TP53BP2	c12
5.329464162188e-43	-0.546244602534869	0.231	0.084	1.95063717800243e-38	NUTM2B-AS1	c12
2.69824517320168e-05	-0.546023111497648	0.016	0.005	0.987584715843545	IQCH-AS1	c12
8.70558787432365e-29	-0.546008367955618	0.174	0.069	3.1863322178812e-24	ZBP1	c12
2.76064941629272e-22	-0.545791431997567	0.117	0.045	1.0104252928573e-17	DCLRE1C	c12
2.54078311870248e-26	-0.545508992529581	0.113	0.039	9.29952029276294e-22	GALNT2	c12
1.14612201813151e-15	-0.545498465324084	0.078	0.03	4.19492119856315e-11	PYGB	c12
1.42728726983852e-39	-0.545494213650157	0.36	0.155	5.22401413633595e-35	OGA	c12
1.82531067217906e-19	-0.545419794967678	0.099	0.038	6.68081959124256e-15	RPS6KB1	c12
3.08535506923945e-33	-0.545340134567441	0.213	0.085	1.12927080889233e-28	IWS1	c12
2.55807050998021e-39	-0.545313149756306	0.211	0.078	9.36279387357858e-35	PREX1	c12
3.15738828821151e-17	-0.545139580202649	0.086	0.033	1.15563568736829e-12	DGCR2	c12
6.61970055666089e-13	-0.545032128790189	0.041	0.013	2.42287660074345e-08	TRIM16	c12
7.50980449933665e-12	-0.544984191018929	0.055	0.021	2.74866354480221e-07	AHI1	c12
6.88331272260004e-16	-0.544854549623636	0.087	0.035	2.51936128959884e-11	WDR20	c12
6.18484830519317e-44	-0.544835956809333	0.302	0.12	2.26371632818375e-39	RNF115	c12
7.94261257676835e-19	-0.544663137131259	0.063	0.02	2.90707562922299e-14	PRKAB2	c12
2.35109125501123e-10	-0.544537646720271	0.036	0.012	8.60522910246661e-06	KRBA2	c12
3.1083833076324e-22	-0.544376432949443	0.104	0.038	1.13769937442653e-17	TBC1D23	c12
1.19597356575247e-10	-0.544316850037243	0.048	0.018	4.3773828480106e-06	TMEM168	c12
2.81911483475255e-40	-0.544222799754814	0.33	0.137	1.03182422066778e-35	SLC66A3	c12
1.24645691604685e-20	-0.544167062461038	0.093	0.033	4.56215695842309e-16	PRMT9	c12
2.56848899261616e-11	-0.544009549607693	0.04	0.014	9.40092656187439e-07	PRSS21	c12
4.68124150387738e-20	-0.543858786116302	0.097	0.036	1.71338120283416e-15	MFSD8	c12
1.05468263451634e-46	-0.543800622544355	0.245	0.088	3.86024391059324e-42	CHCHD1	c12
2.58590952156419e-30	-0.543677477391888	0.155	0.057	9.46468743987709e-26	UBA5	c12
3.12327964832857e-20	-0.54358359552152	0.149	0.065	1.14315158408474e-15	PREB	c12
2.11064654942937e-12	-0.54353418864841	0.069	0.028	7.72517743556646e-08	SMYD4	c12
1.45933921602003e-10	-0.543529073473441	0.039	0.014	5.34132746455493e-06	UTP15	c12
1.12661733855373e-08	-0.543224684962048	0.021	0.006	0.000412353212084052	NOD2	c12
4.17113325421978e-23	-0.543144080716848	0.193	0.086	1.52667648237698e-18	CNDP2	c12
4.72258078930786e-16	-0.542770622653494	0.085	0.033	1.72851179469457e-11	CPSF3	c12
7.02581415402786e-10	-0.542529452946096	0.097	0.049	2.57151823851574e-05	AL135905.2	c12
4.75322988075915e-15	-0.542415166365687	0.047	0.014	1.73972966865666e-10	TBC1D10B	c12
0.000313858078018133	-0.542403211973349	0.021	0.009	1	LOXL1	c12
4.93771329629053e-18	-0.542371150391693	0.072	0.025	1.8072524435753e-13	BICRAL	c12
1.37920731278412e-10	-0.542363821787464	0.069	0.03	5.04803668552114e-06	C2orf69	c12
1.37240415585782e-29	-0.542303079668874	0.463	0.224	5.0231364508552e-25	FAM49B	c12
5.21573908289421e-13	-0.542170740503001	0.047	0.016	1.90901266173011e-08	LTC4S	c12
5.09333290859425e-39	-0.542060730656469	0.305	0.127	1.86421077787458e-34	DUSP23	c12
3.87667563810318e-27	-0.541909624792223	0.568	0.284	1.41890205030215e-22	CD6	c12
8.35709272696245e-54	-0.541845132937366	0.426	0.171	3.05877950899553e-49	VPS13C	c12
5.99167698796267e-16	-0.541569642892809	0.068	0.024	2.19301369436422e-11	CEPT1	c12
1.01741561160748e-34	-0.541443516596426	0.231	0.092	3.72384288004452e-30	CYB5B	c12
2.42716546052506e-28	-0.541256946539995	0.6	0.292	8.88366830206777e-24	POMP	c12
8.28546774026412e-18	-0.541196000426383	0.116	0.049	3.03256404761407e-13	HSD17B4	c12
7.55677257560635e-15	-0.541066615200834	0.063	0.022	2.76585433039768e-10	LDAH	c12
2.95560338296924e-36	-0.541035926363372	0.181	0.065	1.08178039420057e-31	TOR3A	c12
1.27923341151707e-34	-0.540868398640451	0.169	0.061	4.68212220949363e-30	ATG13	c12
2.3190717493541e-26	-0.54065341661093	0.16	0.064	8.48803450981094e-22	PTRH1	c12
3.12816308508063e-42	-0.54003992786822	0.282	0.111	1.14493897077036e-37	DYNLT3	c12
4.93515464272698e-14	-0.539649379491352	0.074	0.029	1.8063159507845e-09	TBXAS1	c12
5.40965580843406e-18	-0.539260357157641	0.103	0.041	1.97998812244495e-13	PYGO2	c12
5.19418626584168e-19	-0.539230082618261	0.109	0.043	1.90112411516071e-14	CANT1	c12
1.07461927156613e-44	-0.538960521600716	0.397	0.167	3.93321399585921e-40	USP16	c12
1.47996624998197e-29	-0.538737733794808	0.259	0.114	5.416824471559e-25	EIF3J	c12
8.42657959997108e-36	-0.538736971047723	0.169	0.06	3.08421239938541e-31	SLMAP	c12
2.17801508417771e-19	-0.538682798337397	0.127	0.053	7.97175300959884e-15	ARMC10	c12
3.83734260619375e-32	-0.538632360522934	0.147	0.051	1.40450576729297e-27	TMEM159	c12
1.43236830371503e-17	-0.538560479962925	0.723	0.38	5.24261122842738e-13	SRSF7	c12
7.64770812498821e-06	-0.538488923780567	0.031	0.013	0.279913765082693	C2orf42	c12
1.43792987148994e-46	-0.537965728159493	0.191	0.063	5.26296712264034e-42	VGLL4	c12
1.14429647137915e-32	-0.537582404675989	0.128	0.042	4.18823951489483e-28	STAMBPL1	c12
9.55303447123787e-09	-0.537433606683707	0.043	0.017	0.000349650614681777	ABITRAM	c12
3.086508209253e-08	-0.537332444252758	0.041	0.017	0.00112969286966869	THAP8	c12
2.19354588673334e-21	-0.537237392205862	0.118	0.046	8.02859730003272e-17	ATP9B	c12
2.24386332134781e-06	-0.537130825104621	0.037	0.016	0.0821276414246513	FOCAD	c12
1.65530225132938e-19	-0.536769211202313	0.103	0.04	6.05857177009065e-15	HIST1H3D	c12
0.000477197955364621	-0.536560283945025	0.014	0.005	1	SENP3	c12
1.03490251109273e-14	-0.536312413590053	0.051	0.017	3.7878466808505e-10	HCFC2	c12
2.92862089199436e-32	-0.536312214705365	0.165	0.061	1.07190453267886e-27	ATAD1	c12
3.86694171303693e-08	-0.536294629818989	0.029	0.01	0.00141533933638865	UHRF1BP1	c12
8.54587427819533e-27	-0.536161177020428	0.22	0.096	3.12787544456227e-22	DCK	c12
8.11906390445307e-13	-0.536052920570829	0.049	0.017	2.97165857966887e-08	RAD54L2	c12
3.10470925302017e-40	-0.535971290083765	0.333	0.139	1.13635463369791e-35	SUMF2	c12
1.79098023791645e-21	-0.535822924427421	0.105	0.039	6.555166768798e-17	PNO1	c12
2.32274353224811e-47	-0.535572802165755	0.301	0.116	8.50147360238129e-43	CDC5L	c12
2.87749507035398e-26	-0.535550233401486	0.137	0.052	1.05319197070026e-21	KANSL2	c12
1.10387921539568e-44	-0.535541899086147	0.42	0.178	4.04030831626971e-40	VPS4B	c12
3.52907647135544e-20	-0.535521165623588	0.079	0.026	1.2916772792808e-15	IL15RA	c12
1.17402748248895e-28	-0.535443407447598	0.129	0.045	4.29705798865781e-24	PIGF	c12
1.27969526423902e-45	-0.53527580914356	0.537	0.238	4.68381263664124e-41	NEAT1	c12
6.4731784189852e-15	-0.535250341540744	0.061	0.021	2.36924803313277e-10	BTRC	c12
1.97967548765355e-32	-0.535017971773483	0.168	0.062	7.24581025236075e-28	ARHGEF2	c12
5.01841782904929e-34	-0.534877887738998	0.213	0.084	1.83679110961033e-29	LRRFIP2	c12
2.15530567958972e-30	-0.534875321450032	0.144	0.051	7.88863431786635e-26	GALK1	c12
4.93433217803057e-28	-0.534605987268299	0.177	0.071	1.80601492048097e-23	CEBPB	c12
6.24686901168681e-44	-0.534573541178855	0.311	0.124	2.28641652696749e-39	CDC73	c12
2.68619318868394e-21	-0.534432058276429	0.105	0.039	9.83173568990209e-17	CAMK1D	c12
8.98674449784641e-25	-0.534387134738887	0.104	0.036	3.28923835365676e-20	APH1B	c12
9.81016959891023e-53	-0.534285310654308	0.356	0.138	3.59062017489713e-48	PAG1	c12
4.05012056647806e-09	-0.534217936496098	0.03	0.01	0.000148238462853663	PHC2	c12
1.91891519726554e-12	-0.534130750973127	0.046	0.015	7.0234215135116e-08	CASP10	c12
7.47633230427726e-13	-0.534003100068959	0.057	0.021	2.73641238668852e-08	RAD51D	c12
1.21129270478073e-15	-0.533965342845577	0.05	0.015	4.43345242876795e-11	ABL1	c12
1.41901238451577e-14	-0.533913340060653	0.067	0.025	5.19372722856616e-10	NDST2	c12
5.9472712861218e-34	-0.533718635536926	0.148	0.051	2.17676076343344e-29	RMDN1	c12
1.54847326296364e-17	-0.533683328638979	0.078	0.028	5.66756698977321e-13	CRY2	c12
6.14518154707276e-22	-0.533249689320758	0.094	0.033	2.2491978980441e-17	VPS8	c12
3.14012030197135e-31	-0.533142525270534	0.18	0.069	1.14931543172453e-26	TSPAN5	c12
7.62475759233293e-29	-0.533113066682459	0.197	0.081	2.79073752636978e-24	PPP6R3	c12
9.92989439131862e-31	-0.532912499784992	0.165	0.062	3.63444064616653e-26	DMTF1	c12
3.16157246706374e-05	-0.53287975492602	0.017	0.006	1	ARL17B	c12
9.22754244648819e-05	-0.532866792533625	0.011	0.003	1	UAP1L1	c12
2.81233855197306e-07	-0.53265121774094	0.035	0.014	0.0102934403340766	ZFP82	c12
4.31175450895522e-08	-0.532511326331541	0.034	0.013	0.0015781452678227	PPARA	c12
2.83388358324815e-33	-0.532494575131172	0.232	0.095	1.03722973030466e-28	STARD7	c12
0.00248500034793537	-0.532413699009569	0.014	0.006	1	GRAMD4	c12
2.45202587927046e-06	-0.532267615639575	0.023	0.009	0.0897465992071781	USP40	c12
0.0017678299472014	-0.532176789777971	0.016	0.007	1	HIST1H2AL	c12
4.80426223424056e-49	-0.532110241431592	0.313	0.12	1.75840802035439e-44	HEXA	c12
1.67926050715633e-35	-0.532075055966169	0.222	0.087	6.14626138224289e-31	TRIM38	c12
4.18679308562629e-07	-0.532069826465889	0.024	0.008	0.0153240813727008	FXR2	c12
4.75660590559677e-24	-0.532063115103623	0.109	0.039	1.74096532750747e-19	DOHH	c12
1.52953450397854e-07	-0.531993202477231	0.029	0.01	0.00559824923801187	SPINT1	c12
1.87058455683137e-30	-0.531907583977024	0.115	0.037	6.84652653645851e-26	CAPN12	c12
5.09482618739704e-37	-0.53171889304876	0.356	0.156	1.86475733284919e-32	TMEM9B	c12
2.63324130062987e-17	-0.531606290113393	0.072	0.025	9.63792648443541e-13	STX2	c12
3.98390140556458e-47	-0.531507748285276	0.423	0.176	1.45814775345069e-42	CALCOCO2	c12
2.77384703133492e-39	-0.531341965464047	0.317	0.132	1.0152557519389e-34	MAP4K1	c12
3.98231619071776e-43	-0.531279971130393	0.24	0.089	1.45756754896461e-38	NBN	c12
5.77032015279662e-42	-0.531145121240943	0.4	0.172	2.11199487912509e-37	EMC7	c12
3.3332679741877e-32	-0.531116345853086	0.14	0.048	1.22000941123244e-27	ATXN2	c12
2.20501913078997e-23	-0.53095143477404	0.083	0.026	8.07059052060436e-19	PEX13	c12
5.16983096285588e-36	-0.530877241492132	0.527	0.245	1.89220983071488e-31	FDFT1	c12
1.23129157410536e-25	-0.530858861071454	0.111	0.038	4.50665029038304e-21	CHM	c12
1.2144790780239e-34	-0.530845151336166	0.214	0.084	4.44511487347529e-30	RAP1GDS1	c12
6.29944420097741e-19	-0.530786339439289	0.087	0.032	2.30565957199974e-14	FBXL20	c12
1.86003120249602e-45	-0.530268684506973	0.501	0.217	6.80790020425567e-41	RAB14	c12
1.2081247211646e-33	-0.530028509594785	0.448	0.208	4.42185729193454e-29	MIEN1	c12
2.9312948933643e-05	-0.530011305733077	0.033	0.015	1	POLA2	c12
1.85848135410701e-13	-0.529787861595535	0.059	0.021	6.80222760416708e-09	TRIM23	c12
7.26978100386016e-35	-0.529644240506212	0.183	0.067	2.66081254522286e-30	CMAS	c12
1.31301859863924e-14	-0.529481918805526	0.067	0.025	4.8057793728795e-10	KCTD9	c12
1.41778690626557e-37	-0.529321757539167	0.207	0.078	5.1892418556226e-33	SNAP47	c12
4.74480910077269e-10	-0.529211659803407	0.054	0.022	1.73664757897381e-05	HINT3	c12
9.45356495617969e-41	-0.529097685927919	0.179	0.061	3.46009930961133e-36	MED17	c12
1.28043744456787e-24	-0.528940465489926	0.1	0.034	4.68652909086286e-20	ESS2	c12
4.90835962769076e-10	-0.528736261823104	0.044	0.016	1.7965087073311e-05	NEK4	c12
4.45077242962458e-25	-0.528645194544492	0.123	0.045	1.62902721696689e-20	ST6GALNAC4	c12
2.1955534091262e-38	-0.528594819572779	0.486	0.22	8.03594503274281e-34	GSTO1	c12
1.18525428976576e-21	-0.528418140438705	0.084	0.028	4.33814922597166e-17	NDUFAF6	c12
0.000429237234283345	-0.528268665572764	0.021	0.01	1	KNSTRN	c12
2.99936347309782e-46	-0.528214041806203	0.243	0.087	1.09779702478853e-41	GNB1	c12
8.05379969016205e-42	-0.528159454560935	0.262	0.101	2.94777122459621e-37	XPO1	c12
1.90335142939041e-41	-0.52812329277506	0.207	0.074	6.96645656671183e-37	MRPS18A	c12
8.76732171904744e-10	-0.527850769297761	0.045	0.017	3.20892742238855e-05	HDAC4	c12
2.53482398973291e-36	-0.527756472649973	0.149	0.049	9.27770928482143e-32	LPGAT1	c12
1.47041142196113e-16	-0.52714750671408	0.121	0.053	5.38185284551993e-12	ECD	c12
3.85957247310072e-16	-0.527058173844222	0.057	0.019	1.4126421208796e-11	CIC	c12
2.76180502651324e-43	-0.527027026548892	0.237	0.087	1.01084825775411e-38	PDHA1	c12
2.13047726508874e-16	-0.526904046153275	0.07	0.025	7.79775983795128e-12	LRWD1	c12
5.44328680804364e-25	-0.526855866912234	0.146	0.057	1.99229740461205e-20	KATNA1	c12
2.05763719941346e-29	-0.526824526412351	0.143	0.052	7.53115791357319e-25	HTT	c12
7.85616273249162e-17	-0.526756866155861	0.065	0.022	2.87543412171926e-12	AL451165.2	c12
2.36527510059969e-05	-0.526682055805516	0.029	0.013	0.865714339570493	SMG8	c12
1.11560899362343e-07	-0.526477129229945	0.029	0.01	0.0040832404775611	ATP6V0A1	c12
0.00114942091464819	-0.526043591707677	0.014	0.006	1	SLC30A1	c12
4.07022639195429e-37	-0.525886035333942	0.168	0.058	1.48974356171919e-32	HUS1	c12
2.97640712226614e-25	-0.525814842856948	0.133	0.05	1.08939477082063e-20	SEC24B	c12
7.78205115961826e-14	-0.525701304125917	0.035	0.01	2.84830854493188e-09	MSH5	c12
1.93410608646342e-24	-0.525585428301111	0.104	0.036	7.07902168706475e-20	TRIM5	c12
3.02849228483846e-38	-0.525468235444597	0.256	0.102	1.10845846117372e-33	MECP2	c12
4.7451240741345e-42	-0.525239510527865	0.362	0.152	1.73676286237397e-37	ARF4	c12
1.66834977280708e-18	-0.525085278143258	0.061	0.019	6.10632700345121e-14	TMEM234	c12
7.24093113931569e-29	-0.525061668584027	0.112	0.037	2.65025320630094e-24	ZNF37A	c12
5.43067337798035e-20	-0.524938130948086	0.093	0.034	1.98768076307459e-15	EXOG	c12
3.39576041017706e-27	-0.524816731494561	0.121	0.043	1.24288226772891e-22	SNX4	c12
1.4293707900911e-17	-0.524737864999389	0.072	0.025	5.23164002881245e-13	CROCC	c12
1.18171675835769e-31	-0.524445387095104	0.989	0.878	4.32520150726497e-27	MYL6	c12
1.09850824491226e-11	-0.52423779836957	0.037	0.012	4.02065002720337e-07	SBF2	c12
6.75579753017372e-17	-0.524192479514897	0.071	0.025	2.47268945401888e-12	TRAV35	c12
2.44055296550577e-13	-0.523927895267179	0.755	0.412	8.93266790904766e-09	RABAC1	c12
1.40746290880182e-37	-0.523920395109999	0.203	0.075	5.15145499250554e-33	CASC4	c12
1.38339961031721e-45	-0.523911546227896	0.305	0.119	5.06338091372203e-41	RAB4B	c12
1.76626457514184e-43	-0.523711113843377	0.289	0.114	6.46470497147664e-39	ZNF148	c12
8.92976878325885e-20	-0.523678407514982	0.694	0.358	3.26838467236057e-15	BSG	c12
7.03164794004282e-20	-0.523514852470472	0.119	0.048	2.57365346253507e-15	RRM1	c12
8.12185785315187e-28	-0.52327003992017	0.682	0.348	2.97268119283212e-23	JUN	c12
2.12743265599375e-43	-0.523229910877416	0.332	0.135	7.78661626420272e-39	GLUD1	c12
4.58422457604675e-10	-0.523191162748757	0.656	0.38	1.67787203707887e-05	ANXA6	c12
1.11205916690364e-27	-0.522999458788056	0.12	0.042	4.07024775678401e-23	DEF8	c12
3.77573151269159e-38	-0.522966741554609	0.417	0.186	1.38195549096025e-33	ATP6AP1	c12
5.37064368869832e-15	-0.522876964540281	0.049	0.015	1.96570929650047e-10	ZRANB1	c12
2.58299783999547e-31	-0.522516397715088	0.124	0.041	9.4540303941674e-27	ZFY	c12
0.00257780894679954	-0.522473384573499	0.019	0.009	1	HIST1H4E	c12
1.61860697949043e-26	-0.522461942404593	0.121	0.043	5.92426340563291e-22	C1GALT1C1	c12
2.06387624937026e-52	-0.522366228057016	0.396	0.156	7.5539934603201e-48	PRKACB	c12
9.35568120557243e-07	-0.522340663717531	0.028	0.01	0.0342427287805156	SLC36A1	c12
1.08497029487023e-45	-0.522272908967771	0.427	0.18	3.97109977625452e-41	FDPS	c12
4.93817662416083e-11	-0.522040721426834	0.047	0.017	1.80742202620911e-06	NAPEPLD	c12
2.77567887252466e-29	-0.521992377186017	0.53	0.259	1.01592622413275e-24	CFLAR	c12
1.32264799321019e-09	-0.521818399510875	0.036	0.013	4.84102391994863e-05	RFX7	c12
4.07575451794078e-38	-0.521636300379715	0.298	0.124	1.4917669111115e-33	ATP6V1E1	c12
4.05344052342011e-45	-0.521012524750521	0.288	0.111	1.48359976597699e-40	MAD2L2	c12
8.74876381485136e-55	-0.520983479625016	0.302	0.109	3.20213504387375e-50	SNHG12	c12
7.85639123843964e-22	-0.520866695149667	0.116	0.045	2.87551775718129e-17	SH2D3C	c12
3.45254275929163e-30	-0.520808066831082	0.168	0.064	1.26366517532833e-25	HBS1L	c12
1.64489542340854e-13	-0.52077259644891	0.032	0.008	6.02048173921761e-09	BTBD6	c12
1.03700302759249e-29	-0.520681130653028	0.22	0.093	3.79553478129128e-25	DUSP11	c12
6.39054196508182e-12	-0.520659417067367	0.061	0.024	2.3390022646396e-07	ACAD8	c12
0.000155447847853652	-0.520339951810262	0.022	0.01	1	SPATA2	c12
1.16573992140767e-05	0.520271816083683	0.014	0.004	0.42667246863442	MAP1A	c12
6.49445086728495e-07	-0.520240235416635	0.024	0.009	0.0237703396193497	SEMA4F	c12
0.000140386410737592	-0.520209466260994	0.023	0.01	1	ZNF184	c12
4.07758304455306e-11	-0.520188220411299	0.084	0.039	1.49243617013686e-06	NUP93	c12
1.46832599789753e-24	-0.520027885057258	0.109	0.038	5.37421998490477e-20	SLC38A5	c12
1.35785900728571e-41	-0.519687710450606	0.278	0.11	4.96989975256643e-37	CDK11A	c12
3.0414913865006e-05	-0.519530041225998	0.016	0.005	1	FANCC	c12
2.76042530780449e-06	-0.519352040991018	0.035	0.015	0.101034326690952	KLHL21	c12
1.56211270225682e-34	-0.519349406541856	0.177	0.065	5.71748870153018e-30	EMC8	c12
2.93490020210716e-19	-0.519333493906065	0.072	0.024	1.07420282297324e-14	METTL25	c12
6.03044944751668e-22	-0.519296405906975	0.099	0.035	2.20720480228558e-17	TRIM37	c12
1.97314426636225e-35	-0.519293114331086	0.174	0.063	7.22190532931246e-31	VCL	c12
3.8602412866754e-15	-0.519049628265083	0.064	0.023	1.41288691333606e-10	LCLAT1	c12
1.99148667750301e-39	-0.518978985968235	0.224	0.084	7.28904038832878e-35	SKA2	c12
3.72215757190832e-10	-0.518930962792529	0.044	0.016	1.36234689289417e-05	SLC43A1	c12
9.50463147104239e-18	-0.51874743586696	0.118	0.05	3.47879016471623e-13	COG5	c12
1.69952879454605e-11	-0.518443005616992	0.044	0.015	6.22044534091801e-07	BEST1	c12
5.94414763782582e-48	-0.518410630501204	0.309	0.118	2.17561747692063e-43	SMNDC1	c12
5.91815607781672e-51	-0.518410048519033	0.409	0.164	2.1661043060417e-46	ILK	c12
1.31689501685673e-26	-0.518257381547489	0.091	0.028	4.81996745119731e-22	AGL	c12
7.22735493220324e-37	-0.518168912107794	0.494	0.227	2.64528417873571e-32	IFI16	c12
1.54853625698172e-32	-0.518138398679975	0.177	0.066	5.6677975541788e-28	ABHD16A	c12
1.96108219740558e-34	-0.518046339040811	0.14	0.047	7.17775695072416e-30	POGLUT1	c12
6.39268632005326e-34	-0.517277946828454	0.278	0.118	2.33978712000269e-29	MAPRE1	c12
9.09192112226459e-37	-0.517184213831196	0.195	0.072	3.32773404996006e-32	SEC22C	c12
1.8685562169103e-27	-0.517076481735873	0.182	0.074	6.8391026095134e-23	MFSD14A	c12
2.59598252941639e-39	-0.516543987253481	0.373	0.162	9.50155565591691e-35	DDX3X	c12
6.25379071353927e-22	-0.516480716353882	0.086	0.029	2.28894993906251e-17	AP1AR	c12
6.08082942937124e-24	-0.51641910585665	0.119	0.044	2.22564437944417e-19	MRPL35	c12
1.04691742048661e-33	-0.516338360997382	0.551	0.264	3.83182245072304e-29	IL10RA	c12
2.71773585335093e-23	-0.516285244432688	0.543	0.28	9.94718499684973e-19	ARHGAP30	c12
6.17975817802768e-07	-0.515770944375229	0.014	0.004	0.0226185329073991	AL391839.3	c12
1.04036650889965e-33	-0.515754530337412	0.167	0.061	3.80784545922362e-29	TOB2	c12
2.12071024595077e-15	-0.515644878009925	0.062	0.021	7.76201157120441e-11	TSC1	c12
4.20524816967736e-30	-0.51559425930088	0.121	0.04	1.53916288258361e-25	KCTD13	c12
3.06351840679889e-37	-0.515540042762336	0.253	0.102	1.12127837207246e-32	NFATC3	c12
2.97537105345036e-20	-0.515267784601634	0.103	0.039	1.08901555927337e-15	GPAT4	c12
6.12864508164151e-31	-0.515059489534319	0.161	0.06	2.24314538633161e-26	RPAP3	c12
6.89867439519248e-18	-0.515006024935035	0.071	0.024	2.5249838153844e-13	SAMD8	c12
7.78392241088916e-36	-0.514799545290179	0.257	0.106	2.84899344160954e-31	CNOT1	c12
4.97237050455857e-25	-0.514791691218658	0.128	0.048	1.81993732837348e-20	AC006369.1	c12
1.46558246851197e-05	-0.514675376538726	0.019	0.007	0.536417839300066	GPAM	c12
3.83599000046677e-18	-0.51464726362849	0.091	0.035	1.40401070007084e-13	ELK4	c12
1.61307117042024e-46	-0.514641075204733	0.289	0.111	5.90400179085512e-42	NCOA7	c12
3.49309114337314e-35	-0.514591325442544	0.191	0.071	1.278506289386e-30	GMIP	c12
1.70707527429393e-39	-0.514417190035686	0.163	0.054	6.24806621144321e-35	NAPG	c12
3.88294873189804e-08	-0.514349757297983	0.02	0.006	0.001421198065362	PEX11A	c12
2.63324092287476e-22	-0.51425375713331	0.087	0.029	9.6379251018139e-18	MAPK8	c12
1.68492800037528e-29	-0.5140463269728	0.115	0.038	6.16700497417357e-25	SLC22A18	c12
2.26152098810378e-40	-0.514030098874132	0.248	0.096	8.27739296855865e-36	GTF2E2	c12
8.53089872751619e-06	-0.514018514509611	0.021	0.008	0.31223942432582	ZNF473	c12
2.12770499966001e-27	-0.513962754227721	0.626	0.307	7.78761306925561e-23	MRPL41	c12
3.5543632520519e-32	-0.513831256086567	0.453	0.213	1.30093249388352e-27	CBX3	c12
0.00148375475201171	-0.51374475077212	0.937	0.679	1	HCST	c12
9.53113698701946e-24	-0.51366048851812	0.11	0.039	3.48849144861899e-19	RAD1	c12
3.93952350973201e-11	-0.513606901964602	0.043	0.015	1.44190499979701e-06	LINC00174	c12
4.54036470439271e-37	-0.513463579672201	0.556	0.261	1.66181888545478e-32	SLFN5	c12
4.64911103987687e-10	-0.513056977437632	0.037	0.013	1.70162113170534e-05	SPECC1	c12
3.63053558872292e-37	-0.512915410459084	0.261	0.106	1.32881233082847e-32	MX1	c12
1.82867229818513e-21	-0.512860680875947	0.1	0.036	6.69312347858738e-17	DCUN1D1	c12
1.76088707978895e-05	0.512800241616547	0.01	0.002	0.644502280073554	KLHL35	c12
7.2994480944141e-16	-0.512649414885445	0.072	0.027	2.6716709970365e-11	CLEC16A	c12
7.63532893422868e-05	-0.512577640891786	0.023	0.01	1	ZNF792	c12
5.2099416237048e-28	-0.512460204360464	0.119	0.041	1.9068907336922e-23	AKAP11	c12
1.18375274200337e-24	-0.51238142770956	0.107	0.038	4.33265341100655e-20	ZDHHC16	c12
6.66883078886229e-22	-0.512147251166501	0.64	0.334	2.44085875703149e-17	ZFP36	c12
4.46397330541204e-39	-0.511958666246255	0.214	0.08	1.63385886951386e-34	GLS	c12
2.26056431340709e-24	-0.511831460362227	0.665	0.334	8.27389144350129e-20	SPCS2	c12
3.37082759369281e-13	-0.511768297138605	0.059	0.022	1.23375660756751e-08	RNF135	c12
4.05802812356504e-45	-0.511547593537722	0.409	0.172	1.48527887350604e-40	ITSN2	c12
2.13491568863911e-22	-0.511538461663354	0.099	0.035	7.81400491198801e-18	MAVS	c12
2.04191600602683e-19	-0.51144621880945	0.09	0.033	7.47361677365879e-15	KBTBD2	c12
1.10070351978299e-41	-0.511293062362471	0.117	0.032	4.02868495275772e-37	TRAV5	c12
1.65373490998427e-09	-0.511235949639186	0.026	0.007	6.05283514403342e-05	CUL7	c12
4.22974171821719e-28	-0.511223371609079	0.187	0.077	1.54812776628467e-23	CXorf38	c12
3.06052535573589e-17	-0.511176616024656	0.061	0.02	1.12018288545289e-12	CSNK2A2	c12
1.48225185978599e-06	-0.511160591193208	0.023	0.008	0.0542519003200272	SLC16A13	c12
2.70260664288353e-30	-0.511152538668128	0.133	0.046	9.89181057361799e-26	ZC3H14	c12
4.33306562704524e-05	-0.511011964468575	0.016	0.006	1	AC022211.2	c12
3.31318968326957e-06	-0.510989272104858	0.02	0.007	0.12126605559735	CDKN2B-AS1	c12
5.85096474515425e-36	-0.510727300803764	0.183	0.067	2.14151160637391e-31	DESI2	c12
5.13588175946281e-19	-0.51040217498961	0.083	0.03	1.87978408278098e-14	FAM168B	c12
3.7246004338033e-12	-0.509998703965695	0.046	0.016	1.36324100477635e-07	PANX1	c12
1.00254807041149e-14	-0.509906088559901	0.053	0.018	3.66942619251309e-10	IFT22	c12
3.09209974150445e-29	-0.509835627170546	0.151	0.056	1.13173942638804e-24	BLVRB	c12
3.63570412009607e-40	-0.509695718091278	0.221	0.082	1.33070406499636e-35	KLC1	c12
5.39942926415225e-15	-0.509526581237445	0.702	0.386	1.97624510497237e-10	MBP	c12
0.000123766955820241	-0.509517416632338	0.01	0.003	1	HIST1H2BB	c12
2.19961088201155e-26	-0.50926567894467	0.087	0.027	8.05079578925049e-22	FBXO38	c12
4.78335068656893e-08	-0.50915714834231	0.032	0.012	0.0017507541847911	JRKL	c12
1.41937940114258e-14	-0.509137856758397	0.041	0.012	5.19507054612196e-10	ZC3H12D	c12
1.00988604167179e-06	-0.508692797649775	0.019	0.006	0.0369628390112292	FNTB	c12
1.94963789235464e-06	-0.508637470197423	0.014	0.004	0.0713586964980721	AL356481.1	c12
1.38021142944597e-16	-0.50863667582869	0.098	0.04	5.0517118529152e-12	UNG	c12
5.84650438786559e-30	-0.508629408040754	0.178	0.07	2.13987907100269e-25	SLC25A46	c12
7.98364293295378e-16	-0.508590724913569	0.07	0.026	2.92209314989041e-11	ARID3B	c12
8.48371950414122e-07	-0.508338011472705	0.032	0.013	0.0310512617571073	NMNAT1	c12
6.68045131490491e-29	-0.508230533151364	0.185	0.075	2.44511198576835e-24	ATP6V1H	c12
5.62937647274181e-19	-0.508193116986629	0.081	0.028	2.06040808278823e-14	ARHGAP12	c12
2.99180753626276e-46	-0.50816722184019	0.302	0.117	1.09503147634753e-41	CNOT6L	c12
1.09283233736891e-06	-0.508128742510829	0.027	0.01	0.0399987563800394	AP002495.1	c12
8.10344678028339e-42	-0.508073042626683	0.485	0.215	2.96594255605152e-37	DDX21	c12
5.21593786845358e-17	-0.507889037982139	0.076	0.027	1.90908541923269e-12	RGL2	c12
3.04724518132094e-26	-0.507782692849513	0.12	0.043	1.11532220881528e-21	FUCA2	c12
1.87147501579304e-25	-0.507596805369132	0.137	0.052	6.84978570530409e-21	DHX16	c12
6.13790464478288e-28	-0.507536324799958	0.326	0.153	2.24653447903698e-23	HMGN4	c12
3.34026374780548e-39	-0.507511064801548	0.176	0.06	1.22256993433428e-34	MAF	c12
1.11583541511505e-45	-0.507485481901746	0.357	0.146	4.0840692028626e-41	TMF1	c12
8.20288701579129e-46	-0.507482119545427	0.261	0.097	3.00233867664977e-41	VPS13A	c12
6.30447325020428e-14	-0.507327181109091	0.04	0.012	2.30750025430727e-09	AC008969.1	c12
3.11099339660117e-13	-0.507243095779506	0.067	0.026	1.13865469308999e-08	CDK16	c12
1.91369841158263e-43	-0.507234649033564	0.229	0.083	7.00432755623359e-39	NGLY1	c12
5.44362963870348e-09	-0.50694961039915	0.039	0.015	0.000199242288406186	NDOR1	c12
3.03751531893863e-23	-0.506742488854542	0.087	0.029	1.11176098188473e-18	SENP2	c12
3.38970087149287e-31	-0.506681880938492	0.202	0.081	1.24066441597511e-26	KDSR	c12
4.18276411321764e-25	-0.506478193100705	0.156	0.063	1.53093349307879e-20	MTREX	c12
3.3459945964632e-37	-0.506477106086238	0.202	0.075	1.22466748225149e-32	TCF12	c12
5.80741734679803e-42	-0.506459679905156	0.394	0.168	2.12557282310155e-37	PLD3	c12
2.53195494399346e-39	-0.506356008307046	0.204	0.075	9.26720829051048e-35	PDE4D	c12
1.01946169939131e-14	-0.506346152907807	0.076	0.029	3.73133176594214e-10	DZIP3	c12
3.02017359689674e-21	-0.506311309642774	0.087	0.03	1.10541373820018e-16	BRI3	c12
2.95362256942348e-43	-0.506301528584555	0.363	0.151	1.08105539663469e-38	ZBTB8OS	c12
6.07252744296153e-30	-0.506195570951454	0.138	0.049	2.22260576939835e-25	TAX1BP3	c12
4.85436428606905e-24	-0.506022368746788	0.099	0.034	1.77674587234413e-19	MTRF1L	c12
3.86268019599896e-21	-0.505985701090539	0.072	0.023	1.41377957853758e-16	OSBP	c12
1.92571412393597e-34	-0.505810152523137	0.148	0.05	7.04830626501806e-30	SMIM14	c12
8.95937616472496e-33	-0.50570729166372	0.356	0.162	3.27922127005098e-28	ELOVL5	c12
1.98419755818573e-09	-0.505703882888121	0.035	0.012	7.2623614827156e-05	SPOPL	c12
2.79343244688907e-05	-0.505389095382315	0.014	0.004	1	CNR2	c12
3.15578372249936e-15	-0.505343981432752	0.061	0.021	1.15504840027199e-10	H6PD	c12
6.41021460139213e-21	-0.505108645051564	0.691	0.358	2.34620264625554e-16	PAK2	c12
4.40211231775858e-37	-0.505106113124842	0.287	0.12	1.61121712942282e-32	MTCH2	c12
1.2845131923397e-28	-0.504951021081282	0.135	0.048	4.70144673528255e-24	DNAJC17	c12
2.27279128107036e-48	-0.504830739562489	0.397	0.161	8.31864336784563e-44	PSMD11	c12
7.60964063716995e-30	-0.504618582376557	0.148	0.054	2.78520456961057e-25	NDRG1	c12
2.86917431415582e-38	-0.504613107577379	0.205	0.076	1.05014649072417e-33	POP7	c12
9.63434412130627e-11	-0.504453562281492	0.033	0.01	3.52626629183931e-06	ZNF510	c12
1.32338620759478e-07	-0.504359782310349	0.027	0.009	0.00484372585841765	PLEKHG2	c12
1.16404883594349e-35	-0.504239472906671	0.387	0.175	4.26053514443677e-31	G3BP1	c12
3.26901621224004e-10	-0.504152156483059	0.043	0.016	1.19649262384198e-05	COX10-AS1	c12
5.0485969105204e-40	-0.504149838594343	0.391	0.17	1.84783695521957e-35	BNIP2	c12
4.76714795969577e-12	-0.504111694658167	0.062	0.024	1.74482382472825e-07	DNAJC14	c12
1.25408350884861e-47	-0.503983553268564	0.278	0.104	4.59007105073681e-43	DHX9	c12
7.81796461682472e-25	-0.503778366201615	0.077	0.023	2.86145322940402e-20	HEXIM1	c12
1.9942486256426e-31	-0.503771566094649	0.15	0.054	7.2991493947145e-27	DLGAP1-AS1	c12
4.66742695732647e-33	-0.50368270968076	0.263	0.112	1.70832494065106e-28	SND1	c12
3.78627070924559e-18	-0.503613897197743	0.594	0.319	1.38581294229098e-13	WDR1	c12
3.42377558811333e-41	-0.503446419812989	0.421	0.184	1.25313610300536e-36	ZNF207	c12
6.09507535277944e-09	-0.503357199124594	0.041	0.016	0.00022308585298708	FZR1	c12
3.31364321650671e-28	-0.503153281386713	0.109	0.036	1.21282655367362e-23	EMSY	c12
1.78671028514315e-14	-0.503072478597739	0.062	0.022	6.53953831465243e-10	TICAM1	c12
4.10282761867837e-18	-0.502984923099945	0.078	0.028	1.50167593671247e-13	VPS52	c12
3.95104317846442e-21	-0.502982925396302	0.099	0.036	1.44612131374976e-16	MTRES1	c12
3.2508348062921e-08	-0.50275423002954	0.039	0.016	0.00118983804745097	PDIK1L	c12
1.10786314162186e-51	-0.502538503227551	0.317	0.119	4.05488988465019e-47	CDK12	c12
2.45965585647962e-39	-0.502284887473994	0.229	0.087	9.00258640030107e-35	BLOC1S6	c12
1.21743199044745e-26	-0.502109566288626	0.138	0.052	4.45592282823672e-22	MGRN1	c12
1.15397264272667e-51	-0.501993524199957	0.402	0.161	4.22365526964389e-47	C5orf56	c12
3.1938281413706e-44	-0.501974733106539	0.246	0.091	1.16897303802305e-39	IKBKG	c12
2.66991080640391e-26	-0.501908946439497	0.136	0.051	9.77214054251894e-22	ACOT13	c12
8.19929269291126e-34	-0.501879836874704	0.183	0.069	3.00102311853245e-29	PDPK1	c12
3.34211813392655e-12	-0.501760546007282	0.729	0.401	1.22324865819846e-07	DBI	c12
6.0073744990494e-10	-0.501670478555948	0.04	0.015	2.19875914039707e-05	ZCCHC4	c12
7.86372403644766e-27	-0.501523784681112	0.123	0.044	2.87820163458021e-22	SMARCAD1	c12
3.38784089374699e-29	-0.501394000316312	0.157	0.06	1.23998364552034e-24	UIMC1	c12
4.77710920677391e-12	-0.501301363916936	0.04	0.013	1.74846974077132e-07	PER3	c12
1.2410013083345e-06	-0.501288085794517	0.021	0.007	0.0454218888863511	XYLT1	c12
1.65438371252707e-07	-0.501213481190953	0.024	0.008	0.00605520982622033	DMWD	c12
9.5872636829758e-33	-0.501169264070163	0.138	0.047	3.50903438060597e-28	SP1	c12
1.52698785928718e-35	-0.501126600185427	0.165	0.058	5.58892826377703e-31	CHST11	c12
2.06211001743672e-41	-0.500998703833332	0.233	0.087	7.54752887482013e-37	BRIX1	c12
7.50893826536847e-18	-0.50097276813269	0.083	0.031	2.74834649450751e-13	CRACR2A	c12
2.43827203750298e-23	-0.500920553313576	0.126	0.048	8.92431948446467e-19	PLEKHF2	c12
1.16179592752536e-39	-0.500775108306943	0.52	0.236	4.25228927433556e-35	SRPRA	c12
4.88107968489896e-41	-0.500597453776479	0.336	0.14	1.78652397546987e-36	ADSS	c12
2.32475085636608e-24	-0.500591026824831	0.665	0.339	8.5088206093855e-20	STK17B	c12
2.13423989162044e-10	-0.500456904485774	0.045	0.017	7.81153142731996e-06	DUSP10	c12
2.72578698369461e-14	-0.500295258774125	0.732	0.396	9.97665293902063e-10	TMEM50A	c12
1.63624468472442e-15	-0.500032899106663	0.06	0.02	5.98881917055985e-11	LCORL	c12
0.0015526736723642	-0.499857546946258	0.012	0.004	1	ZNF283	c12
1.67623757400966e-18	-0.499646501222816	0.073	0.025	6.13519714463277e-14	CEP83	c12
1.53539303306893e-10	-0.499549370584858	0.047	0.018	5.61969204033559e-06	ZNF324	c12
1.08635071453331e-21	-0.499103288832054	0.089	0.031	3.97615225026335e-17	NUDCD1	c12
5.55038753528307e-48	-0.49909743858533	0.338	0.133	2.03149734178896e-43	CMC2	c12
4.34504792496526e-34	-0.49905002442687	0.231	0.094	1.59033099101653e-29	PHC3	c12
9.77670570227292e-06	-0.499035293022788	0.019	0.007	0.357837205408891	ZNF615	c12
3.59792199315583e-13	-0.499028394188541	0.036	0.01	1.31687542871497e-08	TESK1	c12
1.36635153842153e-25	-0.498490077956837	0.655	0.327	5.00098326577665e-21	DOK2	c12
7.20008960515263e-40	-0.498381139702154	0.183	0.063	2.63530479638192e-35	PPIP5K2	c12
0.0557112204030593	-0.498314692362046	0.011	0.006	1	NPM2	c12
1.18205216055588e-16	-0.498280472638268	0.073	0.026	4.32642911285056e-12	MKKS	c12
1.08287035841096e-43	-0.498227190026852	0.521	0.23	3.96341379881995e-39	SLC3A2	c12
1.35904367010316e-09	-0.498223469275714	0.053	0.022	4.97423573694457e-05	KLHL12	c12
5.35195307388867e-24	-0.498086859426494	0.13	0.05	1.95886834457399e-19	EXOC1	c12
7.72114824477444e-31	-0.49794060015611	0.137	0.048	2.82601746906989e-26	CTDSPL2	c12
2.82604327341287e-09	-0.49787679198296	0.035	0.012	0.000103436009850184	UBE2E2	c12
4.77347585872948e-10	-0.497799546608314	0.807	0.454	1.74713989905358e-05	LITAF	c12
2.19149945623619e-07	-0.497578414078245	0.034	0.013	0.00802110715977009	ATL2	c12
3.65531355381374e-08	-0.497572643194911	0.028	0.009	0.00133788131383137	RHOU	c12
2.7758474286845e-31	-0.497467714737552	0.137	0.047	1.01598791737281e-26	TM9SF1	c12
1.94751234891775e-26	-0.497394489325478	0.126	0.045	7.12808994827386e-22	SNRNP25	c12
8.19808577127867e-12	-0.497371194739581	0.037	0.012	3.00058137314571e-07	SAP30L	c12
1.87362254701189e-57	-0.49729454059347	0.352	0.131	6.85764588431823e-53	SAMD9	c12
2.68217444404782e-22	-0.497244761296352	0.069	0.021	9.81702668265942e-18	UTP20	c12
9.88461025415384e-42	-0.497051485443934	0.287	0.114	3.61786619912285e-37	NOLC1	c12
2.77013258065351e-41	-0.496989369125836	0.233	0.087	1.01389622584499e-36	ZDHHC24	c12
4.82979468670083e-24	-0.496893378606951	0.091	0.03	1.76775315327937e-19	METTL4	c12
2.97336443730191e-40	-0.496234480122158	0.2	0.072	1.08828111769687e-35	NRBF2	c12
9.08076909221137e-25	-0.496178870569771	0.127	0.047	3.32365229544028e-20	TMEM263	c12
5.52733888334753e-49	-0.496000223125065	0.473	0.2	2.02306130469403e-44	CCND2	c12
2.47118553915951e-16	-0.495992308472633	0.061	0.02	9.04478619187773e-12	SLC36A4	c12
3.61443076083075e-16	-0.495974048319778	0.06	0.02	1.32291780277166e-11	ADHFE1	c12
2.69310995658569e-35	-0.495944102174677	0.171	0.061	9.85705175209928e-31	AC245297.3	c12
4.31875925465559e-05	-0.49584604708096	0.02	0.008	1	CHTF18	c12
4.2716969417648e-32	-0.495265692059959	0.14	0.048	1.56348379765533e-27	METTL16	c12
8.65729566247377e-06	-0.495257385102262	0.03	0.013	0.316865678542202	ZNF701	c12
7.07540096958599e-18	-0.495214442984022	0.07	0.024	2.58966750887817e-13	POU2F1	c12
1.20741790269402e-31	-0.49510520899752	0.177	0.067	4.41927026565038e-27	ARL1	c12
7.98359653215127e-36	-0.494945551031318	0.199	0.075	2.92207616673269e-31	CHMP1A	c12
5.30227813996065e-06	-0.494362065441211	0.845	0.497	0.1940686822007	LRRFIP1	c12
7.82304075148818e-06	-0.494176815743841	0.02	0.007	0.286331114545219	BCLAF3	c12
5.52899990623439e-41	-0.494126432143554	0.495	0.219	2.02366925568085e-36	CCT5	c12
1.86461582071267e-34	-0.494064636045132	0.159	0.056	6.82468036539044e-30	PWWP2A	c12
9.26072258109323e-38	-0.494051745713645	0.159	0.053	3.38951707190594e-33	ALKBH6	c12
9.19203028749415e-13	-0.493918479970668	0.998	0.902	3.36437500552573e-08	S100A4	c12
4.45229865750282e-21	-0.493886606185938	0.083	0.028	1.62958583163261e-16	OAS3	c12
5.35907572539088e-15	-0.493885950091135	0.052	0.017	1.96147530625032e-10	UBE2T	c12
2.37579937758254e-09	-0.493423838260416	0.043	0.016	8.69566330188985e-05	IPMK	c12
3.87668596522311e-26	-0.493423610819157	0.106	0.036	1.41890583013131e-21	TSR1	c12
2.55961616985297e-16	-0.493401366171718	0.856	0.463	9.36845114327885e-12	PLP2	c12
6.60285557621875e-10	-0.493388773900946	0.035	0.012	2.41671116945182e-05	APPL2	c12
1.43668301006467e-38	-0.493237826569764	0.19	0.068	5.25840348513771e-34	DPP8	c12
4.77524776892285e-13	-0.493145037732458	0.045	0.015	1.74778843590345e-08	DHX57	c12
9.41894187624995e-09	-0.493113817085183	0.021	0.006	0.000344742691612624	AL592295.5	c12
1.47150099379837e-05	-0.493065859487738	0.019	0.007	0.53858407874014	CADM1	c12
3.13653734377947e-46	-0.492639232868857	0.32	0.126	1.14800403319672e-41	NGRN	c12
3.78196457375377e-47	-0.492436901986115	0.365	0.149	1.38423685363962e-42	ATF7IP	c12
3.61927071596102e-24	-0.492154839880772	0.126	0.047	1.32468927474889e-19	ELK3	c12
8.29076663786618e-15	-0.492128526510678	0.06	0.021	3.0345034971254e-10	ELF4	c12
1.92690896267146e-05	-0.49189252673346	0.015	0.005	0.705267949427383	FGFRL1	c12
2.71191111402508e-55	-0.491814633589998	0.36	0.137	9.92586586844318e-51	IQGAP2	c12
1.3304929721259e-30	-0.491733102078027	0.201	0.081	4.86973732727799e-26	CLPTM1	c12
5.42748417901658e-32	-0.491712442633293	0.14	0.048	1.98651348436186e-27	DDX60L	c12
2.4487497542734e-29	-0.491712185067432	0.136	0.048	8.96266897561608e-25	SRCAP	c12
0.00668853776368238	-0.491657131564698	0.856	0.521	1	SEPTIN7	c12
7.18999633491433e-07	-0.49156883002515	0.039	0.017	0.02631610558542	POLI	c12
3.81424395332963e-24	-0.491491175297355	0.111	0.04	1.39605142935818e-19	TNKS	c12
7.28800045704189e-13	-0.491354277572117	0.964	0.748	2.6674810472819e-08	ARPC2	c12
3.74778825985183e-38	-0.491329534149234	0.188	0.067	1.37172798098837e-33	PIGH	c12
4.4256478843763e-08	-0.491059956138619	0.048	0.021	0.00161983138216057	SIDT2	c12
3.64431286553477e-13	-0.491027187645412	0.062	0.023	1.33385495191438e-08	GHDC	c12
6.30101873079151e-24	-0.490982730594586	0.148	0.06	2.306235865657e-19	EFTUD2	c12
2.03045129555505e-35	-0.490916420696764	0.181	0.066	7.43165478686104e-31	NUS1	c12
4.32609427505221e-36	-0.490821654455334	0.279	0.116	1.58339376561186e-31	PPP1CB	c12
4.66914808257913e-16	-0.490636153731551	0.082	0.032	1.70895488970479e-11	HPS6	c12
8.55259060400698e-48	-0.490412604111818	0.274	0.102	3.1303336869726e-43	TXNDC9	c12
3.27841658913457e-40	-0.49039676867572	0.255	0.1	1.19993325578914e-35	TMEM167A	c12
1.57692731600999e-09	-0.490216971675622	0.044	0.017	5.77171166932816e-05	USP45	c12
7.90575721637194e-15	-0.490161428872958	0.045	0.013	2.89358619876429e-10	ZNF605	c12
1.13306548850971e-05	-0.490160980761821	0.017	0.006	0.414713299449437	SESTD1	c12
0.00214138436518885	-0.489878252923609	0.014	0.006	1	SEC61A2	c12
8.39735823232643e-33	-0.48986375729397	0.162	0.059	3.0735170866138e-28	RNF20	c12
3.06759337209751e-08	-0.489449284666537	0.019	0.005	0.00112276985012141	SAP30	c12
7.45429710172731e-15	-0.489431780381892	0.057	0.02	2.72834728220321e-10	RAB33B	c12
5.6874276759397e-27	-0.489393595134557	0.155	0.061	2.08165540367069e-22	THEMIS2	c12
2.016742832619e-20	-0.489338849024266	0.105	0.04	7.38148044166881e-16	ELMO2	c12
6.39103510494094e-14	-0.489258667868243	0.072	0.028	2.33918275875943e-09	SMG9	c12
2.74691356087921e-40	-0.489141873733275	0.216	0.08	1.0053978324174e-35	LAIR1	c12
3.72543629355278e-32	-0.48903778213591	0.167	0.062	1.36354693780325e-27	ARMCX3	c12
4.63146286146757e-31	-0.488940291685875	0.168	0.063	1.69516172192575e-26	VTA1	c12
3.4776230169403e-37	-0.48888770873334	0.471	0.215	1.27284480043032e-32	TRIM22	c12
1.10005489014575e-46	-0.488755443163441	0.34	0.136	4.02631090342244e-42	POLR2B	c12
3.97289456630567e-36	-0.488728299864582	0.185	0.068	1.45411914021354e-31	LIMA1	c12
6.61650900655939e-41	-0.488694313091601	0.228	0.085	2.4217084614908e-36	GATAD2B	c12
5.61669961022615e-29	-0.488678763092254	0.161	0.061	2.05576822433887e-24	BCL10	c12
6.00595832600376e-15	-0.488552769525989	0.048	0.015	2.19824080690064e-10	DNAJC25	c12
3.26011254595349e-14	-0.488452702966178	0.073	0.029	1.19323379294444e-09	PPIL1	c12
2.99004927764034e-51	-0.488144361493252	0.43	0.175	1.09438793610914e-46	PSTPIP1	c12
5.52955106216842e-25	-0.488110768157621	0.105	0.036	2.02387098426426e-20	SLC33A1	c12
3.14232821893611e-06	-0.48809480107093	0.024	0.009	0.11501235514128	MEAK7	c12
0.000295895072847618	-0.488009481632707	0.022	0.01	1	ANKRD40	c12
2.72065985367498e-07	-0.487779602752361	0.029	0.011	0.0099578871304358	QSER1	c12
8.3820148024672e-36	-0.487666579626405	0.143	0.047	3.06790123785102e-31	WDR60	c12
1.38956384979899e-30	-0.487605178946525	0.534	0.257	5.08594264664929e-26	PET100	c12
5.81353029165905e-11	-0.487538384581309	0.062	0.025	2.12781022205013e-06	SNX18	c12
4.52250150895122e-08	-0.487522363435763	0.028	0.009	0.00165528077729124	DNAL1	c12
2.99993239158237e-43	-0.487521273428672	0.183	0.061	1.09800525464306e-38	TAOK1	c12
1.20336604142154e-54	-0.487442921703128	0.328	0.122	4.40444004820697e-50	IRAK4	c12
5.92368157056153e-27	-0.487437618809937	0.103	0.034	2.16812669164122e-22	C18orf25	c12
3.961633889448e-36	-0.487302358918458	0.179	0.064	1.44999761987686e-31	RCE1	c12
1.77110955106923e-18	-0.487212580608473	0.073	0.025	6.48243806786848e-14	RRAGB	c12
3.79011279000422e-46	-0.486891530069101	0.236	0.084	1.38721918226944e-41	TDG	c12
2.02511625040242e-10	-0.486887682828659	0.039	0.014	7.4121279880979e-06	TBC1D22B	c12
8.64531452672275e-50	-0.486826768976432	0.494	0.209	3.16427156992579e-45	DYNC1H1	c12
1.21805598607402e-30	-0.486775303785925	0.152	0.055	4.45820671462954e-26	NUDT4	c12
1.65433138097742e-10	-0.486710356547078	0.048	0.018	6.05501828751546e-06	NOD1	c12
6.39677706051525e-09	-0.486677833995002	0.05	0.021	0.000234128437191919	SHQ1	c12
3.32987386336613e-47	-0.486552476545204	0.341	0.136	1.21876713273064e-42	HPRT1	c12
3.18775252403504e-37	-0.486428909935366	0.147	0.048	1.16674930132206e-32	DMXL1	c12
1.3601348946913e-29	-0.486363899260938	0.146	0.053	4.97822972805962e-25	TIMM10B	c12
3.54563119626244e-23	-0.486287807198585	0.129	0.05	1.29773647414402e-18	DCTN4	c12
7.26844468815705e-29	-0.486178108241278	0.104	0.033	2.66032344031236e-24	CDADC1	c12
2.2087993638525e-09	-0.48606759991778	0.024	0.007	8.08442655163655e-05	LINC00115	c12
3.41984830467143e-43	-0.486034658060433	0.18	0.059	1.25169867799279e-38	TBCD	c12
2.24461140154067e-15	-0.485966775882333	0.082	0.032	8.215502190779e-11	TTF2	c12
4.57374544359232e-14	-0.485830261918731	0.077	0.031	1.67403656980922e-09	GLE1	c12
0.00389814330951359	-0.485553386742106	0.01	0.004	1	ZNF630	c12
1.34258675443869e-09	-0.485434246270675	0.031	0.01	4.91400177992106e-05	LDB1	c12
2.61011709626598e-05	-0.485396394962223	0.823	0.49	0.95532895840431	CSTB	c12
1.82291405165958e-06	0.48532353085948	0.01	0.002	0.0667204772047923	AL139289.2	c12
0.00243206931726325	-0.485204088769858	0.02	0.01	1	CENPW	c12
8.25849116910613e-25	-0.485099658715791	0.114	0.041	3.02269035280454e-20	DIS3L	c12
2.01446018088274e-41	-0.484987165899596	0.216	0.078	7.37312570804891e-37	IL10RB	c12
1.58561236640077e-17	-0.484808363389239	0.088	0.034	5.80349982226347e-13	MLH1	c12
8.11137644786062e-21	-0.484782373798574	0.127	0.051	2.96884489368147e-16	METAP1	c12
5.63134576481323e-38	-0.4846750427593	0.169	0.058	2.06112886337929e-33	TNPO3	c12
2.42056576040093e-12	-0.484647310546413	0.033	0.009	8.85951273964346e-08	PDZD4	c12
1.2179260324515e-43	-0.4845152991715	0.47	0.205	4.45773107137574e-39	TC2N	c12
1.76372972459104e-53	-0.484419864030859	0.413	0.164	6.45542716497567e-49	SYNCRIP	c12
2.82922278545147e-27	-0.484291999381443	0.147	0.056	1.03552383170309e-22	SHC1	c12
1.4478693266493e-25	-0.484166468765369	0.115	0.041	5.2993465224691e-21	SETDB1	c12
4.23938768285494e-05	-0.484119140716903	0.026	0.011	1	TRIP6	c12
1.30883949717854e-10	-0.484052263674441	0.055	0.022	4.79048344362318e-06	PLBD2	c12
1.59638979498789e-19	-0.484043494742435	0.071	0.023	5.84294628863519e-15	ALMS1	c12
6.39859419712495e-13	-0.484025789507085	0.048	0.016	2.3419494620897e-08	AMN1	c12
1.04131084958598e-29	-0.483828670271981	0.14	0.05	3.81130184056963e-25	MED31	c12
1.99381605282714e-23	-0.483328443584329	0.11	0.04	7.29756613495262e-19	COP1	c12
5.32037943488202e-17	-0.483129456611609	0.115	0.049	1.94731207696117e-12	CRYZ	c12
7.64402795057363e-19	-0.483123262773745	0.097	0.037	2.79779067018946e-14	UBAP2	c12
2.46263020763738e-29	-0.483105819269447	0.574	0.283	9.01347282297357e-25	TRAM1	c12
4.46476774070071e-22	-0.482982259332947	0.701	0.356	1.63414964077387e-17	BLOC1S1	c12
1.51426538019381e-35	-0.482976651819516	0.116	0.035	5.54236271804736e-31	PILRB	c12
1.0638575421568e-42	-0.482952811278759	0.496	0.217	3.89382499004809e-38	PSMB2	c12
1.19755199493585e-15	-0.48291836469289	0.059	0.02	4.38316005666472e-11	AC105446.1	c12
2.77757929529315e-46	-0.482917440520469	0.259	0.095	1.01662179787025e-41	SUDS3	c12
1.5818462222906e-06	-0.482850600088375	0.021	0.007	0.0578971535820583	LYSMD4	c12
5.42126807217271e-13	-0.48268494646832	0.069	0.028	1.98423832709593e-08	ZNF460	c12
5.94585536967054e-08	-0.482581402530398	0.054	0.025	0.00217624252385311	KATNB1	c12
1.07384808726475e-12	-0.482577893317049	0.073	0.03	3.9303913841977e-08	DNAJC24	c12
4.29937742852794e-24	-0.482523509273995	0.093	0.031	1.57361513261551e-19	FMR1	c12
3.29714381415446e-19	-0.482488379302211	0.099	0.038	1.20678760741868e-14	PDE12	c12
1.29774569298142e-28	-0.482482127679489	0.15	0.056	4.7498790108813e-24	TMEM167B	c12
2.35662617118858e-29	-0.482351619073543	0.135	0.048	8.62548744916731e-25	CLK4	c12
1.50506600718267e-24	-0.48220881074759	0.072	0.021	5.50869209288928e-20	MANEA-DT	c12
3.10575912857413e-43	-0.482154123434446	0.261	0.099	1.13673889864942e-38	PPID	c12
4.23789646212536e-53	-0.482055396931824	0.431	0.174	1.5511124841025e-48	RNF125	c12
8.20382783720631e-26	-0.481942297035193	0.101	0.034	3.00268302669588e-21	RTP4	c12
2.24959813152896e-16	-0.481941734461975	0.051	0.016	8.23375412120915e-12	TMOD2	c12
9.32122964931483e-41	-0.481714983621025	0.223	0.083	3.41166326394572e-36	RTCA	c12
1.66832034815559e-29	-0.481689273515887	0.218	0.092	6.10621930628428e-25	ACO2	c12
2.42511853742547e-29	-0.481446213621057	0.134	0.047	8.87617635883095e-25	N4BP2	c12
0.00310881575633829	-0.481020720706919	0.012	0.005	1	ACVR2A	c12
3.13561202558688e-45	-0.480778827692123	0.38	0.157	1.14766535748506e-40	SLBP	c12
9.34226218102194e-15	-0.480459639762854	0.07	0.026	3.41936138087584e-10	DLAT	c12
3.42938242458444e-05	-0.480318321955321	0.018	0.007	1	TET3	c12
3.37922141755914e-16	-0.480293341843113	0.071	0.026	1.23682883104082e-11	TRIM47	c12
9.18919313398813e-23	-0.480263814809868	0.102	0.036	3.363336578971e-18	ELP4	c12
3.9939027141644e-40	-0.479639109617043	0.56	0.253	1.46180833241131e-35	KIF5B	c12
9.25921914043563e-28	-0.479571030627702	0.149	0.056	3.38896679759085e-23	HENMT1	c12
3.66839228324867e-23	-0.479509175214858	0.118	0.044	1.34266825959185e-18	MAP3K7	c12
2.53841337746106e-41	-0.479444689931931	0.212	0.076	9.29084680284521e-37	MED11	c12
1.16809373572478e-29	-0.479039033523839	0.167	0.064	4.27533988212625e-25	GNA13	c12
1.35805248182859e-05	0.479017026090184	0.013	0.004	0.497060788874083	STAP2	c12
5.83583456230635e-44	-0.478892962511643	0.298	0.118	2.13597380814975e-39	BRWD1	c12
1.97527534699389e-79	-0.478751597708346	0.406	0.138	7.22970529753234e-75	CD40LG	c12
5.5553665139966e-16	-0.478710561774433	0.064	0.022	2.0333196977879e-11	QRSL1	c12
1.65956476464371e-38	-0.478607599372777	0.388	0.171	6.07417299507244e-34	PSMD2	c12
8.27757788516943e-40	-0.478586784978916	0.519	0.234	3.02967628175086e-35	CCNDBP1	c12
1.09355562433526e-11	-0.478585263454649	0.046	0.016	4.0025229406295e-07	GORAB	c12
0.000144881676268293	0.478542689494555	0.01	0.003	1	TRAIP	c12
1.25650693185674e-22	-0.478156972956952	0.119	0.045	4.59894102128887e-18	SMPD4	c12
2.25204769017832e-30	-0.478045555497267	0.131	0.045	8.24271975082168e-26	MICU1	c12
3.06353084466014e-42	-0.477900619128737	0.202	0.071	1.12128292445406e-37	UTY	c12
4.6781568592855e-39	-0.477738482457721	0.26	0.103	1.71225219206709e-34	ECHDC1	c12
1.59010354091548e-06	-0.477470557267284	0.79	0.463	0.0581993797010475	ARPC5	c12
8.7243901430376e-15	-0.477267588981575	0.04	0.012	3.19321403625319e-10	INPPL1	c12
0.00851046341897065	-0.477239117203919	0.011	0.005	1	AL592295.4	c12
2.32698217352068e-16	-0.477231712636452	0.067	0.023	8.51698745330304e-12	MICB	c12
1.11773309529658e-14	-0.477198035585228	0.077	0.03	4.09101490209503e-10	DIPK1A	c12
2.56040677589984e-30	-0.477080287654426	0.126	0.042	9.371344840471e-26	SIDT1	c12
5.47686007376936e-05	-0.476987374341045	0.021	0.009	1	ZNF696	c12
2.15506080733241e-05	0.4769666107321	0.012	0.003	0.788773806091736	MEST	c12
4.57436123062409e-36	-0.476956302289276	0.184	0.067	1.67426195402072e-31	MRPS22	c12
3.48146473610152e-35	-0.476933743773221	0.145	0.048	1.27425090806052e-30	WBP4	c12
2.31099441996386e-24	-0.47690270944373	0.107	0.038	8.45847067650973e-20	CBX6	c12
4.11099407038017e-22	-0.476865554041194	0.11	0.041	1.50466493969985e-17	DHRS4L2	c12
3.99526888348818e-30	-0.476845037538403	0.144	0.052	1.46230836404551e-25	MID1IP1	c12
3.88678772821486e-08	-0.476625870815043	0.032	0.012	0.00142260317640392	SDHAF4	c12
3.14514153536092e-17	-0.476565268502824	0.061	0.02	1.15115325335745e-12	OPA3	c12
6.61752468097427e-49	-0.476523816868558	0.464	0.195	2.42208020848339e-44	PTPN1	c12
1.05498261582075e-41	-0.47631646409048	0.221	0.081	3.86134187216552e-37	TFDP2	c12
2.31304255699193e-32	-0.476305372371561	0.132	0.044	8.46596706284615e-28	GMPPA	c12
1.67838306615659e-09	-0.476177904297735	0.773	0.435	6.14304986043972e-05	SLC9A3R1	c12
6.9149849301045e-06	-0.476062658444262	0.017	0.006	0.253095363426755	AC087500.1	c12
2.25370381162202e-45	-0.475957935651262	0.234	0.084	8.24878132091776e-41	TMEM120A	c12
1.43546156100838e-48	-0.475116428478097	0.279	0.103	5.25393285944678e-44	CABIN1	c12
1.498462997682e-23	-0.475112010056337	0.114	0.042	5.48452441781589e-19	TMA16	c12
9.32037708376283e-26	-0.474922567817688	0.112	0.039	3.41135121642803e-21	RCHY1	c12
2.38225634012102e-29	-0.474915205072995	0.182	0.072	8.71929643047694e-25	ADPGK	c12
6.22246861495675e-10	-0.474891317503664	0.034	0.011	2.27748573776032e-05	OTUD3	c12
2.44016734164436e-31	-0.474868152152166	0.209	0.084	8.93125648715254e-27	COQ10B	c12
1.13697656783833e-08	-0.474624263259221	0.024	0.007	0.000416144793594508	TMEM182	c12
2.02794776616662e-54	-0.474432198499013	0.241	0.081	7.42249161894646e-50	NPRL2	c12
2.53793496653658e-39	-0.474430758916287	0.173	0.059	9.28909577102055e-35	KIF20B	c12
9.44103062038617e-25	-0.474360745273518	0.121	0.045	3.45551161736754e-20	SCO1	c12
9.26262491092178e-42	-0.473876929681833	0.169	0.055	3.39021334364648e-37	DICER1	c12
3.05250223265535e-10	-0.473532161815874	0.027	0.008	1.11724634217419e-05	MED26	c12
8.51835663794105e-26	-0.473524159663172	0.126	0.046	3.1178037130528e-21	ZBTB11	c12
5.85912009626043e-33	-0.473497264228248	0.198	0.077	2.14449654643228e-28	PPIL4	c12
3.18769639571036e-12	-0.473323534375479	0.069	0.028	1.16672875779395e-07	CHPF2	c12
0.0137229571687271	-0.473301025077137	0.011	0.005	1	CCNI2	c12
2.0434516864604e-16	-0.473297736417541	0.065	0.022	7.47923751761371e-12	XPO7	c12
1.70182126197711e-44	-0.47302904303477	0.455	0.196	6.22883600096242e-40	ADAR	c12
2.75669024588125e-16	-0.47302346895904	0.068	0.024	1.008976196895e-11	TMEM260	c12
1.71986732334026e-40	-0.472988228804517	0.187	0.065	6.2948863901577e-36	ZMYND11	c12
6.14900073483481e-51	-0.472955800087575	0.3	0.112	2.25059575895689e-46	SECISBP2L	c12
2.17757247049023e-47	-0.472707763322508	0.487	0.208	7.97013299924128e-43	VKORC1	c12
1.6392857736304e-46	-0.472614538180019	0.302	0.117	5.99994986006461e-42	PDHB	c12
1.54309342433946e-15	-0.472548589307324	0.06	0.02	5.64787624242486e-11	GOLPH3L	c12
1.15778232746775e-30	-0.471956926984494	0.107	0.033	4.23759909676472e-26	PRMT3	c12
0.000750587429930695	-0.471941587966406	0.016	0.007	1	CCDC142	c12
1.61457888946475e-16	-0.471879376048319	0.087	0.034	5.90952019332994e-12	FBXL3	c12
3.38302366210351e-39	-0.471875233345199	0.181	0.063	1.23822049056651e-34	RBM5	c12
1.55237069425564e-38	-0.471725611622932	0.253	0.1	5.68183197804506e-34	PPP2R5E	c12
1.47524034293931e-49	-0.471682936125444	0.457	0.191	5.39952717919218e-45	MIER1	c12
2.54127805074557e-53	-0.471661014225491	0.356	0.137	9.30133179353388e-49	KDELR2	c12
1.45777794408443e-10	-0.471458243096357	0.034	0.011	5.33561305314343e-06	LANCL2	c12
1.36377546551441e-22	-0.47142181985787	0.112	0.042	4.99155458132928e-18	ABCD4	c12
7.33966327572832e-49	-0.471396528824976	0.396	0.161	2.68639015554932e-44	SQOR	c12
2.52065929847761e-53	-0.47130213816718	0.301	0.11	9.22586509835789e-49	DHX29	c12
1.14740711228026e-41	-0.471214281058897	0.313	0.127	4.19962477165696e-37	SREK1IP1	c12
7.28773280774119e-32	-0.471033111137814	0.151	0.054	2.66738308496135e-27	IFRD1	c12
3.8097235362726e-28	-0.471031056907152	0.14	0.052	1.39439691151113e-23	AGAP2	c12
5.59476798586654e-43	-0.47079883689257	0.264	0.101	2.04774103050701e-38	DDB1	c12
6.81315471121309e-33	-0.470668917207431	0.107	0.032	2.4936827558511e-28	AL365361.1	c12
1.25268811453429e-13	-0.470619860323929	0.066	0.025	4.58496376800697e-09	MVK	c12
1.23615208138778e-34	-0.470507137503104	0.17	0.061	4.5244402330874e-30	FN3KRP	c12
4.93006575969666e-26	-0.470353093541893	0.1	0.033	1.80445336870657e-21	ABI2	c12
1.54020613824642e-07	-0.469953745927621	0.018	0.005	0.00563730848659571	WWC2	c12
7.43525797049548e-47	-0.469921577193569	0.209	0.071	2.72137876978105e-42	AZI2	c12
1.75544421230972e-07	-0.469845027340234	0.03	0.011	0.00642510136147482	P3H4	c12
1.05440618188658e-42	-0.469503387464539	0.21	0.074	3.85923206632306e-38	SERPINB9	c12
1.53417451492507e-27	-0.469495505823042	0.145	0.054	5.61523214207725e-23	MFSD11	c12
4.38598682710679e-06	0.469174076882234	0.011	0.003	0.160531503858935	EPPK1	c12
4.44108316122917e-19	-0.469048142700107	0.059	0.017	1.62548084784149e-14	SLC25A53	c12
1.33399111769972e-46	-0.469042273238455	0.3	0.116	4.88254088989276e-42	POP4	c12
0.765361832332428	-0.468967080571945	0.985	0.847	1	MT-ND2	c12
4.7801782921843e-17	-0.468963569168768	0.086	0.033	1.74959305672238e-12	ZNF654	c12
1.00331943049003e-21	-0.468692827662678	0.703	0.363	3.67224944753656e-17	TUBB	c12
8.1986220487558e-37	-0.468661438878863	0.334	0.145	3.00077765606511e-32	NUDT5	c12
1.24410242116664e-16	-0.468638845923701	0.065	0.022	4.55353927171203e-12	TMEM68	c12
3.89917055257539e-36	-0.468516118758942	0.364	0.161	1.42713541394812e-31	UBA2	c12
3.93438353032035e-07	-0.468388264535406	0.023	0.008	0.0144002371593255	SLC16A11	c12
7.89897978962524e-31	-0.468103920437353	0.135	0.047	2.89110559280073e-26	ANGEL2	c12
1.32483813617946e-41	-0.467949477069896	0.287	0.115	4.84904006223045e-37	RAB18	c12
0.000496536850139727	-0.46793181341966	0.01	0.003	1	ZFR2	c12
1.25430569113904e-13	-0.467904485839146	0.071	0.028	4.59088426013802e-09	PIGB	c12
1.27940900229306e-22	-0.467509607138036	0.1	0.035	4.68276488929281e-18	VWA8	c12
3.60696461039154e-11	-0.46750426125022	0.035	0.011	1.32018511704941e-06	FBXO48	c12
3.44256688963033e-33	-0.467417913526635	0.159	0.057	1.2600139072736e-28	CAB39	c12
2.80259684206821e-32	-0.467378497312679	0.17	0.063	1.02577847016539e-27	VAMP4	c12
7.6034134698037e-30	-0.467374052912377	0.106	0.033	2.78292536408285e-25	TRIM33	c12
3.94487809113142e-32	-0.467230340233559	0.16	0.058	1.44386483013501e-27	FTSJ3	c12
7.05878303904253e-10	-0.467229387031256	0.019	0.005	2.58358518011996e-05	ZFP28	c12
2.05160269903501e-22	-0.467110680085462	0.514	0.267	7.50907103873805e-18	P4HB	c12
1.50661885602742e-27	-0.467088338034377	0.151	0.058	5.51437567494597e-23	GOLT1B	c12
3.29897488285337e-53	-0.467031078788385	0.407	0.161	1.20745779687316e-48	LSM10	c12
9.78981826470441e-34	-0.467019735830909	0.128	0.041	3.58317138306446e-29	SOS1	c12
2.83384409706442e-21	-0.466987988966121	0.071	0.022	1.03721527796655e-16	PTPN23	c12
4.58878199160684e-39	-0.466737533883613	0.202	0.074	1.67954009674802e-34	ESCO1	c12
4.89746924540324e-15	-0.466467630596918	0.063	0.022	1.79252271851004e-10	PROSER1	c12
4.05339806669967e-33	-0.466416723714536	0.129	0.042	1.48358422639275e-28	EPM2AIP1	c12
2.57764657596865e-40	-0.466410611614291	0.186	0.065	9.43444423270286e-36	ITPR2	c12
4.88927320182808e-39	-0.466166438767996	0.509	0.23	1.7895228846011e-34	CYCS	c12
2.20852253836975e-17	-0.466133753140562	0.048	0.014	8.08341334268711e-13	ZNF487	c12
0.0872763322954116	-0.465899633631564	0.011	0.006	1	PWP2	c12
1.54909998756343e-39	-0.465830185221249	0.218	0.081	5.66986086448093e-35	CDC27	c12
5.79787671363091e-08	-0.465744300821013	0.038	0.015	0.00212208085595605	ZNF14	c12
9.36906354784655e-53	-0.465706722378217	0.332	0.125	3.42917094914731e-48	SMU1	c12
1.56596566000881e-44	-0.465692243375631	0.303	0.12	5.73159091219826e-40	PSMC6	c12
6.3886555129145e-33	-0.46550894579276	0.13	0.043	2.33831180428183e-28	WIPF2	c12
5.3250065670582e-45	-0.465463238854231	0.36	0.148	1.94900565360897e-40	FIP1L1	c12
6.0106182234376e-50	-0.465210239476502	0.324	0.124	2.1999463759604e-45	COX20	c12
1.8194989566639e-06	0.465100327984116	0.01	0.002	0.0665954813128556	ARMCX1	c12
3.24897788797061e-27	-0.465062805302486	0.111	0.037	1.18915839677612e-22	TRERF1	c12
2.03031220123621e-30	-0.465050833274234	0.197	0.079	7.43114568774465e-26	DPF2	c12
2.3440560429067e-64	-0.465006299431468	0.355	0.126	8.5794795226428e-60	KIAA0040	c12
4.37910157584855e-19	-0.464965624902155	0.066	0.021	1.60279496777633e-14	FAM53C	c12
5.5981751583534e-11	-0.464902275830717	0.048	0.018	2.04898808970893e-06	TUBGCP4	c12
1.00745095871444e-22	-0.464783711199878	0.091	0.031	3.68737125399073e-18	UBE3B	c12
1.34843639020489e-49	-0.464691339928231	0.23	0.079	4.93541203178893e-45	RC3H1	c12
7.7405455479328e-15	-0.464620034326326	0.044	0.013	2.83311707599889e-10	FBXL17	c12
2.03591509196805e-30	-0.464611468305541	0.133	0.046	7.45165282811225e-26	VPS39	c12
9.46991728064311e-12	-0.464321758928028	0.063	0.025	3.46608442388818e-07	FGFR1OP	c12
4.93523028977195e-49	-0.464271074893645	0.377	0.151	1.80634363835943e-44	SARNP	c12
8.76808650076282e-36	-0.464235754792005	0.117	0.035	3.2092073401442e-31	RBM34	c12
1.64629187677531e-42	-0.464144076973842	0.372	0.157	6.02559289818531e-38	PSMC1	c12
3.40354097498577e-49	-0.464133586360679	0.399	0.162	1.24573003225454e-44	HPS1	c12
5.95957907155487e-06	-0.464054683861141	0.013	0.003	0.21812655359798	TEF	c12
1.00230894703473e-34	-0.463959059064746	0.244	0.1	3.66855097704183e-30	API5	c12
1.21057144593329e-32	-0.463955012847122	0.155	0.055	4.43081254926044e-28	MAP3K4	c12
1.38556786715426e-53	-0.463927887162661	0.249	0.085	5.0713169505713e-49	CCDC174	c12
2.00203341205395e-15	-0.463643465429079	0.095	0.039	7.32764249145865e-11	RUNX2	c12
3.49163225469552e-05	-0.463519343863232	0.017	0.006	1	RAB11FIP5	c12
7.12835747468522e-49	-0.463495270375856	0.327	0.127	2.60905011930954e-44	ABCF1	c12
7.71731092802205e-20	-0.463454624289137	0.097	0.036	2.82461297276535e-15	SUMF1	c12
3.54037869164213e-06	-0.463448137526128	0.019	0.006	0.129581400492794	SPACA6	c12
4.05518029477127e-15	-0.463112463858358	0.05	0.016	1.48423653968923e-10	TMEM104	c12
0.000493585176953775	-0.463095941569136	0.011	0.004	1	CASTOR2	c12
1.90723528668627e-26	-0.463032198588424	0.148	0.057	6.98067187280042e-22	TPD52L2	c12
3.84019908947105e-29	-0.463010185540893	0.156	0.059	1.4055512687373e-24	EIF2B5	c12
2.2956350925824e-10	-0.462986234274056	0.048	0.018	8.40225400236085e-06	PUDP	c12
4.45050177145635e-18	-0.462890604357598	0.063	0.02	1.62892815337074e-13	XPR1	c12
4.50721697375985e-08	-0.462796638722164	0.017	0.004	0.00164968648456584	ZDHHC14	c12
5.25248926992638e-43	-0.462689446998109	0.306	0.123	1.92246359768575e-38	MRPS36	c12
6.72044205241257e-07	-0.462518926670617	0.022	0.008	0.0245974899560353	ZNF133	c12
7.25656449379908e-41	-0.46248495435677	0.395	0.171	2.6559751703754e-36	SSR1	c12
7.76464454846188e-45	-0.462409265104031	0.305	0.12	2.84193755118253e-40	RNF13	c12
3.78758911041141e-18	-0.462353233287689	0.065	0.021	1.38629549030168e-13	PARP2	c12
7.14899778852402e-37	-0.462332994156217	0.136	0.043	2.61660468057768e-32	ZNF708	c12
1.97239487816392e-07	-0.46231221122435	0.023	0.008	0.00721916249356777	TXNDC16	c12
3.348849867569e-38	-0.462297256110641	0.279	0.114	1.22571254002893e-33	MAPRE2	c12
6.98082131391773e-06	-0.462219752386026	0.021	0.008	0.255505040910703	FBXL6	c12
5.84540457822134e-05	-0.462208262805437	0.945	0.704	1	CYBA	c12
2.81054267233638e-07	-0.461865765824188	0.027	0.009	0.0102868672350184	SEC22A	c12
3.38620133855484e-24	-0.461677531759564	0.101	0.035	1.23938355192446e-19	THAP6	c12
1.33850771642405e-14	-0.461537165069693	0.04	0.012	4.89907209288366e-10	STXBP5	c12
2.94705037093992e-06	-0.461016699947034	0.023	0.009	0.107864990626772	DNAH1	c12
8.90553376213109e-12	-0.460999996357629	0.043	0.014	3.2595144122776e-07	CNOT6	c12
1.2763717537689e-53	-0.46072895439478	0.46	0.186	4.67164825596955e-49	IRF9	c12
8.60256084045367e-07	-0.460707649915426	0.023	0.008	0.0314862329321445	TRAM2	c12
5.60843796329748e-46	-0.460650603459632	0.355	0.144	2.05274437894651e-41	RHEB	c12
3.54651399641703e-35	-0.460540532500994	0.217	0.085	1.2980595878286e-30	MZT1	c12
2.42944258688654e-34	-0.460400990649207	0.166	0.059	8.89200281226343e-30	MT1E	c12
1.07791576440069e-08	-0.460295443124785	0.038	0.015	0.000394527948928297	TMEM267	c12
2.17516802826753e-14	-0.460010953248315	0.045	0.014	7.961332500262e-10	POT1	c12
8.50968224487222e-14	-0.459926923625208	0.064	0.024	3.11462879844568e-09	EMC1	c12
4.11712554295706e-15	-0.459896083198651	0.05	0.016	1.50690911997771e-10	NDUFAF5	c12
1.69841665298116e-25	-0.45987800103717	0.124	0.046	6.21637479157634e-21	OGG1	c12
1.16164907526129e-30	-0.459836108546468	0.185	0.073	4.25175178036383e-26	KPNA3	c12
7.40217012357181e-30	-0.459786046470932	0.695	0.349	2.70926828692852e-25	ITGB1	c12
1.23739395992905e-29	-0.459351818437518	0.245	0.106	4.52898563273632e-25	ALDH9A1	c12
1.16260493980943e-11	-0.459108870095667	0.043	0.014	4.25525034019649e-07	ZKSCAN8	c12
2.1834830308524e-20	-0.459097473807042	0.08	0.027	7.99176624122288e-16	MED12	c12
2.61183705414733e-35	-0.458996317618021	0.221	0.087	9.55958480188464e-31	ME2	c12
7.09830279724658e-20	-0.458905709676164	0.078	0.026	2.59804980682022e-15	ARRDC3	c12
8.68971864928063e-46	-0.458899496040532	0.191	0.063	3.1805239228232e-41	RPS6KA5	c12
1.51144500960455e-15	-0.458633437341589	0.045	0.013	5.5320398796536e-11	ADNP2	c12
2.32786919439018e-45	-0.458599067333016	0.277	0.105	8.52023403838751e-41	CD2BP2	c12
1.90545025393026e-07	-0.458591181384556	0.032	0.012	0.00697413847441014	LLGL1	c12
3.21314359775396e-28	-0.458435849558466	0.111	0.037	1.17604268821393e-23	OTUD4	c12
3.71133400149715e-30	-0.458341488235339	0.123	0.041	1.35838535788797e-25	PAK1IP1	c12
1.4682618544916e-17	-0.458104386284859	0.079	0.029	5.37398521362469e-13	PGP	c12
4.49158409066099e-45	-0.458056494398034	0.485	0.212	1.64396469302283e-40	SLC38A1	c12
7.28921733451032e-27	-0.458043479495448	0.096	0.03	2.66792643660412e-22	KAT2B	c12
1.72939161626084e-16	-0.458032998274476	0.086	0.033	6.32974625467629e-12	PRPF4	c12
2.92336490718275e-32	-0.457857212644866	0.146	0.051	1.06998078967796e-27	INTS12	c12
5.80513177308694e-14	-0.457829991907984	0.047	0.015	2.12473628026755e-09	GRAMD2B	c12
0.000302683367929462	-0.457800626370244	0.015	0.006	1	ITGA3	c12
1.60848605049378e-28	-0.457714707094342	0.122	0.042	5.88721979341228e-24	BAZ2B	c12
3.88888001072104e-10	-0.457617049668726	0.026	0.007	1.42336897272401e-05	PLCH2	c12
5.15990010919204e-39	-0.4574511125861	0.321	0.135	1.88857503896538e-34	RNF166	c12
7.54275911124756e-36	-0.45739443341752	0.179	0.065	2.76072526230772e-31	VCPIP1	c12
3.04813765878024e-24	-0.457353281241861	0.084	0.026	1.11564886449015e-19	YEATS2	c12
1.38102420520428e-06	-0.457275431938768	0.012	0.003	0.0505468669346817	AC010226.1	c12
5.9612124460163e-50	-0.45722611885257	0.516	0.218	2.18186336736643e-45	CCDC12	c12
1.45531161282182e-14	-0.457114234313486	0.071	0.027	5.32658603408915e-10	EXT2	c12
9.86024217117853e-32	-0.456838174418709	0.704	0.342	3.60894723707306e-27	ZFP36L1	c12
8.92677308251683e-10	-0.456738045291118	0.027	0.008	3.26728821593198e-05	TSNARE1	c12
4.68882804871311e-19	-0.456711785139171	0.079	0.027	1.71615795410949e-14	LACTB	c12
1.34381483714978e-21	-0.456667781963846	0.074	0.023	4.9184966854519e-17	USP25	c12
2.89639891486964e-38	-0.45631999579548	0.2	0.073	1.06011096683144e-33	GGA1	c12
4.14385184104024e-58	-0.45629646987516	0.457	0.182	1.51669121233914e-53	BDP1	c12
6.32980034414889e-47	-0.456243437555979	0.209	0.07	2.31677022396193e-42	MED6	c12
5.83561749014869e-12	-0.456209612329531	0.043	0.014	2.13589435756932e-07	DHTKD1	c12
1.13593667938406e-34	-0.456193465235242	0.194	0.073	4.1576418402136e-30	SMAD2	c12
1.67596800715324e-11	-0.456134469233119	0.803	0.441	6.13421050298158e-07	PRDX1	c12
2.09375514662625e-41	-0.456073265911493	0.235	0.088	7.66335321216673e-37	GRPEL1	c12
6.34512320954865e-11	-0.456057702336369	0.028	0.008	2.3223785459269e-06	STAG3	c12
2.50326600359433e-42	-0.45603458751986	0.286	0.113	9.1622038997556e-38	COMTD1	c12
1.16125719434014e-31	-0.456027212731743	0.179	0.068	4.25031745700435e-27	TRAF1	c12
2.84271238760619e-54	-0.455980415805137	0.255	0.087	1.04046116098774e-49	HSPH1	c12
5.69708678809557e-19	-0.455970748395488	0.077	0.026	2.08519073531086e-14	SLC39A13	c12
3.46060950151507e-47	-0.455868970747858	0.316	0.124	1.26661768364953e-42	COMMD2	c12
8.90861175859968e-18	-0.455852691608484	0.089	0.034	3.26064098976507e-13	MMD	c12
2.27117575820677e-27	-0.455845950562061	0.172	0.069	8.31273039261259e-23	NMT1	c12
5.51562874873286e-44	-0.455745670798162	0.312	0.125	2.01877527832372e-39	RBM22	c12
1.06767731716432e-48	-0.455710340150682	0.347	0.137	3.90780574855312e-44	SEC31A	c12
8.99965748265699e-05	-0.455521952991487	0.016	0.006	1	FRAT2	c12
0.00353607277999085	-0.455450809380624	0.014	0.006	1	TXNDC5	c12
3.40511156644712e-12	-0.455398802487271	0.045	0.015	1.24630488443531e-07	TIRAP	c12
1.251825507209e-16	-0.455073740473376	0.094	0.037	4.58180653893566e-12	DPP3	c12
8.81622966076108e-29	-0.454996375805905	0.109	0.035	3.22682821813516e-24	KIAA1586	c12
1.46434228132906e-29	-0.454965777837129	0.179	0.07	5.35963918389249e-25	PSME3	c12
7.9389763816604e-05	-0.454530999596185	0.013	0.004	1	ZNF19	c12
1.27459898563202e-45	-0.454465266766982	0.263	0.098	4.66515974731174e-41	RNF145	c12
3.43514773769125e-42	-0.454448963526495	0.181	0.061	1.25729842347237e-37	TMEM11	c12
1.69871565441325e-12	-0.454345655145517	0.722	0.407	6.21746916671794e-08	SKAP1	c12
1.53804190943973e-25	-0.454198363355827	0.111	0.038	5.62938719274036e-21	ZNF195	c12
1.22714241579333e-23	-0.454098778687014	0.101	0.035	4.49146395604518e-19	ERGIC1	c12
6.56557558096389e-10	-0.453985781091487	0.04	0.015	2.40306631838859e-05	RRP12	c12
0.000629619251289752	-0.453857656898445	0.832	0.506	1	CDC42	c12
5.42013352566444e-16	-0.453807947843044	0.063	0.022	1.98382307172844e-11	GXYLT1	c12
8.38398153788442e-18	-0.453704553578332	0.05	0.014	3.06862108268108e-13	AC006449.6	c12
1.71937605424238e-48	-0.453516196573093	0.339	0.134	6.29308829613254e-44	BLOC1S2	c12
8.77491307582085e-49	-0.45337359231246	0.319	0.123	3.21170593488119e-44	CTR9	c12
2.79465080953954e-47	-0.453325949877627	0.309	0.12	1.02287014279957e-42	PRDM1	c12
8.02942869163384e-19	-0.453099561309171	0.071	0.024	2.9388511954249e-14	ZNF611	c12
6.06299216067139e-55	-0.453084031608821	0.266	0.092	2.21911576072734e-50	SREK1	c12
5.88101095592515e-40	-0.452700564031607	0.376	0.162	2.15250881997816e-35	UGP2	c12
7.73079848345457e-19	-0.452626833511093	0.051	0.014	2.82954955292921e-14	SBK1	c12
4.83063835809308e-43	-0.452387417215521	0.266	0.102	1.76806194544565e-38	SDF2	c12
1.10909656586598e-09	-0.452377991327914	0.053	0.022	4.05940434072607e-05	ATPAF2	c12
5.09321572475636e-23	-0.452300982056807	0.094	0.032	1.86416788741808e-18	PPP1R8	c12
2.12454055840397e-32	-0.452291607019257	0.151	0.053	7.77603089781438e-28	SLC30A9	c12
1.31459668260886e-21	-0.452201477034089	0.115	0.044	4.81155531801667e-17	TRIM8	c12
5.55588585411429e-41	-0.452042693228798	0.26	0.101	2.03350978146437e-36	ATG5	c12
7.44279171852267e-40	-0.452015682534791	0.237	0.091	2.72413619689648e-35	CDS2	c12
1.86958197086816e-14	-0.451846262102788	0.047	0.015	6.84285697157453e-10	KIF9	c12
2.39399642594458e-28	-0.451731931710302	0.152	0.058	8.76226631859974e-24	NAA15	c12
4.04852664927851e-39	-0.45162808885715	0.58	0.268	1.48180123890243e-34	LUC7L3	c12
1.283089883055e-21	-0.451614325150206	0.096	0.034	4.69623728096959e-17	IP6K1	c12
1.89924027860562e-15	-0.451443634749245	0.071	0.026	6.95140934372442e-11	TTN-AS1	c12
2.70667289017226e-18	-0.451268916699481	0.072	0.025	9.90669344531948e-14	CAD	c12
2.05398180485378e-15	-0.451146344925487	0.034	0.009	7.51777880394533e-11	RNF19B	c12
7.79377873812334e-44	-0.451089831330588	0.564	0.252	2.85260095594052e-39	CELF2	c12
4.89834400802624e-31	-0.451033046286201	0.606	0.292	1.79284289037768e-26	RAB5C	c12
9.5962057656473e-18	-0.450995961211657	0.078	0.028	3.51230727228457e-13	CORO2A	c12
2.70860341461477e-10	-0.450949250961345	0.033	0.011	9.91375935783153e-06	FDXACB1	c12
9.77274082958699e-15	-0.450822481099677	0.056	0.019	3.57692087103713e-10	ZNF227	c12
3.87716581261621e-10	-0.450774747998994	0.032	0.01	1.41908145907566e-05	CHPT1	c12
5.09020276692162e-21	-0.450700231466017	0.093	0.033	1.86306511472098e-16	TTC39B	c12
2.65920584765269e-09	-0.450473386829357	0.022	0.006	9.73295932299361e-05	DMPK	c12
5.94840755832182e-48	-0.450308171425895	0.429	0.179	2.17717665042137e-43	LAPTM4A	c12
1.83816074862546e-27	-0.450250074905022	0.145	0.054	6.72785215604403e-23	GART	c12
6.73173562970891e-21	-0.450209146443928	0.08	0.026	2.46388255782976e-16	ALG6	c12
2.97941235375178e-28	-0.449832509658219	0.12	0.041	1.09049471559669e-23	EXOSC3	c12
2.83795134397836e-30	-0.449683830957514	0.101	0.031	1.03871857140952e-25	MDC1	c12
6.57866759711129e-09	-0.449609266982133	0.047	0.019	0.00024078581272187	TBL2	c12
9.72557215811542e-12	-0.449479923989136	0.047	0.017	3.55965666559182e-07	RFC5	c12
7.50324604373494e-43	-0.449336091810653	0.295	0.117	2.74626308446742e-38	EIF2AK2	c12
3.99236163733641e-28	-0.449164662427101	0.115	0.039	1.4612442828815e-23	TNFAIP8L2	c12
1.81651579371727e-06	0.448736184974453	0.01	0.002	0.066486294565846	CTH	c12
6.43896390390061e-36	-0.448712874055227	0.618	0.289	2.35672517846666e-31	EIF2S2	c12
1.00688950838227e-27	-0.448556420624796	0.102	0.033	3.68531628962994e-23	FTO	c12
2.4858417372516e-07	-0.44843771145815	0.018	0.005	0.0090984293425146	NACA2	c12
2.57028579581697e-10	-0.448377000759166	0.051	0.02	9.40750304126969e-06	PRKCZ	c12
1.32617450237905e-42	-0.44835239625263	0.313	0.127	4.85393129615758e-38	CLINT1	c12
4.6649774975001e-39	-0.4483500009162	0.195	0.07	1.70742841386001e-34	USP11	c12
1.34162677078448e-50	-0.448171019620685	0.274	0.099	4.91048814374827e-46	GLRX3	c12
2.77916314993071e-48	-0.44800463127229	0.466	0.197	1.01720150450614e-43	SARS	c12
1.95181576962578e-34	-0.447827535741769	0.256	0.106	7.14384089840732e-30	DEGS1	c12
5.27836639152084e-26	-0.447739911485983	0.126	0.046	1.93193488296054e-21	KLHL20	c12
2.39373461863338e-39	-0.447655886954947	0.241	0.094	8.76130807766003e-35	SYAP1	c12
7.96136793972621e-17	-0.447643696877454	0.068	0.024	2.91394027961919e-12	DBR1	c12
5.09881224581134e-11	-0.447515656128842	0.048	0.018	1.86621627008941e-06	CPEB4	c12
4.58384578718157e-27	-0.447389575112446	0.115	0.04	1.67773339656633e-22	MCCC2	c12
1.23726138422407e-13	-0.447182600079203	0.082	0.034	4.52850039239851e-09	KLHL7	c12
4.74926807041732e-11	-0.447022517431757	0.033	0.01	1.73827960645344e-06	RAB40B	c12
1.24303916404013e-29	-0.446960800041757	0.13	0.045	4.54964764430329e-25	SCAMP1	c12
6.23830439589035e-11	-0.446650120128949	0.039	0.013	2.28328179193983e-06	TMEM117	c12
2.1646586392278e-24	-0.446602529598695	0.122	0.046	7.92286708543768e-20	NCAPD3	c12
1.62970326569689e-25	-0.446558600424517	0.134	0.051	5.96487692277719e-21	TRIM26	c12
2.69146319927373e-31	-0.446523198593447	0.146	0.052	9.85102445566179e-27	LANCL1	c12
1.31704635582751e-31	-0.446461046335959	0.154	0.056	4.82052136696427e-27	GNL3L	c12
7.12812867523295e-13	-0.446443816635326	0.039	0.012	2.60896637642201e-08	URB1	c12
1.38511106520033e-41	-0.446398218189521	0.178	0.06	5.06964500973972e-37	FBXW2	c12
8.30018654832187e-28	-0.44636660707494	0.121	0.042	3.03795127855129e-23	FDX2	c12
4.25785263336658e-05	-0.446333211544069	0.016	0.006	1	HNRNPA1L2	c12
4.48163800424203e-15	-0.446310737548979	0.062	0.022	1.64032432593263e-10	UBQLN4	c12
4.87261009449479e-28	-0.446141005301371	0.122	0.043	1.78342402068604e-23	PCYT2	c12
7.23226807559668e-44	-0.446116234764257	0.278	0.107	2.64708243834914e-39	TNIP2	c12
3.10239491804613e-55	-0.446090060713467	0.38	0.146	1.13550756395406e-50	TRAPPC4	c12
8.5076692416954e-19	-0.446043869264177	0.078	0.027	3.11389201915293e-14	ZMYM6	c12
2.45670168471028e-48	-0.44591334732938	0.311	0.119	8.99177383620809e-44	ABT1	c12
4.72210537424576e-35	-0.445895954409723	0.197	0.075	1.72833778802769e-30	DNM2	c12
1.41557438248734e-23	-0.445767222403905	0.102	0.036	5.18114379734191e-19	RBM19	c12
4.80121938102323e-48	-0.445688458933071	0.236	0.083	1.75729430564831e-43	RB1	c12
6.03414054267646e-14	-0.445430034065319	0.074	0.03	2.20855578002501e-09	MYO18A	c12
1.79953729285701e-12	-0.445385804080827	0.043	0.014	6.58648644558593e-08	DPY19L4	c12
1.74477351397911e-29	-0.445311577197857	0.128	0.044	6.38604553851494e-25	RCOR3	c12
2.18252181690105e-20	-0.445245635200505	0.084	0.029	7.98824810203955e-16	MAPK14	c12
2.87365449126626e-51	-0.445115565631063	0.26	0.092	1.05178628034836e-46	UBR2	c12
1.60108748731853e-30	-0.445077304044087	0.109	0.034	5.86014031233455e-26	ROGDI	c12
8.14677341921559e-24	-0.444937442734734	0.085	0.027	2.9818005391671e-19	PAXBP1	c12
1.35535605200118e-27	-0.444771942480361	0.094	0.029	4.96073868592951e-23	WDSUB1	c12
2.91341791539973e-23	-0.444754076347049	0.087	0.029	1.06634009121546e-18	MED9	c12
4.30899041875475e-10	-0.44474946844887	0.785	0.446	1.57713358316843e-05	DDX24	c12
4.06976636389174e-42	-0.444684545732307	0.212	0.076	1.48957518684801e-37	GTPBP4	c12
5.17182388579698e-45	-0.444672230013944	0.222	0.079	1.89293926044055e-40	EXOC4	c12
1.63019268430686e-21	-0.444406151237882	0.115	0.044	5.96666824383153e-17	AP5Z1	c12
0.00118327430613453	-0.444356976077074	0.013	0.005	1	SUV39H2	c12
6.55663794143408e-21	-0.444314548265131	0.084	0.029	2.39979505294429e-16	DHX40	c12
6.30942860803861e-19	-0.444037415537695	0.048	0.013	2.30931396482821e-14	TRMT10A	c12
9.82028754732697e-09	-0.443942596474831	0.024	0.007	0.000359432344519714	PMEPA1	c12
2.02554734219343e-10	-0.443891468685212	0.064	0.027	7.41370582716218e-06	CBWD5	c12
2.19603351200886e-26	-0.443876678318261	0.096	0.031	8.03770225730361e-22	PTRH2	c12
7.43500591202518e-27	-0.443853663810976	0.112	0.038	2.72128651386034e-22	SIL1	c12
5.52335466677619e-32	-0.443797413673321	0.606	0.29	2.02160304158675e-27	SNRPG	c12
8.79405776257335e-17	-0.443647374270833	0.081	0.03	3.21871308167947e-12	PARG	c12
1.77099127429524e-28	-0.443595129625798	0.607	0.3	6.48200516304802e-24	MTPN	c12
4.099424264439e-11	-0.443544016790726	0.039	0.013	1.50043027502732e-06	CEP57L1	c12
1.7618682647138e-35	-0.443385180851104	0.181	0.066	6.44861403567896e-31	DAP	c12
4.47905812972818e-06	-0.443382989858421	0.016	0.005	0.163938006606181	MXRA7	c12
1.51704037157049e-25	-0.443339491050201	0.131	0.049	5.55251946398514e-21	ARMC1	c12
1.61397081026915e-24	-0.443320472052311	0.1	0.034	5.90729456266612e-20	PIGK	c12
2.38390398509388e-50	-0.443188436711613	0.32	0.122	8.7253269758421e-46	SMIM7	c12
9.25279000632214e-17	-0.442939929762033	0.113	0.048	3.38661367021397e-12	MRPS27	c12
2.08900038373899e-37	-0.442504395413791	0.166	0.057	7.64595030452309e-33	BORCS5	c12
8.9441351380673e-49	-0.442480626958881	0.241	0.085	3.27364290188401e-44	BTN3A3	c12
5.89942070357302e-19	-0.442472168658639	0.074	0.025	2.15924697171476e-14	SCLY	c12
7.20538467363154e-33	-0.442378334844711	0.194	0.075	2.63724284439588e-28	ENOPH1	c12
6.99696082539167e-42	-0.442122338807977	0.184	0.062	2.56095763170161e-37	NANS	c12
5.82578321333421e-14	-0.442042534892146	0.054	0.019	2.13229491391245e-09	ZNF140	c12
2.37996796349269e-28	-0.441905204165507	0.085	0.025	8.71092074317961e-24	SPSB2	c12
2.28793837512247e-38	-0.441840299248265	0.183	0.065	8.37408324678575e-34	KLHL24	c12
6.17264019502572e-50	-0.441829590939299	0.431	0.177	2.25924803778136e-45	POLR2K	c12
4.62036107759751e-40	-0.441793728030695	0.184	0.064	1.69109835801146e-35	AFTPH	c12
1.60582265303442e-07	-0.441608196529681	0.037	0.015	0.00587747149237129	TTPAL	c12
1.94617182682447e-47	-0.441598463848987	0.383	0.158	7.12318350336026e-43	WNK1	c12
0.0024597714088647	-0.441592586024824	0.011	0.004	1	FIZ1	c12
4.62222796684587e-39	-0.441127762423813	0.144	0.045	1.69178165814526e-34	ILRUN	c12
0.000963849459159579	-0.440944014581286	0.876	0.537	1	HSP90B1	c12
1.17432366912631e-12	-0.440854081221837	0.062	0.024	4.2981420613692e-08	ATG9A	c12
6.40912418144031e-08	-0.440801535298514	0.026	0.008	0.00234580354164897	ZKSCAN4	c12
2.00706115242698e-11	-0.440800615985072	0.049	0.018	7.34604452399799e-07	CHPF	c12
1.21668988790858e-09	-0.440795624628774	0.039	0.014	4.45320665873419e-05	MKS1	c12
7.27801703778555e-14	-0.440194357963126	0.061	0.022	2.66382701599989e-09	TMEM94	c12
4.83580247788424e-13	-0.440043997551511	0.041	0.013	1.76995206493041e-08	KIAA0930	c12
5.94001905987494e-19	-0.440015102148125	0.114	0.046	2.17410637610483e-14	P4HA1	c12
1.22686793367237e-51	-0.440000601819703	0.335	0.128	4.49045932403425e-47	C6orf89	c12
2.93663520276347e-08	-0.439816237901144	0.984	0.802	0.00107483785056346	EMP3	c12
1.44051440147092e-50	-0.439719993036254	0.253	0.089	5.2724267608237e-46	CYP20A1	c12
0.000147409079781066	-0.439706846342069	0.021	0.009	1	GINS2	c12
1.17437084423921e-46	-0.43958224675344	0.301	0.116	4.29831472699995e-42	ARPC1A	c12
2.74584048002614e-37	-0.439500410146756	0.129	0.039	1.00500507409437e-32	DTWD1	c12
2.51790636529428e-41	-0.439467411348872	0.244	0.093	9.21578908761358e-37	GALM	c12
9.71125784921478e-59	-0.439438214969471	0.446	0.174	3.5544174853911e-54	PSMA3	c12
7.26968168137504e-05	-0.439438021771316	0.016	0.006	1	NLGN4Y	c12
4.65711424639603e-15	-0.439343646570195	0.047	0.014	1.70455038532341e-10	FOXK1	c12
1.4991389511341e-11	-0.439301543819706	0.034	0.01	5.48699847504594e-07	ANKRD42	c12
4.62544031068763e-20	-0.439279913242645	0.096	0.035	1.69295740811478e-15	VPS11	c12
0.308281205614735	-0.439277216876911	0.9	0.572	1	PPP1CA	c12
3.33762834052786e-30	-0.439198448151297	0.164	0.062	1.2216053489166e-25	BIRC2	c12
3.84531456681431e-08	-0.439053624804889	0.034	0.013	0.00140742358459971	ZNF585B	c12
5.78954819973624e-08	-0.439018924275308	0.029	0.01	0.00211903253658546	CTNNAL1	c12
1.40126314385785e-14	-0.438860331294907	0.065	0.024	5.12876323283413e-10	LIN7C	c12
2.38945564213114e-11	-0.438848502054862	0.049	0.018	8.7456465957642e-07	ERCC2	c12
2.41887745589136e-11	-0.438826891127897	0.041	0.014	8.85333337630797e-07	TRIM62	c12
2.26828245161558e-43	-0.438801336745211	0.194	0.066	8.3021406011582e-39	CPSF2	c12
1.98412987090531e-58	-0.438412044310843	0.48	0.19	7.26211374050052e-54	ITGB1BP1	c12
3.66773725047172e-33	-0.43825365064792	0.15	0.052	1.34242851104515e-28	MAGOHB	c12
6.19405739403795e-11	-0.438240492333536	0.035	0.011	2.26708694679183e-06	LIPE-AS1	c12
1.42691206494522e-24	-0.438185053955157	0.7	0.353	5.22264084890599e-20	DHRS7	c12
6.40181574854105e-57	-0.438137165683994	0.441	0.175	2.34312858212351e-52	TOP1	c12
1.73876298096146e-61	-0.438097489414093	0.339	0.121	6.36404638661706e-57	PHF5A	c12
9.62758971135976e-46	-0.438062565837064	0.207	0.071	3.52379411025479e-41	MRPL19	c12
0.000260059119923391	-0.43801646115713	0.02	0.009	1	TMEM164	c12
8.01272469472822e-31	-0.437914730724283	0.511	0.246	2.93273736551748e-26	ROMO1	c12
4.85225249100575e-35	-0.437904004339653	0.171	0.061	1.77597293423301e-30	POLDIP3	c12
3.16674090537285e-33	-0.437876814040552	0.163	0.059	1.15905883877552e-28	ACTL6A	c12
6.05934122036953e-47	-0.437716798565756	0.264	0.097	2.21777948006745e-42	TMEM126B	c12
6.48350912254663e-16	-0.437664412684028	0.041	0.011	2.37302917394329e-11	AC005261.1	c12
8.31684842804192e-37	-0.437651915542971	0.148	0.049	3.04404969314762e-32	GPN3	c12
8.70408939314272e-34	-0.437375479229043	0.173	0.064	3.18578375878417e-29	ZDHHC6	c12
2.51089332300747e-55	-0.437246778214835	0.423	0.169	9.19012065153964e-51	GOLGA4	c12
1.66733479091011e-40	-0.437217962286173	0.483	0.217	6.10261206821008e-36	LYAR	c12
5.59135665725459e-36	-0.437117118144041	0.174	0.062	2.04649245012175e-31	ELP2	c12
1.12647015772053e-32	-0.437076664177507	0.132	0.044	4.12299342427292e-28	UBXN7	c12
2.7173671413579e-48	-0.437049431613234	0.313	0.121	9.94583547408406e-44	MOB4	c12
7.22557806085086e-29	-0.437003153727397	0.129	0.045	2.64463382605202e-24	SPECC1L	c12
0.0040028684738438	-0.436904645541206	0.924	0.653	1	TPM3	c12
1.19021888568726e-49	-0.436893514735098	0.22	0.074	4.35632014350392e-45	SETD5	c12
2.7701603747782e-07	-0.436794694785789	0.027	0.009	0.0101390639877257	ZNF627	c12
4.31466349402294e-26	-0.436753861400863	0.116	0.041	1.57920998544734e-21	SMG5	c12
9.7933456599022e-34	-0.436674071280031	0.119	0.037	3.58446244498081e-29	AGO2	c12
1.08001200266823e-43	-0.436508543819426	0.511	0.226	3.95295193096599e-39	ZRANB2	c12
3.68000842487887e-40	-0.436234825231984	0.166	0.055	1.34691988358992e-35	C8orf76	c12
2.95342023646216e-10	-0.43611187427198	0.038	0.013	1.08098134074752e-05	MIER2	c12
3.55517359406208e-25	-0.436069448133368	0.121	0.044	1.30122908716266e-20	C16orf91	c12
6.70067394947989e-37	-0.43600605296078	0.169	0.059	2.45251367224913e-32	TSFM	c12
5.85619368825185e-27	-0.435844555388727	0.151	0.058	2.14342545183706e-22	MBD1	c12
3.48319982645295e-48	-0.435785885532161	0.198	0.064	1.27488596848004e-43	RAE1	c12
5.25970579462307e-35	-0.435633420355074	0.212	0.083	1.92510491788999e-30	TRPM7	c12
5.86507588534945e-17	-0.435605830855281	0.087	0.034	2.14667642479675e-12	UBASH3B	c12
5.47623978730128e-23	-0.435599491161456	0.097	0.034	2.00435852455014e-18	THAP5	c12
3.80065589360139e-07	-0.43543990222285	0.026	0.009	0.0139107806361704	KDM8	c12
1.91275011022063e-41	-0.435223377843383	0.2	0.071	7.00085667841852e-37	ATG101	c12
8.05293277173081e-13	-0.435159397649484	0.047	0.016	2.94745392378119e-08	GTF2E1	c12
9.08627016529933e-23	-0.4350625825979	0.093	0.032	3.32566574320121e-18	AMDHD2	c12
5.24406893092943e-17	-0.434672868139654	0.056	0.018	1.91938166940948e-12	ZNF248	c12
2.46914322150317e-08	-0.434361170019144	0.017	0.004	0.000903731110502374	DNAJC3-DT	c12
2.30810566291098e-22	-0.434291274077686	0.114	0.043	8.44789753682048e-18	CERS5	c12
6.69710285768116e-35	-0.434180614857852	0.149	0.051	2.45120661693988e-30	UBALD1	c12
8.27562713495718e-60	-0.434169006252858	0.319	0.113	3.02896228766568e-55	MRPL10	c12
3.60389946469111e-52	-0.433999866864206	0.309	0.115	1.31906324307159e-47	NPEPPS	c12
1.00956509039006e-44	-0.433981591406073	0.248	0.092	3.69510918733665e-40	GUSB	c12
6.27848070608354e-13	-0.433966994744112	0.052	0.018	2.29798672323364e-08	POLD1	c12
2.27588106512623e-21	-0.433937208202829	0.074	0.024	8.32995228646851e-17	BICD1	c12
4.37506963723669e-45	-0.433794229683667	0.264	0.099	1.601319237925e-40	LSM12	c12
1.33441190022027e-48	-0.433770937075655	0.282	0.105	4.8840809959962e-44	WDR82	c12
1.03413605899646e-31	-0.433752517142836	0.656	0.317	3.78504138953294e-27	TKT	c12
4.62401177114719e-06	-0.433725281034921	0.018	0.006	0.169243454835758	SNX30	c12
1.33224168511423e-12	-0.43360553396909	0.053	0.019	4.87613779168659e-08	RABL3	c12
6.76277558450405e-50	-0.433347650288397	0.316	0.12	2.47524349168433e-45	WBP11	c12
3.51074350616124e-44	-0.433261542653852	0.203	0.07	1.28496723069008e-39	AGA	c12
1.50136697609883e-30	-0.43321093862037	0.121	0.04	5.49515326921934e-26	MYO9A	c12
3.94411629973367e-42	-0.433190376091754	0.207	0.074	1.44358600686552e-37	SAR1B	c12
9.81820598583641e-27	-0.433136203104723	0.136	0.051	3.59356157287598e-22	ODC1	c12
0.000374175063174624	-0.433093690434231	0.01	0.003	1	ASAH2B	c12
4.70385050380029e-36	-0.433089195586627	0.261	0.107	1.72165632289595e-31	PSMD3	c12
0.000890420082293749	-0.433074180895864	0.011	0.004	1	RTN4R	c12
6.17446299127124e-21	-0.433072973448867	0.1	0.037	2.25991519943519e-16	SLC35A1	c12
9.80206874175016e-08	-0.432910707364339	0.03	0.011	0.00358765518016798	SPDL1	c12
3.35476121828697e-16	-0.432552274670613	0.065	0.022	1.22787615350521e-11	P3H1	c12
1.93393587417317e-12	-0.432507263795219	0.046	0.015	7.07839869306122e-08	C7orf31	c12
4.85310032763208e-31	-0.43250178348035	0.649	0.314	1.77628325091662e-26	OSTF1	c12
9.27325233955584e-28	-0.432466552526601	0.119	0.041	3.39410308880083e-23	TBC1D9B	c12
9.13700835534977e-56	-0.432421382911373	0.498	0.203	3.34423642814157e-51	TAOK3	c12
6.3992352678185e-07	-0.432225386775197	0.024	0.009	0.0234218410037425	BIVM	c12
6.76254226313965e-19	-0.432194694904643	0.088	0.032	2.47515809373174e-14	PRPF39	c12
1.18094737118879e-32	-0.432113322545042	0.155	0.055	4.32238547328809e-28	SGK3	c12
1.36779544706254e-08	-0.431971057214328	0.034	0.012	0.000500626811579362	RPP40	c12
3.62754356458672e-56	-0.431932048518157	0.287	0.101	1.32771722007438e-51	ZNF644	c12
7.53870234337346e-08	-0.431819209902151	0.965	0.736	0.00275924044469812	MYL12B	c12
8.67638756626499e-15	-0.43181284398327	0.069	0.026	3.17564461312865e-10	C17orf75	c12
8.97848009330892e-51	-0.431726479895407	0.247	0.086	3.286213498952e-46	DBF4	c12
1.44166298834914e-25	-0.431592809538746	0.124	0.046	5.2766307036567e-21	G2E3	c12
4.91404446444872e-47	-0.431459114960645	0.57	0.25	1.79858941443288e-42	PPP1R12A	c12
2.98968799215113e-49	-0.431381313197867	0.513	0.219	1.09425570200724e-44	TMED4	c12
1.08736691329204e-13	-0.431325963086213	0.073	0.029	3.97987163934019e-09	NCOA5	c12
2.21550146597067e-54	-0.431302011859455	0.309	0.112	8.10895691559925e-50	TMEM183A	c12
5.05951901791967e-30	-0.431263980579634	0.129	0.044	1.85183455574878e-25	VEZT	c12
1.81412851788055e-44	-0.431202234558499	0.434	0.186	6.63989178829461e-40	GTF3C6	c12
1.71697165522364e-11	-0.43119961456184	1	0.934	6.28428795528404e-07	VIM	c12
4.08482143140393e-36	-0.431160457684114	0.139	0.045	1.49508549210815e-31	SLC9A9	c12
1.02963443650193e-22	-0.43111680455584	0.074	0.023	3.76856500104071e-18	CEP89	c12
2.27940424793747e-28	-0.430869157456762	0.109	0.035	8.34284748787592e-24	RCN1	c12
1.96626989222353e-16	-0.430827778299989	0.076	0.028	7.19674443252735e-12	RNF2	c12
1.0953718647698e-41	-0.430694007706325	0.16	0.051	4.00917056224396e-37	SMG6	c12
1.6723844260152e-19	-0.430568670976049	0.066	0.021	6.12109423765824e-15	SUFU	c12
3.42579990561859e-20	-0.43049154403757	0.059	0.017	1.25387702345546e-15	RWDD2B	c12
9.50354239964248e-06	-0.430469375761581	0.018	0.006	0.347839155369315	MSANTD2	c12
2.72759641620604e-50	-0.430399289086019	0.302	0.114	9.98327564295571e-46	RSRC1	c12
4.33776198487333e-13	-0.43000912260523	0.064	0.025	1.58766426408349e-08	SLC25A16	c12
1.39046028048345e-48	-0.429840205913516	0.506	0.216	5.08922367259747e-44	SUPT4H1	c12
1.04758872440103e-16	-0.429803349856307	0.061	0.02	3.83427949018023e-12	IRF2BPL	c12
7.34237913728114e-43	-0.429786191100737	0.205	0.072	2.68738418803627e-38	CCDC32	c12
3.60103028324609e-23	-0.429655212611485	0.079	0.025	1.3180130939709e-18	PTER	c12
1.73617452963152e-06	-0.429614817325427	0.03	0.012	0.0635457239590432	HGH1	c12
1.22658192609566e-30	-0.429339316212265	0.134	0.046	4.48941250770273e-26	NEK1	c12
2.21476994721337e-15	-0.429268992381477	0.067	0.024	8.10627948379567e-11	RABEP2	c12
3.87124047851951e-45	-0.429054860766025	0.422	0.18	1.41691272754292e-40	GBP2	c12
2.17730101468158e-32	-0.428972183358255	0.174	0.066	7.96913944383607e-28	SNAPC2	c12
3.97542641934507e-27	-0.42891409923786	0.11	0.037	1.45504582374449e-22	TYK2	c12
7.2616615113143e-33	-0.428800658609468	0.133	0.044	2.65784072975615e-28	SMC2	c12
6.32204646837821e-14	-0.428668465375929	0.041	0.012	2.31393222789111e-09	ZNF687	c12
2.46014915586588e-17	-0.42852840228631	0.082	0.03	9.00439192538471e-13	ACTR8	c12
4.04832542067733e-47	-0.428504643979691	0.334	0.132	1.48172758722211e-42	ATG12	c12
3.81373039610441e-39	-0.428469556967956	0.645	0.296	1.39586346227818e-34	EIF5	c12
1.8168703516686e-21	-0.42834590785119	0.067	0.02	6.64992717414225e-17	ABHD11	c12
5.88030806203261e-25	-0.428262150118849	0.733	0.37	2.15225155378456e-20	SF3B1	c12
3.87108305149304e-15	-0.428245107503721	0.051	0.016	1.41685510767697e-10	KCTD6	c12
1.4709755295665e-23	-0.428181206580669	0.098	0.034	5.38391753576634e-19	TATDN3	c12
7.66986060416285e-56	-0.428056740922579	0.381	0.146	2.80724567972964e-51	VTI1B	c12
3.1522622755143e-40	-0.428048143122745	0.179	0.061	1.15375951546099e-35	HERC4	c12
1.0790748804324e-20	-0.427943420512687	0.065	0.02	3.94952196987063e-16	PIP5K1C	c12
5.71251322679637e-53	-0.427851516731703	0.548	0.231	2.09083696613974e-48	USP15	c12
7.29130407663827e-52	-0.427799042467036	0.37	0.145	2.66869020509037e-47	SNX2	c12
1.06056699278969e-23	-0.427760675402539	0.173	0.074	3.88178125030953e-19	CS	c12
3.46220600377922e-33	-0.427393768706001	0.129	0.042	1.26720201944323e-28	EXOSC4	c12
6.16281716739037e-31	-0.427319061852101	0.135	0.047	2.25565271143655e-26	TANGO2	c12
1.22361860055008e-30	-0.42688251608362	0.136	0.047	4.47856643987335e-26	ARFIP1	c12
1.92718547879626e-05	-0.426845383148589	0.02	0.008	0.70536915709422	ACVR1B	c12
5.31675567388659e-41	-0.42682672894661	0.174	0.058	1.94598574419923e-36	AFF1	c12
4.78517672234394e-34	-0.426789571376635	0.665	0.316	1.75142253214511e-29	TUBA4A	c12
1.49792747631813e-37	-0.426737182898719	0.141	0.045	5.48256435607198e-33	EIF2B3	c12
1.12770707588723e-52	-0.426629495802587	0.194	0.06	4.12752066845485e-48	TTF1	c12
6.87085324048449e-35	-0.426531574718968	0.223	0.089	2.51480099454973e-30	EPSTI1	c12
1.71363917765469e-35	-0.426380836971994	0.149	0.05	6.27209075413394e-31	RNFT1	c12
1.01501011820669e-16	-0.426147770708477	0.079	0.029	3.71503853364832e-12	METTL15	c12
1.02307742866406e-39	-0.425801194027775	0.153	0.049	3.74456569665332e-35	ANKIB1	c12
4.49710965565335e-31	-0.42529552595075	0.187	0.073	1.64598710506568e-26	MAP2K3	c12
4.66666140261104e-12	-0.425185135518426	0.051	0.019	1.70804473996967e-07	ZNF333	c12
3.64729562737853e-27	-0.425108781866674	0.104	0.034	1.33494667257682e-22	SCAMP4	c12
9.75712187683701e-51	-0.425090718837731	0.287	0.106	3.57120417814111e-46	GPATCH8	c12
7.45098744975898e-40	-0.424945670991799	0.219	0.081	2.72713591648628e-35	CUL1	c12
6.6973713983287e-42	-0.424880205971178	0.177	0.059	2.45130490550229e-37	VPS53	c12
1.27468011516096e-50	-0.424673292474688	0.241	0.084	4.66545668950064e-46	MED27	c12
3.45357970696864e-15	-0.424430856283845	0.032	0.008	1.26404470854759e-10	HIC2	c12
4.59167890462357e-35	-0.42441204651982	0.179	0.065	1.68060039588127e-30	C5orf24	c12
1.45115202579505e-30	-0.424407330492883	0.734	0.359	5.31136152961247e-26	EML4	c12
1.12561044556764e-19	-0.424358963876242	1	0.998	4.11984679182211e-15	MT-CO2	c12
1.80429711139182e-35	-0.424264705949259	0.115	0.034	6.60390785740521e-31	USP42	c12
3.42119568586383e-60	-0.424241331414437	0.369	0.137	1.25219183298302e-55	MRPS5	c12
2.65041428729884e-24	-0.42382386600842	0.107	0.038	9.70078133294248e-20	MTX2	c12
2.31851658062374e-11	-0.423736677742714	0.038	0.012	8.48600253674094e-07	SLC11A2	c12
2.0998351711385e-53	-0.423610078624299	0.377	0.147	7.68560670988403e-49	PWP1	c12
1.27318902794367e-12	-0.423576472136618	0.785	0.435	4.65999916117662e-08	DRAP1	c12
6.94049466183371e-16	-0.423342873207228	0.077	0.029	2.54029045117776e-11	INTS4	c12
2.34063118731029e-46	-0.423332390118188	0.246	0.089	8.56694420867438e-42	CHD8	c12
3.01519485612067e-21	-0.423284595928326	0.117	0.046	1.10359146928873e-16	VAMP7	c12
0.00079407824376223	-0.423267541513819	1	0.964	1	MT-ATP6	c12
7.66013817978741e-27	-0.423201612242576	0.151	0.059	2.80368717518399e-22	PARN	c12
7.50769721682336e-37	-0.423195101527048	0.172	0.061	2.74789225832952e-32	MYBL1	c12
1.02075158577578e-43	-0.423078134246597	0.198	0.068	3.73605287909792e-39	PSMD10	c12
1.81084938964902e-09	-0.423050211406013	0.035	0.012	6.62788985105438e-05	GIN1	c12
6.88401799588193e-20	-0.42299236805503	0.063	0.019	2.51961942667275e-15	RREB1	c12
6.97519366104263e-23	-0.422865798834515	0.119	0.045	2.55299063187821e-18	RANGAP1	c12
1.15519344553318e-26	-0.422723595104733	0.119	0.042	4.22812352999598e-22	TSPAN3	c12
1.1449831757696e-31	-0.422581550838089	0.144	0.05	4.19075292163431e-27	PTCD3	c12
0.00426690412589683	-0.422475346026733	0.012	0.005	1	NAGS	c12
1.63326800762641e-53	-0.422449913379242	0.353	0.136	5.97792423471343e-49	UPF2	c12
4.831192269245e-09	-0.422388019747968	0.034	0.012	0.000176826468246636	TRDC	c12
9.69995969653074e-17	-0.422030615456536	0.069	0.024	3.55028224852722e-12	IFT88	c12
9.63213309038581e-37	-0.422028736085534	0.172	0.061	3.52545703241211e-32	SLC30A5	c12
2.05965996869962e-57	-0.421976776078474	0.452	0.179	7.53856145143748e-53	CASP1	c12
1.89105459803963e-45	-0.421559575012873	0.276	0.105	6.92144893428485e-41	PIGT	c12
1.73511939591217e-24	-0.421460874801456	0.118	0.043	6.35071050097815e-20	MCM7	c12
3.30029351243448e-51	-0.421068946471457	0.461	0.19	1.20794042848615e-46	PSMC3	c12
0.000220448944735259	-0.421019946232049	0.962	0.707	1	LSP1	c12
8.9503072364676e-34	-0.421018308503398	0.611	0.29	3.27590195161951e-29	DNAJC8	c12
3.51175133896292e-44	-0.420991218133177	0.256	0.096	1.28533610757382e-39	PRPF38A	c12
4.80402805671487e-34	-0.420919477926291	0.15	0.052	1.75832230903821e-29	PLEKHO1	c12
1.96607994750393e-46	-0.420883275660627	0.491	0.212	7.19604921585915e-42	RAB11A	c12
4.60853632044843e-15	-0.420689876336404	0.073	0.028	1.68677037864733e-10	DDX20	c12
9.18396344024965e-37	-0.420662334129306	0.204	0.077	3.36142245876577e-32	CLSTN1	c12
1.49280236901562e-65	-0.42062498010673	0.337	0.117	5.46380595083407e-61	TNIK	c12
3.57820559251973e-84	-0.420600367793897	0.256	0.07	1.30965902891815e-79	LTA	c12
4.23544519475967e-14	-0.420473156981918	0.049	0.016	1.55021529573399e-09	MICAL3	c12
6.95056054295458e-42	-0.420373588104496	0.28	0.111	2.54397466432681e-37	DCTN1	c12
4.88340970966584e-49	-0.420128255018119	0.299	0.114	1.78737678783479e-44	SMC5	c12
2.5991472934475e-55	-0.420044784990798	0.274	0.095	9.5131390087472e-51	SIRT7	c12
2.11451980091706e-40	-0.420010738775026	0.653	0.299	7.73935392333653e-36	GRB2	c12
1.93174647098431e-17	-0.419946427796243	0.066	0.022	7.07038525844966e-13	NRROS	c12
2.41362817397837e-40	-0.419878793062562	0.202	0.072	8.83412047957824e-36	GLT8D1	c12
7.92038087290585e-44	-0.419872521478765	0.37	0.155	2.89893860329227e-39	RAB29	c12
1.01082401447481e-40	-0.419858476613519	0.617	0.281	3.69971697537925e-36	SCAMP2	c12
6.57372663282104e-51	-0.419804828955768	0.279	0.102	2.40604968487883e-46	NCR3	c12
1.47887408303913e-37	-0.419663356983767	0.579	0.268	5.41282703133152e-33	SELENOK	c12
9.00466082144311e-14	-0.419572962495112	0.045	0.014	3.29579590725639e-09	GDPD5	c12
8.70486042127878e-42	-0.419506786189674	0.479	0.211	3.18606596279225e-37	LPXN	c12
2.34374407914549e-05	-0.419367280604394	0.027	0.011	0.857833770408041	POLA1	c12
2.70061361754807e-28	-0.419364444714123	0.107	0.035	9.8845159015877e-24	MED7	c12
1.05434517213115e-40	-0.419340356972798	0.202	0.072	3.85900876451722e-36	ZMYM2	c12
1.49384931043101e-22	-0.419170575529411	0.098	0.034	5.46763786110854e-18	PPP3CB	c12
2.39288082083995e-17	-0.419053184889797	0.069	0.024	8.7581830923563e-13	ZBTB45	c12
2.01296216312199e-49	-0.419024902603976	0.302	0.114	7.3676428132428e-45	ELF2	c12
1.28578335468245e-31	-0.419000601082896	0.136	0.047	4.70609565647324e-27	PATL1	c12
6.27543278865005e-29	-0.418863804469566	0.127	0.044	2.2968711549738e-24	AIFM1	c12
9.70678081431543e-48	-0.418698924478209	0.612	0.269	3.55277884584759e-43	DDX6	c12
7.34421610283164e-42	-0.418675676146784	0.29	0.116	2.68805653579741e-37	LYPLA1	c12
4.23968958060293e-28	-0.418523020644078	0.106	0.035	1.55176878339648e-23	ZNF236	c12
6.93182016404594e-39	-0.418511040743368	0.177	0.061	2.53711549824245e-34	FAM120A	c12
2.36399464734437e-28	-0.418470138347254	0.123	0.043	8.65245680874511e-24	ALG12	c12
8.20138082844702e-47	-0.418469145990511	0.524	0.227	3.00178739701989e-42	LAMTOR5	c12
6.61080628504743e-34	-0.418414060345779	0.148	0.051	2.41962120839021e-29	FNIP1	c12
2.78292864165458e-06	-0.418358248237407	0.022	0.008	0.101857971213199	SLC19A1	c12
1.33128470018368e-44	-0.41830972334067	0.219	0.078	4.87263513114228e-40	BAG5	c12
1.03398834026073e-40	-0.417974033952309	0.221	0.082	3.78450072418829e-36	KIAA1143	c12
1.93989267333073e-36	-0.417819196326086	0.561	0.261	7.10020117365782e-32	CLTA	c12
9.91943950175271e-10	-0.417732044205124	0.034	0.011	3.63061405203651e-05	FANCD2	c12
6.08578852122152e-30	-0.417664396838414	0.127	0.043	2.22745945665229e-25	DPP9	c12
1.89590034973374e-22	-0.417514930929832	0.12	0.046	6.93918487006046e-18	ATG4D	c12
2.35926256137602e-22	-0.417423626304444	0.086	0.029	8.63513690089235e-18	ELP1	c12
3.68650011893025e-19	-0.417371934777787	0.066	0.021	1.34929590852966e-14	GFOD2	c12
5.52191816155839e-30	-0.417347538648693	0.188	0.075	2.02107726631198e-25	HSD17B11	c12
1.54445527321631e-47	-0.417330545586802	0.239	0.085	5.652860745499e-43	CDK11B	c12
5.63091008672581e-48	-0.417271484252749	0.207	0.069	2.06096940084252e-43	AP1S1	c12
1.30560076145021e-25	-0.417262794242899	0.12	0.043	4.77862934698391e-21	PHKB	c12
1.58735542921852e-20	-0.417085583894606	0.065	0.02	5.80987960648272e-16	DHX37	c12
0.000958676510119267	-0.417031917393411	0.012	0.004	1	POC1A	c12
5.55494295993736e-57	-0.416984047772046	0.269	0.092	2.03316467276667e-52	NUP50	c12
1.55185059446631e-05	-0.416917618142543	0.012	0.003	0.567992836080613	LINC02595	c12
4.5289307753081e-58	-0.416801903705959	0.371	0.139	1.65763395307052e-53	TSSC4	c12
1.65055375602482e-17	-0.416667949499963	0.07	0.024	6.04119180242643e-13	IPP	c12
2.99723056497657e-17	-0.416636955249534	0.057	0.018	1.09701635908707e-12	RINT1	c12
2.12172455233959e-52	-0.41661554060077	0.374	0.147	7.76572403401815e-48	STAU1	c12
2.90073891138945e-47	-0.416573549492677	0.338	0.135	1.06169944895765e-42	SNX5	c12
1.11758468245624e-53	-0.416508678270231	0.247	0.084	4.09047169625809e-49	TMEM14A	c12
3.11667646783105e-38	-0.416380141412416	0.14	0.044	1.14073475399084e-33	MMP25-AS1	c12
4.52685070812056e-10	-0.416015038949022	0.047	0.018	1.65687262767921e-05	HS3ST3B1	c12
3.62755290283007e-14	-0.415953820361921	0.063	0.023	1.32772063796483e-09	COG6	c12
8.68321107829781e-42	-0.415898314758918	0.622	0.283	3.17814208676778e-37	TMED10	c12
4.79379214882014e-46	-0.415798728605179	0.346	0.139	1.75457586438966e-41	DAXX	c12
2.12939033894134e-50	-0.41569971891085	0.359	0.142	7.79378157955922e-46	DOCK10	c12
2.6277458502141e-18	-0.41558559855567	0.112	0.046	9.61781258636864e-14	PPP2R5D	c12
1.35087954399615e-22	-0.415569235071154	0.098	0.034	4.94435421898032e-18	FAM114A2	c12
4.95212209232735e-26	-0.415350829583353	0.719	0.362	1.81252620701274e-21	TCF25	c12
1.37792891254242e-29	-0.415223155345081	0.15	0.055	5.0433576127965e-25	PPP2R5A	c12
3.63598516238325e-10	-0.415219326745248	0.045	0.017	1.33080692928389e-05	CFL2	c12
3.28152814810845e-49	-0.415179026998396	0.32	0.123	1.20107211748918e-44	PRDX3	c12
3.18648677772102e-52	-0.415043075479182	0.362	0.141	1.16628602551367e-47	FAM32A	c12
4.56477734479412e-32	-0.414898869638306	0.132	0.044	1.6707541559681e-27	TAF1	c12
9.31498234060555e-33	-0.414745142255187	0.181	0.069	3.40937668648504e-28	TENT2	c12
1.16426400518082e-25	-0.41453074848514	0.115	0.041	4.26132268536231e-21	RAB22A	c12
2.28884230638144e-51	-0.414269758002867	0.312	0.117	8.3773917255867e-47	GBP1	c12
1.58713950690626e-65	-0.414188232857174	0.389	0.141	5.80908930922761e-61	DHX36	c12
2.124910437289e-29	-0.414124170527669	0.119	0.04	7.77738469152147e-25	ALDH3A2	c12
2.98125667056572e-31	-0.414109628917673	0.151	0.055	1.09116975399376e-26	MSI2	c12
1.05632852020487e-50	-0.414061840003535	0.267	0.096	3.86626801680183e-46	ACTR6	c12
5.20987725731591e-14	-0.414058969205159	0.067	0.025	1.9068671749502e-09	INTS5	c12
9.06039291875141e-32	-0.414057614446008	0.173	0.066	3.3161944121922e-27	ISOC2	c12
1.80889615408385e-05	-0.41405474987941	0.028	0.012	0.66207408135623	ZNF273	c12
4.07783121632776e-17	-0.413884444885854	0.053	0.016	1.49252700348812e-12	PARP11	c12
2.21144072155716e-41	-0.413579588685905	0.172	0.057	8.09409418497135e-37	APC	c12
2.3694617842556e-37	-0.413560769935691	0.622	0.288	8.67246707655393e-33	CIAO2B	c12
4.33297860287888e-56	-0.41331211174145	0.46	0.185	1.5859134984397e-51	TIAL1	c12
1.69131343854329e-20	-0.413304270113956	0.084	0.029	6.19037631641231e-16	PIGG	c12
8.5763548130624e-16	-0.413251656405148	0.065	0.023	3.13903162512897e-11	ZBTB17	c12
3.48881283365342e-08	-0.413223922384946	0.03	0.01	0.00127694038524549	ZNF587B	c12
9.36918141691293e-40	-0.413137772994783	0.603	0.278	3.4292140904043e-35	FNBP1	c12
5.12804775417318e-43	-0.413107333554932	0.191	0.065	1.87691675850493e-38	MED19	c12
2.16744732322956e-27	-0.413102018331816	0.124	0.044	7.93307394775252e-23	ABHD13	c12
0.000432033194179498	-0.413049964967847	0.014	0.005	1	KBTBD8	c12
2.59358980638583e-26	-0.412907316405165	0.116	0.041	9.49279805035279e-22	COG1	c12
2.71413272968966e-06	0.412792700162037	0.018	0.006	0.0993399720393714	ZNF256	c12
6.96764926548165e-33	-0.412351800049953	0.237	0.098	2.55022930765894e-28	GLO1	c12
1.64729295911296e-29	-0.412305762238536	0.118	0.039	6.02925695964935e-25	FANCF	c12
1.32605271439467e-39	-0.412277131304559	0.213	0.078	4.85348553995593e-35	FBXO21	c12
1.05555612274919e-36	-0.412202785766675	0.132	0.041	3.86344096487431e-32	ANAPC10	c12
1.37875249086782e-31	-0.412198255095846	0.164	0.061	5.04637199182532e-27	TCTN3	c12
6.60011249697992e-20	-0.41208980085529	0.085	0.03	2.41570717501962e-15	DNAJC13	c12
9.03422165435865e-14	-0.412048408014471	0.053	0.018	3.30661546771181e-09	TMED8	c12
1.54990035999128e-20	-0.411855568404575	0.097	0.035	5.67279030760407e-16	GCFC2	c12
6.70513228570216e-49	-0.411683858948355	0.265	0.096	2.45414546788985e-44	TMEM248	c12
6.86974717533685e-06	-0.411621601794231	0.011	0.003	0.251439616364504	CRIPAK	c12
3.78834291838215e-07	-0.411578022216965	0.829	0.48	0.0138657139155705	ARF1	c12
9.63398651546906e-53	-0.411543811716766	0.282	0.101	3.52613540452683e-48	NFE2L2	c12
1.68780333258657e-22	-0.411496589047251	0.111	0.041	6.17752897760012e-18	BABAM2	c12
8.76741048653667e-17	-0.411471178582281	0.06	0.019	3.20895991217729e-12	LEMD2	c12
1.19230213896656e-42	-0.411204654150119	0.223	0.081	4.36394505883151e-38	FAM136A	c12
1.31773055314974e-47	-0.41105682917975	0.201	0.067	4.82302559758338e-43	ATG2A	c12
9.90775747192699e-07	-0.411047801989156	0.021	0.007	0.036263383123	GRK4	c12
1.07046906828262e-54	-0.410984463525904	0.253	0.086	3.91802383682121e-50	GOSR1	c12
5.51243708903966e-23	-0.410942524258201	0.076	0.023	2.01760709895941e-18	AC008443.1	c12
5.76581234605426e-46	-0.410900323050392	0.191	0.063	2.11034497677932e-41	ATG16L2	c12
1.54672794737597e-24	-0.410807049343491	0.083	0.026	5.66117896019077e-20	USF3	c12
3.86796567470551e-48	-0.410786100013572	0.181	0.057	1.41571411659896e-43	LINC00649	c12
6.91878550473631e-50	-0.410665862619561	0.307	0.116	2.53234468258854e-45	UBLCP1	c12
1.37146625283808e-31	-0.410421703316029	0.117	0.037	5.01970363201267e-27	INTS6	c12
6.81503451166575e-54	-0.410144737594776	0.331	0.124	2.49437078161478e-49	SHOC2	c12
5.22693702469368e-42	-0.410093993781016	0.197	0.069	1.91311122040813e-37	SCFD1	c12
1.97208209550636e-51	-0.409869091567962	0.193	0.06	7.21801767776284e-47	NR2C2AP	c12
7.30484684589381e-60	-0.409762958991816	0.43	0.166	2.67364699406559e-55	STK38	c12
4.20472484385981e-08	-0.409437464663698	0.993	0.912	0.00153897134010113	MT-ND4L	c12
1.07982364233071e-06	-0.409399306405009	0.015	0.004	0.0395226251329464	EPB41L5	c12
7.86756324360307e-57	-0.409301492429542	0.457	0.183	2.87960682279116e-52	PRKDC	c12
1.51893834573016e-27	-0.408663813891544	0.159	0.062	5.55946623920696e-23	STK26	c12
6.26428068276646e-55	-0.408613301434766	0.244	0.081	2.29278937269935e-50	TMEM106C	c12
3.67640018607899e-09	-0.408516586993639	0.036	0.013	0.000134559923210677	NAP1L5	c12
2.417919519819e-31	-0.40850584707373	0.145	0.051	8.84982723448953e-27	GMFB	c12
5.19761040001461e-19	-0.408406738107252	0.085	0.031	1.90237738250935e-14	EEF1AKNMT	c12
3.84796876968459e-21	-0.408395156527362	0.083	0.028	1.40839504939226e-16	GPN2	c12
1.6659018196448e-11	-0.408188042863582	0.035	0.011	6.09736725008195e-07	MED22	c12
2.78047607142028e-30	-0.408108904526816	0.12	0.04	1.01768204690054e-25	CC2D1A	c12
6.14711342481946e-44	-0.408002600191716	0.25	0.093	2.24990498461817e-39	ARFGAP2	c12
1.08913114962432e-56	-0.407875032143345	0.328	0.12	3.98632892073997e-52	FMNL1	c12
3.55636726106662e-31	-0.407820848742118	0.151	0.055	1.30166598122299e-26	TMEM70	c12
2.95524205312238e-36	-0.40778807189827	0.249	0.101	1.08164814386332e-31	CCNK	c12
1.7333965436384e-39	-0.407625029441671	0.187	0.066	6.34440468937091e-35	NUP58	c12
5.41894277946079e-26	-0.407406667287671	0.122	0.044	1.98338724671044e-21	TRMU	c12
3.36431187453959e-05	-0.407182493005941	0.81	0.499	1	MYH9	c12
3.01378036585771e-58	-0.407175336576029	0.43	0.168	1.10307375170758e-53	EMC3	c12
2.54214627743576e-37	-0.406918768876735	0.28	0.115	9.30450959004262e-33	RELA	c12
7.88167222543567e-51	-0.406893185867168	0.391	0.157	2.88477085123171e-46	CDC123	c12
1.40996683201617e-26	-0.406877308116584	0.122	0.044	5.16061960186237e-22	DAPK3	c12
7.46410941258305e-14	-0.406869526920808	0.053	0.018	2.73193868609952e-09	SLC29A3	c12
4.68276395317405e-41	-0.406867887827453	0.186	0.064	1.71393843450124e-36	MRPS9	c12
3.43851179464499e-33	-0.406826260374138	0.237	0.098	1.25852970195801e-28	BAG6	c12
9.05021073382126e-23	-0.406726189000684	0.077	0.024	3.31246763068592e-18	TENT4B	c12
6.9033288084111e-31	-0.406151736498836	0.095	0.028	2.52668737716655e-26	GADD45A	c12
3.59102980710048e-57	-0.406042558279843	0.349	0.13	1.31435281969685e-52	ERP44	c12
5.5115963156249e-32	-0.405939074602564	0.145	0.051	2.01729936748187e-27	HIBCH	c12
6.86460582664937e-11	-0.405936402608727	0.03	0.009	2.51251437861194e-06	SCRIB	c12
2.57231680855329e-31	-0.405821031584201	0.118	0.038	9.41493675098588e-27	PI4KA	c12
2.12079409589721e-43	-0.40576290283923	0.204	0.071	7.76231847039338e-39	GNPDA1	c12
1.21215571933595e-26	-0.405741825776975	0.101	0.033	4.43661114834151e-22	CKS1B	c12
3.01479724533116e-08	-0.405546745916118	0.017	0.004	0.00110344593976366	MAP3K10	c12
4.51740202855714e-11	-0.405528205662895	0.028	0.008	1.6534143164722e-06	CCDC71L	c12
4.52202149798865e-22	-0.405467005739585	0.087	0.029	1.65510508847883e-17	BOLA2B	c12
2.45923210658622e-41	-0.405451036971724	0.155	0.049	9.00103543331624e-37	RIC1	c12
1.76995319893661e-37	-0.405423464063724	0.67	0.314	6.4782057034279e-33	KTN1	c12
7.91081289644358e-17	-0.405206886230581	0.068	0.024	2.89543662822732e-12	FAM222B	c12
1.69029166101843e-39	-0.405194921059792	0.602	0.277	6.18663650849354e-35	ILF3	c12
1.50282345288355e-31	-0.405148548428934	0.134	0.046	5.50048411989908e-27	RFK	c12
1.49692367162413e-30	-0.405096619550822	0.156	0.058	5.47889033051148e-26	RAF1	c12
1.53190406050165e-14	-0.405075684198395	0.046	0.014	5.6069220518421e-10	WDR25	c12
3.95457598160196e-26	-0.404989874878309	0.107	0.036	1.44741435502613e-21	PIGX	c12
3.76013119828999e-39	-0.404986138349118	0.169	0.057	1.37624561988612e-34	IREB2	c12
1.67321874763998e-05	-0.404982569654178	0.016	0.005	0.612414793823708	LERFS	c12
9.50112962097962e-28	-0.404858496923786	0.121	0.042	3.47750845257475e-23	MSL2	c12
1.30797574914782e-11	-0.404848050291871	0.028	0.007	4.78732203945592e-07	RWDD2A	c12
1.79292120885628e-24	-0.404789799410353	0.099	0.034	6.56227091653487e-20	SPAST	c12
1.47935919693673e-11	-0.404734427942824	0.041	0.014	5.41460259670814e-07	TADA2B	c12
9.36687959158657e-39	-0.404574190143184	0.214	0.08	3.4283715993166e-34	CALCOCO1	c12
1.32892737463019e-51	-0.404517634254511	0.254	0.089	4.86400708388396e-47	NLRC5	c12
2.46787836734602e-48	-0.404216017139373	0.204	0.067	9.03268161232315e-44	AKTIP	c12
1.41922812657464e-19	-0.404042436838711	0.081	0.028	5.19451686607585e-15	NUP205	c12
1.19118120498703e-21	-0.403867193837503	0.077	0.024	4.35984232837303e-17	RNF24	c12
1.33252323684651e-48	-0.403858169240625	0.291	0.11	4.87716829918193e-44	STX4	c12
1.98511551331254e-28	-0.403689776083378	0.128	0.045	7.26572129027523e-24	NKIRAS2	c12
4.79560602142025e-15	-0.403496320455766	0.052	0.017	1.75523975990003e-10	ZNF260	c12
1.06070374125614e-44	-0.403387185309382	0.173	0.055	3.88228176337161e-40	MRPS28	c12
1.12671018569368e-38	-0.403346348925816	0.149	0.048	4.12387195065745e-34	JARID2	c12
9.26471134348266e-27	-0.403179625913951	0.096	0.03	3.39097699882809e-22	METTL8	c12
7.50171111041381e-28	-0.403054988177968	0.107	0.035	2.74570128352256e-23	GEMIN6	c12
2.51230487137755e-52	-0.402841713909418	0.37	0.145	9.19528705972896e-48	RPL7L1	c12
2.50405601783203e-05	-0.402696774399521	0.019	0.007	0.9165095430867	MAFIP	c12
8.55129596005065e-07	-0.402663189066543	0.017	0.005	0.0312985983433814	ME3	c12
1.86782047304006e-25	-0.402644522282031	0.096	0.031	6.83640971337391e-21	LRCH1	c12
3.33988619065588e-23	-0.402621617186417	0.115	0.043	1.22243174464196e-18	MADD	c12
3.20100343131504e-27	-0.402581658128597	0.121	0.043	1.17159926589562e-22	TTC5	c12
1.29073102695853e-52	-0.40257658771358	0.391	0.155	4.72420463177093e-48	NDUFA9	c12
2.2781464399101e-12	-0.402454869078945	0.041	0.013	8.33824378471494e-08	SERPINI1	c12
4.32275217488965e-62	-0.402361072415006	0.421	0.159	1.58217052353136e-57	RFC1	c12
1.46406880630497e-37	-0.402224188242952	0.677	0.321	5.35863823795681e-33	SMCHD1	c12
8.07122800744974e-20	-0.401979184306857	0.08	0.027	2.95415016300668e-15	BRF2	c12
5.00932878003487e-09	-0.401533628977731	0.031	0.01	0.000183346442678056	SNAPC4	c12
6.82312641319242e-30	-0.401488859870279	0.103	0.032	2.49733249849256e-25	CYB561D1	c12
2.89585436152978e-45	-0.401473211800978	0.185	0.061	1.05991165486352e-40	SRFBP1	c12
9.43892184981582e-34	-0.401345802555232	0.171	0.063	3.45473978625109e-29	TIA1	c12
2.37125389312124e-52	-0.401163741073037	0.277	0.099	8.67902637421304e-48	AK2	c12
2.24122709965919e-35	-0.400681082061142	0.138	0.045	8.2031153074626e-31	CLASP2	c12
4.3162790549829e-15	-0.400670449465128	0.037	0.01	1.57980129691429e-10	ARL10	c12
3.50152811052204e-41	-0.40064253593604	0.186	0.064	1.28159430373217e-36	PCNA	c12
2.59452790028971e-22	-0.400605449714983	0.126	0.049	9.49623156785037e-18	VPS16	c12
2.4064047885622e-26	-0.400600207638826	0.087	0.027	8.8076821666165e-22	USP37	c12
1.21950488701642e-47	-0.400480180992755	0.238	0.084	4.4635098369688e-43	FTSJ1	c12
3.75207341012327e-59	-0.400305549655101	0.431	0.167	1.37329638883922e-54	YIPF3	c12
9.3188821170962e-27	-0.400149194331669	0.099	0.032	3.41080404367838e-22	CDK5	c12
1.5295817111078e-23	-0.400124596525541	0.48	0.252	5.59842202082564e-19	PIM1	c12
6.7686013708403e-34	-0.399964011557798	0.269	0.115	2.47737578774126e-29	RNF10	c12
4.54983829440036e-19	-0.399938294512059	0.754	0.397	1.66528631413348e-14	APBB1IP	c12
4.30163609351554e-21	-0.399887990303005	0.096	0.035	1.57444182658762e-16	RAD9A	c12
3.57202135912669e-22	-0.399667579565187	0.086	0.029	1.30739553765396e-17	NRF1	c12
8.19956001715461e-31	-0.399504806029642	0.118	0.038	3.00112096187876e-26	IFIH1	c12
1.17135664997423e-24	-0.399333848802835	0.104	0.036	4.28728247457069e-20	DYRK1A	c12
1.49026654003372e-20	-0.399267338934884	0.063	0.019	5.45452456317741e-16	TLK2	c12
1.81585467515399e-06	-0.398986451481876	0.015	0.004	0.0664620969653111	VWDE	c12
2.88171784009176e-46	-0.398916905174305	0.2	0.067	1.05473754665199e-41	PTPMT1	c12
6.0889737004365e-60	-0.39890648392065	0.326	0.116	2.22862526409676e-55	UFL1	c12
1.058255012061e-13	-0.398642507165386	0.795	0.43	3.87331916964446e-09	ARHGDIA	c12
2.69775795775585e-20	-0.398575946116793	0.086	0.03	9.87406390118218e-16	ERCC6	c12
8.40515723083429e-49	-0.398428618089581	0.469	0.198	3.07637159805766e-44	C18orf32	c12
5.29659885231364e-15	-0.398339678894951	0.059	0.02	1.93860814593532e-10	LRRC45	c12
5.41249159707722e-28	-0.3982702044788	0.156	0.06	1.98102604944623e-23	OXCT1	c12
9.01804892750035e-29	-0.3982289283109	0.113	0.037	3.3006960879544e-24	FAM76B	c12
8.9529062992559e-18	-0.398093766439829	0.059	0.018	3.27685323459065e-13	TXNL4B	c12
1.52627412609419e-60	-0.398058069585521	0.345	0.125	5.58631592891736e-56	TSTA3	c12
1.24967007142424e-48	-0.397940131582957	0.274	0.101	4.57391742841986e-44	MRPL47	c12
8.00777329764886e-33	-0.397822311287928	0.184	0.07	2.93092510467246e-28	TMEM87B	c12
2.99863436268667e-32	-0.397765285098437	0.146	0.051	1.09753016308695e-27	GPATCH2L	c12
6.69775994568679e-09	-0.397669674122366	0.029	0.009	0.000245144711772082	ERF	c12
2.86931395475458e-42	-0.397666774440902	0.37	0.157	1.05019760057972e-37	SERINC3	c12
2.00683173138069e-46	-0.397639291103979	0.291	0.112	7.34520482002647e-42	MARCH7	c12
6.68229485678466e-16	-0.397492581770302	0.057	0.019	2.44578674053175e-11	NAXD	c12
8.58592034643541e-53	-0.397421486305757	0.417	0.168	3.14253270599882e-48	IRF2	c12
2.10415222328781e-35	-0.397147609974438	0.638	0.299	7.70140755245571e-31	TWF2	c12
0.000555417392329715	-0.397059453166919	0.011	0.004	1	HS6ST1	c12
1.32672981837897e-10	-0.396967126886155	0.032	0.01	4.85596380824886e-06	ACVR1	c12
8.71091181669508e-31	-0.396748768827631	0.105	0.032	3.18828083402856e-26	MTG2	c12
1.90705664584126e-08	-0.396742762001294	0.037	0.014	0.00069800180294436	PUS7	c12
1.27110818285392e-44	-0.396561675229838	0.168	0.053	4.65238306006362e-40	SHPRH	c12
1.37734519087953e-53	-0.396510429677103	0.317	0.118	5.04122113313815e-49	SMIM12	c12
4.48827265664341e-36	-0.396499211527283	0.18	0.065	1.64275267505805e-31	PSD4	c12
2.12798659474546e-47	-0.396464989744715	0.217	0.074	7.78864373542787e-43	RPAP2	c12
4.05400821027027e-09	-0.396402834864296	0.024	0.007	0.000148380754504102	SPATA7	c12
3.84697177270203e-21	-0.396231442679983	0.094	0.033	1.40803013852667e-16	MSRB1	c12
9.17467037398746e-45	-0.395976936396254	0.189	0.063	3.35802110358315e-40	THOC6	c12
2.6808536546404e-30	-0.395852992964744	0.129	0.044	9.81219246134931e-26	PARP12	c12
9.4512164874871e-41	-0.395740448082772	0.327	0.136	3.45923974658515e-36	EIF4E2	c12
3.14553725392234e-22	-0.395588769839401	0.07	0.021	1.15129809030812e-17	HLA-G	c12
3.99315016120515e-36	-0.395539802687804	0.164	0.057	1.4615328905027e-31	SPG11	c12
1.3135249360914e-15	-0.395396857836439	0.048	0.014	4.80763261858815e-11	ZNF398	c12
9.54767052598151e-60	-0.395342184665946	0.331	0.119	3.49454288921449e-55	CLN3	c12
1.43791352838928e-41	-0.395339166878391	0.179	0.06	5.26290730525762e-37	RIOK1	c12
2.8795591550543e-21	-0.395328271852547	0.079	0.026	1.05394744634143e-16	MIOS	c12
0.000170405640659333	-0.395167868634072	0.015	0.005	1	BACE1	c12
4.49052032191324e-18	-0.39510456922467	0.064	0.021	1.64357534302347e-13	ERLIN2	c12
5.34231796185782e-11	-0.394867472416913	0.035	0.011	1.95534179721958e-06	MTHFSD	c12
2.5088047587215e-16	-0.394700001057336	0.057	0.019	9.18247629739655e-12	ZNF827	c12
2.5513933045824e-45	-0.394564907851217	0.235	0.085	9.33835463410206e-41	UBE2D1	c12
4.71102391468589e-49	-0.394532705214536	0.212	0.071	1.72428186301418e-44	PMS1	c12
1.4155963297459e-61	-0.394531875049316	0.299	0.102	5.18122412650296e-57	PRKAR2A	c12
1.42441360249723e-35	-0.394493969001309	0.114	0.034	5.21349622650012e-31	BRAF	c12
5.95985402420437e-51	-0.394414077808077	0.282	0.103	2.18136617139904e-46	USP48	c12
1.16276319528872e-34	-0.394367063247815	0.676	0.319	4.25582957107626e-30	SQSTM1	c12
2.42659457612965e-47	-0.394321925241927	0.454	0.193	8.88157880809214e-43	PFDN2	c12
1.64730962061015e-53	-0.394303554342077	0.478	0.196	6.0293179423952e-49	PSMA4	c12
5.51079399118642e-54	-0.394290491215673	0.221	0.072	2.01700570871414e-49	PUS7L	c12
3.17007734160591e-52	-0.394181626832643	0.335	0.129	1.16028000780118e-47	ERN1	c12
2.95041898244064e-25	-0.394129738506933	0.137	0.053	1.0798828517631e-20	ZNF143	c12
6.49400458788972e-06	-0.394059503470015	0.03	0.013	0.237687061921352	BLM	c12
1.01620351901175e-06	-0.393941246145094	0.02	0.007	0.0371940649993491	AC010618.3	c12
6.74533907813853e-07	-0.393905205915208	0.019	0.006	0.0246886155598948	LONRF1	c12
2.4742489164262e-18	-0.39389838931816	0.123	0.053	9.05599845901155e-14	ICOS	c12
3.34128805017748e-13	-0.393861595279178	0.056	0.02	1.22294483924546e-08	GEMIN5	c12
1.08307090499123e-35	-0.3937995273581	0.18	0.065	3.96414781935839e-31	PLAA	c12
4.77173975119558e-49	-0.393675205888503	0.161	0.047	1.74650446633509e-44	CEP95	c12
1.5649832321826e-43	-0.393665261024793	0.523	0.232	5.72799512811152e-39	CARD16	c12
8.46430858372367e-30	-0.393565092789185	0.131	0.045	3.0980215847287e-25	WDR70	c12
1.81076150964801e-32	-0.393438365001383	0.134	0.045	6.62756820146267e-28	DUSP22	c12
1.63548359034273e-34	-0.393375645518609	0.17	0.061	5.98603348901342e-30	ODF2	c12
2.03262279057526e-35	-0.393188018654857	0.138	0.045	7.43960267578451e-31	ATR	c12
1.14305586081404e-40	-0.393094820658037	0.195	0.069	4.18369875616545e-36	MINK1	c12
2.24336311346226e-44	-0.392867911091993	0.17	0.054	8.21093333158322e-40	GTF2F2	c12
3.42151176832502e-27	-0.392787575802223	0.672	0.332	1.25230752232464e-22	PGAM1	c12
1.70101127549191e-17	-0.392633250827936	0.066	0.022	6.22587136942795e-13	LIMK2	c12
1.48223891063627e-60	-0.392523381828896	0.517	0.206	5.4251426368198e-56	TMEM173	c12
2.11097475158376e-48	-0.39232277655793	0.434	0.181	7.72637868827173e-44	BUD31	c12
5.51975666112356e-27	-0.392311299007087	0.147	0.056	2.02028613553783e-22	UBL4A	c12
5.43510649496695e-06	-0.392157081449455	0.015	0.004	0.198930332822285	AC136475.2	c12
8.19443203474043e-50	-0.39205823951501	0.574	0.247	2.99924406903534e-45	HM13	c12
1.70214245471604e-20	-0.392046594506819	0.089	0.032	6.23001159850619e-16	TIMM21	c12
1.69269334835251e-49	-0.391948840738264	0.302	0.115	6.19542692430502e-45	TUSC2	c12
3.56392448984157e-60	-0.391866852313236	0.412	0.158	1.30443200252691e-55	CCNH	c12
1.27378513370381e-29	-0.391740776857033	0.162	0.061	4.66218096786932e-25	SCYL1	c12
2.49710430076841e-40	-0.391670959014898	0.193	0.068	9.13965145124245e-36	CXXC1	c12
8.0195570878758e-47	-0.391542447232587	0.268	0.1	2.93523808973342e-42	SEMA4D	c12
3.13751254597622e-30	-0.391406690832101	0.099	0.03	1.14836096695276e-25	EDEM1	c12
9.3614618503476e-21	-0.391382478350407	0.089	0.031	3.42638865184573e-16	PDPR	c12
4.32830896874527e-21	-0.391355541263166	0.069	0.021	1.58420436565045e-16	RFX3	c12
2.89437368916057e-42	-0.39126067971421	0.451	0.198	1.05936971396966e-37	RASSF5	c12
2.13545046643685e-45	-0.391140532018978	0.285	0.11	7.81596225220553e-41	EIF2S1	c12
2.03452333993937e-43	-0.391073148805337	0.196	0.067	7.4465588765121e-39	HMGXB4	c12
1.21899153917138e-51	-0.390875797134977	0.313	0.118	4.46163093252115e-47	CCDC90B	c12
2.96879135869074e-06	-0.390739537086746	0.02	0.007	0.10866073251944	HIST1H3H	c12
1.7456423214709e-08	-0.390719079085716	0.029	0.01	0.000638922546081564	ZNF786	c12
0.00331081818236527	-0.390283064294028	0.015	0.007	1	CCNB1	c12
3.43025072695409e-17	-0.390218576530143	0.078	0.028	1.25550606857247e-12	FAM98B	c12
2.29502922487602e-06	0.389966822052014	0.014	0.004	0.0840003646596872	DLG4	c12
0.807423517410373	-0.389781029240901	0.895	0.61	1	PSMB9	c12
6.31564775793929e-37	-0.389734408511233	0.204	0.077	2.31159023588336e-32	XAB2	c12
1.34633854014919e-24	-0.38947216557284	0.11	0.039	4.92773369080004e-20	COQ5	c12
1.10330338777098e-09	-0.389463529165681	0.018	0.004	4.03820072958058e-05	MAFG	c12
2.28210946741152e-11	-0.389428706773537	0.049	0.018	8.35274886167292e-07	SLC35A2	c12
5.38571283494078e-37	-0.389328872292939	0.187	0.068	1.97122475471667e-32	KLHDC4	c12
1.10419580287584e-16	-0.389267324716038	0.083	0.032	4.04146705810587e-12	CEP192	c12
4.13966080897149e-13	-0.388929763892986	0.784	0.433	1.51515725269166e-08	TMEM59	c12
2.20026604662699e-32	-0.388813131227636	0.129	0.043	8.05319375725945e-28	IQCB1	c12
4.94128133301214e-10	-0.388806210106407	0.033	0.011	1.80855838069577e-05	C8orf82	c12
4.32246011326198e-58	-0.388478474097541	0.459	0.181	1.58206362605502e-53	TOX4	c12
7.23370324994208e-13	-0.388397438012738	0.056	0.021	2.6476077265113e-08	GALNS	c12
1.09526073740594e-42	-0.388236145518335	0.159	0.05	4.00876382497948e-38	PXK	c12
2.40076399202741e-18	-0.38816429864216	0.088	0.033	8.78703628721952e-14	GPATCH2	c12
4.47193802988977e-38	-0.388151126706026	0.286	0.118	1.63677403831996e-33	TINF2	c12
3.07538556405924e-24	-0.388112010281285	0.084	0.026	1.12562187030132e-19	FBXL4	c12
8.99299672575265e-51	-0.388009769742585	0.254	0.09	3.29152673159273e-46	SLC52A2	c12
3.14291174326735e-42	-0.387945883802494	0.164	0.053	1.15033712715328e-37	CLCN3	c12
3.78150318957016e-22	-0.387888722208022	0.118	0.045	1.38406798241458e-17	FARSB	c12
2.83593874339668e-34	-0.387802537627688	0.129	0.041	1.03798193947062e-29	MMAB	c12
7.38761101407746e-30	-0.387784579865788	0.172	0.067	2.70393950726249e-25	SLC10A3	c12
1.70252280093368e-37	-0.387627323627756	0.14	0.045	6.23140370369736e-33	ARHGAP19	c12
3.60620304223834e-14	-0.38755085261589	0.064	0.024	1.31990637548965e-09	C12orf73	c12
5.38969681704257e-28	-0.387414436203364	0.102	0.033	1.97268293200575e-23	WDR26	c12
7.61564952884525e-43	-0.387382141946375	0.35	0.146	2.78740388405265e-38	PTBP1	c12
3.18976206458071e-62	-0.387319729033588	0.49	0.192	1.16748481325719e-57	RSU1	c12
0.000124314107266747	-0.387293866919493	0.01	0.003	1	AC147651.4	c12
1.55604451158134e-10	-0.387275367825085	0.048	0.018	5.69527851683885e-06	RAD18	c12
1.15672804734255e-05	0.387170818151685	0.014	0.004	0.423374032607846	FAM43A	c12
8.6250898947545e-25	-0.387162761230739	0.073	0.021	3.15686915237909e-20	SLC7A1	c12
1.68359472390856e-62	-0.387132677233565	0.398	0.149	6.16212504897773e-58	GON4L	c12
5.60899423066333e-28	-0.387016099544821	0.097	0.03	2.05294797836508e-23	NUFIP1	c12
4.2407220128025e-36	-0.386998505152797	0.619	0.291	1.55214666390584e-31	BUB3	c12
1.35729517362961e-48	-0.386987893378375	0.248	0.088	4.96783606500175e-44	PUM2	c12
2.18639472382104e-26	-0.386880702525899	0.132	0.049	8.00242332865739e-22	BANP	c12
1.38403354216661e-43	-0.386782740570379	0.197	0.067	5.06570116768401e-39	SLC7A6OS	c12
4.09714942941054e-25	-0.386716898166407	0.101	0.034	1.49959766265855e-20	TRMT13	c12
2.97560304393924e-36	-0.386602964228426	0.143	0.047	1.0891004701122e-31	TSPAN31	c12
5.84527409219228e-53	-0.386594166516841	0.282	0.101	2.1394287704833e-48	EVI2A	c12
6.41512839162532e-32	-0.386566926149863	0.133	0.045	2.34800114261878e-27	HACL1	c12
1.06127996316912e-29	-0.386520760950348	0.126	0.043	3.8843907931953e-25	DPAGT1	c12
0.012927251478897	-0.386506052624791	0.013	0.006	1	ASF1B	c12
2.19378501656784e-51	-0.386274272649075	0.441	0.181	8.02947253913996e-47	CYC1	c12
2.61547002416228e-52	-0.38625197225398	0.44	0.179	9.57288183543636e-48	ARIH2	c12
1.1692682844885e-07	-0.385963706141507	0.023	0.008	0.00427963884805637	LINC00239	c12
3.37386892621678e-29	-0.385933336781258	0.118	0.04	1.2348697656846e-24	SKIV2L	c12
3.28643690500248e-42	-0.385795794145208	0.241	0.091	1.20286877159996e-37	NUP107	c12
2.1594340575845e-06	-0.385714017948121	0.012	0.003	0.0790374459416503	UBR5-AS1	c12
3.65362685914882e-25	-0.385553810591932	0.567	0.288	1.33726396671706e-20	ATP5ME	c12
3.02983760749902e-52	-0.385327838856453	0.361	0.141	1.10895086272071e-47	BAZ1B	c12
8.56275180740826e-21	-0.385219147259109	0.064	0.019	3.1340527890295e-16	SLC35E1	c12
2.05282211564109e-21	-0.385095728932438	0.082	0.027	7.51353422545795e-17	ABCD2	c12
4.64339147682398e-45	-0.385094279982986	0.232	0.084	1.69952771443234e-40	ADA2	c12
1.99641537994012e-36	-0.384956471801784	0.185	0.067	7.30707993211883e-32	PRKD2	c12
0.00140748693000133	-0.384954439110707	0.013	0.005	1	ZNF726	c12
2.39486617815905e-61	-0.384761356172045	0.305	0.106	8.76544969867993e-57	ZCCHC17	c12
3.44891529921593e-39	-0.384640181267736	0.189	0.067	1.26233748866602e-34	HAT1	c12
3.34619018971602e-21	-0.384560768369754	0.055	0.015	1.22473907133796e-16	KLHDC10	c12
1.07047780787493e-24	-0.384508918172108	0.183	0.078	3.91805582460302e-20	RNF11	c12
3.95920161428278e-05	-0.384462824240782	0.028	0.012	1	SLC4A10	c12
1.30781971721757e-49	-0.384318261741095	0.281	0.104	4.78675094698803e-45	TASOR	c12
3.39265955479141e-07	-0.384217923499485	0.03	0.011	0.012417473236492	NOMO2	c12
1.517300831154e-21	-0.384169837914371	0.163	0.071	5.55347277210676e-17	NAA10	c12
2.03474506717079e-40	-0.384074929368813	0.159	0.051	7.4473704203518e-36	LARP1	c12
2.36872633283864e-25	-0.383912622950781	0.094	0.03	8.66977525082272e-21	BCAS3	c12
3.8999779586747e-29	-0.383714584125429	0.149	0.055	1.42743093265453e-24	RFFL	c12
2.73008170903632e-05	-0.383664986730804	0.01	0.002	0.999237206324385	SH3D19	c12
1.09618742347332e-10	-0.38357523388661	0.034	0.011	4.0121555886547e-06	SLC66A1	c12
3.17028010294024e-37	-0.383211839065432	0.136	0.043	1.16035422047716e-32	ZNF720	c12
5.06874459838753e-38	-0.383209852777331	0.194	0.07	1.85521121045582e-33	TBC1D22A	c12
3.25631141938121e-46	-0.383094728242741	0.195	0.064	1.19184254260772e-41	TCTA	c12
3.48671941144842e-52	-0.383025557452554	0.315	0.118	1.27617417178424e-47	CHMP5	c12
3.47220040711664e-25	-0.382988659668029	0.087	0.027	1.27086007100876e-20	CC2D1B	c12
5.75024002471966e-38	-0.382574077055827	0.645	0.297	2.10464535144764e-33	RBX1	c12
4.2453940385373e-14	-0.382567546549671	0.036	0.01	1.55385667204504e-09	GDPD1	c12
0.0504783361805708	-0.382454810925408	0.947	0.672	1	UBB	c12
9.67977234328358e-35	-0.382399484836365	0.124	0.039	3.54289347536522e-30	NISCH	c12
7.22191497881558e-44	-0.382397751567531	0.152	0.046	2.64329310139629e-39	ZNF84	c12
2.48607852822846e-32	-0.382377683428744	0.135	0.046	9.09929602116898e-28	SPRTN	c12
9.51035387439877e-47	-0.382352167067858	0.336	0.134	3.48088462156869e-42	CCDC69	c12
4.59234088072627e-14	-0.382280587931244	0.04	0.012	1.68084268575462e-09	ZNF268	c12
5.08220939828913e-12	-0.382233412735808	0.033	0.01	1.8601394618678e-07	BRCA2	c12
1.79901377195726e-45	-0.382188291964842	0.26	0.097	6.58457030674075e-41	BID	c12
9.92875600725726e-42	-0.38205537368672	0.215	0.078	3.63402398621623e-37	AIDA	c12
2.83170099983499e-49	-0.381802147575152	0.3	0.113	1.0364308829496e-44	ARF3	c12
3.55796542662781e-27	-0.381800429544282	0.132	0.048	1.30225092580004e-22	EPS15L1	c12
1.77811244352865e-54	-0.381680529206401	0.25	0.085	6.50806935455922e-50	PRDX4	c12
1.73369851013661e-48	-0.381609833385425	0.395	0.162	6.34550991695102e-44	OS9	c12
2.87365543125304e-15	-0.381509167221469	0.064	0.023	1.05178662439293e-10	EDC3	c12
1.11062661483849e-63	-0.381413204434422	0.347	0.123	4.06500447297037e-59	JOSD2	c12
2.52936400388886e-14	-0.381332368905615	0.049	0.016	9.25772519063362e-10	PITPNA	c12
2.40911932622826e-11	-0.381312715791505	0.044	0.015	8.81761764592806e-07	UBOX5	c12
8.45729135998191e-20	-0.381105620998211	0.069	0.022	3.09545321066698e-15	IRAK1	c12
9.41137600838941e-45	-0.38090503233448	0.229	0.082	3.44465773283061e-40	RINL	c12
2.30516820770175e-56	-0.380832103215653	0.341	0.128	8.43714615700916e-52	MIS18BP1	c12
8.43236124616582e-13	-0.380819422426594	0.064	0.025	3.08632853970915e-08	MSTO1	c12
0.000127628661430819	-0.380544754671519	0.983	0.765	1	IL2RG	c12
3.1845604935404e-35	-0.380469211044094	0.207	0.08	1.16558098624072e-30	COPS8	c12
1.50650609249515e-13	-0.380439078363077	0.048	0.016	5.51396294914148e-09	MTERF2	c12
1.78331733747743e-22	-0.380315854928351	0.106	0.039	6.52711978690113e-18	YIPF1	c12
1.0101601997619e-10	-0.380141156634062	0.839	0.463	3.69728734714854e-06	NDUFB2	c12
1.20749878308587e-06	-0.380114373157457	0.027	0.01	0.0441956629597258	TUBB4A	c12
2.46244992410214e-31	-0.380076121234733	0.149	0.053	9.01281296720623e-27	DHX8	c12
7.10204756415188e-46	-0.380055244602876	0.539	0.236	2.59942042895523e-41	MRPL51	c12
2.04260205558628e-49	-0.380027792327151	0.218	0.073	7.47612778365133e-45	ARFGEF1	c12
2.85793549985033e-28	-0.380000706161127	0.119	0.041	1.04603297230022e-23	F11R	c12
1.73357158766e-07	-0.379957444193677	0.026	0.009	0.00634504536799438	CAMSAP1	c12
7.86529113895202e-57	-0.379947024525019	0.29	0.102	2.87877520976783e-52	SAMM50	c12
8.93845190932142e-28	-0.379907724242281	0.107	0.035	3.27156278333073e-23	TRAF3	c12
2.03173888048452e-40	-0.379733870581425	0.188	0.066	7.43636747646139e-36	GAPVD1	c12
8.64444579036988e-13	-0.379586720939021	0.046	0.015	3.16395360373328e-08	SLC37A1	c12
1.57362603043777e-29	-0.379554515769883	0.104	0.033	5.75962863400527e-25	PIGL	c12
1.54835037924992e-19	-0.379418388736018	0.065	0.02	5.66711722309263e-15	MDM1	c12
6.82737311535853e-11	-0.379396550574216	0.03	0.009	2.49888683395238e-06	TNFRSF14-AS1	c12
2.08937615740222e-22	-0.379390511100515	0.104	0.038	7.64732567370787e-18	LAX1	c12
7.1051507707499e-27	-0.379362233571738	0.156	0.061	2.60055623360217e-22	PAPSS1	c12
1.12134170444273e-28	-0.379066426635804	0.595	0.295	4.10422277243084e-24	SH3BGRL	c12
4.59436319631667e-45	-0.379047579832935	0.303	0.119	1.68158287348386e-40	PITPNB	c12
8.8426905963149e-46	-0.37902273441026	0.407	0.171	3.23651318515722e-41	SHKBP1	c12
6.64646503464472e-52	-0.37899702701262	0.223	0.074	2.43267266733031e-47	BCL2A1	c12
6.01938754324607e-46	-0.37898881763963	0.188	0.062	2.20315603470349e-41	CDV3	c12
6.6029899526463e-32	-0.378696543982233	0.139	0.048	2.41676035256807e-27	SLC39A8	c12
1.46425394496381e-46	-0.378680469608811	0.205	0.069	5.35931586396203e-42	ZNF770	c12
5.71142241668582e-05	-0.378670935604405	0.012	0.003	1	LRRC56	c12
6.11567317906422e-50	-0.378645130148902	0.322	0.124	2.2383975402693e-45	SBNO1	c12
2.72226523743728e-44	-0.378617632718213	0.254	0.095	9.9637629955442e-40	GIMAP6	c12
2.88617355599076e-07	-0.378605693298293	0.018	0.005	0.0105636838322818	TMC4	c12
3.02587643562114e-07	-0.378561206447026	0.028	0.01	0.0110750103420169	FBXW8	c12
4.34032798831637e-51	-0.378497575395757	0.207	0.067	1.58860344700367e-46	TYW3	c12
9.33987814260564e-53	-0.378466280648411	0.278	0.1	3.41848879897509e-48	FOXN2	c12
2.20891829398199e-32	-0.378409333985986	0.164	0.06	8.08486184780349e-28	TMEM189	c12
1.05323689595966e-62	-0.3784014618634	0.389	0.144	3.85495236290196e-58	SAP30BP	c12
3.45123200799239e-34	-0.378163625828105	0.214	0.084	1.26318542724529e-29	MOB3A	c12
4.43045694205237e-62	-0.37810477636954	0.477	0.186	1.62159154536059e-57	WSB1	c12
2.96698413789745e-40	-0.378104630770216	0.25	0.097	1.08594586431185e-35	SNX20	c12
3.18193653957135e-06	0.378004578782233	0.01	0.002	0.116462059284851	PTGR1	c12
2.36677192491799e-62	-0.377930878638654	0.357	0.13	8.66262192239233e-58	GBP4	c12
1.45342287542921e-15	-0.377908381873659	0.049	0.015	5.31967306635844e-11	C1RL-AS1	c12
7.08744706995454e-05	-0.377826957649449	0.017	0.006	1	ZNF257	c12
9.11558945915068e-60	-0.377817175802401	0.421	0.162	3.33639689794374e-55	MRPS12	c12
3.42129537844048e-05	-0.377755794564989	0.016	0.005	1	AL590705.1	c12
6.76609224849538e-24	-0.377754822472095	0.086	0.028	2.4764574238718e-19	GPR89A	c12
6.49254985756591e-61	-0.37767580297023	0.345	0.125	2.3763381733677e-56	FCGRT	c12
4.14351289728041e-16	-0.377374315129358	0.079	0.03	1.5165671555336e-11	XPNPEP3	c12
9.04918492098542e-27	-0.37720674519943	0.107	0.036	3.31209217292987e-22	ERC1	c12
4.11429400973696e-44	-0.377173213085184	0.219	0.078	1.50587275050382e-39	SNRNP27	c12
5.00198962574305e-56	-0.377110737410381	0.279	0.097	1.83077822291821e-51	COPA	c12
2.08281155311436e-52	-0.377065999628008	0.571	0.243	7.62329856555388e-48	EIF5B	c12
4.92607339706903e-29	-0.377049191257037	0.727	0.356	1.80299212406124e-24	TBCB	c12
3.54799111411596e-40	-0.376984507724625	0.153	0.049	1.29860022767758e-35	ZMYND8	c12
1.23561142456116e-40	-0.376851747382577	0.568	0.259	4.52246137503629e-36	GPI	c12
4.05281853115163e-24	-0.376829363934313	0.104	0.036	1.48337211058681e-19	PRADC1	c12
2.75915027861319e-36	-0.376774365586144	0.167	0.059	1.00987659347521e-31	ERO1B	c12
9.31946044931097e-12	-0.376644145558465	0.037	0.012	3.41101571905231e-07	SLC10A7	c12
7.61855748674685e-52	-0.37663684181198	0.209	0.067	2.78846822572421e-47	CREBBP	c12
2.45240420803357e-41	-0.376531478264103	0.161	0.052	8.97604464182366e-37	NECAP1	c12
7.49299885882898e-45	-0.376359717987983	0.188	0.062	2.74251251232e-40	ZFP90	c12
2.00661274737218e-25	-0.376245776413556	0.1	0.033	7.34440331665693e-21	AAMDC	c12
4.2686591862895e-54	-0.376130237336005	0.467	0.191	1.56237194877382e-49	VPS36	c12
5.04200873914397e-09	-0.376073854398268	0.036	0.013	0.000184542561861408	ANO10	c12
7.19076239822697e-39	-0.376072458926814	0.144	0.045	2.63189094537505e-34	YIPF2	c12
2.21349945125723e-27	-0.376001961586041	1	0.961	8.10162934154658e-23	PFN1	c12
2.53114071495147e-12	-0.375936609416559	0.774	0.428	9.26422813079387e-08	MORF4L1	c12
2.48176441928799e-61	-0.375767413527597	0.368	0.136	9.08350595103597e-57	ATF4	c12
3.65667881232797e-30	-0.375756489115145	0.087	0.025	1.33838101210016e-25	DNAJC5	c12
6.96615572371688e-49	-0.375717473668689	0.298	0.113	2.54968265643762e-44	UBE2G1	c12
3.93977200806246e-37	-0.375630913799198	0.189	0.069	1.44199595267094e-32	MPHOSPH6	c12
2.44603362746275e-14	-0.375622790652514	0.059	0.021	8.95272767987643e-10	C12orf49	c12
4.15809274857327e-32	-0.375416482594294	0.123	0.04	1.5219035269053e-27	PEX1	c12
0.000490750458939833	-0.375399391117202	0.011	0.004	1	C11orf74	c12
4.16118330192646e-52	-0.375359094162914	0.371	0.146	1.5230347003381e-47	ESYT1	c12
6.12697403426399e-33	-0.37534406459702	0.143	0.049	2.24253376628096e-28	TBC1D14	c12
0.00107443194915521	-0.375234595555866	0.015	0.006	1	CPB2-AS1	c12
5.35856089796312e-05	-0.375200202980913	0.014	0.005	1	AC083862.3	c12
3.92503553762384e-62	-0.375190477974817	0.486	0.191	1.4366022571257e-57	USP34	c12
9.45180323626463e-08	-0.375174485783575	0.039	0.016	0.00345945450250522	TDRKH	c12
2.31794393945315e-65	-0.375152504702971	0.426	0.159	8.48390661279247e-61	IFI6	c12
0.295849702454212	-0.375064499841828	0.936	0.651	1	PPIB	c12
1.17494460595501e-50	-0.374871857504204	0.202	0.065	4.30041475225595e-46	MAN2A1	c12
4.11057357406943e-60	-0.374857485791662	0.299	0.104	1.50451103384515e-55	WDR45	c12
1.62541967250962e-11	-0.374846311554935	0.043	0.015	5.94919854335247e-07	NBPF3	c12
2.41695846761008e-37	-0.374794613000208	0.152	0.05	8.84630968729965e-33	IFT52	c12
7.35735415454221e-33	-0.374790154149107	0.203	0.08	2.69286519410399e-28	OAS2	c12
4.02112787570548e-55	-0.374635220486387	0.329	0.122	1.47177301378696e-50	ITPA	c12
9.38568121675881e-20	-0.374423083865192	0.068	0.022	3.43525318214589e-15	GID4	c12
5.86382872275962e-33	-0.374251093220728	0.606	0.291	2.14621995081725e-28	GNB2	c12
4.85309019339239e-48	-0.374235589351626	0.243	0.086	1.77627954168355e-43	COX19	c12
6.30938360175017e-52	-0.37419519179628	0.257	0.09	2.30929749207658e-47	ISCA1	c12
1.53394293904768e-39	-0.37390347865239	0.182	0.063	5.6143845512084e-35	RPP30	c12
9.27556693264964e-27	-0.373813274265793	0.089	0.027	3.39495025301909e-22	SIRT5	c12
2.04934310090392e-55	-0.373783980818229	0.497	0.202	7.50080068361844e-51	DCTN2	c12
1.04624706915356e-43	-0.37376319691993	0.58	0.259	3.82936889780894e-39	RAB7A	c12
2.05337124947112e-47	-0.373761655527411	0.603	0.267	7.51554411018923e-43	TGOLN2	c12
4.85218694756169e-19	-0.373656424402959	0.051	0.014	1.77594894467705e-14	ZSCAN2	c12
3.64649276051024e-20	-0.373475771129121	0.068	0.021	1.33465281527435e-15	ST7L	c12
7.90162786087549e-61	-0.373367526200067	0.297	0.102	2.89207481335904e-56	UVRAG	c12
2.23209027782093e-44	-0.373097229722462	0.582	0.26	8.1696736258524e-40	XBP1	c12
1.56482056465032e-43	-0.373036339064004	0.176	0.057	5.72739974867663e-39	QDPR	c12
1.72450453796027e-34	-0.373000945854232	0.167	0.06	6.31185905938839e-30	TMUB2	c12
4.89737834620045e-32	-0.372971088574279	0.691	0.334	1.79248944849283e-27	ATP6V1F	c12
1.26162536710632e-15	-0.372962856151193	0.053	0.017	4.61767500614585e-11	RAD51B	c12
3.75691621311681e-24	-0.372883639459821	0.082	0.025	1.37506890316288e-19	GARS-DT	c12
1.75773380294596e-22	-0.37280780527394	0.074	0.023	6.43348149216251e-18	LRRC42	c12
0.000334230367293508	-0.372734567893449	0.996	0.903	1	MT-ND3	c12
2.33095372371862e-08	-0.37269681026964	0.032	0.011	0.000853152372418253	PTCD1	c12
7.23374903260424e-42	-0.372524532739134	0.143	0.043	2.64762448342348e-37	SLK	c12
2.08221194775634e-32	-0.372322219180452	0.146	0.051	7.62110394998296e-28	EMC2	c12
8.90520861335528e-62	-0.372269069670626	0.331	0.118	3.25939540457417e-57	MTG1	c12
1.47413031271094e-11	-0.372051303277981	0.031	0.009	5.39546435755331e-07	SFXN2	c12
1.89705892754969e-14	-0.371971805402962	0.053	0.018	6.9434253807246e-10	DCUN1D4	c12
2.68718163390672e-13	-0.371880102478636	0.785	0.43	9.83535349826197e-09	GNG5	c12
1.89033572106653e-20	-0.371861465870788	0.067	0.021	6.9188177726756e-16	MOSPD1	c12
3.36939616057489e-25	-0.371694032876242	0.083	0.025	1.23323268873202e-20	STK40	c12
6.64004418262451e-47	-0.371657273794253	0.255	0.094	2.4303225712824e-42	PRRC2A	c12
6.5877165700133e-33	-0.371613093111508	0.17	0.063	2.41117014179057e-28	NDEL1	c12
1.22058427698269e-37	-0.371579345440056	0.14	0.045	4.46746051218433e-33	BISPR	c12
3.52354053658302e-38	-0.371502729299677	0.183	0.065	1.28965107179475e-33	WASHC4	c12
1.29402330411366e-08	-0.371499389165698	0.024	0.007	0.000473625469538641	AFG1L	c12
5.36422323785982e-34	-0.371360352077688	0.146	0.05	1.96335934728907e-29	CDC37L1	c12
5.68197186011927e-58	-0.371338323953492	0.379	0.143	2.07965852052225e-53	GRINA	c12
1.07668353686034e-57	-0.371185448413182	0.299	0.106	3.94076941326253e-53	RBM33	c12
2.28072816636841e-43	-0.370914827760968	0.183	0.061	8.34769316172502e-39	TOLLIP	c12
4.16582260222719e-06	-0.37086551713705	0.022	0.008	0.152473273064117	HSPA14	c12
3.61006492010631e-23	-0.370852090494816	0.057	0.015	1.32131986140811e-18	REXO1	c12
7.76596848305041e-64	-0.370819739365585	0.544	0.216	2.84242212448128e-59	LMAN1	c12
0.000172728601402909	-0.370604678840198	0.014	0.005	1	LINC02693	c12
2.12231449994056e-25	-0.370251594556473	0.087	0.027	7.76788330123243e-21	SRD5A3	c12
6.90919844918289e-51	-0.37022288131451	0.218	0.072	2.52883572438543e-46	CCNB1IP1	c12
1.61485966398014e-06	-0.370183150831823	0.014	0.004	0.059105478561337	CYB5D1	c12
1.15086533233758e-55	-0.370081147859299	0.58	0.247	4.21228220288878e-51	TNFAIP3	c12
1.4793807898561e-07	-0.369939273213944	0.021	0.007	0.0054146816289523	PFAS	c12
6.60187474351404e-59	-0.3698107253231	0.26	0.086	2.41635217487357e-54	LENG1	c12
1.03487193590804e-39	-0.36969054174821	0.185	0.065	3.78773477261703e-35	DESI1	c12
4.94748108791485e-47	-0.369551234891012	0.379	0.156	1.81082755298772e-42	FBXO7	c12
1.84713304550783e-61	-0.369439422352461	0.277	0.092	6.76069165986319e-57	TERF1	c12
4.57983358213703e-24	-0.369419913872137	0.088	0.029	1.67626488939798e-19	QTRT2	c12
1.23908730447251e-31	-0.369237979653649	0.166	0.062	4.53518344309983e-27	DLST	c12
4.49591889851843e-61	-0.369115391582517	0.424	0.162	1.64555127604673e-56	DDRGK1	c12
7.37067110937888e-14	-0.369075611646951	0.048	0.016	2.69773933274376e-09	MEX3C	c12
6.27919293443502e-33	-0.368870776963912	0.709	0.338	2.29824740593256e-28	PSMA6	c12
5.97601377336589e-54	-0.36878086091228	0.323	0.121	2.18728080118965e-49	COPS3	c12
1.04320929741637e-13	-0.368641659021527	0.043	0.013	3.81825034947367e-09	DUS2	c12
3.13179222202521e-24	-0.368378983365704	0.098	0.033	1.14626727118345e-19	CDK7	c12
2.14265823040083e-51	-0.36837119612183	0.228	0.076	7.84234338909008e-47	SLC38A10	c12
1.41622220759952e-12	-0.368348854972646	0.06	0.023	5.18351490203499e-08	TEPSIN	c12
6.11185685004481e-41	-0.368329832394413	1	0.991	2.2370007256849e-36	HLA-A	c12
5.54873677836119e-22	-0.36823693323648	0.086	0.029	2.03089314824798e-17	SLC9B2	c12
7.22331981320495e-07	-0.368137068902569	0.028	0.01	0.0264380728483115	NFKBIE	c12
8.83205055552836e-64	-0.368022077219525	0.472	0.182	3.23261882382893e-59	PHPT1	c12
1.75515275972451e-38	-0.367777153830721	0.189	0.068	6.42403461586766e-34	UNC50	c12
8.82966468375362e-56	-0.367430047273204	0.402	0.158	3.23174557090066e-51	ANKHD1	c12
1.3205758463624e-24	-0.367341658069051	0.088	0.028	4.83343965527103e-20	TMEM254	c12
1.20345144683407e-33	-0.367255802280048	0.138	0.046	4.4047526405574e-29	NUP54	c12
5.67663987745075e-55	-0.367176427733839	0.552	0.229	2.07770696154575e-50	MYDGF	c12
2.13798091906382e-47	-0.366902038783668	0.25	0.091	7.8252239618655e-43	SCAF4	c12
1.57152541684571e-43	-0.366854428735028	0.248	0.093	5.75194017819699e-39	HERC1	c12
1.08286976398248e-44	-0.366777920514604	0.196	0.066	3.96341162315226e-40	KATNBL1	c12
5.23866677629055e-27	-0.36675930795916	0.096	0.03	1.9174044267901e-22	GTF3C3	c12
1.52677072420134e-19	-0.366705817725843	0.076	0.025	5.58813352764931e-15	ARMC7	c12
1.82856070460486e-07	-0.36663748267806	0.027	0.009	0.00669271503492424	OPN3	c12
1.56379360308071e-19	-0.366533337428701	0.085	0.03	5.7236409666357e-15	ZNF675	c12
8.14089065841161e-38	-0.366463146008902	0.253	0.101	2.97964738988523e-33	CPSF6	c12
3.07205511230069e-59	-0.366445252813069	0.261	0.086	1.12440289165318e-54	NDUFV3	c12
2.05241038082361e-18	-0.366372271984758	0.084	0.031	7.51202723485248e-14	ARL8A	c12
4.997292773677e-10	-0.366368084498059	0.036	0.012	1.82905912809352e-05	CHIC1	c12
6.59199013328954e-10	-0.366250011008934	0.028	0.008	2.41273430868531e-05	CEP126	c12
1.88247796806468e-32	-0.366170532290517	0.121	0.039	6.89005761091354e-28	ASTE1	c12
2.72089656944317e-28	-0.365882344618753	0.722	0.356	9.95875353381894e-24	DEK	c12
2.5256090574038e-12	-0.365812411353228	0.036	0.011	9.24398171100364e-08	BRI3BP	c12
4.08958038605164e-62	-0.365801010299934	0.423	0.161	1.49682731709876e-57	ZFR	c12
0.00131077424258586	-0.365516106878422	0.07	0.046	1	SNHG25	c12
6.81325099395483e-45	-0.365506091208852	0.227	0.081	2.49371799629741e-40	NOP14	c12
6.79558451754182e-26	-0.365423226772224	0.121	0.044	2.48725188926548e-21	AP1B1	c12
4.26289390689893e-54	-0.36537127070157	0.565	0.239	1.56026179886408e-49	SYNRG	c12
5.10248766774836e-22	-0.365355471279559	0.083	0.027	1.86756151127258e-17	WDR73	c12
1.13883094594516e-08	-0.365313639973405	0.024	0.007	0.000416823514525386	ZNF785	c12
5.59325327016534e-50	-0.365179857385601	0.239	0.083	2.04718662941321e-45	NABP2	c12
1.38222290292549e-24	-0.365072467495689	0.157	0.064	5.05907404699757e-20	PGM1	c12
2.12547709304398e-05	-0.365066192417586	0.014	0.004	0.777945870825028	ABCA1	c12
1.29433549525524e-33	-0.36499598165739	0.148	0.051	4.73739734618372e-29	PHF21A	c12
2.18619606641799e-05	0.364940820962156	0.01	0.002	0.800169622269647	FALEC	c12
6.48961407661273e-46	-0.364882200667196	0.348	0.141	2.37526364818103e-41	UFM1	c12
2.38326319887616e-14	-0.364708452988075	0.052	0.017	8.72298163420662e-10	LRRCC1	c12
2.73605294795872e-52	-0.364649872539968	0.454	0.188	1.00142273948237e-47	ITK	c12
2.89052795754989e-59	-0.364618079882457	0.317	0.113	1.05796213774283e-54	BLVRA	c12
1.67713556758309e-33	-0.364610561842867	0.131	0.043	6.13848389091085e-29	METTL14	c12
7.56139650940226e-14	-0.364563632457322	0.057	0.02	2.76754673640632e-09	POMZP3	c12
7.03820204909755e-27	-0.364521841598287	0.098	0.031	2.5760523319902e-22	TTC31	c12
8.75219766831073e-57	-0.364497684662438	0.272	0.094	3.20339186857841e-52	EEA1	c12
1.28547332933879e-08	-0.364459836266239	0.024	0.007	0.000470496093271289	GSEC	c12
6.70215646171948e-35	-0.36441870019078	0.148	0.05	2.45305628655395e-30	AC118549.1	c12
1.39583562039699e-34	-0.364344863471071	0.664	0.316	5.10889795421504e-30	SEC11A	c12
1.49095392280607e-44	-0.364198109709816	0.637	0.284	5.45704045286249e-40	RNH1	c12
1.04164710946752e-22	-0.364136488530516	0.087	0.029	3.81253258536207e-18	GSKIP	c12
9.02718609945067e-34	-0.364076476039776	0.129	0.042	3.30404038425994e-29	RHOT1	c12
4.39428725831904e-42	-0.363974348470212	0.236	0.088	1.60835307941735e-37	PCID2	c12
9.78672106037735e-14	-0.363953848752802	0.044	0.014	3.58203777530871e-09	PIGV	c12
7.77695006726691e-36	-0.363938798096868	0.17	0.06	2.84644149412036e-31	RANBP3	c12
6.0543440201918e-14	-0.363835675588923	1	0.927	2.2159504548304e-09	IL32	c12
9.448314840545e-50	-0.363676521689007	0.478	0.202	3.45817771478788e-45	BRD2	c12
1.96659524815994e-50	-0.363652760565539	0.227	0.077	7.19793526779019e-46	CCNT1	c12
3.23273454229107e-22	-0.363638957566131	0.052	0.013	1.18321316982395e-17	ZNF253	c12
6.15926393927478e-08	-0.363634639501239	0.01	0.002	0.00225435219441396	LCAT	c12
2.0974145799661e-48	-0.363631406377632	0.22	0.075	7.67674710413392e-44	TRIM56	c12
4.17899516276245e-50	-0.363622330445225	0.265	0.096	1.52955401952269e-45	P2RY10	c12
6.2565276872256e-38	-0.363193528012736	0.187	0.067	2.28995169880144e-33	KLHL28	c12
3.49094150697668e-35	-0.363125555230869	0.169	0.06	1.27771950096853e-30	MAN1B1	c12
1.40910300714766e-47	-0.363059158868249	0.267	0.099	5.15745791646114e-43	TCIRG1	c12
8.60641041617762e-07	-0.362992342701276	0.028	0.01	0.0315003227642517	GORASP1	c12
1.46976430361765e-55	-0.36296853883049	0.259	0.088	5.37948432767095e-51	CELF1	c12
3.20221620304522e-56	-0.362755214159716	0.396	0.154	1.17204315247658e-51	ETFA	c12
2.05917769768089e-25	-0.362727752403028	0.103	0.035	7.53679629128183e-21	ZBTB4	c12
2.82877151051774e-48	-0.362710700936816	0.183	0.058	1.0353586605646e-43	TOMM70	c12
1.6148387905765e-32	-0.362646890903591	0.143	0.049	5.91047145738905e-28	STXBP3	c12
4.51186597619715e-14	-0.362546980983355	0.051	0.017	1.65138806594792e-09	ZNF557	c12
0.00117720356877829	-0.362404690108673	0.013	0.005	1	AC008014.1	c12
1.90448754642747e-56	-0.36228127891679	0.287	0.101	6.97061486867917e-52	HBP1	c12
1.21421405186063e-19	-0.36219025967344	0.066	0.021	4.44414485121509e-15	MTA3	c12
9.94075178409445e-39	-0.36205778842214	0.302	0.126	3.63841456049641e-34	CORO7	c12
2.66344260548753e-44	-0.361938715623599	0.183	0.06	9.74846628034491e-40	ZBTB7A	c12
1.5805690643502e-51	-0.36193281078356	0.212	0.069	5.78504083242817e-47	TSEN34	c12
5.60692823127236e-58	-0.361906292242583	0.261	0.087	2.052191801928e-53	UBA3	c12
4.38366667112673e-10	-0.36190430499252	0.052	0.021	1.6044658382991e-05	CHD1L	c12
1.54710335626463e-10	-0.361852137556768	0.027	0.007	5.66255299426417e-06	LRRC37B	c12
1.20816491326549e-36	-0.361844972509968	0.199	0.074	4.42200439904303e-32	MAEA	c12
2.1175290999018e-31	-0.361731290950835	0.187	0.073	7.75036825855057e-27	TARDBP	c12
1.60109371274734e-10	-0.361251153529579	0.033	0.01	5.86016309802654e-06	TCF19	c12
1.24624626329441e-56	-0.361066564939049	0.494	0.2	4.56138594828387e-52	EIF6	c12
6.73387888070284e-36	-0.360989227138127	0.162	0.056	2.46466700912605e-31	TMEM242	c12
5.61583886652446e-44	-0.360969521469769	0.259	0.098	2.05545318353662e-39	CNOT8	c12
3.38238124686507e-50	-0.360694322101571	0.582	0.25	1.23798536016508e-45	CSNK1A1	c12
1.16602396143956e-09	-0.360462395863478	0.024	0.007	4.26776430126493e-05	AC091982.3	c12
6.63073024432022e-45	-0.360355120620917	0.183	0.06	2.42691357672364e-40	PSMG1	c12
1.08682624390019e-49	-0.360206089752354	0.309	0.118	3.97789273529909e-45	ASH1L	c12
1.44852666758887e-41	-0.360145843189781	0.155	0.049	5.30175245604203e-37	ZFP91	c12
2.52531101853632e-51	-0.360056509160411	0.218	0.072	9.2428908589448e-47	PTPN18	c12
1.21786713429181e-54	-0.359911142988741	0.385	0.15	4.45751549822145e-50	SNW1	c12
3.32346212166194e-46	-0.359868509418258	0.301	0.117	1.21642037114949e-41	TIMM8B	c12
1.28277754123675e-12	-0.359839727591982	0.051	0.018	4.69509407868061e-08	ZNF576	c12
7.3046032149856e-60	-0.359806720022256	0.386	0.146	2.67355782271688e-55	DCAF7	c12
1.32296773068282e-52	-0.359790511528027	0.481	0.198	4.8421941910722e-48	FGFR1OP2	c12
3.35811523016504e-06	-0.359786523395343	0.022	0.008	0.122910375539271	NAIF1	c12
1.75826026283534e-07	-0.359608535887022	0.023	0.008	0.00643540838800364	SLC27A1	c12
5.373672566643e-14	-0.359557828958725	0.061	0.022	1.966817896117e-09	ZNF200	c12
4.4546656582483e-09	-0.359468444626812	1	0.994	0.000163045217757546	MT-CO3	c12
1.79195337242456e-18	-0.359351527257717	0.083	0.03	6.55872853841115e-14	NOP14-AS1	c12
7.79706149292805e-61	-0.359218360503727	0.33	0.118	2.85380247702659e-56	CCDC88C	c12
2.36188229126651e-35	-0.359209961859137	0.638	0.302	8.64472537426456e-31	SRI	c12
0.000483411388070648	-0.359150789233186	0.024	0.012	1	HIST2H2AB	c12
1.08602865787741e-34	-0.359066293898794	0.398	0.182	3.97497349069709e-30	MVP	c12
1.42135207027592e-55	-0.359058771280993	0.436	0.174	5.20229071241689e-51	SDHD	c12
2.03551762695168e-20	-0.358588149917677	0.059	0.017	7.45019806640583e-16	TIPIN	c12
3.26961663071138e-30	-0.358189905946158	0.114	0.037	1.19671238300667e-25	AKAP10	c12
1.45817580542914e-36	-0.358069131395419	0.14	0.045	5.33706926545119e-32	ZNF766	c12
1.31399589917265e-48	-0.3579031992074	0.301	0.115	4.80935639056183e-44	GPAA1	c12
3.92156463386394e-20	-0.357775436848901	0.094	0.034	1.43533187164054e-15	GALK2	c12
1.00217042635503e-09	-0.357750914079388	0.034	0.011	3.66804397750205e-05	POGLUT3	c12
4.14975573174572e-34	-0.357439493352046	0.115	0.035	1.51885209537625e-29	FAM214A	c12
9.49541315805799e-21	-0.357320783301136	0.051	0.013	3.4754161699808e-16	FAM193B	c12
1.39787832632878e-57	-0.357270934385359	0.416	0.162	5.11637446219595e-53	IAH1	c12
6.31137717711916e-44	-0.35723104867069	0.203	0.07	2.31002716059738e-39	ANKRD39	c12
8.2539876175403e-69	-0.357202901259003	0.466	0.174	3.02104200789593e-64	OFD1	c12
4.1432420423552e-26	-0.357188117382607	0.101	0.033	1.51646801992242e-21	ARHGAP27	c12
2.46814374562481e-07	-0.357149022245355	0.019	0.006	0.00903365292336136	ATP2A1-AS1	c12
2.85798302600951e-11	-0.357103841611424	0.022	0.005	1.04605036734974e-06	NEURL4	c12
3.32766125863793e-53	-0.356972248234013	0.35	0.135	1.21795729727407e-48	USP3	c12
6.83765452743374e-57	-0.356840930408247	0.363	0.137	2.50264993358602e-52	ZNF655	c12
5.91324337877916e-18	-0.356680883121743	0.071	0.024	2.16430620906696e-13	TAB1	c12
1.17352561108446e-05	-0.356664454363967	0.02	0.007	0.429522108913023	ZNF773	c12
1.85547260677597e-51	-0.356593062635059	0.22	0.073	6.79121528806075e-47	KIN	c12
8.24322769655628e-43	-0.356484750945185	0.154	0.048	3.01710376921656e-38	DIS3	c12
0.0017153314763613	-0.356463127430458	0.01	0.003	1	FZD6	c12
3.16690554703805e-45	-0.356342044578403	0.235	0.085	1.1591190992714e-40	NFYC	c12
3.26602036625981e-27	-0.356294375337242	0.098	0.031	1.19539611425475e-22	FBXO31	c12
2.34845128913571e-51	-0.356268540180337	0.118	0.028	8.59556656336562e-47	FOXP3	c12
3.1844079305365e-60	-0.356253861434042	0.363	0.134	1.16552514665567e-55	PARVG	c12
2.07362878590154e-12	-0.3560999615837	0.053	0.019	7.58968871927824e-08	C2CD3	c12
8.19416945675002e-32	-0.356072291173865	0.152	0.055	2.99914796286508e-27	POLR2D	c12
4.09307380756543e-29	-0.355943726746504	0.117	0.039	1.49810594430702e-24	GPALPP1	c12
1.42816308549465e-12	-0.355826821857706	0.039	0.012	5.22721970921898e-08	ZNF18	c12
3.63061232485033e-11	-0.355766029144867	0.038	0.013	1.32884041701847e-06	SGO2	c12
2.80693711763699e-35	-0.355528799393346	0.689	0.327	1.02736705442632e-30	TMBIM4	c12
0.0175808255065042	-0.35546006751279	0.879	0.569	1	NCL	c12
5.72409206634037e-50	-0.355358399987232	0.257	0.092	2.09507493720124e-45	PMVK	c12
5.44019125579641e-52	-0.355257565413376	0.254	0.089	1.99116440153404e-47	TMX2	c12
1.62930257541769e-17	-0.355080390299275	0.062	0.02	5.96341035628627e-13	TMEM185B	c12
2.59221789707651e-10	-0.354999610235724	0.03	0.009	9.48777672508975e-06	RAD52	c12
3.12507391653713e-40	-0.354889740364567	0.206	0.075	1.14380830419175e-35	RAB37	c12
1.72817137720534e-14	-0.354863627991027	0.05	0.016	6.32528005770928e-10	GEMIN2	c12
3.48719855383131e-10	-0.354610652466977	0.03	0.009	1.2763495426878e-05	RAB3A	c12
2.87175319036643e-56	-0.354458407000744	0.344	0.129	1.05109038520602e-51	GPR108	c12
5.88988784014972e-21	-0.354452198529511	0.091	0.032	2.1557578483732e-16	WDR75	c12
1.33169387840483e-09	-0.35442262471526	0.032	0.01	4.87413276434951e-05	SWT1	c12
5.01485115179353e-20	-0.354338105116647	0.069	0.022	1.83548567006795e-15	CHCHD4	c12
2.50611865401965e-35	-0.354281210610479	0.653	0.309	9.17264488557732e-31	LMAN2	c12
3.23132709000196e-08	-0.35427943014245	0.041	0.017	0.00118269802821162	TNFAIP1	c12
6.76000371901108e-19	-0.354022776025529	0.082	0.029	2.47422896119525e-14	ABCD3	c12
7.39328090746011e-27	-0.35399060799623	0.08	0.023	2.70601474493947e-22	AL590764.1	c12
1.15160113336977e-52	-0.353959838572826	0.347	0.133	4.21497530824671e-48	SPG21	c12
4.44067484540121e-37	-0.353936510498953	0.133	0.041	1.6253314001653e-32	ALG8	c12
6.84798287230198e-38	-0.353601746205821	0.651	0.303	2.50643021109125e-33	UBE2L3	c12
0.0944232037723348	-0.353426645804475	0.952	0.7	1	HSP90AB1	c12
2.31755181805322e-57	-0.353341239319183	0.277	0.095	8.48247140925658e-53	SPNS1	c12
2.13063570930899e-34	-0.3531020768455	0.164	0.058	7.79833975964184e-30	DDX1	c12
5.66869300863137e-11	-0.353089996358788	0.032	0.01	2.07479832808917e-06	ZNF761	c12
1.19325195554197e-22	-0.352932203266207	0.096	0.033	4.36742148247918e-18	ZC3H4	c12
4.62784381691959e-51	-0.352902286183376	0.284	0.104	1.69383711543074e-46	COA6	c12
2.14666768692768e-10	-0.352767730173969	0.027	0.008	7.857018400924e-06	VPS54	c12
3.71562276201254e-06	-0.352433070402761	0.022	0.008	0.135995508712421	CENPO	c12
6.27496005301257e-46	-0.352331086823195	0.205	0.07	2.29669812900313e-41	ATXN3	c12
2.17266919062687e-21	-0.352146876725296	0.086	0.029	7.95218650461339e-17	MCCC1	c12
6.75253551723269e-09	-0.352059657076872	0.021	0.006	0.000247149552466234	NEK11	c12
1.78292471486643e-08	-0.351901599210284	0.026	0.008	0.000652568274888263	MIR29B2CHG	c12
4.01061670299214e-25	-0.351880220518205	0.089	0.028	1.46792581946215e-20	AP3S2	c12
4.81634056611506e-59	-0.3517826484937	0.506	0.203	1.76282881060377e-54	SMARCE1	c12
1.47973887857317e-39	-0.351706144421021	0.156	0.051	5.41599226946567e-35	MNAT1	c12
4.05364630147118e-22	-0.351648232014578	0.088	0.03	1.48367508280147e-17	HERC3	c12
1.30986011513125e-23	-0.351637272429057	0.084	0.027	4.79421900739188e-19	ZNF354A	c12
1.87959904501478e-32	-0.351621944596415	0.696	0.335	6.8795204646586e-28	PRDX5	c12
1.63632438452752e-18	-0.351583153757318	0.071	0.024	5.98911087980919e-14	SCFD2	c12
1.14508144360235e-51	-0.351576077039417	0.464	0.192	4.19111259172895e-47	RER1	c12
1.97713291052846e-48	-0.351516217771129	0.256	0.093	7.23650416582522e-44	TOMM40	c12
6.42070915531335e-23	-0.351373951233386	0.065	0.018	2.35004375793624e-18	PPCDC	c12
3.08327524642185e-65	-0.351373431751257	0.419	0.156	1.12850957294286e-60	ACIN1	c12
1.88079675306724e-29	-0.351265399790278	0.174	0.068	6.88390419590139e-25	HGS	c12
1.39995811007866e-53	-0.35098549290601	0.228	0.075	5.1239866786989e-49	BRD3	c12
2.24622030368006e-31	-0.350968812352956	0.109	0.034	8.2213909334994e-27	BET1	c12
6.68072988103088e-18	-0.350778335107716	0.054	0.016	2.44521394375611e-13	RUNDC1	c12
3.61376979954374e-24	-0.350762863729733	0.102	0.035	1.322675884331e-19	INSIG2	c12
4.54206305000088e-49	-0.350755337475787	0.296	0.112	1.66244049693082e-44	PSMD1	c12
6.70019622427455e-38	-0.350733826130136	0.638	0.299	2.45233882004673e-33	OPTN	c12
1.46209820173442e-51	-0.350653774752578	0.329	0.126	5.35142562816815e-47	SRSF1	c12
2.61432672207976e-32	-0.35064264437277	0.123	0.04	9.56869723548413e-28	OBI1	c12
1.24013556446024e-46	-0.350640911269883	0.22	0.077	4.53902017948094e-42	UBR4	c12
6.65837501425168e-26	-0.350581192087864	0.124	0.045	2.43703183896626e-21	GABPA	c12
7.33720794115479e-08	-0.350416397427891	0.02	0.006	0.00268549147854206	EFNB1	c12
6.55543532033535e-47	-0.350288544081262	0.22	0.076	2.39935488159594e-42	FAM172A	c12
9.62004574682922e-07	-0.350280157134605	0.869	0.518	0.0352103294379696	ATP6V0C	c12
1.41617530151405e-15	-0.350250097480232	0.051	0.016	5.18334322107157e-11	MMAA	c12
3.43220831243012e-38	-0.350167436516156	0.502	0.23	1.25622256443255e-33	GDI2	c12
9.41178335462006e-32	-0.350103085696174	0.123	0.04	3.44480682562449e-27	NAA35	c12
6.27916870659233e-33	-0.349953008839582	0.154	0.055	2.29823853829986e-28	C8orf33	c12
1.71237657094107e-41	-0.349822494940496	0.149	0.046	6.26746948730142e-37	NFYB	c12
2.45430845635723e-26	-0.349676410226525	0.112	0.039	8.9830143811131e-22	NUP88	c12
3.22345435324825e-35	-0.34966344784399	0.154	0.053	1.17981652783239e-30	PHF6	c12
1.37092758758148e-63	-0.349647445660047	0.227	0.068	5.01773206330697e-59	SLC39A7	c12
8.72966587190864e-15	-0.349436547365317	0.048	0.015	3.19514500577728e-10	NEMP2	c12
3.16338715336045e-49	-0.349433081176462	0.194	0.062	1.15783133200146e-44	NQO2	c12
8.26511794856674e-24	-0.349402763622885	0.099	0.034	3.02511582035491e-19	FASTKD2	c12
0.000585058467769637	-0.349341990599096	0.021	0.01	1	LINC01644	c12
2.25306057380394e-06	-0.349155902242779	0.869	0.522	0.082464270061798	TSPO	c12
6.68554758246048e-60	-0.349047080615112	0.32	0.114	2.44697727065636e-55	PFDN6	c12
1.00485167972083e-38	-0.34876296232174	0.11	0.03	3.67785763294619e-34	AC004865.2	c12
1.24143585064645e-24	-0.34853812954515	0.11	0.039	4.54377935695106e-20	ZDHHC7	c12
1.8636958582362e-22	-0.34849947187316	0.095	0.033	6.8213132107303e-18	SNX19	c12
3.14799468065776e-34	-0.348341226575747	0.153	0.053	1.15219753306755e-29	FARS2	c12
2.16841349727002e-06	-0.34817431648306	0.016	0.005	0.0793661024135799	HYAL2	c12
8.27010356376499e-59	-0.348174036814898	0.5	0.201	3.02694060537362e-54	PDCD10	c12
2.60636502186795e-60	-0.34798023341667	0.395	0.15	9.53955661653889e-56	SUPT16H	c12
3.31104233156643e-26	-0.347691926327531	0.107	0.036	1.21187460377663e-21	WDR5	c12
1.32042298221524e-12	-0.347618852643558	0.048	0.016	4.832880157206e-08	ANKRD37	c12
4.89380101525153e-22	-0.347599867200196	0.073	0.023	1.79118010959221e-17	ABCC10	c12
1.79233366793623e-53	-0.347526632151959	0.277	0.098	6.5601204580134e-49	NSRP1	c12
4.98455835243229e-32	-0.347295065874945	0.702	0.341	1.82439820257374e-27	TERF2IP	c12
4.9168967169749e-14	-0.347095528649692	0.051	0.017	1.79963336737998e-09	INPP5F	c12
2.65815872090085e-57	-0.346805797968986	0.368	0.14	9.7291267343692e-53	SAFB	c12
1.26587431160931e-42	-0.346727535478785	0.587	0.265	4.63322656792123e-38	RHOF	c12
2.54043060238526e-57	-0.34666576287208	0.566	0.234	9.29823004779028e-53	MRPS6	c12
1.06802690391181e-45	-0.346660374558324	0.582	0.258	3.90908527100761e-41	PTPN6	c12
0.00191085659940092	-0.346647046288177	0.01	0.003	1	KLHL17	c12
2.87912890546611e-12	-0.346495056328055	0.049	0.017	1.05378997068965e-07	AGFG1	c12
3.94012339770892e-12	-0.346442246120526	0.05	0.018	1.44212456479544e-07	GYS1	c12
3.09777808819455e-30	-0.346433871729058	0.161	0.06	1.13381775806009e-25	FBXO3	c12
1.28995329607573e-58	-0.346405474775747	0.471	0.188	4.72135805896677e-54	AKR1A1	c12
1.399591314116e-58	-0.346137661722323	0.349	0.129	5.12264416879597e-54	B3GAT3	c12
6.12150476912565e-34	-0.345942757210361	0.123	0.039	2.24053196054768e-29	DGKE	c12
1.91176342144596e-13	-0.345576521306254	0.036	0.01	6.99724529883437e-09	ZNF341	c12
5.1638040931427e-09	-0.345562855401397	0.03	0.01	0.000189000393613116	ZNF551	c12
3.09220360216683e-26	-0.345526260051417	0.112	0.039	1.13177744042908e-21	CAMKMT	c12
8.7813952365533e-11	-0.345517564950327	0.036	0.012	3.21407847053087e-06	UQCC1	c12
1.74577697749187e-25	-0.345504776498445	0.107	0.037	6.389718315318e-21	PHYH	c12
3.21227170290419e-54	-0.345479540226903	0.355	0.137	1.17572356597996e-49	CIAO1	c12
2.24493615181925e-54	-0.345473986824865	0.23	0.075	8.21669080927363e-50	IP6K2	c12
2.84270318326744e-55	-0.345297460836647	0.227	0.073	1.04045779210772e-50	HOXB2	c12
2.51973098324407e-62	-0.345288489945633	0.302	0.103	9.22246737177164e-58	TMEM170A	c12
3.38363049368921e-49	-0.345155997661707	0.395	0.161	1.23844259699519e-44	YPEL5	c12
1.56631218653939e-14	-0.34497629540934	0.045	0.014	5.73285923395281e-10	ANGEL1	c12
5.97255711953245e-22	-0.344814826508704	0.767	0.39	2.18601563132007e-17	POLR2L	c12
1.47984928476963e-35	-0.3447718350444	0.153	0.052	5.41639636718532e-31	TXNDC11	c12
7.13005374417272e-11	-0.344726098983029	0.033	0.01	2.60967097090466e-06	RHEBL1	c12
9.96615172792076e-06	-0.344648118258272	0.013	0.004	0.364771119393628	PWWP2B	c12
2.29895002814298e-20	-0.344415243216249	0.082	0.028	8.41438699800613e-16	RIOK2	c12
5.37614399285617e-06	0.3443873204103	0.01	0.002	0.196772246282529	ZNF713	c12
3.97738370167605e-16	-0.344261105778046	0.05	0.015	1.45576220865045e-11	BPHL	c12
6.8473504810033e-30	-0.344251188598318	0.084	0.023	2.50619874955202e-25	ARSK	c12
3.85506632051004e-22	-0.34410714260834	0.072	0.022	1.41099282396988e-17	CRK	c12
3.46736379389932e-46	-0.343748077675846	0.189	0.062	1.26908982220509e-41	EIPR1	c12
4.98600603853204e-24	-0.343585230695389	0.076	0.023	1.82492807016311e-19	SIMC1	c12
7.74846720832424e-56	-0.34358294998561	0.363	0.138	2.83601648291875e-51	AIF1	c12
1.11323251007915e-48	-0.343580935943077	0.189	0.06	4.0745423101407e-44	NOL9	c12
0.00185576027560349	-0.343546699041667	0.014	0.006	1	RASA4B	c12
5.18872615565337e-39	-0.343113916087465	0.202	0.074	1.89912566023069e-34	VPS26C	c12
7.36476304428842e-49	-0.343034067138922	0.31	0.119	2.69557692184e-44	ARHGEF6	c12
2.0986495474429e-23	-0.342857837799489	0.105	0.038	7.68126720859576e-19	REPS1	c12
1.22401826871963e-47	-0.342770823629686	0.186	0.06	4.48002926534071e-43	PEX26	c12
2.34354075543515e-43	-0.342634145987307	0.211	0.074	8.5775935189682e-39	BSDC1	c12
1.01170185876155e-52	-0.342567579688811	0.254	0.088	3.70292997325313e-48	DPM2	c12
5.82103856884039e-23	-0.342336853153136	0.084	0.027	2.13055832658127e-18	WDR12	c12
3.68075575270464e-38	-0.342333037744397	0.166	0.056	1.34719341304742e-33	RBM48	c12
7.32575956872493e-59	-0.342324963357105	0.223	0.069	2.68130125974901e-54	WDR37	c12
1.9087945596735e-20	-0.342127594922538	0.757	0.397	6.98637896786098e-16	WDR83OS	c12
1.56662698446544e-33	-0.342088499834593	0.691	0.34	5.73401142584197e-29	RSRP1	c12
2.76284792507476e-13	-0.342073034152754	0.046	0.015	1.01122996905661e-08	NOP9	c12
9.40775534033385e-44	-0.342056857702997	0.149	0.045	3.44333253211559e-39	ZNF699	c12
4.85254928735486e-19	-0.342048961137628	0.07	0.023	1.77608156466475e-14	PRIMPOL	c12
5.65214640322245e-69	-0.342048519142947	0.398	0.143	2.06874210504345e-64	CHD1	c12
4.82116502414055e-33	-0.342011641760061	0.136	0.046	1.76459461048568e-28	NCLN	c12
3.76466694631708e-60	-0.341987157436631	0.354	0.13	1.37790574902152e-55	MPC1	c12
1.45167246636186e-15	-0.341932122005087	0.062	0.021	5.31326639413105e-11	TTC33	c12
1.23921371041752e-45	-0.341780196022302	0.199	0.067	4.53564610149915e-41	ACOT8	c12
1.72460320336687e-21	-0.341743487787596	0.793	0.412	6.31222018464309e-17	ARL6IP1	c12
2.76278213785272e-06	-0.341719924074479	0.019	0.006	0.101120589027548	AL390728.6	c12
6.20790932463428e-47	-0.341557823322841	0.305	0.118	2.27215689190939e-42	ARL2BP	c12
0.00141695642098663	-0.341456985458344	0.012	0.004	1	PSMC3IP	c12
1.22991474291749e-22	-0.341375248978585	0.073	0.022	4.5016109505523e-18	ZSCAN16	c12
9.70327429315601e-59	-0.341335830339579	0.284	0.098	3.55149542403803e-54	SETD2	c12
1.02856365587096e-41	-0.341330757916236	0.196	0.068	3.7646458368533e-37	MRPL32	c12
5.45644949016086e-39	-0.34132196434404	0.139	0.043	1.99711507789378e-34	PNPT1	c12
3.38086703040402e-15	-0.341315612864467	0.055	0.018	1.23743114179817e-10	FLYWCH1	c12
8.62173294393154e-47	-0.34106607992263	0.21	0.071	3.15564047480838e-42	CYTH2	c12
7.11004904680647e-37	-0.341006884093018	0.159	0.054	2.60234905162164e-32	NHLRC3	c12
1.54971771483804e-39	-0.340980747207818	0.136	0.041	5.67212180807872e-35	STX18	c12
1.41345231775123e-42	-0.340900127063608	0.173	0.057	5.17337682820128e-38	MAP7D3	c12
1.31839751251894e-47	-0.340885326183019	0.266	0.098	4.82546673557057e-43	PHF20L1	c12
0.436015927967222	-0.340791771061781	0.976	0.729	1	TAGLN2	c12
5.57818302317597e-77	-0.340489971138663	0.305	0.095	2.04167076831264e-72	CD59	c12
1.59212827119417e-51	-0.340330005468883	0.571	0.244	5.82734868539779e-47	GNAS	c12
1.62837228973354e-05	-0.340320375488289	0.013	0.004	0.596000541765372	ZNF823	c12
1.92540976718942e-16	-0.340145281344219	0.049	0.015	7.04719228889e-12	CEP162	c12
1.41721943920783e-47	-0.340046660494514	0.211	0.071	5.18716486944457e-43	DDX56	c12
1.58482072946401e-15	-0.340034721962195	0.06	0.02	5.80060235191123e-11	SPATS2	c12
2.76785406295015e-32	-0.33983430689526	0.18	0.068	1.01306226558038e-27	DNAJB9	c12
6.9896895067579e-33	-0.339592296428539	0.121	0.039	2.55829625636846e-28	SAYSD1	c12
1.2439565903546e-44	-0.339503626774013	0.185	0.061	4.55300551635687e-40	GOSR2	c12
3.42958226520075e-07	-0.33948578984476	0.032	0.012	0.0125526140488613	ZNF25	c12
2.75086127515753e-18	-0.339133046697676	0.076	0.026	1.00684273532041e-13	HMBOX1	c12
1.16014308487682e-58	-0.339126521153293	0.481	0.195	4.24623970495765e-54	STAT1	c12
2.07728515661889e-12	-0.339065748215779	0.029	0.008	7.60307140174081e-08	AL158152.1	c12
5.46028765500443e-61	-0.338676696119804	0.468	0.183	1.99851988460817e-56	TMEM109	c12
3.18034845061297e-66	-0.338593628031019	0.338	0.117	1.16403933640885e-61	C12orf65	c12
2.10408756090319e-29	-0.338128297232676	0.119	0.04	7.70117088166177e-25	CNPY4	c12
2.80819214832005e-58	-0.338091091326142	0.601	0.251	1.02782640820662e-53	SCAF11	c12
1.97173117802256e-53	-0.338054508193639	0.269	0.095	7.21673328468036e-49	VHL	c12
1.00724930153688e-44	-0.33792242303117	0.584	0.259	3.68663316855514e-40	SSNA1	c12
1.02081850585453e-23	-0.337786002989416	0.131	0.051	3.73629781327817e-19	ABCF3	c12
1.71946636529327e-41	-0.337647103737322	0.195	0.068	6.29341884360991e-37	SEC22B	c12
7.53666599993417e-46	-0.337532252868672	0.298	0.116	2.7584951226359e-41	MAGED2	c12
3.73978907615341e-11	-0.337326828886892	0.036	0.012	1.36880019976291e-06	TRMT5	c12
2.01610350662492e-46	-0.337237320230465	0.182	0.058	7.37914044459787e-42	LSG1	c12
1.11286016533969e-52	-0.337101568611659	0.346	0.133	4.07317949115979e-48	MRPS18C	c12
2.48221453388999e-16	-0.337020690019121	0.066	0.023	9.08515341549076e-12	COQ2	c12
2.24980173309973e-50	-0.336981157169551	0.196	0.062	8.23449932331831e-46	C6orf62	c12
2.83754795430159e-09	-0.336969022485164	0.033	0.011	0.000103857092675392	ACSS2	c12
8.65382405721084e-47	-0.336840961496184	0.269	0.1	3.16738614317974e-42	ARID5A	c12
2.81918632035108e-23	-0.336631809075171	0.096	0.033	1.0318503851117e-18	SIN3B	c12
5.15130931072907e-69	-0.336586129439261	0.477	0.179	1.88543072081995e-64	SRPK2	c12
0.00387983372730814	-0.33649237579187	0.013	0.005	1	ZNF543	c12
5.51987230826862e-30	-0.336409115873248	0.095	0.028	2.0203284635494e-25	PCNX2	c12
1.62989026922107e-60	-0.336330976661743	0.416	0.159	5.96556137437603e-56	NT5C	c12
8.36260183931554e-41	-0.336279941032019	0.479	0.213	3.06079589920788e-36	NDUFB1	c12
5.84822494155672e-46	-0.33626919957152	0.171	0.054	2.14050881085918e-41	TMEM199	c12
1.55395793533433e-30	-0.33581525231532	0.126	0.042	5.68764143911717e-26	TIMM29	c12
1.07730284280097e-47	-0.33578500944695	0.36	0.145	3.94303613493581e-43	YTHDF2	c12
6.47027776901171e-38	-0.335705969808801	0.212	0.08	2.36818636623598e-33	RAB5B	c12
1.06810141244517e-46	-0.33569571141132	0.56	0.245	3.90935797969056e-42	DSTN	c12
6.3471610093345e-14	-0.335668236806749	0.073	0.029	2.32312440102652e-09	CIDEB	c12
3.21453080610816e-23	-0.335613571568449	0.072	0.022	1.17655042034365e-18	TUBGCP5	c12
7.37838075317492e-30	-0.335566504760498	0.155	0.058	2.70056113946955e-25	GLB1	c12
2.23255960902759e-06	-0.335537865537023	0.026	0.01	0.0817139142500188	MIEF2	c12
2.42086469583801e-16	-0.335437604887765	0.087	0.034	8.86060687323671e-12	GUCD1	c12
7.70905280953442e-23	-0.335401685767936	0.093	0.031	2.82159041881769e-18	MCMBP	c12
9.08541183477757e-45	-0.334955482524085	0.187	0.062	3.32535158564694e-40	TIMM22	c12
8.17904165503563e-61	-0.334936772418092	0.417	0.159	2.99361103615959e-56	MRFAP1L1	c12
4.8331356464241e-53	-0.334734958454734	0.234	0.078	1.76897597794769e-48	PIP4K2A	c12
2.38032701248281e-21	-0.334466225112245	0.076	0.024	8.71223489838834e-17	NPIPB5	c12
9.38687948042846e-18	-0.334432698285331	0.079	0.028	3.43569175863162e-13	LINC-PINT	c12
2.6348142590601e-48	-0.334219144274352	0.184	0.058	9.64368366958589e-44	SUPV3L1	c12
5.98058141288758e-10	-0.334198868725707	0.039	0.014	2.18895260293098e-05	GTF2H2	c12
8.83124401979e-20	-0.334146074242164	0.072	0.024	3.23232362368334e-15	ABHD10	c12
6.1988579281189e-18	-0.334071770833753	0.055	0.017	2.2688439902708e-13	GOLGA8A	c12
8.26680714807993e-26	-0.334064885329014	0.102	0.034	3.02573408426874e-21	NRDE2	c12
1.24115903661345e-35	-0.334039742233379	0.127	0.039	4.54276618990888e-31	HECA	c12
6.33545437264637e-29	-0.334015890924752	0.735	0.361	2.3188396549323e-24	PSMB3	c12
9.903650122754e-19	-0.333963833564186	0.736	0.401	3.62483498142919e-14	HNRNPU	c12
4.2307296098182e-38	-0.333942678352293	0.139	0.044	1.54848934448956e-33	SLC25A12	c12
1.56329574707165e-30	-0.333905531632546	0.084	0.023	5.72181876385693e-26	MBOAT7	c12
1.90390747346345e-26	-0.333861352089027	0.098	0.032	6.96849174362358e-22	ENOX2	c12
6.69305613762964e-21	-0.333841153796683	0.055	0.015	2.44972547693382e-16	ATP13A2	c12
0.0029964382640328	-0.333732327630057	0.901	0.558	1	CALM2	c12
0.000123557118046772	0.333658669607519	0.01	0.003	1	SPON1	c12
1.32577771152963e-50	-0.333572337087633	0.518	0.222	4.85247900196959e-46	NR3C1	c12
7.4608084005e-30	-0.333519610422143	0.116	0.038	2.73073048266701e-25	RFC4	c12
3.5664578002355e-54	-0.333493052425541	0.42	0.168	1.30535921946419e-49	YME1L1	c12
2.67996479334866e-57	-0.333471538199464	0.537	0.222	9.80893914013544e-53	BAZ1A	c12
2.00450826228228e-63	-0.333406793199484	0.35	0.126	7.33670069077939e-59	DCP2	c12
2.61039365203108e-48	-0.333317023860252	0.27	0.1	9.55430180579896e-44	FLII	c12
6.70804404032685e-36	-0.333201576534012	0.147	0.049	2.45521119920003e-31	DENND6A	c12
7.4595329502047e-52	-0.333116698791048	0.236	0.081	2.73026365510442e-47	SPEN	c12
1.0952753877676e-53	-0.333077138812052	0.265	0.093	4.00881744676819e-49	ECI2	c12
3.62457915018682e-06	-0.333052123232731	0.017	0.005	0.132663221475988	PRICKLE4	c12
1.67646415756191e-24	-0.333045456323227	0.095	0.031	6.13602646309234e-20	ASCC1	c12
3.63062776381923e-64	-0.332997028946946	0.399	0.147	1.32884606783548e-59	ZNRD1	c12
1.97703205315955e-50	-0.332992565262949	0.25	0.088	7.23613501776929e-46	PTPRA	c12
1.73581168456878e-31	-0.332695359326286	0.12	0.039	6.3532443466902e-27	GPATCH3	c12
1.97838651164269e-09	-0.332677686777396	0.035	0.012	7.24109247126342e-05	RBBP9	c12
8.64430109233088e-16	-0.33264638621133	0.063	0.022	3.16390064280402e-11	FAM111A-DT	c12
6.2120120647955e-62	-0.332622633335149	0.495	0.195	2.2736585358358e-57	MESD	c12
2.4554349532747e-34	-0.332618101389588	0.132	0.043	8.98713747248073e-30	TBC1D15	c12
6.86630440077379e-54	-0.332571647859913	0.27	0.095	2.51313607372721e-49	CISD2	c12
8.53680615665814e-40	-0.332565438116515	0.138	0.042	3.12455642139844e-35	BMI1	c12
1.57116849993172e-31	-0.332563454423357	0.15	0.054	5.7506338266001e-27	ELAC2	c12
1.20638683967173e-33	-0.332537756233719	0.141	0.048	4.41549647188251e-29	REXO4	c12
3.97094622060094e-39	-0.332521343242969	0.221	0.084	1.45340602620215e-34	NBR1	c12
1.55822449515011e-49	-0.33249042688209	0.227	0.077	5.70325747469891e-45	KDM4C	c12
1.24676627785105e-35	-0.332395570834469	0.166	0.058	4.56328925356263e-31	IPO5	c12
1.63648491132831e-19	-0.332309826236353	0.078	0.026	5.98969842395273e-15	POLRMT	c12
2.14740744310316e-23	-0.331974960427035	0.069	0.02	7.85972598250188e-19	PPTC7	c12
3.18569447808918e-47	-0.331892524269431	0.215	0.073	1.16599603592542e-42	TRIM4	c12
2.73236651068153e-47	-0.331844612590627	0.617	0.271	1.00007346657455e-42	MEAF6	c12
1.32070468449861e-55	-0.331794471472639	0.238	0.079	4.83391121573336e-51	YIPF4	c12
2.332407619194e-37	-0.331739456439354	0.2	0.074	8.53684512701197e-33	NUP98	c12
7.27592996947813e-72	-0.33163729753773	0.374	0.13	2.66306312812869e-67	TMEM208	c12
3.23843659075158e-18	-0.331307280588775	0.055	0.016	1.18530017658099e-13	ATAD3B	c12
1.12114913262519e-32	-0.331275755154893	0.124	0.04	4.10351794032147e-28	ANAPC1	c12
1.54051559210915e-14	-0.331259695178361	0.051	0.017	5.6384411186787e-10	SLC4A2	c12
3.12006788857548e-52	-0.331202810758269	0.202	0.064	1.14197604789751e-47	TWISTNB	c12
8.28425502346749e-26	-0.331149619876747	0.099	0.033	3.03212018113934e-21	SAC3D1	c12
3.95902366999034e-38	-0.331132534425086	0.196	0.071	1.44904225345317e-33	FKBP4	c12
1.70498390615562e-54	-0.330951540794358	0.528	0.219	6.24041159492018e-50	TMEM179B	c12
2.99876734733124e-08	-0.330857599751258	0.026	0.008	0.00109757883679671	AL137003.1	c12
1.07742279436888e-06	-0.330800325684536	0.015	0.004	0.0394347516966954	KDM7A-DT	c12
5.89028476831629e-16	-0.330677933201499	0.057	0.019	2.15590312805145e-11	NPEPL1	c12
1.16421580940615e-56	-0.330520015833115	0.473	0.19	4.26114628400745e-52	PSMC4	c12
1.46807148151865e-53	-0.33047972190812	0.486	0.201	5.37328842950643e-49	SRSF4	c12
0.000176674209833309	-0.330392966718578	0.016	0.006	1	CCDC134	c12
1.1771170259013e-47	-0.33036672910949	0.615	0.283	4.30836602650134e-43	KLRB1	c12
8.14289602823053e-10	-0.330308116371689	0.038	0.014	2.98038137529266e-05	C7orf25	c12
1.55967007146529e-53	-0.330209591256491	0.587	0.25	5.70854842857011e-49	SERPINB1	c12
0.000431834151380091	-0.330165943328327	0.011	0.003	1	TLCD2	c12
2.0145335715983e-06	-0.330092177813775	0.022	0.008	0.0737339432540694	ZNF765	c12
2.01359957332618e-07	-0.330059938845446	0.027	0.009	0.00736997579833114	BORA	c12
7.36740735558008e-49	-0.330059294971892	0.299	0.114	2.69654476621586e-44	HK1	c12
3.43915165247429e-40	-0.330044278153662	0.218	0.081	1.25876389632211e-35	POLDIP2	c12
4.82230638362193e-46	-0.329745710730914	0.206	0.07	1.76501235946946e-41	SENP7	c12
2.06475826823424e-15	-0.329597532823456	0.054	0.018	7.55722173756415e-11	AC067852.2	c12
1.97909508670403e-07	-0.329561033406272	0.015	0.004	0.00724368592684543	ARRDC5	c12
1.74839604765531e-59	-0.329505787928626	0.339	0.124	6.3993043740232e-55	SRPK1	c12
1.33672797623623e-37	-0.329438334161771	0.223	0.086	4.89255806582222e-33	COMMD4	c12
4.25954473830209e-48	-0.32943358121939	0.159	0.047	1.55903596966595e-43	UBE2Z	c12
0.672471452513294	-0.329292960549112	0.996	0.887	1	MT-ND4	c12
7.34328298390103e-39	-0.329278889846801	0.2	0.073	2.68771500493762e-34	PLRG1	c12
3.03371825605226e-05	-0.328876503171141	0.012	0.003	1	FRG1-DT	c12
6.33383625874633e-60	-0.32875515479895	0.356	0.131	2.31824740906374e-55	UBE2E3	c12
1.11320126765395e-42	-0.32867200551226	0.157	0.049	4.07442795974024e-38	TAMM41	c12
3.90125847959953e-48	-0.328664171629887	0.171	0.052	1.42789961611822e-43	TNRC6A	c12
3.59893139606361e-66	-0.32844950737012	0.414	0.154	1.31724488027324e-61	TNFSF10	c12
3.8950849462017e-52	-0.328329810489314	0.343	0.132	1.42564004115929e-47	ZFAND6	c12
1.97347177078879e-20	-0.328324062286153	0.069	0.022	7.22310402826406e-16	SPHK2	c12
6.72265395207771e-13	-0.328322049070284	0.03	0.008	2.46055857299996e-08	AGAP3	c12
3.32406559333974e-62	-0.328275765223875	0.262	0.085	1.21664124781828e-57	GRK2	c12
4.13690128786721e-18	-0.328118879405481	0.056	0.017	1.51414724037228e-13	CARF	c12
5.95289033422126e-62	-0.32810182261886	0.365	0.134	2.17881739122832e-57	SP140	c12
9.92364685005586e-47	-0.328043986486005	0.18	0.057	3.63215398358894e-42	DFFA	c12
2.45066207849135e-48	-0.328035037177745	0.234	0.082	8.9696682734862e-44	ASCC2	c12
5.34376333571436e-63	-0.327918845140722	0.451	0.173	1.95587081850481e-58	NUB1	c12
5.94922602599116e-38	-0.327858861397205	0.183	0.065	2.17747621777302e-33	COPS7A	c12
9.96203055460666e-24	-0.327416727081031	0.114	0.042	3.64620280329158e-19	MRPL39	c12
7.56281239124356e-53	-0.327407125282213	0.562	0.237	2.76806496331906e-48	EMC4	c12
7.81150251070993e-05	-0.327240630782737	0.011	0.003	1	CASTOR3	c12
3.9699879567434e-43	-0.327002449733832	0.223	0.081	1.45305529204765e-38	ADK	c12
1.22516331360877e-31	-0.326875178360036	0.133	0.045	4.48422024413945e-27	AGK	c12
1.91876862614064e-47	-0.326862005276374	0.184	0.059	7.02288504853735e-43	MARF1	c12
3.04242149868303e-24	-0.326835324014538	0.074	0.022	1.11355669273298e-19	AL135925.1	c12
5.48357560924806e-49	-0.326595588330282	0.191	0.061	2.00704350874088e-44	KPNA4	c12
1.70221711107753e-62	-0.326470377390255	0.41	0.155	6.23028484825487e-58	SMARCC2	c12
3.78174145834412e-48	-0.326453358998325	0.197	0.064	1.38415519116853e-43	PTPA	c12
2.82999366269560e-11	-0.326401908301331	0.036	0.012	1.03580598048322e-06	ESRRA	c12
2.10676078163568e-29	-0.326256634996988	0.095	0.028	7.71095513686477e-25	ZMYM1	c12
6.59730569554322e-05	-0.326166152713546	0.012	0.004	1	ZNF219	c12
0.000366526762955904	-0.326145493742174	0.013	0.005	1	MESP1	c12
7.57986316711047e-48	-0.326137372372305	0.257	0.094	2.7743057177941e-43	VPS26B	c12
1.79903023149465e-32	-0.326114705470564	0.711	0.342	6.58463055029358e-28	PSMD8	c12
5.54302534964719e-29	-0.326008915874099	0.156	0.059	2.02880270822437e-24	COG4	c12
1.8450900273117e-44	-0.325910538212132	0.413	0.177	6.75321400896357e-40	DNAJA2	c12
3.867760651984e-41	-0.325851545736766	0.139	0.042	1.41563907623266e-36	CDK9	c12
2.17790717226509e-44	-0.32581279398843	0.305	0.121	7.97135804120747e-40	ADIPOR1	c12
9.63143164512223e-44	-0.325717705794544	0.22	0.079	3.52520029643119e-39	TMEM222	c12
2.54637354185058e-17	-0.325695982836342	0.083	0.031	9.3199818005273e-13	TRAF2	c12
5.42368020234428e-38	-0.325679236149167	0.155	0.052	1.98512119086003e-33	INTS8	c12
2.09753857830642e-14	-0.325480570683282	0.039	0.011	7.67720095045933e-10	KLC4	c12
7.80877347709998e-48	-0.325445566351013	0.565	0.247	2.85808918035336e-43	SIT1	c12
2.90808608038967e-48	-0.325288167065757	0.569	0.248	1.06438858628342e-43	ENSA	c12
1.48168292213192e-20	-0.325225915160138	0.049	0.013	5.42310766329503e-16	HCG11	c12
8.09171887884185e-17	-0.325183502214689	0.054	0.017	2.96165002684491e-12	ACAP3	c12
9.1906984880365e-12	-0.325151903039369	0.043	0.014	3.36388755360624e-07	THTPA	c12
8.0359517010297e-59	-0.325059483568243	0.334	0.122	2.94123868209388e-54	MIF4GD	c12
4.72560064039463e-54	-0.325059439534312	0.318	0.118	1.72961709039084e-49	TPGS2	c12
1.4849280142857e-62	-0.324901441464364	0.352	0.127	5.43498502508708e-58	GTF2B	c12
6.37934298950106e-56	-0.324680912751078	0.386	0.15	2.33490332758728e-51	CEBPZ	c12
3.64450843203931e-54	-0.324522629353655	0.188	0.057	1.33392653121071e-49	RTL8A	c12
6.84286653187725e-06	-0.324280994675536	0.017	0.006	0.250455757933239	EFCAB11	c12
2.14466527402143e-12	-0.324077448137884	0.051	0.018	7.84968936944585e-08	UBA6-AS1	c12
4.8704187580498e-17	-0.323882524038009	0.078	0.028	1.78262196963381e-12	DVL2	c12
2.10743841258643e-45	-0.323669053866643	0.439	0.188	7.71343533390758e-41	PCNP	c12
4.99151989889269e-29	-0.32357372500446	0.127	0.044	1.82694619819371e-24	RUSC1	c12
6.3874378670563e-10	-0.323452399783458	0.039	0.014	2.33786613372128e-05	IGFBP3	c12
1.10197892325121e-34	-0.323124103453452	0.146	0.049	4.03335305699175e-30	MAPK13	c12
0.00389274071053823	-0.322978487724658	0.01	0.004	1	PLK4	c12
3.53853869052746e-12	-0.322700556940347	0.06	0.023	1.29514054611996e-07	CRAT	c12
7.0277744769992e-33	-0.322623880815827	0.138	0.047	2.57223573632648e-28	SCO2	c12
3.25866378216052e-05	-0.322547281673555	0.019	0.007	1	ZNF354C	c12
7.48391147084615e-66	-0.322509324733358	0.515	0.199	2.7391864374444e-61	ENY2	c12
5.76962590977409e-44	-0.322353653173135	0.547	0.245	2.11174077923641e-39	PAPOLA	c12
2.46157254993029e-49	-0.322286629952269	0.243	0.085	9.00960168999986e-45	COA1	c12
3.86843339489669e-45	-0.322268390731781	0.199	0.067	1.41588530686614e-40	PIM3	c12
2.72401712518333e-45	-0.322250499549445	0.179	0.058	9.97017507988352e-41	PIBF1	c12
8.76478289042041e-43	-0.321983742527711	0.213	0.076	3.20799818572278e-38	TRIB2	c12
2.09669064490441e-15	-0.32185316466314	0.064	0.023	7.67409742941465e-11	SLC25A22	c12
1.50160066648245e-46	-0.321770061904395	0.176	0.055	5.49600859939241e-42	GLMP	c12
1.46813484833789e-58	-0.321755633570715	0.356	0.132	5.37352035840152e-54	RCN2	c12
2.31153020857204e-10	-0.321688462423208	0.045	0.017	8.46043171639453e-06	INTS2	c12
1.21252145884413e-38	-0.321672585545258	0.143	0.045	4.4379497915154e-34	TRRAP	c12
1.18823042220764e-25	-0.321602563879798	0.09	0.029	4.34904216832219e-21	CDPF1	c12
7.72895302235956e-34	-0.321575969326575	0.151	0.052	2.82887409571382e-29	SLC39A1	c12
1.92847419266887e-46	-0.321575664564537	0.207	0.071	7.05840839258734e-42	ANKZF1	c12
6.75691635772706e-31	-0.321540443393763	0.128	0.043	2.47309895609168e-26	ZNF76	c12
6.93277054675156e-29	-0.321494560424887	0.098	0.03	2.53746334781654e-24	GSTM4	c12
6.56717433141908e-35	-0.321429764453982	0.135	0.044	2.4036514770427e-30	KIZ	c12
2.21166456680853e-05	-0.321416103014577	0.01	0.002	0.80949134809759	ZNF850	c12
3.60707015593906e-21	-0.32138156530105	0.077	0.025	1.32022374777526e-16	ZNF567	c12
7.84018557073621e-50	-0.321318842918907	0.517	0.221	2.86958632074516e-45	NAP1L4	c12
3.93263155454672e-34	-0.321279445456788	0.19	0.072	1.43938247527965e-29	SPRYD3	c12
4.73121251301704e-36	-0.321277065170091	0.12	0.036	1.73167109188937e-31	ASB3	c12
0.000381752739371255	-0.321193601947549	0.011	0.003	1	ABCB6	c12
3.67290688207617e-54	-0.321186211671753	0.267	0.093	1.3443206479087e-49	GNPAT	c12
4.61350088807011e-07	-0.32116553456178	0.032	0.013	0.0168858746004254	SEPSECS	c12
2.08064535762938e-12	-0.321138392787042	0.046	0.016	7.6153700734593e-08	TAF1C	c12
3.32256428721012e-40	-0.320944582530936	0.731	0.338	1.21609175476178e-35	TAX1BP1	c12
8.47008396603544e-07	-0.320694235140262	0.026	0.009	0.0310013543240863	PRDM8	c12
0.000194337148142579	-0.32064274605993	0.011	0.003	1	C5orf34	c12
1.33100886863834e-52	-0.320599061025464	0.584	0.249	4.87162556010319e-48	RAB2A	c12
5.02837824109183e-15	-0.320576997983546	0.05	0.016	1.84043672002202e-10	ZNF180	c12
7.45618032184108e-36	-0.320534781187671	0.111	0.032	2.72903655959705e-31	MXD4	c12
3.50731246226288e-72	-0.32037872101216	0.4	0.141	1.28371143431284e-67	HECTD1	c12
2.0192214051083e-40	-0.320242538937322	0.215	0.079	7.39055226483688e-36	STK25	c12
2.579954948745e-70	-0.320211910233531	0.383	0.135	9.44289310790159e-66	MTIF3	c12
1.40993290956565e-18	-0.320176190133672	0.084	0.03	5.16049544230124e-14	ZC3H12A	c12
1.04316897265605e-36	-0.319982706888092	0.594	0.283	3.81810275681839e-32	HIST1H1E	c12
1.9037716071814e-26	-0.319840225632234	0.072	0.02	6.96799445944463e-22	TMEM250	c12
1.28713794271123e-47	-0.319652764965308	0.585	0.256	4.71105358411736e-43	PSMA5	c12
1.5051074742878e-45	-0.31959922327826	0.197	0.066	5.50884386664076e-41	MTR	c12
2.22942373393122e-11	-0.319460444467919	0.037	0.012	8.15991380856164e-07	ZNF197	c12
2.31259467916505e-35	-0.319433805870444	0.169	0.06	8.464327785212e-31	NAA60	c12
2.94001640822387e-06	-0.319236093234739	0.015	0.004	0.107607540557402	RTCA-AS1	c12
5.26344450585234e-31	-0.319034362949328	0.133	0.046	1.92647332358701e-26	WWP2	c12
5.38248662418883e-39	-0.318844254376298	0.63	0.291	1.97004392931936e-34	UBE2V1	c12
4.59524751070234e-47	-0.318732417809624	0.526	0.23	1.68190654139216e-42	CHMP2A	c12
2.05920627961807e-57	-0.318710420960963	0.32	0.116	7.53690090403011e-53	ERCC5	c12
9.63622045710465e-40	-0.318489169668236	0.172	0.058	3.52695304950487e-35	PRKX	c12
6.82717806483203e-30	-0.3184649451468	0.117	0.039	2.49881544350917e-25	OSBPL2	c12
9.69700492921686e-53	-0.318409278996549	0.229	0.076	3.54920077414266e-48	FGD5-AS1	c12
5.30560331868851e-27	-0.318334415209045	0.064	0.016	1.94190387067318e-22	FBF1	c12
5.27593749584877e-08	-0.318267573272473	0.027	0.009	0.00193104588285561	SH3BP5-AS1	c12
5.54515393545418e-10	-0.318129979267075	0.027	0.008	2.02958179191558e-05	ZSCAN29	c12
3.95065322905903e-56	-0.318115379280283	0.418	0.165	1.4459785883679e-51	AATF	c12
1.06094422799376e-43	-0.318113937609341	0.204	0.071	3.88316196887998e-39	USP39	c12
9.89101950581484e-57	-0.318083616026615	0.19	0.056	3.62021204932329e-52	TOP2B	c12
8.35358476650055e-40	-0.317884574813602	0.163	0.054	3.05749556038687e-35	GOLGA3	c12
6.06991080697274e-65	-0.317658340010609	0.463	0.177	2.22164805446009e-60	RSRC2	c12
9.05382530235708e-51	-0.31761722673296	0.211	0.069	3.31379059891571e-46	PPAN	c12
2.83678320057599e-27	-0.317502525309353	0.079	0.022	1.03829101924282e-22	TLNRD1	c12
2.02453078822671e-43	-0.317144734953076	0.577	0.26	7.40998513798858e-39	RPN2	c12
2.67370258166241e-63	-0.317138834024298	0.472	0.183	9.7860188191426e-59	MTCH1	c12
3.65838091261885e-50	-0.317066784757436	0.227	0.077	1.33900399782763e-45	SIN3A	c12
1.38044691405445e-13	-0.316898745097482	0.051	0.017	5.05257375013069e-09	FASN	c12
4.36578523795165e-49	-0.316704915284938	0.256	0.092	1.59792105494268e-44	LST1	c12
1.56723361187622e-40	-0.316473971944716	0.176	0.059	5.73623174282814e-36	TRMT6	c12
1.00415668057528e-18	-0.3163808403116	0.063	0.02	3.6753138665736e-14	ZSCAN26	c12
8.64993158404343e-62	-0.316362575982404	0.276	0.092	3.16596145907573e-57	RAD50	c12
1.09642459257985e-09	-0.316326168138425	0.019	0.005	4.01302365130152e-05	SPA17	c12
4.6949530759714e-09	-0.316240032203903	0.024	0.007	0.000171839977533629	DTWD2	c12
1.14566616516341e-11	-0.316195463584027	0.036	0.011	4.19325273111459e-07	AARS2	c12
3.42049593070237e-36	-0.316178484586871	0.167	0.059	1.25193571559637e-31	SMG7	c12
6.03198914300679e-30	-0.316082855366856	0.123	0.042	2.20776834623191e-25	SCAP	c12
3.05168135785806e-05	-0.316023108714053	0.012	0.003	1	AC008915.2	c12
5.10405907182985e-41	-0.315996636003567	0.288	0.116	1.86813666088044e-36	PPP1R15A	c12
1.82735454177979e-08	-0.31584327117387	0.023	0.007	0.000668830035836823	LINC00665	c12
6.90143892811253e-07	-0.31579948494213	0.021	0.007	0.0252599566207847	ALS2	c12
3.51399992285737e-14	-0.315715903070367	0.071	0.028	1.28615911176503e-09	CNP	c12
0.000985107099642904	-0.31557614708965	0.011	0.004	1	ERP27	c12
8.98644260995506e-32	-0.315443537291906	0.113	0.035	3.28912785966965e-27	FTX	c12
1.0561479068496e-55	-0.315418027744966	0.501	0.208	3.86560695386021e-51	HIST1H1D	c12
1.00071841416464e-05	-0.315392047495121	0.854	0.529	0.366272946768399	SON	c12
2.11740717590602e-34	-0.315190148798552	0.19	0.072	7.74992200453363e-30	CPSF7	c12
1.26888471925919e-61	-0.315074775915484	0.353	0.128	4.64424496096057e-57	LARP7	c12
2.06732847510141e-72	-0.314966567235984	0.404	0.143	7.56662895171868e-68	SNRPA1	c12
1.30892839910722e-51	-0.314735997946447	0.223	0.074	4.79080883357235e-47	STX17	c12
1.83006282304039e-06	-0.314654010683456	0.026	0.01	0.0669821293861013	ZNF624	c12
1.67594615501544e-52	-0.314631312177977	0.532	0.226	6.134130521972e-48	CDC42SE1	c12
2.38094018299672e-69	-0.314601268117673	0.385	0.138	8.71447916378631e-65	CEP350	c12
3.40234917024581e-09	-0.314578553443011	0.035	0.012	0.000124529381980167	CENPL	c12
2.54806833182654e-33	-0.314540120313021	0.187	0.072	9.32618490131834e-29	IBTK	c12
5.59309212693519e-36	-0.314520974094445	0.262	0.108	2.04712764937955e-31	LMF2	c12
3.73579909816266e-39	-0.314384730651909	0.151	0.049	1.36733982791851e-34	ZFYVE27	c12
2.21986264622257e-25	-0.314375882588483	0.101	0.034	8.12491927143924e-21	MEMO1	c12
7.84133393924905e-46	-0.314315833022732	0.266	0.1	2.87000663510455e-41	KRI1	c12
2.23624374279286e-59	-0.314313435119917	0.487	0.194	8.18487572299613e-55	ELOC	c12
1.44629109085483e-58	-0.314211731929919	0.419	0.164	5.29357002163776e-54	LPIN2	c12
2.00916697250171e-55	-0.314144378656294	0.582	0.245	7.35375203605352e-51	NPC2	c12
1.85394977408113e-35	-0.314002999710298	0.109	0.031	6.78564156811434e-31	PGPEP1	c12
4.88478565846562e-20	-0.31371479963117	0.077	0.026	1.787880398855e-15	CLOCK	c12
4.87386459214138e-60	-0.313494045370085	0.406	0.155	1.78388317936967e-55	HERPUD2	c12
1.18365263232168e-70	-0.3134512478889	0.468	0.174	4.33228699956058e-66	SENP6	c12
1.41768005372772e-10	-0.313348322646079	0.028	0.008	5.18885076464882e-06	MLYCD	c12
3.21781544959125e-38	-0.313188580501085	0.636	0.297	1.17775263270489e-33	NDUFB7	c12
1.39895571513383e-29	-0.313144182040846	0.122	0.041	5.12031781296134e-25	ANKRA2	c12
1.94931755265917e-22	-0.312754382415396	0.09	0.031	7.13469717448783e-18	LETM1	c12
9.48928441668373e-51	-0.312517012276445	0.555	0.237	3.47317298935041e-46	NAPA	c12
9.54492880162847e-41	-0.312502224139038	0.251	0.097	3.49353939068404e-36	DPYD	c12
9.34544982404894e-55	-0.312459348550363	0.249	0.084	3.42052809010015e-50	DRG2	c12
3.23584201002804e-55	-0.312423540078454	0.516	0.213	1.18435053409036e-50	LSM8	c12
1.11101707547389e-32	-0.312292050792343	0.12	0.038	4.06643359794198e-28	FAM104B	c12
2.34567348575647e-35	-0.312121082726156	0.157	0.054	8.58539952521724e-31	NFKB2	c12
1.18241863977304e-51	-0.312095581765447	0.288	0.106	4.32777046343329e-47	CHRAC1	c12
2.43355766769855e-55	-0.312047842316668	0.576	0.241	8.90706441954347e-51	XRN2	c12
1.7800921896318e-52	-0.312009314943802	0.277	0.099	6.51531542327135e-48	ASB8	c12
1.70782831210735e-47	-0.311996787099712	0.436	0.184	6.25082240514411e-43	RBBP4	c12
2.29553637861378e-25	-0.311675122368115	0.107	0.037	8.40189269936428e-21	MRI1	c12
7.19189351289181e-59	-0.31164538446587	0.321	0.116	2.63230494465353e-54	IARS2	c12
1.10446008102012e-38	-0.311596797835227	0.269	0.109	4.04243434254173e-34	CAPN1	c12
1.0378381509692e-53	-0.311592010546841	0.291	0.106	3.79859141636237e-49	IL17RA	c12
7.234521968213e-74	-0.311415839631378	0.266	0.08	2.64790738558564e-69	SERPINB6	c12
4.45449168850675e-57	-0.311374905233375	0.25	0.083	1.63038850291035e-52	TCHP	c12
7.33848458627829e-67	-0.31133278297278	0.332	0.114	2.68595874342372e-62	RB1CC1	c12
1.01903947701155e-34	-0.311309107881158	0.235	0.095	3.72978638980999e-30	RIC8A	c12
6.82754812440148e-07	-0.311222750583366	0.021	0.007	0.0249895088901218	AL162253.2	c12
1.18364565706988e-48	-0.311140328172722	0.178	0.055	4.33226146944148e-44	CYP2R1	c12
6.28789615094804e-52	-0.311104591395095	0.555	0.235	2.30143287020849e-47	ADRM1	c12
2.27425255653633e-15	-0.311046731175884	0.053	0.017	8.32399178217862e-11	TUBE1	c12
2.56377499493056e-16	-0.310992043872608	0.072	0.026	9.38367285894535e-12	DCTN6	c12
3.54810002473631e-29	-0.310947761121407	0.123	0.042	1.29864009005374e-24	PIKFYVE	c12
5.45736615143569e-63	-0.31091569677286	0.418	0.158	1.99745058508698e-58	EMC6	c12
1.11332145896005e-06	-0.310893240041254	0.021	0.007	0.0407486787193966	FBXL14	c12
1.43465850902912e-51	-0.310835966394897	0.31	0.116	5.25099360889748e-47	EIF2AK1	c12
1.36560228847356e-18	-0.310639556383461	0.064	0.02	4.99824093604209e-14	NSUN4	c12
6.41887205635987e-22	-0.310540612162484	0.069	0.021	2.34937136134828e-17	DNASE1	c12
3.14307155027834e-28	-0.310486248516212	0.073	0.02	1.15039561811738e-23	DHX33	c12
4.07669114595089e-57	-0.310387857651224	0.263	0.089	1.49210972632949e-52	CTBS	c12
1.39283180034232e-18	-0.310385238985396	0.052	0.015	5.09790367243294e-14	CASD1	c12
3.31940806527122e-14	-0.310366907487673	1	0.993	1.21493654596992e-09	ACTB	c12
8.41651351205762e-20	-0.31008084631846	0.1	0.038	3.08052811054821e-15	CSTF2T	c12
6.39352209592222e-29	-0.310046998838255	0.097	0.03	2.34009302232849e-24	INTS13	c12
4.84307385308843e-47	-0.310043608204759	0.598	0.263	1.7726134609689e-42	MDH1	c12
0.0217525560706575	-0.310028958184717	0.982	0.73	1	HMGB1	c12
4.88795761084603e-15	-0.310020440882373	0.044	0.013	1.78904136514575e-10	LINC00921	c12
1.20828034498895e-30	-0.310007461930135	0.113	0.036	4.42242689069405e-26	TRAPPC8	c12
3.19273561372909e-06	-0.309985264992716	0.01	0.002	0.116857316198098	ZSWIM4	c12
1.46950230140236e-05	-0.309910711757045	0.015	0.005	0.537852537336279	SLC12A4	c12
4.0263904637286e-05	-0.309858102204294	0.013	0.004	1	AL356512.1	c12
6.27074256232289e-31	-0.309719356000768	0.124	0.042	2.2951544852358e-26	BACH1	c12
8.14361918806883e-14	-0.309681774327883	0.055	0.019	2.98064605902507e-09	NARS2	c12
3.8569963787982e-55	-0.309451005914822	0.265	0.091	1.41169924460393e-50	PLPBP	c12
3.89789490011881e-56	-0.309438475767593	0.26	0.088	1.42666851239248e-51	TAF11	c12
4.30036021001985e-22	-0.309316578287448	0.074	0.023	1.57397484046937e-17	SLC23A2	c12
1.86977001737639e-68	-0.309313990915609	0.462	0.174	6.84354524059934e-64	PHIP	c12
2.09667710902399e-54	-0.309255125493375	0.276	0.097	7.67404788673872e-50	CAPN7	c12
4.0019325984521e-12	-0.309235027205497	0.04	0.013	1.46474735035945e-07	MARK4	c12
9.46102805038944e-58	-0.309007357892499	0.473	0.19	3.46283087672304e-53	ORMDL1	c12
1.01613764243931e-61	-0.308726855090932	0.411	0.156	3.71916538509212e-57	STX10	c12
3.80393388633956e-63	-0.308704905277391	0.391	0.145	1.39227784173914e-58	SDHB	c12
1.9319090552344e-09	-0.308664557552056	0.021	0.006	7.07098033306343e-05	F12	c12
7.40522609596344e-17	-0.308546576590451	0.762	0.409	2.71038680338358e-12	ATP5MD	c12
1.37737914294775e-57	-0.3085228065901	0.511	0.207	5.04134540110305e-53	SNRPD1	c12
7.09021937591454e-57	-0.308421653136832	0.533	0.219	2.59509119377848e-52	PSMD13	c12
2.28255548963312e-06	0.308388155645908	0.014	0.004	0.0835438134760617	CAPS2	c12
2.49015314358715e-59	-0.308292384268075	0.357	0.133	9.11420952084335e-55	TSPAN14	c12
0.0238195142136699	-0.308287367197203	0.97	0.717	1	HNRNPA2B1	c12
4.09821131055874e-06	-0.308273872465517	0.018	0.006	0.14999863217776	AOPEP	c12
2.07379800386304e-05	-0.308100198470477	0.02	0.008	0.759030807393912	ARF4-AS1	c12
1.51997064585961e-22	-0.308022439385825	0.765	0.395	5.56324456091077e-18	ARPC4	c12
3.29311595421566e-56	-0.307549453920532	0.438	0.175	1.20531337040248e-51	ANAPC5	c12
7.72932953291587e-39	-0.307394761844786	0.129	0.038	2.82901190234254e-34	NAT9	c12
5.22706457809656e-26	-0.307390944925414	0.08	0.023	1.91315790622912e-21	RBM41	c12
4.46974772656034e-36	-0.307258967308975	0.105	0.03	1.63597236539835e-31	PAX8-AS1	c12
2.86521356800489e-50	-0.307229559154845	0.364	0.145	1.04869681802547e-45	ATF6B	c12
5.33719105993937e-07	-0.307134960970656	0.021	0.007	0.0195346529984841	HIST1H4H	c12
1.00588925715389e-51	-0.307107964875033	0.222	0.074	3.68165527010893e-47	SLC25A1	c12
3.48678396341715e-16	-0.307063340664187	0.059	0.019	1.27619779845031e-11	GNPDA2	c12
2.36302614128892e-29	-0.307015146218092	0.116	0.038	8.64891197973159e-25	IPO9	c12
4.77561075662609e-50	-0.306852542684724	0.312	0.119	1.74792129303272e-45	FKBP5	c12
1.27464759267348e-29	-0.306844983169524	0.13	0.045	4.66533765394419e-25	UBE4B	c12
7.98178537934223e-10	-0.306821289629591	0.033	0.011	2.92141326669305e-05	PTPDC1	c12
5.18718291765935e-36	-0.306810393844257	0.184	0.067	1.8985608196925e-31	RNF44	c12
1.10094034787461e-38	-0.306505634842271	0.205	0.076	4.02955176725586e-34	PRRC1	c12
2.18307606825866e-22	-0.306481020664661	0.076	0.024	7.99027671743353e-18	ZNF669	c12
2.07780496946232e-53	-0.306408257399252	0.513	0.215	7.60497396872905e-49	FYN	c12
4.01143456454395e-25	-0.306177131484997	0.096	0.031	1.46822516496873e-20	IDNK	c12
1.59955899291743e-34	-0.30611540892722	0.12	0.037	5.85454586997709e-30	MIATNB	c12
9.2361651530785e-38	-0.30602681318764	0.633	0.297	3.38052880767826e-33	HADHA	c12
3.20182483072732e-09	-0.305921059544685	0.033	0.011	0.000117189990629451	ACTR3C	c12
1.49383938683496e-05	-0.305843777105915	0.027	0.011	0.546760153975463	NCAPG2	c12
4.71923494247901e-72	-0.305776931991773	0.532	0.202	1.72728718129674e-67	UPP1	c12
4.51262109903764e-05	-0.305770176725992	1	0.993	1	MT-CYB	c12
0.0643511255249079	-0.305643612456965	0.94	0.625	1	ARL6IP5	c12
1.59796497271035e-16	-0.305614444151945	0.056	0.018	5.84871159661714e-12	APOLD1	c12
1.88096040241532e-21	-0.305597034311021	0.101	0.037	6.8845031688803e-17	CCR4	c12
2.57827382789914e-28	-0.305539426805496	0.103	0.033	9.43674003749364e-24	KBTBD3	c12
5.72398455781719e-22	-0.305471023011623	0.085	0.028	2.09503558800667e-17	RPUSD4	c12
1.96873693453966e-33	-0.305425452028134	0.079	0.02	7.20577405410859e-29	TRAV36DV7	c12
3.39027778639937e-28	-0.30540606103806	0.115	0.039	1.24087557260003e-23	CPSF1	c12
9.11749597170908e-18	-0.305403431976363	0.046	0.012	3.33709470060524e-13	CCDC51	c12
4.59462983545374e-19	-0.3053754761479	0.099	0.038	1.68168046607442e-14	RBBP5	c12
1.95853220431706e-58	-0.305292069760407	0.327	0.118	7.16842372102089e-54	STARD3	c12
2.91396234153489e-50	-0.305233858251392	0.465	0.196	1.06653935662519e-45	ANP32E	c12
4.11501722892867e-06	-0.305226687947219	0.018	0.006	0.150613745596018	OVCH1-AS1	c12
1.23166775052017e-64	-0.305095991378299	0.426	0.161	4.50802713367889e-60	SMC3	c12
1.23416984199455e-37	-0.304969661859322	0.166	0.057	4.51718503868426e-33	MAPKAP1	c12
6.42194155690179e-60	-0.304964605059541	0.455	0.18	2.35049482924162e-55	DDX39A	c12
6.83437399451027e-06	-0.304785488799328	0.017	0.006	0.25014492257307	NOMO1	c12
7.66785872027742e-16	-0.304757496343299	0.041	0.011	2.80651297020874e-11	TRIM66	c12
3.00463502545676e-62	-0.304525303210438	0.561	0.227	1.09972646566743e-57	BTN3A2	c12
4.51473162882213e-39	-0.304449433891453	0.19	0.068	1.65243692346519e-34	R3HDM1	c12
1.80496756654805e-28	-0.304439984271979	0.1	0.031	6.60636179032251e-24	CIAO3	c12
6.08299591631176e-29	-0.30441263926712	0.731	0.371	2.22643733532927e-24	MT2A	c12
2.54306382946161e-41	-0.304327596497903	0.149	0.046	9.30786792221245e-37	C18orf21	c12
7.82860104132439e-50	-0.304037626684909	0.284	0.105	2.86534626713514e-45	ZNFX1	c12
2.39918808998626e-23	-0.304027890680215	0.08	0.025	8.78126832815872e-19	WDTC1	c12
1.40771638462684e-53	-0.304020275598545	0.628	0.27	5.1523827393727e-49	BAX	c12
1.00063495106459e-20	-0.30381984462867	0.074	0.024	3.66242398439151e-16	WDYHV1	c12
2.52027399281222e-33	-0.303769897923731	0.109	0.032	9.22445484109201e-29	USP24	c12
0.00184442823420767	-0.303167412670502	0.011	0.004	1	MPZL2	c12
1.01110292449813e-48	-0.302667901641247	0.193	0.062	3.70073781395559e-44	AGO3	c12
2.85714875062438e-07	-0.302626491976092	0.022	0.007	0.0104574501421603	ERMAP	c12
2.0425765820303e-21	-0.302591890842933	0.084	0.028	7.47603454788911e-17	ZBTB48	c12
2.55265446934348e-74	-0.302581820584095	0.386	0.134	9.34297062324407e-70	SMARCA2	c12
6.93806805266339e-51	-0.30256274172977	0.567	0.243	2.53940228795533e-46	CASP4	c12
0.00246433387355805	-0.302502969970937	0.014	0.006	1	CCDC15	c12
2.60567751998136e-36	-0.302415793418211	0.137	0.044	9.53704029088379e-32	NUDT9	c12
1.18108984637505e-33	-0.302379695544195	0.146	0.05	4.32290694671731e-29	CDK5RAP1	c12
1.18273778894346e-16	-0.302376647295324	0.045	0.012	4.32893858131197e-12	MMS22L	c12
2.58358944488995e-52	-0.302246500800396	0.232	0.078	9.45619572724172e-48	CARD19	c12
9.57814968555411e-17	-0.302016505106798	0.048	0.014	3.50569856640966e-12	DGKH	c12
5.74515571462398e-23	-0.301980041040764	0.102	0.036	2.10278444310952e-18	ATP13A1	c12
6.4270589247304e-20	-0.301879645342562	0.073	0.024	2.35236783704057e-15	TRBV4-1	c12
5.23128881633348e-46	-0.301824516216216	0.315	0.124	1.91470401966622e-41	EIF4EBP2	c12
5.75194074323707e-56	-0.301812556682997	0.246	0.082	2.1052678314322e-51	CCNL2	c12
5.62983918851693e-37	-0.301785964828607	0.127	0.039	2.06057744138908e-32	AC012615.1	c12
4.32783330103852e-71	-0.301747557022247	0.343	0.116	1.58403026651311e-66	EHMT1	c12
2.47837001578591e-48	-0.301604952730564	0.195	0.063	9.07108209477802e-44	CIAPIN1	c12
2.53973355292384e-40	-0.301600239381207	0.682	0.315	9.29567877705656e-36	SP100	c12
4.12270649566098e-08	-0.301576306444438	0.016	0.004	0.00150895180447688	AC092747.4	c12
2.16198881717141e-44	-0.301548685438806	0.174	0.056	7.91309526972908e-40	IKBKB	c12
4.12733941350202e-18	-0.301544229580788	0.052	0.015	1.51064749873587e-13	MBD3	c12
2.82151108802923e-22	-0.301518778303995	0.117	0.045	1.03270127332958e-17	ADORA2A	c12
7.68459770189294e-60	-0.301179592548788	0.34	0.124	2.81263960486983e-55	MRPL28	c12
8.05867978242316e-44	-0.301151018421251	0.295	0.116	2.9495573871647e-39	CRLF3	c12
0.00902711934982693	-0.300984415605056	0.981	0.763	1	YWHAB	c12
1.47213092551056e-08	-0.300906228895859	0.024	0.008	0.00053881464004612	CPOX	c12
1.34779297462419e-23	-0.300829988188323	0.748	0.385	4.93305706642201e-19	SHISA5	c12
1.88975203420726e-55	-0.300828200079145	0.571	0.24	6.91668142040199e-51	VPS29	c12
8.598090648651e-37	-0.300726351355048	0.576	0.272	3.14698715831275e-32	EWSR1	c12
1.73050031611539e-27	-0.300696353110224	0.107	0.036	6.33380420701395e-23	COX15	c12
3.65466654376399e-18	-0.300660639692102	0.79	0.421	1.33764450168306e-13	PGK1	c12
1.62084624047096e-49	-0.300611352493976	0.251	0.089	5.93245932474775e-45	DCAF11	c12
3.72436527722894e-07	-0.300512704740957	0.031	0.012	0.0136315493511856	HECW2-AS1	c12
5.80020386615569e-37	-0.300270278591847	0.149	0.049	2.12293261705164e-32	LIN37	c12
3.79557156601771e-56	-0.300215252257704	0.276	0.096	1.38921714887814e-51	MRPS23	c12
3.57623247198541e-28	-0.300203465413127	0.106	0.035	1.30893684707138e-23	MRS2	c12
3.66419702452259e-53	-0.300039553471284	0.276	0.098	1.34113275294551e-48	FPGS	c12
3.65176158175271e-64	-0.299872799889054	0.352	0.126	1.33658125653731e-59	RBM6	c12
2.23030508090195e-30	-0.299808517046927	0.115	0.037	8.16313962660923e-26	SCAF1	c12
5.26973968674146e-69	-0.299785132510457	0.323	0.108	1.92877742274424e-64	SYS1	c12
4.67274407370293e-18	-0.299749149417794	0.045	0.012	1.71027105841601e-13	C3orf18	c12
1.56623045062721e-42	-0.299656213978862	0.203	0.072	5.73256007234066e-38	WASHC2C	c12
4.08209541799835e-18	-0.299603462512749	0.053	0.016	1.49408774394158e-13	TCF3	c12
3.26059580303545e-55	-0.299511961150564	0.444	0.179	1.19341066986901e-50	PPP3CC	c12
7.62654786519223e-31	-0.299312438804288	0.129	0.044	2.79139278413901e-26	RUFY1	c12
3.04481693976343e-31	-0.299220410488108	0.107	0.033	1.11443344812281e-26	ZNF350	c12
3.60125907020555e-40	-0.299192608455055	0.181	0.062	1.31809683228593e-35	DLGAP4	c12
5.64395475861149e-70	-0.299097007779041	0.409	0.147	2.06574388119939e-65	NUDT21	c12
2.10174985055477e-15	-0.299033189936543	0.068	0.025	7.69261462801552e-11	RABL2B	c12
2.90435880386798e-22	-0.298864509043599	0.086	0.029	1.06302436580372e-17	GTF2H4	c12
2.18859445691955e-62	-0.298861928984416	0.279	0.093	8.01047457177123e-58	ALG5	c12
4.29281209874716e-66	-0.298833201518488	0.361	0.128	1.57121215626245e-61	PIN4	c12
1.62915883495015e-05	-0.298811223776469	0.013	0.004	0.596288425180106	TMEM201	c12
8.47062236918812e-06	-0.298755327901548	0.015	0.005	0.310033249334654	ZNF2	c12
1.62277954047155e-57	-0.2986363059763	0.331	0.121	5.93953539607993e-53	PDCL3	c12
2.2419073879698e-37	-0.298599820270164	0.136	0.043	8.20560523070827e-33	UMAD1	c12
1.89262813890807e-34	-0.298584407874243	0.151	0.052	6.92720825121743e-30	MAP2K7	c12
3.38786494194495e-17	-0.298577877060075	0.06	0.019	1.23999244740127e-12	C16orf70	c12
7.97477098230899e-70	-0.29849397528937	0.334	0.113	2.91884592723491e-65	ZNF106	c12
0.170203882672111	-0.298339224245797	0.923	0.609	1	COX6A1	c12
9.82953465203839e-50	-0.298071616772179	0.619	0.271	3.59770797799257e-45	AUP1	c12
2.31110572553564e-51	-0.298046012838785	0.354	0.138	8.45887806603299e-47	RBBP7	c12
3.93545696236092e-55	-0.297927083726137	0.238	0.079	1.44041660279372e-50	ZNF593	c12
1.33050913035909e-47	-0.297450341988204	0.155	0.046	4.86979646802732e-43	VIM-AS1	c12
0.00241581661631424	-0.29730433553042	0.012	0.005	1	ZNF619	c12
1.0422984998619e-33	-0.297198830803107	0.629	0.303	3.81491673934454e-29	PCBP1	c12
3.26426113075157e-25	-0.29719450626285	0.096	0.031	1.19475221646638e-20	POLH	c12
7.7617943363357e-45	-0.297184120214082	0.222	0.079	2.84089434504223e-40	UNC45A	c12
0.0571299703714636	-0.296837040871833	0.969	0.734	1	ARPC1B	c12
2.94849577395965e-17	-0.296789436762551	0.065	0.022	1.07917893822697e-12	LOXL1-AS1	c12
1.39165901174593e-23	-0.296660294514107	0.089	0.029	5.09361114889126e-19	DNAL4	c12
9.23523988188145e-61	-0.296580879381186	0.301	0.104	3.38019014916743e-56	AASDHPPT	c12
4.70918235387154e-36	-0.296558168028257	0.676	0.319	1.72360783334052e-31	PSMB6	c12
5.89674408718426e-50	-0.296547073907667	0.566	0.244	2.15826730335031e-45	CCT6A	c12
9.53181114826562e-11	-0.296268463841232	0.037	0.012	3.4887381983767e-06	B3GALNT2	c12
9.73571091922552e-29	-0.296193040335109	0.126	0.044	3.56336755354573e-24	MSH2	c12
1.05245859121736e-05	-0.29615266257664	0.011	0.003	0.385210368971467	AC093635.1	c12
1.04473487662923e-10	-0.296116232278186	0.029	0.008	3.82383412195066e-06	ZNF682	c12
5.49641526210963e-14	-0.296105214043746	0.822	0.456	2.01174295008475e-09	CDC37	c12
1.16002703374197e-59	-0.296089458586505	0.28	0.095	4.245814946199e-55	MIIP	c12
2.22098175359221e-63	-0.296029296237479	0.447	0.172	8.12901531632284e-59	SNRNP200	c12
1.11277799596709e-29	-0.29571236613994	0.094	0.028	4.07287874303916e-25	MCEE	c12
1.79309472313971e-60	-0.295585268927403	0.343	0.125	6.56290599616366e-56	SRRT	c12
1.06087923611013e-31	-0.295516132158413	0.71	0.352	3.88292409208669e-27	UBXN4	c12
4.04627870251107e-26	-0.295459291701379	0.131	0.049	1.48097846790608e-21	DPH1	c12
2.33029165502297e-23	-0.295199568022249	0.08	0.025	8.52910048654959e-19	ENTPD1-AS1	c12
1.99646660224801e-52	-0.295058525387242	0.236	0.08	7.30726741088793e-48	HMG20B	c12
7.36715990932816e-50	-0.295024308921192	0.257	0.092	2.6964541984132e-45	NFU1	c12
4.2238390065618e-11	-0.294944992533519	0.845	0.479	1.54596731479169e-06	LDHA	c12
8.02706895343864e-26	-0.294936433756467	0.803	0.411	2.93798750764808e-21	RBM39	c12
2.55631524417872e-46	-0.294914803773377	0.238	0.086	9.35636942521853e-42	CRCP	c12
7.40188991170736e-06	-0.294859875288101	0.852	0.521	0.270916572658401	GUK1	c12
1.62626284684491e-55	-0.294846411365559	0.39	0.153	5.95228464573707e-51	STAG2	c12
1.09351128963208e-50	-0.294708435927452	0.23	0.078	4.00236067118237e-46	ERBIN	c12
8.27251337075608e-10	-0.294582807611434	0.016	0.003	3.02782261883043e-05	TTC21B-AS1	c12
1.05970596888923e-64	-0.294547114079207	0.346	0.122	3.87862981673147e-60	COA3	c12
3.77543217390983e-06	-0.294511325838116	0.021	0.008	0.138184592997274	KRBA1	c12
1.56838597630377e-35	-0.294468290290359	0.122	0.038	5.74044951186943e-31	MAST4	c12
1.57139688728976e-57	-0.294467456332452	0.51	0.208	5.75146974716924e-53	SDF4	c12
4.19482447090617e-37	-0.294339528767134	0.632	0.296	1.53534770459637e-32	SEM1	c12
6.65592537834823e-09	-0.294154832745654	0.028	0.009	0.000243613524772924	MORN2	c12
6.76181421695197e-62	-0.293995093625819	0.455	0.177	2.47489162154659e-57	ARF6	c12
8.43280908408234e-26	-0.293942195215952	0.785	0.403	3.08649245286498e-21	KMT2E	c12
8.08526983947642e-31	-0.293876324866918	0.122	0.041	2.95928961394677e-26	BRAP	c12
3.18620299528548e-40	-0.29381874429105	0.695	0.322	1.16618215830444e-35	RNF167	c12
2.04357780040181e-57	-0.293784665711125	0.521	0.214	7.47969910725065e-53	DDOST	c12
6.78232163469959e-70	-0.293739983758112	0.434	0.159	2.4823975415164e-65	RNMT	c12
2.14201489871171e-37	-0.293404386521479	0.168	0.058	7.83998873077472e-33	CD2AP	c12
7.08955371773552e-38	-0.29324329098617	0.662	0.314	2.59484755622838e-33	RAD21	c12
4.0456892315444e-52	-0.293219902935657	0.234	0.079	1.48076271563756e-47	EBNA1BP2	c12
1.15000321054928e-05	-0.293138778654767	0.016	0.005	0.420912675093142	ZNF222	c12
8.40713467839102e-57	-0.292971899393165	0.241	0.079	3.0770953636379e-52	BORCS6	c12
1.59877863595592e-36	-0.292896709284009	0.145	0.047	5.85168968546225e-32	LRCH3	c12
5.09078753554304e-45	-0.292896562193267	0.278	0.106	1.86327914588411e-40	PPM1M	c12
1.41938565971065e-25	-0.29284755012646	0.095	0.031	5.19509345310694e-21	G6PC3	c12
3.53999367313389e-26	-0.292829759314768	0.093	0.029	1.29567308430374e-21	TMLHE	c12
3.01269617168996e-38	-0.292786690465841	0.137	0.043	1.10267692580024e-33	RBL1	c12
3.51621697122453e-19	-0.292726881593982	0.053	0.015	1.28697057363789e-14	FASTKD3	c12
3.9288788675301e-36	-0.292687033201143	0.152	0.051	1.43800895430469e-31	YKT6	c12
4.59578096444565e-60	-0.292638081503782	0.568	0.233	1.68210179079675e-55	GLRX	c12
1.26349569598237e-54	-0.292587394762535	0.355	0.136	4.62452059686508e-50	LMBRD1	c12
1.67068748542337e-14	-0.29237238156078	0.06	0.021	6.11488326539808e-10	NUDT15	c12
4.1413947599502e-16	-0.292282039936513	0.827	0.45	1.51579189608937e-11	VAMP8	c12
4.60281468211527e-50	-0.292265495575686	0.339	0.133	1.68467620180101e-45	BECN1	c12
1.92452204044894e-10	-0.292229389153491	0.032	0.01	7.04394312024718e-06	FAM219A	c12
3.1636723612178e-18	-0.292173847169787	0.068	0.023	1.15793572092933e-13	NSDHL	c12
4.07611679839757e-17	-0.292134356251941	0.049	0.014	1.49189950938149e-12	CAPN10	c12
2.13867655365332e-36	-0.292082155434102	0.117	0.035	7.8277700540265e-32	RXYLT1	c12
9.19849021657922e-37	-0.292017263867726	0.623	0.296	3.36673940417016e-32	HNRNPF	c12
1.86411335291469e-49	-0.291891720814098	0.241	0.085	6.82284128300305e-45	C1GALT1	c12
1.71809931428925e-08	-0.291732995484336	0.016	0.004	0.000628841530023008	SLC45A4	c12
6.21102231203399e-66	-0.291688659064454	0.397	0.145	2.27329627642756e-61	PSMB7	c12
7.70105449887536e-20	-0.291684471388876	0.095	0.035	2.81866295713337e-15	MKRN2	c12
1.41632129066765e-27	-0.291429015684693	0.123	0.043	5.18387755597266e-23	ELP3	c12
2.53808180152753e-22	-0.291427639142806	1	0.993	9.28963320177093e-18	HLA-C	c12
5.68827559647152e-37	-0.291422815264221	0.137	0.044	2.08196575106454e-32	N4BP1	c12
1.36908855652724e-49	-0.291227585521641	0.623	0.273	5.01100102574534e-45	TMED9	c12
2.0869846712661e-51	-0.291223414992901	0.613	0.265	7.63857259530105e-47	KDELR1	c12
2.33607589582958e-76	-0.290997163499025	0.383	0.13	8.55027138632583e-72	CNTRL	c12
1.57761844954589e-35	-0.290947707842815	0.132	0.042	5.77424128718291e-31	FAM210A	c12
7.51842368818582e-63	-0.290712732620803	0.319	0.111	2.75181825411289e-58	LLPH	c12
3.18390144129425e-20	-0.290680187943305	0.072	0.023	1.16533976652811e-15	MIEF1	c12
1.05660182428586e-44	-0.290659475714558	0.612	0.272	3.86726833706868e-40	GHITM	c12
2.11934981035387e-35	-0.290645785233526	0.641	0.307	7.7570322408762e-31	ZYX	c12
5.97488714141047e-20	-0.290415143491385	0.106	0.041	2.18686844262765e-15	ZNF512	c12
5.42662916753292e-48	-0.290386135595306	0.166	0.05	1.98620054160872e-43	OGFOD1	c12
9.02789579472536e-40	-0.290332133538402	0.117	0.033	3.30430013982743e-35	POM121	c12
3.82358449485944e-66	-0.290273092942438	0.519	0.202	1.3994701609635e-61	EIF1B	c12
8.41749704341308e-66	-0.290053684409638	0.506	0.197	3.08088809285962e-61	TMEM35B	c12
3.28918530176299e-27	-0.289992256878322	0.093	0.029	1.20387471229827e-22	ORC2	c12
1.51674216857228e-52	-0.289958221328282	0.236	0.08	5.55142801119142e-48	DHX30	c12
2.2208401234507e-34	-0.289928951676166	0.115	0.035	8.12849693584189e-30	DHRS13	c12
7.99152607667575e-57	-0.28992345669584	0.313	0.114	2.92497845932409e-52	LYRM2	c12
1.24744989085248e-32	-0.289890752386861	0.121	0.039	4.56579134550915e-28	RETREG2	c12
1.43914512420369e-24	-0.289838665693483	0.063	0.017	5.26741506909793e-20	WDR92	c12
1.96101564779012e-39	-0.289801373369422	1	0.997	7.17751337247663e-35	HLA-B	c12
2.25153707774217e-12	-0.289673753117361	0.046	0.016	8.24085085824413e-08	C17orf80	c12
1.40555866036045e-05	0.289638246290481	0.01	0.002	0.514448525278527	AL078622.1	c12
3.43463180986488e-07	-0.289566820782182	0.027	0.01	0.0125710958872865	SORD	c12
3.76137005976789e-11	-0.289472826020353	0.031	0.009	1.37669905557565e-06	LINC00528	c12
2.05376748476831e-15	-0.289304605820504	0.066	0.024	7.51699437100047e-11	UBXN2B	c12
4.61191660870096e-26	-0.289251522056984	0.097	0.031	1.68800759795064e-21	TYSND1	c12
2.23255127124659e-24	-0.289242662090786	0.085	0.027	8.17136090788965e-20	KCNK6	c12
2.06651844519294e-29	-0.289141716127658	0.638	0.315	7.56366416125066e-25	NDUFA3	c12
7.33274894677967e-66	-0.288973711631591	0.311	0.105	2.68385944201083e-61	SPOP	c12
5.73012257182373e-74	-0.288917435152298	0.456	0.167	2.09728216251321e-69	NKTR	c12
2.06428709345192e-46	-0.288887054696717	0.466	0.201	7.55549719074336e-42	SF3A1	c12
2.96352265812793e-44	-0.288774647685504	0.243	0.09	1.0846789281014e-39	NCBP2	c12
3.92493781560682e-35	-0.28863702843556	0.093	0.025	1.43656648989025e-30	MAST3	c12
8.11549053152731e-11	-0.288634752941713	0.041	0.014	2.97035068944431e-06	TSPAN15	c12
8.68483354100734e-51	-0.288580691189271	0.191	0.06	3.1787359243441e-46	RPS6KA3	c12
2.67133067604823e-29	-0.288568415147476	0.101	0.031	9.77733740740414e-25	UMPS	c12
1.84689316317476e-55	-0.28846232133558	0.603	0.253	6.75981366653594e-51	PSMD7	c12
1.06370962916065e-39	-0.288428794721585	0.191	0.068	3.89328361369088e-35	CWC22	c12
6.98472836262373e-25	-0.288241203098453	0.076	0.022	2.55648042800391e-20	UPF1	c12
1.15621903927543e-39	-0.288232930233799	0.187	0.066	4.231877305652e-35	AK3	c12
3.05852533760996e-74	-0.288137268355648	0.445	0.16	1.11945085881862e-69	PPP4R2	c12
1.35977087462537e-60	-0.288054281988442	0.313	0.11	4.97689737821633e-56	ACTR10	c12
1.33122876207418e-29	-0.288017075672477	0.098	0.03	4.87243039206772e-25	TMEM251	c12
3.35245332283204e-39	-0.287931246735981	0.159	0.052	1.22703144068975e-34	KPNA6	c12
7.55593075196892e-35	-0.287847411486619	0.184	0.068	2.76554621452814e-30	MAP2K1	c12
1.12940893606945e-50	-0.287780445328799	0.481	0.203	4.1337496469078e-46	ATP1A1	c12
2.04563284384111e-32	-0.287656536642406	0.091	0.025	7.48722077174284e-28	SETD1B	c12
1.76408719846772e-14	-0.287650545156162	0.044	0.013	6.45673555511169e-10	SWSAP1	c12
1.23005803647719e-33	-0.287620472187656	0.117	0.036	4.50213541931015e-29	GCSH	c12
1.00173920306047e-47	-0.287473297984437	0.199	0.066	3.66646565712162e-43	FAM110A	c12
9.63590853293016e-16	-0.287364507581568	0.046	0.013	3.52683888213777e-11	SRGAP2C	c12
7.75474120748984e-62	-0.287024830178937	0.364	0.133	2.83831282935336e-57	THUMPD1	c12
4.53443591119176e-63	-0.28693408195481	0.381	0.141	1.6596488878553e-58	TIMM17B	c12
1.35741548742342e-69	-0.286725057765331	0.367	0.128	4.96827642551845e-65	SPG7	c12
5.77924912825804e-09	-0.28670325453484	0.03	0.01	0.000211526297343373	ZNF549	c12
5.45564315079474e-17	-0.286659120760711	0.069	0.024	1.99681994962238e-12	HIST1H2AG	c12
7.77178887143244e-60	-0.286653051382602	0.314	0.111	2.84455244483299e-55	USP4	c12
1.09200582054494e-29	-0.286644587898138	0.123	0.042	3.99685050377652e-25	PDCL	c12
2.53520438752247e-42	-0.286587245345689	0.632	0.286	9.279101578771e-38	COPS9	c12
9.01543178903827e-28	-0.286460858814431	0.107	0.035	3.2997381891059e-23	MTFMT	c12
3.06646871460756e-24	-0.286223730037306	0.076	0.022	1.12235821423351e-19	ZNF586	c12
6.23033706460574e-41	-0.286206173169981	0.43	0.191	2.28036566901635e-36	ITGB7	c12
1.88941417007901e-37	-0.286134524670602	0.109	0.03	6.91544480390618e-33	TMEM187	c12
1.30409660192253e-25	-0.286106529836289	0.112	0.039	4.77312397269665e-21	IFI44	c12
7.40339667583987e-47	-0.286028991861011	0.182	0.058	2.70971721732415e-42	VPS33A	c12
1.34561076294827e-30	-0.286013192836053	0.654	0.325	4.92506995346695e-26	CSDE1	c12
2.20683856491985e-11	-0.286012870115624	0.043	0.015	8.07724983146314e-07	IPO13	c12
1.03563810146492e-28	-0.285972836559583	0.128	0.045	3.79053901517175e-24	ENTPD4	c12
4.01117647215786e-30	-0.285889344542535	0.14	0.05	1.4681307005745e-25	CDIP1	c12
9.13708078575199e-25	-0.28569188291644	0.085	0.027	3.34426293839309e-20	LRR1	c12
2.93955653314668e-43	-0.285665266407172	0.281	0.11	1.07590708669702e-38	HADHB	c12
5.87365445678132e-32	-0.285664738996476	0.091	0.026	2.14981626772653e-27	POLG2	c12
1.06276135281319e-27	-0.28553300266738	0.106	0.035	3.88981282743156e-23	POLR3D	c12
2.07857422968349e-07	-0.285346116069391	0.845	0.502	0.00760778953806455	UBL5	c12
1.46834531072723e-33	-0.285326952561082	0.144	0.049	5.37429067179272e-29	DDX19A	c12
3.3376450012761e-51	-0.285299186137778	0.228	0.077	1.22161144691706e-46	RAMAC	c12
4.4409116783892e-08	-0.285266277358802	0.036	0.014	0.00162541808340723	LZTS2	c12
4.3703247550131e-22	-0.285179758307994	0.076	0.024	1.59958256358234e-17	LIN52	c12
4.47390666412311e-20	-0.28516157161046	0.074	0.024	1.6374945781357e-15	USP21	c12
2.46223418526779e-85	-0.285035814028052	0.466	0.161	9.01202334149863e-81	ZC3H13	c12
3.05664463767434e-68	-0.285014855058857	0.389	0.14	1.11876250383519e-63	SNRNP40	c12
3.46609375033665e-18	-0.284962359346566	0.085	0.031	1.26862497356072e-13	ORC5	c12
8.0000039224242e-50	-0.28490647146594	0.229	0.078	2.92808143564648e-45	ZPR1	c12
4.18803582748968e-52	-0.284833705859644	0.265	0.094	1.5328629932195e-47	OGDH	c12
1.39582217911526e-42	-0.284776447788152	0.177	0.059	5.10884875777976e-38	DHRS1	c12
1.12803071862584e-48	-0.284652743687358	0.173	0.053	4.12870523324244e-44	NOP16	c12
3.58688468980227e-35	-0.284428242691412	0.133	0.043	1.31283566531453e-30	NUP37	c12
9.12950604200182e-34	-0.284426964847393	0.684	0.329	3.34149050643309e-29	SNRPB	c12
1.6005053036641e-31	-0.284401572217723	0.112	0.035	5.85800946194099e-27	TSC2	c12
1.87503321267976e-46	-0.284329490641607	0.205	0.069	6.86280906172918e-42	UNC13D	c12
1.14177738705302e-23	-0.284186081996836	0.098	0.034	4.17901941435276e-19	SAAL1	c12
9.88785286277438e-33	-0.284177238322594	0.111	0.034	3.61905302630405e-28	RAD17	c12
5.52133202522132e-13	-0.284072173194838	0.033	0.009	2.02086273455125e-08	TESK2	c12
3.65595900419904e-64	-0.283844619183966	0.552	0.222	1.33811755512689e-59	PRPF8	c12
2.9110296070023e-54	-0.283798272259227	0.468	0.192	1.06546594645891e-49	POLR2G	c12
8.7610851496938e-05	-0.283677128334082	0.012	0.004	1	NECTIN3	c12
1.12582890165898e-35	-0.28366347711936	0.744	0.356	4.12064636296203e-31	ARL4C	c12
1.44933655472532e-05	-0.283618767593335	0.029	0.012	0.530471672395016	AGBL5	c12
7.08139122447882e-39	-0.283563083835499	0.121	0.035	2.59186000207149e-34	UBE2D4	c12
3.60509401879886e-10	-0.283532512011143	0.024	0.007	1.31950046182057e-05	LINC01006	c12
7.92987985261377e-24	-0.28351650706376	0.114	0.042	2.90241532485517e-19	ABCB8	c12
0.00852160081219612	-0.283490715844525	0.01	0.004	1	AL135999.1	c12
2.68361316012995e-58	-0.28336574897973	0.363	0.136	9.82229252739162e-54	FOXN3	c12
0.00015349760689201	-0.283365262533305	0.015	0.005	1	ZNF155	c12
5.64071861859161e-40	-0.283315638529752	0.161	0.053	2.06455942159071e-35	FAM219B	c12
3.14912543739385e-60	-0.283231519881963	0.329	0.118	1.15261140134052e-55	PHAX	c12
1.85880503602064e-32	-0.283149619318952	0.11	0.033	6.80341231233914e-28	PEX14	c12
2.69837575538478e-46	-0.283142051605659	0.163	0.05	9.87632510228385e-42	NXPE3	c12
7.92346116984326e-12	-0.283088958211005	0.045	0.015	2.90006602277433e-07	NR1H3	c12
1.51495070315772e-14	-0.282992366506022	0.045	0.014	5.54487106862756e-10	CCDC77	c12
1.6412359782122e-37	-0.282944073370913	0.135	0.042	6.00708780385449e-33	MSH3	c12
0.000102682687712664	-0.282938261182744	0.013	0.004	1	AC002091.2	c12
1.46081977766315e-21	-0.282918436940839	0.085	0.029	5.3467464682249e-17	TBC1D25	c12
6.8321404904245e-22	-0.282914259412589	0.079	0.025	2.50063174090027e-17	COG7	c12
2.7071406106942e-60	-0.282861548689321	0.305	0.107	9.90840534920182e-56	ERGIC2	c12
5.84696013339671e-70	-0.282807083559559	0.291	0.093	2.14004587842453e-65	CHTOP	c12
1.21672290164234e-45	-0.282793421534923	0.152	0.045	4.45332749230114e-41	FAM78A	c12
2.82950453728758e-58	-0.282606303692457	0.271	0.092	1.03562695569263e-53	CHORDC1	c12
9.84097543871278e-50	-0.282564182939274	0.198	0.064	3.60189542032326e-45	YAF2	c12
1.56946927381575e-12	-0.282400946348786	0.043	0.014	5.74441448909303e-08	SLC37A4	c12
2.89353612268484e-35	-0.282315681882192	0.116	0.035	1.05906315626388e-30	PPP1R9B	c12
4.33084546986816e-52	-0.282260484806594	0.297	0.109	1.58513275042645e-47	VPS4A	c12
3.93658875223019e-35	-0.282198937308784	0.155	0.054	1.44083084920377e-30	APPBP2	c12
4.81253363888786e-47	-0.282198789096932	0.14	0.039	1.76143543716935e-42	MSL1	c12
6.00195866949975e-73	-0.282158812834555	0.403	0.143	2.1967768926236e-68	JMJD1C	c12
1.89232187476372e-28	-0.282079138615773	0.073	0.019	6.92608729382271e-24	SMURF2	c12
0.000107032127625045	-0.282056269993812	0.999	0.901	1	GAPDH	c12
3.73947340250827e-47	-0.28205006074109	0.176	0.055	1.36868466005205e-42	EDRF1	c12
1.02464128100567e-07	-0.281792957649738	0.022	0.007	0.00375028955260887	COLQ	c12
2.48455220282582e-63	-0.281756956883313	0.264	0.085	9.09370951756277e-59	HCG18	c12
6.49275505522275e-31	-0.281619387566633	0.126	0.042	2.37641327776208e-26	PEX19	c12
2.96568641340108e-32	-0.281608505761133	0.139	0.048	1.08547088416893e-27	MRPS17	c12
4.45513562164356e-14	-0.281475470558335	0.039	0.011	1.63062418887776e-09	AP000873.2	c12
5.28745898143258e-34	-0.281449130829027	0.166	0.06	1.93526286179414e-29	ZNF146	c12
1.29156528053042e-06	-0.281428902397467	0.015	0.004	0.0472725808326939	ZNF470	c12
6.85354989968044e-45	-0.281427387423736	0.202	0.069	2.50846779878204e-40	TFG	c12
9.2156280712997e-32	-0.281304541075815	0.109	0.033	3.3730120303764e-27	TMEM192	c12
2.30909531026862e-65	-0.281245206279715	0.348	0.123	8.45151974511419e-61	MRPS16	c12
3.61793588295826e-58	-0.281210750380136	0.406	0.157	1.32420071252155e-53	IER3IP1	c12
3.90345276766191e-32	-0.281191545655683	0.12	0.039	1.42870274749193e-27	HEXD	c12
0.000212574494319278	-0.281121675722786	1	0.997	1	MALAT1	c12
2.49312951484147e-24	-0.281005460285401	0.12	0.045	9.12510333727125e-20	MUS81	c12
1.31653360612776e-16	-0.280971698097874	0.771	0.423	4.81864465178823e-12	SEC61B	c12
5.31039539810811e-23	-0.280902170785224	0.084	0.027	1.94365781966155e-18	TOE1	c12
5.08542358461685e-49	-0.280893300903903	0.604	0.264	1.86131588620561e-44	VAPA	c12
6.90134280539035e-35	-0.280711438696342	0.103	0.029	2.52596048020092e-30	GABPB2	c12
1.58724424831384e-35	-0.2806654273813	0.1	0.028	5.80947267325349e-31	SLC12A6	c12
8.48070836821925e-13	-0.280622054362456	0.04	0.013	3.10402406985193e-08	CBY1	c12
3.49647000281447e-46	-0.280614762206248	0.151	0.044	1.27974298573013e-41	CBFA2T2	c12
8.62356250882956e-28	-0.280475312201119	0.099	0.031	3.15631011385671e-23	TXNRD2	c12
5.82869335250937e-29	-0.28046453445123	0.1	0.031	2.13336005395196e-24	SLC25A51	c12
5.77716697526301e-36	-0.280338609132583	0.704	0.337	2.11450088461602e-31	SNX6	c12
1.51307701333521e-09	-0.280215208948574	0.023	0.007	5.53801317650819e-05	AC141424.1	c12
1.73546432590257e-22	-0.280160237712795	0.802	0.425	6.351972979236e-18	HIST1H4C	c12
1.3889472318523e-22	-0.280091067736743	0.068	0.02	5.0836857633026e-18	FBXW4	c12
9.38106393284519e-63	-0.280090346622419	0.286	0.096	3.43356321006067e-58	ACAT1	c12
2.87566690236706e-51	-0.280076084281739	0.617	0.269	1.05252284293537e-46	CD47	c12
6.24750521964619e-70	-0.280047402089957	0.354	0.122	2.2866493854427e-65	CENPC	c12
8.5675083005224e-31	-0.27999743703749	0.144	0.051	3.1357937130742e-26	CPQ	c12
1.10216757821524e-22	-0.279948022673586	0.061	0.017	4.03404355302559e-18	SLC26A11	c12
5.07554293839554e-40	-0.279709192111579	0.13	0.038	1.85769947088215e-35	FBXL12	c12
2.03513284201666e-13	-0.279686706341455	0.05	0.017	7.44878971506516e-09	DCAF4	c12
5.28391191781686e-68	-0.279572975706687	0.453	0.17	1.93396460104015e-63	CNPPD1	c12
5.23719496335579e-65	-0.279467248979433	0.298	0.1	1.91686572853785e-60	FAM111A	c12
3.21275834521947e-09	-0.2792882746767	0.034	0.012	0.000117590168193378	MBTPS2	c12
3.0717295264462e-64	-0.279213224670693	0.429	0.162	1.12428372397457e-59	NDUFS2	c12
1.85943880410028e-58	-0.279080999449895	0.302	0.107	6.80573196688743e-54	CCDC186	c12
1.49281662841379e-44	-0.278885124220915	0.189	0.063	5.46385814165732e-40	MRPL15	c12
1.16482196084011e-15	-0.278880914630916	0.039	0.011	4.26336485887089e-11	MGAT4B	c12
2.42944796341787e-46	-0.278877334787806	0.152	0.045	8.89202249090576e-42	KIAA0319L	c12
1.69894373878682e-15	-0.27882690320822	0.039	0.011	6.21830397833362e-11	MAPK9	c12
1.72077495022715e-44	-0.278633483764822	0.251	0.094	6.29820839532637e-40	RHOT2	c12
4.96786518879287e-58	-0.278521479301229	0.29	0.102	1.81828833775008e-53	MAZ	c12
2.70191059181415e-64	-0.278520939261052	0.338	0.119	9.88926295709898e-60	PEF1	c12
8.81763264763552e-07	-0.278491636093862	0.879	0.528	0.0322734172536108	HCLS1	c12
5.74300966718635e-30	-0.278461453688039	0.089	0.026	2.10199896828687e-25	CEP44	c12
1.58383397721886e-25	-0.278428889442194	0.086	0.027	5.79699074001873e-21	NCOA6	c12
1.15003106834613e-20	-0.278248431816741	0.072	0.023	4.20922871325368e-16	RNF31	c12
8.72155165770734e-46	-0.278122833028738	0.212	0.073	3.19217512223746e-41	ARHGAP1	c12
9.81827715524498e-25	-0.278065140030556	0.756	0.398	3.59358762159122e-20	MBNL1	c12
9.21274375380724e-58	-0.277995485613191	0.491	0.199	3.37195634133099e-53	PSMD6	c12
0.000198258142070187	-0.277964203289963	0.028	0.013	1	AL096870.8	c12
2.12715314225e-16	-0.277856385569835	0.044	0.012	7.78559321594921e-12	PYROXD2	c12
2.86254068419579e-24	-0.27782122894194	0.109	0.038	1.0477185158225e-19	TIMM44	c12
1.66472038595536e-34	-0.27770536608495	0.14	0.047	6.0930430846352e-30	USP20	c12
1.72608415248691e-08	-0.277501321557049	0.016	0.004	0.000631764060651733	ZNF546	c12
2.02314356760239e-32	-0.277395464643925	0.164	0.06	7.40490777178152e-28	AP2A1	c12
3.90253633240717e-71	-0.27716584574041	1	1	1.42836732302435e-66	B2M	c12
1.36141703495119e-58	-0.277141583108116	0.28	0.096	4.98292248962483e-54	IFNAR1	c12
1.5626287537314e-51	-0.27710814346824	0.677	0.292	5.7193775015323e-47	HMOX2	c12
2.45570736549406e-25	-0.277095063703828	0.755	0.392	8.9881345284448e-21	RPS27L	c12
6.63103807838959e-20	-0.277002407258727	0.09	0.033	2.42702624707137e-15	PARP16	c12
1.2558098928842e-35	-0.276939432053072	0.15	0.051	4.59638978894544e-31	SLC35B2	c12
4.64946426058379e-21	-0.276853804173125	0.089	0.031	1.70175041401627e-16	KLHL6	c12
2.23528685973494e-69	-0.276848871756365	0.417	0.152	8.18137343531587e-65	RALA	c12
5.01607304146077e-12	-0.276796288735573	0.036	0.011	1.83593289390506e-07	C19orf47	c12
1.611450565714e-08	-0.276641802309548	0.03	0.01	0.000589807021556981	TMEM143	c12
2.92059820501213e-41	-0.276636478411829	0.178	0.06	1.06896814901649e-36	CERK	c12
3.35138449987357e-05	0.276627482393824	0.01	0.002	1	TPBG	c12
3.29995764011959e-29	-0.276545418310718	0.081	0.022	1.20781749586017e-24	KDM4B	c12
3.13635033897883e-60	-0.276369929664461	0.409	0.156	1.14793558756964e-55	CCDC115	c12
2.94692813065803e-47	-0.276358731534004	0.62	0.274	1.07860516510215e-42	PPP4C	c12
3.63206591294479e-08	-0.276341469565891	0.023	0.007	0.00132937244479692	MAP3K7CL	c12
8.4630155813967e-20	-0.276189790859482	0.054	0.015	3.09754833294701e-15	SETD9	c12
1.14970003444445e-53	-0.276105764338973	0.383	0.15	4.20801709607014e-49	NDUFA5	c12
4.71963246475535e-34	-0.275980234556226	0.123	0.039	1.72743267842511e-29	ZNF226	c12
2.25953630897541e-24	-0.275920257758026	0.081	0.025	8.27012884448089e-20	NELFB	c12
1.59172371087113e-52	-0.275687774823184	0.186	0.056	5.82586795415943e-48	RABGGTB	c12
3.87979142586801e-26	-0.275585874278571	0.104	0.035	1.42004245978195e-21	TRAV10	c12
5.82092158950546e-29	-0.27528684166098	0.112	0.037	2.13051551097489e-24	FCHSD1	c12
4.93681356179208e-53	-0.275221735474601	0.205	0.065	1.80692313175152e-48	HTRA2	c12
3.81073873649688e-13	-0.275182617218093	0.03	0.008	1.39476848494522e-08	VPS9D1	c12
7.67005354924836e-10	-0.275167023980786	0.998	0.906	2.80731629956039e-05	CFL1	c12
3.05020767750615e-06	-0.275112564536938	0.987	0.801	0.111640651204403	ATP5F1E	c12
5.43772185062526e-62	-0.275095178438212	0.561	0.227	1.99026057454735e-57	PRPF38B	c12
4.96465551060353e-26	-0.275094221512159	0.09	0.028	1.817113563436e-21	ANKRD54	c12
1.26184810680695e-20	-0.275081447602344	0.066	0.02	4.61849025572413e-16	FRS2	c12
2.48752033195578e-64	-0.275050393439462	0.356	0.128	9.10457316699136e-60	USP1	c12
1.30094307846069e-20	-0.275007819741521	0.091	0.033	4.76158176147395e-16	GTF3C2	c12
4.90765348036945e-39	-0.274937660248953	0.252	0.1	1.79625025035002e-34	OGT	c12
5.52589781119007e-42	-0.274926036829524	0.687	0.314	2.02253385787368e-37	PSMA2	c12
2.81929044186738e-12	-0.274897943769814	0.048	0.017	1.03188849462788e-07	ZNF286A	c12
7.59214489812033e-54	-0.274857784400907	0.288	0.104	2.77880095416102e-49	ABCE1	c12
3.29830590172916e-44	-0.274587431845208	0.656	0.296	1.20721294309189e-39	RAD23A	c12
8.52250825182458e-45	-0.274438079960458	0.18	0.059	3.11932324525031e-40	TOPBP1	c12
4.9715519283247e-49	-0.274412289346848	0.255	0.092	1.81963772128612e-44	DKC1	c12
8.01581188513592e-29	-0.27406683663387	0.137	0.05	2.9338673080786e-24	OTULINL	c12
3.6369172302372e-45	-0.274014295036834	0.184	0.06	1.33114807543912e-40	OXR1	c12
4.5425007354564e-27	-0.273871352011974	0.086	0.026	1.6626006941844e-22	MBD6	c12
4.13498721491215e-55	-0.273854923943339	0.507	0.21	1.51344667053e-50	LSM2	c12
3.92013289688031e-13	-0.273623871813038	0.04	0.012	1.43480784158716e-08	DMTN	c12
2.91207260589045e-43	-0.273538802531584	0.176	0.057	1.06584769448196e-38	MPDU1	c12
7.4857917842834e-07	-0.273302703323129	0.014	0.004	0.0273987465096557	NRG2	c12
1.61586788522483e-55	-0.27305273459479	0.214	0.067	5.91423804671138e-51	SLC39A3	c12
3.26314761301806e-63	-0.272995260078732	0.288	0.097	1.19434465784074e-58	CREBRF	c12
2.15597522630218e-10	-0.27286467146814	0.045	0.017	7.8910849257886e-06	L3HYPDH	c12
2.12487732390981e-41	-0.272846472990852	0.18	0.061	7.7772634932423e-37	DDX19B	c12
1.35281141654672e-40	-0.272536114357378	0.143	0.044	4.95142506570266e-36	ANKAR	c12
2.14367439152128e-24	-0.272310206447402	0.089	0.029	7.84606264040702e-20	RMND1	c12
1.13607613145533e-71	-0.272216411735658	0.4	0.142	4.15815224873966e-67	ZNF638	c12
3.36214965366611e-48	-0.271678636712175	0.271	0.101	1.23058039473833e-43	INPP5K	c12
1.13765102738591e-19	-0.271429666509754	0.06	0.018	4.16391652533517e-15	MNT	c12
1.18540838322891e-08	-0.271395734121679	0.018	0.005	0.000433871322345613	PRSS16	c12
4.60941750618676e-05	-0.271318692968087	0.013	0.004	1	TMEM268	c12
3.72591358330642e-12	-0.271302673497732	0.037	0.011	1.36372163062598e-07	INPP5E	c12
6.51008326421813e-27	-0.271290413938707	0.1	0.032	2.38275557553648e-22	DTNB	c12
2.1501690085541e-21	-0.271287698554146	0.118	0.046	7.86983358820888e-17	SYNC	c12
8.76595718454537e-06	0.271137465512777	0.01	0.002	0.320842798911545	BLK	c12
8.71664712293972e-06	-0.271024098853299	0.014	0.004	0.319038001346717	CCNT2-AS1	c12
3.81612168758941e-34	-0.271017689783368	0.13	0.042	1.3967386988746e-29	MTOR	c12
1.11545137257381e-15	-0.270820235125265	0.043	0.012	4.0826635687574e-11	PLXNA3	c12
2.12061013860928e-07	-0.270722627293606	0.013	0.003	0.00776164516832383	MED14OS	c12
1.55398180154939e-56	-0.270715347738814	0.294	0.104	5.68772879185092e-52	HDAC2	c12
7.29914381988187e-60	-0.27063109950178	0.256	0.084	2.67155962951496e-55	CCDC130	c12
8.64275982811701e-35	-0.2705869395218	0.71	0.342	3.16333652468911e-30	ARRB2	c12
3.39162474758812e-55	-0.270440387196091	0.312	0.114	1.24136857386473e-50	SMS	c12
9.65331636614073e-37	-0.270420467819601	0.116	0.034	3.53321032317117e-32	CEP120	c12
7.90545212772174e-54	-0.270238085221208	0.214	0.068	2.89347453326744e-49	STAMBP	c12
9.0531780557477e-23	-0.270229611497778	0.073	0.022	3.31355370018421e-18	UBR3	c12
3.22274843658405e-30	-0.270201751798719	0.083	0.023	1.17955815527413e-25	TBL1X	c12
1.17990357959473e-23	-0.270190682980102	0.104	0.037	4.31856509167467e-19	TMEM214	c12
1.38783957953822e-13	-0.270068710731841	0.819	0.453	5.07963164506783e-09	ATP5F1B	c12
3.86717636887596e-71	-0.270023299176005	0.417	0.15	1.41542522277229e-66	GNPTG	c12
2.12214303012106e-22	-0.269901920094962	0.071	0.022	7.76725570454609e-18	NADK	c12
8.77134711966163e-46	-0.269684515421462	0.216	0.075	3.21040075926735e-41	GANAB	c12
1.00126046732654e-30	-0.269545376551587	0.129	0.044	3.66471343646189e-26	CNOT10	c12
1.43720743410973e-20	-0.269264948597597	0.105	0.04	5.26032292958501e-16	RXRB	c12
1.30565805652296e-07	-0.269191835769678	0.896	0.534	0.00477883905267967	ENO1	c12
9.30038821409392e-59	-0.268948640429876	0.509	0.206	3.40403509024052e-54	COMMD7	c12
2.69943804228745e-22	-0.268793867640346	0.08	0.026	9.88021317857631e-18	EHBP1	c12
1.05429414793263e-51	-0.268785268971732	0.207	0.067	3.85882201084824e-47	CCDC28A	c12
4.65041077685158e-13	-0.268684027046707	0.033	0.009	1.70209684843545e-08	CDYL	c12
5.3312933256468e-39	-0.268392871749775	0.166	0.056	1.95130667011998e-34	PRPF3	c12
2.71095068746274e-29	-0.268234560915476	0.114	0.037	9.92235061118238e-25	TMEM245	c12
2.75881810644106e-05	0.268029013557199	0.011	0.003	1	AC091057.2	c12
1.10284327497014e-77	-0.267999823828551	0.448	0.159	4.03651667071821e-73	ZNF800	c12
3.08576130680022e-53	-0.267809238413449	0.276	0.099	1.12941949590195e-48	UCHL5	c12
2.80678480315855e-73	-0.267596816789988	0.476	0.174	1.02731130580406e-68	CCDC124	c12
6.04811348607519e-61	-0.267543485561926	0.233	0.073	2.21367001703838e-56	C5orf51	c12
4.58104241287163e-74	-0.267285642879919	0.414	0.147	1.67670733353515e-69	CDC40	c12
9.19629178363936e-16	-0.267216783465351	0.079	0.03	3.36593475572984e-11	SERTAD2	c12
1.64859225423315e-71	-0.267105350556765	0.31	0.101	6.03401250971877e-67	PNKP	c12
2.28969828528392e-26	-0.267103582919637	0.127	0.046	8.38052469396767e-22	ULK3	c12
1.9332370128916e-59	-0.267077859598667	0.529	0.215	7.07584079088456e-55	MLF2	c12
0.000160146796691719	-0.266975864850955	0.018	0.007	1	MBNL1-AS1	c12
8.54751686496999e-61	-0.266718158309733	0.287	0.098	3.12847664774767e-56	TMEM223	c12
3.96824237003068e-11	-0.266649667875702	0.027	0.007	1.45241638985493e-06	KLF16	c12
1.84446481503755e-43	-0.266638434736127	0.14	0.041	6.75092566951893e-39	TAF8	c12
3.53373530778291e-36	-0.266598954411744	0.748	0.361	1.29338246000162e-31	SRSF11	c12
6.63368116861848e-06	0.266422633604043	0.016	0.005	0.242799364452605	CSRNP2	c12
1.04322431500762e-47	-0.266314318914934	0.182	0.058	3.81830531535939e-43	BRCC3	c12
5.44618373784359e-08	-0.266230427801652	0.015	0.004	0.00199335770988813	AC107223.1	c12
1.63165797031192e-42	-0.266172980114002	0.203	0.071	5.97203133713866e-38	SNHG9	c12
3.38564200207101e-55	-0.266143704509084	0.174	0.05	1.23917882917801e-50	LTBP3	c12
1.47081529066373e-44	-0.266119135036839	0.672	0.308	5.38333104535831e-40	N4BP2L2	c12
8.95701693172566e-24	-0.266082253102724	0.06	0.016	3.27835776718091e-19	CUL9	c12
6.28357224160893e-17	-0.265983242426248	0.04	0.011	2.29985027615128e-12	UBFD1	c12
6.00061794214295e-16	-0.265905461143318	0.05	0.015	2.19628617300374e-11	SETD7	c12
3.13749409981639e-15	-0.2656744682932	0.069	0.025	1.1483542154738e-10	DPH2	c12
0.00733732963024795	-0.265635880332141	0.922	0.601	1	CD3G	c12
3.29100163272312e-48	-0.265565511117529	0.638	0.284	1.20453950759299e-43	SH3KBP1	c12
3.97971048330587e-69	-0.265421444211237	0.483	0.183	1.45661383399478e-64	UBE3A	c12
2.71039192297353e-53	-0.265343639656769	0.199	0.062	9.92030547727541e-49	ZC3H8	c12
5.1719136112964e-18	-0.265335022373401	0.057	0.018	1.89297210087059e-13	VEGFB	c12
2.35141741802806e-42	-0.265260602530744	0.257	0.099	8.60642289172452e-38	PKN1	c12
6.78812246392665e-10	-0.265188634496909	0.03	0.009	2.48452070302179e-05	PAK4	c12
5.98621651926459e-35	-0.26515884010735	0.168	0.06	2.19101510821603e-30	MED16	c12
9.62876433079193e-16	-0.265137470716191	0.057	0.019	3.52422403271315e-11	ZNF317	c12
0.00218033250735592	-0.265073737239575	0.921	0.573	1	ELOB	c12
4.40806706010124e-65	-0.264759533272048	0.462	0.176	1.61339662466766e-60	COPZ1	c12
5.95522224613204e-33	-0.264697610444412	0.146	0.051	2.17967089430679e-28	MTO1	c12
0.0710708141349332	-0.264685718654622	0.973	0.701	1	ARPC3	c12
4.79123099082659e-23	-0.264636755019958	0.788	0.408	1.75363845495244e-18	TRMT112	c12
1.10104076217837e-42	-0.264631056260778	0.343	0.143	4.02991929364907e-38	SH3BP1	c12
9.8136376886843e-75	-0.264496430062337	0.371	0.126	3.59188953043534e-70	HAGH	c12
4.24209169166259e-15	-0.264489624966371	0.046	0.014	1.55264798006543e-10	AC139887.2	c12
1.58971740816444e-29	-0.26418672303638	0.094	0.028	5.81852468562268e-25	SASS6	c12
2.84765873912764e-63	-0.264163784506254	0.474	0.185	1.04227157510811e-58	UFD1	c12
1.30242361606464e-70	-0.26411650044357	0.35	0.119	4.76700067715821e-66	SMIM10L1	c12
0.000841488272169696	-0.263955212387004	0.984	0.8	1	OAZ1	c12
6.17061829154242e-63	-0.263952041445111	0.331	0.117	2.25850800088744e-58	CD55	c12
7.64185295505619e-64	-0.2639497734662	0.494	0.195	2.79699460008012e-59	NIPBL	c12
7.66213300443109e-62	-0.263921357595641	0.279	0.093	2.80441730095182e-57	SNAPC5	c12
8.63868598197858e-23	-0.2639166890432	0.813	0.426	3.16184545626398e-18	SELPLG	c12
6.90202357782007e-43	-0.263691936341155	0.196	0.068	2.52620964971792e-38	NOL11	c12
3.78762368060787e-67	-0.263449014450706	0.313	0.105	1.38630814333929e-62	FUBP1	c12
4.65212419082136e-07	-0.263428464609973	0.026	0.009	0.0170272397508253	PYCR3	c12
8.35412702950173e-49	-0.26333666152739	0.159	0.046	3.05769403406793e-44	TRDMT1	c12
3.44221443208127e-17	-0.263294999639697	0.778	0.416	1.25988490428607e-12	NDUFA1	c12
8.62857655003636e-66	-0.263236205926236	0.365	0.131	3.15814530307881e-61	FAM133B	c12
9.62177653738332e-50	-0.263184377187771	0.19	0.06	3.52166643044767e-45	ZNF330	c12
3.2514977520203e-19	-0.26303473763571	0.065	0.02	1.19008069221695e-14	TAOK2	c12
1.29180303844766e-07	-0.263028956557507	0.024	0.008	0.00472812830102227	PCOLCE	c12
0.00120816109923535	-0.263023104027985	0.01	0.003	1	AMOT	c12
4.589858166638e-12	-0.262975313153701	0.052	0.019	1.67993398757117e-07	RFT1	c12
8.18669839430206e-60	-0.262967984618435	0.328	0.118	2.9964134792985e-55	UBE2K	c12
0.000105312552919809	-0.262879173006564	0.886	0.549	1	NDUFA13	c12
1.54363332195562e-42	-0.262822328157819	0.193	0.066	5.64985232168977e-38	CSNK2A1	c12
1.21394150573793e-63	-0.262777350235165	0.35	0.125	4.44314730515138e-59	WTAP	c12
2.38859490203961e-32	-0.262731175915234	0.098	0.028	8.74249620095519e-28	ZER1	c12
1.04169389631667e-09	-0.262614504724129	0.034	0.012	3.81270382990864e-05	PLCB1	c12
7.33200291381769e-09	-0.262286977463524	0.024	0.007	0.000268358638648641	TMEM220	c12
5.80404538243358e-50	-0.262156974895927	0.239	0.083	2.12433865042451e-45	WDR46	c12
1.66034545585013e-60	-0.262142150134436	0.33	0.118	6.07703040295704e-56	WDR33	c12
1.26833155790582e-55	-0.261913082163616	0.27	0.094	4.64222033509109e-51	USP36	c12
7.76885409410793e-56	-0.26187018005902	0.297	0.106	2.84347828698444e-51	PRELID3B	c12
9.94177054253468e-75	-0.261811928465325	0.505	0.188	3.63878743627312e-70	ERICH1	c12
1.51824399081484e-07	-0.26164818050939	0.023	0.008	0.00555692483078138	NEK8	c12
3.49341698889286e-45	-0.261410158950946	0.172	0.055	1.27862555210468e-40	PNPLA8	c12
3.42276451469463e-32	-0.261327557358719	0.122	0.04	1.25276604002338e-27	AAR2	c12
9.35473820000781e-23	-0.261204970077737	0.071	0.021	3.42392772858486e-18	CROT	c12
0.000216001124584067	-0.261152712659713	0.014	0.005	1	SECTM1	c12
1.99233044585756e-41	-0.260988842099758	0.159	0.051	7.29212866488325e-37	TMEM115	c12
8.13337832992745e-68	-0.260799700296448	0.588	0.234	2.97689780253675e-63	RSBN1L	c12
1.00071006811171e-23	-0.260719857537756	0.079	0.024	3.66269892029567e-19	VAMP1	c12
3.49361037849365e-60	-0.26061989095448	0.272	0.091	1.27869633463246e-55	ELP5	c12
3.42847459973295e-59	-0.260528086874272	0.184	0.052	1.25485598824826e-54	CEP164	c12
7.59095473322081e-14	-0.260433294271736	0.034	0.009	2.77836534190615e-09	C2CD2	c12
5.7581248959224e-22	-0.260431368543859	0.065	0.019	2.10753129315656e-17	C22orf34	c12
1.42405823097489e-69	-0.260423958063061	0.482	0.182	5.21219553119118e-65	YY1	c12
0.000284684411273292	0.260324794364184	0.012	0.004	1	AL162258.2	c12
6.01560488391479e-25	-0.260231792816795	0.11	0.038	2.20177154356165e-20	PRPS2	c12
1.41818913889233e-40	-0.259909735433592	0.129	0.038	5.19071406725983e-36	PSME4	c12
1.5783797639616e-07	-0.259802185076486	0.019	0.006	0.00577702777407586	ARHGAP33	c12
9.66511857951559e-72	-0.259678200721254	0.337	0.113	3.5375300512885e-67	SEC63	c12
3.35345575997414e-48	-0.258980401390459	0.177	0.055	1.22739834270813e-43	ARID1B	c12
7.15818401479847e-58	-0.258913169119791	0.57	0.237	2.61996693125639e-53	TBRG1	c12
5.85743736684349e-65	-0.258795528994189	0.481	0.186	2.14388065063839e-60	C1orf43	c12
6.87197769734633e-28	-0.258735908763525	0.106	0.035	2.51521255700573e-23	ARMT1	c12
5.02644547819655e-69	-0.258638279043516	0.314	0.104	1.83972930947472e-64	CLK1	c12
1.04507257297383e-60	-0.258637403589844	0.32	0.113	3.8250701243415e-56	PSMC2	c12
1.16144868668656e-69	-0.25861955547224	0.295	0.095	4.25101833814148e-65	MPV17	c12
4.9660450420129e-06	-0.258496586384735	0.998	0.89	0.181762214582714	CALM1	c12
1.2478784122337e-34	-0.258319094653306	0.172	0.063	4.56735977661657e-30	TPD52	c12
8.73514019520007e-67	-0.258164132070214	0.581	0.232	3.19714866284518e-62	CD82	c12
1.13836550399139e-44	-0.25801137736078	0.2	0.068	4.16653158115887e-40	PPP6R2	c12
1.28830460578957e-50	-0.257968164408927	0.229	0.078	4.71532368765041e-46	LGALS8	c12
2.83658028262307e-42	-0.257742936855421	0.15	0.046	1.03821674924287e-37	DHRSX	c12
3.84868162495082e-27	-0.257629794135457	0.097	0.031	1.40865596154825e-22	TOGARAM1	c12
1.26727440586546e-43	-0.257579073824097	0.166	0.053	4.63835105290818e-39	MSRA	c12
1.20098366230166e-39	-0.257421716443408	0.181	0.063	4.39572030239032e-35	HADH	c12
9.56237871126254e-06	-0.257333173291841	0.024	0.01	0.34999262321092	SERPINH1	c12
2.75783849465163e-30	-0.257325141786238	0.112	0.036	1.00939646742744e-25	LRRC8D	c12
5.98434510243074e-12	-0.257291200640151	0.046	0.016	2.19033015094068e-07	LY6G5C	c12
1.05671826598228e-38	-0.257181350449458	0.201	0.074	3.86769452532176e-34	RSAD1	c12
3.11451654365548e-31	-0.257142391241291	0.157	0.058	1.13994420014334e-26	GOT2	c12
2.16319552905935e-37	-0.25700948926514	0.159	0.054	7.91751195591011e-33	NFX1	c12
2.12288679321602e-55	-0.256998963256108	0.309	0.113	7.76997795184995e-51	LSM1	c12
1.50715323574836e-13	-0.256992135266469	0.056	0.02	5.51633155816258e-09	FAM234A	c12
7.86006690007113e-05	-0.256856415017456	0.011	0.003	1	FMO5	c12
4.23681742270674e-15	-0.256793939795625	0.053	0.017	1.5507175448849e-10	PAQR8	c12
9.23868751752424e-56	-0.256674399746019	0.277	0.097	3.38145201828905e-51	MCRS1	c12
2.1793895732116e-65	-0.256466041177434	0.273	0.088	7.97678377691177e-61	MRPS11	c12
9.75738038170792e-36	-0.256444416389178	0.114	0.034	3.57129879350892e-31	POC5	c12
3.13038300365171e-11	-0.256332409526181	0.035	0.011	1.14575148316656e-06	CENPN	c12
3.25189211113942e-31	-0.256325205274576	0.097	0.028	1.19022503159814e-26	ZMYM4	c12
5.04109506825799e-22	-0.256291154803857	0.776	0.401	1.84509120593311e-17	ALDOA	c12
6.89117448132348e-65	-0.256253827249306	0.544	0.217	2.52223877190921e-60	GLG1	c12
0.0012814131228638	-0.256248050084153	0.012	0.004	1	ZNF595	c12
7.93125290182989e-52	-0.256210100272652	0.277	0.1	2.90291787459876e-47	LENG8	c12
6.94360311015584e-63	-0.256176903340247	0.581	0.238	2.54142817434814e-58	SPTAN1	c12
1.90970883089318e-21	-0.256154089707593	0.072	0.023	6.98972529195215e-17	MOV10	c12
7.11193030485774e-59	-0.256132173400745	0.479	0.192	2.60303761088098e-54	PPP2CA	c12
2.9333434603778e-54	-0.25597318896323	0.267	0.093	1.07363303993288e-49	SLC4A1AP	c12
9.9277787199385e-57	-0.255925594370611	0.637	0.268	3.63366628928469e-52	AP2S1	c12
5.50483275302168e-43	-0.255845157154128	0.164	0.052	2.01482383593347e-38	STAT2	c12
1.15294767037382e-12	-0.255804154848231	0.034	0.01	4.21990376833521e-08	PIK3C2B	c12
1.7247927534176e-71	-0.255801985661252	0.359	0.123	6.31291395678375e-67	CFAP298	c12
1.72054825832391e-40	-0.255743461161651	0.136	0.041	6.29737868029133e-36	RGP1	c12
1.11713738775469e-53	-0.255249604429552	0.271	0.096	4.08883455292094e-49	KIF22	c12
0.00079097804353323	-0.255235966968696	0.017	0.007	1	ZNF674-AS1	c12
1.26828712127858e-42	-0.25497907835916	0.722	0.333	4.64205769259175e-38	THRAP3	c12
4.91191183190645e-30	-0.25489624970854	0.752	0.372	1.79780884959608e-25	XRCC5	c12
1.50958481982176e-37	-0.254861936928506	0.149	0.049	5.52523139902961e-33	BCAT2	c12
7.97000077741701e-13	-0.254779337949241	0.055	0.02	2.9170999845424e-08	WWOX	c12
3.23412621116707e-06	0.2547249124208	0.014	0.004	0.118372253454926	TMEM86B	c12
2.50971474343691e-15	-0.25469291955076	0.07	0.026	9.18580693245344e-11	WDR76	c12
7.41273634918009e-13	-0.254561472484147	0.037	0.011	2.71313563116341e-08	SRF	c12
8.3624421533564e-65	-0.254555875550114	0.287	0.095	3.06073745254998e-60	TRIM14	c12
1.30443684751671e-29	-0.254401030319355	0.756	0.38	4.77436930559589e-25	LBH	c12
5.50210295250057e-07	-0.254142109883539	0.029	0.011	0.0201382470164473	CMPK2	c12
1.20126426522519e-40	-0.254078532756704	0.162	0.053	4.39674733715072e-36	NELFA	c12
7.69731819923748e-27	-0.254054897919972	0.112	0.038	2.81729543410291e-22	RARS2	c12
3.66361984591854e-18	-0.254011681241577	0.06	0.019	1.34092149980465e-13	TMEM184B	c12
6.96671465460411e-37	-0.253967086900015	0.132	0.041	2.54988723073165e-32	NOC3L	c12
9.59557737329742e-20	-0.253888710927674	0.043	0.01	3.51207727440059e-15	ZNF771	c12
2.54265144722724e-29	-0.2538488057629	0.162	0.062	9.30635856199641e-25	CLASRP	c12
2.78215257242355e-50	-0.253744353469114	0.249	0.088	1.01829566303274e-45	CTNNBL1	c12
7.49425223766539e-69	-0.253653858966619	0.268	0.083	2.74297126150791e-64	DDB2	c12
8.13947306838491e-28	-0.253647986338877	0.089	0.027	2.97912853775956e-23	ZNF780A	c12
1.13231603688505e-66	-0.253567495010441	0.482	0.184	4.14438992660297e-62	NDUFB6	c12
1.16049831367527e-61	-0.25355550529717	0.34	0.123	4.24753987788285e-57	PCMTD1	c12
1.06780280426791e-17	-0.253437612306443	0.821	0.449	3.90826504390097e-13	CIB1	c12
2.22395787128911e-10	-0.253423329564734	0.029	0.009	8.13990820470527e-06	AC068338.2	c12
8.86198953234541e-42	-0.253406814864269	0.165	0.053	3.24357678873374e-37	PLIN3	c12
5.39004700908723e-34	-0.253097470249496	0.099	0.028	1.97281110579602e-29	UBE3C	c12
7.28146338053022e-37	-0.253049666366373	0.119	0.035	2.66508841190786e-32	GATC	c12
1.91256404637962e-20	-0.253024734010865	0.076	0.025	7.00017566615405e-16	METTL6	c12
7.16640688907254e-69	-0.252726216809673	0.484	0.183	2.62297658546944e-64	MPC2	c12
6.95053404476134e-62	-0.252273327280907	0.436	0.168	2.5439649657231e-57	MAPK1IP1L	c12
2.39918353030428e-62	-0.252259005446757	0.25	0.079	8.78125163926669e-58	POGZ	c12
2.76180397051189e-72	-0.252166389033823	0.511	0.192	1.01084787124706e-67	AKR1B1	c12
1.66350745494387e-42	-0.252152484048528	0.128	0.036	6.08860363584006e-38	UBE2S	c12
1.90065882835089e-67	-0.25207012973928	0.386	0.139	6.9566013776471e-63	NR1H2	c12
3.93355275121223e-36	-0.251808108368094	0.16	0.055	1.43971964247119e-31	C19orf12	c12
6.77636472664684e-56	-0.251510638410005	0.168	0.047	2.48021725360001e-51	COG2	c12
7.47440023885228e-15	-0.251477329978952	0.052	0.017	2.73570523142232e-10	RNF185	c12
1.32060434204068e-05	-0.251162136428849	0.019	0.007	0.483354395230308	AF117829.1	c12
1.57054145509418e-80	-0.251160901059752	0.494	0.179	5.74833877979022e-76	KMT2A	c12
6.25459617820841e-28	-0.251060838422601	0.088	0.026	2.28924474718606e-23	PXMP4	c12
7.06754033295282e-19	-0.250927244179153	0.048	0.013	2.58679043726406e-14	ADAL	c12
1.56069587490714e-14	-0.250820245428267	0.059	0.02	5.71230297174762e-10	TEX10	c12
0.000137367329281893	-0.250698166544424	0.017	0.007	1	LHFPL5	c12
9.35441671434212e-47	-0.250675524446696	0.461	0.199	3.42381006161636e-42	PNRC2	c12
4.5109732444872e-45	-0.250615332047394	0.207	0.072	1.65106131721476e-40	DCP1A	c12
2.99147017975592e-56	-0.250598895862753	0.212	0.066	1.09490800049246e-51	JADE2	c12
2.18560585688961e-44	-0.250547347865175	0.205	0.071	7.99953599680164e-40	NIPSNAP2	c12
0.00136966855056774	-0.250519097536724	0.01	0.003	1	TCEAL9	c12
5.46222482985921e-09	-0.250445023451513	0.024	0.007	0.000199922890997677	ATP11A	c12
4.25863017848614e-11	-0.250415429975468	0.02	0.005	1.55870123162771e-06	AL139089.1	c12
4.95252788171952e-55	-0.250274808439879	0.37	0.143	1.81267472998816e-50	SF3A3	c12
6.70472255279564e-69	-0.250201889556687	0.36	0.125	2.45399550154873e-64	IMP4	c12
1.27113637323798e-31	-0.25019641683671	0.137	0.047	4.65248623968832e-27	TRMO	c12
3.85059851905121e-42	-0.250027363330537	0.613	0.281	1.40935756395793e-37	RNF7	c12
1.92113821596069e-26	-0.24993324464692	0.082	0.024	7.03155798423771e-22	MTERF3	c12
9.28430988845617e-47	-0.249653724042375	0.186	0.06	3.39815026227384e-42	FBXO34	c12
3.36109819709556e-46	-0.249624389624083	0.178	0.057	1.23019555111895e-41	TFB1M	c12
5.0626947535377e-27	-0.249572472250218	0.097	0.031	1.85299690674233e-22	CEP170	c12
3.56878975145953e-34	-0.249474504251466	0.127	0.04	1.3062127369317e-29	SLC35B3	c12
4.1487667726506e-16	-0.249291220339455	0.048	0.014	1.51849012645785e-11	ADCK2	c12
6.6623440070658e-36	-0.249267049115282	0.15	0.05	2.43848453002616e-31	CNOT9	c12
7.90351815219622e-56	-0.249224509369832	0.266	0.092	2.89276667888534e-51	CUL5	c12
3.52761809617122e-17	-0.249125040717756	0.052	0.016	1.29114349937963e-12	AC005670.3	c12
7.0345957495444e-55	-0.249010196836544	0.222	0.072	2.57473239029074e-50	CCDC137	c12
3.31948292299974e-56	-0.248961704158418	0.523	0.216	1.21496394464713e-51	SF3B4	c12
5.5777401383796e-51	-0.248829781898927	0.2	0.064	2.04150866804832e-46	RABGGTA	c12
7.6747951054631e-29	-0.24880942246437	0.081	0.022	2.80905175655055e-24	ZCCHC2	c12
1.0277685359267e-43	-0.248762761437845	0.132	0.037	3.7617356183453e-39	LTO1	c12
2.30200421269835e-63	-0.24875822212527	0.217	0.064	8.42556561889723e-59	SIPA1	c12
7.73476379789362e-23	-0.248467597890893	0.111	0.041	2.83100089766704e-18	MED25	c12
7.00939755368017e-09	-0.248419569459704	0.019	0.005	0.000256550959862248	AL356599.1	c12
1.62378704787236e-19	-0.248398430051574	0.067	0.021	5.94322297391763e-15	TCEANC2	c12
3.14567405238637e-42	-0.248395245375861	0.118	0.032	1.15134815991394e-37	CCDC112	c12
8.3079775280428e-51	-0.248302666255464	0.179	0.054	3.04080285503894e-46	PYROXD1	c12
2.43366263707858e-80	-0.248283928808376	0.464	0.164	8.9074486179713e-76	KDM5A	c12
5.49529443768489e-55	-0.248264754451797	0.188	0.056	2.01133271713705e-50	CEP290	c12
2.53833334298463e-24	-0.248149349096461	0.045	0.01	9.29055386865804e-20	ZNF865	c12
1.96734198925128e-35	-0.248125355106664	0.112	0.033	7.20066841485862e-31	POLR3H	c12
3.33350506302097e-09	-0.248115411361031	0.02	0.005	0.00012200961881163	HCG25	c12
1.00541878865333e-42	-0.248068540858115	0.179	0.06	3.67993330835004e-38	BMS1	c12
6.65741194820667e-05	-0.247966769781668	0.011	0.003	1	SDCBP2	c12
0.000189119723641587	-0.247887734056211	0.928	0.613	1	IFITM2	c12
3.47290697185901e-63	-0.247863200774446	0.347	0.124	1.27111868077011e-58	MRPL16	c12
2.28820588847631e-59	-0.247842274323447	0.293	0.102	8.37506237241216e-55	SLAIN2	c12
2.65421253477844e-08	-0.247835611751309	0.029	0.01	0.000971468329854255	ZNF486	c12
6.42550658664569e-23	-0.247490110099173	0.077	0.024	2.35179966577819e-18	KLHL18	c12
9.66345643606739e-41	-0.247442306044013	0.299	0.122	3.53692169016502e-36	PTDSS1	c12
2.74903512979846e-80	-0.247386933166214	0.515	0.187	1.00617434785754e-75	CHD2	c12
5.20869547626892e-56	-0.247310695863272	0.228	0.074	1.90643463126919e-51	CHD6	c12
3.8551076173017e-08	-0.247069764751038	0.022	0.007	0.0014110079390086	RNF103	c12
9.16087372024816e-51	-0.247039266716485	0.549	0.235	3.35297139034803e-46	NDUFC1	c12
4.40957259848498e-27	-0.246601879087817	0.139	0.052	1.61394766677149e-22	OAT	c12
9.16342727579255e-23	-0.246531848655464	0.06	0.016	3.35390601721283e-18	ZMYM3	c12
4.43272308396642e-59	-0.24640932696737	0.205	0.061	1.62242097596255e-54	KIAA0586	c12
1.40536633980667e-17	-0.24635365010645	0.064	0.021	5.14378134032638e-13	MRTFB	c12
5.03046107562711e-29	-0.24635174135409	0.116	0.039	1.84119905829028e-24	ARAP1	c12
5.68756953375929e-43	-0.246349572774707	0.72	0.331	2.08170732505124e-38	BST2	c12
3.65346305891112e-30	-0.246320172184969	0.127	0.043	1.33720401419206e-25	MMS19	c12
2.33353159928058e-56	-0.246268639502335	0.244	0.081	8.54095900652686e-52	OSBPL9	c12
1.846345480787e-41	-0.246189029186663	0.153	0.048	6.7578090942285e-37	AKIP1	c12
3.09215143410006e-29	-0.246185658989616	0.128	0.044	1.13175834639496e-24	COQ9	c12
2.27462797541972e-08	-0.245573189496191	0.027	0.009	0.000832536585283373	TBKBP1	c12
3.59416717361825e-56	-0.245426893429784	0.253	0.085	1.31550112721602e-51	MYCBP	c12
9.58959274375399e-14	-0.245396083119487	0.064	0.024	3.5098868401414e-09	SHMT1	c12
3.6473543544943e-50	-0.245081940737706	0.24	0.084	1.33496816728846e-45	GNL1	c12
1.09839888120211e-64	-0.245067266624484	0.456	0.175	4.02024974508782e-60	RHBDD2	c12
1.31034776779882e-33	-0.244988115714527	0.132	0.043	4.79600386492046e-29	MRM3	c12
4.24970304199873e-73	-0.244932080828959	0.385	0.133	1.55543381040195e-68	C1D	c12
4.45241831123612e-63	-0.244887242389108	0.584	0.239	1.62962962609553e-58	PRPF40A	c12
4.64205530218651e-49	-0.24475192797315	0.671	0.295	1.69903866115328e-44	ANAPC11	c12
2.27225535311909e-18	-0.244693843525261	0.051	0.014	8.31668181795119e-14	ADAT2	c12
2.0704724941166e-08	-0.244654808547441	0.023	0.007	0.000757813637571617	SEMA4C	c12
1.45370099583045e-56	-0.244566614658775	0.243	0.08	5.32069101483904e-52	XRCC1	c12
3.49928585719582e-44	-0.244472014682343	0.63	0.289	1.28077361659224e-39	SAT1	c12
4.76126821634504e-28	-0.244437549120555	0.095	0.029	1.74267177986445e-23	CEP295	c12
5.58296141043074e-27	-0.244387810090752	0.082	0.024	2.04341970583175e-22	UBP1	c12
0.000110483238711899	-0.244116349882146	0.014	0.005	1	CCDC120	c12
3.89105130730785e-70	-0.244108850707907	0.322	0.107	1.42416368898775e-65	SLC25A11	c12
2.03175493288382e-22	-0.243977793927054	0.066	0.019	7.43642622984806e-18	SEPHS1	c12
3.52333180791637e-14	-0.243810345675836	0.044	0.013	1.28957467501547e-09	KIFC2	c12
8.5219503961299e-46	-0.243797059991611	0.168	0.052	3.11911906448751e-41	ARL3	c12
0.0155029813442006	-0.243789186875984	0.01	0.004	1	DBF4B	c12
1.12178799823701e-42	-0.243485372867648	0.168	0.054	4.10585625234727e-38	GMDS	c12
5.7977412008315e-10	-0.24346286504101	0.035	0.012	2.12203125691634e-05	SPATA5L1	c12
8.01617303983426e-64	-0.243437021553243	0.334	0.118	2.93399949430974e-59	MRPL36	c12
5.0355468570746e-14	-0.243436113910939	0.85	0.474	1.84306050515787e-09	PTGES3	c12
2.8871113947407e-09	-0.243362073406892	0.026	0.008	0.000105671164158904	C2CD2L	c12
2.75570934024931e-50	-0.243314923981233	0.168	0.05	1.00861717562465e-45	CTC1	c12
9.04104335814947e-05	-0.243276294037118	0.013	0.004	1	IMPA2	c12
6.71140326269241e-66	-0.243241548658759	0.347	0.122	2.45644070817805e-61	DDX27	c12
9.84902717989094e-69	-0.242986220588778	0.447	0.166	3.60484243811188e-64	ARL5A	c12
3.33570119567578e-10	-0.242986216091301	0.026	0.007	1.22089999462929e-05	AC008438.1	c12
4.69981172645538e-53	-0.242703630022427	0.188	0.057	1.72017808999993e-48	WRAP73	c12
1.47105741333222e-47	-0.242415364241948	0.205	0.069	5.38421723853726e-43	FAM217B	c12
1.92039620123442e-49	-0.242319728745032	0.253	0.09	7.02884213613809e-45	LIX1L	c12
1.90680170539897e-05	-0.242269835988465	0.015	0.005	0.697908492193077	EPB41L2	c12
1.79402612598436e-14	-0.242145396339189	0.049	0.016	6.56631502371537e-10	JHY	c12
3.27152151803679e-28	-0.241768253250661	0.086	0.025	1.19740959081665e-23	EIF4E3	c12
2.74456507014787e-57	-0.241740997776024	0.543	0.224	1.00453826132482e-52	RNF181	c12
5.11336641898348e-22	-0.241735216594431	0.074	0.023	1.87154324301214e-17	HAUS5	c12
7.58809376903185e-42	-0.241722899835879	0.16	0.051	2.77731820040335e-37	RETREG3	c12
0.000154701742928049	-0.241668982480721	0.014	0.005	1	LMLN	c12
1.31250306866251e-56	-0.241422102637869	0.249	0.083	4.80389248161165e-52	UTP3	c12
1.32829921692767e-32	-0.241302277207323	0.093	0.026	4.86170796387695e-28	AKT1	c12
7.13353168212595e-67	-0.241270012788311	0.331	0.114	2.61094393097492e-62	SNRK	c12
7.15246740812137e-26	-0.241036767338725	0.085	0.026	2.6178745960465e-21	PACC1	c12
4.57361655682834e-56	-0.240883272277703	0.233	0.076	1.67398939596474e-51	HELB	c12
8.75517682748282e-48	-0.240856662963956	0.201	0.067	3.20448227062699e-43	MCFD2	c12
6.18778028197732e-69	-0.240815010999465	0.47	0.177	2.26478946100652e-64	LAMTOR2	c12
3.60412862382167e-26	-0.240739732801914	0.72	0.368	1.31914711760497e-21	ATP5PF	c12
1.90395898931251e-77	-0.240698475672144	0.38	0.128	6.96868029678273e-73	NGDN	c12
1.86614460917327e-72	-0.240631909965969	0.381	0.132	6.83027588403508e-68	AHSA1	c12
3.83865974970946e-56	-0.240621377866894	0.69	0.299	1.40498785499116e-51	RBM25	c12
4.3920478779555e-07	-0.240593648458646	0.023	0.008	0.0160753344381049	SS18L1	c12
0.000333576078741283	-0.240588465741238	0.011	0.003	1	CUBN	c12
7.90148352990126e-74	-0.240496929969772	0.335	0.111	2.89202198677916e-69	RAPGEF6	c12
3.66113293015706e-64	-0.240477585178183	0.355	0.128	1.34001126376678e-59	PEPD	c12
2.36479757395344e-24	-0.240458797052748	0.079	0.024	8.65539560042698e-20	P2RX5	c12
1.72457348388094e-60	-0.240426146625709	0.267	0.089	6.31211140835263e-56	DIDO1	c12
2.54146188612774e-41	-0.240423435985611	0.149	0.046	9.30200464941616e-37	DMAC2	c12
4.43173310392375e-31	-0.24038671647403	0.102	0.031	1.62205863336713e-26	ASH2L	c12
1.87986193022474e-44	-0.240294296826992	0.665	0.304	6.88048265081557e-40	EMB	c12
3.83563130776742e-37	-0.240288408837475	0.152	0.051	1.40387941495595e-32	PIK3C3	c12
6.68692092404621e-42	-0.240214998573673	0.164	0.053	2.44747992741015e-37	HERC5	c12
8.09952735116552e-18	-0.240140657256093	0.07	0.024	2.96450800580009e-13	AC008124.1	c12
7.30520231333973e-06	0.240107950276597	0.012	0.003	0.267377709870548	PACSIN1	c12
2.86475254716892e-64	-0.240006862810646	0.467	0.18	1.04852807978929e-59	CLTB	c12
4.07179357375675e-27	-0.239805456011709	0.088	0.027	1.49031716593071e-22	UNK	c12
3.5787638602181e-57	-0.239780529701468	0.212	0.065	1.30986336047843e-52	TNFRSF10A	c12
8.37412272643951e-38	-0.239610029425521	0.272	0.112	3.06501265910412e-33	MAN2B1	c12
3.20417534142639e-21	-0.239608971910776	0.101	0.037	1.17276021671547e-16	MAGED1	c12
5.34632549572771e-71	-0.239518884148967	0.284	0.09	1.9568085946913e-66	PBRM1	c12
2.2729625758552e-32	-0.239486405581529	0.112	0.034	8.31927032388763e-28	DNAJC11	c12
3.18010158020638e-27	-0.239322095345701	0.078	0.022	1.16394897937134e-22	SZT2	c12
6.00737972721573e-67	-0.239288670772784	0.319	0.109	2.19876105395823e-62	ADD1	c12
3.50695999891977e-67	-0.239266362633294	0.279	0.09	1.28358242920463e-62	NLRP1	c12
4.7437589767704e-20	-0.239207093362088	0.051	0.014	1.73626322308773e-15	KIF1B	c12
1.5993769698059e-58	-0.23917072244111	0.244	0.079	5.85387964718657e-54	FASTK	c12
8.61365716785908e-06	0.239021947925943	0.014	0.004	0.31526846600081	SMARCD3	c12
5.59304605957278e-64	-0.238875911870116	0.27	0.088	2.04711078826423e-59	EXOSC9	c12
2.42010183521482e-21	-0.238797452138143	0.072	0.023	8.85781472706975e-17	TGDS	c12
9.17435035278027e-52	-0.238787673132939	0.238	0.082	3.35790397262111e-47	HPF1	c12
1.04540197936906e-16	-0.238588830617103	0.027	0.005	3.8262757846887e-12	GPR55	c12
1.77533807377371e-14	-0.238463860951438	0.048	0.015	6.49791488381917e-10	ETV6	c12
2.89532892811812e-19	-0.238447194647374	0.069	0.022	1.05971934098051e-14	ARRB1	c12
0.000493091673209321	-0.238412505592334	0.01	0.003	1	FKBP7	c12
1.54526295213247e-06	-0.238125149131889	0.027	0.01	0.0565581693110004	SH3BP5L	c12
5.66526544737386e-36	-0.237990176792299	0.104	0.029	2.0735438063933e-31	FBXO11	c12
1.94505109895159e-12	-0.237958097866918	0.041	0.013	7.11908152727273e-08	MAP1LC3B2	c12
2.49373374256168e-23	-0.237824144248528	0.101	0.035	9.12731487115001e-19	HDAC5	c12
3.70676399217969e-60	-0.237716335381276	0.254	0.083	1.35671268877769e-55	IFT20	c12
5.16290508192534e-29	-0.237637194154952	0.094	0.028	1.88967488903549e-24	NPM3	c12
0.000194161963348093	-0.237581550471824	0.011	0.003	1	GPR82	c12
7.57672287848378e-57	-0.237492499747859	0.202	0.061	2.77315634075385e-52	C6orf136	c12
1.40490979558056e-51	-0.237462132471098	0.612	0.265	5.14211034280441e-47	GPS2	c12
3.79705957592042e-14	-0.237368026671552	0.04	0.012	1.38976177538263e-09	SREBF1	c12
9.17103583626518e-72	-0.237331363384107	0.39	0.137	3.35669082643142e-67	TBCC	c12
1.04847923467362e-39	-0.237307614995057	0.722	0.343	3.83753884682892e-35	SAMHD1	c12
5.78812563339701e-11	-0.23728556985115	0.026	0.007	2.11851186307964e-06	PPP1R13L	c12
1.42566786196142e-66	-0.236964751332967	0.345	0.12	5.218086941565e-62	SRA1	c12
1.7950396449652e-06	-0.236955222687707	0.017	0.005	0.0657002460453713	LTK	c12
1.71207809133814e-55	-0.236829615367718	0.482	0.198	6.26637702210674e-51	FBXW5	c12
8.38013233509163e-49	-0.236678635773944	0.19	0.061	3.06721223596689e-44	TMEM138	c12
3.74867232830252e-77	-0.236622225415805	0.46	0.164	1.372051558882e-72	GET3	c12
6.83572461382011e-55	-0.236607028226573	0.559	0.234	2.5019435659043e-50	ILF2	c12
9.24680680959614e-57	-0.23655538827972	0.281	0.098	3.38442376038028e-52	FARSA	c12
3.14952740593578e-30	-0.236522455804844	0.109	0.034	1.15275852584655e-25	FRMD8	c12
3.47124319958961e-17	-0.236332641025905	0.865	0.479	1.27050972348179e-12	STK4	c12
4.90400459208312e-14	-0.23629731802729	0.052	0.018	1.79491472074834e-09	UPRT	c12
5.59929127966052e-18	-0.236277744871369	0.054	0.016	2.04939660126855e-13	MTERF1	c12
1.42850864954881e-08	-0.236130224875589	0.895	0.528	0.000522848450821358	TPI1	c12
1.39959725358196e-35	-0.236102826779075	0.098	0.027	5.12266590783532e-31	LARP4B	c12
3.8366916798689e-50	-0.236076347742245	0.279	0.103	1.40426752174882e-45	CTDSP1	c12
6.10203675047294e-70	-0.236070212055093	0.315	0.104	2.2334064710406e-65	WAC	c12
4.14106492473973e-75	-0.235977978112755	0.402	0.14	1.51567117310399e-70	SCNM1	c12
1.03654197894539e-47	-0.235961350643116	0.636	0.282	3.79384729713803e-43	FKBP1A	c12
8.72309830839924e-68	-0.235858062560679	0.329	0.112	3.19274121185721e-63	UQCC2	c12
1.44208804068037e-09	-0.235812304545628	0.052	0.022	5.27818643769421e-05	SAP130	c12
6.79568797189308e-65	-0.235628572038462	0.265	0.085	2.48728975459259e-60	EMG1	c12
3.54288804171899e-21	-0.235482952444396	0.065	0.019	1.29673245214957e-16	AC116407.2	c12
5.21185151623876e-15	-0.235451339851055	0.044	0.013	1.90758977345855e-10	FOXK2	c12
1.71840070472639e-42	-0.235405284129184	0.184	0.062	6.28951841936906e-38	UBAP2L	c12
3.07340060138232e-41	-0.23521148152778	0.15	0.047	1.12489535411194e-36	SNAI3	c12
8.44118588809764e-06	-0.235050335896001	0.013	0.004	0.308955844690262	AC123768.3	c12
2.60665931179594e-50	-0.235002004587683	0.182	0.056	9.54063374710432e-46	ZNF33A	c12
2.37061901596127e-53	-0.23498876321327	0.556	0.239	8.67670266031984e-49	CYTH1	c12
1.20319012633974e-16	-0.234977334802788	0.05	0.015	4.4037961814161e-12	AC245014.3	c12
2.69415516365673e-37	-0.234974468716498	0.134	0.042	9.86087731450001e-33	FAM120B	c12
2.08883340944808e-64	-0.234946895451227	0.301	0.102	7.64533916192093e-60	DCPS	c12
9.66572313557377e-41	-0.234874971531806	0.719	0.333	3.53775132485136e-36	NDUFC2	c12
1.66170210943454e-08	-0.2348426988568	0.033	0.012	0.000608199589074136	TRIM68	c12
8.23751790270649e-30	-0.234671960461008	0.097	0.029	3.0150139275696e-25	SPATA33	c12
2.16838691125495e-06	-0.234646462984515	0.011	0.002	0.0793651293388423	ZNF532	c12
4.11028060203114e-31	-0.234613299624872	0.126	0.042	1.50440380314942e-26	CNOT3	c12
2.22719899436922e-10	-0.234433127440964	0.034	0.011	8.15177103929077e-06	EEF1AKMT4	c12
2.33096550903005e-73	-0.234427936354777	0.278	0.085	8.53156685960087e-69	RTL8C	c12
5.27863770603974e-13	-0.234305710920619	0.05	0.017	1.9320341867876e-08	CENPM	c12
1.21563417437831e-68	-0.23419975729008	0.369	0.13	4.44934264164204e-64	ZFAND2B	c12
2.81263422734767e-35	-0.234094981335397	0.113	0.033	1.02945225355152e-30	BICD2	c12
1.17122492465135e-48	-0.233963960158873	0.146	0.041	4.2868003467164e-44	TULP4	c12
8.03834363069493e-15	-0.233894573812578	0.044	0.013	2.94211415227065e-10	MBLAC2	c12
1.69811971511123e-39	-0.233891499294978	0.145	0.046	6.21528796927861e-35	ALOX12-AS1	c12
2.45485241006996e-17	-0.233682991342154	0.057	0.018	8.98500530609705e-13	TRIOBP	c12
5.58510744822986e-35	-0.233597544378586	0.131	0.042	2.04420517712661e-30	ZNHIT6	c12
2.25362032662647e-08	-0.23342966755619	0.028	0.009	0.000824847575748556	PSMG3-AS1	c12
7.04689427920904e-59	-0.233275147097836	0.552	0.227	2.5792337751333e-54	OSTC	c12
2.77069385222753e-72	-0.233118961778062	0.34	0.114	1.0141016568538e-67	DNPEP	c12
1.98182646907892e-57	-0.233091999764254	0.549	0.227	7.25368305947574e-53	SNRPB2	c12
5.88919710687372e-10	-0.232987384183218	0.036	0.012	2.15550503308685e-05	TSTD3	c12
6.4282674960137e-13	-0.232868852227827	0.06	0.022	2.35281018621598e-08	PIK3R4	c12
4.57493089041001e-80	-0.232731442406197	0.398	0.134	1.67447045519897e-75	NIFK	c12
7.04183853537925e-66	-0.232606610192792	0.365	0.131	2.57738332233416e-61	CCAR1	c12
3.60826859184439e-12	-0.232586323368837	0.026	0.006	1.32066238730097e-07	GINS4	c12
6.85430429046025e-59	-0.232575962417228	0.174	0.048	2.50874391335135e-54	TRAV8-2	c12
1.92967109466736e-41	-0.232543917357078	0.154	0.049	7.062789173592e-37	RARS	c12
2.52658146017939e-60	-0.232425571381576	0.398	0.152	9.24754080240258e-56	ZNF22	c12
7.7184455030644e-68	-0.232246850018275	0.286	0.092	2.8250282385766e-63	TAPBPL	c12
4.71864927715795e-52	-0.232052813182361	0.509	0.216	1.72707282193258e-47	NUCB1	c12
6.27409800252298e-75	-0.231937012477465	0.413	0.146	2.29638260990343e-70	TUT4	c12
8.43872607450951e-28	-0.231809376572084	0.086	0.025	3.08865813053123e-23	ZYG11B	c12
6.97145776550664e-68	-0.231719260766381	0.328	0.111	2.55162325675309e-63	TUBGCP2	c12
3.70536866198725e-20	-0.23145469146602	0.065	0.02	1.35620198397395e-15	CLCC1	c12
2.3608835965866e-12	-0.231382889592404	0.033	0.009	8.64107005186662e-08	TAF4	c12
1.52880629907168e-40	-0.231251972472641	0.717	0.332	5.59558393523224e-36	UQCRQ	c12
2.40285617612127e-45	-0.231242459159891	0.233	0.084	8.79469389022146e-41	CBLL1	c12
9.40380045554234e-21	-0.231221388267868	0.053	0.014	3.44188500473305e-16	CCDC144A	c12
5.77437681546139e-46	-0.231209535841742	0.215	0.075	2.11347965822702e-41	DIMT1	c12
4.16795734224917e-59	-0.231108115365772	0.353	0.131	1.52551406683662e-54	MED15	c12
4.06881073290003e-06	-0.230946352500017	0.024	0.009	0.148922541634874	VWA5A	c12
2.87828590577014e-07	-0.230912241727862	0.019	0.006	0.0105348142437093	LINC00910	c12
4.35754443684425e-12	-0.23086891626079	0.047	0.016	1.59490483932936e-07	DHRS7B	c12
9.29548526439461e-07	-0.230838945544012	0.907	0.547	0.0340224056162107	EIF4A1	c12
2.12587369895723e-23	-0.230676544635559	0.073	0.022	7.78091032555334e-19	DSTYK	c12
1.92435452726967e-29	-0.230584554287178	0.117	0.039	7.04333000525973e-25	NRM	c12
3.41585857672926e-34	-0.230438582651213	0.135	0.044	1.25023839766868e-29	MAP3K13	c12
5.48507227370898e-30	-0.230383542069988	0.112	0.036	2.00759130290022e-25	GCN1	c12
2.73979194585824e-31	-0.230337264543828	0.731	0.362	1.00279125010358e-26	SEC62	c12
5.34056569280805e-43	-0.230329410832668	0.609	0.281	1.95470044922467e-38	RBL2	c12
1.36349754083396e-77	-0.230327052681314	0.5	0.184	4.99053734920636e-73	PHF3	c12
5.70936265438361e-11	-0.23031879378915	0.026	0.007	2.08968382513095e-06	ULK1	c12
1.1149277344443e-20	-0.230305518678716	0.051	0.013	4.08074700083957e-16	AC145124.1	c12
5.43810940085789e-07	-0.230155453070657	0.884	0.535	0.0199040242180799	SUB1	c12
3.54248730537395e-16	-0.230022968037018	0.054	0.017	1.29658577863992e-11	ZNF718	c12
2.31759945353039e-15	-0.229898593191256	0.036	0.009	8.48264575986658e-11	SH3PXD2A	c12
5.03353158283868e-14	-0.229831056363213	0.772	0.439	1.84232289463479e-09	HNRNPK	c12
3.29154984154895e-11	-0.229726850365877	0.043	0.015	1.20474015750533e-06	ST3GAL3	c12
2.49351707259093e-65	-0.229630912819473	0.293	0.097	9.12652183739007e-61	LZIC	c12
3.62710697975322e-44	-0.229511162030625	0.138	0.04	1.32755742565947e-39	VPS45	c12
1.71445631505561e-73	-0.229467966355029	0.368	0.126	6.27508155873502e-69	LONP2	c12
1.9535905361674e-32	-0.229449188536766	0.098	0.028	7.15033672142631e-28	GPR137	c12
3.51454564621801e-60	-0.229312868583189	0.228	0.071	1.28635885197225e-55	ATF1	c12
2.02962527453209e-70	-0.229278615743583	0.334	0.112	7.42863146731488e-66	OTUD6B-AS1	c12
2.26017627904639e-46	-0.22921591734715	0.154	0.046	8.27247119893769e-42	DCAF16	c12
7.8690074886648e-13	-0.229165202193976	0.029	0.007	2.8801354309262e-08	LSM14B	c12
3.29963257967681e-30	-0.229043222841208	0.121	0.04	1.20769852048751e-25	ZNF107	c12
1.20734489609425e-28	-0.228959163383424	0.074	0.02	4.41900305419456e-24	TRIM24	c12
3.16965686351463e-74	-0.228905888234284	0.419	0.149	1.16012610861499e-69	TMPO	c12
1.0466390791649e-47	-0.228871423212745	0.609	0.27	3.83080369365144e-43	PAIP2	c12
1.52588523772242e-24	-0.228838650093135	0.073	0.021	5.58489255858784e-20	MFSD3	c12
6.12496877514799e-55	-0.228827308622587	0.656	0.281	2.24179982139191e-50	AIP	c12
0.000141344516105473	-0.228803303133684	0.019	0.008	1	ZNF93	c12
5.23632297310389e-16	-0.228667882542913	0.041	0.011	1.91654657138576e-11	NEIL1	c12
6.19704020836154e-18	-0.228637230893321	0.056	0.017	2.26817868666241e-13	ACP6	c12
3.73484286566984e-68	-0.228596073328859	0.332	0.113	1.36698983726382e-63	PAGR1	c12
2.927158162508e-31	-0.228568279087666	0.085	0.023	1.07136915905955e-26	RAB30-DT	c12
5.01534737484112e-54	-0.228378997175889	0.277	0.098	1.8356672926656e-49	NOC2L	c12
9.29529302224243e-74	-0.228176208633535	0.376	0.129	3.40217019907095e-69	HTATIP2	c12
1.65741752303872e-55	-0.228080611751851	0.237	0.078	6.06631387607401e-51	MOSPD3	c12
2.78526227767406e-44	-0.228072086178276	0.145	0.043	1.01943384625148e-39	TMEM216	c12
1.14275654815288e-58	-0.228057108593138	0.227	0.071	4.18260324189436e-54	ZFAND2A	c12
2.08064716733482e-36	-0.227949229359818	0.124	0.038	7.61537669716216e-32	ANKH	c12
4.97355008738138e-41	-0.227933680208551	0.253	0.098	1.82036906748246e-36	ALKBH5	c12
1.81226075310398e-73	-0.227912169054249	0.37	0.126	6.63305558243589e-69	MRPS35	c12
7.12078007716379e-80	-0.227905504963515	0.481	0.173	2.60627671604272e-75	EPRS	c12
4.47917949192362e-71	-0.22776024929043	0.417	0.151	1.63942448583896e-66	HACD4	c12
2.51143518795021e-16	-0.227555396376727	0.818	0.452	9.19210393141656e-12	SF3B2	c12
1.13534913153702e-30	-0.227308546065478	0.105	0.033	4.15549135633864e-26	BPNT1	c12
8.72355479705501e-06	-0.227235046665228	0.014	0.004	0.31929082912701	TMSB4Y	c12
1.11858043715628e-52	-0.227229124592481	0.59	0.256	4.09411625803569e-48	SRSF10	c12
2.75635976841123e-23	-0.227132592855916	0.789	0.411	1.0088552388362e-18	COX5A	c12
5.6220453764605e-50	-0.227091738484569	0.198	0.064	2.05772482823831e-45	DTYMK	c12
4.67047082239481e-34	-0.227025804260192	0.089	0.024	1.70943902570472e-29	ADNP	c12
1.83712502260152e-69	-0.226777485479646	0.367	0.129	6.72406129522382e-65	APPL1	c12
2.07565418364606e-36	-0.226769382372006	0.11	0.031	7.59710187756294e-32	EDC4	c12
0.287840492890541	-0.226637373758114	0.965	0.68	1	RNASEK	c12
3.97126797145168e-43	-0.226610650879952	0.155	0.048	1.45352379023103e-38	BCKDK	c12
6.89522669122522e-69	-0.226305615020206	0.294	0.095	2.52372192125534e-64	SNAPIN	c12
5.07053622910361e-57	-0.226186719330615	0.204	0.062	1.85586696521421e-52	STIM2	c12
1.67602255030563e-22	-0.226065083475054	0.079	0.025	6.13441013637364e-18	WRAP53	c12
9.83639540768996e-13	-0.226026577368978	0.052	0.019	3.6002190831686e-08	PANK4	c12
1.29041400618376e-48	-0.225542770636452	0.641	0.287	4.72304430403316e-44	TAF15	c12
3.02011137914791e-26	-0.225477572700881	0.078	0.022	1.10539096588192e-21	DYRK1B	c12
1.10296396410295e-05	0.225420968234948	0.015	0.005	0.403695840501322	LINC01237	c12
1.13563987279042e-25	-0.225370946283895	0.077	0.022	4.15655549840022e-21	ZHX2	c12
1.4030704262493e-67	-0.225228029876362	0.359	0.126	5.13537806711507e-63	TXNDC12	c12
1.64695226403968e-06	-0.225204988725014	0.02	0.007	0.0602800998161162	ENDOG	c12
1.67130452852033e-23	-0.225184823984907	0.052	0.013	6.11714170483725e-19	AL121839.2	c12
7.62226538143897e-07	-0.225099129768737	0.011	0.002	0.0278982535226048	LEPR	c12
4.81364891091604e-50	-0.22505633387351	0.156	0.045	1.76184363788438e-45	SMAGP	c12
4.3313880568716e-60	-0.224978605426466	0.369	0.138	1.58533134269557e-55	NORAD	c12
4.96896004266839e-15	-0.224920926176321	0.045	0.013	1.81868906521706e-10	SHLD3	c12
2.54388921496011e-21	-0.224630342333414	0.048	0.012	9.3108889156755e-17	SLFN13	c12
8.42127978087298e-69	-0.22455174482716	0.519	0.2	3.08227261259732e-64	SRP19	c12
1.55614694874059e-73	-0.224539546493814	0.346	0.116	5.69565344708545e-69	MIA3	c12
0.000223246364208271	-0.224454242073154	0.012	0.004	1	LRRIQ3	c12
1.22948820899357e-13	-0.224365545050651	0.029	0.007	4.50004979373735e-09	MAMSTR	c12
7.57913475258268e-27	-0.224357274719666	0.079	0.022	2.77403911079279e-22	TOM1L2	c12
2.68598041067153e-19	-0.22431543616501	0.068	0.022	9.83095690109885e-15	MXD1	c12
1.1655536999353e-08	-0.22412503445403	0.022	0.006	0.000426604309713319	ZNF724	c12
1.22637279187948e-69	-0.224047875726433	0.338	0.115	4.48864705555807e-65	BCKDHA	c12
1.1337891772494e-37	-0.224038408475967	0.152	0.05	4.14978176765053e-33	ERCC6L2	c12
1.8683550892054e-30	-0.223996205213016	0.171	0.066	6.83836646200068e-26	ARAF	c12
2.73937807746588e-63	-0.223879066297783	0.338	0.12	1.00263977013329e-58	AMZ2	c12
8.60911705465e-13	-0.22382251496107	0.036	0.011	3.15102293317245e-08	C2orf27A	c12
3.12612533054222e-13	-0.223797340762398	0.034	0.009	1.14419313223176e-08	CEP70	c12
1.58214043369026e-66	-0.223506435123318	0.441	0.166	5.79079220134972e-62	ATG3	c12
9.89696262065626e-17	-0.223498428490886	0.804	0.447	3.6223872887864e-12	HNRNPA3	c12
3.4253331226589e-68	-0.223475343469493	0.505	0.193	1.25370617622438e-63	PDLIM2	c12
3.20019879338776e-23	-0.223448733765201	0.088	0.029	1.17130476036786e-18	ZNF664	c12
1.30667539982893e-36	-0.223388800833598	0.129	0.04	4.78256263091388e-32	TMEM218	c12
8.17077033265783e-71	-0.223368174145309	0.554	0.216	2.99058364945609e-66	SLTM	c12
1.60192163913645e-67	-0.223135394293402	0.252	0.077	5.86319339140331e-63	FLAD1	c12
2.0513204388514e-59	-0.223102280320619	0.594	0.246	7.50803793823999e-55	BANF1	c12
1.13750039731285e-64	-0.222975603613645	0.343	0.121	4.16336520420477e-60	BRMS1	c12
1.96548903741273e-55	-0.222908028865039	0.202	0.062	7.19388642583432e-51	TRNT1	c12
2.17347178416202e-05	-0.222903799627845	0.015	0.005	0.79551240772114	SLAIN1	c12
4.06219908698167e-32	-0.222879084665053	0.106	0.032	1.48680548782616e-27	GMDS-DT	c12
2.56733995409507e-08	-0.222814740158641	0.028	0.009	0.000939672096598335	ZNF747	c12
2.11538960560326e-05	-0.222769262298343	0.014	0.004	0.774253749546848	EEF1AKMT3	c12
1.85583225312756e-63	-0.222761167023493	0.284	0.095	6.79253162967219e-59	CDC14A	c12
6.69065961525804e-18	-0.22255474308051	0.07	0.024	2.44884832578059e-13	VARS	c12
3.38818966154063e-69	-0.222539458051119	0.448	0.167	1.24011129802049e-64	SCAMP3	c12
8.84814512982866e-69	-0.22243605180356	0.322	0.108	3.23850959896859e-64	MEI1	c12
8.95994986395734e-11	-0.222351280355368	0.031	0.009	3.27943124970703e-06	TRAK1	c12
1.17869375832586e-65	-0.22226925982774	0.26	0.082	4.31413702484847e-61	ITFG2	c12
3.60138840572068e-75	-0.222167461711103	0.307	0.097	1.31814417037783e-70	NUTM2A-AS1	c12
2.35705650434655e-56	-0.222119422616212	0.462	0.188	8.62706251155882e-52	SDHA	c12
3.91601698668939e-19	-0.222064531803772	0.784	0.421	1.43330137729818e-14	ATP5MF	c12
3.27550838442757e-07	-0.221909894504141	0.024	0.008	0.0119886882378433	DNAJB4	c12
1.23594022302942e-77	-0.221895129279158	0.321	0.102	4.52366481030999e-73	WDR54	c12
3.57083281026414e-59	-0.221856569455841	0.535	0.218	1.30696051688478e-54	NAA38	c12
2.71355781807848e-51	-0.221788514910079	0.154	0.043	9.93189296994906e-47	MARK2	c12
3.82969291337418e-72	-0.221779963807866	0.476	0.176	1.40170590322408e-67	SDAD1	c12
5.58404556648243e-67	-0.22166389534059	0.304	0.102	2.04381651778823e-62	DCAF8	c12
1.57193189399707e-10	-0.22163043797758	0.036	0.012	5.75342792521869e-06	ZFAND4	c12
1.45007540364817e-46	-0.221605840639409	0.165	0.051	5.30742098489266e-42	LMBR1L	c12
4.76436021915026e-13	-0.221573909389003	0.037	0.011	1.74380348381119e-08	RNF169	c12
3.7465966465215e-66	-0.221520002529904	0.345	0.121	1.37129183859333e-61	MBD4	c12
4.59646254139039e-06	0.221323793524738	0.015	0.004	0.16823512547743	B3GNT9	c12
9.98403964321348e-26	-0.221273383051985	0.079	0.023	3.65425834981257e-21	B4GALT4	c12
1.06874494483061e-71	-0.22117597024286	0.451	0.166	3.91171337257452e-67	POLR2F	c12
3.49694724248423e-59	-0.221064932711014	0.284	0.098	1.27991766022165e-54	IRF7	c12
1.24676501960216e-35	-0.221002854409949	0.11	0.032	4.56328464824585e-31	SUN1	c12
6.56777773184728e-26	-0.220840870647944	0.086	0.026	2.40387232763342e-21	APOO	c12
1.24797130903059e-06	-0.220779180679826	0.018	0.006	0.0456769978818285	UPK3BL1	c12
7.4071748907902e-07	-0.220672023108802	0.014	0.004	0.0271110008177812	AGAP1	c12
1.65921448559658e-35	-0.220612807068155	0.122	0.038	6.07289093873204e-31	TEFM	c12
7.16038491522433e-73	-0.220601224519366	0.329	0.109	2.62077248282126e-68	NKAP	c12
1.17794240300408e-06	-0.220492795801103	0.023	0.008	0.0431138698923524	ZSCAN21	c12
2.00558362706765e-66	-0.220312278090673	0.268	0.085	7.3406366334303e-62	RAB24	c12
0.000123557118046772	-0.220069183485123	0.01	0.003	1	HIST1H2AB	c12
3.29640950431426e-08	-0.219702571870082	0.02	0.006	0.00120651884267406	BCORL1	c12
1.39006664056679e-05	-0.219634672100828	0.013	0.004	0.508778291113849	UFSP1	c12
7.37678987213123e-55	-0.219504541042889	0.245	0.082	2.69997886109875e-50	POLR3K	c12
1.33035708203159e-67	-0.219426997491324	0.473	0.18	4.86923995594383e-63	PHF20	c12
4.54089771523125e-24	-0.219411074006144	0.08	0.024	1.66201397275179e-19	AC073896.2	c12
1.42516195944007e-18	-0.219222064296798	0.049	0.013	5.2162352877466e-14	RAB30	c12
1.40698109119725e-50	-0.219131925570212	0.511	0.22	5.14969149189107e-46	TAGAP	c12
1.34850493378434e-61	-0.218982571325807	0.347	0.126	4.93566290814406e-57	KLHDC2	c12
1.23949831045269e-11	-0.218830836704837	0.034	0.01	4.53668776608788e-07	ACTL10	c12
3.36578646663334e-64	-0.218631385309141	0.274	0.09	1.23191150465247e-59	SLC25A36	c12
3.15253326699789e-69	-0.218587321024147	0.291	0.094	1.1538587010539e-64	PSMB5	c12
3.10772277666217e-59	-0.218483339342438	0.588	0.244	1.13745761348612e-54	TGFB1	c12
1.12966980746088e-41	-0.218482063679583	0.683	0.317	4.13470446228758e-37	UBE2L6	c12
1.00025434053342e-37	-0.218481294009414	0.145	0.047	3.66103091178636e-33	ZBED5	c12
9.40593656442061e-08	-0.218261881024676	0.885	0.53	0.00344266684194359	KRTCAP2	c12
5.82147178409038e-56	-0.218140194647468	0.343	0.129	2.13071688769492e-51	SSRP1	c12
2.91222082257853e-27	-0.217976233816072	0.069	0.018	1.06590194327197e-22	ENDOV	c12
1.40670126067067e-05	0.217893237060992	0.01	0.002	0.514866728418071	AL163051.1	c12
1.25457366913713e-69	-0.217866646362048	0.351	0.121	4.59186508640882e-65	BFAR	c12
3.24726979405742e-27	-0.217822843543808	0.074	0.02	1.18853321732295e-22	WDR53	c12
2.10828402873433e-55	-0.217737464549173	0.601	0.257	7.71653037357054e-51	U2SURP	c12
1.80415749079516e-58	-0.217632339212646	0.224	0.07	6.60339683205938e-54	PRR14	c12
1.18040841677619e-70	-0.217560333513903	0.317	0.105	4.32041284624251e-66	RNPC3	c12
3.22654174333119e-26	-0.217555744507292	0.085	0.026	1.18094654347665e-21	TELO2	c12
4.65391941094241e-31	-0.21751960657388	0.111	0.035	1.70338104359903e-26	RABGAP1	c12
5.37142114376665e-70	-0.217463820402405	0.254	0.077	1.96599385283003e-65	ZBTB20	c12
1.18917600277818e-45	-0.217450394570593	0.162	0.05	4.35250308776842e-41	EIF2B4	c12
6.65721718348002e-17	-0.217438504219457	0.81	0.449	2.43660806132552e-12	PSMB8	c12
2.59940571457067e-57	-0.217201744065886	0.227	0.072	9.5140848559001e-53	CENPT	c12
4.72604276138132e-64	-0.217188417588966	0.361	0.13	1.72977891109318e-59	PCGF5	c12
3.88835031407922e-36	-0.217164760275635	0.086	0.021	1.42317509845613e-31	PARD6A	c12
9.1699242075804e-18	-0.217087573716728	0.053	0.016	3.3562839592165e-13	ZNF250	c12
2.65226379303068e-44	-0.217071577697594	0.139	0.04	9.70755070887158e-40	ZHX1	c12
1.70496800515853e-42	-0.21651801447396	0.146	0.044	6.24035339568073e-38	KDM3A	c12
9.30220285866586e-42	-0.216497022607943	0.145	0.044	3.40469926830029e-37	IFT27	c12
1.00244828329096e-58	-0.216345279558656	0.44	0.174	3.66906096167326e-54	SHFL	c12
1.27717556938929e-72	-0.216280835821201	0.302	0.096	4.67459030152174e-68	TRMT10C	c12
9.17252355402586e-49	-0.216271231691951	0.144	0.04	3.35723534600901e-44	DHRS12	c12
2.06037800297259e-17	-0.216254773422328	0.05	0.014	7.54118952867999e-13	DHX35	c12
6.68269987668655e-38	-0.216163117949975	0.145	0.047	2.44593498186604e-33	MRPL20-AS1	c12
4.27582634587718e-15	-0.216124759306227	0.047	0.014	1.56499520085451e-10	MTMR9	c12
8.79550859932606e-06	0.216112175421924	0.01	0.002	0.321924410243933	TSHR	c12
6.25210234376905e-06	-0.21601217055276	0.019	0.007	0.228833197884291	STARD7-AS1	c12
2.58145262815776e-20	-0.215949224629424	0.054	0.015	9.4483747643202e-16	SLC25A14	c12
1.37839183113311e-56	-0.215737105565889	0.202	0.061	5.04505194113031e-52	SMARCD1	c12
5.00933282992023e-72	-0.215024722995041	0.312	0.101	1.8334659090791e-67	RAP2B	c12
1.2282837476628e-39	-0.214931648442005	0.123	0.036	4.4956413448206e-35	DNAJB2	c12
1.92473004176684e-09	-0.214878762579693	0.021	0.006	7.04470442587081e-05	NEO1	c12
2.5997847323958e-46	-0.214872817216407	0.207	0.071	9.51547209904185e-42	MBTPS1	c12
1.86569555360889e-12	-0.214767764112032	0.034	0.01	6.82863229576391e-08	SPRYD4	c12
1.28500497603553e-38	-0.214577581548511	0.221	0.084	4.70324671278764e-34	SNAP23	c12
4.8166101662158e-54	-0.214576472322175	0.2	0.062	1.76292748693664e-49	PDS5A	c12
1.71230937621206e-06	0.214479035521571	0.012	0.003	0.0626722354787378	PRSS53	c12
1.41103948061881e-47	-0.214287343297293	0.262	0.097	5.16454560301292e-43	TIMM10	c12
0.000428526562974598	0.214141019953979	0.01	0.003	1	AC004797.1	c12
3.94175455819371e-28	-0.213761323973649	0.112	0.037	1.44272158584448e-23	E4F1	c12
1.62834973466206e-08	-0.213650225023208	0.031	0.011	0.000595992286383661	MTX3	c12
4.85177419449477e-49	-0.21363241466624	0.709	0.317	1.77579787292703e-44	WASF2	c12
7.0343842088242e-55	-0.213418213750277	0.622	0.265	2.57465496427174e-50	TOMM5	c12
7.20804509857059e-15	-0.213392047010506	0.036	0.01	2.63821658652782e-10	MPND	c12
6.02396720683399e-32	-0.213350455169572	0.099	0.029	2.20483223737331e-27	LIPT1	c12
1.67250414410566e-67	-0.213315321927197	0.322	0.109	6.12153241784111e-63	CARHSP1	c12
9.55199396001881e-12	-0.213255030769648	0.032	0.009	3.49612530930649e-07	LIN9	c12
2.17874559633185e-44	-0.213205849977578	0.16	0.049	7.9744267571342e-40	ABCB7	c12
1.17385678158173e-63	-0.213164345499886	0.332	0.117	4.29643320626727e-59	GOPC	c12
1.53811313620468e-28	-0.21315155398655	0.079	0.022	5.62964788982273e-24	INVS	c12
4.35939551589805e-24	-0.213139388416796	0.843	0.45	1.59558235277384e-19	PRRC2C	c12
5.97622927736731e-16	-0.212855521459653	0.043	0.012	2.18735967780921e-11	AL355001.2	c12
1.58078373010616e-32	-0.21267186054137	0.12	0.038	5.78582653056155e-28	NIF3L1	c12
3.35661641574425e-39	-0.212668188570304	0.123	0.036	1.22855517432655e-34	RUBCN	c12
4.92617882590711e-10	-0.212662187666852	0.021	0.005	1.80303071207026e-05	ATAD3C	c12
7.96312029212219e-12	-0.212525772181205	0.032	0.009	2.91458165811964e-07	DOT1L	c12
4.64317057687156e-25	-0.212444073264339	0.079	0.023	1.69944686284076e-20	IGHMBP2	c12
1.6314535829303e-49	-0.212425182619136	0.215	0.072	5.97128325888321e-45	PPP6R1	c12
6.22159241955986e-19	-0.212378800460271	0.061	0.019	2.2771650414831e-14	DSN1	c12
5.8730433092299e-79	-0.212348511975399	0.356	0.116	2.14959258161124e-74	TAF12	c12
6.55051842728107e-49	-0.212342541429123	0.204	0.067	2.39755524956914e-44	MED29	c12
1.15849320008435e-30	-0.212213300531477	0.097	0.029	4.24020096162874e-26	EMC9	c12
3.36244884145017e-26	-0.212210205431718	0.101	0.033	1.23068990045917e-21	PREPL	c12
6.06768312130032e-79	-0.212054546282947	0.3	0.091	2.22083269922713e-74	EEF1E1	c12
5.46604147878524e-06	0.211931272626937	0.011	0.003	0.200062584165018	GCNA	c12
2.63840347983083e-72	-0.211684100979158	0.498	0.188	9.65682057652884e-68	GPBP1	c12
3.56715701894254e-59	-0.211646015033807	0.244	0.079	1.30561514050316e-54	DCTD	c12
7.49153805364496e-79	-0.211556289388009	0.406	0.139	2.74197784301459e-74	SHARPIN	c12
0.117092060160642	-0.21155590290892	0.924	0.642	1	HSPA8	c12
2.15661985102512e-72	-0.211311585403902	0.389	0.137	7.89344431673704e-68	CENPX	c12
1.22792127287956e-45	-0.211082092246122	0.141	0.041	4.49431465086647e-41	RBSN	c12
2.57087511547257e-43	-0.211058770923108	0.521	0.235	9.40966001014114e-39	MAT2B	c12
9.29956405257444e-56	-0.211032438723681	0.222	0.071	3.40373343888277e-51	ARMCX6	c12
4.10874984531456e-16	-0.210850281847995	0.064	0.022	1.50384353088358e-11	ING1	c12
7.06123078153806e-46	-0.210809356612266	0.18	0.058	2.58448107835075e-41	PRCC	c12
3.61609882439016e-29	-0.210761007833753	0.069	0.017	1.32352833071504e-24	CCDC125	c12
2.8962702659344e-26	-0.210691708169104	0.085	0.026	1.06006388003465e-21	ARMH3	c12
2.15674809502914e-06	-0.210644673217097	0.019	0.006	0.0789391370261616	AP003068.2	c12
1.42253249582433e-54	-0.210609194229568	0.314	0.116	5.20661118796664e-50	COPS2	c12
1.30048987237361e-56	-0.21049308231356	0.606	0.257	4.75992298187465e-52	TUBA1A	c12
4.45494349747402e-16	-0.210326982470106	0.052	0.016	1.63055386951047e-11	C16orf72	c12
4.62435082292826e-74	-0.209923547868827	0.344	0.114	1.69255864469997e-69	ERG28	c12
1.59513990617956e-21	-0.209805796120577	0.066	0.02	5.8383715706078e-17	ARSG	c12
2.40943403379772e-34	-0.20974911923666	0.12	0.037	8.81876950710304e-30	WBP1L	c12
1.29558695194339e-65	-0.209698384012304	0.268	0.086	4.74197780280801e-61	KAT6A	c12
4.30687818378773e-39	-0.209696889771968	0.162	0.054	1.57636048404815e-34	MRPL49	c12
6.66577277345695e-28	-0.209636254387816	0.766	0.386	2.43973949281298e-23	COPE	c12
2.68414887314391e-66	-0.209567474341591	0.419	0.155	9.82425329059402e-62	FIBP	c12
1.77222692064083e-45	-0.209356656223503	0.134	0.037	6.48652775223749e-41	CTLA4	c12
2.23843371733883e-23	-0.209352898301488	0.08	0.025	8.19289124883185e-19	DDX11	c12
2.21765083231382e-63	-0.209184476507607	0.3	0.102	8.11682381135183e-59	DDA1	c12
3.31254098801503e-74	-0.209152225309255	0.568	0.217	1.21242312702338e-69	MAGOH	c12
2.81808029063476e-53	-0.209147117809462	0.645	0.279	1.03144556717523e-48	SELENOF	c12
7.94816460742598e-46	-0.209073895566494	0.16	0.049	2.90910772796398e-41	DCAF10	c12
1.17699456917762e-31	-0.209055027844951	0.111	0.034	4.30791782264702e-27	NCAPH2	c12
4.68282718851632e-22	-0.209026566326525	0.091	0.032	1.71396157926886e-17	ACSS1	c12
6.09551514619606e-12	-0.20900706312456	0.033	0.01	2.23101949865922e-07	CD3EAP	c12
2.44197830732584e-71	-0.208934329028866	0.282	0.088	8.93788480264329e-67	PEX11B	c12
1.71544896294151e-21	-0.208888250710845	0.072	0.023	6.27871474926222e-17	SPRYD7	c12
5.83310260394282e-18	-0.208739948575954	0.072	0.025	2.13497388406911e-13	C16orf58	c12
1.00186292130781e-63	-0.208619326282002	0.483	0.188	3.66691847827871e-59	STRAP	c12
2.49682233952501e-34	-0.208534178764281	0.136	0.045	9.13861944489549e-30	ACSF3	c12
3.01181438977748e-44	-0.208532014637951	0.163	0.051	1.10235418480245e-39	RELB	c12
0.00236742910132496	-0.208220497746069	0.01	0.003	1	ZNF223	c12
8.00469368558376e-65	-0.208207103592543	0.238	0.073	2.92979793586051e-60	PSPC1	c12
3.46882713355314e-66	-0.208204743180047	0.283	0.092	1.26962541915178e-61	MRPS10	c12
7.29184510711656e-30	-0.207983480633134	0.101	0.031	2.66888822765573e-25	CASP2	c12
2.40886491662306e-36	-0.20796790053461	0.104	0.029	8.81668648133206e-32	FOXO3	c12
8.30402618853802e-49	-0.207846342432519	0.167	0.05	3.0393566252668e-44	PRR12	c12
3.13126601085265e-46	-0.207753683660708	0.168	0.052	1.14607467263218e-41	HAUS3	c12
9.37584871935802e-38	-0.207305850783857	0.128	0.039	3.43165438977223e-33	ZMAT3	c12
5.39223469214244e-63	-0.207305750014875	0.316	0.11	1.97361181967105e-58	YIF1B	c12
3.63234400842142e-49	-0.207230771884912	0.188	0.06	1.32947423052232e-44	ASXL1	c12
1.06389320179307e-05	-0.20713736200199	0.02	0.007	0.38939555078828	SYNPO2	c12
8.85960943826086e-59	-0.207080056088218	0.244	0.079	3.24270565049786e-54	FBXO32	c12
8.48218581064388e-39	-0.207059174570074	0.723	0.338	3.10456482855377e-34	COX7B	c12
5.99863332735531e-08	-0.206899983715005	0.019	0.005	0.00219555978414532	ZNF616	c12
1.67904129926869e-13	-0.206872699984631	0.038	0.011	6.14545905945335e-09	LINC00539	c12
9.14066486039777e-90	-0.206814417628704	0.424	0.139	3.34557474555419e-85	PPM1K	c12
3.34947628330345e-05	-0.206742707957659	0.01	0.002	1	AL136038.3	c12
1.66842940654467e-55	-0.206727443407885	0.498	0.206	6.10661847089416e-51	METTL9	c12
5.44076425360013e-52	-0.206698157724393	0.662	0.294	1.99137412446018e-47	PIK3R1	c12
1.21854430449245e-33	-0.206544346823662	0.124	0.04	4.45999400887282e-29	TRAPPC2	c12
2.01190467143477e-31	-0.206499272249631	0.154	0.056	7.36377228791841e-27	NDRG3	c12
8.3763391993439e-53	-0.20649512777336	0.178	0.053	3.06582391035186e-48	PTAR1	c12
4.34952714320371e-43	-0.206428666264617	0.181	0.06	1.59197042968399e-38	KAT5	c12
1.82184515523852e-42	-0.206400216829547	0.702	0.324	6.66813545268851e-38	AP2M1	c12
3.75762766898091e-16	-0.20637750186807	0.045	0.013	1.3753293031237e-11	ZNF649	c12
4.45777767057263e-57	-0.2063356705866	0.238	0.078	1.63159120520629e-52	ZMAT5	c12
1.87231311162221e-27	-0.2063318388671	0.111	0.037	6.85285321984847e-23	UBR7	c12
3.06855477958772e-23	-0.206327595033283	0.069	0.02	1.1231217348769e-18	FUBP3	c12
6.37708870913755e-65	-0.206270692948476	0.506	0.198	2.33407823843143e-60	STMP1	c12
6.29092398164863e-75	-0.206211914811688	0.437	0.157	2.30254108652321e-70	BAG1	c12
9.24811424934647e-24	-0.206203100793644	0.066	0.018	3.3849022964033e-19	MAP3K6	c12
7.49088422430135e-42	-0.205599581852389	0.709	0.327	2.74173853493654e-37	C9orf78	c12
1.98751966196518e-24	-0.205417126977277	0.079	0.024	7.27452071475876e-20	TCAF1	c12
3.92939412635453e-40	-0.205406540259243	0.133	0.04	1.43819754418702e-35	ATP2B1-AS1	c12
1.8782369856612e-56	-0.205392477822318	0.249	0.083	6.87453519121854e-52	OARD1	c12
9.63836880341691e-44	-0.205333623174647	0.146	0.043	3.52773936573862e-39	ZNF33B	c12
3.97488244411236e-63	-0.205291349525531	0.345	0.123	1.45484672336957e-58	EHD1	c12
2.3862098825004e-41	-0.205138795501505	0.089	0.021	8.73376679093973e-37	RANBP9	c12
1.80185584609025e-33	-0.20506838509688	0.118	0.037	6.59497258227493e-29	POLM	c12
7.33435700328462e-12	-0.205012956734906	0.036	0.011	2.68444800677221e-07	PUS10	c12
1.12366125947489e-54	-0.204938999878423	0.205	0.064	4.11271257580404e-50	CLPX	c12
0.000166774120922156	0.204749003295239	0.011	0.003	1	AC104794.3	c12
1.18604152156794e-55	-0.20473208671594	0.314	0.115	4.34103057309083e-51	CSRP1	c12
1.83397548318759e-56	-0.20468399931576	0.479	0.195	6.71253366601489e-52	NDUFA7	c12
6.85009182284221e-25	-0.204374830521169	0.061	0.016	2.50720210807848e-20	C15orf41	c12
8.8362543944369e-08	-0.204372455390877	0.022	0.007	0.00323415747090785	ZBTB5	c12
1.60225913870838e-65	-0.204279301783556	0.257	0.081	5.86442867358654e-61	ZMYM5	c12
5.87918404998799e-34	-0.203989253170602	0.129	0.042	2.15184015413611e-29	WDR83	c12
3.91337966229044e-20	-0.203977126739515	0.062	0.018	1.43233609019492e-15	ENTPD3-AS1	c12
2.0194383000635e-42	-0.203816266651349	0.126	0.035	7.39134612206242e-38	YARS2	c12
7.4835364820088e-68	-0.203772915389919	0.336	0.115	2.73904918778004e-63	LYSMD2	c12
1.02372208779281e-71	-0.20376096096092	0.488	0.183	3.74692521353045e-67	RTF1	c12
5.89687359267057e-60	-0.203754926414721	0.619	0.258	2.15831470365336e-55	DDX18	c12
1.49140479031239e-14	-0.203285175353058	0.035	0.009	5.45869067302237e-10	RBAK	c12
2.42294086710195e-46	-0.203174753279427	0.178	0.057	8.86820586767983e-42	RABEPK	c12
3.91125848620459e-35	-0.203057904294869	0.116	0.035	1.43155971853574e-30	LRRC28	c12
5.77675646075242e-79	-0.202741693407614	0.484	0.174	2.11435063219999e-74	POLE4	c12
1.2003672748348e-41	-0.202686242733533	0.15	0.047	4.39346426262286e-37	C1orf50	c12
3.71582523229136e-36	-0.202686056673242	0.772	0.369	1.36002919327096e-31	CYTIP	c12
3.59097719013337e-54	-0.202655923694887	0.162	0.045	1.31433356136072e-49	NNT-AS1	c12
3.31839799275129e-48	-0.202576325040838	0.578	0.255	1.2145668493269e-43	CCT4	c12
7.5501017516426e-24	-0.202535850284886	0.087	0.028	2.76341274211871e-19	NAA25	c12
2.65692059744103e-37	-0.202505340018514	0.11	0.031	9.72459507869393e-33	GLYCTK	c12
1.46399136916124e-05	-0.202427167196758	0.015	0.005	0.535835481026706	TBC1D24	c12
5.65667944122218e-29	-0.202396806417375	0.107	0.035	2.07040124228173e-24	KYAT3	c12
1.66458148287628e-48	-0.202180554870438	0.184	0.058	6.09253468547546e-44	DELE1	c12
1.36521319663971e-33	-0.201859493524005	0.119	0.037	4.996816821021e-29	PHF19	c12
2.01500368621128e-26	-0.20181050852008	0.067	0.018	7.37511499190192e-22	CDKN2C	c12
9.30406263007862e-25	-0.201605309215071	0.09	0.029	3.40537996323508e-20	COQ10A	c12
7.37828748895693e-39	-0.201541649046805	0.147	0.047	2.70052700383312e-34	GRWD1	c12
1.93835588564029e-73	-0.201465137048308	0.511	0.193	7.09457637703202e-69	REST	c12
2.71818016563265e-61	-0.201427037023088	0.236	0.074	9.94881122423208e-57	KLF13	c12
8.74947571225497e-54	-0.201285377513589	0.221	0.072	3.20239560544244e-49	LTBP4	c12
6.30812551616642e-07	-0.201199035414709	0.015	0.004	0.0230883702017207	ZNF502	c12
7.25811114583372e-45	-0.201187911967162	0.141	0.041	2.6565412604866e-40	POM121C	c12
6.85707369915204e-54	-0.201008968232023	0.205	0.064	2.50975754462664e-49	CBX1	c12
3.7976660626186e-45	-0.200984671812096	0.16	0.049	1.38998375557903e-40	APTX	c12
9.03542797639529e-17	-0.200962641585947	0.041	0.011	3.30705699364044e-12	WARS2-AS1	c12
3.40847107050966e-11	-0.200924756032402	0.023	0.006	1.24753449651724e-06	MRPL53	c12
1.04358157381265e-33	-0.200800320039835	0.784	0.385	3.81961291831168e-29	HP1BP3	c12
9.98538833467888e-43	-0.200702322298455	0.135	0.039	3.65475198437582e-38	TMEM131	c12
1.35707008062579e-50	-0.200565323753519	0.683	0.301	4.96701220209845e-46	NDUFV2	c12
1.21900136786054e-35	-0.200481410954723	0.143	0.047	4.46166690650637e-31	HIST2H2AC	c12
2.58629244928613e-30	-0.200308392888898	0.127	0.043	9.46608899363218e-26	CFAP20	c12
8.50612049492644e-66	-0.200298450850865	0.336	0.117	3.11332516234803e-61	NUDT22	c12
7.82396366122113e-55	-0.200165530738836	0.586	0.249	2.86364893964355e-50	SEC11C	c12
3.31878603994309e-08	-0.200157456421757	0.024	0.008	0.00121470887847957	RPP25	c12
0.00165155794894708	0.200105844386276	0.979	0.755	1	RPS26	c12
1.44686801449927e-65	-0.200097520052434	0.401	0.148	5.29568161986879e-61	PMF1	c12
1.5735697952314e-22	-0.199912035034662	0.064	0.018	5.75942280752643e-18	YAE1	c12
2.14538902738118e-06	0.19984276047536	0.012	0.003	0.0785233837911784	ARHGEF5	c12
1.5967097784714e-29	-0.199743523144917	0.11	0.035	5.84411746018319e-25	NR4A2	c12
4.22198513630509e-09	-0.199699889253125	0.034	0.012	0.000154528877973902	PHGDH	c12
3.94922707832926e-25	-0.199552605365231	0.074	0.021	1.44545660293929e-20	RNF187	c12
4.77133311532276e-25	-0.198890535443102	0.786	0.404	1.74635563353928e-20	TMEM258	c12
2.01817136488026e-76	-0.198820770886384	0.243	0.068	7.38670901259824e-72	ANKRD13D	c12
1.01056942641744e-18	-0.198712819888117	0.054	0.016	3.69878515763048e-14	PLXNC1	c12
1.26125346343667e-43	-0.198702059727815	0.168	0.054	4.61631380152457e-39	SNUPN	c12
4.31890210395584e-49	-0.19868132034973	0.446	0.191	1.58076135906888e-44	ERAP2	c12
1.2706609325982e-27	-0.198635715502746	0.091	0.028	4.65074607940267e-23	COQ8B	c12
8.45486279492985e-67	-0.198593526271559	0.254	0.079	3.09456433157227e-62	STX5	c12
3.16021010051298e-38	-0.198592472674218	0.203	0.075	1.15666849888875e-33	TMEM106B	c12
7.50361931510962e-09	-0.198503133004651	0.028	0.009	0.000274639970552327	CENPBD1	c12
1.13692615366741e-31	-0.198422373949878	0.11	0.034	4.16126341503809e-27	CYREN	c12
2.17954602715824e-42	-0.198395274212229	0.588	0.271	7.97735641400187e-38	HNRNPM	c12
2.33185965875012e-40	-0.198345775913773	0.16	0.052	8.53483953699133e-36	INIP	c12
2.9016037745983e-07	-0.198334330368692	0.015	0.004	0.0106201599754072	DHRS11	c12
1.11338013768847e-38	-0.198271946751765	0.163	0.055	4.07508264195358e-34	PGS1	c12
1.01669520416993e-16	-0.198148237644562	0.055	0.017	3.72120611678237e-12	KAT2A	c12
7.32272507227918e-62	-0.198140675274286	0.351	0.128	2.6801906037049e-57	RAB4A	c12
1.78945762988436e-56	-0.198053811520151	0.539	0.226	6.54959387113973e-52	KPNB1	c12
2.65618558869737e-36	-0.197998953010053	0.112	0.032	9.72190487319124e-32	ABCA7	c12
7.58126760749553e-44	-0.197919602770464	0.696	0.318	2.77481975701944e-39	ABRACL	c12
5.39979391914138e-16	-0.197884893008319	0.047	0.014	1.97637857234494e-11	ZNF680	c12
3.92861168684335e-07	-0.197743637485418	0.018	0.005	0.0143791116350153	CCDC84-DT	c12
1.65010574390356e-85	-0.197702714357883	0.43	0.145	6.03955203326143e-81	LARS	c12
5.1870796183925e-29	-0.197690696378362	0.122	0.042	1.89852301112784e-24	LRRC41	c12
1.79243409812823e-29	-0.197451230688669	0.117	0.039	6.56048804255914e-25	TDP1	c12
0.000982854136948043	-0.197327964092604	0.011	0.004	1	ZNF324B	c12
1.27928785906058e-09	-0.19695668677992	0.037	0.013	4.68232149294762e-05	PIDD1	c12
8.17963372175458e-62	-0.196865046434256	0.502	0.201	2.99382773849939e-57	VDAC3	c12
1.15582711847787e-62	-0.196841427559877	0.247	0.078	4.23044283634084e-58	PCBD1	c12
2.96233628626049e-54	-0.196673779271942	0.213	0.068	1.0842447041342e-49	COPS4	c12
7.24439018972017e-21	-0.196636918570075	0.07	0.022	2.65151925333948e-16	PRR3	c12
1.13655462995378e-07	-0.196518456479626	0.016	0.004	0.00415990360109383	ZNF607	c12
1.79293663816272e-33	-0.19649182149888	0.147	0.051	6.56232738933939e-29	TRAF7	c12
7.53214065389191e-07	-0.196475731930762	0.019	0.006	0.0275683880073098	LINC00893	c12
4.54598857772981e-11	-0.196388745613561	0.021	0.005	1.66387727933489e-06	LRRC37A2	c12
4.13427503019452e-69	-0.196360530642734	0.423	0.156	1.5131860038015e-64	TRAPPC2L	c12
9.31023423952876e-66	-0.196343966110138	0.215	0.062	3.40763883400992e-61	MBD5	c12
1.83119645199933e-21	-0.196043176709579	0.072	0.023	6.70236213396276e-17	KIAA0355	c12
1.1350503103351e-50	-0.196011704842581	0.176	0.053	4.15439764085749e-46	DNTTIP1	c12
7.91421486737018e-31	-0.195976167461681	0.126	0.042	2.89668178360616e-26	PRMT7	c12
4.3938346206653e-65	-0.195861084649034	0.553	0.223	1.60818740950971e-60	PNN	c12
3.12832962624708e-34	-0.195785042526689	0.087	0.023	1.14499992650269e-29	GTPBP3	c12
3.0495082305891e-50	-0.195680507718115	0.534	0.231	1.11615050747792e-45	DEF6	c12
3.01772706327781e-63	-0.195578365148534	0.24	0.075	1.10451828243031e-58	NME6	c12
7.16286774190444e-35	-0.195425944017585	0.679	0.327	2.62168122221444e-30	SEC61G	c12
9.29766225812569e-14	-0.19538722929876	0.039	0.012	3.40303736309658e-09	ALKBH1	c12
4.6621532289458e-36	-0.195359799693513	0.245	0.099	1.70639470332645e-31	HNRNPH2	c12
4.35134464961551e-06	0.195354573824362	0.011	0.003	0.159263565520577	TPRN	c12
1.00581299927958e-73	-0.195118166548567	0.217	0.059	3.68137615866319e-69	ZBTB24	c12
1.07803149884854e-33	-0.194695496960108	0.14	0.047	3.94570308893555e-29	PLK3	c12
6.7564211104133e-31	-0.194650466227785	0.081	0.021	2.47291769062237e-26	ZNF569	c12
9.01816997605542e-11	-0.194630033816759	0.033	0.01	3.30074039293605e-06	ZNF529-AS1	c12
9.42724486319e-42	-0.194591083624626	0.148	0.046	3.45046589237617e-37	ERO1A	c12
3.73902920864247e-35	-0.194550371535643	0.113	0.033	1.36852208065523e-30	MAP2K2	c12
8.92881248249046e-06	-0.194494220289846	0.012	0.003	0.326803465671633	AL645933.3	c12
6.97825906155873e-73	-0.194475859529643	0.329	0.109	2.55411259912111e-68	ISY1	c12
7.73183004861873e-76	-0.194092604528995	0.313	0.099	2.82992711609494e-71	GSPT1	c12
2.15721406919049e-38	-0.194068502084003	0.71	0.334	7.89561921464412e-34	UBE2I	c12
7.4974724383416e-39	-0.193959804668966	0.148	0.047	2.74414988715741e-34	MRTFA	c12
3.28380116607218e-13	-0.193939003425842	0.035	0.01	1.20190406479408e-08	PHOSPHO2	c12
4.08272163354996e-20	-0.193816560891923	0.063	0.019	1.49431694509562e-15	SOS2	c12
1.36185857893169e-63	-0.193699735259671	0.267	0.087	4.9845385847479e-59	B4GALT3	c12
1.42028224005233e-52	-0.193665938282624	0.197	0.061	5.19837502681552e-48	DDX49	c12
5.4731936759714e-21	-0.193564479818795	0.07	0.022	2.00324361734229e-16	CAMKK2	c12
6.34117913056092e-72	-0.193531957663921	0.286	0.09	2.3209349735766e-67	ZNF131	c12
1.21513345803579e-13	-0.193530188296405	0.037	0.011	4.44750996975679e-09	DENND1A	c12
1.5125957152978e-50	-0.19345588635091	0.184	0.057	5.5362515775615e-46	HMGXB3	c12
4.60403479467365e-25	-0.19331929276136	0.102	0.035	1.6851227751985e-20	NSUN6	c12
6.67216065147279e-61	-0.193287357881424	0.267	0.088	2.44207752004555e-56	VMA21	c12
2.34455171299253e-48	-0.193254352265956	0.183	0.058	8.58129372472394e-44	WDR48	c12
5.59076224663212e-56	-0.193247990509864	0.598	0.253	2.04627488988982e-51	SNX3	c12
2.33995646449546e-09	-0.19317681696569	0.036	0.013	8.56447465569983e-05	AL035530.2	c12
1.03426059491121e-65	-0.19305558316055	0.384	0.14	3.78549720343452e-61	U2AF2	c12
0.000229295680933692	-0.19295530280092	0.015	0.006	1	SDR42E2	c12
8.81588343278507e-33	-0.192934910710388	0.097	0.027	3.22670149523366e-28	SLC12A9	c12
4.17384531260452e-11	-0.192818133899871	0.012	0.002	1.52766912286638e-06	BEST4	c12
1.72068684558386e-32	-0.192811999840058	0.113	0.035	6.29788592352148e-28	PEX3	c12
4.306232398322e-15	-0.192763879199769	0.052	0.017	1.57612412010983e-10	BRD1	c12
5.83919589001525e-68	-0.192757773218381	0.519	0.202	2.13720408770448e-63	DECR1	c12
1.48044264853538e-12	-0.192587531445525	0.056	0.021	5.41856813790434e-08	FEM1A	c12
7.344312964927e-34	-0.192501229070986	0.751	0.365	2.68809198829293e-29	C11orf58	c12
0.0119104202778795	-0.192272531335437	0.996	0.871	1	MYL12A	c12
1.84355819226715e-65	-0.192256466184879	0.309	0.105	6.74760733951699e-61	NMRAL1	c12
1.39770254923349e-44	-0.192158617790964	0.124	0.034	5.11573110044951e-40	NHEJ1	c12
2.23418155295888e-30	-0.191799211890664	0.779	0.387	8.17732790198478e-26	NDUFB10	c12
6.66051392241625e-43	-0.191752492504478	0.141	0.042	2.43781470074357e-38	TMEM209	c12
5.50288269808978e-21	-0.191739530542566	0.079	0.026	2.01411009632784e-16	MFN2	c12
6.77813541264628e-45	-0.191460328648951	0.177	0.057	2.48086534238266e-40	CEACAM21	c12
1.06389053553713e-44	-0.191193137792139	0.157	0.048	3.89394574911946e-40	AC010642.2	c12
2.57433314587586e-29	-0.191092691148618	0.164	0.063	9.42231674722022e-25	ELAVL1	c12
7.88932916289823e-61	-0.191044862393697	0.241	0.077	2.88757336691238e-56	FAM120AOS	c12
6.0668965329778e-66	-0.190990476259597	0.27	0.086	2.22054480003521e-61	DCAF5	c12
6.74474929108753e-69	-0.190920407546268	0.279	0.088	2.46864568803095e-64	TSN	c12
3.74313226660905e-70	-0.190849624141809	0.303	0.099	1.37002384090158e-65	UBXN11	c12
1.55817594724366e-78	-0.19082962601707	0.327	0.104	5.70307978450651e-74	TRIP11	c12
3.94179304804e-09	-0.190797499624162	0.023	0.007	0.000144273567351312	FAM215B	c12
8.52870175778969e-34	-0.19078288487395	0.11	0.033	3.12159013036861e-29	LRMP	c12
9.35167052421579e-63	-0.190754826313045	0.32	0.112	3.42280492856822e-58	DDX50	c12
0.504466488518004	-0.190697043228615	0.959	0.677	1	YBX1	c12
3.67363506869218e-19	-0.190592358413987	0.069	0.022	1.34458717149203e-14	ZNF136	c12
2.08700719621929e-17	-0.19041689469976	0.046	0.013	7.63865503888223e-13	EXOC3-AS1	c12
1.68843928760517e-57	-0.190097137933548	0.198	0.059	6.17985663656368e-53	HSDL2	c12
3.6818181346176e-79	-0.190084660258621	0.403	0.138	1.34758225545139e-74	SCML4	c12
1.39578005732238e-65	-0.190045360463167	0.249	0.077	5.10869458780566e-61	NTAN1	c12
9.25807290277129e-46	-0.189953839070955	0.181	0.059	3.38854726314332e-41	CRYZL1	c12
1.68225146692167e-23	-0.189865793556797	0.076	0.023	6.15720859408001e-19	MARCH2	c12
9.41208086486571e-52	-0.189864182839732	0.162	0.047	3.4449157173495e-47	TRAV3	c12
2.4037056870184e-28	-0.189822237389344	0.103	0.033	8.79780318505604e-24	INTS3	c12
1.02986623973684e-44	-0.189805906766683	0.164	0.051	3.76941342406082e-40	FH	c12
3.80193308153139e-42	-0.189725485459884	0.199	0.07	1.3915455271713e-37	EXOC7	c12
3.08050108486427e-19	-0.189724020971865	0.827	0.446	1.12749420207117e-14	ATP5MC3	c12
4.96046309034434e-17	-0.189417152263156	0.06	0.019	1.81557909569693e-12	LINC02328	c12
1.39925910456783e-30	-0.1894129883761	0.089	0.025	5.1214282486287e-26	FO393401.1	c12
1.38520824549599e-27	-0.189336280470864	0.08	0.023	5.07000069933986e-23	ABCA5	c12
1.24690877775911e-73	-0.189306821628977	0.397	0.139	4.56381081747613e-69	ACAA1	c12
1.73144355956407e-19	-0.189231498625315	0.072	0.024	6.33725657236047e-15	FMNL3	c12
3.66382592460415e-34	-0.189171281702459	0.686	0.334	1.34099692666437e-29	XRCC6	c12
6.28378343034164e-52	-0.189079900407535	0.201	0.064	2.29992757333934e-47	NDUFAF2	c12
2.7646900444647e-10	-0.189025445984941	0.026	0.007	1.01190420317453e-05	GGPS1	c12
6.51188728686366e-69	-0.18891285669717	0.243	0.072	2.38341586586497e-64	ST6GAL1	c12
3.53571137761696e-52	-0.188705507771784	0.42	0.172	1.29410572132158e-47	TNIP1	c12
5.02171509649651e-65	-0.188613044975169	0.367	0.133	1.83799794246869e-60	WAPL	c12
3.84658767076913e-31	-0.188585868870402	0.103	0.031	1.40788955337821e-26	GET1	c12
1.74751870528968e-48	-0.188520962948504	0.174	0.054	6.39609321323077e-44	PLCB2	c12
3.45358952076235e-21	-0.188508710651228	0.061	0.017	1.26404830049423e-16	PPARD	c12
6.03711731183776e-58	-0.188492127916045	0.178	0.05	2.20964530730574e-53	ZNF493	c12
3.51997348471272e-41	-0.188484641827186	0.202	0.072	1.2883454951397e-36	SRP68	c12
8.58468517078373e-60	-0.188470252045922	0.509	0.205	3.14208061935855e-55	DBNL	c12
1.34219755638449e-59	-0.188413731661502	0.293	0.101	4.91257727612288e-55	TBC1D10A	c12
4.91364037358983e-17	-0.188397049271173	0.039	0.01	1.79844151313761e-12	ZNF707	c12
2.39152583575014e-05	-0.188384036272479	0.016	0.005	0.875322371142907	ZNF584	c12
2.87452007797281e-21	-0.188242811772457	0.073	0.023	1.05210309373883e-16	PRR34-AS1	c12
1.88925870794805e-63	-0.188217386889271	0.527	0.21	6.91487579696065e-59	TES	c12
1.01202247854425e-22	-0.188187899122772	0.073	0.022	3.70410347371982e-18	SKP2	c12
6.99749374738258e-18	-0.188154140574035	0.056	0.017	2.5611526864795e-13	ZNF714	c12
1.02963115587572e-43	-0.187812918418712	0.132	0.037	3.76855299362072e-39	THAP3	c12
7.7479033619552e-58	-0.187675935368188	0.599	0.251	2.83581010950922e-53	POLR2E	c12
9.81614078295398e-49	-0.187652286474809	0.178	0.055	3.59280568796899e-44	NUDCD3	c12
2.25830095235062e-61	-0.187515372773978	0.713	0.301	8.26560731569852e-57	DDX46	c12
5.77500274700736e-31	-0.187365630839866	0.106	0.033	2.11370875543216e-26	IMPACT	c12
2.80008528376331e-62	-0.187149752171177	0.523	0.21	1.02485921471021e-57	UBE2N	c12
8.11477963889616e-70	-0.187136638232234	0.52	0.2	2.97009049563238e-65	NUTF2	c12
2.37956374608158e-73	-0.187125383416016	0.339	0.113	8.70944126703321e-69	ZDHHC12	c12
2.21961518875561e-09	-0.186935182223622	0.026	0.008	8.1240135523644e-05	AC004889.1	c12
1.35809194792985e-57	-0.186802644972356	0.216	0.067	4.97075233861805e-53	KLHL9	c12
1.00373367954607e-09	-0.186691683266686	0.026	0.007	3.67376564050657e-05	C1orf112	c12
7.21095438200056e-60	-0.186467241822814	0.368	0.138	2.63928141335603e-55	FDX1	c12
4.36377486208897e-50	-0.186267158668958	0.141	0.038	1.59718523727318e-45	DIS3L2	c12
6.97302020401922e-17	-0.18626310760987	0.068	0.024	2.55219512487307e-12	ABCC1	c12
6.23455432152859e-19	-0.186260201754803	0.057	0.017	2.28190922722268e-14	TP53INP1	c12
6.33380536969597e-06	-0.186192906141555	0.014	0.004	0.231823610336242	AC007541.1	c12
1.85936470945722e-11	-0.186133655419021	0.035	0.011	6.80546077308437e-07	SLC48A1	c12
2.55124917150502e-68	-0.186063996812745	0.235	0.069	9.33782709262551e-64	UCHL3	c12
5.45681108277404e-27	-0.185980937597693	0.098	0.031	1.99724742440613e-22	DUSP16	c12
1.38283851592307e-57	-0.185968960783721	0.585	0.245	5.06132725213004e-53	PIN1	c12
9.18571100223582e-76	-0.185946485648958	0.353	0.117	3.36206208392833e-71	RRAGA	c12
5.45741287510568e-56	-0.185927150766345	0.18	0.052	1.99746768641743e-51	MACO1	c12
4.24657579269771e-64	-0.185910123803606	0.388	0.143	1.55428920588529e-59	SLIRP	c12
2.86034235262623e-70	-0.185812735096319	0.262	0.08	1.04691390448473e-65	ESF1	c12
2.65622607322604e-07	-0.185733921250011	0.026	0.009	0.00972205305061461	C21orf58	c12
1.03228927274781e-10	-0.185513489743691	0.037	0.012	3.77828196718426e-06	USP18	c12
5.12316050114222e-08	-0.1853925306643	0.029	0.01	0.00187512797502306	POLR3B	c12
1.82818474669047e-05	-0.185327730485419	0.014	0.004	0.669133899136177	PSMA8	c12
5.80997051138026e-58	-0.184612292422947	0.614	0.257	2.12650730687029e-53	NDUFAB1	c12
3.6648392039281e-70	-0.184528208507289	0.284	0.09	1.34136779702972e-65	JUND	c12
2.78210969867949e-23	-0.184524225264172	0.071	0.021	1.01827997081368e-18	KCMF1	c12
7.79475829795219e-30	-0.184509607878533	0.077	0.02	2.85295948463348e-25	ST3GAL2	c12
5.48692059393427e-08	-0.184253192611355	0.024	0.008	0.00200826780658588	ZDBF2	c12
4.56564281577029e-56	-0.183927931844658	0.163	0.045	1.67107092700009e-51	SNX29	c12
1.41587400826547e-05	-0.183924765999108	0.01	0.002	0.518224045765246	NOMO3	c12
6.18363273247843e-51	-0.183894113373633	0.151	0.042	2.26327141641443e-46	PINX1	c12
6.43890432668406e-70	-0.183855276687415	0.532	0.205	2.35670337260963e-65	FUNDC2	c12
9.83455468688875e-06	-0.183786007762953	0.017	0.006	0.359954536094815	KSR1	c12
2.77734355943994e-32	-0.183417634310343	0.781	0.383	1.01653551619061e-27	PA2G4	c12
2.84950342864971e-28	-0.183256014685518	0.107	0.035	1.04294674992008e-23	TBL3	c12
9.89795919279216e-13	-0.183159222546704	0.865	0.5	3.62275204415386e-08	ATP6V0E1	c12
2.84667924461728e-40	-0.183063125308102	0.137	0.042	1.04191307032237e-35	LINC00847	c12
1.35674561283118e-19	-0.182716548671239	0.072	0.024	4.96582461752341e-15	ASAP1	c12
6.04610784429732e-50	-0.182693965911271	0.178	0.054	2.21293593209126e-45	GCDH	c12
0.0104326732581359	-0.182677723171833	0.011	0.005	1	ZGRF1	c12
3.35129974284575e-22	-0.182644245780016	0.076	0.024	1.22660921887897e-17	OSBPL7	c12
5.49519651345994e-16	-0.182619339942094	0.06	0.02	2.01129687589147e-11	TFDP1	c12
3.42195386707264e-06	0.182617312373906	0.013	0.003	0.125246933488726	RALY-AS1	c12
4.00113554881626e-51	-0.182614901254782	0.238	0.082	1.46445562222224e-46	UBA1	c12
6.55082438692659e-63	-0.18250607725047	0.352	0.128	2.397667233859e-58	BAZ2A	c12
1.99149982730081e-50	-0.18250472504984	0.185	0.057	7.2890885179037e-46	NAA16	c12
1.78087194982363e-49	-0.182452598699916	0.169	0.051	6.51816942354947e-45	SIRT6	c12
6.96216553964063e-17	-0.182390686914055	0.029	0.006	2.54822220916387e-12	AK1	c12
2.37729407106956e-18	-0.182378623901496	0.029	0.006	8.70113402952171e-14	TEPP	c12
1.66960819424965e-17	-0.182220894997086	0.047	0.013	6.11093295177315e-13	AMFR	c12
4.3198263228972e-70	-0.182212969402343	0.41	0.148	1.5810996324436e-65	RBM42	c12
1.43477366847775e-81	-0.1819147301303	0.459	0.161	5.2514151039954e-77	TLK1	c12
2.88470631994719e-46	-0.181869152541471	0.172	0.054	1.05583136016387e-41	ZNF75A	c12
1.31904861167798e-69	-0.181816857976879	0.461	0.173	4.82784982360257e-65	SUCLG1	c12
6.58764741211098e-15	-0.181733086935117	0.048	0.015	2.41114482930674e-10	ZNF689	c12
5.9707774042546e-49	-0.181617332805164	0.155	0.045	2.18536423773123e-44	C1RL	c12
2.93576437777179e-32	-0.181574965428431	0.106	0.032	1.07451911990825e-27	GTPBP6	c12
5.37146535677999e-53	-0.181426982687437	0.295	0.108	1.96601003523504e-48	AP1G2	c12
3.13000767473926e-57	-0.181291012788167	0.537	0.225	1.14561410903131e-52	CD5	c12
1.9876393600782e-68	-0.181273937257791	0.346	0.12	7.27495882182221e-64	GNG10	c12
4.74437556249096e-58	-0.181073560022718	0.232	0.074	1.73648889962732e-53	TRAF5	c12
3.20708262640181e-63	-0.180941053471983	0.577	0.234	1.17382431208933e-58	ZNHIT1	c12
3.58120649933105e-11	-0.180795509313782	0.021	0.005	1.31075739082016e-06	NCKAP5L	c12
1.63619601563585e-69	-0.180723468553796	0.618	0.246	5.98864103682877e-65	NDUFV1	c12
1.39531326191455e-74	-0.180633877382433	0.355	0.119	5.10698606993343e-70	ZCRB1	c12
1.10717241510602e-32	-0.180540771724058	0.14	0.048	4.05236175652955e-28	ORC4	c12
1.47364088294624e-08	-0.180473597785307	0.024	0.008	0.000539367299567153	TMSB15B	c12
1.39436410264524e-07	-0.180394608805147	0.926	0.578	0.00510351205209185	TSC22D3	c12
1.62468393334524e-32	-0.180373676267939	0.099	0.029	5.9465056644369e-28	DIABLO	c12
3.94676927085433e-66	-0.180361465670059	0.56	0.223	1.44455702082539e-61	COPS6	c12
4.28488489834433e-52	-0.180338061516346	0.216	0.071	1.56831072164301e-47	PRKRA	c12
1.89251001175752e-77	-0.180228317654359	0.454	0.163	6.92677589403369e-73	MCRIP1	c12
2.9433038696507e-52	-0.180192544819003	0.165	0.047	1.07727864933085e-47	C11orf49	c12
8.82417107401216e-52	-0.180154832196792	0.644	0.283	3.22973485479919e-47	HNRNPR	c12
2.25390893665732e-32	-0.180136553247541	0.095	0.027	8.24953209905944e-28	MEGF9	c12
4.87650851462319e-71	-0.18010999117423	0.515	0.197	1.78485088143724e-66	RTF2	c12
1.36102498164485e-37	-0.180096825449279	0.135	0.042	4.9814875353183e-33	EML3	c12
1.98933973909782e-08	-0.180056658389502	0.03	0.01	0.000728118237907195	ZNF891	c12
1.3626327731912e-45	-0.179950623577325	0.167	0.052	4.98737221315712e-41	OGFOD3	c12
5.48164299704087e-62	-0.179919898618159	0.309	0.107	2.00633615334693e-57	NMI	c12
1.81756796291697e-20	-0.179878869396414	0.818	0.44	6.65248050107239e-16	NDUFB8	c12
2.13282458181779e-75	-0.179827754883331	0.41	0.144	7.80635125191128e-71	TTC1	c12
5.46435321808561e-70	-0.179737149343429	0.596	0.235	2.00000792135151e-65	UQCRC1	c12
7.69497914342927e-23	-0.179630651730619	0.064	0.018	2.81643931628655e-18	RPP14	c12
1.83814897245171e-60	-0.179425676872457	0.315	0.111	6.72780905407051e-56	PFDN4	c12
6.41229537625518e-74	-0.179297832855738	0.298	0.094	2.34696423066316e-69	CYB5A	c12
4.84360389035517e-74	-0.179248335041264	0.38	0.131	1.77280745990889e-69	SAT2	c12
1.91758872959177e-53	-0.179246916008461	0.23	0.076	7.01856650917885e-49	BSCL2	c12
3.41181129974077e-09	-0.179205968410011	0.024	0.007	0.000124875705381812	PPP1R3B	c12
4.28940426087811e-30	-0.179195569177749	0.105	0.033	1.569964853524e-25	NT5C2	c12
4.64075518092473e-83	-0.179102776293805	0.41	0.138	1.69856280377026e-78	ZFC3H1	c12
7.00467152601921e-72	-0.178939389173363	0.265	0.08	2.56377982523829e-67	FAM98C	c12
8.42453604419588e-75	-0.17876743619641	0.423	0.151	3.08346443753613e-70	CFDP1	c12
1.52919810910122e-67	-0.17875759854864	0.385	0.139	5.59701799912136e-63	CHCHD5	c12
1.42365785826566e-05	-0.178746890975553	0.01	0.002	0.521073012703814	PIGZ	c12
9.58976830075938e-19	-0.178489404007602	0.069	0.023	3.50995109576094e-14	ZNF672	c12
1.41300141430795e-05	-0.178302844254991	0.01	0.002	0.517172647650853	TBX19	c12
1.81560027705548e-05	0.178176967321384	0.012	0.003	0.664527857405077	TIMM23B	c12
7.83993175576898e-49	-0.178152837249562	0.184	0.058	2.86949342192901e-44	ZNF431	c12
4.88803848452872e-81	-0.178101105978017	0.369	0.121	1.78907096572236e-76	AGGF1	c12
2.06635923394285e-69	-0.178099654827971	0.356	0.124	7.56308143215423e-65	RASA2	c12
1.92272228820243e-22	-0.17804117596402	0.069	0.021	7.0373558470497e-18	WDR89	c12
8.52721937868751e-09	-0.178035935317475	0.019	0.005	0.000312104756479341	AC009113.1	c12
4.40529772164015e-68	-0.177950326892908	0.294	0.096	1.61238301909751e-63	SVBP	c12
5.13661129755654e-36	-0.177676878638891	0.164	0.057	1.88005110101867e-31	AC079781.5	c12
1.12853549666268e-21	-0.177401692422044	0.046	0.011	4.13055277133508e-17	HSPA14.1	c12
2.50217470450419e-24	-0.177390669800205	0.084	0.026	9.15820963595579e-20	SMUG1	c12
1.68812175693141e-47	-0.177323276253714	0.216	0.074	6.17869444254466e-43	PARP10	c12
2.18321949229082e-16	-0.177152147418129	0.045	0.013	7.99080166373362e-12	KIF1C	c12
0.000146684464495584	-0.177151528605682	0.01	0.003	1	SPATA6L	c12
6.05588713060653e-05	-0.177073638875547	0.01	0.003	1	BFSP2	c12
3.70557649577251e-26	-0.176803653067958	0.062	0.016	1.35627805321769e-21	PPP2CB	c12
2.21851957700889e-39	-0.176682191407347	0.153	0.05	8.12000350381025e-35	ABHD18	c12
1.3182822652341e-57	-0.176622326398781	0.25	0.083	4.82504491898331e-53	ATG4B	c12
2.72640919352651e-65	-0.176545144568688	0.552	0.219	9.97893028922638e-61	PPP1R7	c12
8.92624980253311e-69	-0.176375633124365	0.597	0.236	3.26709669022515e-64	NUDC	c12
1.35172764840766e-36	-0.176359979114571	0.122	0.037	4.94745836593689e-32	TASP1	c12
2.29196728350996e-75	-0.176261861314383	0.353	0.118	8.3888294543748e-71	DTD1	c12
5.27535355519136e-61	-0.176257090753976	0.224	0.069	1.93083215473559e-56	TBC1D17	c12
1.21642085821707e-63	-0.176226532613111	0.581	0.235	4.45222198316029e-59	PUF60	c12
9.22110975564065e-61	-0.176079111581512	0.651	0.271	3.37501838166203e-56	NDUFS7	c12
1.28522300250247e-65	-0.175927146159332	0.244	0.075	4.7040447114593e-61	UFSP2	c12
8.44196747235442e-33	-0.175857069073127	0.134	0.045	3.08984451455644e-28	VAPB	c12
4.48777260930854e-41	-0.175770330553891	0.736	0.344	1.64256965273302e-36	ECH1	c12
7.39503881113559e-80	-0.175742880815286	0.445	0.156	2.70665815526374e-75	NAXE	c12
1.5558387277673e-54	-0.175698639000121	0.21	0.066	5.69452532750109e-50	LRRC47	c12
7.29382892161518e-68	-0.175685972010082	0.626	0.251	2.66961432360037e-63	DDX39B	c12
5.84076355578543e-18	-0.175620161311891	0.063	0.02	2.13777786905303e-13	ZNF420	c12
4.8887449018041e-30	-0.175367996505545	0.77	0.39	1.78932952150932e-25	HLA-F	c12
8.91208469661995e-10	-0.175305214797024	0.901	0.528	3.26191211980987e-05	COX7A2	c12
6.90212561845876e-37	-0.175221830262611	0.118	0.035	2.52624699761209e-32	NIFK-AS1	c12
7.65950014331793e-57	-0.175211585606576	0.643	0.274	2.8034536474558e-52	PPM1G	c12
8.91633140310909e-12	-0.175005900494363	0.036	0.011	3.26346645685196e-07	ATP1A1-AS1	c12
3.37224609712985e-32	-0.174980171000542	0.162	0.059	1.2342757940105e-27	CCNC	c12
2.20596354404166e-67	-0.174960037171489	0.534	0.21	8.07404716754688e-63	CHMP4A	c12
1.70952874253428e-63	-0.174959403759359	0.226	0.068	6.25704615054973e-59	ASMTL	c12
5.45846101684005e-66	-0.174914269283088	0.481	0.187	1.99785131677363e-61	PRPF6	c12
2.21686884250337e-05	-0.174896549989764	0.013	0.004	0.811396165044657	C1orf198	c12
1.0513020151025e-71	-0.174872339345489	0.279	0.087	3.84787050547665e-67	PDE6D	c12
1.0047386399011e-34	-0.174644378431768	0.115	0.035	3.67744389590201e-30	ZNF544	c12
9.23861025473643e-18	-0.174570605543333	0.048	0.013	3.38142373933608e-13	MYPOP	c12
4.72622601333011e-73	-0.174536741408695	0.195	0.051	1.72984598313895e-68	TRBV9	c12
4.96928814828027e-05	0.174488340964381	0.01	0.003	1	SULF2	c12
1.14484251338875e-13	-0.174422387228956	0.037	0.011	4.19023808325415e-09	AC074032.1	c12
1.19990679853167e-42	-0.174418036526438	0.203	0.072	4.39177887330576e-38	TRIM69	c12
6.778937706597e-79	-0.174261348363397	0.476	0.171	2.48115898999157e-74	SUN2	c12
4.41073319295324e-62	-0.174214230571138	0.361	0.132	1.61437245595282e-57	AKIRIN1	c12
1.28448976531678e-61	-0.174213629224112	0.283	0.095	4.70136099003594e-57	RTCB	c12
3.86069423598651e-07	-0.174134315099576	0.017	0.005	0.0141305269731342	MAPRE3	c12
2.68960832163535e-44	-0.174124759315456	0.176	0.057	9.84423541801756e-40	GNB5	c12
0.000366300129162502	-0.173894129656252	0.013	0.005	1	LINC02802	c12
2.37695469246055e-64	-0.173861001712059	0.485	0.19	8.69989186987485e-60	ANXA7	c12
1.35804378060361e-60	-0.173816276142999	0.289	0.099	4.97057604138726e-56	TSPYL1	c12
2.07462653885591e-30	-0.17380787153276	0.089	0.025	7.5933405948665e-26	ZNF737	c12
2.59898143424336e-11	-0.173345856476401	0.893	0.528	9.51253194747413e-07	PSME2	c12
0.0223146076206327	-0.173091801200798	0.999	0.914	1	HLA-E	c12
2.44087011011716e-34	-0.172998717385194	0.139	0.046	8.93382869003982e-30	PRPF18	c12
2.92348485008082e-53	-0.172924869997536	0.155	0.043	1.07002468997808e-48	STRADA	c12
5.08667231568347e-63	-0.172831825198642	0.228	0.069	1.86177293426331e-58	NKAPD1	c12
1.36927102117908e-21	-0.172779485200867	0.055	0.015	5.01166886461754e-17	TTC12	c12
1.33697966356716e-78	-0.172448495546939	0.303	0.093	4.89347926662216e-74	ZNRD2	c12
3.2512626061579e-05	-0.172435715936426	0.019	0.007	1	STPG1	c12
1.6959542027205e-25	-0.17242215387599	0.074	0.021	6.2073619773773e-21	PIK3CA	c12
2.50715032228168e-08	-0.172273084853469	0.03	0.01	0.000917642089458318	AMACR	c12
1.00289330002865e-93	-0.172103608985924	0.401	0.127	3.67068976743487e-89	TTC14	c12
2.0692425484603e-75	-0.172013762002355	0.432	0.154	7.57363465161953e-71	DENR	c12
7.04415941554607e-77	-0.172005942408803	0.304	0.095	2.57823278768402e-72	MLLT10	c12
9.88570536327951e-40	-0.172004613746878	0.15	0.048	3.61826702001393e-35	ING3	c12
2.28557754288219e-45	-0.171838727866454	0.146	0.043	8.3654423647031e-41	SURF6	c12
4.90728260538365e-35	-0.171737602285247	0.112	0.033	1.79611450639647e-30	CCDC84	c12
8.98672665077763e-16	-0.171724887535473	0.051	0.016	3.28923182145112e-11	AP5B1	c12
4.35801904991457e-10	-0.171678700108259	0.03	0.009	1.59507855245923e-05	CASP9	c12
1.31317156191763e-13	-0.171634214643245	0.046	0.015	4.8063392337747e-09	CDC14B	c12
1.89895092043176e-34	-0.171591372243946	0.131	0.042	6.95035026387227e-30	SLC46A3	c12
1.43287402927626e-29	-0.171414148783906	0.834	0.437	5.24446223455406e-25	ANKRD12	c12
9.02655748359573e-82	-0.17135750518223	0.485	0.173	3.30381030457087e-77	CPNE3	c12
1.43280610999172e-12	-0.171322410105586	0.027	0.007	5.24421364318068e-08	PRKCE	c12
1.51027982660814e-63	-0.171157970083532	0.589	0.238	5.52777519336845e-59	SNX17	c12
3.51057063025454e-73	-0.171052180860589	0.409	0.145	1.28490395637946e-68	TRAPPC3	c12
5.87062012514675e-05	-0.170863789454271	0.016	0.006	1	RAI1	c12
1.59303064606733e-61	-0.17082052937436	0.573	0.235	5.83065146767103e-57	NDUFS6	c12
5.32729710713964e-65	-0.170626448499231	0.32	0.11	1.94984401418418e-60	ACTR1B	c12
4.95109980130995e-42	-0.170584151803623	0.189	0.065	1.81215203827745e-37	TAF6	c12
4.12113208318321e-71	-0.170211293999286	0.255	0.077	1.50837555376588e-66	MTF2	c12
8.17521233630559e-47	-0.170204338829358	0.165	0.05	2.99220946721121e-42	TRMT61B	c12
2.39704624463922e-29	-0.170202470469942	0.091	0.027	8.77342896000402e-25	SMAD5	c12
6.35074865050324e-44	-0.170103598137976	0.12	0.032	2.32443751357069e-39	USP30-AS1	c12
4.17716875881043e-78	-0.170094398983695	0.307	0.096	1.52888553741221e-73	ARID1A	c12
8.44672361046247e-85	-0.169959126383422	0.4	0.132	3.09158530866537e-80	CD320	c12
1.08362052563584e-07	-0.169926996908757	0.018	0.005	0.00396615948587975	HIST1H2BJ	c12
0.140552192052686	-0.169923932149208	0.987	0.796	1	UBC	c12
3.89188304403004e-45	-0.169872474920279	0.18	0.058	1.42446811294543e-40	AKT2	c12
2.9662197001339e-65	-0.169865504370588	0.4	0.148	1.08566607244601e-60	FXR1	c12
4.81392970712819e-60	-0.169694943889312	0.251	0.082	1.76194641210599e-55	NADSYN1	c12
1.1409852022349e-50	-0.169658934816374	0.407	0.167	4.17611993869995e-46	FLI1	c12
6.87001782231446e-14	-0.169643206927068	0.041	0.012	2.51449522314532e-09	CYP2U1	c12
2.05423230384888e-70	-0.169633927538004	0.548	0.213	7.5186956553173e-66	PTP4A2	c12
4.45724811517498e-26	-0.169599383161916	0.805	0.415	1.63139738263519e-21	BRK1	c12
4.0089910503071e-45	-0.169387727819639	0.123	0.033	1.4673308143229e-40	PLPP1	c12
1.72374999960429e-13	-0.1693753447549	0.038	0.011	6.30909737355166e-09	ATAD3A	c12
4.53448795530984e-10	-0.169340309462839	0.037	0.013	1.65966793652295e-05	PSKH1	c12
1.13944205931477e-24	-0.169318540202495	0.811	0.422	4.17047188129798e-20	NEDD8	c12
1.58382812513829e-49	-0.169119772062797	0.176	0.054	5.79696932081867e-45	NMT2	c12
3.87375275271728e-77	-0.168970986411211	0.331	0.107	1.41783224502205e-72	AFF4	c12
4.06638203210801e-06	-0.168930978662738	0.017	0.005	0.148833648757185	ZNF799	c12
4.2759738967135e-20	-0.168828240214835	0.876	0.469	1.56504920593611e-15	COX8A	c12
5.6578131631158e-69	-0.168760077663516	0.334	0.114	2.07081619583202e-64	IFI35	c12
1.52614024543286e-11	-0.168692995040079	0.032	0.009	5.58582591230883e-07	WDPCP	c12
1.16674789785436e-67	-0.168591212272259	0.596	0.237	4.27041398093673e-63	GTF2A2	c12
2.15128835732009e-55	-0.168559785137883	0.193	0.058	7.87393051662726e-51	FAM207A	c12
4.01034133504019e-15	-0.168487497651695	0.045	0.013	1.46782503203806e-10	HRAS	c12
1.88002261600996e-23	-0.16848118410986	0.067	0.019	6.88107077685804e-19	ADCK5	c12
2.82542282481262e-20	-0.168466428174856	0.061	0.018	1.03413300810967e-15	MEN1	c12
8.70238915413928e-67	-0.168281627692614	0.245	0.074	3.18516145430652e-62	UBE2Q2	c12
1.99384224452323e-83	-0.168135711333338	0.299	0.089	7.29766199917949e-79	PPP4R3A	c12
3.53260814303074e-35	-0.168031329547215	0.155	0.054	1.29296990643068e-30	AGPAT1	c12
6.9373869292182e-12	-0.168005561649697	0.029	0.008	2.53915298996315e-07	TRBV13	c12
9.48831042947054e-24	-0.167986783884027	0.068	0.019	3.47281650029051e-19	ALG14	c12
5.19671574759458e-05	-0.167775820471665	0.017	0.006	1	ZEB1-AS1	c12
0.00906071770573954	-0.167659295395143	0.93	0.639	1	LAPTM5	c12
1.57565083725353e-57	-0.167577980693652	0.641	0.274	5.76703962943163e-53	PARP1	c12
5.46548306263727e-23	-0.167497970787295	0.089	0.03	2.00042145575587e-18	PITRM1	c12
8.94426348860567e-57	-0.167453157614718	0.368	0.141	3.27368987946456e-52	IL27RA	c12
7.92385197722668e-59	-0.167420802064133	0.304	0.108	2.90020906218474e-54	CZIB	c12
7.59574935068346e-59	-0.167333692602471	0.161	0.042	2.78012021984365e-54	ATG14	c12
3.0353480081057e-08	-0.167189101981442	0.019	0.005	0.00111096772444677	ZFP37	c12
5.45475754686242e-18	-0.167185397441407	0.055	0.017	1.99649580972712e-13	PSTK	c12
7.16194380402222e-23	-0.167184391782933	0.062	0.017	2.62134305171017e-18	ATPSCKMT	c12
7.5259860026464e-27	-0.167126187947106	0.085	0.025	2.75458613682861e-22	TTBK2	c12
1.87659256861341e-20	-0.167124672367343	0.05	0.013	6.86851646038193e-16	AC015871.1	c12
1.50888071701699e-28	-0.167048494916198	0.084	0.024	5.52265431235389e-24	CAPRIN2	c12
1.35851092973633e-68	-0.166947678115893	0.253	0.077	4.97228585392793e-64	MX2	c12
1.33826100716495e-61	-0.166909779523858	0.635	0.263	4.89816911232442e-57	NDUFS8	c12
3.75237525661798e-51	-0.166834745271004	0.704	0.312	1.37340686767475e-46	SYNGR2	c12
1.50197000121488e-67	-0.166779068087691	0.295	0.097	5.49736040144659e-63	OSGEP	c12
2.88349911253249e-110	-0.166684173785478	0.266	0.064	1.05538951017802e-105	TRAV29DV5	c12
0.00897690723476472	-0.166657834737606	0.996	0.854	1	SERF2	c12
1.52773141468312e-72	-0.166540470695664	0.296	0.094	5.59164975088168e-68	DCTPP1	c12
7.48601168751335e-82	-0.166482949361616	0.333	0.104	2.73995513774676e-77	DNAJC9	c12
4.58784474618064e-07	-0.166457749140609	0.018	0.005	0.0167919705554958	LMCD1	c12
6.18605382735549e-77	-0.16645268950134	0.4	0.139	2.26415756135038e-72	RBM27	c12
6.60945200120872e-15	-0.166391230809024	0.044	0.013	2.4191255269624e-10	PBX3	c12
1.47744852438768e-63	-0.166174629900856	0.244	0.076	5.40760934411136e-59	UTP18	c12
1.44942052920252e-36	-0.166089597399009	0.165	0.057	5.30502407893413e-32	DEDD	c12
1.10875460733884e-14	-0.165951078449798	0.054	0.018	4.05815273832088e-10	ZSCAN25	c12
7.69437363897445e-58	-0.165876391930932	0.676	0.288	2.81621769560104e-53	IMP3	c12
1.29806113470319e-52	-0.165716490798945	0.321	0.122	4.75103355912716e-48	GDI1	c12
7.45091020933279e-84	-0.165708910529386	0.396	0.131	2.72710764571789e-79	KRR1	c12
1.0678539274627e-68	-0.165557544986857	0.336	0.115	3.90845215990625e-64	POLR2A	c12
7.13832209306814e-06	-0.165488059002801	0.013	0.004	0.261269726928387	C6orf99	c12
1.7961213783181e-50	-0.165402576146302	0.167	0.049	6.57398385678207e-46	ZNF83	c12
1.32969401316883e-08	-0.165361144464709	0.017	0.004	0.000486681305759925	AGBL3	c12
6.304670085552e-60	-0.165295747490112	0.213	0.064	2.30757229801289e-55	ATF6	c12
3.48225662877023e-19	-0.16522536836065	0.065	0.02	1.27454074869619e-14	REC8	c12
1.40348836633513e-13	-0.165194835123196	0.054	0.019	5.13690776962321e-09	POFUT2	c12
3.43907816244201e-41	-0.165072733369743	0.157	0.05	1.2587369982354e-36	BLMH	c12
6.17315523441506e-37	-0.164819265085554	0.097	0.026	2.25943654734826e-32	ZNF875	c12
2.57314149650779e-46	-0.164763674766593	0.752	0.343	9.41795519136818e-42	TUFM	c12
1.55197527529039e-51	-0.164750881735507	0.209	0.068	5.68038470509036e-47	TMEM131L	c12
1.70374155184748e-78	-0.164520914428822	0.536	0.199	6.23586445391698e-74	PSMG2	c12
2.13842659952382e-07	-0.164382234466137	0.014	0.003	0.00782685519691712	AC083799.1	c12
2.67938271178193e-69	-0.16424179037012	0.552	0.215	9.80680866339306e-65	TMEM160	c12
2.89384411238123e-68	-0.164131887419888	0.51	0.197	1.05917588357266e-63	SEC13	c12
2.21113459548771e-31	-0.164050641262332	0.09	0.025	8.09297373294455e-27	ROCK2	c12
1.96662814851175e-33	-0.163990576279902	0.124	0.04	7.19805568636784e-29	GBA	c12
7.00933708519691e-23	-0.163893606567277	0.802	0.424	2.56548746655292e-18	UBE2D3	c12
8.24150528034898e-34	-0.16369946190664	0.117	0.036	3.01647334766053e-29	SYMPK	c12
2.63599577713615e-22	-0.163613459793721	0.793	0.424	9.64800814389601e-18	PKM	c12
3.82626856429743e-07	-0.163579602285892	0.019	0.006	0.014004525572185	CHAF1B	c12
1.09669748818988e-85	-0.16349833578343	0.501	0.178	4.0140224765238e-81	BBX	c12
1.40670836885057e-05	-0.163470830874334	0.017	0.006	0.514869330082998	AC026471.1	c12
4.24642778131353e-21	-0.163181780334032	0.819	0.437	1.55423503223857e-16	PARK7	c12
5.34909727843613e-10	-0.163170012444955	0.018	0.004	1.95782309488041e-05	SPINT1-AS1	c12
2.59051274190325e-62	-0.163107396618875	0.196	0.056	9.48153568664009e-58	MAP3K2	c12
3.11104365297016e-12	-0.1629384988228	0.032	0.009	1.13867308742361e-07	ZNF202	c12
4.17171341009561e-57	-0.162920806640019	0.2	0.06	1.5268888252291e-52	TMEM175	c12
3.66186409799185e-60	-0.16287323286639	0.323	0.116	1.340278878506e-55	CARD8	c12
1.52197989160372e-61	-0.162834001386693	0.602	0.248	5.57059860125878e-57	PSMF1	c12
2.93471778725796e-10	-0.162725301517945	0.03	0.009	1.07413605731429e-05	PGAP1	c12
2.77040724228338e-10	-0.162595278369539	0.031	0.01	1.01399675474814e-05	MYL5	c12
3.1092464124561e-75	-0.162578532134333	0.41	0.144	1.13801527942306e-70	MRPL4	c12
4.0890657868123e-05	-0.162577764985226	0.015	0.005	1	BCL7A	c12
4.80475465835435e-24	-0.162266804761595	0.083	0.026	1.75858825250427e-19	NDUFAF7	c12
3.8970815014311e-16	-0.162257036202156	0.062	0.021	1.4263708003388e-11	INPP5B	c12
3.66464707798291e-22	-0.162249343015986	0.056	0.015	1.34129747701252e-17	NHSL2	c12
9.15653730239081e-15	-0.161844340857836	0.039	0.011	3.35138421804806e-10	UNC119B	c12
5.8554676057466e-20	-0.161300963243862	0.051	0.014	2.14315969837931e-15	AC244090.1	c12
3.73532955933834e-60	-0.161187353287946	0.668	0.282	1.36716797201343e-55	LSM14A	c12
6.87604420658805e-66	-0.161101279335212	0.181	0.048	2.51670094005329e-61	HPS4	c12
2.1612140918313e-26	-0.160976423512612	0.078	0.022	7.91025969751176e-22	BCS1L	c12
3.05345745192456e-52	-0.160817899671356	0.182	0.055	1.11759596197891e-47	AP3D1	c12
8.94336069039682e-72	-0.16078597767858	0.5	0.189	3.27335944629214e-67	TMEM147	c12
3.34889026151352e-39	-0.160778196030499	0.126	0.037	1.22572732461656e-34	SBF1	c12
1.35094668203116e-15	-0.160658300504584	0.037	0.01	4.94459995090226e-11	NSMF	c12
6.56681095981386e-74	-0.160607395830352	0.352	0.119	2.40351847940147e-69	ZGPAT	c12
1.2760822490346e-29	-0.160474016637024	0.082	0.023	4.67058863969155e-25	PPAT	c12
2.21651725670924e-60	-0.160350426656438	0.233	0.073	8.11267481128148e-56	RHNO1	c12
3.82571814178976e-24	-0.160309124662705	0.08	0.024	1.40025109707647e-19	PGAP3	c12
1.61722061730843e-49	-0.16027911347547	0.188	0.059	5.91918918141057e-45	AAAS	c12
4.38575320896941e-51	-0.160192696036709	0.159	0.045	1.60522953201489e-46	ATXN7L1	c12
2.03505712148774e-79	-0.160136295124506	0.335	0.107	7.44851257035728e-75	C22orf39	c12
2.15879420134452e-63	-0.160097004902085	0.41	0.154	7.90140265634106e-59	PFDN1	c12
7.92644040210325e-74	-0.160082660348477	0.339	0.113	2.90115645157381e-69	ANTKMT	c12
4.07541937060339e-56	-0.160081601879231	0.2	0.061	1.49164424383455e-51	MRTO4	c12
1.19386979218772e-61	-0.159901154377847	0.254	0.082	4.36968282638629e-57	GMCL1	c12
1.14516078673451e-64	-0.159900041260126	0.636	0.262	4.19140299552696e-60	PPP2R5C	c12
1.33025912220643e-53	-0.159896534012358	0.218	0.071	4.86888141318777e-49	TIMM50	c12
4.45844081524769e-06	-0.159861075128735	0.016	0.005	0.163183392278881	DNAAF4	c12
5.74318615108639e-59	-0.159763902831372	0.282	0.097	2.10206356315913e-54	SAE1	c12
1.25667600395813e-54	-0.159704797186735	0.202	0.062	4.59955984208714e-50	VRK1	c12
8.37003109724971e-43	-0.159671627503686	0.137	0.04	3.06351508190437e-38	ZNF264	c12
2.50139821859315e-64	-0.159504027416683	0.638	0.264	9.15536761987278e-60	OSBPL8	c12
6.30871581253572e-66	-0.159476205636169	0.224	0.066	2.3090530745462e-61	HSPBP1	c12
2.80212157512808e-52	-0.159131132809112	0.209	0.067	1.02560451771263e-47	LINS1	c12
6.45995144633759e-08	-0.159113127701179	0.934	0.585	0.00236440682887402	LY6E	c12
2.81312519185816e-72	-0.158961514853172	0.539	0.208	1.029631951472e-67	CPNE1	c12
1.44908439224467e-56	-0.158918550815765	0.296	0.105	5.30379378405472e-52	POLR2J	c12
2.83336682511904e-65	-0.158913191482543	0.55	0.218	1.03704059166182e-60	ACP1	c12
5.42366792502142e-24	-0.158890046064549	0.065	0.018	1.98511669723709e-19	LGMN	c12
1.34667818682702e-62	-0.158812643067843	0.501	0.202	4.92897683160558e-58	SLC2A3	c12
6.02920365581225e-20	-0.158552626157297	0.059	0.017	2.20674883006384e-15	ZNF548	c12
1.97687592853942e-80	-0.158475049304543	0.309	0.094	7.23556358604714e-76	SNHG15	c12
1.8736596907309e-21	-0.158296090993228	0.053	0.014	6.85778183404416e-17	AP4S1	c12
2.59269095672876e-39	-0.158288664278693	0.77	0.364	9.48950817072292e-35	TCEA1	c12
4.44176730961374e-28	-0.158138737882379	0.073	0.02	1.62573125299172e-23	ZNF66	c12
5.72298091726183e-26	-0.158024447117281	0.796	0.41	2.094668245527e-21	EIF5A	c12
2.49667203448719e-31	-0.157990141522409	0.827	0.418	9.13806931342656e-27	MTDH	c12
2.15862870237339e-49	-0.15760298613472	0.186	0.058	7.90079691355685e-45	SLC41A3	c12
4.56179675722048e-56	-0.157573719723449	0.202	0.062	1.66966323111027e-51	EEFSEC	c12
7.16972873721232e-19	-0.157514697970449	0.059	0.018	2.62419241510708e-14	PIGQ	c12
1.16380789656458e-47	-0.157499479050434	0.174	0.054	4.25965328221602e-43	SLC35E3	c12
1.86822366160783e-19	-0.157486339543529	0.041	0.01	6.83788542385083e-15	ZXDC	c12
5.80980306396723e-34	-0.15742539041555	0.093	0.025	2.12644601944265e-29	ZNF10	c12
2.40985332113087e-15	-0.157388692245084	0.041	0.012	8.82030414067111e-11	CHKB-DT	c12
9.52565118224413e-11	-0.157350075159585	1	0.991	3.48648358921318e-06	TMSB4X	c12
1.71140860859649e-34	-0.15731374675044	0.119	0.037	6.263926648324e-30	SUGP1	c12
1.15210286608242e-12	-0.157280733114705	0.041	0.013	4.21681170014827e-08	ZWILCH	c12
1.48574910638322e-15	-0.157247440193373	0.05	0.016	5.43799030427324e-11	IFT80	c12
2.13394401187991e-58	-0.1570137642021	0.16	0.042	7.81044847788165e-54	SCLT1	c12
1.9583173150811e-90	-0.156756579954284	0.387	0.123	7.16763720492832e-86	RALBP1	c12
2.56328979851657e-26	-0.156722838132303	0.116	0.041	9.3818969915505e-22	PNMA1	c12
5.37226816958408e-57	-0.156579223668112	0.199	0.06	1.96630387274947e-52	CREB3	c12
1.60830353459223e-06	0.156500426353005	0.014	0.004	0.0588655176696103	RABGAP1L-DT	c12
1.40907103163485e-19	-0.156468220928878	0.837	0.45	5.15734088288671e-15	UQCR10	c12
1.21707655360063e-31	-0.156409828532021	0.817	0.415	4.45462189383367e-27	H2AFZ	c12
3.95147881670096e-74	-0.156267019203234	0.295	0.092	1.44628076170072e-69	TIMMDC1	c12
3.07232954625136e-42	-0.156266518859716	0.319	0.132	1.12450333722346e-37	LINC01138	c12
0.004698370362452	-0.156257711577569	0.999	0.928	1	MT-ND1	c12
1.64732860500097e-27	-0.156225884656387	0.076	0.021	6.02938742716407e-23	PIGM	c12
3.04865334638043e-38	-0.156174689333996	0.177	0.062	1.1158376113087e-33	MICAL1	c12
2.30713914057572e-21	-0.156163457437581	0.061	0.017	8.44435996842119e-17	TERF2	c12
1.79598001425633e-78	-0.156085514328689	0.462	0.166	6.57346645017959e-74	SFXN1	c12
3.78450708848456e-28	-0.156068505409558	0.109	0.036	1.38516743945623e-23	RIOX1	c12
2.56588353985775e-24	-0.156020612930829	0.056	0.014	9.39139034423336e-20	RCC2	c12
4.35954045410063e-73	-0.156017131008592	0.572	0.222	1.59563540160537e-68	SMAP1	c12
1.67133591869014e-58	-0.155947608023437	0.224	0.07	6.11725659599779e-54	DNAAF2	c12
6.84131891838096e-17	-0.155867098533038	0.06	0.019	2.50399113731662e-12	HINFP	c12
2.3436219694742e-13	-0.155842773754602	0.044	0.014	8.57789077047251e-09	SPATA20	c12
1.43776683412024e-58	-0.155724322823837	0.221	0.069	5.26237038956349e-54	AKAP8L	c12
5.37920541786175e-74	-0.155370580973852	0.482	0.178	1.96884297499158e-69	RPA2	c12
5.09607118359042e-58	-0.155312752709097	0.224	0.071	1.86521301390593e-53	CBX5	c12
4.11070161348557e-29	-0.155237009844	0.832	0.422	1.50455789755185e-24	BCAP31	c12
1.01758615074029e-76	-0.154823095642132	0.363	0.121	3.72446707032454e-72	RRP7A	c12
1.88101644478463e-22	-0.154733609716594	0.853	0.467	6.88470828955622e-18	FUS	c12
1.16837181393262e-63	-0.154522804217843	0.534	0.214	4.27635767617478e-59	ADH5	c12
2.05033745268778e-74	-0.154498293751164	0.47	0.174	7.50444011058256e-70	DARS	c12
4.40063329203161e-70	-0.154482832983362	0.319	0.106	1.61067579121649e-65	PCF11	c12
7.068166076289e-37	-0.154285181406055	0.121	0.036	2.58701946558254e-32	MRRF	c12
3.53586326953925e-59	-0.154196708341072	0.224	0.07	1.29416131528406e-54	RDH14	c12
1.77145344160951e-45	-0.154172557687554	0.204	0.07	6.48369674163497e-41	TPGS1	c12
6.87665190535938e-47	-0.154125914785826	0.157	0.047	2.51692336388059e-42	AIMP2	c12
1.95712858050736e-52	-0.154055250137765	0.169	0.049	7.163286317515e-48	CHI3L2	c12
1.59861839110204e-09	-0.153978830922583	0.021	0.006	5.85110317327259e-05	WNT10A	c12
1.49853583828868e-79	-0.153899448985532	0.412	0.142	5.48479102172041e-75	CCDC91	c12
3.55309846791195e-60	-0.153828503714895	0.185	0.052	1.30046957024045e-55	HMCES	c12
2.8550499997912e-11	-0.153824563360951	0.037	0.012	1.04497685042358e-06	MAP3K12	c12
7.11262028675028e-11	-0.153808572766537	0.021	0.005	2.60329015115347e-06	PPP1R13B	c12
6.14155316379905e-36	-0.153491193904769	0.147	0.049	2.24786987348209e-31	RBM14	c12
4.159331841608e-11	-0.15336861362472	0.032	0.01	1.52235704734694e-06	ERVK13-1	c12
1.25222086246125e-20	-0.153268218365192	0.046	0.011	4.5832535786944e-16	AC009961.1	c12
2.37098360699371e-40	-0.152987476318297	0.11	0.029	8.67803709995767e-36	OTUD5	c12
5.62449661002552e-65	-0.152847170358248	0.3	0.101	2.05862200423544e-60	BTF3L4	c12
6.23304814613272e-79	-0.152786947045625	0.591	0.226	2.28135795196604e-74	OXNAD1	c12
3.83335287912209e-74	-0.152763249328249	0.45	0.163	1.40304548728748e-69	TADA3	c12
5.2165210071218e-19	-0.152477365101365	0.064	0.02	1.90929885381665e-14	GTF2IRD2B	c12
3.03808483206244e-38	-0.152277964863861	0.129	0.039	1.11196942938318e-33	DYRK2	c12
5.44751909293453e-06	-0.152118365012126	0.014	0.004	0.199384646320497	EHD3	c12
8.80626747665008e-11	-0.152094372327136	0.021	0.005	3.2231819591287e-06	NPIPB4	c12
8.79916726425035e-45	-0.152008734427742	0.169	0.054	3.22058321038827e-40	CUX1	c12
1.83492824114794e-66	-0.151745286709107	0.488	0.19	6.71602085542558e-62	CYBC1	c12
1.99081439354549e-76	-0.151693712254842	0.241	0.068	7.28657976181583e-72	CSNK1G3	c12
1.69179784864605e-60	-0.151466221320158	0.48	0.192	6.19214930582942e-56	DENND2D	c12
1.5070860077013e-76	-0.151451418074958	0.312	0.098	5.51608549678754e-72	COA8	c12
6.19276026379562e-60	-0.151448319515576	0.209	0.062	2.26661218415184e-55	RBM10	c12
1.91747994831711e-64	-0.151374295103967	0.524	0.209	7.01816835883546e-60	SRSF2	c12
5.70335824851926e-67	-0.151259415680734	0.354	0.125	2.08748615254053e-62	COQ4	c12
5.77836152774945e-30	-0.151259319901775	0.821	0.422	2.11493810277158e-25	PRMT2	c12
3.35695628455913e-23	-0.151152845341688	0.062	0.017	1.22867956971149e-18	MRPL23	c12
1.15607581063071e-63	-0.151085068602804	0.659	0.274	4.23135307448946e-59	IK	c12
1.81292545275457e-48	-0.151071202654169	0.672	0.303	6.635488449627e-44	EVI2B	c12
4.74276141054911e-73	-0.151049695551314	0.479	0.178	1.73589810387508e-68	RBM4	c12
1.92038938721056e-56	-0.150898014688172	0.206	0.064	7.02881719612937e-52	RAB3GAP1	c12
1.73928887623576e-43	-0.150786389199492	0.136	0.039	6.36597121591049e-39	ZBED1	c12
1.60515085775408e-08	-0.150430506502077	0.03	0.01	0.000587501265446571	OSGIN2	c12
2.60372315456077e-17	-0.150206098401917	0.043	0.011	9.52988711800789e-13	NAIP	c12
1.02687107220992e-46	-0.150177444074418	0.766	0.355	3.75845081139553e-42	ITM2A	c12
8.48182754374921e-07	-0.150017767646316	0.017	0.005	0.0310443369928765	RNF139-AS1	c12
5.42822587142685e-74	-0.149970719824112	0.461	0.169	1.98678495120094e-69	DNTTIP2	c12
2.2012706112044e-05	-0.149943816488546	0.01	0.002	0.805687056406923	AC133550.3	c12
3.89815744766222e-74	-0.149612284256737	0.272	0.082	1.42676460741885e-69	COIL	c12
1.96059884300747e-08	-0.149599972988441	0.033	0.012	0.000717598782529163	ZNF852	c12
2.09971175830646e-37	-0.149587976210781	0.124	0.037	7.68515500657749e-33	CWF19L1	c12
3.26493265841413e-34	-0.149577790391523	0.097	0.027	1.19499800230616e-29	TRAPPC2B	c12
4.70671416948439e-16	-0.149296721799721	0.038	0.01	1.72270445317298e-11	METTL1	c12
8.80340399873917e-23	-0.14891487361464	0.077	0.024	3.22213389757852e-18	DCAF17	c12
1.56033662692434e-43	-0.14882923688274	0.147	0.044	5.71098808820577e-39	RNF8	c12
1.6525090836594e-07	-0.148681544752988	0.013	0.003	0.00604834849710177	AC099522.2	c12
4.47125642081521e-76	-0.148665287334981	0.323	0.104	1.63652456258257e-71	AC008875.3	c12
1.32602812101952e-23	-0.148621146519312	0.078	0.024	4.85339552574356e-19	TFE3	c12
2.04887256303547e-28	-0.14858460468979	0.096	0.029	7.49907846796612e-24	SCRN3	c12
1.0570887606287e-24	-0.148546497476522	0.085	0.027	3.86905057277711e-20	ZFYVE19	c12
4.28959907370169e-19	-0.148441440145459	0.069	0.023	1.57003615696555e-14	ZNF337	c12
0.0496165437736788	-0.148427846851396	0.982	0.759	1	HSP90AA1	c12
1.0124345282341e-67	-0.148393400887751	0.259	0.08	3.70561161678961e-63	NTMT1	c12
6.28909634725754e-61	-0.148348068828729	0.305	0.107	2.30187215405973e-56	INTS10	c12
1.13094074776233e-54	-0.148304068349551	0.232	0.077	4.13935623088489e-50	DRAM2	c12
1.50757450203776e-76	-0.148278181565058	0.497	0.183	5.51787343490841e-72	FKBP11	c12
7.49699152937395e-57	-0.148224336008807	0.68	0.292	2.74397386966616e-52	ANP32A	c12
2.14597544657563e-40	-0.148142076883936	0.121	0.034	7.85448473201147e-36	STK19	c12
2.82781098062411e-42	-0.14804069107468	0.162	0.052	1.03500709701823e-37	USP5	c12
1.89036809347605e-58	-0.147941602581425	0.609	0.256	6.91893625893169e-54	MRPL54	c12
2.53961590489809e-55	-0.147711962146353	0.19	0.057	9.29524817351752e-51	ZDHHC4	c12
2.6052276517279e-79	-0.147685856004956	0.42	0.145	9.53539372808929e-75	DNAJC7	c12
1.63707457837218e-47	-0.14766273145928	0.154	0.045	5.9918566643e-43	PIGBOS1	c12
2.13169105058543e-47	-0.14764202673841	0.143	0.04	7.80220241424773e-43	BBC3	c12
1.20109641247042e-83	-0.147573821150903	0.518	0.189	4.39613297928297e-79	BPTF	c12
2.03202418023714e-21	-0.147448718687995	0.071	0.022	7.43741170208596e-17	ZMIZ2	c12
1.45173021806354e-44	-0.14739111966829	0.147	0.043	5.31347777113437e-40	ZNF480	c12
2.8424657567879e-36	-0.147385345981842	0.11	0.031	1.04037089164194e-31	PCYOX1	c12
4.1046538924125e-59	-0.147235402158347	0.572	0.237	1.5023443711619e-54	APH1A	c12
1.82205970112499e-06	0.147208633483104	0.01	0.002	0.0666892071208759	AL031728.1	c12
1.22353802252201e-10	-0.14716664790564	0.036	0.012	4.47827151623281e-06	MAPKBP1	c12
1.64776307072097e-52	-0.147144173881183	0.184	0.056	6.03097761514584e-48	TOPORS	c12
9.5026699086342e-18	-0.146865263112384	0.06	0.019	3.4780722132592e-13	PLEKHG3	c12
4.00565124272849e-06	-0.146464545757584	0.015	0.004	0.146610841135105	HMGA1P4	c12
8.57709363831205e-39	-0.146424583136238	0.122	0.036	3.13930204255859e-34	LYPLAL1	c12
5.03076406533638e-14	-0.146417291800746	0.041	0.012	1.84130995555377e-09	JRK	c12
4.26215126092771e-48	-0.146340515695921	0.141	0.039	1.55998998301215e-43	CMSS1	c12
0.000212827950580302	-0.146058591125951	0.917	0.626	1	DDX5	c12
4.93156461834794e-17	-0.146020772703858	0.044	0.012	1.80500196596153e-12	DBT	c12
5.02431855927099e-10	-0.145830550458314	0.024	0.007	1.83895083587878e-05	AC005562.1	c12
0.000116185426071857	0.145750693504832	0.013	0.004	1	ZNF154	c12
4.67128698182572e-73	-0.145669240731708	0.347	0.117	1.70973774821803e-68	CHCHD7	c12
2.3002874344214e-70	-0.145512385267272	0.345	0.118	8.41928203872575e-66	COMMD3	c12
1.76195277899981e-41	-0.145502591287615	0.174	0.058	6.44892336641722e-37	PI4KB	c12
3.55892578884531e-05	-0.145432643980116	0.015	0.005	1	CHML	c12
7.09085007825895e-40	-0.145397102572831	0.115	0.032	2.59532203714356e-35	GEMIN8	c12
3.03649853875133e-70	-0.14537667004612	0.429	0.158	1.11138883016837e-65	GPS1	c12
1.73054810465375e-81	-0.145250154426859	0.361	0.117	6.33397911784319e-77	PCSK7	c12
5.78588126452178e-77	-0.145198776948698	0.459	0.165	2.11769040162762e-72	PMPCB	c12
1.04852588080217e-59	-0.145174284001474	0.244	0.078	3.83770957632401e-55	COMMD9	c12
1.10564314938605e-80	-0.145126792422105	0.461	0.163	4.04676449106788e-76	DNAJC15	c12
2.16961990993583e-05	0.145103794568858	0.012	0.003	0.794102583235614	PRNCR1	c12
8.51182024761489e-30	-0.145078460432301	0.095	0.028	3.11541132882952e-25	SARS2	c12
3.26023564030007e-29	-0.144959264693688	0.127	0.044	1.19327884670623e-24	SGTA	c12
8.72641010469324e-82	-0.144940034190459	0.468	0.165	3.19395336241877e-77	PTPN2	c12
1.19279375858408e-57	-0.14464970216819	0.662	0.282	4.36574443579358e-53	ZC3H15	c12
7.75933209840903e-61	-0.144565438815614	0.563	0.231	2.83999314133869e-56	CSK	c12
2.23189089465135e-28	-0.144477264249159	0.838	0.428	8.16894386351339e-24	PSMB10	c12
1.35886371880889e-09	-0.144389355172323	0.026	0.007	4.97357709721242e-05	FOXO4	c12
6.16335045655189e-86	-0.144272740591448	0.453	0.156	2.25584790060256e-81	NEMF	c12
2.33255406285715e-40	-0.144230332164636	0.128	0.037	8.53738112546346e-36	TGIF2	c12
6.21198792479392e-72	-0.144164284310959	0.552	0.213	2.27364970035382e-67	PDAP1	c12
6.9537613065625e-81	-0.144103041316625	0.345	0.11	2.54514617581494e-76	MAP7D1	c12
1.75322076971499e-68	-0.144031198316435	0.504	0.194	6.41696333923382e-64	MRPL52	c12
1.12331619182112e-62	-0.144026957707816	0.29	0.098	4.11144959368447e-58	UBE2J1	c12
0.000296286541953396	-0.14399088056166	0.013	0.004	1	KIAA1324L	c12
1.38477461082112e-10	-0.143971986035957	0.888	0.525	5.06841355306637e-06	DAZAP2	c12
2.47106702198081e-05	-0.143887253623206	0.015	0.005	0.904435240715196	PGBD4	c12
2.59985742110553e-30	-0.143865160720028	0.818	0.408	9.51573814698835e-26	ATP5PB	c12
2.63550568308531e-07	-0.143819524871902	0.02	0.006	0.00964621435066055	EVA1B	c12
1.45611661617617e-47	-0.143649488979763	0.159	0.047	5.32953242686642e-43	GATAD2A	c12
4.97701934352413e-36	-0.143641106080053	0.75	0.362	1.82163884992327e-31	TBCA	c12
3.15867692945062e-52	-0.143574422780929	0.189	0.058	1.15610734294822e-47	CHMP1B	c12
2.71634267298101e-06	0.14356800376708	0.017	0.005	0.0994208581737781	AC125494.1	c12
7.1501566474572e-78	-0.143424594072319	0.64	0.247	2.61702883453581e-73	HSPD1	c12
6.29748931761083e-47	-0.143306141837525	0.161	0.048	2.30494406513874e-42	NAGPA	c12
5.59998596448651e-45	-0.143282318540722	0.38	0.16	2.04965086286171e-40	LRP10	c12
2.31309966434427e-72	-0.143192816562573	0.618	0.247	8.46617608146646e-68	MYCBP2	c12
8.2997858855936e-62	-0.143071907619024	0.246	0.078	3.03780463198611e-57	MSL3	c12
3.88152664449365e-48	-0.143067416290026	0.721	0.324	1.42067756715112e-43	TALDO1	c12
1.5549345937685e-29	-0.143066387309386	0.073	0.019	5.69121610665208e-25	CSNK1E	c12
7.8289180550536e-67	-0.142885632264912	0.581	0.234	2.86546229733017e-62	STAT3	c12
1.37866325424446e-58	-0.142803321607069	0.205	0.062	5.04604537686016e-54	CFAP410	c12
1.32372963902816e-47	-0.142745180077716	0.733	0.338	4.84498285180698e-43	ELF1	c12
2.87349985961931e-71	-0.142708486366678	0.553	0.214	1.05172968361926e-66	MEA1	c12
6.61171851194174e-39	-0.142277742169643	0.119	0.034	2.4199550925558e-34	UBL7-AS1	c12
2.43929316382049e-20	-0.14213312443241	0.048	0.012	8.92805690889937e-16	ZNF189	c12
2.40510643677736e-80	-0.142046486283649	0.424	0.147	8.80293006924882e-76	SECISBP2	c12
1.39346929354292e-20	-0.142013261328145	0.063	0.019	5.10023696129646e-16	NFYA	c12
4.26458799988025e-12	-0.142008240884973	0.028	0.007	1.56088185383617e-07	NRL	c12
1.08562822671038e-53	-0.141909092725328	0.363	0.142	3.97350787258268e-49	FLOT2	c12
4.70112467151721e-35	-0.141870785453851	0.109	0.031	1.72065864102201e-30	ZNF44	c12
3.05125743099791e-55	-0.141816033040742	0.671	0.291	1.11679073231955e-50	HSPE1	c12
2.34529910247709e-34	-0.141673942271063	0.103	0.029	8.58402924497641e-30	ZNF568	c12
4.68183049575563e-65	-0.141604105608121	0.335	0.118	1.71359677975152e-60	RNF114	c12
2.0255511327697e-58	-0.14132892038825	0.629	0.266	7.41371970105039e-54	PDCD5	c12
7.68147176884557e-71	-0.141310676977049	0.183	0.046	2.81149548211517e-66	RAD51-AS1	c12
1.05920662630569e-75	-0.141165278029658	0.335	0.109	3.87680217294144e-71	VPS72	c12
1.51451354592848e-34	-0.141157165843109	0.784	0.389	5.54327102945281e-30	RHOG	c12
1.90986474918585e-24	-0.141091526029326	0.098	0.033	6.99029596849515e-20	MCM6	c12
2.44947420196902e-56	-0.141039422152233	0.284	0.1	8.96532052662681e-52	PLCG1	c12
1.11869568198941e-70	-0.141038405443736	0.259	0.078	4.09453806564945e-66	NDUFAF4	c12
9.75606490330895e-62	-0.140823096086769	0.27	0.09	3.57081731526011e-57	WDR43	c12
1.16090830939897e-37	-0.140784110604228	0.118	0.034	4.24904050323116e-33	C9orf85	c12
3.70489339996214e-75	-0.140579030911418	0.352	0.118	1.35602803332014e-70	DGKZ	c12
3.36431227410299e-75	-0.140544382978644	0.365	0.123	1.23137193544444e-70	UBE2G2	c12
2.32834251392167e-29	-0.140473693175723	0.8	0.406	8.5219664352047e-25	DAD1	c12
1.20234443075536e-60	-0.140419525410525	0.626	0.262	4.4007008510077e-56	ATRAID	c12
3.70484450105563e-29	-0.140304538970537	0.078	0.021	1.35601013583137e-24	UNKL	c12
9.55292955388047e-51	-0.140251405865311	0.149	0.041	3.49646774601579e-46	HDGF	c12
6.7792729159757e-08	-0.140214500134412	0.015	0.004	0.00248128167997627	NPIPA1	c12
1.6277169679402e-80	-0.140016435191984	0.328	0.103	5.95760687435794e-76	HARS	c12
0.822857253782734	-0.139975046919087	0.986	0.79	1	H3F3A	c12
1.17427130869076e-71	-0.1399262117953	0.234	0.067	4.29795041693903e-67	TMEM205	c12
2.18022534062211e-39	-0.139882906722832	0.133	0.04	7.979842769211e-35	PRKCI	c12
1.95745343450224e-14	-0.139596364290453	0.052	0.017	7.16447531562166e-10	DHX58	c12
0.000172671427476312	0.139561607291951	0.012	0.004	1	ZSWIM3	c12
1.67524480039213e-22	-0.1395348013836	0.052	0.013	6.13156349391524e-18	ZNF598	c12
4.11257435787159e-06	0.139342923818796	0.013	0.003	0.150524334072458	AC090114.2	c12
3.94502113771422e-74	-0.139204147028156	0.296	0.093	1.44391718661478e-69	KAT6B	c12
1.91476895916533e-48	-0.139135369824976	0.186	0.059	7.00824586744101e-44	COMMD10	c12
9.04112082131865e-73	-0.139130534437157	0.37	0.128	3.30914063181084e-68	AAMP	c12
8.3618030210695e-59	-0.139102193339197	0.199	0.059	3.06050352374165e-54	BORCS8	c12
4.26694902473344e-19	-0.139011129920664	0.049	0.013	1.56174601254269e-14	ZNF566	c12
8.78421414173808e-18	-0.138928032113733	0.04	0.01	3.21511021801755e-13	RTL10	c12
1.07952339060931e-21	-0.138881654179484	0.049	0.012	3.95116356196915e-17	PCNX3	c12
8.06647135378816e-48	-0.138800976457124	0.18	0.057	2.95240918020001e-43	PDK3	c12
2.23241872918405e-77	-0.138780755857355	0.331	0.107	8.17087579068654e-73	PUM1	c12
5.51077908924478e-24	-0.138664773927244	0.073	0.022	2.01700025445448e-19	CTSO	c12
3.75549329344953e-14	-0.138505962358565	0.043	0.013	1.37454810033546e-09	ZDHHC2	c12
2.69931254744568e-36	-0.138395319574311	0.162	0.056	9.87975385490593e-32	ENO2	c12
7.66575267715674e-14	-0.13838713793012	0.034	0.009	2.80574213736614e-09	BRPF3	c12
7.28659275380267e-55	-0.138108947445087	0.295	0.107	2.66696581381932e-50	PXN	c12
4.07795018643633e-13	-0.137904559883658	0.039	0.012	1.49257054773756e-08	TLR1	c12
5.20214360220741e-56	-0.137902393619193	0.186	0.055	1.90403657984393e-51	PMS2	c12
1.62326994059481e-52	-0.137853589071894	0.189	0.058	5.94133030957107e-48	CAMK2D	c12
1.40696569267761e-20	-0.137812856121944	0.053	0.014	5.14963513176932e-16	TRMT12	c12
1.8777137114078e-28	-0.137729529091745	0.111	0.037	6.87261995512369e-24	RAB28	c12
3.63704681166844e-51	-0.137710272491855	0.198	0.063	1.33119550353877e-46	MORF4L2	c12
0.880380811362875	-0.137561572201194	0.995	0.858	1	H3F3B	c12
3.80592303039005e-14	-0.137487474496035	0.051	0.017	1.39300588835306e-09	ZNF85	c12
1.34112590854503e-32	-0.13748079548792	0.8	0.4	4.90865493786566e-28	ACAP1	c12
1.3151504993116e-52	-0.137462849597125	0.665	0.291	4.81358234253039e-48	CCT7	c12
3.25440122729456e-76	-0.137402618031702	0.349	0.116	1.19114339320208e-71	NARF	c12
2.04089575658301e-63	-0.137374552347961	0.219	0.065	7.46988255866946e-59	CISD1	c12
4.35118934251359e-46	-0.137196533089667	0.138	0.039	1.5925788112534e-41	HEMK1	c12
9.20345906529065e-58	-0.136881871754994	0.653	0.278	3.36855805248703e-53	AURKAIP1	c12
1.99806382410241e-14	-0.136844080475134	0.037	0.01	7.31311340259721e-10	ZNF329	c12
4.60865590805184e-13	-0.13677584948503	0.876	0.507	1.68681414890605e-08	SLC25A3	c12
2.85485693368262e-26	-0.136688894724808	0.076	0.021	1.04490618629718e-21	SFR1	c12
3.52458630957574e-65	-0.136561310543535	0.262	0.083	1.29003383516782e-60	ADA	c12
2.93752299879391e-09	-0.136544780026821	0.026	0.008	0.000107516279278856	SGMS1-AS1	c12
2.91764265459681e-64	-0.136497068409262	0.272	0.089	1.06788638800898e-59	EBAG9	c12
2.10575909273761e-63	-0.136344962662372	0.246	0.077	7.70728885532891e-59	BRD9	c12
9.74811914850653e-10	-0.13633203642928	0.024	0.007	3.56790908954488e-05	MFSD13A	c12
6.52343732299054e-57	-0.136329085905879	0.215	0.067	2.38764329458777e-52	MRPL44	c12
1.2621420441207e-23	-0.136237357482584	0.069	0.02	4.61956609568616e-19	KLHL42	c12
5.04698819696184e-81	-0.13610561005438	0.281	0.082	1.84724814997e-76	C1orf52	c12
2.53281217997756e-77	-0.136094527635937	0.437	0.155	9.27034585993587e-73	NDUFA10	c12
1.22921121944536e-35	-0.135958398478249	0.088	0.023	4.49903598429196e-31	CLK2	c12
2.82162711792517e-06	-0.135900524147836	0.931	0.587	0.103274374143179	CAPZB	c12
1.47374486891222e-67	-0.135720454456896	0.618	0.252	5.39405359470562e-63	EIF3A	c12
1.90469924404638e-09	-0.135717425222898	0.021	0.006	6.97138970313414e-05	BCL9	c12
5.08476106453896e-71	-0.135710790263656	0.385	0.136	1.8610733972319e-66	BCCIP	c12
1.90765040176423e-31	-0.135673896297232	0.089	0.025	6.98219123549725e-27	GLCCI1	c12
4.36507686007356e-14	-0.135240478442037	0.035	0.01	1.59766178155552e-09	PDSS1	c12
6.68664160776248e-62	-0.135178136810366	0.597	0.246	2.44737769485714e-57	RGS19	c12
2.00508071094928e-67	-0.135094824643359	0.483	0.186	7.33879591014545e-63	PPP1R11	c12
7.3714034201147e-29	-0.135069220701645	0.148	0.055	2.69800736579618e-24	SGSM3	c12
1.20545234316743e-08	-0.134983037236597	0.032	0.011	0.000441207612122712	FAM20B	c12
1.43652866779907e-41	-0.134982668589784	0.118	0.032	5.25783857701138e-37	SIRT3	c12
4.89431015652252e-18	-0.134824039066562	0.044	0.011	1.79136646038881e-13	BMPR1A	c12
1.028648635536e-56	-0.134722742861826	0.267	0.091	3.7649568709253e-52	MTMR14	c12
2.31336782779812e-78	-0.134653849003764	0.543	0.203	8.4671575865239e-74	ISG15	c12
9.45409500769446e-45	-0.134446991112388	0.113	0.029	3.46029331376625e-40	TRIM73	c12
1.52965812630812e-44	-0.134421955782636	0.147	0.044	5.59870170810033e-40	TMEM42	c12
8.22958570807043e-66	-0.134229966191026	0.3	0.101	3.01211066501086e-61	MT1F	c12
9.63823427743044e-82	-0.134152479916533	0.418	0.143	3.52769012788232e-77	HTATSF1	c12
1.08003560908531e-33	-0.134133933952153	0.098	0.028	3.95303833281315e-29	CTSF	c12
2.00885769496078e-42	-0.134122739294796	0.128	0.036	7.35262004932594e-38	EIF3B	c12
2.24798079974803e-72	-0.134022251679087	0.412	0.147	8.22783452515776e-68	PHF1	c12
3.80338673214663e-99	-0.134004876442905	0.482	0.159	1.39207757783299e-94	ZNF292	c12
1.58955007083475e-41	-0.133956191153473	0.145	0.044	5.81791221426227e-37	TLE4	c12
5.37341223885888e-10	-0.13389228192347	0.033	0.011	1.96672261354474e-05	KCTD17	c12
2.80261327357095e-26	-0.133659416004696	0.076	0.021	1.0257844842597e-21	ZNF529	c12
2.87788092108336e-11	-0.133476550346875	0.89	0.528	1.05333319592572e-06	TRIR	c12
1.83136881937481e-75	-0.133388374606036	0.327	0.106	6.70299301579374e-71	CDK4	c12
0.541094369747634	-0.133340937610849	1	0.908	1	ACTG1	c12
1.93499090624725e-07	-0.133151861250351	0.022	0.007	0.00708226021595554	SNHG26	c12
4.09189508253215e-14	-0.133064662767401	0.043	0.013	1.49767451915759e-09	ZNF790	c12
6.00778767162594e-77	-0.133040903044069	0.449	0.161	2.19891036569181e-72	PIH1D1	c12
6.07558576566576e-05	-0.132983082442589	0.013	0.004	1	TIGD5	c12
7.08205834741908e-84	-0.132952876581497	0.278	0.079	2.59210417573886e-79	RUVBL2	c12
0.000489741744173198	-0.132838659296523	0.011	0.004	1	NLRP3	c12
5.87911096270576e-26	-0.13270260982526	0.091	0.029	2.15181340345993e-21	MUL1	c12
3.27413896173652e-74	-0.132588756339852	0.25	0.073	1.19836760138518e-69	IGSF8	c12
7.34926216280997e-28	-0.13258506184648	0.07	0.018	2.68990344421008e-23	IDUA	c12
1.37194352167802e-24	-0.132541034480899	0.059	0.015	5.02145048369373e-20	FAF1	c12
7.02884061474504e-06	0.132352633194412	0.013	0.004	0.257262595340283	AL731569.1	c12
4.41594254775531e-11	-0.131953157691324	0.036	0.012	1.61627913190392e-06	TIMELESS	c12
2.49103847933976e-64	-0.131589764862994	0.346	0.123	9.11744993823144e-60	RPA3	c12
1.62846999126108e-10	-0.131537654708625	0.026	0.007	5.96036301501469e-06	AC005037.1	c12
1.67835529303289e-35	-0.13152652525523	0.124	0.039	6.14294820802966e-31	KDM5C	c12
4.97220561139932e-77	-0.131403252393963	0.528	0.198	1.81987697582826e-72	PPCS	c12
7.88885512966602e-57	-0.131380595679822	0.53	0.22	2.88739986600906e-52	TSC22D4	c12
1.09465020838492e-41	-0.131326899572803	0.146	0.045	4.00652922770966e-37	FBRS	c12
3.15543769254064e-08	-0.131271087625382	0.032	0.012	0.0011549217498468	MAP3K14-AS1	c12
3.79384287270484e-09	-0.131169341855707	0.019	0.005	0.00013885844298387	AC016831.1	c12
6.27384513076474e-63	-0.130751433563444	0.621	0.256	2.2962900563112e-58	NDUFA2	c12
6.78755452859296e-81	-0.130595241876596	0.37	0.122	2.48431283301031e-76	DNAJC2	c12
2.57904424733624e-66	-0.130549162567726	0.317	0.108	9.43955984967539e-62	WIPI2	c12
5.52688250640123e-19	-0.130372446065192	0.08	0.028	2.02289426616791e-14	CERS4	c12
7.38920508815456e-90	-0.130360430933787	0.406	0.132	2.70452295431545e-85	NELFE	c12
2.07776583817983e-34	-0.130333899351206	0.115	0.035	7.60483074432199e-30	KLHDC7B	c12
4.57920591690852e-45	-0.130198506749451	0.669	0.311	1.67603515764769e-40	ARHGEF1	c12
1.6519651110883e-68	-0.130091782361171	0.262	0.081	6.04635750309429e-64	ARSA	c12
1.88549421038642e-24	-0.12992842867857	0.066	0.018	6.90109735943534e-20	ZNF12	c12
3.19528427811509e-64	-0.129783430021167	0.214	0.062	1.1695059986329e-59	MOCS2	c12
6.3476224868266e-74	-0.129698164015874	0.485	0.18	2.3232933064034e-69	NDUFB3	c12
1.62436346526134e-54	-0.129474893385056	0.67	0.291	5.94533271920304e-50	RNPS1	c12
0.137882528479556	-0.129331467562104	1	0.922	1	EIF1	c12
1.44035577433189e-40	-0.1292487596869	0.757	0.356	5.27184616963214e-36	MDH2	c12
2.2321319060908e-79	-0.129213415401303	0.479	0.172	8.16982598948294e-75	GLOD4	c12
6.91172070593989e-19	-0.129180502733194	0.056	0.017	2.52975889558106e-14	ZNF26	c12
1.14179477471571e-28	-0.128745425210955	0.124	0.043	4.17908305493698e-24	RNF139	c12
1.40156510911393e-70	-0.128733669806688	0.594	0.235	5.12986845586791e-66	CNPY3	c12
1.40298156829625e-64	-0.128442015572927	0.259	0.082	5.13505283812112e-60	COA5	c12
2.14041290991795e-85	-0.128347773771212	0.402	0.133	7.83412529159069e-81	COMMD1	c12
4.10375157704382e-28	-0.128291523780595	0.078	0.021	1.50201411471381e-23	HLA-F-AS1	c12
7.55947302508511e-51	-0.128174146410157	0.167	0.049	2.7668427219114e-46	LINC00909	c12
1.47605886824929e-84	-0.128133340116902	0.35	0.11	5.40252306367924e-80	ZNF511	c12
2.64414428356356e-53	-0.128127218293953	0.664	0.291	9.67783249227099e-49	SYF2	c12
3.39001615968248e-57	-0.128003433743421	0.233	0.075	1.24077981460538e-52	GSS	c12
5.47107767148844e-52	-0.127955515264867	0.151	0.042	2.00246913854148e-47	STK24	c12
7.09193749191636e-77	-0.127947119866877	0.27	0.08	2.59572004141631e-72	KDM2A	c12
1.25278172245087e-48	-0.127926753131981	0.147	0.041	4.58530638234243e-44	CCDC159	c12
3.90851346291469e-82	-0.127877182209096	0.386	0.128	1.4305550125614e-77	UBE2J2	c12
7.6532077176271e-62	-0.127805099463366	0.23	0.071	2.80115055672869e-57	DMAC2L	c12
1.53266845573373e-79	-0.127751329261828	0.34	0.109	5.60971981483103e-75	CHMP2B	c12
7.84314588111801e-56	-0.127678473381515	0.176	0.05	2.870669823948e-51	INO80	c12
2.03447420985676e-09	-0.127585843051372	0.023	0.007	7.44637905549674e-05	FAM86C1	c12
4.19369883783633e-75	-0.127402940880486	0.577	0.221	1.53493571163648e-70	HNRNPH3	c12
9.31356160887101e-18	-0.127276263270466	0.054	0.016	3.40885668446288e-13	NFXL1	c12
7.25983254585801e-23	-0.127251610467152	0.086	0.028	2.65717131010949e-18	RNF26	c12
1.70850637563413e-32	-0.127206512888977	0.107	0.032	6.25330418545847e-28	PORCN	c12
1.85715214065084e-64	-0.127163925475092	0.63	0.258	6.79736254999615e-60	TMEM230	c12
1.93000247973775e-71	-0.12688367467042	0.286	0.09	7.06400207608816e-67	PHKG2	c12
1.31943361026872e-63	-0.126882320538789	0.246	0.077	4.82925895694453e-59	XPO4	c12
3.60019562278636e-06	-0.126783898046032	0.018	0.006	0.131770759989604	HSPA1L	c12
1.09353751696638e-27	-0.126780311911419	0.087	0.026	4.00245666584866e-23	SLC37A3	c12
2.36096494961796e-58	-0.126692994487932	0.676	0.287	8.6413678120967e-54	SRSF3	c12
3.7573999763472e-08	-0.126665840721928	0.026	0.008	0.00137524596534284	FAM135A	c12
5.58338079114952e-78	-0.126604409774444	0.404	0.139	2.04357320336864e-73	NUBP2	c12
0.173735909296801	-0.126504892918544	0.967	0.706	1	SRP14	c12
1.23146563181079e-26	-0.126418427130273	0.081	0.024	4.50728735899066e-22	RBM12	c12
1.09988685220812e-39	-0.126358391754635	0.129	0.038	4.02569586776695e-35	ANO9	c12
6.34446815608634e-68	-0.126172890032297	0.223	0.065	2.32213878980916e-63	MED1	c12
7.52178328231043e-32	-0.126142801198155	0.081	0.021	2.75304789915844e-27	VNN2	c12
9.82632283546996e-59	-0.126047998477485	0.424	0.167	3.59653242101036e-54	METAP2	c12
5.66928796224214e-56	-0.125922677043715	0.473	0.195	2.07501608706024e-51	EIF4H	c12
4.5713341500776e-05	-0.125901588448075	0.015	0.005	1	CDKL5	c12
1.28696341502192e-09	-0.125874857139946	0.017	0.004	4.71041479532173e-05	AC073195.1	c12
1.73052278634484e-82	-0.125790730691393	0.356	0.114	6.33388645030076e-78	COA4	c12
9.73404980369579e-54	-0.125733198254632	0.687	0.302	3.5627595686507e-49	OTUB1	c12
5.53066551696322e-13	-0.125584350409322	0.03	0.008	2.02427888586371e-08	KCTD2	c12
0.458165175867779	-0.125370476924835	0.986	0.772	1	RAC2	c12
4.52872763542041e-44	-0.125188247903084	0.131	0.037	1.65755960184022e-39	RITA1	c12
4.12020327942034e-68	-0.124988101465967	0.25	0.076	1.50803560230064e-63	NPAT	c12
2.21921813555516e-33	-0.124556623186352	0.139	0.047	8.12256029794545e-29	PMAIP1	c12
8.679760861348e-37	-0.12454152891571	0.133	0.042	3.17687927286198e-32	TMEM128	c12
3.3614532241326e-45	-0.124517004553858	0.152	0.046	1.23032549456477e-40	C2orf68	c12
2.381749648767e-51	-0.124334754324982	0.212	0.069	8.7174418894521e-47	SMPD1	c12
2.63361805003254e-45	-0.124327106647324	0.701	0.324	9.63930542492409e-41	DPP7	c12
2.711043540282e-09	-0.124277734990963	0.018	0.004	9.92269046178616e-05	NRBP2	c12
3.2783267396274e-67	-0.124152928386921	0.249	0.076	1.19990036997102e-62	FAM192A	c12
1.74501112003196e-69	-0.124010578539528	0.48	0.183	6.38691520042897e-65	TRABD	c12
0.000317864889221484	0.123861418934734	0.014	0.005	1	RPGRIP1L	c12
3.35137117511705e-80	-0.123836928076891	0.487	0.177	1.22663536380459e-75	CLDND1	c12
0.19330690750693	-0.123786461769689	0.974	0.728	1	PSME1	c12
1.03551231890989e-20	-0.123487983642703	0.048	0.012	3.79007863844208e-16	CENPJ	c12
6.1134488076513e-20	-0.12328694282981	0.043	0.01	2.23758339808845e-15	AC019163.1	c12
3.51075936811988e-74	-0.123252707713221	0.47	0.173	1.28497303632556e-69	GRSF1	c12
0.00148831181539392	0.123230608762487	0.011	0.004	1	LINC02614	c12
6.46621703897849e-52	-0.123228354731011	0.197	0.062	2.36670009843652e-47	ZEB1	c12
1.41524795062043e-21	-0.123121523085453	0.061	0.017	5.17994902406585e-17	LINC00957	c12
5.26589686931243e-43	-0.123107197275026	0.098	0.024	1.92737091313704e-38	ICK	c12
8.17806301405623e-14	-0.123057415836589	0.039	0.012	2.99325284377472e-09	ZNF550	c12
2.51078343960179e-53	-0.122903189096805	0.221	0.072	9.18971846728651e-49	BZW2	c12
4.78537061289384e-67	-0.12283552766918	0.228	0.067	1.75149349802527e-62	ANKRD17	c12
2.68314550042145e-60	-0.122493651256836	0.259	0.085	9.82058084609253e-56	C1orf131	c12
9.81920246856789e-78	-0.122377329251752	0.612	0.237	3.59392629552053e-73	RSF1	c12
6.33876363073908e-44	-0.122367969211794	0.179	0.059	2.32005087648681e-39	SNX15	c12
9.40207324466706e-75	-0.122340225696533	0.243	0.069	3.44125282828059e-70	KLF12	c12
1.42452708646859e-08	-0.122332528435289	0.02	0.006	0.000521391158918368	AC244213.1	c12
3.72591661861031e-60	-0.122200412077156	0.214	0.065	1.36372274157756e-55	ZNF276	c12
3.22254352517795e-40	-0.122149802825656	0.112	0.03	1.17948315565038e-35	PDSS2	c12
7.41873716200249e-07	-0.122138783283692	0.01	0.002	0.0271533198866453	SMC5-AS1	c12
1.05121548304191e-52	-0.1220825356737	0.168	0.049	3.8475537894817e-48	GPANK1	c12
9.01052421193207e-24	-0.121862310400768	0.099	0.034	3.29794196680926e-19	APEX2	c12
6.35495697831295e-36	-0.1216964725145	0.107	0.031	2.32597780363232e-31	DAPP1	c12
1.60428852026733e-18	-0.121574560197413	0.057	0.017	5.87185641303046e-14	ZNF383	c12
2.23077189970173e-85	-0.121479281832844	0.367	0.117	8.1648482300983e-81	MRPL55	c12
1.79734660162837e-39	-0.121467103565601	0.78	0.37	6.57846829661998e-35	JTB	c12
5.41581789919928e-74	-0.12133795305795	0.395	0.138	1.98224350928593e-69	CDK5RAP3	c12
1.25996343477816e-25	-0.121178840761386	0.059	0.014	4.61159216763153e-21	LINC01137	c12
8.62832033328108e-37	-0.121093629056332	0.088	0.022	3.15805152518421e-32	CRTC1	c12
1.54115384664466e-45	-0.121089905622584	0.168	0.053	5.64077719410411e-41	GTF2H1	c12
3.49322666863048e-27	-0.121042809502104	0.072	0.02	1.27855589298544e-22	CXorf56	c12
3.43134354468034e-67	-0.120853588602553	0.517	0.203	1.25590605078845e-62	ARHGAP9	c12
2.99682482820062e-24	-0.120803580278845	0.057	0.015	1.09686785536971e-19	AKAP1	c12
1.03634613130657e-39	-0.12062632648979	0.129	0.038	3.79313047519516e-35	GMPPB	c12
8.0219379165264e-87	-0.120474496121493	0.331	0.1	2.93610949682783e-82	MITD1	c12
7.91255778503471e-18	-0.120447662087808	0.07	0.024	2.89607527490055e-13	THOP1	c12
1.27879134056446e-76	-0.12036961265562	0.427	0.151	4.68050418559997e-72	INTS11	c12
2.77511731156169e-63	-0.120023441802306	0.682	0.284	1.0157206872047e-58	MED10	c12
5.58641441352345e-19	-0.120006230280414	0.068	0.022	2.04468353949372e-14	ASB7	c12
1.57058478605952e-82	-0.119592988353357	0.397	0.132	5.74849737545644e-78	STX8	c12
2.56956779699218e-24	-0.119556046846951	0.081	0.025	9.40487509377107e-20	TMEM38B	c12
1.57687079655211e-80	-0.119518192917439	0.317	0.099	5.77150480246037e-76	RASGRP1	c12
2.91941854424658e-20	-0.119471318980073	0.063	0.019	1.06853638137969e-15	CAPN15	c12
4.76332600256971e-48	-0.118815509996128	0.169	0.052	1.74342495020054e-43	MRPL1	c12
1.49462605043836e-31	-0.118418283021055	0.11	0.034	5.47048080720943e-27	MTIF2	c12
4.17871677436259e-85	-0.118393991832594	0.478	0.167	1.52945212658445e-80	NDUFS3	c12
1.06713183787166e-37	-0.118322211570359	0.103	0.028	3.90580923979406e-33	HERC6	c12
6.88087423043708e-86	-0.118163376988756	0.383	0.124	2.51846877708228e-81	MRPL18	c12
3.97972819009755e-69	-0.118050813988525	0.309	0.102	1.4566203148576e-64	CAMTA1	c12
3.14713726954507e-79	-0.11795036147823	0.517	0.191	1.15188371202619e-74	FAM174C	c12
1.46295375782538e-10	-0.117871594953897	0.032	0.01	5.35455704901667e-06	AC092329.4	c12
1.07383612486007e-72	-0.117778260307082	0.395	0.139	3.93034760060036e-68	DPM3	c12
3.79065733954053e-30	-0.117759649460309	0.12	0.04	1.38741849284523e-25	PACSIN2	c12
1.04884686548046e-50	-0.117556718861531	0.193	0.061	3.83888441234504e-46	PES1	c12
1.71288611676791e-83	-0.11745601799159	0.376	0.123	6.26933447598223e-79	PITPNC1	c12
2.30204118459395e-65	-0.117447730588012	0.646	0.268	8.42570093973233e-61	ACAP2	c12
8.30034804336884e-85	-0.11737723075221	0.351	0.111	3.03801038735343e-80	C19orf25	c12
3.83086697862943e-07	-0.117268290516494	0.019	0.006	0.0140213562284816	OLMALINC	c12
2.83510941610898e-24	-0.117134239110312	0.066	0.018	1.03767839739005e-19	RIC8B	c12
3.26992166683988e-66	-0.117040619586724	0.25	0.077	1.19682402928007e-61	NUP42	c12
1.72081372235625e-75	-0.116660289088731	0.439	0.157	6.29835030519612e-71	METTL5	c12
3.22387650791778e-49	-0.116604835870982	0.194	0.062	1.17997104066299e-44	COX11	c12
4.34399429722539e-81	-0.116579877949762	0.462	0.163	1.58994535272747e-76	BCAS2	c12
3.17942077752271e-81	-0.116512584168607	0.38	0.126	1.16369979878109e-76	UBTF	c12
9.79139827234719e-81	-0.116497867223107	0.287	0.085	3.58374968166179e-76	C1orf35	c12
4.89120568527324e-70	-0.116496334338607	0.204	0.055	1.79023019286686e-65	GAR1	c12
7.01506788436537e-30	-0.116474240694874	0.088	0.025	2.56758499635657e-25	TRMT61A	c12
5.66730884755715e-50	-0.116251291222563	0.73	0.329	2.07429171129439e-45	POLD4	c12
6.99979851538825e-35	-0.116234102128469	0.115	0.035	2.56199625461725e-30	SLC25A13	c12
2.94476328557377e-79	-0.116233448607948	0.466	0.167	1.07781281015286e-74	FAM204A	c12
1.32841619278187e-07	-0.116217044338496	0.02	0.006	0.00486213610720091	TIGD2	c12
3.16944281532595e-73	-0.116139049106561	0.214	0.058	1.16004776483745e-68	DTNBP1	c12
9.0321067559779e-38	-0.115946027705113	0.076	0.017	3.30584139375547e-33	PHF7	c12
4.07628948070355e-12	-0.115911647122997	0.924	0.569	1.49196271283231e-07	PLAAT4	c12
2.14448737675671e-06	-0.115871156684412	0.011	0.002	0.0784903824766725	PDXP	c12
2.41533112967591e-56	-0.115736330922389	0.179	0.051	8.84035346772679e-52	NSMCE2	c12
1.36468575818049e-80	-0.115492699112087	0.39	0.131	4.99488634351642e-76	RNASEH2C	c12
7.85809833528199e-74	-0.115409467033732	0.273	0.083	2.87614257169656e-69	MPHOSPH10	c12
7.2732354473533e-67	-0.115331075859965	0.569	0.229	2.66207690608578e-62	AAK1	c12
5.90546307296204e-39	-0.115098057390805	0.135	0.041	2.16145853933484e-34	MBIP	c12
4.80825601066552e-68	-0.114892948011456	0.615	0.248	1.75986978246369e-63	MRPL57	c12
8.50670876348854e-71	-0.11474565894999	0.29	0.093	3.11354047452444e-66	RING1	c12
3.93845924109673e-07	-0.114653968911746	0.018	0.005	0.0144151546683381	PPARGC1B	c12
6.9435270032471e-57	-0.114485656268926	0.183	0.053	2.54140031845847e-52	TSPAN32	c12
3.47174916645095e-06	0.114404900685591	0.011	0.003	0.127069491241271	IFT81	c12
9.98443826432487e-75	-0.114359071560471	0.544	0.208	3.65440424912554e-70	PHF11	c12
1.55673948129461e-21	-0.114348364627746	0.862	0.464	5.69782217548641e-17	SPCS1	c12
6.7509254228039e-64	-0.114236010233723	0.288	0.096	2.47090621400046e-59	ZNF394	c12
2.18397688750301e-47	-0.114224873367406	0.179	0.056	7.99357380594978e-43	ALG13	c12
2.56700621379375e-20	-0.114084402088497	0.039	0.009	9.39549944310651e-16	COQ3	c12
1.02720168743143e-14	-0.113992238157956	0.037	0.01	3.75966089616778e-10	FAM221A	c12
1.41440620182469e-20	-0.113951303223796	0.049	0.013	5.17686813929854e-16	C21orf62-AS1	c12
4.18567160477572e-77	-0.113917464604994	0.315	0.1	1.53199766406396e-72	NXT1	c12
9.48919439215165e-30	-0.113911001954781	0.822	0.42	3.47314003947143e-25	SERBP1	c12
7.6894592378839e-55	-0.113866431069904	0.16	0.044	2.81441897565789e-50	TMEM161B-AS1	c12
2.98886215653427e-51	-0.113816803769214	0.203	0.066	1.09395343791311e-46	TTC37	c12
3.17116493433638e-29	-0.113808453080953	0.072	0.019	1.16067807761646e-24	DNAJC16	c12
2.86431414893714e-76	-0.113663088049445	0.487	0.179	1.04836762165248e-71	LSM3	c12
3.86498542600209e-26	-0.113519444143651	0.077	0.022	1.41462331577102e-21	C2orf76	c12
4.56967939517363e-09	-0.113333765471764	0.023	0.007	0.00016725483554275	AC010247.1	c12
1.3962424391105e-19	-0.113207926263004	0.059	0.017	5.11038695138833e-15	SLC25A33	c12
3.65032027462827e-29	-0.11309992177329	0.086	0.025	1.33605372371669e-24	GNPNAT1	c12
1.9514561664705e-42	-0.11308299213374	0.149	0.046	7.14252471489869e-38	GIMAP8	c12
4.00217700209787e-27	-0.112888476092366	0.061	0.015	1.46483680453784e-22	GIT1	c12
7.30212664338357e-72	-0.112864552653612	0.367	0.127	2.67265137274482e-67	SUPT5H	c12
1.50936416426677e-14	-0.112807143333408	0.032	0.008	5.52442377763281e-10	AC092279.1	c12
6.69731065480181e-07	-0.112739095896303	0.012	0.003	0.0245128267276401	ZNF888	c12
2.3349120726292e-52	-0.112318827903423	0.171	0.05	8.54601167703014e-48	C16orf87	c12
1.76631888176829e-24	-0.112257860446148	0.055	0.014	6.46490373916012e-20	Z99127.4	c12
3.87260154444285e-28	-0.112251154284238	0.821	0.422	1.41741089128153e-23	TRAPPC1	c12
2.8896118286345e-103	-0.112200674526177	0.412	0.125	1.05762682539851e-98	RNF216	c12
3.18257473833786e-58	-0.112156169574867	0.224	0.071	1.16485417997904e-53	UCKL1	c12
6.04748768064985e-32	-0.112070575453175	0.082	0.021	2.21344096599465e-27	MAIP1	c12
2.31570940160948e-71	-0.112069914108721	0.256	0.077	8.47572798083086e-67	VPS25	c12
5.38402274819856e-15	-0.111906452635282	0.043	0.012	1.97060616606816e-10	BICRA	c12
3.12218329417214e-13	-0.111865058857657	0.028	0.007	1.14275030749994e-08	FBXL22	c12
3.20838950152118e-28	-0.111626871438808	0.088	0.026	1.17430264145177e-23	HVCN1	c12
5.1440937403467e-71	-0.111626097550391	0.399	0.143	1.8827897499043e-66	HSF1	c12
4.53130047489387e-80	-0.111556810346424	0.316	0.098	1.6585012868159e-75	UROD	c12
2.65267183898857e-59	-0.11104887955412	0.196	0.057	9.70904419788207e-55	FBXO44	c12
8.93242295659068e-67	-0.110861409348527	0.653	0.266	3.26935612634175e-62	CHCHD10	c12
2.36918734426394e-11	-0.110773992931392	0.04	0.014	8.67146259874043e-07	NCKIPSD	c12
3.80649303197426e-30	-0.1105082360061	0.071	0.018	1.3932145146329e-25	C5orf63	c12
1.83913447714364e-65	-0.11041648480675	0.203	0.057	6.73141609979344e-61	NIPAL3	c12
1.33443555997778e-06	-0.110415156074792	0.014	0.004	0.0488416759307466	KCTD21-AS1	c12
2.54537747909571e-75	-0.11013982573873	0.559	0.214	9.31633611123821e-71	RBCK1	c12
2.17881995218935e-11	-0.110088210288176	0.026	0.007	7.97469890700826e-07	ZNF514	c12
3.90090018989831e-73	-0.110016773639836	0.336	0.112	1.42776847850468e-68	UBASH3A	c12
2.54860295464845e-65	-0.110010747331212	0.634	0.259	9.32814167430878e-61	DCTN3	c12
2.50776391422666e-06	-0.109982888798567	0.015	0.004	0.09178666702461	ZNF530	c12
4.50216865531447e-60	-0.109945989492907	0.239	0.076	1.64783874953165e-55	RPF1	c12
3.615442938603e-66	-0.109913159769203	0.223	0.066	1.32328826995809e-61	HOTAIRM1	c12
2.33966383388349e-46	-0.109889105106942	0.144	0.041	8.56340359839697e-42	FAM118A	c12
8.50313366781988e-08	-0.109882375892145	0.014	0.003	0.00311223195375875	ITIH4	c12
1.30641182919405e-28	-0.109780977201269	0.067	0.017	4.78159793603316e-24	CLN8	c12
2.33231129675038e-64	-0.109720399100082	0.245	0.076	8.53649257723608e-60	MPPE1	c12
6.13644762085415e-06	-0.109713644035929	0.933	0.591	0.224600119370883	UQCR11	c12
5.34623155791787e-41	-0.109681968678496	0.105	0.027	1.95677421251352e-36	RUFY2	c12
1.99523060796216e-46	-0.109652554566466	0.71	0.326	7.30274354820229e-42	RAP1A	c12
2.31502721679839e-81	-0.109590055172547	0.499	0.18	8.47323111620379e-77	GSDMD	c12
4.81053092949125e-75	-0.109560909352647	0.368	0.125	1.76070242550309e-70	GORASP2	c12
1.99654204672127e-13	-0.109533809419641	0.041	0.013	7.30754354520451e-09	CACTIN	c12
1.23929907066343e-38	-0.109342443467442	0.112	0.031	4.53595852853522e-34	PPFIA1	c12
2.80884354320714e-13	-0.109213786622135	0.053	0.019	1.02806482524925e-08	CD99L2	c12
8.74554605084447e-38	-0.108952452314006	0.122	0.036	3.20095731006958e-33	SLC25A25	c12
3.31274311315464e-29	-0.10878675489442	0.091	0.027	1.21249710684573e-24	D2HGDH	c12
1.49065815340734e-71	-0.108749107280863	0.301	0.097	5.45595790728621e-67	ELOF1	c12
1.35521799970857e-64	-0.108653917436649	0.229	0.069	4.96023340073332e-60	ZNF721	c12
2.15732474286306e-06	-0.108521297902843	0.011	0.002	0.0789602429135309	LINC01771	c12
9.05701341383644e-11	-0.108478335986344	0.036	0.012	3.31495747959827e-06	UBXN10-AS1	c12
2.45440873169269e-88	-0.108039523886969	0.451	0.153	8.98338139886843e-84	NCF1	c12
8.22100504609888e-55	-0.107884873866039	0.165	0.046	3.00897005692265e-50	PPIL3	c12
5.70627594001557e-52	-0.107543857622102	0.162	0.046	2.0885540568051e-47	CCDC71	c12
5.60626216008586e-75	-0.107469800050955	0.487	0.18	2.05194801321303e-70	SS18L2	c12
8.53795302417418e-68	-0.107228294580309	0.624	0.253	3.12497618637799e-63	M6PR	c12
1.25349062521501e-38	-0.107192409313816	0.104	0.028	4.58790103734946e-34	ZNF692	c12
5.1325699660161e-11	-0.107189535941863	0.035	0.011	1.87857193326155e-06	ARMC5	c12
1.19662933119535e-36	-0.107091752055511	0.105	0.029	4.3797830151081e-32	EGLN1	c12
7.90959583316425e-66	-0.106843094116791	0.673	0.279	2.89499117089645e-61	HMGN3	c12
1.4518537469189e-44	-0.106760774626323	0.171	0.055	5.31392989909786e-40	SCAPER	c12
3.80368460701051e-90	-0.106397525229241	0.4	0.129	1.39218660301192e-85	PHYKPL	c12
1.92846821672614e-20	-0.106363222529532	0.045	0.011	7.05838652003933e-16	ZNF446	c12
1.3453364885712e-33	-0.106350918268176	0.089	0.024	4.92406608181944e-29	CCDC92	c12
2.27114170703998e-30	-0.105408766418672	0.817	0.413	8.31260576193704e-26	PSMB1	c12
3.37776824081147e-32	-0.10538429278224	0.117	0.037	1.23629695381941e-27	COQ6	c12
7.50552329287769e-58	-0.105362082477229	0.226	0.072	2.74709658042616e-53	DNAJB12	c12
2.35792033772513e-40	-0.105343902164485	0.131	0.039	8.63022422810773e-36	RASSF3	c12
1.95043566622342e-52	-0.105203206717729	0.181	0.054	7.13878958194435e-48	TMEM154	c12
4.24280912545754e-83	-0.105115826048416	0.483	0.171	1.55291056800871e-78	MRPS7	c12
1.83902263988979e-09	-0.105093979745522	0.034	0.012	6.73100676426062e-05	STK11IP	c12
6.6186838014949e-79	-0.105065280631278	0.355	0.117	2.42250445818515e-74	LCMT1	c12
2.29793368039763e-66	-0.105034464014136	0.657	0.27	8.41066706362338e-62	ZNF706	c12
1.13531217823901e-18	-0.10502308052574	0.047	0.012	4.15535610357259e-14	PCGF3	c12
6.78677738477847e-07	-0.104956305223486	0.023	0.008	0.0248402839060277	HIST1H2BF	c12
7.47145165141105e-57	-0.104946682346083	0.224	0.072	2.73462601893296e-52	CHID1	c12
5.56197578057733e-65	-0.104666861615299	0.672	0.277	2.03573875544911e-60	MICOS13	c12
1.90254092353672e-78	-0.104590685517493	0.447	0.159	6.96349003423676e-74	NASP	c12
4.44362195596768e-23	-0.104577581328785	0.084	0.027	1.62641007210373e-18	TJAP1	c12
4.02628364900515e-28	-0.10453128029342	0.061	0.014	1.47366007837238e-23	ABL2	c12
1.47732013075201e-67	-0.104406041231837	0.297	0.098	5.40713941056542e-63	GMPS	c12
9.89992267921911e-49	-0.104304191746739	0.747	0.338	3.62347069982099e-44	ERH	c12
9.88123633973794e-27	-0.10429703079257	0.064	0.016	3.61663131270748e-22	GALE	c12
3.95287546354106e-13	-0.104207851957097	0.032	0.009	1.44679194841066e-08	APTR	c12
1.73891983492414e-44	-0.103920167396749	0.126	0.034	6.36462048780585e-40	THAP12	c12
3.25154581107259e-68	-0.103764569540829	0.605	0.244	1.19009828231068e-63	CDC42SE2	c12
6.1546959731333e-10	-0.103744450511632	0.016	0.003	2.25268027312652e-05	AC005070.3	c12
8.9341646599548e-63	-0.103709039128177	0.61	0.251	3.26999360719006e-58	SF3B6	c12
4.27349370706865e-08	-0.103441537684893	0.015	0.004	0.0015641414317242	METTL7A	c12
2.81217543945117e-87	-0.103426918744035	0.347	0.107	1.02928433259352e-82	MTFP1	c12
4.63506755067832e-79	-0.103348436559776	0.436	0.154	1.69648107422377e-74	METTL23	c12
4.99491857150833e-05	-0.103226266901871	0.01	0.003	1	NEDD4L	c12
3.27093420084958e-37	-0.103180496335792	0.11	0.031	1.19719462685296e-32	POLR2M	c12
5.90121892405282e-45	-0.102999479364638	0.107	0.027	2.15990513839257e-40	EXD3	c12
1.03884928273754e-81	-0.102959684928751	0.316	0.097	3.80229225974767e-77	UBN1	c12
2.45056399077766e-07	-0.102899268889634	0.94	0.608	0.0089693092626453	SSR4	c12
3.06107368795583e-29	-0.102841928660339	0.084	0.024	1.12038358052871e-24	TRIM34	c12
1.39226108995697e-12	-0.10281237906667	0.051	0.018	5.09581481535149e-08	PRXL2B	c12
8.55800441665685e-07	-0.102468210711192	0.017	0.005	0.0313231519654057	SPATA6	c12
5.09476902203812e-72	-0.102403906866983	0.334	0.112	1.86473640975617e-67	NUDT1	c12
9.9680325591745e-58	-0.102256761778562	0.209	0.064	3.64839959698346e-53	CINP	c12
6.68982765450074e-80	-0.102022740290594	0.435	0.152	2.44854381982382e-75	PPP6C	c12
2.63349674522644e-49	-0.10200980113422	0.16	0.047	9.63886143720328e-45	BLOC1S5	c12
3.75567615053609e-86	-0.101869817590474	0.403	0.133	1.37461502785771e-81	SP140L	c12
1.14342704974078e-73	-0.101814404477672	0.554	0.214	4.18505734475622e-69	PHB	c12
5.67236878419686e-05	0.101805791144365	0.012	0.003	1	GAREM2	c12
5.49700613434542e-51	-0.101751088229318	0.177	0.053	2.01195921523177e-46	DPH7	c12
3.15335044196675e-20	-0.101696768794891	0.043	0.01	1.15415779526425e-15	AC090825.1	c12
6.65073549127762e-79	-0.101535830730202	0.414	0.143	2.43423569716252e-74	MRPL33	c12
1.17974097762704e-11	-0.101423020694292	0.019	0.004	4.31796995221274e-07	HIST1H2BG	c12
1.51220249576315e-53	-0.101405566535815	0.184	0.055	5.53481235474272e-49	PLPP5	c12
3.47879612538126e-21	-0.101246760833511	0.051	0.013	1.27327416985079e-16	NDUFA6-DT	c12
0.000168024050221558	-0.101177820917978	0.011	0.003	1	MAML3	c12
1.54257461713972e-81	-0.10103836584067	0.355	0.115	5.64597735619309e-77	MRPS30	c12
1.30719172146329e-56	-0.101020293433189	0.302	0.109	4.78445241972777e-52	VBP1	c12
9.50109477395719e-42	-0.100913951578202	0.129	0.037	3.47749569821607e-37	LACTB2	c12
3.8761608950967e-19	-0.100893610230069	0.051	0.014	1.41871364921434e-14	PRAG1	c12
3.74285603349527e-78	-0.100685824617694	0.45	0.16	1.3699227368196e-73	MTLN	c12
6.15203955799047e-07	-0.100523663707157	0.014	0.004	0.0225170799862009	AC096677.1	c12
2.99699375940069e-72	-0.100366129869829	0.23	0.065	1.09692968587825e-67	CDK10	c12
5.45221326511702e-72	-0.100341860972213	0.588	0.232	1.99556457716548e-67	CYFIP2	c12
3.16058226225792e-48	-0.100319076880083	0.16	0.047	1.15680471380902e-43	BOP1	c12
2.1193882904537e-79	-0.100290281299161	0.287	0.086	7.75717308188957e-75	MDM4	c12
4.78886389159962e-65	-0.100266447271726	0.185	0.05	1.75277207296438e-60	TMEM80	c12
5.71740323892089e-50	-0.100197097260764	0.168	0.05	2.09262675947743e-45	VCPKMT	c12
2.6269946434795e-30	-0.100053201917399	0.123	0.042	9.61506309459933e-26	ARMC6	c12
